time,height,base_link_height,p,p_0,delta_p,v,v_ref,v_error,pitch,pitch_rate,theta_eq,theta_ref,theta_error,theta_dot_ref,theta_dot_error,v_p,v_i,v_d,theta_p,theta_d,rate_p,rate_d,u_raw,u_rate_limited,u_clamped,tau_left,tau_right,is_saturated,is_rate_limited,control_enabled,force_active,force_value,kp_v,ki_v,kd_v,kp_theta,kd_theta,kp_rate,kd_rate,k_x
0.012000,0.300000,0.440000,-0.000000,-0.000000,0.000000,0.000000,0.000000,-0.000000,-0.000000,-0.000000,0.076757,0.076757,0.076757,0.345404,0.345404,-0.000000,-0.000000,-0.000000,0.345404,0.000000,8.289704,1.151348,9.441052,9.441052,9.441052,4.720526,4.720526,0,0,1,0,0.000000,0.090000,0.012000,0.001000,4.500000,0.080000,24.000000,0.030000,0.000000
0.021000,0.300000,0.440000,0.000000,-0.000000,0.000000,0.000000,0.000000,-0.000000,-0.000000,-0.000000,0.076757,0.076757,0.076757,0.345404,0.345404,-0.000000,-0.000000,0.000000,0.345404,0.000000,8.289704,0.000000,8.289704,8.289704,8.289704,4.144852,4.144852,0,0,1,0,0.000000,0.090000,0.012000,0.001000,4.500000,0.080000,24.000000,0.030000,0.000000
0.026000,0.300000,0.440000,0.000000,-0.000000,0.000000,0.000000,0.000000,-0.000000,-0.000000,-0.000000,0.076757,0.076757,0.076757,0.345404,0.345404,-0.000000,-0.000000,0.000000,0.345404,0.000000,8.289704,0.000000,8.289704,8.289704,8.289704,4.144852,4.144852,0,0,1,0,0.000000,0.090000,0.012000,0.001000,4.500000,0.080000,24.000000,0.030000,0.000000
0.035000,0.300000,0.440000,0.000000,-0.000000,0.000000,0.000000,0.000000,-0.000000,-0.000000,-0.000000,0.076757,0.076757,0.076757,0.345404,0.345404,-0.000000,-0.000000,0.000000,0.345404,0.000000,8.289704,0.000000,8.289704,8.289704,8.289704,4.144852,4.144852,0,0,1,0,0.000000,0.090000,0.012000,0.001000,4.500000,0.080000,24.000000,0.030000,0.000000
0.040000,0.300000,0.440000,0.000000,-0.000000,0.000000,-0.000000,0.000000,0.000000,-0.000000,-0.000000,0.076757,0.076757,0.076757,0.345404,0.345404,0.000000,0.000000,0.000000,0.345404,0.000000,8.289704,0.000000,8.289704,8.289704,8.289704,4.144852,4.144852,0,0,1,0,0.000000,0.090000,0.012000,0.001000,4.500000,0.080000,24.000000,0.030000,0.000000
0.049000,0.300000,0.440000,0.000000,-0.000000,0.000000,-0.000000,0.000000,0.000000,0.000642,-0.011560,0.076757,0.076757,0.076114,0.343440,0.355000,0.000000,0.000000,-0.000000,0.342515,0.000925,8.520005,0.031986,8.551991,8.551991,8.551991,4.275995,4.275995,0,0,1,0,0.000000,0.090000,0.012000,0.001000,4.500000,0.080000,24.000000,0.030000,0.000000
0.054000,0.300000,0.440000,0.000019,-0.000000,0.000019,0.000321,0.000000,-0.000321,-0.000095,-0.026651,0.076757,0.076743,0.076838,0.347901,0.374552,-0.000029,-0.000000,-0.000064,0.345769,0.002132,8.989259,0.117314,9.106573,9.106573,9.106573,4.553286,4.553286,0,0,1,0,0.000000,0.090000,0.012000,0.001000,4.500000,0.080000,24.000000,0.030000,0.000000
0.059000,0.300000,0.440000,-0.000193,-0.000000,-0.000193,-0.003425,0.000000,0.003425,-0.000095,-0.026651,0.076757,0.076903,0.076998,0.348625,0.375276,0.000308,0.000000,0.000749,0.346492,0.002132,9.006620,0.004340,9.010960,9.010960,9.010960,4.505480,4.505480,0,0,1,0,0.000000,0.090000,0.012000,0.001000,4.500000,0.080000,24.000000,0.030000,0.000000
0.068000,0.300000,0.440000,-0.001698,-0.000000,-0.001698,-0.022652,0.000000,0.022652,0.000916,0.027715,0.076757,0.077508,0.076592,0.342446,0.314731,0.002039,0.000003,0.002136,0.344663,-0.002217,7.553549,-0.201815,7.351734,7.351734,7.351734,3.675867,3.675867,0,0,1,0,0.000000,0.090000,0.012000,0.001000,4.500000,0.080000,24.000000,0.030000,0.000000
0.073000,0.300000,0.440000,-0.003407,-0.000000,-0.003407,-0.041654,0.000000,0.041654,0.010572,0.117757,0.076757,0.078528,0.067957,0.296385,0.178627,0.003749,0.000005,0.003800,0.305805,-0.009421,4.287055,-0.816624,3.470431,3.470431,3.470431,1.735215,1.735215,0,0,1,0,0.000000,0.090000,0.012000,0.001000,4.500000,0.080000,24.000000,0.030000,0.000000
0.078000,0.300000,0.440000,-0.005866,-0.000000,-0.005866,-0.066588,0.000000,0.066588,0.010572,0.117757,0.076757,0.079911,0.069339,0.302606,0.184849,0.005993,0.000009,0.004987,0.312027,-0.009421,4.436370,0.037329,4.473698,4.473698,4.473698,2.236849,2.236849,0,0,1,0,0.000000,0.090000,0.012000,0.001000,4.500000,0.080000,24.000000,0.030000,0.000000
0.087000,0.300000,0.440000,-0.011791,-0.000000,-0.011791,-0.120354,0.000000,0.120354,0.015610,0.193978,0.076757,0.081962,0.066352,0.283066,0.089089,0.010832,0.000022,0.005974,0.298585,-0.015518,2.138127,-0.319200,1.818927,1.818927,1.818927,0.909463,0.909463,0,0,1,0,0.000000,0.090000,0.012000,0.001000,4.500000,0.080000,24.000000,0.030000,0.000000
0.092000,0.300000,0.440000,-0.015222,-0.000000,-0.015222,-0.150002,0.000000,0.150002,0.020762,0.256370,0.076757,0.084100,0.063338,0.264512,0.008142,0.013500,0.000031,0.005930,0.285021,-0.020510,0.195399,-0.485682,-0.290283,-0.290283,-0.290283,-0.145141,-0.145141,0,0,1,0,0.000000,0.090000,0.012000,0.001000,4.500000,0.080000,24.000000,0.030000,0.000000
0.097000,0.300000,0.440000,-0.018744,-0.000000,-0.018744,-0.177613,0.000000,0.177613,0.020762,0.256370,0.076757,0.086231,0.065469,0.274100,0.017730,0.015985,0.000042,0.005522,0.294610,-0.020510,0.425526,0.057532,0.483058,0.483058,0.483058,0.241529,0.241529,0,0,1,0,0.000000,0.090000,0.012000,0.001000,4.500000,0.080000,24.000000,0.030000,0.000000
0.102000,0.300000,0.440000,-0.022048,-0.000000,-0.022048,-0.200592,0.000000,0.200592,0.025727,0.298627,0.076757,0.088215,0.062488,0.257306,-0.041321,0.018053,0.000054,0.004596,0.281196,-0.023890,-0.991709,-0.354309,-1.346018,-1.346018,-1.346018,-0.673009,-0.673009,0,0,1,0,0.000000,0.090000,0.012000,0.001000,4.500000,0.080000,24.000000,0.030000,0.000000
0.111000,0.300000,0.440000,-0.026798,-0.000000,-0.026798,-0.218335,0.000000,0.218335,0.031180,0.353854,0.076757,0.089751,0.058571,0.235263,-0.118592,0.019650,0.000077,0.001971,0.263571,-0.028308,-2.846198,-0.257568,-3.103766,-3.103766,-3.103766,-1.551883,-1.551883,0,0,1,0,0.000000,0.090000,0.012000,0.001000,4.500000,0.080000,24.000000,0.030000,0.000000
0.116000,0.300000,0.440000,-0.028605,-0.000000,-0.028605,-0.224915,0.000000,0.224915,0.031180,0.353854,0.076757,0.091050,0.059870,0.241104,-0.112750,0.020242,0.000091,0.001316,0.269413,-0.028308,-2.705999,0.035050,-2.670949,-2.670949,-2.670949,-1.335475,-1.335475,0,0,1,0,0.000000,0.090000,0.012000,0.001000,4.500000,0.080000,24.000000,0.030000,0.000000
0.121000,0.300000,0.440000,-0.030122,-0.000000,-0.030122,-0.228660,0.000000,0.228660,0.035861,0.357801,0.076757,0.092121,0.056260,0.224544,-0.133257,0.020579,0.000105,0.000749,0.253168,-0.028624,-3.198158,-0.123040,-3.321198,-3.321198,-3.321198,-1.660599,-1.660599,0,0,1,0,0.000000,0.090000,0.012000,0.001000,4.500000,0.080000,24.000000,0.030000,0.000000
0.126000,0.300000,0.440000,-0.031419,-0.000000,-0.031419,-0.230032,0.000000,0.230032,0.035861,0.357801,0.076757,0.092980,0.057119,0.228413,-0.129388,0.020703,0.000118,0.000274,0.257037,-0.028624,-3.105304,0.023214,-3.082090,-3.082090,-3.082090,-1.541045,-1.541045,0,0,1,0,0.000000,0.090000,0.012000,0.001000,4.500000,0.080000,24.000000,0.030000,0.000000
0.131000,0.300000,0.440000,-0.032509,-0.000000,-0.032509,-0.228895,0.000000,0.228895,0.038670,0.324501,0.076757,0.093623,0.054953,0.221326,-0.103175,0.020601,0.000132,-0.000227,0.247286,-0.025960,-2.476200,0.157276,-2.318924,-2.318924,-2.318924,-1.159462,-1.159462,0,0,1,0,0.000000,0.090000,0.012000,0.001000,4.500000,0.080000,24.000000,0.030000,0.000000
0.140000,0.300000,0.440000,-0.033340,-0.000000,-0.033340,-0.225599,0.000000,0.225599,0.038670,0.324501,0.076757,0.094107,0.055437,0.223505,-0.100996,0.020304,0.000157,-0.000366,0.249465,-0.025960,-2.423903,0.007264,-2.416639,-2.416639,-2.416639,-1.208320,-1.208320,0,0,1,0,0.000000,0.090000,0.012000,0.001000,4.500000,0.080000,24.000000,0.030000,0.000000
0.145000,0.300000,0.440000,-0.034035,-0.000000,-0.034035,-0.220715,0.000000,0.220715,0.039611,0.266267,0.076757,0.094363,0.054752,0.225084,-0.041183,0.019864,0.000170,-0.000977,0.246385,-0.021301,-0.988403,0.358875,-0.629528,-0.629528,-0.629528,-0.314764,-0.314764,0,0,1,0,0.000000,0.090000,0.012000,0.001000,4.500000,0.080000,24.000000,0.030000,0.000000
0.150000,0.300000,0.440000,-0.034560,-0.000000,-0.034560,-0.214390,0.000000,0.214390,0.039611,0.266267,0.076757,0.094454,0.054843,0.225493,-0.040774,0.019295,0.000183,-0.001265,0.246794,-0.021301,-0.978578,0.002456,-0.976122,-0.976122,-0.976122,-0.488061,-0.488061,0,0,1,0,0.000000,0.090000,0.012000,0.001000,4.500000,0.080000,24.000000,0.030000,0.000000
0.155000,0.300000,0.440000,-0.034917,-0.000000,-0.034917,-0.206710,0.000000,0.206710,0.039034,0.192610,0.076757,0.094389,0.055355,0.233689,0.041079,0.018604,0.000195,-0.001536,0.249098,-0.015409,0.985889,0.491117,1.477005,1.477005,1.477005,0.738503,0.738503,0,0,1,0,0.000000,0.090000,0.012000,0.001000,4.500000,0.080000,24.000000,0.030000,0.000000
0.160000,0.300000,0.440000,-0.035162,-0.000000,-0.035162,-0.198549,0.000000,0.198549,0.039034,0.192610,0.076757,0.094210,0.055177,0.232887,0.040277,0.017869,0.000207,-0.001632,0.248296,-0.015409,0.966642,-0.004812,0.961831,0.961831,0.961831,0.480915,0.480915,0,0,1,0,0.000000,0.090000,0.012000,0.001000,4.500000,0.080000,24.000000,0.030000,0.000000
0.169000,0.300000,0.440000,-0.035670,-0.000000,-0.035670,-0.184448,0.000000,0.184448,0.037599,0.130173,0.076757,0.093881,0.056282,0.242856,0.112683,0.016600,0.000227,-0.001567,0.253270,-0.010414,2.704402,0.241356,2.945758,2.945758,2.945758,1.472879,1.472879,0,0,1,0,0.000000,0.090000,0.012000,0.001000,4.500000,0.080000,24.000000,0.030000,0.000000
0.174000,0.300000,0.440000,-0.035954,-0.000000,-0.035954,-0.178175,0.000000,0.178175,0.036329,0.082694,0.076757,0.093565,0.057236,0.250948,0.168255,0.016036,0.000238,-0.001255,0.257564,-0.006615,4.038109,0.333427,4.371536,4.371536,4.371536,2.185768,2.185768,0,0,1,0,0.000000,0.090000,0.012000,0.001000,4.500000,0.080000,24.000000,0.030000,0.000000
0.179000,0.300000,0.440000,-0.036318,-0.000000,-0.036318,-0.173414,0.000000,0.173414,0.036329,0.082694,0.076757,0.093280,0.056950,0.249662,0.166968,0.015607,0.000248,-0.000952,0.256277,-0.006615,4.007232,-0.007719,3.999513,3.999513,3.999513,1.999756,1.999756,0,0,1,0,0.000000,0.090000,0.012000,0.001000,4.500000,0.080000,24.000000,0.030000,0.000000
0.184000,0.300000,0.440000,-0.036845,-0.000000,-0.036845,-0.170798,0.000000,0.170798,0.035793,0.069627,0.076757,0.093067,0.057274,0.252164,0.182537,0.015372,0.000258,-0.000523,0.257734,-0.005570,4.380897,0.093416,4.474313,4.474313,4.474313,2.237157,2.237157,0,0,1,0,0.000000,0.090000,0.012000,0.001000,4.500000,0.080000,24.000000,0.030000,0.000000
0.189000,0.300000,0.440000,-0.037548,-0.000000,-0.037548,-0.169979,0.000000,0.169979,0.035793,0.069627,0.076757,0.092931,0.057138,0.251551,0.181925,0.015298,0.000268,-0.000164,0.257121,-0.005570,4.366191,-0.003676,4.362515,4.362515,4.362515,2.181257,2.181257,0,0,1,0,0.000000,0.090000,0.012000,0.001000,4.500000,0.080000,24.000000,0.030000,0.000000
0.194000,0.300000,0.440000,-0.038431,-0.000000,-0.038431,-0.171073,0.000000,0.171073,0.036740,0.087634,0.076757,0.092889,0.056149,0.245661,0.158027,0.015397,0.000279,0.000219,0.252671,-0.007011,3.792649,-0.143386,3.649263,3.649263,3.649263,1.824632,1.824632,0,0,1,0,0.000000,0.090000,0.012000,0.001000,4.500000,0.080000,24.000000,0.030000,0.000000
0.199000,0.300000,0.440000,-0.039494,-0.000000,-0.039494,-0.173880,0.000000,0.173880,0.036740,0.087634,0.076757,0.092944,0.056204,0.245908,0.158275,0.015649,0.000289,0.000561,0.252919,-0.007011,3.798599,0.001487,3.800086,3.800086,3.800086,1.900043,1.900043,0,0,1,0,0.000000,0.090000,0.012000,0.001000,4.500000,0.080000,24.000000,0.030000,0.000000
0.208000,0.300000,0.440000,-0.042065,-0.000000,-0.042065,-0.183131,0.000000,0.183131,0.039153,0.127215,0.076757,0.093189,0.054036,0.232984,0.105769,0.016482,0.000309,0.001028,0.243162,-0.010177,2.538455,-0.175020,2.363435,2.363435,2.363435,1.181718,1.181718,0,0,1,0,0.000000,0.090000,0.012000,0.001000,4.500000,0.080000,24.000000,0.030000,0.000000
0.213000,0.300000,0.440000,-0.043558,-0.000000,-0.043558,-0.189472,0.000000,0.189472,0.042755,0.181363,0.076757,0.093520,0.050765,0.213931,0.032568,0.017052,0.000320,0.001268,0.228440,-0.014509,0.781644,-0.439203,0.342441,0.342441,0.342441,0.171221,0.171221,0,0,1,0,0.000000,0.090000,0.012000,0.001000,4.500000,0.080000,24.000000,0.030000,0.000000
0.218000,0.300000,0.440000,-0.045143,-0.000000,-0.045143,-0.196098,0.000000,0.196098,0.042755,0.181363,0.076757,0.093901,0.051146,0.215648,0.034285,0.017649,0.000332,0.001325,0.230157,-0.014509,0.822837,0.010298,0.833135,0.833135,0.833135,0.416567,0.416567,0,0,1,0,0.000000,0.090000,0.012000,0.001000,4.500000,0.080000,24.000000,0.030000,0.000000
0.223000,0.300000,0.440000,-0.046724,-0.000000,-0.046724,-0.201945,0.000000,0.201945,0.047008,0.225865,0.076757,0.094283,0.047275,0.194669,-0.031196,0.018175,0.000344,0.001169,0.212738,-0.018069,-0.748694,-0.392883,-1.141577,-1.141577,-1.141577,-0.570788,-0.570788,0,0,1,0,0.000000,0.090000,0.012000,0.001000,4.500000,0.080000,24.000000,0.030000,0.000000
0.232000,0.300000,0.440000,-0.049754,-0.000000,-0.049754,-0.211264,0.000000,0.211264,0.050935,0.250351,0.076757,0.094716,0.043782,0.176989,-0.073362,0.019014,0.000367,0.001035,0.197017,-0.020028,-1.760693,-0.140555,-1.901249,-1.901249,-1.901249,-0.950624,-0.950624,0,0,1,0,0.000000,0.090000,0.012000,0.001000,4.500000,0.080000,24.000000,0.030000,0.000000
0.237000,0.300000,0.440000,-0.051114,-0.000000,-0.051114,-0.213869,0.000000,0.213869,0.050935,0.250351,0.076757,0.095045,0.044110,0.178467,-0.071885,0.019248,0.000380,0.000521,0.198495,-0.020028,-1.725229,0.008866,-1.716363,-1.716363,-1.716363,-0.858182,-0.858182,0,0,1,0,0.000000,0.090000,0.012000,0.001000,4.500000,0.080000,24.000000,0.030000,0.000000
0.242000,0.300000,0.440000,-0.052341,-0.000000,-0.052341,-0.214858,0.000000,0.214858,0.053885,0.248327,0.076757,0.095291,0.041406,0.166461,-0.081866,0.019337,0.000393,0.000198,0.186327,-0.019866,-1.964780,-0.059888,-2.024668,-2.024668,-2.024668,-1.012334,-1.012334,0,0,1,0,0.000000,0.090000,0.012000,0.001000,4.500000,0.080000,24.000000,0.030000,0.000000
0.247000,0.300000,0.440000,-0.053424,-0.000000,-0.053424,-0.214458,0.000000,0.214458,0.053885,0.248327,0.076757,0.095455,0.041570,0.167199,-0.081128,0.019301,0.000406,-0.000080,0.187065,-0.019866,-1.947079,0.004425,-1.942653,-1.942653,-1.942653,-0.971327,-0.971327,0,0,1,0,0.000000,0.090000,0.012000,0.001000,4.500000,0.080000,24.000000,0.030000,0.000000
0.252000,0.300000,0.440000,-0.054370,-0.000000,-0.054370,-0.212624,0.000000,0.212624,0.055623,0.223464,0.076757,0.095528,0.039905,0.161697,-0.061767,0.019136,0.000418,-0.000367,0.179574,-0.017877,-1.482406,0.116168,-1.366238,-1.366238,-1.366238,-0.683119,-0.683119,0,0,1,0,0.000000,0.090000,0.012000,0.001000,4.500000,0.080000,24.000000,0.030000,0.000000
0.257000,0.300000,0.440000,-0.055176,-0.000000,-0.055176,-0.209516,0.000000,0.209516,0.055623,0.223464,0.076757,0.095512,0.039890,0.161626,-0.061838,0.018856,0.000431,-0.000622,0.179503,-0.017877,-1.484119,-0.000428,-1.484547,-1.484547,-1.484547,-0.742274,-0.742274,0,0,1,0,0.000000,0.090000,0.012000,0.001000,4.500000,0.080000,24.000000,0.030000,0.000000
0.262000,0.300000,0.440000,-0.055863,-0.000000,-0.055863,-0.205541,0.000000,0.205541,0.056185,0.183420,0.076757,0.095421,0.039236,0.161887,-0.021533,0.018499,0.000443,-0.000795,0.176561,-0.014674,-0.516796,0.241831,-0.274965,-0.274965,-0.274965,-0.137483,-0.137483,0,0,1,0,0.000000,0.090000,0.012000,0.001000,4.500000,0.080000,24.000000,0.030000,0.000000
0.271000,0.300000,0.440000,-0.056970,-0.000000,-0.056970,-0.195729,0.000000,0.195729,0.055886,0.138726,0.076757,0.095170,0.039284,0.165680,0.026954,0.017616,0.000464,-0.001090,0.176778,-0.011098,0.646899,0.161624,0.808523,0.808523,0.808523,0.404261,0.404261,0,0,1,0,0.000000,0.090000,0.012000,0.001000,4.500000,0.080000,24.000000,0.030000,0.000000
0.276000,0.300000,0.440000,-0.057452,-0.000000,-0.057452,-0.190614,0.000000,0.190614,0.055886,0.138726,0.076757,0.094899,0.039013,0.164461,0.025736,0.017155,0.000476,-0.001023,0.175560,-0.011098,0.617654,-0.007311,0.610343,0.610343,0.610343,0.305171,0.305171,0,0,1,0,0.000000,0.090000,0.012000,0.001000,4.500000,0.080000,24.000000,0.030000,0.000000
0.281000,0.300000,0.440000,-0.057930,-0.000000,-0.057930,-0.185944,0.000000,0.185944,0.055246,0.100443,0.076757,0.094621,0.039375,0.169152,0.068709,0.016735,0.000487,-0.000934,0.177188,-0.008035,1.649016,0.257841,1.906857,1.906857,1.906857,0.953428,0.953428,0,0,1,0,0.000000,0.090000,0.012000,0.001000,4.500000,0.080000,24.000000,0.030000,0.000000
0.286000,0.300000,0.440000,-0.058421,-0.000000,-0.058421,-0.181589,0.000000,0.181589,0.055246,0.100443,0.076757,0.094337,0.039091,0.167873,0.067430,0.016343,0.000498,-0.000871,0.175909,-0.008035,1.618328,-0.007672,1.610656,1.610656,1.610656,0.805328,0.805328,0,0,1,0,0.000000,0.090000,0.012000,0.001000,4.500000,0.080000,24.000000,0.030000,0.000000
0.291000,0.300000,0.440000,-0.058960,-0.000000,-0.058960,-0.178202,0.000000,0.178202,0.054727,0.075651,0.076757,0.094080,0.039353,0.171038,0.095387,0.016038,0.000509,-0.000677,0.177090,-0.006052,2.289281,0.167738,2.457019,2.457019,2.457019,1.228510,1.228510,0,0,1,0,0.000000,0.090000,0.012000,0.001000,4.500000,0.080000,24.000000,0.030000,0.000000
0.296000,0.300000,0.440000,-0.059563,-0.000000,-0.059563,-0.175559,0.000000,0.175559,0.054727,0.075651,0.076757,0.093850,0.039123,0.170003,0.094352,0.015800,0.000519,-0.000529,0.176055,-0.006052,2.264453,-0.006207,2.258246,2.258246,2.258246,1.129123,1.129123,0,0,1,0,0.000000,0.090000,0.012000,0.001000,4.500000,0.080000,24.000000,0.030000,0.000000
0.301000,0.300000,0.440000,-0.060250,-0.000000,-0.060250,-0.174045,0.000000,0.174045,0.054735,0.067779,0.076757,0.093670,0.038935,0.169783,0.102004,0.015664,0.000529,-0.000303,0.175205,-0.005422,2.448091,0.045910,2.494000,2.494000,2.494000,1.247000,1.247000,0,0,1,0,0.000000,0.090000,0.012000,0.001000,4.500000,0.080000,24.000000,0.030000,0.000000
0.310000,0.300000,0.440000,-0.061899,-0.000000,-0.061899,-0.173893,0.000000,0.173893,0.055481,0.071951,0.076757,0.093560,0.038078,0.165597,0.093647,0.015650,0.000548,-0.000017,0.171353,-0.005756,2.247517,-0.027857,2.219660,2.219660,2.219660,1.109830,1.109830,0,0,1,0,0.000000,0.090000,0.012000,0.001000,4.500000,0.080000,24.000000,0.030000,0.000000
0.315000,0.300000,0.440000,-0.061899,-0.000000,-0.061899,-0.173893,0.000000,0.173893,0.055481,0.075705,0.076757,0.093471,0.037989,0.164896,0.089191,0.015650,0.000559,0.000000,0.170952,-0.006056,2.140578,-0.026735,2.113844,2.113844,2.113844,1.056922,1.056922,0,0,1,0,0.000000,0.090000,0.012000,0.001000,4.500000,0.080000,24.000000,0.030000,0.000000
0.320000,0.300000,0.440000,-0.062865,-0.000000,-0.062865,-0.175231,0.000000,0.175231,0.055481,0.075705,0.076757,0.093455,0.037973,0.164824,0.089119,0.015771,0.000569,0.000268,0.170880,-0.006056,2.138849,-0.000432,2.138417,2.138417,2.138417,1.069208,1.069208,0,0,1,0,0.000000,0.090000,0.012000,0.001000,4.500000,0.080000,24.000000,0.030000,0.000000
0.325000,0.300000,0.440000,-0.063911,-0.000000,-0.063911,-0.177218,0.000000,0.177218,0.056974,0.095022,0.076757,0.093489,0.036515,0.156717,0.061694,0.015950,0.000580,0.000398,0.164319,-0.007602,1.480664,-0.164546,1.316118,1.316118,1.316118,0.658059,0.658059,0,0,1,0,0.000000,0.090000,0.012000,0.001000,4.500000,0.080000,24.000000,0.030000,0.000000
0.330000,0.300000,0.440000,-0.065028,-0.000000,-0.065028,-0.179806,0.000000,0.179806,0.056974,0.095022,0.076757,0.093573,0.036599,0.157094,0.062071,0.016183,0.000591,0.000518,0.164695,-0.007602,1.489709,0.002261,1.491970,1.491970,1.491970,0.745985,0.745985,0,0,1,0,0.000000,0.090000,0.012000,0.001000,4.500000,0.080000,24.000000,0.030000,0.000000
0.335000,0.300000,0.440000,-0.066214,-0.000000,-0.066214,-0.182961,0.000000,0.182961,0.059062,0.121495,0.076757,0.093705,0.034644,0.146177,0.024682,0.016467,0.000602,0.000631,0.155897,-0.009720,0.592360,-0.224337,0.368023,0.368023,0.368023,0.184011,0.184011,0,0,1,0,0.000000,0.090000,0.012000,0.001000,4.500000,0.080000,24.000000,0.030000,0.000000
0.340000,0.300000,0.440000,-0.067450,-0.000000,-0.067450,-0.186304,0.000000,0.186304,0.059062,0.121495,0.076757,0.093870,0.034809,0.146919,0.025424,0.016767,0.000613,0.000668,0.156639,-0.009720,0.610178,0.004455,0.614633,0.614633,0.614633,0.307316,0.307316,0,0,1,0,0.000000,0.090000,0.012000,0.001000,4.500000,0.080000,24.000000,0.030000,0.000000
0.345000,0.300000,0.440000,-0.068684,-0.000000,-0.068684,-0.189237,0.000000,0.189237,0.061478,0.143305,0.076757,0.094039,0.032561,0.135062,-0.008243,0.017031,0.000624,0.000587,0.146526,-0.011464,-0.197838,-0.202004,-0.399842,-0.399842,-0.399842,-0.199921,-0.199921,0,0,1,0,0.000000,0.090000,0.012000,0.001000,4.500000,0.080000,24.000000,0.030000,0.000000
0.350000,0.300000,0.440000,-0.069902,-0.000000,-0.069902,-0.191922,0.000000,0.191922,0.061478,0.143305,0.076757,0.094214,0.032736,0.135847,-0.007459,0.017273,0.000636,0.000537,0.147311,-0.011464,-0.179005,0.004708,-0.174296,-0.174296,-0.174296,-0.087148,-0.087148,0,0,1,0,0.000000,0.090000,0.012000,0.001000,4.500000,0.080000,24.000000,0.030000,0.000000
0.359000,0.300000,0.440000,-0.072203,-0.000000,-0.072203,-0.195205,0.000000,0.195205,0.063713,0.154680,0.076757,0.094384,0.030670,0.125642,-0.029038,0.017568,0.000657,0.000365,0.138017,-0.012374,-0.696901,-0.071930,-0.768831,-0.768831,-0.768831,-0.384416,-0.384416,0,0,1,0,0.000000,0.090000,0.012000,0.001000,4.500000,0.080000,24.000000,0.030000,0.000000
0.364000,0.300000,0.440000,-0.073280,-0.000000,-0.073280,-0.196027,0.000000,0.196027,0.065510,0.155857,0.076757,0.094511,0.029001,0.118038,-0.037819,0.017642,0.000669,0.000164,0.130506,-0.012469,-0.907656,-0.052689,-0.960345,-0.960345,-0.960345,-0.480172,-0.480172,0,0,1,0,0.000000,0.090000,0.012000,0.001000,4.500000,0.080000,24.000000,0.030000,0.000000
0.369000,0.300000,0.440000,-0.074292,-0.000000,-0.074292,-0.196054,0.000000,0.196054,0.065510,0.155857,0.076757,0.094597,0.029088,0.118426,-0.037430,0.017645,0.000680,0.000005,0.130895,-0.012469,-0.898324,0.002333,-0.895991,-0.895991,-0.895991,-0.447995,-0.447995,0,0,1,0,0.000000,0.090000,0.012000,0.001000,4.500000,0.080000,24.000000,0.030000,0.000000
0.374000,0.300000,0.440000,-0.075225,-0.000000,-0.075225,-0.195251,0.000000,0.195251,0.066743,0.143619,0.076757,0.094637,0.027894,0.114032,-0.029587,0.017573,0.000692,-0.000161,0.125521,-0.011489,-0.710090,0.047059,-0.663031,-0.663031,-0.663031,-0.331516,-0.331516,0,0,1,0,0.000000,0.090000,0.012000,0.001000,4.500000,0.080000,24.000000,0.030000,0.000000
0.379000,0.300000,0.440000,-0.076079,-0.000000,-0.076079,-0.193720,0.000000,0.193720,0.066743,0.143619,0.076757,0.094630,0.027886,0.113999,-0.029620,0.017435,0.000704,-0.000306,0.125488,-0.011489,-0.710871,-0.000195,-0.711066,-0.711066,-0.711066,-0.355533,-0.355533,0,0,1,0,0.000000,0.090000,0.012000,0.001000,4.500000,0.080000,24.000000,0.030000,0.000000
0.384000,0.300000,0.440000,-0.076864,-0.000000,-0.076864,-0.191641,0.000000,0.191641,0.067305,0.122085,0.076757,0.094581,0.027276,0.112974,-0.009111,0.017248,0.000715,-0.000416,0.122741,-0.009767,-0.218675,0.123049,-0.095627,-0.095627,-0.095627,-0.047813,-0.047813,0,0,1,0,0.000000,0.090000,0.012000,0.001000,4.500000,0.080000,24.000000,0.030000,0.000000
0.389000,0.300000,0.440000,-0.077587,-0.000000,-0.077587,-0.189036,0.000000,0.189036,0.067305,0.122085,0.076757,0.094490,0.027185,0.112565,-0.009520,0.017013,0.000726,-0.000521,0.122332,-0.009767,-0.228483,-0.002452,-0.230935,-0.230935,-0.230935,-0.115468,-0.115468,0,0,1,0,0.000000,0.090000,0.012000,0.001000,4.500000,0.080000,24.000000,0.030000,0.000000
0.394000,0.300000,0.440000,-0.078267,-0.000000,-0.078267,-0.186270,0.000000,0.186270,0.067346,0.096864,0.076757,0.094372,0.027026,0.113869,0.017005,0.016764,0.000738,-0.000553,0.121618,-0.007749,0.408125,0.159152,0.567277,0.567277,0.567277,0.283639,0.283639,0,0,1,0,0.000000,0.090000,0.012000,0.001000,4.500000,0.080000,24.000000,0.030000,0.000000
0.399000,0.300000,0.440000,-0.078914,-0.000000,-0.078914,-0.183288,0.000000,0.183288,0.067346,0.096864,0.076757,0.094227,0.026881,0.113216,0.016352,0.016496,0.000749,-0.000596,0.120965,-0.007749,0.392451,-0.003919,0.388533,0.388533,0.388533,0.194266,0.194266,0,0,1,0,0.000000,0.090000,0.012000,0.001000,4.500000,0.080000,24.000000,0.030000,0.000000
0.404000,0.300000,0.440000,-0.079552,-0.000000,-0.079552,-0.180525,0.000000,0.180525,0.067119,0.073844,0.076757,0.094075,0.026956,0.115393,0.041549,0.016247,0.000759,-0.000553,0.121301,-0.005908,0.997181,0.151182,1.148363,1.148363,1.148363,0.574181,0.574181,0,0,1,0,0.000000,0.090000,0.012000,0.001000,4.500000,0.080000,24.000000,0.030000,0.000000
0.413000,0.300000,0.440000,-0.080850,-0.000000,-0.080850,-0.175726,0.000000,0.175726,0.066907,0.057707,0.076757,0.093886,0.026979,0.116791,0.059084,0.015815,0.000778,-0.000533,0.121407,-0.004617,1.418024,0.058450,1.476474,1.476474,1.476474,0.738237,0.738237,0,0,1,0,0.000000,0.090000,0.012000,0.001000,4.500000,0.080000,24.000000,0.030000,0.000000
0.418000,0.300000,0.440000,-0.081546,-0.000000,-0.081546,-0.174043,0.000000,0.174043,0.066907,0.057707,0.076757,0.093734,0.026827,0.116107,0.058400,0.015664,0.000789,-0.000337,0.120723,-0.004617,1.401606,-0.004104,1.397502,1.397502,1.397502,0.698751,0.698751,0,0,1,0,0.000000,0.090000,0.012000,0.001000,4.500000,0.080000,24.000000,0.030000,0.000000
0.423000,0.300000,0.440000,-0.082288,-0.000000,-0.082288,-0.172961,0.000000,0.172961,0.066977,0.051464,0.076757,0.093610,0.026633,0.115732,0.064267,0.015566,0.000799,-0.000216,0.119849,-0.004117,1.542416,0.035202,1.577618,1.577618,1.577618,0.788809,0.788809,0,0,1,0,0.000000,0.090000,0.012000,0.001000,4.500000,0.080000,24.000000,0.030000,0.000000
0.428000,0.300000,0.440000,-0.083077,-0.000000,-0.083077,-0.172394,0.000000,0.172394,0.066977,0.051464,0.076757,0.093514,0.026537,0.115299,0.063834,0.015515,0.000810,-0.000113,0.119416,-0.004117,1.532025,-0.002598,1.529427,1.529427,1.529427,0.764714,0.764714,0,0,1,0,0.000000,0.090000,0.012000,0.001000,4.500000,0.080000,24.000000,0.030000,0.000000
0.433000,0.300000,0.440000,-0.083918,-0.000000,-0.083918,-0.172398,0.000000,0.172398,0.067445,0.054291,0.076757,0.093450,0.026005,0.112681,0.058390,0.015516,0.000820,0.000001,0.117024,-0.004343,1.401354,-0.032668,1.368686,1.368686,1.368686,0.684343,0.684343,0,0,1,0,0.000000,0.090000,0.012000,0.001000,4.500000,0.080000,24.000000,0.030000,0.000000
0.438000,0.300000,0.440000,-0.084811,-0.000000,-0.084811,-0.172905,0.000000,0.172905,0.067445,0.054291,0.076757,0.093420,0.025975,0.112545,0.058254,0.015561,0.000830,0.000101,0.116888,-0.004343,1.398098,-0.000814,1.397284,1.397284,1.397284,0.698642,0.698642,0,0,1,0,0.000000,0.090000,0.012000,0.001000,4.500000,0.080000,24.000000,0.030000,0.000000
0.443000,0.300000,0.440000,-0.085748,-0.000000,-0.085748,-0.173791,0.000000,0.173791,0.068325,0.063706,0.076757,0.093420,0.025094,0.107827,0.044121,0.015641,0.000841,0.000177,0.112924,-0.005096,1.058909,-0.084797,0.974112,0.974112,0.974112,0.487056,0.487056,0,0,1,0,0.000000,0.090000,0.012000,0.001000,4.500000,0.080000,24.000000,0.030000,0.000000
0.448000,0.300000,0.440000,-0.086726,-0.000000,-0.086726,-0.175045,0.000000,0.175045,0.068325,0.063706,0.076757,0.093449,0.025123,0.107958,0.044251,0.015754,0.000851,0.000251,0.113054,-0.005096,1.062032,0.000781,1.062813,1.062813,1.062813,0.531407,0.531407,0,0,1,0,0.000000,0.090000,0.012000,0.001000,4.500000,0.080000,24.000000,0.030000,0.000000
0.453000,0.300000,0.440000,-0.087731,-0.000000,-0.087731,-0.176417,0.000000,0.176417,0.069521,0.075918,0.076757,0.093497,0.023976,0.101817,0.025899,0.015878,0.000862,0.000274,0.107890,-0.006073,0.621579,-0.110113,0.511465,0.511465,0.511465,0.255733,0.255733,0,0,1,0,0.000000,0.090000,0.012000,0.001000,4.500000,0.080000,24.000000,0.030000,0.000000
0.458000,0.300000,0.440000,-0.088757,-0.000000,-0.088757,-0.177945,0.000000,0.177945,0.069521,0.075918,0.076757,0.093565,0.024044,0.102123,0.026205,0.016015,0.000873,0.000306,0.108196,-0.006073,0.628916,0.001834,0.630751,0.630751,0.630751,0.315375,0.315375,0,0,1,0,0.000000,0.090000,0.012000,0.001000,4.500000,0.080000,24.000000,0.030000,0.000000
0.463000,0.300000,0.440000,-0.089788,-0.000000,-0.089788,-0.179332,0.000000,0.179332,0.070864,0.086911,0.076757,0.093639,0.022775,0.095534,0.008624,0.016140,0.000883,0.000277,0.102487,-0.006953,0.206969,-0.105487,0.101482,0.101482,0.101482,0.050741,0.050741,0,0,1,0,0.000000,0.090000,0.012000,0.001000,4.500000,0.080000,24.000000,0.030000,0.000000
0.472000,0.300000,0.440000,-0.091829,-0.000000,-0.091829,-0.181634,0.000000,0.181634,0.072162,0.093466,0.076757,0.093732,0.021570,0.089588,-0.003878,0.016347,0.000903,0.000256,0.097065,-0.007477,-0.093075,-0.041673,-0.134748,-0.134748,-0.134748,-0.067374,-0.067374,0,0,1,0,0.000000,0.090000,0.012000,0.001000,4.500000,0.080000,24.000000,0.030000,0.000000
0.477000,0.300000,0.440000,-0.092814,-0.000000,-0.092814,-0.182307,0.000000,0.182307,0.072162,0.093466,0.076757,0.093804,0.021642,0.089912,-0.003554,0.016408,0.000914,0.000135,0.097389,-0.007477,-0.085290,0.001946,-0.083344,-0.083344,-0.083344,-0.041672,-0.041672,0,0,1,0,0.000000,0.090000,0.012000,0.001000,4.500000,0.080000,24.000000,0.030000,0.000000
0.482000,0.300000,0.440000,-0.093767,-0.000000,-0.093767,-0.182574,0.000000,0.182574,0.073235,0.093503,0.076757,0.093859,0.020623,0.085325,-0.008178,0.016432,0.000925,0.000053,0.092805,-0.007480,-0.196271,-0.027745,-0.224016,-0.224016,-0.224016,-0.112008,-0.112008,0,0,1,0,0.000000,0.090000,0.012000,0.001000,4.500000,0.080000,24.000000,0.030000,0.000000
0.487000,0.300000,0.440000,-0.094686,-0.000000,-0.094686,-0.182495,0.000000,0.182495,0.073235,0.093503,0.076757,0.093895,0.020660,0.085489,-0.008014,0.016425,0.000936,-0.000016,0.092969,-0.007480,-0.192345,0.000981,-0.191364,-0.191364,-0.191364,-0.095682,-0.095682,0,0,1,0,0.000000,0.090000,0.012000,0.001000,4.500000,0.080000,24.000000,0.030000,0.000000
0.492000,0.300000,0.440000,-0.095567,-0.000000,-0.095567,-0.182025,0.000000,0.182025,0.074004,0.087514,0.076757,0.093909,0.019906,0.082575,-0.004939,0.016382,0.000947,-0.000094,0.089576,-0.007001,-0.118536,0.018452,-0.100084,-0.100084,-0.100084,-0.050042,-0.050042,0,0,1,0,0.000000,0.090000,0.012000,0.001000,4.500000,0.080000,24.000000,0.030000,0.000000
0.497000,0.300000,0.440000,-0.096410,-0.000000,-0.096410,-0.181213,0.000000,0.181213,0.074004,0.087514,0.076757,0.093902,0.019898,0.082542,-0.004972,0.016309,0.000958,-0.000162,0.089543,-0.007001,-0.119322,-0.000197,-0.119519,-0.119519,-0.119519,-0.059760,-0.059760,0,0,1,0,0.000000,0.090000,0.012000,0.001000,4.500000,0.080000,24.000000,0.030000,0.000000
0.502000,0.300000,0.440000,-0.097221,-0.000000,-0.097221,-0.180136,0.000000,0.180136,0.074456,0.077127,0.076757,0.093875,0.019419,0.081214,0.004087,0.016212,0.000968,-0.000215,0.087384,-0.006170,0.098085,0.054352,0.152437,0.152437,0.152437,0.076219,0.076219,0,0,1,0,0.000000,0.090000,0.012000,0.001000,4.500000,0.080000,24.000000,0.030000,0.000000
0.507000,0.300000,0.440000,-0.098000,-0.000000,-0.098000,-0.178806,0.000000,0.178806,0.074456,0.077127,0.076757,0.093828,0.019372,0.081002,0.003876,0.016093,0.000979,-0.000266,0.087173,-0.006170,0.093017,-0.001267,0.091750,0.091750,0.091750,0.045875,0.045875,0,0,1,0,0.000000,0.090000,0.012000,0.001000,4.500000,0.080000,24.000000,0.030000,0.000000
0.512000,0.300000,0.440000,-0.098759,-0.000000,-0.098759,-0.177386,0.000000,0.177386,0.074658,0.064885,0.076757,0.093768,0.019110,0.080806,0.015920,0.015965,0.000990,-0.000284,0.085996,-0.005191,0.382092,0.072269,0.454361,0.454361,0.454361,0.227180,0.227180,0,0,1,0,0.000000,0.090000,0.012000,0.001000,4.500000,0.080000,24.000000,0.030000,0.000000
0.517000,0.300000,0.440000,-0.099500,-0.000000,-0.099500,-0.175856,0.000000,0.175856,0.074658,0.064885,0.076757,0.093694,0.019037,0.080475,0.015590,0.015827,0.001000,-0.000306,0.085665,-0.005191,0.374148,-0.001986,0.372162,0.372162,0.372162,0.186081,0.186081,0,0,1,0,0.000000,0.090000,0.012000,0.001000,4.500000,0.080000,24.000000,0.030000,0.000000
0.526000,0.300000,0.440000,-0.100967,-0.000000,-0.100967,-0.173008,0.000000,0.173008,0.074722,0.053510,0.076757,0.093595,0.018873,0.080648,0.027138,0.015571,0.001019,-0.000316,0.084929,-0.004281,0.651312,0.038495,0.689807,0.689807,0.689807,0.344903,0.344903,0,0,1,0,0.000000,0.090000,0.012000,0.001000,4.500000,0.080000,24.000000,0.030000,0.000000
0.531000,0.300000,0.440000,-0.101697,-0.000000,-0.101697,-0.171644,0.000000,0.171644,0.074755,0.043725,0.076757,0.093500,0.018745,0.080853,0.037128,0.015448,0.001029,-0.000273,0.084351,-0.003498,0.891070,0.059940,0.951010,0.951010,0.951010,0.475505,0.475505,0,0,1,0,0.000000,0.090000,0.012000,0.001000,4.500000,0.080000,24.000000,0.030000,0.000000
0.536000,0.300000,0.440000,-0.102434,-0.000000,-0.102434,-0.170482,0.000000,0.170482,0.074755,0.043725,0.076757,0.093411,0.018656,0.080453,0.036728,0.015343,0.001039,-0.000232,0.083951,-0.003498,0.881471,-0.002400,0.879071,0.879071,0.879071,0.439535,0.439535,0,0,1,0,0.000000,0.090000,0.012000,0.001000,4.500000,0.080000,24.000000,0.030000,0.000000
0.541000,0.300000,0.440000,-0.103192,-0.000000,-0.103192,-0.169645,0.000000,0.169645,0.074854,0.039002,0.076757,0.093335,0.018481,0.080045,0.041044,0.015268,0.001050,-0.000168,0.083165,-0.003120,0.985051,0.025895,1.010946,1.010946,1.010946,0.505473,0.505473,0,0,1,0,0.000000,0.090000,0.012000,0.001000,4.500000,0.080000,24.000000,0.030000,0.000000
0.546000,0.300000,0.440000,-0.103974,-0.000000,-0.103974,-0.169070,0.000000,0.169070,0.074854,0.039002,0.076757,0.093273,0.018419,0.079764,0.040762,0.015216,0.001060,-0.000115,0.082884,-0.003120,0.978289,-0.001691,0.976598,0.976598,0.976598,0.488299,0.488299,0,0,1,0,0.000000,0.090000,0.012000,0.001000,4.500000,0.080000,24.000000,0.030000,0.000000
0.551000,0.300000,0.440000,-0.104782,-0.000000,-0.104782,-0.168808,0.000000,0.168808,0.075154,0.039233,0.076757,0.093227,0.018073,0.078190,0.038957,0.015193,0.001070,-0.000052,0.081329,-0.003139,0.934977,-0.010828,0.924149,0.924149,0.924149,0.462074,0.462074,0,0,1,0,0.000000,0.090000,0.012000,0.001000,4.500000,0.080000,24.000000,0.030000,0.000000
0.556000,0.300000,0.440000,-0.105616,-0.000000,-0.105616,-0.168817,0.000000,0.168817,0.075154,0.039233,0.076757,0.093197,0.018044,0.078059,0.038826,0.015194,0.001080,0.000002,0.081197,-0.003139,0.931821,-0.000789,0.931032,0.931032,0.931032,0.465516,0.465516,0,0,1,0,0.000000,0.090000,0.012000,0.001000,4.500000,0.080000,24.000000,0.030000,0.000000
0.561000,0.300000,0.440000,-0.106475,-0.000000,-0.106475,-0.169049,0.000000,0.169049,0.075672,0.043308,0.076757,0.093184,0.017512,0.075339,0.032031,0.015214,0.001090,0.000047,0.078804,-0.003465,0.768754,-0.040767,0.727987,0.727987,0.727987,0.363994,0.363994,0,0,1,0,0.000000,0.090000,0.012000,0.001000,4.500000,0.080000,24.000000,0.030000,0.000000
0.566000,0.300000,0.440000,-0.106475,-0.000000,-0.106475,-0.169049,0.000000,0.169049,0.075672,0.043308,0.076757,0.093167,0.017495,0.075263,0.031955,0.015214,0.001100,0.000000,0.078728,-0.003465,0.766929,-0.000456,0.766473,0.766473,0.766473,0.383236,0.383236,0,0,1,0,0.000000,0.090000,0.012000,0.001000,4.500000,0.080000,24.000000,0.030000,0.000000
0.571000,0.300000,0.440000,-0.107356,-0.000000,-0.107356,-0.169493,0.000000,0.169493,0.076369,0.049308,0.076757,0.093174,0.016805,0.071676,0.022368,0.015254,0.001110,0.000089,0.075621,-0.003945,0.536840,-0.057522,0.479318,0.479318,0.479318,0.239659,0.239659,0,0,1,0,0.000000,0.090000,0.012000,0.001000,4.500000,0.080000,24.000000,0.030000,0.000000
0.580000,0.300000,0.440000,-0.109160,-0.000000,-0.109160,-0.170662,0.000000,0.170662,0.077159,0.055056,0.076757,0.093204,0.016044,0.067795,0.012739,0.015360,0.001129,0.000130,0.072199,-0.004404,0.305736,-0.032098,0.273638,0.273638,0.273638,0.136819,0.136819,0,0,1,0,0.000000,0.090000,0.012000,0.001000,4.500000,0.080000,24.000000,0.030000,0.000000
0.585000,0.300000,0.440000,-0.110073,-0.000000,-0.110073,-0.171246,0.000000,0.171246,0.077159,0.055056,0.076757,0.093237,0.016077,0.067944,0.012888,0.015412,0.001139,0.000117,0.072348,-0.004404,0.309312,0.000894,0.310206,0.310206,0.310206,0.155103,0.155103,0,0,1,0,0.000000,0.090000,0.012000,0.001000,4.500000,0.080000,24.000000,0.030000,0.000000
0.590000,0.300000,0.440000,-0.110983,-0.000000,-0.110983,-0.171781,0.000000,0.171781,0.077159,0.055056,0.076757,0.093272,0.016113,0.068103,0.013048,0.015460,0.001150,0.000107,0.072508,-0.004404,0.313143,0.000958,0.314100,0.314100,0.314100,0.157050,0.157050,0,0,1,0,0.000000,0.090000,0.012000,0.001000,4.500000,0.080000,24.000000,0.030000,0.000000
0.595000,0.300000,0.440000,-0.111887,-0.000000,-0.111887,-0.172184,0.000000,0.172184,0.077936,0.058731,0.076757,0.093306,0.015370,0.064466,0.005735,0.015497,0.001160,0.000081,0.069165,-0.004699,0.137632,-0.043878,0.093754,0.093754,0.093754,0.046877,0.046877,0,0,1,0,0.000000,0.090000,0.012000,0.001000,4.500000,0.080000,24.000000,0.030000,0.000000
0.600000,0.300000,0.440000,-0.112780,-0.000000,-0.112780,-0.172470,0.000000,0.172470,0.077936,0.058731,0.076757,0.093336,0.015400,0.064601,0.005870,0.015522,0.001170,0.000057,0.069300,-0.004699,0.140881,0.000812,0.141693,0.141693,0.141693,0.070847,0.070847,0,0,1,0,0.000000,0.090000,0.012000,0.001000,4.500000,0.080000,24.000000,0.030000,0.000000
0.605000,0.300000,0.440000,-0.113657,-0.000000,-0.113657,-0.172533,0.000000,0.172533,0.078621,0.059267,0.076757,0.093357,0.014736,0.061572,0.002305,0.015528,0.001181,0.000013,0.066313,-0.004741,0.055330,-0.021388,0.033942,0.033942,0.033942,0.016971,0.016971,0,0,1,0,0.000000,0.090000,0.012000,0.001000,4.500000,0.080000,24.000000,0.030000,0.000000
0.610000,0.300000,0.440000,-0.114515,-0.000000,-0.114515,-0.172417,0.000000,0.172417,0.078621,0.059267,0.076757,0.093370,0.014749,0.061629,0.002363,0.015518,0.001191,-0.000023,0.066371,-0.004741,0.056704,0.000344,0.057048,0.057048,0.057048,0.028524,0.028524,0,0,1,0,0.000000,0.090000,0.012000,0.001000,4.500000,0.080000,24.000000,0.030000,0.000000
0.615000,0.300000,0.440000,-0.115352,-0.000000,-0.115352,-0.172081,0.000000,0.172081,0.079149,0.056502,0.076757,0.093371,0.014222,0.059481,0.002979,0.015487,0.001201,-0.000067,0.064001,-0.004520,0.071496,0.003698,0.075193,0.075193,0.075193,0.037597,0.037597,0,0,1,0,0.000000,0.090000,0.012000,0.001000,4.500000,0.080000,24.000000,0.030000,0.000000
0.620000,0.300000,0.440000,-0.116169,-0.000000,-0.116169,-0.171557,0.000000,0.171557,0.079149,0.056502,0.076757,0.093361,0.014212,0.059435,0.002933,0.015440,0.001212,-0.000105,0.063955,-0.004520,0.070399,-0.000274,0.070124,0.070124,0.070124,0.035062,0.035062,0,0,1,0,0.000000,0.090000,0.012000,0.001000,4.500000,0.080000,24.000000,0.030000,0.000000
0.629000,0.300000,0.440000,-0.117743,-0.000000,-0.117743,-0.170028,0.000000,0.170028,0.079503,0.051123,0.076757,0.093324,0.013822,0.058108,0.006985,0.015303,0.001230,-0.000170,0.062198,-0.004090,0.167651,0.013507,0.181158,0.181158,0.181158,0.090579,0.090579,0,0,1,0,0.000000,0.090000,0.012000,0.001000,4.500000,0.080000,24.000000,0.030000,0.000000
0.634000,0.300000,0.440000,-0.118502,-0.000000,-0.118502,-0.169050,0.000000,0.169050,0.079700,0.043872,0.076757,0.093278,0.013578,0.057592,0.013720,0.015214,0.001240,-0.000196,0.061101,-0.003510,0.329272,0.040405,0.369678,0.369678,0.369678,0.184839,0.184839,0,0,1,0,0.000000,0.090000,0.012000,0.001000,4.500000,0.080000,24.000000,0.030000,0.000000
0.639000,0.300000,0.440000,-0.119247,-0.000000,-0.119247,-0.168003,0.000000,0.168003,0.079700,0.043872,0.076757,0.093224,0.013524,0.057348,0.013476,0.015120,0.001250,-0.000209,0.060858,-0.003510,0.323430,-0.001461,0.321969,0.321969,0.321969,0.160985,0.160985,0,0,1,0,0.000000,0.090000,0.012000,0.001000,4.500000,0.080000,24.000000,0.030000,0.000000
0.644000,0.300000,0.440000,-0.119987,-0.000000,-0.119987,-0.166992,0.000000,0.166992,0.079790,0.037010,0.076757,0.093167,0.013377,0.057235,0.020226,0.015029,0.001260,-0.000202,0.060196,-0.002961,0.485413,0.040496,0.525909,0.525909,0.525909,0.262955,0.262955,0,0,1,0,0.000000,0.090000,0.012000,0.001000,4.500000,0.080000,24.000000,0.030000,0.000000
0.649000,0.300000,0.440000,-0.120724,-0.000000,-0.120724,-0.165992,0.000000,0.165992,0.079790,0.037010,0.076757,0.093107,0.013317,0.056964,0.019955,0.014939,0.001270,-0.000200,0.059925,-0.002961,0.478915,-0.001625,0.477290,0.477290,0.477290,0.238645,0.238645,0,0,1,0,0.000000,0.090000,0.012000,0.001000,4.500000,0.080000,24.000000,0.030000,0.000000
0.654000,0.300000,0.440000,-0.121463,-0.000000,-0.121463,-0.165109,0.000000,0.165109,0.079865,0.031768,0.076757,0.093049,0.013183,0.056784,0.025016,0.014860,0.001280,-0.000177,0.059325,-0.002541,0.600390,0.030369,0.630759,0.630759,0.630759,0.315379,0.315379,0,0,1,0,0.000000,0.090000,0.012000,0.001000,4.500000,0.080000,24.000000,0.030000,0.000000
0.659000,0.300000,0.440000,-0.122207,-0.000000,-0.122207,-0.164309,0.000000,0.164309,0.079865,0.031768,0.076757,0.092993,0.013127,0.056531,0.024764,0.014788,0.001290,-0.000160,0.059073,-0.002541,0.594325,-0.001516,0.592809,0.592809,0.592809,0.296405,0.296405,0,0,1,0,0.000000,0.090000,0.012000,0.001000,4.500000,0.080000,24.000000,0.030000,0.000000
0.664000,0.300000,0.440000,-0.122959,-0.000000,-0.122959,-0.163669,0.000000,0.163669,0.079991,0.028911,0.076757,0.092942,0.012951,0.055967,0.027055,0.014730,0.001300,-0.000128,0.058280,-0.002313,0.649325,0.013750,0.663075,0.663075,0.663075,0.331538,0.331538,0,0,1,0,0.000000,0.090000,0.012000,0.001000,4.500000,0.080000,24.000000,0.030000,0.000000
0.669000,0.300000,0.440000,-0.123723,-0.000000,-0.123723,-0.163156,0.000000,0.163156,0.079991,0.028911,0.076757,0.092898,0.012907,0.055767,0.026856,0.014684,0.001309,-0.000103,0.058080,-0.002313,0.644545,-0.001195,0.643350,0.643350,0.643350,0.321675,0.321675,0,0,1,0,0.000000,0.090000,0.012000,0.001000,4.500000,0.080000,24.000000,0.030000,0.000000
0.674000,0.300000,0.440000,-0.124497,-0.000000,-0.124497,-0.162798,0.000000,0.162798,0.080211,0.028537,0.076757,0.092862,0.012651,0.054644,0.026108,0.014652,0.001319,-0.000072,0.056927,-0.002283,0.626581,-0.004491,0.622090,0.622090,0.622090,0.311045,0.311045,0,0,1,0,0.000000,0.090000,0.012000,0.001000,4.500000,0.080000,24.000000,0.030000,0.000000
0.683000,0.300000,0.440000,-0.126082,-0.000000,-0.126082,-0.162463,0.000000,0.162463,0.080537,0.030124,0.076757,0.092834,0.012297,0.052928,0.022804,0.014622,0.001337,-0.000037,0.055338,-0.002410,0.547292,-0.011012,0.536280,0.536280,0.536280,0.268140,0.268140,0,0,1,0,0.000000,0.090000,0.012000,0.001000,4.500000,0.080000,24.000000,0.030000,0.000000
0.688000,0.300000,0.440000,-0.126890,-0.000000,-0.126890,-0.162457,0.000000,0.162457,0.080537,0.030124,0.076757,0.092818,0.012281,0.052853,0.022729,0.014621,0.001347,-0.000001,0.055263,-0.002410,0.545493,-0.000450,0.545043,0.545043,0.545043,0.272521,0.272521,0,0,1,0,0.000000,0.090000,0.012000,0.001000,4.500000,0.080000,24.000000,0.030000,0.000000
0.693000,0.300000,0.440000,-0.127705,-0.000000,-0.127705,-0.162506,0.000000,0.162506,0.080951,0.032781,0.076757,0.092807,0.011857,0.050732,0.017951,0.014626,0.001356,0.000010,0.053354,-0.002622,0.430823,-0.028667,0.402156,0.402156,0.402156,0.201078,0.201078,0,0,1,0,0.000000,0.090000,0.012000,0.001000,4.500000,0.080000,24.000000,0.030000,0.000000
0.698000,0.300000,0.440000,-0.128525,-0.000000,-0.128525,-0.162608,0.000000,0.162608,0.080951,0.032781,0.076757,0.092803,0.011852,0.050712,0.017931,0.014635,0.001366,0.000021,0.053335,-0.002622,0.430349,-0.000119,0.430231,0.430231,0.430231,0.215115,0.215115,0,0,1,0,0.000000,0.090000,0.012000,0.001000,4.500000,0.080000,24.000000,0.030000,0.000000
0.703000,0.300000,0.440000,-0.129347,-0.000000,-0.129347,-0.162688,0.000000,0.162688,0.081413,0.035392,0.076757,0.092801,0.011388,0.048415,0.013023,0.014642,0.001376,0.000016,0.051246,-0.002831,0.312552,-0.029449,0.283103,0.283103,0.283103,0.141552,0.141552,0,0,1,0,0.000000,0.090000,0.012000,0.001000,4.500000,0.080000,24.000000,0.030000,0.000000
0.708000,0.300000,0.440000,-0.130168,-0.000000,-0.130168,-0.162762,0.000000,0.162762,0.081413,0.035392,0.076757,0.092802,0.011389,0.048418,0.013026,0.014649,0.001386,0.000015,0.051249,-0.002831,0.312627,0.000019,0.312645,0.312645,0.312645,0.156323,0.156323,0,0,1,0,0.000000,0.090000,0.012000,0.001000,4.500000,0.080000,24.000000,0.030000,0.000000
0.713000,0.300000,0.440000,-0.130984,-0.000000,-0.130984,-0.162755,0.000000,0.162755,0.081872,0.037016,0.076757,0.092801,0.010929,0.046220,0.009204,0.014648,0.001395,-0.000001,0.049182,-0.002961,0.220892,-0.022934,0.197959,0.197959,0.197959,0.098979,0.098979,0,0,1,0,0.000000,0.090000,0.012000,0.001000,4.500000,0.080000,24.000000,0.030000,0.000000
0.718000,0.300000,0.440000,-0.131794,-0.000000,-0.131794,-0.162690,0.000000,0.162690,0.081872,0.037016,0.076757,0.092799,0.010928,0.046213,0.009197,0.014642,0.001405,-0.000013,0.049174,-0.002961,0.220723,-0.000042,0.220680,0.220680,0.220680,0.110340,0.110340,0,0,1,0,0.000000,0.090000,0.012000,0.001000,4.500000,0.080000,24.000000,0.030000,0.000000
0.727000,0.300000,0.440000,-0.133384,-0.000000,-0.133384,-0.162243,0.000000,0.162243,0.082281,0.037080,0.076757,0.092789,0.010508,0.044321,0.007241,0.014602,0.001423,-0.000050,0.047288,-0.002966,0.173781,-0.006520,0.167261,0.167261,0.167261,0.083631,0.083631,0,0,1,0,0.000000,0.090000,0.012000,0.001000,4.500000,0.080000,24.000000,0.030000,0.000000
0.732000,0.300000,0.440000,-0.134164,-0.000000,-0.134164,-0.161892,0.000000,0.161892,0.082613,0.035716,0.076757,0.092774,0.010161,0.042868,0.007152,0.014570,0.001432,-0.000070,0.045726,-0.002857,0.171653,-0.000532,0.171121,0.171121,0.171121,0.085560,0.085560,0,0,1,0,0.000000,0.090000,0.012000,0.001000,4.500000,0.080000,24.000000,0.030000,0.000000
0.737000,0.300000,0.440000,-0.134932,-0.000000,-0.134932,-0.161438,0.000000,0.161438,0.082613,0.035716,0.076757,0.092754,0.010141,0.042776,0.007060,0.014529,0.001442,-0.000091,0.045633,-0.002857,0.169432,-0.000555,0.168876,0.168876,0.168876,0.084438,0.084438,0,0,1,0,0.000000,0.090000,0.012000,0.001000,4.500000,0.080000,24.000000,0.030000,0.000000
0.742000,0.300000,0.440000,-0.135690,-0.000000,-0.135690,-0.160892,0.000000,0.160892,0.082861,0.032888,0.076757,0.092727,0.009866,0.041767,0.008879,0.014480,0.001452,-0.000109,0.044398,-0.002631,0.213094,0.010916,0.224010,0.224010,0.224010,0.112005,0.112005,0,0,1,0,0.000000,0.090000,0.012000,0.001000,4.500000,0.080000,24.000000,0.030000,0.000000
0.747000,0.300000,0.440000,-0.136435,-0.000000,-0.136435,-0.160262,0.000000,0.160262,0.082861,0.032888,0.076757,0.092696,0.009834,0.041624,0.008736,0.014424,0.001461,-0.000126,0.044255,-0.002631,0.209657,-0.000859,0.208797,0.208797,0.208797,0.104399,0.104399,0,0,1,0,0.000000,0.090000,0.012000,0.001000,4.500000,0.080000,24.000000,0.030000,0.000000
0.752000,0.300000,0.440000,-0.137172,-0.000000,-0.137172,-0.159584,0.000000,0.159584,0.083027,0.029234,0.076757,0.092659,0.009633,0.041009,0.011775,0.014363,0.001471,-0.000136,0.043348,-0.002339,0.282603,0.018237,0.300840,0.300840,0.300840,0.150420,0.150420,0,0,1,0,0.000000,0.090000,0.012000,0.001000,4.500000,0.080000,24.000000,0.030000,0.000000
0.757000,0.300000,0.440000,-0.137900,-0.000000,-0.137900,-0.158854,0.000000,0.158854,0.083027,0.029234,0.076757,0.092619,0.009592,0.040826,0.011592,0.014297,0.001480,-0.000146,0.043165,-0.002339,0.278205,-0.001100,0.277105,0.277105,0.277105,0.138552,0.138552,0,0,1,0,0.000000,0.090000,0.012000,0.001000,4.500000,0.080000,24.000000,0.030000,0.000000
0.762000,0.300000,0.440000,-0.138623,-0.000000,-0.138623,-0.158127,0.000000,0.158127,0.083135,0.025502,0.076757,0.092576,0.009441,0.040442,0.014940,0.014231,0.001490,-0.000145,0.042482,-0.002040,0.358557,0.020088,0.378645,0.378645,0.378645,0.189322,0.189322,0,0,1,0,0.000000,0.090000,0.012000,0.001000,4.500000,0.080000,24.000000,0.030000,0.000000
0.767000,0.300000,0.440000,-0.139342,-0.000000,-0.139342,-0.157391,0.000000,0.157391,0.083135,0.025502,0.076757,0.092530,0.009395,0.040238,0.014736,0.014165,0.001499,-0.000147,0.042278,-0.002040,0.353663,-0.001223,0.352440,0.352440,0.352440,0.176220,0.176220,0,0,1,0,0.000000,0.090000,0.012000,0.001000,4.500000,0.080000,24.000000,0.030000,0.000000
0.776000,0.300000,0.440000,-0.140777,-0.000000,-0.140777,-0.156038,0.000000,0.156038,0.083222,0.022380,0.076757,0.092476,0.009253,0.039849,0.017469,0.014043,0.001516,-0.000150,0.041640,-0.001790,0.419268,0.009112,0.428380,0.428380,0.428380,0.214190,0.214190,0,0,1,0,0.000000,0.090000,0.012000,0.001000,4.500000,0.080000,24.000000,0.030000,0.000000
0.781000,0.300000,0.440000,-0.141494,-0.000000,-0.141494,-0.155405,0.000000,0.155405,0.083317,0.019975,0.076757,0.092426,0.009109,0.039392,0.019417,0.013986,0.001525,-0.000127,0.040990,-0.001598,0.466018,0.011688,0.477706,0.477706,0.477706,0.238853,0.238853,0,0,1,0,0.000000,0.090000,0.012000,0.001000,4.500000,0.080000,24.000000,0.030000,0.000000
0.786000,0.300000,0.440000,-0.142213,-0.000000,-0.142213,-0.154838,0.000000,0.154838,0.083317,0.019975,0.076757,0.092379,0.009062,0.039182,0.019207,0.013935,0.001535,-0.000113,0.040780,-0.001598,0.460959,-0.001265,0.459694,0.459694,0.459694,0.229847,0.229847,0,0,1,0,0.000000,0.090000,0.012000,0.001000,4.500000,0.080000,24.000000,0.030000,0.000000
0.791000,0.300000,0.440000,-0.142937,-0.000000,-0.142937,-0.154359,0.000000,0.154359,0.083440,0.019004,0.076757,0.092337,0.008897,0.038516,0.019512,0.013892,0.001544,-0.000096,0.040036,-0.001520,0.468288,0.001832,0.470120,0.470120,0.470120,0.235060,0.235060,0,0,1,0,0.000000,0.090000,0.012000,0.001000,4.500000,0.080000,24.000000,0.030000,0.000000
0.796000,0.300000,0.440000,-0.143666,-0.000000,-0.143666,-0.153953,0.000000,0.153953,0.083440,0.019004,0.076757,0.092299,0.008859,0.038346,0.019342,0.013856,0.001553,-0.000081,0.039866,-0.001520,0.464202,-0.001021,0.463181,0.463181,0.463181,0.231590,0.231590,0,0,1,0,0.000000,0.090000,0.012000,0.001000,4.500000,0.080000,24.000000,0.030000,0.000000
0.801000,0.300000,0.440000,-0.144401,-0.000000,-0.144401,-0.153620,0.000000,0.153620,0.083618,0.019260,0.076757,0.092266,0.008648,0.037374,0.018114,0.013826,0.001562,-0.000067,0.038915,-0.001541,0.434742,-0.007365,0.427377,0.427377,0.427377,0.213688,0.213688,0,0,1,0,0.000000,0.090000,0.012000,0.001000,4.500000,0.080000,24.000000,0.030000,0.000000
0.806000,0.300000,0.440000,-0.145140,-0.000000,-0.145140,-0.153353,0.000000,0.153353,0.083618,0.019260,0.076757,0.092237,0.008619,0.037246,0.017986,0.013802,0.001572,-0.000054,0.038787,-0.001541,0.431676,-0.000766,0.430909,0.430909,0.430909,0.215455,0.215455,0,0,1,0,0.000000,0.090000,0.012000,0.001000,4.500000,0.080000,24.000000,0.030000,0.000000
0.811000,0.300000,0.440000,-0.145883,-0.000000,-0.145883,-0.153127,0.000000,0.153127,0.083848,0.020313,0.076757,0.092213,0.008365,0.036016,0.015703,0.013781,0.001581,-0.000045,0.037641,-0.001625,0.376880,-0.013699,0.363181,0.363181,0.363181,0.181591,0.181591,0,0,1,0,0.000000,0.090000,0.012000,0.001000,4.500000,0.080000,24.000000,0.030000,0.000000
0.816000,0.300000,0.440000,-0.146629,-0.000000,-0.146629,-0.152943,0.000000,0.152943,0.083848,0.020313,0.076757,0.092192,0.008344,0.035923,0.015610,0.013765,0.001590,-0.000037,0.037548,-0.001625,0.374643,-0.000559,0.374084,0.374084,0.374084,0.187042,0.187042,0,0,1,0,0.000000,0.090000,0.012000,0.001000,4.500000,0.080000,24.000000,0.030000,0.000000
0.821000,0.300000,0.440000,-0.147376,-0.000000,-0.147376,-0.152763,0.000000,0.152763,0.084112,0.021595,0.076757,0.092173,0.008061,0.034548,0.012953,0.013749,0.001599,-0.000036,0.036276,-0.001728,0.310863,-0.015945,0.294919,0.294919,0.294919,0.147459,0.147459,0,0,1,0,0.000000,0.090000,0.012000,0.001000,4.500000,0.080000,24.000000,0.030000,0.000000
0.826000,0.300000,0.440000,-0.148123,-0.000000,-0.148123,-0.152593,0.000000,0.152593,0.084112,0.021595,0.076757,0.092157,0.008045,0.034474,0.012879,0.013733,0.001608,-0.000034,0.036202,-0.001728,0.309094,-0.000442,0.308652,0.308652,0.308652,0.154326,0.154326,0,0,1,0,0.000000,0.090000,0.012000,0.001000,4.500000,0.080000,24.000000,0.030000,0.000000
0.835000,0.300000,0.440000,-0.149608,-0.000000,-0.149608,-0.152170,0.000000,0.152170,0.084385,0.022556,0.076757,0.092138,0.007753,0.033085,0.010529,0.013695,0.001625,-0.000047,0.034889,-0.001804,0.252686,-0.007834,0.244852,0.244852,0.244852,0.122426,0.122426,0,0,1,0,0.000000,0.090000,0.012000,0.001000,4.500000,0.080000,24.000000,0.030000,0.000000
0.840000,0.300000,0.440000,-0.149608,-0.000000,-0.149608,-0.152170,0.000000,0.152170,0.084644,0.023089,0.076757,0.092130,0.007486,0.031840,0.008752,0.013695,0.001634,0.000000,0.033688,-0.001847,0.210040,-0.010662,0.199378,0.199378,0.199378,0.099689,0.099689,0,0,1,0,0.000000,0.090000,0.012000,0.001000,4.500000,0.080000,24.000000,0.030000,0.000000
0.845000,0.300000,0.440000,-0.150346,-0.000000,-0.150346,-0.151931,0.000000,0.151931,0.084644,0.023089,0.076757,0.092114,0.007470,0.031770,0.008681,0.013674,0.001643,-0.000048,0.033617,-0.001847,0.208342,-0.000424,0.207917,0.207917,0.207917,0.103959,0.103959,0,0,1,0,0.000000,0.090000,0.012000,0.001000,4.500000,0.080000,24.000000,0.030000,0.000000
0.850000,0.300000,0.440000,-0.151080,-0.000000,-0.151080,-0.151642,0.000000,0.151642,0.084644,0.023089,0.076757,0.092097,0.007453,0.031692,0.008603,0.013648,0.001652,-0.000058,0.033539,-0.001847,0.206466,-0.000469,0.205997,0.205997,0.205997,0.102999,0.102999,0,0,1,0,0.000000,0.090000,0.012000,0.001000,4.500000,0.080000,24.000000,0.030000,0.000000
0.855000,0.300000,0.440000,-0.151805,-0.000000,-0.151805,-0.151285,0.000000,0.151285,0.084873,0.022604,0.076757,0.092077,0.007204,0.030608,0.008003,0.013616,0.001661,-0.000071,0.032416,-0.001808,0.192077,-0.003597,0.188479,0.188479,0.188479,0.094240,0.094240,0,0,1,0,0.000000,0.090000,0.012000,0.001000,4.500000,0.080000,24.000000,0.030000,0.000000
0.860000,0.300000,0.440000,-0.152523,-0.000000,-0.152523,-0.150870,0.000000,0.150870,0.084873,0.022604,0.076757,0.092054,0.007180,0.030503,0.007899,0.013578,0.001670,-0.000083,0.032311,-0.001808,0.189571,-0.000626,0.188944,0.188944,0.188944,0.094472,0.094472,0,0,1,0,0.000000,0.090000,0.012000,0.001000,4.500000,0.080000,24.000000,0.030000,0.000000
0.865000,0.300000,0.440000,-0.153233,-0.000000,-0.153233,-0.150393,0.000000,0.150393,0.085049,0.021178,0.076757,0.092027,0.006978,0.029705,0.008527,0.013535,0.001679,-0.000095,0.031399,-0.001694,0.204655,0.003771,0.208426,0.208426,0.208426,0.104213,0.104213,0,0,1,0,0.000000,0.090000,0.012000,0.001000,4.500000,0.080000,24.000000,0.030000,0.000000
0.870000,0.300000,0.440000,-0.153935,-0.000000,-0.153935,-0.149861,0.000000,0.149861,0.085049,0.021178,0.076757,0.091997,0.006947,0.029569,0.008392,0.013487,0.001688,-0.000106,0.031264,-0.001694,0.201396,-0.000815,0.200582,0.200582,0.200582,0.100291,0.100291,0,0,1,0,0.000000,0.090000,0.012000,0.001000,4.500000,0.080000,24.000000,0.030000,0.000000
0.875000,0.300000,0.440000,-0.154630,-0.000000,-0.154630,-0.149288,0.000000,0.149288,0.085172,0.019092,0.076757,0.091964,0.006792,0.029035,0.009943,0.013436,0.001697,-0.000115,0.030562,-0.001527,0.238642,0.009311,0.247953,0.247953,0.247953,0.123977,0.123977,0,0,1,0,0.000000,0.090000,0.012000,0.001000,4.500000,0.080000,24.000000,0.030000,0.000000
0.880000,0.300000,0.440000,-0.155318,-0.000000,-0.155318,-0.148675,0.000000,0.148675,0.085172,0.019092,0.076757,0.091927,0.006755,0.028871,0.009780,0.013381,0.001706,-0.000123,0.030399,-0.001527,0.234711,-0.000983,0.233729,0.233729,0.233729,0.116864,0.116864,0,0,1,0,0.000000,0.090000,0.012000,0.001000,4.500000,0.080000,24.000000,0.030000,0.000000
0.885000,0.300000,0.440000,-0.156000,-0.000000,-0.156000,-0.148051,0.000000,0.148051,0.085252,0.016764,0.076757,0.091889,0.006636,0.028522,0.011758,0.013325,0.001715,-0.000125,0.029863,-0.001341,0.282186,0.011869,0.294055,0.294055,0.294055,0.147028,0.147028,0,0,1,0,0.000000,0.090000,0.012000,0.001000,4.500000,0.080000,24.000000,0.030000,0.000000
0.894000,0.300000,0.440000,-0.157354,-0.000000,-0.157354,-0.146786,0.000000,0.146786,0.085310,0.014631,0.076757,0.091839,0.006529,0.028210,0.013579,0.013211,0.001731,-0.000141,0.029380,-0.001170,0.325898,0.006071,0.331969,0.331969,0.331969,0.165984,0.165984,0,0,1,0,0.000000,0.090000,0.012000,0.001000,4.500000,0.080000,24.000000,0.030000,0.000000
0.899000,0.300000,0.440000,-0.158028,-0.000000,-0.158028,-0.146178,0.000000,0.146178,0.085310,0.014631,0.076757,0.091793,0.006483,0.028002,0.013371,0.013156,0.001740,-0.000122,0.029172,-0.001170,0.320901,-0.001249,0.319652,0.319652,0.319652,0.159826,0.159826,0,0,1,0,0.000000,0.090000,0.012000,0.001000,4.500000,0.080000,24.000000,0.030000,0.000000
0.904000,0.300000,0.440000,-0.158701,-0.000000,-0.158701,-0.145606,0.000000,0.145606,0.085369,0.013096,0.076757,0.091748,0.006379,0.027659,0.014563,0.013105,0.001748,-0.000114,0.028707,-0.001048,0.349520,0.007155,0.356674,0.356674,0.356674,0.178337,0.178337,0,0,1,0,0.000000,0.090000,0.012000,0.001000,4.500000,0.080000,24.000000,0.030000,0.000000
0.909000,0.300000,0.440000,-0.159375,-0.000000,-0.159375,-0.145062,0.000000,0.145062,0.085369,0.013096,0.076757,0.091705,0.006336,0.027465,0.014369,0.013056,0.001757,-0.000109,0.028512,-0.001048,0.344857,-0.001166,0.343691,0.343691,0.343691,0.171846,0.171846,0,0,1,0,0.000000,0.090000,0.012000,0.001000,4.500000,0.080000,24.000000,0.030000,0.000000
0.914000,0.300000,0.440000,-0.160049,-0.000000,-0.160049,-0.144563,0.000000,0.144563,0.085444,0.012265,0.076757,0.091664,0.006220,0.027009,0.014744,0.013011,0.001766,-0.000100,0.027990,-0.000981,0.353849,0.002248,0.356097,0.356097,0.356097,0.178048,0.178048,0,0,1,0,0.000000,0.090000,0.012000,0.001000,4.500000,0.080000,24.000000,0.030000,0.000000
0.919000,0.300000,0.440000,-0.160725,-0.000000,-0.160725,-0.144101,0.000000,0.144101,0.085444,0.012265,0.076757,0.091626,0.006181,0.026835,0.014570,0.012969,0.001774,-0.000092,0.027816,-0.000981,0.349690,-0.001040,0.348650,0.348650,0.348650,0.174325,0.174325,0,0,1,0,0.000000,0.090000,0.012000,0.001000,4.500000,0.080000,24.000000,0.030000,0.000000
0.924000,0.300000,0.440000,-0.161403,-0.000000,-0.161403,-0.143679,0.000000,0.143679,0.085546,0.012100,0.076757,0.091590,0.006044,0.026231,0.014131,0.012931,0.001783,-0.000084,0.027199,-0.000968,0.339148,-0.002635,0.336513,0.336513,0.336513,0.168256,0.168256,0,0,1,0,0.000000,0.090000,0.012000,0.001000,4.500000,0.080000,24.000000,0.030000,0.000000
0.929000,0.300000,0.440000,-0.162082,-0.000000,-0.162082,-0.143292,0.000000,0.143292,0.085546,0.012100,0.076757,0.091556,0.006011,0.026081,0.013981,0.012896,0.001792,-0.000077,0.027049,-0.000968,0.335538,-0.000903,0.334635,0.334635,0.334635,0.167318,0.167318,0,0,1,0,0.000000,0.090000,0.012000,0.001000,4.500000,0.080000,24.000000,0.030000,0.000000
0.934000,0.300000,0.440000,-0.162762,-0.000000,-0.162762,-0.142931,0.000000,0.142931,0.085673,0.012409,0.076757,0.091525,0.005852,0.025342,0.012933,0.012864,0.001800,-0.000072,0.026335,-0.000993,0.310393,-0.006286,0.304107,0.304107,0.304107,0.152053,0.152053,0,0,1,0,0.000000,0.090000,0.012000,0.001000,4.500000,0.080000,24.000000,0.030000,0.000000
0.939000,0.300000,0.440000,-0.163443,-0.000000,-0.163443,-0.142594,0.000000,0.142594,0.085673,0.012409,0.076757,0.091496,0.005823,0.025211,0.012802,0.012833,0.001809,-0.000067,0.026204,-0.000993,0.307253,-0.000785,0.306468,0.306468,0.306468,0.153234,0.153234,0,0,1,0,0.000000,0.090000,0.012000,0.001000,4.500000,0.080000,24.000000,0.030000,0.000000
0.944000,0.300000,0.440000,-0.164123,-0.000000,-0.164123,-0.142264,0.000000,0.142264,0.085819,0.012911,0.076757,0.091468,0.005649,0.024389,0.011478,0.012804,0.001817,-0.000066,0.025422,-0.001033,0.275475,-0.007945,0.267530,0.267530,0.267530,0.133765,0.133765,0,0,1,0,0.000000,0.090000,0.012000,0.001000,4.500000,0.080000,24.000000,0.030000,0.000000
0.949000,0.300000,0.440000,-0.164803,-0.000000,-0.164803,-0.141943,0.000000,0.141943,0.085819,0.012911,0.076757,0.091442,0.005623,0.024270,0.011360,0.012775,0.001826,-0.000064,0.025303,-0.001033,0.272632,-0.000711,0.271922,0.271922,0.271922,0.135961,0.135961,0,0,1,0,0.000000,0.090000,0.012000,0.001000,4.500000,0.080000,24.000000,0.030000,0.000000
0.958000,0.300000,0.440000,-0.166155,-0.000000,-0.166155,-0.141270,0.000000,0.141270,0.085972,0.013314,0.076757,0.091411,0.005440,0.023414,0.010099,0.012714,0.001841,-0.000075,0.024479,-0.001065,0.242384,-0.004201,0.238182,0.238182,0.238182,0.119091,0.119091,0,0,1,0,0.000000,0.090000,0.012000,0.001000,4.500000,0.080000,24.000000,0.030000,0.000000
0.963000,0.300000,0.440000,-0.166828,-0.000000,-0.166828,-0.140924,0.000000,0.140924,0.086119,0.013546,0.076757,0.091383,0.005264,0.022602,0.009056,0.012683,0.001850,-0.000069,0.023686,-0.001084,0.217346,-0.006259,0.211087,0.211087,0.211087,0.105543,0.105543,0,0,1,0,0.000000,0.090000,0.012000,0.001000,4.500000,0.080000,24.000000,0.030000,0.000000
0.968000,0.300000,0.440000,-0.167497,-0.000000,-0.167497,-0.140555,0.000000,0.140555,0.086119,0.013546,0.076757,0.091354,0.005235,0.022473,0.008927,0.012650,0.001858,-0.000074,0.023556,-0.001084,0.214237,-0.000777,0.213459,0.213459,0.213459,0.106730,0.106730,0,0,1,0,0.000000,0.090000,0.012000,0.001000,4.500000,0.080000,24.000000,0.030000,0.000000
0.973000,0.300000,0.440000,-0.168162,-0.000000,-0.168162,-0.140153,0.000000,0.140153,0.086253,0.013280,0.076757,0.091324,0.005072,0.021760,0.008480,0.012614,0.001866,-0.000081,0.022822,-0.001062,0.203514,-0.002681,0.200834,0.200834,0.200834,0.100417,0.100417,0,0,1,0,0.000000,0.090000,0.012000,0.001000,4.500000,0.080000,24.000000,0.030000,0.000000
0.978000,0.300000,0.440000,-0.168822,-0.000000,-0.168822,-0.139721,0.000000,0.139721,0.086253,0.013280,0.076757,0.091294,0.005041,0.021622,0.008342,0.012575,0.001875,-0.000086,0.022684,-0.001062,0.200203,-0.000828,0.199376,0.199376,0.199376,0.099688,0.099688,0,0,1,0,0.000000,0.090000,0.012000,0.001000,4.500000,0.080000,24.000000,0.030000,0.000000
0.983000,0.300000,0.440000,-0.169476,-0.000000,-0.169476,-0.139257,0.000000,0.139257,0.086359,0.012521,0.076757,0.091261,0.004903,0.021061,0.008540,0.012533,0.001883,-0.000093,0.022062,-0.001002,0.204954,0.001188,0.206141,0.206141,0.206141,0.103071,0.103071,0,0,1,0,0.000000,0.090000,0.012000,0.001000,4.500000,0.080000,24.000000,0.030000,0.000000
0.988000,0.300000,0.440000,-0.170125,-0.000000,-0.170125,-0.138762,0.000000,0.138762,0.086359,0.012521,0.076757,0.091228,0.004869,0.020910,0.008389,0.012489,0.001891,-0.000099,0.021911,-0.001002,0.201329,-0.000906,0.200423,0.200423,0.200423,0.100211,0.100211,0,0,1,0,0.000000,0.090000,0.012000,0.001000,4.500000,0.080000,24.000000,0.030000,0.000000
0.993000,0.300000,0.440000,-0.170769,-0.000000,-0.170769,-0.138245,0.000000,0.138245,0.086436,0.011385,0.076757,0.091193,0.004757,0.020496,0.009111,0.012442,0.001900,-0.000103,0.021407,-0.000911,0.218674,0.004336,0.223010,0.223010,0.223010,0.111505,0.111505,0,0,1,0,0.000000,0.090000,0.012000,0.001000,4.500000,0.080000,24.000000,0.030000,0.000000
1.002000,0.300000,0.440000,-0.172043,-0.000000,-0.172043,-0.137154,0.000000,0.137154,0.086488,0.010072,0.076757,0.091148,0.004660,0.020162,0.010090,0.012344,0.001915,-0.000121,0.020968,-0.000806,0.242161,0.003262,0.245423,0.245423,0.245423,0.122712,0.122712,0,0,1,0,0.000000,0.090000,0.012000,0.001000,4.500000,0.080000,24.000000,0.030000,0.000000
1.007000,0.300000,0.440000,-0.172674,-0.000000,-0.172674,-0.136597,0.000000,0.136597,0.086488,0.010072,0.076757,0.091105,0.004617,0.019969,0.009897,0.012294,0.001923,-0.000111,0.020775,-0.000806,0.237519,-0.001161,0.236358,0.236358,0.236358,0.118179,0.118179,0,0,1,0,0.000000,0.090000,0.012000,0.001000,4.500000,0.080000,24.000000,0.030000,0.000000
1.012000,0.300000,0.440000,-0.173303,-0.000000,-0.173303,-0.136045,0.000000,0.136045,0.086527,0.008849,0.076757,0.091063,0.004535,0.019701,0.010852,0.012244,0.001931,-0.000110,0.020409,-0.000708,0.260442,0.005731,0.266173,0.266173,0.266173,0.133086,0.133086,0,0,1,0,0.000000,0.090000,0.012000,0.001000,4.500000,0.080000,24.000000,0.030000,0.000000
1.017000,0.300000,0.440000,-0.173929,-0.000000,-0.173929,-0.135495,0.000000,0.135495,0.086527,0.008849,0.076757,0.091020,0.004493,0.019510,0.010661,0.012195,0.001939,-0.000110,0.020218,-0.000708,0.255866,-0.001144,0.254722,0.254722,0.254722,0.127361,0.127361,0,0,1,0,0.000000,0.090000,0.012000,0.001000,4.500000,0.080000,24.000000,0.030000,0.000000
1.022000,0.300000,0.440000,-0.174554,-0.000000,-0.174554,-0.134962,0.000000,0.134962,0.086562,0.007871,0.076757,0.090979,0.004417,0.019245,0.011374,0.012147,0.001947,-0.000107,0.019874,-0.000630,0.272982,0.004279,0.277261,0.277261,0.277261,0.138630,0.138630,0,0,1,0,0.000000,0.090000,0.012000,0.001000,4.500000,0.080000,24.000000,0.030000,0.000000
1.027000,0.300000,0.440000,-0.175177,-0.000000,-0.175177,-0.134441,0.000000,0.134441,0.086562,0.007871,0.076757,0.090938,0.004376,0.019062,0.011191,0.012100,0.001955,-0.000104,0.019691,-0.000630,0.268582,-0.001100,0.267482,0.267482,0.267482,0.133741,0.133741,0,0,1,0,0.000000,0.090000,0.012000,0.001000,4.500000,0.080000,24.000000,0.030000,0.000000
1.032000,0.300000,0.440000,-0.175800,-0.000000,-0.175800,-0.133942,0.000000,0.133942,0.086602,0.007232,0.076757,0.090898,0.004296,0.018754,0.011522,0.012055,0.001963,-0.000100,0.019333,-0.000579,0.276524,0.001986,0.278510,0.278510,0.278510,0.139255,0.139255,0,0,1,0,0.000000,0.090000,0.012000,0.001000,4.500000,0.080000,24.000000,0.030000,0.000000
1.037000,0.300000,0.440000,-0.176421,-0.000000,-0.176421,-0.133460,0.000000,0.133460,0.086602,0.007232,0.076757,0.090860,0.004258,0.018582,0.011349,0.012011,0.001971,-0.000096,0.019160,-0.000579,0.272383,-0.001035,0.271347,0.271347,0.271347,0.135674,0.135674,0,0,1,0,0.000000,0.090000,0.012000,0.001000,4.500000,0.080000,24.000000,0.030000,0.000000
1.042000,0.300000,0.440000,-0.177043,-0.000000,-0.177043,-0.133000,0.000000,0.133000,0.086653,0.006941,0.076757,0.090823,0.004170,0.018209,0.011269,0.011970,0.001979,-0.000092,0.018765,-0.000555,0.270451,-0.000483,0.269968,0.269968,0.269968,0.134984,0.134984,0,0,1,0,0.000000,0.090000,0.012000,0.001000,4.500000,0.080000,24.000000,0.030000,0.000000
1.047000,0.300000,0.440000,-0.177664,-0.000000,-0.177664,-0.132558,0.000000,0.132558,0.086653,0.006941,0.076757,0.090788,0.004134,0.018049,0.011108,0.011930,0.001987,-0.000089,0.018604,-0.000555,0.266599,-0.000963,0.265636,0.265636,0.265636,0.132818,0.132818,0,0,1,0,0.000000,0.090000,0.012000,0.001000,4.500000,0.080000,24.000000,0.030000,0.000000
1.056000,0.300000,0.440000,-0.178904,-0.000000,-0.178904,-0.131718,0.000000,0.131718,0.086716,0.006919,0.076757,0.090747,0.004031,0.017585,0.010666,0.011855,0.002001,-0.000093,0.018139,-0.000554,0.255984,-0.001474,0.254509,0.254509,0.254509,0.127255,0.127255,0,0,1,0,0.000000,0.090000,0.012000,0.001000,4.500000,0.080000,24.000000,0.030000,0.000000
1.061000,0.300000,0.440000,-0.179523,-0.000000,-0.179523,-0.131318,0.000000,0.131318,0.086790,0.007087,0.076757,0.090711,0.003921,0.017077,0.009990,0.011819,0.002009,-0.000080,0.017644,-0.000567,0.239760,-0.004056,0.235704,0.235704,0.235704,0.117852,0.117852,0,0,1,0,0.000000,0.090000,0.012000,0.001000,4.500000,0.080000,24.000000,0.030000,0.000000
1.066000,0.300000,0.440000,-0.180141,-0.000000,-0.180141,-0.130925,0.000000,0.130925,0.086790,0.007087,0.076757,0.090676,0.003886,0.016920,0.009833,0.011783,0.002017,-0.000079,0.017487,-0.000567,0.235992,-0.000942,0.235050,0.235050,0.235050,0.117525,0.117525,0,0,1,0,0.000000,0.090000,0.012000,0.001000,4.500000,0.080000,24.000000,0.030000,0.000000
1.071000,0.300000,0.440000,-0.180756,-0.000000,-0.180756,-0.130529,0.000000,0.130529,0.086870,0.007250,0.076757,0.090642,0.003772,0.016395,0.009145,0.011748,0.002025,-0.000079,0.016975,-0.000580,0.219478,-0.004128,0.215350,0.215350,0.215350,0.107675,0.107675,0,0,1,0,0.000000,0.090000,0.012000,0.001000,4.500000,0.080000,24.000000,0.030000,0.000000
1.076000,0.300000,0.440000,-0.181370,-0.000000,-0.181370,-0.130131,0.000000,0.130131,0.086870,0.007250,0.076757,0.090609,0.003739,0.016246,0.008996,0.011712,0.002033,-0.000080,0.016826,-0.000580,0.215907,-0.000893,0.215014,0.215014,0.215014,0.107507,0.107507,0,0,1,0,0.000000,0.090000,0.012000,0.001000,4.500000,0.080000,24.000000,0.030000,0.000000
1.081000,0.300000,0.440000,-0.181981,-0.000000,-0.181981,-0.129723,0.000000,0.129723,0.086947,0.007269,0.076757,0.090576,0.003629,0.015750,0.008481,0.011675,0.002041,-0.000082,0.016332,-0.000582,0.203548,-0.003090,0.200458,0.200458,0.200458,0.100229,0.100229,0,0,1,0,0.000000,0.090000,0.012000,0.001000,4.500000,0.080000,24.000000,0.030000,0.000000
1.086000,0.300000,0.440000,-0.182589,-0.000000,-0.182589,-0.129304,0.000000,0.129304,0.086947,0.007269,0.076757,0.090544,0.003597,0.015603,0.008334,0.011637,0.002048,-0.000084,0.016185,-0.000582,0.200020,-0.000882,0.199138,0.199138,0.199138,0.099569,0.099569,0,0,1,0,0.000000,0.090000,0.012000,0.001000,4.500000,0.080000,24.000000,0.030000,0.000000
1.091000,0.300000,0.440000,-0.183194,-0.000000,-0.183194,-0.128869,0.000000,0.128869,0.087015,0.007057,0.076757,0.090511,0.003496,0.015168,0.008110,0.011598,0.002056,-0.000087,0.015732,-0.000565,0.194646,-0.001344,0.193302,0.193302,0.193302,0.096651,0.096651,0,0,1,0,0.000000,0.090000,0.012000,0.001000,4.500000,0.080000,24.000000,0.030000,0.000000
1.096000,0.300000,0.440000,-0.183194,-0.000000,-0.183194,-0.128869,0.000000,0.128869,0.087015,0.007057,0.076757,0.090497,0.003482,0.015106,0.008048,0.011598,0.002064,0.000000,0.015670,-0.000565,0.193154,-0.000373,0.192782,0.192782,0.192782,0.096391,0.096391,0,0,1,0,0.000000,0.090000,0.012000,0.001000,4.500000,0.080000,24.000000,0.030000,0.000000
1.101000,0.300000,0.440000,-0.184392,-0.000000,-0.184392,-0.127955,0.000000,0.127955,0.087068,0.006602,0.076757,0.090446,0.003378,0.014675,0.008073,0.011516,0.002071,-0.000183,0.015203,-0.000528,0.193753,0.000150,0.193903,0.193903,0.193903,0.096951,0.096951,0,0,1,0,0.000000,0.090000,0.012000,0.001000,4.500000,0.080000,24.000000,0.030000,0.000000
1.106000,0.300000,0.440000,-0.184985,-0.000000,-0.184985,-0.127476,0.000000,0.127476,0.087068,0.006602,0.076757,0.090411,0.003343,0.014517,0.007915,0.011473,0.002079,-0.000096,0.015045,-0.000528,0.189967,-0.000946,0.189021,0.189021,0.189021,0.094510,0.094510,0,0,1,0,0.000000,0.090000,0.012000,0.001000,4.500000,0.080000,24.000000,0.030000,0.000000
1.115000,0.300000,0.440000,-0.185575,-0.000000,-0.185575,-0.126986,0.000000,0.126986,0.087107,0.005964,0.076757,0.090383,0.003277,0.014268,0.008303,0.011429,0.002093,-0.000054,0.014745,-0.000477,0.199278,0.001293,0.200571,0.200571,0.200571,0.100285,0.100285,0,0,1,0,0.000000,0.090000,0.012000,0.001000,4.500000,0.080000,24.000000,0.030000,0.000000
1.120000,0.300000,0.440000,-0.186161,-0.000000,-0.186161,-0.126483,0.000000,0.126483,0.087131,0.005181,0.076757,0.090347,0.003216,0.014055,0.008874,0.011383,0.002100,-0.000101,0.014470,-0.000415,0.212978,0.003425,0.216403,0.216403,0.216403,0.108201,0.108201,0,0,1,0,0.000000,0.090000,0.012000,0.001000,4.500000,0.080000,24.000000,0.030000,0.000000
1.125000,0.300000,0.440000,-0.186743,-0.000000,-0.186743,-0.125970,0.000000,0.125970,0.087131,0.005181,0.076757,0.090310,0.003178,0.013888,0.008707,0.011337,0.002108,-0.000103,0.014303,-0.000415,0.208968,-0.001003,0.207965,0.207965,0.207965,0.103983,0.103983,0,0,1,0,0.000000,0.090000,0.012000,0.001000,4.500000,0.080000,24.000000,0.030000,0.000000
1.130000,0.300000,0.440000,-0.187323,-0.000000,-0.187323,-0.125454,0.000000,0.125454,0.087131,0.005181,0.076757,0.090272,0.003141,0.013720,0.008538,0.011291,0.002116,-0.000103,0.014134,-0.000415,0.204919,-0.001012,0.203907,0.203907,0.203907,0.101953,0.101953,0,0,1,0,0.000000,0.090000,0.012000,0.001000,4.500000,0.080000,24.000000,0.030000,0.000000
1.135000,0.300000,0.440000,-0.187900,-0.000000,-0.187900,-0.124944,0.000000,0.124944,0.087147,0.004479,0.076757,0.090235,0.003088,0.013538,0.009059,0.011245,0.002123,-0.000102,0.013896,-0.000358,0.217405,0.003122,0.220527,0.220527,0.220527,0.110263,0.110263,0,0,1,0,0.000000,0.090000,0.012000,0.001000,4.500000,0.080000,24.000000,0.030000,0.000000
1.140000,0.300000,0.440000,-0.188475,-0.000000,-0.188475,-0.124436,0.000000,0.124436,0.087147,0.004479,0.076757,0.090197,0.003051,0.013369,0.008890,0.011199,0.002130,-0.000102,0.013727,-0.000358,0.213356,-0.001012,0.212344,0.212344,0.212344,0.106172,0.106172,0,0,1,0,0.000000,0.090000,0.012000,0.001000,4.500000,0.080000,24.000000,0.030000,0.000000
1.145000,0.300000,0.440000,-0.189048,-0.000000,-0.189048,-0.123938,0.000000,0.123938,0.087161,0.003914,0.076757,0.090160,0.002999,0.013183,0.009269,0.011154,0.002138,-0.000100,0.013496,-0.000313,0.222447,0.002273,0.224719,0.224719,0.224719,0.112360,0.112360,0,0,1,0,0.000000,0.090000,0.012000,0.001000,4.500000,0.080000,24.000000,0.030000,0.000000
1.150000,0.300000,0.440000,-0.189619,-0.000000,-0.189619,-0.123445,0.000000,0.123445,0.087161,0.003914,0.076757,0.090123,0.002962,0.013016,0.009102,0.011110,0.002145,-0.000099,0.013330,-0.000313,0.218449,-0.000999,0.217449,0.217449,0.217449,0.108725,0.108725,0,0,1,0,0.000000,0.090000,0.012000,0.001000,4.500000,0.080000,24.000000,0.030000,0.000000
1.155000,0.300000,0.440000,-0.190188,-0.000000,-0.190188,-0.122963,0.000000,0.122963,0.087177,0.003517,0.076757,0.090086,0.002910,0.012812,0.009295,0.011067,0.002153,-0.000096,0.013093,-0.000281,0.223089,0.001160,0.224248,0.224248,0.224248,0.112124,0.112124,0,0,1,0,0.000000,0.090000,0.012000,0.001000,4.500000,0.080000,24.000000,0.030000,0.000000
1.160000,0.300000,0.440000,-0.190757,-0.000000,-0.190757,-0.122490,0.000000,0.122490,0.087177,0.003517,0.076757,0.090050,0.002874,0.012650,0.009133,0.011024,0.002160,-0.000095,0.012931,-0.000281,0.219192,-0.000974,0.218218,0.218218,0.218218,0.109109,0.109109,0,0,1,0,0.000000,0.090000,0.012000,0.001000,4.500000,0.080000,24.000000,0.030000,0.000000
1.169000,0.300000,0.440000,-0.191889,-0.000000,-0.191889,-0.121574,0.000000,0.121574,0.087197,0.003290,0.076757,0.090008,0.002811,0.012386,0.009096,0.010942,0.002173,-0.000102,0.012649,-0.000263,0.218301,-0.000124,0.218177,0.218177,0.218177,0.109088,0.109088,0,0,1,0,0.000000,0.090000,0.012000,0.001000,4.500000,0.080000,24.000000,0.030000,0.000000
1.174000,0.300000,0.440000,-0.192453,-0.000000,-0.192453,-0.121128,0.000000,0.121128,0.087223,0.003195,0.076757,0.089969,0.002746,0.012103,0.008908,0.010902,0.002180,-0.000089,0.012359,-0.000256,0.213782,-0.001130,0.212652,0.212652,0.212652,0.106326,0.106326,0,0,1,0,0.000000,0.090000,0.012000,0.001000,4.500000,0.080000,24.000000,0.030000,0.000000
1.179000,0.300000,0.440000,-0.193015,-0.000000,-0.193015,-0.120691,0.000000,0.120691,0.087223,0.003195,0.076757,0.089932,0.002709,0.011934,0.008739,0.010862,0.002188,-0.000087,0.012189,-0.000256,0.209725,-0.001014,0.208711,0.208711,0.208711,0.104356,0.104356,0,0,1,0,0.000000,0.090000,0.012000,0.001000,4.500000,0.080000,24.000000,0.030000,0.000000
1.187000,0.300000,0.440000,-0.194135,-0.000000,-0.194135,-0.119832,0.000000,0.119832,0.087254,0.003200,0.076757,0.089887,0.002633,0.011595,0.008394,0.010785,0.002199,-0.000107,0.011851,-0.000256,0.201463,-0.001291,0.200172,0.200172,0.200172,0.100086,0.100086,0,0,1,0,0.000000,0.090000,0.012000,0.001000,4.500000,0.080000,24.000000,0.030000,0.000000
1.195000,0.300000,0.440000,-0.194693,-0.000000,-0.194693,-0.119409,0.000000,0.119409,0.087287,0.003248,0.076757,0.089853,0.002566,0.011288,0.008040,0.010747,0.002211,-0.000053,0.011548,-0.000260,0.192961,-0.001328,0.191633,0.191633,0.191633,0.095816,0.095816,0,0,1,0,0.000000,0.090000,0.012000,0.001000,4.500000,0.080000,24.000000,0.030000,0.000000
1.200000,0.300000,0.440000,-0.195248,-0.000000,-0.195248,-0.118986,0.000000,0.118986,0.087287,0.003248,0.076757,0.089815,0.002528,0.011116,0.007868,0.010709,0.002218,-0.000085,0.011376,-0.000260,0.188833,-0.001032,0.187801,0.187801,0.187801,0.093900,0.093900,0,0,1,0,0.000000,0.090000,0.012000,0.001000,4.500000,0.080000,24.000000,0.030000,0.000000
1.205000,0.300000,0.440000,-0.195802,-0.000000,-0.195802,-0.118563,0.000000,0.118563,0.087321,0.003279,0.076757,0.089778,0.002457,0.010793,0.007514,0.010671,0.002225,-0.000085,0.011055,-0.000262,0.180333,-0.002125,0.178208,0.178208,0.178208,0.089104,0.089104,0,0,1,0,0.000000,0.090000,0.012000,0.001000,4.500000,0.080000,24.000000,0.030000,0.000000
1.214000,0.300000,0.440000,-0.196901,-0.000000,-0.196901,-0.117703,0.000000,0.117703,0.087353,0.003191,0.076757,0.089735,0.002382,0.010465,0.007274,0.010593,0.002238,-0.000096,0.010720,-0.000255,0.174568,-0.000801,0.173767,0.173767,0.173767,0.086884,0.086884,0,0,1,0,0.000000,0.090000,0.012000,0.001000,4.500000,0.080000,24.000000,0.030000,0.000000
1.219000,0.300000,0.440000,-0.197447,-0.000000,-0.197447,-0.117261,0.000000,0.117261,0.087353,0.003191,0.076757,0.089695,0.002342,0.010284,0.007092,0.010553,0.002245,-0.000088,0.010539,-0.000255,0.170214,-0.001088,0.169126,0.169126,0.169126,0.084563,0.084563,0,0,1,0,0.000000,0.090000,0.012000,0.001000,4.500000,0.080000,24.000000,0.030000,0.000000
1.224000,0.300000,0.440000,-0.197989,-0.000000,-0.197989,-0.116810,0.000000,0.116810,0.087376,0.002963,0.076757,0.089655,0.002279,0.010017,0.007054,0.010513,0.002252,-0.000090,0.010254,-0.000237,0.169305,-0.000227,0.169077,0.169077,0.169077,0.084539,0.084539,0,0,1,0,0.000000,0.090000,0.012000,0.001000,4.500000,0.080000,24.000000,0.030000,0.000000
1.229000,0.300000,0.440000,-0.198529,-0.000000,-0.198529,-0.116349,0.000000,0.116349,0.087376,0.002963,0.076757,0.089616,0.002240,0.009841,0.006878,0.010471,0.002259,-0.000092,0.010078,-0.000237,0.165084,-0.001055,0.164029,0.164029,0.164029,0.082014,0.082014,0,0,1,0,0.000000,0.090000,0.012000,0.001000,4.500000,0.080000,24.000000,0.030000,0.000000
1.234000,0.300000,0.440000,-0.199065,-0.000000,-0.199065,-0.115881,0.000000,0.115881,0.087391,0.002593,0.076757,0.089577,0.002186,0.009632,0.007038,0.010429,0.002266,-0.000094,0.009839,-0.000207,0.168922,0.000959,0.169881,0.169881,0.169881,0.084941,0.084941,0,0,1,0,0.000000,0.090000,0.012000,0.001000,4.500000,0.080000,24.000000,0.030000,0.000000
1.239000,0.300000,0.440000,-0.199598,-0.000000,-0.199598,-0.115403,0.000000,0.115403,0.087391,0.002593,0.076757,0.089539,0.002148,0.009458,0.006865,0.010386,0.002273,-0.000096,0.009665,-0.000207,0.164749,-0.001043,0.163706,0.163706,0.163706,0.081853,0.081853,0,0,1,0,0.000000,0.090000,0.012000,0.001000,4.500000,0.080000,24.000000,0.030000,0.000000
1.244000,0.300000,0.440000,-0.200127,-0.000000,-0.200127,-0.114920,0.000000,0.114920,0.087396,0.002123,0.076757,0.089500,0.002105,0.009301,0.007178,0.010343,0.002279,-0.000097,0.009470,-0.000170,0.172264,0.001879,0.174143,0.174143,0.174143,0.087072,0.087072,0,0,1,0,0.000000,0.090000,0.012000,0.001000,4.500000,0.080000,24.000000,0.030000,0.000000
1.253000,0.300000,0.440000,-0.201178,-0.000000,-0.201178,-0.113939,0.000000,0.113939,0.087392,0.001617,0.076757,0.089454,0.002062,0.009148,0.007531,0.010254,0.002292,-0.000109,0.009278,-0.000129,0.180743,0.001178,0.181921,0.181921,0.181921,0.090961,0.090961,0,0,1,0,0.000000,0.090000,0.012000,0.001000,4.500000,0.080000,24.000000,0.030000,0.000000
1.258000,0.300000,0.440000,-0.201700,-0.000000,-0.201700,-0.113449,0.000000,0.113449,0.087392,0.001617,0.076757,0.089411,0.002019,0.008955,0.007337,0.010210,0.002299,-0.000098,0.009084,-0.000129,0.176097,-0.001162,0.174936,0.174936,0.174936,0.087468,0.087468,0,0,1,0,0.000000,0.090000,0.012000,0.001000,4.500000,0.080000,24.000000,0.030000,0.000000
1.263000,0.300000,0.440000,-0.202219,-0.000000,-0.202219,-0.112963,0.000000,0.112963,0.087386,0.001185,0.076757,0.089369,0.001983,0.008830,0.007645,0.010167,0.002305,-0.000097,0.008925,-0.000095,0.183489,0.001848,0.185337,0.185337,0.185337,0.092669,0.092669,0,0,1,0,0.000000,0.090000,0.012000,0.001000,4.500000,0.080000,24.000000,0.030000,0.000000
1.268000,0.300000,0.440000,-0.202737,-0.000000,-0.202737,-0.112480,0.000000,0.112480,0.087386,0.001185,0.076757,0.089328,0.001942,0.008645,0.007460,0.010123,0.002312,-0.000097,0.008740,-0.000095,0.179048,-0.001110,0.177938,0.177938,0.177938,0.088969,0.088969,0,0,1,0,0.000000,0.090000,0.012000,0.001000,4.500000,0.080000,24.000000,0.030000,0.000000
1.273000,0.300000,0.440000,-0.203252,-0.000000,-0.203252,-0.112004,0.000000,0.112004,0.087379,0.000849,0.076757,0.089288,0.001909,0.008522,0.007673,0.010080,0.002319,-0.000095,0.008590,-0.000068,0.184154,0.001276,0.185430,0.185430,0.185430,0.092715,0.092715,0,0,1,0,0.000000,0.090000,0.012000,0.001000,4.500000,0.080000,24.000000,0.030000,0.000000
1.278000,0.300000,0.440000,-0.203766,-0.000000,-0.203766,-0.111532,0.000000,0.111532,0.087379,0.000849,0.076757,0.089249,0.001870,0.008345,0.007496,0.010038,0.002325,-0.000094,0.008413,-0.000068,0.179903,-0.001063,0.178841,0.178841,0.178841,0.089420,0.089420,0,0,1,0,0.000000,0.090000,0.012000,0.001000,4.500000,0.080000,24.000000,0.030000,0.000000
1.283000,0.300000,0.440000,-0.204278,-0.000000,-0.204278,-0.111069,0.000000,0.111069,0.087374,0.000622,0.076757,0.089210,0.001836,0.008213,0.007590,0.009996,0.002332,-0.000093,0.008262,-0.000050,0.182164,0.000565,0.182729,0.182729,0.182729,0.091365,0.091365,0,0,1,0,0.000000,0.090000,0.012000,0.001000,4.500000,0.080000,24.000000,0.030000,0.000000
1.288000,0.300000,0.440000,-0.204788,-0.000000,-0.204788,-0.110610,0.000000,0.110610,0.087374,0.000622,0.076757,0.089172,0.001798,0.008043,0.007420,0.009955,0.002339,-0.000092,0.008093,-0.000050,0.178087,-0.001019,0.177068,0.177068,0.177068,0.088534,0.088534,0,0,1,0,0.000000,0.090000,0.012000,0.001000,4.500000,0.080000,24.000000,0.030000,0.000000
1.297000,0.300000,0.440000,-0.205803,-0.000000,-0.205803,-0.109712,0.000000,0.109712,0.087372,0.000493,0.076757,0.089129,0.001757,0.007866,0.007374,0.009874,0.002351,-0.000100,0.007906,-0.000039,0.176966,-0.000156,0.176811,0.176811,0.176811,0.088405,0.088405,0,0,1,0,0.000000,0.090000,0.012000,0.001000,4.500000,0.080000,24.000000,0.030000,0.000000
1.302000,0.300000,0.440000,-0.206308,-0.000000,-0.206308,-0.109269,0.000000,0.109269,0.087372,0.000427,0.076757,0.089088,0.001716,0.007688,0.007261,0.009834,0.002357,-0.000089,0.007722,-0.000034,0.174267,-0.000675,0.173592,0.173592,0.173592,0.086796,0.086796,0,0,1,0,0.000000,0.090000,0.012000,0.001000,4.500000,0.080000,24.000000,0.030000,0.000000
1.307000,0.300000,0.440000,-0.206812,-0.000000,-0.206812,-0.108831,0.000000,0.108831,0.087372,0.000427,0.076757,0.089049,0.001677,0.007512,0.007085,0.009795,0.002364,-0.000088,0.007546,-0.000034,0.170041,-0.001056,0.168985,0.168985,0.168985,0.084493,0.084493,0,0,1,0,0.000000,0.090000,0.012000,0.001000,4.500000,0.080000,24.000000,0.030000,0.000000
1.312000,0.300000,0.440000,-0.207313,-0.000000,-0.207313,-0.108397,0.000000,0.108397,0.087375,0.000414,0.076757,0.089011,0.001636,0.007329,0.006916,0.009756,0.002370,-0.000087,0.007363,-0.000033,0.165978,-0.001016,0.164962,0.164962,0.164962,0.082481,0.082481,0,0,1,0,0.000000,0.090000,0.012000,0.001000,4.500000,0.080000,24.000000,0.030000,0.000000
1.317000,0.300000,0.440000,-0.207813,-0.000000,-0.207813,-0.107964,0.000000,0.107964,0.087375,0.000414,0.076757,0.088974,0.001599,0.007162,0.006749,0.009717,0.002377,-0.000087,0.007195,-0.000033,0.161964,-0.001003,0.160961,0.160961,0.160961,0.080480,0.080480,0,0,1,0,0.000000,0.090000,0.012000,0.001000,4.500000,0.080000,24.000000,0.030000,0.000000
1.322000,0.300000,0.440000,-0.208310,-0.000000,-0.208310,-0.107531,0.000000,0.107531,0.087378,0.000392,0.076757,0.088938,0.001559,0.006984,0.006592,0.009678,0.002383,-0.000087,0.007016,-0.000031,0.158210,-0.000939,0.157271,0.157271,0.157271,0.078636,0.078636,0,0,1,0,0.000000,0.090000,0.012000,0.001000,4.500000,0.080000,24.000000,0.030000,0.000000
1.327000,0.300000,0.440000,-0.208805,-0.000000,-0.208805,-0.107097,0.000000,0.107097,0.087378,0.000392,0.076757,0.088902,0.001523,0.006823,0.006430,0.009639,0.002390,-0.000087,0.006854,-0.000031,0.154327,-0.000971,0.153357,0.153357,0.153357,0.076678,0.076678,0,0,1,0,0.000000,0.090000,0.012000,0.001000,4.500000,0.080000,24.000000,0.030000,0.000000
1.332000,0.300000,0.440000,-0.209298,-0.000000,-0.209298,-0.106659,0.000000,0.106659,0.087380,0.000319,0.076757,0.088866,0.001486,0.006662,0.006342,0.009599,0.002396,-0.000087,0.006687,-0.000026,0.152214,-0.000528,0.151685,0.151685,0.151685,0.075843,0.075843,0,0,1,0,0.000000,0.090000,0.012000,0.001000,4.500000,0.080000,24.000000,0.030000,0.000000
1.341000,0.300000,0.440000,-0.210276,-0.000000,-0.210276,-0.105773,0.000000,0.105773,0.087377,0.000172,0.076757,0.088824,0.001446,0.006495,0.006322,0.009520,0.002407,-0.000098,0.006509,-0.000014,0.151739,-0.000066,0.151673,0.151673,0.151673,0.075836,0.075836,0,0,1,0,0.000000,0.090000,0.012000,0.001000,4.500000,0.080000,24.000000,0.030000,0.000000
1.346000,0.300000,0.440000,-0.210761,-0.000000,-0.210761,-0.105326,0.000000,0.105326,0.087377,0.000172,0.076757,0.088784,0.001407,0.006317,0.006144,0.009479,0.002414,-0.000090,0.006331,-0.000014,0.147464,-0.001069,0.146396,0.146396,0.146396,0.073198,0.073198,0,0,1,0,0.000000,0.090000,0.012000,0.001000,4.500000,0.080000,24.000000,0.030000,0.000000
1.351000,0.300000,0.440000,-0.211243,-0.000000,-0.211243,-0.104876,0.000000,0.104876,0.087371,-0.000017,0.076757,0.088745,0.001375,0.006187,0.006205,0.009439,0.002420,-0.000090,0.006186,0.000001,0.148909,0.000361,0.149271,0.149271,0.149271,0.074635,0.074635,0,0,1,0,0.000000,0.090000,0.012000,0.001000,4.500000,0.080000,24.000000,0.030000,0.000000
1.356000,0.300000,0.440000,-0.211724,-0.000000,-0.211724,-0.104423,0.000000,0.104423,0.087371,-0.000017,0.076757,0.088707,0.001336,0.006015,0.006032,0.009398,0.002426,-0.000091,0.006014,0.000001,0.144773,-0.001034,0.143739,0.143739,0.143739,0.071869,0.071869,0,0,1,0,0.000000,0.090000,0.012000,0.001000,4.500000,0.080000,24.000000,0.030000,0.000000
1.361000,0.300000,0.440000,-0.212201,-0.000000,-0.212201,-0.103968,0.000000,0.103968,0.087360,-0.000251,0.076757,0.088669,0.001309,0.005912,0.006163,0.009357,0.002432,-0.000091,0.005892,0.000020,0.147908,0.000784,0.148692,0.148692,0.148692,0.074346,0.074346,0,0,1,0,0.000000,0.090000,0.012000,0.001000,4.500000,0.080000,24.000000,0.030000,0.000000
1.366000,0.300000,0.440000,-0.212676,-0.000000,-0.212676,-0.103509,0.000000,0.103509,0.087360,-0.000251,0.076757,0.088632,0.001272,0.005744,0.005994,0.009316,0.002439,-0.000092,0.005723,0.000020,0.143858,-0.001013,0.142845,0.142845,0.142845,0.071423,0.071423,0,0,1,0,0.000000,0.090000,0.012000,0.001000,4.500000,0.080000,24.000000,0.030000,0.000000
1.371000,0.300000,0.440000,-0.213149,-0.000000,-0.213149,-0.103050,0.000000,0.103050,0.087345,-0.000510,0.076757,0.088595,0.001250,0.005664,0.006174,0.009275,0.002445,-0.000092,0.005623,0.000041,0.148172,0.001079,0.149251,0.149251,0.149251,0.074625,0.074625,0,0,1,0,0.000000,0.090000,0.012000,0.001000,4.500000,0.080000,24.000000,0.030000,0.000000
1.376000,0.300000,0.440000,-0.213619,-0.000000,-0.213619,-0.102589,0.000000,0.102589,0.087345,-0.000510,0.076757,0.088558,0.001213,0.005498,0.006008,0.009233,0.002451,-0.000092,0.005457,0.000041,0.144182,-0.000997,0.143185,0.143185,0.143185,0.071592,0.071592,0,0,1,0,0.000000,0.090000,0.012000,0.001000,4.500000,0.080000,24.000000,0.030000,0.000000
1.381000,0.300000,0.440000,-0.214087,-0.000000,-0.214087,-0.102130,0.000000,0.102130,0.087327,-0.000769,0.076757,0.088521,0.001194,0.005435,0.006204,0.009192,0.002457,-0.000092,0.005373,0.000062,0.148904,0.001180,0.150084,0.150084,0.150084,0.075042,0.075042,0,0,1,0,0.000000,0.090000,0.012000,0.001000,4.500000,0.080000,24.000000,0.030000,0.000000
1.390000,0.300000,0.440000,-0.214552,-0.000000,-0.214552,-0.101670,0.000000,0.101670,0.087307,-0.001004,0.076757,0.088492,0.001184,0.005410,0.006414,0.009150,0.002468,-0.000051,0.005330,0.000080,0.153942,0.000700,0.154641,0.154641,0.154641,0.077321,0.077321,0,0,1,0,0.000000,0.090000,0.012000,0.001000,4.500000,0.080000,24.000000,0.030000,0.000000
1.395000,0.300000,0.440000,-0.215016,-0.000000,-0.215016,-0.101213,0.000000,0.101213,0.087307,-0.001004,0.076757,0.088455,0.001148,0.005246,0.006250,0.009109,0.002474,-0.000091,0.005166,0.000080,0.150006,-0.000984,0.149021,0.149021,0.149021,0.074511,0.074511,0,0,1,0,0.000000,0.090000,0.012000,0.001000,4.500000,0.080000,24.000000,0.030000,0.000000
1.400000,0.300000,0.440000,-0.215477,-0.000000,-0.215477,-0.100760,0.000000,0.100760,0.087307,-0.001004,0.076757,0.088419,0.001112,0.005084,0.006088,0.009068,0.002480,-0.000091,0.005004,0.000080,0.146109,-0.000974,0.145135,0.145135,0.145135,0.072568,0.072568,0,0,1,0,0.000000,0.090000,0.012000,0.001000,4.500000,0.080000,24.000000,0.030000,0.000000
1.405000,0.300000,0.440000,-0.215937,-0.000000,-0.215937,-0.100313,0.000000,0.100313,0.087288,-0.001152,0.076757,0.088383,0.001095,0.005022,0.006174,0.009028,0.002486,-0.000089,0.004930,0.000092,0.148170,0.000515,0.148685,0.148685,0.148685,0.074343,0.074343,0,0,1,0,0.000000,0.090000,0.012000,0.001000,4.500000,0.080000,24.000000,0.030000,0.000000
1.410000,0.300000,0.440000,-0.216395,-0.000000,-0.216395,-0.099870,0.000000,0.099870,0.087288,-0.001152,0.076757,0.088348,0.001060,0.004863,0.006015,0.008988,0.002492,-0.000089,0.004771,0.000092,0.144365,-0.000951,0.143414,0.143414,0.143414,0.071707,0.071707,0,0,1,0,0.000000,0.090000,0.012000,0.001000,4.500000,0.080000,24.000000,0.030000,0.000000
1.415000,0.300000,0.440000,-0.216851,-0.000000,-0.216851,-0.099431,0.000000,0.099431,0.087271,-0.001244,0.076757,0.088313,0.001042,0.004791,0.006035,0.008949,0.002498,-0.000088,0.004691,0.000100,0.144837,0.000118,0.144955,0.144955,0.144955,0.072477,0.072477,0,0,1,0,0.000000,0.090000,0.012000,0.001000,4.500000,0.080000,24.000000,0.030000,0.000000
1.420000,0.300000,0.440000,-0.217305,-0.000000,-0.217305,-0.098993,0.000000,0.098993,0.087271,-0.001244,0.076757,0.088279,0.001008,0.004635,0.005879,0.008909,0.002504,-0.000088,0.004535,0.000100,0.141099,-0.000934,0.140164,0.140164,0.140164,0.070082,0.070082,0,0,1,0,0.000000,0.090000,0.012000,0.001000,4.500000,0.080000,24.000000,0.030000,0.000000
1.425000,0.300000,0.440000,-0.217758,-0.000000,-0.217758,-0.098558,0.000000,0.098558,0.087254,-0.001314,0.076757,0.088244,0.000990,0.004560,0.005874,0.008870,0.002510,-0.000087,0.004455,0.000105,0.140971,-0.000032,0.140939,0.140939,0.140939,0.070470,0.070470,0,0,1,0,0.000000,0.090000,0.012000,0.001000,4.500000,0.080000,24.000000,0.030000,0.000000
1.430000,0.300000,0.440000,-0.218208,-0.000000,-0.218208,-0.098124,0.000000,0.098124,0.087254,-0.001314,0.076757,0.088210,0.000956,0.004406,0.005720,0.008831,0.002516,-0.000087,0.004301,0.000105,0.137285,-0.000922,0.136363,0.136363,0.136363,0.068181,0.068181,0,0,1,0,0.000000,0.090000,0.012000,0.001000,4.500000,0.080000,24.000000,0.030000,0.000000
1.435000,0.300000,0.440000,-0.218656,-0.000000,-0.218656,-0.097691,0.000000,0.097691,0.087238,-0.001379,0.076757,0.088176,0.000938,0.004333,0.005711,0.008792,0.002522,-0.000087,0.004222,0.000110,0.137068,-0.000054,0.137013,0.137013,0.137013,0.068507,0.068507,0,0,1,0,0.000000,0.090000,0.012000,0.001000,4.500000,0.080000,24.000000,0.030000,0.000000
1.440000,0.300000,0.440000,-0.219102,-0.000000,-0.219102,-0.097258,0.000000,0.097258,0.087238,-0.001379,0.076757,0.088142,0.000904,0.004180,0.005559,0.008753,0.002528,-0.000087,0.004070,0.000110,0.133415,-0.000913,0.132502,0.132502,0.132502,0.066251,0.066251,0,0,1,0,0.000000,0.090000,0.012000,0.001000,4.500000,0.080000,24.000000,0.030000,0.000000
1.449000,0.300000,0.440000,-0.219988,-0.000000,-0.219988,-0.096392,0.000000,0.096392,0.087221,-0.001453,0.076757,0.088102,0.000881,0.004083,0.005535,0.008675,0.002538,-0.000096,0.003967,0.000116,0.132849,-0.000079,0.132770,0.132770,0.132770,0.066385,0.066385,0,0,1,0,0.000000,0.090000,0.012000,0.001000,4.500000,0.080000,24.000000,0.030000,0.000000
1.454000,0.300000,0.440000,-0.220427,-0.000000,-0.220427,-0.095959,0.000000,0.095959,0.087202,-0.001551,0.076757,0.088064,0.000862,0.004005,0.005556,0.008636,0.002544,-0.000087,0.003881,0.000124,0.133342,0.000123,0.133466,0.133466,0.133466,0.066733,0.066733,0,0,1,0,0.000000,0.090000,0.012000,0.001000,4.500000,0.080000,24.000000,0.030000,0.000000
1.459000,0.300000,0.440000,-0.220864,-0.000000,-0.220864,-0.095525,0.000000,0.095525,0.087202,-0.001551,0.076757,0.088027,0.000825,0.003838,0.005389,0.008597,0.002550,-0.000087,0.003714,0.000124,0.129330,-0.001003,0.128327,0.128327,0.128327,0.064164,0.064164,0,0,1,0,0.000000,0.090000,0.012000,0.001000,4.500000,0.080000,24.000000,0.030000,0.000000
1.464000,0.300000,0.440000,-0.221300,-0.000000,-0.221300,-0.095093,0.000000,0.095093,0.087182,-0.001644,0.076757,0.087991,0.000809,0.003772,0.005416,0.008558,0.002555,-0.000086,0.003641,0.000131,0.129974,0.000161,0.130135,0.130135,0.130135,0.065068,0.065068,0,0,1,0,0.000000,0.090000,0.012000,0.001000,4.500000,0.080000,24.000000,0.030000,0.000000
1.469000,0.300000,0.440000,-0.221733,-0.000000,-0.221733,-0.094660,0.000000,0.094660,0.087182,-0.001644,0.076757,0.087955,0.000773,0.003610,0.005253,0.008519,0.002561,-0.000087,0.003478,0.000131,0.126080,-0.000974,0.125106,0.125106,0.125106,0.062553,0.062553,0,0,1,0,0.000000,0.090000,0.012000,0.001000,4.500000,0.080000,24.000000,0.030000,0.000000
1.474000,0.300000,0.440000,-0.222164,-0.000000,-0.222164,-0.094228,0.000000,0.094228,0.087160,-0.001746,0.076757,0.087919,0.000759,0.003554,0.005300,0.008480,0.002567,-0.000086,0.003414,0.000140,0.127210,0.000283,0.127493,0.127493,0.127493,0.063746,0.063746,0,0,1,0,0.000000,0.090000,0.012000,0.001000,4.500000,0.080000,24.000000,0.030000,0.000000
1.479000,0.300000,0.440000,-0.222592,-0.000000,-0.222592,-0.093794,0.000000,0.093794,0.087160,-0.001746,0.076757,0.087884,0.000723,0.003395,0.005141,0.008441,0.002572,-0.000087,0.003255,0.000140,0.123395,-0.000954,0.122442,0.122442,0.122442,0.061221,0.061221,0,0,1,0,0.000000,0.090000,0.012000,0.001000,4.500000,0.080000,24.000000,0.030000,0.000000
1.484000,0.300000,0.440000,-0.223019,-0.000000,-0.223019,-0.093361,0.000000,0.093361,0.087137,-0.001863,0.076757,0.087849,0.000711,0.003350,0.005214,0.008402,0.002578,-0.000087,0.003201,0.000149,0.125131,0.000434,0.125565,0.125565,0.125565,0.062783,0.062783,0,0,1,0,0.000000,0.090000,0.012000,0.001000,4.500000,0.080000,24.000000,0.030000,0.000000
1.493000,0.300000,0.440000,-0.223865,-0.000000,-0.223865,-0.092493,0.000000,0.092493,0.087112,-0.001992,0.076757,0.087807,0.000695,0.003286,0.005278,0.008324,0.002588,-0.000096,0.003127,0.000159,0.126667,0.000213,0.126880,0.126880,0.126880,0.063440,0.063440,0,0,1,0,0.000000,0.090000,0.012000,0.001000,4.500000,0.080000,24.000000,0.030000,0.000000
1.498000,0.300000,0.440000,-0.224285,-0.000000,-0.224285,-0.092061,0.000000,0.092061,0.087112,-0.001992,0.076757,0.087768,0.000656,0.003112,0.005103,0.008285,0.002593,-0.000086,0.002952,0.000159,0.122483,-0.001046,0.121437,0.121437,0.121437,0.060718,0.060718,0,0,1,0,0.000000,0.090000,0.012000,0.001000,4.500000,0.080000,24.000000,0.030000,0.000000
1.503000,0.300000,0.440000,-0.224703,-0.000000,-0.224703,-0.091631,0.000000,0.091631,0.087087,-0.002093,0.076757,0.087731,0.000644,0.003064,0.005157,0.008247,0.002599,-0.000086,0.002897,0.000167,0.123762,0.000320,0.124082,0.124082,0.124082,0.062041,0.062041,0,0,1,0,0.000000,0.090000,0.012000,0.001000,4.500000,0.080000,24.000000,0.030000,0.000000
1.508000,0.300000,0.440000,-0.225119,-0.000000,-0.225119,-0.091202,0.000000,0.091202,0.087087,-0.002093,0.076757,0.087694,0.000607,0.002897,0.004990,0.008208,0.002604,-0.000086,0.002730,0.000167,0.119753,-0.001002,0.118750,0.118750,0.118750,0.059375,0.059375,0,0,1,0,0.000000,0.090000,0.012000,0.001000,4.500000,0.080000,24.000000,0.030000,0.000000
1.513000,0.300000,0.440000,-0.225533,-0.000000,-0.225533,-0.090774,0.000000,0.090774,0.087061,-0.002184,0.076757,0.087657,0.000596,0.002856,0.005040,0.008170,0.002610,-0.000085,0.002681,0.000175,0.120954,0.000300,0.121254,0.121254,0.121254,0.060627,0.060627,0,0,1,0,0.000000,0.090000,0.012000,0.001000,4.500000,0.080000,24.000000,0.030000,0.000000
1.518000,0.300000,0.440000,-0.225945,-0.000000,-0.225945,-0.090347,0.000000,0.090347,0.087061,-0.002184,0.076757,0.087621,0.000560,0.002694,0.004878,0.008131,0.002615,-0.000086,0.002520,0.000175,0.117071,-0.000971,0.116101,0.116101,0.116101,0.058050,0.058050,0,0,1,0,0.000000,0.090000,0.012000,0.001000,4.500000,0.080000,24.000000,0.030000,0.000000
1.523000,0.300000,0.440000,-0.226355,-0.000000,-0.226355,-0.089921,0.000000,0.089921,0.087035,-0.002273,0.076757,0.087586,0.000551,0.002661,0.004933,0.008093,0.002621,-0.000085,0.002479,0.000182,0.118397,0.000331,0.118728,0.118728,0.118728,0.059364,0.059364,0,0,1,0,0.000000,0.090000,0.012000,0.001000,4.500000,0.080000,24.000000,0.030000,0.000000
1.528000,0.300000,0.440000,-0.226763,-0.000000,-0.226763,-0.089494,0.000000,0.089494,0.087035,-0.002273,0.076757,0.087551,0.000516,0.002503,0.004775,0.008054,0.002626,-0.000085,0.002321,0.000182,0.114606,-0.000948,0.113658,0.113658,0.113658,0.056829,0.056829,0,0,1,0,0.000000,0.090000,0.012000,0.001000,4.500000,0.080000,24.000000,0.030000,0.000000
1.533000,0.300000,0.440000,-0.227169,-0.000000,-0.227169,-0.089069,0.000000,0.089069,0.087008,-0.002364,0.076757,0.087516,0.000508,0.002476,0.004841,0.008016,0.002631,-0.000085,0.002287,0.000189,0.116177,0.000393,0.116570,0.116570,0.116570,0.058285,0.058285,0,0,1,0,0.000000,0.090000,0.012000,0.001000,4.500000,0.080000,24.000000,0.030000,0.000000
1.538000,0.300000,0.440000,-0.227572,-0.000000,-0.227572,-0.088643,0.000000,0.088643,0.087008,-0.002364,0.076757,0.087481,0.000474,0.002321,0.004685,0.007978,0.002637,-0.000085,0.002132,0.000189,0.112451,-0.000931,0.111520,0.111520,0.111520,0.055760,0.055760,0,0,1,0,0.000000,0.090000,0.012000,0.001000,4.500000,0.080000,24.000000,0.030000,0.000000
1.547000,0.300000,0.440000,-0.228373,-0.000000,-0.228373,-0.087793,0.000000,0.087793,0.086979,-0.002460,0.076757,0.087441,0.000461,0.002273,0.004733,0.007901,0.002646,-0.000094,0.002076,0.000197,0.113591,0.000158,0.113749,0.113749,0.113749,0.056875,0.056875,0,0,1,0,0.000000,0.090000,0.012000,0.001000,4.500000,0.080000,24.000000,0.030000,0.000000
1.552000,0.300000,0.440000,-0.228771,-0.000000,-0.228771,-0.087368,0.000000,0.087368,0.086949,-0.002571,0.076757,0.087402,0.000453,0.002244,0.004815,0.007863,0.002651,-0.000085,0.002038,0.000206,0.115564,0.000493,0.116058,0.116058,0.116058,0.058029,0.058029,0,0,1,0,0.000000,0.090000,0.012000,0.001000,4.500000,0.080000,24.000000,0.030000,0.000000
1.557000,0.300000,0.440000,-0.229166,-0.000000,-0.229166,-0.086944,0.000000,0.086944,0.086949,-0.002571,0.076757,0.087365,0.000416,0.002076,0.004647,0.007825,0.002657,-0.000085,0.001870,0.000206,0.111529,-0.001009,0.110520,0.110520,0.110520,0.055260,0.055260,0,0,1,0,0.000000,0.090000,0.012000,0.001000,4.500000,0.080000,24.000000,0.030000,0.000000
1.562000,0.300000,0.440000,-0.229559,-0.000000,-0.229559,-0.086523,0.000000,0.086523,0.086919,-0.002649,0.076757,0.087328,0.000409,0.002054,0.004703,0.007787,0.002662,-0.000084,0.001842,0.000212,0.112882,0.000338,0.113221,0.113221,0.113221,0.056610,0.056610,0,0,1,0,0.000000,0.090000,0.012000,0.001000,4.500000,0.080000,24.000000,0.030000,0.000000
1.567000,0.300000,0.440000,-0.229951,-0.000000,-0.229951,-0.086103,0.000000,0.086103,0.086919,-0.002649,0.076757,0.087292,0.000373,0.001892,0.004542,0.007749,0.002667,-0.000084,0.001680,0.000212,0.109000,-0.000971,0.108029,0.108029,0.108029,0.054015,0.054015,0,0,1,0,0.000000,0.090000,0.012000,0.001000,4.500000,0.080000,24.000000,0.030000,0.000000
1.572000,0.300000,0.440000,-0.230340,-0.000000,-0.230340,-0.085686,0.000000,0.085686,0.086889,-0.002711,0.076757,0.087257,0.000368,0.001873,0.004584,0.007712,0.002672,-0.000083,0.001656,0.000217,0.110016,0.000254,0.110270,0.110270,0.110270,0.055135,0.055135,0,0,1,0,0.000000,0.090000,0.012000,0.001000,4.500000,0.080000,24.000000,0.030000,0.000000
1.577000,0.300000,0.440000,-0.230728,-0.000000,-0.230728,-0.085269,0.000000,0.085269,0.086889,-0.002711,0.076757,0.087222,0.000333,0.001716,0.004427,0.007674,0.002677,-0.000083,0.001499,0.000217,0.106247,-0.000942,0.105305,0.105305,0.105305,0.052653,0.052653,0,0,1,0,0.000000,0.090000,0.012000,0.001000,4.500000,0.080000,24.000000,0.030000,0.000000
1.582000,0.300000,0.440000,-0.231113,-0.000000,-0.231113,-0.084854,0.000000,0.084854,0.086859,-0.002766,0.076757,0.087188,0.000329,0.001701,0.004467,0.007637,0.002682,-0.000083,0.001480,0.000221,0.107197,0.000237,0.107435,0.107435,0.107435,0.053717,0.053717,0,0,1,0,0.000000,0.090000,0.012000,0.001000,4.500000,0.080000,24.000000,0.030000,0.000000
1.587000,0.300000,0.440000,-0.231497,-0.000000,-0.231497,-0.084439,0.000000,0.084439,0.086859,-0.002766,0.076757,0.087154,0.000295,0.001547,0.004313,0.007599,0.002687,-0.000083,0.001326,0.000221,0.103512,-0.000921,0.102590,0.102590,0.102590,0.051295,0.051295,0,0,1,0,0.000000,0.090000,0.012000,0.001000,4.500000,0.080000,24.000000,0.030000,0.000000
1.592000,0.300000,0.440000,-0.231879,-0.000000,-0.231879,-0.084025,0.000000,0.084025,0.086828,-0.002822,0.076757,0.087120,0.000291,0.001537,0.004360,0.007562,0.002692,-0.000083,0.001311,0.000226,0.104628,0.000279,0.104907,0.104907,0.104907,0.052454,0.052454,0,0,1,0,0.000000,0.090000,0.012000,0.001000,4.500000,0.080000,24.000000,0.030000,0.000000
1.601000,0.300000,0.440000,-0.232636,-0.000000,-0.232636,-0.083198,0.000000,0.083198,0.086797,-0.002886,0.076757,0.087080,0.000283,0.001504,0.004390,0.007488,0.002701,-0.000092,0.001273,0.000231,0.105350,0.000100,0.105450,0.105450,0.105450,0.052725,0.052725,0,0,1,0,0.000000,0.090000,0.012000,0.001000,4.500000,0.080000,24.000000,0.030000,0.000000
1.606000,0.300000,0.440000,-0.233011,-0.000000,-0.233011,-0.082786,0.000000,0.082786,0.086797,-0.002886,0.076757,0.087043,0.000246,0.001336,0.004222,0.007451,0.002706,-0.000082,0.001105,0.000231,0.101322,-0.001007,0.100315,0.100315,0.100315,0.050157,0.050157,0,0,1,0,0.000000,0.090000,0.012000,0.001000,4.500000,0.080000,24.000000,0.030000,0.000000
1.611000,0.300000,0.440000,-0.233385,-0.000000,-0.233385,-0.082377,0.000000,0.082377,0.086766,-0.002927,0.076757,0.087006,0.000241,0.001316,0.004243,0.007414,0.002711,-0.000082,0.001082,0.000234,0.101835,0.000128,0.101964,0.101964,0.101964,0.050982,0.050982,0,0,1,0,0.000000,0.090000,0.012000,0.001000,4.500000,0.080000,24.000000,0.030000,0.000000
1.616000,0.300000,0.440000,-0.233757,-0.000000,-0.233757,-0.081968,0.000000,0.081968,0.086766,-0.002927,0.076757,0.086971,0.000205,0.001156,0.004082,0.007377,0.002716,-0.000082,0.000921,0.000234,0.097976,-0.000965,0.097012,0.097012,0.097012,0.048506,0.048506,0,0,1,0,0.000000,0.090000,0.012000,0.001000,4.500000,0.080000,24.000000,0.030000,0.000000
1.621000,0.300000,0.440000,-0.234127,-0.000000,-0.234127,-0.081561,0.000000,0.081561,0.086734,-0.002968,0.076757,0.086935,0.000201,0.001142,0.004110,0.007340,0.002721,-0.000082,0.000905,0.000237,0.098647,0.000168,0.098815,0.098815,0.098815,0.049407,0.049407,0,0,1,0,0.000000,0.090000,0.012000,0.001000,4.500000,0.080000,24.000000,0.030000,0.000000
1.626000,0.300000,0.440000,-0.234494,-0.000000,-0.234494,-0.081152,0.000000,0.081152,0.086734,-0.002968,0.076757,0.086901,0.000166,0.000986,0.003954,0.007304,0.002726,-0.000082,0.000749,0.000237,0.094907,-0.000935,0.093972,0.093972,0.093972,0.046986,0.046986,0,0,1,0,0.000000,0.090000,0.012000,0.001000,4.500000,0.080000,24.000000,0.030000,0.000000
1.631000,0.300000,0.440000,-0.234860,-0.000000,-0.234860,-0.080745,0.000000,0.080745,0.086702,-0.003020,0.076757,0.086867,0.000164,0.000982,0.004002,0.007267,0.002731,-0.000081,0.000740,0.000242,0.096050,0.000286,0.096336,0.096336,0.096336,0.048168,0.048168,0,0,1,0,0.000000,0.090000,0.012000,0.001000,4.500000,0.080000,24.000000,0.030000,0.000000
1.636000,0.300000,0.440000,-0.235224,-0.000000,-0.235224,-0.080336,0.000000,0.080336,0.086702,-0.003020,0.076757,0.086833,0.000131,0.000829,0.003850,0.007230,0.002736,-0.000082,0.000587,0.000242,0.092390,-0.000915,0.091476,0.091476,0.091476,0.045738,0.045738,0,0,1,0,0.000000,0.090000,0.012000,0.001000,4.500000,0.080000,24.000000,0.030000,0.000000
1.641000,0.300000,0.440000,-0.235586,-0.000000,-0.235586,-0.079929,0.000000,0.079929,0.086669,-0.003089,0.076757,0.086799,0.000130,0.000834,0.003923,0.007194,0.002740,-0.000082,0.000587,0.000247,0.094141,0.000438,0.094579,0.094579,0.094579,0.047289,0.047289,0,0,1,0,0.000000,0.090000,0.012000,0.001000,4.500000,0.080000,24.000000,0.030000,0.000000
1.646000,0.300000,0.440000,-0.235945,-0.000000,-0.235945,-0.079519,0.000000,0.079519,0.086669,-0.003089,0.076757,0.086766,0.000097,0.000684,0.003772,0.007157,0.002745,-0.000082,0.000437,0.000247,0.090536,-0.000901,0.089634,0.089634,0.089634,0.044817,0.044817,0,0,1,0,0.000000,0.090000,0.012000,0.001000,4.500000,0.080000,24.000000,0.030000,0.000000
1.655000,0.300000,0.440000,-0.236658,-0.000000,-0.236658,-0.078702,0.000000,0.078702,0.086634,-0.003171,0.076757,0.086726,0.000092,0.000669,0.003840,0.007083,0.002754,-0.000091,0.000415,0.000254,0.092160,0.000226,0.092386,0.092386,0.092386,0.046193,0.046193,0,0,1,0,0.000000,0.090000,0.012000,0.001000,4.500000,0.080000,24.000000,0.030000,0.000000
1.660000,0.300000,0.440000,-0.236658,-0.000000,-0.236658,-0.078702,0.000000,0.078702,0.086598,-0.003276,0.076757,0.086707,0.000110,0.000755,0.004031,0.007083,0.002758,0.000000,0.000493,0.000262,0.096747,0.001147,0.097894,0.097894,0.097894,0.048947,0.048947,0,0,1,0,0.000000,0.090000,0.012000,0.001000,4.500000,0.080000,24.000000,0.030000,0.000000
1.665000,0.300000,0.440000,-0.237012,-0.000000,-0.237012,-0.078292,0.000000,0.078292,0.086598,-0.003276,0.076757,0.086674,0.000076,0.000604,0.003880,0.007046,0.002763,-0.000082,0.000342,0.000262,0.093131,-0.000904,0.092228,0.092228,0.092228,0.046114,0.046114,0,0,1,0,0.000000,0.090000,0.012000,0.001000,4.500000,0.080000,24.000000,0.030000,0.000000
1.670000,0.300000,0.440000,-0.237363,-0.000000,-0.237363,-0.077883,0.000000,0.077883,0.086598,-0.003276,0.076757,0.086640,0.000043,0.000455,0.003731,0.007009,0.002768,-0.000082,0.000193,0.000262,0.089543,-0.000897,0.088646,0.088646,0.088646,0.044323,0.044323,0,0,1,0,0.000000,0.090000,0.012000,0.001000,4.500000,0.080000,24.000000,0.030000,0.000000
1.675000,0.300000,0.440000,-0.237713,-0.000000,-0.237713,-0.077479,0.000000,0.077479,0.086561,-0.003338,0.076757,0.086607,0.000047,0.000478,0.003815,0.006973,0.002772,-0.000081,0.000211,0.000267,0.091570,0.000507,0.092077,0.092077,0.092077,0.046039,0.046039,0,0,1,0,0.000000,0.090000,0.012000,0.001000,4.500000,0.080000,24.000000,0.030000,0.000000
1.680000,0.300000,0.440000,-0.238061,-0.000000,-0.238061,-0.077077,0.000000,0.077077,0.086561,-0.003338,0.076757,0.086575,0.000014,0.000331,0.003669,0.006937,0.002777,-0.000080,0.000064,0.000267,0.088049,-0.000880,0.087169,0.087169,0.087169,0.043585,0.043585,0,0,1,0,0.000000,0.090000,0.012000,0.001000,4.500000,0.080000,24.000000,0.030000,0.000000
1.685000,0.300000,0.440000,-0.238407,-0.000000,-0.238407,-0.076676,0.000000,0.076676,0.086525,-0.003390,0.076757,0.086542,0.000018,0.000351,0.003741,0.006901,0.002782,-0.000080,0.000080,0.000271,0.089774,0.000431,0.090205,0.090205,0.090205,0.045103,0.045103,0,0,1,0,0.000000,0.090000,0.012000,0.001000,4.500000,0.080000,24.000000,0.030000,0.000000
1.690000,0.300000,0.440000,-0.238751,-0.000000,-0.238751,-0.076277,0.000000,0.076277,0.086525,-0.003390,0.076757,0.086510,-0.000014,0.000206,0.003596,0.006865,0.002786,-0.000080,-0.000065,0.000271,0.086299,-0.000869,0.085430,0.085430,0.085430,0.042715,0.042715,0,0,1,0,0.000000,0.090000,0.012000,0.001000,4.500000,0.080000,24.000000,0.030000,0.000000
1.695000,0.300000,0.440000,-0.239093,-0.000000,-0.239093,-0.075880,0.000000,0.075880,0.086489,-0.003413,0.076757,0.086478,-0.000011,0.000224,0.003638,0.006829,0.002791,-0.000079,-0.000049,0.000273,0.087302,0.000251,0.087553,0.087553,0.087553,0.043777,0.043777,0,0,1,0,0.000000,0.090000,0.012000,0.001000,4.500000,0.080000,24.000000,0.030000,0.000000
1.700000,0.300000,0.440000,-0.239434,-0.000000,-0.239434,-0.075484,0.000000,0.075484,0.086489,-0.003413,0.076757,0.086446,-0.000043,0.000081,0.003494,0.006794,0.002795,-0.000079,-0.000192,0.000273,0.083863,-0.000860,0.083003,0.083003,0.083003,0.041502,0.041502,0,0,1,0,0.000000,0.090000,0.012000,0.001000,4.500000,0.080000,24.000000,0.030000,0.000000
1.705000,0.300000,0.440000,-0.239772,-0.000000,-0.239772,-0.075089,0.000000,0.075089,0.086454,-0.003439,0.076757,0.086415,-0.000039,0.000100,0.003540,0.006758,0.002800,-0.000079,-0.000175,0.000275,0.084949,0.000272,0.085221,0.085221,0.085221,0.042611,0.042611,0,0,1,0,0.000000,0.090000,0.012000,0.001000,4.500000,0.080000,24.000000,0.030000,0.000000
1.710000,0.300000,0.440000,-0.240109,-0.000000,-0.240109,-0.074693,0.000000,0.074693,0.086454,-0.003439,0.076757,0.086383,-0.000070,-0.000042,0.003397,0.006722,0.002804,-0.000079,-0.000317,0.000275,0.081536,-0.000853,0.080683,0.080683,0.080683,0.040341,0.040341,0,0,1,0,0.000000,0.090000,0.012000,0.001000,4.500000,0.080000,24.000000,0.030000,0.000000
1.715000,0.300000,0.440000,-0.240444,-0.000000,-0.240444,-0.074299,0.000000,0.074299,0.086418,-0.003472,0.076757,0.086352,-0.000066,-0.000019,0.003453,0.006687,0.002809,-0.000079,-0.000297,0.000278,0.082869,0.000333,0.083202,0.083202,0.083202,0.041601,0.041601,0,0,1,0,0.000000,0.090000,0.012000,0.001000,4.500000,0.080000,24.000000,0.030000,0.000000
1.724000,0.300000,0.440000,-0.241108,-0.000000,-0.241108,-0.073511,0.000000,0.073511,0.086381,-0.003513,0.076757,0.086314,-0.000067,-0.000019,0.003493,0.006616,0.002817,-0.000088,-0.000300,0.000281,0.083843,0.000135,0.083978,0.083978,0.083978,0.041989,0.041989,0,0,1,0,0.000000,0.090000,0.012000,0.001000,4.500000,0.080000,24.000000,0.030000,0.000000
1.729000,0.300000,0.440000,-0.241437,-0.000000,-0.241437,-0.073119,0.000000,0.073119,0.086381,-0.003513,0.076757,0.086279,-0.000102,-0.000177,0.003335,0.006581,0.002821,-0.000078,-0.000458,0.000281,0.080047,-0.000949,0.079098,0.079098,0.079098,0.039549,0.039549,0,0,1,0,0.000000,0.090000,0.012000,0.001000,4.500000,0.080000,24.000000,0.030000,0.000000
1.734000,0.300000,0.440000,-0.241764,-0.000000,-0.241764,-0.072729,0.000000,0.072729,0.086344,-0.003531,0.076757,0.086245,-0.000100,-0.000166,0.003365,0.006546,0.002825,-0.000078,-0.000449,0.000283,0.080772,0.000181,0.080953,0.080953,0.080953,0.040476,0.040476,0,0,1,0,0.000000,0.090000,0.012000,0.001000,4.500000,0.080000,24.000000,0.030000,0.000000
1.739000,0.300000,0.440000,-0.242089,-0.000000,-0.242089,-0.072340,0.000000,0.072340,0.086344,-0.003531,0.076757,0.086211,-0.000134,-0.000318,0.003213,0.006511,0.002830,-0.000078,-0.000601,0.000283,0.077117,-0.000914,0.076204,0.076204,0.076204,0.038102,0.038102,0,0,1,0,0.000000,0.090000,0.012000,0.001000,4.500000,0.080000,24.000000,0.030000,0.000000
1.744000,0.300000,0.440000,-0.242413,-0.000000,-0.242413,-0.071952,0.000000,0.071952,0.086308,-0.003549,0.076757,0.086178,-0.000130,-0.000303,0.003246,0.006476,0.002834,-0.000078,-0.000587,0.000284,0.077898,0.000195,0.078094,0.078094,0.078094,0.039047,0.039047,0,0,1,0,0.000000,0.090000,0.012000,0.001000,4.500000,0.080000,24.000000,0.030000,0.000000
1.749000,0.300000,0.440000,-0.242735,-0.000000,-0.242735,-0.071565,0.000000,0.071565,0.086308,-0.003549,0.076757,0.086145,-0.000163,-0.000451,0.003098,0.006441,0.002838,-0.000078,-0.000735,0.000284,0.074345,-0.000888,0.073456,0.073456,0.073456,0.036728,0.036728,0,0,1,0,0.000000,0.090000,0.012000,0.001000,4.500000,0.080000,24.000000,0.030000,0.000000
1.754000,0.300000,0.440000,-0.243055,-0.000000,-0.243055,-0.071178,0.000000,0.071178,0.086271,-0.003575,0.076757,0.086112,-0.000159,-0.000430,0.003145,0.006406,0.002843,-0.000077,-0.000716,0.000286,0.075470,0.000281,0.075751,0.075751,0.075751,0.037875,0.037875,0,0,1,0,0.000000,0.090000,0.012000,0.001000,4.500000,0.080000,24.000000,0.030000,0.000000
1.759000,0.300000,0.440000,-0.243373,-0.000000,-0.243373,-0.070790,0.000000,0.070790,0.086271,-0.003575,0.076757,0.086080,-0.000191,-0.000575,0.002999,0.006371,0.002847,-0.000078,-0.000861,0.000286,0.071985,-0.000871,0.071114,0.071114,0.071114,0.035557,0.035557,0,0,1,0,0.000000,0.090000,0.012000,0.001000,4.500000,0.080000,24.000000,0.030000,0.000000
1.764000,0.300000,0.440000,-0.243689,-0.000000,-0.243689,-0.070403,0.000000,0.070403,0.086234,-0.003614,0.076757,0.086048,-0.000186,-0.000547,0.003067,0.006336,0.002851,-0.000077,-0.000836,0.000289,0.073600,0.000404,0.074004,0.074004,0.074004,0.037002,0.037002,0,0,1,0,0.000000,0.090000,0.012000,0.001000,4.500000,0.080000,24.000000,0.030000,0.000000
1.769000,0.300000,0.440000,-0.244003,-0.000000,-0.244003,-0.070015,0.000000,0.070015,0.086234,-0.003614,0.076757,0.086016,-0.000218,-0.000690,0.002923,0.006301,0.002855,-0.000078,-0.000979,0.000289,0.070163,-0.000859,0.069304,0.069304,0.069304,0.034652,0.034652,0,0,1,0,0.000000,0.090000,0.012000,0.001000,4.500000,0.080000,24.000000,0.030000,0.000000
1.778000,0.300000,0.440000,-0.244625,-0.000000,-0.244625,-0.069240,0.000000,0.069240,0.086195,-0.003666,0.076757,0.085978,-0.000217,-0.000682,0.002984,0.006232,0.002863,-0.000086,-0.000975,0.000293,0.071609,0.000201,0.071809,0.071809,0.071809,0.035905,0.035905,0,0,1,0,0.000000,0.090000,0.012000,0.001000,4.500000,0.080000,24.000000,0.030000,0.000000
1.783000,0.300000,0.440000,-0.244933,-0.000000,-0.244933,-0.068852,0.000000,0.068852,0.086155,-0.003740,0.076757,0.085943,-0.000212,-0.000656,0.003084,0.006197,0.002867,-0.000078,-0.000955,0.000299,0.074026,0.000604,0.074631,0.074631,0.074631,0.037315,0.037315,0,0,1,0,0.000000,0.090000,0.012000,0.001000,4.500000,0.080000,24.000000,0.030000,0.000000
1.788000,0.300000,0.440000,-0.245239,-0.000000,-0.245239,-0.068465,0.000000,0.068465,0.086155,-0.003740,0.076757,0.085908,-0.000247,-0.000812,0.002929,0.006162,0.002871,-0.000077,-0.001111,0.000299,0.070286,-0.000935,0.069351,0.069351,0.069351,0.034675,0.034675,0,0,1,0,0.000000,0.090000,0.012000,0.001000,4.500000,0.080000,24.000000,0.030000,0.000000
1.793000,0.300000,0.440000,-0.245544,-0.000000,-0.245544,-0.068082,0.000000,0.068082,0.086115,-0.003785,0.076757,0.085874,-0.000240,-0.000779,0.003006,0.006127,0.002875,-0.000077,-0.001082,0.000303,0.072142,0.000464,0.072606,0.072606,0.072606,0.036303,0.036303,0,0,1,0,0.000000,0.090000,0.012000,0.001000,4.500000,0.080000,24.000000,0.030000,0.000000
1.798000,0.300000,0.440000,-0.245847,-0.000000,-0.245847,-0.067699,0.000000,0.067699,0.086115,-0.003785,0.076757,0.085841,-0.000274,-0.000929,0.002856,0.006093,0.002879,-0.000077,-0.001232,0.000303,0.068539,-0.000901,0.067638,0.067638,0.067638,0.033819,0.033819,0,0,1,0,0.000000,0.090000,0.012000,0.001000,4.500000,0.080000,24.000000,0.030000,0.000000
1.803000,0.300000,0.440000,-0.246148,-0.000000,-0.246148,-0.067318,0.000000,0.067318,0.086075,-0.003812,0.076757,0.085808,-0.000267,-0.000896,0.002916,0.006059,0.002883,-0.000076,-0.001201,0.000305,0.069982,0.000361,0.070343,0.070343,0.070343,0.035171,0.035171,0,0,1,0,0.000000,0.090000,0.012000,0.001000,4.500000,0.080000,24.000000,0.030000,0.000000
1.808000,0.300000,0.440000,-0.246447,-0.000000,-0.246447,-0.066939,0.000000,0.066939,0.086075,-0.003812,0.076757,0.085776,-0.000299,-0.001042,0.002770,0.006025,0.002887,-0.000076,-0.001346,0.000305,0.066484,-0.000874,0.065610,0.065610,0.065610,0.032805,0.032805,0,0,1,0,0.000000,0.090000,0.012000,0.001000,4.500000,0.080000,24.000000,0.030000,0.000000
1.813000,0.300000,0.440000,-0.246745,-0.000000,-0.246745,-0.066562,0.000000,0.066562,0.086036,-0.003828,0.076757,0.085744,-0.000292,-0.001007,0.002820,0.005991,0.002891,-0.000075,-0.001313,0.000306,0.067691,0.000302,0.067992,0.067992,0.067992,0.033996,0.033996,0,0,1,0,0.000000,0.090000,0.012000,0.001000,4.500000,0.080000,24.000000,0.030000,0.000000
1.818000,0.300000,0.440000,-0.247041,-0.000000,-0.247041,-0.066185,0.000000,0.066185,0.086036,-0.003828,0.076757,0.085712,-0.000323,-0.001150,0.002678,0.005957,0.002895,-0.000075,-0.001456,0.000306,0.064274,-0.000854,0.063420,0.063420,0.063420,0.031710,0.031710,0,0,1,0,0.000000,0.090000,0.012000,0.001000,4.500000,0.080000,24.000000,0.030000,0.000000
1.827000,0.300000,0.440000,-0.247627,-0.000000,-0.247627,-0.065435,0.000000,0.065435,0.085997,-0.003840,0.076757,0.085675,-0.000322,-0.001140,0.002700,0.005889,0.002902,-0.000083,-0.001447,0.000307,0.064804,0.000074,0.064877,0.064877,0.064877,0.032439,0.032439,0,0,1,0,0.000000,0.090000,0.012000,0.001000,4.500000,0.080000,24.000000,0.030000,0.000000
1.832000,0.300000,0.440000,-0.247918,-0.000000,-0.247918,-0.065060,0.000000,0.065060,0.085957,-0.003864,0.076757,0.085640,-0.000317,-0.001117,0.002747,0.005855,0.002906,-0.000075,-0.001426,0.000309,0.065928,0.000281,0.066209,0.066209,0.066209,0.033105,0.033105,0,0,1,0,0.000000,0.090000,0.012000,0.001000,4.500000,0.080000,24.000000,0.030000,0.000000
1.837000,0.300000,0.440000,-0.248206,-0.000000,-0.248206,-0.064687,0.000000,0.064687,0.085957,-0.003864,0.076757,0.085606,-0.000351,-0.001270,0.002594,0.005822,0.002910,-0.000075,-0.001579,0.000309,0.062259,-0.000917,0.061341,0.061341,0.061341,0.030671,0.030671,0,0,1,0,0.000000,0.090000,0.012000,0.001000,4.500000,0.080000,24.000000,0.030000,0.000000
1.842000,0.300000,0.440000,-0.248493,-0.000000,-0.248493,-0.064317,0.000000,0.064317,0.085918,-0.003866,0.076757,0.085573,-0.000345,-0.001242,0.002624,0.005789,0.002914,-0.000074,-0.001552,0.000309,0.062970,0.000178,0.063147,0.063147,0.063147,0.031574,0.031574,0,0,1,0,0.000000,0.090000,0.012000,0.001000,4.500000,0.080000,24.000000,0.030000,0.000000
1.847000,0.300000,0.440000,-0.248779,-0.000000,-0.248779,-0.063947,0.000000,0.063947,0.085918,-0.003866,0.076757,0.085541,-0.000377,-0.001389,0.002477,0.005755,0.002918,-0.000074,-0.001699,0.000309,0.059444,-0.000881,0.058562,0.058562,0.058562,0.029281,0.029281,0,0,1,0,0.000000,0.090000,0.012000,0.001000,4.500000,0.080000,24.000000,0.030000,0.000000
1.852000,0.300000,0.440000,-0.249062,-0.000000,-0.249062,-0.063579,0.000000,0.063579,0.085879,-0.003866,0.076757,0.085508,-0.000371,-0.001359,0.002507,0.005722,0.002922,-0.000074,-0.001668,0.000309,0.060158,0.000179,0.060337,0.060337,0.060337,0.030169,0.030169,0,0,1,0,0.000000,0.090000,0.012000,0.001000,4.500000,0.080000,24.000000,0.030000,0.000000
1.857000,0.300000,0.440000,-0.249344,-0.000000,-0.249344,-0.063210,0.000000,0.063210,0.085879,-0.003866,0.076757,0.085477,-0.000402,-0.001502,0.002364,0.005689,0.002925,-0.000074,-0.001811,0.000309,0.056735,-0.000856,0.055880,0.055880,0.055880,0.027940,0.027940,0,0,1,0,0.000000,0.090000,0.012000,0.001000,4.500000,0.080000,24.000000,0.030000,0.000000
1.862000,0.300000,0.440000,-0.249624,-0.000000,-0.249624,-0.062843,0.000000,0.062843,0.085840,-0.003873,0.076757,0.085445,-0.000395,-0.001466,0.002407,0.005656,0.002929,-0.000073,-0.001776,0.000310,0.057764,0.000257,0.058021,0.058021,0.058021,0.029011,0.029011,0,0,1,0,0.000000,0.090000,0.012000,0.001000,4.500000,0.080000,24.000000,0.030000,0.000000
1.867000,0.300000,0.440000,-0.249902,-0.000000,-0.249902,-0.062475,0.000000,0.062475,0.085840,-0.003873,0.076757,0.085414,-0.000426,-0.001606,0.002267,0.005623,0.002933,-0.000074,-0.001916,0.000310,0.054412,-0.000838,0.053574,0.053574,0.053574,0.026787,0.026787,0,0,1,0,0.000000,0.090000,0.012000,0.001000,4.500000,0.080000,24.000000,0.030000,0.000000
1.872000,0.300000,0.440000,-0.250179,-0.000000,-0.250179,-0.062107,0.000000,0.062107,0.085800,-0.003894,0.076757,0.085384,-0.000417,-0.001564,0.002330,0.005590,0.002937,-0.000073,-0.001876,0.000312,0.055927,0.000379,0.056306,0.056306,0.056306,0.028153,0.028153,0,0,1,0,0.000000,0.090000,0.012000,0.001000,4.500000,0.080000,24.000000,0.030000,0.000000
1.877000,0.300000,0.440000,-0.250453,-0.000000,-0.250453,-0.061739,0.000000,0.061739,0.085800,-0.003894,0.076757,0.085353,-0.000447,-0.001702,0.002193,0.005557,0.002940,-0.000074,-0.002013,0.000312,0.052623,-0.000826,0.051797,0.051797,0.051797,0.025899,0.025899,0,0,1,0,0.000000,0.090000,0.012000,0.001000,4.500000,0.080000,24.000000,0.030000,0.000000
1.882000,0.300000,0.440000,-0.250726,-0.000000,-0.250726,-0.061372,0.000000,0.061372,0.085760,-0.003930,0.076757,0.085323,-0.000437,-0.001653,0.002277,0.005523,0.002944,-0.000073,-0.001967,0.000314,0.054642,0.000505,0.055147,0.055147,0.055147,0.027573,0.027573,0,0,1,0,0.000000,0.090000,0.012000,0.001000,4.500000,0.080000,24.000000,0.030000,0.000000
1.887000,0.300000,0.440000,-0.250997,-0.000000,-0.250997,-0.061003,0.000000,0.061003,0.085760,-0.003930,0.076757,0.085292,-0.000467,-0.001789,0.002140,0.005490,0.002948,-0.000074,-0.002104,0.000314,0.051372,-0.000818,0.050554,0.050554,0.050554,0.025277,0.025277,0,0,1,0,0.000000,0.090000,0.012000,0.001000,4.500000,0.080000,24.000000,0.030000,0.000000
1.892000,0.300000,0.440000,-0.251266,-0.000000,-0.251266,-0.060636,0.000000,0.060636,0.085718,-0.003975,0.076757,0.085262,-0.000456,-0.001734,0.002241,0.005457,0.002951,-0.000073,-0.002052,0.000318,0.053775,0.000601,0.054375,0.054375,0.054375,0.027188,0.027188,0,0,1,0,0.000000,0.090000,0.012000,0.001000,4.500000,0.080000,24.000000,0.030000,0.000000
1.901000,0.300000,0.440000,-0.251798,-0.000000,-0.251798,-0.059902,0.000000,0.059902,0.085676,-0.004023,0.076757,0.085227,-0.000450,-0.001701,0.002322,0.005391,0.002958,-0.000082,-0.002023,0.000322,0.055718,0.000270,0.055988,0.055988,0.055988,0.027994,0.027994,0,0,1,0,0.000000,0.090000,0.012000,0.001000,4.500000,0.080000,24.000000,0.030000,0.000000
1.906000,0.300000,0.440000,-0.252062,-0.000000,-0.252062,-0.059538,0.000000,0.059538,0.085676,-0.004023,0.076757,0.085193,-0.000483,-0.001852,0.002171,0.005358,0.002961,-0.000073,-0.002173,0.000322,0.052105,-0.000903,0.051201,0.051201,0.051201,0.025601,0.025601,0,0,1,0,0.000000,0.090000,0.012000,0.001000,4.500000,0.080000,24.000000,0.030000,0.000000
1.911000,0.300000,0.440000,-0.252324,-0.000000,-0.252324,-0.059177,0.000000,0.059177,0.085634,-0.004037,0.076757,0.085160,-0.000474,-0.001810,0.002227,0.005326,0.002965,-0.000072,-0.002133,0.000323,0.053454,0.000337,0.053791,0.053791,0.053791,0.026896,0.026896,0,0,1,0,0.000000,0.090000,0.012000,0.001000,4.500000,0.080000,24.000000,0.030000,0.000000
1.916000,0.300000,0.440000,-0.252585,-0.000000,-0.252585,-0.058817,0.000000,0.058817,0.085634,-0.004037,0.076757,0.085128,-0.000506,-0.001954,0.002083,0.005294,0.002968,-0.000072,-0.002277,0.000323,0.049989,-0.000866,0.049123,0.049123,0.049123,0.024561,0.024561,0,0,1,0,0.000000,0.090000,0.012000,0.001000,4.500000,0.080000,24.000000,0.030000,0.000000
1.921000,0.300000,0.440000,-0.252844,-0.000000,-0.252844,-0.058459,0.000000,0.058459,0.085594,-0.004036,0.076757,0.085097,-0.000497,-0.001912,0.002123,0.005261,0.002972,-0.000071,-0.002235,0.000323,0.050960,0.000243,0.051203,0.051203,0.051203,0.025602,0.025602,0,0,1,0,0.000000,0.090000,0.012000,0.001000,4.500000,0.080000,24.000000,0.030000,0.000000
1.926000,0.300000,0.440000,-0.252844,-0.000000,-0.252844,-0.058459,0.000000,0.058459,0.085594,-0.004036,0.076757,0.085081,-0.000512,-0.001982,0.002054,0.005261,0.002975,0.000000,-0.002305,0.000323,0.049284,-0.000419,0.048865,0.048865,0.048865,0.024433,0.024433,0,0,1,0,0.000000,0.090000,0.012000,0.001000,4.500000,0.080000,24.000000,0.030000,0.000000
1.931000,0.300000,0.440000,-0.253101,-0.000000,-0.253101,-0.058103,0.000000,0.058103,0.085553,-0.004029,0.076757,0.085053,-0.000500,-0.001928,0.002101,0.005229,0.002979,-0.000071,-0.002251,0.000322,0.050426,0.000286,0.050712,0.050712,0.050712,0.025356,0.025356,0,0,1,0,0.000000,0.090000,0.012000,0.001000,4.500000,0.080000,24.000000,0.030000,0.000000
1.940000,0.300000,0.440000,-0.253610,-0.000000,-0.253610,-0.057394,0.000000,0.057394,0.085513,-0.004010,0.076757,0.085019,-0.000494,-0.001903,0.002107,0.005165,0.002985,-0.000079,-0.002223,0.000321,0.050572,0.000020,0.050592,0.050592,0.050592,0.025296,0.025296,0,0,1,0,0.000000,0.090000,0.012000,0.001000,4.500000,0.080000,24.000000,0.030000,0.000000
1.945000,0.300000,0.440000,-0.253863,-0.000000,-0.253863,-0.057043,0.000000,0.057043,0.085513,-0.004010,0.076757,0.084988,-0.000526,-0.002045,0.001965,0.005134,0.002989,-0.000070,-0.002366,0.000321,0.047158,-0.000854,0.046304,0.046304,0.046304,0.023152,0.023152,0,0,1,0,0.000000,0.090000,0.012000,0.001000,4.500000,0.080000,24.000000,0.030000,0.000000
1.950000,0.300000,0.440000,-0.254114,-0.000000,-0.254114,-0.056694,0.000000,0.056694,0.085513,-0.004010,0.076757,0.084957,-0.000557,-0.002184,0.001825,0.005102,0.002992,-0.000070,-0.002505,0.000321,0.043811,-0.000837,0.042974,0.042974,0.042974,0.021487,0.021487,0,0,1,0,0.000000,0.090000,0.012000,0.001000,4.500000,0.080000,24.000000,0.030000,0.000000
1.955000,0.300000,0.440000,-0.254363,-0.000000,-0.254363,-0.056348,0.000000,0.056348,0.085475,-0.003961,0.076757,0.084926,-0.000549,-0.002153,0.001808,0.005071,0.002995,-0.000069,-0.002469,0.000317,0.043400,-0.000103,0.043297,0.043297,0.043297,0.021649,0.021649,0,0,1,0,0.000000,0.090000,0.012000,0.001000,4.500000,0.080000,24.000000,0.030000,0.000000
1.960000,0.300000,0.440000,-0.254611,-0.000000,-0.254611,-0.056003,0.000000,0.056003,0.085475,-0.003961,0.076757,0.084896,-0.000579,-0.002287,0.001673,0.005040,0.002999,-0.000069,-0.002604,0.000317,0.040161,-0.000810,0.039352,0.039352,0.039352,0.019676,0.019676,0,0,1,0,0.000000,0.090000,0.012000,0.001000,4.500000,0.080000,24.000000,0.030000,0.000000
1.965000,0.300000,0.440000,-0.254857,-0.000000,-0.254857,-0.055657,0.000000,0.055657,0.085438,-0.003928,0.076757,0.084867,-0.000571,-0.002254,0.001673,0.005009,0.003002,-0.000069,-0.002569,0.000314,0.040160,-0.000000,0.040159,0.040159,0.040159,0.020080,0.020080,0,0,1,0,0.000000,0.090000,0.012000,0.001000,4.500000,0.080000,24.000000,0.030000,0.000000
1.970000,0.300000,0.440000,-0.255102,-0.000000,-0.255102,-0.055309,0.000000,0.055309,0.085438,-0.003928,0.076757,0.084837,-0.000600,-0.002387,0.001541,0.004978,0.003005,-0.000070,-0.002701,0.000314,0.036977,-0.000796,0.036181,0.036181,0.036181,0.018090,0.018090,0,0,1,0,0.000000,0.090000,0.012000,0.001000,4.500000,0.080000,24.000000,0.030000,0.000000
1.975000,0.300000,0.440000,-0.255344,-0.000000,-0.255344,-0.054961,0.000000,0.054961,0.085399,-0.003935,0.076757,0.084808,-0.000591,-0.002343,0.001592,0.004946,0.003009,-0.000070,-0.002658,0.000315,0.038212,0.000309,0.038521,0.038521,0.038521,0.019260,0.019260,0,0,1,0,0.000000,0.090000,0.012000,0.001000,4.500000,0.080000,24.000000,0.030000,0.000000
1.980000,0.300000,0.440000,-0.255585,-0.000000,-0.255585,-0.054610,0.000000,0.054610,0.085399,-0.003935,0.076757,0.084779,-0.000620,-0.002474,0.001461,0.004915,0.003012,-0.000070,-0.002789,0.000315,0.035057,-0.000789,0.034268,0.034268,0.034268,0.017134,0.017134,0,0,1,0,0.000000,0.090000,0.012000,0.001000,4.500000,0.080000,24.000000,0.030000,0.000000
1.985000,0.300000,0.440000,-0.255823,-0.000000,-0.255823,-0.054258,0.000000,0.054258,0.085358,-0.003981,0.076757,0.084750,-0.000608,-0.002417,0.001564,0.004883,0.003015,-0.000070,-0.002736,0.000318,0.037528,0.000618,0.038146,0.038146,0.038146,0.019073,0.019073,0,0,1,0,0.000000,0.090000,0.012000,0.001000,4.500000,0.080000,24.000000,0.030000,0.000000
1.994000,0.300000,0.440000,-0.256295,-0.000000,-0.256295,-0.053551,0.000000,0.053551,0.085314,-0.004053,0.076757,0.084715,-0.000600,-0.002374,0.001679,0.004820,0.003021,-0.000079,-0.002698,0.000324,0.040300,0.000385,0.040686,0.040686,0.040686,0.020343,0.020343,0,0,1,0,0.000000,0.090000,0.012000,0.001000,4.500000,0.080000,24.000000,0.030000,0.000000
1.999000,0.300000,0.440000,-0.256528,-0.000000,-0.256528,-0.053198,0.000000,0.053198,0.085314,-0.004053,0.076757,0.084682,-0.000632,-0.002520,0.001533,0.004788,0.003024,-0.000071,-0.002844,0.000324,0.036785,-0.000879,0.035906,0.035906,0.035906,0.017953,0.017953,0,0,1,0,0.000000,0.090000,0.012000,0.001000,4.500000,0.080000,24.000000,0.030000,0.000000
2.004000,0.300000,0.440000,-0.256759,-0.000000,-0.256759,-0.052848,0.000000,0.052848,0.085271,-0.004106,0.076757,0.084651,-0.000620,-0.002463,0.001643,0.004756,0.003027,-0.000070,-0.002791,0.000328,0.039433,0.000662,0.040095,0.040095,0.040095,0.020047,0.020047,0,0,1,0,0.000000,0.090000,0.012000,0.001000,4.500000,0.080000,24.000000,0.030000,0.000000
2.009000,0.300000,0.440000,-0.256989,-0.000000,-0.256989,-0.052497,0.000000,0.052497,0.085271,-0.004106,0.076757,0.084619,-0.000652,-0.002604,0.001502,0.004725,0.003030,-0.000070,-0.002932,0.000328,0.036050,-0.000846,0.035204,0.035204,0.035204,0.017602,0.017602,0,0,1,0,0.000000,0.090000,0.012000,0.001000,4.500000,0.080000,24.000000,0.030000,0.000000
2.014000,0.300000,0.440000,-0.257218,-0.000000,-0.257218,-0.052150,0.000000,0.052150,0.085227,-0.004144,0.076757,0.084588,-0.000639,-0.002544,0.001600,0.004693,0.003034,-0.000069,-0.002875,0.000332,0.038406,0.000589,0.038995,0.038995,0.038995,0.019497,0.019497,0,0,1,0,0.000000,0.090000,0.012000,0.001000,4.500000,0.080000,24.000000,0.030000,0.000000
2.019000,0.300000,0.440000,-0.257444,-0.000000,-0.257444,-0.051803,0.000000,0.051803,0.085227,-0.004144,0.076757,0.084558,-0.000669,-0.002680,0.001464,0.004662,0.003037,-0.000069,-0.003012,0.000332,0.035127,-0.000820,0.034308,0.034308,0.034308,0.017154,0.017154,0,0,1,0,0.000000,0.090000,0.012000,0.001000,4.500000,0.080000,24.000000,0.030000,0.000000
2.024000,0.300000,0.440000,-0.257670,-0.000000,-0.257670,-0.051459,0.000000,0.051459,0.085184,-0.004166,0.076757,0.084528,-0.000656,-0.002619,0.001547,0.004631,0.003040,-0.000069,-0.002953,0.000333,0.037121,0.000498,0.037619,0.037619,0.037619,0.018810,0.018810,0,0,1,0,0.000000,0.090000,0.012000,0.001000,4.500000,0.080000,24.000000,0.030000,0.000000
2.029000,0.300000,0.440000,-0.257893,-0.000000,-0.257893,-0.051115,0.000000,0.051115,0.085184,-0.004166,0.076757,0.084499,-0.000686,-0.002752,0.001414,0.004600,0.003043,-0.000069,-0.003086,0.000333,0.033927,-0.000799,0.033128,0.033128,0.033128,0.016564,0.016564,0,0,1,0,0.000000,0.090000,0.012000,0.001000,4.500000,0.080000,24.000000,0.030000,0.000000
2.034000,0.300000,0.440000,-0.258115,-0.000000,-0.258115,-0.050774,0.000000,0.050774,0.085142,-0.004174,0.076757,0.084469,-0.000672,-0.002692,0.001482,0.004570,0.003046,-0.000068,-0.003026,0.000334,0.035563,0.000409,0.035973,0.035973,0.035973,0.017986,0.017986,0,0,1,0,0.000000,0.090000,0.012000,0.001000,4.500000,0.080000,24.000000,0.030000,0.000000
2.039000,0.300000,0.440000,-0.258336,-0.000000,-0.258336,-0.050434,0.000000,0.050434,0.085142,-0.004174,0.076757,0.084440,-0.000701,-0.002822,0.001352,0.004539,0.003049,-0.000068,-0.003156,0.000334,0.032437,-0.000782,0.031656,0.031656,0.031656,0.015828,0.015828,0,0,1,0,0.000000,0.090000,0.012000,0.001000,4.500000,0.080000,24.000000,0.030000,0.000000
2.048000,0.300000,0.440000,-0.258772,-0.000000,-0.258772,-0.049758,0.000000,0.049758,0.085100,-0.004170,0.076757,0.084407,-0.000693,-0.002786,0.001384,0.004478,0.003054,-0.000075,-0.003120,0.000334,0.033221,0.000109,0.033330,0.033330,0.033330,0.016665,0.016665,0,0,1,0,0.000000,0.090000,0.012000,0.001000,4.500000,0.080000,24.000000,0.030000,0.000000
2.053000,0.300000,0.440000,-0.258988,-0.000000,-0.258988,-0.049422,0.000000,0.049422,0.085058,-0.004172,0.076757,0.084375,-0.000683,-0.002741,0.001430,0.004448,0.003057,-0.000067,-0.003075,0.000334,0.034325,0.000276,0.034601,0.034601,0.034601,0.017301,0.017301,0,0,1,0,0.000000,0.090000,0.012000,0.001000,4.500000,0.080000,24.000000,0.030000,0.000000
2.058000,0.300000,0.440000,-0.259202,-0.000000,-0.259202,-0.049087,0.000000,0.049087,0.085058,-0.004172,0.076757,0.084344,-0.000714,-0.002881,0.001290,0.004418,0.003060,-0.000067,-0.003215,0.000334,0.030972,-0.000838,0.030133,0.030133,0.030133,0.015067,0.015067,0,0,1,0,0.000000,0.090000,0.012000,0.001000,4.500000,0.080000,24.000000,0.030000,0.000000
2.063000,0.300000,0.440000,-0.259415,-0.000000,-0.259415,-0.048756,0.000000,0.048756,0.085017,-0.004146,0.076757,0.084313,-0.000704,-0.002835,0.001311,0.004388,0.003063,-0.000066,-0.003166,0.000332,0.031461,0.000122,0.031584,0.031584,0.031584,0.015792,0.015792,0,0,1,0,0.000000,0.090000,0.012000,0.001000,4.500000,0.080000,24.000000,0.030000,0.000000
2.068000,0.300000,0.440000,-0.259626,-0.000000,-0.259626,-0.048425,0.000000,0.048425,0.085017,-0.004146,0.076757,0.084284,-0.000733,-0.002969,0.001177,0.004358,0.003066,-0.000066,-0.003300,0.000332,0.028243,-0.000804,0.027439,0.027439,0.027439,0.013719,0.013719,0,0,1,0,0.000000,0.090000,0.012000,0.001000,4.500000,0.080000,24.000000,0.030000,0.000000
2.073000,0.300000,0.440000,-0.259836,-0.000000,-0.259836,-0.048096,0.000000,0.048096,0.084977,-0.004114,0.076757,0.084254,-0.000723,-0.002922,0.001191,0.004329,0.003069,-0.000066,-0.003252,0.000329,0.028588,0.000086,0.028674,0.028674,0.028674,0.014337,0.014337,0,0,1,0,0.000000,0.090000,0.012000,0.001000,4.500000,0.080000,24.000000,0.030000,0.000000
2.078000,0.300000,0.440000,-0.260044,-0.000000,-0.260044,-0.047767,0.000000,0.047767,0.084977,-0.004114,0.076757,0.084225,-0.000751,-0.003052,0.001061,0.004299,0.003072,-0.000066,-0.003382,0.000329,0.025468,-0.000780,0.024688,0.024688,0.024688,0.012344,0.012344,0,0,1,0,0.000000,0.090000,0.012000,0.001000,4.500000,0.080000,24.000000,0.030000,0.000000
2.083000,0.300000,0.440000,-0.260251,-0.000000,-0.260251,-0.047440,0.000000,0.047440,0.084937,-0.004089,0.076757,0.084197,-0.000740,-0.003003,0.001086,0.004270,0.003075,-0.000066,-0.003330,0.000327,0.026066,0.000150,0.026215,0.026215,0.026215,0.013108,0.013108,0,0,1,0,0.000000,0.090000,0.012000,0.001000,4.500000,0.080000,24.000000,0.030000,0.000000
2.088000,0.300000,0.440000,-0.260456,-0.000000,-0.260456,-0.047111,0.000000,0.047111,0.084937,-0.004089,0.076757,0.084169,-0.000768,-0.003130,0.000959,0.004240,0.003077,-0.000066,-0.003457,0.000327,0.023012,-0.000763,0.022249,0.022249,0.022249,0.011125,0.011125,0,0,1,0,0.000000,0.090000,0.012000,0.001000,4.500000,0.080000,24.000000,0.030000,0.000000
2.093000,0.300000,0.440000,-0.260659,-0.000000,-0.260659,-0.046783,0.000000,0.046783,0.084897,-0.004081,0.076757,0.084141,-0.000756,-0.003076,0.001005,0.004211,0.003080,-0.000066,-0.003402,0.000326,0.024132,0.000280,0.024412,0.024412,0.024412,0.012206,0.012206,0,0,1,0,0.000000,0.090000,0.012000,0.001000,4.500000,0.080000,24.000000,0.030000,0.000000
2.098000,0.300000,0.440000,-0.260861,-0.000000,-0.260861,-0.046455,0.000000,0.046455,0.084897,-0.004081,0.076757,0.084113,-0.000784,-0.003201,0.000880,0.004181,0.003083,-0.000066,-0.003527,0.000326,0.021122,-0.000752,0.020370,0.020370,0.020370,0.010185,0.010185,0,0,1,0,0.000000,0.090000,0.012000,0.001000,4.500000,0.080000,24.000000,0.030000,0.000000
2.103000,0.300000,0.440000,-0.261061,-0.000000,-0.261061,-0.046126,0.000000,0.046126,0.084855,-0.004092,0.076757,0.084085,-0.000770,-0.003140,0.000952,0.004151,0.003086,-0.000066,-0.003467,0.000327,0.022856,0.000434,0.023290,0.023290,0.023290,0.011645,0.011645,0,0,1,0,0.000000,0.090000,0.012000,0.001000,4.500000,0.080000,24.000000,0.030000,0.000000
2.112000,0.300000,0.440000,-0.261456,-0.000000,-0.261456,-0.045468,0.000000,0.045468,0.084813,-0.004118,0.076757,0.084052,-0.000761,-0.003095,0.001023,0.004092,0.003091,-0.000073,-0.003425,0.000329,0.024550,0.000235,0.024785,0.024785,0.024785,0.012393,0.012393,0,0,1,0,0.000000,0.090000,0.012000,0.001000,4.500000,0.080000,24.000000,0.030000,0.000000
2.117000,0.300000,0.440000,-0.261652,-0.000000,-0.261652,-0.045140,0.000000,0.045140,0.084813,-0.004118,0.076757,0.084021,-0.000792,-0.003234,0.000885,0.004063,0.003093,-0.000066,-0.003563,0.000329,0.021228,-0.000830,0.020398,0.020398,0.020398,0.010199,0.010199,0,0,1,0,0.000000,0.090000,0.012000,0.001000,4.500000,0.080000,24.000000,0.030000,0.000000
2.122000,0.300000,0.440000,-0.261845,-0.000000,-0.261845,-0.044815,0.000000,0.044815,0.084771,-0.004128,0.076757,0.083991,-0.000780,-0.003179,0.000948,0.004033,0.003096,-0.000065,-0.003509,0.000330,0.022763,0.000384,0.023146,0.023146,0.023146,0.011573,0.011573,0,0,1,0,0.000000,0.090000,0.012000,0.001000,4.500000,0.080000,24.000000,0.030000,0.000000
2.127000,0.300000,0.440000,-0.262037,-0.000000,-0.262037,-0.044490,0.000000,0.044490,0.084771,-0.004128,0.076757,0.083962,-0.000809,-0.003312,0.000816,0.004004,0.003099,-0.000065,-0.003642,0.000330,0.019573,-0.000798,0.018775,0.018775,0.018775,0.009388,0.009388,0,0,1,0,0.000000,0.090000,0.012000,0.001000,4.500000,0.080000,24.000000,0.030000,0.000000
2.132000,0.300000,0.440000,-0.262228,-0.000000,-0.262228,-0.044167,0.000000,0.044167,0.084729,-0.004131,0.076757,0.083933,-0.000797,-0.003254,0.000877,0.003975,0.003101,-0.000065,-0.003585,0.000330,0.021041,0.000367,0.021408,0.021408,0.021408,0.010704,0.010704,0,0,1,0,0.000000,0.090000,0.012000,0.001000,4.500000,0.080000,24.000000,0.030000,0.000000
2.137000,0.300000,0.440000,-0.262417,-0.000000,-0.262417,-0.043844,0.000000,0.043844,0.084729,-0.004131,0.076757,0.083904,-0.000825,-0.003383,0.000748,0.003946,0.003104,-0.000065,-0.003714,0.000330,0.017950,-0.000773,0.017177,0.017177,0.017177,0.008588,0.008588,0,0,1,0,0.000000,0.090000,0.012000,0.001000,4.500000,0.080000,24.000000,0.030000,0.000000
2.146000,0.300000,0.440000,-0.262791,-0.000000,-0.262791,-0.043201,0.000000,0.043201,0.084688,-0.004134,0.076757,0.083871,-0.000817,-0.003346,0.000788,0.003888,0.003109,-0.000071,-0.003676,0.000331,0.018911,0.000134,0.019045,0.019045,0.019045,0.009522,0.009522,0,0,1,0,0.000000,0.090000,0.012000,0.001000,4.500000,0.080000,24.000000,0.030000,0.000000
2.151000,0.300000,0.440000,-0.262976,-0.000000,-0.262976,-0.042880,0.000000,0.042880,0.084646,-0.004149,0.076757,0.083840,-0.000806,-0.003296,0.000852,0.003859,0.003111,-0.000064,-0.003628,0.000332,0.020458,0.000387,0.020845,0.020845,0.020845,0.010422,0.010422,0,0,1,0,0.000000,0.090000,0.012000,0.001000,4.500000,0.080000,24.000000,0.030000,0.000000
2.156000,0.300000,0.440000,-0.263159,-0.000000,-0.263159,-0.042560,0.000000,0.042560,0.084646,-0.004149,0.076757,0.083809,-0.000837,-0.003433,0.000716,0.003830,0.003114,-0.000064,-0.003765,0.000332,0.017173,-0.000821,0.016352,0.016352,0.016352,0.008176,0.008176,0,0,1,0,0.000000,0.090000,0.012000,0.001000,4.500000,0.080000,24.000000,0.030000,0.000000
2.161000,0.300000,0.440000,-0.263340,-0.000000,-0.263340,-0.042243,0.000000,0.042243,0.084604,-0.004140,0.076757,0.083780,-0.000825,-0.003380,0.000760,0.003802,0.003116,-0.000063,-0.003711,0.000331,0.018238,0.000266,0.018504,0.018504,0.018504,0.009252,0.009252,0,0,1,0,0.000000,0.090000,0.012000,0.001000,4.500000,0.080000,24.000000,0.030000,0.000000
2.166000,0.300000,0.440000,-0.263520,-0.000000,-0.263520,-0.041927,0.000000,0.041927,0.084604,-0.004140,0.076757,0.083750,-0.000854,-0.003511,0.000629,0.003773,0.003119,-0.000063,-0.003842,0.000331,0.015096,-0.000785,0.014311,0.014311,0.014311,0.007156,0.007156,0,0,1,0,0.000000,0.090000,0.012000,0.001000,4.500000,0.080000,24.000000,0.030000,0.000000
2.171000,0.300000,0.440000,-0.263699,-0.000000,-0.263699,-0.041613,0.000000,0.041613,0.084563,-0.004123,0.076757,0.083722,-0.000841,-0.003457,0.000666,0.003745,0.003121,-0.000063,-0.003786,0.000330,0.015993,0.000224,0.016217,0.016217,0.016217,0.008108,0.008108,0,0,1,0,0.000000,0.090000,0.012000,0.001000,4.500000,0.080000,24.000000,0.030000,0.000000
2.176000,0.300000,0.440000,-0.263876,-0.000000,-0.263876,-0.041298,0.000000,0.041298,0.084563,-0.004123,0.076757,0.083694,-0.000870,-0.003583,0.000540,0.003717,0.003124,-0.000063,-0.003913,0.000330,0.012956,-0.000759,0.012197,0.012197,0.012197,0.006098,0.006098,0,0,1,0,0.000000,0.090000,0.012000,0.001000,4.500000,0.080000,24.000000,0.030000,0.000000
2.181000,0.300000,0.440000,-0.264052,-0.000000,-0.264052,-0.040986,0.000000,0.040986,0.084523,-0.004107,0.076757,0.083666,-0.000857,-0.003526,0.000581,0.003689,0.003126,-0.000063,-0.003855,0.000329,0.013947,0.000248,0.014195,0.014195,0.014195,0.007097,0.007097,0,0,1,0,0.000000,0.090000,0.012000,0.001000,4.500000,0.080000,24.000000,0.030000,0.000000
2.186000,0.300000,0.440000,-0.264227,-0.000000,-0.264227,-0.040673,0.000000,0.040673,0.084523,-0.004107,0.076757,0.083639,-0.000884,-0.003650,0.000458,0.003661,0.003129,-0.000063,-0.003978,0.000329,0.010986,-0.000740,0.010246,0.010246,0.010246,0.005123,0.005123,0,0,1,0,0.000000,0.090000,0.012000,0.001000,4.500000,0.080000,24.000000,0.030000,0.000000
2.195000,0.300000,0.440000,-0.264399,-0.000000,-0.264399,-0.040361,0.000000,0.040361,0.084482,-0.004100,0.076757,0.083616,-0.000866,-0.003569,0.000531,0.003633,0.003133,-0.000035,-0.003897,0.000328,0.012738,0.000243,0.012982,0.012982,0.012982,0.006491,0.006491,0,0,1,0,0.000000,0.090000,0.012000,0.001000,4.500000,0.080000,24.000000,0.030000,0.000000
2.200000,0.300000,0.440000,-0.264571,-0.000000,-0.264571,-0.040049,0.000000,0.040049,0.084482,-0.004100,0.076757,0.083589,-0.000893,-0.003692,0.000408,0.003604,0.003136,-0.000062,-0.004020,0.000328,0.009790,-0.000737,0.009053,0.009053,0.009053,0.004527,0.004527,0,0,1,0,0.000000,0.090000,0.012000,0.001000,4.500000,0.080000,24.000000,0.030000,0.000000
2.205000,0.300000,0.440000,-0.264740,-0.000000,-0.264740,-0.039738,0.000000,0.039738,0.084441,-0.004101,0.076757,0.083562,-0.000879,-0.003628,0.000473,0.003576,0.003138,-0.000062,-0.003956,0.000328,0.011342,0.000388,0.011729,0.011729,0.011729,0.005865,0.005865,0,0,1,0,0.000000,0.090000,0.012000,0.001000,4.500000,0.080000,24.000000,0.030000,0.000000
2.210000,0.300000,0.440000,-0.264908,-0.000000,-0.264908,-0.039426,0.000000,0.039426,0.084441,-0.004101,0.076757,0.083535,-0.000906,-0.003749,0.000352,0.003548,0.003140,-0.000062,-0.004077,0.000328,0.008444,-0.000724,0.007720,0.007720,0.007720,0.003860,0.003860,0,0,1,0,0.000000,0.090000,0.012000,0.001000,4.500000,0.080000,24.000000,0.030000,0.000000
2.215000,0.300000,0.440000,-0.265075,-0.000000,-0.265075,-0.039116,0.000000,0.039116,0.084399,-0.004109,0.076757,0.083508,-0.000891,-0.003682,0.000427,0.003520,0.003143,-0.000062,-0.004010,0.000329,0.010249,0.000451,0.010700,0.010700,0.010700,0.005350,0.005350,0,0,1,0,0.000000,0.090000,0.012000,0.001000,4.500000,0.080000,24.000000,0.030000,0.000000
2.220000,0.300000,0.440000,-0.265240,-0.000000,-0.265240,-0.038805,0.000000,0.038805,0.084399,-0.004109,0.076757,0.083482,-0.000918,-0.003801,0.000308,0.003492,0.003145,-0.000062,-0.004129,0.000329,0.007390,-0.000715,0.006675,0.006675,0.006675,0.003338,0.003338,0,0,1,0,0.000000,0.090000,0.012000,0.001000,4.500000,0.080000,24.000000,0.030000,0.000000
2.225000,0.300000,0.440000,-0.265404,-0.000000,-0.265404,-0.038496,0.000000,0.038496,0.084358,-0.004121,0.076757,0.083456,-0.000902,-0.003730,0.000391,0.003465,0.003147,-0.000062,-0.004060,0.000330,0.009382,0.000498,0.009880,0.009880,0.009880,0.004940,0.004940,0,0,1,0,0.000000,0.090000,0.012000,0.001000,4.500000,0.080000,24.000000,0.030000,0.000000
2.234000,0.300000,0.440000,-0.265727,-0.000000,-0.265727,-0.037878,0.000000,0.037878,0.084316,-0.004134,0.076757,0.083424,-0.000891,-0.003680,0.000454,0.003409,0.003151,-0.000069,-0.004010,0.000331,0.010905,0.000212,0.011117,0.011117,0.011117,0.005559,0.005559,0,0,1,0,0.000000,0.090000,0.012000,0.001000,4.500000,0.080000,24.000000,0.030000,0.000000
2.239000,0.300000,0.440000,-0.265886,-0.000000,-0.265886,-0.037572,0.000000,0.037572,0.084316,-0.004134,0.076757,0.083395,-0.000920,-0.003811,0.000323,0.003381,0.003154,-0.000061,-0.004141,0.000331,0.007762,-0.000786,0.006977,0.006977,0.006977,0.003488,0.003488,0,0,1,0,0.000000,0.090000,0.012000,0.001000,4.500000,0.080000,24.000000,0.030000,0.000000
2.244000,0.300000,0.440000,-0.266044,-0.000000,-0.266044,-0.037268,0.000000,0.037268,0.084274,-0.004119,0.076757,0.083367,-0.000907,-0.003754,0.000365,0.003354,0.003156,-0.000061,-0.004083,0.000330,0.008770,0.000252,0.009021,0.009021,0.009021,0.004511,0.004511,0,0,1,0,0.000000,0.090000,0.012000,0.001000,4.500000,0.080000,24.000000,0.030000,0.000000
2.249000,0.300000,0.440000,-0.266201,-0.000000,-0.266201,-0.036966,0.000000,0.036966,0.084274,-0.004119,0.076757,0.083339,-0.000935,-0.003879,0.000240,0.003327,0.003158,-0.000060,-0.004209,0.000330,0.005759,-0.000753,0.005006,0.005006,0.005006,0.002503,0.002503,0,0,1,0,0.000000,0.090000,0.012000,0.001000,4.500000,0.080000,24.000000,0.030000,0.000000
2.254000,0.300000,0.440000,-0.266356,-0.000000,-0.266356,-0.036666,0.000000,0.036666,0.084234,-0.004094,0.076757,0.083312,-0.000922,-0.003823,0.000271,0.003300,0.003160,-0.000060,-0.004150,0.000328,0.006510,0.000188,0.006698,0.006698,0.006698,0.003349,0.003349,0,0,1,0,0.000000,0.090000,0.012000,0.001000,4.500000,0.080000,24.000000,0.030000,0.000000
2.259000,0.300000,0.440000,-0.266510,-0.000000,-0.266510,-0.036366,0.000000,0.036366,0.084234,-0.004094,0.076757,0.083285,-0.000949,-0.003944,0.000150,0.003273,0.003163,-0.000060,-0.004272,0.000328,0.003598,-0.000728,0.002870,0.002870,0.002870,0.001435,0.001435,0,0,1,0,0.000000,0.090000,0.012000,0.001000,4.500000,0.080000,24.000000,0.030000,0.000000
2.264000,0.300000,0.440000,-0.266662,-0.000000,-0.266662,-0.036067,0.000000,0.036067,0.084194,-0.004069,0.076757,0.083258,-0.000936,-0.003886,0.000183,0.003246,0.003165,-0.000060,-0.004212,0.000326,0.004386,0.000197,0.004583,0.004583,0.004583,0.002292,0.002292,0,0,1,0,0.000000,0.090000,0.012000,0.001000,4.500000,0.080000,24.000000,0.030000,0.000000
2.269000,0.300000,0.440000,-0.266813,-0.000000,-0.266813,-0.035769,0.000000,0.035769,0.084194,-0.004069,0.076757,0.083232,-0.000962,-0.004005,0.000064,0.003219,0.003167,-0.000060,-0.004330,0.000326,0.001545,-0.000710,0.000835,0.000835,0.000835,0.000418,0.000418,0,0,1,0,0.000000,0.090000,0.012000,0.001000,4.500000,0.080000,24.000000,0.030000,0.000000
2.274000,0.300000,0.440000,-0.266963,-0.000000,-0.266963,-0.035471,0.000000,0.035471,0.084154,-0.004052,0.076757,0.083206,-0.000948,-0.003944,0.000108,0.003192,0.003169,-0.000060,-0.004268,0.000324,0.002600,0.000264,0.002863,0.002863,0.002863,0.001432,0.001432,0,0,1,0,0.000000,0.090000,0.012000,0.001000,4.500000,0.080000,24.000000,0.030000,0.000000
2.279000,0.300000,0.440000,-0.267111,-0.000000,-0.267111,-0.035173,0.000000,0.035173,0.084154,-0.004052,0.076757,0.083180,-0.000974,-0.004060,-0.000008,0.003166,0.003171,-0.000060,-0.004384,0.000324,-0.000192,-0.000698,-0.000890,-0.000890,-0.000890,-0.000445,-0.000445,0,0,1,0,0.000000,0.090000,0.012000,0.001000,4.500000,0.080000,24.000000,0.030000,0.000000
2.284000,0.300000,0.440000,-0.267258,-0.000000,-0.267258,-0.034876,0.000000,0.034876,0.084114,-0.004047,0.076757,0.083154,-0.000960,-0.003995,0.000052,0.003139,0.003173,-0.000059,-0.004319,0.000324,0.001252,0.000361,0.001613,0.001613,0.001613,0.000806,0.000806,0,0,1,0,0.000000,0.090000,0.012000,0.001000,4.500000,0.080000,24.000000,0.030000,0.000000
2.293000,0.300000,0.440000,-0.267547,-0.000000,-0.267547,-0.034281,0.000000,0.034281,0.084073,-0.004054,0.076757,0.083124,-0.000949,-0.003947,0.000107,0.003085,0.003177,-0.000066,-0.004272,0.000324,0.002558,0.000181,0.002739,0.002739,0.002739,0.001370,0.001370,0,0,1,0,0.000000,0.090000,0.012000,0.001000,4.500000,0.080000,24.000000,0.030000,0.000000
2.298000,0.300000,0.440000,-0.267689,-0.000000,-0.267689,-0.033985,0.000000,0.033985,0.084073,-0.004054,0.076757,0.083096,-0.000978,-0.004075,-0.000021,0.003059,0.003179,-0.000059,-0.004399,0.000324,-0.000507,-0.000766,-0.001274,-0.001274,-0.001274,-0.000637,-0.000637,0,0,1,0,0.000000,0.090000,0.012000,0.001000,4.500000,0.080000,24.000000,0.030000,0.000000
2.303000,0.300000,0.440000,-0.267830,-0.000000,-0.267830,-0.033691,0.000000,0.033691,0.084033,-0.004045,0.076757,0.083068,-0.000965,-0.004018,0.000027,0.003032,0.003181,-0.000059,-0.004342,0.000324,0.000636,0.000286,0.000922,0.000922,0.000922,0.000461,0.000461,0,0,1,0,0.000000,0.090000,0.012000,0.001000,4.500000,0.080000,24.000000,0.030000,0.000000
2.308000,0.300000,0.440000,-0.267970,-0.000000,-0.267970,-0.033398,0.000000,0.033398,0.084033,-0.004045,0.076757,0.083041,-0.000992,-0.004141,-0.000096,0.003006,0.003183,-0.000059,-0.004464,0.000324,-0.002304,-0.000735,-0.003039,-0.003039,-0.003039,-0.001519,-0.001519,0,0,1,0,0.000000,0.090000,0.012000,0.001000,4.500000,0.080000,24.000000,0.030000,0.000000
2.313000,0.300000,0.440000,-0.268108,-0.000000,-0.268108,-0.033106,0.000000,0.033106,0.083993,-0.004033,0.076757,0.083014,-0.000979,-0.004081,-0.000048,0.002980,0.003185,-0.000058,-0.004404,0.000323,-0.001152,0.000288,-0.000864,-0.000864,-0.000864,-0.000432,-0.000432,0,0,1,0,0.000000,0.090000,0.012000,0.001000,4.500000,0.080000,24.000000,0.030000,0.000000
2.318000,0.300000,0.440000,-0.268245,-0.000000,-0.268245,-0.032814,0.000000,0.032814,0.083993,-0.004033,0.076757,0.082988,-0.001005,-0.004200,-0.000167,0.002953,0.003187,-0.000058,-0.004523,0.000323,-0.004000,-0.000712,-0.004713,-0.004713,-0.004713,-0.002356,-0.002356,0,0,1,0,0.000000,0.090000,0.012000,0.001000,4.500000,0.080000,24.000000,0.030000,0.000000
2.323000,0.300000,0.440000,-0.268381,-0.000000,-0.268381,-0.032523,0.000000,0.032523,0.083953,-0.004026,0.076757,0.082962,-0.000991,-0.004137,-0.000112,0.002927,0.003189,-0.000058,-0.004460,0.000322,-0.002683,0.000329,-0.002354,-0.002354,-0.002354,-0.001177,-0.001177,0,0,1,0,0.000000,0.090000,0.012000,0.001000,4.500000,0.080000,24.000000,0.030000,0.000000
2.328000,0.300000,0.440000,-0.268515,-0.000000,-0.268515,-0.032232,0.000000,0.032232,0.083953,-0.004026,0.076757,0.082936,-0.001017,-0.004253,-0.000228,0.002901,0.003191,-0.000058,-0.004575,0.000322,-0.005465,-0.000696,-0.006161,-0.006161,-0.006161,-0.003080,-0.003080,0,0,1,0,0.000000,0.090000,0.012000,0.001000,4.500000,0.080000,24.000000,0.030000,0.000000
2.337000,0.300000,0.440000,-0.268779,-0.000000,-0.268779,-0.031651,0.000000,0.031651,0.083912,-0.004024,0.076757,0.082906,-0.001007,-0.004208,-0.000184,0.002849,0.003194,-0.000064,-0.004530,0.000322,-0.004409,0.000147,-0.004262,-0.004262,-0.004262,-0.002131,-0.002131,0,0,1,0,0.000000,0.090000,0.012000,0.001000,4.500000,0.080000,24.000000,0.030000,0.000000
2.342000,0.300000,0.440000,-0.268909,-0.000000,-0.268909,-0.031361,0.000000,0.031361,0.083872,-0.004040,0.076757,0.082877,-0.000994,-0.004151,-0.000110,0.002822,0.003196,-0.000058,-0.004474,0.000323,-0.002650,0.000440,-0.002210,-0.002210,-0.002210,-0.001105,-0.001105,0,0,1,0,0.000000,0.090000,0.012000,0.001000,4.500000,0.080000,24.000000,0.030000,0.000000
2.347000,0.300000,0.440000,-0.269037,-0.000000,-0.269037,-0.031072,0.000000,0.031072,0.083872,-0.004040,0.076757,0.082850,-0.001022,-0.004275,-0.000235,0.002796,0.003198,-0.000058,-0.004599,0.000323,-0.005637,-0.000747,-0.006384,-0.006384,-0.006384,-0.003192,-0.003192,0,0,1,0,0.000000,0.090000,0.012000,0.001000,4.500000,0.080000,24.000000,0.030000,0.000000
2.352000,0.300000,0.440000,-0.269164,-0.000000,-0.269164,-0.030785,0.000000,0.030785,0.083831,-0.004036,0.076757,0.082823,-0.001008,-0.004214,-0.000178,0.002771,0.003200,-0.000057,-0.004537,0.000323,-0.004273,0.000341,-0.003932,-0.003932,-0.003932,-0.001966,-0.001966,0,0,1,0,0.000000,0.090000,0.012000,0.001000,4.500000,0.080000,24.000000,0.030000,0.000000
2.357000,0.300000,0.440000,-0.269290,-0.000000,-0.269290,-0.030499,0.000000,0.030499,0.083831,-0.004036,0.076757,0.082796,-0.001035,-0.004333,-0.000297,0.002745,0.003202,-0.000057,-0.004656,0.000323,-0.007140,-0.000717,-0.007856,-0.007856,-0.007856,-0.003928,-0.003928,0,0,1,0,0.000000,0.090000,0.012000,0.001000,4.500000,0.080000,24.000000,0.030000,0.000000
2.362000,0.300000,0.440000,-0.269415,-0.000000,-0.269415,-0.030215,0.000000,0.030215,0.083791,-0.004022,0.076757,0.082770,-0.001021,-0.004272,-0.000249,0.002719,0.003203,-0.000057,-0.004593,0.000322,-0.005979,0.000290,-0.005689,-0.005689,-0.005689,-0.002845,-0.002845,0,0,1,0,0.000000,0.090000,0.012000,0.001000,4.500000,0.080000,24.000000,0.030000,0.000000
2.367000,0.300000,0.440000,-0.269538,-0.000000,-0.269538,-0.029931,0.000000,0.029931,0.083791,-0.004022,0.076757,0.082744,-0.001046,-0.004387,-0.000365,0.002694,0.003205,-0.000057,-0.004709,0.000322,-0.008756,-0.000694,-0.009450,-0.009450,-0.009450,-0.004725,-0.004725,0,0,1,0,0.000000,0.090000,0.012000,0.001000,4.500000,0.080000,24.000000,0.030000,0.000000
2.372000,0.300000,0.440000,-0.269660,-0.000000,-0.269660,-0.029649,0.000000,0.029649,0.083751,-0.004006,0.076757,0.082719,-0.001032,-0.004324,-0.000318,0.002668,0.003207,-0.000056,-0.004645,0.000321,-0.007628,0.000282,-0.007346,-0.007346,-0.007346,-0.003673,-0.003673,0,0,1,0,0.000000,0.090000,0.012000,0.001000,4.500000,0.080000,24.000000,0.030000,0.000000
2.377000,0.300000,0.440000,-0.269780,-0.000000,-0.269780,-0.029366,0.000000,0.029366,0.083751,-0.004006,0.076757,0.082694,-0.001057,-0.004437,-0.000431,0.002643,0.003209,-0.000056,-0.004758,0.000321,-0.010337,-0.000677,-0.011015,-0.011015,-0.011015,-0.005507,-0.005507,0,0,1,0,0.000000,0.090000,0.012000,0.001000,4.500000,0.080000,24.000000,0.030000,0.000000
2.382000,0.300000,0.440000,-0.269900,-0.000000,-0.269900,-0.029086,0.000000,0.029086,0.083712,-0.003993,0.076757,0.082669,-0.001043,-0.004372,-0.000379,0.002618,0.003210,-0.000056,-0.004691,0.000319,-0.009103,0.000309,-0.008794,-0.008794,-0.008794,-0.004397,-0.004397,0,0,1,0,0.000000,0.090000,0.012000,0.001000,4.500000,0.080000,24.000000,0.030000,0.000000
2.391000,0.300000,0.440000,-0.270134,-0.000000,-0.270134,-0.028525,0.000000,0.028525,0.083672,-0.003984,0.076757,0.082640,-0.001032,-0.004325,-0.000341,0.002567,0.003214,-0.000062,-0.004644,0.000319,-0.008187,0.000127,-0.008059,-0.008059,-0.008059,-0.004030,-0.004030,0,0,1,0,0.000000,0.090000,0.012000,0.001000,4.500000,0.080000,24.000000,0.030000,0.000000
2.396000,0.300000,0.440000,-0.270249,-0.000000,-0.270249,-0.028247,0.000000,0.028247,0.083672,-0.003984,0.076757,0.082613,-0.001059,-0.004448,-0.000464,0.002542,0.003215,-0.000056,-0.004767,0.000319,-0.011130,-0.000736,-0.011866,-0.011866,-0.011866,-0.005933,-0.005933,0,0,1,0,0.000000,0.090000,0.012000,0.001000,4.500000,0.080000,24.000000,0.030000,0.000000
2.401000,0.300000,0.440000,-0.270363,-0.000000,-0.270363,-0.027971,0.000000,0.027971,0.083633,-0.003959,0.076757,0.082586,-0.001047,-0.004394,-0.000435,0.002517,0.003217,-0.000055,-0.004711,0.000317,-0.010444,0.000172,-0.010272,-0.010272,-0.010272,-0.005136,-0.005136,0,0,1,0,0.000000,0.090000,0.012000,0.001000,4.500000,0.080000,24.000000,0.030000,0.000000
2.406000,0.300000,0.440000,-0.270476,-0.000000,-0.270476,-0.027695,0.000000,0.027695,0.083633,-0.003959,0.076757,0.082560,-0.001073,-0.004511,-0.000552,0.002493,0.003219,-0.000055,-0.004828,0.000317,-0.013258,-0.000704,-0.013962,-0.013962,-0.013962,-0.006981,-0.006981,0,0,1,0,0.000000,0.090000,0.012000,0.001000,4.500000,0.080000,24.000000,0.030000,0.000000
2.411000,0.300000,0.440000,-0.270588,-0.000000,-0.270588,-0.027420,0.000000,0.027420,0.083595,-0.003934,0.076757,0.082535,-0.001060,-0.004455,-0.000522,0.002468,0.003220,-0.000055,-0.004770,0.000315,-0.012517,0.000185,-0.012332,-0.012332,-0.012332,-0.006166,-0.006166,0,0,1,0,0.000000,0.090000,0.012000,0.001000,4.500000,0.080000,24.000000,0.030000,0.000000
2.416000,0.300000,0.440000,-0.270698,-0.000000,-0.270698,-0.027146,0.000000,0.027146,0.083595,-0.003934,0.076757,0.082509,-0.001085,-0.004569,-0.000635,0.002443,0.003222,-0.000055,-0.004883,0.000315,-0.015239,-0.000680,-0.015920,-0.015920,-0.015920,-0.007960,-0.007960,0,0,1,0,0.000000,0.090000,0.012000,0.001000,4.500000,0.080000,24.000000,0.030000,0.000000
2.421000,0.300000,0.440000,-0.270807,-0.000000,-0.270807,-0.026872,0.000000,0.026872,0.083556,-0.003917,0.076757,0.082485,-0.001072,-0.004509,-0.000592,0.002418,0.003223,-0.000055,-0.004822,0.000313,-0.014200,0.000260,-0.013940,-0.013940,-0.013940,-0.006970,-0.006970,0,0,1,0,0.000000,0.090000,0.012000,0.001000,4.500000,0.080000,24.000000,0.030000,0.000000
2.426000,0.300000,0.440000,-0.270807,-0.000000,-0.270807,-0.026872,0.000000,0.026872,0.083556,-0.003917,0.076757,0.082472,-0.001084,-0.004566,-0.000649,0.002418,0.003225,0.000000,-0.004879,0.000313,-0.015568,-0.000342,-0.015910,-0.015910,-0.015910,-0.007955,-0.007955,0,0,1,0,0.000000,0.090000,0.012000,0.001000,4.500000,0.080000,24.000000,0.030000,0.000000
2.435000,0.300000,0.440000,-0.271020,-0.000000,-0.271020,-0.026324,0.000000,0.026324,0.083517,-0.003913,0.076757,0.082445,-0.001072,-0.004512,-0.000599,0.002369,0.003228,-0.000061,-0.004825,0.000313,-0.014382,0.000165,-0.014217,-0.014217,-0.014217,-0.007109,-0.007109,0,0,1,0,0.000000,0.090000,0.012000,0.001000,4.500000,0.080000,24.000000,0.030000,0.000000
2.440000,0.300000,0.440000,-0.271125,-0.000000,-0.271125,-0.026050,0.000000,0.026050,0.083517,-0.003913,0.076757,0.082420,-0.001098,-0.004626,-0.000713,0.002345,0.003230,-0.000055,-0.004939,0.000313,-0.017122,-0.000685,-0.017808,-0.017808,-0.017808,-0.008904,-0.008904,0,0,1,0,0.000000,0.090000,0.012000,0.001000,4.500000,0.080000,24.000000,0.030000,0.000000
2.445000,0.300000,0.440000,-0.271229,-0.000000,-0.271229,-0.025777,0.000000,0.025777,0.083478,-0.003917,0.076757,0.082395,-0.001083,-0.004562,-0.000644,0.002320,0.003231,-0.000055,-0.004875,0.000313,-0.015465,0.000414,-0.015051,-0.015051,-0.015051,-0.007525,-0.007525,0,0,1,0,0.000000,0.090000,0.012000,0.001000,4.500000,0.080000,24.000000,0.030000,0.000000
2.450000,0.300000,0.440000,-0.271331,-0.000000,-0.271331,-0.025505,0.000000,0.025505,0.083478,-0.003917,0.076757,0.082370,-0.001108,-0.004673,-0.000755,0.002295,0.003233,-0.000054,-0.004986,0.000313,-0.018128,-0.000666,-0.018794,-0.018794,-0.018794,-0.009397,-0.009397,0,0,1,0,0.000000,0.090000,0.012000,0.001000,4.500000,0.080000,24.000000,0.030000,0.000000
2.455000,0.300000,0.440000,-0.271432,-0.000000,-0.271432,-0.025233,0.000000,0.025233,0.083439,-0.003921,0.076757,0.082346,-0.001093,-0.004606,-0.000685,0.002271,0.003234,-0.000054,-0.004919,0.000314,-0.016429,0.000425,-0.016004,-0.016004,-0.016004,-0.008002,-0.008002,0,0,1,0,0.000000,0.090000,0.012000,0.001000,4.500000,0.080000,24.000000,0.030000,0.000000
2.460000,0.300000,0.440000,-0.271531,-0.000000,-0.271531,-0.024963,0.000000,0.024963,0.083439,-0.003921,0.076757,0.082321,-0.001117,-0.004714,-0.000793,0.002247,0.003236,-0.000054,-0.005028,0.000314,-0.019034,-0.000651,-0.019686,-0.019686,-0.019686,-0.009843,-0.009843,0,0,1,0,0.000000,0.090000,0.012000,0.001000,4.500000,0.080000,24.000000,0.030000,0.000000
2.465000,0.300000,0.440000,-0.271630,-0.000000,-0.271630,-0.024692,0.000000,0.024692,0.083400,-0.003923,0.076757,0.082297,-0.001102,-0.004646,-0.000722,0.002222,0.003237,-0.000054,-0.004959,0.000314,-0.017336,0.000425,-0.016911,-0.016911,-0.016911,-0.008456,-0.008456,0,0,1,0,0.000000,0.090000,0.012000,0.001000,4.500000,0.080000,24.000000,0.030000,0.000000
2.470000,0.300000,0.440000,-0.271727,-0.000000,-0.271727,-0.024422,0.000000,0.024422,0.083400,-0.003923,0.076757,0.082274,-0.001126,-0.004753,-0.000829,0.002198,0.003239,-0.000054,-0.005067,0.000314,-0.019905,-0.000642,-0.020547,-0.020547,-0.020547,-0.010274,-0.010274,0,0,1,0,0.000000,0.090000,0.012000,0.001000,4.500000,0.080000,24.000000,0.030000,0.000000
2.475000,0.300000,0.440000,-0.271822,-0.000000,-0.271822,-0.024153,0.000000,0.024153,0.083360,-0.003926,0.076757,0.082250,-0.001110,-0.004681,-0.000754,0.002174,0.003240,-0.000054,-0.004995,0.000314,-0.018102,0.000451,-0.017652,-0.017652,-0.017652,-0.008826,-0.008826,0,0,1,0,0.000000,0.090000,0.012000,0.001000,4.500000,0.080000,24.000000,0.030000,0.000000
2.485000,0.300000,0.440000,-0.272010,-0.000000,-0.272010,-0.023616,0.000000,0.023616,0.083320,-0.003928,0.076757,0.082223,-0.001097,-0.004623,-0.000695,0.002125,0.003243,-0.000054,-0.004937,0.000314,-0.016680,0.000178,-0.016502,-0.016502,-0.016502,-0.008251,-0.008251,0,0,1,0,0.000000,0.090000,0.012000,0.001000,4.500000,0.080000,24.000000,0.030000,0.000000
2.490000,0.300000,0.440000,-0.272102,-0.000000,-0.272102,-0.023350,0.000000,0.023350,0.083320,-0.003928,0.076757,0.082197,-0.001123,-0.004741,-0.000813,0.002102,0.003244,-0.000053,-0.005055,0.000314,-0.019500,-0.000705,-0.020205,-0.020205,-0.020205,-0.010103,-0.010103,0,0,1,0,0.000000,0.090000,0.012000,0.001000,4.500000,0.080000,24.000000,0.030000,0.000000
2.499000,0.300000,0.440000,-0.272282,-0.000000,-0.272282,-0.022825,0.000000,0.022825,0.083282,-0.003904,0.076757,0.082167,-0.001114,-0.004702,-0.000798,0.002054,0.003247,-0.000058,-0.005014,0.000312,-0.019155,0.000048,-0.019107,-0.019107,-0.019107,-0.009554,-0.009554,0,0,1,0,0.000000,0.090000,0.012000,0.001000,4.500000,0.080000,24.000000,0.030000,0.000000
2.504000,0.300000,0.440000,-0.272371,-0.000000,-0.272371,-0.022564,0.150000,0.172564,0.083244,-0.003878,0.076757,0.088666,0.005422,0.024710,0.028588,0.015531,0.003257,0.029948,0.024400,0.000310,0.686111,0.176317,0.862428,0.862428,0.862428,0.431214,0.431214,0,0,1,0,0.000000,0.090000,0.012000,0.001000,4.500000,0.080000,24.000000,0.030000,0.000000
2.509000,0.300000,0.440000,-0.272458,-0.000000,-0.272458,-0.022305,0.150000,0.172305,0.083244,-0.003878,0.076757,0.089688,0.006444,0.029309,0.033187,0.015507,0.003267,-0.000052,0.028999,0.000310,0.796488,0.027594,0.824082,0.824082,0.824082,0.412041,0.412041,0,0,1,0,0.000000,0.090000,0.012000,0.001000,4.500000,0.080000,24.000000,0.030000,0.000000
2.514000,0.300000,0.440000,-0.272572,-0.000000,-0.272572,-0.022505,0.150000,0.172505,0.083266,-0.000114,0.076757,0.090575,0.007309,0.032900,0.033014,0.015525,0.003278,0.000040,0.032891,0.000009,0.792344,-0.001036,0.791307,0.791307,0.791307,0.395654,0.395654,0,0,1,0,0.000000,0.090000,0.012000,0.001000,4.500000,0.080000,24.000000,0.030000,0.000000
2.519000,0.300000,0.440000,-0.272728,-0.000000,-0.272728,-0.023107,0.150000,0.173107,0.083266,-0.000114,0.076757,0.091350,0.008085,0.036390,0.036504,0.015580,0.003288,0.000121,0.036380,0.000009,0.876097,0.020938,0.897035,0.897035,0.897035,0.448518,0.448518,0,0,1,0,0.000000,0.090000,0.012000,0.001000,4.500000,0.080000,24.000000,0.030000,0.000000
2.524000,0.300000,0.440000,-0.272924,-0.000000,-0.272924,-0.024064,0.150000,0.174064,0.083622,0.009634,0.076757,0.092035,0.008412,0.037084,0.027450,0.015666,0.003299,0.000191,0.037855,-0.000771,0.658790,-0.054327,0.604463,0.604463,0.604463,0.302232,0.302232,0,0,1,0,0.000000,0.090000,0.012000,0.001000,4.500000,0.080000,24.000000,0.030000,0.000000
2.529000,0.300000,0.440000,-0.273161,-0.000000,-0.273161,-0.025402,0.150000,0.175402,0.083622,0.009634,0.076757,0.092647,0.009025,0.039841,0.030207,0.015786,0.003309,0.000268,0.040612,-0.000771,0.724963,0.016543,0.741506,0.741506,0.741506,0.370753,0.370753,0,0,1,0,0.000000,0.090000,0.012000,0.001000,4.500000,0.080000,24.000000,0.030000,0.000000
2.534000,0.300000,0.440000,-0.273432,-0.000000,-0.273432,-0.026939,0.150000,0.176939,0.084322,0.023411,0.076757,0.093196,0.008874,0.038061,0.014650,0.015925,0.003320,0.000307,0.039934,-0.001873,0.351600,-0.093341,0.258260,0.258260,0.258260,0.129130,0.129130,0,0,1,0,0.000000,0.090000,0.012000,0.001000,4.500000,0.080000,24.000000,0.030000,0.000000
2.539000,0.300000,0.440000,-0.273734,-0.000000,-0.273734,-0.028817,0.150000,0.178817,0.084322,0.023411,0.076757,0.093700,0.009378,0.040329,0.016918,0.016094,0.003330,0.000376,0.042201,-0.001873,0.406026,0.013606,0.419633,0.419633,0.419633,0.209816,0.209816,0,0,1,0,0.000000,0.090000,0.012000,0.001000,4.500000,0.080000,24.000000,0.030000,0.000000
2.544000,0.300000,0.440000,-0.274052,-0.000000,-0.274052,-0.030586,0.150000,0.180586,0.085271,0.038096,0.076757,0.094151,0.008880,0.036911,-0.001185,0.016253,0.003341,0.000354,0.039959,-0.003048,-0.028438,-0.108616,-0.137055,-0.137055,-0.137055,-0.068527,-0.068527,0,0,1,0,0.000000,0.090000,0.012000,0.001000,4.500000,0.080000,24.000000,0.030000,0.000000
2.553000,0.300000,0.440000,-0.274711,-0.000000,-0.274711,-0.034030,0.150000,0.184030,0.086322,0.050437,0.076757,0.094588,0.008266,0.033160,-0.017276,0.016563,0.003361,0.000383,0.037195,-0.004035,-0.414633,-0.053638,-0.468271,-0.468271,-0.468271,-0.234135,-0.234135,0,0,1,0,0.000000,0.090000,0.012000,0.001000,4.500000,0.080000,24.000000,0.030000,0.000000
2.558000,0.300000,0.440000,-0.275026,-0.000000,-0.275026,-0.035429,0.150000,0.185429,0.086322,0.050437,0.076757,0.094964,0.008642,0.034854,-0.015583,0.016689,0.003372,0.000280,0.038889,-0.004035,-0.373982,0.010163,-0.363819,-0.363819,-0.363819,-0.181910,-0.181910,0,0,1,0,0.000000,0.090000,0.012000,0.001000,4.500000,0.080000,24.000000,0.030000,0.000000
2.563000,0.300000,0.440000,-0.275318,-0.000000,-0.275318,-0.036462,0.150000,0.186462,0.087279,0.057288,0.076757,0.095289,0.008010,0.031461,-0.025827,0.016782,0.003383,0.000207,0.036044,-0.004583,-0.619851,-0.061467,-0.681319,-0.681319,-0.681319,-0.340659,-0.340659,0,0,1,0,0.000000,0.090000,0.012000,0.001000,4.500000,0.080000,24.000000,0.030000,0.000000
2.568000,0.300000,0.440000,-0.275585,-0.000000,-0.275585,-0.037213,0.150000,0.187213,0.087279,0.057288,0.076757,0.095568,0.008289,0.032718,-0.024570,0.016849,0.003395,0.000150,0.037301,-0.004583,-0.589690,0.007540,-0.582150,-0.582150,-0.582150,-0.291075,-0.291075,0,0,1,0,0.000000,0.090000,0.012000,0.001000,4.500000,0.080000,24.000000,0.030000,0.000000
2.573000,0.300000,0.440000,-0.275819,-0.000000,-0.275819,-0.037540,0.150000,0.187540,0.088024,0.058149,0.076757,0.095799,0.007774,0.030333,-0.027816,0.016879,0.003406,0.000065,0.034985,-0.004652,-0.667579,-0.019472,-0.687051,-0.687051,-0.687051,-0.343525,-0.343525,0,0,1,0,0.000000,0.090000,0.012000,0.001000,4.500000,0.080000,24.000000,0.030000,0.000000
2.578000,0.300000,0.440000,-0.276018,-0.000000,-0.276018,-0.037527,0.150000,0.187527,0.088024,0.058149,0.076757,0.095986,0.007962,0.031176,-0.026972,0.016877,0.003417,-0.000003,0.035828,-0.004652,-0.647333,0.005061,-0.642271,-0.642271,-0.642271,-0.321136,-0.321136,0,0,1,0,0.000000,0.090000,0.012000,0.001000,4.500000,0.080000,24.000000,0.030000,0.000000
2.583000,0.300000,0.440000,-0.276182,-0.000000,-0.276182,-0.037148,0.150000,0.187148,0.088495,0.053589,0.076757,0.096131,0.007637,0.030077,-0.023511,0.016843,0.003428,-0.000076,0.034364,-0.004287,-0.564273,0.020765,-0.543508,-0.543508,-0.543508,-0.271754,-0.271754,0,0,1,0,0.000000,0.090000,0.012000,0.001000,4.500000,0.080000,24.000000,0.030000,0.000000
2.588000,0.300000,0.440000,-0.276312,-0.000000,-0.276312,-0.036456,0.150000,0.186456,0.088495,0.053589,0.076757,0.096237,0.007743,0.030555,-0.023034,0.016781,0.003440,-0.000138,0.034842,-0.004287,-0.552812,0.002865,-0.549946,-0.549946,-0.549946,-0.274973,-0.274973,0,0,1,0,0.000000,0.090000,0.012000,0.001000,4.500000,0.080000,24.000000,0.030000,0.000000
2.593000,0.300000,0.440000,-0.276412,-0.000000,-0.276412,-0.035527,0.150000,0.185527,0.088698,0.045357,0.076757,0.096310,0.007612,0.030624,-0.014733,0.016697,0.003451,-0.000186,0.034253,-0.003629,-0.353582,0.049807,-0.303775,-0.303775,-0.303775,-0.151887,-0.151887,0,0,1,0,0.000000,0.090000,0.012000,0.001000,4.500000,0.080000,24.000000,0.030000,0.000000
2.598000,0.300000,0.440000,-0.276486,-0.000000,-0.276486,-0.034379,0.150000,0.184379,0.088698,0.045357,0.076757,0.096351,0.007653,0.030809,-0.014548,0.016594,0.003462,-0.000230,0.034437,-0.003629,-0.349154,0.001107,-0.348048,-0.348048,-0.348048,-0.174024,-0.174024,0,0,1,0,0.000000,0.090000,0.012000,0.001000,4.500000,0.080000,24.000000,0.030000,0.000000
2.607000,0.300000,0.440000,-0.276581,-0.000000,-0.276581,-0.031849,0.150000,0.181849,0.088703,0.035835,0.076757,0.096346,0.007643,0.031528,-0.004307,0.016366,0.003481,-0.000281,0.034395,-0.002867,-0.103366,0.034137,-0.069229,-0.069229,-0.069229,-0.034615,-0.034615,0,0,1,0,0.000000,0.090000,0.012000,0.001000,4.500000,0.080000,24.000000,0.030000,0.000000
2.612000,0.300000,0.440000,-0.276607,-0.000000,-0.276607,-0.030459,0.150000,0.180459,0.088596,0.026091,0.076757,0.096326,0.007730,0.032698,0.006607,0.016241,0.003492,-0.000278,0.034785,-0.002087,0.158561,0.065482,0.224043,0.224043,0.224043,0.112022,0.112022,0,0,1,0,0.000000,0.090000,0.012000,0.001000,4.500000,0.080000,24.000000,0.030000,0.000000
2.617000,0.300000,0.440000,-0.276628,-0.000000,-0.276628,-0.029142,0.150000,0.179142,0.088596,0.026091,0.076757,0.096295,0.007699,0.032558,0.006467,0.016123,0.003503,-0.000263,0.034645,-0.002087,0.155201,-0.000840,0.154361,0.154361,0.154361,0.077181,0.077181,0,0,1,0,0.000000,0.090000,0.012000,0.001000,4.500000,0.080000,24.000000,0.030000,0.000000
2.622000,0.300000,0.440000,-0.276658,-0.000000,-0.276658,-0.028045,0.150000,0.178045,0.088473,0.019849,0.076757,0.096262,0.007789,0.033462,0.013612,0.016024,0.003514,-0.000219,0.035050,-0.001588,0.326699,0.042874,0.369573,0.369573,0.369573,0.184786,0.184786,0,0,1,0,0.000000,0.090000,0.012000,0.001000,4.500000,0.080000,24.000000,0.030000,0.000000
2.627000,0.300000,0.440000,-0.276701,-0.000000,-0.276701,-0.027117,0.150000,0.177117,0.088473,0.019849,0.076757,0.096228,0.007755,0.033309,0.013460,0.015941,0.003524,-0.000186,0.034897,-0.001588,0.323031,-0.000917,0.322114,0.322114,0.322114,0.161057,0.161057,0,0,1,0,0.000000,0.090000,0.012000,0.001000,4.500000,0.080000,24.000000,0.030000,0.000000
2.632000,0.300000,0.440000,-0.276761,-0.000000,-0.276761,-0.026457,0.150000,0.176457,0.088484,0.017890,0.076757,0.096200,0.007716,0.033291,0.015401,0.015881,0.003535,-0.000132,0.034722,-0.001431,0.369620,0.011647,0.381267,0.381267,0.381267,0.190634,0.190634,0,0,1,0,0.000000,0.090000,0.012000,0.001000,4.500000,0.080000,24.000000,0.030000,0.000000
2.637000,0.300000,0.440000,-0.276842,-0.000000,-0.276842,-0.026021,0.150000,0.176021,0.088484,0.017890,0.076757,0.096179,0.007695,0.033194,0.015304,0.015842,0.003545,-0.000087,0.034626,-0.001431,0.367298,-0.000581,0.366717,0.366717,0.366717,0.183359,0.183359,0,0,1,0,0.000000,0.090000,0.012000,0.001000,4.500000,0.080000,24.000000,0.030000,0.000000
2.642000,0.300000,0.440000,-0.276944,-0.000000,-0.276944,-0.025823,0.150000,0.175823,0.088683,0.019986,0.076757,0.096166,0.007483,0.032074,0.012088,0.015824,0.003556,-0.000040,0.033673,-0.001599,0.290123,-0.019294,0.270830,0.270830,0.270830,0.135415,0.135415,0,0,1,0,0.000000,0.090000,0.012000,0.001000,4.500000,0.080000,24.000000,0.030000,0.000000
2.647000,0.300000,0.440000,-0.277067,-0.000000,-0.277067,-0.025838,0.150000,0.175838,0.088683,0.019986,0.076757,0.096164,0.007481,0.032064,0.012078,0.015825,0.003567,0.000003,0.033663,-0.001599,0.289883,-0.000060,0.289822,0.289822,0.289822,0.144911,0.144911,0,0,1,0,0.000000,0.090000,0.012000,0.001000,4.500000,0.080000,24.000000,0.030000,0.000000
2.656000,0.300000,0.440000,-0.277361,-0.000000,-0.277361,-0.026308,0.150000,0.176308,0.089072,0.024915,0.076757,0.096179,0.007107,0.029987,0.005072,0.015868,0.003586,0.000052,0.031980,-0.001993,0.121717,-0.023356,0.098360,0.098360,0.098360,0.049180,0.049180,0,0,1,0,0.000000,0.090000,0.012000,0.001000,4.500000,0.080000,24.000000,0.030000,0.000000
2.661000,0.300000,0.440000,-0.277531,-0.000000,-0.277531,-0.026751,0.150000,0.176751,0.089615,0.031781,0.076757,0.096204,0.006589,0.027109,-0.004672,0.015908,0.003596,0.000089,0.029652,-0.002542,-0.112118,-0.058459,-0.170577,-0.170577,-0.170577,-0.085288,-0.085288,0,0,1,0,0.000000,0.090000,0.012000,0.001000,4.500000,0.080000,24.000000,0.030000,0.000000
2.666000,0.300000,0.440000,-0.277710,-0.000000,-0.277710,-0.027221,0.150000,0.177221,0.089615,0.031781,0.076757,0.096235,0.006620,0.027246,-0.004535,0.015950,0.003607,0.000094,0.029789,-0.002542,-0.108834,0.000821,-0.108013,-0.108013,-0.108013,-0.054006,-0.054006,0,0,1,0,0.000000,0.090000,0.012000,0.001000,4.500000,0.080000,24.000000,0.030000,0.000000
2.671000,0.300000,0.440000,-0.277885,-0.000000,-0.277885,-0.027575,0.150000,0.177575,0.090242,0.037400,0.076757,0.096264,0.006021,0.024105,-0.013296,0.015982,0.003618,0.000071,0.027097,-0.002992,-0.319092,-0.052565,-0.371657,-0.371657,-0.371657,-0.185828,-0.185828,0,0,1,0,0.000000,0.090000,0.012000,0.001000,4.500000,0.080000,24.000000,0.030000,0.000000
2.676000,0.300000,0.440000,-0.278053,-0.000000,-0.278053,-0.027857,0.150000,0.177857,0.090242,0.037400,0.076757,0.096291,0.006049,0.024229,-0.013171,0.016007,0.003628,0.000056,0.027221,-0.002992,-0.316102,0.000748,-0.315354,-0.315354,-0.315354,-0.157677,-0.157677,0,0,1,0,0.000000,0.090000,0.012000,0.001000,4.500000,0.080000,24.000000,0.030000,0.000000
2.681000,0.300000,0.440000,-0.278208,-0.000000,-0.278208,-0.027935,0.150000,0.177935,0.090825,0.040395,0.076757,0.096311,0.005487,0.021459,-0.018936,0.016014,0.003639,0.000016,0.024690,-0.003232,-0.454462,-0.034590,-0.489052,-0.489052,-0.489052,-0.244526,-0.244526,0,0,1,0,0.000000,0.090000,0.012000,0.001000,4.500000,0.080000,24.000000,0.030000,0.000000
2.686000,0.300000,0.440000,-0.278345,-0.000000,-0.278345,-0.027857,0.150000,0.177857,0.090825,0.040395,0.076757,0.096324,0.005500,0.021517,-0.018878,0.016007,0.003650,-0.000016,0.024748,-0.003232,-0.453066,0.000349,-0.452717,-0.452717,-0.452717,-0.226359,-0.226359,0,0,1,0,0.000000,0.090000,0.012000,0.001000,4.500000,0.080000,24.000000,0.030000,0.000000
2.695000,0.300000,0.440000,-0.278463,-0.000000,-0.278463,-0.027545,0.150000,0.177545,0.091286,0.040084,0.076757,0.096331,0.005045,0.019497,-0.020587,0.015979,0.003669,-0.000035,0.022704,-0.003207,-0.494090,-0.005698,-0.499788,-0.499788,-0.499788,-0.249894,-0.249894,0,0,1,0,0.000000,0.090000,0.012000,0.001000,4.500000,0.080000,24.000000,0.030000,0.000000
2.700000,0.300000,0.440000,-0.278558,-0.000000,-0.278558,-0.027037,0.150000,0.177037,0.091286,0.040084,0.076757,0.096322,0.005036,0.019454,-0.020630,0.015933,0.003679,-0.000102,0.022661,-0.003207,-0.495117,-0.000257,-0.495374,-0.495374,-0.495374,-0.247687,-0.247687,0,0,1,0,0.000000,0.090000,0.012000,0.001000,4.500000,0.080000,24.000000,0.030000,0.000000
2.705000,0.300000,0.440000,-0.278633,-0.000000,-0.278633,-0.026351,0.150000,0.176351,0.091588,0.036909,0.076757,0.096300,0.004713,0.018254,-0.018655,0.015872,0.003690,-0.000137,0.021207,-0.002953,-0.447714,0.011851,-0.435864,-0.435864,-0.435864,-0.217932,-0.217932,0,0,1,0,0.000000,0.090000,0.012000,0.001000,4.500000,0.080000,24.000000,0.030000,0.000000
2.710000,0.300000,0.440000,-0.278686,-0.000000,-0.278686,-0.025477,0.150000,0.175477,0.091588,0.036909,0.076757,0.096267,0.004679,0.018102,-0.018807,0.015793,0.003700,-0.000175,0.021055,-0.002953,-0.451366,-0.000913,-0.452279,-0.452279,-0.452279,-0.226140,-0.226140,0,0,1,0,0.000000,0.090000,0.012000,0.001000,4.500000,0.080000,24.000000,0.030000,0.000000
2.715000,0.300000,0.440000,-0.278720,-0.000000,-0.278720,-0.024464,0.150000,0.174464,0.091735,0.031511,0.076757,0.096222,0.004486,0.017668,-0.013842,0.015702,0.003711,-0.000203,0.020189,-0.002521,-0.332213,0.029788,-0.302425,-0.302425,-0.302425,-0.151213,-0.151213,0,0,1,0,0.000000,0.090000,0.012000,0.001000,4.500000,0.080000,24.000000,0.030000,0.000000
2.720000,0.300000,0.440000,-0.278734,-0.000000,-0.278734,-0.023317,0.150000,0.173317,0.091735,0.031511,0.076757,0.096165,0.004430,0.017415,-0.014095,0.015599,0.003721,-0.000229,0.019936,-0.002521,-0.338284,-0.001518,-0.339802,-0.339802,-0.339802,-0.169901,-0.169901,0,0,1,0,0.000000,0.090000,0.012000,0.001000,4.500000,0.080000,24.000000,0.030000,0.000000
2.725000,0.300000,0.440000,-0.278736,-0.000000,-0.278736,-0.022125,0.150000,0.172125,0.091757,0.025268,0.076757,0.096102,0.004345,0.017530,-0.007737,0.015491,0.003732,-0.000238,0.019552,-0.002021,-0.185692,0.038148,-0.147545,-0.147545,-0.147545,-0.073772,-0.073772,0,0,1,0,0.000000,0.090000,0.012000,0.001000,4.500000,0.080000,24.000000,0.030000,0.000000
2.730000,0.300000,0.440000,-0.278726,-0.000000,-0.278726,-0.020874,0.150000,0.170874,0.091757,0.025268,0.076757,0.096031,0.004274,0.017210,-0.008058,0.015379,0.003742,-0.000250,0.019231,-0.002021,-0.193384,-0.001923,-0.195307,-0.195307,-0.195307,-0.097653,-0.097653,0,0,1,0,0.000000,0.090000,0.012000,0.001000,4.500000,0.080000,24.000000,0.030000,0.000000
2.735000,0.300000,0.440000,-0.278711,-0.000000,-0.278711,-0.019671,0.150000,0.169671,0.091714,0.019589,0.076757,0.095957,0.004242,0.017523,-0.002065,0.015270,0.003752,-0.000241,0.019091,-0.001567,-0.049567,0.035954,-0.013612,-0.013612,-0.013612,-0.006806,-0.006806,0,0,1,0,0.000000,0.090000,0.012000,0.001000,4.500000,0.080000,24.000000,0.030000,0.000000
2.740000,0.300000,0.440000,-0.278692,-0.000000,-0.278692,-0.018488,0.150000,0.168488,0.091714,0.019589,0.076757,0.095880,0.004166,0.017179,-0.002410,0.015164,0.003762,-0.000237,0.018746,-0.001567,-0.057840,-0.002068,-0.059908,-0.059908,-0.059908,-0.029954,-0.029954,0,0,1,0,0.000000,0.090000,0.012000,0.001000,4.500000,0.080000,24.000000,0.030000,0.000000
2.749000,0.300000,0.440000,-0.278663,-0.000000,-0.278663,-0.016434,0.150000,0.166434,0.091675,0.015582,0.076757,0.095791,0.004116,0.017276,0.001694,0.014979,0.003780,-0.000228,0.018522,-0.001247,0.040656,0.013680,0.054336,0.054336,0.054336,0.027168,0.027168,0,0,1,0,0.000000,0.090000,0.012000,0.001000,4.500000,0.080000,24.000000,0.030000,0.000000
2.754000,0.300000,0.440000,-0.278654,-0.000000,-0.278654,-0.015527,0.150000,0.165527,0.091688,0.013279,0.076757,0.095712,0.004024,0.017047,0.003769,0.014897,0.003790,-0.000181,0.018110,-0.001062,0.090445,0.012447,0.102892,0.102892,0.102892,0.051446,0.051446,0,0,1,0,0.000000,0.090000,0.012000,0.001000,4.500000,0.080000,24.000000,0.030000,0.000000
2.759000,0.300000,0.440000,-0.278650,-0.000000,-0.278650,-0.014753,0.150000,0.164753,0.091688,0.013279,0.076757,0.095640,0.003952,0.016722,0.003443,0.014828,0.003800,-0.000155,0.017784,-0.001062,0.082628,-0.001954,0.080673,0.080673,0.080673,0.040337,0.040337,0,0,1,0,0.000000,0.090000,0.012000,0.001000,4.500000,0.080000,24.000000,0.030000,0.000000
2.764000,0.300000,0.440000,-0.278657,-0.000000,-0.278657,-0.014127,0.150000,0.164127,0.091780,0.013486,0.076757,0.095576,0.003796,0.016002,0.002516,0.014771,0.003810,-0.000125,0.017081,-0.001079,0.060382,-0.005561,0.054821,0.054821,0.054821,0.027410,0.027410,0,0,1,0,0.000000,0.090000,0.012000,0.001000,4.500000,0.080000,24.000000,0.030000,0.000000
2.769000,0.300000,0.440000,-0.278674,-0.000000,-0.278674,-0.013629,0.150000,0.163629,0.091780,0.013486,0.076757,0.095520,0.003740,0.015750,0.002264,0.014727,0.003820,-0.000100,0.016829,-0.001079,0.054347,-0.001509,0.052838,0.052838,0.052838,0.026419,0.026419,0,0,1,0,0.000000,0.090000,0.012000,0.001000,4.500000,0.080000,24.000000,0.030000,0.000000
2.774000,0.300000,0.440000,-0.278700,-0.000000,-0.278700,-0.013234,0.150000,0.163234,0.091980,0.015551,0.076757,0.095471,0.003491,0.014467,-0.001084,0.014691,0.003829,-0.000079,0.015711,-0.001244,-0.026010,-0.020089,-0.046099,-0.046099,-0.046099,-0.023049,-0.023049,0,0,1,0,0.000000,0.090000,0.012000,0.001000,4.500000,0.080000,24.000000,0.030000,0.000000
2.784000,0.300000,0.440000,-0.278771,-0.000000,-0.278771,-0.012678,0.150000,0.162678,0.092267,0.018519,0.076757,0.095429,0.003162,0.012750,-0.005770,0.014641,0.003849,-0.000056,0.014231,-0.001482,-0.138470,-0.014058,-0.152528,-0.152528,-0.152528,-0.076264,-0.076264,0,0,1,0,0.000000,0.090000,0.012000,0.001000,4.500000,0.080000,24.000000,0.030000,0.000000
2.793000,0.300000,0.440000,-0.278850,-0.000000,-0.278850,-0.012213,0.150000,0.162213,0.092597,0.021348,0.076757,0.095391,0.002794,0.010864,-0.010483,0.014599,0.003866,-0.000052,0.012572,-0.001708,-0.251599,-0.015712,-0.267311,-0.267311,-0.267311,-0.133655,-0.133655,0,0,1,0,0.000000,0.090000,0.012000,0.001000,4.500000,0.080000,24.000000,0.030000,0.000000
2.798000,0.300000,0.440000,-0.278886,-0.000000,-0.278886,-0.011952,0.150000,0.161952,0.092597,0.021348,0.076757,0.095355,0.002759,0.010706,-0.010641,0.014576,0.003876,-0.000052,0.012414,-0.001708,-0.255393,-0.000949,-0.256342,-0.256342,-0.256342,-0.128171,-0.128171,0,0,1,0,0.000000,0.090000,0.012000,0.001000,4.500000,0.080000,24.000000,0.030000,0.000000
2.803000,0.300000,0.440000,-0.278916,-0.000000,-0.278916,-0.011617,0.150000,0.161617,0.092923,0.023177,0.076757,0.095320,0.002397,0.008931,-0.014246,0.014545,0.003886,-0.000067,0.010785,-0.001854,-0.341903,-0.021628,-0.363531,-0.363531,-0.363531,-0.181766,-0.181766,0,0,1,0,0.000000,0.090000,0.012000,0.001000,4.500000,0.080000,24.000000,0.030000,0.000000
2.808000,0.300000,0.440000,-0.278938,-0.000000,-0.278938,-0.011219,0.150000,0.161219,0.092923,0.023177,0.076757,0.095284,0.002361,0.008770,-0.014407,0.014510,0.003896,-0.000080,0.010625,-0.001854,-0.345758,-0.000964,-0.346722,-0.346722,-0.346722,-0.173361,-0.173361,0,0,1,0,0.000000,0.090000,0.012000,0.001000,4.500000,0.080000,24.000000,0.030000,0.000000
2.813000,0.300000,0.440000,-0.278948,-0.000000,-0.278948,-0.010709,0.150000,0.160709,0.093204,0.023451,0.076757,0.095245,0.002042,0.007311,-0.016140,0.014464,0.003905,-0.000102,0.009187,-0.001876,-0.387363,-0.010401,-0.397764,-0.397764,-0.397764,-0.198882,-0.198882,0,0,1,0,0.000000,0.090000,0.012000,0.001000,4.500000,0.080000,24.000000,0.030000,0.000000
2.818000,0.300000,0.440000,-0.278946,-0.000000,-0.278946,-0.010107,0.150000,0.160107,0.093204,0.023451,0.076757,0.095203,0.001999,0.007119,-0.016332,0.014410,0.003915,-0.000121,0.008995,-0.001876,-0.391979,-0.001154,-0.393133,-0.393133,-0.393133,-0.196566,-0.196566,0,0,1,0,0.000000,0.090000,0.012000,0.001000,4.500000,0.080000,24.000000,0.030000,0.000000
2.823000,0.300000,0.440000,-0.278931,-0.000000,-0.278931,-0.009393,0.150000,0.159393,0.093406,0.022074,0.076757,0.095155,0.001749,0.006104,-0.015970,0.014345,0.003924,-0.000143,0.007870,-0.001766,-0.383291,0.002172,-0.381119,-0.381119,-0.381119,-0.190560,-0.190560,0,0,1,0,0.000000,0.090000,0.012000,0.001000,4.500000,0.080000,24.000000,0.030000,0.000000
2.832000,0.300000,0.440000,-0.278860,-0.000000,-0.278860,-0.007686,0.150000,0.157686,0.093521,0.019378,0.076757,0.095087,0.001566,0.005495,-0.013883,0.014192,0.003941,-0.000190,0.007045,-0.001550,-0.333203,0.006957,-0.326246,-0.326246,-0.326246,-0.163123,-0.163123,0,0,1,0,0.000000,0.090000,0.012000,0.001000,4.500000,0.080000,24.000000,0.030000,0.000000
2.837000,0.300000,0.440000,-0.278806,-0.000000,-0.278806,-0.006715,0.150000,0.156715,0.093521,0.019378,0.076757,0.095016,0.001495,0.005178,-0.014200,0.014104,0.003951,-0.000194,0.006729,-0.001550,-0.340800,-0.001899,-0.342700,-0.342700,-0.342700,-0.171350,-0.171350,0,0,1,0,0.000000,0.090000,0.012000,0.001000,4.500000,0.080000,24.000000,0.030000,0.000000
2.842000,0.300000,0.440000,-0.278742,-0.000000,-0.278742,-0.005705,0.150000,0.155705,0.093562,0.016024,0.076757,0.094943,0.001381,0.004931,-0.011093,0.014013,0.003960,-0.000202,0.006213,-0.001282,-0.266242,0.018640,-0.247602,-0.247602,-0.247602,-0.123801,-0.123801,0,0,1,0,0.000000,0.090000,0.012000,0.001000,4.500000,0.080000,24.000000,0.030000,0.000000
2.847000,0.300000,0.440000,-0.278669,-0.000000,-0.278669,-0.004652,0.150000,0.154652,0.093562,0.016024,0.076757,0.094867,0.001304,0.004587,-0.011437,0.013919,0.003969,-0.000211,0.005869,-0.001282,-0.274488,-0.002062,-0.276550,-0.276550,-0.276550,-0.138275,-0.138275,0,0,1,0,0.000000,0.090000,0.012000,0.001000,4.500000,0.080000,24.000000,0.030000,0.000000
2.852000,0.300000,0.440000,-0.278590,-0.000000,-0.278590,-0.003609,0.150000,0.153609,0.093557,0.012726,0.076757,0.094789,0.001232,0.004527,-0.008199,0.013825,0.003979,-0.000209,0.005545,-0.001018,-0.196778,0.019428,-0.177350,-0.177350,-0.177350,-0.088675,-0.088675,0,0,1,0,0.000000,0.090000,0.012000,0.001000,4.500000,0.080000,24.000000,0.030000,0.000000
2.861000,0.300000,0.440000,-0.278419,-0.000000,-0.278419,-0.001567,0.150000,0.151567,0.093539,0.010103,0.076757,0.094696,0.001156,0.004395,-0.005708,0.013641,0.003995,-0.000227,0.005203,-0.000808,-0.136981,0.008305,-0.128676,-0.128676,-0.128676,-0.064338,-0.064338,0,0,1,0,0.000000,0.090000,0.012000,0.001000,4.500000,0.080000,24.000000,0.030000,0.000000
2.866000,0.300000,0.440000,-0.278332,-0.000000,-0.278332,-0.000618,0.150000,0.150618,0.093539,0.010103,0.076757,0.094610,0.001071,0.004011,-0.006092,0.013556,0.004004,-0.000190,0.004819,-0.000808,-0.146206,-0.002306,-0.148512,-0.148512,-0.148512,-0.074256,-0.074256,0,0,1,0,0.000000,0.090000,0.012000,0.001000,4.500000,0.080000,24.000000,0.030000,0.000000
2.871000,0.300000,0.440000,-0.278246,-0.000000,-0.278246,0.000261,0.150000,0.149739,0.093546,0.008664,0.076757,0.094529,0.000984,0.003733,-0.004931,0.013477,0.004013,-0.000176,0.004426,-0.000693,-0.118351,0.006964,-0.111387,-0.111387,-0.111387,-0.055693,-0.055693,0,0,1,0,0.000000,0.090000,0.012000,0.001000,4.500000,0.080000,24.000000,0.030000,0.000000
2.876000,0.300000,0.440000,-0.278162,-0.000000,-0.278162,0.001084,0.150000,0.148916,0.093546,0.008664,0.076757,0.094452,0.000907,0.003386,-0.005278,0.013402,0.004022,-0.000165,0.004080,-0.000693,-0.126663,-0.002078,-0.128741,-0.128741,-0.128741,-0.064370,-0.064370,0,0,1,0,0.000000,0.090000,0.012000,0.001000,4.500000,0.080000,24.000000,0.030000,0.000000
2.881000,0.300000,0.440000,-0.278080,-0.000000,-0.278080,0.001836,0.150000,0.148164,0.093594,0.008368,0.076757,0.094380,0.000786,0.002868,-0.005501,0.013335,0.004031,-0.000150,0.003537,-0.000669,-0.132015,-0.001338,-0.133353,-0.133353,-0.133353,-0.066677,-0.066677,0,0,1,0,0.000000,0.090000,0.012000,0.001000,4.500000,0.080000,24.000000,0.030000,0.000000
2.886000,0.300000,0.440000,-0.278001,-0.000000,-0.278001,0.002528,0.150000,0.147472,0.093594,0.008368,0.076757,0.094313,0.000718,0.002564,-0.005805,0.013272,0.004040,-0.000139,0.003233,-0.000669,-0.139308,-0.001823,-0.141131,-0.141131,-0.141131,-0.070566,-0.070566,0,0,1,0,0.000000,0.090000,0.012000,0.001000,4.500000,0.080000,24.000000,0.030000,0.000000
2.891000,0.300000,0.440000,-0.277924,-0.000000,-0.277924,0.003168,0.150000,0.146832,0.093690,0.008973,0.076757,0.094250,0.000560,0.001800,-0.007173,0.013215,0.004049,-0.000128,0.002518,-0.000718,-0.172145,-0.008209,-0.180354,-0.180354,-0.180354,-0.090177,-0.090177,0,0,1,0,0.000000,0.090000,0.012000,0.001000,4.500000,0.080000,24.000000,0.030000,0.000000
2.896000,0.300000,0.440000,-0.277848,-0.000000,-0.277848,0.003762,0.150000,0.146238,0.093690,0.008973,0.076757,0.094191,0.000501,0.001535,-0.007438,0.013161,0.004057,-0.000119,0.002253,-0.000718,-0.178516,-0.001593,-0.180109,-0.180109,-0.180109,-0.090054,-0.090054,0,0,1,0,0.000000,0.090000,0.012000,0.001000,4.500000,0.080000,24.000000,0.030000,0.000000
2.901000,0.300000,0.440000,-0.277772,-0.000000,-0.277772,0.004333,0.150000,0.145667,0.093825,0.010050,0.076757,0.094135,0.000310,0.000591,-0.009459,0.013110,0.004066,-0.000114,0.001395,-0.000804,-0.227005,-0.012122,-0.239128,-0.239128,-0.239128,-0.119564,-0.119564,0,0,1,0,0.000000,0.090000,0.012000,0.001000,4.500000,0.080000,24.000000,0.030000,0.000000
2.906000,0.300000,0.440000,-0.277696,-0.000000,-0.277696,0.004882,0.150000,0.145118,0.093825,0.010050,0.076757,0.094082,0.000257,0.000353,-0.009697,0.013061,0.004075,-0.000110,0.001157,-0.000804,-0.232718,-0.001428,-0.234146,-0.234146,-0.234146,-0.117073,-0.117073,0,0,1,0,0.000000,0.090000,0.012000,0.001000,4.500000,0.080000,24.000000,0.030000,0.000000
2.915000,0.300000,0.440000,-0.277617,-0.000000,-0.277617,0.005439,0.150000,0.144561,0.093980,0.011112,0.076757,0.094039,0.000059,-0.000623,-0.011735,0.013010,0.004090,-0.000062,0.000266,-0.000889,-0.281640,-0.006795,-0.288434,-0.288434,-0.288434,-0.144217,-0.144217,0,0,1,0,0.000000,0.090000,0.012000,0.001000,4.500000,0.080000,24.000000,0.030000,0.000000
2.920000,0.300000,0.440000,-0.277535,-0.000000,-0.277535,0.006000,0.150000,0.144000,0.093980,0.011112,0.076757,0.093989,0.000009,-0.000850,-0.011962,0.012960,0.004099,-0.000112,0.000039,-0.000889,-0.287080,-0.001360,-0.288440,-0.288440,-0.288440,-0.144220,-0.144220,0,0,1,0,0.000000,0.090000,0.012000,0.001000,4.500000,0.080000,24.000000,0.030000,0.000000
2.925000,0.300000,0.440000,-0.277450,-0.000000,-0.277450,0.006565,0.150000,0.143435,0.094137,0.011997,0.076757,0.093939,-0.000197,-0.001848,-0.013845,0.012909,0.004108,-0.000113,-0.000888,-0.000960,-0.332271,-0.011298,-0.343568,-0.343568,-0.343568,-0.171784,-0.171784,0,0,1,0,0.000000,0.090000,0.012000,0.001000,4.500000,0.080000,24.000000,0.030000,0.000000
2.930000,0.300000,0.440000,-0.277360,-0.000000,-0.277360,0.007159,0.150000,0.142841,0.094137,0.011997,0.076757,0.093890,-0.000247,-0.002071,-0.014067,0.012856,0.004116,-0.000119,-0.001111,-0.000960,-0.337613,-0.001336,-0.338949,-0.338949,-0.338949,-0.169474,-0.169474,0,0,1,0,0.000000,0.090000,0.012000,0.001000,4.500000,0.080000,24.000000,0.030000,0.000000
2.935000,0.300000,0.440000,-0.277265,-0.000000,-0.277265,0.007779,0.150000,0.142221,0.094283,0.012330,0.076757,0.093840,-0.000443,-0.002980,-0.015311,0.012800,0.004125,-0.000124,-0.001994,-0.000986,-0.367457,-0.007461,-0.374919,-0.374919,-0.374919,-0.187459,-0.187459,0,0,1,0,0.000000,0.090000,0.012000,0.001000,4.500000,0.080000,24.000000,0.030000,0.000000
2.940000,0.300000,0.440000,-0.277162,-0.000000,-0.277162,0.008448,0.150000,0.141552,0.094283,0.012330,0.076757,0.093788,-0.000495,-0.003213,-0.015543,0.012740,0.004133,-0.000134,-0.002226,-0.000986,-0.373038,-0.001395,-0.374433,-0.374433,-0.374433,-0.187216,-0.187216,0,0,1,0,0.000000,0.090000,0.012000,0.001000,4.500000,0.080000,24.000000,0.030000,0.000000
2.945000,0.300000,0.440000,-0.277050,-0.000000,-0.277050,0.009180,0.150000,0.140820,0.094397,0.011713,0.076757,0.093734,-0.000663,-0.003919,-0.015632,0.012674,0.004142,-0.000146,-0.002982,-0.000937,-0.375167,-0.000532,-0.375699,-0.375699,-0.375699,-0.187850,-0.187850,0,0,1,0,0.000000,0.090000,0.012000,0.001000,4.500000,0.080000,24.000000,0.030000,0.000000
2.950000,0.300000,0.440000,-0.276929,-0.000000,-0.276929,0.009969,0.150000,0.140031,0.094397,0.011713,0.076757,0.093677,-0.000720,-0.004177,-0.015890,0.012603,0.004150,-0.000158,-0.003240,-0.000937,-0.381358,-0.001548,-0.382906,-0.382906,-0.382906,-0.191453,-0.191453,0,0,1,0,0.000000,0.090000,0.012000,0.001000,4.500000,0.080000,24.000000,0.030000,0.000000
2.955000,0.300000,0.440000,-0.276799,-0.000000,-0.276799,0.010808,0.150000,0.139192,0.094460,0.010269,0.076757,0.093616,-0.000843,-0.004617,-0.014886,0.012527,0.004158,-0.000168,-0.003795,-0.000822,-0.357262,0.006024,-0.351239,-0.351239,-0.351239,-0.175619,-0.175619,0,0,1,0,0.000000,0.090000,0.012000,0.001000,4.500000,0.080000,24.000000,0.030000,0.000000
2.960000,0.300000,0.440000,-0.276660,-0.000000,-0.276660,0.011697,0.150000,0.138303,0.094460,0.010269,0.076757,0.093553,-0.000907,-0.004903,-0.015172,0.012447,0.004167,-0.000178,-0.004081,-0.000822,-0.364125,-0.001716,-0.365840,-0.365840,-0.365840,-0.182920,-0.182920,0,0,1,0,0.000000,0.090000,0.012000,0.001000,4.500000,0.080000,24.000000,0.030000,0.000000
2.969000,0.300000,0.440000,-0.276358,-0.000000,-0.276358,0.013564,0.150000,0.136436,0.094476,0.008314,0.076757,0.093471,-0.001005,-0.005186,-0.013501,0.012279,0.004181,-0.000207,-0.004521,-0.000665,-0.324013,0.005571,-0.318442,-0.318442,-0.318442,-0.159221,-0.159221,0,0,1,0,0.000000,0.090000,0.012000,0.001000,4.500000,0.080000,24.000000,0.030000,0.000000
2.974000,0.300000,0.440000,-0.276195,-0.000000,-0.276195,0.014541,0.150000,0.135459,0.094455,0.006032,0.076757,0.093392,-0.001063,-0.005268,-0.011300,0.012191,0.004190,-0.000195,-0.004785,-0.000483,-0.271202,0.013203,-0.257999,-0.257999,-0.257999,-0.128999,-0.128999,0,0,1,0,0.000000,0.090000,0.012000,0.001000,4.500000,0.080000,24.000000,0.030000,0.000000
2.979000,0.300000,0.440000,-0.276026,-0.000000,-0.276026,0.015518,0.150000,0.134482,0.094455,0.006032,0.076757,0.093312,-0.001143,-0.005625,-0.011658,0.012103,0.004198,-0.000195,-0.005143,-0.000483,-0.279785,-0.002146,-0.281931,-0.281931,-0.281931,-0.140966,-0.140966,0,0,1,0,0.000000,0.090000,0.012000,0.001000,4.500000,0.080000,24.000000,0.030000,0.000000
2.984000,0.300000,0.440000,-0.275855,-0.000000,-0.275855,0.016463,0.150000,0.133537,0.094415,0.004204,0.076757,0.093234,-0.001181,-0.005651,-0.009855,0.012018,0.004206,-0.000189,-0.005315,-0.000336,-0.236508,0.010819,-0.225689,-0.225689,-0.225689,-0.112844,-0.112844,0,0,1,0,0.000000,0.090000,0.012000,0.001000,4.500000,0.080000,24.000000,0.030000,0.000000
2.989000,0.300000,0.440000,-0.275681,-0.000000,-0.275681,0.017389,0.150000,0.132611,0.094415,0.004204,0.076757,0.093157,-0.001258,-0.005998,-0.010202,0.011935,0.004214,-0.000185,-0.005662,-0.000336,-0.244840,-0.002083,-0.246923,-0.246923,-0.246923,-0.123461,-0.123461,0,0,1,0,0.000000,0.090000,0.012000,0.001000,4.500000,0.080000,24.000000,0.030000,0.000000
2.994000,0.300000,0.440000,-0.275506,-0.000000,-0.275506,0.018267,0.150000,0.131733,0.094386,0.003055,0.076757,0.093082,-0.001303,-0.006110,-0.009165,0.011856,0.004221,-0.000176,-0.005866,-0.000244,-0.219956,0.006221,-0.213735,-0.213735,-0.213735,-0.106867,-0.106867,0,0,1,0,0.000000,0.090000,0.012000,0.001000,4.500000,0.080000,24.000000,0.030000,0.000000
3.003000,0.300000,0.440000,-0.275156,-0.000000,-0.275156,0.019903,0.000000,-0.019903,0.094381,0.002661,0.076757,0.088470,-0.005911,-0.026811,-0.029472,-0.001791,0.004219,-0.016849,-0.026598,-0.000213,-0.707336,-0.067692,-0.775028,-0.775028,-0.775028,-0.387514,-0.387514,0,0,1,0,0.000000,0.090000,0.012000,0.001000,4.500000,0.080000,24.000000,0.030000,0.000000
3.008000,0.300000,0.440000,-0.274982,-0.000000,-0.274982,0.020649,0.000000,-0.020649,0.094381,0.002661,0.076757,0.087045,-0.007336,-0.033226,-0.035887,-0.001858,0.004218,-0.000149,-0.033013,-0.000213,-0.861289,-0.038488,-0.899778,-0.899778,-0.899778,-0.449889,-0.449889,0,0,1,0,0.000000,0.090000,0.012000,0.001000,4.500000,0.080000,24.000000,0.030000,0.000000
3.013000,0.300000,0.440000,-0.274790,-0.000000,-0.274790,0.021641,0.000000,-0.021641,0.094373,0.000651,0.076757,0.085812,-0.008561,-0.038575,-0.039226,-0.001948,0.004217,-0.000198,-0.038523,-0.000052,-0.941423,-0.020033,-0.961457,-0.961457,-0.961457,-0.480728,-0.480728,0,0,1,0,0.000000,0.090000,0.012000,0.001000,4.500000,0.080000,24.000000,0.030000,0.000000
3.018000,0.300000,0.440000,-0.274568,-0.000000,-0.274568,0.022922,0.000000,-0.022922,0.094373,0.000651,0.076757,0.084738,-0.009635,-0.043408,-0.044059,-0.002063,0.004215,-0.000256,-0.043356,-0.000052,-1.057407,-0.028996,-1.086403,-1.086403,-1.086403,-0.543202,-0.543202,0,0,1,0,0.000000,0.090000,0.012000,0.001000,4.500000,0.080000,24.000000,0.030000,0.000000
3.023000,0.300000,0.440000,-0.274309,-0.000000,-0.274309,0.024501,0.000000,-0.024501,0.094146,-0.006139,0.076757,0.083795,-0.010351,-0.046090,-0.039951,-0.002205,0.004214,-0.000316,-0.046581,0.000491,-0.958815,0.024648,-0.934167,-0.934167,-0.934167,-0.467084,-0.467084,0,0,1,0,0.000000,0.090000,0.012000,0.001000,4.500000,0.080000,24.000000,0.030000,0.000000
3.028000,0.300000,0.440000,-0.274012,-0.000000,-0.274012,0.026417,0.000000,-0.026417,0.094146,-0.006139,0.076757,0.082957,-0.011189,-0.049861,-0.043722,-0.002378,0.004212,-0.000383,-0.050352,0.000491,-1.049324,-0.022627,-1.071951,-1.071951,-1.071951,-0.535975,-0.535975,0,0,1,0,0.000000,0.090000,0.012000,0.001000,4.500000,0.080000,24.000000,0.030000,0.000000
3.033000,0.300000,0.440000,-0.273678,-0.000000,-0.273678,0.028564,0.000000,-0.028564,0.093626,-0.017149,0.076757,0.082208,-0.011418,-0.050007,-0.032858,-0.002571,0.004211,-0.000429,-0.051379,0.001372,-0.788581,0.065186,-0.723395,-0.723395,-0.723395,-0.361697,-0.361697,0,0,1,0,0.000000,0.090000,0.012000,0.001000,4.500000,0.080000,24.000000,0.030000,0.000000
3.038000,0.300000,0.440000,-0.273308,-0.000000,-0.273308,0.030992,0.000000,-0.030992,0.093626,-0.017149,0.076757,0.081531,-0.012095,-0.053057,-0.035907,-0.002789,0.004209,-0.000486,-0.054429,0.001372,-0.861775,-0.018299,-0.880074,-0.880074,-0.880074,-0.440037,-0.440037,0,0,1,0,0.000000,0.090000,0.012000,0.001000,4.500000,0.080000,24.000000,0.030000,0.000000
3.043000,0.300000,0.440000,-0.272910,-0.000000,-0.272910,0.033498,0.000000,-0.033498,0.092841,-0.030337,0.076757,0.080918,-0.011923,-0.051225,-0.020888,-0.003015,0.004207,-0.000501,-0.053652,0.002427,-0.501316,0.090115,-0.411201,-0.411201,-0.411201,-0.205600,-0.205600,0,0,1,0,0.000000,0.090000,0.012000,0.001000,4.500000,0.080000,24.000000,0.030000,0.000000
3.048000,0.300000,0.440000,-0.272488,-0.000000,-0.272488,0.036154,0.000000,-0.036154,0.092841,-0.030337,0.076757,0.080357,-0.012484,-0.053751,-0.023414,-0.003254,0.004205,-0.000531,-0.056178,0.002427,-0.561939,-0.015156,-0.577094,-0.577094,-0.577094,-0.288547,-0.288547,0,0,1,0,0.000000,0.090000,0.012000,0.001000,4.500000,0.080000,24.000000,0.030000,0.000000
3.053000,0.300000,0.440000,-0.272054,-0.000000,-0.272054,0.038703,0.000000,-0.038703,0.091892,-0.042989,0.076757,0.079848,-0.012044,-0.050757,-0.007768,-0.003483,0.004202,-0.000510,-0.054196,0.003439,-0.186432,0.093877,-0.092555,-0.092555,-0.092555,-0.046278,-0.046278,0,0,1,0,0.000000,0.090000,0.012000,0.001000,4.500000,0.080000,24.000000,0.030000,0.000000
3.062000,0.300000,0.440000,-0.271172,-0.000000,-0.271172,0.043508,0.000000,-0.043508,0.090915,-0.052569,0.076757,0.079347,-0.011568,-0.047852,0.004717,-0.003916,0.004198,-0.000534,-0.052058,0.004206,0.113203,0.041616,0.154819,0.154819,0.154819,0.077410,0.077410,0,0,1,0,0.000000,0.090000,0.012000,0.001000,4.500000,0.080000,24.000000,0.030000,0.000000
3.067000,0.300000,0.440000,-0.270747,-0.000000,-0.270747,0.045531,0.000000,-0.045531,0.090915,-0.052569,0.076757,0.078912,-0.012003,-0.049808,0.002761,-0.004098,0.004195,-0.000405,-0.054013,0.004206,0.066262,-0.011735,0.054527,0.054527,0.054527,0.027263,0.027263,0,0,1,0,0.000000,0.090000,0.012000,0.001000,4.500000,0.080000,24.000000,0.030000,0.000000
3.072000,0.300000,0.440000,-0.270343,-0.000000,-0.270343,0.047197,0.000000,-0.047197,0.090072,-0.056733,0.076757,0.078530,-0.011542,-0.047400,0.009333,-0.004248,0.004192,-0.000333,-0.051938,0.004539,0.223993,0.039433,0.263426,0.263426,0.263426,0.131713,0.131713,0,0,1,0,0.000000,0.090000,0.012000,0.001000,4.500000,0.080000,24.000000,0.030000,0.000000
3.077000,0.300000,0.440000,-0.269960,-0.000000,-0.269960,0.048584,0.000000,-0.048584,0.090072,-0.056733,0.076757,0.078195,-0.011877,-0.048908,0.007825,-0.004373,0.004189,-0.000278,-0.053447,0.004539,0.187788,-0.009051,0.178737,0.178737,0.178737,0.089369,0.089369,0,0,1,0,0.000000,0.090000,0.012000,0.001000,4.500000,0.080000,24.000000,0.030000,0.000000
3.082000,0.300000,0.440000,-0.269605,-0.000000,-0.269605,0.049607,0.000000,-0.049607,0.089442,-0.055706,0.076757,0.077907,-0.011535,-0.047452,0.008253,-0.004465,0.004186,-0.000204,-0.051909,0.004456,0.198082,0.002573,0.200655,0.200655,0.200655,0.100327,0.100327,0,0,1,0,0.000000,0.090000,0.012000,0.001000,4.500000,0.080000,24.000000,0.030000,0.000000
3.087000,0.300000,0.440000,-0.269274,-0.000000,-0.269274,0.050336,0.000000,-0.050336,0.089442,-0.055706,0.076757,0.077660,-0.011782,-0.048561,0.007144,-0.004530,0.004183,-0.000146,-0.053018,0.004456,0.171461,-0.006655,0.164806,0.164806,0.164806,0.082403,0.082403,0,0,1,0,0.000000,0.090000,0.012000,0.001000,4.500000,0.080000,24.000000,0.030000,0.000000
3.092000,0.300000,0.440000,-0.268968,-0.000000,-0.268968,0.050782,0.000000,-0.050782,0.089055,-0.050508,0.076757,0.077453,-0.011602,-0.048170,0.002338,-0.004570,0.004180,-0.000089,-0.052211,0.004041,0.056109,-0.028838,0.027271,0.027271,0.027271,0.013636,0.013636,0,0,1,0,0.000000,0.090000,0.012000,0.001000,4.500000,0.080000,24.000000,0.030000,0.000000
3.097000,0.300000,0.440000,-0.268685,-0.000000,-0.268685,0.050987,0.000000,-0.050987,0.089055,-0.050508,0.076757,0.077281,-0.011775,-0.048946,0.001562,-0.004589,0.004177,-0.000041,-0.052986,0.004041,0.037494,-0.004654,0.032840,0.032840,0.032840,0.016420,0.016420,0,0,1,0,0.000000,0.090000,0.012000,0.001000,4.500000,0.080000,24.000000,0.030000,0.000000
3.102000,0.300000,0.440000,-0.268419,-0.000000,-0.268419,0.051040,0.000000,-0.051040,0.088876,-0.042978,0.076757,0.077137,-0.011739,-0.049388,-0.006410,-0.004594,0.004174,-0.000011,-0.052826,0.003438,-0.153832,-0.047831,-0.201663,-0.201663,-0.201663,-0.100832,-0.100832,0,0,1,0,0.000000,0.090000,0.012000,0.001000,4.500000,0.080000,24.000000,0.030000,0.000000
3.111000,0.300000,0.440000,-0.267922,-0.000000,-0.267922,0.050850,0.000000,-0.050850,0.088829,-0.035245,0.076757,0.077022,-0.011806,-0.050309,-0.015063,-0.004577,0.004168,0.000021,-0.053128,0.002820,-0.361520,-0.028846,-0.390366,-0.390366,-0.390366,-0.195183,-0.195183,0,0,1,0,0.000000,0.090000,0.012000,0.001000,4.500000,0.080000,24.000000,0.030000,0.000000
3.116000,0.300000,0.440000,-0.267678,-0.000000,-0.267678,0.050742,0.000000,-0.050742,0.088829,-0.035245,0.076757,0.076925,-0.011903,-0.050744,-0.015499,-0.004567,0.004165,0.000022,-0.053564,0.002820,-0.371975,-0.002614,-0.374589,-0.374589,-0.374589,-0.187294,-0.187294,0,0,1,0,0.000000,0.090000,0.012000,0.001000,4.500000,0.080000,24.000000,0.030000,0.000000
3.121000,0.300000,0.440000,-0.267430,-0.000000,-0.267430,0.050723,0.000000,-0.050723,0.088810,-0.029180,0.076757,0.076840,-0.011970,-0.051532,-0.022352,-0.004565,0.004162,0.000004,-0.053866,0.002334,-0.536451,-0.041119,-0.577570,-0.577570,-0.577570,-0.288785,-0.288785,0,0,1,0,0.000000,0.090000,0.012000,0.001000,4.500000,0.080000,24.000000,0.030000,0.000000
3.126000,0.300000,0.440000,-0.267173,-0.000000,-0.267173,0.050779,0.000000,-0.050779,0.088810,-0.029180,0.076757,0.076764,-0.012046,-0.051873,-0.022693,-0.004570,0.004159,-0.000011,-0.054207,0.002334,-0.544644,-0.002048,-0.546692,-0.546692,-0.546692,-0.273346,-0.273346,0,0,1,0,0.000000,0.090000,0.012000,0.001000,4.500000,0.080000,24.000000,0.030000,0.000000
3.131000,0.300000,0.440000,-0.266904,-0.000000,-0.266904,0.051009,0.000000,-0.051009,0.088740,-0.025930,0.076757,0.076691,-0.012049,-0.052146,-0.026215,-0.004591,0.004156,-0.000046,-0.054220,0.002074,-0.629169,-0.021131,-0.650300,-0.650300,-0.650300,-0.325150,-0.325150,0,0,1,0,0.000000,0.090000,0.012000,0.001000,4.500000,0.080000,24.000000,0.030000,0.000000
3.136000,0.300000,0.440000,-0.266617,-0.000000,-0.266617,0.051383,0.000000,-0.051383,0.088740,-0.025930,0.076757,0.076619,-0.012121,-0.052470,-0.026540,-0.004624,0.004153,-0.000075,-0.054545,0.002074,-0.636957,-0.001947,-0.638904,-0.638904,-0.638904,-0.319452,-0.319452,0,0,1,0,0.000000,0.090000,0.012000,0.001000,4.500000,0.080000,24.000000,0.030000,0.000000
3.141000,0.300000,0.440000,-0.266617,-0.000000,-0.266617,0.051383,0.000000,-0.051383,0.088550,-0.025865,0.076757,0.076568,-0.011982,-0.051848,-0.025983,-0.004624,0.004150,0.000000,-0.053917,0.002069,-0.623586,0.003343,-0.620243,-0.620243,-0.620243,-0.310121,-0.310121,0,0,1,0,0.000000,0.090000,0.012000,0.001000,4.500000,0.080000,24.000000,0.030000,0.000000
3.146000,0.300000,0.440000,-0.266312,-0.000000,-0.266312,0.051944,0.000000,-0.051944,0.088550,-0.025865,0.076757,0.076501,-0.012049,-0.052153,-0.026288,-0.004675,0.004147,-0.000112,-0.054222,0.002069,-0.630909,-0.001831,-0.632740,-0.632740,-0.632740,-0.316370,-0.316370,0,0,1,0,0.000000,0.090000,0.012000,0.001000,4.500000,0.080000,24.000000,0.030000,0.000000
3.155000,0.300000,0.440000,-0.265283,-0.000000,-0.265283,0.054546,0.000000,-0.054546,0.088215,-0.028482,0.076757,0.076380,-0.011835,-0.050978,-0.022496,-0.004909,0.004141,-0.000289,-0.053256,0.002279,-0.539896,0.012641,-0.527255,-0.527255,-0.527255,-0.263628,-0.263628,0,0,1,0,0.000000,0.090000,0.012000,0.001000,4.500000,0.080000,24.000000,0.030000,0.000000
3.160000,0.300000,0.440000,-0.264905,-0.000000,-0.264905,0.055678,0.000000,-0.055678,0.087744,-0.033158,0.076757,0.076272,-0.011472,-0.048973,-0.015815,-0.005011,0.004138,-0.000226,-0.051626,0.002653,-0.379555,0.040085,-0.339470,-0.339470,-0.339470,-0.169735,-0.169735,0,0,1,0,0.000000,0.090000,0.012000,0.001000,4.500000,0.080000,24.000000,0.030000,0.000000
3.165000,0.300000,0.440000,-0.264512,-0.000000,-0.264512,0.056871,0.000000,-0.056871,0.087744,-0.033158,0.076757,0.076161,-0.011583,-0.049471,-0.016313,-0.005118,0.004134,-0.000239,-0.052124,0.002653,-0.391513,-0.002989,-0.394503,-0.394503,-0.394503,-0.197251,-0.197251,0,0,1,0,0.000000,0.090000,0.012000,0.001000,4.500000,0.080000,24.000000,0.030000,0.000000
3.170000,0.300000,0.440000,-0.264512,-0.000000,-0.264512,0.056871,0.000000,-0.056871,0.087744,-0.033158,0.076757,0.076102,-0.011642,-0.049736,-0.016578,-0.005118,0.004131,0.000000,-0.052389,0.002653,-0.397867,-0.001588,-0.399455,-0.399455,-0.399455,-0.199727,-0.199727,0,0,1,0,0.000000,0.090000,0.012000,0.001000,4.500000,0.080000,24.000000,0.030000,0.000000
3.175000,0.300000,0.440000,-0.264113,-0.000000,-0.264113,0.058023,0.000000,-0.058023,0.087181,-0.037712,0.076757,0.076002,-0.011179,-0.047287,-0.009575,-0.005222,0.004127,-0.000230,-0.050304,0.003017,-0.229810,0.042014,-0.187795,-0.187795,-0.187795,-0.093898,-0.093898,0,0,1,0,0.000000,0.090000,0.012000,0.001000,4.500000,0.080000,24.000000,0.030000,0.000000
3.180000,0.300000,0.440000,-0.263710,-0.000000,-0.263710,0.059164,0.000000,-0.059164,0.087181,-0.037712,0.076757,0.075901,-0.011280,-0.047743,-0.010031,-0.005325,0.004124,-0.000228,-0.050760,0.003017,-0.240732,-0.002731,-0.243463,-0.243463,-0.243463,-0.121731,-0.121731,0,0,1,0,0.000000,0.090000,0.012000,0.001000,4.500000,0.080000,24.000000,0.030000,0.000000
3.185000,0.300000,0.440000,-0.263303,-0.000000,-0.263303,0.060296,0.000000,-0.060296,0.086596,-0.041865,0.076757,0.075799,-0.010797,-0.045238,-0.003372,-0.005427,0.004120,-0.000227,-0.048587,0.003349,-0.080940,0.039948,-0.040992,-0.040992,-0.040992,-0.020496,-0.020496,0,0,1,0,0.000000,0.090000,0.012000,0.001000,4.500000,0.080000,24.000000,0.030000,0.000000
3.190000,0.300000,0.440000,-0.262896,-0.000000,-0.262896,0.061341,0.000000,-0.061341,0.086596,-0.041865,0.076757,0.075701,-0.010895,-0.045680,-0.003815,-0.005521,0.004117,-0.000209,-0.049029,0.003349,-0.091559,-0.002655,-0.094213,-0.094213,-0.094213,-0.047107,-0.047107,0,0,1,0,0.000000,0.090000,0.012000,0.001000,4.500000,0.080000,24.000000,0.030000,0.000000
3.195000,0.300000,0.440000,-0.262498,-0.000000,-0.262498,0.062198,0.000000,-0.062198,0.086038,-0.043572,0.076757,0.075611,-0.010427,-0.043436,0.000136,-0.005598,0.004113,-0.000171,-0.046921,0.003486,0.003265,0.023706,0.026971,0.026971,0.026971,0.013485,0.013485,0,0,1,0,0.000000,0.090000,0.012000,0.001000,4.500000,0.080000,24.000000,0.030000,0.000000
3.200000,0.300000,0.440000,-0.262112,-0.000000,-0.262112,0.062910,0.000000,-0.062910,0.086038,-0.043572,0.076757,0.075528,-0.010509,-0.043806,-0.000235,-0.005662,0.004109,-0.000142,-0.047292,0.003486,-0.005635,-0.002225,-0.007860,-0.007860,-0.007860,-0.003930,-0.003930,0,0,1,0,0.000000,0.090000,0.012000,0.001000,4.500000,0.080000,24.000000,0.030000,0.000000
3.205000,0.300000,0.440000,-0.261740,-0.000000,-0.261740,0.063425,0.000000,-0.063425,0.085593,-0.042525,0.076757,0.075457,-0.010137,-0.042214,0.000311,-0.005708,0.004105,-0.000103,-0.045616,0.003402,0.007469,0.003276,0.010745,0.010745,0.010745,0.005372,0.005372,0,0,1,0,0.000000,0.090000,0.012000,0.001000,4.500000,0.080000,24.000000,0.030000,0.000000
3.210000,0.300000,0.440000,-0.261382,-0.000000,-0.261382,0.063777,0.000000,-0.063777,0.085593,-0.042525,0.076757,0.075395,-0.010198,-0.042490,0.000035,-0.005740,0.004101,-0.000070,-0.045892,0.003402,0.000845,-0.001656,-0.000811,-0.000811,-0.000811,-0.000406,-0.000406,0,0,1,0,0.000000,0.090000,0.012000,0.001000,4.500000,0.080000,24.000000,0.030000,0.000000
3.215000,0.300000,0.440000,-0.261038,-0.000000,-0.261038,0.063969,0.000000,-0.063969,0.085286,-0.039123,0.076757,0.075345,-0.009942,-0.041607,-0.002485,-0.005757,0.004098,-0.000038,-0.044737,0.003130,-0.059629,-0.015118,-0.074747,-0.074747,-0.074747,-0.037373,-0.037373,0,0,1,0,0.000000,0.090000,0.012000,0.001000,4.500000,0.080000,24.000000,0.030000,0.000000
3.224000,0.300000,0.440000,-0.260389,-0.000000,-0.260389,0.063977,0.000000,-0.063977,0.085105,-0.034301,0.076757,0.075306,-0.009798,-0.041349,-0.007048,-0.005758,0.004091,-0.000001,-0.044093,0.002744,-0.169153,-0.015212,-0.184365,-0.184365,-0.184365,-0.092183,-0.092183,0,0,1,0,0.000000,0.090000,0.012000,0.001000,4.500000,0.080000,24.000000,0.030000,0.000000
3.229000,0.300000,0.440000,-0.260078,-0.000000,-0.260078,0.063850,0.000000,-0.063850,0.085105,-0.034301,0.076757,0.075279,-0.009826,-0.041473,-0.007172,-0.005747,0.004087,0.000025,-0.044217,0.002744,-0.172137,-0.000746,-0.172883,-0.172883,-0.172883,-0.086441,-0.086441,0,0,1,0,0.000000,0.090000,0.012000,0.001000,4.500000,0.080000,24.000000,0.030000,0.000000
3.234000,0.300000,0.440000,-0.259772,-0.000000,-0.259772,0.063703,0.000000,-0.063703,0.085008,-0.029210,0.076757,0.075257,-0.009751,-0.041542,-0.012331,-0.005733,0.004083,0.000029,-0.043878,0.002337,-0.295946,-0.030952,-0.326899,-0.326899,-0.326899,-0.163449,-0.163449,0,0,1,0,0.000000,0.090000,0.012000,0.001000,4.500000,0.080000,24.000000,0.030000,0.000000
3.239000,0.300000,0.440000,-0.259470,-0.000000,-0.259470,0.063532,0.000000,-0.063532,0.085008,-0.029210,0.076757,0.075242,-0.009766,-0.041612,-0.012402,-0.005718,0.004079,0.000034,-0.043949,0.002337,-0.297647,-0.000425,-0.298072,-0.298072,-0.298072,-0.149036,-0.149036,0,0,1,0,0.000000,0.090000,0.012000,0.001000,4.500000,0.080000,24.000000,0.030000,0.000000
3.244000,0.300000,0.440000,-0.259165,-0.000000,-0.259165,0.063417,0.000000,-0.063417,0.084945,-0.024967,0.076757,0.075227,-0.009718,-0.041732,-0.016765,-0.005708,0.004075,0.000023,-0.043730,0.001997,-0.402371,-0.026181,-0.428552,-0.428552,-0.428552,-0.214276,-0.214276,0,0,1,0,0.000000,0.090000,0.012000,0.001000,4.500000,0.080000,24.000000,0.030000,0.000000
3.249000,0.300000,0.440000,-0.258857,-0.000000,-0.258857,0.063341,0.000000,-0.063341,0.084945,-0.024967,0.076757,0.075215,-0.009730,-0.041789,-0.016823,-0.005701,0.004072,0.000015,-0.043787,0.001997,-0.403743,-0.000343,-0.404086,-0.404086,-0.404086,-0.202043,-0.202043,0,0,1,0,0.000000,0.090000,0.012000,0.001000,4.500000,0.080000,24.000000,0.030000,0.000000
3.254000,0.300000,0.440000,-0.258542,-0.000000,-0.258542,0.063368,0.000000,-0.063368,0.084860,-0.022348,0.076757,0.075200,-0.009660,-0.041682,-0.019334,-0.005703,0.004068,-0.000005,-0.043469,0.001788,-0.464008,-0.015066,-0.479075,-0.479075,-0.479075,-0.239537,-0.239537,0,0,1,0,0.000000,0.090000,0.012000,0.001000,4.500000,0.080000,24.000000,0.030000,0.000000
3.259000,0.300000,0.440000,-0.258217,-0.000000,-0.258217,0.063478,0.000000,-0.063478,0.084860,-0.022348,0.076757,0.075183,-0.009677,-0.041759,-0.019411,-0.005713,0.004064,-0.000022,-0.043547,0.001788,-0.465859,-0.000463,-0.466322,-0.466322,-0.466322,-0.233161,-0.233161,0,0,1,0,0.000000,0.090000,0.012000,0.001000,4.500000,0.080000,24.000000,0.030000,0.000000
3.264000,0.300000,0.440000,-0.257882,-0.000000,-0.257882,0.063703,0.000000,-0.063703,0.084711,-0.021640,0.076757,0.075161,-0.009550,-0.041243,-0.019603,-0.005733,0.004060,-0.000045,-0.042974,0.001731,-0.470476,-0.001154,-0.471630,-0.471630,-0.471630,-0.235815,-0.235815,0,0,1,0,0.000000,0.090000,0.012000,0.001000,4.500000,0.080000,24.000000,0.030000,0.000000
3.273000,0.300000,0.440000,-0.257178,-0.000000,-0.257178,0.064446,0.000000,-0.064446,0.084479,-0.022622,0.076757,0.075126,-0.009354,-0.040281,-0.017659,-0.005800,0.004053,-0.000083,-0.042091,0.001810,-0.423823,0.006480,-0.417343,-0.417343,-0.417343,-0.208672,-0.208672,0,0,1,0,0.000000,0.090000,0.012000,0.001000,4.500000,0.080000,24.000000,0.030000,0.000000
3.278000,0.300000,0.440000,-0.256809,-0.000000,-0.256809,0.064952,0.000000,-0.064952,0.084479,-0.022622,0.076757,0.075086,-0.009394,-0.040461,-0.017839,-0.005846,0.004049,-0.000101,-0.042271,0.001810,-0.428146,-0.001081,-0.429227,-0.429227,-0.429227,-0.214614,-0.214614,0,0,1,0,0.000000,0.090000,0.012000,0.001000,4.500000,0.080000,24.000000,0.030000,0.000000
3.283000,0.300000,0.440000,-0.256432,-0.000000,-0.256432,0.065509,0.000000,-0.065509,0.084171,-0.024686,0.076757,0.075042,-0.009129,-0.039106,-0.014420,-0.005896,0.004045,-0.000112,-0.041081,0.001975,-0.346092,0.020514,-0.325578,-0.325578,-0.325578,-0.162789,-0.162789,0,0,1,0,0.000000,0.090000,0.012000,0.001000,4.500000,0.080000,24.000000,0.030000,0.000000
3.288000,0.300000,0.440000,-0.256047,-0.000000,-0.256047,0.066121,0.000000,-0.066121,0.084171,-0.024686,0.076757,0.074995,-0.009177,-0.039320,-0.014635,-0.005951,0.004041,-0.000122,-0.041295,0.001975,-0.351233,-0.001285,-0.352518,-0.352518,-0.352518,-0.176259,-0.176259,0,0,1,0,0.000000,0.090000,0.012000,0.001000,4.500000,0.080000,24.000000,0.030000,0.000000
3.293000,0.300000,0.440000,-0.255656,-0.000000,-0.255656,0.066728,0.000000,-0.066728,0.083812,-0.027008,0.076757,0.074945,-0.008866,-0.037738,-0.010730,-0.006005,0.004037,-0.000121,-0.039898,0.002161,-0.257511,0.023431,-0.234080,-0.234080,-0.234080,-0.117040,-0.117040,0,0,1,0,0.000000,0.090000,0.012000,0.001000,4.500000,0.080000,24.000000,0.030000,0.000000
3.298000,0.300000,0.440000,-0.255263,-0.000000,-0.255263,0.067344,0.000000,-0.067344,0.083812,-0.027008,0.076757,0.074895,-0.008917,-0.037967,-0.010959,-0.006061,0.004033,-0.000123,-0.040128,0.002161,-0.263017,-0.001377,-0.264394,-0.264394,-0.264394,-0.132197,-0.132197,0,0,1,0,0.000000,0.090000,0.012000,0.001000,4.500000,0.080000,24.000000,0.030000,0.000000
3.303000,0.300000,0.440000,-0.254869,-0.000000,-0.254869,0.067909,0.000000,-0.067909,0.083438,-0.028822,0.076757,0.074845,-0.008594,-0.036365,-0.007543,-0.006112,0.004029,-0.000113,-0.038671,0.002306,-0.181030,0.020497,-0.160533,-0.160533,-0.160533,-0.080266,-0.080266,0,0,1,0,0.000000,0.090000,0.012000,0.001000,4.500000,0.080000,24.000000,0.030000,0.000000
3.308000,0.300000,0.440000,-0.254476,-0.000000,-0.254476,0.068440,0.000000,-0.068440,0.083438,-0.028822,0.076757,0.074795,-0.008643,-0.036587,-0.007765,-0.006160,0.004025,-0.000106,-0.038893,0.002306,-0.186353,-0.001331,-0.187684,-0.187684,-0.187684,-0.093842,-0.093842,0,0,1,0,0.000000,0.090000,0.012000,0.001000,4.500000,0.080000,24.000000,0.030000,0.000000
3.313000,0.300000,0.440000,-0.254087,-0.000000,-0.254087,0.068887,0.000000,-0.068887,0.083088,-0.029579,0.076757,0.074749,-0.008338,-0.035156,-0.005577,-0.006200,0.004021,-0.000089,-0.037523,0.002366,-0.133852,0.013125,-0.120727,-0.120727,-0.120727,-0.060363,-0.060363,0,0,1,0,0.000000,0.090000,0.012000,0.001000,4.500000,0.080000,24.000000,0.030000,0.000000
3.318000,0.300000,0.440000,-0.253702,-0.000000,-0.253702,0.069270,0.000000,-0.069270,0.083088,-0.029579,0.076757,0.074706,-0.008381,-0.035350,-0.005771,-0.006234,0.004017,-0.000077,-0.037716,0.002366,-0.138497,-0.001161,-0.139658,-0.139658,-0.139658,-0.069829,-0.069829,0,0,1,0,0.000000,0.090000,0.012000,0.001000,4.500000,0.080000,24.000000,0.030000,0.000000
3.327000,0.300000,0.440000,-0.252952,-0.000000,-0.252952,0.069774,0.000000,-0.069774,0.082789,-0.029057,0.076757,0.074665,-0.008124,-0.034234,-0.005177,-0.006280,0.004009,-0.000056,-0.036559,0.002325,-0.124244,0.001980,-0.122264,-0.122264,-0.122264,-0.061132,-0.061132,0,0,1,0,0.000000,0.090000,0.012000,0.001000,4.500000,0.080000,24.000000,0.030000,0.000000
3.332000,0.300000,0.440000,-0.252587,-0.000000,-0.252587,0.069918,0.000000,-0.069918,0.082555,-0.027462,0.076757,0.074631,-0.007924,-0.033460,-0.005998,-0.006293,0.004005,-0.000029,-0.035657,0.002197,-0.143942,-0.004924,-0.148866,-0.148866,-0.148866,-0.074433,-0.074433,0,0,1,0,0.000000,0.090000,0.012000,0.001000,4.500000,0.080000,24.000000,0.030000,0.000000
3.337000,0.300000,0.440000,-0.252227,-0.000000,-0.252227,0.069988,0.000000,-0.069988,0.082555,-0.027462,0.076757,0.074603,-0.007952,-0.033586,-0.006124,-0.006299,0.004001,-0.000014,-0.035783,0.002197,-0.146964,-0.000756,-0.147720,-0.147720,-0.147720,-0.073860,-0.073860,0,0,1,0,0.000000,0.090000,0.012000,0.001000,4.500000,0.080000,24.000000,0.030000,0.000000
3.342000,0.300000,0.440000,-0.251874,-0.000000,-0.251874,0.070005,0.000000,-0.070005,0.082383,-0.025042,0.076757,0.074580,-0.007803,-0.033108,-0.008066,-0.006300,0.003997,-0.000003,-0.035112,0.002003,-0.193587,-0.011656,-0.205242,-0.205242,-0.205242,-0.102621,-0.102621,0,0,1,0,0.000000,0.090000,0.012000,0.001000,4.500000,0.080000,24.000000,0.030000,0.000000
3.347000,0.300000,0.440000,-0.251525,-0.000000,-0.251525,0.069971,0.000000,-0.069971,0.082383,-0.025042,0.076757,0.074562,-0.007821,-0.033191,-0.008148,-0.006297,0.003993,0.000007,-0.035194,0.002003,-0.195559,-0.000493,-0.196052,-0.196052,-0.196052,-0.098026,-0.098026,0,0,1,0,0.000000,0.090000,0.012000,0.001000,4.500000,0.080000,24.000000,0.030000,0.000000
3.352000,0.300000,0.440000,-0.251180,-0.000000,-0.251180,0.069922,0.000000,-0.069922,0.082260,-0.022365,0.076757,0.074547,-0.007713,-0.032919,-0.010554,-0.006293,0.003988,0.000010,-0.034708,0.001789,-0.253298,-0.014435,-0.267733,-0.267733,-0.267733,-0.133867,-0.133867,0,0,1,0,0.000000,0.090000,0.012000,0.001000,4.500000,0.080000,24.000000,0.030000,0.000000
3.357000,0.300000,0.440000,-0.250836,-0.000000,-0.250836,0.069854,0.000000,-0.069854,0.082260,-0.022365,0.076757,0.074535,-0.007725,-0.032972,-0.010608,-0.006287,0.003984,0.000014,-0.034761,0.001789,-0.254583,-0.000321,-0.254904,-0.254904,-0.254904,-0.127452,-0.127452,0,0,1,0,0.000000,0.090000,0.012000,0.001000,4.500000,0.080000,24.000000,0.030000,0.000000
3.362000,0.300000,0.440000,-0.250492,-0.000000,-0.250492,0.069805,0.000000,-0.069805,0.082161,-0.019981,0.076757,0.074524,-0.007636,-0.032765,-0.012784,-0.006282,0.003980,0.000010,-0.034363,0.001598,-0.306805,-0.013056,-0.319861,-0.319861,-0.319861,-0.159930,-0.159930,0,0,1,0,0.000000,0.090000,0.012000,0.001000,4.500000,0.080000,24.000000,0.030000,0.000000
3.367000,0.300000,0.440000,-0.250147,-0.000000,-0.250147,0.069769,0.000000,-0.069769,0.082161,-0.019981,0.076757,0.074515,-0.007646,-0.032808,-0.012827,-0.006279,0.003976,0.000007,-0.034406,0.001598,-0.307838,-0.000258,-0.308096,-0.308096,-0.308096,-0.154048,-0.154048,0,0,1,0,0.000000,0.090000,0.012000,0.001000,4.500000,0.080000,24.000000,0.030000,0.000000
3.372000,0.300000,0.440000,-0.249799,-0.000000,-0.249799,0.069777,0.000000,-0.069777,0.082058,-0.018308,0.076757,0.074505,-0.007554,-0.032528,-0.014220,-0.006280,0.003972,-0.000002,-0.033993,0.001465,-0.341286,-0.008362,-0.349648,-0.349648,-0.349648,-0.174824,-0.174824,0,0,1,0,0.000000,0.090000,0.012000,0.001000,4.500000,0.080000,24.000000,0.030000,0.000000
3.377000,0.300000,0.440000,-0.249447,-0.000000,-0.249447,0.069820,0.000000,-0.069820,0.082058,-0.018308,0.076757,0.074494,-0.007565,-0.032577,-0.014270,-0.006284,0.003967,-0.000009,-0.034042,0.001465,-0.342469,-0.000296,-0.342765,-0.342765,-0.342765,-0.171382,-0.171382,0,0,1,0,0.000000,0.090000,0.012000,0.001000,4.500000,0.080000,24.000000,0.030000,0.000000
3.386000,0.300000,0.440000,-0.248729,-0.000000,-0.248729,0.070063,0.000000,-0.070063,0.081932,-0.017539,0.076757,0.074477,-0.007455,-0.032144,-0.014605,-0.006306,0.003960,-0.000027,-0.033547,0.001403,-0.350517,-0.001118,-0.351635,-0.351635,-0.351635,-0.175818,-0.175818,0,0,1,0,0.000000,0.090000,0.012000,0.001000,4.500000,0.080000,24.000000,0.030000,0.000000
3.391000,0.300000,0.440000,-0.248362,-0.000000,-0.248362,0.070250,0.000000,-0.070250,0.081770,-0.017584,0.076757,0.074458,-0.007311,-0.031495,-0.013911,-0.006323,0.003956,-0.000038,-0.032902,0.001407,-0.333865,0.004163,-0.329702,-0.329702,-0.329702,-0.164851,-0.164851,0,0,1,0,0.000000,0.090000,0.012000,0.001000,4.500000,0.080000,24.000000,0.030000,0.000000
3.396000,0.300000,0.440000,-0.247989,-0.000000,-0.247989,0.070482,0.000000,-0.070482,0.081770,-0.017584,0.076757,0.074437,-0.007332,-0.031590,-0.014006,-0.006343,0.003951,-0.000046,-0.032996,0.001407,-0.336136,-0.000568,-0.336704,-0.336704,-0.336704,-0.168352,-0.168352,0,0,1,0,0.000000,0.090000,0.012000,0.001000,4.500000,0.080000,24.000000,0.030000,0.000000
3.401000,0.300000,0.440000,-0.247612,-0.000000,-0.247612,0.070744,0.000000,-0.070744,0.081573,-0.018238,0.076757,0.074414,-0.007158,-0.030754,-0.012516,-0.006367,0.003947,-0.000052,-0.032213,0.001459,-0.300389,0.008937,-0.291453,-0.291453,-0.291453,-0.145726,-0.145726,0,0,1,0,0.000000,0.090000,0.012000,0.001000,4.500000,0.080000,24.000000,0.030000,0.000000
3.406000,0.300000,0.440000,-0.247231,-0.000000,-0.247231,0.071036,0.000000,-0.071036,0.081573,-0.018238,0.076757,0.074389,-0.007183,-0.030866,-0.012629,-0.006393,0.003943,-0.000058,-0.032325,0.001459,-0.303090,-0.000675,-0.303765,-0.303765,-0.303765,-0.151883,-0.151883,0,0,1,0,0.000000,0.090000,0.012000,0.001000,4.500000,0.080000,24.000000,0.030000,0.000000
3.411000,0.300000,0.440000,-0.246847,-0.000000,-0.246847,0.071334,0.000000,-0.071334,0.081349,-0.019136,0.076757,0.074363,-0.006986,-0.029906,-0.010770,-0.006420,0.003939,-0.000060,-0.031437,0.001531,-0.258472,0.011155,-0.247317,-0.247317,-0.247317,-0.123659,-0.123659,0,0,1,0,0.000000,0.090000,0.012000,0.001000,4.500000,0.080000,24.000000,0.030000,0.000000
3.416000,0.300000,0.440000,-0.246461,-0.000000,-0.246461,0.071642,0.000000,-0.071642,0.081349,-0.019136,0.076757,0.074336,-0.007013,-0.030029,-0.010892,-0.006448,0.003934,-0.000062,-0.031560,0.001531,-0.261420,-0.000737,-0.262157,-0.262157,-0.262157,-0.131078,-0.131078,0,0,1,0,0.000000,0.090000,0.012000,0.001000,4.500000,0.080000,24.000000,0.030000,0.000000
3.421000,0.300000,0.440000,-0.246461,-0.000000,-0.246461,0.071642,0.000000,-0.071642,0.081115,-0.019903,0.076757,0.074321,-0.006794,-0.028980,-0.009077,-0.006448,0.003930,0.000000,-0.030573,0.001592,-0.217857,0.010891,-0.206967,-0.206967,-0.206967,-0.103483,-0.103483,0,0,1,0,0.000000,0.090000,0.012000,0.001000,4.500000,0.080000,24.000000,0.030000,0.000000
3.430000,0.300000,0.440000,-0.245686,-0.000000,-0.245686,0.072211,0.000000,-0.072211,0.081115,-0.019903,0.076757,0.074291,-0.006825,-0.029119,-0.009216,-0.006499,0.003922,-0.000063,-0.030711,0.001592,-0.221177,-0.000461,-0.221638,-0.221638,-0.221638,-0.110819,-0.110819,0,0,1,0,0.000000,0.090000,0.012000,0.001000,4.500000,0.080000,24.000000,0.030000,0.000000
3.435000,0.300000,0.440000,-0.245300,-0.000000,-0.245300,0.072453,0.000000,-0.072453,0.080889,-0.020233,0.076757,0.074263,-0.006626,-0.028199,-0.007966,-0.006521,0.003918,-0.000048,-0.029818,0.001619,-0.191186,0.007498,-0.183689,-0.183689,-0.183689,-0.091844,-0.091844,0,0,1,0,0.000000,0.090000,0.012000,0.001000,4.500000,0.080000,24.000000,0.030000,0.000000
3.440000,0.300000,0.440000,-0.244916,-0.000000,-0.244916,0.072660,0.000000,-0.072660,0.080889,-0.020233,0.076757,0.074237,-0.006652,-0.028316,-0.008083,-0.006539,0.003914,-0.000041,-0.029935,0.001619,-0.194000,-0.000703,-0.194703,-0.194703,-0.194703,-0.097352,-0.097352,0,0,1,0,0.000000,0.090000,0.012000,0.001000,4.500000,0.080000,24.000000,0.030000,0.000000
3.445000,0.300000,0.440000,-0.244534,-0.000000,-0.244534,0.072843,0.000000,-0.072843,0.080686,-0.020074,0.076757,0.074212,-0.006474,-0.027526,-0.007451,-0.006556,0.003909,-0.000037,-0.029132,0.001606,-0.178829,0.003793,-0.175037,-0.175037,-0.175037,-0.087518,-0.087518,0,0,1,0,0.000000,0.090000,0.012000,0.001000,4.500000,0.080000,24.000000,0.030000,0.000000
3.450000,0.300000,0.440000,-0.244154,-0.000000,-0.244154,0.072984,0.000000,-0.072984,0.080686,-0.020074,0.076757,0.074190,-0.006496,-0.027625,-0.007551,-0.006569,0.003905,-0.000028,-0.029231,0.001606,-0.181222,-0.000598,-0.181820,-0.181820,-0.181820,-0.090910,-0.090910,0,0,1,0,0.000000,0.090000,0.012000,0.001000,4.500000,0.080000,24.000000,0.030000,0.000000
3.455000,0.300000,0.440000,-0.243778,-0.000000,-0.243778,0.073082,0.000000,-0.073082,0.080512,-0.019263,0.076757,0.074171,-0.006341,-0.026993,-0.007730,-0.006577,0.003900,-0.000020,-0.028534,0.001541,-0.185521,-0.001075,-0.186595,-0.186595,-0.186595,-0.093298,-0.093298,0,0,1,0,0.000000,0.090000,0.012000,0.001000,4.500000,0.080000,24.000000,0.030000,0.000000
3.460000,0.300000,0.440000,-0.243405,-0.000000,-0.243405,0.073143,0.000000,-0.073143,0.080512,-0.019263,0.076757,0.074154,-0.006358,-0.027069,-0.007807,-0.006583,0.003896,-0.000012,-0.028611,0.001541,-0.187356,-0.000459,-0.187815,-0.187815,-0.187815,-0.093908,-0.093908,0,0,1,0,0.000000,0.090000,0.012000,0.001000,4.500000,0.080000,24.000000,0.030000,0.000000
3.465000,0.300000,0.440000,-0.243035,-0.000000,-0.243035,0.073174,0.000000,-0.073174,0.080371,-0.018011,0.076757,0.074139,-0.006232,-0.026604,-0.008593,-0.006586,0.003892,-0.000006,-0.028045,0.001441,-0.206228,-0.004718,-0.210946,-0.210946,-0.210946,-0.105473,-0.105473,0,0,1,0,0.000000,0.090000,0.012000,0.001000,4.500000,0.080000,24.000000,0.030000,0.000000
3.470000,0.300000,0.440000,-0.242668,-0.000000,-0.242668,0.073178,0.000000,-0.073178,0.080371,-0.018011,0.076757,0.074127,-0.006244,-0.026659,-0.008648,-0.006586,0.003887,-0.000001,-0.028100,0.001441,-0.207557,-0.000332,-0.207889,-0.207889,-0.207889,-0.103945,-0.103945,0,0,1,0,0.000000,0.090000,0.012000,0.001000,4.500000,0.080000,24.000000,0.030000,0.000000
3.475000,0.300000,0.440000,-0.242303,-0.000000,-0.242303,0.073169,0.000000,-0.073169,0.080258,-0.016569,0.076757,0.074116,-0.006142,-0.026314,-0.009745,-0.006585,0.003883,0.000002,-0.027640,0.001325,-0.233890,-0.006583,-0.240473,-0.240473,-0.240473,-0.120237,-0.120237,0,0,1,0,0.000000,0.090000,0.012000,0.001000,4.500000,0.080000,24.000000,0.030000,0.000000
3.484000,0.300000,0.440000,-0.241575,-0.000000,-0.241575,0.073128,0.000000,-0.073128,0.080162,-0.015207,0.076757,0.074107,-0.006055,-0.026030,-0.010822,-0.006582,0.003875,0.000005,-0.027246,0.001217,-0.259740,-0.003590,-0.263330,-0.263330,-0.263330,-0.131665,-0.131665,0,0,1,0,0.000000,0.090000,0.012000,0.001000,4.500000,0.080000,24.000000,0.030000,0.000000
3.489000,0.300000,0.440000,-0.241210,-0.000000,-0.241210,0.073115,0.000000,-0.073115,0.080162,-0.015207,0.076757,0.074098,-0.006063,-0.026068,-0.010861,-0.006580,0.003871,0.000003,-0.027285,0.001217,-0.260670,-0.000233,-0.260903,-0.260903,-0.260903,-0.130452,-0.130452,0,0,1,0,0.000000,0.090000,0.012000,0.001000,4.500000,0.080000,24.000000,0.030000,0.000000
3.494000,0.300000,0.440000,-0.240845,-0.000000,-0.240845,0.073118,0.000000,-0.073118,0.080067,-0.014154,0.076757,0.074090,-0.005978,-0.025767,-0.011613,-0.006581,0.003866,-0.000001,-0.026899,0.001132,-0.278719,-0.004512,-0.283231,-0.283231,-0.283231,-0.141615,-0.141615,0,0,1,0,0.000000,0.090000,0.012000,0.001000,4.500000,0.080000,24.000000,0.030000,0.000000
3.499000,0.300000,0.440000,-0.240478,-0.000000,-0.240478,0.073135,0.000000,-0.073135,0.080067,-0.014154,0.076757,0.074081,-0.005986,-0.025805,-0.011652,-0.006582,0.003862,-0.000003,-0.026938,0.001132,-0.279641,-0.000231,-0.279871,-0.279871,-0.279871,-0.139936,-0.139936,0,0,1,0,0.000000,0.090000,0.012000,0.001000,4.500000,0.080000,24.000000,0.030000,0.000000
3.504000,0.300000,0.440000,-0.240110,-0.000000,-0.240110,0.073176,0.000000,-0.073176,0.079966,-0.013518,0.076757,0.074072,-0.005894,-0.025440,-0.011923,-0.006586,0.003857,-0.000008,-0.026522,0.001081,-0.286142,-0.001625,-0.287767,-0.287767,-0.287767,-0.143884,-0.143884,0,0,1,0,0.000000,0.090000,0.012000,0.001000,4.500000,0.080000,24.000000,0.030000,0.000000
3.509000,0.300000,0.440000,-0.239738,-0.000000,-0.239738,0.073239,0.000000,-0.073239,0.079966,-0.013518,0.076757,0.074062,-0.005904,-0.025485,-0.011967,-0.006591,0.003853,-0.000012,-0.026566,0.001081,-0.287218,-0.000269,-0.287487,-0.287487,-0.287487,-0.143743,-0.143743,0,0,1,0,0.000000,0.090000,0.012000,0.001000,4.500000,0.080000,24.000000,0.030000,0.000000
3.514000,0.300000,0.440000,-0.239365,-0.000000,-0.239365,0.073325,0.000000,-0.073325,0.079849,-0.013307,0.076757,0.074051,-0.005798,-0.025027,-0.011720,-0.006599,0.003849,-0.000017,-0.026092,0.001065,-0.281280,0.001484,-0.279796,-0.279796,-0.279796,-0.139898,-0.139898,0,0,1,0,0.000000,0.090000,0.012000,0.001000,4.500000,0.080000,24.000000,0.030000,0.000000
3.519000,0.300000,0.440000,-0.238988,-0.000000,-0.238988,0.073433,0.000000,-0.073433,0.079849,-0.013307,0.076757,0.074039,-0.005810,-0.025082,-0.011775,-0.006609,0.003844,-0.000022,-0.026146,0.001065,-0.282589,-0.000327,-0.282916,-0.282916,-0.282916,-0.141458,-0.141458,0,0,1,0,0.000000,0.090000,0.012000,0.001000,4.500000,0.080000,24.000000,0.030000,0.000000
3.524000,0.300000,0.440000,-0.238610,-0.000000,-0.238610,0.073557,0.000000,-0.073557,0.079716,-0.013427,0.076757,0.074026,-0.005690,-0.024533,-0.011106,-0.006620,0.003840,-0.000025,-0.025607,0.001074,-0.266546,0.004011,-0.262535,-0.262535,-0.262535,-0.131268,-0.131268,0,0,1,0,0.000000,0.090000,0.012000,0.001000,4.500000,0.080000,24.000000,0.030000,0.000000
3.529000,0.300000,0.440000,-0.238229,-0.000000,-0.238229,0.073697,0.000000,-0.073697,0.079716,-0.013427,0.076757,0.074012,-0.005705,-0.024597,-0.011170,-0.006633,0.003835,-0.000028,-0.025671,0.001074,-0.268080,-0.000384,-0.268464,-0.268464,-0.268464,-0.134232,-0.134232,0,0,1,0,0.000000,0.090000,0.012000,0.001000,4.500000,0.080000,24.000000,0.030000,0.000000
3.534000,0.300000,0.440000,-0.237846,-0.000000,-0.237846,0.073842,0.000000,-0.073842,0.079570,-0.013712,0.076757,0.073997,-0.005573,-0.023984,-0.010272,-0.006646,0.003831,-0.000029,-0.025081,0.001097,-0.246516,0.005391,-0.241125,-0.241125,-0.241125,-0.120563,-0.120563,0,0,1,0,0.000000,0.090000,0.012000,0.001000,4.500000,0.080000,24.000000,0.030000,0.000000
3.539000,0.300000,0.440000,-0.237462,-0.000000,-0.237462,0.073995,0.000000,-0.073995,0.079570,-0.013712,0.076757,0.073981,-0.005589,-0.024054,-0.010342,-0.006660,0.003827,-0.000031,-0.025151,0.001097,-0.248198,-0.000421,-0.248619,-0.248619,-0.248619,-0.124309,-0.124309,0,0,1,0,0.000000,0.090000,0.012000,0.001000,4.500000,0.080000,24.000000,0.030000,0.000000
3.548000,0.300000,0.440000,-0.236693,-0.000000,-0.236693,0.074284,0.000000,-0.074284,0.079418,-0.013980,0.076757,0.073963,-0.005456,-0.023433,-0.009453,-0.006686,0.003819,-0.000032,-0.024551,0.001118,-0.226862,0.002963,-0.223899,-0.223899,-0.223899,-0.111949,-0.111949,0,0,1,0,0.000000,0.090000,0.012000,0.001000,4.500000,0.080000,24.000000,0.030000,0.000000
3.553000,0.300000,0.440000,-0.236308,-0.000000,-0.236308,0.074425,0.000000,-0.074425,0.079267,-0.014190,0.076757,0.073945,-0.005323,-0.022816,-0.008626,-0.006698,0.003814,-0.000028,-0.023951,0.001135,-0.207021,0.004960,-0.202061,-0.202061,-0.202061,-0.101031,-0.101031,0,0,1,0,0.000000,0.090000,0.012000,0.001000,4.500000,0.080000,24.000000,0.030000,0.000000
3.558000,0.300000,0.440000,-0.235923,-0.000000,-0.235923,0.074550,0.000000,-0.074550,0.079267,-0.014190,0.076757,0.073928,-0.005340,-0.022893,-0.008702,-0.006710,0.003810,-0.000025,-0.024028,0.001135,-0.208859,-0.000459,-0.209319,-0.209319,-0.209319,-0.104659,-0.104659,0,0,1,0,0.000000,0.090000,0.012000,0.001000,4.500000,0.080000,24.000000,0.030000,0.000000
3.563000,0.300000,0.440000,-0.235539,-0.000000,-0.235539,0.074651,0.000000,-0.074651,0.079124,-0.014066,0.076757,0.073912,-0.005212,-0.022328,-0.008262,-0.006719,0.003805,-0.000020,-0.023453,0.001125,-0.198296,0.002641,-0.195655,-0.195655,-0.195655,-0.097828,-0.097828,0,0,1,0,0.000000,0.090000,0.012000,0.001000,4.500000,0.080000,24.000000,0.030000,0.000000
3.568000,0.300000,0.440000,-0.235157,-0.000000,-0.235157,0.074733,0.000000,-0.074733,0.079124,-0.014066,0.076757,0.073898,-0.005226,-0.022394,-0.008328,-0.006726,0.003801,-0.000016,-0.023519,0.001125,-0.199872,-0.000394,-0.200266,-0.200266,-0.200266,-0.100133,-0.100133,0,0,1,0,0.000000,0.090000,0.012000,0.001000,4.500000,0.080000,24.000000,0.030000,0.000000
3.573000,0.300000,0.440000,-0.234777,-0.000000,-0.234777,0.074790,0.000000,-0.074790,0.078998,-0.013608,0.076757,0.073884,-0.005114,-0.021924,-0.008316,-0.006731,0.003796,-0.000011,-0.023012,0.001089,-0.199573,0.000075,-0.199498,-0.199498,-0.199498,-0.099749,-0.099749,0,0,1,0,0.000000,0.090000,0.012000,0.001000,4.500000,0.080000,24.000000,0.030000,0.000000
3.578000,0.300000,0.440000,-0.234399,-0.000000,-0.234399,0.074827,0.000000,-0.074827,0.078998,-0.013608,0.076757,0.073873,-0.005126,-0.021976,-0.008368,-0.006734,0.003792,-0.000007,-0.023065,0.001089,-0.200837,-0.000316,-0.201153,-0.201153,-0.201153,-0.100577,-0.100577,0,0,1,0,0.000000,0.090000,0.012000,0.001000,4.500000,0.080000,24.000000,0.030000,0.000000
3.583000,0.300000,0.440000,-0.234022,-0.000000,-0.234022,0.074845,0.000000,-0.074845,0.078892,-0.012887,0.076757,0.073862,-0.005030,-0.021602,-0.008715,-0.006736,0.003787,-0.000004,-0.022633,0.001031,-0.209149,-0.002078,-0.211226,-0.211226,-0.211226,-0.105613,-0.105613,0,0,1,0,0.000000,0.090000,0.012000,0.001000,4.500000,0.080000,24.000000,0.030000,0.000000
3.588000,0.300000,0.440000,-0.233647,-0.000000,-0.233647,0.074847,0.000000,-0.074847,0.078892,-0.012887,0.076757,0.073853,-0.005038,-0.021642,-0.008755,-0.006736,0.003783,-0.000000,-0.022673,0.001031,-0.210117,-0.000242,-0.210359,-0.210359,-0.210359,-0.105179,-0.105179,0,0,1,0,0.000000,0.090000,0.012000,0.001000,4.500000,0.080000,24.000000,0.030000,0.000000
3.593000,0.300000,0.440000,-0.233273,-0.000000,-0.233273,0.074839,0.000000,-0.074839,0.078802,-0.012031,0.076757,0.073846,-0.004957,-0.021343,-0.009312,-0.006735,0.003778,0.000002,-0.022305,0.000963,-0.223477,-0.003340,-0.226817,-0.226817,-0.226817,-0.113408,-0.113408,0,0,1,0,0.000000,0.090000,0.012000,0.001000,4.500000,0.080000,24.000000,0.030000,0.000000
3.598000,0.300000,0.440000,-0.232900,-0.000000,-0.232900,0.074822,0.000000,-0.074822,0.078802,-0.012031,0.076757,0.073839,-0.004964,-0.021374,-0.009342,-0.006734,0.003774,0.000003,-0.022336,0.000963,-0.224219,-0.000186,-0.224405,-0.224405,-0.224405,-0.112202,-0.112202,0,0,1,0,0.000000,0.090000,0.012000,0.001000,4.500000,0.080000,24.000000,0.030000,0.000000
3.603000,0.300000,0.440000,-0.232528,-0.000000,-0.232528,0.074805,0.000000,-0.074805,0.078724,-0.011189,0.076757,0.073832,-0.004891,-0.021116,-0.009927,-0.006732,0.003769,0.000003,-0.022011,0.000895,-0.238249,-0.003508,-0.241757,-0.241757,-0.241757,-0.120878,-0.120878,0,0,1,0,0.000000,0.090000,0.012000,0.001000,4.500000,0.080000,24.000000,0.030000,0.000000
3.612000,0.300000,0.440000,-0.231783,-0.000000,-0.231783,0.074777,0.000000,-0.074777,0.078649,-0.010490,0.076757,0.073826,-0.004823,-0.020865,-0.010375,-0.006730,0.003761,0.000003,-0.021704,0.000839,-0.248993,-0.001492,-0.250486,-0.250486,-0.250486,-0.125243,-0.125243,0,0,1,0,0.000000,0.090000,0.012000,0.001000,4.500000,0.080000,24.000000,0.030000,0.000000
3.617000,0.300000,0.440000,-0.231409,-0.000000,-0.231409,0.074775,0.000000,-0.074775,0.078649,-0.010490,0.076757,0.073820,-0.004830,-0.020894,-0.010403,-0.006730,0.003757,0.000000,-0.021733,0.000839,-0.249681,-0.000172,-0.249852,-0.249852,-0.249852,-0.124926,-0.124926,0,0,1,0,0.000000,0.090000,0.012000,0.001000,4.500000,0.080000,24.000000,0.030000,0.000000
3.622000,0.300000,0.440000,-0.231035,-0.000000,-0.231035,0.074786,0.000000,-0.074786,0.078572,-0.010019,0.076757,0.073813,-0.004759,-0.020613,-0.010593,-0.006731,0.003752,-0.000002,-0.021414,0.000802,-0.254237,-0.001139,-0.255376,-0.255376,-0.255376,-0.127688,-0.127688,0,0,1,0,0.000000,0.090000,0.012000,0.001000,4.500000,0.080000,24.000000,0.030000,0.000000
3.627000,0.300000,0.440000,-0.230659,-0.000000,-0.230659,0.074807,0.000000,-0.074807,0.078572,-0.010019,0.076757,0.073806,-0.004766,-0.020644,-0.010624,-0.006733,0.003748,-0.000004,-0.021445,0.000802,-0.254979,-0.000185,-0.255165,-0.255165,-0.255165,-0.127582,-0.127582,0,0,1,0,0.000000,0.090000,0.012000,0.001000,4.500000,0.080000,24.000000,0.030000,0.000000
3.632000,0.300000,0.440000,-0.230283,-0.000000,-0.230283,0.074841,0.000000,-0.074841,0.078488,-0.009785,0.076757,0.073799,-0.004689,-0.020317,-0.010532,-0.006736,0.003743,-0.000007,-0.021100,0.000783,-0.252759,0.000555,-0.252204,-0.252204,-0.252204,-0.126102,-0.126102,0,0,1,0,0.000000,0.090000,0.012000,0.001000,4.500000,0.080000,24.000000,0.030000,0.000000
3.637000,0.300000,0.440000,-0.229904,-0.000000,-0.229904,0.074886,0.000000,-0.074886,0.078488,-0.009785,0.076757,0.073791,-0.004697,-0.020353,-0.010567,-0.006740,0.003739,-0.000009,-0.021135,0.000783,-0.253612,-0.000213,-0.253826,-0.253826,-0.253826,-0.126913,-0.126913,0,0,1,0,0.000000,0.090000,0.012000,0.001000,4.500000,0.080000,24.000000,0.030000,0.000000
3.642000,0.300000,0.440000,-0.229525,-0.000000,-0.229525,0.074942,0.000000,-0.074942,0.078395,-0.009747,0.076757,0.073783,-0.004613,-0.019977,-0.010230,-0.006745,0.003734,-0.000011,-0.020757,0.000780,-0.245521,0.002023,-0.243498,-0.243498,-0.243498,-0.121749,-0.121749,0,0,1,0,0.000000,0.090000,0.012000,0.001000,4.500000,0.080000,24.000000,0.030000,0.000000
3.647000,0.300000,0.440000,-0.229144,-0.000000,-0.229144,0.075007,0.000000,-0.075007,0.078395,-0.009747,0.076757,0.073774,-0.004622,-0.020018,-0.010271,-0.006751,0.003730,-0.000013,-0.020798,0.000780,-0.246494,-0.000243,-0.246737,-0.246737,-0.246737,-0.123368,-0.123368,0,0,1,0,0.000000,0.090000,0.012000,0.001000,4.500000,0.080000,24.000000,0.030000,0.000000
3.652000,0.300000,0.440000,-0.228762,-0.000000,-0.228762,0.075076,0.000000,-0.075076,0.078296,-0.009823,0.076757,0.073764,-0.004532,-0.019606,-0.009783,-0.006757,0.003725,-0.000014,-0.020392,0.000786,-0.234803,0.002923,-0.231880,-0.231880,-0.231880,-0.115940,-0.115940,0,0,1,0,0.000000,0.090000,0.012000,0.001000,4.500000,0.080000,24.000000,0.030000,0.000000
3.661000,0.300000,0.440000,-0.227997,-0.000000,-0.227997,0.075221,0.000000,-0.075221,0.078193,-0.009912,0.076757,0.073753,-0.004440,-0.019187,-0.009275,-0.006770,0.003717,-0.000016,-0.019980,0.000793,-0.222599,0.001695,-0.220904,-0.220904,-0.220904,-0.110452,-0.110452,0,0,1,0,0.000000,0.090000,0.012000,0.001000,4.500000,0.080000,24.000000,0.030000,0.000000
3.666000,0.300000,0.440000,-0.227614,-0.000000,-0.227614,0.075290,0.000000,-0.075290,0.078193,-0.009912,0.076757,0.073742,-0.004451,-0.019237,-0.009325,-0.006776,0.003713,-0.000014,-0.020030,0.000793,-0.223789,-0.000298,-0.224087,-0.224087,-0.224087,-0.112043,-0.112043,0,0,1,0,0.000000,0.090000,0.012000,0.001000,4.500000,0.080000,24.000000,0.030000,0.000000
3.671000,0.300000,0.440000,-0.227232,-0.000000,-0.227232,0.075350,0.000000,-0.075350,0.078091,-0.009910,0.076757,0.073731,-0.004360,-0.018829,-0.008918,-0.006782,0.003708,-0.000012,-0.019621,0.000793,-0.214036,0.002438,-0.211598,-0.211598,-0.211598,-0.105799,-0.105799,0,0,1,0,0.000000,0.090000,0.012000,0.001000,4.500000,0.080000,24.000000,0.030000,0.000000
3.676000,0.300000,0.440000,-0.226849,-0.000000,-0.226849,0.075406,0.000000,-0.075406,0.078091,-0.009910,0.076757,0.073721,-0.004371,-0.018875,-0.008965,-0.006787,0.003703,-0.000011,-0.019668,0.000793,-0.215148,-0.000278,-0.215426,-0.215426,-0.215426,-0.107713,-0.107713,0,0,1,0,0.000000,0.090000,0.012000,0.001000,4.500000,0.080000,24.000000,0.030000,0.000000
3.681000,0.300000,0.440000,-0.226467,-0.000000,-0.226467,0.075449,0.000000,-0.075449,0.077996,-0.009775,0.076757,0.073711,-0.004285,-0.018498,-0.008724,-0.006790,0.003699,-0.000009,-0.019280,0.000782,-0.209372,0.001444,-0.207928,-0.207928,-0.207928,-0.103964,-0.103964,0,0,1,0,0.000000,0.090000,0.012000,0.001000,4.500000,0.080000,24.000000,0.030000,0.000000
3.686000,0.300000,0.440000,-0.226086,-0.000000,-0.226086,0.075485,0.000000,-0.075485,0.077996,-0.009775,0.076757,0.073702,-0.004294,-0.018539,-0.008765,-0.006794,0.003694,-0.000007,-0.019321,0.000782,-0.210358,-0.000246,-0.210604,-0.210604,-0.210604,-0.105302,-0.105302,0,0,1,0,0.000000,0.090000,0.012000,0.001000,4.500000,0.080000,24.000000,0.030000,0.000000
3.691000,0.300000,0.440000,-0.225706,-0.000000,-0.225706,0.075508,0.000000,-0.075508,0.077908,-0.009493,0.076757,0.073694,-0.004215,-0.018207,-0.008714,-0.006796,0.003690,-0.000005,-0.018966,0.000759,-0.209138,0.000305,-0.208833,-0.208833,-0.208833,-0.104417,-0.104417,0,0,1,0,0.000000,0.090000,0.012000,0.001000,4.500000,0.080000,24.000000,0.030000,0.000000
3.696000,0.300000,0.440000,-0.225327,-0.000000,-0.225327,0.075523,0.000000,-0.075523,0.077908,-0.009493,0.076757,0.073686,-0.004222,-0.018242,-0.008749,-0.006797,0.003685,-0.000003,-0.019001,0.000759,-0.209975,-0.000209,-0.210184,-0.210184,-0.210184,-0.105092,-0.105092,0,0,1,0,0.000000,0.090000,0.012000,0.001000,4.500000,0.080000,24.000000,0.030000,0.000000
3.701000,0.300000,0.440000,-0.224948,-0.000000,-0.224948,0.075528,0.000000,-0.075528,0.077830,-0.009092,0.076757,0.073679,-0.004152,-0.017955,-0.008863,-0.006798,0.003681,-0.000001,-0.018682,0.000727,-0.212702,-0.000682,-0.213384,-0.213384,-0.213384,-0.106692,-0.106692,0,0,1,0,0.000000,0.090000,0.012000,0.001000,4.500000,0.080000,24.000000,0.030000,0.000000
3.710000,0.300000,0.440000,-0.224571,-0.000000,-0.224571,0.075526,0.000000,-0.075526,0.077761,-0.008627,0.076757,0.073672,-0.004089,-0.017710,-0.009083,-0.006797,0.003673,0.000000,-0.018401,0.000690,-0.217993,-0.000735,-0.218728,-0.218728,-0.218728,-0.109364,-0.109364,0,0,1,0,0.000000,0.090000,0.012000,0.001000,4.500000,0.080000,24.000000,0.030000,0.000000
3.715000,0.300000,0.440000,-0.224194,-0.000000,-0.224194,0.075518,0.000000,-0.075518,0.077761,-0.008627,0.076757,0.073665,-0.004095,-0.017739,-0.009112,-0.006797,0.003668,0.000002,-0.018429,0.000690,-0.218676,-0.000171,-0.218847,-0.218847,-0.218847,-0.109424,-0.109424,0,0,1,0,0.000000,0.090000,0.012000,0.001000,4.500000,0.080000,24.000000,0.030000,0.000000
3.720000,0.300000,0.440000,-0.223817,-0.000000,-0.223817,0.075506,0.000000,-0.075506,0.077761,-0.008627,0.076757,0.073660,-0.004101,-0.017765,-0.009137,-0.006795,0.003664,0.000003,-0.018455,0.000690,-0.219297,-0.000155,-0.219452,-0.219452,-0.219452,-0.109726,-0.109726,0,0,1,0,0.000000,0.090000,0.012000,0.001000,4.500000,0.080000,24.000000,0.030000,0.000000
3.725000,0.300000,0.440000,-0.223441,-0.000000,-0.223441,0.075492,0.000000,-0.075492,0.077697,-0.008158,0.076757,0.073654,-0.004043,-0.017541,-0.009382,-0.006794,0.003659,0.000003,-0.018193,0.000653,-0.225176,-0.001470,-0.226646,-0.226646,-0.226646,-0.113323,-0.113323,0,0,1,0,0.000000,0.090000,0.012000,0.001000,4.500000,0.080000,24.000000,0.030000,0.000000
3.730000,0.300000,0.440000,-0.223065,-0.000000,-0.223065,0.075476,0.000000,-0.075476,0.077697,-0.008158,0.076757,0.073649,-0.004048,-0.017563,-0.009405,-0.006793,0.003655,0.000003,-0.018216,0.000653,-0.225713,-0.000134,-0.225847,-0.225847,-0.225847,-0.112923,-0.112923,0,0,1,0,0.000000,0.090000,0.012000,0.001000,4.500000,0.080000,24.000000,0.030000,0.000000
3.735000,0.300000,0.440000,-0.222689,-0.000000,-0.222689,0.075464,0.000000,-0.075464,0.077637,-0.007751,0.076757,0.073645,-0.003992,-0.017346,-0.009595,-0.006792,0.003650,0.000002,-0.017966,0.000620,-0.230281,-0.001142,-0.231423,-0.231423,-0.231423,-0.115711,-0.115711,0,0,1,0,0.000000,0.090000,0.012000,0.001000,4.500000,0.080000,24.000000,0.030000,0.000000
3.740000,0.300000,0.440000,-0.222313,-0.000000,-0.222313,0.075455,0.000000,-0.075455,0.077637,-0.007751,0.076757,0.073640,-0.003997,-0.017367,-0.009616,-0.006791,0.003645,0.000002,-0.017987,0.000620,-0.230792,-0.000128,-0.230920,-0.230920,-0.230920,-0.115460,-0.115460,0,0,1,0,0.000000,0.090000,0.012000,0.001000,4.500000,0.080000,24.000000,0.030000,0.000000
3.745000,0.300000,0.440000,-0.221936,-0.000000,-0.221936,0.075451,0.000000,-0.075451,0.077576,-0.007447,0.076757,0.073635,-0.003941,-0.017141,-0.009693,-0.006791,0.003641,0.000001,-0.017736,0.000596,-0.232640,-0.000462,-0.233101,-0.233101,-0.233101,-0.116551,-0.116551,0,0,1,0,0.000000,0.090000,0.012000,0.001000,4.500000,0.080000,24.000000,0.030000,0.000000
3.750000,0.300000,0.440000,-0.221559,-0.000000,-0.221559,0.075451,0.000000,-0.075451,0.077576,-0.007447,0.076757,0.073630,-0.003946,-0.017163,-0.009715,-0.006791,0.003636,-0.000000,-0.017759,0.000596,-0.233171,-0.000133,-0.233304,-0.233304,-0.233304,-0.116652,-0.116652,0,0,1,0,0.000000,0.090000,0.012000,0.001000,4.500000,0.080000,24.000000,0.030000,0.000000
3.755000,0.300000,0.440000,-0.221181,-0.000000,-0.221181,0.075458,0.000000,-0.075458,0.077513,-0.007258,0.076757,0.073625,-0.003888,-0.016917,-0.009659,-0.006791,0.003632,-0.000001,-0.017498,0.000581,-0.231823,0.000337,-0.231486,-0.231486,-0.231486,-0.115743,-0.115743,0,0,1,0,0.000000,0.090000,0.012000,0.001000,4.500000,0.080000,24.000000,0.030000,0.000000
3.760000,0.300000,0.440000,-0.220803,-0.000000,-0.220803,0.075470,0.000000,-0.075470,0.077513,-0.007258,0.076757,0.073620,-0.003894,-0.016941,-0.009683,-0.006792,0.003627,-0.000002,-0.017522,0.000581,-0.232402,-0.000145,-0.232547,-0.232547,-0.232547,-0.116273,-0.116273,0,0,1,0,0.000000,0.090000,0.012000,0.001000,4.500000,0.080000,24.000000,0.030000,0.000000
3.769000,0.300000,0.440000,-0.220045,-0.000000,-0.220045,0.075507,0.000000,-0.075507,0.077447,-0.007165,0.076757,0.073613,-0.003834,-0.016680,-0.009514,-0.006796,0.003619,-0.000004,-0.017253,0.000573,-0.228346,0.000563,-0.227783,-0.227783,-0.227783,-0.113891,-0.113891,0,0,1,0,0.000000,0.090000,0.012000,0.001000,4.500000,0.080000,24.000000,0.030000,0.000000
3.774000,0.300000,0.440000,-0.219665,-0.000000,-0.219665,0.075532,0.000000,-0.075532,0.077378,-0.007153,0.076757,0.073606,-0.003771,-0.016398,-0.009245,-0.006798,0.003615,-0.000005,-0.016970,0.000572,-0.221876,0.001617,-0.220259,-0.220259,-0.220259,-0.110129,-0.110129,0,0,1,0,0.000000,0.090000,0.012000,0.001000,4.500000,0.080000,24.000000,0.030000,0.000000
3.779000,0.300000,0.440000,-0.219285,-0.000000,-0.219285,0.075558,0.000000,-0.075558,0.077378,-0.007153,0.076757,0.073600,-0.003778,-0.016428,-0.009275,-0.006800,0.003610,-0.000005,-0.017001,0.000572,-0.222608,-0.000183,-0.222792,-0.222792,-0.222792,-0.111396,-0.111396,0,0,1,0,0.000000,0.090000,0.012000,0.001000,4.500000,0.080000,24.000000,0.030000,0.000000
3.784000,0.300000,0.440000,-0.218904,-0.000000,-0.218904,0.075582,0.000000,-0.075582,0.077306,-0.007136,0.076757,0.073593,-0.003713,-0.016139,-0.009003,-0.006802,0.003606,-0.000005,-0.016710,0.000571,-0.216073,0.001634,-0.214439,-0.214439,-0.214439,-0.107220,-0.107220,0,0,1,0,0.000000,0.090000,0.012000,0.001000,4.500000,0.080000,24.000000,0.030000,0.000000
3.789000,0.300000,0.440000,-0.218524,-0.000000,-0.218524,0.075606,0.000000,-0.075606,0.077306,-0.007136,0.076757,0.073586,-0.003720,-0.016169,-0.009033,-0.006805,0.003601,-0.000005,-0.016740,0.000571,-0.216793,-0.000180,-0.216973,-0.216973,-0.216973,-0.108487,-0.108487,0,0,1,0,0.000000,0.090000,0.012000,0.001000,4.500000,0.080000,24.000000,0.030000,0.000000
3.794000,0.300000,0.440000,-0.218144,-0.000000,-0.218144,0.075624,0.000000,-0.075624,0.077237,-0.007077,0.076757,0.073580,-0.003657,-0.015889,-0.008813,-0.006806,0.003597,-0.000004,-0.016456,0.000566,-0.211505,0.001322,-0.210182,-0.210182,-0.210182,-0.105091,-0.105091,0,0,1,0,0.000000,0.090000,0.012000,0.001000,4.500000,0.080000,24.000000,0.030000,0.000000
3.799000,0.300000,0.440000,-0.217764,-0.000000,-0.217764,0.075639,0.000000,-0.075639,0.077237,-0.007077,0.076757,0.073573,-0.003663,-0.015918,-0.008841,-0.006808,0.003592,-0.000003,-0.016484,0.000566,-0.212183,-0.000169,-0.212352,-0.212352,-0.212352,-0.106176,-0.106176,0,0,1,0,0.000000,0.090000,0.012000,0.001000,4.500000,0.080000,24.000000,0.030000,0.000000
3.804000,0.300000,0.440000,-0.217385,-0.000000,-0.217385,0.075649,0.000000,-0.075649,0.077170,-0.006948,0.076757,0.073568,-0.003603,-0.015657,-0.008708,-0.006808,0.003587,-0.000002,-0.016212,0.000556,-0.209003,0.000795,-0.208208,-0.208208,-0.208208,-0.104104,-0.104104,0,0,1,0,0.000000,0.090000,0.012000,0.001000,4.500000,0.080000,24.000000,0.030000,0.000000
3.809000,0.300000,0.440000,-0.217006,-0.000000,-0.217006,0.075653,0.000000,-0.075653,0.077170,-0.006948,0.076757,0.073562,-0.003608,-0.015682,-0.008734,-0.006809,0.003583,-0.000001,-0.016238,0.000556,-0.209614,-0.000153,-0.209767,-0.209767,-0.209767,-0.104884,-0.104884,0,0,1,0,0.000000,0.090000,0.012000,0.001000,4.500000,0.080000,24.000000,0.030000,0.000000
3.814000,0.300000,0.440000,-0.216628,-0.000000,-0.216628,0.075651,0.000000,-0.075651,0.077109,-0.006746,0.076757,0.073557,-0.003552,-0.015446,-0.008700,-0.006809,0.003578,0.000000,-0.015986,0.000540,-0.208794,0.000205,-0.208589,-0.208589,-0.208589,-0.104294,-0.104294,0,0,1,0,0.000000,0.090000,0.012000,0.001000,4.500000,0.080000,24.000000,0.030000,0.000000
3.823000,0.300000,0.440000,-0.215873,-0.000000,-0.215873,0.075633,0.000000,-0.075633,0.077053,-0.006486,0.076757,0.073551,-0.003501,-0.015238,-0.008752,-0.006807,0.003570,0.000002,-0.015757,0.000519,-0.210047,-0.000174,-0.210221,-0.210221,-0.210221,-0.105111,-0.105111,0,0,1,0,0.000000,0.090000,0.012000,0.001000,4.500000,0.080000,24.000000,0.030000,0.000000
3.828000,0.300000,0.440000,-0.215496,-0.000000,-0.215496,0.075617,0.000000,-0.075617,0.077053,-0.006486,0.076757,0.073547,-0.003506,-0.015259,-0.008773,-0.006806,0.003566,0.000003,-0.015778,0.000519,-0.210557,-0.000127,-0.210684,-0.210684,-0.210684,-0.105342,-0.105342,0,0,1,0,0.000000,0.090000,0.012000,0.001000,4.500000,0.080000,24.000000,0.030000,0.000000
3.833000,0.300000,0.440000,-0.215120,-0.000000,-0.215120,0.075598,0.000000,-0.075598,0.077002,-0.006190,0.076757,0.073542,-0.003459,-0.015072,-0.008882,-0.006804,0.003561,0.000004,-0.015567,0.000495,-0.213161,-0.000651,-0.213812,-0.213812,-0.213812,-0.106906,-0.106906,0,0,1,0,0.000000,0.090000,0.012000,0.001000,4.500000,0.080000,24.000000,0.030000,0.000000
3.838000,0.300000,0.440000,-0.214744,-0.000000,-0.214744,0.075576,0.000000,-0.075576,0.077002,-0.006190,0.076757,0.073538,-0.003463,-0.015090,-0.008900,-0.006802,0.003557,0.000004,-0.015585,0.000495,-0.213593,-0.000108,-0.213701,-0.213701,-0.213701,-0.106850,-0.106850,0,0,1,0,0.000000,0.090000,0.012000,0.001000,4.500000,0.080000,24.000000,0.030000,0.000000
3.843000,0.300000,0.440000,-0.214368,-0.000000,-0.214368,0.075554,0.000000,-0.075554,0.076954,-0.005899,0.076757,0.073535,-0.003420,-0.014916,-0.009018,-0.006800,0.003552,0.000004,-0.015388,0.000472,-0.216423,-0.000708,-0.217131,-0.217131,-0.217131,-0.108565,-0.108565,0,0,1,0,0.000000,0.090000,0.012000,0.001000,4.500000,0.080000,24.000000,0.030000,0.000000
3.848000,0.300000,0.440000,-0.213993,-0.000000,-0.213993,0.075531,0.000000,-0.075531,0.076954,-0.005899,0.076757,0.073531,-0.003423,-0.014932,-0.009034,-0.006798,0.003548,0.000005,-0.015404,0.000472,-0.216807,-0.000096,-0.216903,-0.216903,-0.216903,-0.108451,-0.108451,0,0,1,0,0.000000,0.090000,0.012000,0.001000,4.500000,0.080000,24.000000,0.030000,0.000000
3.853000,0.300000,0.440000,-0.213617,-0.000000,-0.213617,0.075510,0.000000,-0.075510,0.076908,-0.005643,0.076757,0.073528,-0.003381,-0.014762,-0.009119,-0.006796,0.003543,0.000004,-0.015214,0.000451,-0.218861,-0.000514,-0.219375,-0.219375,-0.219375,-0.109688,-0.109688,0,0,1,0,0.000000,0.090000,0.012000,0.001000,4.500000,0.080000,24.000000,0.030000,0.000000
3.858000,0.300000,0.440000,-0.213242,-0.000000,-0.213242,0.075489,0.000000,-0.075489,0.076908,-0.005643,0.076757,0.073524,-0.003384,-0.014777,-0.009134,-0.006794,0.003538,0.000004,-0.015229,0.000451,-0.219227,-0.000091,-0.219319,-0.219319,-0.219319,-0.109659,-0.109659,0,0,1,0,0.000000,0.090000,0.012000,0.001000,4.500000,0.080000,24.000000,0.030000,0.000000
3.863000,0.300000,0.440000,-0.212866,-0.000000,-0.212866,0.075472,0.000000,-0.075472,0.076863,-0.005444,0.076757,0.073521,-0.003342,-0.014603,-0.009159,-0.006792,0.003534,0.000003,-0.015039,0.000436,-0.219825,-0.000149,-0.219974,-0.219974,-0.219974,-0.109987,-0.109987,0,0,1,0,0.000000,0.090000,0.012000,0.001000,4.500000,0.080000,24.000000,0.030000,0.000000
3.868000,0.300000,0.440000,-0.212490,-0.000000,-0.212490,0.075457,0.000000,-0.075457,0.076863,-0.005444,0.076757,0.073517,-0.003345,-0.014619,-0.009175,-0.006791,0.003529,0.000003,-0.015054,0.000436,-0.220197,-0.000093,-0.220290,-0.220290,-0.220290,-0.110145,-0.110145,0,0,1,0,0.000000,0.090000,0.012000,0.001000,4.500000,0.080000,24.000000,0.030000,0.000000
3.873000,0.300000,0.440000,-0.212114,-0.000000,-0.212114,0.075445,0.000000,-0.075445,0.076816,-0.005307,0.076757,0.073514,-0.003302,-0.014436,-0.009129,-0.006790,0.003525,0.000002,-0.014861,0.000425,-0.219105,0.000273,-0.218832,-0.218832,-0.218832,-0.109416,-0.109416,0,0,1,0,0.000000,0.090000,0.012000,0.001000,4.500000,0.080000,24.000000,0.030000,0.000000
3.878000,0.300000,0.440000,-0.211738,-0.000000,-0.211738,0.075436,0.000000,-0.075436,0.076816,-0.005307,0.076757,0.073510,-0.003306,-0.014452,-0.009146,-0.006789,0.003520,0.000002,-0.014877,0.000425,-0.219498,-0.000098,-0.219596,-0.219596,-0.219596,-0.109798,-0.109798,0,0,1,0,0.000000,0.090000,0.012000,0.001000,4.500000,0.080000,24.000000,0.030000,0.000000
3.883000,0.300000,0.440000,-0.211362,-0.000000,-0.211362,0.075428,0.000000,-0.075428,0.076768,-0.005221,0.076757,0.073506,-0.003262,-0.014260,-0.009039,-0.006789,0.003516,0.000001,-0.014678,0.000418,-0.216936,0.000641,-0.216295,-0.216295,-0.216295,-0.108148,-0.108148,0,0,1,0,0.000000,0.090000,0.012000,0.001000,4.500000,0.080000,24.000000,0.030000,0.000000
3.892000,0.300000,0.440000,-0.210608,-0.000000,-0.210608,0.075419,0.000000,-0.075419,0.076719,-0.005166,0.076757,0.073502,-0.003217,-0.014063,-0.008896,-0.006788,0.003508,0.000001,-0.014476,0.000413,-0.213513,0.000475,-0.213037,-0.213037,-0.213037,-0.106519,-0.106519,0,0,1,0,0.000000,0.090000,0.012000,0.001000,4.500000,0.080000,24.000000,0.030000,0.000000
3.897000,0.300000,0.440000,-0.210232,-0.000000,-0.210232,0.075415,0.000000,-0.075415,0.076719,-0.005166,0.076757,0.073498,-0.003221,-0.014082,-0.008916,-0.006787,0.003503,0.000001,-0.014495,0.000413,-0.213981,-0.000117,-0.214098,-0.214098,-0.214098,-0.107049,-0.107049,0,0,1,0,0.000000,0.090000,0.012000,0.001000,4.500000,0.080000,24.000000,0.030000,0.000000
3.902000,0.300000,0.440000,-0.209855,-0.000000,-0.209855,0.075410,0.000000,-0.075410,0.076670,-0.005113,0.076757,0.073494,-0.003176,-0.013884,-0.008771,-0.006787,0.003499,0.000001,-0.014293,0.000409,-0.210509,0.000868,-0.209642,-0.209642,-0.209642,-0.104821,-0.104821,0,0,1,0,0.000000,0.090000,0.012000,0.001000,4.500000,0.080000,24.000000,0.030000,0.000000
3.907000,0.300000,0.440000,-0.209479,-0.000000,-0.209479,0.075404,0.000000,-0.075404,0.076670,-0.005113,0.076757,0.073489,-0.003180,-0.013903,-0.008790,-0.006786,0.003494,0.000001,-0.014312,0.000409,-0.210965,-0.000114,-0.211079,-0.211079,-0.211079,-0.105539,-0.105539,0,0,1,0,0.000000,0.090000,0.012000,0.001000,4.500000,0.080000,24.000000,0.030000,0.000000
3.912000,0.300000,0.440000,-0.209102,-0.000000,-0.209102,0.075396,0.000000,-0.075396,0.076621,-0.005042,0.076757,0.073485,-0.003136,-0.013710,-0.008668,-0.006786,0.003490,0.000002,-0.014113,0.000403,-0.208026,0.000735,-0.207291,-0.207291,-0.207291,-0.103645,-0.103645,0,0,1,0,0.000000,0.090000,0.012000,0.001000,4.500000,0.080000,24.000000,0.030000,0.000000
3.917000,0.300000,0.440000,-0.208726,-0.000000,-0.208726,0.075387,0.000000,-0.075387,0.076621,-0.005042,0.076757,0.073481,-0.003140,-0.013728,-0.008686,-0.006785,0.003485,0.000002,-0.014131,0.000403,-0.208455,-0.000107,-0.208563,-0.208563,-0.208563,-0.104281,-0.104281,0,0,1,0,0.000000,0.090000,0.012000,0.001000,4.500000,0.080000,24.000000,0.030000,0.000000
3.922000,0.300000,0.440000,-0.208350,-0.000000,-0.208350,0.075374,0.000000,-0.075374,0.076575,-0.004941,0.076757,0.073477,-0.003098,-0.013544,-0.008603,-0.006784,0.003481,0.000003,-0.013940,0.000395,-0.206483,0.000493,-0.205990,-0.205990,-0.205990,-0.102995,-0.102995,0,0,1,0,0.000000,0.090000,0.012000,0.001000,4.500000,0.080000,24.000000,0.030000,0.000000
3.927000,0.300000,0.440000,-0.207975,-0.000000,-0.207975,0.075359,0.000000,-0.075359,0.076575,-0.004941,0.076757,0.073474,-0.003101,-0.013561,-0.008620,-0.006782,0.003476,0.000003,-0.013956,0.000395,-0.206875,-0.000098,-0.206974,-0.206974,-0.206974,-0.103487,-0.103487,0,0,1,0,0.000000,0.090000,0.012000,0.001000,4.500000,0.080000,24.000000,0.030000,0.000000
3.932000,0.300000,0.440000,-0.207600,-0.000000,-0.207600,0.075341,0.000000,-0.075341,0.076531,-0.004806,0.076757,0.073470,-0.003061,-0.013390,-0.008584,-0.006781,0.003472,0.000004,-0.013775,0.000384,-0.206020,0.000214,-0.205806,-0.205806,-0.205806,-0.102903,-0.102903,0,0,1,0,0.000000,0.090000,0.012000,0.001000,4.500000,0.080000,24.000000,0.030000,0.000000
3.937000,0.300000,0.440000,-0.207225,-0.000000,-0.207225,0.075321,0.000000,-0.075321,0.076531,-0.004806,0.076757,0.073467,-0.003064,-0.013405,-0.008599,-0.006779,0.003467,0.000004,-0.013789,0.000384,-0.206369,-0.000087,-0.206457,-0.206457,-0.206457,-0.103228,-0.103228,0,0,1,0,0.000000,0.090000,0.012000,0.001000,4.500000,0.080000,24.000000,0.030000,0.000000
3.942000,0.300000,0.440000,-0.206850,-0.000000,-0.206850,0.075297,0.000000,-0.075297,0.076491,-0.004644,0.076757,0.073464,-0.003027,-0.013248,-0.008604,-0.006777,0.003462,0.000005,-0.013619,0.000372,-0.206490,-0.000030,-0.206521,-0.206521,-0.206521,-0.103260,-0.103260,0,0,1,0,0.000000,0.090000,0.012000,0.001000,4.500000,0.080000,24.000000,0.030000,0.000000
3.951000,0.300000,0.440000,-0.206103,-0.000000,-0.206103,0.075245,0.000000,-0.075245,0.076452,-0.004468,0.076757,0.073461,-0.002991,-0.013103,-0.008636,-0.006772,0.003454,0.000006,-0.013461,0.000357,-0.207254,-0.000106,-0.207360,-0.207360,-0.207360,-0.103680,-0.103680,0,0,1,0,0.000000,0.090000,0.012000,0.001000,4.500000,0.080000,24.000000,0.030000,0.000000
3.956000,0.300000,0.440000,-0.205729,-0.000000,-0.205729,0.075216,0.000000,-0.075216,0.076452,-0.004468,0.076757,0.073458,-0.002994,-0.013116,-0.008648,-0.006769,0.003450,0.000006,-0.013473,0.000357,-0.207555,-0.000075,-0.207630,-0.207630,-0.207630,-0.103815,-0.103815,0,0,1,0,0.000000,0.090000,0.012000,0.001000,4.500000,0.080000,24.000000,0.030000,0.000000
3.961000,0.300000,0.440000,-0.205356,-0.000000,-0.205356,0.075187,0.000000,-0.075187,0.076416,-0.004290,0.076757,0.073456,-0.002961,-0.012980,-0.008690,-0.006767,0.003445,0.000006,-0.013323,0.000343,-0.208553,-0.000250,-0.208803,-0.208803,-0.208803,-0.104402,-0.104402,0,0,1,0,0.000000,0.090000,0.012000,0.001000,4.500000,0.080000,24.000000,0.030000,0.000000
3.966000,0.300000,0.440000,-0.204983,-0.000000,-0.204983,0.075157,0.000000,-0.075157,0.076416,-0.004290,0.076757,0.073453,-0.002963,-0.012991,-0.008701,-0.006764,0.003441,0.000006,-0.013334,0.000343,-0.208822,-0.000067,-0.208889,-0.208889,-0.208889,-0.104445,-0.104445,0,0,1,0,0.000000,0.090000,0.012000,0.001000,4.500000,0.080000,24.000000,0.030000,0.000000
3.971000,0.300000,0.440000,-0.204610,-0.000000,-0.204610,0.075128,0.000000,-0.075128,0.076382,-0.004127,0.076757,0.073451,-0.002931,-0.012858,-0.008731,-0.006761,0.003436,0.000006,-0.013189,0.000330,-0.209554,-0.000183,-0.209737,-0.209737,-0.209737,-0.104868,-0.104868,0,0,1,0,0.000000,0.090000,0.012000,0.001000,4.500000,0.080000,24.000000,0.030000,0.000000
3.976000,0.300000,0.440000,-0.204237,-0.000000,-0.204237,0.075098,0.000000,-0.075098,0.076382,-0.004127,0.076757,0.073449,-0.002933,-0.012869,-0.008742,-0.006759,0.003432,0.000006,-0.013199,0.000330,-0.209806,-0.000063,-0.209869,-0.209869,-0.209869,-0.104934,-0.104934,0,0,1,0,0.000000,0.090000,0.012000,0.001000,4.500000,0.080000,24.000000,0.030000,0.000000
3.981000,0.300000,0.440000,-0.203865,-0.000000,-0.203865,0.075070,0.000000,-0.075070,0.076348,-0.003990,0.076757,0.073446,-0.002901,-0.012737,-0.008746,-0.006756,0.003427,0.000006,-0.013056,0.000319,-0.209913,-0.000027,-0.209940,-0.209940,-0.209940,-0.104970,-0.104970,0,0,1,0,0.000000,0.090000,0.012000,0.001000,4.500000,0.080000,24.000000,0.030000,0.000000
3.986000,0.300000,0.440000,-0.203492,-0.000000,-0.203492,0.075043,0.000000,-0.075043,0.076348,-0.003990,0.076757,0.073444,-0.002904,-0.012747,-0.008757,-0.006754,0.003423,0.000005,-0.013066,0.000319,-0.210161,-0.000062,-0.210223,-0.210223,-0.210223,-0.105111,-0.105111,0,0,1,0,0.000000,0.090000,0.012000,0.001000,4.500000,0.080000,24.000000,0.030000,0.000000
3.991000,0.300000,0.440000,-0.203119,-0.000000,-0.203119,0.075016,0.000000,-0.075016,0.076313,-0.003883,0.076757,0.073442,-0.002872,-0.012612,-0.008729,-0.006751,0.003418,0.000005,-0.012923,0.000311,-0.209490,0.000168,-0.209323,-0.209323,-0.209323,-0.104661,-0.104661,0,0,1,0,0.000000,0.090000,0.012000,0.001000,4.500000,0.080000,24.000000,0.030000,0.000000
3.996000,0.300000,0.440000,-0.202747,-0.000000,-0.202747,0.074991,0.000000,-0.074991,0.076313,-0.003883,0.076757,0.073439,-0.002874,-0.012623,-0.008739,-0.006749,0.003414,0.000005,-0.012933,0.000311,-0.209742,-0.000063,-0.209804,-0.209804,-0.209804,-0.104902,-0.104902,0,0,1,0,0.000000,0.090000,0.012000,0.001000,4.500000,0.080000,24.000000,0.030000,0.000000
4.005000,0.300000,0.440000,-0.202374,-0.000000,-0.202374,0.074967,0.000000,-0.074967,0.076279,-0.003803,0.076757,0.073436,-0.002843,-0.012488,-0.008685,-0.006747,0.003406,0.000003,-0.012792,0.000304,-0.208447,0.000180,-0.208268,-0.208268,-0.208268,-0.104134,-0.104134,0,0,1,0,0.000000,0.090000,0.012000,0.001000,4.500000,0.080000,24.000000,0.030000,0.000000
4.010000,0.300000,0.440000,-0.202002,-0.000000,-0.202002,0.074943,0.000000,-0.074943,0.076279,-0.003803,0.076757,0.073433,-0.002846,-0.012501,-0.008698,-0.006745,0.003401,0.000005,-0.012805,0.000304,-0.208749,-0.000076,-0.208825,-0.208825,-0.208825,-0.104412,-0.104412,0,0,1,0,0.000000,0.090000,0.012000,0.001000,4.500000,0.080000,24.000000,0.030000,0.000000
4.015000,0.300000,0.440000,-0.201629,-0.000000,-0.201629,0.074921,0.000000,-0.074921,0.076244,-0.003748,0.076757,0.073431,-0.002813,-0.012361,-0.008613,-0.006743,0.003397,0.000004,-0.012661,0.000300,-0.206714,0.000509,-0.206205,-0.206205,-0.206205,-0.103102,-0.103102,0,0,1,0,0.000000,0.090000,0.012000,0.001000,4.500000,0.080000,24.000000,0.030000,0.000000
4.020000,0.300000,0.440000,-0.201257,-0.000000,-0.201257,0.074899,0.000000,-0.074899,0.076244,-0.003748,0.076757,0.073428,-0.002816,-0.012373,-0.008625,-0.006741,0.003392,0.000004,-0.012673,0.000300,-0.207011,-0.000074,-0.207085,-0.207085,-0.207085,-0.103543,-0.103543,0,0,1,0,0.000000,0.090000,0.012000,0.001000,4.500000,0.080000,24.000000,0.030000,0.000000
4.025000,0.300000,0.440000,-0.200884,-0.000000,-0.200884,0.074878,0.000000,-0.074878,0.076209,-0.003706,0.076757,0.073425,-0.002784,-0.012231,-0.008525,-0.006739,0.003388,0.000004,-0.012527,0.000296,-0.204595,0.000604,-0.203991,-0.203991,-0.203991,-0.101995,-0.101995,0,0,1,0,0.000000,0.090000,0.012000,0.001000,4.500000,0.080000,24.000000,0.030000,0.000000
4.030000,0.300000,0.440000,-0.200512,-0.000000,-0.200512,0.074856,0.000000,-0.074856,0.076209,-0.003706,0.076757,0.073422,-0.002787,-0.012243,-0.008537,-0.006737,0.003383,0.000004,-0.012539,0.000296,-0.204886,-0.000073,-0.204958,-0.204958,-0.204958,-0.102479,-0.102479,0,0,1,0,0.000000,0.090000,0.012000,0.001000,4.500000,0.080000,24.000000,0.030000,0.000000
4.035000,0.300000,0.440000,-0.200140,-0.000000,-0.200140,0.074834,0.000000,-0.074834,0.076174,-0.003663,0.076757,0.073420,-0.002754,-0.012101,-0.008438,-0.006735,0.003379,0.000004,-0.012394,0.000293,-0.202515,0.000593,-0.201922,-0.201922,-0.201922,-0.100961,-0.100961,0,0,1,0,0.000000,0.090000,0.012000,0.001000,4.500000,0.080000,24.000000,0.030000,0.000000
4.040000,0.300000,0.440000,-0.199768,-0.000000,-0.199768,0.074811,0.000000,-0.074811,0.076174,-0.003663,0.076757,0.073417,-0.002757,-0.012113,-0.008450,-0.006733,0.003374,0.000005,-0.012406,0.000293,-0.202795,-0.000070,-0.202865,-0.202865,-0.202865,-0.101433,-0.101433,0,0,1,0,0.000000,0.090000,0.012000,0.001000,4.500000,0.080000,24.000000,0.030000,0.000000
4.045000,0.300000,0.440000,-0.199396,-0.000000,-0.199396,0.074786,0.000000,-0.074786,0.076140,-0.003597,0.076757,0.073415,-0.002725,-0.011976,-0.008379,-0.006731,0.003370,0.000005,-0.012264,0.000288,-0.201105,0.000423,-0.200683,-0.200683,-0.200683,-0.100341,-0.100341,0,0,1,0,0.000000,0.090000,0.012000,0.001000,4.500000,0.080000,24.000000,0.030000,0.000000
4.050000,0.300000,0.440000,-0.199025,-0.000000,-0.199025,0.074759,0.000000,-0.074759,0.076140,-0.003597,0.076757,0.073412,-0.002728,-0.011987,-0.008390,-0.006728,0.003365,0.000005,-0.012274,0.000288,-0.201359,-0.000063,-0.201422,-0.201422,-0.201422,-0.100711,-0.100711,0,0,1,0,0.000000,0.090000,0.012000,0.001000,4.500000,0.080000,24.000000,0.030000,0.000000
4.055000,0.300000,0.440000,-0.198654,-0.000000,-0.198654,0.074729,0.000000,-0.074729,0.076108,-0.003503,0.076757,0.073410,-0.002698,-0.011859,-0.008356,-0.006726,0.003361,0.000006,-0.012140,0.000280,-0.200547,0.000203,-0.200344,-0.200344,-0.200344,-0.100172,-0.100172,0,0,1,0,0.000000,0.090000,0.012000,0.001000,4.500000,0.080000,24.000000,0.030000,0.000000
4.064000,0.300000,0.440000,-0.197913,-0.000000,-0.197913,0.074664,0.000000,-0.074664,0.076078,-0.003387,0.076757,0.073408,-0.002670,-0.011743,-0.008356,-0.006720,0.003353,0.000007,-0.012014,0.000271,-0.200545,0.000000,-0.200545,-0.200545,-0.200545,-0.100273,-0.100273,0,0,1,0,0.000000,0.090000,0.012000,0.001000,4.500000,0.080000,24.000000,0.030000,0.000000
4.069000,0.300000,0.440000,-0.197543,-0.000000,-0.197543,0.074628,0.000000,-0.074628,0.076078,-0.003387,0.076757,0.073406,-0.002672,-0.011752,-0.008365,-0.006717,0.003348,0.000007,-0.012023,0.000271,-0.200751,-0.000051,-0.200802,-0.200802,-0.200802,-0.100401,-0.100401,0,0,1,0,0.000000,0.090000,0.012000,0.001000,4.500000,0.080000,24.000000,0.030000,0.000000
4.074000,0.300000,0.440000,-0.197174,-0.000000,-0.197174,0.074591,0.000000,-0.074591,0.076050,-0.003255,0.076757,0.073404,-0.002646,-0.011645,-0.008391,-0.006713,0.003344,0.000007,-0.011906,0.000260,-0.201374,-0.000156,-0.201530,-0.201530,-0.201530,-0.100765,-0.100765,0,0,1,0,0.000000,0.090000,0.012000,0.001000,4.500000,0.080000,24.000000,0.030000,0.000000
4.079000,0.300000,0.440000,-0.196804,-0.000000,-0.196804,0.074552,0.000000,-0.074552,0.076050,-0.003255,0.076757,0.073403,-0.002647,-0.011652,-0.008398,-0.006710,0.003339,0.000008,-0.011913,0.000260,-0.201546,-0.000043,-0.201590,-0.201590,-0.201590,-0.100795,-0.100795,0,0,1,0,0.000000,0.090000,0.012000,0.001000,4.500000,0.080000,24.000000,0.030000,0.000000
4.084000,0.300000,0.440000,-0.196435,-0.000000,-0.196435,0.074513,0.000000,-0.074513,0.076024,-0.003121,0.076757,0.073401,-0.002623,-0.011552,-0.008432,-0.006706,0.003335,0.000008,-0.011802,0.000250,-0.202360,-0.000203,-0.202563,-0.202563,-0.202563,-0.101282,-0.101282,0,0,1,0,0.000000,0.090000,0.012000,0.001000,4.500000,0.080000,24.000000,0.030000,0.000000
4.089000,0.300000,0.440000,-0.196067,-0.000000,-0.196067,0.074474,0.000000,-0.074474,0.076024,-0.003121,0.076757,0.073400,-0.002624,-0.011559,-0.008438,-0.006703,0.003330,0.000008,-0.011808,0.000250,-0.202510,-0.000037,-0.202547,-0.202547,-0.202547,-0.101274,-0.101274,0,0,1,0,0.000000,0.090000,0.012000,0.001000,4.500000,0.080000,24.000000,0.030000,0.000000
4.094000,0.300000,0.440000,-0.195698,-0.000000,-0.195698,0.074435,0.000000,-0.074435,0.075999,-0.002998,0.076757,0.073399,-0.002600,-0.011462,-0.008463,-0.006699,0.003326,0.000008,-0.011702,0.000240,-0.203121,-0.000153,-0.203274,-0.203274,-0.203274,-0.101637,-0.101637,0,0,1,0,0.000000,0.090000,0.012000,0.001000,4.500000,0.080000,24.000000,0.030000,0.000000
4.099000,0.300000,0.440000,-0.195330,-0.000000,-0.195330,0.074396,0.000000,-0.074396,0.075999,-0.002998,0.076757,0.073397,-0.002602,-0.011468,-0.008469,-0.006696,0.003321,0.000008,-0.011707,0.000240,-0.203259,-0.000035,-0.203294,-0.203294,-0.203294,-0.101647,-0.101647,0,0,1,0,0.000000,0.090000,0.012000,0.001000,4.500000,0.080000,24.000000,0.030000,0.000000
4.104000,0.300000,0.440000,-0.194962,-0.000000,-0.194962,0.074358,0.000000,-0.074358,0.075974,-0.002897,0.076757,0.073396,-0.002578,-0.011371,-0.008474,-0.006692,0.003317,0.000008,-0.011602,0.000232,-0.203377,-0.000029,-0.203407,-0.203407,-0.203407,-0.101703,-0.101703,0,0,1,0,0.000000,0.090000,0.012000,0.001000,4.500000,0.080000,24.000000,0.030000,0.000000
4.109000,0.300000,0.440000,-0.194594,-0.000000,-0.194594,0.074320,0.000000,-0.074320,0.075974,-0.002897,0.076757,0.073395,-0.002580,-0.011376,-0.008480,-0.006689,0.003313,0.000007,-0.011608,0.000232,-0.203514,-0.000034,-0.203548,-0.203548,-0.203548,-0.101774,-0.101774,0,0,1,0,0.000000,0.090000,0.012000,0.001000,4.500000,0.080000,24.000000,0.030000,0.000000
4.114000,0.300000,0.440000,-0.194226,-0.000000,-0.194226,0.074284,0.000000,-0.074284,0.075950,-0.002818,0.076757,0.073394,-0.002556,-0.011277,-0.008459,-0.006686,0.003308,0.000007,-0.011502,0.000225,-0.203006,0.000127,-0.202879,-0.202879,-0.202879,-0.101439,-0.101439,0,0,1,0,0.000000,0.090000,0.012000,0.001000,4.500000,0.080000,24.000000,0.030000,0.000000
4.119000,0.300000,0.440000,-0.193858,-0.000000,-0.193858,0.074248,0.000000,-0.074248,0.075950,-0.002818,0.076757,0.073392,-0.002557,-0.011283,-0.008464,-0.006682,0.003304,0.000007,-0.011508,0.000225,-0.203147,-0.000035,-0.203182,-0.203182,-0.203182,-0.101591,-0.101591,0,0,1,0,0.000000,0.090000,0.012000,0.001000,4.500000,0.080000,24.000000,0.030000,0.000000
4.124000,0.300000,0.440000,-0.193490,-0.000000,-0.193490,0.074214,0.000000,-0.074214,0.075925,-0.002762,0.076757,0.073391,-0.002534,-0.011181,-0.008419,-0.006679,0.003299,0.000007,-0.011402,0.000221,-0.202055,0.000273,-0.201782,-0.201782,-0.201782,-0.100891,-0.100891,0,0,1,0,0.000000,0.090000,0.012000,0.001000,4.500000,0.080000,24.000000,0.030000,0.000000
4.129000,0.300000,0.440000,-0.193122,-0.000000,-0.193122,0.074180,0.000000,-0.074180,0.075925,-0.002762,0.076757,0.073390,-0.002535,-0.011187,-0.008425,-0.006676,0.003295,0.000007,-0.011408,0.000221,-0.202203,-0.000037,-0.202240,-0.202240,-0.202240,-0.101120,-0.101120,0,0,1,0,0.000000,0.090000,0.012000,0.001000,4.500000,0.080000,24.000000,0.030000,0.000000
4.134000,0.300000,0.440000,-0.192755,-0.000000,-0.192755,0.074146,0.000000,-0.074146,0.075899,-0.002719,0.076757,0.073388,-0.002511,-0.011082,-0.008363,-0.006673,0.003290,0.000007,-0.011300,0.000218,-0.200712,0.000373,-0.200339,-0.200339,-0.200339,-0.100170,-0.100170,0,0,1,0,0.000000,0.090000,0.012000,0.001000,4.500000,0.080000,24.000000,0.030000,0.000000
4.139000,0.300000,0.440000,-0.192387,-0.000000,-0.192387,0.074113,0.000000,-0.074113,0.075899,-0.002719,0.076757,0.073387,-0.002512,-0.011089,-0.008369,-0.006670,0.003286,0.000007,-0.011306,0.000218,-0.200864,-0.000038,-0.200902,-0.200902,-0.200902,-0.100451,-0.100451,0,0,1,0,0.000000,0.090000,0.012000,0.001000,4.500000,0.080000,24.000000,0.030000,0.000000
4.148000,0.300000,0.440000,-0.191653,-0.000000,-0.191653,0.074046,0.000000,-0.074046,0.075874,-0.002682,0.076757,0.073385,-0.002488,-0.010983,-0.008301,-0.006664,0.003278,0.000007,-0.011198,0.000215,-0.199235,0.000226,-0.199009,-0.199009,-0.199009,-0.099505,-0.099505,0,0,1,0,0.000000,0.090000,0.012000,0.001000,4.500000,0.080000,24.000000,0.030000,0.000000
4.153000,0.300000,0.440000,-0.191286,-0.000000,-0.191286,0.074012,0.000000,-0.074012,0.075849,-0.002650,0.076757,0.073384,-0.002465,-0.010879,-0.008230,-0.006661,0.003273,0.000007,-0.011091,0.000212,-0.197519,0.000429,-0.197090,-0.197090,-0.197090,-0.098545,-0.098545,0,0,1,0,0.000000,0.090000,0.012000,0.001000,4.500000,0.080000,24.000000,0.030000,0.000000
4.158000,0.300000,0.440000,-0.190919,-0.000000,-0.190919,0.073978,0.000000,-0.073978,0.075849,-0.002650,0.076757,0.073383,-0.002466,-0.010886,-0.008236,-0.006658,0.003269,0.000007,-0.011098,0.000212,-0.197675,-0.000039,-0.197714,-0.197714,-0.197714,-0.098857,-0.098857,0,0,1,0,0.000000,0.090000,0.012000,0.001000,4.500000,0.080000,24.000000,0.030000,0.000000
4.163000,0.300000,0.440000,-0.190553,-0.000000,-0.190553,0.073942,0.000000,-0.073942,0.075824,-0.002601,0.076757,0.073381,-0.002443,-0.010785,-0.008184,-0.006655,0.003265,0.000007,-0.010994,0.000208,-0.196423,0.000313,-0.196110,-0.196110,-0.196110,-0.098055,-0.098055,0,0,1,0,0.000000,0.090000,0.012000,0.001000,4.500000,0.080000,24.000000,0.030000,0.000000
4.168000,0.300000,0.440000,-0.190187,-0.000000,-0.190187,0.073905,0.000000,-0.073905,0.075824,-0.002601,0.076757,0.073380,-0.002444,-0.010791,-0.008190,-0.006651,0.003260,0.000007,-0.010999,0.000208,-0.196562,-0.000035,-0.196597,-0.196597,-0.196597,-0.098298,-0.098298,0,0,1,0,0.000000,0.090000,0.012000,0.001000,4.500000,0.080000,24.000000,0.030000,0.000000
4.173000,0.300000,0.440000,-0.189821,-0.000000,-0.189821,0.073866,0.000000,-0.073866,0.075801,-0.002535,0.076757,0.073379,-0.002422,-0.010697,-0.008162,-0.006648,0.003256,0.000008,-0.010900,0.000203,-0.195886,0.000169,-0.195717,-0.195717,-0.195717,-0.097858,-0.097858,0,0,1,0,0.000000,0.090000,0.012000,0.001000,4.500000,0.080000,24.000000,0.030000,0.000000
4.178000,0.300000,0.440000,-0.189455,-0.000000,-0.189455,0.073826,0.000000,-0.073826,0.075801,-0.002535,0.076757,0.073378,-0.002423,-0.010702,-0.008167,-0.006644,0.003251,0.000008,-0.010905,0.000203,-0.196004,-0.000030,-0.196033,-0.196033,-0.196033,-0.098017,-0.098017,0,0,1,0,0.000000,0.090000,0.012000,0.001000,4.500000,0.080000,24.000000,0.030000,0.000000
4.183000,0.300000,0.440000,-0.189090,-0.000000,-0.189090,0.073785,0.000000,-0.073785,0.075779,-0.002454,0.076757,0.073377,-0.002403,-0.010615,-0.008161,-0.006641,0.003247,0.000008,-0.010811,0.000196,-0.195861,0.000036,-0.195825,-0.195825,-0.195825,-0.097913,-0.097913,0,0,1,0,0.000000,0.090000,0.012000,0.001000,4.500000,0.080000,24.000000,0.030000,0.000000
4.188000,0.300000,0.440000,-0.188725,-0.000000,-0.188725,0.073742,0.000000,-0.073742,0.075779,-0.002454,0.076757,0.073376,-0.002403,-0.010619,-0.008165,-0.006637,0.003242,0.000009,-0.010815,0.000196,-0.195957,-0.000024,-0.195982,-0.195982,-0.195982,-0.097991,-0.097991,0,0,1,0,0.000000,0.090000,0.012000,0.001000,4.500000,0.080000,24.000000,0.030000,0.000000
4.193000,0.300000,0.440000,-0.188361,-0.000000,-0.188361,0.073698,0.000000,-0.073698,0.075759,-0.002364,0.076757,0.073375,-0.002384,-0.010538,-0.008174,-0.006633,0.003238,0.000009,-0.010727,0.000189,-0.196182,-0.000056,-0.196238,-0.196238,-0.196238,-0.098119,-0.098119,0,0,1,0,0.000000,0.090000,0.012000,0.001000,4.500000,0.080000,24.000000,0.030000,0.000000
4.198000,0.300000,0.440000,-0.187997,-0.000000,-0.187997,0.073654,0.000000,-0.073654,0.075759,-0.002364,0.076757,0.073374,-0.002385,-0.010542,-0.008177,-0.006629,0.003234,0.000009,-0.010731,0.000189,-0.196260,-0.000020,-0.196279,-0.196279,-0.196279,-0.098140,-0.098140,0,0,1,0,0.000000,0.090000,0.012000,0.001000,4.500000,0.080000,24.000000,0.030000,0.000000
4.207000,0.300000,0.440000,-0.187269,-0.000000,-0.187269,0.073564,0.000000,-0.073564,0.075740,-0.002273,0.076757,0.073374,-0.002366,-0.010464,-0.008191,-0.006621,0.003226,0.000010,-0.010646,0.000182,-0.196591,-0.000046,-0.196637,-0.196637,-0.196637,-0.098318,-0.098318,0,0,1,0,0.000000,0.090000,0.012000,0.001000,4.500000,0.080000,24.000000,0.030000,0.000000
4.212000,0.300000,0.440000,-0.186906,-0.000000,-0.186906,0.073518,0.000000,-0.073518,0.075721,-0.002187,0.076757,0.073373,-0.002348,-0.010390,-0.008204,-0.006617,0.003221,0.000009,-0.010565,0.000175,-0.196890,-0.000075,-0.196964,-0.196964,-0.196964,-0.098482,-0.098482,0,0,1,0,0.000000,0.090000,0.012000,0.001000,4.500000,0.080000,24.000000,0.030000,0.000000
4.217000,0.300000,0.440000,-0.186543,-0.000000,-0.186543,0.073473,0.000000,-0.073473,0.075721,-0.002187,0.076757,0.073373,-0.002348,-0.010393,-0.008206,-0.006613,0.003217,0.000009,-0.010568,0.000175,-0.196946,-0.000014,-0.196960,-0.196960,-0.196960,-0.098480,-0.098480,0,0,1,0,0.000000,0.090000,0.012000,0.001000,4.500000,0.080000,24.000000,0.030000,0.000000
4.222000,0.300000,0.440000,-0.186180,-0.000000,-0.186180,0.073428,0.000000,-0.073428,0.075703,-0.002113,0.076757,0.073372,-0.002331,-0.010320,-0.008207,-0.006609,0.003212,0.000009,-0.010489,0.000169,-0.196963,-0.000004,-0.196968,-0.196968,-0.196968,-0.098484,-0.098484,0,0,1,0,0.000000,0.090000,0.012000,0.001000,4.500000,0.080000,24.000000,0.030000,0.000000
4.227000,0.300000,0.440000,-0.185817,-0.000000,-0.185817,0.073384,0.000000,-0.073384,0.075703,-0.002113,0.076757,0.073372,-0.002331,-0.010322,-0.008209,-0.006605,0.003208,0.000009,-0.010491,0.000169,-0.197018,-0.000014,-0.197031,-0.197031,-0.197031,-0.098516,-0.098516,0,0,1,0,0.000000,0.090000,0.012000,0.001000,4.500000,0.080000,24.000000,0.030000,0.000000
4.232000,0.300000,0.440000,-0.185454,-0.000000,-0.185454,0.073340,0.000000,-0.073340,0.075685,-0.002054,0.076757,0.073371,-0.002314,-0.010248,-0.008194,-0.006601,0.003204,0.000009,-0.010412,0.000164,-0.196653,0.000091,-0.196562,-0.196562,-0.196562,-0.098281,-0.098281,0,0,1,0,0.000000,0.090000,0.012000,0.001000,4.500000,0.080000,24.000000,0.030000,0.000000
4.237000,0.300000,0.440000,-0.185092,-0.000000,-0.185092,0.073297,0.000000,-0.073297,0.075685,-0.002054,0.076757,0.073371,-0.002314,-0.010250,-0.008196,-0.006597,0.003199,0.000009,-0.010415,0.000164,-0.196710,-0.000014,-0.196724,-0.196724,-0.196724,-0.098362,-0.098362,0,0,1,0,0.000000,0.090000,0.012000,0.001000,4.500000,0.080000,24.000000,0.030000,0.000000
4.242000,0.300000,0.440000,-0.184730,-0.000000,-0.184730,0.073254,0.000000,-0.073254,0.075667,-0.002009,0.076757,0.073370,-0.002297,-0.010175,-0.008165,-0.006593,0.003195,0.000009,-0.010336,0.000161,-0.195970,0.000185,-0.195785,-0.195785,-0.195785,-0.097893,-0.097893,0,0,1,0,0.000000,0.090000,0.012000,0.001000,4.500000,0.080000,24.000000,0.030000,0.000000
4.247000,0.300000,0.440000,-0.184368,-0.000000,-0.184368,0.073211,0.000000,-0.073211,0.075667,-0.002009,0.076757,0.073370,-0.002297,-0.010177,-0.008168,-0.006589,0.003190,0.000008,-0.010338,0.000161,-0.196031,-0.000015,-0.196046,-0.196046,-0.196046,-0.098023,-0.098023,0,0,1,0,0.000000,0.090000,0.012000,0.001000,4.500000,0.080000,24.000000,0.030000,0.000000
4.252000,0.300000,0.440000,-0.184006,-0.000000,-0.184006,0.073169,0.000000,-0.073169,0.075649,-0.001975,0.076757,0.073369,-0.002280,-0.010100,-0.008126,-0.006585,0.003186,0.000008,-0.010258,0.000158,-0.195018,0.000253,-0.194765,-0.194765,-0.194765,-0.097382,-0.097382,0,0,1,0,0.000000,0.090000,0.012000,0.001000,4.500000,0.080000,24.000000,0.030000,0.000000
4.257000,0.300000,0.440000,-0.183644,-0.000000,-0.183644,0.073127,0.000000,-0.073127,0.075649,-0.001975,0.076757,0.073368,-0.002280,-0.010103,-0.008128,-0.006581,0.003182,0.000008,-0.010261,0.000158,-0.195082,-0.000016,-0.195097,-0.195097,-0.195097,-0.097549,-0.097549,0,0,1,0,0.000000,0.090000,0.012000,0.001000,4.500000,0.080000,24.000000,0.030000,0.000000
4.262000,0.300000,0.440000,-0.183282,-0.000000,-0.183282,0.073085,0.000000,-0.073085,0.075630,-0.001945,0.076757,0.073368,-0.002263,-0.010026,-0.008081,-0.006578,0.003177,0.000008,-0.010182,0.000156,-0.193955,0.000282,-0.193674,-0.193674,-0.193674,-0.096837,-0.096837,0,0,1,0,0.000000,0.090000,0.012000,0.001000,4.500000,0.080000,24.000000,0.030000,0.000000
4.267000,0.300000,0.440000,-0.182921,-0.000000,-0.182921,0.073043,0.000000,-0.073043,0.075630,-0.001945,0.076757,0.073367,-0.002263,-0.010029,-0.008084,-0.006574,0.003173,0.000008,-0.010184,0.000156,-0.194018,-0.000016,-0.194034,-0.194034,-0.194034,-0.097017,-0.097017,0,0,1,0,0.000000,0.090000,0.012000,0.001000,4.500000,0.080000,24.000000,0.030000,0.000000
4.276000,0.300000,0.440000,-0.182199,-0.000000,-0.182199,0.072957,0.000000,-0.072957,0.075612,-0.001913,0.076757,0.073367,-0.002245,-0.009952,-0.008039,-0.006566,0.003165,0.000010,-0.010105,0.000153,-0.192927,0.000152,-0.192776,-0.192776,-0.192776,-0.096388,-0.096388,0,0,1,0,0.000000,0.090000,0.012000,0.001000,4.500000,0.080000,24.000000,0.030000,0.000000
4.281000,0.300000,0.440000,-0.181839,-0.000000,-0.181839,0.072914,0.000000,-0.072914,0.075595,-0.001882,0.076757,0.073366,-0.002228,-0.009877,-0.007996,-0.006562,0.003161,0.000009,-0.010028,0.000151,-0.191897,0.000258,-0.191640,-0.191640,-0.191640,-0.095820,-0.095820,0,0,1,0,0.000000,0.090000,0.012000,0.001000,4.500000,0.080000,24.000000,0.030000,0.000000
4.286000,0.300000,0.440000,-0.181478,-0.000000,-0.181478,0.072870,0.000000,-0.072870,0.075595,-0.001882,0.076757,0.073366,-0.002229,-0.009879,-0.007998,-0.006558,0.003156,0.000009,-0.010030,0.000151,-0.191949,-0.000013,-0.191962,-0.191962,-0.191962,-0.095981,-0.095981,0,0,1,0,0.000000,0.090000,0.012000,0.001000,4.500000,0.080000,24.000000,0.030000,0.000000
4.291000,0.300000,0.440000,-0.181118,-0.000000,-0.181118,0.072825,0.000000,-0.072825,0.075578,-0.001839,0.076757,0.073365,-0.002212,-0.009808,-0.007969,-0.006554,0.003152,0.000009,-0.009955,0.000147,-0.191267,0.000170,-0.191097,-0.191097,-0.191097,-0.095549,-0.095549,0,0,1,0,0.000000,0.090000,0.012000,0.001000,4.500000,0.080000,24.000000,0.030000,0.000000
4.296000,0.300000,0.440000,-0.180759,-0.000000,-0.180759,0.072780,0.000000,-0.072780,0.075578,-0.001839,0.076757,0.073365,-0.002213,-0.009810,-0.007971,-0.006550,0.003147,0.000009,-0.009957,0.000147,-0.191308,-0.000010,-0.191318,-0.191318,-0.191318,-0.095659,-0.095659,0,0,1,0,0.000000,0.090000,0.012000,0.001000,4.500000,0.080000,24.000000,0.030000,0.000000
4.301000,0.300000,0.440000,-0.180399,-0.000000,-0.180399,0.072733,0.000000,-0.072733,0.075562,-0.001785,0.076757,0.073365,-0.002197,-0.009743,-0.007958,-0.006546,0.003143,0.000009,-0.009886,0.000143,-0.190988,0.000080,-0.190908,-0.190908,-0.190908,-0.095454,-0.095454,0,0,1,0,0.000000,0.090000,0.012000,0.001000,4.500000,0.080000,24.000000,0.030000,0.000000
4.306000,0.300000,0.440000,-0.180040,-0.000000,-0.180040,0.072685,0.000000,-0.072685,0.075562,-0.001785,0.076757,0.073365,-0.002197,-0.009744,-0.007959,-0.006542,0.003139,0.000010,-0.009887,0.000143,-0.191015,-0.000007,-0.191021,-0.191021,-0.191021,-0.095511,-0.095511,0,0,1,0,0.000000,0.090000,0.012000,0.001000,4.500000,0.080000,24.000000,0.030000,0.000000
4.311000,0.300000,0.440000,-0.179682,-0.000000,-0.179682,0.072637,0.000000,-0.072637,0.075547,-0.001725,0.076757,0.073364,-0.002182,-0.009682,-0.007957,-0.006537,0.003134,0.000010,-0.009820,0.000138,-0.190978,0.000009,-0.190969,-0.190969,-0.190969,-0.095485,-0.095485,0,0,1,0,0.000000,0.090000,0.012000,0.001000,4.500000,0.080000,24.000000,0.030000,0.000000
4.316000,0.300000,0.440000,-0.179323,-0.000000,-0.179323,0.072588,0.000000,-0.072588,0.075547,-0.001725,0.076757,0.073364,-0.002182,-0.009683,-0.007958,-0.006533,0.003130,0.000010,-0.009821,0.000138,-0.190993,-0.000004,-0.190996,-0.190996,-0.190996,-0.095498,-0.095498,0,0,1,0,0.000000,0.090000,0.012000,0.001000,4.500000,0.080000,24.000000,0.030000,0.000000
4.321000,0.300000,0.440000,-0.178965,-0.000000,-0.178965,0.072538,0.000000,-0.072538,0.075532,-0.001662,0.076757,0.073364,-0.002168,-0.009624,-0.007963,-0.006528,0.003126,0.000010,-0.009757,0.000133,-0.191104,-0.000028,-0.191132,-0.191132,-0.191132,-0.095566,-0.095566,0,0,1,0,0.000000,0.090000,0.012000,0.001000,4.500000,0.080000,24.000000,0.030000,0.000000
4.326000,0.300000,0.440000,-0.178965,-0.000000,-0.178965,0.072538,0.000000,-0.072538,0.075532,-0.001662,0.076757,0.073362,-0.002170,-0.009634,-0.007973,-0.006528,0.003121,0.000000,-0.009767,0.000133,-0.191343,-0.000060,-0.191402,-0.191402,-0.191402,-0.095701,-0.095701,0,0,1,0,0.000000,0.090000,0.012000,0.001000,4.500000,0.080000,24.000000,0.030000,0.000000
4.335000,0.300000,0.440000,-0.178250,-0.000000,-0.178250,0.072439,0.000000,-0.072439,0.075519,-0.001601,0.076757,0.073362,-0.002157,-0.009578,-0.007977,-0.006519,0.003113,0.000011,-0.009706,0.000128,-0.191450,-0.000015,-0.191464,-0.191464,-0.191464,-0.095732,-0.095732,0,0,1,0,0.000000,0.090000,0.012000,0.001000,4.500000,0.080000,24.000000,0.030000,0.000000
4.340000,0.300000,0.440000,-0.177892,-0.000000,-0.177892,0.072389,0.000000,-0.072389,0.075505,-0.001573,0.076757,0.073362,-0.002144,-0.009521,-0.007947,-0.006515,0.003109,0.000010,-0.009647,0.000126,-0.190740,0.000177,-0.190562,-0.190562,-0.190562,-0.095281,-0.095281,0,0,1,0,0.000000,0.090000,0.012000,0.001000,4.500000,0.080000,24.000000,0.030000,0.000000
4.345000,0.300000,0.440000,-0.177535,-0.000000,-0.177535,0.072339,0.000000,-0.072339,0.075505,-0.001549,0.076757,0.073362,-0.002144,-0.009524,-0.007975,-0.006511,0.003105,0.000010,-0.009647,0.000124,-0.191393,-0.000163,-0.191557,-0.191557,-0.191557,-0.095778,-0.095778,0,0,1,0,0.000000,0.090000,0.012000,0.001000,4.500000,0.080000,24.000000,0.030000,0.000000
4.350000,0.300000,0.440000,-0.177179,-0.000000,-0.177179,0.072290,0.000000,-0.072290,0.075505,-0.001549,0.076757,0.073361,-0.002144,-0.009524,-0.007975,-0.006506,0.003100,0.000010,-0.009648,0.000124,-0.191406,-0.000003,-0.191409,-0.191409,-0.191409,-0.095704,-0.095704,0,0,1,0,0.000000,0.090000,0.012000,0.001000,4.500000,0.080000,24.000000,0.030000,0.000000
4.355000,0.300000,0.440000,-0.176822,-0.000000,-0.176822,0.072240,0.000000,-0.072240,0.075492,-0.001504,0.076757,0.073361,-0.002131,-0.009468,-0.007964,-0.006502,0.003096,0.000010,-0.009589,0.000120,-0.191147,0.000065,-0.191083,-0.191083,-0.191083,-0.095541,-0.095541,0,0,1,0,0.000000,0.090000,0.012000,0.001000,4.500000,0.080000,24.000000,0.030000,0.000000
4.360000,0.300000,0.440000,-0.176466,-0.000000,-0.176466,0.072192,0.000000,-0.072192,0.075492,-0.001504,0.076757,0.073361,-0.002131,-0.009469,-0.007965,-0.006497,0.003092,0.000010,-0.009589,0.000120,-0.191155,-0.000002,-0.191157,-0.191157,-0.191157,-0.095579,-0.095579,0,0,1,0,0.000000,0.090000,0.012000,0.001000,4.500000,0.080000,24.000000,0.030000,0.000000
4.365000,0.300000,0.440000,-0.176109,-0.000000,-0.176109,0.072143,0.000000,-0.072143,0.075479,-0.001472,0.076757,0.073361,-0.002118,-0.009412,-0.007940,-0.006493,0.003087,0.000010,-0.009530,0.000118,-0.190551,0.000151,-0.190400,-0.190400,-0.190400,-0.095200,-0.095200,0,0,1,0,0.000000,0.090000,0.012000,0.001000,4.500000,0.080000,24.000000,0.030000,0.000000
4.370000,0.300000,0.440000,-0.175753,-0.000000,-0.175753,0.072095,0.000000,-0.072095,0.075479,-0.001472,0.076757,0.073361,-0.002118,-0.009412,-0.007940,-0.006489,0.003083,0.000010,-0.009530,0.000118,-0.190559,-0.000002,-0.190561,-0.190561,-0.190561,-0.095281,-0.095281,0,0,1,0,0.000000,0.090000,0.012000,0.001000,4.500000,0.080000,24.000000,0.030000,0.000000
4.379000,0.300000,0.440000,-0.175042,-0.000000,-0.175042,0.072000,0.000000,-0.072000,0.075465,-0.001449,0.076757,0.073361,-0.002104,-0.009353,-0.007904,-0.006480,0.003075,0.000011,-0.009469,0.000116,-0.189700,0.000119,-0.189580,-0.189580,-0.189580,-0.094790,-0.094790,0,0,1,0,0.000000,0.090000,0.012000,0.001000,4.500000,0.080000,24.000000,0.030000,0.000000
4.384000,0.300000,0.440000,-0.174687,-0.000000,-0.174687,0.071953,0.000000,-0.071953,0.075452,-0.001433,0.076757,0.073361,-0.002091,-0.009293,-0.007860,-0.006476,0.003071,0.000009,-0.009408,0.000115,-0.188649,0.000263,-0.188387,-0.188387,-0.188387,-0.094193,-0.094193,0,0,1,0,0.000000,0.090000,0.012000,0.001000,4.500000,0.080000,24.000000,0.030000,0.000000
4.389000,0.300000,0.440000,-0.174331,-0.000000,-0.174331,0.071906,0.000000,-0.071906,0.075452,-0.001433,0.076757,0.073361,-0.002091,-0.009293,-0.007860,-0.006472,0.003067,0.000009,-0.009408,0.000115,-0.188651,-0.000000,-0.188652,-0.188652,-0.188652,-0.094326,-0.094326,0,0,1,0,0.000000,0.090000,0.012000,0.001000,4.500000,0.080000,24.000000,0.030000,0.000000
4.394000,0.300000,0.440000,-0.173977,-0.000000,-0.173977,0.071858,0.000000,-0.071858,0.075438,-0.001413,0.076757,0.073361,-0.002077,-0.009234,-0.007821,-0.006467,0.003062,0.000010,-0.009347,0.000113,-0.187699,0.000238,-0.187460,-0.187460,-0.187460,-0.093730,-0.093730,0,0,1,0,0.000000,0.090000,0.012000,0.001000,4.500000,0.080000,24.000000,0.030000,0.000000
4.399000,0.300000,0.440000,-0.173622,-0.000000,-0.173622,0.071810,0.000000,-0.071810,0.075438,-0.001413,0.076757,0.073361,-0.002077,-0.009234,-0.007821,-0.006463,0.003058,0.000010,-0.009347,0.000113,-0.187697,0.000000,-0.187697,-0.187697,-0.187697,-0.093848,-0.093848,0,0,1,0,0.000000,0.090000,0.012000,0.001000,4.500000,0.080000,24.000000,0.030000,0.000000
4.404000,0.300000,0.440000,-0.173268,-0.000000,-0.173268,0.071761,0.000000,-0.071761,0.075425,-0.001387,0.076757,0.073361,-0.002064,-0.009177,-0.007790,-0.006458,0.003054,0.000010,-0.009288,0.000111,-0.186967,0.000182,-0.186785,-0.186785,-0.186785,-0.093392,-0.093392,0,0,1,0,0.000000,0.090000,0.012000,0.001000,4.500000,0.080000,24.000000,0.030000,0.000000
4.409000,0.300000,0.440000,-0.172914,-0.000000,-0.172914,0.071711,0.000000,-0.071711,0.075425,-0.001387,0.076757,0.073361,-0.002064,-0.009177,-0.007790,-0.006454,0.003050,0.000010,-0.009288,0.000111,-0.186958,0.000002,-0.186956,-0.186956,-0.186956,-0.093478,-0.093478,0,0,1,0,0.000000,0.090000,0.012000,0.001000,4.500000,0.080000,24.000000,0.030000,0.000000
4.414000,0.300000,0.440000,-0.172560,-0.000000,-0.172560,0.071661,0.000000,-0.071661,0.075413,-0.001352,0.076757,0.073362,-0.002051,-0.009123,-0.007771,-0.006449,0.003045,0.000010,-0.009231,0.000108,-0.186507,0.000113,-0.186394,-0.186394,-0.186394,-0.093197,-0.093197,0,0,1,0,0.000000,0.090000,0.012000,0.001000,4.500000,0.080000,24.000000,0.030000,0.000000
4.419000,0.300000,0.440000,-0.172207,-0.000000,-0.172207,0.071610,0.000000,-0.071610,0.075413,-0.001352,0.076757,0.073362,-0.002051,-0.009122,-0.007770,-0.006445,0.003041,0.000010,-0.009231,0.000108,-0.186488,0.000005,-0.186484,-0.186484,-0.186484,-0.093242,-0.093242,0,0,1,0,0.000000,0.090000,0.012000,0.001000,4.500000,0.080000,24.000000,0.030000,0.000000
4.424000,0.300000,0.440000,-0.171854,-0.000000,-0.171854,0.071558,0.000000,-0.071558,0.075401,-0.001310,0.076757,0.073362,-0.002039,-0.009072,-0.007762,-0.006440,0.003037,0.000010,-0.009177,0.000105,-0.186296,0.000048,-0.186248,-0.186248,-0.186248,-0.093124,-0.093124,0,0,1,0,0.000000,0.090000,0.012000,0.001000,4.500000,0.080000,24.000000,0.030000,0.000000
4.429000,0.300000,0.440000,-0.171501,-0.000000,-0.171501,0.071506,0.000000,-0.071506,0.075401,-0.001310,0.076757,0.073362,-0.002039,-0.009071,-0.007761,-0.006436,0.003032,0.000010,-0.009176,0.000105,-0.186267,0.000007,-0.186260,-0.186260,-0.186260,-0.093130,-0.093130,0,0,1,0,0.000000,0.090000,0.012000,0.001000,4.500000,0.080000,24.000000,0.030000,0.000000
4.434000,0.300000,0.440000,-0.171149,-0.000000,-0.171149,0.071453,0.000000,-0.071453,0.075390,-0.001264,0.076757,0.073363,-0.002028,-0.009024,-0.007761,-0.006431,0.003028,0.000011,-0.009125,0.000101,-0.186256,0.000003,-0.186253,-0.186253,-0.186253,-0.093127,-0.093127,0,0,1,0,0.000000,0.090000,0.012000,0.001000,4.500000,0.080000,24.000000,0.030000,0.000000
4.439000,0.300000,0.440000,-0.170797,-0.000000,-0.170797,0.071400,0.000000,-0.071400,0.075390,-0.001264,0.076757,0.073363,-0.002027,-0.009023,-0.007759,-0.006426,0.003024,0.000011,-0.009124,0.000101,-0.186218,0.000010,-0.186208,-0.186208,-0.186208,-0.093104,-0.093104,0,0,1,0,0.000000,0.090000,0.012000,0.001000,4.500000,0.080000,24.000000,0.030000,0.000000
4.448000,0.300000,0.440000,-0.170093,-0.000000,-0.170093,0.071293,0.000000,-0.071293,0.075380,-0.001217,0.076757,0.073364,-0.002016,-0.008976,-0.007760,-0.006416,0.003016,0.000012,-0.009074,0.000097,-0.186231,-0.000002,-0.186233,-0.186233,-0.186233,-0.093117,-0.093117,0,0,1,0,0.000000,0.090000,0.012000,0.001000,4.500000,0.080000,24.000000,0.030000,0.000000
4.453000,0.300000,0.440000,-0.169742,-0.000000,-0.169742,0.071240,0.000000,-0.071240,0.075370,-0.001173,0.076757,0.073364,-0.002006,-0.008932,-0.007760,-0.006412,0.003012,0.000011,-0.009026,0.000094,-0.186233,-0.000000,-0.186233,-0.186233,-0.186233,-0.093117,-0.093117,0,0,1,0,0.000000,0.090000,0.012000,0.001000,4.500000,0.080000,24.000000,0.030000,0.000000
4.458000,0.300000,0.440000,-0.169391,-0.000000,-0.169391,0.071186,0.000000,-0.071186,0.075370,-0.001173,0.076757,0.073365,-0.002005,-0.008930,-0.007757,-0.006407,0.003008,0.000011,-0.009024,0.000094,-0.186172,0.000015,-0.186156,-0.186156,-0.186156,-0.093078,-0.093078,0,0,1,0,0.000000,0.090000,0.012000,0.001000,4.500000,0.080000,24.000000,0.030000,0.000000
4.463000,0.300000,0.440000,-0.169041,-0.000000,-0.169041,0.071132,0.000000,-0.071132,0.075360,-0.001135,0.076757,0.073365,-0.001995,-0.008886,-0.007752,-0.006402,0.003003,0.000011,-0.008977,0.000091,-0.186037,0.000034,-0.186004,-0.186004,-0.186004,-0.093002,-0.093002,0,0,1,0,0.000000,0.090000,0.012000,0.001000,4.500000,0.080000,24.000000,0.030000,0.000000
4.468000,0.300000,0.440000,-0.168690,-0.000000,-0.168690,0.071079,0.000000,-0.071079,0.075360,-0.001135,0.076757,0.073366,-0.001994,-0.008884,-0.007749,-0.006397,0.002999,0.000011,-0.008975,0.000091,-0.185978,0.000015,-0.185963,-0.185963,-0.185963,-0.092982,-0.092982,0,0,1,0,0.000000,0.090000,0.012000,0.001000,4.500000,0.080000,24.000000,0.030000,0.000000
4.473000,0.300000,0.440000,-0.168340,-0.000000,-0.168340,0.071026,0.000000,-0.071026,0.075351,-0.001104,0.076757,0.073366,-0.001984,-0.008840,-0.007736,-0.006392,0.002995,0.000011,-0.008928,0.000088,-0.185669,0.000077,-0.185592,-0.185592,-0.185592,-0.092796,-0.092796,0,0,1,0,0.000000,0.090000,0.012000,0.001000,4.500000,0.080000,24.000000,0.030000,0.000000
4.478000,0.300000,0.440000,-0.167990,-0.000000,-0.167990,0.070973,0.000000,-0.070973,0.075351,-0.001104,0.076757,0.073367,-0.001984,-0.008838,-0.007734,-0.006388,0.002990,0.000011,-0.008926,0.000088,-0.185613,0.000014,-0.185598,-0.185598,-0.185598,-0.092799,-0.092799,0,0,1,0,0.000000,0.090000,0.012000,0.001000,4.500000,0.080000,24.000000,0.030000,0.000000
4.487000,0.300000,0.440000,-0.167291,-0.000000,-0.167291,0.070868,0.000000,-0.070868,0.075341,-0.001079,0.076757,0.073368,-0.001973,-0.008792,-0.007712,-0.006378,0.002983,0.000012,-0.008878,0.000086,-0.185097,0.000072,-0.185026,-0.185026,-0.185026,-0.092513,-0.092513,0,0,1,0,0.000000,0.090000,0.012000,0.001000,4.500000,0.080000,24.000000,0.030000,0.000000
4.492000,0.300000,0.440000,-0.166942,-0.000000,-0.166942,0.070816,0.000000,-0.070816,0.075331,-0.001062,0.076757,0.073368,-0.001963,-0.008746,-0.007684,-0.006373,0.002979,0.000010,-0.008831,0.000085,-0.184424,0.000168,-0.184255,-0.184255,-0.184255,-0.092128,-0.092128,0,0,1,0,0.000000,0.090000,0.012000,0.001000,4.500000,0.080000,24.000000,0.030000,0.000000
4.497000,0.300000,0.440000,-0.166593,-0.000000,-0.166593,0.070764,0.000000,-0.070764,0.075331,-0.001062,0.076757,0.073369,-0.001962,-0.008744,-0.007682,-0.006369,0.002974,0.000010,-0.008829,0.000085,-0.184359,0.000016,-0.184343,-0.184343,-0.184343,-0.092172,-0.092172,0,0,1,0,0.000000,0.090000,0.012000,0.001000,4.500000,0.080000,24.000000,0.030000,0.000000
4.502000,0.300000,0.440000,-0.166244,-0.000000,-0.166244,0.070712,0.000000,-0.070712,0.075321,-0.001045,0.076757,0.073370,-0.001951,-0.008698,-0.007653,-0.006364,0.002970,0.000010,-0.008782,0.000084,-0.183669,0.000173,-0.183496,-0.183496,-0.183496,-0.091748,-0.091748,0,0,1,0,0.000000,0.090000,0.012000,0.001000,4.500000,0.080000,24.000000,0.030000,0.000000
4.507000,0.300000,0.440000,-0.165895,-0.000000,-0.165895,0.070659,0.000000,-0.070659,0.075321,-0.001045,0.076757,0.073370,-0.001951,-0.008696,-0.007650,-0.006359,0.002966,0.000010,-0.008779,0.000084,-0.183607,0.000015,-0.183592,-0.183592,-0.183592,-0.091796,-0.091796,0,0,1,0,0.000000,0.090000,0.012000,0.001000,4.500000,0.080000,24.000000,0.030000,0.000000
4.512000,0.300000,0.440000,-0.165547,-0.000000,-0.165547,0.070607,0.000000,-0.070607,0.075312,-0.001027,0.076757,0.073371,-0.001941,-0.008651,-0.007625,-0.006355,0.002962,0.000011,-0.008733,0.000082,-0.182991,0.000154,-0.182837,-0.182837,-0.182837,-0.091419,-0.091419,0,0,1,0,0.000000,0.090000,0.012000,0.001000,4.500000,0.080000,24.000000,0.030000,0.000000
4.517000,0.300000,0.440000,-0.165199,-0.000000,-0.165199,0.070554,0.000000,-0.070554,0.075312,-0.001027,0.076757,0.073371,-0.001940,-0.008649,-0.007622,-0.006350,0.002957,0.000011,-0.008731,0.000082,-0.182929,0.000015,-0.182914,-0.182914,-0.182914,-0.091457,-0.091457,0,0,1,0,0.000000,0.090000,0.012000,0.001000,4.500000,0.080000,24.000000,0.030000,0.000000
4.522000,0.300000,0.440000,-0.164852,-0.000000,-0.164852,0.070500,0.000000,-0.070500,0.075302,-0.001004,0.076757,0.073372,-0.001930,-0.008606,-0.007602,-0.006345,0.002953,0.000011,-0.008686,0.000080,-0.182448,0.000120,-0.182328,-0.182328,-0.182328,-0.091164,-0.091164,0,0,1,0,0.000000,0.090000,0.012000,0.001000,4.500000,0.080000,24.000000,0.030000,0.000000
4.527000,0.300000,0.440000,-0.164505,-0.000000,-0.164505,0.070447,0.000000,-0.070447,0.075302,-0.001004,0.076757,0.073373,-0.001930,-0.008603,-0.007599,-0.006340,0.002949,0.000011,-0.008684,0.000080,-0.182383,0.000016,-0.182367,-0.182367,-0.182367,-0.091184,-0.091184,0,0,1,0,0.000000,0.090000,0.012000,0.001000,4.500000,0.080000,24.000000,0.030000,0.000000
4.532000,0.300000,0.440000,-0.164158,-0.000000,-0.164158,0.070392,0.000000,-0.070392,0.075293,-0.000977,0.076757,0.073373,-0.001920,-0.008563,-0.007586,-0.006335,0.002945,0.000011,-0.008641,0.000078,-0.182059,0.000081,-0.181978,-0.181978,-0.181978,-0.090989,-0.090989,0,0,1,0,0.000000,0.090000,0.012000,0.001000,4.500000,0.080000,24.000000,0.030000,0.000000
4.537000,0.300000,0.440000,-0.163811,-0.000000,-0.163811,0.070338,0.000000,-0.070338,0.075293,-0.000977,0.076757,0.073374,-0.001920,-0.008560,-0.007583,-0.006330,0.002940,0.000011,-0.008638,0.000078,-0.181989,0.000018,-0.181971,-0.181971,-0.181971,-0.090986,-0.090986,0,0,1,0,0.000000,0.090000,0.012000,0.001000,4.500000,0.080000,24.000000,0.030000,0.000000
4.546000,0.300000,0.440000,-0.163119,-0.000000,-0.163119,0.070227,0.000000,-0.070227,0.075285,-0.000947,0.076757,0.073375,-0.001910,-0.008520,-0.007573,-0.006320,0.002933,0.000012,-0.008595,0.000076,-0.181754,0.000033,-0.181721,-0.181721,-0.181721,-0.090861,-0.090861,0,0,1,0,0.000000,0.090000,0.012000,0.001000,4.500000,0.080000,24.000000,0.030000,0.000000
4.551000,0.300000,0.440000,-0.162773,-0.000000,-0.162773,0.070172,0.000000,-0.070172,0.075277,-0.000915,0.076757,0.073376,-0.001901,-0.008482,-0.007567,-0.006315,0.002929,0.000011,-0.008556,0.000073,-0.181609,0.000036,-0.181572,-0.181572,-0.181572,-0.090786,-0.090786,0,0,1,0,0.000000,0.090000,0.012000,0.001000,4.500000,0.080000,24.000000,0.030000,0.000000
4.556000,0.300000,0.440000,-0.162428,-0.000000,-0.162428,0.070116,0.000000,-0.070116,0.075277,-0.000915,0.076757,0.073377,-0.001900,-0.008478,-0.007563,-0.006310,0.002924,0.000011,-0.008552,0.000073,-0.181514,0.000024,-0.181490,-0.181490,-0.181490,-0.090745,-0.090745,0,0,1,0,0.000000,0.090000,0.012000,0.001000,4.500000,0.080000,24.000000,0.030000,0.000000
4.561000,0.300000,0.440000,-0.162083,-0.000000,-0.162083,0.070060,0.000000,-0.070060,0.075269,-0.000884,0.076757,0.073378,-0.001892,-0.008443,-0.007558,-0.006305,0.002920,0.000011,-0.008513,0.000071,-0.181397,0.000029,-0.181368,-0.181368,-0.181368,-0.090684,-0.090684,0,0,1,0,0.000000,0.090000,0.012000,0.001000,4.500000,0.080000,24.000000,0.030000,0.000000
4.566000,0.300000,0.440000,-0.161738,-0.000000,-0.161738,0.070004,0.000000,-0.070004,0.075269,-0.000884,0.076757,0.073378,-0.001891,-0.008439,-0.007554,-0.006300,0.002916,0.000011,-0.008509,0.000071,-0.181303,0.000024,-0.181279,-0.181279,-0.181279,-0.090639,-0.090639,0,0,1,0,0.000000,0.090000,0.012000,0.001000,4.500000,0.080000,24.000000,0.030000,0.000000
4.571000,0.300000,0.440000,-0.161393,-0.000000,-0.161393,0.069948,0.000000,-0.069948,0.075262,-0.000855,0.076757,0.073379,-0.001883,-0.008404,-0.007549,-0.006295,0.002912,0.000011,-0.008472,0.000068,-0.181165,0.000034,-0.181131,-0.181131,-0.181131,-0.090565,-0.090565,0,0,1,0,0.000000,0.090000,0.012000,0.001000,4.500000,0.080000,24.000000,0.030000,0.000000
4.576000,0.300000,0.440000,-0.161049,-0.000000,-0.161049,0.069892,0.000000,-0.069892,0.075262,-0.000855,0.076757,0.073380,-0.001882,-0.008400,-0.007545,-0.006290,0.002908,0.000011,-0.008468,0.000068,-0.181071,0.000024,-0.181048,-0.181048,-0.181048,-0.090524,-0.090524,0,0,1,0,0.000000,0.090000,0.012000,0.001000,4.500000,0.080000,24.000000,0.030000,0.000000
4.581000,0.300000,0.440000,-0.160705,-0.000000,-0.160705,0.069836,0.000000,-0.069836,0.075255,-0.000829,0.076757,0.073381,-0.001874,-0.008365,-0.007536,-0.006285,0.002903,0.000011,-0.008432,0.000066,-0.180873,0.000050,-0.180823,-0.180823,-0.180823,-0.090412,-0.090412,0,0,1,0,0.000000,0.090000,0.012000,0.001000,4.500000,0.080000,24.000000,0.030000,0.000000
4.586000,0.300000,0.440000,-0.160361,-0.000000,-0.160361,0.069780,0.000000,-0.069780,0.075255,-0.000829,0.076757,0.073382,-0.001873,-0.008362,-0.007532,-0.006280,0.002899,0.000011,-0.008428,0.000066,-0.180780,0.000023,-0.180756,-0.180756,-0.180756,-0.090378,-0.090378,0,0,1,0,0.000000,0.090000,0.012000,0.001000,4.500000,0.080000,24.000000,0.030000,0.000000
4.591000,0.300000,0.440000,-0.160361,-0.000000,-0.160361,0.069780,0.000000,-0.069780,0.075248,-0.000806,0.076757,0.073380,-0.001867,-0.008338,-0.007532,-0.006280,0.002895,0.000000,-0.008403,0.000065,-0.180764,0.000004,-0.180760,-0.180760,-0.180760,-0.090380,-0.090380,0,0,1,0,0.000000,0.090000,0.012000,0.001000,4.500000,0.080000,24.000000,0.030000,0.000000
4.596000,0.300000,0.440000,-0.160018,-0.000000,-0.160018,0.069724,0.000000,-0.069724,0.075248,-0.000806,0.076757,0.073381,-0.001867,-0.008336,-0.007530,-0.006275,0.002891,0.000011,-0.008401,0.000065,-0.180713,0.000013,-0.180700,-0.180700,-0.180700,-0.090350,-0.090350,0,0,1,0,0.000000,0.090000,0.012000,0.001000,4.500000,0.080000,24.000000,0.030000,0.000000
4.605000,0.300000,0.440000,-0.159332,-0.000000,-0.159332,0.069612,0.000000,-0.069612,0.075241,-0.000789,0.076757,0.073382,-0.001859,-0.008301,-0.007513,-0.006265,0.002883,0.000012,-0.008364,0.000063,-0.180307,0.000056,-0.180250,-0.180250,-0.180250,-0.090125,-0.090125,0,0,1,0,0.000000,0.090000,0.012000,0.001000,4.500000,0.080000,24.000000,0.030000,0.000000
4.610000,0.300000,0.440000,-0.158989,-0.000000,-0.158989,0.069557,0.000000,-0.069557,0.075233,-0.000783,0.076757,0.073383,-0.001851,-0.008266,-0.007484,-0.006260,0.002879,0.000011,-0.008329,0.000063,-0.179605,0.000175,-0.179430,-0.179430,-0.179430,-0.089715,-0.089715,0,0,1,0,0.000000,0.090000,0.012000,0.001000,4.500000,0.080000,24.000000,0.030000,0.000000
4.615000,0.300000,0.440000,-0.158647,-0.000000,-0.158647,0.069501,0.000000,-0.069501,0.075233,-0.000777,0.076757,0.073383,-0.001850,-0.008263,-0.007486,-0.006255,0.002875,0.000011,-0.008325,0.000062,-0.179666,-0.000015,-0.179681,-0.179681,-0.179681,-0.089840,-0.089840,0,0,1,0,0.000000,0.090000,0.012000,0.001000,4.500000,0.080000,24.000000,0.030000,0.000000
4.620000,0.300000,0.440000,-0.158305,-0.000000,-0.158305,0.069447,0.000000,-0.069447,0.075233,-0.000777,0.076757,0.073384,-0.001849,-0.008260,-0.007483,-0.006250,0.002871,0.000011,-0.008322,0.000062,-0.179586,0.000020,-0.179566,-0.179566,-0.179566,-0.089783,-0.089783,0,0,1,0,0.000000,0.090000,0.012000,0.001000,4.500000,0.080000,24.000000,0.030000,0.000000
4.625000,0.300000,0.440000,-0.157963,-0.000000,-0.157963,0.069391,0.000000,-0.069391,0.075226,-0.000767,0.076757,0.073385,-0.001841,-0.008225,-0.007458,-0.006245,0.002867,0.000011,-0.008286,0.000061,-0.178986,0.000150,-0.178836,-0.178836,-0.178836,-0.089418,-0.089418,0,0,1,0,0.000000,0.090000,0.012000,0.001000,4.500000,0.080000,24.000000,0.030000,0.000000
4.630000,0.300000,0.440000,-0.157622,-0.000000,-0.157622,0.069336,0.000000,-0.069336,0.075226,-0.000767,0.076757,0.073386,-0.001841,-0.008221,-0.007454,-0.006240,0.002863,0.000011,-0.008283,0.000061,-0.178904,0.000020,-0.178884,-0.178884,-0.178884,-0.089442,-0.089442,0,0,1,0,0.000000,0.090000,0.012000,0.001000,4.500000,0.080000,24.000000,0.030000,0.000000
4.635000,0.300000,0.440000,-0.157280,-0.000000,-0.157280,0.069281,0.000000,-0.069281,0.075219,-0.000756,0.076757,0.073386,-0.001833,-0.008186,-0.007430,-0.006235,0.002858,0.000011,-0.008247,0.000060,-0.178330,0.000143,-0.178187,-0.178187,-0.178187,-0.089093,-0.089093,0,0,1,0,0.000000,0.090000,0.012000,0.001000,4.500000,0.080000,24.000000,0.030000,0.000000
4.640000,0.300000,0.440000,-0.156939,-0.000000,-0.156939,0.069225,0.000000,-0.069225,0.075219,-0.000756,0.076757,0.073387,-0.001832,-0.008183,-0.007427,-0.006230,0.002854,0.000011,-0.008243,0.000060,-0.178245,0.000021,-0.178223,-0.178223,-0.178223,-0.089112,-0.089112,0,0,1,0,0.000000,0.090000,0.012000,0.001000,4.500000,0.080000,24.000000,0.030000,0.000000
4.645000,0.300000,0.440000,-0.156599,-0.000000,-0.156599,0.069169,0.000000,-0.069169,0.075212,-0.000742,0.076757,0.073388,-0.001824,-0.008149,-0.007407,-0.006225,0.002850,0.000011,-0.008208,0.000059,-0.177773,0.000118,-0.177655,-0.177655,-0.177655,-0.088827,-0.088827,0,0,1,0,0.000000,0.090000,0.012000,0.001000,4.500000,0.080000,24.000000,0.030000,0.000000
4.650000,0.300000,0.440000,-0.156258,-0.000000,-0.156258,0.069113,0.000000,-0.069113,0.075212,-0.000742,0.076757,0.073389,-0.001823,-0.008145,-0.007403,-0.006220,0.002846,0.000011,-0.008204,0.000059,-0.177682,0.000023,-0.177660,-0.177660,-0.177660,-0.088830,-0.088830,0,0,1,0,0.000000,0.090000,0.012000,0.001000,4.500000,0.080000,24.000000,0.030000,0.000000
4.655000,0.300000,0.440000,-0.155918,-0.000000,-0.155918,0.069057,0.000000,-0.069057,0.075205,-0.000723,0.076757,0.073390,-0.001816,-0.008113,-0.007389,-0.006215,0.002842,0.000011,-0.008171,0.000058,-0.177344,0.000085,-0.177259,-0.177259,-0.177259,-0.088629,-0.088629,0,0,1,0,0.000000,0.090000,0.012000,0.001000,4.500000,0.080000,24.000000,0.030000,0.000000
4.660000,0.300000,0.440000,-0.155579,-0.000000,-0.155579,0.069000,0.000000,-0.069000,0.075205,-0.000723,0.076757,0.073391,-0.001815,-0.008109,-0.007385,-0.006210,0.002838,0.000011,-0.008167,0.000058,-0.177247,0.000024,-0.177223,-0.177223,-0.177223,-0.088611,-0.088611,0,0,1,0,0.000000,0.090000,0.012000,0.001000,4.500000,0.080000,24.000000,0.030000,0.000000
4.669000,0.300000,0.440000,-0.154900,-0.000000,-0.154900,0.068885,0.000000,-0.068885,0.075199,-0.000702,0.076757,0.073392,-0.001807,-0.008076,-0.007374,-0.006200,0.002830,0.000013,-0.008132,0.000056,-0.176985,0.000036,-0.176948,-0.176948,-0.176948,-0.088474,-0.088474,0,0,1,0,0.000000,0.090000,0.012000,0.001000,4.500000,0.080000,24.000000,0.030000,0.000000
4.674000,0.300000,0.440000,-0.154561,-0.000000,-0.154561,0.068827,0.000000,-0.068827,0.075193,-0.000678,0.076757,0.073393,-0.001800,-0.008046,-0.007367,-0.006194,0.002826,0.000012,-0.008100,0.000054,-0.176819,0.000041,-0.176778,-0.176778,-0.176778,-0.088389,-0.088389,0,0,1,0,0.000000,0.090000,0.012000,0.001000,4.500000,0.080000,24.000000,0.030000,0.000000
4.679000,0.300000,0.440000,-0.154223,-0.000000,-0.154223,0.068769,0.000000,-0.068769,0.075193,-0.000678,0.076757,0.073394,-0.001799,-0.008041,-0.007362,-0.006189,0.002822,0.000012,-0.008095,0.000054,-0.176693,0.000031,-0.176662,-0.176662,-0.176662,-0.088331,-0.088331,0,0,1,0,0.000000,0.090000,0.012000,0.001000,4.500000,0.080000,24.000000,0.030000,0.000000
4.684000,0.300000,0.440000,-0.153885,-0.000000,-0.153885,0.068711,0.000000,-0.068711,0.075187,-0.000655,0.076757,0.073395,-0.001792,-0.008012,-0.007357,-0.006184,0.002818,0.000012,-0.008064,0.000052,-0.176572,0.000030,-0.176542,-0.176542,-0.176542,-0.088271,-0.088271,0,0,1,0,0.000000,0.090000,0.012000,0.001000,4.500000,0.080000,24.000000,0.030000,0.000000
4.689000,0.300000,0.440000,-0.153547,-0.000000,-0.153547,0.068653,0.000000,-0.068653,0.075187,-0.000655,0.076757,0.073397,-0.001791,-0.008007,-0.007352,-0.006179,0.002814,0.000012,-0.008059,0.000052,-0.176447,0.000031,-0.176415,-0.176415,-0.176415,-0.088208,-0.088208,0,0,1,0,0.000000,0.090000,0.012000,0.001000,4.500000,0.080000,24.000000,0.030000,0.000000
4.694000,0.300000,0.440000,-0.153209,-0.000000,-0.153209,0.068594,0.000000,-0.068594,0.075182,-0.000632,0.076757,0.073398,-0.001784,-0.007979,-0.007347,-0.006173,0.002810,0.000012,-0.008029,0.000051,-0.176330,0.000029,-0.176301,-0.176301,-0.176301,-0.088150,-0.088150,0,0,1,0,0.000000,0.090000,0.012000,0.001000,4.500000,0.080000,24.000000,0.030000,0.000000
4.699000,0.300000,0.440000,-0.152872,-0.000000,-0.152872,0.068536,0.000000,-0.068536,0.075182,-0.000632,0.076757,0.073399,-0.001783,-0.007974,-0.007342,-0.006168,0.002806,0.000012,-0.008024,0.000051,-0.176205,0.000031,-0.176173,-0.176173,-0.176173,-0.088087,-0.088087,0,0,1,0,0.000000,0.090000,0.012000,0.001000,4.500000,0.080000,24.000000,0.030000,0.000000
4.704000,0.300000,0.440000,-0.152535,-0.000000,-0.152535,0.068478,0.000000,-0.068478,0.075177,-0.000611,0.076757,0.073400,-0.001777,-0.007946,-0.007336,-0.006163,0.002801,0.000012,-0.007995,0.000049,-0.176054,0.000038,-0.176017,-0.176017,-0.176017,-0.088008,-0.088008,0,0,1,0,0.000000,0.090000,0.012000,0.001000,4.500000,0.080000,24.000000,0.030000,0.000000
4.709000,0.300000,0.440000,-0.152198,-0.000000,-0.152198,0.068419,0.000000,-0.068419,0.075177,-0.000611,0.076757,0.073401,-0.001776,-0.007941,-0.007330,-0.006158,0.002797,0.000012,-0.007990,0.000049,-0.175930,0.000031,-0.175898,-0.175898,-0.175898,-0.087949,-0.087949,0,0,1,0,0.000000,0.090000,0.012000,0.001000,4.500000,0.080000,24.000000,0.030000,0.000000
4.714000,0.300000,0.440000,-0.151862,-0.000000,-0.151862,0.068361,0.000000,-0.068361,0.075172,-0.000593,0.076757,0.073402,-0.001769,-0.007914,-0.007322,-0.006152,0.002793,0.000012,-0.007962,0.000047,-0.175720,0.000052,-0.175668,-0.175668,-0.175668,-0.087834,-0.087834,0,0,1,0,0.000000,0.090000,0.012000,0.001000,4.500000,0.080000,24.000000,0.030000,0.000000
4.723000,0.300000,0.440000,-0.151190,-0.000000,-0.151190,0.068244,0.000000,-0.068244,0.075167,-0.000577,0.076757,0.073404,-0.001763,-0.007885,-0.007308,-0.006142,0.002786,0.000013,-0.007931,0.000046,-0.175391,0.000046,-0.175346,-0.175346,-0.175346,-0.087673,-0.087673,0,0,1,0,0.000000,0.090000,0.012000,0.001000,4.500000,0.080000,24.000000,0.030000,0.000000
4.728000,0.300000,0.440000,-0.150855,-0.000000,-0.150855,0.068186,0.000000,-0.068186,0.075167,-0.000577,0.076757,0.073405,-0.001761,-0.007879,-0.007302,-0.006137,0.002782,0.000012,-0.007925,0.000046,-0.175244,0.000037,-0.175207,-0.175207,-0.175207,-0.087604,-0.087604,0,0,1,0,0.000000,0.090000,0.012000,0.001000,4.500000,0.080000,24.000000,0.030000,0.000000
4.733000,0.300000,0.440000,-0.150519,-0.000000,-0.150519,0.068128,0.000000,-0.068128,0.075161,-0.000565,0.076757,0.073407,-0.001755,-0.007851,-0.007286,-0.006132,0.002778,0.000012,-0.007896,0.000045,-0.174868,0.000094,-0.174774,-0.174774,-0.174774,-0.087387,-0.087387,0,0,1,0,0.000000,0.090000,0.012000,0.001000,4.500000,0.080000,24.000000,0.030000,0.000000
4.738000,0.300000,0.440000,-0.150184,-0.000000,-0.150184,0.068070,0.000000,-0.068070,0.075161,-0.000565,0.076757,0.073408,-0.001753,-0.007845,-0.007280,-0.006126,0.002774,0.000012,-0.007890,0.000045,-0.174729,0.000035,-0.174694,-0.174694,-0.174694,-0.087347,-0.087347,0,0,1,0,0.000000,0.090000,0.012000,0.001000,4.500000,0.080000,24.000000,0.030000,0.000000
4.743000,0.300000,0.440000,-0.149850,-0.000000,-0.149850,0.068012,0.000000,-0.068012,0.075156,-0.000554,0.076757,0.073409,-0.001747,-0.007817,-0.007264,-0.006121,0.002769,0.000012,-0.007862,0.000044,-0.174325,0.000101,-0.174224,-0.174224,-0.174224,-0.087112,-0.087112,0,0,1,0,0.000000,0.090000,0.012000,0.001000,4.500000,0.080000,24.000000,0.030000,0.000000
4.748000,0.300000,0.440000,-0.149515,-0.000000,-0.149515,0.067954,0.000000,-0.067954,0.075156,-0.000554,0.076757,0.073411,-0.001746,-0.007812,-0.007258,-0.006116,0.002765,0.000012,-0.007856,0.000044,-0.174189,0.000034,-0.174155,-0.174155,-0.174155,-0.087078,-0.087078,0,0,1,0,0.000000,0.090000,0.012000,0.001000,4.500000,0.080000,24.000000,0.030000,0.000000
4.753000,0.300000,0.440000,-0.149181,-0.000000,-0.149181,0.067896,0.000000,-0.067896,0.075151,-0.000543,0.076757,0.073412,-0.001740,-0.007784,-0.007242,-0.006111,0.002761,0.000012,-0.007828,0.000043,-0.173800,0.000097,-0.173703,-0.173703,-0.173703,-0.086851,-0.086851,0,0,1,0,0.000000,0.090000,0.012000,0.001000,4.500000,0.080000,24.000000,0.030000,0.000000
4.758000,0.300000,0.440000,-0.148847,-0.000000,-0.148847,0.067838,0.000000,-0.067838,0.075151,-0.000543,0.076757,0.073413,-0.001738,-0.007779,-0.007236,-0.006105,0.002757,0.000012,-0.007822,0.000043,-0.173666,0.000033,-0.173633,-0.173633,-0.173633,-0.086816,-0.086816,0,0,1,0,0.000000,0.090000,0.012000,0.001000,4.500000,0.080000,24.000000,0.030000,0.000000
4.763000,0.300000,0.440000,-0.148514,-0.000000,-0.148514,0.067779,0.000000,-0.067779,0.075146,-0.000530,0.076757,0.073414,-0.001732,-0.007752,-0.007222,-0.006100,0.002753,0.000012,-0.007795,0.000042,-0.173325,0.000085,-0.173240,-0.173240,-0.173240,-0.086620,-0.086620,0,0,1,0,0.000000,0.090000,0.012000,0.001000,4.500000,0.080000,24.000000,0.030000,0.000000
4.768000,0.300000,0.440000,-0.148181,-0.000000,-0.148181,0.067721,0.000000,-0.067721,0.075146,-0.000530,0.076757,0.073415,-0.001731,-0.007747,-0.007216,-0.006095,0.002749,0.000012,-0.007789,0.000042,-0.173192,0.000033,-0.173158,-0.173158,-0.173158,-0.086579,-0.086579,0,0,1,0,0.000000,0.090000,0.012000,0.001000,4.500000,0.080000,24.000000,0.030000,0.000000
4.773000,0.300000,0.440000,-0.147848,-0.000000,-0.147848,0.067662,0.000000,-0.067662,0.075142,-0.000516,0.076757,0.073417,-0.001725,-0.007721,-0.007205,-0.006090,0.002745,0.000012,-0.007763,0.000041,-0.172916,0.000069,-0.172847,-0.172847,-0.172847,-0.086424,-0.086424,0,0,1,0,0.000000,0.090000,0.012000,0.001000,4.500000,0.080000,24.000000,0.030000,0.000000
4.782000,0.300000,0.440000,-0.147183,-0.000000,-0.147183,0.067544,0.000000,-0.067544,0.075137,-0.000501,0.076757,0.073418,-0.001719,-0.007695,-0.007194,-0.006079,0.002738,0.000013,-0.007735,0.000040,-0.172650,0.000037,-0.172613,-0.172613,-0.172613,-0.086307,-0.086307,0,0,1,0,0.000000,0.090000,0.012000,0.001000,4.500000,0.080000,24.000000,0.030000,0.000000
4.787000,0.300000,0.440000,-0.146851,-0.000000,-0.146851,0.067485,0.000000,-0.067485,0.075137,-0.000501,0.076757,0.073420,-0.001717,-0.007688,-0.007187,-0.006074,0.002734,0.000012,-0.007728,0.000040,-0.172488,0.000041,-0.172448,-0.172448,-0.172448,-0.086224,-0.086224,0,0,1,0,0.000000,0.090000,0.012000,0.001000,4.500000,0.080000,24.000000,0.030000,0.000000
4.792000,0.300000,0.440000,-0.146520,-0.000000,-0.146520,0.067425,0.000000,-0.067425,0.075133,-0.000485,0.076757,0.073421,-0.001712,-0.007663,-0.007178,-0.006068,0.002730,0.000012,-0.007702,0.000039,-0.172280,0.000052,-0.172228,-0.172228,-0.172228,-0.086114,-0.086114,0,0,1,0,0.000000,0.090000,0.012000,0.001000,4.500000,0.080000,24.000000,0.030000,0.000000
4.797000,0.300000,0.440000,-0.146188,-0.000000,-0.146188,0.067366,0.000000,-0.067366,0.075133,-0.000485,0.076757,0.073423,-0.001710,-0.007657,-0.007172,-0.006063,0.002726,0.000012,-0.007696,0.000039,-0.172123,0.000039,-0.172084,-0.172084,-0.172084,-0.086042,-0.086042,0,0,1,0,0.000000,0.090000,0.012000,0.001000,4.500000,0.080000,24.000000,0.030000,0.000000
4.802000,0.300000,0.440000,-0.145857,-0.000000,-0.145857,0.067306,0.000000,-0.067306,0.075129,-0.000469,0.076757,0.073424,-0.001705,-0.007633,-0.007164,-0.006058,0.002722,0.000012,-0.007671,0.000038,-0.171940,0.000046,-0.171894,-0.171894,-0.171894,-0.085947,-0.085947,0,0,1,0,0.000000,0.090000,0.012000,0.001000,4.500000,0.080000,24.000000,0.030000,0.000000
4.807000,0.300000,0.440000,-0.145527,-0.000000,-0.145527,0.067246,0.000000,-0.067246,0.075129,-0.000469,0.076757,0.073426,-0.001703,-0.007627,-0.007158,-0.006052,0.002718,0.000012,-0.007664,0.000038,-0.171786,0.000038,-0.171748,-0.171748,-0.171748,-0.085874,-0.085874,0,0,1,0,0.000000,0.090000,0.012000,0.001000,4.500000,0.080000,24.000000,0.030000,0.000000
4.812000,0.300000,0.440000,-0.145196,-0.000000,-0.145196,0.067187,0.000000,-0.067187,0.075125,-0.000453,0.076757,0.073427,-0.001698,-0.007604,-0.007151,-0.006047,0.002714,0.000012,-0.007640,0.000036,-0.171615,0.000043,-0.171572,-0.171572,-0.171572,-0.085786,-0.085786,0,0,1,0,0.000000,0.090000,0.012000,0.001000,4.500000,0.080000,24.000000,0.030000,0.000000
4.817000,0.300000,0.440000,-0.144866,-0.000000,-0.144866,0.067127,0.000000,-0.067127,0.075125,-0.000453,0.076757,0.073429,-0.001696,-0.007598,-0.007144,-0.006041,0.002710,0.000012,-0.007634,0.000036,-0.171462,0.000038,-0.171424,-0.171424,-0.171424,-0.085712,-0.085712,0,0,1,0,0.000000,0.090000,0.012000,0.001000,4.500000,0.080000,24.000000,0.030000,0.000000
4.822000,0.300000,0.440000,-0.144537,-0.000000,-0.144537,0.067067,0.000000,-0.067067,0.075121,-0.000438,0.076757,0.073430,-0.001691,-0.007575,-0.007137,-0.006036,0.002705,0.000012,-0.007610,0.000035,-0.171286,0.000044,-0.171242,-0.171242,-0.171242,-0.085621,-0.085621,0,0,1,0,0.000000,0.090000,0.012000,0.001000,4.500000,0.080000,24.000000,0.030000,0.000000
4.831000,0.300000,0.440000,-0.143878,-0.000000,-0.143878,0.066947,0.000000,-0.066947,0.075118,-0.000425,0.076757,0.073432,-0.001686,-0.007551,-0.007126,-0.006025,0.002698,0.000013,-0.007585,0.000034,-0.171035,0.000035,-0.171000,-0.171000,-0.171000,-0.085500,-0.085500,0,0,1,0,0.000000,0.090000,0.012000,0.001000,4.500000,0.080000,24.000000,0.030000,0.000000
4.836000,0.300000,0.440000,-0.143549,-0.000000,-0.143549,0.066887,0.000000,-0.066887,0.075118,-0.000425,0.076757,0.073434,-0.001684,-0.007544,-0.007119,-0.006020,0.002694,0.000012,-0.007578,0.000034,-0.170858,0.000044,-0.170813,-0.170813,-0.170813,-0.085407,-0.085407,0,0,1,0,0.000000,0.090000,0.012000,0.001000,4.500000,0.080000,24.000000,0.030000,0.000000
4.841000,0.300000,0.440000,-0.143221,-0.000000,-0.143221,0.066827,0.000000,-0.066827,0.075114,-0.000413,0.076757,0.073435,-0.001679,-0.007521,-0.007108,-0.006014,0.002690,0.000012,-0.007554,0.000033,-0.170586,0.000068,-0.170518,-0.170518,-0.170518,-0.085259,-0.085259,0,0,1,0,0.000000,0.090000,0.012000,0.001000,4.500000,0.080000,24.000000,0.030000,0.000000
4.846000,0.300000,0.440000,-0.142892,-0.000000,-0.142892,0.066768,0.000000,-0.066768,0.075114,-0.000413,0.076757,0.073437,-0.001677,-0.007514,-0.007101,-0.006009,0.002686,0.000012,-0.007547,0.000033,-0.170417,0.000042,-0.170375,-0.170375,-0.170375,-0.085187,-0.085187,0,0,1,0,0.000000,0.090000,0.012000,0.001000,4.500000,0.080000,24.000000,0.030000,0.000000
4.851000,0.300000,0.440000,-0.142564,-0.000000,-0.142564,0.066708,0.000000,-0.066708,0.075110,-0.000403,0.076757,0.073438,-0.001672,-0.007492,-0.007088,-0.006004,0.002682,0.000012,-0.007524,0.000032,-0.170123,0.000073,-0.170050,-0.170050,-0.170050,-0.085025,-0.085025,0,0,1,0,0.000000,0.090000,0.012000,0.001000,4.500000,0.080000,24.000000,0.030000,0.000000
4.856000,0.300000,0.440000,-0.142237,-0.000000,-0.142237,0.066648,0.000000,-0.066648,0.075110,-0.000403,0.076757,0.073440,-0.001670,-0.007485,-0.007082,-0.005998,0.002678,0.000012,-0.007517,0.000032,-0.169960,0.000041,-0.169919,-0.169919,-0.169919,-0.084959,-0.084959,0,0,1,0,0.000000,0.090000,0.012000,0.001000,4.500000,0.080000,24.000000,0.030000,0.000000
4.861000,0.300000,0.440000,-0.141909,-0.000000,-0.141909,0.066588,0.000000,-0.066588,0.075107,-0.000393,0.076757,0.073441,-0.001665,-0.007463,-0.007069,-0.005993,0.002674,0.000012,-0.007494,0.000031,-0.169667,0.000073,-0.169594,-0.169594,-0.169594,-0.084797,-0.084797,0,0,1,0,0.000000,0.090000,0.012000,0.001000,4.500000,0.080000,24.000000,0.030000,0.000000
4.866000,0.300000,0.440000,-0.141582,-0.000000,-0.141582,0.066528,0.000000,-0.066528,0.075107,-0.000393,0.076757,0.073443,-0.001664,-0.007456,-0.007063,-0.005988,0.002670,0.000012,-0.007488,0.000031,-0.169507,0.000040,-0.169467,-0.169467,-0.169467,-0.084734,-0.084734,0,0,1,0,0.000000,0.090000,0.012000,0.001000,4.500000,0.080000,24.000000,0.030000,0.000000
4.871000,0.300000,0.440000,-0.141255,-0.000000,-0.141255,0.066468,0.000000,-0.066468,0.075103,-0.000383,0.076757,0.073444,-0.001659,-0.007435,-0.007051,-0.005982,0.002666,0.000012,-0.007465,0.000031,-0.169235,0.000068,-0.169167,-0.169167,-0.169167,-0.084583,-0.084583,0,0,1,0,0.000000,0.090000,0.012000,0.001000,4.500000,0.080000,24.000000,0.030000,0.000000
4.876000,0.300000,0.440000,-0.141255,-0.000000,-0.141255,0.066468,0.000000,-0.066468,0.075103,-0.000383,0.076757,0.073443,-0.001660,-0.007440,-0.007057,-0.005982,0.002662,0.000000,-0.007471,0.000031,-0.169358,-0.000031,-0.169389,-0.169389,-0.169389,-0.084695,-0.084695,0,0,1,0,0.000000,0.090000,0.012000,0.001000,4.500000,0.080000,24.000000,0.030000,0.000000
4.881000,0.300000,0.440000,-0.140603,-0.000000,-0.140603,0.066348,0.000000,-0.066348,0.075100,-0.000373,0.076757,0.073447,-0.001653,-0.007409,-0.007037,-0.005971,0.002658,0.000024,-0.007439,0.000030,-0.168881,0.000119,-0.168761,-0.168761,-0.168761,-0.084381,-0.084381,0,0,1,0,0.000000,0.090000,0.012000,0.001000,4.500000,0.080000,24.000000,0.030000,0.000000
4.886000,0.300000,0.440000,-0.140277,-0.000000,-0.140277,0.066288,0.000000,-0.066288,0.075100,-0.000373,0.076757,0.073448,-0.001652,-0.007402,-0.007030,-0.005966,0.002654,0.000012,-0.007432,0.000030,-0.168716,0.000041,-0.168675,-0.168675,-0.168675,-0.084338,-0.084338,0,0,1,0,0.000000,0.090000,0.012000,0.001000,4.500000,0.080000,24.000000,0.030000,0.000000
4.895000,0.300000,0.440000,-0.139951,-0.000000,-0.139951,0.066228,0.000000,-0.066228,0.075097,-0.000363,0.076757,0.073449,-0.001648,-0.007388,-0.007025,-0.005960,0.002647,0.000007,-0.007417,0.000029,-0.168600,0.000016,-0.168584,-0.168584,-0.168584,-0.084292,-0.084292,0,0,1,0,0.000000,0.090000,0.012000,0.001000,4.500000,0.080000,24.000000,0.030000,0.000000
4.900000,0.300000,0.440000,-0.139626,-0.000000,-0.139626,0.066167,0.000000,-0.066167,0.075097,-0.000363,0.076757,0.073450,-0.001647,-0.007382,-0.007019,-0.005955,0.002643,0.000012,-0.007411,0.000029,-0.168467,0.000033,-0.168434,-0.168434,-0.168434,-0.084217,-0.084217,0,0,1,0,0.000000,0.090000,0.012000,0.001000,4.500000,0.080000,24.000000,0.030000,0.000000
4.905000,0.300000,0.440000,-0.139301,-0.000000,-0.139301,0.066107,0.000000,-0.066107,0.075094,-0.000353,0.076757,0.073451,-0.001643,-0.007363,-0.007010,-0.005950,0.002639,0.000012,-0.007391,0.000028,-0.168241,0.000057,-0.168184,-0.168184,-0.168184,-0.084092,-0.084092,0,0,1,0,0.000000,0.090000,0.012000,0.001000,4.500000,0.080000,24.000000,0.030000,0.000000
4.910000,0.300000,0.440000,-0.138977,-0.000000,-0.138977,0.066047,0.000000,-0.066047,0.075094,-0.000353,0.076757,0.073452,-0.001641,-0.007357,-0.007004,-0.005944,0.002635,0.000012,-0.007385,0.000028,-0.168102,0.000035,-0.168067,-0.168067,-0.168067,-0.084033,-0.084033,0,0,1,0,0.000000,0.090000,0.012000,0.001000,4.500000,0.080000,24.000000,0.030000,0.000000
4.915000,0.300000,0.440000,-0.138652,-0.000000,-0.138652,0.065987,0.000000,-0.065987,0.075090,-0.000344,0.076757,0.073454,-0.001637,-0.007338,-0.006994,-0.005939,0.002631,0.000012,-0.007366,0.000028,-0.167844,0.000064,-0.167780,-0.167780,-0.167780,-0.083890,-0.083890,0,0,1,0,0.000000,0.090000,0.012000,0.001000,4.500000,0.080000,24.000000,0.030000,0.000000
4.920000,0.300000,0.440000,-0.138328,-0.000000,-0.138328,0.065926,0.000000,-0.065926,0.075090,-0.000344,0.076757,0.073455,-0.001635,-0.007332,-0.006987,-0.005933,0.002627,0.000012,-0.007360,0.000028,-0.167699,0.000036,-0.167663,-0.167663,-0.167663,-0.083832,-0.083832,0,0,1,0,0.000000,0.090000,0.012000,0.001000,4.500000,0.080000,24.000000,0.030000,0.000000
4.925000,0.300000,0.440000,-0.138005,-0.000000,-0.138005,0.065866,0.000000,-0.065866,0.075087,-0.000336,0.076757,0.073456,-0.001631,-0.007313,-0.006977,-0.005928,0.002623,0.000012,-0.007340,0.000027,-0.167439,0.000065,-0.167374,-0.167374,-0.167374,-0.083687,-0.083687,0,0,1,0,0.000000,0.090000,0.012000,0.001000,4.500000,0.080000,24.000000,0.030000,0.000000
4.930000,0.300000,0.440000,-0.137681,-0.000000,-0.137681,0.065805,0.000000,-0.065805,0.075087,-0.000336,0.076757,0.073458,-0.001630,-0.007307,-0.006970,-0.005922,0.002619,0.000012,-0.007333,0.000027,-0.167289,0.000037,-0.167252,-0.167252,-0.167252,-0.083626,-0.083626,0,0,1,0,0.000000,0.090000,0.012000,0.001000,4.500000,0.080000,24.000000,0.030000,0.000000
4.939000,0.300000,0.440000,-0.137035,-0.000000,-0.137035,0.065684,0.000000,-0.065684,0.075084,-0.000328,0.076757,0.073460,-0.001625,-0.007285,-0.006957,-0.005912,0.002612,0.000013,-0.007311,0.000026,-0.166975,0.000044,-0.166931,-0.166931,-0.166931,-0.083466,-0.083466,0,0,1,0,0.000000,0.090000,0.012000,0.001000,4.500000,0.080000,24.000000,0.030000,0.000000
4.944000,0.300000,0.440000,-0.136713,-0.000000,-0.136713,0.065624,0.000000,-0.065624,0.075082,-0.000320,0.076757,0.073461,-0.001620,-0.007265,-0.006945,-0.005906,0.002608,0.000012,-0.007291,0.000026,-0.166672,0.000076,-0.166597,-0.166597,-0.166597,-0.083298,-0.083298,0,0,1,0,0.000000,0.090000,0.012000,0.001000,4.500000,0.080000,24.000000,0.030000,0.000000
4.949000,0.300000,0.440000,-0.136391,-0.000000,-0.136391,0.065564,0.000000,-0.065564,0.075082,-0.000320,0.076757,0.073463,-0.001619,-0.007258,-0.006937,-0.005901,0.002604,0.000012,-0.007283,0.000026,-0.166494,0.000045,-0.166449,-0.166449,-0.166449,-0.083224,-0.083224,0,0,1,0,0.000000,0.090000,0.012000,0.001000,4.500000,0.080000,24.000000,0.030000,0.000000
4.954000,0.300000,0.440000,-0.136069,-0.000000,-0.136069,0.065503,0.000000,-0.065503,0.075079,-0.000313,0.076757,0.073465,-0.001614,-0.007238,-0.006925,-0.005895,0.002601,0.000012,-0.007263,0.000025,-0.166204,0.000072,-0.166132,-0.166132,-0.166132,-0.083066,-0.083066,0,0,1,0,0.000000,0.090000,0.012000,0.001000,4.500000,0.080000,24.000000,0.030000,0.000000
4.959000,0.300000,0.440000,-0.135747,-0.000000,-0.135747,0.065442,0.000000,-0.065442,0.075079,-0.000313,0.076757,0.073466,-0.001612,-0.007231,-0.006918,-0.005890,0.002597,0.000012,-0.007256,0.000025,-0.166029,0.000044,-0.165985,-0.165985,-0.165985,-0.082993,-0.082993,0,0,1,0,0.000000,0.090000,0.012000,0.001000,4.500000,0.080000,24.000000,0.030000,0.000000
4.964000,0.300000,0.440000,-0.135426,-0.000000,-0.135426,0.065382,0.000000,-0.065382,0.075076,-0.000305,0.076757,0.073468,-0.001608,-0.007212,-0.006907,-0.005884,0.002593,0.000012,-0.007236,0.000024,-0.165777,0.000063,-0.165713,-0.165713,-0.165713,-0.082857,-0.082857,0,0,1,0,0.000000,0.090000,0.012000,0.001000,4.500000,0.080000,24.000000,0.030000,0.000000
4.969000,0.300000,0.440000,-0.135105,-0.000000,-0.135105,0.065321,0.000000,-0.065321,0.075076,-0.000305,0.076757,0.073469,-0.001606,-0.007205,-0.006900,-0.005879,0.002589,0.000012,-0.007229,0.000024,-0.165603,0.000043,-0.165559,-0.165559,-0.165559,-0.082780,-0.082780,0,0,1,0,0.000000,0.090000,0.012000,0.001000,4.500000,0.080000,24.000000,0.030000,0.000000
4.974000,0.300000,0.440000,-0.134784,-0.000000,-0.134784,0.065260,0.000000,-0.065260,0.075073,-0.000295,0.076757,0.073471,-0.001602,-0.007186,-0.006891,-0.005873,0.002585,0.000012,-0.007210,0.000024,-0.165396,0.000052,-0.165344,-0.165344,-0.165344,-0.082672,-0.082672,0,0,1,0,0.000000,0.090000,0.012000,0.001000,4.500000,0.080000,24.000000,0.030000,0.000000
4.979000,0.300000,0.440000,-0.134464,-0.000000,-0.134464,0.065199,0.000000,-0.065199,0.075073,-0.000295,0.076757,0.073473,-0.001601,-0.007179,-0.006884,-0.005868,0.002581,0.000012,-0.007203,0.000024,-0.165222,0.000043,-0.165178,-0.165178,-0.165178,-0.082589,-0.082589,0,0,1,0,0.000000,0.090000,0.012000,0.001000,4.500000,0.080000,24.000000,0.030000,0.000000
4.984000,0.300000,0.440000,-0.134144,-0.000000,-0.134144,0.065137,0.000000,-0.065137,0.075071,-0.000284,0.076757,0.073474,-0.001597,-0.007162,-0.006877,-0.005862,0.002577,0.000012,-0.007184,0.000023,-0.165057,0.000041,-0.165016,-0.165016,-0.165016,-0.082508,-0.082508,0,0,1,0,0.000000,0.090000,0.012000,0.001000,4.500000,0.080000,24.000000,0.030000,0.000000
4.989000,0.300000,0.440000,-0.133824,-0.000000,-0.133824,0.065076,0.000000,-0.065076,0.075071,-0.000284,0.076757,0.073476,-0.001595,-0.007154,-0.006870,-0.005857,0.002573,0.000012,-0.007177,0.000023,-0.164882,0.000044,-0.164839,-0.164839,-0.164839,-0.082419,-0.082419,0,0,1,0,0.000000,0.090000,0.012000,0.001000,4.500000,0.080000,24.000000,0.030000,0.000000
4.998000,0.300000,0.440000,-0.133186,-0.000000,-0.133186,0.064953,0.000000,-0.064953,0.075069,-0.000273,0.076757,0.073478,-0.001590,-0.007135,-0.006862,-0.005846,0.002566,0.000014,-0.007157,0.000022,-0.164684,0.000028,-0.164657,-0.164657,-0.164657,-0.082328,-0.082328,0,0,1,0,0.000000,0.090000,0.012000,0.001000,4.500000,0.080000,24.000000,0.030000,0.000000
5.003000,0.300000,0.440000,-0.132867,-0.000000,-0.132867,0.064892,0.000000,-0.064892,0.075066,-0.000263,0.076757,0.073480,-0.001586,-0.007117,-0.006855,-0.005840,0.002562,0.000012,-0.007138,0.000021,-0.164513,0.000043,-0.164470,-0.164470,-0.164470,-0.082235,-0.082235,0,0,1,0,0.000000,0.090000,0.012000,0.001000,4.500000,0.080000,24.000000,0.030000,0.000000
5.008000,0.300000,0.440000,-0.132549,-0.000000,-0.132549,0.064830,0.000000,-0.064830,0.075066,-0.000263,0.076757,0.073482,-0.001584,-0.007109,-0.006846,-0.005835,0.002558,0.000012,-0.007130,0.000021,-0.164312,0.000050,-0.164261,-0.164261,-0.164261,-0.082131,-0.082131,0,0,1,0,0.000000,0.090000,0.012000,0.001000,4.500000,0.080000,24.000000,0.030000,0.000000
5.013000,0.300000,0.440000,-0.132231,-0.000000,-0.132231,0.064769,0.000000,-0.064769,0.075064,-0.000254,0.076757,0.073484,-0.001580,-0.007092,-0.006838,-0.005829,0.002554,0.000012,-0.007112,0.000020,-0.164117,0.000049,-0.164068,-0.164068,-0.164068,-0.082034,-0.082034,0,0,1,0,0.000000,0.090000,0.012000,0.001000,4.500000,0.080000,24.000000,0.030000,0.000000
5.018000,0.300000,0.440000,-0.131913,-0.000000,-0.131913,0.064707,0.000000,-0.064707,0.075064,-0.000254,0.076757,0.073486,-0.001579,-0.007084,-0.006830,-0.005824,0.002551,0.000012,-0.007104,0.000020,-0.163922,0.000049,-0.163874,-0.163874,-0.163874,-0.081937,-0.081937,0,0,1,0,0.000000,0.090000,0.012000,0.001000,4.500000,0.080000,24.000000,0.030000,0.000000
5.023000,0.300000,0.440000,-0.131595,-0.000000,-0.131595,0.064646,0.000000,-0.064646,0.075062,-0.000245,0.076757,0.073487,-0.001575,-0.007067,-0.006821,-0.005818,0.002547,0.000012,-0.007086,0.000020,-0.163715,0.000052,-0.163663,-0.163663,-0.163663,-0.081831,-0.081831,0,0,1,0,0.000000,0.090000,0.012000,0.001000,4.500000,0.080000,24.000000,0.030000,0.000000
5.028000,0.300000,0.440000,-0.131278,-0.000000,-0.131278,0.064584,0.000000,-0.064584,0.075062,-0.000245,0.076757,0.073489,-0.001573,-0.007059,-0.006814,-0.005813,0.002543,0.000012,-0.007079,0.000020,-0.163525,0.000048,-0.163477,-0.163477,-0.163477,-0.081739,-0.081739,0,0,1,0,0.000000,0.090000,0.012000,0.001000,4.500000,0.080000,24.000000,0.030000,0.000000
5.033000,0.300000,0.440000,-0.130961,-0.000000,-0.130961,0.064523,0.000000,-0.064523,0.075060,-0.000238,0.076757,0.073491,-0.001569,-0.007042,-0.006805,-0.005807,0.002539,0.000012,-0.007061,0.000019,-0.163312,0.000053,-0.163259,-0.163259,-0.163259,-0.081630,-0.081630,0,0,1,0,0.000000,0.090000,0.012000,0.001000,4.500000,0.080000,24.000000,0.030000,0.000000
5.038000,0.300000,0.440000,-0.130645,-0.000000,-0.130645,0.064461,0.000000,-0.064461,0.075060,-0.000238,0.076757,0.073493,-0.001567,-0.007035,-0.006797,-0.005802,0.002535,0.000012,-0.007054,0.000019,-0.163125,0.000047,-0.163078,-0.163078,-0.163078,-0.081539,-0.081539,0,0,1,0,0.000000,0.090000,0.012000,0.001000,4.500000,0.080000,24.000000,0.030000,0.000000
5.043000,0.300000,0.440000,-0.130328,-0.000000,-0.130328,0.064400,0.000000,-0.064400,0.075058,-0.000230,0.076757,0.073494,-0.001564,-0.007018,-0.006788,-0.005796,0.002531,0.000012,-0.007037,0.000018,-0.162916,0.000052,-0.162863,-0.162863,-0.162863,-0.081432,-0.081432,0,0,1,0,0.000000,0.090000,0.012000,0.001000,4.500000,0.080000,24.000000,0.030000,0.000000
5.048000,0.300000,0.440000,-0.130012,-0.000000,-0.130012,0.064338,0.000000,-0.064338,0.075058,-0.000230,0.076757,0.073496,-0.001562,-0.007011,-0.006780,-0.005790,0.002527,0.000012,-0.007029,0.000018,-0.162730,0.000046,-0.162684,-0.162684,-0.162684,-0.081342,-0.081342,0,0,1,0,0.000000,0.090000,0.012000,0.001000,4.500000,0.080000,24.000000,0.030000,0.000000
5.057000,0.300000,0.440000,-0.129381,-0.000000,-0.129381,0.064215,0.000000,-0.064215,0.075056,-0.000223,0.076757,0.073498,-0.001558,-0.006992,-0.006769,-0.005779,0.002520,0.000014,-0.007010,0.000018,-0.162467,0.000036,-0.162431,-0.162431,-0.162431,-0.081215,-0.081215,0,0,1,0,0.000000,0.090000,0.012000,0.001000,4.500000,0.080000,24.000000,0.030000,0.000000
5.062000,0.300000,0.440000,-0.129066,-0.000000,-0.129066,0.064153,0.000000,-0.064153,0.075054,-0.000216,0.076757,0.073500,-0.001554,-0.006975,-0.006759,-0.005774,0.002517,0.000012,-0.006993,0.000017,-0.162224,0.000061,-0.162163,-0.162163,-0.162163,-0.081082,-0.081082,0,0,1,0,0.000000,0.090000,0.012000,0.001000,4.500000,0.080000,24.000000,0.030000,0.000000
5.067000,0.300000,0.440000,-0.128751,-0.000000,-0.128751,0.064092,0.000000,-0.064092,0.075054,-0.000216,0.076757,0.073502,-0.001552,-0.006966,-0.006751,-0.005768,0.002513,0.000012,-0.006984,0.000017,-0.162014,0.000053,-0.161961,-0.161961,-0.161961,-0.080980,-0.080980,0,0,1,0,0.000000,0.090000,0.012000,0.001000,4.500000,0.080000,24.000000,0.030000,0.000000
5.072000,0.300000,0.440000,-0.128437,-0.000000,-0.128437,0.064030,0.000000,-0.064030,0.075052,-0.000210,0.076757,0.073504,-0.001548,-0.006950,-0.006740,-0.005763,0.002509,0.000012,-0.006967,0.000017,-0.161770,0.000061,-0.161709,-0.161709,-0.161709,-0.080854,-0.080854,0,0,1,0,0.000000,0.090000,0.012000,0.001000,4.500000,0.080000,24.000000,0.030000,0.000000
5.077000,0.300000,0.440000,-0.128123,-0.000000,-0.128123,0.063969,0.000000,-0.063969,0.075052,-0.000210,0.076757,0.073506,-0.001546,-0.006942,-0.006732,-0.005757,0.002505,0.000012,-0.006958,0.000017,-0.161566,0.000051,-0.161515,-0.161515,-0.161515,-0.080758,-0.080758,0,0,1,0,0.000000,0.090000,0.012000,0.001000,4.500000,0.080000,24.000000,0.030000,0.000000
5.082000,0.300000,0.440000,-0.127809,-0.000000,-0.127809,0.063907,0.000000,-0.063907,0.075051,-0.000203,0.076757,0.073508,-0.001543,-0.006926,-0.006723,-0.005752,0.002501,0.000012,-0.006942,0.000016,-0.161344,0.000055,-0.161289,-0.161289,-0.161289,-0.080644,-0.080644,0,0,1,0,0.000000,0.090000,0.012000,0.001000,4.500000,0.080000,24.000000,0.030000,0.000000
5.087000,0.300000,0.440000,-0.127496,-0.000000,-0.127496,0.063845,0.000000,-0.063845,0.075051,-0.000203,0.076757,0.073510,-0.001541,-0.006917,-0.006714,-0.005746,0.002497,0.000012,-0.006934,0.000016,-0.161145,0.000050,-0.161095,-0.161095,-0.161095,-0.080548,-0.080548,0,0,1,0,0.000000,0.090000,0.012000,0.001000,4.500000,0.080000,24.000000,0.030000,0.000000
5.092000,0.300000,0.440000,-0.127183,-0.000000,-0.127183,0.063783,0.000000,-0.063783,0.075049,-0.000196,0.076757,0.073512,-0.001537,-0.006902,-0.006707,-0.005741,0.002494,0.000012,-0.006918,0.000016,-0.160957,0.000047,-0.160910,-0.160910,-0.160910,-0.080455,-0.080455,0,0,1,0,0.000000,0.090000,0.012000,0.001000,4.500000,0.080000,24.000000,0.030000,0.000000
5.097000,0.300000,0.440000,-0.126870,-0.000000,-0.126870,0.063721,0.000000,-0.063721,0.075049,-0.000196,0.076757,0.073513,-0.001535,-0.006894,-0.006698,-0.005735,0.002490,0.000012,-0.006910,0.000016,-0.160760,0.000049,-0.160711,-0.160711,-0.160711,-0.080355,-0.080355,0,0,1,0,0.000000,0.090000,0.012000,0.001000,4.500000,0.080000,24.000000,0.030000,0.000000
5.106000,0.300000,0.440000,-0.126245,-0.000000,-0.126245,0.063597,0.000000,-0.063597,0.075047,-0.000187,0.076757,0.073516,-0.001531,-0.006877,-0.006689,-0.005724,0.002483,0.000014,-0.006892,0.000015,-0.160542,0.000030,-0.160511,-0.160511,-0.160511,-0.080256,-0.080256,0,0,1,0,0.000000,0.090000,0.012000,0.001000,4.500000,0.080000,24.000000,0.030000,0.000000
5.111000,0.300000,0.440000,-0.125933,-0.000000,-0.125933,0.063535,0.000000,-0.063535,0.075046,-0.000179,0.076757,0.073518,-0.001528,-0.006861,-0.006682,-0.005718,0.002479,0.000012,-0.006876,0.000014,-0.160364,0.000044,-0.160320,-0.160320,-0.160320,-0.080160,-0.080160,0,0,1,0,0.000000,0.090000,0.012000,0.001000,4.500000,0.080000,24.000000,0.030000,0.000000
5.116000,0.300000,0.440000,-0.125621,-0.000000,-0.125621,0.063473,0.000000,-0.063473,0.075046,-0.000179,0.076757,0.073520,-0.001526,-0.006852,-0.006673,-0.005713,0.002475,0.000012,-0.006866,0.000014,-0.160142,0.000055,-0.160087,-0.160087,-0.160087,-0.080043,-0.080043,0,0,1,0,0.000000,0.090000,0.012000,0.001000,4.500000,0.080000,24.000000,0.030000,0.000000
5.121000,0.300000,0.440000,-0.125310,-0.000000,-0.125310,0.063411,0.000000,-0.063411,0.075044,-0.000172,0.076757,0.073522,-0.001522,-0.006837,-0.006665,-0.005707,0.002471,0.000012,-0.006851,0.000014,-0.159960,0.000046,-0.159914,-0.159914,-0.159914,-0.079957,-0.079957,0,0,1,0,0.000000,0.090000,0.012000,0.001000,4.500000,0.080000,24.000000,0.030000,0.000000
5.126000,0.300000,0.440000,-0.124999,-0.000000,-0.124999,0.063349,0.000000,-0.063349,0.075044,-0.000172,0.076757,0.073524,-0.001520,-0.006828,-0.006656,-0.005701,0.002468,0.000012,-0.006842,0.000014,-0.159746,0.000053,-0.159692,-0.159692,-0.159692,-0.079846,-0.079846,0,0,1,0,0.000000,0.090000,0.012000,0.001000,4.500000,0.080000,24.000000,0.030000,0.000000
5.131000,0.300000,0.440000,-0.124688,-0.000000,-0.124688,0.063287,0.000000,-0.063287,0.075043,-0.000165,0.076757,0.073526,-0.001517,-0.006814,-0.006649,-0.005696,0.002464,0.000012,-0.006827,0.000013,-0.159570,0.000044,-0.159526,-0.159526,-0.159526,-0.079763,-0.079763,0,0,1,0,0.000000,0.090000,0.012000,0.001000,4.500000,0.080000,24.000000,0.030000,0.000000
5.136000,0.300000,0.440000,-0.124378,-0.000000,-0.124378,0.063225,0.000000,-0.063225,0.075043,-0.000165,0.076757,0.073528,-0.001515,-0.006805,-0.006640,-0.005690,0.002460,0.000012,-0.006818,0.000013,-0.159362,0.000052,-0.159310,-0.159310,-0.159310,-0.079655,-0.079655,0,0,1,0,0.000000,0.090000,0.012000,0.001000,4.500000,0.080000,24.000000,0.030000,0.000000
5.141000,0.300000,0.440000,-0.124068,-0.000000,-0.124068,0.063163,0.000000,-0.063163,0.075042,-0.000158,0.076757,0.073530,-0.001512,-0.006791,-0.006633,-0.005685,0.002456,0.000012,-0.006804,0.000013,-0.159197,0.000041,-0.159156,-0.159156,-0.159156,-0.079578,-0.079578,0,0,1,0,0.000000,0.090000,0.012000,0.001000,4.500000,0.080000,24.000000,0.030000,0.000000
5.146000,0.300000,0.440000,-0.123758,-0.000000,-0.123758,0.063100,0.000000,-0.063100,0.075042,-0.000158,0.076757,0.073532,-0.001510,-0.006783,-0.006625,-0.005679,0.002452,0.000012,-0.006795,0.000013,-0.158992,0.000051,-0.158940,-0.158940,-0.158940,-0.079470,-0.079470,0,0,1,0,0.000000,0.090000,0.012000,0.001000,4.500000,0.080000,24.000000,0.030000,0.000000
5.151000,0.300000,0.440000,-0.123449,-0.000000,-0.123449,0.063038,0.000000,-0.063038,0.075040,-0.000151,0.076757,0.073534,-0.001507,-0.006769,-0.006618,-0.005673,0.002449,0.000012,-0.006781,0.000012,-0.158838,0.000038,-0.158799,-0.158799,-0.158799,-0.079400,-0.079400,0,0,1,0,0.000000,0.090000,0.012000,0.001000,4.500000,0.080000,24.000000,0.030000,0.000000
5.156000,0.300000,0.440000,-0.123140,-0.000000,-0.123140,0.062976,0.000000,-0.062976,0.075040,-0.000151,0.076757,0.073535,-0.001505,-0.006761,-0.006610,-0.005668,0.002445,0.000012,-0.006773,0.000012,-0.158635,0.000051,-0.158584,-0.158584,-0.158584,-0.079292,-0.079292,0,0,1,0,0.000000,0.090000,0.012000,0.001000,4.500000,0.080000,24.000000,0.030000,0.000000
5.161000,0.300000,0.440000,-0.122831,-0.000000,-0.122831,0.062914,0.000000,-0.062914,0.075039,-0.000144,0.076757,0.073537,-0.001502,-0.006748,-0.006604,-0.005662,0.002441,0.000012,-0.006759,0.000012,-0.158488,0.000037,-0.158452,-0.158452,-0.158452,-0.079226,-0.079226,0,0,1,0,0.000000,0.090000,0.012000,0.001000,4.500000,0.080000,24.000000,0.030000,0.000000
5.166000,0.300000,0.440000,-0.122831,-0.000000,-0.122831,0.062914,0.000000,-0.062914,0.075039,-0.000144,0.076757,0.073536,-0.001503,-0.006751,-0.006607,-0.005662,0.002437,0.000000,-0.006763,0.000012,-0.158579,-0.000023,-0.158602,-0.158602,-0.158602,-0.079301,-0.079301,0,0,1,0,0.000000,0.090000,0.012000,0.001000,4.500000,0.080000,24.000000,0.030000,0.000000
5.171000,0.300000,0.440000,-0.122523,-0.000000,-0.122523,0.062851,0.000000,-0.062851,0.075038,-0.000137,0.076757,0.073538,-0.001500,-0.006741,-0.006603,-0.005657,0.002434,0.000012,-0.006752,0.000011,-0.158482,0.000024,-0.158458,-0.158458,-0.158458,-0.079229,-0.079229,0,0,1,0,0.000000,0.090000,0.012000,0.001000,4.500000,0.080000,24.000000,0.030000,0.000000
5.180000,0.300000,0.440000,-0.121907,-0.000000,-0.121907,0.062727,0.000000,-0.062727,0.075037,-0.000134,0.076757,0.073540,-0.001497,-0.006726,-0.006593,-0.005645,0.002427,0.000014,-0.006737,0.000011,-0.158224,0.000036,-0.158188,-0.158188,-0.158188,-0.079094,-0.079094,0,0,1,0,0.000000,0.090000,0.012000,0.001000,4.500000,0.080000,24.000000,0.030000,0.000000
5.185000,0.300000,0.440000,-0.121599,-0.000000,-0.121599,0.062665,0.000000,-0.062665,0.075037,-0.000134,0.076757,0.073542,-0.001495,-0.006718,-0.006584,-0.005640,0.002423,0.000012,-0.006729,0.000011,-0.158026,0.000049,-0.157977,-0.157977,-0.157977,-0.078988,-0.078988,0,0,1,0,0.000000,0.090000,0.012000,0.001000,4.500000,0.080000,24.000000,0.030000,0.000000
5.190000,0.300000,0.440000,-0.121292,-0.000000,-0.121292,0.062603,0.000000,-0.062603,0.075037,-0.000134,0.076757,0.073544,-0.001493,-0.006710,-0.006576,-0.005634,0.002419,0.000012,-0.006721,0.000011,-0.157830,0.000049,-0.157781,-0.157781,-0.157781,-0.078891,-0.078891,0,0,1,0,0.000000,0.090000,0.012000,0.001000,4.500000,0.080000,24.000000,0.030000,0.000000
5.195000,0.300000,0.440000,-0.120985,-0.000000,-0.120985,0.062542,0.000000,-0.062542,0.075036,-0.000134,0.076757,0.073545,-0.001490,-0.006696,-0.006562,-0.005629,0.002416,0.000012,-0.006707,0.000011,-0.157485,0.000086,-0.157399,-0.157399,-0.157399,-0.078699,-0.078699,0,0,1,0,0.000000,0.090000,0.012000,0.001000,4.500000,0.080000,24.000000,0.030000,0.000000
5.200000,0.300000,0.440000,-0.120678,-0.000000,-0.120678,0.062480,0.000000,-0.062480,0.075036,-0.000134,0.076757,0.073547,-0.001489,-0.006688,-0.006554,-0.005623,0.002412,0.000012,-0.006699,0.000011,-0.157291,0.000048,-0.157243,-0.157243,-0.157243,-0.078621,-0.078621,0,0,1,0,0.000000,0.090000,0.012000,0.001000,4.500000,0.080000,24.000000,0.030000,0.000000
5.205000,0.300000,0.440000,-0.120372,-0.000000,-0.120372,0.062419,0.000000,-0.062419,0.075034,-0.000135,0.076757,0.073549,-0.001485,-0.006673,-0.006538,-0.005618,0.002408,0.000012,-0.006684,0.000011,-0.156916,0.000094,-0.156823,-0.156823,-0.156823,-0.078411,-0.078411,0,0,1,0,0.000000,0.090000,0.012000,0.001000,4.500000,0.080000,24.000000,0.030000,0.000000
5.210000,0.300000,0.440000,-0.120066,-0.000000,-0.120066,0.062357,0.000000,-0.062357,0.075034,-0.000135,0.076757,0.073551,-0.001484,-0.006665,-0.006530,-0.005612,0.002404,0.000012,-0.006676,0.000011,-0.156722,0.000048,-0.156674,-0.156674,-0.156674,-0.078337,-0.078337,0,0,1,0,0.000000,0.090000,0.012000,0.001000,4.500000,0.080000,24.000000,0.030000,0.000000
5.215000,0.300000,0.440000,-0.119760,-0.000000,-0.119760,0.062296,0.000000,-0.062296,0.075033,-0.000135,0.076757,0.073553,-0.001480,-0.006651,-0.006517,-0.005607,0.002401,0.000012,-0.006662,0.000011,-0.156400,0.000081,-0.156319,-0.156319,-0.156319,-0.078160,-0.078160,0,0,1,0,0.000000,0.090000,0.012000,0.001000,4.500000,0.080000,24.000000,0.030000,0.000000
5.220000,0.300000,0.440000,-0.119455,-0.000000,-0.119455,0.062234,0.000000,-0.062234,0.075033,-0.000135,0.076757,0.073554,-0.001479,-0.006643,-0.006509,-0.005601,0.002397,0.000012,-0.006654,0.000011,-0.156204,0.000049,-0.156156,-0.156156,-0.156156,-0.078078,-0.078078,0,0,1,0,0.000000,0.090000,0.012000,0.001000,4.500000,0.080000,24.000000,0.030000,0.000000
5.225000,0.300000,0.440000,-0.119149,-0.000000,-0.119149,0.062172,0.000000,-0.062172,0.075032,-0.000131,0.076757,0.073556,-0.001476,-0.006630,-0.006499,-0.005595,0.002393,0.000012,-0.006640,0.000010,-0.155967,0.000059,-0.155908,-0.155908,-0.155908,-0.077954,-0.077954,0,0,1,0,0.000000,0.090000,0.012000,0.001000,4.500000,0.080000,24.000000,0.030000,0.000000
5.230000,0.300000,0.440000,-0.118845,-0.000000,-0.118845,0.062110,0.000000,-0.062110,0.075032,-0.000131,0.076757,0.073558,-0.001474,-0.006621,-0.006490,-0.005590,0.002389,0.000012,-0.006632,0.000010,-0.155769,0.000050,-0.155720,-0.155720,-0.155720,-0.077860,-0.077860,0,0,1,0,0.000000,0.090000,0.012000,0.001000,4.500000,0.080000,24.000000,0.030000,0.000000
5.235000,0.300000,0.440000,-0.118540,-0.000000,-0.118540,0.062048,0.000000,-0.062048,0.075031,-0.000124,0.076757,0.073560,-0.001471,-0.006609,-0.006484,-0.005584,0.002386,0.000012,-0.006619,0.000010,-0.155625,0.000036,-0.155589,-0.155589,-0.155589,-0.077795,-0.077795,0,0,1,0,0.000000,0.090000,0.012000,0.001000,4.500000,0.080000,24.000000,0.030000,0.000000
5.240000,0.300000,0.440000,-0.118236,-0.000000,-0.118236,0.061985,0.000000,-0.061985,0.075031,-0.000124,0.076757,0.073562,-0.001469,-0.006600,-0.006476,-0.005579,0.002382,0.000013,-0.006610,0.000010,-0.155424,0.000050,-0.155374,-0.155374,-0.155374,-0.077687,-0.077687,0,0,1,0,0.000000,0.090000,0.012000,0.001000,4.500000,0.080000,24.000000,0.030000,0.000000
5.249000,0.300000,0.440000,-0.117629,-0.000000,-0.117629,0.061859,0.000000,-0.061859,0.075030,-0.000116,0.076757,0.073564,-0.001466,-0.006586,-0.006470,-0.005567,0.002375,0.000014,-0.006595,0.000009,-0.155291,0.000018,-0.155273,-0.155273,-0.155273,-0.077636,-0.077636,0,0,1,0,0.000000,0.090000,0.012000,0.001000,4.500000,0.080000,24.000000,0.030000,0.000000
5.254000,0.300000,0.440000,-0.117326,-0.000000,-0.117326,0.061796,0.000000,-0.061796,0.075029,-0.000106,0.076757,0.073566,-0.001463,-0.006574,-0.006468,-0.005562,0.002372,0.000013,-0.006582,0.000008,-0.155233,0.000015,-0.155218,-0.155218,-0.155218,-0.077609,-0.077609,0,0,1,0,0.000000,0.090000,0.012000,0.001000,4.500000,0.080000,24.000000,0.030000,0.000000
5.259000,0.300000,0.440000,-0.117023,-0.000000,-0.117023,0.061734,0.000000,-0.061734,0.075029,-0.000106,0.076757,0.073569,-0.001461,-0.006564,-0.006458,-0.005556,0.002368,0.000013,-0.006572,0.000008,-0.154998,0.000059,-0.154940,-0.154940,-0.154940,-0.077470,-0.077470,0,0,1,0,0.000000,0.090000,0.012000,0.001000,4.500000,0.080000,24.000000,0.030000,0.000000
5.264000,0.300000,0.440000,-0.116720,-0.000000,-0.116720,0.061671,0.000000,-0.061671,0.075029,-0.000097,0.076757,0.073571,-0.001458,-0.006552,-0.006455,-0.005550,0.002364,0.000013,-0.006560,0.000008,-0.154923,0.000019,-0.154904,-0.154904,-0.154904,-0.077452,-0.077452,0,0,1,0,0.000000,0.090000,0.012000,0.001000,4.500000,0.080000,24.000000,0.030000,0.000000
5.269000,0.300000,0.440000,-0.116418,-0.000000,-0.116418,0.061608,0.000000,-0.061608,0.075029,-0.000097,0.076757,0.073573,-0.001456,-0.006543,-0.006446,-0.005545,0.002360,0.000013,-0.006551,0.000008,-0.154695,0.000057,-0.154638,-0.154638,-0.154638,-0.077319,-0.077319,0,0,1,0,0.000000,0.090000,0.012000,0.001000,4.500000,0.080000,24.000000,0.030000,0.000000
5.274000,0.300000,0.440000,-0.116116,-0.000000,-0.116116,0.061545,0.000000,-0.061545,0.075028,-0.000090,0.076757,0.073575,-0.001453,-0.006531,-0.006441,-0.005539,0.002357,0.000013,-0.006539,0.000007,-0.154593,0.000026,-0.154567,-0.154567,-0.154567,-0.077284,-0.077284,0,0,1,0,0.000000,0.090000,0.012000,0.001000,4.500000,0.080000,24.000000,0.030000,0.000000
5.279000,0.300000,0.440000,-0.115815,-0.000000,-0.115815,0.061482,0.000000,-0.061482,0.075028,-0.000090,0.076757,0.073577,-0.001451,-0.006522,-0.006432,-0.005533,0.002353,0.000013,-0.006529,0.000007,-0.154370,0.000056,-0.154314,-0.154314,-0.154314,-0.077157,-0.077157,0,0,1,0,0.000000,0.090000,0.012000,0.001000,4.500000,0.080000,24.000000,0.030000,0.000000
5.284000,0.300000,0.440000,-0.115514,-0.000000,-0.115514,0.061420,0.000000,-0.061420,0.075027,-0.000084,0.076757,0.073579,-0.001448,-0.006511,-0.006426,-0.005528,0.002349,0.000013,-0.006517,0.000007,-0.154235,0.000034,-0.154201,-0.154201,-0.154201,-0.077100,-0.077100,0,0,1,0,0.000000,0.090000,0.012000,0.001000,4.500000,0.080000,24.000000,0.030000,0.000000
5.289000,0.300000,0.440000,-0.115213,-0.000000,-0.115213,0.061357,0.000000,-0.061357,0.075027,-0.000084,0.076757,0.073581,-0.001446,-0.006502,-0.006417,-0.005522,0.002346,0.000013,-0.006508,0.000007,-0.154015,0.000055,-0.153961,-0.153961,-0.153961,-0.076980,-0.076980,0,0,1,0,0.000000,0.090000,0.012000,0.001000,4.500000,0.080000,24.000000,0.030000,0.000000
5.294000,0.300000,0.440000,-0.114912,-0.000000,-0.114912,0.061295,0.000000,-0.061295,0.075027,-0.000080,0.076757,0.073583,-0.001444,-0.006490,-0.006410,-0.005517,0.002342,0.000013,-0.006497,0.000006,-0.153849,0.000042,-0.153808,-0.153808,-0.153808,-0.076904,-0.076904,0,0,1,0,0.000000,0.090000,0.012000,0.001000,4.500000,0.080000,24.000000,0.030000,0.000000
5.303000,0.300000,0.440000,-0.114312,-0.000000,-0.114312,0.061170,0.000000,-0.061170,0.075026,-0.000076,0.076757,0.073586,-0.001440,-0.006476,-0.006400,-0.005505,0.002335,0.000014,-0.006482,0.000006,-0.153594,0.000035,-0.153559,-0.153559,-0.153559,-0.076779,-0.076779,0,0,1,0,0.000000,0.090000,0.012000,0.001000,4.500000,0.080000,24.000000,0.030000,0.000000
5.308000,0.300000,0.440000,-0.114012,-0.000000,-0.114012,0.061107,0.000000,-0.061107,0.075026,-0.000076,0.076757,0.073588,-0.001438,-0.006466,-0.006389,-0.005500,0.002332,0.000012,-0.006472,0.000006,-0.153345,0.000062,-0.153283,-0.153283,-0.153283,-0.076642,-0.076642,0,0,1,0,0.000000,0.090000,0.012000,0.001000,4.500000,0.080000,24.000000,0.030000,0.000000
5.313000,0.300000,0.440000,-0.113712,-0.000000,-0.113712,0.061045,0.000000,-0.061045,0.075026,-0.000075,0.076757,0.073590,-0.001435,-0.006453,-0.006378,-0.005494,0.002328,0.000012,-0.006459,0.000006,-0.153073,0.000068,-0.153005,-0.153005,-0.153005,-0.076502,-0.076502,0,0,1,0,0.000000,0.090000,0.012000,0.001000,4.500000,0.080000,24.000000,0.030000,0.000000
5.318000,0.300000,0.440000,-0.113413,-0.000000,-0.113413,0.060983,0.000000,-0.060983,0.075026,-0.000075,0.076757,0.073592,-0.001433,-0.006443,-0.006368,-0.005488,0.002324,0.000012,-0.006449,0.000006,-0.152835,0.000059,-0.152776,-0.152776,-0.152776,-0.076388,-0.076388,0,0,1,0,0.000000,0.090000,0.012000,0.001000,4.500000,0.080000,24.000000,0.030000,0.000000
5.323000,0.300000,0.440000,-0.113114,-0.000000,-0.113114,0.060921,0.000000,-0.060921,0.075025,-0.000073,0.076757,0.073595,-0.001430,-0.006430,-0.006357,-0.005483,0.002321,0.000012,-0.006436,0.000006,-0.152567,0.000067,-0.152500,-0.152500,-0.152500,-0.076250,-0.076250,0,0,1,0,0.000000,0.090000,0.012000,0.001000,4.500000,0.080000,24.000000,0.030000,0.000000
5.328000,0.300000,0.440000,-0.112816,-0.000000,-0.112816,0.060858,0.000000,-0.060858,0.075025,-0.000073,0.076757,0.073597,-0.001428,-0.006421,-0.006347,-0.005477,0.002317,0.000012,-0.006426,0.000006,-0.152337,0.000057,-0.152279,-0.152279,-0.152279,-0.076140,-0.076140,0,0,1,0,0.000000,0.090000,0.012000,0.001000,4.500000,0.080000,24.000000,0.030000,0.000000
5.333000,0.300000,0.440000,-0.112518,-0.000000,-0.112518,0.060796,0.000000,-0.060796,0.075024,-0.000071,0.076757,0.073599,-0.001425,-0.006409,-0.006338,-0.005472,0.002313,0.000012,-0.006414,0.000006,-0.152108,0.000057,-0.152051,-0.152051,-0.152051,-0.076026,-0.076026,0,0,1,0,0.000000,0.090000,0.012000,0.001000,4.500000,0.080000,24.000000,0.030000,0.000000
5.338000,0.300000,0.440000,-0.112220,-0.000000,-0.112220,0.060734,0.000000,-0.060734,0.075024,-0.000071,0.076757,0.073601,-0.001423,-0.006399,-0.006328,-0.005466,0.002310,0.000012,-0.006405,0.000006,-0.151883,0.000056,-0.151826,-0.151826,-0.151826,-0.075913,-0.075913,0,0,1,0,0.000000,0.090000,0.012000,0.001000,4.500000,0.080000,24.000000,0.030000,0.000000
5.343000,0.300000,0.440000,-0.111922,-0.000000,-0.111922,0.060671,0.000000,-0.060671,0.075024,-0.000066,0.076757,0.073603,-0.001421,-0.006388,-0.006321,-0.005460,0.002306,0.000013,-0.006393,0.000005,-0.151714,0.000042,-0.151672,-0.151672,-0.151672,-0.075836,-0.075836,0,0,1,0,0.000000,0.090000,0.012000,0.001000,4.500000,0.080000,24.000000,0.030000,0.000000
5.348000,0.300000,0.440000,-0.111625,-0.000000,-0.111625,0.060608,0.000000,-0.060608,0.075024,-0.000066,0.076757,0.073605,-0.001419,-0.006378,-0.006312,-0.005455,0.002303,0.000013,-0.006384,0.000005,-0.151490,0.000056,-0.151434,-0.151434,-0.151434,-0.075717,-0.075717,0,0,1,0,0.000000,0.090000,0.012000,0.001000,4.500000,0.080000,24.000000,0.030000,0.000000
5.357000,0.300000,0.440000,-0.111032,-0.000000,-0.111032,0.060483,0.000000,-0.060483,0.075023,-0.000060,0.076757,0.073608,-0.001416,-0.006365,-0.006305,-0.005443,0.002296,0.000014,-0.006370,0.000005,-0.151316,0.000024,-0.151292,-0.151292,-0.151292,-0.075646,-0.075646,0,0,1,0,0.000000,0.090000,0.012000,0.001000,4.500000,0.080000,24.000000,0.030000,0.000000
5.362000,0.300000,0.440000,-0.110735,-0.000000,-0.110735,0.060420,0.000000,-0.060420,0.075023,-0.000053,0.076757,0.073610,-0.001413,-0.006354,-0.006301,-0.005438,0.002292,0.000013,-0.006358,0.000004,-0.151213,0.000026,-0.151187,-0.151187,-0.151187,-0.075594,-0.075594,0,0,1,0,0.000000,0.090000,0.012000,0.001000,4.500000,0.080000,24.000000,0.030000,0.000000
5.367000,0.300000,0.440000,-0.110439,-0.000000,-0.110439,0.060357,0.000000,-0.060357,0.075023,-0.000053,0.076757,0.073613,-0.001411,-0.006343,-0.006290,-0.005432,0.002289,0.000013,-0.006347,0.000004,-0.150960,0.000063,-0.150897,-0.150897,-0.150897,-0.075449,-0.075449,0,0,1,0,0.000000,0.090000,0.012000,0.001000,4.500000,0.080000,24.000000,0.030000,0.000000
5.372000,0.300000,0.440000,-0.110144,-0.000000,-0.110144,0.060294,0.000000,-0.060294,0.075023,-0.000047,0.076757,0.073615,-0.001408,-0.006332,-0.006286,-0.005426,0.002285,0.000013,-0.006336,0.000004,-0.150856,0.000026,-0.150830,-0.150830,-0.150830,-0.075415,-0.075415,0,0,1,0,0.000000,0.090000,0.012000,0.001000,4.500000,0.080000,24.000000,0.030000,0.000000
5.377000,0.300000,0.440000,-0.109849,-0.000000,-0.109849,0.060231,0.000000,-0.060231,0.075023,-0.000047,0.076757,0.073617,-0.001406,-0.006322,-0.006276,-0.005421,0.002282,0.000013,-0.006326,0.000004,-0.150613,0.000061,-0.150552,-0.150552,-0.150552,-0.075276,-0.075276,0,0,1,0,0.000000,0.090000,0.012000,0.001000,4.500000,0.080000,24.000000,0.030000,0.000000
5.382000,0.300000,0.440000,-0.109554,-0.000000,-0.109554,0.060168,0.000000,-0.060168,0.075023,-0.000041,0.076757,0.073619,-0.001403,-0.006312,-0.006271,-0.005415,0.002278,0.000013,-0.006315,0.000003,-0.150508,0.000026,-0.150482,-0.150482,-0.150482,-0.075241,-0.075241,0,0,1,0,0.000000,0.090000,0.012000,0.001000,4.500000,0.080000,24.000000,0.030000,0.000000
5.387000,0.300000,0.440000,-0.109259,-0.000000,-0.109259,0.060105,0.000000,-0.060105,0.075023,-0.000041,0.076757,0.073621,-0.001401,-0.006302,-0.006261,-0.005409,0.002274,0.000013,-0.006305,0.000003,-0.150271,0.000059,-0.150211,-0.150211,-0.150211,-0.075106,-0.075106,0,0,1,0,0.000000,0.090000,0.012000,0.001000,4.500000,0.080000,24.000000,0.030000,0.000000
5.392000,0.300000,0.440000,-0.108965,-0.000000,-0.108965,0.060042,0.000000,-0.060042,0.075023,-0.000035,0.076757,0.073624,-0.001399,-0.006292,-0.006257,-0.005404,0.002271,0.000013,-0.006295,0.000003,-0.150164,0.000027,-0.150137,-0.150137,-0.150137,-0.075068,-0.075068,0,0,1,0,0.000000,0.090000,0.012000,0.001000,4.500000,0.080000,24.000000,0.030000,0.000000
5.397000,0.300000,0.440000,-0.108670,-0.000000,-0.108670,0.059979,0.000000,-0.059979,0.075023,-0.000035,0.076757,0.073626,-0.001397,-0.006282,-0.006247,-0.005398,0.002267,0.000013,-0.006285,0.000003,-0.149930,0.000058,-0.149872,-0.149872,-0.149872,-0.074936,-0.074936,0,0,1,0,0.000000,0.090000,0.012000,0.001000,4.500000,0.080000,24.000000,0.030000,0.000000
5.406000,0.300000,0.440000,-0.108083,-0.000000,-0.108083,0.059854,0.000000,-0.059854,0.075022,-0.000030,0.076757,0.073629,-0.001394,-0.006270,-0.006240,-0.005387,0.002261,0.000014,-0.006272,0.000002,-0.149749,0.000025,-0.149724,-0.149724,-0.149724,-0.074862,-0.074862,0,0,1,0,0.000000,0.090000,0.012000,0.001000,4.500000,0.080000,24.000000,0.030000,0.000000
5.411000,0.300000,0.440000,-0.107790,-0.000000,-0.107790,0.059791,0.000000,-0.059791,0.075022,-0.000026,0.076757,0.073631,-0.001391,-0.006259,-0.006233,-0.005381,0.002257,0.000013,-0.006261,0.000002,-0.149581,0.000042,-0.149539,-0.149539,-0.149539,-0.074769,-0.074769,0,0,1,0,0.000000,0.090000,0.012000,0.001000,4.500000,0.080000,24.000000,0.030000,0.000000
5.416000,0.300000,0.440000,-0.107497,-0.000000,-0.107497,0.059728,0.000000,-0.059728,0.075022,-0.000026,0.076757,0.073633,-0.001389,-0.006248,-0.006222,-0.005376,0.002253,0.000013,-0.006250,0.000002,-0.149323,0.000065,-0.149258,-0.149258,-0.149258,-0.074629,-0.074629,0,0,1,0,0.000000,0.090000,0.012000,0.001000,4.500000,0.080000,24.000000,0.030000,0.000000
5.421000,0.300000,0.440000,-0.107205,-0.000000,-0.107205,0.059666,0.000000,-0.059666,0.075022,-0.000024,0.076757,0.073636,-0.001386,-0.006237,-0.006213,-0.005370,0.002250,0.000013,-0.006239,0.000002,-0.149121,0.000051,-0.149070,-0.149070,-0.149070,-0.074535,-0.074535,0,0,1,0,0.000000,0.090000,0.012000,0.001000,4.500000,0.080000,24.000000,0.030000,0.000000
5.426000,0.300000,0.440000,-0.106913,-0.000000,-0.106913,0.059603,0.000000,-0.059603,0.075022,-0.000024,0.076757,0.073638,-0.001384,-0.006227,-0.006203,-0.005364,0.002246,0.000013,-0.006229,0.000002,-0.148873,0.000062,-0.148811,-0.148811,-0.148811,-0.074406,-0.074406,0,0,1,0,0.000000,0.090000,0.012000,0.001000,4.500000,0.080000,24.000000,0.030000,0.000000
5.431000,0.300000,0.440000,-0.106621,-0.000000,-0.106621,0.059541,0.000000,-0.059541,0.075022,-0.000022,0.076757,0.073640,-0.001382,-0.006216,-0.006195,-0.005359,0.002243,0.000013,-0.006218,0.000002,-0.148668,0.000051,-0.148617,-0.148617,-0.148617,-0.074308,-0.074308,0,0,1,0,0.000000,0.090000,0.012000,0.001000,4.500000,0.080000,24.000000,0.030000,0.000000
5.436000,0.300000,0.440000,-0.106329,-0.000000,-0.106329,0.059478,0.000000,-0.059478,0.075022,-0.000022,0.076757,0.073643,-0.001380,-0.006206,-0.006184,-0.005353,0.002239,0.000013,-0.006208,0.000002,-0.148428,0.000060,-0.148368,-0.148368,-0.148368,-0.074184,-0.074184,0,0,1,0,0.000000,0.090000,0.012000,0.001000,4.500000,0.080000,24.000000,0.030000,0.000000
5.441000,0.300000,0.440000,-0.106038,-0.000000,-0.106038,0.059416,0.000000,-0.059416,0.075022,-0.000019,0.076757,0.073645,-0.001377,-0.006196,-0.006177,-0.005347,0.002236,0.000013,-0.006198,0.000002,-0.148244,0.000046,-0.148199,-0.148199,-0.148199,-0.074099,-0.074099,0,0,1,0,0.000000,0.090000,0.012000,0.001000,4.500000,0.080000,24.000000,0.030000,0.000000
5.446000,0.300000,0.440000,-0.105747,-0.000000,-0.105747,0.059353,0.000000,-0.059353,0.075022,-0.000019,0.076757,0.073647,-0.001375,-0.006186,-0.006167,-0.005342,0.002232,0.000013,-0.006188,0.000002,-0.148008,0.000059,-0.147949,-0.147949,-0.147949,-0.073975,-0.073975,0,0,1,0,0.000000,0.090000,0.012000,0.001000,4.500000,0.080000,24.000000,0.030000,0.000000
5.451000,0.300000,0.440000,-0.105456,-0.000000,-0.105456,0.059290,0.000000,-0.059290,0.075022,-0.000016,0.076757,0.073649,-0.001373,-0.006177,-0.006161,-0.005336,0.002228,0.000013,-0.006178,0.000001,-0.147861,0.000037,-0.147824,-0.147824,-0.147824,-0.073912,-0.073912,0,0,1,0,0.000000,0.090000,0.012000,0.001000,4.500000,0.080000,24.000000,0.030000,0.000000
5.456000,0.300000,0.440000,-0.105166,-0.000000,-0.105166,0.059228,0.000000,-0.059228,0.075022,-0.000016,0.076757,0.073651,-0.001371,-0.006167,-0.006151,-0.005330,0.002225,0.000013,-0.006168,0.000001,-0.147627,0.000058,-0.147569,-0.147569,-0.147569,-0.073785,-0.073785,0,0,1,0,0.000000,0.090000,0.012000,0.001000,4.500000,0.080000,24.000000,0.030000,0.000000
5.465000,0.300000,0.440000,-0.104876,-0.000000,-0.104876,0.059165,0.000000,-0.059165,0.075022,-0.000011,0.076757,0.073652,-0.001370,-0.006164,-0.006152,-0.005325,0.002219,0.000007,-0.006164,0.000001,-0.147655,-0.000004,-0.147659,-0.147659,-0.147659,-0.073830,-0.073830,0,0,1,0,0.000000,0.090000,0.012000,0.001000,4.500000,0.080000,24.000000,0.030000,0.000000
5.470000,0.300000,0.440000,-0.104586,-0.000000,-0.104586,0.059102,0.000000,-0.059102,0.075022,-0.000011,0.076757,0.073654,-0.001368,-0.006155,-0.006144,-0.005319,0.002215,0.000013,-0.006156,0.000001,-0.147449,0.000052,-0.147397,-0.147397,-0.147397,-0.073699,-0.073699,0,0,1,0,0.000000,0.090000,0.012000,0.001000,4.500000,0.080000,24.000000,0.030000,0.000000
5.475000,0.300000,0.440000,-0.104297,-0.000000,-0.104297,0.059039,0.000000,-0.059039,0.075022,-0.000006,0.076757,0.073656,-0.001366,-0.006147,-0.006141,-0.005314,0.002211,0.000013,-0.006148,0.000000,-0.147384,0.000016,-0.147368,-0.147368,-0.147368,-0.073684,-0.073684,0,0,1,0,0.000000,0.090000,0.012000,0.001000,4.500000,0.080000,24.000000,0.030000,0.000000
5.480000,0.300000,0.440000,-0.104008,-0.000000,-0.104008,0.058976,0.000000,-0.058976,0.075022,-0.000006,0.076757,0.073658,-0.001364,-0.006138,-0.006132,-0.005308,0.002208,0.000013,-0.006139,0.000000,-0.147172,0.000053,-0.147119,-0.147119,-0.147119,-0.073560,-0.073560,0,0,1,0,0.000000,0.090000,0.012000,0.001000,4.500000,0.080000,24.000000,0.030000,0.000000
5.485000,0.300000,0.440000,-0.103719,-0.000000,-0.103719,0.058914,0.000000,-0.058914,0.075022,-0.000003,0.076757,0.073660,-0.001362,-0.006130,-0.006127,-0.005302,0.002204,0.000013,-0.006130,0.000000,-0.147046,0.000032,-0.147014,-0.147014,-0.147014,-0.073507,-0.073507,0,0,1,0,0.000000,0.090000,0.012000,0.001000,4.500000,0.080000,24.000000,0.030000,0.000000
5.490000,0.300000,0.440000,-0.103431,-0.000000,-0.103431,0.058851,0.000000,-0.058851,0.075022,-0.000003,0.076757,0.073662,-0.001360,-0.006121,-0.006118,-0.005297,0.002201,0.000013,-0.006121,0.000000,-0.146830,0.000054,-0.146776,-0.146776,-0.146776,-0.073388,-0.073388,0,0,1,0,0.000000,0.090000,0.012000,0.001000,4.500000,0.080000,24.000000,0.030000,0.000000
5.495000,0.300000,0.440000,-0.103143,-0.000000,-0.103143,0.058789,0.000000,-0.058789,0.075022,-0.000001,0.076757,0.073664,-0.001358,-0.006113,-0.006111,-0.005291,0.002197,0.000013,-0.006113,0.000000,-0.146674,0.000039,-0.146635,-0.146635,-0.146635,-0.073318,-0.073318,0,0,1,0,0.000000,0.090000,0.012000,0.001000,4.500000,0.080000,24.000000,0.030000,0.000000
5.500000,0.300000,0.440000,-0.102855,-0.000000,-0.102855,0.058726,0.000000,-0.058726,0.075022,-0.000001,0.076757,0.073666,-0.001356,-0.006104,-0.006102,-0.005285,0.002194,0.000012,-0.006104,0.000000,-0.146456,0.000055,-0.146401,-0.146401,-0.146401,-0.073201,-0.073201,0,0,1,0,0.000000,0.090000,0.012000,0.001000,4.500000,0.080000,24.000000,0.030000,0.000000
5.509000,0.300000,0.440000,-0.102280,-0.000000,-0.102280,0.058601,0.000000,-0.058601,0.075022,0.000000,0.076757,0.073669,-0.001354,-0.006092,-0.006092,-0.005274,0.002187,0.000014,-0.006092,-0.000000,-0.146211,0.000034,-0.146177,-0.146177,-0.146177,-0.073089,-0.073089,0,0,1,0,0.000000,0.090000,0.012000,0.001000,4.500000,0.080000,24.000000,0.030000,0.000000
5.514000,0.300000,0.440000,-0.101993,-0.000000,-0.101993,0.058539,0.000000,-0.058539,0.075022,0.000001,0.076757,0.073671,-0.001351,-0.006082,-0.006082,-0.005269,0.002184,0.000012,-0.006082,-0.000000,-0.145974,0.000059,-0.145914,-0.145914,-0.145914,-0.072957,-0.072957,0,0,1,0,0.000000,0.090000,0.012000,0.001000,4.500000,0.080000,24.000000,0.030000,0.000000
5.519000,0.300000,0.440000,-0.101707,-0.000000,-0.101707,0.058477,0.000000,-0.058477,0.075022,0.000001,0.076757,0.073673,-0.001349,-0.006071,-0.006072,-0.005263,0.002180,0.000012,-0.006071,-0.000000,-0.145723,0.000063,-0.145660,-0.145660,-0.145660,-0.072830,-0.072830,0,0,1,0,0.000000,0.090000,0.012000,0.001000,4.500000,0.080000,24.000000,0.030000,0.000000
5.524000,0.300000,0.440000,-0.101420,-0.000000,-0.101420,0.058415,0.000000,-0.058415,0.075023,0.000000,0.076757,0.073676,-0.001347,-0.006061,-0.006061,-0.005257,0.002177,0.000012,-0.006061,-0.000000,-0.145471,0.000063,-0.145409,-0.145409,-0.145409,-0.072704,-0.072704,0,0,1,0,0.000000,0.090000,0.012000,0.001000,4.500000,0.080000,24.000000,0.030000,0.000000
5.529000,0.300000,0.440000,-0.101134,-0.000000,-0.101134,0.058353,0.000000,-0.058353,0.075023,0.000000,0.076757,0.073678,-0.001345,-0.006051,-0.006051,-0.005252,0.002173,0.000012,-0.006051,-0.000000,-0.145228,0.000061,-0.145167,-0.145167,-0.145167,-0.072583,-0.072583,0,0,1,0,0.000000,0.090000,0.012000,0.001000,4.500000,0.080000,24.000000,0.030000,0.000000
5.534000,0.300000,0.440000,-0.100849,-0.000000,-0.100849,0.058290,0.000000,-0.058290,0.075023,0.000001,0.076757,0.073680,-0.001342,-0.006041,-0.006042,-0.005246,0.002170,0.000012,-0.006041,-0.000000,-0.145003,0.000056,-0.144947,-0.144947,-0.144947,-0.072474,-0.072474,0,0,1,0,0.000000,0.090000,0.012000,0.001000,4.500000,0.080000,24.000000,0.030000,0.000000
5.539000,0.300000,0.440000,-0.100563,-0.000000,-0.100563,0.058228,0.000000,-0.058228,0.075023,0.000001,0.076757,0.073682,-0.001340,-0.006031,-0.006032,-0.005241,0.002166,0.000012,-0.006031,-0.000000,-0.144764,0.000060,-0.144704,-0.144704,-0.144704,-0.072352,-0.072352,0,0,1,0,0.000000,0.090000,0.012000,0.001000,4.500000,0.080000,24.000000,0.030000,0.000000
5.544000,0.300000,0.440000,-0.100278,-0.000000,-0.100278,0.058166,0.000000,-0.058166,0.075023,0.000003,0.076757,0.073685,-0.001338,-0.006021,-0.006025,-0.005235,0.002163,0.000012,-0.006021,-0.000000,-0.144593,0.000043,-0.144550,-0.144550,-0.144550,-0.072275,-0.072275,0,0,1,0,0.000000,0.090000,0.012000,0.001000,4.500000,0.080000,24.000000,0.030000,0.000000
5.553000,0.300000,0.440000,-0.099709,-0.000000,-0.099709,0.058040,0.000000,-0.058040,0.075023,0.000007,0.076757,0.073687,-0.001335,-0.006010,-0.006017,-0.005224,0.002157,0.000014,-0.006009,-0.000001,-0.144414,0.000025,-0.144389,-0.144389,-0.144389,-0.072194,-0.072194,0,0,1,0,0.000000,0.090000,0.012000,0.001000,4.500000,0.080000,24.000000,0.030000,0.000000
5.558000,0.300000,0.440000,-0.099425,-0.000000,-0.099425,0.057978,0.000000,-0.057978,0.075023,0.000007,0.076757,0.073690,-0.001333,-0.005999,-0.006006,-0.005218,0.002153,0.000013,-0.005998,-0.000001,-0.144140,0.000068,-0.144072,-0.144072,-0.144072,-0.072036,-0.072036,0,0,1,0,0.000000,0.090000,0.012000,0.001000,4.500000,0.080000,24.000000,0.030000,0.000000
5.563000,0.300000,0.440000,-0.099141,-0.000000,-0.099141,0.057915,0.000000,-0.057915,0.075023,0.000011,0.076757,0.073692,-0.001331,-0.005989,-0.006000,-0.005212,0.002150,0.000013,-0.005988,-0.000001,-0.144003,0.000034,-0.143968,-0.143968,-0.143968,-0.071984,-0.071984,0,0,1,0,0.000000,0.090000,0.012000,0.001000,4.500000,0.080000,24.000000,0.030000,0.000000
5.568000,0.300000,0.440000,-0.098858,-0.000000,-0.098858,0.057853,0.000000,-0.057853,0.075023,0.000011,0.076757,0.073695,-0.001328,-0.005978,-0.005989,-0.005207,0.002146,0.000013,-0.005977,-0.000001,-0.143740,0.000066,-0.143675,-0.143675,-0.143675,-0.071837,-0.071837,0,0,1,0,0.000000,0.090000,0.012000,0.001000,4.500000,0.080000,24.000000,0.030000,0.000000
5.573000,0.300000,0.440000,-0.098575,-0.000000,-0.098575,0.057790,0.000000,-0.057790,0.075023,0.000016,0.076757,0.073697,-0.001326,-0.005969,-0.005985,-0.005201,0.002143,0.000013,-0.005968,-0.000001,-0.143633,0.000027,-0.143606,-0.143606,-0.143606,-0.071803,-0.071803,0,0,1,0,0.000000,0.090000,0.012000,0.001000,4.500000,0.080000,24.000000,0.030000,0.000000
5.578000,0.300000,0.440000,-0.098292,-0.000000,-0.098292,0.057727,0.000000,-0.057727,0.075023,0.000016,0.076757,0.073700,-0.001324,-0.005958,-0.005974,-0.005195,0.002139,0.000013,-0.005957,-0.000001,-0.143378,0.000064,-0.143314,-0.143314,-0.143314,-0.071657,-0.071657,0,0,1,0,0.000000,0.090000,0.012000,0.001000,4.500000,0.080000,24.000000,0.030000,0.000000
5.583000,0.300000,0.440000,-0.098010,-0.000000,-0.098010,0.057664,0.000000,-0.057664,0.075024,0.000021,0.076757,0.073702,-0.001322,-0.005950,-0.005971,-0.005190,0.002136,0.000013,-0.005948,-0.000002,-0.143302,0.000019,-0.143283,-0.143283,-0.143283,-0.071641,-0.071641,0,0,1,0,0.000000,0.090000,0.012000,0.001000,4.500000,0.080000,24.000000,0.030000,0.000000
5.592000,0.300000,0.440000,-0.097446,-0.000000,-0.097446,0.057539,0.000000,-0.057539,0.075024,0.000026,0.076757,0.073705,-0.001319,-0.005939,-0.005966,-0.005178,0.002130,0.000014,-0.005937,-0.000002,-0.143177,0.000017,-0.143160,-0.143160,-0.143160,-0.071580,-0.071580,0,0,1,0,0.000000,0.090000,0.012000,0.001000,4.500000,0.080000,24.000000,0.030000,0.000000
5.597000,0.300000,0.440000,-0.097164,-0.000000,-0.097164,0.057476,0.000000,-0.057476,0.075024,0.000026,0.076757,0.073708,-0.001317,-0.005927,-0.005954,-0.005173,0.002126,0.000013,-0.005925,-0.000002,-0.142892,0.000071,-0.142821,-0.142821,-0.142821,-0.071410,-0.071410,0,0,1,0,0.000000,0.090000,0.012000,0.001000,4.500000,0.080000,24.000000,0.030000,0.000000
5.602000,0.300000,0.440000,-0.096883,-0.000000,-0.096883,0.057413,0.000000,-0.057413,0.075025,0.000030,0.076757,0.073710,-0.001315,-0.005918,-0.005948,-0.005167,0.002123,0.000013,-0.005916,-0.000002,-0.142758,0.000034,-0.142725,-0.142725,-0.142725,-0.071362,-0.071362,0,0,1,0,0.000000,0.090000,0.012000,0.001000,4.500000,0.080000,24.000000,0.030000,0.000000
5.607000,0.300000,0.440000,-0.096602,-0.000000,-0.096602,0.057351,0.000000,-0.057351,0.075025,0.000030,0.076757,0.073713,-0.001312,-0.005907,-0.005937,-0.005162,0.002119,0.000013,-0.005905,-0.000002,-0.142487,0.000068,-0.142419,-0.142419,-0.142419,-0.071210,-0.071210,0,0,1,0,0.000000,0.090000,0.012000,0.001000,4.500000,0.080000,24.000000,0.030000,0.000000
5.612000,0.300000,0.440000,-0.096321,-0.000000,-0.096321,0.057288,0.000000,-0.057288,0.075025,0.000033,0.076757,0.073715,-0.001310,-0.005898,-0.005931,-0.005156,0.002116,0.000013,-0.005896,-0.000003,-0.142343,0.000036,-0.142307,-0.142307,-0.142307,-0.071153,-0.071153,0,0,1,0,0.000000,0.090000,0.012000,0.001000,4.500000,0.080000,24.000000,0.030000,0.000000
5.617000,0.300000,0.440000,-0.096041,-0.000000,-0.096041,0.057225,0.000000,-0.057225,0.075025,0.000033,0.076757,0.073717,-0.001308,-0.005887,-0.005920,-0.005150,0.002112,0.000013,-0.005885,-0.000003,-0.142081,0.000065,-0.142016,-0.142016,-0.142016,-0.071008,-0.071008,0,0,1,0,0.000000,0.090000,0.012000,0.001000,4.500000,0.080000,24.000000,0.030000,0.000000
5.622000,0.300000,0.440000,-0.095761,-0.000000,-0.095761,0.057163,0.000000,-0.057163,0.075026,0.000035,0.076757,0.073720,-0.001306,-0.005879,-0.005914,-0.005145,0.002109,0.000013,-0.005876,-0.000003,-0.141945,0.000034,-0.141910,-0.141910,-0.141910,-0.070955,-0.070955,0,0,1,0,0.000000,0.090000,0.012000,0.001000,4.500000,0.080000,24.000000,0.030000,0.000000
5.631000,0.300000,0.440000,-0.095202,-0.000000,-0.095202,0.057038,0.000000,-0.057038,0.075026,0.000038,0.076757,0.073723,-0.001303,-0.005868,-0.005906,-0.005133,0.002103,0.000014,-0.005865,-0.000003,-0.141754,0.000026,-0.141728,-0.141728,-0.141728,-0.070864,-0.070864,0,0,1,0,0.000000,0.090000,0.012000,0.001000,4.500000,0.080000,24.000000,0.030000,0.000000
5.636000,0.300000,0.440000,-0.094923,-0.000000,-0.094923,0.056975,0.000000,-0.056975,0.075026,0.000038,0.076757,0.073726,-0.001301,-0.005856,-0.005894,-0.005128,0.002099,0.000012,-0.005853,-0.000003,-0.141466,0.000072,-0.141393,-0.141393,-0.141393,-0.070697,-0.070697,0,0,1,0,0.000000,0.090000,0.012000,0.001000,4.500000,0.080000,24.000000,0.030000,0.000000
5.641000,0.300000,0.440000,-0.094644,-0.000000,-0.094644,0.056913,0.000000,-0.056913,0.075027,0.000040,0.076757,0.073728,-0.001299,-0.005847,-0.005887,-0.005122,0.002096,0.000012,-0.005843,-0.000003,-0.141280,0.000046,-0.141234,-0.141234,-0.141234,-0.070617,-0.070617,0,0,1,0,0.000000,0.090000,0.012000,0.001000,4.500000,0.080000,24.000000,0.030000,0.000000
5.646000,0.300000,0.440000,-0.094366,-0.000000,-0.094366,0.056851,0.000000,-0.056851,0.075027,0.000040,0.076757,0.073731,-0.001296,-0.005835,-0.005875,-0.005117,0.002093,0.000012,-0.005832,-0.000003,-0.141006,0.000069,-0.140937,-0.140937,-0.140937,-0.070469,-0.070469,0,0,1,0,0.000000,0.090000,0.012000,0.001000,4.500000,0.080000,24.000000,0.030000,0.000000
5.651000,0.300000,0.440000,-0.094088,-0.000000,-0.094088,0.056788,0.000000,-0.056788,0.075027,0.000042,0.076757,0.073733,-0.001294,-0.005826,-0.005868,-0.005111,0.002089,0.000012,-0.005823,-0.000003,-0.140837,0.000042,-0.140794,-0.140794,-0.140794,-0.070397,-0.070397,0,0,1,0,0.000000,0.090000,0.012000,0.001000,4.500000,0.080000,24.000000,0.030000,0.000000
5.656000,0.300000,0.440000,-0.093810,-0.000000,-0.093810,0.056726,0.000000,-0.056726,0.075027,0.000042,0.076757,0.073736,-0.001292,-0.005815,-0.005857,-0.005105,0.002086,0.000012,-0.005812,-0.000003,-0.140572,0.000066,-0.140506,-0.140506,-0.140506,-0.070253,-0.070253,0,0,1,0,0.000000,0.090000,0.012000,0.001000,4.500000,0.080000,24.000000,0.030000,0.000000
5.661000,0.300000,0.440000,-0.093532,-0.000000,-0.093532,0.056663,0.000000,-0.056663,0.075028,0.000045,0.076757,0.073738,-0.001290,-0.005807,-0.005852,-0.005100,0.002082,0.000012,-0.005803,-0.000004,-0.140441,0.000033,-0.140408,-0.140408,-0.140408,-0.070204,-0.070204,0,0,1,0,0.000000,0.090000,0.012000,0.001000,4.500000,0.080000,24.000000,0.030000,0.000000
5.666000,0.300000,0.440000,-0.093255,-0.000000,-0.093255,0.056601,0.000000,-0.056601,0.075028,0.000045,0.076757,0.073740,-0.001287,-0.005796,-0.005841,-0.005094,0.002079,0.000013,-0.005793,-0.000004,-0.140183,0.000065,-0.140118,-0.140118,-0.140118,-0.070059,-0.070059,0,0,1,0,0.000000,0.090000,0.012000,0.001000,4.500000,0.080000,24.000000,0.030000,0.000000
5.671000,0.300000,0.440000,-0.092978,-0.000000,-0.092978,0.056538,0.000000,-0.056538,0.075028,0.000049,0.076757,0.073743,-0.001286,-0.005789,-0.005837,-0.005088,0.002076,0.000013,-0.005785,-0.000004,-0.140097,0.000021,-0.140076,-0.140076,-0.140076,-0.070038,-0.070038,0,0,1,0,0.000000,0.090000,0.012000,0.001000,4.500000,0.080000,24.000000,0.030000,0.000000
5.676000,0.300000,0.440000,-0.092702,-0.000000,-0.092702,0.056476,0.000000,-0.056476,0.075028,0.000049,0.076757,0.073745,-0.001283,-0.005778,-0.005827,-0.005083,0.002072,0.000013,-0.005774,-0.000004,-0.139843,0.000064,-0.139779,-0.139779,-0.139779,-0.069890,-0.069890,0,0,1,0,0.000000,0.090000,0.012000,0.001000,4.500000,0.080000,24.000000,0.030000,0.000000
5.685000,0.300000,0.440000,-0.092425,-0.000000,-0.092425,0.056413,0.000000,-0.056413,0.075029,0.000054,0.076757,0.073746,-0.001283,-0.005777,-0.005830,-0.005077,0.002066,0.000007,-0.005773,-0.000004,-0.139931,-0.000012,-0.139943,-0.139943,-0.139943,-0.069972,-0.069972,0,0,1,0,0.000000,0.090000,0.012000,0.001000,4.500000,0.080000,24.000000,0.030000,0.000000
5.690000,0.300000,0.440000,-0.092149,-0.000000,-0.092149,0.056350,0.000000,-0.056350,0.075030,0.000057,0.076757,0.073748,-0.001281,-0.005771,-0.005828,-0.005072,0.002063,0.000013,-0.005767,-0.000005,-0.139864,0.000017,-0.139848,-0.139848,-0.139848,-0.069924,-0.069924,0,0,1,0,0.000000,0.090000,0.012000,0.001000,4.500000,0.080000,24.000000,0.030000,0.000000
5.695000,0.300000,0.440000,-0.091874,-0.000000,-0.091874,0.056287,0.000000,-0.056287,0.075030,0.000059,0.076757,0.073751,-0.001279,-0.005762,-0.005821,-0.005066,0.002059,0.000013,-0.005757,-0.000005,-0.139701,0.000041,-0.139660,-0.139660,-0.139660,-0.069830,-0.069830,0,0,1,0,0.000000,0.090000,0.012000,0.001000,4.500000,0.080000,24.000000,0.030000,0.000000
5.700000,0.300000,0.440000,-0.091599,-0.000000,-0.091599,0.056225,0.000000,-0.056225,0.075030,0.000059,0.076757,0.073753,-0.001277,-0.005752,-0.005811,-0.005060,0.002056,0.000013,-0.005747,-0.000005,-0.139469,0.000058,-0.139411,-0.139411,-0.139411,-0.069705,-0.069705,0,0,1,0,0.000000,0.090000,0.012000,0.001000,4.500000,0.080000,24.000000,0.030000,0.000000
5.705000,0.300000,0.440000,-0.091324,-0.000000,-0.091324,0.056162,0.000000,-0.056162,0.075031,0.000061,0.076757,0.073755,-0.001276,-0.005746,-0.005807,-0.005055,0.002053,0.000012,-0.005741,-0.000005,-0.139370,0.000025,-0.139345,-0.139345,-0.139345,-0.069672,-0.069672,0,0,1,0,0.000000,0.090000,0.012000,0.001000,4.500000,0.080000,24.000000,0.030000,0.000000
5.710000,0.300000,0.440000,-0.091049,-0.000000,-0.091049,0.056100,0.000000,-0.056100,0.075031,0.000061,0.076757,0.073757,-0.001274,-0.005736,-0.005797,-0.005049,0.002049,0.000012,-0.005731,-0.000005,-0.139136,0.000058,-0.139078,-0.139078,-0.139078,-0.069539,-0.069539,0,0,1,0,0.000000,0.090000,0.012000,0.001000,4.500000,0.080000,24.000000,0.030000,0.000000
5.715000,0.300000,0.440000,-0.090774,-0.000000,-0.090774,0.056038,0.000000,-0.056038,0.075031,0.000061,0.076757,0.073759,-0.001272,-0.005729,-0.005790,-0.005043,0.002046,0.000012,-0.005724,-0.000005,-0.138963,0.000043,-0.138920,-0.138920,-0.138920,-0.069460,-0.069460,0,0,1,0,0.000000,0.090000,0.012000,0.001000,4.500000,0.080000,24.000000,0.030000,0.000000
5.720000,0.300000,0.440000,-0.090500,-0.000000,-0.090500,0.055976,0.000000,-0.055976,0.075031,0.000061,0.076757,0.073761,-0.001270,-0.005720,-0.005780,-0.005038,0.002043,0.000012,-0.005715,-0.000005,-0.138729,0.000059,-0.138670,-0.138670,-0.138670,-0.069335,-0.069335,0,0,1,0,0.000000,0.090000,0.012000,0.001000,4.500000,0.080000,24.000000,0.030000,0.000000
5.725000,0.300000,0.440000,-0.090226,-0.000000,-0.090226,0.055914,0.000000,-0.055914,0.075032,0.000060,0.076757,0.073763,-0.001268,-0.005712,-0.005772,-0.005032,0.002039,0.000012,-0.005708,-0.000005,-0.138538,0.000048,-0.138491,-0.138491,-0.138491,-0.069245,-0.069245,0,0,1,0,0.000000,0.090000,0.012000,0.001000,4.500000,0.080000,24.000000,0.030000,0.000000
5.734000,0.300000,0.440000,-0.089680,-0.000000,-0.089680,0.055790,0.000000,-0.055790,0.075032,0.000060,0.076757,0.073766,-0.001266,-0.005702,-0.005762,-0.005021,0.002033,0.000014,-0.005697,-0.000005,-0.138285,0.000035,-0.138250,-0.138250,-0.138250,-0.069125,-0.069125,0,0,1,0,0.000000,0.090000,0.012000,0.001000,4.500000,0.080000,24.000000,0.030000,0.000000
5.739000,0.300000,0.440000,-0.089407,-0.000000,-0.089407,0.055729,0.000000,-0.055729,0.075032,0.000060,0.076757,0.073769,-0.001264,-0.005691,-0.005751,-0.005016,0.002030,0.000012,-0.005686,-0.000005,-0.138012,0.000068,-0.137944,-0.137944,-0.137944,-0.068972,-0.068972,0,0,1,0,0.000000,0.090000,0.012000,0.001000,4.500000,0.080000,24.000000,0.030000,0.000000
5.744000,0.300000,0.440000,-0.089134,-0.000000,-0.089134,0.055667,0.000000,-0.055667,0.075033,0.000058,0.076757,0.073771,-0.001262,-0.005682,-0.005740,-0.005010,0.002027,0.000012,-0.005677,-0.000005,-0.137771,0.000060,-0.137710,-0.137710,-0.137710,-0.068855,-0.068855,0,0,1,0,0.000000,0.090000,0.012000,0.001000,4.500000,0.080000,24.000000,0.030000,0.000000
5.749000,0.300000,0.440000,-0.088862,-0.000000,-0.088862,0.055605,0.000000,-0.055605,0.075033,0.000058,0.076757,0.073774,-0.001259,-0.005671,-0.005729,-0.005004,0.002023,0.000012,-0.005666,-0.000005,-0.137507,0.000066,-0.137441,-0.137441,-0.137441,-0.068721,-0.068721,0,0,1,0,0.000000,0.090000,0.012000,0.001000,4.500000,0.080000,24.000000,0.030000,0.000000
5.754000,0.300000,0.440000,-0.088590,-0.000000,-0.088590,0.055543,0.000000,-0.055543,0.075034,0.000058,0.076757,0.073776,-0.001257,-0.005663,-0.005721,-0.004999,0.002020,0.000012,-0.005658,-0.000005,-0.137298,0.000052,-0.137246,-0.137246,-0.137246,-0.068623,-0.068623,0,0,1,0,0.000000,0.090000,0.012000,0.001000,4.500000,0.080000,24.000000,0.030000,0.000000
5.759000,0.300000,0.440000,-0.088318,-0.000000,-0.088318,0.055481,0.000000,-0.055481,0.075034,0.000058,0.076757,0.073779,-0.001255,-0.005652,-0.005710,-0.004993,0.002017,0.000012,-0.005647,-0.000005,-0.137040,0.000064,-0.136976,-0.136976,-0.136976,-0.068488,-0.068488,0,0,1,0,0.000000,0.090000,0.012000,0.001000,4.500000,0.080000,24.000000,0.030000,0.000000
5.764000,0.300000,0.440000,-0.088047,-0.000000,-0.088047,0.055419,0.000000,-0.055419,0.075034,0.000060,0.076757,0.073781,-0.001253,-0.005644,-0.005704,-0.004988,0.002013,0.000012,-0.005639,-0.000005,-0.136893,0.000037,-0.136856,-0.136856,-0.136856,-0.068428,-0.068428,0,0,1,0,0.000000,0.090000,0.012000,0.001000,4.500000,0.080000,24.000000,0.030000,0.000000
5.769000,0.300000,0.440000,-0.087776,-0.000000,-0.087776,0.055357,0.000000,-0.055357,0.075034,0.000060,0.076757,0.073783,-0.001251,-0.005634,-0.005693,-0.004982,0.002010,0.000012,-0.005629,-0.000005,-0.136638,0.000064,-0.136574,-0.136574,-0.136574,-0.068287,-0.068287,0,0,1,0,0.000000,0.090000,0.012000,0.001000,4.500000,0.080000,24.000000,0.030000,0.000000
5.774000,0.300000,0.440000,-0.087505,-0.000000,-0.087505,0.055295,0.000000,-0.055295,0.075035,0.000063,0.076757,0.073786,-0.001249,-0.005627,-0.005690,-0.004977,0.002007,0.000012,-0.005622,-0.000005,-0.136560,0.000019,-0.136541,-0.136541,-0.136541,-0.068271,-0.068271,0,0,1,0,0.000000,0.090000,0.012000,0.001000,4.500000,0.080000,24.000000,0.030000,0.000000
5.779000,0.300000,0.440000,-0.087235,-0.000000,-0.087235,0.055233,0.000000,-0.055233,0.075035,0.000063,0.076757,0.073788,-0.001247,-0.005616,-0.005679,-0.004971,0.002003,0.000012,-0.005611,-0.000005,-0.136307,0.000063,-0.136244,-0.136244,-0.136244,-0.068122,-0.068122,0,0,1,0,0.000000,0.090000,0.012000,0.001000,4.500000,0.080000,24.000000,0.030000,0.000000
5.784000,0.300000,0.440000,-0.086965,-0.000000,-0.086965,0.055170,0.000000,-0.055170,0.075036,0.000069,0.076757,0.073790,-0.001245,-0.005610,-0.005679,-0.004965,0.002000,0.000012,-0.005604,-0.000006,-0.136289,0.000005,-0.136284,-0.136284,-0.136284,-0.068142,-0.068142,0,0,1,0,0.000000,0.090000,0.012000,0.001000,4.500000,0.080000,24.000000,0.030000,0.000000
5.789000,0.300000,0.440000,-0.086695,-0.000000,-0.086695,0.055108,0.000000,-0.055108,0.075036,0.000069,0.076757,0.073793,-0.001243,-0.005599,-0.005668,-0.004960,0.001997,0.000013,-0.005594,-0.000006,-0.136036,0.000063,-0.135972,-0.135972,-0.135972,-0.067986,-0.067986,0,0,1,0,0.000000,0.090000,0.012000,0.001000,4.500000,0.080000,24.000000,0.030000,0.000000
5.794000,0.300000,0.440000,-0.086426,-0.000000,-0.086426,0.055045,0.000000,-0.055045,0.075037,0.000075,0.076757,0.073795,-0.001242,-0.005594,-0.005669,-0.004954,0.001993,0.000013,-0.005588,-0.000006,-0.136052,-0.000004,-0.136056,-0.136056,-0.136056,-0.068028,-0.068028,0,0,1,0,0.000000,0.090000,0.012000,0.001000,4.500000,0.080000,24.000000,0.030000,0.000000
5.799000,0.300000,0.440000,-0.086157,-0.000000,-0.086157,0.054983,0.000000,-0.054983,0.075037,0.000075,0.076757,0.073797,-0.001239,-0.005583,-0.005658,-0.004948,0.001990,0.000013,-0.005577,-0.000006,-0.135799,0.000063,-0.135736,-0.135736,-0.135736,-0.067868,-0.067868,0,0,1,0,0.000000,0.090000,0.012000,0.001000,4.500000,0.080000,24.000000,0.030000,0.000000
5.808000,0.300000,0.440000,-0.085619,-0.000000,-0.085619,0.054857,0.000000,-0.054857,0.075038,0.000081,0.076757,0.073800,-0.001237,-0.005575,-0.005656,-0.004937,0.001984,0.000014,-0.005569,-0.000006,-0.135749,0.000007,-0.135742,-0.135742,-0.135742,-0.067871,-0.067871,0,0,1,0,0.000000,0.090000,0.012000,0.001000,4.500000,0.080000,24.000000,0.030000,0.000000
5.813000,0.300000,0.440000,-0.085351,-0.000000,-0.085351,0.054795,0.000000,-0.054795,0.075039,0.000087,0.076757,0.073803,-0.001236,-0.005568,-0.005655,-0.004932,0.001981,0.000012,-0.005561,-0.000007,-0.135718,0.000008,-0.135710,-0.135710,-0.135710,-0.067855,-0.067855,0,0,1,0,0.000000,0.090000,0.012000,0.001000,4.500000,0.080000,24.000000,0.030000,0.000000
5.818000,0.300000,0.440000,-0.085083,-0.000000,-0.085083,0.054733,0.000000,-0.054733,0.075039,0.000087,0.076757,0.073806,-0.001233,-0.005556,-0.005643,-0.004926,0.001978,0.000012,-0.005550,-0.000007,-0.135434,0.000071,-0.135363,-0.135363,-0.135363,-0.067681,-0.067681,0,0,1,0,0.000000,0.090000,0.012000,0.001000,4.500000,0.080000,24.000000,0.030000,0.000000
5.823000,0.300000,0.440000,-0.084816,-0.000000,-0.084816,0.054671,0.000000,-0.054671,0.075040,0.000089,0.076757,0.073808,-0.001232,-0.005550,-0.005638,-0.004920,0.001974,0.000012,-0.005543,-0.000007,-0.135323,0.000028,-0.135295,-0.135295,-0.135295,-0.067648,-0.067648,0,0,1,0,0.000000,0.090000,0.012000,0.001000,4.500000,0.080000,24.000000,0.030000,0.000000
5.828000,0.300000,0.440000,-0.084549,-0.000000,-0.084549,0.054609,0.000000,-0.054609,0.075040,0.000089,0.076757,0.073811,-0.001229,-0.005538,-0.005627,-0.004915,0.001971,0.000012,-0.005531,-0.000007,-0.135050,0.000068,-0.134982,-0.134982,-0.134982,-0.067491,-0.067491,0,0,1,0,0.000000,0.090000,0.012000,0.001000,4.500000,0.080000,24.000000,0.030000,0.000000
5.833000,0.300000,0.440000,-0.084282,-0.000000,-0.084282,0.054547,0.000000,-0.054547,0.075041,0.000089,0.076757,0.073813,-0.001228,-0.005531,-0.005620,-0.004909,0.001968,0.000012,-0.005524,-0.000007,-0.134884,0.000042,-0.134842,-0.134842,-0.134842,-0.067421,-0.067421,0,0,1,0,0.000000,0.090000,0.012000,0.001000,4.500000,0.080000,24.000000,0.030000,0.000000
5.838000,0.300000,0.440000,-0.084015,-0.000000,-0.084015,0.054485,0.000000,-0.054485,0.075041,0.000089,0.076757,0.073816,-0.001225,-0.005520,-0.005609,-0.004904,0.001964,0.000012,-0.005513,-0.000007,-0.134618,0.000066,-0.134552,-0.134552,-0.134552,-0.067276,-0.067276,0,0,1,0,0.000000,0.090000,0.012000,0.001000,4.500000,0.080000,24.000000,0.030000,0.000000
5.843000,0.300000,0.440000,-0.083749,-0.000000,-0.083749,0.054423,0.000000,-0.054423,0.075042,0.000088,0.076757,0.073818,-0.001224,-0.005513,-0.005601,-0.004898,0.001961,0.000012,-0.005506,-0.000007,-0.134427,0.000048,-0.134379,-0.134379,-0.134379,-0.067190,-0.067190,0,0,1,0,0.000000,0.090000,0.012000,0.001000,4.500000,0.080000,24.000000,0.030000,0.000000
5.848000,0.300000,0.440000,-0.083482,-0.000000,-0.083482,0.054362,0.000000,-0.054362,0.075042,0.000088,0.076757,0.073821,-0.001221,-0.005502,-0.005590,-0.004893,0.001958,0.000012,-0.005495,-0.000007,-0.134168,0.000065,-0.134103,-0.134103,-0.134103,-0.067051,-0.067051,0,0,1,0,0.000000,0.090000,0.012000,0.001000,4.500000,0.080000,24.000000,0.030000,0.000000
5.857000,0.300000,0.440000,-0.082951,-0.000000,-0.082951,0.054239,0.000000,-0.054239,0.075043,0.000087,0.076757,0.073824,-0.001219,-0.005493,-0.005580,-0.004881,0.001952,0.000014,-0.005486,-0.000007,-0.133913,0.000035,-0.133878,-0.133878,-0.133878,-0.066939,-0.066939,0,0,1,0,0.000000,0.090000,0.012000,0.001000,4.500000,0.080000,24.000000,0.030000,0.000000
5.862000,0.300000,0.440000,-0.082686,-0.000000,-0.082686,0.054177,0.000000,-0.054177,0.075043,0.000087,0.076757,0.073826,-0.001217,-0.005484,-0.005571,-0.004876,0.001949,0.000012,-0.005477,-0.000007,-0.133704,0.000052,-0.133651,-0.133651,-0.133651,-0.066826,-0.066826,0,0,1,0,0.000000,0.090000,0.012000,0.001000,4.500000,0.080000,24.000000,0.030000,0.000000
5.867000,0.300000,0.440000,-0.082421,-0.000000,-0.082421,0.054116,0.000000,-0.054116,0.075043,0.000087,0.076757,0.073829,-0.001215,-0.005472,-0.005559,-0.004870,0.001946,0.000012,-0.005465,-0.000007,-0.133417,0.000072,-0.133346,-0.133346,-0.133346,-0.066673,-0.066673,0,0,1,0,0.000000,0.090000,0.012000,0.001000,4.500000,0.080000,24.000000,0.030000,0.000000
5.872000,0.300000,0.440000,-0.082157,-0.000000,-0.082157,0.054054,0.000000,-0.054054,0.075044,0.000087,0.076757,0.073832,-0.001213,-0.005464,-0.005551,-0.004865,0.001942,0.000012,-0.005457,-0.000007,-0.133227,0.000048,-0.133179,-0.133179,-0.133179,-0.066590,-0.066590,0,0,1,0,0.000000,0.090000,0.012000,0.001000,4.500000,0.080000,24.000000,0.030000,0.000000
5.877000,0.300000,0.440000,-0.081892,-0.000000,-0.081892,0.053992,0.000000,-0.053992,0.075044,0.000087,0.076757,0.073834,-0.001210,-0.005453,-0.005540,-0.004859,0.001939,0.000012,-0.005446,-0.000007,-0.132951,0.000069,-0.132882,-0.132882,-0.132882,-0.066441,-0.066441,0,0,1,0,0.000000,0.090000,0.012000,0.001000,4.500000,0.080000,24.000000,0.030000,0.000000
5.886000,0.300000,0.440000,-0.081365,-0.000000,-0.081365,0.053869,0.000000,-0.053869,0.075045,0.000088,0.076757,0.073837,-0.001208,-0.005443,-0.005531,-0.004848,0.001933,0.000014,-0.005436,-0.000007,-0.132744,0.000029,-0.132715,-0.132715,-0.132715,-0.066357,-0.066357,0,0,1,0,0.000000,0.090000,0.012000,0.001000,4.500000,0.080000,24.000000,0.030000,0.000000
5.891000,0.300000,0.440000,-0.081102,-0.000000,-0.081102,0.053807,0.000000,-0.053807,0.075046,0.000091,0.076757,0.073840,-0.001206,-0.005435,-0.005526,-0.004843,0.001930,0.000012,-0.005428,-0.000007,-0.132621,0.000031,-0.132591,-0.132591,-0.132591,-0.066295,-0.066295,0,0,1,0,0.000000,0.090000,0.012000,0.001000,4.500000,0.080000,24.000000,0.030000,0.000000
5.896000,0.300000,0.440000,-0.080839,-0.000000,-0.080839,0.053745,0.000000,-0.053745,0.075046,0.000091,0.076757,0.073843,-0.001203,-0.005422,-0.005513,-0.004837,0.001927,0.000012,-0.005415,-0.000007,-0.132322,0.000075,-0.132248,-0.132248,-0.132248,-0.066124,-0.066124,0,0,1,0,0.000000,0.090000,0.012000,0.001000,4.500000,0.080000,24.000000,0.030000,0.000000
5.901000,0.300000,0.440000,-0.080576,-0.000000,-0.080576,0.053684,0.000000,-0.053684,0.075047,0.000094,0.076757,0.073846,-0.001202,-0.005415,-0.005509,-0.004832,0.001924,0.000012,-0.005408,-0.000008,-0.132227,0.000024,-0.132204,-0.132204,-0.132204,-0.066102,-0.066102,0,0,1,0,0.000000,0.090000,0.012000,0.001000,4.500000,0.080000,24.000000,0.030000,0.000000
5.906000,0.300000,0.440000,-0.080314,-0.000000,-0.080314,0.053622,0.000000,-0.053622,0.075047,0.000094,0.076757,0.073848,-0.001199,-0.005403,-0.005498,-0.004826,0.001920,0.000012,-0.005396,-0.000008,-0.131941,0.000072,-0.131869,-0.131869,-0.131869,-0.065934,-0.065934,0,0,1,0,0.000000,0.090000,0.012000,0.001000,4.500000,0.080000,24.000000,0.030000,0.000000
5.911000,0.300000,0.440000,-0.080052,-0.000000,-0.080052,0.053560,0.000000,-0.053560,0.075048,0.000098,0.076757,0.073851,-0.001198,-0.005397,-0.005495,-0.004820,0.001917,0.000012,-0.005389,-0.000008,-0.131886,0.000014,-0.131872,-0.131872,-0.131872,-0.065936,-0.065936,0,0,1,0,0.000000,0.090000,0.012000,0.001000,4.500000,0.080000,24.000000,0.030000,0.000000
5.916000,0.300000,0.440000,-0.079790,-0.000000,-0.079790,0.053498,0.000000,-0.053498,0.075048,0.000098,0.076757,0.073853,-0.001195,-0.005385,-0.005484,-0.004815,0.001914,0.000012,-0.005377,-0.000008,-0.131608,0.000070,-0.131538,-0.131538,-0.131538,-0.065769,-0.065769,0,0,1,0,0.000000,0.090000,0.012000,0.001000,4.500000,0.080000,24.000000,0.030000,0.000000
5.921000,0.300000,0.440000,-0.079528,-0.000000,-0.079528,0.053436,0.000000,-0.053436,0.075050,0.000103,0.076757,0.073856,-0.001194,-0.005380,-0.005483,-0.004809,0.001911,0.000012,-0.005371,-0.000008,-0.131590,0.000004,-0.131585,-0.131585,-0.131585,-0.065793,-0.065793,0,0,1,0,0.000000,0.090000,0.012000,0.001000,4.500000,0.080000,24.000000,0.030000,0.000000
5.926000,0.300000,0.440000,-0.079267,-0.000000,-0.079267,0.053374,0.000000,-0.053374,0.075050,0.000103,0.076757,0.073858,-0.001191,-0.005368,-0.005472,-0.004804,0.001908,0.000012,-0.005360,-0.000008,-0.131317,0.000068,-0.131249,-0.131249,-0.131249,-0.065625,-0.065625,0,0,1,0,0.000000,0.090000,0.012000,0.001000,4.500000,0.080000,24.000000,0.030000,0.000000
5.936000,0.300000,0.440000,-0.078746,-0.000000,-0.078746,0.053250,0.000000,-0.053250,0.075051,0.000108,0.076757,0.073861,-0.001190,-0.005362,-0.005470,-0.004792,0.001901,0.000012,-0.005353,-0.000009,-0.131282,0.000004,-0.131278,-0.131278,-0.131278,-0.065639,-0.065639,0,0,1,0,0.000000,0.090000,0.012000,0.001000,4.500000,0.080000,24.000000,0.030000,0.000000
5.945000,0.300000,0.440000,-0.078486,-0.000000,-0.078486,0.053188,0.000000,-0.053188,0.075052,0.000114,0.076757,0.073863,-0.001189,-0.005361,-0.005475,-0.004787,0.001895,0.000007,-0.005352,-0.000009,-0.131393,-0.000015,-0.131408,-0.131408,-0.131408,-0.065704,-0.065704,0,0,1,0,0.000000,0.090000,0.012000,0.001000,4.500000,0.080000,24.000000,0.030000,0.000000
5.950000,0.300000,0.440000,-0.078226,-0.000000,-0.078226,0.053126,0.000000,-0.053126,0.075052,0.000114,0.076757,0.073865,-0.001187,-0.005350,-0.005463,-0.004781,0.001892,0.000012,-0.005341,-0.000009,-0.131120,0.000068,-0.131052,-0.131052,-0.131052,-0.065526,-0.065526,0,0,1,0,0.000000,0.090000,0.012000,0.001000,4.500000,0.080000,24.000000,0.030000,0.000000
5.955000,0.300000,0.440000,-0.077966,-0.000000,-0.077966,0.053064,0.000000,-0.053064,0.075054,0.000116,0.076757,0.073868,-0.001186,-0.005345,-0.005460,-0.004776,0.001889,0.000012,-0.005335,-0.000009,-0.131050,0.000018,-0.131032,-0.131032,-0.131032,-0.065516,-0.065516,0,0,1,0,0.000000,0.090000,0.012000,0.001000,4.500000,0.080000,24.000000,0.030000,0.000000
5.960000,0.300000,0.440000,-0.077707,-0.000000,-0.077707,0.053003,0.000000,-0.053003,0.075054,0.000116,0.076757,0.073870,-0.001183,-0.005334,-0.005449,-0.004770,0.001886,0.000012,-0.005324,-0.000009,-0.130784,0.000066,-0.130718,-0.130718,-0.130718,-0.065359,-0.065359,0,0,1,0,0.000000,0.090000,0.012000,0.001000,4.500000,0.080000,24.000000,0.030000,0.000000
5.965000,0.300000,0.440000,-0.077448,-0.000000,-0.077448,0.052942,0.000000,-0.052942,0.075055,0.000113,0.076757,0.073873,-0.001182,-0.005327,-0.005441,-0.004765,0.001883,0.000012,-0.005318,-0.000009,-0.130578,0.000051,-0.130527,-0.130527,-0.130527,-0.065264,-0.065264,0,0,1,0,0.000000,0.090000,0.012000,0.001000,4.500000,0.080000,24.000000,0.030000,0.000000
5.970000,0.300000,0.440000,-0.077189,-0.000000,-0.077189,0.052881,0.000000,-0.052881,0.075055,0.000113,0.076757,0.073875,-0.001179,-0.005317,-0.005430,-0.004759,0.001879,0.000012,-0.005308,-0.000009,-0.130319,0.000065,-0.130254,-0.130254,-0.130254,-0.065127,-0.065127,0,0,1,0,0.000000,0.090000,0.012000,0.001000,4.500000,0.080000,24.000000,0.030000,0.000000
5.975000,0.300000,0.440000,-0.076931,-0.000000,-0.076931,0.052821,0.000000,-0.052821,0.075056,0.000108,0.076757,0.073878,-0.001178,-0.005310,-0.005418,-0.004754,0.001876,0.000012,-0.005301,-0.000009,-0.130030,0.000072,-0.129958,-0.129958,-0.129958,-0.064979,-0.064979,0,0,1,0,0.000000,0.090000,0.012000,0.001000,4.500000,0.080000,24.000000,0.030000,0.000000
5.980000,0.300000,0.440000,-0.076673,-0.000000,-0.076673,0.052760,0.000000,-0.052760,0.075056,0.000108,0.076757,0.073880,-0.001176,-0.005299,-0.005407,-0.004748,0.001873,0.000012,-0.005290,-0.000009,-0.129775,0.000064,-0.129711,-0.129711,-0.129711,-0.064856,-0.064856,0,0,1,0,0.000000,0.090000,0.012000,0.001000,4.500000,0.080000,24.000000,0.030000,0.000000
5.989000,0.300000,0.440000,-0.076157,-0.000000,-0.076157,0.052639,0.000000,-0.052639,0.075056,0.000104,0.076757,0.073883,-0.001174,-0.005289,-0.005393,-0.004737,0.001867,0.000013,-0.005281,-0.000008,-0.129435,0.000047,-0.129388,-0.129388,-0.129388,-0.064694,-0.064694,0,0,1,0,0.000000,0.090000,0.012000,0.001000,4.500000,0.080000,24.000000,0.030000,0.000000
5.994000,0.300000,0.440000,-0.075900,-0.000000,-0.075900,0.052578,0.000000,-0.052578,0.075057,0.000101,0.076757,0.073886,-0.001172,-0.005281,-0.005382,-0.004732,0.001864,0.000012,-0.005273,-0.000008,-0.129161,0.000068,-0.129093,-0.129093,-0.129093,-0.064547,-0.064547,0,0,1,0,0.000000,0.090000,0.012000,0.001000,4.500000,0.080000,24.000000,0.030000,0.000000
5.999000,0.300000,0.440000,-0.075643,-0.000000,-0.075643,0.052517,0.000000,-0.052517,0.075057,0.000101,0.076757,0.073888,-0.001169,-0.005269,-0.005370,-0.004727,0.001861,0.000012,-0.005261,-0.000008,-0.128877,0.000071,-0.128805,-0.128805,-0.128805,-0.064403,-0.064403,0,0,1,0,0.000000,0.090000,0.012000,0.001000,4.500000,0.080000,24.000000,0.030000,0.000000
6.004000,0.300000,0.440000,-0.075387,-0.000000,-0.075387,0.052456,0.000000,-0.052456,0.075058,0.000100,0.076757,0.073891,-0.001167,-0.005261,-0.005361,-0.004721,0.001858,0.000012,-0.005253,-0.000008,-0.128671,0.000051,-0.128620,-0.128620,-0.128620,-0.064310,-0.064310,0,0,1,0,0.000000,0.090000,0.012000,0.001000,4.500000,0.080000,24.000000,0.030000,0.000000
6.009000,0.300000,0.440000,-0.075130,-0.000000,-0.075130,0.052395,0.000000,-0.052395,0.075058,0.000100,0.076757,0.073893,-0.001165,-0.005250,-0.005350,-0.004716,0.001855,0.000012,-0.005242,-0.000008,-0.128394,0.000069,-0.128325,-0.128325,-0.128325,-0.064163,-0.064163,0,0,1,0,0.000000,0.090000,0.012000,0.001000,4.500000,0.080000,24.000000,0.030000,0.000000
6.014000,0.300000,0.440000,-0.074874,-0.000000,-0.074874,0.052334,0.000000,-0.052334,0.075059,0.000102,0.076757,0.073896,-0.001163,-0.005243,-0.005345,-0.004710,0.001852,0.000012,-0.005235,-0.000008,-0.128292,0.000026,-0.128266,-0.128266,-0.128266,-0.064133,-0.064133,0,0,1,0,0.000000,0.090000,0.012000,0.001000,4.500000,0.080000,24.000000,0.030000,0.000000
6.019000,0.300000,0.440000,-0.074619,-0.000000,-0.074619,0.052273,0.000000,-0.052273,0.075059,0.000102,0.076757,0.073899,-0.001161,-0.005232,-0.005334,-0.004705,0.001849,0.000012,-0.005224,-0.000008,-0.128019,0.000068,-0.127951,-0.127951,-0.127951,-0.063976,-0.063976,0,0,1,0,0.000000,0.090000,0.012000,0.001000,4.500000,0.080000,24.000000,0.030000,0.000000
6.024000,0.300000,0.440000,-0.074363,-0.000000,-0.074363,0.052211,0.000000,-0.052211,0.075061,0.000108,0.076757,0.073901,-0.001160,-0.005227,-0.005334,-0.004699,0.001845,0.000012,-0.005218,-0.000009,-0.128019,0.000000,-0.128019,-0.128019,-0.128019,-0.064010,-0.064010,0,0,1,0,0.000000,0.090000,0.012000,0.001000,4.500000,0.080000,24.000000,0.030000,0.000000
6.029000,0.300000,0.440000,-0.074108,-0.000000,-0.074108,0.052150,0.000000,-0.052150,0.075061,0.000108,0.076757,0.073904,-0.001157,-0.005215,-0.005323,-0.004693,0.001842,0.000012,-0.005207,-0.000009,-0.127749,0.000068,-0.127682,-0.127682,-0.127682,-0.063841,-0.063841,0,0,1,0,0.000000,0.090000,0.012000,0.001000,4.500000,0.080000,24.000000,0.030000,0.000000
6.034000,0.300000,0.440000,-0.073854,-0.000000,-0.073854,0.052088,0.000000,-0.052088,0.075062,0.000115,0.076757,0.073906,-0.001156,-0.005211,-0.005326,-0.004688,0.001839,0.000012,-0.005202,-0.000009,-0.127825,-0.000019,-0.127844,-0.127844,-0.127844,-0.063922,-0.063922,0,0,1,0,0.000000,0.090000,0.012000,0.001000,4.500000,0.080000,24.000000,0.030000,0.000000
6.043000,0.300000,0.440000,-0.073345,-0.000000,-0.073345,0.051964,0.000000,-0.051964,0.075064,0.000123,0.076757,0.073909,-0.001154,-0.005204,-0.005328,-0.004677,0.001834,0.000014,-0.005195,-0.000010,-0.127861,-0.000005,-0.127866,-0.127866,-0.127866,-0.063933,-0.063933,0,0,1,0,0.000000,0.090000,0.012000,0.001000,4.500000,0.080000,24.000000,0.030000,0.000000
6.048000,0.300000,0.440000,-0.073091,-0.000000,-0.073091,0.051902,0.000000,-0.051902,0.075064,0.000123,0.076757,0.073912,-0.001152,-0.005192,-0.005315,-0.004671,0.001830,0.000012,-0.005182,-0.000010,-0.127554,0.000077,-0.127477,-0.127477,-0.127477,-0.063739,-0.063739,0,0,1,0,0.000000,0.090000,0.012000,0.001000,4.500000,0.080000,24.000000,0.030000,0.000000
6.053000,0.300000,0.440000,-0.072838,-0.000000,-0.072838,0.051841,0.000000,-0.051841,0.075065,0.000128,0.076757,0.073915,-0.001150,-0.005186,-0.005315,-0.004666,0.001827,0.000012,-0.005176,-0.000010,-0.127551,0.000001,-0.127551,-0.127551,-0.127551,-0.063775,-0.063775,0,0,1,0,0.000000,0.090000,0.012000,0.001000,4.500000,0.080000,24.000000,0.030000,0.000000
6.058000,0.300000,0.440000,-0.072585,-0.000000,-0.072585,0.051779,0.000000,-0.051779,0.075065,0.000128,0.076757,0.073918,-0.001148,-0.005174,-0.005302,-0.004660,0.001824,0.000012,-0.005164,-0.000010,-0.127258,0.000073,-0.127185,-0.127185,-0.127185,-0.063592,-0.063592,0,0,1,0,0.000000,0.090000,0.012000,0.001000,4.500000,0.080000,24.000000,0.030000,0.000000
6.063000,0.300000,0.440000,-0.072332,-0.000000,-0.072332,0.051718,0.000000,-0.051718,0.075067,0.000131,0.076757,0.073920,-0.001146,-0.005169,-0.005300,-0.004655,0.001821,0.000012,-0.005159,-0.000010,-0.127199,0.000015,-0.127185,-0.127185,-0.127185,-0.063592,-0.063592,0,0,1,0,0.000000,0.090000,0.012000,0.001000,4.500000,0.080000,24.000000,0.030000,0.000000
6.068000,0.300000,0.440000,-0.072079,-0.000000,-0.072079,0.051657,0.000000,-0.051657,0.075067,0.000131,0.076757,0.073923,-0.001144,-0.005157,-0.005288,-0.004649,0.001818,0.000012,-0.005147,-0.000010,-0.126916,0.000071,-0.126845,-0.126845,-0.126845,-0.063423,-0.063423,0,0,1,0,0.000000,0.090000,0.012000,0.001000,4.500000,0.080000,24.000000,0.030000,0.000000
6.073000,0.300000,0.440000,-0.071827,-0.000000,-0.071827,0.051596,0.000000,-0.051596,0.075068,0.000132,0.076757,0.073925,-0.001143,-0.005152,-0.005284,-0.004644,0.001815,0.000012,-0.005142,-0.000011,-0.126813,0.000026,-0.126787,-0.126787,-0.126787,-0.063393,-0.063393,0,0,1,0,0.000000,0.090000,0.012000,0.001000,4.500000,0.080000,24.000000,0.030000,0.000000
6.078000,0.300000,0.440000,-0.071575,-0.000000,-0.071575,0.051535,0.000000,-0.051535,0.075068,0.000132,0.076757,0.073928,-0.001140,-0.005141,-0.005272,-0.004638,0.001812,0.000012,-0.005130,-0.000011,-0.126537,0.000069,-0.126468,-0.126468,-0.126468,-0.063234,-0.063234,0,0,1,0,0.000000,0.090000,0.012000,0.001000,4.500000,0.080000,24.000000,0.030000,0.000000
6.083000,0.300000,0.440000,-0.071323,-0.000000,-0.071323,0.051474,0.000000,-0.051474,0.075069,0.000132,0.076757,0.073930,-0.001139,-0.005135,-0.005267,-0.004633,0.001809,0.000012,-0.005125,-0.000011,-0.126407,0.000032,-0.126375,-0.126375,-0.126375,-0.063187,-0.063187,0,0,1,0,0.000000,0.090000,0.012000,0.001000,4.500000,0.080000,24.000000,0.030000,0.000000
6.092000,0.300000,0.440000,-0.070821,-0.000000,-0.070821,0.051353,0.000000,-0.051353,0.075071,0.000131,0.076757,0.073934,-0.001137,-0.005127,-0.005258,-0.004622,0.001803,0.000013,-0.005116,-0.000011,-0.126200,0.000029,-0.126172,-0.126172,-0.126172,-0.063086,-0.063086,0,0,1,0,0.000000,0.090000,0.012000,0.001000,4.500000,0.080000,24.000000,0.030000,0.000000
6.097000,0.300000,0.440000,-0.070570,-0.000000,-0.070570,0.051292,0.000000,-0.051292,0.075071,0.000131,0.076757,0.073936,-0.001134,-0.005114,-0.005246,-0.004616,0.001800,0.000012,-0.005104,-0.000011,-0.125895,0.000076,-0.125819,-0.125819,-0.125819,-0.062909,-0.062909,0,0,1,0,0.000000,0.090000,0.012000,0.001000,4.500000,0.080000,24.000000,0.030000,0.000000
6.102000,0.300000,0.440000,-0.070319,-0.000000,-0.070319,0.051232,0.000000,-0.051232,0.075072,0.000129,0.076757,0.073939,-0.001133,-0.005107,-0.005237,-0.004611,0.001797,0.000012,-0.005097,-0.000010,-0.125681,0.000053,-0.125628,-0.125628,-0.125628,-0.062814,-0.062814,0,0,1,0,0.000000,0.090000,0.012000,0.001000,4.500000,0.080000,24.000000,0.030000,0.000000
6.107000,0.300000,0.440000,-0.070069,-0.000000,-0.070069,0.051172,0.000000,-0.051172,0.075072,0.000129,0.076757,0.073942,-0.001130,-0.005095,-0.005225,-0.004605,0.001794,0.000012,-0.005085,-0.000010,-0.125390,0.000073,-0.125317,-0.125317,-0.125317,-0.062659,-0.062659,0,0,1,0,0.000000,0.090000,0.012000,0.001000,4.500000,0.080000,24.000000,0.030000,0.000000
6.112000,0.300000,0.440000,-0.069819,-0.000000,-0.069819,0.051111,0.000000,-0.051111,0.075073,0.000128,0.076757,0.073945,-0.001129,-0.005089,-0.005217,-0.004600,0.001791,0.000012,-0.005078,-0.000010,-0.125199,0.000048,-0.125151,-0.125151,-0.125151,-0.062576,-0.062576,0,0,1,0,0.000000,0.090000,0.012000,0.001000,4.500000,0.080000,24.000000,0.030000,0.000000
6.117000,0.300000,0.440000,-0.069569,-0.000000,-0.069569,0.051051,0.000000,-0.051051,0.075073,0.000128,0.076757,0.073947,-0.001126,-0.005077,-0.005205,-0.004595,0.001788,0.000012,-0.005067,-0.000010,-0.124917,0.000070,-0.124847,-0.124847,-0.124847,-0.062423,-0.062423,0,0,1,0,0.000000,0.090000,0.012000,0.001000,4.500000,0.080000,24.000000,0.030000,0.000000
6.126000,0.300000,0.440000,-0.069071,-0.000000,-0.069071,0.050930,0.000000,-0.050930,0.075074,0.000128,0.076757,0.073950,-0.001124,-0.005068,-0.005196,-0.004584,0.001782,0.000013,-0.005058,-0.000010,-0.124715,0.000028,-0.124687,-0.124687,-0.124687,-0.062343,-0.062343,0,0,1,0,0.000000,0.090000,0.012000,0.001000,4.500000,0.080000,24.000000,0.030000,0.000000
6.131000,0.300000,0.440000,-0.068822,-0.000000,-0.068822,0.050869,0.000000,-0.050869,0.075076,0.000131,0.076757,0.073953,-0.001122,-0.005061,-0.005192,-0.004578,0.001779,0.000012,-0.005051,-0.000010,-0.124605,0.000027,-0.124578,-0.124578,-0.124578,-0.062289,-0.062289,0,0,1,0,0.000000,0.090000,0.012000,0.001000,4.500000,0.080000,24.000000,0.030000,0.000000
6.136000,0.300000,0.440000,-0.068574,-0.000000,-0.068574,0.050808,0.000000,-0.050808,0.075076,0.000131,0.076757,0.073956,-0.001120,-0.005049,-0.005179,-0.004573,0.001776,0.000012,-0.005038,-0.000010,-0.124299,0.000077,-0.124222,-0.124222,-0.124222,-0.062111,-0.062111,0,0,1,0,0.000000,0.090000,0.012000,0.001000,4.500000,0.080000,24.000000,0.030000,0.000000
6.141000,0.300000,0.440000,-0.068326,-0.000000,-0.068326,0.050747,0.000000,-0.050747,0.075077,0.000133,0.076757,0.073959,-0.001118,-0.005043,-0.005176,-0.004567,0.001773,0.000012,-0.005032,-0.000011,-0.124223,0.000019,-0.124204,-0.124204,-0.124204,-0.062102,-0.062102,0,0,1,0,0.000000,0.090000,0.012000,0.001000,4.500000,0.080000,24.000000,0.030000,0.000000
6.146000,0.300000,0.440000,-0.068078,-0.000000,-0.068078,0.050687,0.000000,-0.050687,0.075077,0.000133,0.076757,0.073962,-0.001116,-0.005030,-0.005164,-0.004562,0.001770,0.000012,-0.005020,-0.000011,-0.123929,0.000074,-0.123855,-0.123855,-0.123855,-0.061928,-0.061928,0,0,1,0,0.000000,0.090000,0.012000,0.001000,4.500000,0.080000,24.000000,0.030000,0.000000
6.151000,0.300000,0.440000,-0.067831,-0.000000,-0.067831,0.050626,0.000000,-0.050626,0.075079,0.000137,0.076757,0.073964,-0.001114,-0.005025,-0.005162,-0.004556,0.001767,0.000012,-0.005014,-0.000011,-0.123899,0.000007,-0.123891,-0.123891,-0.123891,-0.061946,-0.061946,0,0,1,0,0.000000,0.090000,0.012000,0.001000,4.500000,0.080000,24.000000,0.030000,0.000000
6.156000,0.300000,0.440000,-0.067584,-0.000000,-0.067584,0.050565,0.000000,-0.050565,0.075079,0.000137,0.076757,0.073967,-0.001112,-0.005014,-0.005151,-0.004551,0.001764,0.000012,-0.005003,-0.000011,-0.123613,0.000072,-0.123541,-0.123541,-0.123541,-0.061770,-0.061770,0,0,1,0,0.000000,0.090000,0.012000,0.001000,4.500000,0.080000,24.000000,0.030000,0.000000
6.161000,0.300000,0.440000,-0.067337,-0.000000,-0.067337,0.050504,0.000000,-0.050504,0.075080,0.000142,0.076757,0.073970,-0.001111,-0.005009,-0.005151,-0.004545,0.001761,0.000012,-0.004998,-0.000011,-0.123623,-0.000003,-0.123625,-0.123625,-0.123625,-0.061813,-0.061813,0,0,1,0,0.000000,0.090000,0.012000,0.001000,4.500000,0.080000,24.000000,0.030000,0.000000
6.166000,0.300000,0.440000,-0.067090,-0.000000,-0.067090,0.050443,0.000000,-0.050443,0.075080,0.000142,0.076757,0.073972,-0.001108,-0.004998,-0.005139,-0.004540,0.001758,0.000012,-0.004986,-0.000011,-0.123342,0.000070,-0.123272,-0.123272,-0.123272,-0.061636,-0.061636,0,0,1,0,0.000000,0.090000,0.012000,0.001000,4.500000,0.080000,24.000000,0.030000,0.000000
6.171000,0.300000,0.440000,-0.067090,-0.000000,-0.067090,0.050443,0.000000,-0.050443,0.075082,0.000147,0.076757,0.073972,-0.001110,-0.005006,-0.005153,-0.004540,0.001755,0.000000,-0.004994,-0.000012,-0.123661,-0.000080,-0.123741,-0.123741,-0.123741,-0.061870,-0.061870,0,0,1,0,0.000000,0.090000,0.012000,0.001000,4.500000,0.080000,24.000000,0.030000,0.000000
6.180000,0.300000,0.440000,-0.066598,-0.000000,-0.066598,0.050321,0.000000,-0.050321,0.075084,0.000150,0.076757,0.073975,-0.001109,-0.005001,-0.005151,-0.004529,0.001750,0.000014,-0.004989,-0.000012,-0.123624,0.000005,-0.123619,-0.123619,-0.123619,-0.061810,-0.061810,0,0,1,0,0.000000,0.090000,0.012000,0.001000,4.500000,0.080000,24.000000,0.030000,0.000000
6.185000,0.300000,0.440000,-0.066352,-0.000000,-0.066352,0.050260,0.000000,-0.050260,0.075084,0.000150,0.076757,0.073977,-0.001106,-0.004990,-0.005140,-0.004523,0.001747,0.000012,-0.004978,-0.000012,-0.123351,0.000068,-0.123282,-0.123282,-0.123282,-0.061641,-0.061641,0,0,1,0,0.000000,0.090000,0.012000,0.001000,4.500000,0.080000,24.000000,0.030000,0.000000
6.190000,0.300000,0.440000,-0.066107,-0.000000,-0.066107,0.050200,0.000000,-0.050200,0.075084,0.000150,0.076757,0.073980,-0.001104,-0.004978,-0.005128,-0.004518,0.001744,0.000012,-0.004966,-0.000012,-0.123080,0.000068,-0.123012,-0.123012,-0.123012,-0.061506,-0.061506,0,0,1,0,0.000000,0.090000,0.012000,0.001000,4.500000,0.080000,24.000000,0.030000,0.000000
6.195000,0.300000,0.440000,-0.065862,-0.000000,-0.065862,0.050140,0.000000,-0.050140,0.075085,0.000148,0.076757,0.073982,-0.001103,-0.004974,-0.005121,-0.004513,0.001741,0.000012,-0.004962,-0.000012,-0.122914,0.000042,-0.122872,-0.122872,-0.122872,-0.061436,-0.061436,0,0,1,0,0.000000,0.090000,0.012000,0.001000,4.500000,0.080000,24.000000,0.030000,0.000000
6.200000,0.300000,0.440000,-0.065617,-0.000000,-0.065617,0.050080,0.000000,-0.050080,0.075085,0.000148,0.076757,0.073985,-0.001100,-0.004963,-0.005110,-0.004507,0.001738,0.000012,-0.004951,-0.000012,-0.122649,0.000066,-0.122582,-0.122582,-0.122582,-0.061291,-0.061291,0,0,1,0,0.000000,0.090000,0.012000,0.001000,4.500000,0.080000,24.000000,0.030000,0.000000
6.205000,0.300000,0.440000,-0.065372,-0.000000,-0.065372,0.050021,0.000000,-0.050021,0.075086,0.000143,0.076757,0.073987,-0.001099,-0.004957,-0.005101,-0.004502,0.001735,0.000012,-0.004946,-0.000011,-0.122417,0.000058,-0.122359,-0.122359,-0.122359,-0.061179,-0.061179,0,0,1,0,0.000000,0.090000,0.012000,0.001000,4.500000,0.080000,24.000000,0.030000,0.000000
6.210000,0.300000,0.440000,-0.065128,-0.000000,-0.065128,0.049961,0.000000,-0.049961,0.075086,0.000143,0.076757,0.073990,-0.001097,-0.004946,-0.005090,-0.004497,0.001732,0.000012,-0.004935,-0.000011,-0.122155,0.000066,-0.122089,-0.122089,-0.122089,-0.061045,-0.061045,0,0,1,0,0.000000,0.090000,0.012000,0.001000,4.500000,0.080000,24.000000,0.030000,0.000000
6.215000,0.300000,0.440000,-0.064884,-0.000000,-0.064884,0.049901,0.000000,-0.049901,0.075088,0.000140,0.076757,0.073992,-0.001095,-0.004941,-0.005081,-0.004491,0.001729,0.000012,-0.004930,-0.000011,-0.121945,0.000052,-0.121893,-0.121893,-0.121893,-0.060946,-0.060946,0,0,1,0,0.000000,0.090000,0.012000,0.001000,4.500000,0.080000,24.000000,0.030000,0.000000
6.220000,0.300000,0.440000,-0.064641,-0.000000,-0.064641,0.049842,0.000000,-0.049842,0.075088,0.000140,0.076757,0.073995,-0.001093,-0.004930,-0.005070,-0.004486,0.001726,0.000012,-0.004919,-0.000011,-0.121684,0.000065,-0.121619,-0.121619,-0.121619,-0.060809,-0.060809,0,0,1,0,0.000000,0.090000,0.012000,0.001000,4.500000,0.080000,24.000000,0.030000,0.000000
6.225000,0.300000,0.440000,-0.064397,-0.000000,-0.064397,0.049782,0.000000,-0.049782,0.075089,0.000139,0.076757,0.073997,-0.001092,-0.004925,-0.005064,-0.004480,0.001723,0.000012,-0.004914,-0.000011,-0.121533,0.000038,-0.121495,-0.121495,-0.121495,-0.060748,-0.060748,0,0,1,0,0.000000,0.090000,0.012000,0.001000,4.500000,0.080000,24.000000,0.030000,0.000000
6.234000,0.300000,0.440000,-0.063911,-0.000000,-0.063911,0.049662,0.000000,-0.049662,0.075090,0.000140,0.076757,0.074000,-0.001090,-0.004918,-0.005058,-0.004470,0.001717,0.000013,-0.004906,-0.000011,-0.121386,0.000020,-0.121366,-0.121366,-0.121366,-0.060683,-0.060683,0,0,1,0,0.000000,0.090000,0.012000,0.001000,4.500000,0.080000,24.000000,0.030000,0.000000
6.239000,0.300000,0.440000,-0.063669,-0.000000,-0.063669,0.049602,0.000000,-0.049602,0.075090,0.000140,0.076757,0.074003,-0.001088,-0.004905,-0.005045,-0.004464,0.001714,0.000012,-0.004894,-0.000011,-0.121086,0.000075,-0.121011,-0.121011,-0.121011,-0.060506,-0.060506,0,0,1,0,0.000000,0.090000,0.012000,0.001000,4.500000,0.080000,24.000000,0.030000,0.000000
6.244000,0.300000,0.440000,-0.063427,-0.000000,-0.063427,0.049542,0.000000,-0.049542,0.075092,0.000142,0.076757,0.074006,-0.001086,-0.004900,-0.005041,-0.004459,0.001711,0.000012,-0.004888,-0.000011,-0.120990,0.000024,-0.120966,-0.120966,-0.120966,-0.060483,-0.060483,0,0,1,0,0.000000,0.090000,0.012000,0.001000,4.500000,0.080000,24.000000,0.030000,0.000000
6.249000,0.300000,0.440000,-0.063185,-0.000000,-0.063185,0.049482,0.000000,-0.049482,0.075092,0.000142,0.076757,0.074008,-0.001084,-0.004887,-0.005029,-0.004453,0.001708,0.000012,-0.004876,-0.000011,-0.120701,0.000072,-0.120628,-0.120628,-0.120628,-0.060314,-0.060314,0,0,1,0,0.000000,0.090000,0.012000,0.001000,4.500000,0.080000,24.000000,0.030000,0.000000
6.254000,0.300000,0.440000,-0.062944,-0.000000,-0.062944,0.049422,0.000000,-0.049422,0.075093,0.000144,0.076757,0.074011,-0.001082,-0.004883,-0.005027,-0.004448,0.001705,0.000012,-0.004871,-0.000012,-0.120649,0.000013,-0.120636,-0.120636,-0.120636,-0.060318,-0.060318,0,0,1,0,0.000000,0.090000,0.012000,0.001000,4.500000,0.080000,24.000000,0.030000,0.000000
6.259000,0.300000,0.440000,-0.062702,-0.000000,-0.062702,0.049362,0.000000,-0.049362,0.075093,0.000144,0.076757,0.074014,-0.001080,-0.004871,-0.005015,-0.004443,0.001702,0.000012,-0.004859,-0.000012,-0.120366,0.000071,-0.120295,-0.120295,-0.120295,-0.060148,-0.060148,0,0,1,0,0.000000,0.090000,0.012000,0.001000,4.500000,0.080000,24.000000,0.030000,0.000000
6.264000,0.300000,0.440000,-0.062461,-0.000000,-0.062461,0.049301,0.000000,-0.049301,0.075095,0.000148,0.076757,0.074016,-0.001079,-0.004867,-0.005015,-0.004437,0.001699,0.000012,-0.004855,-0.000012,-0.120359,0.000002,-0.120357,-0.120357,-0.120357,-0.060179,-0.060179,0,0,1,0,0.000000,0.090000,0.012000,0.001000,4.500000,0.080000,24.000000,0.030000,0.000000
6.269000,0.300000,0.440000,-0.062221,-0.000000,-0.062221,0.049241,0.000000,-0.049241,0.075095,0.000148,0.076757,0.074019,-0.001076,-0.004855,-0.005003,-0.004432,0.001696,0.000012,-0.004843,-0.000012,-0.120080,0.000070,-0.120010,-0.120010,-0.120010,-0.060005,-0.060005,0,0,1,0,0.000000,0.090000,0.012000,0.001000,4.500000,0.080000,24.000000,0.030000,0.000000
6.278000,0.300000,0.440000,-0.061741,-0.000000,-0.061741,0.049121,0.000000,-0.049121,0.075097,0.000153,0.076757,0.074022,-0.001075,-0.004849,-0.005001,-0.004421,0.001691,0.000013,-0.004836,-0.000012,-0.120032,0.000007,-0.120026,-0.120026,-0.120026,-0.060013,-0.060013,0,0,1,0,0.000000,0.090000,0.012000,0.001000,4.500000,0.080000,24.000000,0.030000,0.000000
6.283000,0.300000,0.440000,-0.061501,-0.000000,-0.061501,0.049060,0.000000,-0.049060,0.075098,0.000158,0.076757,0.074025,-0.001074,-0.004844,-0.005002,-0.004415,0.001688,0.000012,-0.004831,-0.000013,-0.120038,-0.000001,-0.120040,-0.120040,-0.120040,-0.060020,-0.060020,0,0,1,0,0.000000,0.090000,0.012000,0.001000,4.500000,0.080000,24.000000,0.030000,0.000000
6.288000,0.300000,0.440000,-0.061261,-0.000000,-0.061261,0.049000,0.000000,-0.049000,0.075098,0.000158,0.076757,0.074028,-0.001071,-0.004831,-0.004989,-0.004410,0.001685,0.000012,-0.004818,-0.000013,-0.119731,0.000077,-0.119654,-0.119654,-0.119654,-0.059827,-0.059827,0,0,1,0,0.000000,0.090000,0.012000,0.001000,4.500000,0.080000,24.000000,0.030000,0.000000
6.297000,0.300000,0.440000,-0.060783,-0.000000,-0.060783,0.048880,0.000000,-0.048880,0.075100,0.000160,0.076757,0.074031,-0.001069,-0.004824,-0.004984,-0.004399,0.001680,0.000013,-0.004811,-0.000013,-0.119614,0.000016,-0.119597,-0.119597,-0.119597,-0.059799,-0.059799,0,0,1,0,0.000000,0.090000,0.012000,0.001000,4.500000,0.080000,24.000000,0.030000,0.000000
6.302000,0.300000,0.440000,-0.060545,-0.000000,-0.060545,0.048821,0.000000,-0.048821,0.075102,0.000161,0.076757,0.074034,-0.001068,-0.004818,-0.004979,-0.004394,0.001677,0.000012,-0.004805,-0.000013,-0.119490,0.000031,-0.119459,-0.119459,-0.119459,-0.059729,-0.059729,0,0,1,0,0.000000,0.090000,0.012000,0.001000,4.500000,0.080000,24.000000,0.030000,0.000000
6.307000,0.300000,0.440000,-0.060307,-0.000000,-0.060307,0.048761,0.000000,-0.048761,0.075102,0.000161,0.076757,0.074037,-0.001065,-0.004804,-0.004965,-0.004388,0.001674,0.000012,-0.004791,-0.000013,-0.119168,0.000080,-0.119088,-0.119088,-0.119088,-0.059544,-0.059544,0,0,1,0,0.000000,0.090000,0.012000,0.001000,4.500000,0.080000,24.000000,0.030000,0.000000
6.312000,0.300000,0.440000,-0.060069,-0.000000,-0.060069,0.048702,0.000000,-0.048702,0.075103,0.000160,0.076757,0.074040,-0.001063,-0.004798,-0.004958,-0.004383,0.001671,0.000012,-0.004785,-0.000013,-0.118984,0.000046,-0.118938,-0.118938,-0.118938,-0.059469,-0.059469,0,0,1,0,0.000000,0.090000,0.012000,0.001000,4.500000,0.080000,24.000000,0.030000,0.000000
6.317000,0.300000,0.440000,-0.059831,-0.000000,-0.059831,0.048642,0.000000,-0.048642,0.075103,0.000160,0.076757,0.074043,-0.001061,-0.004785,-0.004945,-0.004378,0.001668,0.000012,-0.004773,-0.000013,-0.118680,0.000076,-0.118604,-0.118604,-0.118604,-0.059302,-0.059302,0,0,1,0,0.000000,0.090000,0.012000,0.001000,4.500000,0.080000,24.000000,0.030000,0.000000
6.322000,0.300000,0.440000,-0.059594,-0.000000,-0.059594,0.048583,0.000000,-0.048583,0.075105,0.000157,0.076757,0.074046,-0.001059,-0.004780,-0.004937,-0.004372,0.001665,0.000012,-0.004767,-0.000013,-0.118491,0.000047,-0.118444,-0.118444,-0.118444,-0.059222,-0.059222,0,0,1,0,0.000000,0.090000,0.012000,0.001000,4.500000,0.080000,24.000000,0.030000,0.000000
6.327000,0.300000,0.440000,-0.059356,-0.000000,-0.059356,0.048524,0.000000,-0.048524,0.075105,0.000157,0.076757,0.074048,-0.001057,-0.004767,-0.004925,-0.004367,0.001662,0.000012,-0.004755,-0.000013,-0.118199,0.000073,-0.118126,-0.118126,-0.118126,-0.059063,-0.059063,0,0,1,0,0.000000,0.090000,0.012000,0.001000,4.500000,0.080000,24.000000,0.030000,0.000000
6.332000,0.300000,0.440000,-0.059120,-0.000000,-0.059120,0.048465,0.000000,-0.048465,0.075107,0.000156,0.076757,0.074051,-0.001055,-0.004762,-0.004919,-0.004362,0.001660,0.000012,-0.004750,-0.000013,-0.118049,0.000037,-0.118012,-0.118012,-0.118012,-0.059006,-0.059006,0,0,1,0,0.000000,0.090000,0.012000,0.001000,4.500000,0.080000,24.000000,0.030000,0.000000
6.341000,0.300000,0.440000,-0.058647,-0.000000,-0.058647,0.048346,0.000000,-0.048346,0.075108,0.000158,0.076757,0.074054,-0.001054,-0.004755,-0.004912,-0.004351,0.001654,0.000013,-0.004742,-0.000013,-0.117892,0.000022,-0.117870,-0.117870,-0.117870,-0.058935,-0.058935,0,0,1,0,0.000000,0.090000,0.012000,0.001000,4.500000,0.080000,24.000000,0.030000,0.000000
6.346000,0.300000,0.440000,-0.058411,-0.000000,-0.058411,0.048287,0.000000,-0.048287,0.075108,0.000158,0.076757,0.074057,-0.001051,-0.004741,-0.004899,-0.004346,0.001651,0.000012,-0.004729,-0.000013,-0.117572,0.000080,-0.117492,-0.117492,-0.117492,-0.058746,-0.058746,0,0,1,0,0.000000,0.090000,0.012000,0.001000,4.500000,0.080000,24.000000,0.030000,0.000000
6.351000,0.300000,0.440000,-0.058175,-0.000000,-0.058175,0.048227,0.000000,-0.048227,0.075110,0.000158,0.076757,0.074060,-0.001050,-0.004736,-0.004894,-0.004340,0.001649,0.000012,-0.004723,-0.000013,-0.117462,0.000028,-0.117434,-0.117434,-0.117434,-0.058717,-0.058717,0,0,1,0,0.000000,0.090000,0.012000,0.001000,4.500000,0.080000,24.000000,0.030000,0.000000
6.356000,0.300000,0.440000,-0.057940,-0.000000,-0.057940,0.048168,0.000000,-0.048168,0.075110,0.000158,0.076757,0.074063,-0.001047,-0.004723,-0.004882,-0.004335,0.001646,0.000012,-0.004710,-0.000013,-0.117157,0.000076,-0.117081,-0.117081,-0.117081,-0.058540,-0.058540,0,0,1,0,0.000000,0.090000,0.012000,0.001000,4.500000,0.080000,24.000000,0.030000,0.000000
6.361000,0.300000,0.440000,-0.057705,-0.000000,-0.057705,0.048108,0.000000,-0.048108,0.075111,0.000161,0.076757,0.074066,-0.001046,-0.004718,-0.004879,-0.004330,0.001643,0.000012,-0.004705,-0.000013,-0.117097,0.000015,-0.117082,-0.117082,-0.117082,-0.058541,-0.058541,0,0,1,0,0.000000,0.090000,0.012000,0.001000,4.500000,0.080000,24.000000,0.030000,0.000000
6.366000,0.300000,0.440000,-0.057470,-0.000000,-0.057470,0.048049,0.000000,-0.048049,0.075111,0.000161,0.076757,0.074068,-0.001043,-0.004706,-0.004867,-0.004324,0.001640,0.000012,-0.004693,-0.000013,-0.116803,0.000074,-0.116729,-0.116729,-0.116729,-0.058364,-0.058364,0,0,1,0,0.000000,0.090000,0.012000,0.001000,4.500000,0.080000,24.000000,0.030000,0.000000
6.375000,0.300000,0.440000,-0.057236,-0.000000,-0.057236,0.047989,0.000000,-0.047989,0.075113,0.000164,0.076757,0.074070,-0.001043,-0.004707,-0.004872,-0.004319,0.001635,0.000007,-0.004694,-0.000013,-0.116923,-0.000017,-0.116940,-0.116940,-0.116940,-0.058470,-0.058470,0,0,1,0,0.000000,0.090000,0.012000,0.001000,4.500000,0.080000,24.000000,0.030000,0.000000
6.380000,0.300000,0.440000,-0.057002,-0.000000,-0.057002,0.047930,0.000000,-0.047930,0.075113,0.000164,0.076757,0.074073,-0.001041,-0.004696,-0.004861,-0.004314,0.001632,0.000012,-0.004683,-0.000013,-0.116654,0.000067,-0.116587,-0.116587,-0.116587,-0.058293,-0.058293,0,0,1,0,0.000000,0.090000,0.012000,0.001000,4.500000,0.080000,24.000000,0.030000,0.000000
6.385000,0.300000,0.440000,-0.056768,-0.000000,-0.056768,0.047870,0.000000,-0.047870,0.075115,0.000170,0.076757,0.074075,-0.001040,-0.004694,-0.004863,-0.004308,0.001629,0.000012,-0.004680,-0.000014,-0.116721,-0.000017,-0.116738,-0.116738,-0.116738,-0.058369,-0.058369,0,0,1,0,0.000000,0.090000,0.012000,0.001000,4.500000,0.080000,24.000000,0.030000,0.000000
6.390000,0.300000,0.440000,-0.056535,-0.000000,-0.056535,0.047810,0.000000,-0.047810,0.075115,0.000170,0.076757,0.074077,-0.001038,-0.004683,-0.004852,-0.004303,0.001626,0.000012,-0.004669,-0.000014,-0.116453,0.000067,-0.116385,-0.116385,-0.116385,-0.058193,-0.058193,0,0,1,0,0.000000,0.090000,0.012000,0.001000,4.500000,0.080000,24.000000,0.030000,0.000000
6.395000,0.300000,0.440000,-0.056301,-0.000000,-0.056301,0.047751,0.000000,-0.047751,0.075117,0.000172,0.076757,0.074080,-0.001037,-0.004680,-0.004852,-0.004298,0.001623,0.000012,-0.004666,-0.000014,-0.116456,-0.000001,-0.116457,-0.116457,-0.116457,-0.058229,-0.058229,0,0,1,0,0.000000,0.090000,0.012000,0.001000,4.500000,0.080000,24.000000,0.030000,0.000000
6.400000,0.300000,0.440000,-0.056068,-0.000000,-0.056068,0.047692,0.000000,-0.047692,0.075117,0.000172,0.076757,0.074082,-0.001034,-0.004669,-0.004841,-0.004292,0.001620,0.000012,-0.004655,-0.000014,-0.116188,0.000067,-0.116121,-0.116121,-0.116121,-0.058061,-0.058061,0,0,1,0,0.000000,0.090000,0.012000,0.001000,4.500000,0.080000,24.000000,0.030000,0.000000
6.405000,0.300000,0.440000,-0.055836,-0.000000,-0.055836,0.047632,0.000000,-0.047632,0.075119,0.000174,0.076757,0.074085,-0.001034,-0.004666,-0.004840,-0.004287,0.001618,0.000012,-0.004652,-0.000014,-0.116161,0.000007,-0.116154,-0.116154,-0.116154,-0.058077,-0.058077,0,0,1,0,0.000000,0.090000,0.012000,0.001000,4.500000,0.080000,24.000000,0.030000,0.000000
6.410000,0.300000,0.440000,-0.055603,-0.000000,-0.055603,0.047573,0.000000,-0.047573,0.075119,0.000174,0.076757,0.074087,-0.001031,-0.004655,-0.004829,-0.004282,0.001615,0.000012,-0.004641,-0.000014,-0.115894,0.000067,-0.115827,-0.115827,-0.115827,-0.057914,-0.057914,0,0,1,0,0.000000,0.090000,0.012000,0.001000,4.500000,0.080000,24.000000,0.030000,0.000000
6.419000,0.300000,0.440000,-0.055140,-0.000000,-0.055140,0.047455,0.000000,-0.047455,0.075121,0.000174,0.076757,0.074091,-0.001030,-0.004649,-0.004824,-0.004271,0.001610,0.000013,-0.004635,-0.000014,-0.115766,0.000018,-0.115748,-0.115748,-0.115748,-0.057874,-0.057874,0,0,1,0,0.000000,0.090000,0.012000,0.001000,4.500000,0.080000,24.000000,0.030000,0.000000
6.424000,0.300000,0.440000,-0.054908,-0.000000,-0.054908,0.047396,0.000000,-0.047396,0.075122,0.000174,0.076757,0.074093,-0.001029,-0.004644,-0.004818,-0.004266,0.001607,0.000012,-0.004630,-0.000014,-0.115644,0.000031,-0.115613,-0.115613,-0.115613,-0.057807,-0.057807,0,0,1,0,0.000000,0.090000,0.012000,0.001000,4.500000,0.080000,24.000000,0.030000,0.000000
6.429000,0.300000,0.440000,-0.054677,-0.000000,-0.054677,0.047338,0.000000,-0.047338,0.075122,0.000174,0.076757,0.074096,-0.001026,-0.004632,-0.004806,-0.004260,0.001604,0.000012,-0.004618,-0.000014,-0.115346,0.000074,-0.115272,-0.115272,-0.115272,-0.057636,-0.057636,0,0,1,0,0.000000,0.090000,0.012000,0.001000,4.500000,0.080000,24.000000,0.030000,0.000000
6.434000,0.300000,0.440000,-0.054446,-0.000000,-0.054446,0.047279,0.000000,-0.047279,0.075124,0.000172,0.076757,0.074099,-0.001025,-0.004627,-0.004799,-0.004255,0.001601,0.000012,-0.004613,-0.000014,-0.115175,0.000043,-0.115132,-0.115132,-0.115132,-0.057566,-0.057566,0,0,1,0,0.000000,0.090000,0.012000,0.001000,4.500000,0.080000,24.000000,0.030000,0.000000
6.439000,0.300000,0.440000,-0.054215,-0.000000,-0.054215,0.047221,0.000000,-0.047221,0.075124,0.000172,0.076757,0.074101,-0.001023,-0.004615,-0.004787,-0.004250,0.001598,0.000012,-0.004601,-0.000014,-0.114888,0.000072,-0.114816,-0.114816,-0.114816,-0.057408,-0.057408,0,0,1,0,0.000000,0.090000,0.012000,0.001000,4.500000,0.080000,24.000000,0.030000,0.000000
6.444000,0.300000,0.440000,-0.053985,-0.000000,-0.053985,0.047162,0.000000,-0.047162,0.075126,0.000169,0.076757,0.074104,-0.001022,-0.004610,-0.004780,-0.004245,0.001595,0.000012,-0.004597,-0.000014,-0.114715,0.000043,-0.114672,-0.114672,-0.114672,-0.057336,-0.057336,0,0,1,0,0.000000,0.090000,0.012000,0.001000,4.500000,0.080000,24.000000,0.030000,0.000000
6.449000,0.300000,0.440000,-0.053755,-0.000000,-0.053755,0.047104,0.000000,-0.047104,0.075126,0.000169,0.076757,0.074107,-0.001019,-0.004599,-0.004768,-0.004239,0.001593,0.000012,-0.004585,-0.000014,-0.114435,0.000070,-0.114365,-0.114365,-0.114365,-0.057182,-0.057182,0,0,1,0,0.000000,0.090000,0.012000,0.001000,4.500000,0.080000,24.000000,0.030000,0.000000
6.454000,0.300000,0.440000,-0.053525,-0.000000,-0.053525,0.047046,0.000000,-0.047046,0.075127,0.000168,0.076757,0.074109,-0.001018,-0.004594,-0.004762,-0.004234,0.001590,0.000012,-0.004581,-0.000013,-0.114297,0.000034,-0.114262,-0.114262,-0.114262,-0.057131,-0.057131,0,0,1,0,0.000000,0.090000,0.012000,0.001000,4.500000,0.080000,24.000000,0.030000,0.000000
6.463000,0.300000,0.440000,-0.053066,-0.000000,-0.053066,0.046929,0.000000,-0.046929,0.075129,0.000169,0.076757,0.074112,-0.001016,-0.004587,-0.004756,-0.004224,0.001585,0.000013,-0.004574,-0.000013,-0.114145,0.000021,-0.114124,-0.114124,-0.114124,-0.057062,-0.057062,0,0,1,0,0.000000,0.090000,0.012000,0.001000,4.500000,0.080000,24.000000,0.030000,0.000000
6.468000,0.300000,0.440000,-0.052837,-0.000000,-0.052837,0.046870,0.000000,-0.046870,0.075129,0.000169,0.076757,0.074115,-0.001014,-0.004574,-0.004743,-0.004218,0.001582,0.000012,-0.004561,-0.000013,-0.113833,0.000078,-0.113754,-0.113754,-0.113754,-0.056877,-0.056877,0,0,1,0,0.000000,0.090000,0.012000,0.001000,4.500000,0.080000,24.000000,0.030000,0.000000
6.473000,0.300000,0.440000,-0.052609,-0.000000,-0.052609,0.046812,0.000000,-0.046812,0.075131,0.000169,0.076757,0.074118,-0.001012,-0.004569,-0.004738,-0.004213,0.001579,0.000012,-0.004556,-0.000014,-0.113720,0.000028,-0.113692,-0.113692,-0.113692,-0.056846,-0.056846,0,0,1,0,0.000000,0.090000,0.012000,0.001000,4.500000,0.080000,24.000000,0.030000,0.000000
6.478000,0.300000,0.440000,-0.052380,-0.000000,-0.052380,0.046753,0.000000,-0.046753,0.075131,0.000169,0.076757,0.074121,-0.001010,-0.004557,-0.004726,-0.004208,0.001576,0.000012,-0.004543,-0.000014,-0.113420,0.000075,-0.113346,-0.113346,-0.113346,-0.056673,-0.056673,0,0,1,0,0.000000,0.090000,0.012000,0.001000,4.500000,0.080000,24.000000,0.030000,0.000000
6.483000,0.300000,0.440000,-0.052152,-0.000000,-0.052152,0.046694,0.000000,-0.046694,0.075132,0.000170,0.076757,0.074124,-0.001009,-0.004553,-0.004723,-0.004203,0.001573,0.000012,-0.004539,-0.000014,-0.113353,0.000017,-0.113336,-0.113336,-0.113336,-0.056668,-0.056668,0,0,1,0,0.000000,0.090000,0.012000,0.001000,4.500000,0.080000,24.000000,0.030000,0.000000
6.488000,0.300000,0.440000,-0.051925,-0.000000,-0.051925,0.046636,0.000000,-0.046636,0.075132,0.000170,0.076757,0.074126,-0.001006,-0.004541,-0.004711,-0.004197,0.001571,0.000012,-0.004527,-0.000014,-0.113062,0.000073,-0.112989,-0.112989,-0.112989,-0.056495,-0.056495,0,0,1,0,0.000000,0.090000,0.012000,0.001000,4.500000,0.080000,24.000000,0.030000,0.000000
6.493000,0.300000,0.440000,-0.051697,-0.000000,-0.051697,0.046577,0.000000,-0.046577,0.075134,0.000173,0.076757,0.074129,-0.001005,-0.004537,-0.004710,-0.004192,0.001568,0.000012,-0.004523,-0.000014,-0.113048,0.000003,-0.113045,-0.113045,-0.113045,-0.056523,-0.056523,0,0,1,0,0.000000,0.090000,0.012000,0.001000,4.500000,0.080000,24.000000,0.030000,0.000000
6.498000,0.300000,0.440000,-0.051470,-0.000000,-0.051470,0.046518,0.000000,-0.046518,0.075134,0.000173,0.076757,0.074132,-0.001002,-0.004525,-0.004698,-0.004187,0.001565,0.000012,-0.004511,-0.000014,-0.112763,0.000071,-0.112692,-0.112692,-0.112692,-0.056346,-0.056346,0,0,1,0,0.000000,0.090000,0.012000,0.001000,4.500000,0.080000,24.000000,0.030000,0.000000
6.503000,0.300000,0.440000,-0.051243,-0.000000,-0.051243,0.046460,0.000000,-0.046460,0.075136,0.000178,0.076757,0.074134,-0.001002,-0.004522,-0.004700,-0.004181,0.001562,0.000012,-0.004508,-0.000014,-0.112796,-0.000008,-0.112804,-0.112804,-0.112804,-0.056402,-0.056402,0,0,1,0,0.000000,0.090000,0.012000,0.001000,4.500000,0.080000,24.000000,0.030000,0.000000
6.508000,0.300000,0.440000,-0.051017,-0.000000,-0.051017,0.046401,0.000000,-0.046401,0.075136,0.000178,0.076757,0.074137,-0.000999,-0.004511,-0.004688,-0.004176,0.001559,0.000012,-0.004496,-0.000014,-0.112514,0.000070,-0.112444,-0.112444,-0.112444,-0.056222,-0.056222,0,0,1,0,0.000000,0.090000,0.012000,0.001000,4.500000,0.080000,24.000000,0.030000,0.000000
6.513000,0.300000,0.440000,-0.050790,-0.000000,-0.050790,0.046342,0.000000,-0.046342,0.075138,0.000182,0.076757,0.074139,-0.000999,-0.004508,-0.004691,-0.004171,0.001557,0.000012,-0.004494,-0.000015,-0.112574,-0.000015,-0.112588,-0.112588,-0.112588,-0.056294,-0.056294,0,0,1,0,0.000000,0.090000,0.012000,0.001000,4.500000,0.080000,24.000000,0.030000,0.000000
6.518000,0.300000,0.440000,-0.050565,-0.000000,-0.050565,0.046283,0.000000,-0.046283,0.075138,0.000182,0.076757,0.074142,-0.000996,-0.004497,-0.004679,-0.004165,0.001554,0.000012,-0.004482,-0.000015,-0.112295,0.000070,-0.112225,-0.112225,-0.112225,-0.056112,-0.056112,0,0,1,0,0.000000,0.090000,0.012000,0.001000,4.500000,0.080000,24.000000,0.030000,0.000000
6.527000,0.300000,0.440000,-0.050114,-0.000000,-0.050114,0.046166,0.000000,-0.046166,0.075140,0.000187,0.076757,0.074145,-0.000995,-0.004492,-0.004679,-0.004155,0.001549,0.000013,-0.004477,-0.000015,-0.112285,0.000001,-0.112283,-0.112283,-0.112283,-0.056142,-0.056142,0,0,1,0,0.000000,0.090000,0.012000,0.001000,4.500000,0.080000,24.000000,0.030000,0.000000
6.532000,0.300000,0.440000,-0.049888,-0.000000,-0.049888,0.046107,0.000000,-0.046107,0.075142,0.000191,0.076757,0.074148,-0.000994,-0.004488,-0.004679,-0.004150,0.001546,0.000012,-0.004473,-0.000015,-0.112301,-0.000004,-0.112305,-0.112305,-0.112305,-0.056152,-0.056152,0,0,1,0,0.000000,0.090000,0.012000,0.001000,4.500000,0.080000,24.000000,0.030000,0.000000
6.537000,0.300000,0.440000,-0.049664,-0.000000,-0.049664,0.046048,0.000000,-0.046048,0.075142,0.000191,0.076757,0.074151,-0.000991,-0.004476,-0.004666,-0.004144,0.001543,0.000012,-0.004460,-0.000015,-0.111993,0.000077,-0.111916,-0.111916,-0.111916,-0.055958,-0.055958,0,0,1,0,0.000000,0.090000,0.012000,0.001000,4.500000,0.080000,24.000000,0.030000,0.000000
6.542000,0.300000,0.440000,-0.049439,-0.000000,-0.049439,0.045990,0.000000,-0.045990,0.075144,0.000191,0.076757,0.074154,-0.000990,-0.004472,-0.004664,-0.004139,0.001541,0.000012,-0.004457,-0.000015,-0.111928,0.000016,-0.111911,-0.111911,-0.111911,-0.055956,-0.055956,0,0,1,0,0.000000,0.090000,0.012000,0.001000,4.500000,0.080000,24.000000,0.030000,0.000000
6.547000,0.300000,0.440000,-0.049215,-0.000000,-0.049215,0.045932,0.000000,-0.045932,0.075144,0.000191,0.076757,0.074157,-0.000988,-0.004460,-0.004651,-0.004134,0.001538,0.000012,-0.004445,-0.000015,-0.111632,0.000074,-0.111558,-0.111558,-0.111558,-0.055779,-0.055779,0,0,1,0,0.000000,0.090000,0.012000,0.001000,4.500000,0.080000,24.000000,0.030000,0.000000
6.552000,0.300000,0.440000,-0.048991,-0.000000,-0.048991,0.045874,0.000000,-0.045874,0.075146,0.000190,0.076757,0.074159,-0.000987,-0.004456,-0.004646,-0.004129,0.001535,0.000012,-0.004441,-0.000015,-0.111513,0.000030,-0.111483,-0.111483,-0.111483,-0.055742,-0.055742,0,0,1,0,0.000000,0.090000,0.012000,0.001000,4.500000,0.080000,24.000000,0.030000,0.000000
6.557000,0.300000,0.440000,-0.048767,-0.000000,-0.048767,0.045816,0.000000,-0.045816,0.075146,0.000190,0.076757,0.074162,-0.000984,-0.004444,-0.004634,-0.004123,0.001532,0.000012,-0.004429,-0.000015,-0.111227,0.000072,-0.111155,-0.111155,-0.111155,-0.055578,-0.055578,0,0,1,0,0.000000,0.090000,0.012000,0.001000,4.500000,0.080000,24.000000,0.030000,0.000000
6.562000,0.300000,0.440000,-0.048544,-0.000000,-0.048544,0.045759,0.000000,-0.045759,0.075148,0.000188,0.076757,0.074165,-0.000983,-0.004441,-0.004629,-0.004118,0.001530,0.000012,-0.004425,-0.000015,-0.111087,0.000035,-0.111052,-0.111052,-0.111052,-0.055526,-0.055526,0,0,1,0,0.000000,0.090000,0.012000,0.001000,4.500000,0.080000,24.000000,0.030000,0.000000
6.567000,0.300000,0.440000,-0.048321,-0.000000,-0.048321,0.045701,0.000000,-0.045701,0.075148,0.000188,0.076757,0.074167,-0.000981,-0.004429,-0.004617,-0.004113,0.001527,0.000012,-0.004414,-0.000015,-0.110807,0.000070,-0.110737,-0.110737,-0.110737,-0.055368,-0.055368,0,0,1,0,0.000000,0.090000,0.012000,0.001000,4.500000,0.080000,24.000000,0.030000,0.000000
6.572000,0.300000,0.440000,-0.048098,-0.000000,-0.048098,0.045643,0.000000,-0.045643,0.075150,0.000186,0.076757,0.074170,-0.000980,-0.004425,-0.004612,-0.004108,0.001524,0.000012,-0.004410,-0.000015,-0.110678,0.000032,-0.110646,-0.110646,-0.110646,-0.055323,-0.055323,0,0,1,0,0.000000,0.090000,0.012000,0.001000,4.500000,0.080000,24.000000,0.030000,0.000000
6.577000,0.300000,0.440000,-0.047875,-0.000000,-0.047875,0.045586,0.000000,-0.045586,0.075150,0.000186,0.076757,0.074172,-0.000978,-0.004414,-0.004600,-0.004103,0.001521,0.000012,-0.004399,-0.000015,-0.110402,0.000069,-0.110334,-0.110334,-0.110334,-0.055167,-0.055167,0,0,1,0,0.000000,0.090000,0.012000,0.001000,4.500000,0.080000,24.000000,0.030000,0.000000
6.582000,0.300000,0.440000,-0.047653,-0.000000,-0.047653,0.045528,0.000000,-0.045528,0.075152,0.000186,0.076757,0.074175,-0.000977,-0.004410,-0.004596,-0.004098,0.001519,0.000012,-0.004396,-0.000015,-0.110310,0.000023,-0.110287,-0.110287,-0.110287,-0.055143,-0.055143,0,0,1,0,0.000000,0.090000,0.012000,0.001000,4.500000,0.080000,24.000000,0.030000,0.000000
6.591000,0.300000,0.440000,-0.047209,-0.000000,-0.047209,0.045413,0.000000,-0.045413,0.075153,0.000187,0.076757,0.074178,-0.000976,-0.004405,-0.004591,-0.004087,0.001514,0.000013,-0.004390,-0.000015,-0.110194,0.000016,-0.110178,-0.110178,-0.110178,-0.055089,-0.055089,0,0,1,0,0.000000,0.090000,0.012000,0.001000,4.500000,0.080000,24.000000,0.030000,0.000000
6.596000,0.300000,0.440000,-0.046988,-0.000000,-0.046988,0.045355,0.000000,-0.045355,0.075153,0.000187,0.076757,0.074181,-0.000973,-0.004392,-0.004578,-0.004082,0.001511,0.000012,-0.004377,-0.000015,-0.109884,0.000078,-0.109806,-0.109806,-0.109806,-0.054903,-0.054903,0,0,1,0,0.000000,0.090000,0.012000,0.001000,4.500000,0.080000,24.000000,0.030000,0.000000
6.601000,0.300000,0.440000,-0.046767,-0.000000,-0.046767,0.045297,0.000000,-0.045297,0.075155,0.000187,0.076757,0.074184,-0.000972,-0.004388,-0.004575,-0.004077,0.001508,0.000012,-0.004373,-0.000015,-0.109790,0.000023,-0.109767,-0.109767,-0.109767,-0.054883,-0.054883,0,0,1,0,0.000000,0.090000,0.012000,0.001000,4.500000,0.080000,24.000000,0.030000,0.000000
6.606000,0.300000,0.440000,-0.046546,-0.000000,-0.046546,0.045240,0.000000,-0.045240,0.075155,0.000187,0.076757,0.074186,-0.000969,-0.004375,-0.004562,-0.004072,0.001506,0.000012,-0.004360,-0.000015,-0.109492,0.000075,-0.109417,-0.109417,-0.109417,-0.054709,-0.054709,0,0,1,0,0.000000,0.090000,0.012000,0.001000,4.500000,0.080000,24.000000,0.030000,0.000000
6.611000,0.300000,0.440000,-0.046325,-0.000000,-0.046325,0.045182,0.000000,-0.045182,0.075157,0.000188,0.076757,0.074189,-0.000968,-0.004372,-0.004559,-0.004066,0.001503,0.000012,-0.004357,-0.000015,-0.109425,0.000017,-0.109409,-0.109409,-0.109409,-0.054704,-0.054704,0,0,1,0,0.000000,0.090000,0.012000,0.001000,4.500000,0.080000,24.000000,0.030000,0.000000
6.616000,0.300000,0.440000,-0.046105,-0.000000,-0.046105,0.045124,0.000000,-0.045124,0.075157,0.000188,0.076757,0.074192,-0.000965,-0.004360,-0.004547,-0.004061,0.001500,0.000012,-0.004345,-0.000015,-0.109135,0.000072,-0.109063,-0.109063,-0.109063,-0.054531,-0.054531,0,0,1,0,0.000000,0.090000,0.012000,0.001000,4.500000,0.080000,24.000000,0.030000,0.000000
6.621000,0.300000,0.440000,-0.045885,-0.000000,-0.045885,0.045067,0.000000,-0.045067,0.075159,0.000190,0.076757,0.074194,-0.000965,-0.004357,-0.004546,-0.004056,0.001497,0.000012,-0.004341,-0.000015,-0.109108,0.000007,-0.109102,-0.109102,-0.109102,-0.054551,-0.054551,0,0,1,0,0.000000,0.090000,0.012000,0.001000,4.500000,0.080000,24.000000,0.030000,0.000000
6.626000,0.300000,0.440000,-0.045665,-0.000000,-0.045665,0.045009,0.000000,-0.045009,0.075159,0.000190,0.076757,0.074197,-0.000962,-0.004345,-0.004534,-0.004051,0.001495,0.000012,-0.004330,-0.000015,-0.108824,0.000071,-0.108753,-0.108753,-0.108753,-0.054376,-0.054376,0,0,1,0,0.000000,0.090000,0.012000,0.001000,4.500000,0.080000,24.000000,0.030000,0.000000
6.631000,0.300000,0.440000,-0.045446,-0.000000,-0.045446,0.044951,0.000000,-0.044951,0.075161,0.000192,0.076757,0.074200,-0.000962,-0.004342,-0.004535,-0.004046,0.001492,0.000012,-0.004327,-0.000015,-0.108835,-0.000003,-0.108838,-0.108838,-0.108838,-0.054419,-0.054419,0,0,1,0,0.000000,0.090000,0.012000,0.001000,4.500000,0.080000,24.000000,0.030000,0.000000
6.636000,0.300000,0.440000,-0.045227,-0.000000,-0.045227,0.044894,0.000000,-0.044894,0.075161,0.000192,0.076757,0.074202,-0.000959,-0.004331,-0.004523,-0.004040,0.001489,0.000012,-0.004315,-0.000015,-0.108555,0.000070,-0.108485,-0.108485,-0.108485,-0.054242,-0.054242,0,0,1,0,0.000000,0.090000,0.012000,0.001000,4.500000,0.080000,24.000000,0.030000,0.000000
6.641000,0.300000,0.440000,-0.045227,-0.000000,-0.045227,0.044894,0.000000,-0.044894,0.075163,0.000196,0.076757,0.074202,-0.000961,-0.004340,-0.004536,-0.004040,0.001487,0.000000,-0.004324,-0.000016,-0.108864,-0.000077,-0.108941,-0.108941,-0.108941,-0.054470,-0.054470,0,0,1,0,0.000000,0.090000,0.012000,0.001000,4.500000,0.080000,24.000000,0.030000,0.000000
6.646000,0.300000,0.440000,-0.045008,-0.000000,-0.045008,0.044836,0.000000,-0.044836,0.075163,0.000196,0.076757,0.074205,-0.000959,-0.004330,-0.004526,-0.004035,0.001484,0.000012,-0.004315,-0.000016,-0.108630,0.000059,-0.108571,-0.108571,-0.108571,-0.054285,-0.054285,0,0,1,0,0.000000,0.090000,0.012000,0.001000,4.500000,0.080000,24.000000,0.030000,0.000000
6.651000,0.300000,0.440000,-0.044790,-0.000000,-0.044790,0.044778,0.000000,-0.044778,0.075165,0.000198,0.076757,0.074207,-0.000959,-0.004330,-0.004528,-0.004030,0.001481,0.000012,-0.004314,-0.000016,-0.108673,-0.000011,-0.108684,-0.108684,-0.108684,-0.054342,-0.054342,0,0,1,0,0.000000,0.090000,0.012000,0.001000,4.500000,0.080000,24.000000,0.030000,0.000000
6.656000,0.300000,0.440000,-0.044571,-0.000000,-0.044571,0.044721,0.000000,-0.044721,0.075165,0.000198,0.076757,0.074209,-0.000956,-0.004320,-0.004518,-0.004025,0.001479,0.000012,-0.004304,-0.000016,-0.108429,0.000061,-0.108369,-0.108369,-0.108369,-0.054184,-0.054184,0,0,1,0,0.000000,0.090000,0.012000,0.001000,4.500000,0.080000,24.000000,0.030000,0.000000
6.665000,0.300000,0.440000,-0.044136,-0.000000,-0.044136,0.044606,0.000000,-0.044606,0.075168,0.000197,0.076757,0.074212,-0.000956,-0.004316,-0.004513,-0.004015,0.001474,0.000013,-0.004300,-0.000016,-0.108312,0.000016,-0.108295,-0.108295,-0.108295,-0.054148,-0.054148,0,0,1,0,0.000000,0.090000,0.012000,0.001000,4.500000,0.080000,24.000000,0.030000,0.000000
6.670000,0.300000,0.440000,-0.043918,-0.000000,-0.043918,0.044549,0.000000,-0.044549,0.075168,0.000197,0.076757,0.074215,-0.000953,-0.004304,-0.004501,-0.004009,0.001471,0.000011,-0.004288,-0.000016,-0.108025,0.000072,-0.107954,-0.107954,-0.107954,-0.053977,-0.053977,0,0,1,0,0.000000,0.090000,0.012000,0.001000,4.500000,0.080000,24.000000,0.030000,0.000000
6.675000,0.300000,0.440000,-0.043701,-0.000000,-0.043701,0.044492,0.000000,-0.044492,0.075169,0.000194,0.076757,0.074217,-0.000952,-0.004300,-0.004494,-0.004004,0.001468,0.000011,-0.004285,-0.000016,-0.107861,0.000041,-0.107820,-0.107820,-0.107820,-0.053910,-0.053910,0,0,1,0,0.000000,0.090000,0.012000,0.001000,4.500000,0.080000,24.000000,0.030000,0.000000
6.680000,0.300000,0.440000,-0.043484,-0.000000,-0.043484,0.044436,0.000000,-0.044436,0.075169,0.000194,0.076757,0.074220,-0.000950,-0.004289,-0.004483,-0.003999,0.001466,0.000011,-0.004273,-0.000016,-0.107583,0.000070,-0.107513,-0.107513,-0.107513,-0.053757,-0.053757,0,0,1,0,0.000000,0.090000,0.012000,0.001000,4.500000,0.080000,24.000000,0.030000,0.000000
6.685000,0.300000,0.440000,-0.043267,-0.000000,-0.043267,0.044380,0.000000,-0.044380,0.075171,0.000188,0.076757,0.074222,-0.000949,-0.004284,-0.004473,-0.003994,0.001463,0.000011,-0.004269,-0.000015,-0.107347,0.000059,-0.107288,-0.107288,-0.107288,-0.053644,-0.053644,0,0,1,0,0.000000,0.090000,0.012000,0.001000,4.500000,0.080000,24.000000,0.030000,0.000000
6.690000,0.300000,0.440000,-0.043051,-0.000000,-0.043051,0.044323,0.000000,-0.044323,0.075171,0.000188,0.076757,0.074225,-0.000946,-0.004273,-0.004461,-0.003989,0.001460,0.000011,-0.004258,-0.000015,-0.107075,0.000068,-0.107007,-0.107007,-0.107007,-0.053503,-0.053503,0,0,1,0,0.000000,0.090000,0.012000,0.001000,4.500000,0.080000,24.000000,0.030000,0.000000
6.695000,0.300000,0.440000,-0.042835,-0.000000,-0.042835,0.044267,0.000000,-0.044267,0.075173,0.000183,0.076757,0.074227,-0.000945,-0.004269,-0.004452,-0.003984,0.001458,0.000011,-0.004254,-0.000015,-0.106846,0.000057,-0.106789,-0.106789,-0.106789,-0.053394,-0.053394,0,0,1,0,0.000000,0.090000,0.012000,0.001000,4.500000,0.080000,24.000000,0.030000,0.000000
6.700000,0.300000,0.440000,-0.042619,-0.000000,-0.042619,0.044211,0.000000,-0.044211,0.075173,0.000183,0.076757,0.074230,-0.000943,-0.004257,-0.004441,-0.003979,0.001455,0.000011,-0.004243,-0.000015,-0.106577,0.000067,-0.106509,-0.106509,-0.106509,-0.053255,-0.053255,0,0,1,0,0.000000,0.090000,0.012000,0.001000,4.500000,0.080000,24.000000,0.030000,0.000000
6.709000,0.300000,0.440000,-0.042188,-0.000000,-0.042188,0.044098,0.000000,-0.044098,0.075174,0.000182,0.076757,0.074233,-0.000941,-0.004251,-0.004432,-0.003969,0.001450,0.000013,-0.004236,-0.000015,-0.106375,0.000028,-0.106347,-0.106347,-0.106347,-0.053174,-0.053174,0,0,1,0,0.000000,0.090000,0.012000,0.001000,4.500000,0.080000,24.000000,0.030000,0.000000
6.714000,0.300000,0.440000,-0.041973,-0.000000,-0.041973,0.044041,0.000000,-0.044041,0.075176,0.000183,0.076757,0.074236,-0.000940,-0.004246,-0.004429,-0.003964,0.001448,0.000011,-0.004232,-0.000015,-0.106307,0.000017,-0.106289,-0.106289,-0.106289,-0.053145,-0.053145,0,0,1,0,0.000000,0.090000,0.012000,0.001000,4.500000,0.080000,24.000000,0.030000,0.000000
6.719000,0.300000,0.440000,-0.041759,-0.000000,-0.041759,0.043984,0.000000,-0.043984,0.075176,0.000183,0.076757,0.074239,-0.000938,-0.004234,-0.004417,-0.003959,0.001445,0.000011,-0.004219,-0.000015,-0.106004,0.000076,-0.105929,-0.105929,-0.105929,-0.052964,-0.052964,0,0,1,0,0.000000,0.090000,0.012000,0.001000,4.500000,0.080000,24.000000,0.030000,0.000000
6.724000,0.300000,0.440000,-0.041545,-0.000000,-0.041545,0.043927,0.000000,-0.043927,0.075178,0.000186,0.076757,0.074241,-0.000937,-0.004230,-0.004417,-0.003953,0.001443,0.000011,-0.004216,-0.000015,-0.106001,0.000001,-0.106000,-0.106000,-0.106000,-0.053000,-0.053000,0,0,1,0,0.000000,0.090000,0.012000,0.001000,4.500000,0.080000,24.000000,0.030000,0.000000
6.729000,0.300000,0.440000,-0.041330,-0.000000,-0.041330,0.043870,0.000000,-0.043870,0.075178,0.000186,0.076757,0.074244,-0.000934,-0.004218,-0.004404,-0.003948,0.001440,0.000011,-0.004203,-0.000015,-0.105707,0.000073,-0.105633,-0.105633,-0.105633,-0.052817,-0.052817,0,0,1,0,0.000000,0.090000,0.012000,0.001000,4.500000,0.080000,24.000000,0.030000,0.000000
6.734000,0.300000,0.440000,-0.041117,-0.000000,-0.041117,0.043813,0.000000,-0.043813,0.075180,0.000191,0.076757,0.074247,-0.000933,-0.004216,-0.004407,-0.003943,0.001437,0.000011,-0.004201,-0.000015,-0.105765,-0.000015,-0.105779,-0.105779,-0.105779,-0.052890,-0.052890,0,0,1,0,0.000000,0.090000,0.012000,0.001000,4.500000,0.080000,24.000000,0.030000,0.000000
6.739000,0.300000,0.440000,-0.040903,-0.000000,-0.040903,0.043755,0.000000,-0.043755,0.075180,0.000191,0.076757,0.074249,-0.000931,-0.004204,-0.004395,-0.003938,0.001435,0.000011,-0.004189,-0.000015,-0.105476,0.000072,-0.105404,-0.105404,-0.105404,-0.052702,-0.052702,0,0,1,0,0.000000,0.090000,0.012000,0.001000,4.500000,0.080000,24.000000,0.030000,0.000000
6.744000,0.300000,0.440000,-0.040690,-0.000000,-0.040690,0.043698,0.000000,-0.043698,0.075182,0.000197,0.076757,0.074252,-0.000930,-0.004202,-0.004399,-0.003933,0.001432,0.000011,-0.004186,-0.000016,-0.105574,-0.000024,-0.105598,-0.105598,-0.105598,-0.052799,-0.052799,0,0,1,0,0.000000,0.090000,0.012000,0.001000,4.500000,0.080000,24.000000,0.030000,0.000000
6.749000,0.300000,0.440000,-0.040477,-0.000000,-0.040477,0.043641,0.000000,-0.043641,0.075182,0.000197,0.076757,0.074255,-0.000928,-0.004190,-0.004387,-0.003928,0.001429,0.000011,-0.004175,-0.000016,-0.105289,0.000071,-0.105218,-0.105218,-0.105218,-0.052609,-0.052609,0,0,1,0,0.000000,0.090000,0.012000,0.001000,4.500000,0.080000,24.000000,0.030000,0.000000
6.754000,0.300000,0.440000,-0.040265,-0.000000,-0.040265,0.043584,0.000000,-0.043584,0.075185,0.000202,0.076757,0.074257,-0.000927,-0.004189,-0.004391,-0.003923,0.001427,0.000011,-0.004173,-0.000016,-0.105394,-0.000026,-0.105420,-0.105420,-0.105420,-0.052710,-0.052710,0,0,1,0,0.000000,0.090000,0.012000,0.001000,4.500000,0.080000,24.000000,0.030000,0.000000
6.763000,0.300000,0.440000,-0.039840,-0.000000,-0.039840,0.043469,0.000000,-0.043469,0.075187,0.000207,0.076757,0.074261,-0.000926,-0.004185,-0.004392,-0.003912,0.001422,0.000013,-0.004169,-0.000017,-0.105405,-0.000001,-0.105406,-0.105406,-0.105406,-0.052703,-0.052703,0,0,1,0,0.000000,0.090000,0.012000,0.001000,4.500000,0.080000,24.000000,0.030000,0.000000
6.768000,0.300000,0.440000,-0.039629,-0.000000,-0.039629,0.043413,0.000000,-0.043413,0.075187,0.000207,0.076757,0.074264,-0.000923,-0.004172,-0.004379,-0.003907,0.001419,0.000011,-0.004155,-0.000017,-0.105087,0.000079,-0.105008,-0.105008,-0.105008,-0.052504,-0.052504,0,0,1,0,0.000000,0.090000,0.012000,0.001000,4.500000,0.080000,24.000000,0.030000,0.000000
6.773000,0.300000,0.440000,-0.039417,-0.000000,-0.039417,0.043356,0.000000,-0.043356,0.075189,0.000207,0.076757,0.074266,-0.000923,-0.004169,-0.004376,-0.003902,0.001417,0.000011,-0.004152,-0.000017,-0.105022,0.000016,-0.105006,-0.105006,-0.105006,-0.052503,-0.052503,0,0,1,0,0.000000,0.090000,0.012000,0.001000,4.500000,0.080000,24.000000,0.030000,0.000000
6.778000,0.300000,0.440000,-0.039206,-0.000000,-0.039206,0.043300,0.000000,-0.043300,0.075189,0.000207,0.076757,0.074269,-0.000920,-0.004156,-0.004363,-0.003897,0.001414,0.000011,-0.004140,-0.000017,-0.104720,0.000076,-0.104644,-0.104644,-0.104644,-0.052322,-0.052322,0,0,1,0,0.000000,0.090000,0.012000,0.001000,4.500000,0.080000,24.000000,0.030000,0.000000
6.783000,0.300000,0.440000,-0.038995,-0.000000,-0.038995,0.043244,0.000000,-0.043244,0.075191,0.000205,0.076757,0.074272,-0.000919,-0.004153,-0.004358,-0.003892,0.001412,0.000011,-0.004137,-0.000016,-0.104595,0.000031,-0.104564,-0.104564,-0.104564,-0.052282,-0.052282,0,0,1,0,0.000000,0.090000,0.012000,0.001000,4.500000,0.080000,24.000000,0.030000,0.000000
6.788000,0.300000,0.440000,-0.038784,-0.000000,-0.038784,0.043188,0.000000,-0.043188,0.075191,0.000205,0.076757,0.074275,-0.000917,-0.004141,-0.004346,-0.003887,0.001409,0.000011,-0.004124,-0.000016,-0.104304,0.000073,-0.104232,-0.104232,-0.104232,-0.052116,-0.052116,0,0,1,0,0.000000,0.090000,0.012000,0.001000,4.500000,0.080000,24.000000,0.030000,0.000000
6.793000,0.300000,0.440000,-0.038574,-0.000000,-0.038574,0.043132,0.000000,-0.043132,0.075193,0.000203,0.076757,0.074277,-0.000916,-0.004137,-0.004340,-0.003882,0.001406,0.000011,-0.004121,-0.000016,-0.104161,0.000036,-0.104125,-0.104125,-0.104125,-0.052062,-0.052062,0,0,1,0,0.000000,0.090000,0.012000,0.001000,4.500000,0.080000,24.000000,0.030000,0.000000
6.798000,0.300000,0.440000,-0.038363,-0.000000,-0.038363,0.043076,0.000000,-0.043076,0.075193,0.000203,0.076757,0.074280,-0.000913,-0.004126,-0.004328,-0.003877,0.001404,0.000011,-0.004109,-0.000016,-0.103877,0.000071,-0.103806,-0.103806,-0.103806,-0.051903,-0.051903,0,0,1,0,0.000000,0.090000,0.012000,0.001000,4.500000,0.080000,24.000000,0.030000,0.000000
6.803000,0.300000,0.440000,-0.038154,-0.000000,-0.038154,0.043020,0.000000,-0.043020,0.075195,0.000201,0.076757,0.074283,-0.000913,-0.004122,-0.004323,-0.003872,0.001401,0.000011,-0.004106,-0.000016,-0.103751,0.000032,-0.103719,-0.103719,-0.103719,-0.051860,-0.051860,0,0,1,0,0.000000,0.090000,0.012000,0.001000,4.500000,0.080000,24.000000,0.030000,0.000000
6.808000,0.300000,0.440000,-0.037944,-0.000000,-0.037944,0.042964,0.000000,-0.042964,0.075195,0.000201,0.076757,0.074285,-0.000910,-0.004111,-0.004311,-0.003867,0.001399,0.000011,-0.004095,-0.000016,-0.103473,0.000070,-0.103403,-0.103403,-0.103403,-0.051702,-0.051702,0,0,1,0,0.000000,0.090000,0.012000,0.001000,4.500000,0.080000,24.000000,0.030000,0.000000
6.813000,0.300000,0.440000,-0.037735,-0.000000,-0.037735,0.042908,0.000000,-0.042908,0.075197,0.000200,0.076757,0.074288,-0.000909,-0.004108,-0.004308,-0.003862,0.001396,0.000011,-0.004092,-0.000016,-0.103391,0.000020,-0.103370,-0.103370,-0.103370,-0.051685,-0.051685,0,0,1,0,0.000000,0.090000,0.012000,0.001000,4.500000,0.080000,24.000000,0.030000,0.000000
6.818000,0.300000,0.440000,-0.037526,-0.000000,-0.037526,0.042852,0.000000,-0.042852,0.075197,0.000200,0.076757,0.074290,-0.000907,-0.004097,-0.004296,-0.003857,0.001394,0.000011,-0.004081,-0.000016,-0.103115,0.000069,-0.103047,-0.103047,-0.103047,-0.051523,-0.051523,0,0,1,0,0.000000,0.090000,0.012000,0.001000,4.500000,0.080000,24.000000,0.030000,0.000000
6.823000,0.300000,0.440000,-0.037317,-0.000000,-0.037317,0.042796,0.000000,-0.042796,0.075199,0.000201,0.076757,0.074293,-0.000906,-0.004094,-0.004295,-0.003852,0.001391,0.000011,-0.004078,-0.000016,-0.103090,0.000006,-0.103083,-0.103083,-0.103083,-0.051542,-0.051542,0,0,1,0,0.000000,0.090000,0.012000,0.001000,4.500000,0.080000,24.000000,0.030000,0.000000
6.832000,0.300000,0.440000,-0.036900,-0.000000,-0.036900,0.042684,0.000000,-0.042684,0.075201,0.000204,0.076757,0.074296,-0.000905,-0.004090,-0.004294,-0.003842,0.001386,0.000012,-0.004074,-0.000016,-0.103047,0.000006,-0.103041,-0.103041,-0.103041,-0.051520,-0.051520,0,0,1,0,0.000000,0.090000,0.012000,0.001000,4.500000,0.080000,24.000000,0.030000,0.000000
6.837000,0.300000,0.440000,-0.036692,-0.000000,-0.036692,0.042627,0.000000,-0.042627,0.075201,0.000204,0.076757,0.074299,-0.000902,-0.004077,-0.004281,-0.003836,0.001384,0.000011,-0.004061,-0.000016,-0.102736,0.000078,-0.102658,-0.102658,-0.102658,-0.051329,-0.051329,0,0,1,0,0.000000,0.090000,0.012000,0.001000,4.500000,0.080000,24.000000,0.030000,0.000000
6.842000,0.300000,0.440000,-0.036485,-0.000000,-0.036485,0.042571,0.000000,-0.042571,0.075203,0.000205,0.076757,0.074302,-0.000902,-0.004074,-0.004279,-0.003831,0.001381,0.000011,-0.004058,-0.000016,-0.102701,0.000009,-0.102693,-0.102693,-0.102693,-0.051346,-0.051346,0,0,1,0,0.000000,0.090000,0.012000,0.001000,4.500000,0.080000,24.000000,0.030000,0.000000
6.847000,0.300000,0.440000,-0.036277,-0.000000,-0.036277,0.042515,0.000000,-0.042515,0.075203,0.000205,0.076757,0.074304,-0.000899,-0.004062,-0.004267,-0.003826,0.001379,0.000011,-0.004045,-0.000016,-0.102402,0.000075,-0.102327,-0.102327,-0.102327,-0.051164,-0.051164,0,0,1,0,0.000000,0.090000,0.012000,0.001000,4.500000,0.080000,24.000000,0.030000,0.000000
6.852000,0.300000,0.440000,-0.036070,-0.000000,-0.036070,0.042460,0.000000,-0.042460,0.075205,0.000207,0.076757,0.074307,-0.000898,-0.004059,-0.004266,-0.003821,0.001376,0.000011,-0.004042,-0.000017,-0.102373,0.000007,-0.102366,-0.102366,-0.102366,-0.051183,-0.051183,0,0,1,0,0.000000,0.090000,0.012000,0.001000,4.500000,0.080000,24.000000,0.030000,0.000000
6.857000,0.300000,0.440000,-0.035863,-0.000000,-0.035863,0.042404,0.000000,-0.042404,0.075205,0.000207,0.076757,0.074310,-0.000896,-0.004047,-0.004253,-0.003816,0.001374,0.000011,-0.004030,-0.000017,-0.102083,0.000073,-0.102010,-0.102010,-0.102010,-0.051005,-0.051005,0,0,1,0,0.000000,0.090000,0.012000,0.001000,4.500000,0.080000,24.000000,0.030000,0.000000
6.862000,0.300000,0.440000,-0.035657,-0.000000,-0.035657,0.042348,0.000000,-0.042348,0.075208,0.000208,0.076757,0.074312,-0.000895,-0.004045,-0.004253,-0.003811,0.001371,0.000011,-0.004028,-0.000017,-0.102068,0.000004,-0.102064,-0.102064,-0.102064,-0.051032,-0.051032,0,0,1,0,0.000000,0.090000,0.012000,0.001000,4.500000,0.080000,24.000000,0.030000,0.000000
6.867000,0.300000,0.440000,-0.035450,-0.000000,-0.035450,0.042292,0.000000,-0.042292,0.075208,0.000208,0.076757,0.074315,-0.000892,-0.004033,-0.004241,-0.003806,0.001369,0.000011,-0.004016,-0.000017,-0.101783,0.000071,-0.101712,-0.101712,-0.101712,-0.050856,-0.050856,0,0,1,0,0.000000,0.090000,0.012000,0.001000,4.500000,0.080000,24.000000,0.030000,0.000000
6.872000,0.300000,0.440000,-0.035244,-0.000000,-0.035244,0.042236,0.000000,-0.042236,0.075210,0.000210,0.076757,0.074318,-0.000892,-0.004031,-0.004241,-0.003801,0.001366,0.000011,-0.004014,-0.000017,-0.101784,-0.000000,-0.101784,-0.101784,-0.101784,-0.050892,-0.050892,0,0,1,0,0.000000,0.090000,0.012000,0.001000,4.500000,0.080000,24.000000,0.030000,0.000000
6.877000,0.300000,0.440000,-0.035039,-0.000000,-0.035039,0.042180,0.000000,-0.042180,0.075210,0.000210,0.076757,0.074320,-0.000889,-0.004019,-0.004229,-0.003796,0.001364,0.000011,-0.004003,-0.000017,-0.101504,0.000070,-0.101434,-0.101434,-0.101434,-0.050717,-0.050717,0,0,1,0,0.000000,0.090000,0.012000,0.001000,4.500000,0.080000,24.000000,0.030000,0.000000
6.882000,0.300000,0.440000,-0.034833,-0.000000,-0.034833,0.042124,0.000000,-0.042124,0.075212,0.000212,0.076757,0.074323,-0.000889,-0.004018,-0.004230,-0.003791,0.001361,0.000011,-0.004001,-0.000017,-0.101516,-0.000003,-0.101519,-0.101519,-0.101519,-0.050760,-0.050760,0,0,1,0,0.000000,0.090000,0.012000,0.001000,4.500000,0.080000,24.000000,0.030000,0.000000
6.891000,0.300000,0.440000,-0.034423,-0.000000,-0.034423,0.042013,0.000000,-0.042013,0.075214,0.000214,0.076757,0.074326,-0.000888,-0.004014,-0.004228,-0.003781,0.001356,0.000012,-0.003997,-0.000017,-0.101464,0.000007,-0.101456,-0.101456,-0.101456,-0.050728,-0.050728,0,0,1,0,0.000000,0.090000,0.012000,0.001000,4.500000,0.080000,24.000000,0.030000,0.000000
6.896000,0.300000,0.440000,-0.034219,-0.000000,-0.034219,0.041957,0.000000,-0.041957,0.075214,0.000214,0.076757,0.074329,-0.000885,-0.004001,-0.004215,-0.003776,0.001354,0.000011,-0.003984,-0.000017,-0.101151,0.000078,-0.101072,-0.101072,-0.101072,-0.050536,-0.050536,0,0,1,0,0.000000,0.090000,0.012000,0.001000,4.500000,0.080000,24.000000,0.030000,0.000000
6.901000,0.300000,0.440000,-0.034014,-0.000000,-0.034014,0.041902,0.000000,-0.041902,0.075216,0.000213,0.076757,0.074332,-0.000885,-0.003998,-0.004211,-0.003771,0.001351,0.000011,-0.003981,-0.000017,-0.101067,0.000021,-0.101046,-0.101046,-0.101046,-0.050523,-0.050523,0,0,1,0,0.000000,0.090000,0.012000,0.001000,4.500000,0.080000,24.000000,0.030000,0.000000
6.906000,0.300000,0.440000,-0.033810,-0.000000,-0.033810,0.041847,0.000000,-0.041847,0.075216,0.000213,0.076757,0.074335,-0.000882,-0.003985,-0.004199,-0.003766,0.001349,0.000011,-0.003968,-0.000017,-0.100767,0.000075,-0.100692,-0.100692,-0.100692,-0.050346,-0.050346,0,0,1,0,0.000000,0.090000,0.012000,0.001000,4.500000,0.080000,24.000000,0.030000,0.000000
6.911000,0.300000,0.440000,-0.033606,-0.000000,-0.033606,0.041792,0.000000,-0.041792,0.075218,0.000212,0.076757,0.074337,-0.000881,-0.003982,-0.004194,-0.003761,0.001346,0.000011,-0.003965,-0.000017,-0.100668,0.000025,-0.100643,-0.100643,-0.100643,-0.050321,-0.050321,0,0,1,0,0.000000,0.090000,0.012000,0.001000,4.500000,0.080000,24.000000,0.030000,0.000000
6.916000,0.300000,0.440000,-0.033403,-0.000000,-0.033403,0.041736,0.000000,-0.041736,0.075218,0.000212,0.076757,0.074340,-0.000878,-0.003970,-0.004182,-0.003756,0.001344,0.000011,-0.003953,-0.000017,-0.100378,0.000072,-0.100306,-0.100306,-0.100306,-0.050153,-0.050153,0,0,1,0,0.000000,0.090000,0.012000,0.001000,4.500000,0.080000,24.000000,0.030000,0.000000
6.921000,0.300000,0.440000,-0.033200,-0.000000,-0.033200,0.041681,0.000000,-0.041681,0.075221,0.000211,0.076757,0.074343,-0.000878,-0.003968,-0.004179,-0.003751,0.001341,0.000011,-0.003951,-0.000017,-0.100293,0.000021,-0.100272,-0.100272,-0.100272,-0.050136,-0.050136,0,0,1,0,0.000000,0.090000,0.012000,0.001000,4.500000,0.080000,24.000000,0.030000,0.000000
6.926000,0.300000,0.440000,-0.032997,-0.000000,-0.032997,0.041626,0.000000,-0.041626,0.075221,0.000211,0.076757,0.074345,-0.000875,-0.003956,-0.004167,-0.003746,0.001339,0.000011,-0.003939,-0.000017,-0.100010,0.000071,-0.099939,-0.099939,-0.099939,-0.049970,-0.049970,0,0,1,0,0.000000,0.090000,0.012000,0.001000,4.500000,0.080000,24.000000,0.030000,0.000000
6.931000,0.300000,0.440000,-0.032794,-0.000000,-0.032794,0.041571,0.000000,-0.041571,0.075223,0.000211,0.076757,0.074348,-0.000875,-0.003954,-0.004165,-0.003741,0.001336,0.000011,-0.003937,-0.000017,-0.099959,0.000013,-0.099946,-0.099946,-0.099946,-0.049973,-0.049973,0,0,1,0,0.000000,0.090000,0.012000,0.001000,4.500000,0.080000,24.000000,0.030000,0.000000
6.936000,0.300000,0.440000,-0.032591,-0.000000,-0.032591,0.041516,0.000000,-0.041516,0.075223,0.000211,0.076757,0.074350,-0.000872,-0.003942,-0.004153,-0.003736,0.001334,0.000011,-0.003925,-0.000017,-0.099680,0.000070,-0.099610,-0.099610,-0.099610,-0.049805,-0.049805,0,0,1,0,0.000000,0.090000,0.012000,0.001000,4.500000,0.080000,24.000000,0.030000,0.000000
6.941000,0.300000,0.440000,-0.032389,-0.000000,-0.032389,0.041461,0.000000,-0.041461,0.075225,0.000213,0.076757,0.074353,-0.000872,-0.003940,-0.004153,-0.003731,0.001331,0.000011,-0.003923,-0.000017,-0.099671,0.000002,-0.099669,-0.099669,-0.099669,-0.049834,-0.049834,0,0,1,0,0.000000,0.090000,0.012000,0.001000,4.500000,0.080000,24.000000,0.030000,0.000000
6.946000,0.300000,0.440000,-0.032187,-0.000000,-0.032187,0.041406,0.000000,-0.041406,0.075225,0.000213,0.076757,0.074356,-0.000869,-0.003929,-0.004141,-0.003727,0.001329,0.000011,-0.003912,-0.000017,-0.099395,0.000069,-0.099326,-0.099326,-0.099326,-0.049663,-0.049663,0,0,1,0,0.000000,0.090000,0.012000,0.001000,4.500000,0.080000,24.000000,0.030000,0.000000
6.955000,0.300000,0.440000,-0.031986,-0.000000,-0.031986,0.041350,0.000000,-0.041350,0.075227,0.000215,0.076757,0.074357,-0.000870,-0.003932,-0.004147,-0.003722,0.001324,0.000006,-0.003915,-0.000017,-0.099536,-0.000020,-0.099555,-0.099555,-0.099555,-0.049778,-0.049778,0,0,1,0,0.000000,0.090000,0.012000,0.001000,4.500000,0.080000,24.000000,0.030000,0.000000
6.960000,0.300000,0.440000,-0.031784,-0.000000,-0.031784,0.041295,0.000000,-0.041295,0.075227,0.000215,0.076757,0.074359,-0.000868,-0.003921,-0.004137,-0.003717,0.001322,0.000011,-0.003904,-0.000017,-0.099277,0.000065,-0.099212,-0.099212,-0.099212,-0.049606,-0.049606,0,0,1,0,0.000000,0.090000,0.012000,0.001000,4.500000,0.080000,24.000000,0.030000,0.000000
6.965000,0.300000,0.440000,-0.031583,-0.000000,-0.031583,0.041240,0.000000,-0.041240,0.075229,0.000219,0.076757,0.074362,-0.000868,-0.003921,-0.004140,-0.003712,0.001320,0.000011,-0.003904,-0.000017,-0.099354,-0.000019,-0.099374,-0.099374,-0.099374,-0.049687,-0.049687,0,0,1,0,0.000000,0.090000,0.012000,0.001000,4.500000,0.080000,24.000000,0.030000,0.000000
6.970000,0.300000,0.440000,-0.031382,-0.000000,-0.031382,0.041185,0.000000,-0.041185,0.075229,0.000219,0.076757,0.074364,-0.000865,-0.003910,-0.004129,-0.003707,0.001317,0.000011,-0.003893,-0.000017,-0.099093,0.000065,-0.099028,-0.099028,-0.099028,-0.049514,-0.049514,0,0,1,0,0.000000,0.090000,0.012000,0.001000,4.500000,0.080000,24.000000,0.030000,0.000000
6.975000,0.300000,0.440000,-0.031182,-0.000000,-0.031182,0.041130,0.000000,-0.041130,0.075232,0.000219,0.076757,0.074367,-0.000865,-0.003910,-0.004129,-0.003702,0.001315,0.000011,-0.003892,-0.000018,-0.099095,-0.000001,-0.099096,-0.099096,-0.099096,-0.049548,-0.049548,0,0,1,0,0.000000,0.090000,0.012000,0.001000,4.500000,0.080000,24.000000,0.030000,0.000000
6.980000,0.300000,0.440000,-0.030982,-0.000000,-0.030982,0.041075,0.000000,-0.041075,0.075232,0.000219,0.076757,0.074369,-0.000863,-0.003899,-0.004118,-0.003697,0.001312,0.000011,-0.003881,-0.000018,-0.098833,0.000066,-0.098768,-0.098768,-0.098768,-0.049384,-0.049384,0,0,1,0,0.000000,0.090000,0.012000,0.001000,4.500000,0.080000,24.000000,0.030000,0.000000
6.985000,0.300000,0.440000,-0.030782,-0.000000,-0.030782,0.041020,0.000000,-0.041020,0.075234,0.000219,0.076757,0.074372,-0.000862,-0.003898,-0.004117,-0.003692,0.001310,0.000011,-0.003880,-0.000018,-0.098799,0.000009,-0.098790,-0.098790,-0.098790,-0.049395,-0.049395,0,0,1,0,0.000000,0.090000,0.012000,0.001000,4.500000,0.080000,24.000000,0.030000,0.000000
6.990000,0.300000,0.440000,-0.030582,-0.000000,-0.030582,0.040966,0.000000,-0.040966,0.075234,0.000219,0.076757,0.074374,-0.000860,-0.003887,-0.004106,-0.003687,0.001307,0.000011,-0.003869,-0.000018,-0.098536,0.000066,-0.098471,-0.098471,-0.098471,-0.049235,-0.049235,0,0,1,0,0.000000,0.090000,0.012000,0.001000,4.500000,0.080000,24.000000,0.030000,0.000000
6.995000,0.300000,0.440000,-0.030382,-0.000000,-0.030382,0.040911,0.000000,-0.040911,0.075236,0.000218,0.076757,0.074376,-0.000860,-0.003886,-0.004103,-0.003682,0.001305,0.000011,-0.003868,-0.000017,-0.098474,0.000016,-0.098458,-0.098458,-0.098458,-0.049229,-0.049229,0,0,1,0,0.000000,0.090000,0.012000,0.001000,4.500000,0.080000,24.000000,0.030000,0.000000
7.000000,0.300000,0.440000,-0.030183,-0.000000,-0.030183,0.040857,0.000000,-0.040857,0.075236,0.000218,0.076757,0.074379,-0.000857,-0.003875,-0.004092,-0.003677,0.001302,0.000011,-0.003857,-0.000017,-0.098211,0.000066,-0.098145,-0.098145,-0.098145,-0.049073,-0.049073,0,0,1,0,0.000000,0.090000,0.012000,0.001000,4.500000,0.080000,24.000000,0.030000,0.000000
7.009000,0.300000,0.440000,-0.029786,-0.000000,-0.029786,0.040748,0.000000,-0.040748,0.075238,0.000216,0.076757,0.074382,-0.000856,-0.003870,-0.004086,-0.003667,0.001298,0.000012,-0.003853,-0.000017,-0.098067,0.000020,-0.098047,-0.098047,-0.098047,-0.049023,-0.049023,0,0,1,0,0.000000,0.090000,0.012000,0.001000,4.500000,0.080000,24.000000,0.030000,0.000000
7.014000,0.300000,0.440000,-0.029587,-0.000000,-0.029587,0.040694,0.000000,-0.040694,0.075240,0.000214,0.076757,0.074385,-0.000856,-0.003867,-0.004081,-0.003662,0.001295,0.000011,-0.003850,-0.000017,-0.097950,0.000029,-0.097921,-0.097921,-0.097921,-0.048960,-0.048960,0,0,1,0,0.000000,0.090000,0.012000,0.001000,4.500000,0.080000,24.000000,0.030000,0.000000
7.019000,0.300000,0.440000,-0.029389,-0.000000,-0.029389,0.040640,0.000000,-0.040640,0.075240,0.000214,0.076757,0.074387,-0.000853,-0.003855,-0.004069,-0.003658,0.001293,0.000011,-0.003838,-0.000017,-0.097656,0.000073,-0.097583,-0.097583,-0.097583,-0.048791,-0.048791,0,0,1,0,0.000000,0.090000,0.012000,0.001000,4.500000,0.080000,24.000000,0.030000,0.000000
7.024000,0.300000,0.440000,-0.029191,-0.000000,-0.029191,0.040586,0.000000,-0.040586,0.075242,0.000212,0.076757,0.074390,-0.000852,-0.003852,-0.004063,-0.003653,0.001291,0.000011,-0.003835,-0.000017,-0.097520,0.000034,-0.097486,-0.097486,-0.097486,-0.048743,-0.048743,0,0,1,0,0.000000,0.090000,0.012000,0.001000,4.500000,0.080000,24.000000,0.030000,0.000000
7.029000,0.300000,0.440000,-0.028993,-0.000000,-0.028993,0.040532,0.000000,-0.040532,0.075242,0.000212,0.076757,0.074393,-0.000850,-0.003840,-0.004051,-0.003648,0.001288,0.000011,-0.003823,-0.000017,-0.097235,0.000071,-0.097164,-0.097164,-0.097164,-0.048582,-0.048582,0,0,1,0,0.000000,0.090000,0.012000,0.001000,4.500000,0.080000,24.000000,0.030000,0.000000
7.034000,0.300000,0.440000,-0.028796,-0.000000,-0.028796,0.040478,0.000000,-0.040478,0.075244,0.000210,0.076757,0.074395,-0.000849,-0.003837,-0.004047,-0.003643,0.001286,0.000011,-0.003820,-0.000017,-0.097121,0.000029,-0.097092,-0.097092,-0.097092,-0.048546,-0.048546,0,0,1,0,0.000000,0.090000,0.012000,0.001000,4.500000,0.080000,24.000000,0.030000,0.000000
7.039000,0.300000,0.440000,-0.028599,-0.000000,-0.028599,0.040424,0.000000,-0.040424,0.075244,0.000210,0.076757,0.074398,-0.000846,-0.003825,-0.004035,-0.003638,0.001283,0.000011,-0.003809,-0.000017,-0.096842,0.000070,-0.096772,-0.096772,-0.096772,-0.048386,-0.048386,0,0,1,0,0.000000,0.090000,0.012000,0.001000,4.500000,0.080000,24.000000,0.030000,0.000000
7.044000,0.300000,0.440000,-0.028402,-0.000000,-0.028402,0.040370,0.000000,-0.040370,0.075246,0.000209,0.076757,0.074400,-0.000846,-0.003823,-0.004032,-0.003633,0.001281,0.000011,-0.003806,-0.000017,-0.096776,0.000016,-0.096760,-0.096760,-0.096760,-0.048380,-0.048380,0,0,1,0,0.000000,0.090000,0.012000,0.001000,4.500000,0.080000,24.000000,0.030000,0.000000
7.049000,0.300000,0.440000,-0.028206,-0.000000,-0.028206,0.040315,0.000000,-0.040315,0.075246,0.000209,0.076757,0.074403,-0.000843,-0.003812,-0.004021,-0.003628,0.001278,0.000011,-0.003795,-0.000017,-0.096501,0.000069,-0.096432,-0.096432,-0.096432,-0.048216,-0.048216,0,0,1,0,0.000000,0.090000,0.012000,0.001000,4.500000,0.080000,24.000000,0.030000,0.000000
7.058000,0.300000,0.440000,-0.027813,-0.000000,-0.027813,0.040207,0.000000,-0.040207,0.075248,0.000211,0.076757,0.074406,-0.000842,-0.003807,-0.004018,-0.003619,0.001274,0.000012,-0.003790,-0.000017,-0.096427,0.000010,-0.096417,-0.096417,-0.096417,-0.048208,-0.048208,0,0,1,0,0.000000,0.090000,0.012000,0.001000,4.500000,0.080000,24.000000,0.030000,0.000000
7.063000,0.300000,0.440000,-0.027618,-0.000000,-0.027618,0.040153,0.000000,-0.040153,0.075251,0.000214,0.076757,0.074409,-0.000842,-0.003805,-0.004018,-0.003614,0.001272,0.000011,-0.003787,-0.000017,-0.096442,-0.000004,-0.096445,-0.096445,-0.096445,-0.048223,-0.048223,0,0,1,0,0.000000,0.090000,0.012000,0.001000,4.500000,0.080000,24.000000,0.030000,0.000000
7.068000,0.300000,0.440000,-0.027422,-0.000000,-0.027422,0.040098,0.000000,-0.040098,0.075251,0.000214,0.076757,0.074412,-0.000839,-0.003792,-0.004006,-0.003609,0.001269,0.000011,-0.003775,-0.000017,-0.096137,0.000076,-0.096061,-0.096061,-0.096061,-0.048030,-0.048030,0,0,1,0,0.000000,0.090000,0.012000,0.001000,4.500000,0.080000,24.000000,0.030000,0.000000
7.073000,0.300000,0.440000,-0.027227,-0.000000,-0.027227,0.040044,0.000000,-0.040044,0.075253,0.000216,0.076757,0.074415,-0.000838,-0.003790,-0.004006,-0.003604,0.001267,0.000011,-0.003773,-0.000017,-0.096144,-0.000002,-0.096146,-0.096146,-0.096146,-0.048073,-0.048073,0,0,1,0,0.000000,0.090000,0.012000,0.001000,4.500000,0.080000,24.000000,0.030000,0.000000
7.078000,0.300000,0.440000,-0.027032,-0.000000,-0.027032,0.039990,0.000000,-0.039990,0.075253,0.000216,0.076757,0.074417,-0.000836,-0.003778,-0.003994,-0.003599,0.001264,0.000011,-0.003760,-0.000017,-0.095850,0.000074,-0.095776,-0.095776,-0.095776,-0.047888,-0.047888,0,0,1,0,0.000000,0.090000,0.012000,0.001000,4.500000,0.080000,24.000000,0.030000,0.000000
7.083000,0.300000,0.440000,-0.026838,-0.000000,-0.026838,0.039936,0.000000,-0.039936,0.075255,0.000218,0.076757,0.074420,-0.000835,-0.003776,-0.003994,-0.003594,0.001262,0.000011,-0.003758,-0.000017,-0.095857,-0.000002,-0.095858,-0.095858,-0.095858,-0.047929,-0.047929,0,0,1,0,0.000000,0.090000,0.012000,0.001000,4.500000,0.080000,24.000000,0.030000,0.000000
7.088000,0.300000,0.440000,-0.026643,-0.000000,-0.026643,0.039882,0.000000,-0.039882,0.075255,0.000218,0.076757,0.074423,-0.000833,-0.003764,-0.003982,-0.003589,0.001260,0.000011,-0.003747,-0.000017,-0.095570,0.000072,-0.095499,-0.095499,-0.095499,-0.047749,-0.047749,0,0,1,0,0.000000,0.090000,0.012000,0.001000,4.500000,0.080000,24.000000,0.030000,0.000000
7.093000,0.300000,0.440000,-0.026449,-0.000000,-0.026449,0.039828,0.000000,-0.039828,0.075258,0.000220,0.076757,0.074425,-0.000832,-0.003763,-0.003982,-0.003584,0.001257,0.000011,-0.003745,-0.000018,-0.095579,-0.000002,-0.095581,-0.095581,-0.095581,-0.047790,-0.047790,0,0,1,0,0.000000,0.090000,0.012000,0.001000,4.500000,0.080000,24.000000,0.030000,0.000000
7.098000,0.300000,0.440000,-0.026255,-0.000000,-0.026255,0.039774,0.000000,-0.039774,0.075258,0.000220,0.076757,0.074428,-0.000830,-0.003751,-0.003971,-0.003580,0.001255,0.000011,-0.003733,-0.000018,-0.095298,0.000070,-0.095228,-0.095228,-0.095228,-0.047614,-0.047614,0,0,1,0,0.000000,0.090000,0.012000,0.001000,4.500000,0.080000,24.000000,0.030000,0.000000
7.103000,0.300000,0.440000,-0.026062,-0.000000,-0.026062,0.039720,0.000000,-0.039720,0.075260,0.000221,0.076757,0.074430,-0.000829,-0.003750,-0.003971,-0.003575,0.001253,0.000011,-0.003732,-0.000018,-0.095307,-0.000002,-0.095309,-0.095309,-0.095309,-0.047655,-0.047655,0,0,1,0,0.000000,0.090000,0.012000,0.001000,4.500000,0.080000,24.000000,0.030000,0.000000
7.112000,0.300000,0.440000,-0.025675,-0.000000,-0.025675,0.039612,0.000000,-0.039612,0.075262,0.000223,0.076757,0.074434,-0.000828,-0.003746,-0.003969,-0.003565,0.001248,0.000012,-0.003728,-0.000018,-0.095246,0.000008,-0.095237,-0.095237,-0.095237,-0.047619,-0.047619,0,0,1,0,0.000000,0.090000,0.012000,0.001000,4.500000,0.080000,24.000000,0.030000,0.000000
7.117000,0.300000,0.440000,-0.025482,-0.000000,-0.025482,0.039558,0.000000,-0.039558,0.075262,0.000223,0.076757,0.074437,-0.000826,-0.003733,-0.003956,-0.003560,0.001246,0.000011,-0.003715,-0.000018,-0.094934,0.000078,-0.094856,-0.094856,-0.094856,-0.047428,-0.047428,0,0,1,0,0.000000,0.090000,0.012000,0.001000,4.500000,0.080000,24.000000,0.030000,0.000000
7.122000,0.300000,0.440000,-0.025290,-0.000000,-0.025290,0.039505,0.000000,-0.039505,0.075264,0.000222,0.076757,0.074439,-0.000825,-0.003730,-0.003952,-0.003555,0.001244,0.000011,-0.003712,-0.000018,-0.094840,0.000023,-0.094817,-0.094817,-0.094817,-0.047408,-0.047408,0,0,1,0,0.000000,0.090000,0.012000,0.001000,4.500000,0.080000,24.000000,0.030000,0.000000
7.127000,0.300000,0.440000,-0.025098,-0.000000,-0.025098,0.039452,0.000000,-0.039452,0.075264,0.000222,0.076757,0.074442,-0.000822,-0.003718,-0.003939,-0.003551,0.001241,0.000011,-0.003700,-0.000018,-0.094543,0.000074,-0.094469,-0.094469,-0.094469,-0.047234,-0.047234,0,0,1,0,0.000000,0.090000,0.012000,0.001000,4.500000,0.080000,24.000000,0.030000,0.000000
7.132000,0.300000,0.440000,-0.024906,-0.000000,-0.024906,0.039398,0.000000,-0.039398,0.075266,0.000220,0.076757,0.074445,-0.000822,-0.003715,-0.003935,-0.003546,0.001239,0.000011,-0.003698,-0.000018,-0.094438,0.000026,-0.094412,-0.094412,-0.094412,-0.047206,-0.047206,0,0,1,0,0.000000,0.090000,0.012000,0.001000,4.500000,0.080000,24.000000,0.030000,0.000000
7.137000,0.300000,0.440000,-0.024714,-0.000000,-0.024714,0.039345,0.000000,-0.039345,0.075266,0.000220,0.076757,0.074447,-0.000819,-0.003703,-0.003923,-0.003541,0.001236,0.000011,-0.003686,-0.000018,-0.094151,0.000072,-0.094079,-0.094079,-0.094079,-0.047039,-0.047039,0,0,1,0,0.000000,0.090000,0.012000,0.001000,4.500000,0.080000,24.000000,0.030000,0.000000
7.142000,0.300000,0.440000,-0.024522,-0.000000,-0.024522,0.039292,0.000000,-0.039292,0.075269,0.000219,0.076757,0.074450,-0.000819,-0.003701,-0.003919,-0.003536,0.001234,0.000011,-0.003683,-0.000017,-0.094067,0.000021,-0.094046,-0.094046,-0.094046,-0.047023,-0.047023,0,0,1,0,0.000000,0.090000,0.012000,0.001000,4.500000,0.080000,24.000000,0.030000,0.000000
7.147000,0.300000,0.440000,-0.024331,-0.000000,-0.024331,0.039239,0.000000,-0.039239,0.075269,0.000219,0.076757,0.074453,-0.000816,-0.003689,-0.003908,-0.003531,0.001232,0.000011,-0.003672,-0.000017,-0.093787,0.000070,-0.093716,-0.093716,-0.093716,-0.046858,-0.046858,0,0,1,0,0.000000,0.090000,0.012000,0.001000,4.500000,0.080000,24.000000,0.030000,0.000000
7.152000,0.300000,0.440000,-0.024140,-0.000000,-0.024140,0.039185,0.000000,-0.039185,0.075271,0.000219,0.076757,0.074455,-0.000816,-0.003687,-0.003906,-0.003527,0.001229,0.000011,-0.003670,-0.000017,-0.093746,0.000010,-0.093736,-0.093736,-0.093736,-0.046868,-0.046868,0,0,1,0,0.000000,0.090000,0.012000,0.001000,4.500000,0.080000,24.000000,0.030000,0.000000
7.157000,0.300000,0.440000,-0.023949,-0.000000,-0.023949,0.039132,0.000000,-0.039132,0.075271,0.000219,0.076757,0.074458,-0.000813,-0.003676,-0.003895,-0.003522,0.001227,0.000011,-0.003658,-0.000017,-0.093470,0.000069,-0.093400,-0.093400,-0.093400,-0.046700,-0.046700,0,0,1,0,0.000000,0.090000,0.012000,0.001000,4.500000,0.080000,24.000000,0.030000,0.000000
7.162000,0.300000,0.440000,-0.023759,-0.000000,-0.023759,0.039079,0.000000,-0.039079,0.075273,0.000220,0.076757,0.074460,-0.000813,-0.003675,-0.003895,-0.003517,0.001225,0.000011,-0.003657,-0.000018,-0.093479,-0.000002,-0.093481,-0.093481,-0.093481,-0.046740,-0.046740,0,0,1,0,0.000000,0.090000,0.012000,0.001000,4.500000,0.080000,24.000000,0.030000,0.000000
7.167000,0.300000,0.440000,-0.023569,-0.000000,-0.023569,0.039025,0.000000,-0.039025,0.075273,0.000220,0.076757,0.074463,-0.000810,-0.003663,-0.003884,-0.003512,0.001222,0.000011,-0.003646,-0.000018,-0.093205,0.000068,-0.093136,-0.093136,-0.093136,-0.046568,-0.046568,0,0,1,0,0.000000,0.090000,0.012000,0.001000,4.500000,0.080000,24.000000,0.030000,0.000000
7.176000,0.300000,0.440000,-0.023189,-0.000000,-0.023189,0.038918,0.000000,-0.038918,0.075275,0.000223,0.076757,0.074466,-0.000809,-0.003660,-0.003883,-0.003503,0.001218,0.000012,-0.003642,-0.000018,-0.093189,0.000002,-0.093186,-0.093186,-0.093186,-0.046593,-0.046593,0,0,1,0,0.000000,0.090000,0.012000,0.001000,4.500000,0.080000,24.000000,0.030000,0.000000
7.181000,0.300000,0.440000,-0.023000,-0.000000,-0.023000,0.038865,0.000000,-0.038865,0.075278,0.000227,0.076757,0.074469,-0.000809,-0.003658,-0.003885,-0.003498,0.001216,0.000011,-0.003640,-0.000018,-0.093241,-0.000013,-0.093254,-0.093254,-0.093254,-0.046627,-0.046627,0,0,1,0,0.000000,0.090000,0.012000,0.001000,4.500000,0.080000,24.000000,0.030000,0.000000
7.186000,0.300000,0.440000,-0.022811,-0.000000,-0.022811,0.038811,0.000000,-0.038811,0.075278,0.000227,0.076757,0.074472,-0.000806,-0.003645,-0.003872,-0.003493,0.001213,0.000011,-0.003627,-0.000018,-0.092938,0.000076,-0.092862,-0.092862,-0.092862,-0.046431,-0.046431,0,0,1,0,0.000000,0.090000,0.012000,0.001000,4.500000,0.080000,24.000000,0.030000,0.000000
7.191000,0.300000,0.440000,-0.022622,-0.000000,-0.022622,0.038758,0.000000,-0.038758,0.075280,0.000229,0.076757,0.074474,-0.000806,-0.003644,-0.003873,-0.003488,0.001211,0.000011,-0.003626,-0.000018,-0.092948,-0.000003,-0.092951,-0.092951,-0.092951,-0.046475,-0.046475,0,0,1,0,0.000000,0.090000,0.012000,0.001000,4.500000,0.080000,24.000000,0.030000,0.000000
7.196000,0.300000,0.440000,-0.022433,-0.000000,-0.022433,0.038705,0.000000,-0.038705,0.075280,0.000229,0.076757,0.074477,-0.000803,-0.003632,-0.003861,-0.003483,0.001209,0.000011,-0.003613,-0.000018,-0.092656,0.000073,-0.092583,-0.092583,-0.092583,-0.046291,-0.046291,0,0,1,0,0.000000,0.090000,0.012000,0.001000,4.500000,0.080000,24.000000,0.030000,0.000000
7.201000,0.300000,0.440000,-0.022245,-0.000000,-0.022245,0.038652,0.000000,-0.038652,0.075283,0.000229,0.076757,0.074480,-0.000803,-0.003630,-0.003860,-0.003479,0.001207,0.000011,-0.003612,-0.000018,-0.092636,0.000005,-0.092631,-0.092631,-0.092631,-0.046316,-0.046316,0,0,1,0,0.000000,0.090000,0.012000,0.001000,4.500000,0.080000,24.000000,0.030000,0.000000
7.206000,0.300000,0.440000,-0.022057,-0.000000,-0.022057,0.038599,0.000000,-0.038599,0.075283,0.000229,0.076757,0.074482,-0.000800,-0.003619,-0.003848,-0.003474,0.001204,0.000011,-0.003600,-0.000018,-0.092352,0.000071,-0.092281,-0.092281,-0.092281,-0.046141,-0.046141,0,0,1,0,0.000000,0.090000,0.012000,0.001000,4.500000,0.080000,24.000000,0.030000,0.000000
7.216000,0.300000,0.440000,-0.021682,-0.000000,-0.021682,0.038493,0.000000,-0.038493,0.075285,0.000229,0.076757,0.074485,-0.000799,-0.003616,-0.003845,-0.003464,0.001200,0.000011,-0.003597,-0.000018,-0.092276,0.000010,-0.092266,-0.092266,-0.092266,-0.046133,-0.046133,0,0,1,0,0.000000,0.090000,0.012000,0.001000,4.500000,0.080000,24.000000,0.030000,0.000000
7.225000,0.300000,0.440000,-0.021307,-0.000000,-0.021307,0.038388,0.000000,-0.038388,0.075287,0.000229,0.076757,0.074489,-0.000798,-0.003610,-0.003839,-0.003455,0.001195,0.000012,-0.003592,-0.000018,-0.092137,0.000019,-0.092118,-0.092118,-0.092118,-0.046059,-0.046059,0,0,1,0,0.000000,0.090000,0.012000,0.001000,4.500000,0.080000,24.000000,0.030000,0.000000
7.230000,0.300000,0.440000,-0.021307,-0.000000,-0.021307,0.038388,0.000000,-0.038388,0.075289,0.000226,0.076757,0.074490,-0.000800,-0.003616,-0.003842,-0.003455,0.001193,0.000000,-0.003598,-0.000018,-0.092217,-0.000020,-0.092237,-0.092237,-0.092237,-0.046118,-0.046118,0,0,1,0,0.000000,0.090000,0.012000,0.001000,4.500000,0.080000,24.000000,0.030000,0.000000
7.235000,0.300000,0.440000,-0.021121,-0.000000,-0.021121,0.038336,0.000000,-0.038336,0.075289,0.000226,0.076757,0.074492,-0.000797,-0.003604,-0.003830,-0.003450,0.001191,0.000010,-0.003586,-0.000018,-0.091929,0.000072,-0.091857,-0.091857,-0.091857,-0.045928,-0.045928,0,0,1,0,0.000000,0.090000,0.012000,0.001000,4.500000,0.080000,24.000000,0.030000,0.000000
7.240000,0.300000,0.440000,-0.020934,-0.000000,-0.020934,0.038284,0.000000,-0.038284,0.075289,0.000226,0.076757,0.074495,-0.000794,-0.003592,-0.003819,-0.003446,0.001189,0.000010,-0.003574,-0.000018,-0.091646,0.000071,-0.091575,-0.091575,-0.091575,-0.045788,-0.045788,0,0,1,0,0.000000,0.090000,0.012000,0.001000,4.500000,0.080000,24.000000,0.030000,0.000000
7.245000,0.300000,0.440000,-0.020748,-0.000000,-0.020748,0.038232,0.000000,-0.038232,0.075291,0.000221,0.076757,0.074498,-0.000794,-0.003590,-0.003810,-0.003441,0.001186,0.000010,-0.003572,-0.000018,-0.091441,0.000051,-0.091390,-0.091390,-0.091390,-0.045695,-0.045695,0,0,1,0,0.000000,0.090000,0.012000,0.001000,4.500000,0.080000,24.000000,0.030000,0.000000
7.250000,0.300000,0.440000,-0.020562,-0.000000,-0.020562,0.038180,0.000000,-0.038180,0.075291,0.000221,0.076757,0.074500,-0.000791,-0.003578,-0.003799,-0.003436,0.001184,0.000010,-0.003560,-0.000018,-0.091167,0.000068,-0.091099,-0.091099,-0.091099,-0.045550,-0.045550,0,0,1,0,0.000000,0.090000,0.012000,0.001000,4.500000,0.080000,24.000000,0.030000,0.000000
7.255000,0.300000,0.440000,-0.020376,-0.000000,-0.020376,0.038129,0.000000,-0.038129,0.075293,0.000214,0.076757,0.074503,-0.000791,-0.003575,-0.003789,-0.003432,0.001182,0.000010,-0.003558,-0.000017,-0.090932,0.000059,-0.090873,-0.090873,-0.090873,-0.045437,-0.045437,0,0,1,0,0.000000,0.090000,0.012000,0.001000,4.500000,0.080000,24.000000,0.030000,0.000000
7.260000,0.300000,0.440000,-0.020190,-0.000000,-0.020190,0.038077,0.000000,-0.038077,0.075293,0.000214,0.076757,0.074505,-0.000788,-0.003564,-0.003778,-0.003427,0.001179,0.000010,-0.003547,-0.000017,-0.090663,0.000067,-0.090596,-0.090596,-0.090596,-0.045298,-0.045298,0,0,1,0,0.000000,0.090000,0.012000,0.001000,4.500000,0.080000,24.000000,0.030000,0.000000
7.265000,0.300000,0.440000,-0.020005,-0.000000,-0.020005,0.038025,0.000000,-0.038025,0.075295,0.000211,0.076757,0.074508,-0.000788,-0.003561,-0.003772,-0.003422,0.001177,0.000010,-0.003544,-0.000017,-0.090517,0.000036,-0.090481,-0.090481,-0.090481,-0.045240,-0.045240,0,0,1,0,0.000000,0.090000,0.012000,0.001000,4.500000,0.080000,24.000000,0.030000,0.000000
7.270000,0.300000,0.440000,-0.019820,-0.000000,-0.019820,0.037973,0.000000,-0.037973,0.075295,0.000211,0.076757,0.074510,-0.000785,-0.003550,-0.003760,-0.003418,0.001175,0.000010,-0.003533,-0.000017,-0.090250,0.000067,-0.090184,-0.090184,-0.090184,-0.045092,-0.045092,0,0,1,0,0.000000,0.090000,0.012000,0.001000,4.500000,0.080000,24.000000,0.030000,0.000000
7.279000,0.300000,0.440000,-0.019451,-0.000000,-0.019451,0.037869,0.000000,-0.037869,0.075297,0.000211,0.076757,0.074513,-0.000784,-0.003545,-0.003757,-0.003408,0.001171,0.000012,-0.003528,-0.000017,-0.090158,0.000013,-0.090145,-0.090145,-0.090145,-0.045073,-0.045073,0,0,1,0,0.000000,0.090000,0.012000,0.001000,4.500000,0.080000,24.000000,0.030000,0.000000
7.284000,0.300000,0.440000,-0.019266,-0.000000,-0.019266,0.037816,0.000000,-0.037816,0.075300,0.000216,0.076757,0.074516,-0.000784,-0.003543,-0.003759,-0.003403,0.001168,0.000011,-0.003526,-0.000017,-0.090211,-0.000013,-0.090224,-0.090224,-0.090224,-0.045112,-0.045112,0,0,1,0,0.000000,0.090000,0.012000,0.001000,4.500000,0.080000,24.000000,0.030000,0.000000
7.289000,0.300000,0.440000,-0.019082,-0.000000,-0.019082,0.037763,0.000000,-0.037763,0.075300,0.000216,0.076757,0.074519,-0.000781,-0.003531,-0.003746,-0.003399,0.001166,0.000011,-0.003513,-0.000017,-0.089912,0.000075,-0.089837,-0.089837,-0.089837,-0.044918,-0.044918,0,0,1,0,0.000000,0.090000,0.012000,0.001000,4.500000,0.080000,24.000000,0.030000,0.000000
7.294000,0.300000,0.440000,-0.018899,-0.000000,-0.018899,0.037711,0.000000,-0.037711,0.075302,0.000221,0.076757,0.074522,-0.000780,-0.003530,-0.003750,-0.003394,0.001164,0.000011,-0.003512,-0.000018,-0.090004,-0.000023,-0.090027,-0.090027,-0.090027,-0.045013,-0.045013,0,0,1,0,0.000000,0.090000,0.012000,0.001000,4.500000,0.080000,24.000000,0.030000,0.000000
7.299000,0.300000,0.440000,-0.018715,-0.000000,-0.018715,0.037658,0.000000,-0.037658,0.075302,0.000221,0.076757,0.074524,-0.000778,-0.003517,-0.003738,-0.003389,0.001162,0.000011,-0.003500,-0.000018,-0.089713,0.000073,-0.089641,-0.089641,-0.089641,-0.044820,-0.044820,0,0,1,0,0.000000,0.090000,0.012000,0.001000,4.500000,0.080000,24.000000,0.030000,0.000000
7.304000,0.300000,0.440000,-0.018532,-0.000000,-0.018532,0.037606,0.000000,-0.037606,0.075304,0.000226,0.076757,0.074527,-0.000778,-0.003517,-0.003743,-0.003384,0.001159,0.000011,-0.003499,-0.000018,-0.089827,-0.000028,-0.089855,-0.089855,-0.089855,-0.044928,-0.044928,0,0,1,0,0.000000,0.090000,0.012000,0.001000,4.500000,0.080000,24.000000,0.030000,0.000000
7.309000,0.300000,0.440000,-0.018349,-0.000000,-0.018349,0.037553,0.000000,-0.037553,0.075304,0.000226,0.076757,0.074530,-0.000775,-0.003505,-0.003731,-0.003380,0.001157,0.000011,-0.003487,-0.000018,-0.089542,0.000071,-0.089471,-0.089471,-0.089471,-0.044736,-0.044736,0,0,1,0,0.000000,0.090000,0.012000,0.001000,4.500000,0.080000,24.000000,0.030000,0.000000
7.314000,0.300000,0.440000,-0.018167,-0.000000,-0.018167,0.037500,0.000000,-0.037500,0.075307,0.000230,0.076757,0.074532,-0.000775,-0.003505,-0.003735,-0.003375,0.001155,0.000010,-0.003487,-0.000018,-0.089652,-0.000027,-0.089679,-0.089679,-0.089679,-0.044840,-0.044840,0,0,1,0,0.000000,0.090000,0.012000,0.001000,4.500000,0.080000,24.000000,0.030000,0.000000
7.323000,0.300000,0.440000,-0.017802,-0.000000,-0.017802,0.037396,0.000000,-0.037396,0.075309,0.000234,0.076757,0.074535,-0.000774,-0.003502,-0.003736,-0.003366,0.001151,0.000012,-0.003484,-0.000019,-0.089665,-0.000002,-0.089667,-0.089667,-0.089667,-0.044834,-0.044834,0,0,1,0,0.000000,0.090000,0.012000,0.001000,4.500000,0.080000,24.000000,0.030000,0.000000
7.328000,0.300000,0.440000,-0.017620,-0.000000,-0.017620,0.037344,0.000000,-0.037344,0.075309,0.000234,0.076757,0.074538,-0.000771,-0.003489,-0.003723,-0.003361,0.001149,0.000010,-0.003471,-0.000019,-0.089353,0.000078,-0.089274,-0.089274,-0.089274,-0.044637,-0.044637,0,0,1,0,0.000000,0.090000,0.012000,0.001000,4.500000,0.080000,24.000000,0.030000,0.000000
7.333000,0.300000,0.440000,-0.017439,-0.000000,-0.017439,0.037292,0.000000,-0.037292,0.075312,0.000233,0.076757,0.074541,-0.000771,-0.003487,-0.003720,-0.003356,0.001146,0.000010,-0.003469,-0.000019,-0.089291,0.000015,-0.089276,-0.089276,-0.089276,-0.044638,-0.044638,0,0,1,0,0.000000,0.090000,0.012000,0.001000,4.500000,0.080000,24.000000,0.030000,0.000000
7.338000,0.300000,0.440000,-0.017257,-0.000000,-0.017257,0.037240,0.000000,-0.037240,0.075312,0.000233,0.076757,0.074544,-0.000768,-0.003475,-0.003708,-0.003352,0.001144,0.000010,-0.003456,-0.000019,-0.088994,0.000074,-0.088920,-0.088920,-0.088920,-0.044460,-0.044460,0,0,1,0,0.000000,0.090000,0.012000,0.001000,4.500000,0.080000,24.000000,0.030000,0.000000
7.343000,0.300000,0.440000,-0.017076,-0.000000,-0.017076,0.037189,0.000000,-0.037189,0.075314,0.000231,0.076757,0.074546,-0.000768,-0.003473,-0.003703,-0.003347,0.001142,0.000010,-0.003454,-0.000018,-0.088881,0.000028,-0.088853,-0.088853,-0.088853,-0.044427,-0.044427,0,0,1,0,0.000000,0.090000,0.012000,0.001000,4.500000,0.080000,24.000000,0.030000,0.000000
7.348000,0.300000,0.440000,-0.016895,-0.000000,-0.016895,0.037137,0.000000,-0.037137,0.075314,0.000231,0.076757,0.074549,-0.000765,-0.003461,-0.003691,-0.003342,0.001140,0.000010,-0.003442,-0.000018,-0.088595,0.000071,-0.088524,-0.088524,-0.088524,-0.044262,-0.044262,0,0,1,0,0.000000,0.090000,0.012000,0.001000,4.500000,0.080000,24.000000,0.030000,0.000000
7.353000,0.300000,0.440000,-0.016715,-0.000000,-0.016715,0.037086,0.000000,-0.037086,0.075316,0.000228,0.076757,0.074552,-0.000765,-0.003459,-0.003686,-0.003338,0.001137,0.000010,-0.003440,-0.000018,-0.088473,0.000031,-0.088443,-0.088443,-0.088443,-0.044221,-0.044221,0,0,1,0,0.000000,0.090000,0.012000,0.001000,4.500000,0.080000,24.000000,0.030000,0.000000
7.358000,0.300000,0.440000,-0.016534,-0.000000,-0.016534,0.037035,0.000000,-0.037035,0.075316,0.000228,0.076757,0.074554,-0.000762,-0.003447,-0.003675,-0.003333,0.001135,0.000010,-0.003429,-0.000018,-0.088195,0.000069,-0.088126,-0.088126,-0.088126,-0.044063,-0.044063,0,0,1,0,0.000000,0.090000,0.012000,0.001000,4.500000,0.080000,24.000000,0.030000,0.000000
7.363000,0.300000,0.440000,-0.016354,-0.000000,-0.016354,0.036984,0.000000,-0.036984,0.075318,0.000226,0.076757,0.074557,-0.000762,-0.003445,-0.003671,-0.003329,0.001133,0.000010,-0.003427,-0.000018,-0.088100,0.000024,-0.088077,-0.088077,-0.088077,-0.044038,-0.044038,0,0,1,0,0.000000,0.090000,0.012000,0.001000,4.500000,0.080000,24.000000,0.030000,0.000000
7.368000,0.300000,0.440000,-0.016174,-0.000000,-0.016174,0.036932,0.000000,-0.036932,0.075318,0.000226,0.076757,0.074559,-0.000759,-0.003434,-0.003659,-0.003324,0.001131,0.000010,-0.003416,-0.000018,-0.087828,0.000068,-0.087759,-0.087759,-0.087759,-0.043880,-0.043880,0,0,1,0,0.000000,0.090000,0.012000,0.001000,4.500000,0.080000,24.000000,0.030000,0.000000
7.373000,0.300000,0.440000,-0.015995,-0.000000,-0.015995,0.036881,0.000000,-0.036881,0.075321,0.000225,0.076757,0.074562,-0.000759,-0.003433,-0.003658,-0.003319,0.001129,0.000010,-0.003415,-0.000018,-0.087784,0.000011,-0.087773,-0.087773,-0.087773,-0.043886,-0.043886,0,0,1,0,0.000000,0.090000,0.012000,0.001000,4.500000,0.080000,24.000000,0.030000,0.000000
7.378000,0.300000,0.440000,-0.015815,-0.000000,-0.015815,0.036830,0.000000,-0.036830,0.075321,0.000225,0.076757,0.074564,-0.000756,-0.003421,-0.003646,-0.003315,0.001126,0.000010,-0.003403,-0.000018,-0.087514,0.000067,-0.087447,-0.087447,-0.087447,-0.043723,-0.043723,0,0,1,0,0.000000,0.090000,0.012000,0.001000,4.500000,0.080000,24.000000,0.030000,0.000000
7.387000,0.300000,0.440000,-0.015457,-0.000000,-0.015457,0.036727,0.000000,-0.036727,0.075323,0.000227,0.076757,0.074567,-0.000755,-0.003418,-0.003644,-0.003305,0.001122,0.000011,-0.003400,-0.000018,-0.087464,0.000007,-0.087457,-0.087457,-0.087457,-0.043729,-0.043729,0,0,1,0,0.000000,0.090000,0.012000,0.001000,4.500000,0.080000,24.000000,0.030000,0.000000
7.392000,0.300000,0.440000,-0.015279,-0.000000,-0.015279,0.036675,0.000000,-0.036675,0.075325,0.000230,0.076757,0.074570,-0.000755,-0.003416,-0.003646,-0.003301,0.001120,0.000010,-0.003398,-0.000018,-0.087502,-0.000009,-0.087511,-0.087511,-0.087511,-0.043756,-0.043756,0,0,1,0,0.000000,0.090000,0.012000,0.001000,4.500000,0.080000,24.000000,0.030000,0.000000
7.397000,0.300000,0.440000,-0.015100,-0.000000,-0.015100,0.036623,0.000000,-0.036623,0.075325,0.000230,0.076757,0.074573,-0.000752,-0.003404,-0.003633,-0.003296,0.001118,0.000010,-0.003385,-0.000018,-0.087203,0.000075,-0.087128,-0.087128,-0.087128,-0.043564,-0.043564,0,0,1,0,0.000000,0.090000,0.012000,0.001000,4.500000,0.080000,24.000000,0.030000,0.000000
7.402000,0.300000,0.440000,-0.014922,-0.000000,-0.014922,0.036572,0.000000,-0.036572,0.075328,0.000232,0.076757,0.074576,-0.000752,-0.003403,-0.003635,-0.003291,0.001116,0.000010,-0.003384,-0.000019,-0.087229,-0.000006,-0.087235,-0.087235,-0.087235,-0.043618,-0.043618,0,0,1,0,0.000000,0.090000,0.012000,0.001000,4.500000,0.080000,24.000000,0.030000,0.000000
7.407000,0.300000,0.440000,-0.014744,-0.000000,-0.014744,0.036521,0.000000,-0.036521,0.075328,0.000232,0.076757,0.074578,-0.000749,-0.003391,-0.003623,-0.003287,0.001114,0.000010,-0.003372,-0.000019,-0.086940,0.000072,-0.086868,-0.086868,-0.086868,-0.043434,-0.043434,0,0,1,0,0.000000,0.090000,0.012000,0.001000,4.500000,0.080000,24.000000,0.030000,0.000000
7.412000,0.300000,0.440000,-0.014567,-0.000000,-0.014567,0.036469,0.000000,-0.036469,0.075330,0.000234,0.076757,0.074581,-0.000749,-0.003390,-0.003623,-0.003282,0.001111,0.000010,-0.003371,-0.000019,-0.086960,-0.000005,-0.086965,-0.086965,-0.086965,-0.043482,-0.043482,0,0,1,0,0.000000,0.090000,0.012000,0.001000,4.500000,0.080000,24.000000,0.030000,0.000000
7.417000,0.300000,0.440000,-0.014390,-0.000000,-0.014390,0.036418,0.000000,-0.036418,0.075330,0.000234,0.076757,0.074584,-0.000747,-0.003378,-0.003612,-0.003278,0.001109,0.000010,-0.003359,-0.000019,-0.086679,0.000070,-0.086609,-0.086609,-0.086609,-0.043304,-0.043304,0,0,1,0,0.000000,0.090000,0.012000,0.001000,4.500000,0.080000,24.000000,0.030000,0.000000
7.422000,0.300000,0.440000,-0.014213,-0.000000,-0.014213,0.036367,0.000000,-0.036367,0.075333,0.000235,0.076757,0.074586,-0.000746,-0.003377,-0.003612,-0.003273,0.001107,0.000010,-0.003359,-0.000019,-0.086695,-0.000004,-0.086699,-0.086699,-0.086699,-0.043349,-0.043349,0,0,1,0,0.000000,0.090000,0.012000,0.001000,4.500000,0.080000,24.000000,0.030000,0.000000
7.427000,0.300000,0.440000,-0.014036,-0.000000,-0.014036,0.036316,0.000000,-0.036316,0.075333,0.000235,0.076757,0.074589,-0.000744,-0.003366,-0.003601,-0.003268,0.001105,0.000010,-0.003347,-0.000019,-0.086420,0.000069,-0.086351,-0.086351,-0.086351,-0.043175,-0.043175,0,0,1,0,0.000000,0.090000,0.012000,0.001000,4.500000,0.080000,24.000000,0.030000,0.000000
7.432000,0.300000,0.440000,-0.013859,-0.000000,-0.013859,0.036265,0.000000,-0.036265,0.075335,0.000236,0.076757,0.074591,-0.000744,-0.003366,-0.003601,-0.003264,0.001103,0.000010,-0.003347,-0.000019,-0.086433,-0.000003,-0.086436,-0.086436,-0.086436,-0.043218,-0.043218,0,0,1,0,0.000000,0.090000,0.012000,0.001000,4.500000,0.080000,24.000000,0.030000,0.000000
7.437000,0.300000,0.440000,-0.013683,-0.000000,-0.013683,0.036214,0.000000,-0.036214,0.075335,0.000236,0.076757,0.074594,-0.000741,-0.003354,-0.003590,-0.003259,0.001101,0.000010,-0.003335,-0.000019,-0.086162,0.000068,-0.086094,-0.086094,-0.086094,-0.043047,-0.043047,0,0,1,0,0.000000,0.090000,0.012000,0.001000,4.500000,0.080000,24.000000,0.030000,0.000000
7.442000,0.300000,0.440000,-0.013507,-0.000000,-0.013507,0.036163,0.000000,-0.036163,0.075337,0.000237,0.076757,0.074596,-0.000741,-0.003354,-0.003591,-0.003255,0.001098,0.000010,-0.003335,-0.000019,-0.086173,-0.000003,-0.086176,-0.086176,-0.086176,-0.043088,-0.043088,0,0,1,0,0.000000,0.090000,0.012000,0.001000,4.500000,0.080000,24.000000,0.030000,0.000000
7.447000,0.300000,0.440000,-0.013331,-0.000000,-0.013331,0.036112,0.000000,-0.036112,0.075337,0.000237,0.076757,0.074599,-0.000739,-0.003343,-0.003579,-0.003250,0.001096,0.000010,-0.003324,-0.000019,-0.085905,0.000067,-0.085838,-0.085838,-0.085838,-0.042919,-0.042919,0,0,1,0,0.000000,0.090000,0.012000,0.001000,4.500000,0.080000,24.000000,0.030000,0.000000
7.456000,0.300000,0.440000,-0.012980,-0.000000,-0.012980,0.036010,0.000000,-0.036010,0.075340,0.000237,0.076757,0.074602,-0.000738,-0.003340,-0.003577,-0.003241,0.001092,0.000011,-0.003321,-0.000019,-0.085850,0.000008,-0.085842,-0.085842,-0.085842,-0.042921,-0.042921,0,0,1,0,0.000000,0.090000,0.012000,0.001000,4.500000,0.080000,24.000000,0.030000,0.000000
7.461000,0.300000,0.440000,-0.012805,-0.000000,-0.012805,0.035959,0.000000,-0.035959,0.075342,0.000238,0.076757,0.074605,-0.000738,-0.003338,-0.003576,-0.003236,0.001090,0.000010,-0.003319,-0.000019,-0.085828,0.000005,-0.085823,-0.085823,-0.085823,-0.042912,-0.042912,0,0,1,0,0.000000,0.090000,0.012000,0.001000,4.500000,0.080000,24.000000,0.030000,0.000000
7.466000,0.300000,0.440000,-0.012630,-0.000000,-0.012630,0.035909,0.000000,-0.035909,0.075342,0.000238,0.076757,0.074607,-0.000735,-0.003326,-0.003564,-0.003232,0.001088,0.000010,-0.003307,-0.000019,-0.085534,0.000074,-0.085460,-0.085460,-0.085460,-0.042730,-0.042730,0,0,1,0,0.000000,0.090000,0.012000,0.001000,4.500000,0.080000,24.000000,0.030000,0.000000
7.471000,0.300000,0.440000,-0.012456,-0.000000,-0.012456,0.035858,0.000000,-0.035858,0.075345,0.000237,0.076757,0.074610,-0.000735,-0.003325,-0.003561,-0.003227,0.001086,0.000010,-0.003306,-0.000019,-0.085469,0.000016,-0.085453,-0.085453,-0.085453,-0.042727,-0.042727,0,0,1,0,0.000000,0.090000,0.012000,0.001000,4.500000,0.080000,24.000000,0.030000,0.000000
7.476000,0.300000,0.440000,-0.012281,-0.000000,-0.012281,0.035808,0.000000,-0.035808,0.075345,0.000237,0.076757,0.074613,-0.000732,-0.003313,-0.003549,-0.003223,0.001084,0.000010,-0.003294,-0.000019,-0.085186,0.000071,-0.085115,-0.085115,-0.085115,-0.042557,-0.042557,0,0,1,0,0.000000,0.090000,0.012000,0.001000,4.500000,0.080000,24.000000,0.030000,0.000000
7.481000,0.300000,0.440000,-0.012107,-0.000000,-0.012107,0.035758,0.000000,-0.035758,0.075347,0.000235,0.076757,0.074615,-0.000732,-0.003311,-0.003546,-0.003218,0.001082,0.000010,-0.003292,-0.000019,-0.085111,0.000019,-0.085092,-0.085092,-0.085092,-0.042546,-0.042546,0,0,1,0,0.000000,0.090000,0.012000,0.001000,4.500000,0.080000,24.000000,0.030000,0.000000
7.486000,0.300000,0.440000,-0.011933,-0.000000,-0.011933,0.035707,0.000000,-0.035707,0.075347,0.000235,0.076757,0.074618,-0.000729,-0.003300,-0.003535,-0.003214,0.001079,0.000010,-0.003281,-0.000019,-0.084835,0.000069,-0.084766,-0.084766,-0.084766,-0.042383,-0.042383,0,0,1,0,0.000000,0.090000,0.012000,0.001000,4.500000,0.080000,24.000000,0.030000,0.000000
7.491000,0.300000,0.440000,-0.011760,-0.000000,-0.011760,0.035657,0.000000,-0.035657,0.075349,0.000234,0.076757,0.074620,-0.000729,-0.003299,-0.003532,-0.003209,0.001077,0.000010,-0.003280,-0.000019,-0.084776,0.000015,-0.084761,-0.084761,-0.084761,-0.042380,-0.042380,0,0,1,0,0.000000,0.090000,0.012000,0.001000,4.500000,0.080000,24.000000,0.030000,0.000000
7.496000,0.300000,0.440000,-0.011586,-0.000000,-0.011586,0.035607,0.000000,-0.035607,0.075349,0.000234,0.076757,0.074623,-0.000726,-0.003287,-0.003521,-0.003205,0.001075,0.000010,-0.003269,-0.000019,-0.084505,0.000068,-0.084437,-0.084437,-0.084437,-0.042219,-0.042219,0,0,1,0,0.000000,0.090000,0.012000,0.001000,4.500000,0.080000,24.000000,0.030000,0.000000
7.501000,0.300000,0.440000,-0.011413,-0.000000,-0.011413,0.035557,0.000000,-0.035557,0.075352,0.000233,0.076757,0.074625,-0.000726,-0.003287,-0.003520,-0.003200,0.001073,0.000010,-0.003268,-0.000019,-0.084479,0.000006,-0.084473,-0.084473,-0.084473,-0.042236,-0.042236,0,0,1,0,0.000000,0.090000,0.012000,0.001000,4.500000,0.080000,24.000000,0.030000,0.000000
7.506000,0.300000,0.440000,-0.011240,-0.000000,-0.011240,0.035507,0.000000,-0.035507,0.075352,0.000233,0.076757,0.074628,-0.000724,-0.003275,-0.003509,-0.003196,0.001071,0.000010,-0.003257,-0.000019,-0.084212,0.000067,-0.084145,-0.084145,-0.084145,-0.042072,-0.042072,0,0,1,0,0.000000,0.090000,0.012000,0.001000,4.500000,0.080000,24.000000,0.030000,0.000000
7.511000,0.300000,0.440000,-0.011068,-0.000000,-0.011068,0.035456,0.000000,-0.035456,0.075354,0.000234,0.076757,0.074630,-0.000724,-0.003275,-0.003509,-0.003191,0.001069,0.000010,-0.003256,-0.000019,-0.084226,-0.000004,-0.084230,-0.084230,-0.084230,-0.042115,-0.042115,0,0,1,0,0.000000,0.090000,0.012000,0.001000,4.500000,0.080000,24.000000,0.030000,0.000000
7.516000,0.300000,0.440000,-0.010895,-0.000000,-0.010895,0.035406,0.000000,-0.035406,0.075354,0.000234,0.076757,0.074633,-0.000721,-0.003264,-0.003498,-0.003187,0.001067,0.000010,-0.003245,-0.000019,-0.083961,0.000066,-0.083894,-0.083894,-0.083894,-0.041947,-0.041947,0,0,1,0,0.000000,0.090000,0.012000,0.001000,4.500000,0.080000,24.000000,0.030000,0.000000
7.521000,0.300000,0.440000,-0.010723,-0.000000,-0.010723,0.035356,0.000000,-0.035356,0.075356,0.000236,0.076757,0.074635,-0.000721,-0.003264,-0.003500,-0.003182,0.001065,0.000010,-0.003245,-0.000019,-0.084010,-0.000012,-0.084022,-0.084022,-0.084022,-0.042011,-0.042011,0,0,1,0,0.000000,0.090000,0.012000,0.001000,4.500000,0.080000,24.000000,0.030000,0.000000
7.530000,0.300000,0.440000,-0.010380,-0.000000,-0.010380,0.035255,0.000000,-0.035255,0.075359,0.000239,0.076757,0.074638,-0.000721,-0.003262,-0.003501,-0.003173,0.001061,0.000011,-0.003243,-0.000019,-0.084015,-0.000001,-0.084016,-0.084016,-0.084016,-0.042008,-0.042008,0,0,1,0,0.000000,0.090000,0.012000,0.001000,4.500000,0.080000,24.000000,0.030000,0.000000
7.535000,0.300000,0.440000,-0.010380,-0.000000,-0.010380,0.035255,0.000000,-0.035255,0.075359,0.000239,0.076757,0.074639,-0.000720,-0.003259,-0.003498,-0.003173,0.001059,0.000000,-0.003240,-0.000019,-0.083952,0.000016,-0.083936,-0.083936,-0.083936,-0.041968,-0.041968,0,0,1,0,0.000000,0.090000,0.012000,0.001000,4.500000,0.080000,24.000000,0.030000,0.000000
7.540000,0.300000,0.440000,-0.010208,-0.000000,-0.010208,0.035205,0.000000,-0.035205,0.075359,0.000239,0.076757,0.074641,-0.000718,-0.003249,-0.003487,-0.003168,0.001056,0.000010,-0.003229,-0.000019,-0.083697,0.000064,-0.083633,-0.083633,-0.083633,-0.041816,-0.041816,0,0,1,0,0.000000,0.090000,0.012000,0.001000,4.500000,0.080000,24.000000,0.030000,0.000000
7.545000,0.300000,0.440000,-0.010037,-0.000000,-0.010037,0.035155,0.000000,-0.035155,0.075361,0.000239,0.076757,0.074644,-0.000718,-0.003249,-0.003488,-0.003164,0.001054,0.000010,-0.003230,-0.000019,-0.083714,-0.000004,-0.083718,-0.083718,-0.083718,-0.041859,-0.041859,0,0,1,0,0.000000,0.090000,0.012000,0.001000,4.500000,0.080000,24.000000,0.030000,0.000000
7.550000,0.300000,0.440000,-0.009866,-0.000000,-0.009866,0.035105,0.000000,-0.035105,0.075361,0.000239,0.076757,0.074646,-0.000715,-0.003238,-0.003477,-0.003159,0.001052,0.000010,-0.003219,-0.000019,-0.083459,0.000064,-0.083396,-0.083396,-0.083396,-0.041698,-0.041698,0,0,1,0,0.000000,0.090000,0.012000,0.001000,4.500000,0.080000,24.000000,0.030000,0.000000
7.555000,0.300000,0.440000,-0.009696,-0.000000,-0.009696,0.035056,0.000000,-0.035056,0.075364,0.000238,0.076757,0.074648,-0.000715,-0.003238,-0.003476,-0.003155,0.001050,0.000010,-0.003219,-0.000019,-0.083417,0.000010,-0.083407,-0.083407,-0.083407,-0.041703,-0.041703,0,0,1,0,0.000000,0.090000,0.012000,0.001000,4.500000,0.080000,24.000000,0.030000,0.000000
7.560000,0.300000,0.440000,-0.009525,-0.000000,-0.009525,0.035006,0.000000,-0.035006,0.075364,0.000238,0.076757,0.074651,-0.000713,-0.003228,-0.003465,-0.003151,0.001048,0.000010,-0.003209,-0.000019,-0.083163,0.000064,-0.083099,-0.083099,-0.083099,-0.041550,-0.041550,0,0,1,0,0.000000,0.090000,0.012000,0.001000,4.500000,0.080000,24.000000,0.030000,0.000000
7.565000,0.300000,0.440000,-0.009355,-0.000000,-0.009355,0.034956,0.000000,-0.034956,0.075366,0.000236,0.076757,0.074653,-0.000713,-0.003227,-0.003463,-0.003146,0.001046,0.000010,-0.003208,-0.000019,-0.083108,0.000014,-0.083094,-0.083094,-0.083094,-0.041547,-0.041547,0,0,1,0,0.000000,0.090000,0.012000,0.001000,4.500000,0.080000,24.000000,0.030000,0.000000
7.570000,0.300000,0.440000,-0.009185,-0.000000,-0.009185,0.034907,0.000000,-0.034907,0.075366,0.000236,0.076757,0.074655,-0.000711,-0.003217,-0.003452,-0.003142,0.001044,0.000010,-0.003198,-0.000019,-0.082854,0.000064,-0.082790,-0.082790,-0.082790,-0.041395,-0.041395,0,0,1,0,0.000000,0.090000,0.012000,0.001000,4.500000,0.080000,24.000000,0.030000,0.000000
7.575000,0.300000,0.440000,-0.009016,-0.000000,-0.009016,0.034858,0.000000,-0.034858,0.075368,0.000234,0.076757,0.074658,-0.000711,-0.003216,-0.003450,-0.003137,0.001042,0.000010,-0.003197,-0.000019,-0.082802,0.000013,-0.082789,-0.082789,-0.082789,-0.041394,-0.041394,0,0,1,0,0.000000,0.090000,0.012000,0.001000,4.500000,0.080000,24.000000,0.030000,0.000000
7.580000,0.300000,0.440000,-0.008846,-0.000000,-0.008846,0.034808,0.000000,-0.034808,0.075368,0.000234,0.076757,0.074660,-0.000708,-0.003206,-0.003439,-0.003133,0.001040,0.000010,-0.003187,-0.000019,-0.082548,0.000064,-0.082484,-0.082484,-0.082484,-0.041242,-0.041242,0,0,1,0,0.000000,0.090000,0.012000,0.001000,4.500000,0.080000,24.000000,0.030000,0.000000
7.590000,0.300000,0.440000,-0.008508,-0.000000,-0.008508,0.034709,0.000000,-0.034709,0.075371,0.000233,0.076757,0.074663,-0.000708,-0.003204,-0.003436,-0.003124,0.001036,0.000010,-0.003185,-0.000019,-0.082473,0.000009,-0.082464,-0.082464,-0.082464,-0.041232,-0.041232,0,0,1,0,0.000000,0.090000,0.012000,0.001000,4.500000,0.080000,24.000000,0.030000,0.000000
7.599000,0.300000,0.440000,-0.008171,-0.000000,-0.008171,0.034611,0.000000,-0.034611,0.075373,0.000233,0.076757,0.074666,-0.000707,-0.003199,-0.003432,-0.003115,0.001032,0.000011,-0.003181,-0.000019,-0.082368,0.000015,-0.082354,-0.082354,-0.082354,-0.041177,-0.041177,0,0,1,0,0.000000,0.090000,0.012000,0.001000,4.500000,0.080000,24.000000,0.030000,0.000000
7.604000,0.300000,0.440000,-0.008002,-0.000000,-0.008002,0.034562,0.000000,-0.034562,0.075375,0.000231,0.076757,0.074669,-0.000706,-0.003196,-0.003428,-0.003111,0.001030,0.000010,-0.003178,-0.000018,-0.082262,0.000027,-0.082235,-0.082235,-0.082235,-0.041118,-0.041118,0,0,1,0,0.000000,0.090000,0.012000,0.001000,4.500000,0.080000,24.000000,0.030000,0.000000
7.609000,0.300000,0.440000,-0.007834,-0.000000,-0.007834,0.034513,0.000000,-0.034513,0.075375,0.000231,0.076757,0.074672,-0.000703,-0.003184,-0.003415,-0.003106,0.001028,0.000010,-0.003165,-0.000018,-0.081955,0.000077,-0.081879,-0.081879,-0.081879,-0.040939,-0.040939,0,0,1,0,0.000000,0.090000,0.012000,0.001000,4.500000,0.080000,24.000000,0.030000,0.000000
7.614000,0.300000,0.440000,-0.007667,-0.000000,-0.007667,0.034464,0.000000,-0.034464,0.075377,0.000228,0.076757,0.074675,-0.000703,-0.003181,-0.003409,-0.003102,0.001026,0.000010,-0.003163,-0.000018,-0.081816,0.000035,-0.081782,-0.081782,-0.081782,-0.040891,-0.040891,0,0,1,0,0.000000,0.090000,0.012000,0.001000,4.500000,0.080000,24.000000,0.030000,0.000000
7.619000,0.300000,0.440000,-0.007499,-0.000000,-0.007499,0.034415,0.000000,-0.034415,0.075377,0.000228,0.076757,0.074677,-0.000700,-0.003169,-0.003397,-0.003097,0.001024,0.000010,-0.003151,-0.000018,-0.081526,0.000073,-0.081453,-0.081453,-0.081453,-0.040726,-0.040726,0,0,1,0,0.000000,0.090000,0.012000,0.001000,4.500000,0.080000,24.000000,0.030000,0.000000
7.624000,0.300000,0.440000,-0.007332,-0.000000,-0.007332,0.034366,0.000000,-0.034366,0.075379,0.000226,0.076757,0.074680,-0.000700,-0.003166,-0.003392,-0.003093,0.001021,0.000010,-0.003148,-0.000018,-0.081409,0.000029,-0.081380,-0.081380,-0.081380,-0.040690,-0.040690,0,0,1,0,0.000000,0.090000,0.012000,0.001000,4.500000,0.080000,24.000000,0.030000,0.000000
7.629000,0.300000,0.440000,-0.007165,-0.000000,-0.007165,0.034317,0.000000,-0.034317,0.075379,0.000226,0.076757,0.074682,-0.000697,-0.003155,-0.003380,-0.003089,0.001019,0.000010,-0.003137,-0.000018,-0.081129,0.000070,-0.081059,-0.081059,-0.081059,-0.040530,-0.040530,0,0,1,0,0.000000,0.090000,0.012000,0.001000,4.500000,0.080000,24.000000,0.030000,0.000000
7.634000,0.300000,0.440000,-0.006998,-0.000000,-0.006998,0.034268,0.000000,-0.034268,0.075382,0.000225,0.076757,0.074685,-0.000697,-0.003153,-0.003378,-0.003084,0.001017,0.000010,-0.003135,-0.000018,-0.081072,0.000014,-0.081058,-0.081058,-0.081058,-0.040529,-0.040529,0,0,1,0,0.000000,0.090000,0.012000,0.001000,4.500000,0.080000,24.000000,0.030000,0.000000
7.639000,0.300000,0.440000,-0.006832,-0.000000,-0.006832,0.034219,0.000000,-0.034219,0.075382,0.000225,0.076757,0.074688,-0.000694,-0.003142,-0.003367,-0.003080,0.001015,0.000010,-0.003124,-0.000018,-0.080799,0.000068,-0.080730,-0.080730,-0.080730,-0.040365,-0.040365,0,0,1,0,0.000000,0.090000,0.012000,0.001000,4.500000,0.080000,24.000000,0.030000,0.000000
7.644000,0.300000,0.440000,-0.006665,-0.000000,-0.006665,0.034170,0.000000,-0.034170,0.075384,0.000227,0.076757,0.074690,-0.000694,-0.003141,-0.003367,-0.003075,0.001013,0.000010,-0.003123,-0.000018,-0.080816,-0.000004,-0.080821,-0.080821,-0.080821,-0.040410,-0.040410,0,0,1,0,0.000000,0.090000,0.012000,0.001000,4.500000,0.080000,24.000000,0.030000,0.000000
7.649000,0.300000,0.440000,-0.006499,-0.000000,-0.006499,0.034121,0.000000,-0.034121,0.075384,0.000227,0.076757,0.074693,-0.000691,-0.003130,-0.003356,-0.003071,0.001011,0.000010,-0.003111,-0.000018,-0.080547,0.000067,-0.080480,-0.080480,-0.080480,-0.040240,-0.040240,0,0,1,0,0.000000,0.090000,0.012000,0.001000,4.500000,0.080000,24.000000,0.030000,0.000000
7.654000,0.300000,0.440000,-0.006333,-0.000000,-0.006333,0.034072,0.000000,-0.034072,0.075386,0.000230,0.076757,0.074695,-0.000691,-0.003130,-0.003360,-0.003066,0.001009,0.000010,-0.003111,-0.000018,-0.080632,-0.000021,-0.080653,-0.080653,-0.080653,-0.040327,-0.040327,0,0,1,0,0.000000,0.090000,0.012000,0.001000,4.500000,0.080000,24.000000,0.030000,0.000000
7.663000,0.300000,0.440000,-0.006003,-0.000000,-0.006003,0.033973,0.000000,-0.033973,0.075389,0.000235,0.076757,0.074698,-0.000691,-0.003128,-0.003362,-0.003058,0.001005,0.000011,-0.003109,-0.000019,-0.080696,-0.000009,-0.080705,-0.080705,-0.080705,-0.040353,-0.040353,0,0,1,0,0.000000,0.090000,0.012000,0.001000,4.500000,0.080000,24.000000,0.030000,0.000000
7.668000,0.300000,0.440000,-0.005838,-0.000000,-0.005838,0.033924,0.000000,-0.033924,0.075389,0.000235,0.076757,0.074701,-0.000688,-0.003115,-0.003350,-0.003053,0.001003,0.000010,-0.003096,-0.000019,-0.080395,0.000075,-0.080320,-0.080320,-0.080320,-0.040160,-0.040160,0,0,1,0,0.000000,0.090000,0.012000,0.001000,4.500000,0.080000,24.000000,0.030000,0.000000
7.673000,0.300000,0.440000,-0.005673,-0.000000,-0.005673,0.033875,0.000000,-0.033875,0.075391,0.000237,0.076757,0.074704,-0.000688,-0.003114,-0.003352,-0.003049,0.001001,0.000010,-0.003095,-0.000019,-0.080439,-0.000011,-0.080450,-0.080450,-0.080450,-0.040225,-0.040225,0,0,1,0,0.000000,0.090000,0.012000,0.001000,4.500000,0.080000,24.000000,0.030000,0.000000
7.678000,0.300000,0.440000,-0.005508,-0.000000,-0.005508,0.033826,0.000000,-0.033826,0.075391,0.000237,0.076757,0.074706,-0.000685,-0.003102,-0.003340,-0.003044,0.000999,0.000010,-0.003083,-0.000019,-0.080151,0.000072,-0.080079,-0.080079,-0.080079,-0.040039,-0.040039,0,0,1,0,0.000000,0.090000,0.012000,0.001000,4.500000,0.080000,24.000000,0.030000,0.000000
7.683000,0.300000,0.440000,-0.005344,-0.000000,-0.005344,0.033777,0.000000,-0.033777,0.075394,0.000239,0.076757,0.074709,-0.000685,-0.003102,-0.003340,-0.003040,0.000997,0.000010,-0.003083,-0.000019,-0.080168,-0.000004,-0.080172,-0.080172,-0.080172,-0.040086,-0.040086,0,0,1,0,0.000000,0.090000,0.012000,0.001000,4.500000,0.080000,24.000000,0.030000,0.000000
7.688000,0.300000,0.440000,-0.005180,-0.000000,-0.005180,0.033728,0.000000,-0.033728,0.075394,0.000239,0.076757,0.074711,-0.000682,-0.003090,-0.003329,-0.003036,0.000995,0.000010,-0.003071,-0.000019,-0.079889,0.000070,-0.079820,-0.079820,-0.079820,-0.039910,-0.039910,0,0,1,0,0.000000,0.090000,0.012000,0.001000,4.500000,0.080000,24.000000,0.030000,0.000000
7.693000,0.300000,0.440000,-0.005016,-0.000000,-0.005016,0.033680,0.000000,-0.033680,0.075396,0.000239,0.076757,0.074714,-0.000682,-0.003090,-0.003329,-0.003031,0.000993,0.000010,-0.003071,-0.000019,-0.079888,0.000000,-0.079887,-0.079887,-0.079887,-0.039944,-0.039944,0,0,1,0,0.000000,0.090000,0.012000,0.001000,4.500000,0.080000,24.000000,0.030000,0.000000
7.698000,0.300000,0.440000,-0.004852,-0.000000,-0.004852,0.033631,0.000000,-0.033631,0.075396,0.000239,0.076757,0.074716,-0.000680,-0.003078,-0.003317,-0.003027,0.000991,0.000010,-0.003059,-0.000019,-0.079616,0.000068,-0.079548,-0.079548,-0.079548,-0.039774,-0.039774,0,0,1,0,0.000000,0.090000,0.012000,0.001000,4.500000,0.080000,24.000000,0.030000,0.000000
7.703000,0.300000,0.440000,-0.004689,-0.000000,-0.004689,0.033582,0.000000,-0.033582,0.075399,0.000239,0.076757,0.074719,-0.000680,-0.003078,-0.003317,-0.003022,0.000989,0.000010,-0.003059,-0.000019,-0.079606,0.000003,-0.079604,-0.079604,-0.079604,-0.039802,-0.039802,0,0,1,0,0.000000,0.090000,0.012000,0.001000,4.500000,0.080000,24.000000,0.030000,0.000000
7.708000,0.300000,0.440000,-0.004526,-0.000000,-0.004526,0.033534,0.000000,-0.033534,0.075399,0.000239,0.076757,0.074721,-0.000677,-0.003067,-0.003306,-0.003018,0.000987,0.000010,-0.003048,-0.000019,-0.079340,0.000067,-0.079273,-0.079273,-0.079273,-0.039637,-0.039637,0,0,1,0,0.000000,0.090000,0.012000,0.001000,4.500000,0.080000,24.000000,0.030000,0.000000
7.713000,0.300000,0.440000,-0.004363,-0.000000,-0.004363,0.033486,0.000000,-0.033486,0.075401,0.000239,0.076757,0.074724,-0.000677,-0.003067,-0.003305,-0.003014,0.000985,0.000010,-0.003048,-0.000019,-0.079331,0.000002,-0.079328,-0.079328,-0.079328,-0.039664,-0.039664,0,0,1,0,0.000000,0.090000,0.012000,0.001000,4.500000,0.080000,24.000000,0.030000,0.000000
7.718000,0.300000,0.440000,-0.004200,-0.000000,-0.004200,0.033437,0.000000,-0.033437,0.075401,0.000239,0.076757,0.074726,-0.000675,-0.003056,-0.003295,-0.003009,0.000983,0.000010,-0.003037,-0.000019,-0.079068,0.000066,-0.079003,-0.079003,-0.079003,-0.039501,-0.039501,0,0,1,0,0.000000,0.090000,0.012000,0.001000,4.500000,0.080000,24.000000,0.030000,0.000000
7.723000,0.300000,0.440000,-0.004038,-0.000000,-0.004038,0.033389,0.000000,-0.033389,0.075404,0.000239,0.076757,0.074729,-0.000675,-0.003056,-0.003294,-0.003005,0.000981,0.000010,-0.003037,-0.000019,-0.079067,0.000000,-0.079067,-0.079067,-0.079067,-0.039534,-0.039534,0,0,1,0,0.000000,0.090000,0.012000,0.001000,4.500000,0.080000,24.000000,0.030000,0.000000
7.728000,0.300000,0.440000,-0.003875,-0.000000,-0.003875,0.033340,0.000000,-0.033340,0.075404,0.000239,0.076757,0.074731,-0.000672,-0.003045,-0.003284,-0.003001,0.000979,0.000010,-0.003026,-0.000019,-0.078808,0.000065,-0.078743,-0.078743,-0.078743,-0.039371,-0.039371,0,0,1,0,0.000000,0.090000,0.012000,0.001000,4.500000,0.080000,24.000000,0.030000,0.000000
7.737000,0.300000,0.440000,-0.003552,-0.000000,-0.003552,0.033244,0.000000,-0.033244,0.075406,0.000239,0.076757,0.074734,-0.000672,-0.003042,-0.003282,-0.002992,0.000976,0.000011,-0.003023,-0.000019,-0.078757,0.000007,-0.078750,-0.078750,-0.078750,-0.039375,-0.039375,0,0,1,0,0.000000,0.090000,0.012000,0.001000,4.500000,0.080000,24.000000,0.030000,0.000000
7.742000,0.300000,0.440000,-0.003390,-0.000000,-0.003390,0.033196,0.000000,-0.033196,0.075408,0.000240,0.076757,0.074737,-0.000672,-0.003041,-0.003281,-0.002988,0.000974,0.000010,-0.003022,-0.000019,-0.078753,0.000001,-0.078752,-0.078752,-0.078752,-0.039376,-0.039376,0,0,1,0,0.000000,0.090000,0.012000,0.001000,4.500000,0.080000,24.000000,0.030000,0.000000
7.747000,0.300000,0.440000,-0.003229,-0.000000,-0.003229,0.033148,0.000000,-0.033148,0.075408,0.000240,0.076757,0.074739,-0.000669,-0.003029,-0.003269,-0.002983,0.000972,0.000010,-0.003010,-0.000019,-0.078466,0.000072,-0.078394,-0.078394,-0.078394,-0.039197,-0.039197,0,0,1,0,0.000000,0.090000,0.012000,0.001000,4.500000,0.080000,24.000000,0.030000,0.000000
7.752000,0.300000,0.440000,-0.003068,-0.000000,-0.003068,0.033100,0.000000,-0.033100,0.075411,0.000240,0.076757,0.074742,-0.000669,-0.003028,-0.003268,-0.002979,0.000970,0.000010,-0.003009,-0.000019,-0.078430,0.000009,-0.078421,-0.078421,-0.078421,-0.039210,-0.039210,0,0,1,0,0.000000,0.090000,0.012000,0.001000,4.500000,0.080000,24.000000,0.030000,0.000000
7.757000,0.300000,0.440000,-0.002907,-0.000000,-0.002907,0.033052,0.000000,-0.033052,0.075411,0.000240,0.076757,0.074745,-0.000666,-0.003017,-0.003256,-0.002975,0.000968,0.000010,-0.002998,-0.000019,-0.078154,0.000069,-0.078084,-0.078084,-0.078084,-0.039042,-0.039042,0,0,1,0,0.000000,0.090000,0.012000,0.001000,4.500000,0.080000,24.000000,0.030000,0.000000
7.762000,0.300000,0.440000,-0.002747,-0.000000,-0.002747,0.033004,0.000000,-0.033004,0.075413,0.000239,0.076757,0.074747,-0.000666,-0.003016,-0.003255,-0.002970,0.000966,0.000010,-0.002997,-0.000019,-0.078111,0.000011,-0.078100,-0.078100,-0.078100,-0.039050,-0.039050,0,0,1,0,0.000000,0.090000,0.012000,0.001000,4.500000,0.080000,24.000000,0.030000,0.000000
7.767000,0.300000,0.440000,-0.002586,-0.000000,-0.002586,0.032956,0.000000,-0.032956,0.075413,0.000239,0.076757,0.074750,-0.000663,-0.003005,-0.003243,-0.002966,0.000964,0.000010,-0.002986,-0.000019,-0.077842,0.000067,-0.077775,-0.077775,-0.077775,-0.038887,-0.038887,0,0,1,0,0.000000,0.090000,0.012000,0.001000,4.500000,0.080000,24.000000,0.030000,0.000000
7.772000,0.300000,0.440000,-0.002426,-0.000000,-0.002426,0.032908,0.000000,-0.032908,0.075416,0.000238,0.076757,0.074752,-0.000663,-0.003004,-0.003242,-0.002962,0.000962,0.000010,-0.002985,-0.000019,-0.077813,0.000007,-0.077805,-0.077805,-0.077805,-0.038903,-0.038903,0,0,1,0,0.000000,0.090000,0.012000,0.001000,4.500000,0.080000,24.000000,0.030000,0.000000
7.777000,0.300000,0.440000,-0.002266,-0.000000,-0.002266,0.032861,0.000000,-0.032861,0.075416,0.000238,0.076757,0.074755,-0.000661,-0.002993,-0.003231,-0.002957,0.000960,0.000010,-0.002974,-0.000019,-0.077549,0.000066,-0.077483,-0.077483,-0.077483,-0.038741,-0.038741,0,0,1,0,0.000000,0.090000,0.012000,0.001000,4.500000,0.080000,24.000000,0.030000,0.000000
7.782000,0.300000,0.440000,-0.002107,-0.000000,-0.002107,0.032813,0.000000,-0.032813,0.075418,0.000238,0.076757,0.074757,-0.000661,-0.002993,-0.003231,-0.002953,0.000958,0.000010,-0.002974,-0.000019,-0.077545,0.000001,-0.077544,-0.077544,-0.077544,-0.038772,-0.038772,0,0,1,0,0.000000,0.090000,0.012000,0.001000,4.500000,0.080000,24.000000,0.030000,0.000000
7.791000,0.300000,0.440000,-0.001788,-0.000000,-0.001788,0.032717,0.000000,-0.032717,0.075420,0.000239,0.076757,0.074760,-0.000660,-0.002991,-0.003230,-0.002945,0.000954,0.000011,-0.002972,-0.000019,-0.077508,0.000005,-0.077503,-0.077503,-0.077503,-0.038751,-0.038751,0,0,1,0,0.000000,0.090000,0.012000,0.001000,4.500000,0.080000,24.000000,0.030000,0.000000
7.796000,0.300000,0.440000,-0.001629,-0.000000,-0.001629,0.032670,0.000000,-0.032670,0.075420,0.000239,0.076757,0.074763,-0.000658,-0.002978,-0.003217,-0.002940,0.000952,0.000010,-0.002959,-0.000019,-0.077214,0.000073,-0.077141,-0.077141,-0.077141,-0.038570,-0.038570,0,0,1,0,0.000000,0.090000,0.012000,0.001000,4.500000,0.080000,24.000000,0.030000,0.000000
7.801000,0.300000,0.440000,-0.001471,-0.000000,-0.001471,0.032622,0.000000,-0.032622,0.075423,0.000238,0.076757,0.074765,-0.000657,-0.002977,-0.003216,-0.002936,0.000950,0.000009,-0.002958,-0.000019,-0.077173,0.000010,-0.077163,-0.077163,-0.077163,-0.038581,-0.038581,0,0,1,0,0.000000,0.090000,0.012000,0.001000,4.500000,0.080000,24.000000,0.030000,0.000000
7.806000,0.300000,0.440000,-0.001312,-0.000000,-0.001312,0.032575,0.000000,-0.032575,0.075423,0.000238,0.076757,0.074768,-0.000655,-0.002965,-0.003204,-0.002932,0.000948,0.000009,-0.002946,-0.000019,-0.076892,0.000070,-0.076821,-0.076821,-0.076821,-0.038411,-0.038411,0,0,1,0,0.000000,0.090000,0.012000,0.001000,4.500000,0.080000,24.000000,0.030000,0.000000
7.811000,0.300000,0.440000,-0.001154,-0.000000,-0.001154,0.032527,0.000000,-0.032527,0.075425,0.000238,0.076757,0.074771,-0.000655,-0.002965,-0.003202,-0.002927,0.000946,0.000009,-0.002946,-0.000019,-0.076857,0.000009,-0.076849,-0.076849,-0.076849,-0.038424,-0.038424,0,0,1,0,0.000000,0.090000,0.012000,0.001000,4.500000,0.080000,24.000000,0.030000,0.000000
7.816000,0.300000,0.440000,-0.000996,-0.000000,-0.000996,0.032480,0.000000,-0.032480,0.075425,0.000238,0.076757,0.074773,-0.000652,-0.002953,-0.003191,-0.002923,0.000945,0.000009,-0.002934,-0.000019,-0.076585,0.000068,-0.076517,-0.076517,-0.076517,-0.038258,-0.038258,0,0,1,0,0.000000,0.090000,0.012000,0.001000,4.500000,0.080000,24.000000,0.030000,0.000000
7.821000,0.300000,0.440000,-0.000838,-0.000000,-0.000838,0.032432,0.000000,-0.032432,0.075427,0.000238,0.076757,0.074776,-0.000652,-0.002953,-0.003191,-0.002919,0.000943,0.000009,-0.002934,-0.000019,-0.076576,0.000002,-0.076574,-0.076574,-0.076574,-0.038287,-0.038287,0,0,1,0,0.000000,0.090000,0.012000,0.001000,4.500000,0.080000,24.000000,0.030000,0.000000
7.826000,0.300000,0.440000,-0.000681,-0.000000,-0.000681,0.032385,0.000000,-0.032385,0.075427,0.000238,0.076757,0.074778,-0.000649,-0.002942,-0.003180,-0.002915,0.000941,0.000009,-0.002923,-0.000019,-0.076309,0.000067,-0.076243,-0.076243,-0.076243,-0.038121,-0.038121,0,0,1,0,0.000000,0.090000,0.012000,0.001000,4.500000,0.080000,24.000000,0.030000,0.000000
7.831000,0.300000,0.440000,-0.000523,-0.000000,-0.000523,0.032338,0.000000,-0.032338,0.075430,0.000239,0.076757,0.074780,-0.000649,-0.002942,-0.003181,-0.002910,0.000939,0.000009,-0.002922,-0.000019,-0.076333,-0.000006,-0.076339,-0.076339,-0.076339,-0.038170,-0.038170,0,0,1,0,0.000000,0.090000,0.012000,0.001000,4.500000,0.080000,24.000000,0.030000,0.000000
7.836000,0.300000,0.440000,-0.000366,-0.000000,-0.000366,0.032290,0.000000,-0.032290,0.075430,0.000239,0.076757,0.074783,-0.000647,-0.002931,-0.003170,-0.002906,0.000937,0.000009,-0.002912,-0.000019,-0.076071,0.000066,-0.076005,-0.076005,-0.076005,-0.038003,-0.038003,0,0,1,0,0.000000,0.090000,0.012000,0.001000,4.500000,0.080000,24.000000,0.030000,0.000000
7.841000,0.300000,0.440000,-0.000210,-0.000000,-0.000210,0.032243,0.000000,-0.032243,0.075432,0.000241,0.076757,0.074785,-0.000647,-0.002931,-0.003172,-0.002902,0.000935,0.000009,-0.002912,-0.000019,-0.076124,-0.000013,-0.076138,-0.076138,-0.076138,-0.038069,-0.038069,0,0,1,0,0.000000,0.090000,0.012000,0.001000,4.500000,0.080000,24.000000,0.030000,0.000000
7.846000,0.300000,0.440000,-0.000053,-0.000000,-0.000053,0.032195,0.000000,-0.032195,0.075432,0.000241,0.076757,0.074788,-0.000645,-0.002920,-0.003161,-0.002898,0.000933,0.000009,-0.002901,-0.000019,-0.075865,0.000065,-0.075800,-0.075800,-0.075800,-0.037900,-0.037900,0,0,1,0,0.000000,0.090000,0.012000,0.001000,4.500000,0.080000,24.000000,0.030000,0.000000
7.851000,0.300000,0.440000,-0.000053,-0.000000,-0.000053,0.032195,0.000000,-0.032195,0.075435,0.000243,0.076757,0.074788,-0.000647,-0.002930,-0.003173,-0.002898,0.000931,0.000000,-0.002911,-0.000019,-0.076160,-0.000074,-0.076234,-0.076234,-0.076234,-0.038117,-0.038117,0,0,1,0,0.000000,0.090000,0.012000,0.001000,4.500000,0.080000,24.000000,0.030000,0.000000
7.860000,0.300000,0.440000,0.000415,-0.000000,0.000415,0.032053,0.000000,-0.032053,0.075437,0.000244,0.076757,0.074792,-0.000645,-0.002924,-0.003168,-0.002885,0.000927,0.000016,-0.002904,-0.000020,-0.076024,0.000019,-0.076005,-0.076005,-0.076005,-0.038003,-0.038003,0,0,1,0,0.000000,0.090000,0.012000,0.001000,4.500000,0.080000,24.000000,0.030000,0.000000
7.865000,0.300000,0.440000,0.000571,-0.000000,0.000571,0.032007,0.000000,-0.032007,0.075437,0.000244,0.076757,0.074795,-0.000643,-0.002911,-0.003155,-0.002881,0.000926,0.000009,-0.002891,-0.000020,-0.075720,0.000076,-0.075643,-0.075643,-0.075643,-0.037822,-0.037822,0,0,1,0,0.000000,0.090000,0.012000,0.001000,4.500000,0.080000,24.000000,0.030000,0.000000
7.870000,0.300000,0.440000,0.000571,-0.000000,0.000571,0.032007,0.000000,-0.032007,0.075437,0.000244,0.076757,0.074796,-0.000642,-0.002908,-0.003152,-0.002881,0.000924,0.000000,-0.002888,-0.000020,-0.075643,0.000019,-0.075624,-0.075624,-0.075624,-0.037812,-0.037812,0,0,1,0,0.000000,0.090000,0.012000,0.001000,4.500000,0.080000,24.000000,0.030000,0.000000
7.875000,0.300000,0.440000,0.000726,-0.000000,0.000726,0.031960,0.000000,-0.031960,0.075440,0.000241,0.076757,0.074798,-0.000642,-0.002908,-0.003149,-0.002876,0.000922,0.000009,-0.002888,-0.000019,-0.075578,0.000016,-0.075562,-0.075562,-0.075562,-0.037781,-0.037781,0,0,1,0,0.000000,0.090000,0.012000,0.001000,4.500000,0.080000,24.000000,0.030000,0.000000
7.880000,0.300000,0.440000,0.000882,-0.000000,0.000882,0.031913,0.000000,-0.031913,0.075440,0.000241,0.076757,0.074800,-0.000640,-0.002897,-0.003139,-0.002872,0.000920,0.000009,-0.002878,-0.000019,-0.075327,0.000063,-0.075264,-0.075264,-0.075264,-0.037632,-0.037632,0,0,1,0,0.000000,0.090000,0.012000,0.001000,4.500000,0.080000,24.000000,0.030000,0.000000
7.885000,0.300000,0.440000,0.001037,-0.000000,0.001037,0.031867,0.000000,-0.031867,0.075442,0.000238,0.076757,0.074803,-0.000639,-0.002897,-0.003135,-0.002868,0.000918,0.000009,-0.002878,-0.000019,-0.075233,0.000023,-0.075209,-0.075209,-0.075209,-0.037605,-0.037605,0,0,1,0,0.000000,0.090000,0.012000,0.001000,4.500000,0.080000,24.000000,0.030000,0.000000
7.890000,0.300000,0.440000,0.001192,-0.000000,0.001192,0.031821,0.000000,-0.031821,0.075442,0.000238,0.076757,0.074805,-0.000637,-0.002886,-0.003124,-0.002864,0.000916,0.000009,-0.002867,-0.000019,-0.074984,0.000062,-0.074922,-0.074922,-0.074922,-0.037461,-0.037461,0,0,1,0,0.000000,0.090000,0.012000,0.001000,4.500000,0.080000,24.000000,0.030000,0.000000
7.895000,0.300000,0.440000,0.001346,-0.000000,0.001346,0.031774,0.000000,-0.031774,0.075444,0.000234,0.076757,0.074807,-0.000637,-0.002886,-0.003120,-0.002860,0.000914,0.000009,-0.002867,-0.000019,-0.074873,0.000028,-0.074845,-0.074845,-0.074845,-0.037423,-0.037423,0,0,1,0,0.000000,0.090000,0.012000,0.001000,4.500000,0.080000,24.000000,0.030000,0.000000
7.900000,0.300000,0.440000,0.001500,-0.000000,0.001500,0.031728,0.000000,-0.031728,0.075444,0.000234,0.076757,0.074809,-0.000635,-0.002875,-0.003109,-0.002856,0.000912,0.000009,-0.002857,-0.000019,-0.074626,0.000062,-0.074564,-0.074564,-0.074564,-0.037282,-0.037282,0,0,1,0,0.000000,0.090000,0.012000,0.001000,4.500000,0.080000,24.000000,0.030000,0.000000
7.905000,0.300000,0.440000,0.001655,-0.000000,0.001655,0.031682,0.000000,-0.031682,0.075446,0.000232,0.076757,0.074812,-0.000635,-0.002875,-0.003107,-0.002851,0.000910,0.000009,-0.002856,-0.000019,-0.074566,0.000015,-0.074551,-0.074551,-0.074551,-0.037276,-0.037276,0,0,1,0,0.000000,0.090000,0.012000,0.001000,4.500000,0.080000,24.000000,0.030000,0.000000
7.910000,0.300000,0.440000,0.001808,-0.000000,0.001808,0.031635,0.000000,-0.031635,0.075446,0.000232,0.076757,0.074814,-0.000632,-0.002865,-0.003097,-0.002847,0.000908,0.000009,-0.002846,-0.000019,-0.074319,0.000062,-0.074257,-0.074257,-0.074257,-0.037128,-0.037128,0,0,1,0,0.000000,0.090000,0.012000,0.001000,4.500000,0.080000,24.000000,0.030000,0.000000
7.915000,0.300000,0.440000,0.001962,-0.000000,0.001962,0.031589,0.000000,-0.031589,0.075449,0.000232,0.076757,0.074816,-0.000632,-0.002865,-0.003097,-0.002843,0.000906,0.000009,-0.002846,-0.000019,-0.074325,-0.000002,-0.074326,-0.074326,-0.074326,-0.037163,-0.037163,0,0,1,0,0.000000,0.090000,0.012000,0.001000,4.500000,0.080000,24.000000,0.030000,0.000000
7.920000,0.300000,0.440000,0.002115,-0.000000,0.002115,0.031542,0.000000,-0.031542,0.075449,0.000232,0.076757,0.074819,-0.000630,-0.002854,-0.003087,-0.002839,0.000905,0.000009,-0.002836,-0.000019,-0.074077,0.000062,-0.074015,-0.074015,-0.074015,-0.037007,-0.037007,0,0,1,0,0.000000,0.090000,0.012000,0.001000,4.500000,0.080000,24.000000,0.030000,0.000000
7.929000,0.300000,0.440000,0.002421,-0.000000,0.002421,0.031449,0.000000,-0.031449,0.075451,0.000234,0.076757,0.074821,-0.000630,-0.002852,-0.003087,-0.002830,0.000901,0.000010,-0.002834,-0.000019,-0.074082,-0.000001,-0.074083,-0.074083,-0.074083,-0.037042,-0.037042,0,0,1,0,0.000000,0.090000,0.012000,0.001000,4.500000,0.080000,24.000000,0.030000,0.000000
7.934000,0.300000,0.440000,0.002574,-0.000000,0.002574,0.031402,0.000000,-0.031402,0.075454,0.000238,0.076757,0.074824,-0.000630,-0.002852,-0.003090,-0.002826,0.000899,0.000009,-0.002833,-0.000019,-0.074171,-0.000022,-0.074194,-0.074194,-0.074194,-0.037097,-0.037097,0,0,1,0,0.000000,0.090000,0.012000,0.001000,4.500000,0.080000,24.000000,0.030000,0.000000
7.939000,0.300000,0.440000,0.002727,-0.000000,0.002727,0.031355,0.000000,-0.031355,0.075454,0.000238,0.076757,0.074827,-0.000627,-0.002840,-0.003079,-0.002822,0.000897,0.000009,-0.002821,-0.000019,-0.073893,0.000070,-0.073823,-0.073823,-0.073823,-0.036911,-0.036911,0,0,1,0,0.000000,0.090000,0.012000,0.001000,4.500000,0.080000,24.000000,0.030000,0.000000
7.944000,0.300000,0.440000,0.002879,-0.000000,0.002879,0.031309,0.000000,-0.031309,0.075456,0.000241,0.076757,0.074829,-0.000627,-0.002841,-0.003081,-0.002818,0.000896,0.000009,-0.002821,-0.000019,-0.073953,-0.000015,-0.073968,-0.073968,-0.073968,-0.036984,-0.036984,0,0,1,0,0.000000,0.090000,0.012000,0.001000,4.500000,0.080000,24.000000,0.030000,0.000000
7.949000,0.300000,0.440000,0.003031,-0.000000,0.003031,0.031262,0.000000,-0.031262,0.075456,0.000241,0.076757,0.074832,-0.000624,-0.002829,-0.003070,-0.002814,0.000894,0.000009,-0.002810,-0.000019,-0.073683,0.000068,-0.073615,-0.073615,-0.073615,-0.036808,-0.036808,0,0,1,0,0.000000,0.090000,0.012000,0.001000,4.500000,0.080000,24.000000,0.030000,0.000000
7.954000,0.300000,0.440000,0.003182,-0.000000,0.003182,0.031216,0.000000,-0.031216,0.075459,0.000242,0.076757,0.074834,-0.000625,-0.002830,-0.003071,-0.002809,0.000892,0.000009,-0.002810,-0.000019,-0.073716,-0.000008,-0.073724,-0.073724,-0.073724,-0.036862,-0.036862,0,0,1,0,0.000000,0.090000,0.012000,0.001000,4.500000,0.080000,24.000000,0.030000,0.000000
7.959000,0.300000,0.440000,0.003334,-0.000000,0.003334,0.031170,0.000000,-0.031170,0.075459,0.000242,0.076757,0.074837,-0.000622,-0.002819,-0.003061,-0.002805,0.000890,0.000009,-0.002799,-0.000019,-0.073452,0.000066,-0.073386,-0.073386,-0.073386,-0.036693,-0.036693,0,0,1,0,0.000000,0.090000,0.012000,0.001000,4.500000,0.080000,24.000000,0.030000,0.000000
7.964000,0.300000,0.440000,0.003485,-0.000000,0.003485,0.031124,0.000000,-0.031124,0.075461,0.000242,0.076757,0.074839,-0.000622,-0.002819,-0.003061,-0.002801,0.000888,0.000009,-0.002800,-0.000019,-0.073462,-0.000002,-0.073464,-0.073464,-0.073464,-0.036732,-0.036732,0,0,1,0,0.000000,0.090000,0.012000,0.001000,4.500000,0.080000,24.000000,0.030000,0.000000
7.969000,0.300000,0.440000,0.003636,-0.000000,0.003636,0.031077,0.000000,-0.031077,0.075461,0.000242,0.076757,0.074841,-0.000620,-0.002808,-0.003050,-0.002797,0.000886,0.000009,-0.002789,-0.000019,-0.073203,0.000065,-0.073139,-0.073139,-0.073139,-0.036569,-0.036569,0,0,1,0,0.000000,0.090000,0.012000,0.001000,4.500000,0.080000,24.000000,0.030000,0.000000
7.974000,0.300000,0.440000,0.003787,-0.000000,0.003787,0.031031,0.000000,-0.031031,0.075464,0.000241,0.076757,0.074844,-0.000620,-0.002808,-0.003050,-0.002793,0.000884,0.000009,-0.002789,-0.000019,-0.073197,0.000002,-0.073195,-0.073195,-0.073195,-0.036598,-0.036598,0,0,1,0,0.000000,0.090000,0.012000,0.001000,4.500000,0.080000,24.000000,0.030000,0.000000
7.979000,0.300000,0.440000,0.003938,-0.000000,0.003938,0.030985,0.000000,-0.030985,0.075464,0.000241,0.076757,0.074846,-0.000617,-0.002798,-0.003039,-0.002789,0.000882,0.000009,-0.002778,-0.000019,-0.072943,0.000064,-0.072879,-0.072879,-0.072879,-0.036440,-0.036440,0,0,1,0,0.000000,0.090000,0.012000,0.001000,4.500000,0.080000,24.000000,0.030000,0.000000
7.984000,0.300000,0.440000,0.004088,-0.000000,0.004088,0.030940,0.000000,-0.030940,0.075466,0.000241,0.076757,0.074849,-0.000617,-0.002798,-0.003039,-0.002785,0.000881,0.000009,-0.002779,-0.000019,-0.072930,0.000003,-0.072927,-0.072927,-0.072927,-0.036464,-0.036464,0,0,1,0,0.000000,0.090000,0.012000,0.001000,4.500000,0.080000,24.000000,0.030000,0.000000
7.993000,0.300000,0.440000,0.004389,-0.000000,0.004389,0.030848,0.000000,-0.030848,0.075468,0.000240,0.076757,0.074851,-0.000617,-0.002796,-0.003036,-0.002776,0.000877,0.000010,-0.002777,-0.000019,-0.072861,0.000010,-0.072852,-0.072852,-0.072852,-0.036426,-0.036426,0,0,1,0,0.000000,0.090000,0.012000,0.001000,4.500000,0.080000,24.000000,0.030000,0.000000
7.998000,0.300000,0.440000,0.004538,-0.000000,0.004538,0.030802,0.000000,-0.030802,0.075468,0.000240,0.076757,0.074854,-0.000614,-0.002784,-0.003024,-0.002772,0.000875,0.000009,-0.002765,-0.000019,-0.072578,0.000071,-0.072507,-0.072507,-0.072507,-0.036253,-0.036253,0,0,1,0,0.000000,0.090000,0.012000,0.001000,4.500000,0.080000,24.000000,0.030000,0.000000
8.003000,0.300000,0.440000,0.004688,-0.000000,0.004688,0.030757,0.000000,-0.030757,0.075471,0.000238,0.076757,0.074857,-0.000614,-0.002783,-0.003020,-0.002768,0.000874,0.000009,-0.002764,-0.000019,-0.072491,0.000022,-0.072469,-0.072469,-0.072469,-0.036235,-0.036235,0,0,1,0,0.000000,0.090000,0.012000,0.001000,4.500000,0.080000,24.000000,0.030000,0.000000
8.008000,0.300000,0.440000,0.004837,-0.000000,0.004837,0.030712,0.000000,-0.030712,0.075471,0.000238,0.076757,0.074859,-0.000612,-0.002771,-0.003009,-0.002764,0.000872,0.000009,-0.002752,-0.000019,-0.072220,0.000068,-0.072152,-0.072152,-0.072152,-0.036076,-0.036076,0,0,1,0,0.000000,0.090000,0.012000,0.001000,4.500000,0.080000,24.000000,0.030000,0.000000
8.013000,0.300000,0.440000,0.004986,-0.000000,0.004986,0.030666,0.000000,-0.030666,0.075473,0.000236,0.076757,0.074862,-0.000611,-0.002770,-0.003006,-0.002760,0.000870,0.000009,-0.002751,-0.000019,-0.072141,0.000020,-0.072121,-0.072121,-0.072121,-0.036060,-0.036060,0,0,1,0,0.000000,0.090000,0.012000,0.001000,4.500000,0.080000,24.000000,0.030000,0.000000
8.018000,0.300000,0.440000,0.005135,-0.000000,0.005135,0.030621,0.000000,-0.030621,0.075473,0.000236,0.076757,0.074864,-0.000609,-0.002759,-0.002995,-0.002756,0.000868,0.000009,-0.002740,-0.000019,-0.071877,0.000066,-0.071811,-0.071811,-0.071811,-0.035906,-0.035906,0,0,1,0,0.000000,0.090000,0.012000,0.001000,4.500000,0.080000,24.000000,0.030000,0.000000
8.023000,0.300000,0.440000,0.005284,-0.000000,0.005284,0.030576,0.000000,-0.030576,0.075475,0.000234,0.076757,0.074866,-0.000609,-0.002759,-0.002993,-0.002752,0.000866,0.000009,-0.002740,-0.000019,-0.071835,0.000010,-0.071825,-0.071825,-0.071825,-0.035912,-0.035912,0,0,1,0,0.000000,0.090000,0.012000,0.001000,4.500000,0.080000,24.000000,0.030000,0.000000
8.028000,0.300000,0.440000,0.005432,-0.000000,0.005432,0.030530,0.000000,-0.030530,0.075475,0.000234,0.076757,0.074869,-0.000606,-0.002748,-0.002982,-0.002748,0.000864,0.000009,-0.002729,-0.000019,-0.071577,0.000065,-0.071513,-0.071513,-0.071513,-0.035756,-0.035756,0,0,1,0,0.000000,0.090000,0.012000,0.001000,4.500000,0.080000,24.000000,0.030000,0.000000
8.033000,0.300000,0.440000,0.005581,-0.000000,0.005581,0.030485,0.000000,-0.030485,0.075478,0.000235,0.076757,0.074871,-0.000606,-0.002748,-0.002983,-0.002744,0.000863,0.000009,-0.002729,-0.000019,-0.071587,-0.000003,-0.071590,-0.071590,-0.071590,-0.035795,-0.035795,0,0,1,0,0.000000,0.090000,0.012000,0.001000,4.500000,0.080000,24.000000,0.030000,0.000000
8.038000,0.300000,0.440000,0.005728,-0.000000,0.005728,0.030439,0.000000,-0.030439,0.075478,0.000235,0.076757,0.074874,-0.000604,-0.002737,-0.002972,-0.002740,0.000861,0.000009,-0.002718,-0.000019,-0.071333,0.000064,-0.071269,-0.071269,-0.071269,-0.035635,-0.035635,0,0,1,0,0.000000,0.090000,0.012000,0.001000,4.500000,0.080000,24.000000,0.030000,0.000000
8.047000,0.300000,0.440000,0.006024,-0.000000,0.006024,0.030348,0.000000,-0.030348,0.075480,0.000237,0.076757,0.074876,-0.000604,-0.002735,-0.002972,-0.002731,0.000857,0.000010,-0.002716,-0.000019,-0.071334,-0.000000,-0.071335,-0.071335,-0.071335,-0.035667,-0.035667,0,0,1,0,0.000000,0.090000,0.012000,0.001000,4.500000,0.080000,24.000000,0.030000,0.000000
8.052000,0.300000,0.440000,0.006171,-0.000000,0.006171,0.030302,0.000000,-0.030302,0.075483,0.000241,0.076757,0.074879,-0.000603,-0.002735,-0.002976,-0.002727,0.000856,0.000009,-0.002716,-0.000019,-0.071413,-0.000020,-0.071433,-0.071433,-0.071433,-0.035717,-0.035717,0,0,1,0,0.000000,0.090000,0.012000,0.001000,4.500000,0.080000,24.000000,0.030000,0.000000
8.057000,0.300000,0.440000,0.006318,-0.000000,0.006318,0.030257,0.000000,-0.030257,0.075483,0.000241,0.076757,0.074882,-0.000601,-0.002723,-0.002964,-0.002723,0.000854,0.000009,-0.002704,-0.000019,-0.071132,0.000070,-0.071062,-0.071062,-0.071062,-0.035531,-0.035531,0,0,1,0,0.000000,0.090000,0.012000,0.001000,4.500000,0.080000,24.000000,0.030000,0.000000
8.062000,0.300000,0.440000,0.006465,-0.000000,0.006465,0.030211,0.000000,-0.030211,0.075485,0.000243,0.076757,0.074884,-0.000601,-0.002723,-0.002966,-0.002719,0.000852,0.000009,-0.002704,-0.000019,-0.071183,-0.000013,-0.071196,-0.071196,-0.071196,-0.035598,-0.035598,0,0,1,0,0.000000,0.090000,0.012000,0.001000,4.500000,0.080000,24.000000,0.030000,0.000000
8.067000,0.300000,0.440000,0.006611,-0.000000,0.006611,0.030166,0.000000,-0.030166,0.075485,0.000243,0.076757,0.074887,-0.000598,-0.002712,-0.002955,-0.002715,0.000850,0.000009,-0.002693,-0.000019,-0.070913,0.000068,-0.070845,-0.070845,-0.070845,-0.035423,-0.035423,0,0,1,0,0.000000,0.090000,0.012000,0.001000,4.500000,0.080000,24.000000,0.030000,0.000000
8.072000,0.300000,0.440000,0.006758,-0.000000,0.006758,0.030121,0.000000,-0.030121,0.075488,0.000243,0.076757,0.074889,-0.000598,-0.002712,-0.002956,-0.002711,0.000848,0.000009,-0.002693,-0.000019,-0.070941,-0.000007,-0.070948,-0.070948,-0.070948,-0.035474,-0.035474,0,0,1,0,0.000000,0.090000,0.012000,0.001000,4.500000,0.080000,24.000000,0.030000,0.000000
8.077000,0.300000,0.440000,0.006904,-0.000000,0.006904,0.030075,0.000000,-0.030075,0.075488,0.000243,0.076757,0.074892,-0.000596,-0.002701,-0.002945,-0.002707,0.000847,0.000009,-0.002682,-0.000019,-0.070678,0.000066,-0.070612,-0.070612,-0.070612,-0.035306,-0.035306,0,0,1,0,0.000000,0.090000,0.012000,0.001000,4.500000,0.080000,24.000000,0.030000,0.000000
8.082000,0.300000,0.440000,0.007050,-0.000000,0.007050,0.030030,0.000000,-0.030030,0.075490,0.000244,0.076757,0.074894,-0.000596,-0.002702,-0.002945,-0.002703,0.000845,0.000009,-0.002682,-0.000019,-0.070690,-0.000003,-0.070693,-0.070693,-0.070693,-0.035347,-0.035347,0,0,1,0,0.000000,0.090000,0.012000,0.001000,4.500000,0.080000,24.000000,0.030000,0.000000
8.087000,0.300000,0.440000,0.007196,-0.000000,0.007196,0.029985,0.000000,-0.029985,0.075490,0.000244,0.076757,0.074896,-0.000594,-0.002691,-0.002935,-0.002699,0.000843,0.000009,-0.002672,-0.000019,-0.070433,0.000064,-0.070369,-0.070369,-0.070369,-0.035184,-0.035184,0,0,1,0,0.000000,0.090000,0.012000,0.001000,4.500000,0.080000,24.000000,0.030000,0.000000
8.092000,0.300000,0.440000,0.007341,-0.000000,0.007341,0.029940,0.000000,-0.029940,0.075493,0.000243,0.076757,0.074899,-0.000594,-0.002691,-0.002935,-0.002695,0.000841,0.000009,-0.002672,-0.000019,-0.070437,-0.000001,-0.070437,-0.070437,-0.070437,-0.035219,-0.035219,0,0,1,0,0.000000,0.090000,0.012000,0.001000,4.500000,0.080000,24.000000,0.030000,0.000000
8.097000,0.300000,0.440000,0.007486,-0.000000,0.007486,0.029895,0.000000,-0.029895,0.075493,0.000243,0.076757,0.074901,-0.000591,-0.002681,-0.002924,-0.002691,0.000839,0.000009,-0.002662,-0.000019,-0.070184,0.000063,-0.070121,-0.070121,-0.070121,-0.035060,-0.035060,0,0,1,0,0.000000,0.090000,0.012000,0.001000,4.500000,0.080000,24.000000,0.030000,0.000000
8.102000,0.300000,0.440000,0.007632,-0.000000,0.007632,0.029851,0.000000,-0.029851,0.075495,0.000243,0.076757,0.074903,-0.000592,-0.002681,-0.002924,-0.002687,0.000838,0.000009,-0.002662,-0.000019,-0.070187,-0.000001,-0.070187,-0.070187,-0.070187,-0.035094,-0.035094,0,0,1,0,0.000000,0.090000,0.012000,0.001000,4.500000,0.080000,24.000000,0.030000,0.000000
8.111000,0.300000,0.440000,0.007921,-0.000000,0.007921,0.029761,0.000000,-0.029761,0.075497,0.000243,0.076757,0.074906,-0.000591,-0.002680,-0.002922,-0.002678,0.000834,0.000010,-0.002660,-0.000019,-0.070136,0.000007,-0.070128,-0.070128,-0.070128,-0.035064,-0.035064,0,0,1,0,0.000000,0.090000,0.012000,0.001000,4.500000,0.080000,24.000000,0.030000,0.000000
8.116000,0.300000,0.440000,0.008066,-0.000000,0.008066,0.029717,0.000000,-0.029717,0.075497,0.000243,0.076757,0.074909,-0.000589,-0.002668,-0.002911,-0.002674,0.000833,0.000009,-0.002648,-0.000019,-0.069855,0.000070,-0.069785,-0.069785,-0.069785,-0.034892,-0.034892,0,0,1,0,0.000000,0.090000,0.012000,0.001000,4.500000,0.080000,24.000000,0.030000,0.000000
8.121000,0.300000,0.440000,0.008210,-0.000000,0.008210,0.029672,0.000000,-0.029672,0.075500,0.000241,0.076757,0.074911,-0.000588,-0.002667,-0.002908,-0.002670,0.000831,0.000009,-0.002648,-0.000019,-0.069784,0.000018,-0.069767,-0.069767,-0.069767,-0.034883,-0.034883,0,0,1,0,0.000000,0.090000,0.012000,0.001000,4.500000,0.080000,24.000000,0.030000,0.000000
8.126000,0.300000,0.440000,0.008354,-0.000000,0.008354,0.029628,0.000000,-0.029628,0.075500,0.000241,0.076757,0.074914,-0.000586,-0.002656,-0.002896,-0.002666,0.000829,0.000009,-0.002636,-0.000019,-0.069516,0.000067,-0.069449,-0.069449,-0.069449,-0.034724,-0.034724,0,0,1,0,0.000000,0.090000,0.012000,0.001000,4.500000,0.080000,24.000000,0.030000,0.000000
8.131000,0.300000,0.440000,0.008498,-0.000000,0.008498,0.029583,0.000000,-0.029583,0.075502,0.000239,0.076757,0.074916,-0.000586,-0.002655,-0.002894,-0.002663,0.000827,0.000009,-0.002636,-0.000019,-0.069449,0.000017,-0.069432,-0.069432,-0.069432,-0.034716,-0.034716,0,0,1,0,0.000000,0.090000,0.012000,0.001000,4.500000,0.080000,24.000000,0.030000,0.000000
8.136000,0.300000,0.440000,0.008641,-0.000000,0.008641,0.029539,0.000000,-0.029539,0.075502,0.000239,0.076757,0.074919,-0.000583,-0.002644,-0.002883,-0.002659,0.000826,0.000009,-0.002625,-0.000019,-0.069189,0.000065,-0.069124,-0.069124,-0.069124,-0.034562,-0.034562,0,0,1,0,0.000000,0.090000,0.012000,0.001000,4.500000,0.080000,24.000000,0.030000,0.000000
8.141000,0.300000,0.440000,0.008784,-0.000000,0.008784,0.029495,0.000000,-0.029495,0.075504,0.000238,0.076757,0.074921,-0.000583,-0.002644,-0.002881,-0.002655,0.000824,0.000009,-0.002625,-0.000019,-0.069153,0.000009,-0.069144,-0.069144,-0.069144,-0.034572,-0.034572,0,0,1,0,0.000000,0.090000,0.012000,0.001000,4.500000,0.080000,24.000000,0.030000,0.000000
8.146000,0.300000,0.440000,0.008928,-0.000000,0.008928,0.029451,0.000000,-0.029451,0.075504,0.000238,0.076757,0.074923,-0.000581,-0.002633,-0.002871,-0.002651,0.000822,0.000009,-0.002614,-0.000019,-0.068898,0.000064,-0.068835,-0.068835,-0.068835,-0.034417,-0.034417,0,0,1,0,0.000000,0.090000,0.012000,0.001000,4.500000,0.080000,24.000000,0.030000,0.000000
8.151000,0.300000,0.440000,0.009071,-0.000000,0.009071,0.029406,0.000000,-0.029406,0.075507,0.000238,0.076757,0.074926,-0.000581,-0.002633,-0.002871,-0.002647,0.000820,0.000009,-0.002614,-0.000019,-0.068909,-0.000003,-0.068911,-0.068911,-0.068911,-0.034456,-0.034456,0,0,1,0,0.000000,0.090000,0.012000,0.001000,4.500000,0.080000,24.000000,0.030000,0.000000
8.156000,0.300000,0.440000,0.009213,-0.000000,0.009213,0.029362,0.000000,-0.029362,0.075507,0.000238,0.076757,0.074928,-0.000579,-0.002623,-0.002861,-0.002643,0.000818,0.000009,-0.002604,-0.000019,-0.068658,0.000063,-0.068595,-0.068595,-0.068595,-0.034297,-0.034297,0,0,1,0,0.000000,0.090000,0.012000,0.001000,4.500000,0.080000,24.000000,0.030000,0.000000
8.161000,0.300000,0.440000,0.009356,-0.000000,0.009356,0.029317,0.000000,-0.029317,0.075509,0.000239,0.076757,0.074930,-0.000579,-0.002624,-0.002863,-0.002639,0.000817,0.000009,-0.002604,-0.000019,-0.068715,-0.000014,-0.068729,-0.068729,-0.068729,-0.034364,-0.034364,0,0,1,0,0.000000,0.090000,0.012000,0.001000,4.500000,0.080000,24.000000,0.030000,0.000000
8.166000,0.300000,0.440000,0.009498,-0.000000,0.009498,0.029273,0.000000,-0.029273,0.075509,0.000239,0.076757,0.074933,-0.000576,-0.002613,-0.002853,-0.002635,0.000815,0.000009,-0.002594,-0.000019,-0.068466,0.000062,-0.068403,-0.068403,-0.068403,-0.034202,-0.034202,0,0,1,0,0.000000,0.090000,0.012000,0.001000,4.500000,0.080000,24.000000,0.030000,0.000000
8.171000,0.300000,0.440000,0.009640,-0.000000,0.009640,0.029228,0.000000,-0.029228,0.075512,0.000242,0.076757,0.074935,-0.000577,-0.002614,-0.002857,-0.002631,0.000813,0.000009,-0.002595,-0.000019,-0.068557,-0.000023,-0.068580,-0.068580,-0.068580,-0.034290,-0.034290,0,0,1,0,0.000000,0.090000,0.012000,0.001000,4.500000,0.080000,24.000000,0.030000,0.000000
8.176000,0.300000,0.440000,0.009782,-0.000000,0.009782,0.029184,0.000000,-0.029184,0.075512,0.000242,0.076757,0.074937,-0.000574,-0.002604,-0.002846,-0.002627,0.000811,0.000009,-0.002585,-0.000019,-0.068310,0.000062,-0.068248,-0.068248,-0.068248,-0.034124,-0.034124,0,0,1,0,0.000000,0.090000,0.012000,0.001000,4.500000,0.080000,24.000000,0.030000,0.000000
8.185000,0.300000,0.440000,0.010065,-0.000000,0.010065,0.029095,0.000000,-0.029095,0.075514,0.000245,0.076757,0.074940,-0.000574,-0.002603,-0.002848,-0.002619,0.000808,0.000010,-0.002584,-0.000020,-0.068357,-0.000007,-0.068364,-0.068364,-0.068364,-0.034182,-0.034182,0,0,1,0,0.000000,0.090000,0.012000,0.001000,4.500000,0.080000,24.000000,0.030000,0.000000
8.190000,0.300000,0.440000,0.010065,-0.000000,0.010065,0.029095,0.000000,-0.029095,0.075517,0.000247,0.076757,0.074941,-0.000576,-0.002612,-0.002859,-0.002619,0.000807,0.000000,-0.002592,-0.000020,-0.068613,-0.000064,-0.068677,-0.068677,-0.068677,-0.034339,-0.034339,0,0,1,0,0.000000,0.090000,0.012000,0.001000,4.500000,0.080000,24.000000,0.030000,0.000000
8.195000,0.300000,0.440000,0.010206,-0.000000,0.010206,0.029051,0.000000,-0.029051,0.075517,0.000248,0.076757,0.074943,-0.000574,-0.002602,-0.002851,-0.002615,0.000805,0.000009,-0.002582,-0.000020,-0.068413,0.000050,-0.068363,-0.068363,-0.068363,-0.034182,-0.034182,0,0,1,0,0.000000,0.090000,0.012000,0.001000,4.500000,0.080000,24.000000,0.030000,0.000000
8.200000,0.300000,0.440000,0.010347,-0.000000,0.010347,0.029006,0.000000,-0.029006,0.075517,0.000248,0.076757,0.074945,-0.000572,-0.002592,-0.002841,-0.002611,0.000803,0.000009,-0.002572,-0.000020,-0.068173,0.000060,-0.068113,-0.068113,-0.068113,-0.034056,-0.034056,0,0,1,0,0.000000,0.090000,0.012000,0.001000,4.500000,0.080000,24.000000,0.030000,0.000000
8.205000,0.300000,0.440000,0.010487,-0.000000,0.010487,0.028962,0.000000,-0.028962,0.075519,0.000248,0.076757,0.074947,-0.000572,-0.002594,-0.002842,-0.002607,0.000801,0.000009,-0.002574,-0.000020,-0.068196,-0.000006,-0.068202,-0.068202,-0.068202,-0.034101,-0.034101,0,0,1,0,0.000000,0.090000,0.012000,0.001000,4.500000,0.080000,24.000000,0.030000,0.000000
8.210000,0.300000,0.440000,0.010628,-0.000000,0.010628,0.028919,0.000000,-0.028919,0.075519,0.000248,0.076757,0.074950,-0.000570,-0.002584,-0.002832,-0.002603,0.000800,0.000009,-0.002564,-0.000020,-0.067958,0.000059,-0.067899,-0.067899,-0.067899,-0.033949,-0.033949,0,0,1,0,0.000000,0.090000,0.012000,0.001000,4.500000,0.080000,24.000000,0.030000,0.000000
8.215000,0.300000,0.440000,0.010768,-0.000000,0.010768,0.028875,0.000000,-0.028875,0.075522,0.000245,0.076757,0.074952,-0.000570,-0.002584,-0.002829,-0.002599,0.000798,0.000009,-0.002565,-0.000020,-0.067893,0.000016,-0.067877,-0.067877,-0.067877,-0.033938,-0.033938,0,0,1,0,0.000000,0.090000,0.012000,0.001000,4.500000,0.080000,24.000000,0.030000,0.000000
8.220000,0.300000,0.440000,0.010908,-0.000000,0.010908,0.028832,0.000000,-0.028832,0.075522,0.000245,0.076757,0.074954,-0.000568,-0.002575,-0.002819,-0.002595,0.000796,0.000009,-0.002555,-0.000020,-0.067657,0.000059,-0.067598,-0.067598,-0.067598,-0.033799,-0.033799,0,0,1,0,0.000000,0.090000,0.012000,0.001000,4.500000,0.080000,24.000000,0.030000,0.000000
8.225000,0.300000,0.440000,0.011048,-0.000000,0.011048,0.028789,0.000000,-0.028789,0.075524,0.000241,0.076757,0.074956,-0.000568,-0.002575,-0.002815,-0.002591,0.000794,0.000009,-0.002555,-0.000019,-0.067568,0.000022,-0.067545,-0.067545,-0.067545,-0.033773,-0.033773,0,0,1,0,0.000000,0.090000,0.012000,0.001000,4.500000,0.080000,24.000000,0.030000,0.000000
8.230000,0.300000,0.440000,0.011188,-0.000000,0.011188,0.028745,0.000000,-0.028745,0.075524,0.000241,0.076757,0.074958,-0.000566,-0.002565,-0.002806,-0.002587,0.000793,0.000009,-0.002546,-0.000019,-0.067332,0.000059,-0.067274,-0.067274,-0.067274,-0.033637,-0.033637,0,0,1,0,0.000000,0.090000,0.012000,0.001000,4.500000,0.080000,24.000000,0.030000,0.000000
8.239000,0.300000,0.440000,0.011467,-0.000000,0.011467,0.028659,0.000000,-0.028659,0.075526,0.000237,0.076757,0.074961,-0.000565,-0.002563,-0.002800,-0.002579,0.000790,0.000010,-0.002544,-0.000019,-0.067193,0.000019,-0.067174,-0.067174,-0.067174,-0.033587,-0.033587,0,0,1,0,0.000000,0.090000,0.012000,0.001000,4.500000,0.080000,24.000000,0.030000,0.000000
8.244000,0.300000,0.440000,0.011606,-0.000000,0.011606,0.028616,0.000000,-0.028616,0.075529,0.000235,0.076757,0.074964,-0.000565,-0.002561,-0.002796,-0.002575,0.000788,0.000009,-0.002543,-0.000019,-0.067105,0.000022,-0.067082,-0.067082,-0.067082,-0.033541,-0.033541,0,0,1,0,0.000000,0.090000,0.012000,0.001000,4.500000,0.080000,24.000000,0.030000,0.000000
8.249000,0.300000,0.440000,0.011745,-0.000000,0.011745,0.028573,0.000000,-0.028573,0.075529,0.000235,0.076757,0.074966,-0.000563,-0.002550,-0.002785,-0.002572,0.000786,0.000009,-0.002532,-0.000019,-0.066843,0.000065,-0.066777,-0.066777,-0.066777,-0.033389,-0.033389,0,0,1,0,0.000000,0.090000,0.012000,0.001000,4.500000,0.080000,24.000000,0.030000,0.000000
8.254000,0.300000,0.440000,0.011883,-0.000000,0.011883,0.028530,0.000000,-0.028530,0.075531,0.000232,0.076757,0.074968,-0.000562,-0.002550,-0.002782,-0.002568,0.000784,0.000009,-0.002531,-0.000019,-0.066767,0.000019,-0.066748,-0.066748,-0.066748,-0.033374,-0.033374,0,0,1,0,0.000000,0.090000,0.012000,0.001000,4.500000,0.080000,24.000000,0.030000,0.000000
8.259000,0.300000,0.440000,0.012022,-0.000000,0.012022,0.028487,0.000000,-0.028487,0.075531,0.000232,0.076757,0.074971,-0.000560,-0.002539,-0.002771,-0.002564,0.000783,0.000009,-0.002520,-0.000019,-0.066513,0.000064,-0.066449,-0.066449,-0.066449,-0.033225,-0.033225,0,0,1,0,0.000000,0.090000,0.012000,0.001000,4.500000,0.080000,24.000000,0.030000,0.000000
8.264000,0.300000,0.440000,0.012160,-0.000000,0.012160,0.028443,0.000000,-0.028443,0.075533,0.000231,0.076757,0.074973,-0.000560,-0.002539,-0.002770,-0.002560,0.000781,0.000009,-0.002520,-0.000019,-0.066481,0.000008,-0.066473,-0.066473,-0.066473,-0.033237,-0.033237,0,0,1,0,0.000000,0.090000,0.012000,0.001000,4.500000,0.080000,24.000000,0.030000,0.000000
8.269000,0.300000,0.440000,0.012298,-0.000000,0.012298,0.028400,0.000000,-0.028400,0.075533,0.000231,0.076757,0.074975,-0.000558,-0.002528,-0.002760,-0.002556,0.000779,0.000009,-0.002510,-0.000019,-0.066232,0.000062,-0.066169,-0.066169,-0.066169,-0.033085,-0.033085,0,0,1,0,0.000000,0.090000,0.012000,0.001000,4.500000,0.080000,24.000000,0.030000,0.000000
8.274000,0.300000,0.440000,0.012436,-0.000000,0.012436,0.028357,0.000000,-0.028357,0.075535,0.000232,0.076757,0.074978,-0.000558,-0.002528,-0.002761,-0.002552,0.000778,0.000009,-0.002510,-0.000019,-0.066257,-0.000006,-0.066263,-0.066263,-0.066263,-0.033132,-0.033132,0,0,1,0,0.000000,0.090000,0.012000,0.001000,4.500000,0.080000,24.000000,0.030000,0.000000
8.279000,0.300000,0.440000,0.012573,-0.000000,0.012573,0.028314,0.000000,-0.028314,0.075535,0.000232,0.076757,0.074980,-0.000555,-0.002518,-0.002750,-0.002548,0.000776,0.000009,-0.002500,-0.000019,-0.066011,0.000062,-0.065949,-0.065949,-0.065949,-0.032974,-0.032974,0,0,1,0,0.000000,0.090000,0.012000,0.001000,4.500000,0.080000,24.000000,0.030000,0.000000
8.284000,0.300000,0.440000,0.012710,-0.000000,0.012710,0.028270,0.000000,-0.028270,0.075538,0.000235,0.076757,0.074982,-0.000556,-0.002519,-0.002754,-0.002544,0.000774,0.000009,-0.002500,-0.000019,-0.066088,-0.000019,-0.066108,-0.066108,-0.066108,-0.033054,-0.033054,0,0,1,0,0.000000,0.090000,0.012000,0.001000,4.500000,0.080000,24.000000,0.030000,0.000000
8.289000,0.300000,0.440000,0.012848,-0.000000,0.012848,0.028227,0.000000,-0.028227,0.075538,0.000235,0.076757,0.074985,-0.000553,-0.002509,-0.002743,-0.002540,0.000773,0.000009,-0.002490,-0.000019,-0.065843,0.000061,-0.065782,-0.065782,-0.065782,-0.032891,-0.032891,0,0,1,0,0.000000,0.090000,0.012000,0.001000,4.500000,0.080000,24.000000,0.030000,0.000000
8.294000,0.300000,0.440000,0.012984,-0.000000,0.012984,0.028183,0.000000,-0.028183,0.075540,0.000238,0.076757,0.074987,-0.000554,-0.002510,-0.002748,-0.002537,0.000771,0.000009,-0.002491,-0.000019,-0.065956,-0.000028,-0.065984,-0.065984,-0.065984,-0.032992,-0.032992,0,0,1,0,0.000000,0.090000,0.012000,0.001000,4.500000,0.080000,24.000000,0.030000,0.000000
8.299000,0.300000,0.440000,0.013121,-0.000000,0.013121,0.028140,0.000000,-0.028140,0.075540,0.000238,0.076757,0.074989,-0.000551,-0.002500,-0.002738,-0.002533,0.000769,0.000009,-0.002481,-0.000019,-0.065712,0.000061,-0.065652,-0.065652,-0.065652,-0.032826,-0.032826,0,0,1,0,0.000000,0.090000,0.012000,0.001000,4.500000,0.080000,24.000000,0.030000,0.000000
8.308000,0.300000,0.440000,0.013394,-0.000000,0.013394,0.028053,0.000000,-0.028053,0.075543,0.000241,0.076757,0.074992,-0.000551,-0.002499,-0.002741,-0.002525,0.000766,0.000010,-0.002480,-0.000019,-0.065778,-0.000009,-0.065787,-0.065787,-0.065787,-0.032893,-0.032893,0,0,1,0,0.000000,0.090000,0.012000,0.001000,4.500000,0.080000,24.000000,0.030000,0.000000
8.313000,0.300000,0.440000,0.013530,-0.000000,0.013530,0.028010,0.000000,-0.028010,0.075546,0.000245,0.076757,0.074994,-0.000551,-0.002500,-0.002745,-0.002521,0.000764,0.000009,-0.002480,-0.000020,-0.065877,-0.000025,-0.065901,-0.065901,-0.065901,-0.032951,-0.032951,0,0,1,0,0.000000,0.090000,0.012000,0.001000,4.500000,0.080000,24.000000,0.030000,0.000000
8.318000,0.300000,0.440000,0.013666,-0.000000,0.013666,0.027967,0.000000,-0.027967,0.075546,0.000245,0.076757,0.074997,-0.000549,-0.002489,-0.002734,-0.002517,0.000763,0.000009,-0.002469,-0.000020,-0.065608,0.000067,-0.065540,-0.065540,-0.065540,-0.032770,-0.032770,0,0,1,0,0.000000,0.090000,0.012000,0.001000,4.500000,0.080000,24.000000,0.030000,0.000000
8.323000,0.300000,0.440000,0.013801,-0.000000,0.013801,0.027924,0.000000,-0.027924,0.075548,0.000245,0.076757,0.074999,-0.000549,-0.002489,-0.002735,-0.002513,0.000761,0.000009,-0.002470,-0.000020,-0.065629,-0.000005,-0.065634,-0.065634,-0.065634,-0.032817,-0.032817,0,0,1,0,0.000000,0.090000,0.012000,0.001000,4.500000,0.080000,24.000000,0.030000,0.000000
8.328000,0.300000,0.440000,0.013937,-0.000000,0.013937,0.027881,0.000000,-0.027881,0.075548,0.000245,0.076757,0.075002,-0.000546,-0.002478,-0.002724,-0.002509,0.000759,0.000009,-0.002459,-0.000020,-0.065371,0.000065,-0.065306,-0.065306,-0.065306,-0.032653,-0.032653,0,0,1,0,0.000000,0.090000,0.012000,0.001000,4.500000,0.080000,24.000000,0.030000,0.000000
8.333000,0.300000,0.440000,0.014072,-0.000000,0.014072,0.027838,0.000000,-0.027838,0.075550,0.000244,0.076757,0.075004,-0.000546,-0.002479,-0.002722,-0.002505,0.000758,0.000009,-0.002459,-0.000019,-0.065333,0.000009,-0.065324,-0.065324,-0.065324,-0.032662,-0.032662,0,0,1,0,0.000000,0.090000,0.012000,0.001000,4.500000,0.080000,24.000000,0.030000,0.000000
8.338000,0.300000,0.440000,0.014207,-0.000000,0.014207,0.027796,0.000000,-0.027796,0.075550,0.000244,0.076757,0.075006,-0.000544,-0.002468,-0.002712,-0.002502,0.000756,0.000008,-0.002449,-0.000019,-0.065083,0.000063,-0.065020,-0.065020,-0.065020,-0.032510,-0.032510,0,0,1,0,0.000000,0.090000,0.012000,0.001000,4.500000,0.080000,24.000000,0.030000,0.000000
8.343000,0.300000,0.440000,0.014342,-0.000000,0.014342,0.027754,0.000000,-0.027754,0.075553,0.000241,0.076757,0.075009,-0.000544,-0.002468,-0.002709,-0.002498,0.000754,0.000008,-0.002449,-0.000019,-0.065014,0.000017,-0.064997,-0.064997,-0.064997,-0.032498,-0.032498,0,0,1,0,0.000000,0.090000,0.012000,0.001000,4.500000,0.080000,24.000000,0.030000,0.000000
8.348000,0.300000,0.440000,0.014476,-0.000000,0.014476,0.027711,0.000000,-0.027711,0.075553,0.000241,0.076757,0.075011,-0.000542,-0.002458,-0.002699,-0.002494,0.000753,0.000008,-0.002439,-0.000019,-0.064770,0.000061,-0.064708,-0.064708,-0.064708,-0.032354,-0.032354,0,0,1,0,0.000000,0.090000,0.012000,0.001000,4.500000,0.080000,24.000000,0.030000,0.000000
8.357000,0.300000,0.440000,0.014745,-0.000000,0.014745,0.027627,0.000000,-0.027627,0.075555,0.000238,0.076757,0.075014,-0.000541,-0.002456,-0.002694,-0.002486,0.000750,0.000009,-0.002437,-0.000019,-0.064644,0.000017,-0.064627,-0.064627,-0.064627,-0.032313,-0.032313,0,0,1,0,0.000000,0.090000,0.012000,0.001000,4.500000,0.080000,24.000000,0.030000,0.000000
8.362000,0.300000,0.440000,0.014879,-0.000000,0.014879,0.027585,0.000000,-0.027585,0.075557,0.000236,0.076757,0.075016,-0.000541,-0.002454,-0.002690,-0.002483,0.000748,0.000008,-0.002435,-0.000019,-0.064562,0.000020,-0.064542,-0.064542,-0.064542,-0.032271,-0.032271,0,0,1,0,0.000000,0.090000,0.012000,0.001000,4.500000,0.080000,24.000000,0.030000,0.000000
8.367000,0.300000,0.440000,0.015013,-0.000000,0.015013,0.027543,0.000000,-0.027543,0.075557,0.000236,0.076757,0.075019,-0.000539,-0.002443,-0.002679,-0.002479,0.000746,0.000008,-0.002424,-0.000019,-0.064297,0.000066,-0.064230,-0.064230,-0.064230,-0.032115,-0.032115,0,0,1,0,0.000000,0.090000,0.012000,0.001000,4.500000,0.080000,24.000000,0.030000,0.000000
8.372000,0.300000,0.440000,0.015146,-0.000000,0.015146,0.027501,0.000000,-0.027501,0.075560,0.000234,0.076757,0.075021,-0.000539,-0.002442,-0.002676,-0.002475,0.000745,0.000008,-0.002424,-0.000019,-0.064221,0.000019,-0.064202,-0.064202,-0.064202,-0.032101,-0.032101,0,0,1,0,0.000000,0.090000,0.012000,0.001000,4.500000,0.080000,24.000000,0.030000,0.000000
8.377000,0.300000,0.440000,0.015280,-0.000000,0.015280,0.027459,0.000000,-0.027459,0.075560,0.000234,0.076757,0.075023,-0.000536,-0.002432,-0.002665,-0.002471,0.000743,0.000008,-0.002413,-0.000019,-0.063965,0.000064,-0.063901,-0.063901,-0.063901,-0.031951,-0.031951,0,0,1,0,0.000000,0.090000,0.012000,0.001000,4.500000,0.080000,24.000000,0.030000,0.000000
8.382000,0.300000,0.440000,0.015413,-0.000000,0.015413,0.027417,0.000000,-0.027417,0.075562,0.000232,0.076757,0.075026,-0.000536,-0.002431,-0.002664,-0.002468,0.000742,0.000008,-0.002413,-0.000019,-0.063930,0.000009,-0.063922,-0.063922,-0.063922,-0.031961,-0.031961,0,0,1,0,0.000000,0.090000,0.012000,0.001000,4.500000,0.080000,24.000000,0.030000,0.000000
8.387000,0.300000,0.440000,0.015546,-0.000000,0.015546,0.027375,0.000000,-0.027375,0.075562,0.000232,0.076757,0.075028,-0.000534,-0.002421,-0.002653,-0.002464,0.000740,0.000008,-0.002402,-0.000019,-0.063681,0.000062,-0.063619,-0.063619,-0.063619,-0.031809,-0.031809,0,0,1,0,0.000000,0.090000,0.012000,0.001000,4.500000,0.080000,24.000000,0.030000,0.000000
8.392000,0.300000,0.440000,0.015679,-0.000000,0.015679,0.027332,0.000000,-0.027332,0.075564,0.000233,0.076757,0.075030,-0.000534,-0.002421,-0.002654,-0.002460,0.000738,0.000008,-0.002402,-0.000019,-0.063702,-0.000005,-0.063708,-0.063708,-0.063708,-0.031854,-0.031854,0,0,1,0,0.000000,0.090000,0.012000,0.001000,4.500000,0.080000,24.000000,0.030000,0.000000
8.397000,0.300000,0.440000,0.015811,-0.000000,0.015811,0.027290,0.000000,-0.027290,0.075564,0.000233,0.076757,0.075033,-0.000532,-0.002411,-0.002644,-0.002456,0.000737,0.000008,-0.002392,-0.000019,-0.063457,0.000061,-0.063396,-0.063396,-0.063396,-0.031698,-0.031698,0,0,1,0,0.000000,0.090000,0.012000,0.001000,4.500000,0.080000,24.000000,0.030000,0.000000
8.402000,0.300000,0.440000,0.015943,-0.000000,0.015943,0.027248,0.000000,-0.027248,0.075567,0.000235,0.076757,0.075035,-0.000532,-0.002412,-0.002647,-0.002452,0.000735,0.000008,-0.002393,-0.000019,-0.063533,-0.000019,-0.063552,-0.063552,-0.063552,-0.031776,-0.031776,0,0,1,0,0.000000,0.090000,0.012000,0.001000,4.500000,0.080000,24.000000,0.030000,0.000000
8.407000,0.300000,0.440000,0.016076,-0.000000,0.016076,0.027206,0.000000,-0.027206,0.075567,0.000235,0.076757,0.075037,-0.000530,-0.002402,-0.002637,-0.002448,0.000733,0.000008,-0.002383,-0.000019,-0.063290,0.000061,-0.063229,-0.063229,-0.063229,-0.031615,-0.031615,0,0,1,0,0.000000,0.090000,0.012000,0.001000,4.500000,0.080000,24.000000,0.030000,0.000000
8.416000,0.300000,0.440000,0.016339,-0.000000,0.016339,0.027121,0.000000,-0.027121,0.075569,0.000239,0.076757,0.075040,-0.000529,-0.002401,-0.002639,-0.002441,0.000730,0.000009,-0.002382,-0.000019,-0.063348,-0.000008,-0.063356,-0.063356,-0.063356,-0.031678,-0.031678,0,0,1,0,0.000000,0.090000,0.012000,0.001000,4.500000,0.080000,24.000000,0.030000,0.000000
8.421000,0.300000,0.440000,0.016471,-0.000000,0.016471,0.027078,0.000000,-0.027078,0.075572,0.000243,0.076757,0.075042,-0.000529,-0.002401,-0.002644,-0.002437,0.000729,0.000008,-0.002382,-0.000019,-0.063466,-0.000030,-0.063495,-0.063495,-0.063495,-0.031748,-0.031748,0,0,1,0,0.000000,0.090000,0.012000,0.001000,4.500000,0.080000,24.000000,0.030000,0.000000
8.426000,0.300000,0.440000,0.016602,-0.000000,0.016602,0.027036,0.000000,-0.027036,0.075572,0.000243,0.076757,0.075045,-0.000527,-0.002390,-0.002633,-0.002433,0.000727,0.000008,-0.002371,-0.000019,-0.063198,0.000067,-0.063132,-0.063132,-0.063132,-0.031566,-0.031566,0,0,1,0,0.000000,0.090000,0.012000,0.001000,4.500000,0.080000,24.000000,0.030000,0.000000
8.431000,0.300000,0.440000,0.016733,-0.000000,0.016733,0.026994,0.000000,-0.026994,0.075574,0.000245,0.076757,0.075047,-0.000527,-0.002391,-0.002636,-0.002429,0.000726,0.000008,-0.002372,-0.000020,-0.063261,-0.000016,-0.063277,-0.063277,-0.063277,-0.031638,-0.031638,0,0,1,0,0.000000,0.090000,0.012000,0.001000,4.500000,0.080000,24.000000,0.030000,0.000000
8.436000,0.300000,0.440000,0.016864,-0.000000,0.016864,0.026952,0.000000,-0.026952,0.075574,0.000245,0.076757,0.075050,-0.000525,-0.002380,-0.002625,-0.002426,0.000724,0.000008,-0.002361,-0.000020,-0.063004,0.000064,-0.062940,-0.062940,-0.062940,-0.031470,-0.031470,0,0,1,0,0.000000,0.090000,0.012000,0.001000,4.500000,0.080000,24.000000,0.030000,0.000000
8.441000,0.300000,0.440000,0.016994,-0.000000,0.016994,0.026910,0.000000,-0.026910,0.075577,0.000245,0.076757,0.075052,-0.000525,-0.002381,-0.002626,-0.002422,0.000722,0.000008,-0.002362,-0.000020,-0.063018,-0.000004,-0.063022,-0.063022,-0.063022,-0.031511,-0.031511,0,0,1,0,0.000000,0.090000,0.012000,0.001000,4.500000,0.080000,24.000000,0.030000,0.000000
8.446000,0.300000,0.440000,0.017125,-0.000000,0.017125,0.026869,0.000000,-0.026869,0.075577,0.000245,0.076757,0.075054,-0.000522,-0.002371,-0.002615,-0.002418,0.000721,0.000008,-0.002351,-0.000020,-0.062769,0.000062,-0.062707,-0.062707,-0.062707,-0.031353,-0.031353,0,0,1,0,0.000000,0.090000,0.012000,0.001000,4.500000,0.080000,24.000000,0.030000,0.000000
8.451000,0.300000,0.440000,0.017255,-0.000000,0.017255,0.026827,0.000000,-0.026827,0.075579,0.000243,0.076757,0.075057,-0.000523,-0.002371,-0.002615,-0.002414,0.000719,0.000008,-0.002352,-0.000019,-0.062749,0.000005,-0.062744,-0.062744,-0.062744,-0.031372,-0.031372,0,0,1,0,0.000000,0.090000,0.012000,0.001000,4.500000,0.080000,24.000000,0.030000,0.000000
8.456000,0.300000,0.440000,0.017385,-0.000000,0.017385,0.026786,0.000000,-0.026786,0.075579,0.000243,0.076757,0.075059,-0.000520,-0.002361,-0.002604,-0.002411,0.000717,0.000008,-0.002342,-0.000019,-0.062506,0.000061,-0.062445,-0.062445,-0.062445,-0.031223,-0.031223,0,0,1,0,0.000000,0.090000,0.012000,0.001000,4.500000,0.080000,24.000000,0.030000,0.000000
8.461000,0.300000,0.440000,0.017515,-0.000000,0.017515,0.026744,0.000000,-0.026744,0.075582,0.000241,0.076757,0.075061,-0.000521,-0.002362,-0.002603,-0.002407,0.000716,0.000008,-0.002342,-0.000019,-0.062471,0.000009,-0.062462,-0.062462,-0.062462,-0.031231,-0.031231,0,0,1,0,0.000000,0.090000,0.012000,0.001000,4.500000,0.080000,24.000000,0.030000,0.000000
8.466000,0.300000,0.440000,0.017515,-0.000000,0.017515,0.026744,0.000000,-0.026744,0.075582,0.000241,0.076757,0.075061,-0.000520,-0.002360,-0.002601,-0.002407,0.000714,0.000000,-0.002340,-0.000019,-0.062426,0.000011,-0.062415,-0.062415,-0.062415,-0.031208,-0.031208,0,0,1,0,0.000000,0.090000,0.012000,0.001000,4.500000,0.080000,24.000000,0.030000,0.000000
8.471000,0.300000,0.440000,0.017774,-0.000000,0.017774,0.026662,0.000000,-0.026662,0.075584,0.000240,0.076757,0.075065,-0.000519,-0.002353,-0.002593,-0.002400,0.000713,0.000017,-0.002334,-0.000019,-0.062233,0.000048,-0.062184,-0.062184,-0.062184,-0.031092,-0.031092,0,0,1,0,0.000000,0.090000,0.012000,0.001000,4.500000,0.080000,24.000000,0.030000,0.000000
8.476000,0.300000,0.440000,0.017903,-0.000000,0.017903,0.026621,0.000000,-0.026621,0.075584,0.000240,0.076757,0.075067,-0.000517,-0.002343,-0.002583,-0.002396,0.000711,0.000008,-0.002324,-0.000019,-0.061993,0.000060,-0.061933,-0.061933,-0.061933,-0.030967,-0.030967,0,0,1,0,0.000000,0.090000,0.012000,0.001000,4.500000,0.080000,24.000000,0.030000,0.000000
8.481000,0.300000,0.440000,0.017903,-0.000000,0.017903,0.026621,0.000000,-0.026621,0.075586,0.000237,0.076757,0.075068,-0.000518,-0.002352,-0.002589,-0.002396,0.000709,0.000000,-0.002333,-0.000019,-0.062143,-0.000037,-0.062180,-0.062180,-0.062180,-0.031090,-0.031090,0,0,1,0,0.000000,0.090000,0.012000,0.001000,4.500000,0.080000,24.000000,0.030000,0.000000
8.486000,0.300000,0.440000,0.018033,-0.000000,0.018033,0.026580,0.000000,-0.026580,0.075586,0.000237,0.076757,0.075070,-0.000517,-0.002343,-0.002581,-0.002392,0.000708,0.000008,-0.002324,-0.000019,-0.061938,0.000051,-0.061887,-0.061887,-0.061887,-0.030943,-0.030943,0,0,1,0,0.000000,0.090000,0.012000,0.001000,4.500000,0.080000,24.000000,0.030000,0.000000
8.491000,0.300000,0.440000,0.018161,-0.000000,0.018161,0.026539,0.000000,-0.026539,0.075589,0.000235,0.076757,0.075072,-0.000517,-0.002345,-0.002580,-0.002388,0.000706,0.000008,-0.002326,-0.000019,-0.061926,0.000003,-0.061923,-0.061923,-0.061923,-0.030962,-0.030962,0,0,1,0,0.000000,0.090000,0.012000,0.001000,4.500000,0.080000,24.000000,0.030000,0.000000
8.500000,0.300000,0.440000,0.018419,-0.000000,0.018419,0.026457,0.000000,-0.026457,0.075591,0.000233,0.076757,0.075074,-0.000517,-0.002344,-0.002577,-0.002381,0.000703,0.000009,-0.002325,-0.000019,-0.061844,0.000011,-0.061833,-0.061833,-0.061833,-0.030917,-0.030917,0,0,1,0,0.000000,0.090000,0.012000,0.001000,4.500000,0.080000,24.000000,0.030000,0.000000
8.505000,0.300000,0.440000,0.018547,-0.000000,0.018547,0.026416,0.000000,-0.026416,0.075591,0.000233,0.076757,0.075076,-0.000514,-0.002334,-0.002567,-0.002377,0.000702,0.000008,-0.002315,-0.000019,-0.061601,0.000061,-0.061540,-0.061540,-0.061540,-0.030770,-0.030770,0,0,1,0,0.000000,0.090000,0.012000,0.001000,4.500000,0.080000,24.000000,0.030000,0.000000
8.510000,0.300000,0.440000,0.018675,-0.000000,0.018675,0.026375,0.000000,-0.026375,0.075591,0.000233,0.076757,0.075079,-0.000512,-0.002324,-0.002557,-0.002374,0.000700,0.000008,-0.002305,-0.000019,-0.061361,0.000060,-0.061301,-0.061301,-0.061301,-0.030650,-0.030650,0,0,1,0,0.000000,0.090000,0.012000,0.001000,4.500000,0.080000,24.000000,0.030000,0.000000
8.515000,0.300000,0.440000,0.018803,-0.000000,0.018803,0.026335,0.000000,-0.026335,0.075593,0.000229,0.076757,0.075081,-0.000512,-0.002323,-0.002552,-0.002370,0.000699,0.000008,-0.002305,-0.000018,-0.061253,0.000027,-0.061226,-0.061226,-0.061226,-0.030613,-0.030613,0,0,1,0,0.000000,0.090000,0.012000,0.001000,4.500000,0.080000,24.000000,0.030000,0.000000
8.520000,0.300000,0.440000,0.018931,-0.000000,0.018931,0.026294,0.000000,-0.026294,0.075593,0.000229,0.076757,0.075083,-0.000510,-0.002313,-0.002542,-0.002366,0.000697,0.000008,-0.002295,-0.000018,-0.061018,0.000059,-0.060959,-0.060959,-0.060959,-0.030480,-0.030480,0,0,1,0,0.000000,0.090000,0.012000,0.001000,4.500000,0.080000,24.000000,0.030000,0.000000
8.525000,0.300000,0.440000,0.019058,-0.000000,0.019058,0.026254,0.000000,-0.026254,0.075595,0.000226,0.076757,0.075085,-0.000510,-0.002313,-0.002539,-0.002363,0.000696,0.000008,-0.002295,-0.000018,-0.060929,0.000022,-0.060906,-0.060906,-0.060906,-0.030453,-0.030453,0,0,1,0,0.000000,0.090000,0.012000,0.001000,4.500000,0.080000,24.000000,0.030000,0.000000
8.530000,0.300000,0.440000,0.019185,-0.000000,0.019185,0.026213,0.000000,-0.026213,0.075595,0.000226,0.076757,0.075087,-0.000508,-0.002303,-0.002529,-0.002359,0.000694,0.000008,-0.002285,-0.000018,-0.060696,0.000058,-0.060638,-0.060638,-0.060638,-0.030319,-0.030319,0,0,1,0,0.000000,0.090000,0.012000,0.001000,4.500000,0.080000,24.000000,0.030000,0.000000
8.535000,0.300000,0.440000,0.019312,-0.000000,0.019312,0.026173,0.000000,-0.026173,0.075597,0.000226,0.076757,0.075089,-0.000508,-0.002303,-0.002529,-0.002356,0.000692,0.000008,-0.002285,-0.000018,-0.060695,0.000000,-0.060695,-0.060695,-0.060695,-0.030347,-0.030347,0,0,1,0,0.000000,0.090000,0.012000,0.001000,4.500000,0.080000,24.000000,0.030000,0.000000
8.540000,0.300000,0.440000,0.019439,-0.000000,0.019439,0.026132,0.000000,-0.026132,0.075597,0.000226,0.076757,0.075092,-0.000506,-0.002294,-0.002519,-0.002352,0.000691,0.000008,-0.002276,-0.000018,-0.060463,0.000058,-0.060405,-0.060405,-0.060405,-0.030203,-0.030203,0,0,1,0,0.000000,0.090000,0.012000,0.001000,4.500000,0.080000,24.000000,0.030000,0.000000
8.549000,0.300000,0.440000,0.019692,-0.000000,0.019692,0.026049,0.000000,-0.026049,0.075600,0.000228,0.076757,0.075094,-0.000505,-0.002293,-0.002521,-0.002344,0.000688,0.000009,-0.002274,-0.000018,-0.060495,-0.000004,-0.060499,-0.060499,-0.060499,-0.030250,-0.030250,0,0,1,0,0.000000,0.090000,0.012000,0.001000,4.500000,0.080000,24.000000,0.030000,0.000000
8.554000,0.300000,0.440000,0.019819,-0.000000,0.019819,0.026008,0.000000,-0.026008,0.075602,0.000233,0.076757,0.075097,-0.000505,-0.002293,-0.002526,-0.002341,0.000686,0.000008,-0.002274,-0.000019,-0.060633,-0.000034,-0.060667,-0.060667,-0.060667,-0.030333,-0.030333,0,0,1,0,0.000000,0.090000,0.012000,0.001000,4.500000,0.080000,24.000000,0.030000,0.000000
8.559000,0.300000,0.440000,0.019945,-0.000000,0.019945,0.025967,0.000000,-0.025967,0.075602,0.000233,0.076757,0.075099,-0.000503,-0.002282,-0.002516,-0.002337,0.000685,0.000008,-0.002264,-0.000019,-0.060373,0.000065,-0.060308,-0.060308,-0.060308,-0.030154,-0.030154,0,0,1,0,0.000000,0.090000,0.012000,0.001000,4.500000,0.080000,24.000000,0.030000,0.000000
8.564000,0.300000,0.440000,0.020070,-0.000000,0.020070,0.025926,0.000000,-0.025926,0.075605,0.000237,0.076757,0.075101,-0.000503,-0.002284,-0.002521,-0.002333,0.000683,0.000008,-0.002265,-0.000019,-0.060497,-0.000031,-0.060528,-0.060528,-0.060528,-0.030264,-0.030264,0,0,1,0,0.000000,0.090000,0.012000,0.001000,4.500000,0.080000,24.000000,0.030000,0.000000
8.569000,0.300000,0.440000,0.020196,-0.000000,0.020196,0.025885,0.000000,-0.025885,0.075605,0.000237,0.076757,0.075104,-0.000501,-0.002273,-0.002510,-0.002330,0.000682,0.000008,-0.002254,-0.000019,-0.060246,0.000063,-0.060183,-0.060183,-0.060183,-0.030091,-0.030091,0,0,1,0,0.000000,0.090000,0.012000,0.001000,4.500000,0.080000,24.000000,0.030000,0.000000
8.574000,0.300000,0.440000,0.020321,-0.000000,0.020321,0.025844,0.000000,-0.025844,0.075607,0.000240,0.076757,0.075106,-0.000501,-0.002274,-0.002514,-0.002326,0.000680,0.000008,-0.002255,-0.000019,-0.060342,-0.000024,-0.060366,-0.060366,-0.060366,-0.030183,-0.030183,0,0,1,0,0.000000,0.090000,0.012000,0.001000,4.500000,0.080000,24.000000,0.030000,0.000000
8.579000,0.300000,0.440000,0.020447,-0.000000,0.020447,0.025803,0.000000,-0.025803,0.075607,0.000240,0.076757,0.075108,-0.000499,-0.002264,-0.002504,-0.002322,0.000679,0.000008,-0.002245,-0.000019,-0.060097,0.000061,-0.060036,-0.060036,-0.060036,-0.030018,-0.030018,0,0,1,0,0.000000,0.090000,0.012000,0.001000,4.500000,0.080000,24.000000,0.030000,0.000000
8.584000,0.300000,0.440000,0.020572,-0.000000,0.020572,0.025763,0.000000,-0.025763,0.075610,0.000241,0.076757,0.075110,-0.000499,-0.002266,-0.002507,-0.002319,0.000677,0.000008,-0.002246,-0.000019,-0.060157,-0.000015,-0.060172,-0.060172,-0.060172,-0.030086,-0.030086,0,0,1,0,0.000000,0.090000,0.012000,0.001000,4.500000,0.080000,24.000000,0.030000,0.000000
8.589000,0.300000,0.440000,0.020696,-0.000000,0.020696,0.025722,0.000000,-0.025722,0.075610,0.000241,0.076757,0.075113,-0.000497,-0.002256,-0.002497,-0.002315,0.000676,0.000008,-0.002236,-0.000019,-0.059918,0.000060,-0.059858,-0.059858,-0.059858,-0.029929,-0.029929,0,0,1,0,0.000000,0.090000,0.012000,0.001000,4.500000,0.080000,24.000000,0.030000,0.000000
8.594000,0.300000,0.440000,0.020821,-0.000000,0.020821,0.025682,0.000000,-0.025682,0.075612,0.000241,0.076757,0.075115,-0.000497,-0.002257,-0.002498,-0.002311,0.000674,0.000008,-0.002237,-0.000019,-0.059941,-0.000006,-0.059947,-0.059947,-0.059947,-0.029973,-0.029973,0,0,1,0,0.000000,0.090000,0.012000,0.001000,4.500000,0.080000,24.000000,0.030000,0.000000
8.599000,0.300000,0.440000,0.020946,-0.000000,0.020946,0.025641,0.000000,-0.025641,0.075612,0.000241,0.076757,0.075117,-0.000495,-0.002247,-0.002488,-0.002308,0.000673,0.000008,-0.002228,-0.000019,-0.059706,0.000059,-0.059648,-0.059648,-0.059648,-0.029824,-0.029824,0,0,1,0,0.000000,0.090000,0.012000,0.001000,4.500000,0.080000,24.000000,0.030000,0.000000
8.604000,0.300000,0.440000,0.021070,-0.000000,0.021070,0.025601,0.000000,-0.025601,0.075614,0.000240,0.076757,0.075119,-0.000495,-0.002248,-0.002488,-0.002304,0.000671,0.000008,-0.002229,-0.000019,-0.059701,0.000001,-0.059699,-0.059699,-0.059699,-0.029850,-0.029850,0,0,1,0,0.000000,0.090000,0.012000,0.001000,4.500000,0.080000,24.000000,0.030000,0.000000
8.613000,0.300000,0.440000,0.021318,-0.000000,0.021318,0.025521,0.000000,-0.025521,0.075617,0.000238,0.076757,0.075122,-0.000495,-0.002246,-0.002484,-0.002297,0.000668,0.000009,-0.002227,-0.000019,-0.059625,0.000010,-0.059615,-0.059615,-0.059615,-0.029807,-0.029807,0,0,1,0,0.000000,0.090000,0.012000,0.001000,4.500000,0.080000,24.000000,0.030000,0.000000
8.618000,0.300000,0.440000,0.021441,-0.000000,0.021441,0.025481,0.000000,-0.025481,0.075617,0.000238,0.076757,0.075124,-0.000493,-0.002236,-0.002474,-0.002293,0.000667,0.000008,-0.002217,-0.000019,-0.059366,0.000065,-0.059301,-0.059301,-0.059301,-0.029650,-0.029650,0,0,1,0,0.000000,0.090000,0.012000,0.001000,4.500000,0.080000,24.000000,0.030000,0.000000
8.623000,0.300000,0.440000,0.021565,-0.000000,0.021565,0.025442,0.000000,-0.025442,0.075619,0.000234,0.076757,0.075127,-0.000492,-0.002235,-0.002469,-0.002290,0.000665,0.000008,-0.002216,-0.000019,-0.059263,0.000026,-0.059237,-0.059237,-0.059237,-0.029619,-0.029619,0,0,1,0,0.000000,0.090000,0.012000,0.001000,4.500000,0.080000,24.000000,0.030000,0.000000
8.628000,0.300000,0.440000,0.021688,-0.000000,0.021688,0.025402,0.000000,-0.025402,0.075619,0.000234,0.076757,0.075129,-0.000490,-0.002225,-0.002459,-0.002286,0.000664,0.000008,-0.002206,-0.000019,-0.059015,0.000062,-0.058953,-0.058953,-0.058953,-0.029476,-0.029476,0,0,1,0,0.000000,0.090000,0.012000,0.001000,4.500000,0.080000,24.000000,0.030000,0.000000
8.633000,0.300000,0.440000,0.021811,-0.000000,0.021811,0.025363,0.000000,-0.025363,0.075621,0.000231,0.076757,0.075131,-0.000490,-0.002224,-0.002455,-0.002283,0.000662,0.000008,-0.002205,-0.000018,-0.058918,0.000024,-0.058894,-0.058894,-0.058894,-0.029447,-0.029447,0,0,1,0,0.000000,0.090000,0.012000,0.001000,4.500000,0.080000,24.000000,0.030000,0.000000
8.638000,0.300000,0.440000,0.021934,-0.000000,0.021934,0.025323,0.000000,-0.025323,0.075621,0.000231,0.076757,0.075133,-0.000488,-0.002214,-0.002445,-0.002279,0.000661,0.000008,-0.002195,-0.000018,-0.058678,0.000060,-0.058618,-0.058618,-0.058618,-0.029309,-0.029309,0,0,1,0,0.000000,0.090000,0.012000,0.001000,4.500000,0.080000,24.000000,0.030000,0.000000
8.643000,0.300000,0.440000,0.022057,-0.000000,0.022057,0.025283,0.000000,-0.025283,0.075623,0.000229,0.076757,0.075136,-0.000488,-0.002214,-0.002443,-0.002276,0.000659,0.000008,-0.002195,-0.000018,-0.058625,0.000013,-0.058611,-0.058611,-0.058611,-0.029306,-0.029306,0,0,1,0,0.000000,0.090000,0.012000,0.001000,4.500000,0.080000,24.000000,0.030000,0.000000
8.648000,0.300000,0.440000,0.022180,-0.000000,0.022180,0.025244,0.000000,-0.025244,0.075623,0.000229,0.076757,0.075138,-0.000486,-0.002204,-0.002433,-0.002272,0.000658,0.000008,-0.002186,-0.000018,-0.058389,0.000059,-0.058330,-0.058330,-0.058330,-0.029165,-0.029165,0,0,1,0,0.000000,0.090000,0.012000,0.001000,4.500000,0.080000,24.000000,0.030000,0.000000
8.653000,0.300000,0.440000,0.022302,-0.000000,0.022302,0.025204,0.000000,-0.025204,0.075626,0.000229,0.076757,0.075140,-0.000486,-0.002204,-0.002433,-0.002268,0.000656,0.000008,-0.002186,-0.000018,-0.058398,-0.000002,-0.058400,-0.058400,-0.058400,-0.029200,-0.029200,0,0,1,0,0.000000,0.090000,0.012000,0.001000,4.500000,0.080000,24.000000,0.030000,0.000000
8.658000,0.300000,0.440000,0.022424,-0.000000,0.022424,0.025164,0.000000,-0.025164,0.075626,0.000229,0.076757,0.075142,-0.000484,-0.002195,-0.002424,-0.002265,0.000655,0.000008,-0.002176,-0.000018,-0.058165,0.000058,-0.058107,-0.058107,-0.058107,-0.029054,-0.029054,0,0,1,0,0.000000,0.090000,0.012000,0.001000,4.500000,0.080000,24.000000,0.030000,0.000000
8.667000,0.300000,0.440000,0.022668,-0.000000,0.022668,0.025084,0.000000,-0.025084,0.075628,0.000231,0.076757,0.075145,-0.000483,-0.002194,-0.002424,-0.002258,0.000652,0.000009,-0.002175,-0.000018,-0.058184,-0.000003,-0.058186,-0.058186,-0.058186,-0.029093,-0.029093,0,0,1,0,0.000000,0.090000,0.012000,0.001000,4.500000,0.080000,24.000000,0.030000,0.000000
8.672000,0.300000,0.440000,0.022789,-0.000000,0.022789,0.025044,0.000000,-0.025044,0.075631,0.000235,0.076757,0.075147,-0.000483,-0.002194,-0.002429,-0.002254,0.000650,0.000008,-0.002175,-0.000019,-0.058288,-0.000026,-0.058314,-0.058314,-0.058314,-0.029157,-0.029157,0,0,1,0,0.000000,0.090000,0.012000,0.001000,4.500000,0.080000,24.000000,0.030000,0.000000
8.677000,0.300000,0.440000,0.022911,-0.000000,0.022911,0.025004,0.000000,-0.025004,0.075631,0.000235,0.076757,0.075150,-0.000481,-0.002183,-0.002418,-0.002250,0.000649,0.000008,-0.002165,-0.000019,-0.058031,0.000064,-0.057967,-0.057967,-0.057967,-0.028983,-0.028983,0,0,1,0,0.000000,0.090000,0.012000,0.001000,4.500000,0.080000,24.000000,0.030000,0.000000
8.682000,0.300000,0.440000,0.023032,-0.000000,0.023032,0.024964,0.000000,-0.024964,0.075633,0.000237,0.076757,0.075152,-0.000481,-0.002184,-0.002421,-0.002247,0.000647,0.000008,-0.002165,-0.000019,-0.058116,-0.000021,-0.058137,-0.058137,-0.058137,-0.029068,-0.029068,0,0,1,0,0.000000,0.090000,0.012000,0.001000,4.500000,0.080000,24.000000,0.030000,0.000000
8.687000,0.300000,0.440000,0.023153,-0.000000,0.023153,0.024925,0.000000,-0.024925,0.075633,0.000237,0.076757,0.075154,-0.000479,-0.002174,-0.002411,-0.002243,0.000646,0.000008,-0.002155,-0.000019,-0.057868,0.000062,-0.057806,-0.057806,-0.057806,-0.028903,-0.028903,0,0,1,0,0.000000,0.090000,0.012000,0.001000,4.500000,0.080000,24.000000,0.030000,0.000000
8.692000,0.300000,0.440000,0.023273,-0.000000,0.023273,0.024885,0.000000,-0.024885,0.075636,0.000239,0.076757,0.075156,-0.000479,-0.002175,-0.002414,-0.002240,0.000644,0.000008,-0.002156,-0.000019,-0.057931,-0.000016,-0.057947,-0.057947,-0.057947,-0.028974,-0.028974,0,0,1,0,0.000000,0.090000,0.012000,0.001000,4.500000,0.080000,24.000000,0.030000,0.000000
8.697000,0.300000,0.440000,0.023394,-0.000000,0.023394,0.024845,0.000000,-0.024845,0.075636,0.000239,0.076757,0.075159,-0.000477,-0.002165,-0.002404,-0.002236,0.000643,0.000008,-0.002146,-0.000019,-0.057691,0.000060,-0.057631,-0.057631,-0.057631,-0.028815,-0.028815,0,0,1,0,0.000000,0.090000,0.012000,0.001000,4.500000,0.080000,24.000000,0.030000,0.000000
8.702000,0.300000,0.440000,0.023514,-0.000000,0.023514,0.024806,0.000000,-0.024806,0.075638,0.000239,0.076757,0.075161,-0.000477,-0.002166,-0.002406,-0.002233,0.000641,0.000008,-0.002147,-0.000019,-0.057732,-0.000010,-0.057742,-0.057742,-0.057742,-0.028871,-0.028871,0,0,1,0,0.000000,0.090000,0.012000,0.001000,4.500000,0.080000,24.000000,0.030000,0.000000
8.707000,0.300000,0.440000,0.023634,-0.000000,0.023634,0.024766,0.000000,-0.024766,0.075638,0.000239,0.076757,0.075163,-0.000475,-0.002156,-0.002396,-0.002229,0.000640,0.000008,-0.002137,-0.000019,-0.057497,0.000059,-0.057438,-0.057438,-0.057438,-0.028719,-0.028719,0,0,1,0,0.000000,0.090000,0.012000,0.001000,4.500000,0.080000,24.000000,0.030000,0.000000
8.712000,0.300000,0.440000,0.023754,-0.000000,0.023754,0.024727,0.000000,-0.024727,0.075640,0.000239,0.076757,0.075165,-0.000475,-0.002158,-0.002397,-0.002225,0.000638,0.000008,-0.002138,-0.000019,-0.057520,-0.000006,-0.057525,-0.057525,-0.057525,-0.028763,-0.028763,0,0,1,0,0.000000,0.090000,0.012000,0.001000,4.500000,0.080000,24.000000,0.030000,0.000000
8.717000,0.300000,0.440000,0.023874,-0.000000,0.023874,0.024688,0.000000,-0.024688,0.075640,0.000239,0.076757,0.075167,-0.000473,-0.002148,-0.002387,-0.002222,0.000637,0.000008,-0.002129,-0.000019,-0.057289,0.000058,-0.057231,-0.057231,-0.057231,-0.028616,-0.028616,0,0,1,0,0.000000,0.090000,0.012000,0.001000,4.500000,0.080000,24.000000,0.030000,0.000000
8.722000,0.300000,0.440000,0.023994,-0.000000,0.023994,0.024649,0.000000,-0.024649,0.075643,0.000238,0.076757,0.075169,-0.000473,-0.002149,-0.002387,-0.002218,0.000635,0.000008,-0.002130,-0.000019,-0.057299,-0.000003,-0.057302,-0.057302,-0.057302,-0.028651,-0.028651,0,0,1,0,0.000000,0.090000,0.012000,0.001000,4.500000,0.080000,24.000000,0.030000,0.000000
8.727000,0.300000,0.440000,0.024113,-0.000000,0.024113,0.024610,0.000000,-0.024610,0.075643,0.000238,0.076757,0.075172,-0.000471,-0.002140,-0.002378,-0.002215,0.000634,0.000008,-0.002121,-0.000019,-0.057072,0.000057,-0.057015,-0.057015,-0.057015,-0.028507,-0.028507,0,0,1,0,0.000000,0.090000,0.012000,0.001000,4.500000,0.080000,24.000000,0.030000,0.000000
8.736000,0.300000,0.440000,0.024351,-0.000000,0.024351,0.024532,0.000000,-0.024532,0.075645,0.000238,0.076757,0.075174,-0.000471,-0.002139,-0.002376,-0.002208,0.000631,0.000009,-0.002120,-0.000019,-0.057026,0.000006,-0.057020,-0.057020,-0.057020,-0.028510,-0.028510,0,0,1,0,0.000000,0.090000,0.012000,0.001000,4.500000,0.080000,24.000000,0.030000,0.000000
8.741000,0.300000,0.440000,0.024470,-0.000000,0.024470,0.024493,0.000000,-0.024493,0.075647,0.000237,0.076757,0.075176,-0.000471,-0.002139,-0.002376,-0.002204,0.000630,0.000008,-0.002120,-0.000019,-0.057013,0.000003,-0.057010,-0.057010,-0.057010,-0.028505,-0.028505,0,0,1,0,0.000000,0.090000,0.012000,0.001000,4.500000,0.080000,24.000000,0.030000,0.000000
8.746000,0.300000,0.440000,0.024589,-0.000000,0.024589,0.024454,0.000000,-0.024454,0.075647,0.000237,0.076757,0.075179,-0.000469,-0.002128,-0.002365,-0.002201,0.000628,0.000008,-0.002109,-0.000019,-0.056764,0.000062,-0.056702,-0.056702,-0.056702,-0.028351,-0.028351,0,0,1,0,0.000000,0.090000,0.012000,0.001000,4.500000,0.080000,24.000000,0.030000,0.000000
8.751000,0.300000,0.440000,0.024707,-0.000000,0.024707,0.024415,0.000000,-0.024415,0.075650,0.000235,0.076757,0.075181,-0.000469,-0.002128,-0.002363,-0.002197,0.000627,0.000008,-0.002109,-0.000019,-0.056724,0.000010,-0.056714,-0.056714,-0.056714,-0.028357,-0.028357,0,0,1,0,0.000000,0.090000,0.012000,0.001000,4.500000,0.080000,24.000000,0.030000,0.000000
8.756000,0.300000,0.440000,0.024826,-0.000000,0.024826,0.024377,0.000000,-0.024377,0.075650,0.000235,0.076757,0.075183,-0.000467,-0.002118,-0.002353,-0.002194,0.000625,0.000008,-0.002099,-0.000019,-0.056484,0.000060,-0.056424,-0.056424,-0.056424,-0.028212,-0.028212,0,0,1,0,0.000000,0.090000,0.012000,0.001000,4.500000,0.080000,24.000000,0.030000,0.000000
8.761000,0.300000,0.440000,0.024944,-0.000000,0.024944,0.024338,0.000000,-0.024338,0.075652,0.000233,0.076757,0.075185,-0.000467,-0.002118,-0.002352,-0.002190,0.000624,0.000008,-0.002100,-0.000019,-0.056446,0.000009,-0.056436,-0.056436,-0.056436,-0.028218,-0.028218,0,0,1,0,0.000000,0.090000,0.012000,0.001000,4.500000,0.080000,24.000000,0.030000,0.000000
8.766000,0.300000,0.440000,0.025062,-0.000000,0.025062,0.024299,0.000000,-0.024299,0.075652,0.000233,0.076757,0.075188,-0.000464,-0.002109,-0.002342,-0.002187,0.000623,0.000008,-0.002090,-0.000019,-0.056212,0.000058,-0.056154,-0.056154,-0.056154,-0.028077,-0.028077,0,0,1,0,0.000000,0.090000,0.012000,0.001000,4.500000,0.080000,24.000000,0.030000,0.000000
8.771000,0.300000,0.440000,0.025179,-0.000000,0.025179,0.024261,0.000000,-0.024261,0.075654,0.000232,0.076757,0.075190,-0.000465,-0.002109,-0.002342,-0.002183,0.000621,0.000008,-0.002091,-0.000019,-0.056198,0.000003,-0.056195,-0.056195,-0.056195,-0.028098,-0.028098,0,0,1,0,0.000000,0.090000,0.012000,0.001000,4.500000,0.080000,24.000000,0.030000,0.000000
8.776000,0.300000,0.440000,0.025297,-0.000000,0.025297,0.024222,0.000000,-0.024222,0.075654,0.000232,0.076757,0.075192,-0.000462,-0.002100,-0.002332,-0.002180,0.000620,0.000008,-0.002081,-0.000019,-0.055969,0.000057,-0.055912,-0.055912,-0.055912,-0.027956,-0.027956,0,0,1,0,0.000000,0.090000,0.012000,0.001000,4.500000,0.080000,24.000000,0.030000,0.000000
8.781000,0.300000,0.440000,0.025414,-0.000000,0.025414,0.024184,0.000000,-0.024184,0.075657,0.000232,0.076757,0.075194,-0.000463,-0.002101,-0.002333,-0.002177,0.000618,0.000008,-0.002082,-0.000019,-0.055991,-0.000005,-0.055996,-0.055996,-0.055996,-0.027998,-0.027998,0,0,1,0,0.000000,0.090000,0.012000,0.001000,4.500000,0.080000,24.000000,0.030000,0.000000
8.790000,0.300000,0.440000,0.025531,-0.000000,0.025531,0.024145,0.000000,-0.024145,0.075659,0.000233,0.076757,0.075195,-0.000464,-0.002105,-0.002338,-0.002173,0.000616,0.000004,-0.002086,-0.000019,-0.056122,-0.000018,-0.056140,-0.056140,-0.056140,-0.028070,-0.028070,0,0,1,0,0.000000,0.090000,0.012000,0.001000,4.500000,0.080000,24.000000,0.030000,0.000000
8.795000,0.300000,0.440000,0.025648,-0.000000,0.025648,0.024106,0.000000,-0.024106,0.075659,0.000233,0.076757,0.075197,-0.000462,-0.002096,-0.002329,-0.002170,0.000614,0.000008,-0.002077,-0.000019,-0.055904,0.000054,-0.055849,-0.055849,-0.055849,-0.027925,-0.027925,0,0,1,0,0.000000,0.090000,0.012000,0.001000,4.500000,0.080000,24.000000,0.030000,0.000000
8.800000,0.300000,0.440000,0.025765,-0.000000,0.025765,0.024068,0.000000,-0.024068,0.075659,0.000233,0.076757,0.075199,-0.000460,-0.002087,-0.002320,-0.002166,0.000613,0.000008,-0.002068,-0.000019,-0.055686,0.000054,-0.055632,-0.055632,-0.055632,-0.027816,-0.027816,0,0,1,0,0.000000,0.090000,0.012000,0.001000,4.500000,0.080000,24.000000,0.030000,0.000000
8.805000,0.300000,0.440000,0.025882,-0.000000,0.025882,0.024029,0.000000,-0.024029,0.075661,0.000233,0.076757,0.075201,-0.000460,-0.002088,-0.002321,-0.002163,0.000611,0.000008,-0.002070,-0.000019,-0.055706,-0.000005,-0.055711,-0.055711,-0.055711,-0.027855,-0.027855,0,0,1,0,0.000000,0.090000,0.012000,0.001000,4.500000,0.080000,24.000000,0.030000,0.000000
8.810000,0.300000,0.440000,0.025998,-0.000000,0.025998,0.023991,0.000000,-0.023991,0.075661,0.000233,0.076757,0.075203,-0.000458,-0.002079,-0.002312,-0.002159,0.000610,0.000008,-0.002061,-0.000019,-0.055489,0.000054,-0.055435,-0.055435,-0.055435,-0.027718,-0.027718,0,0,1,0,0.000000,0.090000,0.012000,0.001000,4.500000,0.080000,24.000000,0.030000,0.000000
8.815000,0.300000,0.440000,0.026114,-0.000000,0.026114,0.023953,0.000000,-0.023953,0.075664,0.000232,0.076757,0.075205,-0.000458,-0.002081,-0.002312,-0.002156,0.000608,0.000008,-0.002062,-0.000019,-0.055499,-0.000002,-0.055502,-0.055502,-0.055502,-0.027751,-0.027751,0,0,1,0,0.000000,0.090000,0.012000,0.001000,4.500000,0.080000,24.000000,0.030000,0.000000
8.820000,0.300000,0.440000,0.026230,-0.000000,0.026230,0.023915,0.000000,-0.023915,0.075664,0.000232,0.076757,0.075207,-0.000456,-0.002072,-0.002303,-0.002152,0.000607,0.000008,-0.002053,-0.000019,-0.055283,0.000054,-0.055228,-0.055228,-0.055228,-0.027614,-0.027614,0,0,1,0,0.000000,0.090000,0.012000,0.001000,4.500000,0.080000,24.000000,0.030000,0.000000
8.825000,0.300000,0.440000,0.026346,-0.000000,0.026346,0.023876,0.000000,-0.023876,0.075666,0.000232,0.076757,0.075209,-0.000457,-0.002073,-0.002305,-0.002149,0.000605,0.000008,-0.002054,-0.000019,-0.055310,-0.000007,-0.055317,-0.055317,-0.055317,-0.027658,-0.027658,0,0,1,0,0.000000,0.090000,0.012000,0.001000,4.500000,0.080000,24.000000,0.030000,0.000000
8.830000,0.300000,0.440000,0.026462,-0.000000,0.026462,0.023838,0.000000,-0.023838,0.075666,0.000232,0.076757,0.075211,-0.000455,-0.002064,-0.002296,-0.002145,0.000604,0.000008,-0.002045,-0.000019,-0.055093,0.000054,-0.055039,-0.055039,-0.055039,-0.027519,-0.027519,0,0,1,0,0.000000,0.090000,0.012000,0.001000,4.500000,0.080000,24.000000,0.030000,0.000000
8.835000,0.300000,0.440000,0.026577,-0.000000,0.026577,0.023800,0.000000,-0.023800,0.075668,0.000232,0.076757,0.075213,-0.000455,-0.002065,-0.002297,-0.002142,0.000603,0.000008,-0.002047,-0.000019,-0.055136,-0.000011,-0.055146,-0.055146,-0.055146,-0.027573,-0.027573,0,0,1,0,0.000000,0.090000,0.012000,0.001000,4.500000,0.080000,24.000000,0.030000,0.000000
8.840000,0.300000,0.440000,0.026692,-0.000000,0.026692,0.023762,0.000000,-0.023762,0.075668,0.000232,0.076757,0.075215,-0.000453,-0.002056,-0.002288,-0.002139,0.000601,0.000008,-0.002038,-0.000019,-0.054919,0.000054,-0.054865,-0.054865,-0.054865,-0.027432,-0.027432,0,0,1,0,0.000000,0.090000,0.012000,0.001000,4.500000,0.080000,24.000000,0.030000,0.000000
8.845000,0.300000,0.440000,0.026807,-0.000000,0.026807,0.023724,0.000000,-0.023724,0.075671,0.000233,0.076757,0.075217,-0.000453,-0.002058,-0.002291,-0.002135,0.000600,0.000008,-0.002039,-0.000019,-0.054972,-0.000013,-0.054985,-0.054985,-0.054985,-0.027493,-0.027493,0,0,1,0,0.000000,0.090000,0.012000,0.001000,4.500000,0.080000,24.000000,0.030000,0.000000
8.850000,0.300000,0.440000,0.026922,-0.000000,0.026922,0.023685,0.000000,-0.023685,0.075671,0.000233,0.076757,0.075219,-0.000451,-0.002049,-0.002281,-0.002132,0.000598,0.000008,-0.002030,-0.000019,-0.054755,0.000054,-0.054701,-0.054701,-0.054701,-0.027351,-0.027351,0,0,1,0,0.000000,0.090000,0.012000,0.001000,4.500000,0.080000,24.000000,0.030000,0.000000
8.859000,0.300000,0.440000,0.027151,-0.000000,0.027151,0.023609,0.000000,-0.023609,0.075673,0.000233,0.076757,0.075222,-0.000451,-0.002048,-0.002282,-0.002125,0.000596,0.000008,-0.002030,-0.000019,-0.054761,-0.000001,-0.054762,-0.054762,-0.054762,-0.027381,-0.027381,0,0,1,0,0.000000,0.090000,0.012000,0.001000,4.500000,0.080000,24.000000,0.030000,0.000000
8.864000,0.300000,0.440000,0.027266,-0.000000,0.027266,0.023571,0.000000,-0.023571,0.075675,0.000234,0.076757,0.075224,-0.000451,-0.002049,-0.002283,-0.002121,0.000594,0.000008,-0.002030,-0.000019,-0.054799,-0.000009,-0.054808,-0.054808,-0.054808,-0.027404,-0.027404,0,0,1,0,0.000000,0.090000,0.012000,0.001000,4.500000,0.080000,24.000000,0.030000,0.000000
8.869000,0.300000,0.440000,0.027380,-0.000000,0.027380,0.023533,0.000000,-0.023533,0.075675,0.000234,0.076757,0.075226,-0.000449,-0.002039,-0.002273,-0.002118,0.000593,0.000008,-0.002020,-0.000019,-0.054558,0.000060,-0.054498,-0.054498,-0.054498,-0.027249,-0.027249,0,0,1,0,0.000000,0.090000,0.012000,0.001000,4.500000,0.080000,24.000000,0.030000,0.000000
8.874000,0.300000,0.440000,0.027494,-0.000000,0.027494,0.023496,0.000000,-0.023496,0.075678,0.000233,0.076757,0.075229,-0.000449,-0.002040,-0.002273,-0.002115,0.000592,0.000008,-0.002021,-0.000019,-0.054550,0.000002,-0.054548,-0.054548,-0.054548,-0.027274,-0.027274,0,0,1,0,0.000000,0.090000,0.012000,0.001000,4.500000,0.080000,24.000000,0.030000,0.000000
8.879000,0.300000,0.440000,0.027608,-0.000000,0.027608,0.023458,0.000000,-0.023458,0.075678,0.000233,0.076757,0.075231,-0.000447,-0.002030,-0.002263,-0.002111,0.000590,0.000008,-0.002011,-0.000019,-0.054317,0.000058,-0.054259,-0.054259,-0.054259,-0.027129,-0.027129,0,0,1,0,0.000000,0.090000,0.012000,0.001000,4.500000,0.080000,24.000000,0.030000,0.000000
8.884000,0.300000,0.440000,0.027721,-0.000000,0.027721,0.023421,0.000000,-0.023421,0.075680,0.000231,0.076757,0.075233,-0.000447,-0.002030,-0.002262,-0.002108,0.000589,0.000008,-0.002012,-0.000019,-0.054286,0.000008,-0.054278,-0.054278,-0.054278,-0.027139,-0.027139,0,0,1,0,0.000000,0.090000,0.012000,0.001000,4.500000,0.080000,24.000000,0.030000,0.000000
8.889000,0.300000,0.440000,0.027835,-0.000000,0.027835,0.023383,0.000000,-0.023383,0.075680,0.000231,0.076757,0.075235,-0.000445,-0.002021,-0.002252,-0.002104,0.000587,0.000007,-0.002002,-0.000019,-0.054059,0.000057,-0.054002,-0.054002,-0.054002,-0.027001,-0.027001,0,0,1,0,0.000000,0.090000,0.012000,0.001000,4.500000,0.080000,24.000000,0.030000,0.000000
8.894000,0.300000,0.440000,0.027948,-0.000000,0.027948,0.023346,0.000000,-0.023346,0.075682,0.000230,0.076757,0.075237,-0.000445,-0.002021,-0.002251,-0.002101,0.000586,0.000007,-0.002003,-0.000018,-0.054026,0.000008,-0.054018,-0.054018,-0.054018,-0.027009,-0.027009,0,0,1,0,0.000000,0.090000,0.012000,0.001000,4.500000,0.080000,24.000000,0.030000,0.000000
8.899000,0.300000,0.440000,0.028061,-0.000000,0.028061,0.023308,0.000000,-0.023308,0.075682,0.000230,0.076757,0.075239,-0.000443,-0.002012,-0.002242,-0.002098,0.000585,0.000007,-0.001994,-0.000018,-0.053804,0.000056,-0.053748,-0.053748,-0.053748,-0.026874,-0.026874,0,0,1,0,0.000000,0.090000,0.012000,0.001000,4.500000,0.080000,24.000000,0.030000,0.000000
8.904000,0.300000,0.440000,0.028174,-0.000000,0.028174,0.023271,0.000000,-0.023271,0.075684,0.000228,0.076757,0.075241,-0.000443,-0.002013,-0.002241,-0.002094,0.000583,0.000007,-0.001995,-0.000018,-0.053789,0.000004,-0.053785,-0.053785,-0.053785,-0.026893,-0.026893,0,0,1,0,0.000000,0.090000,0.012000,0.001000,4.500000,0.080000,24.000000,0.030000,0.000000
8.909000,0.300000,0.440000,0.028287,-0.000000,0.028287,0.023233,0.000000,-0.023233,0.075684,0.000228,0.076757,0.075243,-0.000441,-0.002004,-0.002232,-0.002091,0.000582,0.000007,-0.001986,-0.000018,-0.053569,0.000055,-0.053514,-0.053514,-0.053514,-0.026757,-0.026757,0,0,1,0,0.000000,0.090000,0.012000,0.001000,4.500000,0.080000,24.000000,0.030000,0.000000
8.914000,0.300000,0.440000,0.028399,-0.000000,0.028399,0.023196,0.000000,-0.023196,0.075687,0.000228,0.076757,0.075245,-0.000441,-0.002005,-0.002233,-0.002088,0.000580,0.000007,-0.001987,-0.000018,-0.053583,-0.000004,-0.053587,-0.053587,-0.053587,-0.026794,-0.026794,0,0,1,0,0.000000,0.090000,0.012000,0.001000,4.500000,0.080000,24.000000,0.030000,0.000000
8.923000,0.300000,0.440000,0.028624,-0.000000,0.028624,0.023121,0.000000,-0.023121,0.075689,0.000228,0.076757,0.075248,-0.000441,-0.002004,-0.002232,-0.002081,0.000578,0.000008,-0.001986,-0.000018,-0.053578,0.000001,-0.053577,-0.053577,-0.053577,-0.026789,-0.026789,0,0,1,0,0.000000,0.090000,0.012000,0.001000,4.500000,0.080000,24.000000,0.030000,0.000000
8.928000,0.300000,0.440000,0.028735,-0.000000,0.028735,0.023084,0.000000,-0.023084,0.075689,0.000228,0.076757,0.075250,-0.000439,-0.001994,-0.002222,-0.002078,0.000577,0.000007,-0.001975,-0.000018,-0.053332,0.000062,-0.053270,-0.053270,-0.053270,-0.026635,-0.026635,0,0,1,0,0.000000,0.090000,0.012000,0.001000,4.500000,0.080000,24.000000,0.030000,0.000000
8.933000,0.300000,0.440000,0.028847,-0.000000,0.028847,0.023047,0.000000,-0.023047,0.075691,0.000228,0.076757,0.075252,-0.000439,-0.001994,-0.002222,-0.002074,0.000575,0.000007,-0.001976,-0.000018,-0.053326,0.000002,-0.053324,-0.053324,-0.053324,-0.026662,-0.026662,0,0,1,0,0.000000,0.090000,0.012000,0.001000,4.500000,0.080000,24.000000,0.030000,0.000000
8.938000,0.300000,0.440000,0.028959,-0.000000,0.028959,0.023010,0.000000,-0.023010,0.075691,0.000228,0.076757,0.075254,-0.000437,-0.001984,-0.002212,-0.002071,0.000574,0.000007,-0.001966,-0.000018,-0.053089,0.000059,-0.053030,-0.053030,-0.053030,-0.026515,-0.026515,0,0,1,0,0.000000,0.090000,0.012000,0.001000,4.500000,0.080000,24.000000,0.030000,0.000000
8.943000,0.300000,0.440000,0.029070,-0.000000,0.029070,0.022972,0.000000,-0.022972,0.075694,0.000227,0.076757,0.075257,-0.000437,-0.001985,-0.002212,-0.002068,0.000572,0.000007,-0.001966,-0.000018,-0.053090,-0.000000,-0.053090,-0.053090,-0.053090,-0.026545,-0.026545,0,0,1,0,0.000000,0.090000,0.012000,0.001000,4.500000,0.080000,24.000000,0.030000,0.000000
8.948000,0.300000,0.440000,0.029181,-0.000000,0.029181,0.022935,0.000000,-0.022935,0.075694,0.000227,0.076757,0.075259,-0.000435,-0.001975,-0.002203,-0.002064,0.000571,0.000007,-0.001957,-0.000018,-0.052861,0.000057,-0.052803,-0.052803,-0.052803,-0.026402,-0.026402,0,0,1,0,0.000000,0.090000,0.012000,0.001000,4.500000,0.080000,24.000000,0.030000,0.000000
8.953000,0.300000,0.440000,0.029293,-0.000000,0.029293,0.022898,0.000000,-0.022898,0.075696,0.000228,0.076757,0.075261,-0.000435,-0.001976,-0.002203,-0.002061,0.000570,0.000007,-0.001958,-0.000018,-0.052881,-0.000005,-0.052886,-0.052886,-0.052886,-0.026443,-0.026443,0,0,1,0,0.000000,0.090000,0.012000,0.001000,4.500000,0.080000,24.000000,0.030000,0.000000
8.958000,0.300000,0.440000,0.029403,-0.000000,0.029403,0.022861,0.000000,-0.022861,0.075696,0.000228,0.076757,0.075263,-0.000433,-0.001966,-0.002194,-0.002057,0.000568,0.000007,-0.001948,-0.000018,-0.052656,0.000056,-0.052600,-0.052600,-0.052600,-0.026300,-0.026300,0,0,1,0,0.000000,0.090000,0.012000,0.001000,4.500000,0.080000,24.000000,0.030000,0.000000
8.963000,0.300000,0.440000,0.029514,-0.000000,0.029514,0.022824,0.000000,-0.022824,0.075698,0.000228,0.076757,0.075265,-0.000433,-0.001968,-0.002196,-0.002054,0.000567,0.000007,-0.001949,-0.000018,-0.052700,-0.000011,-0.052711,-0.052711,-0.052711,-0.026356,-0.026356,0,0,1,0,0.000000,0.090000,0.012000,0.001000,4.500000,0.080000,24.000000,0.030000,0.000000
8.968000,0.300000,0.440000,0.029625,-0.000000,0.029625,0.022787,0.000000,-0.022787,0.075698,0.000228,0.076757,0.075267,-0.000431,-0.001958,-0.002187,-0.002051,0.000566,0.000007,-0.001940,-0.000018,-0.052479,0.000055,-0.052423,-0.052423,-0.052423,-0.026212,-0.026212,0,0,1,0,0.000000,0.090000,0.012000,0.001000,4.500000,0.080000,24.000000,0.030000,0.000000
8.973000,0.300000,0.440000,0.029735,-0.000000,0.029735,0.022750,0.000000,-0.022750,0.075700,0.000229,0.076757,0.075269,-0.000431,-0.001960,-0.002189,-0.002047,0.000564,0.000007,-0.001942,-0.000018,-0.052544,-0.000016,-0.052560,-0.052560,-0.052560,-0.026280,-0.026280,0,0,1,0,0.000000,0.090000,0.012000,0.001000,4.500000,0.080000,24.000000,0.030000,0.000000
8.978000,0.300000,0.440000,0.029845,-0.000000,0.029845,0.022713,0.000000,-0.022713,0.075700,0.000229,0.076757,0.075271,-0.000429,-0.001951,-0.002180,-0.002044,0.000563,0.000007,-0.001932,-0.000018,-0.052324,0.000055,-0.052270,-0.052270,-0.052270,-0.026135,-0.026135,0,0,1,0,0.000000,0.090000,0.012000,0.001000,4.500000,0.080000,24.000000,0.030000,0.000000
8.987000,0.300000,0.440000,0.030065,-0.000000,0.030065,0.022639,0.000000,-0.022639,0.075703,0.000231,0.076757,0.075274,-0.000429,-0.001950,-0.002181,-0.002037,0.000560,0.000008,-0.001932,-0.000018,-0.052352,-0.000004,-0.052356,-0.052356,-0.052356,-0.026178,-0.026178,0,0,1,0,0.000000,0.090000,0.012000,0.001000,4.500000,0.080000,24.000000,0.030000,0.000000
8.992000,0.300000,0.440000,0.030174,-0.000000,0.030174,0.022602,0.000000,-0.022602,0.075705,0.000233,0.076757,0.075276,-0.000429,-0.001951,-0.002184,-0.002034,0.000559,0.000007,-0.001932,-0.000019,-0.052418,-0.000016,-0.052434,-0.052434,-0.052434,-0.026217,-0.026217,0,0,1,0,0.000000,0.090000,0.012000,0.001000,4.500000,0.080000,24.000000,0.030000,0.000000
8.997000,0.300000,0.440000,0.030284,-0.000000,0.030284,0.022565,0.000000,-0.022565,0.075705,0.000233,0.076757,0.075278,-0.000427,-0.001941,-0.002174,-0.002031,0.000558,0.000007,-0.001922,-0.000019,-0.052177,0.000060,-0.052117,-0.052117,-0.052117,-0.026058,-0.026058,0,0,1,0,0.000000,0.090000,0.012000,0.001000,4.500000,0.080000,24.000000,0.030000,0.000000
9.002000,0.300000,0.440000,0.030393,-0.000000,0.030393,0.022528,0.000000,-0.022528,0.075708,0.000233,0.076757,0.075280,-0.000427,-0.001942,-0.002175,-0.002028,0.000556,0.000007,-0.001923,-0.000019,-0.052195,-0.000004,-0.052199,-0.052199,-0.052199,-0.026100,-0.026100,0,0,1,0,0.000000,0.090000,0.012000,0.001000,4.500000,0.080000,24.000000,0.030000,0.000000
9.007000,0.300000,0.440000,0.030502,-0.000000,0.030502,0.022491,0.000000,-0.022491,0.075708,0.000233,0.076757,0.075282,-0.000425,-0.001932,-0.002165,-0.002024,0.000555,0.000007,-0.001914,-0.000019,-0.051963,0.000058,-0.051905,-0.051905,-0.051905,-0.025953,-0.025953,0,0,1,0,0.000000,0.090000,0.012000,0.001000,4.500000,0.080000,24.000000,0.030000,0.000000
9.012000,0.300000,0.440000,0.030611,-0.000000,0.030611,0.022455,0.000000,-0.022455,0.075710,0.000232,0.076757,0.075284,-0.000425,-0.001933,-0.002165,-0.002021,0.000554,0.000007,-0.001915,-0.000019,-0.051951,0.000003,-0.051948,-0.051948,-0.051948,-0.025974,-0.025974,0,0,1,0,0.000000,0.090000,0.012000,0.001000,4.500000,0.080000,24.000000,0.030000,0.000000
9.017000,0.300000,0.440000,0.030719,-0.000000,0.030719,0.022419,0.000000,-0.022419,0.075710,0.000232,0.076757,0.075287,-0.000423,-0.001924,-0.002155,-0.002018,0.000552,0.000007,-0.001905,-0.000019,-0.051726,0.000056,-0.051670,-0.051670,-0.051670,-0.025835,-0.025835,0,0,1,0,0.000000,0.090000,0.012000,0.001000,4.500000,0.080000,24.000000,0.030000,0.000000
9.022000,0.300000,0.440000,0.030828,-0.000000,0.030828,0.022382,0.000000,-0.022382,0.075712,0.000230,0.076757,0.075289,-0.000424,-0.001924,-0.002154,-0.002014,0.000551,0.000007,-0.001906,-0.000018,-0.051703,0.000006,-0.051698,-0.051698,-0.051698,-0.025849,-0.025849,0,0,1,0,0.000000,0.090000,0.012000,0.001000,4.500000,0.080000,24.000000,0.030000,0.000000
9.027000,0.300000,0.440000,0.030936,-0.000000,0.030936,0.022346,0.000000,-0.022346,0.075712,0.000230,0.076757,0.075291,-0.000422,-0.001915,-0.002145,-0.002011,0.000550,0.000007,-0.001897,-0.000018,-0.051484,0.000055,-0.051429,-0.051429,-0.051429,-0.025714,-0.025714,0,0,1,0,0.000000,0.090000,0.012000,0.001000,4.500000,0.080000,24.000000,0.030000,0.000000
9.032000,0.300000,0.440000,0.031044,-0.000000,0.031044,0.022310,0.000000,-0.022310,0.075714,0.000228,0.076757,0.075293,-0.000422,-0.001916,-0.002145,-0.002008,0.000548,0.000007,-0.001898,-0.000018,-0.051468,0.000004,-0.051464,-0.051464,-0.051464,-0.025732,-0.025732,0,0,1,0,0.000000,0.090000,0.012000,0.001000,4.500000,0.080000,24.000000,0.030000,0.000000
9.037000,0.300000,0.440000,0.031152,-0.000000,0.031152,0.022273,0.000000,-0.022273,0.075714,0.000228,0.076757,0.075295,-0.000420,-0.001907,-0.002135,-0.002005,0.000547,0.000007,-0.001889,-0.000018,-0.051252,0.000054,-0.051198,-0.051198,-0.051198,-0.025599,-0.025599,0,0,1,0,0.000000,0.090000,0.012000,0.001000,4.500000,0.080000,24.000000,0.030000,0.000000
9.046000,0.300000,0.440000,0.031368,-0.000000,0.031368,0.022201,0.000000,-0.022201,0.075717,0.000228,0.076757,0.075297,-0.000420,-0.001906,-0.002134,-0.001998,0.000544,0.000008,-0.001888,-0.000018,-0.051209,0.000006,-0.051203,-0.051203,-0.051203,-0.025601,-0.025601,0,0,1,0,0.000000,0.090000,0.012000,0.001000,4.500000,0.080000,24.000000,0.030000,0.000000
9.051000,0.300000,0.440000,0.031475,-0.000000,0.031475,0.022165,0.000000,-0.022165,0.075719,0.000228,0.076757,0.075299,-0.000420,-0.001906,-0.002134,-0.001995,0.000543,0.000007,-0.001888,-0.000018,-0.051219,-0.000003,-0.051222,-0.051222,-0.051222,-0.025611,-0.025611,0,0,1,0,0.000000,0.090000,0.012000,0.001000,4.500000,0.080000,24.000000,0.030000,0.000000
9.056000,0.300000,0.440000,0.031583,-0.000000,0.031583,0.022129,0.000000,-0.022129,0.075719,0.000228,0.076757,0.075302,-0.000417,-0.001896,-0.002124,-0.001992,0.000542,0.000007,-0.001878,-0.000018,-0.050982,0.000059,-0.050923,-0.050923,-0.050923,-0.025461,-0.025461,0,0,1,0,0.000000,0.090000,0.012000,0.001000,4.500000,0.080000,24.000000,0.030000,0.000000
9.061000,0.300000,0.440000,0.031690,-0.000000,0.031690,0.022092,0.000000,-0.022092,0.075721,0.000227,0.076757,0.075304,-0.000418,-0.001897,-0.002124,-0.001988,0.000540,0.000007,-0.001879,-0.000018,-0.050983,-0.000000,-0.050983,-0.050983,-0.050983,-0.025492,-0.025492,0,0,1,0,0.000000,0.090000,0.012000,0.001000,4.500000,0.080000,24.000000,0.030000,0.000000
9.066000,0.300000,0.440000,0.031797,-0.000000,0.031797,0.022056,0.000000,-0.022056,0.075721,0.000227,0.076757,0.075306,-0.000415,-0.001887,-0.002115,-0.001985,0.000539,0.000007,-0.001869,-0.000018,-0.050754,0.000057,-0.050697,-0.050697,-0.050697,-0.025349,-0.025349,0,0,1,0,0.000000,0.090000,0.012000,0.001000,4.500000,0.080000,24.000000,0.030000,0.000000
9.071000,0.300000,0.440000,0.031903,-0.000000,0.031903,0.022020,0.000000,-0.022020,0.075723,0.000227,0.076757,0.075308,-0.000416,-0.001888,-0.002115,-0.001982,0.000538,0.000007,-0.001870,-0.000018,-0.050764,-0.000002,-0.050766,-0.050766,-0.050766,-0.025383,-0.025383,0,0,1,0,0.000000,0.090000,0.012000,0.001000,4.500000,0.080000,24.000000,0.030000,0.000000
9.076000,0.300000,0.440000,0.032010,-0.000000,0.032010,0.021984,0.000000,-0.021984,0.075723,0.000227,0.076757,0.075310,-0.000414,-0.001879,-0.002106,-0.001979,0.000537,0.000007,-0.001861,-0.000018,-0.050541,0.000056,-0.050486,-0.050486,-0.050486,-0.025243,-0.025243,0,0,1,0,0.000000,0.090000,0.012000,0.001000,4.500000,0.080000,24.000000,0.030000,0.000000
9.081000,0.300000,0.440000,0.032116,-0.000000,0.032116,0.021948,0.000000,-0.021948,0.075726,0.000227,0.076757,0.075312,-0.000414,-0.001880,-0.002107,-0.001975,0.000535,0.000007,-0.001862,-0.000018,-0.050569,-0.000007,-0.050576,-0.050576,-0.050576,-0.025288,-0.025288,0,0,1,0,0.000000,0.090000,0.012000,0.001000,4.500000,0.080000,24.000000,0.030000,0.000000
9.086000,0.300000,0.440000,0.032223,-0.000000,0.032223,0.021912,0.000000,-0.021912,0.075726,0.000227,0.076757,0.075314,-0.000412,-0.001871,-0.002098,-0.001972,0.000534,0.000007,-0.001853,-0.000018,-0.050351,0.000055,-0.050296,-0.050296,-0.050296,-0.025148,-0.025148,0,0,1,0,0.000000,0.090000,0.012000,0.001000,4.500000,0.080000,24.000000,0.030000,0.000000
9.091000,0.300000,0.440000,0.032329,-0.000000,0.032329,0.021877,0.000000,-0.021877,0.075728,0.000228,0.076757,0.075316,-0.000412,-0.001872,-0.002100,-0.001969,0.000533,0.000007,-0.001854,-0.000018,-0.050399,-0.000012,-0.050411,-0.050411,-0.050411,-0.025205,-0.025205,0,0,1,0,0.000000,0.090000,0.012000,0.001000,4.500000,0.080000,24.000000,0.030000,0.000000
9.096000,0.300000,0.440000,0.032435,-0.000000,0.032435,0.021841,0.000000,-0.021841,0.075728,0.000228,0.076757,0.075318,-0.000410,-0.001863,-0.002091,-0.001966,0.000531,0.000007,-0.001845,-0.000018,-0.050183,0.000054,-0.050130,-0.050130,-0.050130,-0.025065,-0.025065,0,0,1,0,0.000000,0.090000,0.012000,0.001000,4.500000,0.080000,24.000000,0.030000,0.000000
9.101000,0.300000,0.440000,0.032540,-0.000000,0.032540,0.021805,0.000000,-0.021805,0.075730,0.000229,0.076757,0.075320,-0.000410,-0.001865,-0.002094,-0.001962,0.000530,0.000007,-0.001847,-0.000018,-0.050249,-0.000016,-0.050265,-0.050265,-0.050265,-0.025133,-0.025133,0,0,1,0,0.000000,0.090000,0.012000,0.001000,4.500000,0.080000,24.000000,0.030000,0.000000
9.110000,0.300000,0.440000,0.032751,-0.000000,0.032751,0.021733,0.000000,-0.021733,0.075733,0.000230,0.076757,0.075322,-0.000410,-0.001865,-0.002095,-0.001956,0.000528,0.000008,-0.001846,-0.000018,-0.050273,-0.000003,-0.050277,-0.050277,-0.050277,-0.025138,-0.025138,0,0,1,0,0.000000,0.090000,0.012000,0.001000,4.500000,0.080000,24.000000,0.030000,0.000000
9.115000,0.300000,0.440000,0.032751,-0.000000,0.032751,0.021733,0.000000,-0.021733,0.075733,0.000230,0.076757,0.075323,-0.000410,-0.001862,-0.002092,-0.001956,0.000526,0.000000,-0.001843,-0.000018,-0.050202,0.000018,-0.050184,-0.050184,-0.050184,-0.025092,-0.025092,0,0,1,0,0.000000,0.090000,0.012000,0.001000,4.500000,0.080000,24.000000,0.030000,0.000000
9.120000,0.300000,0.440000,0.032856,-0.000000,0.032856,0.021697,0.000000,-0.021697,0.075733,0.000230,0.076757,0.075325,-0.000408,-0.001853,-0.002083,-0.001953,0.000525,0.000007,-0.001835,-0.000018,-0.049994,0.000052,-0.049942,-0.049942,-0.049942,-0.024971,-0.024971,0,0,1,0,0.000000,0.090000,0.012000,0.001000,4.500000,0.080000,24.000000,0.030000,0.000000
9.125000,0.300000,0.440000,0.032961,-0.000000,0.032961,0.021662,0.000000,-0.021662,0.075735,0.000229,0.076757,0.075327,-0.000408,-0.001855,-0.002084,-0.001950,0.000524,0.000007,-0.001837,-0.000018,-0.050018,-0.000006,-0.050024,-0.050024,-0.050024,-0.025012,-0.025012,0,0,1,0,0.000000,0.090000,0.012000,0.001000,4.500000,0.080000,24.000000,0.030000,0.000000
9.130000,0.300000,0.440000,0.033066,-0.000000,0.033066,0.021626,0.000000,-0.021626,0.075735,0.000229,0.076757,0.075329,-0.000406,-0.001846,-0.002075,-0.001946,0.000522,0.000007,-0.001828,-0.000018,-0.049812,0.000051,-0.049760,-0.049760,-0.049760,-0.024880,-0.024880,0,0,1,0,0.000000,0.090000,0.012000,0.001000,4.500000,0.080000,24.000000,0.030000,0.000000
9.135000,0.300000,0.440000,0.033171,-0.000000,0.033171,0.021591,0.000000,-0.021591,0.075737,0.000227,0.076757,0.075331,-0.000407,-0.001848,-0.002075,-0.001943,0.000521,0.000007,-0.001829,-0.000018,-0.049797,0.000004,-0.049793,-0.049793,-0.049793,-0.024897,-0.024897,0,0,1,0,0.000000,0.090000,0.012000,0.001000,4.500000,0.080000,24.000000,0.030000,0.000000
9.140000,0.300000,0.440000,0.033275,-0.000000,0.033275,0.021556,0.000000,-0.021556,0.075737,0.000227,0.076757,0.075333,-0.000405,-0.001839,-0.002066,-0.001940,0.000520,0.000007,-0.001821,-0.000018,-0.049593,0.000051,-0.049541,-0.049541,-0.049541,-0.024771,-0.024771,0,0,1,0,0.000000,0.090000,0.012000,0.001000,4.500000,0.080000,24.000000,0.030000,0.000000
9.145000,0.300000,0.440000,0.033380,-0.000000,0.033380,0.021521,0.000000,-0.021521,0.075739,0.000225,0.076757,0.075335,-0.000405,-0.001840,-0.002065,-0.001937,0.000519,0.000007,-0.001822,-0.000018,-0.049549,0.000011,-0.049538,-0.049538,-0.049538,-0.024769,-0.024769,0,0,1,0,0.000000,0.090000,0.012000,0.001000,4.500000,0.080000,24.000000,0.030000,0.000000
9.150000,0.300000,0.440000,0.033484,-0.000000,0.033484,0.021485,0.000000,-0.021485,0.075739,0.000225,0.076757,0.075336,-0.000403,-0.001831,-0.002056,-0.001934,0.000517,0.000007,-0.001814,-0.000018,-0.049345,0.000051,-0.049294,-0.049294,-0.049294,-0.024647,-0.024647,0,0,1,0,0.000000,0.090000,0.012000,0.001000,4.500000,0.080000,24.000000,0.030000,0.000000
9.155000,0.300000,0.440000,0.033588,-0.000000,0.033588,0.021450,0.000000,-0.021450,0.075742,0.000223,0.076757,0.075338,-0.000403,-0.001832,-0.002055,-0.001931,0.000516,0.000007,-0.001815,-0.000018,-0.049322,0.000006,-0.049316,-0.049316,-0.049316,-0.024658,-0.024658,0,0,1,0,0.000000,0.090000,0.012000,0.001000,4.500000,0.080000,24.000000,0.030000,0.000000
9.160000,0.300000,0.440000,0.033691,-0.000000,0.033691,0.021415,0.000000,-0.021415,0.075742,0.000223,0.076757,0.075340,-0.000401,-0.001824,-0.002047,-0.001927,0.000515,0.000007,-0.001806,-0.000018,-0.049118,0.000051,-0.049067,-0.049067,-0.049067,-0.024534,-0.024534,0,0,1,0,0.000000,0.090000,0.012000,0.001000,4.500000,0.080000,24.000000,0.030000,0.000000
9.169000,0.300000,0.440000,0.033899,-0.000000,0.033899,0.021345,0.000000,-0.021345,0.075744,0.000222,0.076757,0.075343,-0.000401,-0.001823,-0.002045,-0.001921,0.000512,0.000008,-0.001806,-0.000018,-0.049080,0.000005,-0.049075,-0.049075,-0.049075,-0.024537,-0.024537,0,0,1,0,0.000000,0.090000,0.012000,0.001000,4.500000,0.080000,24.000000,0.030000,0.000000
9.174000,0.300000,0.440000,0.034002,-0.000000,0.034002,0.021310,0.000000,-0.021310,0.075746,0.000222,0.076757,0.075345,-0.000401,-0.001824,-0.002046,-0.001918,0.000511,0.000007,-0.001806,-0.000018,-0.049104,-0.000006,-0.049110,-0.049110,-0.049110,-0.024555,-0.024555,0,0,1,0,0.000000,0.090000,0.012000,0.001000,4.500000,0.080000,24.000000,0.030000,0.000000
9.179000,0.300000,0.440000,0.034105,-0.000000,0.034105,0.021274,0.000000,-0.021274,0.075746,0.000222,0.076757,0.075347,-0.000399,-0.001814,-0.002037,-0.001915,0.000510,0.000007,-0.001796,-0.000018,-0.048877,0.000057,-0.048820,-0.048820,-0.048820,-0.024410,-0.024410,0,0,1,0,0.000000,0.090000,0.012000,0.001000,4.500000,0.080000,24.000000,0.030000,0.000000
9.184000,0.300000,0.440000,0.034208,-0.000000,0.034208,0.021239,0.000000,-0.021239,0.075748,0.000222,0.076757,0.075349,-0.000399,-0.001815,-0.002037,-0.001912,0.000509,0.000007,-0.001797,-0.000018,-0.048896,-0.000005,-0.048901,-0.048901,-0.048901,-0.024450,-0.024450,0,0,1,0,0.000000,0.090000,0.012000,0.001000,4.500000,0.080000,24.000000,0.030000,0.000000
9.189000,0.300000,0.440000,0.034311,-0.000000,0.034311,0.021204,0.000000,-0.021204,0.075748,0.000222,0.076757,0.075351,-0.000397,-0.001806,-0.002028,-0.001908,0.000507,0.000007,-0.001788,-0.000018,-0.048676,0.000055,-0.048621,-0.048621,-0.048621,-0.024310,-0.024310,0,0,1,0,0.000000,0.090000,0.012000,0.001000,4.500000,0.080000,24.000000,0.030000,0.000000
9.194000,0.300000,0.440000,0.034413,-0.000000,0.034413,0.021169,0.000000,-0.021169,0.075750,0.000222,0.076757,0.075353,-0.000398,-0.001807,-0.002029,-0.001905,0.000506,0.000007,-0.001789,-0.000018,-0.048702,-0.000006,-0.048708,-0.048708,-0.048708,-0.024354,-0.024354,0,0,1,0,0.000000,0.090000,0.012000,0.001000,4.500000,0.080000,24.000000,0.030000,0.000000
9.199000,0.300000,0.440000,0.034516,-0.000000,0.034516,0.021134,0.000000,-0.021134,0.075750,0.000222,0.076757,0.075355,-0.000396,-0.001798,-0.002020,-0.001902,0.000505,0.000007,-0.001780,-0.000018,-0.048486,0.000054,-0.048432,-0.048432,-0.048432,-0.024216,-0.024216,0,0,1,0,0.000000,0.090000,0.012000,0.001000,4.500000,0.080000,24.000000,0.030000,0.000000
9.204000,0.300000,0.440000,0.034618,-0.000000,0.034618,0.021099,0.000000,-0.021099,0.075753,0.000223,0.076757,0.075357,-0.000396,-0.001799,-0.002022,-0.001899,0.000503,0.000007,-0.001781,-0.000018,-0.048524,-0.000009,-0.048533,-0.048533,-0.048533,-0.024267,-0.024267,0,0,1,0,0.000000,0.090000,0.012000,0.001000,4.500000,0.080000,24.000000,0.030000,0.000000
9.209000,0.300000,0.440000,0.034720,-0.000000,0.034720,0.021064,0.000000,-0.021064,0.075753,0.000223,0.076757,0.075359,-0.000394,-0.001790,-0.002013,-0.001896,0.000502,0.000007,-0.001772,-0.000018,-0.048312,0.000053,-0.048259,-0.048259,-0.048259,-0.024130,-0.024130,0,0,1,0,0.000000,0.090000,0.012000,0.001000,4.500000,0.080000,24.000000,0.030000,0.000000
9.214000,0.300000,0.440000,0.034822,-0.000000,0.034822,0.021030,0.000000,-0.021030,0.075755,0.000223,0.076757,0.075361,-0.000394,-0.001792,-0.002015,-0.001893,0.000501,0.000007,-0.001774,-0.000018,-0.048362,-0.000012,-0.048374,-0.048374,-0.048374,-0.024187,-0.024187,0,0,1,0,0.000000,0.090000,0.012000,0.001000,4.500000,0.080000,24.000000,0.030000,0.000000
9.219000,0.300000,0.440000,0.034924,-0.000000,0.034924,0.020995,0.000000,-0.020995,0.075755,0.000223,0.076757,0.075363,-0.000392,-0.001783,-0.002006,-0.001890,0.000500,0.000007,-0.001765,-0.000018,-0.048152,0.000052,-0.048100,-0.048100,-0.048100,-0.024050,-0.024050,0,0,1,0,0.000000,0.090000,0.012000,0.001000,4.500000,0.080000,24.000000,0.030000,0.000000
9.224000,0.300000,0.440000,0.035025,-0.000000,0.035025,0.020960,0.000000,-0.020960,0.075757,0.000224,0.076757,0.075365,-0.000393,-0.001785,-0.002009,-0.001886,0.000498,0.000007,-0.001767,-0.000018,-0.048211,-0.000015,-0.048225,-0.048225,-0.048225,-0.024113,-0.024113,0,0,1,0,0.000000,0.090000,0.012000,0.001000,4.500000,0.080000,24.000000,0.030000,0.000000
9.229000,0.300000,0.440000,0.035126,-0.000000,0.035126,0.020925,0.000000,-0.020925,0.075757,0.000224,0.076757,0.075367,-0.000391,-0.001776,-0.002000,-0.001883,0.000497,0.000007,-0.001758,-0.000018,-0.048003,0.000052,-0.047952,-0.047952,-0.047952,-0.023976,-0.023976,0,0,1,0,0.000000,0.090000,0.012000,0.001000,4.500000,0.080000,24.000000,0.030000,0.000000
9.238000,0.300000,0.440000,0.035329,-0.000000,0.035329,0.020855,0.000000,-0.020855,0.075760,0.000225,0.076757,0.075369,-0.000391,-0.001776,-0.002001,-0.001877,0.000495,0.000008,-0.001758,-0.000018,-0.048018,-0.000002,-0.048020,-0.048020,-0.048020,-0.024010,-0.024010,0,0,1,0,0.000000,0.090000,0.012000,0.001000,4.500000,0.080000,24.000000,0.030000,0.000000
9.243000,0.300000,0.440000,0.035430,-0.000000,0.035430,0.020821,0.000000,-0.020821,0.075762,0.000226,0.076757,0.075371,-0.000391,-0.001777,-0.002003,-0.001874,0.000494,0.000007,-0.001759,-0.000018,-0.048063,-0.000011,-0.048074,-0.048074,-0.048074,-0.024037,-0.024037,0,0,1,0,0.000000,0.090000,0.012000,0.001000,4.500000,0.080000,24.000000,0.030000,0.000000
9.248000,0.300000,0.440000,0.035530,-0.000000,0.035530,0.020786,0.000000,-0.020786,0.075762,0.000226,0.076757,0.075373,-0.000389,-0.001767,-0.001993,-0.001871,0.000492,0.000007,-0.001749,-0.000018,-0.047835,0.000057,-0.047778,-0.047778,-0.047778,-0.023889,-0.023889,0,0,1,0,0.000000,0.090000,0.012000,0.001000,4.500000,0.080000,24.000000,0.030000,0.000000
9.253000,0.300000,0.440000,0.035631,-0.000000,0.035631,0.020752,0.000000,-0.020752,0.075764,0.000225,0.076757,0.075375,-0.000389,-0.001768,-0.001993,-0.001868,0.000491,0.000007,-0.001750,-0.000018,-0.047835,-0.000000,-0.047836,-0.047836,-0.047836,-0.023918,-0.023918,0,0,1,0,0.000000,0.090000,0.012000,0.001000,4.500000,0.080000,24.000000,0.030000,0.000000
9.258000,0.300000,0.440000,0.035731,-0.000000,0.035731,0.020717,0.000000,-0.020717,0.075764,0.000225,0.076757,0.075377,-0.000387,-0.001759,-0.001984,-0.001865,0.000490,0.000007,-0.001741,-0.000018,-0.047616,0.000055,-0.047561,-0.047561,-0.047561,-0.023780,-0.023780,0,0,1,0,0.000000,0.090000,0.012000,0.001000,4.500000,0.080000,24.000000,0.030000,0.000000
9.263000,0.300000,0.440000,0.035831,-0.000000,0.035831,0.020683,0.000000,-0.020683,0.075766,0.000224,0.076757,0.075379,-0.000387,-0.001760,-0.001983,-0.001861,0.000489,0.000007,-0.001742,-0.000018,-0.047594,0.000005,-0.047588,-0.047588,-0.047588,-0.023794,-0.023794,0,0,1,0,0.000000,0.090000,0.012000,0.001000,4.500000,0.080000,24.000000,0.030000,0.000000
9.268000,0.300000,0.440000,0.035932,-0.000000,0.035932,0.020649,0.000000,-0.020649,0.075766,0.000224,0.076757,0.075381,-0.000385,-0.001751,-0.001974,-0.001858,0.000487,0.000007,-0.001733,-0.000018,-0.047381,0.000053,-0.047327,-0.047327,-0.047327,-0.023664,-0.023664,0,0,1,0,0.000000,0.090000,0.012000,0.001000,4.500000,0.080000,24.000000,0.030000,0.000000
9.273000,0.300000,0.440000,0.036031,-0.000000,0.036031,0.020615,0.000000,-0.020615,0.075768,0.000222,0.076757,0.075383,-0.000385,-0.001751,-0.001973,-0.001855,0.000486,0.000007,-0.001734,-0.000018,-0.047357,0.000006,-0.047351,-0.047351,-0.047351,-0.023675,-0.023675,0,0,1,0,0.000000,0.090000,0.012000,0.001000,4.500000,0.080000,24.000000,0.030000,0.000000
9.278000,0.300000,0.440000,0.036131,-0.000000,0.036131,0.020581,0.000000,-0.020581,0.075768,0.000222,0.076757,0.075385,-0.000383,-0.001743,-0.001964,-0.001852,0.000485,0.000007,-0.001725,-0.000018,-0.047148,0.000052,-0.047096,-0.047096,-0.047096,-0.023548,-0.023548,0,0,1,0,0.000000,0.090000,0.012000,0.001000,4.500000,0.080000,24.000000,0.030000,0.000000
9.283000,0.300000,0.440000,0.036231,-0.000000,0.036231,0.020546,0.000000,-0.020546,0.075771,0.000220,0.076757,0.075387,-0.000384,-0.001744,-0.001964,-0.001849,0.000484,0.000007,-0.001726,-0.000018,-0.047140,0.000002,-0.047138,-0.047138,-0.047138,-0.023569,-0.023569,0,0,1,0,0.000000,0.090000,0.012000,0.001000,4.500000,0.080000,24.000000,0.030000,0.000000
9.288000,0.300000,0.440000,0.036330,-0.000000,0.036330,0.020512,0.000000,-0.020512,0.075771,0.000220,0.076757,0.075389,-0.000382,-0.001735,-0.001956,-0.001846,0.000483,0.000007,-0.001718,-0.000018,-0.046934,0.000051,-0.046883,-0.046883,-0.046883,-0.023441,-0.023441,0,0,1,0,0.000000,0.090000,0.012000,0.001000,4.500000,0.080000,24.000000,0.030000,0.000000
9.293000,0.300000,0.440000,0.036429,-0.000000,0.036429,0.020478,0.000000,-0.020478,0.075773,0.000220,0.076757,0.075391,-0.000382,-0.001736,-0.001956,-0.001843,0.000481,0.000007,-0.001719,-0.000018,-0.046953,-0.000005,-0.046957,-0.046957,-0.046957,-0.023479,-0.023479,0,0,1,0,0.000000,0.090000,0.012000,0.001000,4.500000,0.080000,24.000000,0.030000,0.000000
9.302000,0.300000,0.440000,0.036627,-0.000000,0.036627,0.020410,0.000000,-0.020410,0.075775,0.000220,0.076757,0.075393,-0.000382,-0.001736,-0.001956,-0.001837,0.000479,0.000008,-0.001718,-0.000018,-0.046953,-0.000000,-0.046954,-0.046954,-0.046954,-0.023477,-0.023477,0,0,1,0,0.000000,0.090000,0.012000,0.001000,4.500000,0.080000,24.000000,0.030000,0.000000
9.307000,0.300000,0.440000,0.036726,-0.000000,0.036726,0.020376,0.000000,-0.020376,0.075775,0.000220,0.076757,0.075395,-0.000380,-0.001726,-0.001947,-0.001834,0.000478,0.000007,-0.001709,-0.000018,-0.046724,0.000057,-0.046666,-0.046666,-0.046666,-0.023333,-0.023333,0,0,1,0,0.000000,0.090000,0.012000,0.001000,4.500000,0.080000,24.000000,0.030000,0.000000
9.312000,0.300000,0.440000,0.036825,-0.000000,0.036825,0.020342,0.000000,-0.020342,0.075777,0.000220,0.076757,0.075397,-0.000380,-0.001727,-0.001947,-0.001831,0.000477,0.000007,-0.001709,-0.000018,-0.046723,0.000000,-0.046723,-0.046723,-0.046723,-0.023361,-0.023361,0,0,1,0,0.000000,0.090000,0.012000,0.001000,4.500000,0.080000,24.000000,0.030000,0.000000
9.317000,0.300000,0.440000,0.036923,-0.000000,0.036923,0.020308,0.000000,-0.020308,0.075777,0.000220,0.076757,0.075399,-0.000378,-0.001718,-0.001938,-0.001828,0.000475,0.000007,-0.001700,-0.000018,-0.046502,0.000055,-0.046447,-0.046447,-0.046447,-0.023223,-0.023223,0,0,1,0,0.000000,0.090000,0.012000,0.001000,4.500000,0.080000,24.000000,0.030000,0.000000
9.322000,0.300000,0.440000,0.037021,-0.000000,0.037021,0.020274,0.000000,-0.020274,0.075779,0.000219,0.076757,0.075401,-0.000378,-0.001718,-0.001938,-0.001825,0.000474,0.000007,-0.001701,-0.000018,-0.046508,-0.000001,-0.046509,-0.046509,-0.046509,-0.023255,-0.023255,0,0,1,0,0.000000,0.090000,0.012000,0.001000,4.500000,0.080000,24.000000,0.030000,0.000000
9.327000,0.300000,0.440000,0.037119,-0.000000,0.037119,0.020241,0.000000,-0.020241,0.075779,0.000219,0.076757,0.075403,-0.000376,-0.001710,-0.001929,-0.001822,0.000473,0.000007,-0.001692,-0.000018,-0.046294,0.000054,-0.046240,-0.046240,-0.046240,-0.023120,-0.023120,0,0,1,0,0.000000,0.090000,0.012000,0.001000,4.500000,0.080000,24.000000,0.030000,0.000000
9.332000,0.300000,0.440000,0.037217,-0.000000,0.037217,0.020207,0.000000,-0.020207,0.075782,0.000219,0.076757,0.075405,-0.000376,-0.001711,-0.001930,-0.001819,0.000472,0.000007,-0.001693,-0.000018,-0.046318,-0.000006,-0.046324,-0.046324,-0.046324,-0.023162,-0.023162,0,0,1,0,0.000000,0.090000,0.012000,0.001000,4.500000,0.080000,24.000000,0.030000,0.000000
9.337000,0.300000,0.440000,0.037315,-0.000000,0.037315,0.020173,0.000000,-0.020173,0.075782,0.000219,0.076757,0.075407,-0.000374,-0.001702,-0.001921,-0.001816,0.000471,0.000007,-0.001684,-0.000018,-0.046108,0.000052,-0.046056,-0.046056,-0.046056,-0.023028,-0.023028,0,0,1,0,0.000000,0.090000,0.012000,0.001000,4.500000,0.080000,24.000000,0.030000,0.000000
9.342000,0.300000,0.440000,0.037412,-0.000000,0.037412,0.020139,0.000000,-0.020139,0.075784,0.000220,0.076757,0.075409,-0.000375,-0.001703,-0.001923,-0.001813,0.000469,0.000007,-0.001686,-0.000018,-0.046155,-0.000012,-0.046167,-0.046167,-0.046167,-0.023083,-0.023083,0,0,1,0,0.000000,0.090000,0.012000,0.001000,4.500000,0.080000,24.000000,0.030000,0.000000
9.347000,0.300000,0.440000,0.037510,-0.000000,0.037510,0.020105,0.000000,-0.020105,0.075784,0.000220,0.076757,0.075411,-0.000373,-0.001695,-0.001915,-0.001809,0.000468,0.000007,-0.001677,-0.000018,-0.045948,0.000052,-0.045897,-0.045897,-0.045897,-0.022948,-0.022948,0,0,1,0,0.000000,0.090000,0.012000,0.001000,4.500000,0.080000,24.000000,0.030000,0.000000
9.352000,0.300000,0.440000,0.037607,-0.000000,0.037607,0.020072,0.000000,-0.020072,0.075786,0.000221,0.076757,0.075413,-0.000373,-0.001696,-0.001917,-0.001806,0.000467,0.000007,-0.001679,-0.000018,-0.046015,-0.000017,-0.046031,-0.046031,-0.046031,-0.023016,-0.023016,0,0,1,0,0.000000,0.090000,0.012000,0.001000,4.500000,0.080000,24.000000,0.030000,0.000000
9.357000,0.300000,0.440000,0.037704,-0.000000,0.037704,0.020038,0.000000,-0.020038,0.075786,0.000221,0.076757,0.075415,-0.000371,-0.001688,-0.001909,-0.001803,0.000466,0.000007,-0.001670,-0.000018,-0.045810,0.000051,-0.045759,-0.045759,-0.045759,-0.022880,-0.022880,0,0,1,0,0.000000,0.090000,0.012000,0.001000,4.500000,0.080000,24.000000,0.030000,0.000000
9.362000,0.300000,0.440000,0.037801,-0.000000,0.037801,0.020004,0.000000,-0.020004,0.075788,0.000222,0.076757,0.075417,-0.000372,-0.001690,-0.001912,-0.001800,0.000465,0.000007,-0.001672,-0.000018,-0.045888,-0.000019,-0.045907,-0.045907,-0.045907,-0.022954,-0.022954,0,0,1,0,0.000000,0.090000,0.012000,0.001000,4.500000,0.080000,24.000000,0.030000,0.000000
9.371000,0.300000,0.440000,0.037994,-0.000000,0.037994,0.019937,0.000000,-0.019937,0.075791,0.000224,0.076757,0.075419,-0.000372,-0.001690,-0.001913,-0.001794,0.000462,0.000007,-0.001672,-0.000018,-0.045920,-0.000004,-0.045924,-0.045924,-0.045924,-0.022962,-0.022962,0,0,1,0,0.000000,0.090000,0.012000,0.001000,4.500000,0.080000,24.000000,0.030000,0.000000
9.376000,0.300000,0.440000,0.038091,-0.000000,0.038091,0.019903,0.000000,-0.019903,0.075791,0.000224,0.076757,0.075421,-0.000369,-0.001680,-0.001904,-0.001791,0.000461,0.000007,-0.001662,-0.000018,-0.045692,0.000057,-0.045635,-0.045635,-0.045635,-0.022818,-0.022818,0,0,1,0,0.000000,0.090000,0.012000,0.001000,4.500000,0.080000,24.000000,0.030000,0.000000
9.381000,0.300000,0.440000,0.038187,-0.000000,0.038187,0.019870,0.000000,-0.019870,0.075793,0.000223,0.076757,0.075423,-0.000370,-0.001681,-0.001904,-0.001788,0.000460,0.000007,-0.001663,-0.000018,-0.045689,0.000001,-0.045689,-0.045689,-0.045689,-0.022844,-0.022844,0,0,1,0,0.000000,0.090000,0.012000,0.001000,4.500000,0.080000,24.000000,0.030000,0.000000
9.386000,0.300000,0.440000,0.038283,-0.000000,0.038283,0.019837,0.000000,-0.019837,0.075793,0.000223,0.076757,0.075425,-0.000368,-0.001672,-0.001895,-0.001785,0.000459,0.000007,-0.001654,-0.000018,-0.045472,0.000054,-0.045417,-0.045417,-0.045417,-0.022709,-0.022709,0,0,1,0,0.000000,0.090000,0.012000,0.001000,4.500000,0.080000,24.000000,0.030000,0.000000
9.391000,0.300000,0.440000,0.038379,-0.000000,0.038379,0.019804,0.000000,-0.019804,0.075795,0.000221,0.076757,0.075427,-0.000368,-0.001673,-0.001894,-0.001782,0.000458,0.000007,-0.001655,-0.000018,-0.045447,0.000006,-0.045441,-0.045441,-0.045441,-0.022721,-0.022721,0,0,1,0,0.000000,0.090000,0.012000,0.001000,4.500000,0.080000,24.000000,0.030000,0.000000
9.396000,0.300000,0.440000,0.038475,-0.000000,0.038475,0.019770,0.000000,-0.019770,0.075795,0.000221,0.076757,0.075429,-0.000366,-0.001664,-0.001885,-0.001779,0.000456,0.000007,-0.001646,-0.000018,-0.045237,0.000053,-0.045184,-0.045184,-0.045184,-0.022592,-0.022592,0,0,1,0,0.000000,0.090000,0.012000,0.001000,4.500000,0.080000,24.000000,0.030000,0.000000
9.401000,0.300000,0.440000,0.038570,-0.000000,0.038570,0.019737,0.000000,-0.019737,0.075797,0.000219,0.076757,0.075431,-0.000366,-0.001665,-0.001884,-0.001776,0.000455,0.000007,-0.001647,-0.000018,-0.045214,0.000006,-0.045208,-0.045208,-0.045208,-0.022604,-0.022604,0,0,1,0,0.000000,0.090000,0.012000,0.001000,4.500000,0.080000,24.000000,0.030000,0.000000
9.406000,0.300000,0.440000,0.038666,-0.000000,0.038666,0.019704,0.000000,-0.019704,0.075797,0.000219,0.076757,0.075433,-0.000364,-0.001656,-0.001875,-0.001773,0.000454,0.000007,-0.001639,-0.000018,-0.045008,0.000051,-0.044957,-0.044957,-0.044957,-0.022478,-0.022478,0,0,1,0,0.000000,0.090000,0.012000,0.001000,4.500000,0.080000,24.000000,0.030000,0.000000
9.411000,0.300000,0.440000,0.038761,-0.000000,0.038761,0.019671,0.000000,-0.019671,0.075799,0.000218,0.076757,0.075435,-0.000364,-0.001657,-0.001875,-0.001770,0.000453,0.000007,-0.001640,-0.000017,-0.045005,0.000001,-0.045004,-0.045004,-0.045004,-0.022502,-0.022502,0,0,1,0,0.000000,0.090000,0.012000,0.001000,4.500000,0.080000,24.000000,0.030000,0.000000
9.416000,0.300000,0.440000,0.038761,-0.000000,0.038761,0.019671,0.000000,-0.019671,0.075799,0.000218,0.076757,0.075435,-0.000364,-0.001655,-0.001873,-0.001770,0.000452,0.000000,-0.001638,-0.000017,-0.044957,0.000012,-0.044946,-0.044946,-0.044946,-0.022473,-0.022473,0,0,1,0,0.000000,0.090000,0.012000,0.001000,4.500000,0.080000,24.000000,0.030000,0.000000
9.426000,0.300000,0.440000,0.039046,-0.000000,0.039046,0.019572,0.000000,-0.019572,0.075801,0.000218,0.076757,0.075438,-0.000363,-0.001652,-0.001870,-0.001762,0.000449,0.000010,-0.001635,-0.000017,-0.044877,0.000010,-0.044867,-0.044867,-0.044867,-0.022433,-0.022433,0,0,1,0,0.000000,0.090000,0.012000,0.001000,4.500000,0.080000,24.000000,0.030000,0.000000
9.431000,0.300000,0.440000,0.039140,-0.000000,0.039140,0.019540,0.000000,-0.019540,0.075804,0.000217,0.076757,0.075440,-0.000363,-0.001652,-0.001869,-0.001759,0.000448,0.000007,-0.001635,-0.000017,-0.044859,0.000005,-0.044854,-0.044854,-0.044854,-0.022427,-0.022427,0,0,1,0,0.000000,0.090000,0.012000,0.001000,4.500000,0.080000,24.000000,0.030000,0.000000
9.440000,0.300000,0.440000,0.039235,-0.000000,0.039235,0.019507,0.000000,-0.019507,0.075806,0.000216,0.076757,0.075442,-0.000364,-0.001654,-0.001870,-0.001756,0.000446,0.000004,-0.001637,-0.000017,-0.044882,-0.000003,-0.044885,-0.044885,-0.044885,-0.022443,-0.022443,0,0,1,0,0.000000,0.090000,0.012000,0.001000,4.500000,0.080000,24.000000,0.030000,0.000000
9.445000,0.300000,0.440000,0.039329,-0.000000,0.039329,0.019474,0.000000,-0.019474,0.075806,0.000216,0.076757,0.075444,-0.000362,-0.001645,-0.001861,-0.001753,0.000445,0.000007,-0.001628,-0.000017,-0.044665,0.000054,-0.044611,-0.044611,-0.044611,-0.022305,-0.022305,0,0,1,0,0.000000,0.090000,0.012000,0.001000,4.500000,0.080000,24.000000,0.030000,0.000000
9.450000,0.300000,0.440000,0.039423,-0.000000,0.039423,0.019442,0.000000,-0.019442,0.075806,0.000216,0.076757,0.075446,-0.000360,-0.001637,-0.001852,-0.001750,0.000444,0.000007,-0.001619,-0.000017,-0.044452,0.000053,-0.044399,-0.044399,-0.044399,-0.022199,-0.022199,0,0,1,0,0.000000,0.090000,0.012000,0.001000,4.500000,0.080000,24.000000,0.030000,0.000000
9.455000,0.300000,0.440000,0.039517,-0.000000,0.039517,0.019409,0.000000,-0.019409,0.075808,0.000212,0.076757,0.075448,-0.000360,-0.001637,-0.001849,-0.001747,0.000443,0.000006,-0.001620,-0.000017,-0.044370,0.000020,-0.044350,-0.044350,-0.044350,-0.022175,-0.022175,0,0,1,0,0.000000,0.090000,0.012000,0.001000,4.500000,0.080000,24.000000,0.030000,0.000000
9.460000,0.300000,0.440000,0.039611,-0.000000,0.039611,0.019377,0.000000,-0.019377,0.075808,0.000212,0.076757,0.075450,-0.000358,-0.001628,-0.001840,-0.001744,0.000441,0.000006,-0.001611,-0.000017,-0.044165,0.000051,-0.044114,-0.044114,-0.044114,-0.022057,-0.022057,0,0,1,0,0.000000,0.090000,0.012000,0.001000,4.500000,0.080000,24.000000,0.030000,0.000000
9.465000,0.300000,0.440000,0.039705,-0.000000,0.039705,0.019345,0.000000,-0.019345,0.075810,0.000209,0.076757,0.075452,-0.000358,-0.001628,-0.001837,-0.001741,0.000440,0.000006,-0.001612,-0.000017,-0.044090,0.000019,-0.044071,-0.044071,-0.044071,-0.022036,-0.022036,0,0,1,0,0.000000,0.090000,0.012000,0.001000,4.500000,0.080000,24.000000,0.030000,0.000000
9.470000,0.300000,0.440000,0.039799,-0.000000,0.039799,0.019312,0.000000,-0.019312,0.075810,0.000209,0.076757,0.075453,-0.000356,-0.001620,-0.001829,-0.001738,0.000439,0.000006,-0.001603,-0.000017,-0.043889,0.000050,-0.043839,-0.043839,-0.043839,-0.021919,-0.021919,0,0,1,0,0.000000,0.090000,0.012000,0.001000,4.500000,0.080000,24.000000,0.030000,0.000000
9.475000,0.300000,0.440000,0.039892,-0.000000,0.039892,0.019280,0.000000,-0.019280,0.075812,0.000208,0.076757,0.075455,-0.000356,-0.001621,-0.001828,-0.001735,0.000438,0.000006,-0.001604,-0.000017,-0.043879,0.000003,-0.043876,-0.043876,-0.043876,-0.021938,-0.021938,0,0,1,0,0.000000,0.090000,0.012000,0.001000,4.500000,0.080000,24.000000,0.030000,0.000000
9.480000,0.300000,0.440000,0.039985,-0.000000,0.039985,0.019247,0.000000,-0.019247,0.075812,0.000208,0.076757,0.075457,-0.000355,-0.001612,-0.001820,-0.001732,0.000437,0.000007,-0.001596,-0.000017,-0.043680,0.000050,-0.043630,-0.043630,-0.043630,-0.021815,-0.021815,0,0,1,0,0.000000,0.090000,0.012000,0.001000,4.500000,0.080000,24.000000,0.030000,0.000000
9.489000,0.300000,0.440000,0.040171,-0.000000,0.040171,0.019182,0.000000,-0.019182,0.075814,0.000209,0.076757,0.075459,-0.000354,-0.001612,-0.001821,-0.001726,0.000435,0.000007,-0.001595,-0.000017,-0.043697,-0.000002,-0.043700,-0.043700,-0.043700,-0.021850,-0.021850,0,0,1,0,0.000000,0.090000,0.012000,0.001000,4.500000,0.080000,24.000000,0.030000,0.000000
9.494000,0.300000,0.440000,0.040264,-0.000000,0.040264,0.019149,0.000000,-0.019149,0.075816,0.000213,0.076757,0.075461,-0.000355,-0.001613,-0.001825,-0.001723,0.000434,0.000007,-0.001596,-0.000017,-0.043806,-0.000027,-0.043833,-0.043833,-0.043833,-0.021917,-0.021917,0,0,1,0,0.000000,0.090000,0.012000,0.001000,4.500000,0.080000,24.000000,0.030000,0.000000
9.499000,0.300000,0.440000,0.040356,-0.000000,0.040356,0.019116,0.000000,-0.019116,0.075816,0.000213,0.076757,0.075463,-0.000353,-0.001603,-0.001816,-0.001720,0.000432,0.000007,-0.001586,-0.000017,-0.043586,0.000055,-0.043531,-0.043531,-0.043531,-0.021765,-0.021765,0,0,1,0,0.000000,0.090000,0.012000,0.001000,4.500000,0.080000,24.000000,0.030000,0.000000
9.504000,0.300000,0.440000,0.040449,-0.000000,0.040449,0.019084,0.000000,-0.019084,0.075818,0.000215,0.076757,0.075465,-0.000353,-0.001605,-0.001820,-0.001718,0.000431,0.000007,-0.001588,-0.000017,-0.043692,-0.000026,-0.043718,-0.043718,-0.043718,-0.021859,-0.021859,0,0,1,0,0.000000,0.090000,0.012000,0.001000,4.500000,0.080000,24.000000,0.030000,0.000000
9.509000,0.300000,0.440000,0.040541,-0.000000,0.040541,0.019051,0.000000,-0.019051,0.075818,0.000215,0.076757,0.075467,-0.000351,-0.001596,-0.001812,-0.001715,0.000430,0.000007,-0.001579,-0.000017,-0.043479,0.000053,-0.043426,-0.043426,-0.043426,-0.021713,-0.021713,0,0,1,0,0.000000,0.090000,0.012000,0.001000,4.500000,0.080000,24.000000,0.030000,0.000000
9.514000,0.300000,0.440000,0.040633,-0.000000,0.040633,0.019018,0.000000,-0.019018,0.075821,0.000218,0.076757,0.075469,-0.000351,-0.001598,-0.001816,-0.001712,0.000429,0.000007,-0.001580,-0.000017,-0.043573,-0.000024,-0.043597,-0.043597,-0.043597,-0.021798,-0.021798,0,0,1,0,0.000000,0.090000,0.012000,0.001000,4.500000,0.080000,24.000000,0.030000,0.000000
9.519000,0.300000,0.440000,0.040725,-0.000000,0.040725,0.018986,0.000000,-0.018986,0.075821,0.000218,0.076757,0.075471,-0.000349,-0.001589,-0.001807,-0.001709,0.000428,0.000007,-0.001572,-0.000017,-0.043366,0.000052,-0.043315,-0.043315,-0.043315,-0.021657,-0.021657,0,0,1,0,0.000000,0.090000,0.012000,0.001000,4.500000,0.080000,24.000000,0.030000,0.000000
9.524000,0.300000,0.440000,0.040817,-0.000000,0.040817,0.018953,0.000000,-0.018953,0.075823,0.000219,0.076757,0.075473,-0.000350,-0.001591,-0.001810,-0.001706,0.000427,0.000006,-0.001574,-0.000018,-0.043440,-0.000018,-0.043458,-0.043458,-0.043458,-0.021729,-0.021729,0,0,1,0,0.000000,0.090000,0.012000,0.001000,4.500000,0.080000,24.000000,0.030000,0.000000
9.529000,0.300000,0.440000,0.040908,-0.000000,0.040908,0.018921,0.000000,-0.018921,0.075823,0.000219,0.076757,0.075475,-0.000348,-0.001583,-0.001802,-0.001703,0.000426,0.000006,-0.001565,-0.000018,-0.043238,0.000051,-0.043187,-0.043187,-0.043187,-0.021594,-0.021594,0,0,1,0,0.000000,0.090000,0.012000,0.001000,4.500000,0.080000,24.000000,0.030000,0.000000
9.534000,0.300000,0.440000,0.041000,-0.000000,0.041000,0.018889,0.000000,-0.018889,0.075825,0.000219,0.076757,0.075477,-0.000348,-0.001584,-0.001804,-0.001700,0.000424,0.000006,-0.001567,-0.000018,-0.043287,-0.000012,-0.043299,-0.043299,-0.043299,-0.021650,-0.021650,0,0,1,0,0.000000,0.090000,0.012000,0.001000,4.500000,0.080000,24.000000,0.030000,0.000000
9.539000,0.300000,0.440000,0.041091,-0.000000,0.041091,0.018856,0.000000,-0.018856,0.075825,0.000219,0.076757,0.075479,-0.000346,-0.001576,-0.001795,-0.001697,0.000423,0.000006,-0.001559,-0.000018,-0.043088,0.000050,-0.043039,-0.043039,-0.043039,-0.021519,-0.021519,0,0,1,0,0.000000,0.090000,0.012000,0.001000,4.500000,0.080000,24.000000,0.030000,0.000000
9.548000,0.300000,0.440000,0.041273,-0.000000,0.041273,0.018792,0.000000,-0.018792,0.075827,0.000219,0.076757,0.075481,-0.000346,-0.001576,-0.001795,-0.001691,0.000421,0.000007,-0.001558,-0.000017,-0.043072,0.000002,-0.043069,-0.043069,-0.043069,-0.021535,-0.021535,0,0,1,0,0.000000,0.090000,0.012000,0.001000,4.500000,0.080000,24.000000,0.030000,0.000000
9.553000,0.300000,0.440000,0.041364,-0.000000,0.041364,0.018760,0.000000,-0.018760,0.075829,0.000218,0.076757,0.075483,-0.000346,-0.001576,-0.001794,-0.001688,0.000420,0.000006,-0.001559,-0.000017,-0.043065,0.000002,-0.043064,-0.043064,-0.043064,-0.021532,-0.021532,0,0,1,0,0.000000,0.090000,0.012000,0.001000,4.500000,0.080000,24.000000,0.030000,0.000000
9.558000,0.300000,0.440000,0.041455,-0.000000,0.041455,0.018729,0.000000,-0.018729,0.075829,0.000218,0.076757,0.075485,-0.000344,-0.001567,-0.001785,-0.001686,0.000419,0.000006,-0.001550,-0.000017,-0.042850,0.000054,-0.042796,-0.042796,-0.042796,-0.021398,-0.021398,0,0,1,0,0.000000,0.090000,0.012000,0.001000,4.500000,0.080000,24.000000,0.030000,0.000000
9.563000,0.300000,0.440000,0.041545,-0.000000,0.041545,0.018697,0.000000,-0.018697,0.075832,0.000216,0.076757,0.075487,-0.000345,-0.001568,-0.001784,-0.001683,0.000418,0.000006,-0.001551,-0.000017,-0.042804,0.000011,-0.042793,-0.042793,-0.042793,-0.021396,-0.021396,0,0,1,0,0.000000,0.090000,0.012000,0.001000,4.500000,0.080000,24.000000,0.030000,0.000000
9.568000,0.300000,0.440000,0.041635,-0.000000,0.041635,0.018665,0.000000,-0.018665,0.075832,0.000216,0.076757,0.075489,-0.000343,-0.001559,-0.001775,-0.001680,0.000417,0.000006,-0.001542,-0.000017,-0.042598,0.000052,-0.042546,-0.042546,-0.042546,-0.021273,-0.021273,0,0,1,0,0.000000,0.090000,0.012000,0.001000,4.500000,0.080000,24.000000,0.030000,0.000000
9.573000,0.300000,0.440000,0.041726,-0.000000,0.041726,0.018634,0.000000,-0.018634,0.075834,0.000213,0.076757,0.075491,-0.000343,-0.001560,-0.001773,-0.001677,0.000416,0.000006,-0.001543,-0.000017,-0.042545,0.000013,-0.042532,-0.042532,-0.042532,-0.021266,-0.021266,0,0,1,0,0.000000,0.090000,0.012000,0.001000,4.500000,0.080000,24.000000,0.030000,0.000000
9.578000,0.300000,0.440000,0.041816,-0.000000,0.041816,0.018602,0.000000,-0.018602,0.075834,0.000213,0.076757,0.075493,-0.000341,-0.001551,-0.001764,-0.001674,0.000415,0.000006,-0.001534,-0.000017,-0.042344,0.000050,-0.042294,-0.042294,-0.042294,-0.021147,-0.021147,0,0,1,0,0.000000,0.090000,0.012000,0.001000,4.500000,0.080000,24.000000,0.030000,0.000000
9.583000,0.300000,0.440000,0.041906,-0.000000,0.041906,0.018571,0.000000,-0.018571,0.075836,0.000211,0.076757,0.075494,-0.000341,-0.001552,-0.001763,-0.001671,0.000413,0.000006,-0.001535,-0.000017,-0.042312,0.000008,-0.042304,-0.042304,-0.042304,-0.021152,-0.021152,0,0,1,0,0.000000,0.090000,0.012000,0.001000,4.500000,0.080000,24.000000,0.030000,0.000000
9.588000,0.300000,0.440000,0.041996,-0.000000,0.041996,0.018539,0.000000,-0.018539,0.075836,0.000211,0.076757,0.075496,-0.000339,-0.001544,-0.001755,-0.001669,0.000412,0.000006,-0.001527,-0.000017,-0.042116,0.000049,-0.042066,-0.042066,-0.042066,-0.021033,-0.021033,0,0,1,0,0.000000,0.090000,0.012000,0.001000,4.500000,0.080000,24.000000,0.030000,0.000000
9.593000,0.300000,0.440000,0.042085,-0.000000,0.042085,0.018508,0.000000,-0.018508,0.075838,0.000210,0.076757,0.075498,-0.000340,-0.001545,-0.001755,-0.001666,0.000411,0.000006,-0.001528,-0.000017,-0.042121,-0.000001,-0.042123,-0.042123,-0.042123,-0.021061,-0.021061,0,0,1,0,0.000000,0.090000,0.012000,0.001000,4.500000,0.080000,24.000000,0.030000,0.000000
9.598000,0.300000,0.440000,0.042175,-0.000000,0.042175,0.018476,0.000000,-0.018476,0.075838,0.000210,0.076757,0.075500,-0.000338,-0.001537,-0.001747,-0.001663,0.000410,0.000006,-0.001520,-0.000017,-0.041927,0.000049,-0.041879,-0.041879,-0.041879,-0.020939,-0.020939,0,0,1,0,0.000000,0.090000,0.012000,0.001000,4.500000,0.080000,24.000000,0.030000,0.000000
9.603000,0.300000,0.440000,0.042264,-0.000000,0.042264,0.018445,0.000000,-0.018445,0.075840,0.000211,0.076757,0.075502,-0.000338,-0.001538,-0.001749,-0.001660,0.000409,0.000006,-0.001522,-0.000017,-0.041976,-0.000012,-0.041989,-0.041989,-0.041989,-0.020994,-0.020994,0,0,1,0,0.000000,0.090000,0.012000,0.001000,4.500000,0.080000,24.000000,0.030000,0.000000
9.608000,0.300000,0.440000,0.042353,-0.000000,0.042353,0.018413,0.000000,-0.018413,0.075840,0.000211,0.076757,0.075503,-0.000336,-0.001530,-0.001741,-0.001657,0.000408,0.000006,-0.001514,-0.000017,-0.041784,0.000048,-0.041735,-0.041735,-0.041735,-0.020868,-0.020868,0,0,1,0,0.000000,0.090000,0.012000,0.001000,4.500000,0.080000,24.000000,0.030000,0.000000
9.617000,0.300000,0.440000,0.042531,-0.000000,0.042531,0.018350,0.000000,-0.018350,0.075842,0.000212,0.076757,0.075506,-0.000336,-0.001530,-0.001743,-0.001651,0.000406,0.000007,-0.001513,-0.000017,-0.041826,-0.000006,-0.041832,-0.041832,-0.041832,-0.020916,-0.020916,0,0,1,0,0.000000,0.090000,0.012000,0.001000,4.500000,0.080000,24.000000,0.030000,0.000000
9.622000,0.300000,0.440000,0.042619,-0.000000,0.042619,0.018318,0.000000,-0.018318,0.075844,0.000215,0.076757,0.075508,-0.000337,-0.001532,-0.001747,-0.001649,0.000405,0.000006,-0.001515,-0.000017,-0.041925,-0.000025,-0.041949,-0.041949,-0.041949,-0.020975,-0.020975,0,0,1,0,0.000000,0.090000,0.012000,0.001000,4.500000,0.080000,24.000000,0.030000,0.000000
9.627000,0.300000,0.440000,0.042708,-0.000000,0.042708,0.018286,0.000000,-0.018286,0.075844,0.000215,0.076757,0.075510,-0.000335,-0.001523,-0.001738,-0.001646,0.000404,0.000006,-0.001506,-0.000017,-0.041712,0.000053,-0.041658,-0.041658,-0.041658,-0.020829,-0.020829,0,0,1,0,0.000000,0.090000,0.012000,0.001000,4.500000,0.080000,24.000000,0.030000,0.000000
9.632000,0.300000,0.440000,0.042796,-0.000000,0.042796,0.018255,0.000000,-0.018255,0.075846,0.000216,0.076757,0.075512,-0.000335,-0.001524,-0.001741,-0.001643,0.000403,0.000006,-0.001507,-0.000017,-0.041777,-0.000016,-0.041794,-0.041794,-0.041794,-0.020897,-0.020897,0,0,1,0,0.000000,0.090000,0.012000,0.001000,4.500000,0.080000,24.000000,0.030000,0.000000
9.637000,0.300000,0.440000,0.042884,-0.000000,0.042884,0.018223,0.000000,-0.018223,0.075846,0.000216,0.076757,0.075513,-0.000333,-0.001516,-0.001732,-0.001640,0.000402,0.000006,-0.001499,-0.000017,-0.041572,0.000051,-0.041521,-0.041521,-0.041521,-0.020760,-0.020760,0,0,1,0,0.000000,0.090000,0.012000,0.001000,4.500000,0.080000,24.000000,0.030000,0.000000
9.642000,0.300000,0.440000,0.042972,-0.000000,0.042972,0.018192,0.000000,-0.018192,0.075849,0.000216,0.076757,0.075515,-0.000333,-0.001517,-0.001734,-0.001637,0.000400,0.000006,-0.001500,-0.000017,-0.041609,-0.000009,-0.041618,-0.041618,-0.041618,-0.020809,-0.020809,0,0,1,0,0.000000,0.090000,0.012000,0.001000,4.500000,0.080000,24.000000,0.030000,0.000000
9.647000,0.300000,0.440000,0.043060,-0.000000,0.043060,0.018161,0.000000,-0.018161,0.075849,0.000216,0.076757,0.075517,-0.000331,-0.001509,-0.001725,-0.001634,0.000399,0.000006,-0.001492,-0.000017,-0.041409,0.000050,-0.041360,-0.041360,-0.041360,-0.020680,-0.020680,0,0,1,0,0.000000,0.090000,0.012000,0.001000,4.500000,0.080000,24.000000,0.030000,0.000000
9.652000,0.300000,0.440000,0.043148,-0.000000,0.043148,0.018130,0.000000,-0.018130,0.075851,0.000216,0.076757,0.075519,-0.000332,-0.001510,-0.001726,-0.001632,0.000398,0.000006,-0.001493,-0.000017,-0.041425,-0.000004,-0.041429,-0.041429,-0.041429,-0.020714,-0.020714,0,0,1,0,0.000000,0.090000,0.012000,0.001000,4.500000,0.080000,24.000000,0.030000,0.000000
9.657000,0.300000,0.440000,0.043236,-0.000000,0.043236,0.018099,0.000000,-0.018099,0.075851,0.000216,0.076757,0.075521,-0.000330,-0.001502,-0.001718,-0.001629,0.000397,0.000006,-0.001485,-0.000017,-0.041230,0.000049,-0.041181,-0.041181,-0.041181,-0.020591,-0.020591,0,0,1,0,0.000000,0.090000,0.012000,0.001000,4.500000,0.080000,24.000000,0.030000,0.000000
9.662000,0.300000,0.440000,0.043323,-0.000000,0.043323,0.018068,0.000000,-0.018068,0.075853,0.000214,0.076757,0.075523,-0.000330,-0.001504,-0.001718,-0.001626,0.000396,0.000006,-0.001487,-0.000017,-0.041234,-0.000001,-0.041235,-0.041235,-0.041235,-0.020618,-0.020618,0,0,1,0,0.000000,0.090000,0.012000,0.001000,4.500000,0.080000,24.000000,0.030000,0.000000
9.671000,0.300000,0.440000,0.043498,-0.000000,0.043498,0.018006,0.000000,-0.018006,0.075855,0.000213,0.076757,0.075525,-0.000330,-0.001503,-0.001716,-0.001621,0.000394,0.000007,-0.001486,-0.000017,-0.041195,0.000005,-0.041190,-0.041190,-0.041190,-0.020595,-0.020595,0,0,1,0,0.000000,0.090000,0.012000,0.001000,4.500000,0.080000,24.000000,0.030000,0.000000
9.676000,0.300000,0.440000,0.043585,-0.000000,0.043585,0.017975,0.000000,-0.017975,0.075855,0.000213,0.076757,0.075527,-0.000328,-0.001494,-0.001708,-0.001618,0.000393,0.000006,-0.001477,-0.000017,-0.040981,0.000054,-0.040928,-0.040928,-0.040928,-0.020464,-0.020464,0,0,1,0,0.000000,0.090000,0.012000,0.001000,4.500000,0.080000,24.000000,0.030000,0.000000
9.681000,0.300000,0.440000,0.043671,-0.000000,0.043671,0.017944,0.000000,-0.017944,0.075857,0.000211,0.076757,0.075529,-0.000328,-0.001495,-0.001705,-0.001615,0.000392,0.000006,-0.001478,-0.000017,-0.040928,0.000013,-0.040915,-0.040915,-0.040915,-0.020457,-0.020457,0,0,1,0,0.000000,0.090000,0.012000,0.001000,4.500000,0.080000,24.000000,0.030000,0.000000
9.686000,0.300000,0.440000,0.043758,-0.000000,0.043758,0.017914,0.000000,-0.017914,0.075857,0.000211,0.076757,0.075531,-0.000327,-0.001486,-0.001697,-0.001612,0.000391,0.000006,-0.001469,-0.000017,-0.040723,0.000051,-0.040672,-0.040672,-0.040672,-0.020336,-0.020336,0,0,1,0,0.000000,0.090000,0.012000,0.001000,4.500000,0.080000,24.000000,0.030000,0.000000
9.691000,0.300000,0.440000,0.043845,-0.000000,0.043845,0.017883,0.000000,-0.017883,0.075859,0.000208,0.076757,0.075532,-0.000327,-0.001487,-0.001695,-0.001609,0.000390,0.000006,-0.001470,-0.000017,-0.040680,0.000011,-0.040669,-0.040669,-0.040669,-0.020334,-0.020334,0,0,1,0,0.000000,0.090000,0.012000,0.001000,4.500000,0.080000,24.000000,0.030000,0.000000
9.696000,0.300000,0.440000,0.043931,-0.000000,0.043931,0.017853,0.000000,-0.017853,0.075859,0.000208,0.076757,0.075534,-0.000325,-0.001478,-0.001687,-0.001607,0.000389,0.000006,-0.001462,-0.000017,-0.040482,0.000050,-0.040432,-0.040432,-0.040432,-0.020216,-0.020216,0,0,1,0,0.000000,0.090000,0.012000,0.001000,4.500000,0.080000,24.000000,0.030000,0.000000
9.701000,0.300000,0.440000,0.044017,-0.000000,0.044017,0.017822,0.000000,-0.017822,0.075861,0.000207,0.076757,0.075536,-0.000325,-0.001479,-0.001686,-0.001604,0.000388,0.000006,-0.001463,-0.000017,-0.040471,0.000003,-0.040469,-0.040469,-0.040469,-0.020234,-0.020234,0,0,1,0,0.000000,0.090000,0.012000,0.001000,4.500000,0.080000,24.000000,0.030000,0.000000
9.706000,0.300000,0.440000,0.044104,-0.000000,0.044104,0.017791,0.000000,-0.017791,0.075861,0.000207,0.076757,0.075538,-0.000323,-0.001471,-0.001678,-0.001601,0.000387,0.000006,-0.001454,-0.000017,-0.040278,0.000048,-0.040229,-0.040229,-0.040229,-0.020115,-0.020115,0,0,1,0,0.000000,0.090000,0.012000,0.001000,4.500000,0.080000,24.000000,0.030000,0.000000
9.711000,0.300000,0.440000,0.044104,-0.000000,0.044104,0.017791,0.000000,-0.017791,0.075863,0.000207,0.076757,0.075538,-0.000325,-0.001478,-0.001686,-0.001601,0.000386,0.000000,-0.001462,-0.000017,-0.040456,-0.000045,-0.040501,-0.040501,-0.040501,-0.020250,-0.020250,0,0,1,0,0.000000,0.090000,0.012000,0.001000,4.500000,0.080000,24.000000,0.030000,0.000000
9.716000,0.300000,0.440000,0.044275,-0.000000,0.044275,0.017730,0.000000,-0.017730,0.075863,0.000207,0.076757,0.075541,-0.000322,-0.001465,-0.001673,-0.001596,0.000385,0.000012,-0.001449,-0.000017,-0.040144,0.000078,-0.040066,-0.040066,-0.040066,-0.020033,-0.020033,0,0,1,0,0.000000,0.090000,0.012000,0.001000,4.500000,0.080000,24.000000,0.030000,0.000000
9.726000,0.300000,0.440000,0.044446,-0.000000,0.044446,0.017669,0.000000,-0.017669,0.075865,0.000208,0.076757,0.075543,-0.000322,-0.001466,-0.001674,-0.001590,0.000382,0.000006,-0.001449,-0.000017,-0.040169,-0.000003,-0.040172,-0.040172,-0.040172,-0.020086,-0.020086,0,0,1,0,0.000000,0.090000,0.012000,0.001000,4.500000,0.080000,24.000000,0.030000,0.000000
9.735000,0.300000,0.440000,0.044532,-0.000000,0.044532,0.017638,0.000000,-0.017638,0.075867,0.000210,0.076757,0.075545,-0.000323,-0.001469,-0.001679,-0.001587,0.000380,0.000003,-0.001452,-0.000017,-0.040306,-0.000019,-0.040325,-0.040325,-0.040325,-0.020163,-0.020163,0,0,1,0,0.000000,0.090000,0.012000,0.001000,4.500000,0.080000,24.000000,0.030000,0.000000
9.740000,0.300000,0.440000,0.044617,-0.000000,0.044617,0.017607,0.000000,-0.017607,0.075867,0.000210,0.076757,0.075547,-0.000321,-0.001460,-0.001671,-0.001585,0.000379,0.000006,-0.001444,-0.000017,-0.040100,0.000051,-0.040049,-0.040049,-0.040049,-0.020024,-0.020024,0,0,1,0,0.000000,0.090000,0.012000,0.001000,4.500000,0.080000,24.000000,0.030000,0.000000
9.745000,0.300000,0.440000,0.044702,-0.000000,0.044702,0.017577,0.000000,-0.017577,0.075870,0.000212,0.076757,0.075549,-0.000321,-0.001462,-0.001674,-0.001582,0.000378,0.000006,-0.001445,-0.000017,-0.040174,-0.000018,-0.040193,-0.040193,-0.040193,-0.020096,-0.020096,0,0,1,0,0.000000,0.090000,0.012000,0.001000,4.500000,0.080000,24.000000,0.030000,0.000000
9.750000,0.300000,0.440000,0.044787,-0.000000,0.044787,0.017546,0.000000,-0.017546,0.075870,0.000212,0.076757,0.075550,-0.000319,-0.001454,-0.001666,-0.001579,0.000377,0.000006,-0.001437,-0.000017,-0.039976,0.000050,-0.039926,-0.039926,-0.039926,-0.019963,-0.019963,0,0,1,0,0.000000,0.090000,0.012000,0.001000,4.500000,0.080000,24.000000,0.030000,0.000000
9.755000,0.300000,0.440000,0.044872,-0.000000,0.044872,0.017516,0.000000,-0.017516,0.075872,0.000211,0.076757,0.075552,-0.000320,-0.001455,-0.001667,-0.001576,0.000376,0.000006,-0.001438,-0.000017,-0.039996,-0.000005,-0.040001,-0.040001,-0.040001,-0.020001,-0.020001,0,0,1,0,0.000000,0.090000,0.012000,0.001000,4.500000,0.080000,24.000000,0.030000,0.000000
9.760000,0.300000,0.440000,0.044956,-0.000000,0.044956,0.017486,0.000000,-0.017486,0.075872,0.000211,0.076757,0.075554,-0.000318,-0.001447,-0.001658,-0.001574,0.000375,0.000006,-0.001430,-0.000017,-0.039804,0.000048,-0.039756,-0.039756,-0.039756,-0.019878,-0.019878,0,0,1,0,0.000000,0.090000,0.012000,0.001000,4.500000,0.080000,24.000000,0.030000,0.000000
9.765000,0.300000,0.440000,0.045041,-0.000000,0.045041,0.017456,0.000000,-0.017456,0.075874,0.000209,0.076757,0.075556,-0.000318,-0.001448,-0.001657,-0.001571,0.000374,0.000006,-0.001431,-0.000017,-0.039768,0.000009,-0.039759,-0.039759,-0.039759,-0.019880,-0.019880,0,0,1,0,0.000000,0.090000,0.012000,0.001000,4.500000,0.080000,24.000000,0.030000,0.000000
9.774000,0.300000,0.440000,0.045209,-0.000000,0.045209,0.017396,0.000000,-0.017396,0.075876,0.000207,0.076757,0.075558,-0.000318,-0.001447,-0.001654,-0.001566,0.000372,0.000007,-0.001431,-0.000017,-0.039691,0.000011,-0.039680,-0.039680,-0.039680,-0.019840,-0.019840,0,0,1,0,0.000000,0.090000,0.012000,0.001000,4.500000,0.080000,24.000000,0.030000,0.000000
9.779000,0.300000,0.440000,0.045293,-0.000000,0.045293,0.017366,0.000000,-0.017366,0.075876,0.000207,0.076757,0.075560,-0.000316,-0.001439,-0.001645,-0.001563,0.000371,0.000006,-0.001422,-0.000017,-0.039481,0.000052,-0.039429,-0.039429,-0.039429,-0.019714,-0.019714,0,0,1,0,0.000000,0.090000,0.012000,0.001000,4.500000,0.080000,24.000000,0.030000,0.000000
9.784000,0.300000,0.440000,0.045377,-0.000000,0.045377,0.017336,0.000000,-0.017336,0.075878,0.000203,0.076757,0.075562,-0.000316,-0.001438,-0.001642,-0.001560,0.000370,0.000006,-0.001422,-0.000016,-0.039402,0.000020,-0.039383,-0.039383,-0.039383,-0.019691,-0.019691,0,0,1,0,0.000000,0.090000,0.012000,0.001000,4.500000,0.080000,24.000000,0.030000,0.000000
9.789000,0.300000,0.440000,0.045461,-0.000000,0.045461,0.017307,0.000000,-0.017307,0.075878,0.000203,0.076757,0.075564,-0.000314,-0.001430,-0.001633,-0.001558,0.000369,0.000006,-0.001414,-0.000016,-0.039202,0.000050,-0.039152,-0.039152,-0.039152,-0.019576,-0.019576,0,0,1,0,0.000000,0.090000,0.012000,0.001000,4.500000,0.080000,24.000000,0.030000,0.000000
9.794000,0.300000,0.440000,0.045545,-0.000000,0.045545,0.017277,0.000000,-0.017277,0.075880,0.000201,0.076757,0.075565,-0.000314,-0.001430,-0.001631,-0.001555,0.000368,0.000006,-0.001414,-0.000016,-0.039149,0.000013,-0.039136,-0.039136,-0.039136,-0.019568,-0.019568,0,0,1,0,0.000000,0.090000,0.012000,0.001000,4.500000,0.080000,24.000000,0.030000,0.000000
9.799000,0.300000,0.440000,0.045628,-0.000000,0.045628,0.017247,0.000000,-0.017247,0.075880,0.000201,0.076757,0.075567,-0.000312,-0.001422,-0.001623,-0.001552,0.000367,0.000006,-0.001406,-0.000016,-0.038955,0.000049,-0.038907,-0.038907,-0.038907,-0.019453,-0.019453,0,0,1,0,0.000000,0.090000,0.012000,0.001000,4.500000,0.080000,24.000000,0.030000,0.000000
9.804000,0.300000,0.440000,0.045711,-0.000000,0.045711,0.017218,0.000000,-0.017218,0.075882,0.000200,0.076757,0.075569,-0.000313,-0.001423,-0.001623,-0.001550,0.000366,0.000006,-0.001407,-0.000016,-0.038954,0.000000,-0.038953,-0.038953,-0.038953,-0.019477,-0.019477,0,0,1,0,0.000000,0.090000,0.012000,0.001000,4.500000,0.080000,24.000000,0.030000,0.000000
9.809000,0.300000,0.440000,0.045795,-0.000000,0.045795,0.017188,0.000000,-0.017188,0.075882,0.000200,0.076757,0.075571,-0.000311,-0.001415,-0.001615,-0.001547,0.000365,0.000006,-0.001399,-0.000016,-0.038764,0.000048,-0.038716,-0.038716,-0.038716,-0.019358,-0.019358,0,0,1,0,0.000000,0.090000,0.012000,0.001000,4.500000,0.080000,24.000000,0.030000,0.000000
9.814000,0.300000,0.440000,0.045878,-0.000000,0.045878,0.017158,0.000000,-0.017158,0.075884,0.000201,0.076757,0.075572,-0.000311,-0.001416,-0.001618,-0.001544,0.000364,0.000006,-0.001400,-0.000016,-0.038820,-0.000014,-0.038834,-0.038834,-0.038834,-0.019417,-0.019417,0,0,1,0,0.000000,0.090000,0.012000,0.001000,4.500000,0.080000,24.000000,0.030000,0.000000
9.819000,0.300000,0.440000,0.045960,-0.000000,0.045960,0.017128,0.000000,-0.017128,0.075884,0.000201,0.076757,0.075574,-0.000309,-0.001408,-0.001610,-0.001541,0.000363,0.000006,-0.001392,-0.000016,-0.038632,0.000047,-0.038585,-0.038585,-0.038585,-0.019293,-0.019293,0,0,1,0,0.000000,0.090000,0.012000,0.001000,4.500000,0.080000,24.000000,0.030000,0.000000
9.824000,0.300000,0.440000,0.046043,-0.000000,0.046043,0.017098,0.000000,-0.017098,0.075886,0.000204,0.076757,0.075576,-0.000310,-0.001410,-0.001614,-0.001539,0.000362,0.000006,-0.001394,-0.000016,-0.038738,-0.000026,-0.038764,-0.038764,-0.038764,-0.019382,-0.019382,0,0,1,0,0.000000,0.090000,0.012000,0.001000,4.500000,0.080000,24.000000,0.030000,0.000000
9.829000,0.300000,0.440000,0.046126,-0.000000,0.046126,0.017067,0.000000,-0.017067,0.075886,0.000204,0.076757,0.075578,-0.000308,-0.001403,-0.001606,-0.001536,0.000361,0.000006,-0.001386,-0.000016,-0.038551,0.000047,-0.038504,-0.038504,-0.038504,-0.019252,-0.019252,0,0,1,0,0.000000,0.090000,0.012000,0.001000,4.500000,0.080000,24.000000,0.030000,0.000000
9.834000,0.300000,0.440000,0.046208,-0.000000,0.046208,0.017037,0.000000,-0.017037,0.075888,0.000207,0.076757,0.075579,-0.000309,-0.001405,-0.001612,-0.001533,0.000360,0.000006,-0.001388,-0.000017,-0.038685,-0.000033,-0.038718,-0.038718,-0.038718,-0.019359,-0.019359,0,0,1,0,0.000000,0.090000,0.012000,0.001000,4.500000,0.080000,24.000000,0.030000,0.000000
9.839000,0.300000,0.440000,0.046290,-0.000000,0.046290,0.017007,0.000000,-0.017007,0.075888,0.000207,0.076757,0.075581,-0.000307,-0.001397,-0.001604,-0.001531,0.000359,0.000006,-0.001381,-0.000017,-0.038499,0.000046,-0.038453,-0.038453,-0.038453,-0.019226,-0.019226,0,0,1,0,0.000000,0.090000,0.012000,0.001000,4.500000,0.080000,24.000000,0.030000,0.000000
9.848000,0.300000,0.440000,0.046454,-0.000000,0.046454,0.016947,0.000000,-0.016947,0.075890,0.000210,0.076757,0.075583,-0.000307,-0.001398,-0.001608,-0.001525,0.000357,0.000007,-0.001381,-0.000017,-0.038594,-0.000013,-0.038607,-0.038607,-0.038607,-0.019303,-0.019303,0,0,1,0,0.000000,0.090000,0.012000,0.001000,4.500000,0.080000,24.000000,0.030000,0.000000
9.853000,0.300000,0.440000,0.046536,-0.000000,0.046536,0.016917,0.000000,-0.016917,0.075892,0.000213,0.076757,0.075585,-0.000307,-0.001400,-0.001613,-0.001523,0.000356,0.000006,-0.001383,-0.000017,-0.038708,-0.000029,-0.038736,-0.038736,-0.038736,-0.019368,-0.019368,0,0,1,0,0.000000,0.090000,0.012000,0.001000,4.500000,0.080000,24.000000,0.030000,0.000000
9.858000,0.300000,0.440000,0.046618,-0.000000,0.046618,0.016887,0.000000,-0.016887,0.075892,0.000213,0.076757,0.075587,-0.000305,-0.001391,-0.001604,-0.001520,0.000355,0.000006,-0.001374,-0.000017,-0.038504,0.000051,-0.038453,-0.038453,-0.038453,-0.019227,-0.019227,0,0,1,0,0.000000,0.090000,0.012000,0.001000,4.500000,0.080000,24.000000,0.030000,0.000000
9.863000,0.300000,0.440000,0.046699,-0.000000,0.046699,0.016858,0.000000,-0.016858,0.075895,0.000213,0.076757,0.075589,-0.000306,-0.001393,-0.001606,-0.001517,0.000354,0.000006,-0.001376,-0.000017,-0.038544,-0.000010,-0.038554,-0.038554,-0.038554,-0.019277,-0.019277,0,0,1,0,0.000000,0.090000,0.012000,0.001000,4.500000,0.080000,24.000000,0.030000,0.000000
9.868000,0.300000,0.440000,0.046781,-0.000000,0.046781,0.016828,0.000000,-0.016828,0.075895,0.000213,0.076757,0.075591,-0.000304,-0.001385,-0.001598,-0.001515,0.000353,0.000006,-0.001368,-0.000017,-0.038349,0.000049,-0.038300,-0.038300,-0.038300,-0.019150,-0.019150,0,0,1,0,0.000000,0.090000,0.012000,0.001000,4.500000,0.080000,24.000000,0.030000,0.000000
9.873000,0.300000,0.440000,0.046862,-0.000000,0.046862,0.016799,0.000000,-0.016799,0.075897,0.000211,0.076757,0.075592,-0.000304,-0.001386,-0.001597,-0.001512,0.000352,0.000006,-0.001369,-0.000017,-0.038330,0.000005,-0.038325,-0.038325,-0.038325,-0.019163,-0.019163,0,0,1,0,0.000000,0.090000,0.012000,0.001000,4.500000,0.080000,24.000000,0.030000,0.000000
9.878000,0.300000,0.440000,0.046943,-0.000000,0.046943,0.016770,0.000000,-0.016770,0.075897,0.000211,0.076757,0.075594,-0.000303,-0.001378,-0.001589,-0.001509,0.000351,0.000006,-0.001361,-0.000017,-0.038141,0.000047,-0.038094,-0.038094,-0.038094,-0.019047,-0.019047,0,0,1,0,0.000000,0.090000,0.012000,0.001000,4.500000,0.080000,24.000000,0.030000,0.000000
9.883000,0.300000,0.440000,0.047024,-0.000000,0.047024,0.016741,0.000000,-0.016741,0.075899,0.000208,0.076757,0.075596,-0.000303,-0.001379,-0.001587,-0.001507,0.000350,0.000006,-0.001363,-0.000017,-0.038088,0.000013,-0.038075,-0.038075,-0.038075,-0.019037,-0.019037,0,0,1,0,0.000000,0.090000,0.012000,0.001000,4.500000,0.080000,24.000000,0.030000,0.000000
9.888000,0.300000,0.440000,0.047105,-0.000000,0.047105,0.016712,0.000000,-0.016712,0.075899,0.000208,0.076757,0.075598,-0.000301,-0.001371,-0.001579,-0.001504,0.000349,0.000006,-0.001355,-0.000017,-0.037904,0.000046,-0.037858,-0.037858,-0.037858,-0.018929,-0.018929,0,0,1,0,0.000000,0.090000,0.012000,0.001000,4.500000,0.080000,24.000000,0.030000,0.000000
9.897000,0.300000,0.440000,0.047266,-0.000000,0.047266,0.016654,0.000000,-0.016654,0.075901,0.000205,0.076757,0.075600,-0.000301,-0.001371,-0.001575,-0.001499,0.000347,0.000006,-0.001354,-0.000016,-0.037806,0.000014,-0.037792,-0.037792,-0.037792,-0.018896,-0.018896,0,0,1,0,0.000000,0.090000,0.012000,0.001000,4.500000,0.080000,24.000000,0.030000,0.000000
9.902000,0.300000,0.440000,0.047347,-0.000000,0.047347,0.016626,0.000000,-0.016626,0.075902,0.000202,0.076757,0.075601,-0.000301,-0.001371,-0.001573,-0.001496,0.000346,0.000006,-0.001354,-0.000016,-0.037741,0.000016,-0.037724,-0.037724,-0.037724,-0.018862,-0.018862,0,0,1,0,0.000000,0.090000,0.012000,0.001000,4.500000,0.080000,24.000000,0.030000,0.000000
9.907000,0.300000,0.440000,0.047427,-0.000000,0.047427,0.016597,0.000000,-0.016597,0.075902,0.000202,0.076757,0.075603,-0.000299,-0.001362,-0.001564,-0.001494,0.000345,0.000006,-0.001346,-0.000016,-0.037542,0.000050,-0.037492,-0.037492,-0.037492,-0.018746,-0.018746,0,0,1,0,0.000000,0.090000,0.012000,0.001000,4.500000,0.080000,24.000000,0.030000,0.000000
9.912000,0.300000,0.440000,0.047507,-0.000000,0.047507,0.016568,0.000000,-0.016568,0.075904,0.000200,0.076757,0.075605,-0.000299,-0.001363,-0.001562,-0.001491,0.000344,0.000006,-0.001347,-0.000016,-0.037489,0.000013,-0.037476,-0.037476,-0.037476,-0.018738,-0.018738,0,0,1,0,0.000000,0.090000,0.012000,0.001000,4.500000,0.080000,24.000000,0.030000,0.000000
9.917000,0.300000,0.440000,0.047587,-0.000000,0.047587,0.016539,0.000000,-0.016539,0.075904,0.000200,0.076757,0.075607,-0.000297,-0.001355,-0.001554,-0.001489,0.000343,0.000006,-0.001339,-0.000016,-0.037297,0.000048,-0.037250,-0.037250,-0.037250,-0.018625,-0.018625,0,0,1,0,0.000000,0.090000,0.012000,0.001000,4.500000,0.080000,24.000000,0.030000,0.000000
9.922000,0.300000,0.440000,0.047667,-0.000000,0.047667,0.016510,0.000000,-0.016510,0.075906,0.000198,0.076757,0.075609,-0.000298,-0.001355,-0.001554,-0.001486,0.000342,0.000006,-0.001339,-0.000016,-0.037285,0.000003,-0.037282,-0.037282,-0.037282,-0.018641,-0.018641,0,0,1,0,0.000000,0.090000,0.012000,0.001000,4.500000,0.080000,24.000000,0.030000,0.000000
9.927000,0.300000,0.440000,0.047747,-0.000000,0.047747,0.016482,0.000000,-0.016482,0.075906,0.000198,0.076757,0.075610,-0.000296,-0.001347,-0.001546,-0.001483,0.000341,0.000006,-0.001332,-0.000016,-0.037098,0.000047,-0.037052,-0.037052,-0.037052,-0.018526,-0.018526,0,0,1,0,0.000000,0.090000,0.012000,0.001000,4.500000,0.080000,24.000000,0.030000,0.000000
9.932000,0.300000,0.440000,0.047826,-0.000000,0.047826,0.016453,0.000000,-0.016453,0.075908,0.000199,0.076757,0.075612,-0.000296,-0.001349,-0.001547,-0.001481,0.000340,0.000006,-0.001333,-0.000016,-0.037138,-0.000010,-0.037148,-0.037148,-0.037148,-0.018574,-0.018574,0,0,1,0,0.000000,0.090000,0.012000,0.001000,4.500000,0.080000,24.000000,0.030000,0.000000
9.941000,0.300000,0.440000,0.047985,-0.000000,0.047985,0.016395,0.000000,-0.016395,0.075910,0.000201,0.076757,0.075614,-0.000296,-0.001349,-0.001549,-0.001476,0.000338,0.000006,-0.001333,-0.000016,-0.037186,-0.000007,-0.037192,-0.037192,-0.037192,-0.018596,-0.018596,0,0,1,0,0.000000,0.090000,0.012000,0.001000,4.500000,0.080000,24.000000,0.030000,0.000000
9.946000,0.300000,0.440000,0.048064,-0.000000,0.048064,0.016366,0.000000,-0.016366,0.075910,0.000201,0.076757,0.075616,-0.000294,-0.001340,-0.001541,-0.001473,0.000337,0.000006,-0.001324,-0.000016,-0.036980,0.000052,-0.036928,-0.036928,-0.036928,-0.018464,-0.018464,0,0,1,0,0.000000,0.090000,0.012000,0.001000,4.500000,0.080000,24.000000,0.030000,0.000000
9.951000,0.300000,0.440000,0.048143,-0.000000,0.048143,0.016337,0.000000,-0.016337,0.075912,0.000202,0.076757,0.075618,-0.000294,-0.001341,-0.001543,-0.001470,0.000337,0.000006,-0.001325,-0.000016,-0.037036,-0.000014,-0.037050,-0.037050,-0.037050,-0.018525,-0.018525,0,0,1,0,0.000000,0.090000,0.012000,0.001000,4.500000,0.080000,24.000000,0.030000,0.000000
9.956000,0.300000,0.440000,0.048222,-0.000000,0.048222,0.016308,0.000000,-0.016308,0.075912,0.000202,0.076757,0.075620,-0.000293,-0.001333,-0.001535,-0.001468,0.000336,0.000006,-0.001317,-0.000016,-0.036838,0.000049,-0.036789,-0.036789,-0.036789,-0.018394,-0.018394,0,0,1,0,0.000000,0.090000,0.012000,0.001000,4.500000,0.080000,24.000000,0.030000,0.000000
9.961000,0.300000,0.440000,0.048301,-0.000000,0.048301,0.016279,0.000000,-0.016279,0.075915,0.000203,0.076757,0.075622,-0.000293,-0.001334,-0.001537,-0.001465,0.000335,0.000006,-0.001318,-0.000016,-0.036898,-0.000015,-0.036913,-0.036913,-0.036913,-0.018456,-0.018456,0,0,1,0,0.000000,0.090000,0.012000,0.001000,4.500000,0.080000,24.000000,0.030000,0.000000
9.966000,0.300000,0.440000,0.048379,-0.000000,0.048379,0.016250,0.000000,-0.016250,0.075915,0.000203,0.076757,0.075623,-0.000291,-0.001327,-0.001529,-0.001463,0.000334,0.000006,-0.001310,-0.000016,-0.036707,0.000048,-0.036659,-0.036659,-0.036659,-0.018330,-0.018330,0,0,1,0,0.000000,0.090000,0.012000,0.001000,4.500000,0.080000,24.000000,0.030000,0.000000
9.971000,0.300000,0.440000,0.048458,-0.000000,0.048458,0.016221,0.000000,-0.016221,0.075917,0.000204,0.076757,0.075625,-0.000292,-0.001328,-0.001532,-0.001460,0.000333,0.000006,-0.001312,-0.000016,-0.036770,-0.000016,-0.036786,-0.036786,-0.036786,-0.018393,-0.018393,0,0,1,0,0.000000,0.090000,0.012000,0.001000,4.500000,0.080000,24.000000,0.030000,0.000000
9.976000,0.300000,0.440000,0.048536,-0.000000,0.048536,0.016193,0.000000,-0.016193,0.075917,0.000204,0.076757,0.075627,-0.000290,-0.001320,-0.001524,-0.001457,0.000332,0.000006,-0.001304,-0.000016,-0.036584,0.000047,-0.036537,-0.036537,-0.036537,-0.018269,-0.018269,0,0,1,0,0.000000,0.090000,0.012000,0.001000,4.500000,0.080000,24.000000,0.030000,0.000000
9.981000,0.300000,0.440000,0.048536,-0.000000,0.048536,0.016193,0.000000,-0.016193,0.075919,0.000205,0.076757,0.075627,-0.000291,-0.001328,-0.001533,-0.001457,0.000331,0.000000,-0.001311,-0.000016,-0.036781,-0.000049,-0.036831,-0.036831,-0.036831,-0.018415,-0.018415,0,0,1,0,0.000000,0.090000,0.012000,0.001000,4.500000,0.080000,24.000000,0.030000,0.000000
9.986000,0.300000,0.440000,0.048614,-0.000000,0.048614,0.016164,0.000000,-0.016164,0.075919,0.000205,0.076757,0.075629,-0.000290,-0.001321,-0.001526,-0.001455,0.000330,0.000006,-0.001305,-0.000016,-0.036620,0.000040,-0.036580,-0.036580,-0.036580,-0.018290,-0.018290,0,0,1,0,0.000000,0.090000,0.012000,0.001000,4.500000,0.080000,24.000000,0.030000,0.000000
9.991000,0.300000,0.440000,0.048692,-0.000000,0.048692,0.016135,0.000000,-0.016135,0.075921,0.000205,0.076757,0.075630,-0.000291,-0.001324,-0.001528,-0.001452,0.000329,0.000006,-0.001307,-0.000016,-0.036678,-0.000014,-0.036693,-0.036693,-0.036693,-0.018346,-0.018346,0,0,1,0,0.000000,0.090000,0.012000,0.001000,4.500000,0.080000,24.000000,0.030000,0.000000
10.000000,0.300000,0.440000,0.048848,-0.000000,0.048848,0.016078,0.000000,-0.016078,0.075923,0.000203,0.076757,0.075632,-0.000291,-0.001324,-0.001527,-0.001447,0.000327,0.000006,-0.001308,-0.000016,-0.036650,0.000004,-0.036646,-0.036646,-0.036646,-0.018323,-0.018323,0,0,1,0,0.000000,0.090000,0.012000,0.001000,4.500000,0.080000,24.000000,0.030000,0.000000
10.005000,0.300000,0.440000,0.048925,-0.000000,0.048925,0.016050,0.000000,-0.016050,0.075923,0.000203,0.076757,0.075634,-0.000289,-0.001316,-0.001519,-0.001445,0.000326,0.000006,-0.001300,-0.000016,-0.036464,0.000047,-0.036417,-0.036417,-0.036417,-0.018208,-0.018208,0,0,1,0,0.000000,0.090000,0.012000,0.001000,4.500000,0.080000,24.000000,0.030000,0.000000
10.010000,0.300000,0.440000,0.049003,-0.000000,0.049003,0.016022,0.000000,-0.016022,0.075923,0.000203,0.076757,0.075636,-0.000287,-0.001309,-0.001512,-0.001442,0.000325,0.000006,-0.001292,-0.000016,-0.036280,0.000046,-0.036234,-0.036234,-0.036234,-0.018117,-0.018117,0,0,1,0,0.000000,0.090000,0.012000,0.001000,4.500000,0.080000,24.000000,0.030000,0.000000
10.015000,0.300000,0.440000,0.049080,-0.000000,0.049080,0.015994,0.000000,-0.015994,0.075925,0.000199,0.076757,0.075637,-0.000287,-0.001309,-0.001508,-0.001439,0.000324,0.000006,-0.001293,-0.000016,-0.036196,0.000021,-0.036175,-0.036175,-0.036175,-0.018088,-0.018088,0,0,1,0,0.000000,0.090000,0.012000,0.001000,4.500000,0.080000,24.000000,0.030000,0.000000
10.020000,0.300000,0.440000,0.049158,-0.000000,0.049158,0.015967,0.000000,-0.015967,0.075925,0.000199,0.076757,0.075639,-0.000286,-0.001302,-0.001501,-0.001437,0.000323,0.000006,-0.001286,-0.000016,-0.036019,0.000044,-0.035974,-0.035974,-0.035974,-0.017987,-0.017987,0,0,1,0,0.000000,0.090000,0.012000,0.001000,4.500000,0.080000,24.000000,0.030000,0.000000
10.025000,0.300000,0.440000,0.049235,-0.000000,0.049235,0.015939,0.000000,-0.015939,0.075926,0.000195,0.076757,0.075641,-0.000286,-0.001302,-0.001497,-0.001435,0.000322,0.000006,-0.001287,-0.000016,-0.035925,0.000023,-0.035902,-0.035902,-0.035902,-0.017951,-0.017951,0,0,1,0,0.000000,0.090000,0.012000,0.001000,4.500000,0.080000,24.000000,0.030000,0.000000
10.030000,0.300000,0.440000,0.049312,-0.000000,0.049312,0.015911,0.000000,-0.015911,0.075926,0.000195,0.076757,0.075642,-0.000284,-0.001295,-0.001490,-0.001432,0.000321,0.000006,-0.001279,-0.000016,-0.035750,0.000044,-0.035706,-0.035706,-0.035706,-0.017853,-0.017853,0,0,1,0,0.000000,0.090000,0.012000,0.001000,4.500000,0.080000,24.000000,0.030000,0.000000
10.035000,0.300000,0.440000,0.049389,-0.000000,0.049389,0.015883,0.000000,-0.015883,0.075928,0.000192,0.076757,0.075644,-0.000285,-0.001296,-0.001488,-0.001430,0.000320,0.000006,-0.001280,-0.000015,-0.035713,0.000009,-0.035704,-0.035704,-0.035704,-0.017852,-0.017852,0,0,1,0,0.000000,0.090000,0.012000,0.001000,4.500000,0.080000,24.000000,0.030000,0.000000
10.040000,0.300000,0.440000,0.049465,-0.000000,0.049465,0.015856,0.000000,-0.015856,0.075928,0.000192,0.076757,0.075645,-0.000283,-0.001288,-0.001481,-0.001427,0.000319,0.000006,-0.001273,-0.000015,-0.035539,0.000043,-0.035496,-0.035496,-0.035496,-0.017748,-0.017748,0,0,1,0,0.000000,0.090000,0.012000,0.001000,4.500000,0.080000,24.000000,0.030000,0.000000
10.045000,0.300000,0.440000,0.049542,-0.000000,0.049542,0.015828,0.000000,-0.015828,0.075930,0.000192,0.076757,0.075647,-0.000283,-0.001290,-0.001482,-0.001424,0.000318,0.000006,-0.001274,-0.000015,-0.035573,-0.000009,-0.035582,-0.035582,-0.035582,-0.017791,-0.017791,0,0,1,0,0.000000,0.090000,0.012000,0.001000,4.500000,0.080000,24.000000,0.030000,0.000000
10.050000,0.300000,0.440000,0.049618,-0.000000,0.049618,0.015799,0.000000,-0.015799,0.075930,0.000192,0.076757,0.075649,-0.000282,-0.001283,-0.001475,-0.001422,0.000317,0.000006,-0.001267,-0.000015,-0.035400,0.000043,-0.035357,-0.035357,-0.035357,-0.017678,-0.017678,0,0,1,0,0.000000,0.090000,0.012000,0.001000,4.500000,0.080000,24.000000,0.030000,0.000000
10.055000,0.300000,0.440000,0.049694,-0.000000,0.049694,0.015771,0.000000,-0.015771,0.075932,0.000195,0.076757,0.075650,-0.000282,-0.001284,-0.001479,-0.001419,0.000316,0.000006,-0.001269,-0.000016,-0.035499,-0.000025,-0.035524,-0.035524,-0.035524,-0.017762,-0.017762,0,0,1,0,0.000000,0.090000,0.012000,0.001000,4.500000,0.080000,24.000000,0.030000,0.000000
10.060000,0.300000,0.440000,0.049770,-0.000000,0.049770,0.015743,0.000000,-0.015743,0.075932,0.000195,0.076757,0.075652,-0.000280,-0.001277,-0.001472,-0.001417,0.000316,0.000006,-0.001262,-0.000016,-0.035325,0.000043,-0.035282,-0.035282,-0.035282,-0.017641,-0.017641,0,0,1,0,0.000000,0.090000,0.012000,0.001000,4.500000,0.080000,24.000000,0.030000,0.000000
10.069000,0.300000,0.440000,0.049922,-0.000000,0.049922,0.015686,0.000000,-0.015686,0.075934,0.000198,0.076757,0.075654,-0.000281,-0.001278,-0.001476,-0.001412,0.000314,0.000006,-0.001262,-0.000016,-0.035427,-0.000014,-0.035442,-0.035442,-0.035442,-0.017721,-0.017721,0,0,1,0,0.000000,0.090000,0.012000,0.001000,4.500000,0.080000,24.000000,0.030000,0.000000
10.074000,0.300000,0.440000,0.049998,-0.000000,0.049998,0.015658,0.000000,-0.015658,0.075936,0.000203,0.076757,0.075656,-0.000281,-0.001280,-0.001483,-0.001409,0.000313,0.000006,-0.001264,-0.000016,-0.035583,-0.000039,-0.035622,-0.035622,-0.035622,-0.017811,-0.017811,0,0,1,0,0.000000,0.090000,0.012000,0.001000,4.500000,0.080000,24.000000,0.030000,0.000000
10.079000,0.300000,0.440000,0.050073,-0.000000,0.050073,0.015630,0.000000,-0.015630,0.075936,0.000203,0.076757,0.075657,-0.000279,-0.001272,-0.001475,-0.001407,0.000312,0.000006,-0.001256,-0.000016,-0.035390,0.000048,-0.035341,-0.035341,-0.035341,-0.017671,-0.017671,0,0,1,0,0.000000,0.090000,0.012000,0.001000,4.500000,0.080000,24.000000,0.030000,0.000000
10.084000,0.300000,0.440000,0.050149,-0.000000,0.050149,0.015601,0.000000,-0.015601,0.075939,0.000205,0.076757,0.075659,-0.000280,-0.001274,-0.001479,-0.001404,0.000311,0.000006,-0.001258,-0.000016,-0.035493,-0.000026,-0.035519,-0.035519,-0.035519,-0.017759,-0.017759,0,0,1,0,0.000000,0.090000,0.012000,0.001000,4.500000,0.080000,24.000000,0.030000,0.000000
10.089000,0.300000,0.440000,0.050224,-0.000000,0.050224,0.015573,0.000000,-0.015573,0.075939,0.000205,0.076757,0.075661,-0.000278,-0.001266,-0.001471,-0.001402,0.000310,0.000006,-0.001250,-0.000016,-0.035306,0.000047,-0.035260,-0.035260,-0.035260,-0.017630,-0.017630,0,0,1,0,0.000000,0.090000,0.012000,0.001000,4.500000,0.080000,24.000000,0.030000,0.000000
10.094000,0.300000,0.440000,0.050299,-0.000000,0.050299,0.015546,0.000000,-0.015546,0.075941,0.000205,0.076757,0.075663,-0.000278,-0.001268,-0.001473,-0.001399,0.000309,0.000006,-0.001252,-0.000016,-0.035353,-0.000012,-0.035365,-0.035365,-0.035365,-0.017682,-0.017682,0,0,1,0,0.000000,0.090000,0.012000,0.001000,4.500000,0.080000,24.000000,0.030000,0.000000
10.099000,0.300000,0.440000,0.050374,-0.000000,0.050374,0.015518,0.000000,-0.015518,0.075941,0.000205,0.076757,0.075664,-0.000277,-0.001261,-0.001466,-0.001397,0.000308,0.000006,-0.001244,-0.000016,-0.035172,0.000045,-0.035127,-0.035127,-0.035127,-0.017564,-0.017564,0,0,1,0,0.000000,0.090000,0.012000,0.001000,4.500000,0.080000,24.000000,0.030000,0.000000
10.104000,0.300000,0.440000,0.050449,-0.000000,0.050449,0.015490,0.000000,-0.015490,0.075943,0.000203,0.076757,0.075666,-0.000277,-0.001262,-0.001465,-0.001394,0.000307,0.000005,-0.001246,-0.000016,-0.035171,0.000000,-0.035170,-0.035170,-0.035170,-0.017585,-0.017585,0,0,1,0,0.000000,0.090000,0.012000,0.001000,4.500000,0.080000,24.000000,0.030000,0.000000
10.109000,0.300000,0.440000,0.050524,-0.000000,0.050524,0.015463,0.000000,-0.015463,0.075943,0.000203,0.076757,0.075667,-0.000275,-0.001255,-0.001458,-0.001392,0.000306,0.000005,-0.001239,-0.000016,-0.034995,0.000044,-0.034951,-0.034951,-0.034951,-0.017475,-0.017475,0,0,1,0,0.000000,0.090000,0.012000,0.001000,4.500000,0.080000,24.000000,0.030000,0.000000
10.114000,0.300000,0.440000,0.050598,-0.000000,0.050598,0.015436,0.000000,-0.015436,0.075945,0.000201,0.076757,0.075669,-0.000276,-0.001256,-0.001457,-0.001389,0.000305,0.000005,-0.001240,-0.000016,-0.034962,0.000008,-0.034954,-0.034954,-0.034954,-0.017477,-0.017477,0,0,1,0,0.000000,0.090000,0.012000,0.001000,4.500000,0.080000,24.000000,0.030000,0.000000
10.119000,0.300000,0.440000,0.050673,-0.000000,0.050673,0.015409,0.000000,-0.015409,0.075945,0.000201,0.076757,0.075671,-0.000274,-0.001249,-0.001450,-0.001387,0.000305,0.000005,-0.001233,-0.000016,-0.034789,0.000043,-0.034746,-0.034746,-0.034746,-0.017373,-0.017373,0,0,1,0,0.000000,0.090000,0.012000,0.001000,4.500000,0.080000,24.000000,0.030000,0.000000
10.124000,0.300000,0.440000,0.050747,-0.000000,0.050747,0.015381,0.000000,-0.015381,0.075947,0.000198,0.076757,0.075672,-0.000274,-0.001250,-0.001448,-0.001384,0.000304,0.000005,-0.001234,-0.000016,-0.034749,0.000010,-0.034738,-0.034738,-0.034738,-0.017369,-0.017369,0,0,1,0,0.000000,0.090000,0.012000,0.001000,4.500000,0.080000,24.000000,0.030000,0.000000
10.129000,0.300000,0.440000,0.050822,-0.000000,0.050822,0.015354,0.000000,-0.015354,0.075947,0.000198,0.076757,0.075674,-0.000273,-0.001243,-0.001441,-0.001382,0.000303,0.000005,-0.001227,-0.000016,-0.034579,0.000042,-0.034536,-0.034536,-0.034536,-0.017268,-0.017268,0,0,1,0,0.000000,0.090000,0.012000,0.001000,4.500000,0.080000,24.000000,0.030000,0.000000
10.134000,0.300000,0.440000,0.050896,-0.000000,0.050896,0.015327,0.000000,-0.015327,0.075948,0.000195,0.076757,0.075675,-0.000273,-0.001244,-0.001440,-0.001379,0.000302,0.000005,-0.001229,-0.000016,-0.034551,0.000007,-0.034544,-0.034544,-0.034544,-0.017272,-0.017272,0,0,1,0,0.000000,0.090000,0.012000,0.001000,4.500000,0.080000,24.000000,0.030000,0.000000
10.143000,0.300000,0.440000,0.051044,-0.000000,0.051044,0.015273,0.000000,-0.015273,0.075950,0.000194,0.076757,0.075677,-0.000273,-0.001244,-0.001438,-0.001375,0.000300,0.000006,-0.001228,-0.000016,-0.034515,0.000005,-0.034509,-0.034509,-0.034509,-0.017255,-0.017255,0,0,1,0,0.000000,0.090000,0.012000,0.001000,4.500000,0.080000,24.000000,0.030000,0.000000
10.148000,0.300000,0.440000,0.051117,-0.000000,0.051117,0.015246,0.000000,-0.015246,0.075950,0.000194,0.076757,0.075679,-0.000271,-0.001236,-0.001430,-0.001372,0.000299,0.000005,-0.001220,-0.000016,-0.034325,0.000047,-0.034278,-0.034278,-0.034278,-0.017139,-0.017139,0,0,1,0,0.000000,0.090000,0.012000,0.001000,4.500000,0.080000,24.000000,0.030000,0.000000
10.153000,0.300000,0.440000,0.051191,-0.000000,0.051191,0.015219,0.000000,-0.015219,0.075952,0.000193,0.076757,0.075681,-0.000271,-0.001237,-0.001429,-0.001370,0.000298,0.000005,-0.001221,-0.000015,-0.034303,0.000006,-0.034297,-0.034297,-0.034297,-0.017149,-0.017149,0,0,1,0,0.000000,0.090000,0.012000,0.001000,4.500000,0.080000,24.000000,0.030000,0.000000
10.158000,0.300000,0.440000,0.051264,-0.000000,0.051264,0.015192,0.000000,-0.015192,0.075952,0.000193,0.076757,0.075682,-0.000270,-0.001229,-0.001422,-0.001367,0.000297,0.000005,-0.001214,-0.000015,-0.034120,0.000046,-0.034075,-0.034075,-0.034075,-0.017037,-0.017037,0,0,1,0,0.000000,0.090000,0.012000,0.001000,4.500000,0.080000,24.000000,0.030000,0.000000
10.163000,0.300000,0.440000,0.051338,-0.000000,0.051338,0.015165,0.000000,-0.015165,0.075954,0.000192,0.076757,0.075684,-0.000270,-0.001230,-0.001422,-0.001365,0.000296,0.000005,-0.001215,-0.000015,-0.034124,-0.000001,-0.034125,-0.034125,-0.034125,-0.017063,-0.017063,0,0,1,0,0.000000,0.090000,0.012000,0.001000,4.500000,0.080000,24.000000,0.030000,0.000000
10.168000,0.300000,0.440000,0.051411,-0.000000,0.051411,0.015138,0.000000,-0.015138,0.075954,0.000192,0.076757,0.075686,-0.000268,-0.001223,-0.001414,-0.001362,0.000296,0.000005,-0.001207,-0.000015,-0.033947,0.000044,-0.033902,-0.033902,-0.033902,-0.016951,-0.016951,0,0,1,0,0.000000,0.090000,0.012000,0.001000,4.500000,0.080000,24.000000,0.030000,0.000000
10.173000,0.300000,0.440000,0.051484,-0.000000,0.051484,0.015111,0.000000,-0.015111,0.075956,0.000192,0.076757,0.075687,-0.000269,-0.001224,-0.001416,-0.001360,0.000295,0.000005,-0.001208,-0.000015,-0.033986,-0.000010,-0.033996,-0.033996,-0.033996,-0.016998,-0.016998,0,0,1,0,0.000000,0.090000,0.012000,0.001000,4.500000,0.080000,24.000000,0.030000,0.000000
10.182000,0.300000,0.440000,0.051629,-0.000000,0.051629,0.015056,0.000000,-0.015056,0.075958,0.000194,0.076757,0.075689,-0.000269,-0.001224,-0.001418,-0.001355,0.000293,0.000006,-0.001209,-0.000015,-0.034021,-0.000005,-0.034025,-0.034025,-0.034025,-0.017013,-0.017013,0,0,1,0,0.000000,0.090000,0.012000,0.001000,4.500000,0.080000,24.000000,0.030000,0.000000
10.187000,0.300000,0.440000,0.051702,-0.000000,0.051702,0.015029,0.000000,-0.015029,0.075958,0.000194,0.076757,0.075691,-0.000267,-0.001216,-0.001409,-0.001353,0.000292,0.000005,-0.001200,-0.000015,-0.033825,0.000049,-0.033776,-0.033776,-0.033776,-0.016888,-0.016888,0,0,1,0,0.000000,0.090000,0.012000,0.001000,4.500000,0.080000,24.000000,0.030000,0.000000
10.192000,0.300000,0.440000,0.051775,-0.000000,0.051775,0.015002,0.000000,-0.015002,0.075960,0.000194,0.076757,0.075693,-0.000267,-0.001217,-0.001411,-0.001350,0.000291,0.000005,-0.001201,-0.000016,-0.033860,-0.000009,-0.033868,-0.033868,-0.033868,-0.016934,-0.016934,0,0,1,0,0.000000,0.090000,0.012000,0.001000,4.500000,0.080000,24.000000,0.030000,0.000000
10.197000,0.300000,0.440000,0.051847,-0.000000,0.051847,0.014975,0.000000,-0.014975,0.075960,0.000194,0.076757,0.075695,-0.000265,-0.001209,-0.001403,-0.001348,0.000290,0.000005,-0.001194,-0.000016,-0.033673,0.000047,-0.033626,-0.033626,-0.033626,-0.016813,-0.016813,0,0,1,0,0.000000,0.090000,0.012000,0.001000,4.500000,0.080000,24.000000,0.030000,0.000000
10.202000,0.300000,0.440000,0.051919,-0.000000,0.051919,0.014948,0.000000,-0.014948,0.075962,0.000194,0.076757,0.075696,-0.000266,-0.001210,-0.001405,-0.001345,0.000289,0.000005,-0.001195,-0.000016,-0.033709,-0.000009,-0.033718,-0.033718,-0.033718,-0.016859,-0.016859,0,0,1,0,0.000000,0.090000,0.012000,0.001000,4.500000,0.080000,24.000000,0.030000,0.000000
10.207000,0.300000,0.440000,0.051991,-0.000000,0.051991,0.014922,0.000000,-0.014922,0.075962,0.000194,0.076757,0.075698,-0.000264,-0.001203,-0.001397,-0.001343,0.000289,0.000005,-0.001187,-0.000016,-0.033529,0.000045,-0.033484,-0.033484,-0.033484,-0.016742,-0.016742,0,0,1,0,0.000000,0.090000,0.012000,0.001000,4.500000,0.080000,24.000000,0.030000,0.000000
10.212000,0.300000,0.440000,0.052063,-0.000000,0.052063,0.014895,0.000000,-0.014895,0.075964,0.000195,0.076757,0.075700,-0.000264,-0.001204,-0.001399,-0.001341,0.000288,0.000005,-0.001189,-0.000016,-0.033572,-0.000011,-0.033583,-0.033583,-0.033583,-0.016791,-0.016791,0,0,1,0,0.000000,0.090000,0.012000,0.001000,4.500000,0.080000,24.000000,0.030000,0.000000
10.217000,0.300000,0.440000,0.052135,-0.000000,0.052135,0.014868,0.000000,-0.014868,0.075964,0.000195,0.076757,0.075701,-0.000263,-0.001197,-0.001392,-0.001338,0.000287,0.000005,-0.001181,-0.000016,-0.033396,0.000044,-0.033352,-0.033352,-0.033352,-0.016676,-0.016676,0,0,1,0,0.000000,0.090000,0.012000,0.001000,4.500000,0.080000,24.000000,0.030000,0.000000
10.222000,0.300000,0.440000,0.052207,-0.000000,0.052207,0.014841,0.000000,-0.014841,0.075966,0.000195,0.076757,0.075703,-0.000263,-0.001199,-0.001394,-0.001336,0.000286,0.000005,-0.001183,-0.000016,-0.033448,-0.000013,-0.033461,-0.033461,-0.033461,-0.016730,-0.016730,0,0,1,0,0.000000,0.090000,0.012000,0.001000,4.500000,0.080000,24.000000,0.030000,0.000000
10.231000,0.300000,0.440000,0.052350,-0.000000,0.052350,0.014788,0.000000,-0.014788,0.075968,0.000196,0.076757,0.075705,-0.000263,-0.001199,-0.001394,-0.001331,0.000284,0.000006,-0.001183,-0.000016,-0.033467,-0.000003,-0.033470,-0.033470,-0.033470,-0.016735,-0.016735,0,0,1,0,0.000000,0.090000,0.012000,0.001000,4.500000,0.080000,24.000000,0.030000,0.000000
10.236000,0.300000,0.440000,0.052421,-0.000000,0.052421,0.014761,0.000000,-0.014761,0.075968,0.000196,0.076757,0.075707,-0.000261,-0.001191,-0.001386,-0.001328,0.000283,0.000005,-0.001175,-0.000016,-0.033275,0.000048,-0.033227,-0.033227,-0.033227,-0.016613,-0.016613,0,0,1,0,0.000000,0.090000,0.012000,0.001000,4.500000,0.080000,24.000000,0.030000,0.000000
10.241000,0.300000,0.440000,0.052492,-0.000000,0.052492,0.014735,0.000000,-0.014735,0.075970,0.000195,0.076757,0.075708,-0.000261,-0.001192,-0.001386,-0.001326,0.000282,0.000005,-0.001176,-0.000016,-0.033273,0.000000,-0.033273,-0.033273,-0.033273,-0.016637,-0.016637,0,0,1,0,0.000000,0.090000,0.012000,0.001000,4.500000,0.080000,24.000000,0.030000,0.000000
10.246000,0.300000,0.440000,0.052563,-0.000000,0.052563,0.014708,0.000000,-0.014708,0.075970,0.000195,0.076757,0.075710,-0.000260,-0.001184,-0.001379,-0.001324,0.000282,0.000005,-0.001169,-0.000016,-0.033090,0.000046,-0.033044,-0.033044,-0.033044,-0.016522,-0.016522,0,0,1,0,0.000000,0.090000,0.012000,0.001000,4.500000,0.080000,24.000000,0.030000,0.000000
10.251000,0.300000,0.440000,0.052634,-0.000000,0.052634,0.014682,0.000000,-0.014682,0.075972,0.000193,0.076757,0.075712,-0.000260,-0.001185,-0.001378,-0.001321,0.000281,0.000005,-0.001170,-0.000015,-0.033082,0.000002,-0.033080,-0.033080,-0.033080,-0.016540,-0.016540,0,0,1,0,0.000000,0.090000,0.012000,0.001000,4.500000,0.080000,24.000000,0.030000,0.000000
10.256000,0.300000,0.440000,0.052705,-0.000000,0.052705,0.014655,0.000000,-0.014655,0.075972,0.000193,0.076757,0.075713,-0.000258,-0.001178,-0.001371,-0.001319,0.000280,0.000005,-0.001162,-0.000015,-0.032905,0.000044,-0.032861,-0.032861,-0.032861,-0.016430,-0.016430,0,0,1,0,0.000000,0.090000,0.012000,0.001000,4.500000,0.080000,24.000000,0.030000,0.000000
10.261000,0.300000,0.440000,0.052705,-0.000000,0.052705,0.014655,0.000000,-0.014655,0.075974,0.000192,0.076757,0.075714,-0.000260,-0.001184,-0.001376,-0.001319,0.000279,0.000000,-0.001169,-0.000015,-0.033030,-0.000031,-0.033061,-0.033061,-0.033061,-0.016531,-0.016531,0,0,1,0,0.000000,0.090000,0.012000,0.001000,4.500000,0.080000,24.000000,0.030000,0.000000
10.266000,0.300000,0.440000,0.052846,-0.000000,0.052846,0.014603,0.000000,-0.014603,0.075974,0.000192,0.076757,0.075716,-0.000257,-0.001172,-0.001365,-0.001314,0.000278,0.000011,-0.001157,-0.000015,-0.032754,0.000069,-0.032685,-0.032685,-0.032685,-0.016342,-0.016342,0,0,1,0,0.000000,0.090000,0.012000,0.001000,4.500000,0.080000,24.000000,0.030000,0.000000
10.271000,0.300000,0.440000,0.052917,-0.000000,0.052917,0.014577,0.000000,-0.014577,0.075975,0.000191,0.076757,0.075718,-0.000257,-0.001174,-0.001365,-0.001312,0.000277,0.000005,-0.001158,-0.000015,-0.032756,-0.000001,-0.032756,-0.032756,-0.032756,-0.016378,-0.016378,0,0,1,0,0.000000,0.090000,0.012000,0.001000,4.500000,0.080000,24.000000,0.030000,0.000000
10.276000,0.300000,0.440000,0.052917,-0.000000,0.052917,0.014577,0.000000,-0.014577,0.075975,0.000191,0.076757,0.075718,-0.000257,-0.001172,-0.001363,-0.001312,0.000276,0.000000,-0.001156,-0.000015,-0.032708,0.000012,-0.032696,-0.032696,-0.032696,-0.016348,-0.016348,0,0,1,0,0.000000,0.090000,0.012000,0.001000,4.500000,0.080000,24.000000,0.030000,0.000000
10.285000,0.300000,0.440000,0.053057,-0.000000,0.053057,0.014524,0.000000,-0.014524,0.075977,0.000191,0.076757,0.075720,-0.000257,-0.001172,-0.001363,-0.001307,0.000275,0.000006,-0.001157,-0.000015,-0.032722,-0.000002,-0.032724,-0.032724,-0.032724,-0.016362,-0.016362,0,0,1,0,0.000000,0.090000,0.012000,0.001000,4.500000,0.080000,24.000000,0.030000,0.000000
10.290000,0.300000,0.440000,0.053127,-0.000000,0.053127,0.014498,0.000000,-0.014498,0.075979,0.000191,0.076757,0.075722,-0.000257,-0.001174,-0.001364,-0.001305,0.000274,0.000005,-0.001158,-0.000015,-0.032747,-0.000006,-0.032754,-0.032754,-0.032754,-0.016377,-0.016377,0,0,1,0,0.000000,0.090000,0.012000,0.001000,4.500000,0.080000,24.000000,0.030000,0.000000
10.295000,0.300000,0.440000,0.053197,-0.000000,0.053197,0.014472,0.000000,-0.014472,0.075979,0.000191,0.076757,0.075723,-0.000256,-0.001167,-0.001357,-0.001302,0.000273,0.000005,-0.001151,-0.000015,-0.032576,0.000043,-0.032534,-0.032534,-0.032534,-0.016267,-0.016267,0,0,1,0,0.000000,0.090000,0.012000,0.001000,4.500000,0.080000,24.000000,0.030000,0.000000
10.300000,0.300000,0.440000,0.053267,-0.000000,0.053267,0.014446,0.000000,-0.014446,0.075979,0.000191,0.076757,0.075725,-0.000254,-0.001160,-0.001350,-0.001300,0.000272,0.000005,-0.001144,-0.000015,-0.032407,0.000042,-0.032365,-0.032365,-0.032365,-0.016183,-0.016183,0,0,1,0,0.000000,0.090000,0.012000,0.001000,4.500000,0.080000,24.000000,0.030000,0.000000
10.305000,0.300000,0.440000,0.053337,-0.000000,0.053337,0.014420,0.000000,-0.014420,0.075981,0.000189,0.076757,0.075726,-0.000255,-0.001161,-0.001350,-0.001298,0.000271,0.000005,-0.001146,-0.000015,-0.032396,0.000003,-0.032393,-0.032393,-0.032393,-0.016197,-0.016197,0,0,1,0,0.000000,0.090000,0.012000,0.001000,4.500000,0.080000,24.000000,0.030000,0.000000
10.310000,0.300000,0.440000,0.053406,-0.000000,0.053406,0.014394,0.000000,-0.014394,0.075981,0.000189,0.076757,0.075728,-0.000253,-0.001154,-0.001343,-0.001295,0.000270,0.000005,-0.001139,-0.000015,-0.032231,0.000041,-0.032189,-0.032189,-0.032189,-0.016095,-0.016095,0,0,1,0,0.000000,0.090000,0.012000,0.001000,4.500000,0.080000,24.000000,0.030000,0.000000
10.315000,0.300000,0.440000,0.053476,-0.000000,0.053476,0.014368,0.000000,-0.014368,0.075983,0.000187,0.076757,0.075730,-0.000253,-0.001155,-0.001343,-0.001293,0.000270,0.000005,-0.001140,-0.000015,-0.032223,0.000002,-0.032221,-0.032221,-0.032221,-0.016111,-0.016111,0,0,1,0,0.000000,0.090000,0.012000,0.001000,4.500000,0.080000,24.000000,0.030000,0.000000
10.320000,0.300000,0.440000,0.053545,-0.000000,0.053545,0.014342,0.000000,-0.014342,0.075983,0.000187,0.076757,0.075731,-0.000252,-0.001148,-0.001336,-0.001291,0.000269,0.000005,-0.001133,-0.000015,-0.032059,0.000041,-0.032019,-0.032019,-0.032019,-0.016009,-0.016009,0,0,1,0,0.000000,0.090000,0.012000,0.001000,4.500000,0.080000,24.000000,0.030000,0.000000
10.325000,0.300000,0.440000,0.053614,-0.000000,0.053614,0.014316,0.000000,-0.014316,0.075985,0.000187,0.076757,0.075733,-0.000252,-0.001150,-0.001337,-0.001288,0.000268,0.000005,-0.001135,-0.000015,-0.032092,-0.000008,-0.032100,-0.032100,-0.032100,-0.016050,-0.016050,0,0,1,0,0.000000,0.090000,0.012000,0.001000,4.500000,0.080000,24.000000,0.030000,0.000000
10.330000,0.300000,0.440000,0.053683,-0.000000,0.053683,0.014290,0.000000,-0.014290,0.075985,0.000187,0.076757,0.075734,-0.000251,-0.001143,-0.001330,-0.001286,0.000267,0.000005,-0.001128,-0.000015,-0.031929,0.000041,-0.031888,-0.031888,-0.031888,-0.015944,-0.015944,0,0,1,0,0.000000,0.090000,0.012000,0.001000,4.500000,0.080000,24.000000,0.030000,0.000000
10.335000,0.300000,0.440000,0.053752,-0.000000,0.053752,0.014264,0.000000,-0.014264,0.075987,0.000188,0.076757,0.075736,-0.000251,-0.001145,-0.001333,-0.001284,0.000266,0.000005,-0.001130,-0.000015,-0.031996,-0.000017,-0.032012,-0.032012,-0.032012,-0.016006,-0.016006,0,0,1,0,0.000000,0.090000,0.012000,0.001000,4.500000,0.080000,24.000000,0.030000,0.000000
10.340000,0.300000,0.440000,0.053821,-0.000000,0.053821,0.014238,0.000000,-0.014238,0.075987,0.000188,0.076757,0.075737,-0.000250,-0.001138,-0.001326,-0.001281,0.000265,0.000005,-0.001123,-0.000015,-0.031833,0.000041,-0.031793,-0.031793,-0.031793,-0.015896,-0.015896,0,0,1,0,0.000000,0.090000,0.012000,0.001000,4.500000,0.080000,24.000000,0.030000,0.000000
10.345000,0.300000,0.440000,0.053890,-0.000000,0.053890,0.014212,0.000000,-0.014212,0.075989,0.000190,0.076757,0.075739,-0.000250,-0.001140,-0.001330,-0.001279,0.000264,0.000005,-0.001125,-0.000015,-0.031923,-0.000023,-0.031946,-0.031946,-0.031946,-0.015973,-0.015973,0,0,1,0,0.000000,0.090000,0.012000,0.001000,4.500000,0.080000,24.000000,0.030000,0.000000
10.350000,0.300000,0.440000,0.053958,-0.000000,0.053958,0.014186,0.000000,-0.014186,0.075989,0.000190,0.076757,0.075740,-0.000249,-0.001134,-0.001323,-0.001277,0.000264,0.000005,-0.001118,-0.000015,-0.031762,0.000040,-0.031721,-0.031721,-0.031721,-0.015861,-0.015861,0,0,1,0,0.000000,0.090000,0.012000,0.001000,4.500000,0.080000,24.000000,0.030000,0.000000
10.359000,0.300000,0.440000,0.054095,-0.000000,0.054095,0.014134,0.000000,-0.014134,0.075991,0.000192,0.076757,0.075742,-0.000249,-0.001134,-0.001326,-0.001272,0.000262,0.000006,-0.001119,-0.000015,-0.031823,-0.000009,-0.031832,-0.031832,-0.031832,-0.015916,-0.015916,0,0,1,0,0.000000,0.090000,0.012000,0.001000,4.500000,0.080000,24.000000,0.030000,0.000000
10.364000,0.300000,0.440000,0.054163,-0.000000,0.054163,0.014108,0.000000,-0.014108,0.075993,0.000194,0.076757,0.075744,-0.000249,-0.001136,-0.001330,-0.001270,0.000261,0.000005,-0.001121,-0.000015,-0.031911,-0.000022,-0.031933,-0.031933,-0.031933,-0.015966,-0.015966,0,0,1,0,0.000000,0.090000,0.012000,0.001000,4.500000,0.080000,24.000000,0.030000,0.000000
10.369000,0.300000,0.440000,0.054231,-0.000000,0.054231,0.014083,0.000000,-0.014083,0.075993,0.000194,0.076757,0.075745,-0.000247,-0.001129,-0.001322,-0.001267,0.000260,0.000005,-0.001113,-0.000015,-0.031732,0.000045,-0.031687,-0.031687,-0.031687,-0.015844,-0.015844,0,0,1,0,0.000000,0.090000,0.012000,0.001000,4.500000,0.080000,24.000000,0.030000,0.000000
10.374000,0.300000,0.440000,0.054299,-0.000000,0.054299,0.014057,0.000000,-0.014057,0.075995,0.000193,0.076757,0.075747,-0.000248,-0.001130,-0.001324,-0.001265,0.000260,0.000005,-0.001115,-0.000015,-0.031769,-0.000009,-0.031778,-0.031778,-0.031778,-0.015889,-0.015889,0,0,1,0,0.000000,0.090000,0.012000,0.001000,4.500000,0.080000,24.000000,0.030000,0.000000
10.379000,0.300000,0.440000,0.054367,-0.000000,0.054367,0.014031,0.000000,-0.014031,0.075995,0.000193,0.076757,0.075748,-0.000246,-0.001123,-0.001317,-0.001263,0.000259,0.000005,-0.001108,-0.000015,-0.031597,0.000043,-0.031553,-0.031553,-0.031553,-0.015777,-0.015777,0,0,1,0,0.000000,0.090000,0.012000,0.001000,4.500000,0.080000,24.000000,0.030000,0.000000
10.384000,0.300000,0.440000,0.054434,-0.000000,0.054434,0.014006,0.000000,-0.014006,0.075996,0.000192,0.076757,0.075750,-0.000246,-0.001124,-0.001316,-0.001261,0.000258,0.000005,-0.001109,-0.000015,-0.031594,0.000001,-0.031594,-0.031594,-0.031594,-0.015797,-0.015797,0,0,1,0,0.000000,0.090000,0.012000,0.001000,4.500000,0.080000,24.000000,0.030000,0.000000
10.389000,0.300000,0.440000,0.054502,-0.000000,0.054502,0.013981,0.000000,-0.013981,0.075996,0.000192,0.076757,0.075752,-0.000245,-0.001117,-0.001309,-0.001258,0.000257,0.000005,-0.001102,-0.000015,-0.031427,0.000042,-0.031386,-0.031386,-0.031386,-0.015693,-0.015693,0,0,1,0,0.000000,0.090000,0.012000,0.001000,4.500000,0.080000,24.000000,0.030000,0.000000
10.394000,0.300000,0.440000,0.054569,-0.000000,0.054569,0.013955,0.000000,-0.013955,0.075998,0.000190,0.076757,0.075753,-0.000245,-0.001119,-0.001308,-0.001256,0.000256,0.000005,-0.001103,-0.000015,-0.031404,0.000006,-0.031398,-0.031398,-0.031398,-0.015699,-0.015699,0,0,1,0,0.000000,0.090000,0.012000,0.001000,4.500000,0.080000,24.000000,0.030000,0.000000
10.399000,0.300000,0.440000,0.054637,-0.000000,0.054637,0.013930,0.000000,-0.013930,0.075998,0.000190,0.076757,0.075755,-0.000244,-0.001112,-0.001302,-0.001254,0.000255,0.000005,-0.001097,-0.000015,-0.031241,0.000041,-0.031200,-0.031200,-0.031200,-0.015600,-0.015600,0,0,1,0,0.000000,0.090000,0.012000,0.001000,4.500000,0.080000,24.000000,0.030000,0.000000
10.404000,0.300000,0.440000,0.054704,-0.000000,0.054704,0.013905,0.000000,-0.013905,0.076000,0.000188,0.076757,0.075756,-0.000244,-0.001113,-0.001301,-0.001251,0.000254,0.000005,-0.001098,-0.000015,-0.031216,0.000006,-0.031209,-0.031209,-0.031209,-0.015605,-0.015605,0,0,1,0,0.000000,0.090000,0.012000,0.001000,4.500000,0.080000,24.000000,0.030000,0.000000
10.409000,0.300000,0.440000,0.054771,-0.000000,0.054771,0.013880,0.000000,-0.013880,0.076000,0.000188,0.076757,0.075758,-0.000243,-0.001106,-0.001294,-0.001249,0.000254,0.000005,-0.001091,-0.000015,-0.031055,0.000040,-0.031015,-0.031015,-0.031015,-0.015507,-0.015507,0,0,1,0,0.000000,0.090000,0.012000,0.001000,4.500000,0.080000,24.000000,0.030000,0.000000
10.414000,0.300000,0.440000,0.054838,-0.000000,0.054838,0.013855,0.000000,-0.013855,0.076002,0.000186,0.076757,0.075759,-0.000243,-0.001108,-0.001294,-0.001247,0.000253,0.000005,-0.001093,-0.000015,-0.031045,0.000002,-0.031043,-0.031043,-0.031043,-0.015522,-0.015522,0,0,1,0,0.000000,0.090000,0.012000,0.001000,4.500000,0.080000,24.000000,0.030000,0.000000
10.419000,0.300000,0.440000,0.054905,-0.000000,0.054905,0.013830,0.000000,-0.013830,0.076002,0.000186,0.076757,0.075761,-0.000241,-0.001101,-0.001287,-0.001245,0.000252,0.000005,-0.001086,-0.000015,-0.030887,0.000040,-0.030847,-0.030847,-0.030847,-0.015423,-0.015423,0,0,1,0,0.000000,0.090000,0.012000,0.001000,4.500000,0.080000,24.000000,0.030000,0.000000
10.428000,0.300000,0.440000,0.055038,-0.000000,0.055038,0.013779,0.000000,-0.013779,0.076004,0.000185,0.076757,0.075762,-0.000241,-0.001101,-0.001286,-0.001240,0.000251,0.000006,-0.001086,-0.000015,-0.030868,0.000003,-0.030866,-0.030866,-0.030866,-0.015433,-0.015433,0,0,1,0,0.000000,0.090000,0.012000,0.001000,4.500000,0.080000,24.000000,0.030000,0.000000
10.433000,0.300000,0.440000,0.055104,-0.000000,0.055104,0.013754,0.000000,-0.013754,0.076006,0.000186,0.076757,0.075764,-0.000242,-0.001102,-0.001288,-0.001238,0.000250,0.000005,-0.001087,-0.000015,-0.030900,-0.000008,-0.030908,-0.030908,-0.030908,-0.015454,-0.015454,0,0,1,0,0.000000,0.090000,0.012000,0.001000,4.500000,0.080000,24.000000,0.030000,0.000000
10.438000,0.300000,0.440000,0.055171,-0.000000,0.055171,0.013729,0.000000,-0.013729,0.076006,0.000186,0.076757,0.075766,-0.000240,-0.001095,-0.001280,-0.001236,0.000249,0.000005,-0.001080,-0.000015,-0.030725,0.000044,-0.030681,-0.030681,-0.030681,-0.015341,-0.015341,0,0,1,0,0.000000,0.090000,0.012000,0.001000,4.500000,0.080000,24.000000,0.030000,0.000000
10.443000,0.300000,0.440000,0.055237,-0.000000,0.055237,0.013704,0.000000,-0.013704,0.076007,0.000186,0.076757,0.075767,-0.000240,-0.001096,-0.001281,-0.001233,0.000248,0.000005,-0.001081,-0.000015,-0.030755,-0.000007,-0.030762,-0.030762,-0.030762,-0.015381,-0.015381,0,0,1,0,0.000000,0.090000,0.012000,0.001000,4.500000,0.080000,24.000000,0.030000,0.000000
10.448000,0.300000,0.440000,0.055303,-0.000000,0.055303,0.013679,0.000000,-0.013679,0.076007,0.000186,0.076757,0.075769,-0.000239,-0.001089,-0.001274,-0.001231,0.000247,0.000005,-0.001074,-0.000015,-0.030585,0.000042,-0.030543,-0.030543,-0.030543,-0.015271,-0.015271,0,0,1,0,0.000000,0.090000,0.012000,0.001000,4.500000,0.080000,24.000000,0.030000,0.000000
10.453000,0.300000,0.440000,0.055369,-0.000000,0.055369,0.013654,0.000000,-0.013654,0.076009,0.000186,0.076757,0.075770,-0.000239,-0.001090,-0.001276,-0.001229,0.000246,0.000005,-0.001075,-0.000015,-0.030621,-0.000009,-0.030629,-0.030629,-0.030629,-0.015315,-0.015315,0,0,1,0,0.000000,0.090000,0.012000,0.001000,4.500000,0.080000,24.000000,0.030000,0.000000
10.458000,0.300000,0.440000,0.055435,-0.000000,0.055435,0.013629,0.000000,-0.013629,0.076009,0.000186,0.076757,0.075772,-0.000237,-0.001083,-0.001269,-0.001227,0.000246,0.000005,-0.001069,-0.000015,-0.030455,0.000041,-0.030414,-0.030414,-0.030414,-0.015207,-0.015207,0,0,1,0,0.000000,0.090000,0.012000,0.001000,4.500000,0.080000,24.000000,0.030000,0.000000
10.463000,0.300000,0.440000,0.055500,-0.000000,0.055500,0.013604,0.000000,-0.013604,0.076011,0.000186,0.076757,0.075773,-0.000238,-0.001085,-0.001271,-0.001224,0.000245,0.000005,-0.001070,-0.000015,-0.030500,-0.000011,-0.030511,-0.030511,-0.030511,-0.015255,-0.015255,0,0,1,0,0.000000,0.090000,0.012000,0.001000,4.500000,0.080000,24.000000,0.030000,0.000000
10.468000,0.300000,0.440000,0.055566,-0.000000,0.055566,0.013579,0.000000,-0.013579,0.076011,0.000186,0.076757,0.075775,-0.000236,-0.001078,-0.001264,-0.001222,0.000244,0.000005,-0.001063,-0.000015,-0.030338,0.000041,-0.030297,-0.030297,-0.030297,-0.015148,-0.015148,0,0,1,0,0.000000,0.090000,0.012000,0.001000,4.500000,0.080000,24.000000,0.030000,0.000000
10.473000,0.300000,0.440000,0.055631,-0.000000,0.055631,0.013554,0.000000,-0.013554,0.076013,0.000186,0.076757,0.075776,-0.000237,-0.001080,-0.001266,-0.001220,0.000243,0.000005,-0.001065,-0.000015,-0.030390,-0.000013,-0.030404,-0.030404,-0.030404,-0.015202,-0.015202,0,0,1,0,0.000000,0.090000,0.012000,0.001000,4.500000,0.080000,24.000000,0.030000,0.000000
10.478000,0.300000,0.440000,0.055697,-0.000000,0.055697,0.013529,0.000000,-0.013529,0.076013,0.000186,0.076757,0.075778,-0.000235,-0.001073,-0.001260,-0.001218,0.000242,0.000005,-0.001058,-0.000015,-0.030230,0.000040,-0.030190,-0.030190,-0.030190,-0.015095,-0.015095,0,0,1,0,0.000000,0.090000,0.012000,0.001000,4.500000,0.080000,24.000000,0.030000,0.000000
10.487000,0.300000,0.440000,0.055827,-0.000000,0.055827,0.013479,0.000000,-0.013479,0.076015,0.000187,0.076757,0.075780,-0.000235,-0.001074,-0.001261,-0.001213,0.000241,0.000006,-0.001059,-0.000015,-0.030254,-0.000003,-0.030257,-0.030257,-0.030257,-0.015128,-0.015128,0,0,1,0,0.000000,0.090000,0.012000,0.001000,4.500000,0.080000,24.000000,0.030000,0.000000
10.492000,0.300000,0.440000,0.055892,-0.000000,0.055892,0.013454,0.000000,-0.013454,0.076017,0.000188,0.076757,0.075781,-0.000236,-0.001075,-0.001263,-0.001211,0.000240,0.000005,-0.001060,-0.000015,-0.030304,-0.000013,-0.030317,-0.030317,-0.030317,-0.015158,-0.015158,0,0,1,0,0.000000,0.090000,0.012000,0.001000,4.500000,0.080000,24.000000,0.030000,0.000000
10.497000,0.300000,0.440000,0.055957,-0.000000,0.055957,0.013430,0.000000,-0.013430,0.076017,0.000188,0.076757,0.075783,-0.000234,-0.001068,-0.001255,-0.001209,0.000239,0.000005,-0.001053,-0.000015,-0.030129,0.000044,-0.030085,-0.030085,-0.030085,-0.015043,-0.015043,0,0,1,0,0.000000,0.090000,0.012000,0.001000,4.500000,0.080000,24.000000,0.030000,0.000000
10.502000,0.300000,0.440000,0.056021,-0.000000,0.056021,0.013405,0.000000,-0.013405,0.076019,0.000187,0.076757,0.075784,-0.000234,-0.001069,-0.001256,-0.001206,0.000238,0.000005,-0.001054,-0.000015,-0.030147,-0.000004,-0.030151,-0.030151,-0.030151,-0.015076,-0.015076,0,0,1,0,0.000000,0.090000,0.012000,0.001000,4.500000,0.080000,24.000000,0.030000,0.000000
10.507000,0.300000,0.440000,0.056086,-0.000000,0.056086,0.013380,0.000000,-0.013380,0.076019,0.000187,0.076757,0.075786,-0.000233,-0.001062,-0.001249,-0.001204,0.000238,0.000005,-0.001047,-0.000015,-0.029979,0.000042,-0.029937,-0.029937,-0.029937,-0.014968,-0.014968,0,0,1,0,0.000000,0.090000,0.012000,0.001000,4.500000,0.080000,24.000000,0.030000,0.000000
10.512000,0.300000,0.440000,0.056151,-0.000000,0.056151,0.013356,0.000000,-0.013356,0.076021,0.000186,0.076757,0.075788,-0.000233,-0.001063,-0.001249,-0.001202,0.000237,0.000005,-0.001048,-0.000015,-0.029979,0.000000,-0.029979,-0.029979,-0.029979,-0.014989,-0.014989,0,0,1,0,0.000000,0.090000,0.012000,0.001000,4.500000,0.080000,24.000000,0.030000,0.000000
10.517000,0.300000,0.440000,0.056215,-0.000000,0.056215,0.013331,0.000000,-0.013331,0.076021,0.000186,0.076757,0.075789,-0.000231,-0.001057,-0.001242,-0.001200,0.000236,0.000005,-0.001042,-0.000015,-0.029816,0.000041,-0.029775,-0.029775,-0.029775,-0.014888,-0.014888,0,0,1,0,0.000000,0.090000,0.012000,0.001000,4.500000,0.080000,24.000000,0.030000,0.000000
10.522000,0.300000,0.440000,0.056279,-0.000000,0.056279,0.013307,0.000000,-0.013307,0.076022,0.000184,0.076757,0.075791,-0.000232,-0.001058,-0.001242,-0.001198,0.000235,0.000005,-0.001043,-0.000015,-0.029813,0.000001,-0.029812,-0.029812,-0.029812,-0.014906,-0.014906,0,0,1,0,0.000000,0.090000,0.012000,0.001000,4.500000,0.080000,24.000000,0.030000,0.000000
10.527000,0.300000,0.440000,0.056343,-0.000000,0.056343,0.013283,0.000000,-0.013283,0.076022,0.000184,0.076757,0.075792,-0.000230,-0.001051,-0.001236,-0.001195,0.000234,0.000005,-0.001036,-0.000015,-0.029654,0.000040,-0.029614,-0.029614,-0.029614,-0.014807,-0.014807,0,0,1,0,0.000000,0.090000,0.012000,0.001000,4.500000,0.080000,24.000000,0.030000,0.000000
10.532000,0.300000,0.440000,0.056407,-0.000000,0.056407,0.013258,0.000000,-0.013258,0.076024,0.000183,0.076757,0.075794,-0.000231,-0.001053,-0.001236,-0.001193,0.000234,0.000005,-0.001038,-0.000015,-0.029660,-0.000002,-0.029662,-0.029662,-0.029662,-0.014831,-0.014831,0,0,1,0,0.000000,0.090000,0.012000,0.001000,4.500000,0.080000,24.000000,0.030000,0.000000
10.537000,0.300000,0.440000,0.056471,-0.000000,0.056471,0.013234,0.000000,-0.013234,0.076024,0.000183,0.076757,0.075795,-0.000229,-0.001046,-0.001229,-0.001191,0.000233,0.000005,-0.001031,-0.000015,-0.029503,0.000039,-0.029464,-0.029464,-0.029464,-0.014732,-0.014732,0,0,1,0,0.000000,0.090000,0.012000,0.001000,4.500000,0.080000,24.000000,0.030000,0.000000
10.542000,0.300000,0.440000,0.056535,-0.000000,0.056535,0.013210,0.000000,-0.013210,0.076026,0.000183,0.076757,0.075796,-0.000230,-0.001048,-0.001230,-0.001189,0.000232,0.000005,-0.001033,-0.000015,-0.029528,-0.000006,-0.029534,-0.029534,-0.029534,-0.014767,-0.014767,0,0,1,0,0.000000,0.090000,0.012000,0.001000,4.500000,0.080000,24.000000,0.030000,0.000000
10.551000,0.300000,0.440000,0.056662,-0.000000,0.056662,0.013161,0.000000,-0.013161,0.076028,0.000183,0.076757,0.075798,-0.000230,-0.001048,-0.001231,-0.001184,0.000231,0.000005,-0.001033,-0.000015,-0.029538,-0.000001,-0.029539,-0.029539,-0.029539,-0.014770,-0.014770,0,0,1,0,0.000000,0.090000,0.012000,0.001000,4.500000,0.080000,24.000000,0.030000,0.000000
10.556000,0.300000,0.440000,0.056726,-0.000000,0.056726,0.013137,0.000000,-0.013137,0.076028,0.000183,0.076757,0.075800,-0.000228,-0.001041,-0.001223,-0.001182,0.000230,0.000005,-0.001026,-0.000015,-0.029364,0.000044,-0.029320,-0.029320,-0.029320,-0.014660,-0.014660,0,0,1,0,0.000000,0.090000,0.012000,0.001000,4.500000,0.080000,24.000000,0.030000,0.000000
10.561000,0.300000,0.440000,0.056789,-0.000000,0.056789,0.013113,0.000000,-0.013113,0.076030,0.000182,0.076757,0.075801,-0.000228,-0.001042,-0.001224,-0.001180,0.000229,0.000005,-0.001027,-0.000015,-0.029371,-0.000002,-0.029372,-0.029372,-0.029372,-0.014686,-0.014686,0,0,1,0,0.000000,0.090000,0.012000,0.001000,4.500000,0.080000,24.000000,0.030000,0.000000
10.566000,0.300000,0.440000,0.056852,-0.000000,0.056852,0.013089,0.000000,-0.013089,0.076030,0.000182,0.076757,0.075803,-0.000227,-0.001035,-0.001217,-0.001178,0.000228,0.000005,-0.001020,-0.000015,-0.029203,0.000042,-0.029161,-0.029161,-0.029161,-0.014581,-0.014581,0,0,1,0,0.000000,0.090000,0.012000,0.001000,4.500000,0.080000,24.000000,0.030000,0.000000
10.571000,0.300000,0.440000,0.056915,-0.000000,0.056915,0.013064,0.000000,-0.013064,0.076031,0.000181,0.076757,0.075804,-0.000227,-0.001036,-0.001217,-0.001176,0.000228,0.000005,-0.001021,-0.000015,-0.029215,-0.000003,-0.029217,-0.029217,-0.029217,-0.014609,-0.014609,0,0,1,0,0.000000,0.090000,0.012000,0.001000,4.500000,0.080000,24.000000,0.030000,0.000000
10.576000,0.300000,0.440000,0.056978,-0.000000,0.056978,0.013040,0.000000,-0.013040,0.076031,0.000181,0.076757,0.075806,-0.000225,-0.001029,-0.001211,-0.001174,0.000227,0.000005,-0.001015,-0.000015,-0.029052,0.000041,-0.029012,-0.029012,-0.029012,-0.014506,-0.014506,0,0,1,0,0.000000,0.090000,0.012000,0.001000,4.500000,0.080000,24.000000,0.030000,0.000000
10.581000,0.300000,0.440000,0.057041,-0.000000,0.057041,0.013016,0.000000,-0.013016,0.076033,0.000181,0.076757,0.075807,-0.000226,-0.001031,-0.001212,-0.001171,0.000226,0.000005,-0.001016,-0.000014,-0.029078,-0.000006,-0.029085,-0.029085,-0.029085,-0.014542,-0.014542,0,0,1,0,0.000000,0.090000,0.012000,0.001000,4.500000,0.080000,24.000000,0.030000,0.000000
10.586000,0.300000,0.440000,0.057104,-0.000000,0.057104,0.012992,0.000000,-0.012992,0.076033,0.000181,0.076757,0.075809,-0.000224,-0.001024,-0.001205,-0.001169,0.000225,0.000005,-0.001009,-0.000014,-0.028920,0.000040,-0.028880,-0.028880,-0.028880,-0.014440,-0.014440,0,0,1,0,0.000000,0.090000,0.012000,0.001000,4.500000,0.080000,24.000000,0.030000,0.000000
10.591000,0.300000,0.440000,0.057166,-0.000000,0.057166,0.012968,0.000000,-0.012968,0.076035,0.000181,0.076757,0.075810,-0.000225,-0.001026,-0.001207,-0.001167,0.000224,0.000005,-0.001011,-0.000014,-0.028964,-0.000011,-0.028975,-0.028975,-0.028975,-0.014487,-0.014487,0,0,1,0,0.000000,0.090000,0.012000,0.001000,4.500000,0.080000,24.000000,0.030000,0.000000
10.596000,0.300000,0.440000,0.057229,-0.000000,0.057229,0.012944,0.000000,-0.012944,0.076035,0.000181,0.076757,0.075812,-0.000223,-0.001019,-0.001200,-0.001165,0.000224,0.000005,-0.001005,-0.000014,-0.028807,0.000039,-0.028768,-0.028768,-0.028768,-0.014384,-0.014384,0,0,1,0,0.000000,0.090000,0.012000,0.001000,4.500000,0.080000,24.000000,0.030000,0.000000
10.605000,0.300000,0.440000,0.057291,-0.000000,0.057291,0.012920,0.000000,-0.012920,0.076037,0.000182,0.076757,0.075813,-0.000224,-0.001023,-0.001205,-0.001163,0.000222,0.000003,-0.001008,-0.000015,-0.028912,-0.000015,-0.028927,-0.028927,-0.028927,-0.014464,-0.014464,0,0,1,0,0.000000,0.090000,0.012000,0.001000,4.500000,0.080000,24.000000,0.030000,0.000000
10.610000,0.300000,0.440000,0.057353,-0.000000,0.057353,0.012896,0.000000,-0.012896,0.076039,0.000183,0.076757,0.075814,-0.000225,-0.001025,-0.001208,-0.001161,0.000221,0.000005,-0.001010,-0.000015,-0.028999,-0.000022,-0.029020,-0.029020,-0.029020,-0.014510,-0.014510,0,0,1,0,0.000000,0.090000,0.012000,0.001000,4.500000,0.080000,24.000000,0.030000,0.000000
10.615000,0.300000,0.440000,0.057416,-0.000000,0.057416,0.012872,0.000000,-0.012872,0.076039,0.000183,0.076757,0.075816,-0.000223,-0.001019,-0.001202,-0.001158,0.000221,0.000005,-0.001004,-0.000015,-0.028848,0.000038,-0.028810,-0.028810,-0.028810,-0.014405,-0.014405,0,0,1,0,0.000000,0.090000,0.012000,0.001000,4.500000,0.080000,24.000000,0.030000,0.000000
10.620000,0.300000,0.440000,0.057478,-0.000000,0.057478,0.012848,0.000000,-0.012848,0.076039,0.000183,0.076757,0.075817,-0.000222,-0.001012,-0.001196,-0.001156,0.000220,0.000005,-0.000998,-0.000015,-0.028697,0.000038,-0.028660,-0.028660,-0.028660,-0.014330,-0.014330,0,0,1,0,0.000000,0.090000,0.012000,0.001000,4.500000,0.080000,24.000000,0.030000,0.000000
10.625000,0.300000,0.440000,0.057540,-0.000000,0.057540,0.012824,0.000000,-0.012824,0.076041,0.000182,0.076757,0.075818,-0.000222,-0.001015,-0.001197,-0.001154,0.000219,0.000005,-0.001000,-0.000015,-0.028727,-0.000008,-0.028735,-0.028735,-0.028735,-0.014368,-0.014368,0,0,1,0,0.000000,0.090000,0.012000,0.001000,4.500000,0.080000,24.000000,0.030000,0.000000
10.630000,0.300000,0.440000,0.057601,-0.000000,0.057601,0.012801,0.000000,-0.012801,0.076041,0.000182,0.076757,0.075820,-0.000221,-0.001008,-0.001191,-0.001152,0.000218,0.000005,-0.000994,-0.000015,-0.028579,0.000037,-0.028542,-0.028542,-0.028542,-0.014271,-0.014271,0,0,1,0,0.000000,0.090000,0.012000,0.001000,4.500000,0.080000,24.000000,0.030000,0.000000
10.635000,0.300000,0.440000,0.057663,-0.000000,0.057663,0.012777,0.000000,-0.012777,0.076042,0.000181,0.076757,0.075821,-0.000221,-0.001010,-0.001191,-0.001150,0.000218,0.000005,-0.000995,-0.000014,-0.028588,-0.000002,-0.028590,-0.028590,-0.028590,-0.014295,-0.014295,0,0,1,0,0.000000,0.090000,0.012000,0.001000,4.500000,0.080000,24.000000,0.030000,0.000000
10.640000,0.300000,0.440000,0.057725,-0.000000,0.057725,0.012754,0.000000,-0.012754,0.076042,0.000181,0.076757,0.075822,-0.000220,-0.001004,-0.001185,-0.001148,0.000217,0.000005,-0.000989,-0.000014,-0.028440,0.000037,-0.028403,-0.028403,-0.028403,-0.014202,-0.014202,0,0,1,0,0.000000,0.090000,0.012000,0.001000,4.500000,0.080000,24.000000,0.030000,0.000000
10.645000,0.300000,0.440000,0.057786,-0.000000,0.057786,0.012730,0.000000,-0.012730,0.076044,0.000179,0.076757,0.075824,-0.000220,-0.001005,-0.001184,-0.001146,0.000216,0.000005,-0.000991,-0.000014,-0.028426,0.000003,-0.028423,-0.028423,-0.028423,-0.014211,-0.014211,0,0,1,0,0.000000,0.090000,0.012000,0.001000,4.500000,0.080000,24.000000,0.030000,0.000000
10.650000,0.300000,0.440000,0.057847,-0.000000,0.057847,0.012707,0.000000,-0.012707,0.076044,0.000179,0.076757,0.075825,-0.000219,-0.000999,-0.001178,-0.001144,0.000215,0.000005,-0.000985,-0.000014,-0.028279,0.000037,-0.028243,-0.028243,-0.028243,-0.014121,-0.014121,0,0,1,0,0.000000,0.090000,0.012000,0.001000,4.500000,0.080000,24.000000,0.030000,0.000000
10.655000,0.300000,0.440000,0.057909,-0.000000,0.057909,0.012683,0.000000,-0.012683,0.076046,0.000178,0.076757,0.075827,-0.000219,-0.001001,-0.001178,-0.001141,0.000215,0.000005,-0.000986,-0.000014,-0.028280,-0.000000,-0.028281,-0.028281,-0.028281,-0.014140,-0.014140,0,0,1,0,0.000000,0.090000,0.012000,0.001000,4.500000,0.080000,24.000000,0.030000,0.000000
10.660000,0.300000,0.440000,0.057970,-0.000000,0.057970,0.012660,0.000000,-0.012660,0.076046,0.000178,0.076757,0.075828,-0.000218,-0.000995,-0.001172,-0.001139,0.000214,0.000005,-0.000980,-0.000014,-0.028134,0.000037,-0.028097,-0.028097,-0.028097,-0.014049,-0.014049,0,0,1,0,0.000000,0.090000,0.012000,0.001000,4.500000,0.080000,24.000000,0.030000,0.000000
10.665000,0.300000,0.440000,0.058031,-0.000000,0.058031,0.012636,0.000000,-0.012636,0.076048,0.000177,0.076757,0.075829,-0.000218,-0.000996,-0.001173,-0.001137,0.000213,0.000005,-0.000982,-0.000014,-0.028157,-0.000006,-0.028163,-0.028163,-0.028163,-0.014082,-0.014082,0,0,1,0,0.000000,0.090000,0.012000,0.001000,4.500000,0.080000,24.000000,0.030000,0.000000
10.674000,0.300000,0.440000,0.058152,-0.000000,0.058152,0.012589,0.000000,-0.012589,0.076049,0.000177,0.076757,0.075831,-0.000218,-0.000997,-0.001174,-0.001133,0.000212,0.000005,-0.000983,-0.000014,-0.028171,-0.000002,-0.028173,-0.028173,-0.028173,-0.014086,-0.014086,0,0,1,0,0.000000,0.090000,0.012000,0.001000,4.500000,0.080000,24.000000,0.030000,0.000000
10.679000,0.300000,0.440000,0.058213,-0.000000,0.058213,0.012566,0.000000,-0.012566,0.076049,0.000177,0.076757,0.075832,-0.000217,-0.000990,-0.001167,-0.001131,0.000211,0.000005,-0.000976,-0.000014,-0.028005,0.000041,-0.027964,-0.027964,-0.027964,-0.013982,-0.013982,0,0,1,0,0.000000,0.090000,0.012000,0.001000,4.500000,0.080000,24.000000,0.030000,0.000000
10.684000,0.300000,0.440000,0.058274,-0.000000,0.058274,0.012543,0.000000,-0.012543,0.076051,0.000177,0.076757,0.075834,-0.000217,-0.000991,-0.001167,-0.001129,0.000210,0.000005,-0.000977,-0.000014,-0.028018,-0.000003,-0.028022,-0.028022,-0.028022,-0.014011,-0.014011,0,0,1,0,0.000000,0.090000,0.012000,0.001000,4.500000,0.080000,24.000000,0.030000,0.000000
10.689000,0.300000,0.440000,0.058334,-0.000000,0.058334,0.012519,0.000000,-0.012519,0.076051,0.000177,0.076757,0.075835,-0.000216,-0.000984,-0.001161,-0.001127,0.000209,0.000005,-0.000970,-0.000014,-0.027858,0.000040,-0.027818,-0.027818,-0.027818,-0.013909,-0.013909,0,0,1,0,0.000000,0.090000,0.012000,0.001000,4.500000,0.080000,24.000000,0.030000,0.000000
10.694000,0.300000,0.440000,0.058394,-0.000000,0.058394,0.012496,0.000000,-0.012496,0.076053,0.000176,0.076757,0.075837,-0.000216,-0.000985,-0.001161,-0.001125,0.000209,0.000005,-0.000971,-0.000014,-0.027876,-0.000004,-0.027880,-0.027880,-0.027880,-0.013940,-0.013940,0,0,1,0,0.000000,0.090000,0.012000,0.001000,4.500000,0.080000,24.000000,0.030000,0.000000
10.699000,0.300000,0.440000,0.058455,-0.000000,0.058455,0.012473,0.000000,-0.012473,0.076053,0.000176,0.076757,0.075838,-0.000214,-0.000979,-0.001155,-0.001123,0.000208,0.000005,-0.000965,-0.000014,-0.027720,0.000039,-0.027681,-0.027681,-0.027681,-0.013841,-0.013841,0,0,1,0,0.000000,0.090000,0.012000,0.001000,4.500000,0.080000,24.000000,0.030000,0.000000
10.704000,0.300000,0.440000,0.058515,-0.000000,0.058515,0.012450,0.000000,-0.012450,0.076055,0.000176,0.076757,0.075840,-0.000215,-0.000980,-0.001156,-0.001120,0.000207,0.000005,-0.000966,-0.000014,-0.027749,-0.000007,-0.027757,-0.027757,-0.027757,-0.013878,-0.013878,0,0,1,0,0.000000,0.090000,0.012000,0.001000,4.500000,0.080000,24.000000,0.030000,0.000000
10.709000,0.300000,0.440000,0.058575,-0.000000,0.058575,0.012426,0.000000,-0.012426,0.076055,0.000176,0.076757,0.075841,-0.000213,-0.000974,-0.001150,-0.001118,0.000206,0.000005,-0.000960,-0.000014,-0.027597,0.000038,-0.027558,-0.027558,-0.027558,-0.013779,-0.013779,0,0,1,0,0.000000,0.090000,0.012000,0.001000,4.500000,0.080000,24.000000,0.030000,0.000000
10.714000,0.300000,0.440000,0.058634,-0.000000,0.058634,0.012403,0.000000,-0.012403,0.076056,0.000176,0.076757,0.075843,-0.000214,-0.000976,-0.001152,-0.001116,0.000206,0.000005,-0.000962,-0.000014,-0.027640,-0.000011,-0.027651,-0.027651,-0.027651,-0.013826,-0.013826,0,0,1,0,0.000000,0.090000,0.012000,0.001000,4.500000,0.080000,24.000000,0.030000,0.000000
10.719000,0.300000,0.440000,0.058694,-0.000000,0.058694,0.012380,0.000000,-0.012380,0.076056,0.000176,0.076757,0.075844,-0.000212,-0.000969,-0.001145,-0.001114,0.000205,0.000005,-0.000955,-0.000014,-0.027490,0.000038,-0.027452,-0.027452,-0.027452,-0.013726,-0.013726,0,0,1,0,0.000000,0.090000,0.012000,0.001000,4.500000,0.080000,24.000000,0.030000,0.000000
10.728000,0.300000,0.440000,0.058813,-0.000000,0.058813,0.012333,0.000000,-0.012333,0.076058,0.000176,0.076757,0.075846,-0.000212,-0.000970,-0.001146,-0.001110,0.000204,0.000005,-0.000956,-0.000014,-0.027514,-0.000003,-0.027517,-0.027517,-0.027517,-0.013758,-0.013758,0,0,1,0,0.000000,0.090000,0.012000,0.001000,4.500000,0.080000,24.000000,0.030000,0.000000
10.733000,0.300000,0.440000,0.058873,-0.000000,0.058873,0.012310,0.000000,-0.012310,0.076060,0.000178,0.076757,0.075847,-0.000213,-0.000971,-0.001149,-0.001108,0.000203,0.000005,-0.000957,-0.000014,-0.027570,-0.000014,-0.027584,-0.027584,-0.027584,-0.013792,-0.013792,0,0,1,0,0.000000,0.090000,0.012000,0.001000,4.500000,0.080000,24.000000,0.030000,0.000000
10.738000,0.300000,0.440000,0.058932,-0.000000,0.058932,0.012287,0.000000,-0.012287,0.076060,0.000178,0.076757,0.075849,-0.000211,-0.000964,-0.001142,-0.001106,0.000202,0.000005,-0.000950,-0.000014,-0.027405,0.000041,-0.027364,-0.027364,-0.027364,-0.013682,-0.013682,0,0,1,0,0.000000,0.090000,0.012000,0.001000,4.500000,0.080000,24.000000,0.030000,0.000000
10.743000,0.300000,0.440000,0.058991,-0.000000,0.058991,0.012264,0.000000,-0.012264,0.076062,0.000177,0.076757,0.075850,-0.000211,-0.000966,-0.001143,-0.001104,0.000201,0.000005,-0.000951,-0.000014,-0.027435,-0.000007,-0.027443,-0.027443,-0.027443,-0.013721,-0.013721,0,0,1,0,0.000000,0.090000,0.012000,0.001000,4.500000,0.080000,24.000000,0.030000,0.000000
10.748000,0.300000,0.440000,0.059050,-0.000000,0.059050,0.012241,0.000000,-0.012241,0.076062,0.000177,0.076757,0.075852,-0.000210,-0.000959,-0.001137,-0.001102,0.000201,0.000005,-0.000945,-0.000014,-0.027276,0.000040,-0.027237,-0.027237,-0.027237,-0.013618,-0.013618,0,0,1,0,0.000000,0.090000,0.012000,0.001000,4.500000,0.080000,24.000000,0.030000,0.000000
10.753000,0.300000,0.440000,0.059109,-0.000000,0.059109,0.012218,0.000000,-0.012218,0.076063,0.000177,0.076757,0.075853,-0.000210,-0.000960,-0.001137,-0.001100,0.000200,0.000005,-0.000946,-0.000014,-0.027290,-0.000003,-0.027294,-0.027294,-0.027294,-0.013647,-0.013647,0,0,1,0,0.000000,0.090000,0.012000,0.001000,4.500000,0.080000,24.000000,0.030000,0.000000
10.758000,0.300000,0.440000,0.059168,-0.000000,0.059168,0.012195,0.000000,-0.012195,0.076063,0.000177,0.076757,0.075855,-0.000209,-0.000954,-0.001131,-0.001098,0.000199,0.000005,-0.000940,-0.000014,-0.027137,0.000038,-0.027098,-0.027098,-0.027098,-0.013549,-0.013549,0,0,1,0,0.000000,0.090000,0.012000,0.001000,4.500000,0.080000,24.000000,0.030000,0.000000
10.763000,0.300000,0.440000,0.059227,-0.000000,0.059227,0.012173,0.000000,-0.012173,0.076065,0.000176,0.076757,0.075856,-0.000209,-0.000955,-0.001131,-0.001096,0.000198,0.000005,-0.000941,-0.000014,-0.027145,-0.000002,-0.027148,-0.027148,-0.027148,-0.013574,-0.013574,0,0,1,0,0.000000,0.090000,0.012000,0.001000,4.500000,0.080000,24.000000,0.030000,0.000000
10.768000,0.300000,0.440000,0.059285,-0.000000,0.059285,0.012150,0.000000,-0.012150,0.076065,0.000176,0.076757,0.075857,-0.000208,-0.000949,-0.001125,-0.001093,0.000198,0.000005,-0.000935,-0.000014,-0.026995,0.000038,-0.026957,-0.026957,-0.026957,-0.013479,-0.013479,0,0,1,0,0.000000,0.090000,0.012000,0.001000,4.500000,0.080000,24.000000,0.030000,0.000000
10.773000,0.300000,0.440000,0.059344,-0.000000,0.059344,0.012127,0.000000,-0.012127,0.076067,0.000175,0.076757,0.075859,-0.000208,-0.000951,-0.001125,-0.001091,0.000197,0.000005,-0.000937,-0.000014,-0.027008,-0.000003,-0.027012,-0.027012,-0.027012,-0.013506,-0.013506,0,0,1,0,0.000000,0.090000,0.012000,0.001000,4.500000,0.080000,24.000000,0.030000,0.000000
10.778000,0.300000,0.440000,0.059402,-0.000000,0.059402,0.012105,0.000000,-0.012105,0.076067,0.000175,0.076757,0.075860,-0.000207,-0.000944,-0.001119,-0.001089,0.000196,0.000005,-0.000930,-0.000014,-0.026860,0.000037,-0.026823,-0.026823,-0.026823,-0.013412,-0.013412,0,0,1,0,0.000000,0.090000,0.012000,0.001000,4.500000,0.080000,24.000000,0.030000,0.000000
10.787000,0.300000,0.440000,0.059519,-0.000000,0.059519,0.012059,0.000000,-0.012059,0.076069,0.000174,0.076757,0.075862,-0.000207,-0.000945,-0.001119,-0.001085,0.000195,0.000005,-0.000931,-0.000014,-0.026853,0.000001,-0.026852,-0.026852,-0.026852,-0.013426,-0.013426,0,0,1,0,0.000000,0.090000,0.012000,0.001000,4.500000,0.080000,24.000000,0.030000,0.000000
10.792000,0.300000,0.440000,0.059577,-0.000000,0.059577,0.012036,0.000000,-0.012036,0.076070,0.000174,0.076757,0.075863,-0.000207,-0.000946,-0.001120,-0.001083,0.000194,0.000005,-0.000932,-0.000014,-0.026881,-0.000007,-0.026888,-0.026888,-0.026888,-0.013444,-0.013444,0,0,1,0,0.000000,0.090000,0.012000,0.001000,4.500000,0.080000,24.000000,0.030000,0.000000
10.797000,0.300000,0.440000,0.059635,-0.000000,0.059635,0.012014,0.000000,-0.012014,0.076070,0.000174,0.076757,0.075865,-0.000206,-0.000939,-0.001113,-0.001081,0.000194,0.000005,-0.000925,-0.000014,-0.026719,0.000040,-0.026679,-0.026679,-0.026679,-0.013339,-0.013339,0,0,1,0,0.000000,0.090000,0.012000,0.001000,4.500000,0.080000,24.000000,0.030000,0.000000
10.802000,0.300000,0.440000,0.059693,-0.000000,0.059693,0.011991,0.000000,-0.011991,0.076072,0.000174,0.076757,0.075866,-0.000206,-0.000940,-0.001114,-0.001079,0.000193,0.000005,-0.000926,-0.000014,-0.026734,-0.000004,-0.026738,-0.026738,-0.026738,-0.013369,-0.013369,0,0,1,0,0.000000,0.090000,0.012000,0.001000,4.500000,0.080000,24.000000,0.030000,0.000000
10.807000,0.300000,0.440000,0.059751,-0.000000,0.059751,0.011969,0.000000,-0.011969,0.076072,0.000174,0.076757,0.075868,-0.000204,-0.000934,-0.001107,-0.001077,0.000192,0.000005,-0.000920,-0.000014,-0.026578,0.000039,-0.026539,-0.026539,-0.026539,-0.013270,-0.013270,0,0,1,0,0.000000,0.090000,0.012000,0.001000,4.500000,0.080000,24.000000,0.030000,0.000000
10.812000,0.300000,0.440000,0.059808,-0.000000,0.059808,0.011946,0.000000,-0.011946,0.076074,0.000173,0.076757,0.075869,-0.000205,-0.000935,-0.001108,-0.001075,0.000191,0.000004,-0.000921,-0.000014,-0.026594,-0.000004,-0.026597,-0.026597,-0.026597,-0.013299,-0.013299,0,0,1,0,0.000000,0.090000,0.012000,0.001000,4.500000,0.080000,24.000000,0.030000,0.000000
10.817000,0.300000,0.440000,0.059866,-0.000000,0.059866,0.011924,0.000000,-0.011924,0.076074,0.000173,0.076757,0.075871,-0.000203,-0.000929,-0.001102,-0.001073,0.000191,0.000004,-0.000915,-0.000014,-0.026442,0.000038,-0.026404,-0.026404,-0.026404,-0.013202,-0.013202,0,0,1,0,0.000000,0.090000,0.012000,0.001000,4.500000,0.080000,24.000000,0.030000,0.000000
10.822000,0.300000,0.440000,0.059923,-0.000000,0.059923,0.011902,0.000000,-0.011902,0.076076,0.000173,0.076757,0.075872,-0.000204,-0.000930,-0.001103,-0.001071,0.000190,0.000004,-0.000916,-0.000014,-0.026466,-0.000006,-0.026472,-0.026472,-0.026472,-0.013236,-0.013236,0,0,1,0,0.000000,0.090000,0.012000,0.001000,4.500000,0.080000,24.000000,0.030000,0.000000
10.827000,0.300000,0.440000,0.059980,-0.000000,0.059980,0.011879,0.000000,-0.011879,0.076076,0.000173,0.076757,0.075873,-0.000202,-0.000924,-0.001097,-0.001069,0.000189,0.000004,-0.000910,-0.000014,-0.026318,0.000037,-0.026281,-0.026281,-0.026281,-0.013140,-0.013140,0,0,1,0,0.000000,0.090000,0.012000,0.001000,4.500000,0.080000,24.000000,0.030000,0.000000
10.832000,0.300000,0.440000,0.060038,-0.000000,0.060038,0.011857,0.000000,-0.011857,0.076077,0.000173,0.076757,0.075875,-0.000203,-0.000925,-0.001098,-0.001067,0.000189,0.000004,-0.000912,-0.000014,-0.026355,-0.000009,-0.026364,-0.026364,-0.026364,-0.013182,-0.013182,0,0,1,0,0.000000,0.090000,0.012000,0.001000,4.500000,0.080000,24.000000,0.030000,0.000000
10.837000,0.300000,0.440000,0.060095,-0.000000,0.060095,0.011834,0.000000,-0.011834,0.076077,0.000173,0.076757,0.075876,-0.000201,-0.000919,-0.001092,-0.001065,0.000188,0.000004,-0.000906,-0.000014,-0.026209,0.000037,-0.026172,-0.026172,-0.026172,-0.013086,-0.013086,0,0,1,0,0.000000,0.090000,0.012000,0.001000,4.500000,0.080000,24.000000,0.030000,0.000000
10.846000,0.300000,0.440000,0.060209,-0.000000,0.060209,0.011790,0.000000,-0.011790,0.076079,0.000173,0.076757,0.075878,-0.000201,-0.000920,-0.001093,-0.001061,0.000187,0.000005,-0.000906,-0.000014,-0.026227,-0.000003,-0.026230,-0.026230,-0.026230,-0.013115,-0.013115,0,0,1,0,0.000000,0.090000,0.012000,0.001000,4.500000,0.080000,24.000000,0.030000,0.000000
10.851000,0.300000,0.440000,0.060265,-0.000000,0.060265,0.011767,0.000000,-0.011767,0.076081,0.000174,0.076757,0.075879,-0.000202,-0.000921,-0.001095,-0.001059,0.000186,0.000004,-0.000907,-0.000014,-0.026278,-0.000013,-0.026291,-0.026291,-0.026291,-0.013146,-0.013146,0,0,1,0,0.000000,0.090000,0.012000,0.001000,4.500000,0.080000,24.000000,0.030000,0.000000
10.856000,0.300000,0.440000,0.060322,-0.000000,0.060322,0.011745,0.000000,-0.011745,0.076081,0.000174,0.076757,0.075881,-0.000200,-0.000914,-0.001088,-0.001057,0.000185,0.000004,-0.000900,-0.000014,-0.026119,0.000040,-0.026079,-0.026079,-0.026079,-0.013039,-0.013039,0,0,1,0,0.000000,0.090000,0.012000,0.001000,4.500000,0.080000,24.000000,0.030000,0.000000
10.861000,0.300000,0.440000,0.060378,-0.000000,0.060378,0.011723,0.000000,-0.011723,0.076083,0.000174,0.076757,0.075882,-0.000200,-0.000916,-0.001089,-0.001055,0.000184,0.000004,-0.000902,-0.000014,-0.026147,-0.000007,-0.026154,-0.026154,-0.026154,-0.013077,-0.013077,0,0,1,0,0.000000,0.090000,0.012000,0.001000,4.500000,0.080000,24.000000,0.030000,0.000000
10.866000,0.300000,0.440000,0.060435,-0.000000,0.060435,0.011701,0.000000,-0.011701,0.076083,0.000174,0.076757,0.075884,-0.000199,-0.000909,-0.001083,-0.001053,0.000184,0.000004,-0.000895,-0.000014,-0.025993,0.000038,-0.025955,-0.025955,-0.025955,-0.012977,-0.012977,0,0,1,0,0.000000,0.090000,0.012000,0.001000,4.500000,0.080000,24.000000,0.030000,0.000000
10.871000,0.300000,0.440000,0.060491,-0.000000,0.060491,0.011678,0.000000,-0.011678,0.076084,0.000173,0.076757,0.075885,-0.000199,-0.000911,-0.001084,-0.001051,0.000183,0.000004,-0.000897,-0.000014,-0.026010,-0.000004,-0.026014,-0.026014,-0.026014,-0.013007,-0.013007,0,0,1,0,0.000000,0.090000,0.012000,0.001000,4.500000,0.080000,24.000000,0.030000,0.000000
10.876000,0.300000,0.440000,0.060547,-0.000000,0.060547,0.011656,0.000000,-0.011656,0.076084,0.000173,0.076757,0.075886,-0.000198,-0.000905,-0.001078,-0.001049,0.000182,0.000004,-0.000891,-0.000014,-0.025860,0.000037,-0.025823,-0.025823,-0.025823,-0.012911,-0.012911,0,0,1,0,0.000000,0.090000,0.012000,0.001000,4.500000,0.080000,24.000000,0.030000,0.000000
10.881000,0.300000,0.440000,0.060604,-0.000000,0.060604,0.011634,0.000000,-0.011634,0.076086,0.000172,0.076757,0.075888,-0.000198,-0.000906,-0.001078,-0.001047,0.000182,0.000004,-0.000892,-0.000014,-0.025874,-0.000003,-0.025877,-0.025877,-0.025877,-0.012939,-0.012939,0,0,1,0,0.000000,0.090000,0.012000,0.001000,4.500000,0.080000,24.000000,0.030000,0.000000
10.886000,0.300000,0.440000,0.060660,-0.000000,0.060660,0.011612,0.000000,-0.011612,0.076086,0.000172,0.076757,0.075889,-0.000197,-0.000900,-0.001072,-0.001045,0.000181,0.000004,-0.000886,-0.000014,-0.025728,0.000037,-0.025691,-0.025691,-0.025691,-0.012846,-0.012846,0,0,1,0,0.000000,0.090000,0.012000,0.001000,4.500000,0.080000,24.000000,0.030000,0.000000
10.891000,0.300000,0.440000,0.060716,-0.000000,0.060716,0.011591,0.000000,-0.011591,0.076088,0.000171,0.076757,0.075890,-0.000197,-0.000901,-0.001073,-0.001043,0.000180,0.000004,-0.000888,-0.000014,-0.025747,-0.000005,-0.025751,-0.025751,-0.025751,-0.012876,-0.012876,0,0,1,0,0.000000,0.090000,0.012000,0.001000,4.500000,0.080000,24.000000,0.030000,0.000000
10.896000,0.300000,0.440000,0.060771,-0.000000,0.060771,0.011569,0.000000,-0.011569,0.076088,0.000171,0.076757,0.075892,-0.000196,-0.000895,-0.001067,-0.001041,0.000180,0.000004,-0.000882,-0.000014,-0.025603,0.000036,-0.025567,-0.025567,-0.025567,-0.012783,-0.012783,0,0,1,0,0.000000,0.090000,0.012000,0.001000,4.500000,0.080000,24.000000,0.030000,0.000000
10.901000,0.300000,0.440000,0.060771,-0.000000,0.060771,0.011569,0.000000,-0.011569,0.076089,0.000171,0.076757,0.075892,-0.000197,-0.000901,-0.001072,-0.001041,0.000179,0.000000,-0.000888,-0.000014,-0.025735,-0.000033,-0.025768,-0.025768,-0.025768,-0.012884,-0.012884,0,0,1,0,0.000000,0.090000,0.012000,0.001000,4.500000,0.080000,24.000000,0.030000,0.000000
10.906000,0.300000,0.440000,0.060883,-0.000000,0.060883,0.011525,0.000000,-0.011525,0.076089,0.000171,0.076757,0.075894,-0.000195,-0.000892,-0.001063,-0.001037,0.000178,0.000009,-0.000878,-0.000014,-0.025507,0.000057,-0.025450,-0.025450,-0.025450,-0.012725,-0.012725,0,0,1,0,0.000000,0.090000,0.012000,0.001000,4.500000,0.080000,24.000000,0.030000,0.000000
10.915000,0.300000,0.440000,0.060938,-0.000000,0.060938,0.011503,0.000000,-0.011503,0.076091,0.000170,0.076757,0.075895,-0.000196,-0.000895,-0.001066,-0.001035,0.000177,0.000002,-0.000881,-0.000014,-0.025572,-0.000009,-0.025581,-0.025581,-0.025581,-0.012791,-0.012791,0,0,1,0,0.000000,0.090000,0.012000,0.001000,4.500000,0.080000,24.000000,0.030000,0.000000
10.920000,0.300000,0.440000,0.060994,-0.000000,0.060994,0.011481,0.000000,-0.011481,0.076091,0.000170,0.076757,0.075896,-0.000195,-0.000889,-0.001060,-0.001033,0.000176,0.000004,-0.000876,-0.000014,-0.025432,0.000035,-0.025397,-0.025397,-0.025397,-0.012699,-0.012699,0,0,1,0,0.000000,0.090000,0.012000,0.001000,4.500000,0.080000,24.000000,0.030000,0.000000
10.925000,0.300000,0.440000,0.061049,-0.000000,0.061049,0.011459,0.000000,-0.011459,0.076093,0.000171,0.076757,0.075898,-0.000195,-0.000891,-0.001062,-0.001031,0.000176,0.000004,-0.000878,-0.000014,-0.025483,-0.000013,-0.025496,-0.025496,-0.025496,-0.012748,-0.012748,0,0,1,0,0.000000,0.090000,0.012000,0.001000,4.500000,0.080000,24.000000,0.030000,0.000000
10.930000,0.300000,0.440000,0.061104,-0.000000,0.061104,0.011438,0.000000,-0.011438,0.076093,0.000171,0.076757,0.075899,-0.000194,-0.000885,-0.001056,-0.001029,0.000175,0.000004,-0.000872,-0.000014,-0.025345,0.000035,-0.025310,-0.025310,-0.025310,-0.012655,-0.012655,0,0,1,0,0.000000,0.090000,0.012000,0.001000,4.500000,0.080000,24.000000,0.030000,0.000000
10.935000,0.300000,0.440000,0.061159,-0.000000,0.061159,0.011416,0.000000,-0.011416,0.076094,0.000170,0.076757,0.075900,-0.000194,-0.000887,-0.001058,-0.001027,0.000174,0.000004,-0.000874,-0.000014,-0.025382,-0.000009,-0.025391,-0.025391,-0.025391,-0.012696,-0.012696,0,0,1,0,0.000000,0.090000,0.012000,0.001000,4.500000,0.080000,24.000000,0.030000,0.000000
10.940000,0.300000,0.440000,0.061214,-0.000000,0.061214,0.011394,0.000000,-0.011394,0.076094,0.000170,0.076757,0.075902,-0.000193,-0.000881,-0.001052,-0.001025,0.000173,0.000004,-0.000868,-0.000014,-0.025244,0.000034,-0.025210,-0.025210,-0.025210,-0.012605,-0.012605,0,0,1,0,0.000000,0.090000,0.012000,0.001000,4.500000,0.080000,24.000000,0.030000,0.000000
10.945000,0.300000,0.440000,0.061269,-0.000000,0.061269,0.011373,0.000000,-0.011373,0.076096,0.000169,0.076757,0.075903,-0.000193,-0.000883,-0.001052,-0.001024,0.000173,0.000004,-0.000870,-0.000014,-0.025256,-0.000003,-0.025259,-0.025259,-0.025259,-0.012630,-0.012630,0,0,1,0,0.000000,0.090000,0.012000,0.001000,4.500000,0.080000,24.000000,0.030000,0.000000
10.950000,0.300000,0.440000,0.061324,-0.000000,0.061324,0.011351,0.000000,-0.011351,0.076096,0.000169,0.076757,0.075904,-0.000192,-0.000877,-0.001047,-0.001022,0.000172,0.000004,-0.000864,-0.000014,-0.025119,0.000034,-0.025085,-0.025085,-0.025085,-0.012542,-0.012542,0,0,1,0,0.000000,0.090000,0.012000,0.001000,4.500000,0.080000,24.000000,0.030000,0.000000
10.959000,0.300000,0.440000,0.061433,-0.000000,0.061433,0.011308,0.000000,-0.011308,0.076098,0.000168,0.076757,0.075906,-0.000192,-0.000878,-0.001046,-0.001018,0.000171,0.000005,-0.000864,-0.000013,-0.025106,0.000002,-0.025104,-0.025104,-0.025104,-0.012552,-0.012552,0,0,1,0,0.000000,0.090000,0.012000,0.001000,4.500000,0.080000,24.000000,0.030000,0.000000
10.964000,0.300000,0.440000,0.061487,-0.000000,0.061487,0.011287,0.000000,-0.011287,0.076099,0.000168,0.076757,0.075907,-0.000192,-0.000879,-0.001047,-0.001016,0.000170,0.000004,-0.000865,-0.000013,-0.025121,-0.000004,-0.025124,-0.025124,-0.025124,-0.012562,-0.012562,0,0,1,0,0.000000,0.090000,0.012000,0.001000,4.500000,0.080000,24.000000,0.030000,0.000000
10.969000,0.300000,0.440000,0.061542,-0.000000,0.061542,0.011265,0.000000,-0.011265,0.076099,0.000168,0.076757,0.075909,-0.000191,-0.000873,-0.001040,-0.001014,0.000170,0.000004,-0.000859,-0.000013,-0.024969,0.000038,-0.024931,-0.024931,-0.024931,-0.012466,-0.012466,0,0,1,0,0.000000,0.090000,0.012000,0.001000,4.500000,0.080000,24.000000,0.030000,0.000000
10.974000,0.300000,0.440000,0.061596,-0.000000,0.061596,0.011244,0.000000,-0.011244,0.076101,0.000167,0.076757,0.075910,-0.000191,-0.000874,-0.001041,-0.001012,0.000169,0.000004,-0.000860,-0.000013,-0.024972,-0.000001,-0.024973,-0.024973,-0.024973,-0.012486,-0.012486,0,0,1,0,0.000000,0.090000,0.012000,0.001000,4.500000,0.080000,24.000000,0.030000,0.000000
10.979000,0.300000,0.440000,0.061650,-0.000000,0.061650,0.011223,0.000000,-0.011223,0.076101,0.000167,0.076757,0.075911,-0.000190,-0.000868,-0.001034,-0.001010,0.000168,0.000004,-0.000854,-0.000013,-0.024826,0.000037,-0.024789,-0.024789,-0.024789,-0.012394,-0.012394,0,0,1,0,0.000000,0.090000,0.012000,0.001000,4.500000,0.080000,24.000000,0.030000,0.000000
10.984000,0.300000,0.440000,0.061704,-0.000000,0.061704,0.011201,0.000000,-0.011201,0.076103,0.000166,0.076757,0.075913,-0.000190,-0.000869,-0.001035,-0.001008,0.000168,0.000004,-0.000855,-0.000013,-0.024831,-0.000001,-0.024832,-0.024832,-0.024832,-0.012416,-0.012416,0,0,1,0,0.000000,0.090000,0.012000,0.001000,4.500000,0.080000,24.000000,0.030000,0.000000
10.989000,0.300000,0.440000,0.061758,-0.000000,0.061758,0.011180,0.000000,-0.011180,0.076103,0.000166,0.076757,0.075914,-0.000189,-0.000863,-0.001029,-0.001006,0.000167,0.000004,-0.000850,-0.000013,-0.024688,0.000036,-0.024652,-0.024652,-0.024652,-0.012326,-0.012326,0,0,1,0,0.000000,0.090000,0.012000,0.001000,4.500000,0.080000,24.000000,0.030000,0.000000
10.994000,0.300000,0.440000,0.061812,-0.000000,0.061812,0.011159,0.000000,-0.011159,0.076104,0.000165,0.076757,0.075915,-0.000189,-0.000864,-0.001029,-0.001004,0.000166,0.000004,-0.000851,-0.000013,-0.024705,-0.000004,-0.024710,-0.024710,-0.024710,-0.012355,-0.012355,0,0,1,0,0.000000,0.090000,0.012000,0.001000,4.500000,0.080000,24.000000,0.030000,0.000000
10.999000,0.300000,0.440000,0.061865,-0.000000,0.061865,0.011138,0.000000,-0.011138,0.076104,0.000165,0.076757,0.075917,-0.000188,-0.000858,-0.001024,-0.001002,0.000166,0.000004,-0.000845,-0.000013,-0.024565,0.000035,-0.024530,-0.024530,-0.024530,-0.012265,-0.012265,0,0,1,0,0.000000,0.090000,0.012000,0.001000,4.500000,0.080000,24.000000,0.030000,0.000000
11.004000,0.300000,0.440000,0.061919,-0.000000,0.061919,0.011116,0.000000,-0.011116,0.076106,0.000165,0.076757,0.075918,-0.000188,-0.000860,-0.001025,-0.001000,0.000165,0.000004,-0.000847,-0.000013,-0.024600,-0.000009,-0.024608,-0.024608,-0.024608,-0.012304,-0.012304,0,0,1,0,0.000000,0.090000,0.012000,0.001000,4.500000,0.080000,24.000000,0.030000,0.000000
11.009000,0.300000,0.440000,0.061972,-0.000000,0.061972,0.011095,0.000000,-0.011095,0.076106,0.000165,0.076757,0.075919,-0.000187,-0.000854,-0.001019,-0.000999,0.000164,0.000004,-0.000841,-0.000013,-0.024461,0.000035,-0.024426,-0.024426,-0.024426,-0.012213,-0.012213,0,0,1,0,0.000000,0.090000,0.012000,0.001000,4.500000,0.080000,24.000000,0.030000,0.000000
11.018000,0.300000,0.440000,0.062079,-0.000000,0.062079,0.011053,0.000000,-0.011053,0.076108,0.000165,0.076757,0.075921,-0.000187,-0.000855,-0.001020,-0.000995,0.000163,0.000005,-0.000841,-0.000013,-0.024482,-0.000003,-0.024485,-0.024485,-0.024485,-0.012242,-0.012242,0,0,1,0,0.000000,0.090000,0.012000,0.001000,4.500000,0.080000,24.000000,0.030000,0.000000
11.023000,0.300000,0.440000,0.062132,-0.000000,0.062132,0.011031,0.000000,-0.011031,0.076109,0.000167,0.076757,0.075922,-0.000187,-0.000856,-0.001022,-0.000993,0.000162,0.000004,-0.000843,-0.000013,-0.024538,-0.000014,-0.024552,-0.024552,-0.024552,-0.012276,-0.012276,0,0,1,0,0.000000,0.090000,0.012000,0.001000,4.500000,0.080000,24.000000,0.030000,0.000000
11.028000,0.300000,0.440000,0.062185,-0.000000,0.062185,0.011010,0.000000,-0.011010,0.076109,0.000167,0.076757,0.075924,-0.000186,-0.000849,-0.001016,-0.000991,0.000162,0.000004,-0.000836,-0.000013,-0.024386,0.000038,-0.024348,-0.024348,-0.024348,-0.012174,-0.012174,0,0,1,0,0.000000,0.090000,0.012000,0.001000,4.500000,0.080000,24.000000,0.030000,0.000000
11.033000,0.300000,0.440000,0.062238,-0.000000,0.062238,0.010989,0.000000,-0.010989,0.076111,0.000167,0.076757,0.075925,-0.000186,-0.000851,-0.001018,-0.000989,0.000161,0.000004,-0.000838,-0.000013,-0.024421,-0.000009,-0.024430,-0.024430,-0.024430,-0.012215,-0.012215,0,0,1,0,0.000000,0.090000,0.012000,0.001000,4.500000,0.080000,24.000000,0.030000,0.000000
11.038000,0.300000,0.440000,0.062291,-0.000000,0.062291,0.010968,0.000000,-0.010968,0.076111,0.000167,0.076757,0.075926,-0.000185,-0.000845,-0.001011,-0.000987,0.000160,0.000004,-0.000831,-0.000013,-0.024274,0.000037,-0.024238,-0.024238,-0.024238,-0.012119,-0.012119,0,0,1,0,0.000000,0.090000,0.012000,0.001000,4.500000,0.080000,24.000000,0.030000,0.000000
11.043000,0.300000,0.440000,0.062344,-0.000000,0.062344,0.010947,0.000000,-0.010947,0.076113,0.000166,0.076757,0.075928,-0.000185,-0.000846,-0.001012,-0.000985,0.000160,0.000004,-0.000833,-0.000013,-0.024297,-0.000006,-0.024302,-0.024302,-0.024302,-0.012151,-0.012151,0,0,1,0,0.000000,0.090000,0.012000,0.001000,4.500000,0.080000,24.000000,0.030000,0.000000
11.048000,0.300000,0.440000,0.062397,-0.000000,0.062397,0.010926,0.000000,-0.010926,0.076113,0.000166,0.076757,0.075929,-0.000184,-0.000840,-0.001006,-0.000983,0.000159,0.000004,-0.000827,-0.000013,-0.024154,0.000036,-0.024118,-0.024118,-0.024118,-0.012059,-0.012059,0,0,1,0,0.000000,0.090000,0.012000,0.001000,4.500000,0.080000,24.000000,0.030000,0.000000
11.053000,0.300000,0.440000,0.062449,-0.000000,0.062449,0.010905,0.000000,-0.010905,0.076114,0.000165,0.076757,0.075930,-0.000184,-0.000842,-0.001007,-0.000981,0.000158,0.000004,-0.000828,-0.000013,-0.024171,-0.000004,-0.024176,-0.024176,-0.024176,-0.012088,-0.012088,0,0,1,0,0.000000,0.090000,0.012000,0.001000,4.500000,0.080000,24.000000,0.030000,0.000000
11.058000,0.300000,0.440000,0.062502,-0.000000,0.062502,0.010884,0.000000,-0.010884,0.076114,0.000165,0.076757,0.075932,-0.000183,-0.000836,-0.001001,-0.000980,0.000158,0.000004,-0.000823,-0.000013,-0.024032,0.000035,-0.023997,-0.023997,-0.023997,-0.011998,-0.011998,0,0,1,0,0.000000,0.090000,0.012000,0.001000,4.500000,0.080000,24.000000,0.030000,0.000000
11.063000,0.300000,0.440000,0.062554,-0.000000,0.062554,0.010863,0.000000,-0.010863,0.076116,0.000165,0.076757,0.075933,-0.000183,-0.000837,-0.001002,-0.000978,0.000157,0.000004,-0.000824,-0.000013,-0.024051,-0.000005,-0.024056,-0.024056,-0.024056,-0.012028,-0.012028,0,0,1,0,0.000000,0.090000,0.012000,0.001000,4.500000,0.080000,24.000000,0.030000,0.000000
11.068000,0.300000,0.440000,0.062606,-0.000000,0.062606,0.010843,0.000000,-0.010843,0.076116,0.000165,0.076757,0.075934,-0.000182,-0.000832,-0.000996,-0.000976,0.000156,0.000004,-0.000818,-0.000013,-0.023914,0.000034,-0.023879,-0.023879,-0.023879,-0.011940,-0.011940,0,0,1,0,0.000000,0.090000,0.012000,0.001000,4.500000,0.080000,24.000000,0.030000,0.000000
11.073000,0.300000,0.440000,0.062659,-0.000000,0.062659,0.010822,0.000000,-0.010822,0.076118,0.000164,0.076757,0.075935,-0.000182,-0.000833,-0.000998,-0.000974,0.000156,0.000004,-0.000820,-0.000013,-0.023940,-0.000007,-0.023947,-0.023947,-0.023947,-0.011973,-0.011973,0,0,1,0,0.000000,0.090000,0.012000,0.001000,4.500000,0.080000,24.000000,0.030000,0.000000
11.078000,0.300000,0.440000,0.062711,-0.000000,0.062711,0.010801,0.000000,-0.010801,0.076118,0.000164,0.076757,0.075937,-0.000181,-0.000828,-0.000992,-0.000972,0.000155,0.000004,-0.000814,-0.000013,-0.023804,0.000034,-0.023770,-0.023770,-0.023770,-0.011885,-0.011885,0,0,1,0,0.000000,0.090000,0.012000,0.001000,4.500000,0.080000,24.000000,0.030000,0.000000
11.083000,0.300000,0.440000,0.062763,-0.000000,0.062763,0.010780,0.000000,-0.010780,0.076119,0.000164,0.076757,0.075938,-0.000181,-0.000829,-0.000993,-0.000970,0.000154,0.000004,-0.000816,-0.000013,-0.023841,-0.000009,-0.023850,-0.023850,-0.023850,-0.011925,-0.011925,0,0,1,0,0.000000,0.090000,0.012000,0.001000,4.500000,0.080000,24.000000,0.030000,0.000000
11.092000,0.300000,0.440000,0.062866,-0.000000,0.062866,0.010739,0.000000,-0.010739,0.076121,0.000164,0.076757,0.075939,-0.000182,-0.000830,-0.000994,-0.000966,0.000153,0.000005,-0.000817,-0.000013,-0.023857,-0.000002,-0.023859,-0.023859,-0.023859,-0.011929,-0.011929,0,0,1,0,0.000000,0.090000,0.012000,0.001000,4.500000,0.080000,24.000000,0.030000,0.000000
11.097000,0.300000,0.440000,0.062918,-0.000000,0.062918,0.010718,0.000000,-0.010718,0.076121,0.000164,0.076757,0.075941,-0.000180,-0.000824,-0.000988,-0.000965,0.000153,0.000004,-0.000810,-0.000013,-0.023705,0.000038,-0.023668,-0.023668,-0.023668,-0.011834,-0.011834,0,0,1,0,0.000000,0.090000,0.012000,0.001000,4.500000,0.080000,24.000000,0.030000,0.000000
11.102000,0.300000,0.440000,0.062970,-0.000000,0.062970,0.010698,0.000000,-0.010698,0.076122,0.000163,0.076757,0.075942,-0.000180,-0.000825,-0.000988,-0.000963,0.000152,0.000004,-0.000812,-0.000013,-0.023709,-0.000001,-0.023710,-0.023710,-0.023710,-0.011855,-0.011855,0,0,1,0,0.000000,0.090000,0.012000,0.001000,4.500000,0.080000,24.000000,0.030000,0.000000
11.107000,0.300000,0.440000,0.063021,-0.000000,0.063021,0.010677,0.000000,-0.010677,0.076122,0.000163,0.076757,0.075943,-0.000179,-0.000819,-0.000982,-0.000961,0.000151,0.000004,-0.000806,-0.000013,-0.023564,0.000036,-0.023528,-0.023528,-0.023528,-0.011764,-0.011764,0,0,1,0,0.000000,0.090000,0.012000,0.001000,4.500000,0.080000,24.000000,0.030000,0.000000
11.112000,0.300000,0.440000,0.063072,-0.000000,0.063072,0.010657,0.000000,-0.010657,0.076124,0.000162,0.076757,0.075945,-0.000179,-0.000820,-0.000982,-0.000959,0.000151,0.000004,-0.000807,-0.000013,-0.023566,-0.000000,-0.023567,-0.023567,-0.023567,-0.011783,-0.011783,0,0,1,0,0.000000,0.090000,0.012000,0.001000,4.500000,0.080000,24.000000,0.030000,0.000000
11.117000,0.300000,0.440000,0.063124,-0.000000,0.063124,0.010636,0.000000,-0.010636,0.076124,0.000162,0.076757,0.075946,-0.000178,-0.000814,-0.000976,-0.000957,0.000150,0.000004,-0.000801,-0.000013,-0.023425,0.000035,-0.023390,-0.023390,-0.023390,-0.011695,-0.011695,0,0,1,0,0.000000,0.090000,0.012000,0.001000,4.500000,0.080000,24.000000,0.030000,0.000000
11.122000,0.300000,0.440000,0.063175,-0.000000,0.063175,0.010616,0.000000,-0.010616,0.076126,0.000161,0.076757,0.075947,-0.000178,-0.000815,-0.000977,-0.000955,0.000149,0.000004,-0.000802,-0.000013,-0.023437,-0.000003,-0.023440,-0.023440,-0.023440,-0.011720,-0.011720,0,0,1,0,0.000000,0.090000,0.012000,0.001000,4.500000,0.080000,24.000000,0.030000,0.000000
11.127000,0.300000,0.440000,0.063226,-0.000000,0.063226,0.010595,0.000000,-0.010595,0.076126,0.000161,0.076757,0.075949,-0.000177,-0.000809,-0.000971,-0.000954,0.000149,0.000004,-0.000797,-0.000013,-0.023299,0.000034,-0.023265,-0.023265,-0.023265,-0.011632,-0.011632,0,0,1,0,0.000000,0.090000,0.012000,0.001000,4.500000,0.080000,24.000000,0.030000,0.000000
11.132000,0.300000,0.440000,0.063277,-0.000000,0.063277,0.010575,0.000000,-0.010575,0.076127,0.000161,0.076757,0.075950,-0.000177,-0.000811,-0.000972,-0.000952,0.000148,0.000004,-0.000798,-0.000013,-0.023327,-0.000007,-0.023334,-0.023334,-0.023334,-0.011667,-0.011667,0,0,1,0,0.000000,0.090000,0.012000,0.001000,4.500000,0.080000,24.000000,0.030000,0.000000
11.137000,0.300000,0.440000,0.063328,-0.000000,0.063328,0.010555,0.000000,-0.010555,0.076127,0.000161,0.076757,0.075951,-0.000176,-0.000805,-0.000966,-0.000950,0.000148,0.000004,-0.000792,-0.000013,-0.023192,0.000034,-0.023158,-0.023158,-0.023158,-0.011579,-0.011579,0,0,1,0,0.000000,0.090000,0.012000,0.001000,4.500000,0.080000,24.000000,0.030000,0.000000
11.142000,0.300000,0.440000,0.063379,-0.000000,0.063379,0.010534,0.000000,-0.010534,0.076129,0.000161,0.076757,0.075952,-0.000176,-0.000807,-0.000968,-0.000948,0.000147,0.000004,-0.000794,-0.000013,-0.023238,-0.000012,-0.023250,-0.023250,-0.023250,-0.011625,-0.011625,0,0,1,0,0.000000,0.090000,0.012000,0.001000,4.500000,0.080000,24.000000,0.030000,0.000000
11.151000,0.300000,0.440000,0.063480,-0.000000,0.063480,0.010493,0.000000,-0.010493,0.076131,0.000162,0.076757,0.075954,-0.000177,-0.000808,-0.000970,-0.000944,0.000146,0.000005,-0.000795,-0.000013,-0.023270,-0.000004,-0.023274,-0.023274,-0.023274,-0.011637,-0.011637,0,0,1,0,0.000000,0.090000,0.012000,0.001000,4.500000,0.080000,24.000000,0.030000,0.000000
11.156000,0.300000,0.440000,0.063530,-0.000000,0.063530,0.010473,0.000000,-0.010473,0.076131,0.000162,0.076757,0.075955,-0.000175,-0.000801,-0.000963,-0.000943,0.000145,0.000004,-0.000788,-0.000013,-0.023119,0.000038,-0.023082,-0.023082,-0.023082,-0.011541,-0.011541,0,0,1,0,0.000000,0.090000,0.012000,0.001000,4.500000,0.080000,24.000000,0.030000,0.000000
11.161000,0.300000,0.440000,0.063581,-0.000000,0.063581,0.010453,0.000000,-0.010453,0.076132,0.000162,0.076757,0.075957,-0.000175,-0.000803,-0.000964,-0.000941,0.000145,0.000004,-0.000790,-0.000013,-0.023140,-0.000005,-0.023145,-0.023145,-0.023145,-0.011573,-0.011573,0,0,1,0,0.000000,0.090000,0.012000,0.001000,4.500000,0.080000,24.000000,0.030000,0.000000
11.166000,0.300000,0.440000,0.063631,-0.000000,0.063631,0.010433,0.000000,-0.010433,0.076132,0.000162,0.076757,0.075958,-0.000174,-0.000797,-0.000958,-0.000939,0.000144,0.000004,-0.000784,-0.000013,-0.022996,0.000036,-0.022960,-0.022960,-0.022960,-0.011480,-0.011480,0,0,1,0,0.000000,0.090000,0.012000,0.001000,4.500000,0.080000,24.000000,0.030000,0.000000
11.171000,0.300000,0.440000,0.063681,-0.000000,0.063681,0.010412,0.000000,-0.010412,0.076134,0.000161,0.076757,0.075959,-0.000174,-0.000798,-0.000959,-0.000937,0.000143,0.000004,-0.000785,-0.000013,-0.023012,-0.000004,-0.023016,-0.023016,-0.023016,-0.011508,-0.011508,0,0,1,0,0.000000,0.090000,0.012000,0.001000,4.500000,0.080000,24.000000,0.030000,0.000000
11.176000,0.300000,0.440000,0.063731,-0.000000,0.063731,0.010392,0.000000,-0.010392,0.076134,0.000161,0.076757,0.075961,-0.000173,-0.000792,-0.000953,-0.000935,0.000143,0.000004,-0.000779,-0.000013,-0.022872,0.000035,-0.022837,-0.022837,-0.022837,-0.011419,-0.011419,0,0,1,0,0.000000,0.090000,0.012000,0.001000,4.500000,0.080000,24.000000,0.030000,0.000000
11.181000,0.300000,0.440000,0.063781,-0.000000,0.063781,0.010372,0.000000,-0.010372,0.076135,0.000160,0.076757,0.075962,-0.000173,-0.000793,-0.000954,-0.000933,0.000142,0.000004,-0.000781,-0.000013,-0.022892,-0.000005,-0.022897,-0.022897,-0.022897,-0.011448,-0.011448,0,0,1,0,0.000000,0.090000,0.012000,0.001000,4.500000,0.080000,24.000000,0.030000,0.000000
11.186000,0.300000,0.440000,0.063831,-0.000000,0.063831,0.010352,0.000000,-0.010352,0.076135,0.000160,0.076757,0.075963,-0.000172,-0.000788,-0.000948,-0.000932,0.000141,0.000004,-0.000775,-0.000013,-0.022755,0.000034,-0.022721,-0.022721,-0.022721,-0.011361,-0.011361,0,0,1,0,0.000000,0.090000,0.012000,0.001000,4.500000,0.080000,24.000000,0.030000,0.000000
11.191000,0.300000,0.440000,0.063881,-0.000000,0.063881,0.010332,0.000000,-0.010332,0.076137,0.000160,0.076757,0.075964,-0.000173,-0.000789,-0.000949,-0.000930,0.000141,0.000004,-0.000776,-0.000013,-0.022785,-0.000007,-0.022792,-0.022792,-0.022792,-0.011396,-0.011396,0,0,1,0,0.000000,0.090000,0.012000,0.001000,4.500000,0.080000,24.000000,0.030000,0.000000
11.196000,0.300000,0.440000,0.063931,-0.000000,0.063931,0.010312,0.000000,-0.010312,0.076137,0.000160,0.076757,0.075966,-0.000171,-0.000784,-0.000944,-0.000928,0.000140,0.000004,-0.000771,-0.000013,-0.022651,0.000033,-0.022617,-0.022617,-0.022617,-0.011309,-0.011309,0,0,1,0,0.000000,0.090000,0.012000,0.001000,4.500000,0.080000,24.000000,0.030000,0.000000
11.201000,0.300000,0.440000,0.063980,-0.000000,0.063980,0.010292,0.000000,-0.010292,0.076139,0.000160,0.076757,0.075967,-0.000172,-0.000785,-0.000945,-0.000926,0.000140,0.000004,-0.000772,-0.000013,-0.022692,-0.000010,-0.022702,-0.022702,-0.022702,-0.011351,-0.011351,0,0,1,0,0.000000,0.090000,0.012000,0.001000,4.500000,0.080000,24.000000,0.030000,0.000000
11.206000,0.300000,0.440000,0.064030,-0.000000,0.064030,0.010272,0.000000,-0.010272,0.076139,0.000160,0.076757,0.075968,-0.000170,-0.000780,-0.000940,-0.000924,0.000139,0.000004,-0.000767,-0.000013,-0.022560,0.000033,-0.022526,-0.022526,-0.022526,-0.011263,-0.011263,0,0,1,0,0.000000,0.090000,0.012000,0.001000,4.500000,0.080000,24.000000,0.030000,0.000000
11.215000,0.300000,0.440000,0.064128,-0.000000,0.064128,0.010232,0.000000,-0.010232,0.076140,0.000160,0.076757,0.075970,-0.000171,-0.000780,-0.000941,-0.000921,0.000138,0.000004,-0.000768,-0.000013,-0.022582,-0.000003,-0.022586,-0.022586,-0.022586,-0.011293,-0.011293,0,0,1,0,0.000000,0.090000,0.012000,0.001000,4.500000,0.080000,24.000000,0.030000,0.000000
11.220000,0.300000,0.440000,0.064178,-0.000000,0.064178,0.010212,0.000000,-0.010212,0.076142,0.000161,0.076757,0.075971,-0.000171,-0.000782,-0.000943,-0.000919,0.000137,0.000004,-0.000769,-0.000013,-0.022633,-0.000013,-0.022646,-0.022646,-0.022646,-0.011323,-0.011323,0,0,1,0,0.000000,0.090000,0.012000,0.001000,4.500000,0.080000,24.000000,0.030000,0.000000
11.225000,0.300000,0.440000,0.064178,-0.000000,0.064178,0.010212,0.000000,-0.010212,0.076142,0.000161,0.076757,0.075971,-0.000170,-0.000780,-0.000941,-0.000919,0.000137,0.000000,-0.000767,-0.000013,-0.022582,0.000013,-0.022570,-0.022570,-0.022570,-0.011285,-0.011285,0,0,1,0,0.000000,0.090000,0.012000,0.001000,4.500000,0.080000,24.000000,0.030000,0.000000
11.230000,0.300000,0.440000,0.064227,-0.000000,0.064227,0.010192,0.000000,-0.010192,0.076142,0.000161,0.076757,0.075973,-0.000169,-0.000774,-0.000936,-0.000917,0.000136,0.000004,-0.000761,-0.000013,-0.022455,0.000032,-0.022423,-0.022423,-0.022423,-0.011212,-0.011212,0,0,1,0,0.000000,0.090000,0.012000,0.001000,4.500000,0.080000,24.000000,0.030000,0.000000
11.235000,0.300000,0.440000,0.064276,-0.000000,0.064276,0.010172,0.000000,-0.010172,0.076143,0.000161,0.076757,0.075974,-0.000170,-0.000776,-0.000937,-0.000915,0.000135,0.000004,-0.000763,-0.000013,-0.022498,-0.000011,-0.022508,-0.022508,-0.022508,-0.011254,-0.011254,0,0,1,0,0.000000,0.090000,0.012000,0.001000,4.500000,0.080000,24.000000,0.030000,0.000000
11.240000,0.300000,0.440000,0.064325,-0.000000,0.064325,0.010152,0.000000,-0.010152,0.076143,0.000161,0.076757,0.075975,-0.000168,-0.000771,-0.000932,-0.000914,0.000135,0.000004,-0.000758,-0.000013,-0.022371,0.000032,-0.022340,-0.022340,-0.022340,-0.011170,-0.011170,0,0,1,0,0.000000,0.090000,0.012000,0.001000,4.500000,0.080000,24.000000,0.030000,0.000000
11.245000,0.300000,0.440000,0.064373,-0.000000,0.064373,0.010133,0.000000,-0.010133,0.076145,0.000160,0.076757,0.075976,-0.000169,-0.000773,-0.000933,-0.000912,0.000134,0.000004,-0.000760,-0.000013,-0.022393,-0.000005,-0.022398,-0.022398,-0.022398,-0.011199,-0.011199,0,0,1,0,0.000000,0.090000,0.012000,0.001000,4.500000,0.080000,24.000000,0.030000,0.000000
11.250000,0.300000,0.440000,0.064422,-0.000000,0.064422,0.010113,0.000000,-0.010113,0.076145,0.000160,0.076757,0.075977,-0.000168,-0.000768,-0.000928,-0.000910,0.000134,0.000004,-0.000755,-0.000013,-0.022267,0.000031,-0.022236,-0.022236,-0.022236,-0.011118,-0.011118,0,0,1,0,0.000000,0.090000,0.012000,0.001000,4.500000,0.080000,24.000000,0.030000,0.000000
11.255000,0.300000,0.440000,0.064471,-0.000000,0.064471,0.010093,0.000000,-0.010093,0.076147,0.000159,0.076757,0.075978,-0.000168,-0.000769,-0.000928,-0.000908,0.000133,0.000004,-0.000757,-0.000013,-0.022283,-0.000004,-0.022287,-0.022287,-0.022287,-0.011143,-0.011143,0,0,1,0,0.000000,0.090000,0.012000,0.001000,4.500000,0.080000,24.000000,0.030000,0.000000
11.260000,0.300000,0.440000,0.064519,-0.000000,0.064519,0.010074,0.000000,-0.010074,0.076147,0.000159,0.076757,0.075980,-0.000167,-0.000764,-0.000923,-0.000907,0.000132,0.000004,-0.000751,-0.000013,-0.022157,0.000031,-0.022126,-0.022126,-0.022126,-0.011063,-0.011063,0,0,1,0,0.000000,0.090000,0.012000,0.001000,4.500000,0.080000,24.000000,0.030000,0.000000
11.265000,0.300000,0.440000,0.064568,-0.000000,0.064568,0.010054,0.000000,-0.010054,0.076148,0.000158,0.076757,0.075981,-0.000167,-0.000766,-0.000924,-0.000905,0.000132,0.000004,-0.000753,-0.000013,-0.022172,-0.000004,-0.022176,-0.022176,-0.022176,-0.011088,-0.011088,0,0,1,0,0.000000,0.090000,0.012000,0.001000,4.500000,0.080000,24.000000,0.030000,0.000000
11.270000,0.300000,0.440000,0.064616,-0.000000,0.064616,0.010035,0.000000,-0.010035,0.076148,0.000158,0.076757,0.075982,-0.000166,-0.000761,-0.000919,-0.000903,0.000131,0.000004,-0.000748,-0.000013,-0.022047,0.000031,-0.022016,-0.022016,-0.022016,-0.011008,-0.011008,0,0,1,0,0.000000,0.090000,0.012000,0.001000,4.500000,0.080000,24.000000,0.030000,0.000000
11.275000,0.300000,0.440000,0.064664,-0.000000,0.064664,0.010015,0.000000,-0.010015,0.076150,0.000157,0.076757,0.075983,-0.000167,-0.000762,-0.000919,-0.000901,0.000131,0.000004,-0.000750,-0.000013,-0.022066,-0.000005,-0.022070,-0.022070,-0.022070,-0.011035,-0.011035,0,0,1,0,0.000000,0.090000,0.012000,0.001000,4.500000,0.080000,24.000000,0.030000,0.000000
11.284000,0.300000,0.440000,0.064761,-0.000000,0.064761,0.009976,0.000000,-0.009976,0.076151,0.000157,0.076757,0.075984,-0.000167,-0.000763,-0.000919,-0.000898,0.000129,0.000004,-0.000750,-0.000013,-0.022064,0.000000,-0.022064,-0.022064,-0.022064,-0.011032,-0.011032,0,0,1,0,0.000000,0.090000,0.012000,0.001000,4.500000,0.080000,24.000000,0.030000,0.000000
11.289000,0.300000,0.440000,0.064809,-0.000000,0.064809,0.009957,0.000000,-0.009957,0.076151,0.000157,0.076757,0.075986,-0.000165,-0.000757,-0.000913,-0.000896,0.000129,0.000004,-0.000744,-0.000013,-0.021923,0.000035,-0.021888,-0.021888,-0.021888,-0.010944,-0.010944,0,0,1,0,0.000000,0.090000,0.012000,0.001000,4.500000,0.080000,24.000000,0.030000,0.000000
11.294000,0.300000,0.440000,0.064857,-0.000000,0.064857,0.009938,0.000000,-0.009938,0.076153,0.000155,0.076757,0.075987,-0.000166,-0.000758,-0.000913,-0.000894,0.000128,0.000004,-0.000745,-0.000012,-0.021914,0.000002,-0.021911,-0.021911,-0.021911,-0.010956,-0.010956,0,0,1,0,0.000000,0.090000,0.012000,0.001000,4.500000,0.080000,24.000000,0.030000,0.000000
11.299000,0.300000,0.440000,0.064904,-0.000000,0.064904,0.009918,0.000000,-0.009918,0.076153,0.000155,0.076757,0.075988,-0.000164,-0.000752,-0.000907,-0.000893,0.000128,0.000004,-0.000740,-0.000012,-0.021778,0.000034,-0.021744,-0.021744,-0.021744,-0.010872,-0.010872,0,0,1,0,0.000000,0.090000,0.012000,0.001000,4.500000,0.080000,24.000000,0.030000,0.000000
11.304000,0.300000,0.440000,0.064952,-0.000000,0.064952,0.009899,0.000000,-0.009899,0.076154,0.000154,0.076757,0.075990,-0.000165,-0.000753,-0.000907,-0.000891,0.000127,0.000004,-0.000741,-0.000012,-0.021772,0.000001,-0.021770,-0.021770,-0.021770,-0.010885,-0.010885,0,0,1,0,0.000000,0.090000,0.012000,0.001000,4.500000,0.080000,24.000000,0.030000,0.000000
11.309000,0.300000,0.440000,0.065000,-0.000000,0.065000,0.009880,0.000000,-0.009880,0.076154,0.000154,0.076757,0.075991,-0.000163,-0.000748,-0.000902,-0.000889,0.000127,0.000004,-0.000735,-0.000012,-0.021640,0.000033,-0.021607,-0.021607,-0.021607,-0.010803,-0.010803,0,0,1,0,0.000000,0.090000,0.012000,0.001000,4.500000,0.080000,24.000000,0.030000,0.000000
11.314000,0.300000,0.440000,0.065047,-0.000000,0.065047,0.009861,0.000000,-0.009861,0.076156,0.000153,0.076757,0.075992,-0.000164,-0.000749,-0.000902,-0.000887,0.000126,0.000004,-0.000737,-0.000012,-0.021650,-0.000002,-0.021652,-0.021652,-0.021652,-0.010826,-0.010826,0,0,1,0,0.000000,0.090000,0.012000,0.001000,4.500000,0.080000,24.000000,0.030000,0.000000
11.319000,0.300000,0.440000,0.065095,-0.000000,0.065095,0.009841,0.000000,-0.009841,0.076156,0.000153,0.076757,0.075993,-0.000163,-0.000744,-0.000897,-0.000886,0.000125,0.000004,-0.000731,-0.000012,-0.021520,0.000032,-0.021488,-0.021488,-0.021488,-0.010744,-0.010744,0,0,1,0,0.000000,0.090000,0.012000,0.001000,4.500000,0.080000,24.000000,0.030000,0.000000
11.324000,0.300000,0.440000,0.065142,-0.000000,0.065142,0.009822,0.000000,-0.009822,0.076157,0.000153,0.076757,0.075994,-0.000163,-0.000745,-0.000898,-0.000884,0.000125,0.000004,-0.000733,-0.000012,-0.021552,-0.000008,-0.021560,-0.021560,-0.021560,-0.010780,-0.010780,0,0,1,0,0.000000,0.090000,0.012000,0.001000,4.500000,0.080000,24.000000,0.030000,0.000000
11.329000,0.300000,0.440000,0.065189,-0.000000,0.065189,0.009803,0.000000,-0.009803,0.076157,0.000153,0.076757,0.075996,-0.000162,-0.000740,-0.000893,-0.000882,0.000124,0.000004,-0.000727,-0.000012,-0.021424,0.000032,-0.021392,-0.021392,-0.021392,-0.010696,-0.010696,0,0,1,0,0.000000,0.090000,0.012000,0.001000,4.500000,0.080000,24.000000,0.030000,0.000000
11.334000,0.300000,0.440000,0.065236,-0.000000,0.065236,0.009784,0.000000,-0.009784,0.076159,0.000154,0.076757,0.075997,-0.000162,-0.000741,-0.000895,-0.000881,0.000124,0.000004,-0.000729,-0.000012,-0.021478,-0.000013,-0.021491,-0.021491,-0.021491,-0.010746,-0.010746,0,0,1,0,0.000000,0.090000,0.012000,0.001000,4.500000,0.080000,24.000000,0.030000,0.000000
11.339000,0.300000,0.440000,0.065283,-0.000000,0.065283,0.009764,0.000000,-0.009764,0.076159,0.000154,0.076757,0.075998,-0.000161,-0.000736,-0.000890,-0.000879,0.000123,0.000004,-0.000724,-0.000012,-0.021351,0.000032,-0.021319,-0.021319,-0.021319,-0.010659,-0.010659,0,0,1,0,0.000000,0.090000,0.012000,0.001000,4.500000,0.080000,24.000000,0.030000,0.000000
11.344000,0.300000,0.440000,0.065330,-0.000000,0.065330,0.009745,0.000000,-0.009745,0.076160,0.000154,0.076757,0.075999,-0.000161,-0.000738,-0.000892,-0.000877,0.000122,0.000004,-0.000726,-0.000012,-0.021419,-0.000017,-0.021437,-0.021437,-0.021437,-0.010718,-0.010718,0,0,1,0,0.000000,0.090000,0.012000,0.001000,4.500000,0.080000,24.000000,0.030000,0.000000
11.353000,0.300000,0.440000,0.065424,-0.000000,0.065424,0.009707,0.000000,-0.009707,0.076162,0.000156,0.076757,0.076001,-0.000161,-0.000739,-0.000894,-0.000874,0.000121,0.000004,-0.000726,-0.000012,-0.021466,-0.000006,-0.021472,-0.021472,-0.021472,-0.010736,-0.010736,0,0,1,0,0.000000,0.090000,0.012000,0.001000,4.500000,0.080000,24.000000,0.030000,0.000000
11.358000,0.300000,0.440000,0.065470,-0.000000,0.065470,0.009687,0.000000,-0.009687,0.076162,0.000156,0.076757,0.076002,-0.000160,-0.000733,-0.000889,-0.000872,0.000121,0.000004,-0.000721,-0.000012,-0.021324,0.000035,-0.021289,-0.021289,-0.021289,-0.010644,-0.010644,0,0,1,0,0.000000,0.090000,0.012000,0.001000,4.500000,0.080000,24.000000,0.030000,0.000000
11.363000,0.300000,0.440000,0.065517,-0.000000,0.065517,0.009668,0.000000,-0.009668,0.076164,0.000155,0.076757,0.076003,-0.000160,-0.000734,-0.000890,-0.000870,0.000120,0.000004,-0.000722,-0.000012,-0.021349,-0.000006,-0.021355,-0.021355,-0.021355,-0.010677,-0.010677,0,0,1,0,0.000000,0.090000,0.012000,0.001000,4.500000,0.080000,24.000000,0.030000,0.000000
11.368000,0.300000,0.440000,0.065563,-0.000000,0.065563,0.009649,0.000000,-0.009649,0.076164,0.000155,0.076757,0.076004,-0.000159,-0.000729,-0.000884,-0.000868,0.000120,0.000004,-0.000716,-0.000012,-0.021213,0.000034,-0.021179,-0.021179,-0.021179,-0.010589,-0.010589,0,0,1,0,0.000000,0.090000,0.012000,0.001000,4.500000,0.080000,24.000000,0.030000,0.000000
11.373000,0.300000,0.440000,0.065610,-0.000000,0.065610,0.009630,0.000000,-0.009630,0.076165,0.000154,0.076757,0.076006,-0.000159,-0.000730,-0.000884,-0.000867,0.000119,0.000004,-0.000718,-0.000012,-0.021222,-0.000002,-0.021224,-0.021224,-0.021224,-0.010612,-0.010612,0,0,1,0,0.000000,0.090000,0.012000,0.001000,4.500000,0.080000,24.000000,0.030000,0.000000
11.378000,0.300000,0.440000,0.065656,-0.000000,0.065656,0.009612,0.000000,-0.009612,0.076165,0.000154,0.076757,0.076007,-0.000158,-0.000724,-0.000879,-0.000865,0.000118,0.000004,-0.000712,-0.000012,-0.021090,0.000033,-0.021057,-0.021057,-0.021057,-0.010529,-0.010529,0,0,1,0,0.000000,0.090000,0.012000,0.001000,4.500000,0.080000,24.000000,0.030000,0.000000
11.383000,0.300000,0.440000,0.065702,-0.000000,0.065702,0.009593,0.000000,-0.009593,0.076167,0.000153,0.076757,0.076008,-0.000159,-0.000726,-0.000879,-0.000863,0.000118,0.000004,-0.000713,-0.000012,-0.021094,-0.000001,-0.021095,-0.021095,-0.021095,-0.010547,-0.010547,0,0,1,0,0.000000,0.090000,0.012000,0.001000,4.500000,0.080000,24.000000,0.030000,0.000000
11.388000,0.300000,0.440000,0.065748,-0.000000,0.065748,0.009574,0.000000,-0.009574,0.076167,0.000153,0.076757,0.076009,-0.000157,-0.000720,-0.000874,-0.000862,0.000117,0.000004,-0.000708,-0.000012,-0.020966,0.000032,-0.020934,-0.020934,-0.020934,-0.010467,-0.010467,0,0,1,0,0.000000,0.090000,0.012000,0.001000,4.500000,0.080000,24.000000,0.030000,0.000000
11.393000,0.300000,0.440000,0.065795,-0.000000,0.065795,0.009555,0.000000,-0.009555,0.076168,0.000152,0.076757,0.076010,-0.000158,-0.000722,-0.000874,-0.000860,0.000117,0.000004,-0.000709,-0.000012,-0.020975,-0.000002,-0.020978,-0.020978,-0.020978,-0.010489,-0.010489,0,0,1,0,0.000000,0.090000,0.012000,0.001000,4.500000,0.080000,24.000000,0.030000,0.000000
11.398000,0.300000,0.440000,0.065840,-0.000000,0.065840,0.009536,0.000000,-0.009536,0.076168,0.000152,0.076757,0.076012,-0.000156,-0.000716,-0.000869,-0.000858,0.000116,0.000004,-0.000704,-0.000012,-0.020849,0.000032,-0.020818,-0.020818,-0.020818,-0.010409,-0.010409,0,0,1,0,0.000000,0.090000,0.012000,0.001000,4.500000,0.080000,24.000000,0.030000,0.000000
11.403000,0.300000,0.440000,0.065886,-0.000000,0.065886,0.009518,0.000000,-0.009518,0.076170,0.000152,0.076757,0.076013,-0.000157,-0.000718,-0.000870,-0.000857,0.000116,0.000004,-0.000706,-0.000012,-0.020871,-0.000006,-0.020877,-0.020877,-0.020877,-0.010438,-0.010438,0,0,1,0,0.000000,0.090000,0.012000,0.001000,4.500000,0.080000,24.000000,0.030000,0.000000
11.408000,0.300000,0.440000,0.065932,-0.000000,0.065932,0.009499,0.000000,-0.009499,0.076170,0.000152,0.076757,0.076014,-0.000156,-0.000713,-0.000864,-0.000855,0.000115,0.000004,-0.000701,-0.000012,-0.020747,0.000031,-0.020715,-0.020715,-0.020715,-0.010358,-0.010358,0,0,1,0,0.000000,0.090000,0.012000,0.001000,4.500000,0.080000,24.000000,0.030000,0.000000
11.417000,0.300000,0.440000,0.066023,-0.000000,0.066023,0.009461,0.000000,-0.009461,0.076171,0.000152,0.076757,0.076015,-0.000156,-0.000713,-0.000865,-0.000852,0.000114,0.000004,-0.000701,-0.000012,-0.020757,-0.000001,-0.020759,-0.020759,-0.020759,-0.010379,-0.010379,0,0,1,0,0.000000,0.090000,0.012000,0.001000,4.500000,0.080000,24.000000,0.030000,0.000000
11.422000,0.300000,0.440000,0.066069,-0.000000,0.066069,0.009443,0.000000,-0.009443,0.076173,0.000152,0.076757,0.076017,-0.000156,-0.000714,-0.000867,-0.000850,0.000113,0.000004,-0.000702,-0.000012,-0.020801,-0.000011,-0.020812,-0.020812,-0.020812,-0.010406,-0.010406,0,0,1,0,0.000000,0.090000,0.012000,0.001000,4.500000,0.080000,24.000000,0.030000,0.000000
11.427000,0.300000,0.440000,0.066114,-0.000000,0.066114,0.009424,0.000000,-0.009424,0.076173,0.000152,0.076757,0.076018,-0.000155,-0.000709,-0.000861,-0.000848,0.000113,0.000004,-0.000696,-0.000012,-0.020664,0.000034,-0.020630,-0.020630,-0.020630,-0.010315,-0.010315,0,0,1,0,0.000000,0.090000,0.012000,0.001000,4.500000,0.080000,24.000000,0.030000,0.000000
11.432000,0.300000,0.440000,0.066159,-0.000000,0.066159,0.009405,0.000000,-0.009405,0.076174,0.000152,0.076757,0.076019,-0.000155,-0.000710,-0.000862,-0.000846,0.000112,0.000004,-0.000698,-0.000012,-0.020694,-0.000007,-0.020701,-0.020701,-0.020701,-0.010351,-0.010351,0,0,1,0,0.000000,0.090000,0.012000,0.001000,4.500000,0.080000,24.000000,0.030000,0.000000
11.437000,0.300000,0.440000,0.066205,-0.000000,0.066205,0.009387,0.000000,-0.009387,0.076174,0.000152,0.076757,0.076020,-0.000154,-0.000704,-0.000857,-0.000845,0.000112,0.000004,-0.000692,-0.000012,-0.020562,0.000033,-0.020529,-0.020529,-0.020529,-0.010265,-0.010265,0,0,1,0,0.000000,0.090000,0.012000,0.001000,4.500000,0.080000,24.000000,0.030000,0.000000
11.442000,0.300000,0.440000,0.066250,-0.000000,0.066250,0.009368,0.000000,-0.009368,0.076176,0.000152,0.076757,0.076021,-0.000154,-0.000706,-0.000858,-0.000843,0.000111,0.000004,-0.000694,-0.000012,-0.020586,-0.000006,-0.020592,-0.020592,-0.020592,-0.010296,-0.010296,0,0,1,0,0.000000,0.090000,0.012000,0.001000,4.500000,0.080000,24.000000,0.030000,0.000000
11.447000,0.300000,0.440000,0.066295,-0.000000,0.066295,0.009350,0.000000,-0.009350,0.076176,0.000152,0.076757,0.076023,-0.000153,-0.000701,-0.000852,-0.000841,0.000111,0.000004,-0.000688,-0.000012,-0.020458,0.000032,-0.020426,-0.020426,-0.020426,-0.010213,-0.010213,0,0,1,0,0.000000,0.090000,0.012000,0.001000,4.500000,0.080000,24.000000,0.030000,0.000000
11.452000,0.300000,0.440000,0.066340,-0.000000,0.066340,0.009331,0.000000,-0.009331,0.076177,0.000151,0.076757,0.076024,-0.000153,-0.000702,-0.000853,-0.000840,0.000110,0.000004,-0.000690,-0.000012,-0.020481,-0.000006,-0.020487,-0.020487,-0.020487,-0.010244,-0.010244,0,0,1,0,0.000000,0.090000,0.012000,0.001000,4.500000,0.080000,24.000000,0.030000,0.000000
11.461000,0.300000,0.440000,0.066429,-0.000000,0.066429,0.009294,0.000000,-0.009294,0.076179,0.000151,0.076757,0.076025,-0.000153,-0.000702,-0.000853,-0.000836,0.000109,0.000004,-0.000690,-0.000012,-0.020482,-0.000000,-0.020482,-0.020482,-0.020482,-0.010241,-0.010241,0,0,1,0,0.000000,0.090000,0.012000,0.001000,4.500000,0.080000,24.000000,0.030000,0.000000
11.466000,0.300000,0.440000,0.066474,-0.000000,0.066474,0.009276,0.000000,-0.009276,0.076179,0.000151,0.076757,0.076027,-0.000152,-0.000697,-0.000848,-0.000835,0.000108,0.000004,-0.000685,-0.000012,-0.020342,0.000035,-0.020307,-0.020307,-0.020307,-0.010153,-0.010153,0,0,1,0,0.000000,0.090000,0.012000,0.001000,4.500000,0.080000,24.000000,0.030000,0.000000
11.471000,0.300000,0.440000,0.066519,-0.000000,0.066519,0.009258,0.000000,-0.009258,0.076180,0.000150,0.076757,0.076028,-0.000152,-0.000697,-0.000847,-0.000833,0.000108,0.000004,-0.000685,-0.000012,-0.020332,0.000002,-0.020330,-0.020330,-0.020330,-0.010165,-0.010165,0,0,1,0,0.000000,0.090000,0.012000,0.001000,4.500000,0.080000,24.000000,0.030000,0.000000
11.476000,0.300000,0.440000,0.066563,-0.000000,0.066563,0.009239,0.000000,-0.009239,0.076180,0.000150,0.076757,0.076029,-0.000151,-0.000692,-0.000842,-0.000832,0.000107,0.000004,-0.000680,-0.000012,-0.020199,0.000033,-0.020165,-0.020165,-0.020165,-0.010083,-0.010083,0,0,1,0,0.000000,0.090000,0.012000,0.001000,4.500000,0.080000,24.000000,0.030000,0.000000
11.481000,0.300000,0.440000,0.066607,-0.000000,0.066607,0.009221,0.000000,-0.009221,0.076182,0.000149,0.076757,0.076030,-0.000151,-0.000693,-0.000841,-0.000830,0.000107,0.000004,-0.000681,-0.000012,-0.020192,0.000002,-0.020190,-0.020190,-0.020190,-0.010095,-0.010095,0,0,1,0,0.000000,0.090000,0.012000,0.001000,4.500000,0.080000,24.000000,0.030000,0.000000
11.486000,0.300000,0.440000,0.066652,-0.000000,0.066652,0.009203,0.000000,-0.009203,0.076182,0.000149,0.076757,0.076031,-0.000150,-0.000687,-0.000836,-0.000828,0.000106,0.000004,-0.000676,-0.000012,-0.020063,0.000032,-0.020031,-0.020031,-0.020031,-0.010015,-0.010015,0,0,1,0,0.000000,0.090000,0.012000,0.001000,4.500000,0.080000,24.000000,0.030000,0.000000
11.491000,0.300000,0.440000,0.066696,-0.000000,0.066696,0.009185,0.000000,-0.009185,0.076183,0.000148,0.076757,0.076033,-0.000150,-0.000689,-0.000836,-0.000827,0.000106,0.000004,-0.000677,-0.000012,-0.020072,-0.000002,-0.020074,-0.020074,-0.020074,-0.010037,-0.010037,0,0,1,0,0.000000,0.090000,0.012000,0.001000,4.500000,0.080000,24.000000,0.030000,0.000000
11.496000,0.300000,0.440000,0.066740,-0.000000,0.066740,0.009167,0.000000,-0.009167,0.076183,0.000148,0.076757,0.076034,-0.000149,-0.000683,-0.000831,-0.000825,0.000105,0.000004,-0.000672,-0.000012,-0.019947,0.000031,-0.019915,-0.019915,-0.019915,-0.009958,-0.009958,0,0,1,0,0.000000,0.090000,0.012000,0.001000,4.500000,0.080000,24.000000,0.030000,0.000000
11.501000,0.300000,0.440000,0.066784,-0.000000,0.066784,0.009148,0.000000,-0.009148,0.076184,0.000148,0.076757,0.076035,-0.000150,-0.000685,-0.000832,-0.000823,0.000105,0.000004,-0.000673,-0.000012,-0.019979,-0.000008,-0.019987,-0.019987,-0.019987,-0.009993,-0.009993,0,0,1,0,0.000000,0.090000,0.012000,0.001000,4.500000,0.080000,24.000000,0.030000,0.000000
11.506000,0.300000,0.440000,0.066828,-0.000000,0.066828,0.009130,0.000000,-0.009130,0.076184,0.000148,0.076757,0.076036,-0.000148,-0.000680,-0.000827,-0.000822,0.000104,0.000004,-0.000668,-0.000012,-0.019855,0.000031,-0.019824,-0.019824,-0.019824,-0.009912,-0.009912,0,0,1,0,0.000000,0.090000,0.012000,0.001000,4.500000,0.080000,24.000000,0.030000,0.000000
11.511000,0.300000,0.440000,0.066872,-0.000000,0.066872,0.009112,0.000000,-0.009112,0.076186,0.000148,0.076757,0.076037,-0.000149,-0.000681,-0.000830,-0.000820,0.000104,0.000004,-0.000669,-0.000012,-0.019910,-0.000014,-0.019923,-0.019923,-0.019923,-0.009962,-0.009962,0,0,1,0,0.000000,0.090000,0.012000,0.001000,4.500000,0.080000,24.000000,0.030000,0.000000
11.516000,0.300000,0.440000,0.066872,-0.000000,0.066872,0.009112,0.000000,-0.009112,0.076186,0.000148,0.076757,0.076038,-0.000148,-0.000680,-0.000828,-0.000820,0.000103,0.000000,-0.000668,-0.000012,-0.019873,0.000009,-0.019864,-0.019864,-0.019864,-0.009932,-0.009932,0,0,1,0,0.000000,0.090000,0.012000,0.001000,4.500000,0.080000,24.000000,0.030000,0.000000
11.521000,0.300000,0.440000,0.066959,-0.000000,0.066959,0.009075,0.000000,-0.009075,0.076187,0.000149,0.076757,0.076039,-0.000148,-0.000679,-0.000828,-0.000817,0.000102,0.000007,-0.000667,-0.000012,-0.019872,0.000000,-0.019872,-0.019872,-0.019872,-0.009936,-0.009936,0,0,1,0,0.000000,0.090000,0.012000,0.001000,4.500000,0.080000,24.000000,0.030000,0.000000
11.530000,0.300000,0.440000,0.067003,-0.000000,0.067003,0.009057,0.000000,-0.009057,0.076189,0.000150,0.076757,0.076040,-0.000149,-0.000682,-0.000832,-0.000815,0.000101,0.000002,-0.000670,-0.000012,-0.019967,-0.000013,-0.019980,-0.019980,-0.019980,-0.009990,-0.009990,0,0,1,0,0.000000,0.090000,0.012000,0.001000,4.500000,0.080000,24.000000,0.030000,0.000000
11.535000,0.300000,0.440000,0.067047,-0.000000,0.067047,0.009039,0.000000,-0.009039,0.076189,0.000150,0.076757,0.076041,-0.000148,-0.000677,-0.000827,-0.000814,0.000101,0.000004,-0.000665,-0.000012,-0.019847,0.000030,-0.019817,-0.019817,-0.019817,-0.009908,-0.009908,0,0,1,0,0.000000,0.090000,0.012000,0.001000,4.500000,0.080000,24.000000,0.030000,0.000000
11.540000,0.300000,0.440000,0.067090,-0.000000,0.067090,0.009021,0.000000,-0.009021,0.076189,0.000150,0.076757,0.076042,-0.000147,-0.000672,-0.000822,-0.000812,0.000100,0.000004,-0.000660,-0.000012,-0.019727,0.000030,-0.019697,-0.019697,-0.019697,-0.009849,-0.009849,0,0,1,0,0.000000,0.090000,0.012000,0.001000,4.500000,0.080000,24.000000,0.030000,0.000000
11.545000,0.300000,0.440000,0.067133,-0.000000,0.067133,0.009003,0.000000,-0.009003,0.076191,0.000149,0.076757,0.076043,-0.000147,-0.000674,-0.000823,-0.000810,0.000100,0.000004,-0.000662,-0.000012,-0.019752,-0.000006,-0.019759,-0.019759,-0.019759,-0.009879,-0.009879,0,0,1,0,0.000000,0.090000,0.012000,0.001000,4.500000,0.080000,24.000000,0.030000,0.000000
11.550000,0.300000,0.440000,0.067177,-0.000000,0.067177,0.008985,0.000000,-0.008985,0.076191,0.000149,0.076757,0.076045,-0.000146,-0.000669,-0.000818,-0.000809,0.000099,0.000004,-0.000657,-0.000012,-0.019635,0.000029,-0.019605,-0.019605,-0.019605,-0.009803,-0.009803,0,0,1,0,0.000000,0.090000,0.012000,0.001000,4.500000,0.080000,24.000000,0.030000,0.000000
11.555000,0.300000,0.440000,0.067220,-0.000000,0.067220,0.008967,0.000000,-0.008967,0.076192,0.000148,0.076757,0.076046,-0.000146,-0.000670,-0.000819,-0.000807,0.000099,0.000004,-0.000658,-0.000012,-0.019645,-0.000003,-0.019648,-0.019648,-0.019648,-0.009824,-0.009824,0,0,1,0,0.000000,0.090000,0.012000,0.001000,4.500000,0.080000,24.000000,0.030000,0.000000
11.560000,0.300000,0.440000,0.067263,-0.000000,0.067263,0.008950,0.000000,-0.008950,0.076192,0.000148,0.076757,0.076047,-0.000145,-0.000665,-0.000814,-0.000805,0.000098,0.000004,-0.000654,-0.000012,-0.019528,0.000029,-0.019499,-0.019499,-0.019499,-0.009750,-0.009750,0,0,1,0,0.000000,0.090000,0.012000,0.001000,4.500000,0.080000,24.000000,0.030000,0.000000
11.565000,0.300000,0.440000,0.067306,-0.000000,0.067306,0.008932,0.000000,-0.008932,0.076193,0.000147,0.076757,0.076048,-0.000146,-0.000667,-0.000814,-0.000804,0.000098,0.000004,-0.000655,-0.000012,-0.019542,-0.000003,-0.019545,-0.019545,-0.019545,-0.009773,-0.009773,0,0,1,0,0.000000,0.090000,0.012000,0.001000,4.500000,0.080000,24.000000,0.030000,0.000000
