time,height,base_link_height,p,p_0,delta_p,v,v_ref,v_error,pitch,pitch_rate,theta_eq,theta_ref,theta_error,theta_dot_ref,theta_dot_error,v_p,v_i,v_d,theta_p,theta_d,rate_p,rate_d,u_raw,u_rate_limited,u_clamped,tau_left,tau_right,is_saturated,is_rate_limited,control_enabled,force_active,force_value,kp_v,ki_v,kd_v,kp_theta,kd_theta,kp_rate,kd_rate,k_x
0.011000,0.360000,0.500000,-0.000000,-0.000000,0.000000,0.000000,0.000000,-0.000000,-0.000000,-0.000000,0.061667,0.061667,0.061667,0.339170,0.339170,-0.000000,-0.000000,-0.000000,0.339170,0.000000,8.343576,1.187094,9.530670,9.530670,9.530670,4.765335,4.765335,0,0,1,0,0.000000,0.080000,0.008000,0.001000,5.500000,0.100000,24.600000,0.031500,0.000000
0.020000,0.360000,0.500000,0.000000,-0.000000,0.000000,0.000000,0.000000,-0.000000,-0.000000,-0.000000,0.061667,0.061667,0.061667,0.339170,0.339170,-0.000000,-0.000000,0.000000,0.339170,0.000000,8.343576,0.000000,8.343576,8.343576,8.343576,4.171788,4.171788,0,0,1,0,0.000000,0.080000,0.008000,0.001000,5.500000,0.100000,24.600000,0.031500,0.000000
0.029000,0.360000,0.500000,0.000000,-0.000000,0.000000,0.000000,0.000000,-0.000000,-0.000000,-0.000000,0.061667,0.061667,0.061667,0.339170,0.339170,-0.000000,-0.000000,0.000000,0.339170,0.000000,8.343576,0.000000,8.343576,8.343576,8.343576,4.171788,4.171788,0,0,1,0,0.000000,0.080000,0.008000,0.001000,5.500000,0.100000,24.600000,0.031500,0.000000
0.034000,0.360000,0.500000,0.000000,-0.000000,0.000000,0.000000,0.000000,-0.000000,-0.000000,-0.000000,0.061667,0.061667,0.061667,0.339170,0.339170,-0.000000,-0.000000,0.000000,0.339170,0.000000,8.343576,0.000000,8.343576,8.343576,8.343576,4.171788,4.171788,0,0,1,0,0.000000,0.080000,0.008000,0.001000,5.500000,0.100000,24.600000,0.031500,0.000000
0.039000,0.360000,0.500000,0.000000,-0.000000,0.000000,-0.000000,0.000000,0.000000,-0.000000,-0.000000,0.061667,0.061667,0.061667,0.339170,0.339170,0.000000,0.000000,0.000000,0.339170,0.000000,8.343576,0.000000,8.343576,8.343576,8.343576,4.171788,4.171788,0,0,1,0,0.000000,0.080000,0.008000,0.001000,5.500000,0.100000,24.600000,0.031500,0.000000
0.048000,0.360000,0.500000,0.000019,-0.000000,0.000019,0.000320,0.000000,-0.000320,0.000642,-0.011560,0.061667,0.061667,0.061025,0.336794,0.348355,-0.000026,-0.000000,-0.000036,0.335638,0.001156,8.569526,0.032147,8.601673,8.601673,8.601673,4.300837,4.300837,0,0,1,0,0.000000,0.080000,0.008000,0.001000,5.500000,0.100000,24.600000,0.031500,0.000000
0.053000,0.360000,0.500000,0.000070,-0.000000,0.000070,0.000937,0.000000,-0.000937,-0.000212,-0.029384,0.061667,0.061667,0.061880,0.343276,0.372660,-0.000075,-0.000000,-0.000123,0.340337,0.002938,9.167429,0.153121,9.320550,9.320550,9.320550,4.660275,4.660275,0,0,1,0,0.000000,0.080000,0.008000,0.001000,5.500000,0.100000,24.600000,0.031500,0.000000
0.058000,0.360000,0.500000,-0.000122,-0.000000,-0.000122,-0.002659,0.000000,0.002659,-0.000212,-0.029384,0.061667,0.061667,0.061880,0.343276,0.372660,0.000213,0.000000,0.000719,0.340337,0.002938,9.167429,0.000000,9.167429,9.167429,9.167429,4.583714,4.583714,0,0,1,0,0.000000,0.080000,0.008000,0.001000,5.500000,0.100000,24.600000,0.031500,0.000000
0.067000,0.360000,0.500000,-0.000806,-0.000000,-0.000806,-0.015586,0.000000,0.015586,0.013473,0.475680,0.061667,0.061667,0.048194,0.217498,-0.258182,0.001247,0.000001,0.001436,0.265066,-0.047568,-6.351271,-2.207945,-8.559216,-8.559216,-8.559216,-4.279608,-4.279608,0,0,1,0,0.000000,0.080000,0.008000,0.001000,5.500000,0.100000,24.600000,0.031500,0.000000
0.072000,0.360000,0.500000,-0.002495,-0.000000,-0.002495,-0.034869,0.000000,0.034869,0.030560,0.607973,0.061667,0.061667,0.031107,0.110294,-0.497679,0.002790,0.000003,0.003857,0.171091,-0.060797,-12.242915,-1.508836,-13.751751,-13.751751,-13.751751,-6.875875,-6.875875,0,0,1,0,0.000000,0.080000,0.008000,0.001000,5.500000,0.100000,24.600000,0.031500,0.000000
0.077000,0.360000,0.500000,-0.004496,-0.000000,-0.004496,-0.052606,0.000000,0.052606,0.030560,0.607973,0.061667,0.061667,0.031107,0.110294,-0.497679,0.004208,0.000005,0.003547,0.171091,-0.060797,-12.242915,0.000000,-12.242915,-12.242915,-12.242915,-6.121458,-6.121458,0,0,1,0,0.000000,0.080000,0.008000,0.001000,5.500000,0.100000,24.600000,0.031500,0.000000
0.082000,0.360000,0.500000,-0.006144,-0.000000,-0.006144,-0.063385,0.000000,0.063385,0.030309,0.374905,0.061667,0.061667,0.031358,0.134979,-0.239926,0.005071,0.000007,0.002156,0.172469,-0.037490,-5.902190,1.623844,-4.278345,-4.278345,-4.278345,-2.139173,-2.139173,0,0,1,0,0.000000,0.080000,0.008000,0.001000,5.500000,0.100000,24.600000,0.031500,0.000000
0.091000,0.360000,0.500000,-0.005516,-0.000000,-0.005516,-0.042469,0.000000,0.042469,0.023621,0.173918,0.061667,0.061667,0.038046,0.191862,0.017944,0.003398,0.000010,-0.002324,0.209253,-0.017392,0.441419,0.902546,1.343965,1.343965,1.343965,0.671983,0.671983,0,0,1,0,0.000000,0.080000,0.008000,0.001000,5.500000,0.100000,24.600000,0.031500,0.000000
0.096000,0.360000,0.500000,-0.004101,-0.000000,-0.004101,-0.024351,0.000000,0.024351,0.023621,0.173918,0.061667,0.061667,0.038046,0.191862,0.017944,0.001948,0.000011,-0.003624,0.209253,-0.017392,0.441419,0.000000,0.441419,0.441419,0.441419,0.220710,0.220710,0,0,1,0,0.000000,0.080000,0.008000,0.001000,5.500000,0.100000,24.600000,0.031500,0.000000
0.101000,0.360000,0.500000,-0.002614,-0.000000,-0.002614,-0.009472,0.000000,0.009472,0.016816,0.015060,0.061667,0.061667,0.044851,0.245177,0.230117,0.000758,0.000012,-0.002976,0.246683,-0.001506,5.660885,1.336692,6.997578,6.997578,6.997578,3.498789,3.498789,0,0,1,0,0.000000,0.080000,0.008000,0.001000,5.500000,0.100000,24.600000,0.031500,0.000000
0.106000,0.360000,0.500000,-0.001285,-0.000000,-0.001285,0.003627,0.000000,-0.003627,0.016816,0.015060,0.061667,0.061667,0.044851,0.245177,0.230117,-0.000290,0.000011,-0.002620,0.246683,-0.001506,5.660885,0.000000,5.660885,5.660885,5.660885,2.830443,2.830443,0,0,1,0,0.000000,0.080000,0.008000,0.001000,5.500000,0.100000,24.600000,0.031500,0.000000
0.115000,0.360000,0.500000,-0.000581,-0.000000,-0.000581,0.006484,0.000000,-0.006484,0.010484,-0.100324,0.061667,0.061667,0.051183,0.291538,0.391862,-0.000519,0.000011,-0.000318,0.281505,0.010032,9.639798,0.566105,10.205903,10.205903,10.205903,5.102951,5.102951,0,0,1,0,0.000000,0.080000,0.008000,0.001000,5.500000,0.100000,24.600000,0.031500,0.000000
0.120000,0.360000,0.500000,-0.000690,-0.000000,-0.000690,0.002032,0.000000,-0.002032,0.010484,-0.100324,0.061667,0.061667,0.051183,0.291538,0.391862,-0.000163,0.000011,0.000891,0.281505,0.010032,9.639798,0.000000,9.639798,9.639798,9.639798,4.819899,4.819899,0,0,1,0,0.000000,0.080000,0.008000,0.001000,5.500000,0.100000,24.600000,0.031500,0.000000
0.125000,0.360000,0.500000,-0.001489,-0.000000,-0.001489,-0.008872,0.000000,0.008872,0.004972,-0.179705,0.061667,0.061667,0.056695,0.329792,0.509497,0.000710,0.000011,0.002181,0.311822,0.017970,12.533629,0.741103,13.274732,13.274732,13.274732,6.637366,6.637366,0,0,1,0,0.000000,0.080000,0.008000,0.001000,5.500000,0.100000,24.600000,0.031500,0.000000
0.130000,0.360000,0.500000,-0.003289,-0.000000,-0.003289,-0.031387,0.000000,0.031387,0.004972,-0.179705,0.061667,0.061667,0.056695,0.329792,0.509497,0.002511,0.000013,0.004503,0.311822,0.017970,12.533629,0.000000,12.533629,12.533629,12.533629,6.266815,6.266815,0,0,1,0,0.000000,0.080000,0.008000,0.001000,5.500000,0.100000,24.600000,0.031500,0.000000
0.139000,0.360000,0.500000,-0.011109,-0.000000,-0.011109,-0.116131,0.000000,0.116131,0.000436,-0.220582,0.061667,0.061667,0.061231,0.358828,0.579410,0.009291,0.000021,0.009416,0.336770,0.022058,14.253483,0.244695,14.498178,14.498178,14.498178,7.249089,7.249089,0,0,1,0,0.000000,0.080000,0.008000,0.001000,5.500000,0.100000,24.600000,0.031500,0.000000
0.144000,0.360000,0.500000,-0.016986,-0.000000,-0.016986,-0.174044,0.000000,0.174044,-0.002905,-0.232998,0.061667,0.061667,0.064572,0.378446,0.611443,0.013924,0.000028,0.011583,0.355146,0.023300,15.041506,0.201811,15.243317,15.243317,15.243317,7.621658,7.621658,0,0,1,0,0.000000,0.080000,0.008000,0.001000,5.500000,0.100000,24.600000,0.031500,0.000000
0.149000,0.360000,0.500000,-0.024191,-0.000000,-0.024191,-0.242993,0.000000,0.242993,-0.002905,-0.232998,0.061667,0.061667,0.064572,0.378446,0.611443,0.019439,0.000038,0.013790,0.355146,0.023300,15.041506,0.000000,15.041506,15.041506,15.041506,7.520753,7.520753,0,0,1,0,0.000000,0.080000,0.008000,0.001000,5.500000,0.100000,24.600000,0.031500,0.000000
0.154000,0.360000,0.500000,-0.032788,-0.000000,-0.032788,-0.322383,0.000000,0.322383,-0.005137,-0.221361,0.061667,0.061667,0.066804,0.389557,0.610918,0.025791,0.000050,0.015878,0.367421,0.022136,15.028584,-0.003309,15.025274,15.025274,15.025274,7.512637,7.512637,0,0,1,0,0.000000,0.080000,0.008000,0.001000,5.500000,0.100000,24.600000,0.031500,0.000000
0.159000,0.360000,0.500000,-0.042697,-0.000000,-0.042697,-0.410412,0.000000,0.410412,-0.005137,-0.221361,0.061667,0.061667,0.066804,0.389557,0.610918,0.032833,0.000067,0.017606,0.367421,0.022136,15.028584,0.000000,15.028584,15.028584,15.028584,7.514292,7.514292,0,0,1,0,0.000000,0.080000,0.008000,0.001000,5.500000,0.100000,24.600000,0.031500,0.000000
0.164000,0.360000,0.500000,-0.053197,-0.000000,-0.053197,-0.494892,0.000000,0.494892,-0.006434,-0.201634,0.061667,0.061667,0.068101,0.394720,0.596354,0.039591,0.000087,0.016896,0.374557,0.020163,14.670318,-0.091751,14.578567,14.578567,14.578567,7.289284,7.289284,0,0,1,0,0.000000,0.080000,0.008000,0.001000,5.500000,0.100000,24.600000,0.031500,0.000000
0.173000,0.360000,0.500000,-0.074197,-0.000000,-0.074197,-0.651390,0.000000,0.651390,-0.007611,-0.185641,0.061667,0.061667,0.069279,0.399596,0.585237,0.052111,0.000087,0.017389,0.381032,0.018564,14.396826,-0.038912,14.357914,14.357914,14.357914,7.178957,7.178957,0,0,1,0,0.000000,0.080000,0.008000,0.001000,5.500000,0.100000,24.600000,0.031500,0.000000
0.178000,0.360000,0.500000,-0.084697,-0.000000,-0.084697,-0.723820,0.000000,0.723820,-0.007611,-0.185641,0.061667,0.061667,0.069279,0.399596,0.585237,0.057906,0.000087,0.014486,0.381032,0.018564,14.396826,0.000000,14.396826,14.396826,14.396826,7.198413,7.198413,0,0,1,0,0.000000,0.080000,0.008000,0.001000,5.500000,0.100000,24.600000,0.031500,0.000000
0.183000,0.360000,0.500000,-0.095197,-0.000000,-0.095197,-0.792629,0.000000,0.792629,-0.008788,-0.172700,0.061667,0.061667,0.070456,0.404775,0.577475,0.063410,0.000087,0.013762,0.387505,0.017270,14.205884,-0.048900,14.156984,14.156984,14.156984,7.078492,7.078492,0,0,1,0,0.000000,0.080000,0.008000,0.001000,5.500000,0.100000,24.600000,0.031500,0.000000
0.188000,0.360000,0.500000,-0.105697,-0.000000,-0.105697,-0.857998,0.000000,0.857998,-0.008788,-0.172700,0.061667,0.061667,0.070456,0.404775,0.577475,0.068640,0.000087,0.013074,0.387505,0.017270,14.205884,0.000000,14.205884,14.205884,14.205884,7.102942,7.102942,0,0,1,0,0.000000,0.080000,0.008000,0.001000,5.500000,0.100000,24.600000,0.031500,0.000000
0.193000,0.360000,0.500000,-0.116197,-0.000000,-0.116197,-0.920098,0.000000,0.920098,-0.009966,-0.162244,0.061667,0.061667,0.071633,0.410208,0.572452,0.073608,0.000087,0.012420,0.393984,0.016224,14.082310,-0.031647,14.050663,14.050663,14.050663,7.025331,7.025331,0,0,1,0,0.000000,0.080000,0.008000,0.001000,5.500000,0.100000,24.600000,0.031500,0.000000
0.198000,0.360000,0.500000,-0.126697,-0.000000,-0.126697,-0.979093,0.000000,0.979093,-0.009966,-0.162244,0.061667,0.061667,0.071633,0.410208,0.572452,0.078327,0.000087,0.011799,0.393984,0.016224,14.082310,0.000000,14.082310,14.082310,14.082310,7.041155,7.041155,0,0,1,0,0.000000,0.080000,0.008000,0.001000,5.500000,0.100000,24.600000,0.031500,0.000000
0.203000,0.360000,0.500000,-0.137197,-0.000000,-0.137197,-1.035138,0.000000,1.035138,-0.011145,-0.153807,0.061667,0.061667,0.072812,0.415849,0.569656,0.082811,0.000087,0.011209,0.400469,0.015381,14.013535,-0.017613,13.995922,13.995922,13.995922,6.997961,6.997961,0,0,1,0,0.000000,0.080000,0.008000,0.001000,5.500000,0.100000,24.600000,0.031500,0.000000
0.208000,0.360000,0.500000,-0.147697,-0.000000,-0.147697,-1.088381,0.000000,1.088381,-0.011145,-0.153807,0.061667,0.061667,0.072812,0.415849,0.569656,0.087071,0.000087,0.010649,0.400469,0.015381,14.013535,0.000000,14.013535,14.013535,14.013535,7.006768,7.006768,0,0,1,0,0.000000,0.080000,0.008000,0.001000,5.500000,0.100000,24.600000,0.031500,0.000000
0.213000,0.360000,0.500000,-0.158197,-0.000000,-0.158197,-1.138962,0.000000,1.138962,-0.012326,-0.147005,0.061667,0.061667,0.073993,0.421662,0.568668,0.091117,0.000087,0.010116,0.406962,0.014701,13.989223,-0.006226,13.982996,13.982996,13.982996,6.991498,6.991498,0,0,1,0,0.000000,0.080000,0.008000,0.001000,5.500000,0.100000,24.600000,0.031500,0.000000
0.222000,0.360000,0.500000,-0.179197,-0.000000,-0.179197,-1.232663,0.000000,1.232663,-0.013508,-0.141527,0.061667,0.061667,0.075175,0.427616,0.569143,0.098613,0.000087,0.010411,0.413463,0.014153,14.000912,0.001663,14.002575,14.002575,14.002575,7.001287,7.001287,0,0,1,0,0.000000,0.080000,0.008000,0.001000,5.500000,0.100000,24.600000,0.031500,0.000000
0.227000,0.360000,0.500000,-0.189697,-0.000000,-0.189697,-1.276030,0.000000,1.276030,-0.013508,-0.141527,0.061667,0.061667,0.075175,0.427616,0.569143,0.102082,0.000087,0.008673,0.413463,0.014153,14.000912,0.000000,14.000912,14.000912,14.000912,7.000456,7.000456,0,0,1,0,0.000000,0.080000,0.008000,0.001000,5.500000,0.100000,24.600000,0.031500,0.000000
0.232000,0.360000,0.500000,-0.200197,-0.000000,-0.200197,-1.317229,0.000000,1.317229,-0.014691,-0.137117,0.061667,0.061667,0.076359,0.433684,0.570801,0.105378,0.000087,0.008240,0.419972,0.013712,14.041704,0.010447,14.052151,14.052151,14.052151,7.026075,7.026075,0,0,1,0,0.000000,0.080000,0.008000,0.001000,5.500000,0.100000,24.600000,0.031500,0.000000
0.237000,0.360000,0.500000,-0.210697,-0.000000,-0.210697,-1.356367,0.000000,1.356367,-0.014691,-0.137117,0.061667,0.061667,0.076359,0.433684,0.570801,0.108509,0.000087,0.007828,0.419972,0.013712,14.041704,0.000000,14.041704,14.041704,14.041704,7.020852,7.020852,0,0,1,0,0.000000,0.080000,0.008000,0.001000,5.500000,0.100000,24.600000,0.031500,0.000000
0.242000,0.360000,0.500000,-0.221197,-0.000000,-0.221197,-1.393549,0.000000,1.393549,-0.015876,-0.133570,0.061667,0.061667,0.077543,0.439844,0.573414,0.111484,0.000087,0.007436,0.426487,0.013357,14.105993,0.016464,14.122457,14.122457,14.122457,7.061228,7.061228,0,0,1,0,0.000000,0.080000,0.008000,0.001000,5.500000,0.100000,24.600000,0.031500,0.000000
0.247000,0.360000,0.500000,-0.231697,-0.000000,-0.231697,-1.428872,0.000000,1.428872,-0.015876,-0.133570,0.061667,0.061667,0.077543,0.439844,0.573414,0.114310,0.000087,0.007065,0.426487,0.013357,14.105993,0.000000,14.105993,14.105993,14.105993,7.052996,7.052996,0,0,1,0,0.000000,0.080000,0.008000,0.001000,5.500000,0.100000,24.600000,0.031500,0.000000
0.252000,0.360000,0.500000,-0.242197,-0.000000,-0.242197,-1.462428,0.000000,1.462428,-0.017062,-0.130718,0.061667,0.061667,0.078729,0.446080,0.576798,0.116994,0.000087,0.006711,0.433008,0.013072,14.189231,0.021317,14.210549,14.210549,14.210549,7.105274,7.105274,0,0,1,0,0.000000,0.080000,0.008000,0.001000,5.500000,0.100000,24.600000,0.031500,0.000000
0.261000,0.360000,0.500000,-0.257278,-0.000000,-0.257278,-1.453857,0.000000,1.453857,-0.011248,0.175036,0.061667,0.061667,0.072915,0.383530,0.208494,0.116309,0.000087,-0.000952,0.401034,-0.017504,5.128956,-1.289064,3.839893,3.839893,3.839893,1.919946,1.919946,0,0,1,0,0.000000,0.080000,0.008000,0.001000,5.500000,0.100000,24.600000,0.031500,0.000000
0.266000,0.360000,0.500000,-0.261284,-0.000000,-0.261284,-1.424103,0.000000,1.424103,-0.011248,0.175036,0.061667,0.061667,0.072915,0.383530,0.208494,0.113928,0.000087,-0.005951,0.401034,-0.017504,5.128956,0.000000,5.128956,5.128956,5.128956,2.564478,2.564478,0,0,1,0,0.000000,0.080000,0.008000,0.001000,5.500000,0.100000,24.600000,0.031500,0.000000
0.271000,0.360000,0.500000,-0.265606,-0.000000,-0.265606,-1.396314,0.000000,1.396314,0.001552,0.387539,0.061667,0.061667,0.060115,0.291878,-0.095661,0.111705,0.000087,-0.005558,0.330631,-0.038754,-2.353273,-1.916181,-4.269453,-4.269453,-4.269453,-2.134727,-2.134727,0,0,1,0,0.000000,0.080000,0.008000,0.001000,5.500000,0.100000,24.600000,0.031500,0.000000
0.276000,0.360000,0.500000,-0.270012,-0.000000,-0.270012,-1.371016,0.000000,1.371016,0.001552,0.387539,0.061667,0.061667,0.060115,0.291878,-0.095661,0.109681,0.000087,-0.005060,0.330631,-0.038754,-2.353273,0.000000,-2.353273,-2.353273,-2.353273,-1.176636,-1.176636,0,0,1,0,0.000000,0.080000,0.008000,0.001000,5.500000,0.100000,24.600000,0.031500,0.000000
0.281000,0.360000,0.500000,-0.274234,-0.000000,-0.274234,-1.343211,0.000000,1.343211,0.014430,0.540690,0.061667,0.061667,0.047237,0.205736,-0.334954,0.107457,0.000087,-0.005561,0.259805,-0.054069,-8.239856,-1.507540,-9.747396,-9.747396,-9.747396,-4.873698,-4.873698,0,0,1,0,0.000000,0.080000,0.008000,0.001000,5.500000,0.100000,24.600000,0.031500,0.000000
0.286000,0.360000,0.500000,-0.278147,-0.000000,-0.278147,-1.314149,0.000000,1.314149,0.014430,0.540690,0.061667,0.061667,0.047237,0.205736,-0.334954,0.105132,0.000087,-0.005812,0.259805,-0.054069,-8.239856,0.000000,-8.239856,-8.239856,-8.239856,-4.119928,-4.119928,0,0,1,0,0.000000,0.080000,0.008000,0.001000,5.500000,0.100000,24.600000,0.031500,0.000000
0.295000,0.360000,0.500000,-0.281570,-0.000000,-0.281570,-1.280153,0.000000,1.280153,0.024832,0.598813,0.061667,0.061667,0.036836,0.142715,-0.456099,0.102412,0.000087,-0.003777,0.202596,-0.059881,-11.220027,-0.424008,-11.644035,-11.644035,-11.644035,-5.822017,-5.822017,0,0,1,0,0.000000,0.080000,0.008000,0.001000,5.500000,0.100000,24.600000,0.031500,0.000000
0.300000,0.360000,0.500000,-0.284414,-0.000000,-0.284414,-1.242455,0.000000,1.242455,0.031040,0.568204,0.061667,0.061667,0.030628,0.111632,-0.456572,0.099396,0.000087,-0.007540,0.168452,-0.056820,-11.231679,-0.002984,-11.234663,-11.234663,-11.234663,-5.617332,-5.617332,0,0,1,0,0.000000,0.080000,0.008000,0.001000,5.500000,0.100000,24.600000,0.031500,0.000000
0.305000,0.360000,0.500000,-0.286728,-0.000000,-0.286728,-1.201413,0.000000,1.201413,0.031040,0.568204,0.061667,0.061667,0.030628,0.111632,-0.456572,0.096113,0.000087,-0.008208,0.168452,-0.056820,-11.231679,0.000000,-11.231679,-11.231679,-11.231679,-5.615839,-5.615839,0,0,1,0,0.000000,0.080000,0.008000,0.001000,5.500000,0.100000,24.600000,0.031500,0.000000
0.310000,0.360000,0.500000,-0.288423,-0.000000,-0.288423,-1.155590,0.000000,1.155590,0.031040,0.568204,0.061667,0.061667,0.030628,0.111632,-0.456572,0.092447,0.000087,-0.009164,0.168452,-0.056820,-11.231679,0.000000,-11.231679,-11.231679,-11.231679,-5.615839,-5.615839,0,0,1,0,0.000000,0.080000,0.008000,0.001000,5.500000,0.100000,24.600000,0.031500,0.000000
0.315000,0.360000,0.500000,-0.289461,-0.000000,-0.289461,-1.105648,0.000000,1.105648,0.032572,0.446391,0.061667,0.061667,0.029096,0.115387,-0.331004,0.088452,0.000087,-0.009988,0.160026,-0.044639,-8.142699,0.791080,-7.351619,-7.351619,-7.351619,-3.675810,-3.675810,0,0,1,0,0.000000,0.080000,0.008000,0.001000,5.500000,0.100000,24.600000,0.031500,0.000000
0.325000,0.360000,0.500000,-0.289788,-0.000000,-0.289788,-0.996990,0.000000,0.996990,0.029462,0.272680,0.061667,0.061667,0.032206,0.149863,-0.122817,0.079759,0.000087,-0.010866,0.177131,-0.027268,-3.021295,0.655790,-2.365506,-2.365506,-2.365506,-1.182753,-1.182753,0,0,1,0,0.000000,0.080000,0.008000,0.001000,5.500000,0.100000,24.600000,0.031500,0.000000
0.330000,0.360000,0.500000,-0.289312,-0.000000,-0.289312,-0.940840,0.000000,0.940840,0.029462,0.272680,0.061667,0.061667,0.032206,0.149863,-0.122817,0.075267,0.000087,-0.011230,0.177131,-0.027268,-3.021295,0.000000,-3.021295,-3.021295,-3.021295,-1.510648,-1.510648,0,0,1,0,0.000000,0.080000,0.008000,0.001000,5.500000,0.100000,24.600000,0.031500,0.000000
0.335000,0.360000,0.500000,-0.288608,-0.000000,-0.288608,-0.886293,0.000000,0.886293,0.023439,0.094382,0.061667,0.061667,0.038228,0.200815,0.106433,0.070903,0.000087,-0.010909,0.210253,-0.009438,2.618245,1.444273,4.062518,4.062518,4.062518,2.031259,2.031259,0,0,1,0,0.000000,0.080000,0.008000,0.001000,5.500000,0.100000,24.600000,0.031500,0.000000
0.340000,0.360000,0.500000,-0.287766,-0.000000,-0.287766,-0.832955,0.000000,0.832955,0.023439,0.094382,0.061667,0.061667,0.038228,0.200815,0.106433,0.066636,0.000120,-0.010668,0.210253,-0.009438,2.618245,0.000000,2.618245,2.618245,2.618245,1.309123,1.309123,0,0,1,0,0.000000,0.080000,0.008000,0.001000,5.500000,0.100000,24.600000,0.031500,0.000000
0.345000,0.360000,0.500000,-0.286995,-0.000000,-0.286995,-0.784475,0.000000,0.784475,0.016564,-0.045447,0.061667,0.061667,0.045104,0.252614,0.298061,0.062758,0.000151,-0.009696,0.248070,0.004545,7.332301,1.207258,8.539559,8.539559,8.539559,4.269779,4.269779,0,0,1,0,0.000000,0.080000,0.008000,0.001000,5.500000,0.100000,24.600000,0.031500,0.000000
0.350000,0.360000,0.500000,-0.286393,-0.000000,-0.286393,-0.739785,0.000000,0.739785,0.016564,-0.045447,0.061667,0.061667,0.045104,0.252614,0.298061,0.059183,0.000181,-0.008938,0.248070,0.004545,7.332301,0.000000,7.332301,7.332301,7.332301,3.666150,3.666150,0,0,1,0,0.000000,0.080000,0.008000,0.001000,5.500000,0.100000,24.600000,0.031500,0.000000
0.355000,0.360000,0.500000,-0.286111,-0.000000,-0.286111,-0.701714,0.000000,0.701714,0.011069,-0.117110,0.061667,0.061667,0.050598,0.290001,0.407111,0.056137,0.000209,-0.007614,0.278290,0.011711,10.014925,0.687014,10.701938,10.701938,10.701938,5.350969,5.350969,0,0,1,0,0.000000,0.080000,0.008000,0.001000,5.500000,0.100000,24.600000,0.031500,0.000000
0.360000,0.360000,0.500000,-0.286220,-0.000000,-0.286220,-0.669166,0.000000,0.669166,0.011069,-0.117110,0.061667,0.061667,0.050598,0.290001,0.407111,0.053533,0.000236,-0.006509,0.278290,0.011711,10.014925,0.000000,10.014925,10.014925,10.014925,5.007462,5.007462,0,0,1,0,0.000000,0.080000,0.008000,0.001000,5.500000,0.100000,24.600000,0.031500,0.000000
0.369000,0.360000,0.500000,-0.287854,-0.000000,-0.287854,-0.623859,0.000000,0.623859,0.008555,-0.110859,0.061667,0.061667,0.053112,0.303203,0.414062,0.049909,0.000281,-0.005034,0.292117,0.011086,10.185928,0.024330,10.210258,10.210258,10.210258,5.105129,5.105129,0,0,1,0,0.000000,0.080000,0.008000,0.001000,5.500000,0.100000,24.600000,0.031500,0.000000
0.374000,0.360000,0.500000,-0.289385,-0.000000,-0.289385,-0.609804,0.000000,0.609804,0.009691,-0.038180,0.061667,0.061667,0.051976,0.289687,0.327867,0.048784,0.000305,-0.002811,0.285869,0.003818,8.065528,-0.543029,7.522499,7.522499,7.522499,3.761249,3.761249,0,0,1,0,0.000000,0.080000,0.008000,0.001000,5.500000,0.100000,24.600000,0.031500,0.000000
0.379000,0.360000,0.500000,-0.291374,-0.000000,-0.291374,-0.601029,0.000000,0.601029,0.009691,-0.038180,0.061667,0.061667,0.051976,0.289687,0.327867,0.048082,0.000329,-0.001755,0.285869,0.003818,8.065528,0.000000,8.065528,8.065528,8.065528,4.032764,4.032764,0,0,1,0,0.000000,0.080000,0.008000,0.001000,5.500000,0.100000,24.600000,0.031500,0.000000
0.384000,0.360000,0.500000,-0.293730,-0.000000,-0.293730,-0.595753,0.000000,0.595753,0.014153,0.075726,0.061667,0.061667,0.047514,0.253755,0.178029,0.047660,0.000353,-0.001055,0.261327,-0.007573,4.379514,-0.943979,3.435534,3.435534,3.435534,1.717767,1.717767,0,0,1,0,0.000000,0.080000,0.008000,0.001000,5.500000,0.100000,24.600000,0.031500,0.000000
0.389000,0.360000,0.500000,-0.296403,-0.000000,-0.296403,-0.594006,0.000000,0.594006,0.014153,0.075726,0.061667,0.061667,0.047514,0.253755,0.178029,0.047520,0.000377,-0.000349,0.261327,-0.007573,4.379514,0.000000,4.379514,4.379514,4.379514,2.189757,2.189757,0,0,1,0,0.000000,0.080000,0.008000,0.001000,5.500000,0.100000,24.600000,0.031500,0.000000
0.394000,0.360000,0.500000,-0.299254,-0.000000,-0.299254,-0.593128,0.000000,0.593128,0.020841,0.196708,0.061667,0.061667,0.040826,0.204874,0.008166,0.047450,0.000400,-0.000176,0.224545,-0.019671,0.200889,-1.070136,-0.869247,-0.869247,-0.869247,-0.434624,-0.434624,0,0,1,0,0.000000,0.080000,0.008000,0.001000,5.500000,0.100000,24.600000,0.031500,0.000000
0.403000,0.360000,0.500000,-0.305127,-0.000000,-0.305127,-0.592479,0.000000,0.592479,0.028163,0.292196,0.061667,0.061667,0.033505,0.155056,-0.137140,0.047398,0.000443,-0.000072,0.184276,-0.029220,-3.373636,-0.508571,-3.882207,-3.882207,-3.882207,-1.941103,-1.941103,0,0,1,0,0.000000,0.080000,0.008000,0.001000,5.500000,0.100000,24.600000,0.031500,0.000000
0.408000,0.360000,0.500000,-0.307898,-0.000000,-0.307898,-0.590029,0.000000,0.590029,0.028163,0.292196,0.061667,0.061667,0.033505,0.155056,-0.137140,0.047202,0.000467,-0.000490,0.184276,-0.029220,-3.373636,0.000000,-3.373636,-3.373636,-3.373636,-1.686818,-1.686818,0,0,1,0,0.000000,0.080000,0.008000,0.001000,5.500000,0.100000,24.600000,0.031500,0.000000
0.413000,0.360000,0.500000,-0.310438,-0.000000,-0.310438,-0.584762,0.000000,0.584762,0.034353,0.336703,0.061667,0.061667,0.027315,0.116560,-0.220142,0.046781,0.000490,-0.001053,0.150231,-0.033670,-5.415501,-0.522916,-5.938417,-5.938417,-5.938417,-2.969209,-2.969209,0,0,1,0,0.000000,0.080000,0.008000,0.001000,5.500000,0.100000,24.600000,0.031500,0.000000
0.418000,0.360000,0.500000,-0.312706,-0.000000,-0.312706,-0.577180,0.000000,0.577180,0.034353,0.336703,0.061667,0.061667,0.027315,0.116560,-0.220142,0.046174,0.000513,-0.001517,0.150231,-0.033670,-5.415501,0.000000,-5.415501,-5.415501,-5.415501,-2.707750,-2.707750,0,0,1,0,0.000000,0.080000,0.008000,0.001000,5.500000,0.100000,24.600000,0.031500,0.000000
0.423000,0.360000,0.500000,-0.314641,-0.000000,-0.314641,-0.566149,0.000000,0.566149,0.038354,0.325036,0.061667,0.061667,0.023313,0.095719,-0.229317,0.045292,0.000536,-0.002206,0.128223,-0.032504,-5.641193,-0.057799,-5.698992,-5.698992,-5.698992,-2.849496,-2.849496,0,0,1,0,0.000000,0.080000,0.008000,0.001000,5.500000,0.100000,24.600000,0.031500,0.000000
0.428000,0.360000,0.500000,-0.316216,-0.000000,-0.316216,-0.552232,0.000000,0.552232,0.038354,0.325036,0.061667,0.061667,0.023313,0.095719,-0.229317,0.044179,0.000558,-0.002783,0.128223,-0.032504,-5.641193,0.000000,-5.641193,-5.641193,-5.641193,-2.820596,-2.820596,0,0,1,0,0.000000,0.080000,0.008000,0.001000,5.500000,0.100000,24.600000,0.031500,0.000000
0.437000,0.360000,0.500000,-0.318335,-0.000000,-0.318335,-0.516320,0.000000,0.516320,0.039620,0.264174,0.061667,0.061667,0.022047,0.094841,-0.169332,0.041306,0.000595,-0.003990,0.121259,-0.026417,-4.165571,0.209946,-3.955625,-3.955625,-3.955625,-1.977813,-1.977813,0,0,1,0,0.000000,0.080000,0.008000,0.001000,5.500000,0.100000,24.600000,0.031500,0.000000
0.442000,0.360000,0.500000,-0.318896,-0.000000,-0.318896,-0.494821,0.000000,0.494821,0.038236,0.165819,0.061667,0.061667,0.023432,0.112292,-0.053527,0.039586,0.000615,-0.004300,0.128874,-0.016582,-1.316760,0.729574,-0.587186,-0.587186,-0.587186,-0.293593,-0.293593,0,0,1,0,0.000000,0.080000,0.008000,0.001000,5.500000,0.100000,24.600000,0.031500,0.000000
0.447000,0.360000,0.500000,-0.319190,-0.000000,-0.319190,-0.472117,0.000000,0.472117,0.038236,0.165819,0.061667,0.061667,0.023432,0.112292,-0.053527,0.037769,0.000634,-0.004541,0.128874,-0.016582,-1.316760,0.000000,-1.316760,-1.316760,-1.316760,-0.658380,-0.658380,0,0,1,0,0.000000,0.080000,0.008000,0.001000,5.500000,0.100000,24.600000,0.031500,0.000000
0.452000,0.360000,0.500000,-0.319365,-0.000000,-0.319365,-0.450081,0.000000,0.450081,0.034923,0.065310,0.061667,0.061667,0.026744,0.140563,0.075253,0.036007,0.000652,-0.004407,0.147094,-0.006531,1.851220,0.811312,2.662531,2.662531,2.662531,1.331266,1.331266,0,0,1,0,0.000000,0.080000,0.008000,0.001000,5.500000,0.100000,24.600000,0.031500,0.000000
0.457000,0.360000,0.500000,-0.319471,-0.000000,-0.319471,-0.428308,0.000000,0.428308,0.034923,0.065310,0.061667,0.061667,0.026744,0.140563,0.075253,0.034265,0.000669,-0.004355,0.147094,-0.006531,1.851220,0.000000,1.851220,1.851220,1.851220,0.925610,0.925610,0,0,1,0,0.000000,0.080000,0.008000,0.001000,5.500000,0.100000,24.600000,0.031500,0.000000
0.462000,0.360000,0.500000,-0.319619,-0.000000,-0.319619,-0.408870,0.000000,0.408870,0.031155,-0.013865,0.061667,0.061667,0.030512,0.169201,0.183066,0.032710,0.000685,-0.003888,0.167815,0.001386,4.503420,0.679222,5.182642,5.182642,5.182642,2.591321,2.591321,0,0,1,0,0.000000,0.080000,0.008000,0.001000,5.500000,0.100000,24.600000,0.031500,0.000000
0.467000,0.360000,0.500000,-0.319864,-0.000000,-0.319864,-0.391184,0.000000,0.391184,0.031155,-0.013865,0.061667,0.061667,0.030512,0.169201,0.183066,0.031295,0.000701,-0.003537,0.167815,0.001386,4.503420,0.000000,4.503420,4.503420,4.503420,2.251710,2.251710,0,0,1,0,0.000000,0.080000,0.008000,0.001000,5.500000,0.100000,24.600000,0.031500,0.000000
0.476000,0.360000,0.500000,-0.320944,-0.000000,-0.320944,-0.365306,0.000000,0.365306,0.028142,-0.054890,0.061667,0.061667,0.033526,0.189879,0.244770,0.029224,0.000727,-0.002875,0.184390,0.005489,6.021340,0.215964,6.237304,6.237304,6.237304,3.118652,3.118652,0,0,1,0,0.000000,0.080000,0.008000,0.001000,5.500000,0.100000,24.600000,0.031500,0.000000
0.481000,0.360000,0.500000,-0.321792,-0.000000,-0.321792,-0.356314,0.000000,0.356314,0.026684,-0.059380,0.061667,0.061667,0.034983,0.198343,0.257724,0.028505,0.000741,-0.001798,0.192405,0.005938,6.339998,0.081608,6.421606,6.421606,6.421606,3.210803,3.210803,0,0,1,0,0.000000,0.080000,0.008000,0.001000,5.500000,0.100000,24.600000,0.031500,0.000000
0.486000,0.360000,0.500000,-0.322890,-0.000000,-0.322890,-0.350599,0.000000,0.350599,0.026684,-0.059380,0.061667,0.061667,0.034983,0.198343,0.257724,0.028048,0.000756,-0.001143,0.192405,0.005938,6.339998,0.000000,6.339998,6.339998,6.339998,3.169999,3.169999,0,0,1,0,0.000000,0.080000,0.008000,0.001000,5.500000,0.100000,24.600000,0.031500,0.000000
0.491000,0.360000,0.500000,-0.324271,-0.000000,-0.324271,-0.348008,0.000000,0.348008,0.027079,-0.022329,0.061667,0.061667,0.034589,0.192470,0.214798,0.027841,0.000769,-0.000518,0.190237,0.002233,5.284037,-0.270429,5.013608,5.013608,5.013608,2.506804,2.506804,0,0,1,0,0.000000,0.080000,0.008000,0.001000,5.500000,0.100000,24.600000,0.031500,0.000000
0.496000,0.360000,0.500000,-0.325928,-0.000000,-0.325928,-0.348263,0.000000,0.348263,0.027079,-0.022329,0.061667,0.061667,0.034589,0.192470,0.214798,0.027861,0.000783,0.000051,0.190237,0.002233,5.284037,0.000000,5.284037,5.284037,5.284037,2.642018,2.642018,0,0,1,0,0.000000,0.080000,0.008000,0.001000,5.500000,0.100000,24.600000,0.031500,0.000000
0.501000,0.360000,0.500000,-0.327811,-0.000000,-0.327811,-0.350456,0.000000,0.350456,0.029477,0.041057,0.061667,0.061667,0.032190,0.172941,0.131883,0.028036,0.000797,0.000439,0.177046,-0.004106,3.244328,-0.522365,2.721963,2.721963,2.721963,1.360982,1.360982,0,0,1,0,0.000000,0.080000,0.008000,0.001000,5.500000,0.100000,24.600000,0.031500,0.000000
0.506000,0.360000,0.500000,-0.329895,-0.000000,-0.329895,-0.354579,0.000000,0.354579,0.029477,0.041057,0.061667,0.061667,0.032190,0.172941,0.131883,0.028366,0.000812,0.000825,0.177046,-0.004106,3.244328,0.000000,3.244328,3.244328,3.244328,1.622164,1.622164,0,0,1,0,0.000000,0.080000,0.008000,0.001000,5.500000,0.100000,24.600000,0.031500,0.000000
0.511000,0.360000,0.500000,-0.332099,-0.000000,-0.332099,-0.359153,0.000000,0.359153,0.033274,0.111373,0.061667,0.061667,0.028394,0.145027,0.033655,0.028732,0.000826,0.000915,0.156165,-0.011137,0.827905,-0.618840,0.209065,0.209065,0.209065,0.104533,0.104533,0,0,1,0,0.000000,0.080000,0.008000,0.001000,5.500000,0.100000,24.600000,0.031500,0.000000
0.516000,0.360000,0.500000,-0.334384,-0.000000,-0.334384,-0.364415,0.000000,0.364415,0.033274,0.111373,0.061667,0.061667,0.028394,0.145027,0.033655,0.029153,0.000841,0.001052,0.156165,-0.011137,0.827905,0.000000,0.827905,0.827905,0.827905,0.413953,0.413953,0,0,1,0,0.000000,0.080000,0.008000,0.001000,5.500000,0.100000,24.600000,0.031500,0.000000
0.525000,0.360000,0.500000,-0.338899,-0.000000,-0.338899,-0.372508,0.000000,0.372508,0.037568,0.169327,0.061667,0.061667,0.024099,0.115614,-0.053714,0.029801,0.000867,0.000899,0.132547,-0.016933,-1.321353,-0.305789,-1.627142,-1.627142,-1.627142,-0.813571,-0.813571,0,0,1,0,0.000000,0.080000,0.008000,0.001000,5.500000,0.100000,24.600000,0.031500,0.000000
0.530000,0.360000,0.500000,-0.338899,-0.000000,-0.338899,-0.372508,0.000000,0.372508,0.041575,0.210924,0.061667,0.061667,0.020092,0.089415,-0.121509,0.029801,0.000882,0.000000,0.110507,-0.021092,-2.989111,-0.427109,-3.416220,-3.416220,-3.416220,-1.708110,-1.708110,0,0,1,0,0.000000,0.080000,0.008000,0.001000,5.500000,0.100000,24.600000,0.031500,0.000000
0.535000,0.360000,0.500000,-0.341101,-0.000000,-0.341101,-0.375781,0.000000,0.375781,0.041575,0.210924,0.061667,0.061667,0.020092,0.089415,-0.121509,0.030062,0.000897,0.000655,0.110507,-0.021092,-2.989111,0.000000,-2.989111,-2.989111,-2.989111,-1.494556,-1.494556,0,0,1,0,0.000000,0.080000,0.008000,0.001000,5.500000,0.100000,24.600000,0.031500,0.000000
0.540000,0.360000,0.500000,-0.343196,-0.000000,-0.343196,-0.377319,0.000000,0.377319,0.041575,0.210924,0.061667,0.061667,0.020092,0.089415,-0.121509,0.030185,0.000912,0.000307,0.110507,-0.021092,-2.989111,0.000000,-2.989111,-2.989111,-2.989111,-1.494556,-1.494556,0,0,1,0,0.000000,0.080000,0.008000,0.001000,5.500000,0.100000,24.600000,0.031500,0.000000
0.545000,0.360000,0.500000,-0.345075,-0.000000,-0.345075,-0.376331,0.000000,0.376331,0.044675,0.214527,0.061667,0.061667,0.016992,0.072006,-0.142521,0.030107,0.000927,-0.000197,0.093458,-0.021453,-3.506022,-0.132379,-3.638401,-3.638401,-3.638401,-1.819201,-1.819201,0,0,1,0,0.000000,0.080000,0.008000,0.001000,5.500000,0.100000,24.600000,0.031500,0.000000
0.550000,0.360000,0.500000,-0.346733,-0.000000,-0.346733,-0.373243,0.000000,0.373243,0.044675,0.214527,0.061667,0.061667,0.016992,0.072006,-0.142521,0.029859,0.000942,-0.000618,0.093458,-0.021453,-3.506022,0.000000,-3.506022,-3.506022,-3.506022,-1.753011,-1.753011,0,0,1,0,0.000000,0.080000,0.008000,0.001000,5.500000,0.100000,24.600000,0.031500,0.000000
0.555000,0.360000,0.500000,-0.348160,-0.000000,-0.348160,-0.367888,0.000000,0.367888,0.046011,0.183358,0.061667,0.061667,0.015656,0.067774,-0.115583,0.029431,0.000957,-0.001071,0.086110,-0.018336,-2.843345,0.169710,-2.673636,-2.673636,-2.673636,-1.336818,-1.336818,0,0,1,0,0.000000,0.080000,0.008000,0.001000,5.500000,0.100000,24.600000,0.031500,0.000000
0.560000,0.360000,0.500000,-0.349353,-0.000000,-0.349353,-0.360520,0.000000,0.360520,0.046011,0.183358,0.061667,0.061667,0.015656,0.067774,-0.115583,0.028842,0.000971,-0.001474,0.086110,-0.018336,-2.843345,0.000000,-2.843345,-2.843345,-2.843345,-1.421673,-1.421673,0,0,1,0,0.000000,0.080000,0.008000,0.001000,5.500000,0.100000,24.600000,0.031500,0.000000
0.565000,0.360000,0.500000,-0.350349,-0.000000,-0.350349,-0.351741,0.000000,0.351741,0.045588,0.127805,0.061667,0.061667,0.016079,0.075654,-0.052150,0.028139,0.000986,-0.001756,0.088435,-0.012780,-1.282900,0.399626,-0.883274,-0.883274,-0.883274,-0.441637,-0.441637,0,0,1,0,0.000000,0.080000,0.008000,0.001000,5.500000,0.100000,24.600000,0.031500,0.000000
0.574000,0.360000,0.500000,-0.351862,-0.000000,-0.351862,-0.331187,0.000000,0.331187,0.043834,0.063466,0.061667,0.061667,0.017834,0.091738,0.028272,0.026495,0.001009,-0.002284,0.098085,-0.006347,0.695484,0.281477,0.976962,0.976962,0.976962,0.488481,0.488481,0,0,1,0,0.000000,0.080000,0.008000,0.001000,5.500000,0.100000,24.600000,0.031500,0.000000
0.579000,0.360000,0.500000,-0.352486,-0.000000,-0.352486,-0.320580,0.000000,0.320580,0.043834,0.063466,0.061667,0.061667,0.017834,0.091738,0.028272,0.025646,0.001022,-0.002121,0.098085,-0.006347,0.695484,0.000000,0.695484,0.695484,0.695484,0.347742,0.347742,0,0,1,0,0.000000,0.080000,0.008000,0.001000,5.500000,0.100000,24.600000,0.031500,0.000000
0.584000,0.360000,0.500000,-0.353097,-0.000000,-0.353097,-0.310760,0.000000,0.310760,0.041514,0.007328,0.061667,0.061667,0.020153,0.110110,0.102782,0.024861,0.001035,-0.001964,0.110843,-0.000733,2.528429,0.469413,2.997841,2.997841,2.997841,1.498921,1.498921,0,0,1,0,0.000000,0.080000,0.008000,0.001000,5.500000,0.100000,24.600000,0.031500,0.000000
0.589000,0.360000,0.500000,-0.353724,-0.000000,-0.353724,-0.301527,0.000000,0.301527,0.041514,0.007328,0.061667,0.061667,0.020153,0.110110,0.102782,0.024122,0.001047,-0.001847,0.110843,-0.000733,2.528429,0.000000,2.528429,2.528429,2.528429,1.264214,1.264214,0,0,1,0,0.000000,0.080000,0.008000,0.001000,5.500000,0.100000,24.600000,0.031500,0.000000
0.594000,0.360000,0.500000,-0.354432,-0.000000,-0.354432,-0.294042,0.000000,0.294042,0.039357,-0.028575,0.061667,0.061667,0.022310,0.125564,0.154139,0.023523,0.001058,-0.001497,0.122706,0.002858,3.791828,0.323553,4.115381,4.115381,4.115381,2.057690,2.057690,0,0,1,0,0.000000,0.080000,0.008000,0.001000,5.500000,0.100000,24.600000,0.031500,0.000000
0.599000,0.360000,0.500000,-0.355251,-0.000000,-0.355251,-0.287933,0.000000,0.287933,0.039357,-0.028575,0.061667,0.061667,0.022310,0.125564,0.154139,0.023035,0.001070,-0.001222,0.122706,0.002858,3.791828,0.000000,3.791828,3.791828,3.791828,1.895914,1.895914,0,0,1,0,0.000000,0.080000,0.008000,0.001000,5.500000,0.100000,24.600000,0.031500,0.000000
0.604000,0.360000,0.500000,-0.356219,-0.000000,-0.356219,-0.283921,0.000000,0.283921,0.038041,-0.037771,0.061667,0.061667,0.023626,0.133720,0.171491,0.022714,0.001081,-0.000802,0.129943,0.003777,4.218682,0.109316,4.327998,4.327998,4.327998,2.163999,2.163999,0,0,1,0,0.000000,0.080000,0.008000,0.001000,5.500000,0.100000,24.600000,0.031500,0.000000
0.609000,0.360000,0.500000,-0.357352,-0.000000,-0.357352,-0.281680,0.000000,0.281680,0.038041,-0.037771,0.061667,0.061667,0.023626,0.133720,0.171491,0.022534,0.001093,-0.000448,0.129943,0.003777,4.218682,0.000000,4.218682,4.218682,4.218682,2.109341,2.109341,0,0,1,0,0.000000,0.080000,0.008000,0.001000,5.500000,0.100000,24.600000,0.031500,0.000000
0.618000,0.360000,0.500000,-0.360133,-0.000000,-0.360133,-0.282734,0.000000,0.282734,0.037949,-0.021104,0.061667,0.061667,0.023719,0.132562,0.153666,0.022619,0.001113,0.000117,0.130452,0.002110,3.780195,-0.062386,3.717809,3.717809,3.717809,1.858904,1.858904,0,0,1,0,0.000000,0.080000,0.008000,0.001000,5.500000,0.100000,24.600000,0.031500,0.000000
0.623000,0.360000,0.500000,-0.361777,-0.000000,-0.361777,-0.285691,0.000000,0.285691,0.039145,0.016268,0.061667,0.061667,0.022522,0.122244,0.105976,0.022855,0.001124,0.000591,0.123871,-0.001627,2.607014,-0.300449,2.306565,2.306565,2.306565,1.153283,1.153283,0,0,1,0,0.000000,0.080000,0.008000,0.001000,5.500000,0.100000,24.600000,0.031500,0.000000
0.628000,0.360000,0.500000,-0.363567,-0.000000,-0.363567,-0.289838,0.000000,0.289838,0.039145,0.016268,0.061667,0.061667,0.022522,0.122244,0.105976,0.023187,0.001136,0.000830,0.123871,-0.001627,2.607014,0.000000,2.607014,2.607014,2.607014,1.303507,1.303507,0,0,1,0,0.000000,0.080000,0.008000,0.001000,5.500000,0.100000,24.600000,0.031500,0.000000
0.633000,0.360000,0.500000,-0.365445,-0.000000,-0.365445,-0.294348,0.000000,0.294348,0.041364,0.059956,0.061667,0.061667,0.020303,0.105670,0.045714,0.023548,0.001148,0.000902,0.111665,-0.005996,1.124554,-0.379654,0.744900,0.744900,0.744900,0.372450,0.372450,0,0,1,0,0.000000,0.080000,0.008000,0.001000,5.500000,0.100000,24.600000,0.031500,0.000000
0.638000,0.360000,0.500000,-0.367388,-0.000000,-0.367388,-0.299347,0.000000,0.299347,0.041364,0.059956,0.061667,0.061667,0.020303,0.105670,0.045714,0.023948,0.001160,0.001000,0.111665,-0.005996,1.124554,0.000000,1.124554,1.124554,1.124554,0.562277,0.562277,0,0,1,0,0.000000,0.080000,0.008000,0.001000,5.500000,0.100000,24.600000,0.031500,0.000000
0.643000,0.360000,0.500000,-0.369343,-0.000000,-0.369343,-0.303825,0.000000,0.303825,0.044000,0.098057,0.061667,0.061667,0.017667,0.087364,-0.010693,0.024306,0.001172,0.000896,0.097170,-0.009806,-0.263044,-0.355360,-0.618404,-0.618404,-0.618404,-0.309202,-0.309202,0,0,1,0,0.000000,0.080000,0.008000,0.001000,5.500000,0.100000,24.600000,0.031500,0.000000
0.648000,0.360000,0.500000,-0.371284,-0.000000,-0.371284,-0.308019,0.000000,0.308019,0.044000,0.098057,0.061667,0.061667,0.017667,0.087364,-0.010693,0.024642,0.001184,0.000839,0.097170,-0.009806,-0.263044,0.000000,-0.263044,-0.263044,-0.263044,-0.131522,-0.131522,0,0,1,0,0.000000,0.080000,0.008000,0.001000,5.500000,0.100000,24.600000,0.031500,0.000000
0.653000,0.360000,0.500000,-0.373162,-0.000000,-0.373162,-0.311045,0.000000,0.311045,0.046463,0.120952,0.061667,0.061667,0.015205,0.071531,-0.049421,0.024884,0.001197,0.000605,0.083626,-0.012095,-1.215762,-0.243989,-1.459751,-1.459751,-1.459751,-0.729876,-0.729876,0,0,1,0,0.000000,0.080000,0.008000,0.001000,5.500000,0.100000,24.600000,0.031500,0.000000
0.658000,0.360000,0.500000,-0.374960,-0.000000,-0.374960,-0.313178,0.000000,0.313178,0.046463,0.120952,0.061667,0.061667,0.015205,0.071531,-0.049421,0.025054,0.001209,0.000427,0.083626,-0.012095,-1.215762,0.000000,-1.215762,-1.215762,-1.215762,-0.607881,-0.607881,0,0,1,0,0.000000,0.080000,0.008000,0.001000,5.500000,0.100000,24.600000,0.031500,0.000000
0.663000,0.360000,0.500000,-0.376648,-0.000000,-0.376648,-0.313865,0.000000,0.313865,0.048250,0.123779,0.061667,0.061667,0.013418,0.061419,-0.062360,0.025109,0.001222,0.000137,0.073797,-0.012378,-1.534067,-0.081517,-1.615584,-1.615584,-1.615584,-0.807792,-0.807792,0,0,1,0,0.000000,0.080000,0.008000,0.001000,5.500000,0.100000,24.600000,0.031500,0.000000
0.668000,0.360000,0.500000,-0.378212,-0.000000,-0.378212,-0.313348,0.000000,0.313348,0.048250,0.123779,0.061667,0.061667,0.013418,0.061419,-0.062360,0.025068,0.001234,-0.000103,0.073797,-0.012378,-1.534067,0.000000,-1.534067,-1.534067,-1.534067,-0.767033,-0.767033,0,0,1,0,0.000000,0.080000,0.008000,0.001000,5.500000,0.100000,24.600000,0.031500,0.000000
0.673000,0.360000,0.500000,-0.379649,-0.000000,-0.379649,-0.311516,0.000000,0.311516,0.049078,0.107231,0.061667,0.061667,0.012589,0.058518,-0.048713,0.024921,0.001247,-0.000366,0.069241,-0.010723,-1.198332,0.085981,-1.112351,-1.112351,-1.112351,-0.556175,-0.556175,0,0,1,0,0.000000,0.080000,0.008000,0.001000,5.500000,0.100000,24.600000,0.031500,0.000000
0.678000,0.360000,0.500000,-0.380957,-0.000000,-0.380957,-0.308518,0.000000,0.308518,0.049078,0.107231,0.061667,0.061667,0.012589,0.058518,-0.048713,0.024681,0.001259,-0.000600,0.069241,-0.010723,-1.198332,0.000000,-1.198332,-1.198332,-1.198332,-0.599166,-0.599166,0,0,1,0,0.000000,0.080000,0.008000,0.001000,5.500000,0.100000,24.600000,0.031500,0.000000
0.683000,0.360000,0.500000,-0.382154,-0.000000,-0.382154,-0.304668,0.000000,0.304668,0.048927,0.076844,0.061667,0.061667,0.012740,0.062386,-0.014459,0.024373,0.001271,-0.000770,0.070070,-0.007684,-0.355680,0.215801,-0.139879,-0.139879,-0.139879,-0.069940,-0.069940,0,0,1,0,0.000000,0.080000,0.008000,0.001000,5.500000,0.100000,24.600000,0.031500,0.000000
0.688000,0.360000,0.500000,-0.383251,-0.000000,-0.383251,-0.299993,0.000000,0.299993,0.048927,0.076844,0.061667,0.061667,0.012740,0.062386,-0.014459,0.023999,0.001283,-0.000935,0.070070,-0.007684,-0.355680,0.000000,-0.355680,-0.355680,-0.355680,-0.177840,-0.177840,0,0,1,0,0.000000,0.080000,0.008000,0.001000,5.500000,0.100000,24.600000,0.031500,0.000000
0.693000,0.360000,0.500000,-0.384280,-0.000000,-0.384280,-0.295113,0.000000,0.295113,0.048023,0.041144,0.061667,0.061667,0.013644,0.070930,0.029787,0.023609,0.001295,-0.000976,0.075045,-0.004114,0.732756,0.278746,1.011501,1.011501,1.011501,0.505751,0.505751,0,0,1,0,0.000000,0.080000,0.008000,0.001000,5.500000,0.100000,24.600000,0.031500,0.000000
0.702000,0.360000,0.500000,-0.386229,-0.000000,-0.386229,-0.285205,0.000000,0.285205,0.046755,0.009204,0.061667,0.061667,0.014913,0.081099,0.071894,0.022816,0.001316,-0.001101,0.082019,-0.000920,1.768602,0.147377,1.915978,1.915978,1.915978,0.957989,0.957989,0,0,1,0,0.000000,0.080000,0.008000,0.001000,5.500000,0.100000,24.600000,0.031500,0.000000
0.707000,0.360000,0.500000,-0.387216,-0.000000,-0.387216,-0.280886,0.000000,0.280886,0.046755,0.009204,0.061667,0.061667,0.014913,0.081099,0.071894,0.022471,0.001327,-0.000864,0.082019,-0.000920,1.768602,0.000000,1.768602,1.768602,1.768602,0.884301,0.884301,0,0,1,0,0.000000,0.080000,0.008000,0.001000,5.500000,0.100000,24.600000,0.031500,0.000000
0.712000,0.360000,0.500000,-0.388250,-0.000000,-0.388250,-0.277421,0.000000,0.277421,0.045600,-0.011114,0.061667,0.061667,0.016067,0.089482,0.100595,0.022194,0.001338,-0.000693,0.088370,0.001111,2.474646,0.180816,2.655462,2.655462,2.655462,1.327731,1.327731,0,0,1,0,0.000000,0.080000,0.008000,0.001000,5.500000,0.100000,24.600000,0.031500,0.000000
0.717000,0.360000,0.500000,-0.389341,-0.000000,-0.389341,-0.274672,0.000000,0.274672,0.045600,-0.011114,0.061667,0.061667,0.016067,0.089482,0.100595,0.021974,0.001349,-0.000550,0.088370,0.001111,2.474646,0.000000,2.474646,2.474646,2.474646,1.237323,1.237323,0,0,1,0,0.000000,0.080000,0.008000,0.001000,5.500000,0.100000,24.600000,0.031500,0.000000
0.722000,0.360000,0.500000,-0.390513,-0.000000,-0.390513,-0.273046,0.000000,0.273046,0.044892,-0.016810,0.061667,0.061667,0.016775,0.093945,0.110754,0.021844,0.001360,-0.000325,0.092264,0.001681,2.724560,0.064002,2.788563,2.788563,2.788563,1.394281,1.394281,0,0,1,0,0.000000,0.080000,0.008000,0.001000,5.500000,0.100000,24.600000,0.031500,0.000000
0.727000,0.360000,0.500000,-0.391775,-0.000000,-0.391775,-0.272362,0.000000,0.272362,0.044892,-0.016810,0.061667,0.061667,0.016775,0.093945,0.110754,0.021789,0.001371,-0.000137,0.092264,0.001681,2.724560,0.000000,2.724560,2.724560,2.724560,1.362280,1.362280,0,0,1,0,0.000000,0.080000,0.008000,0.001000,5.500000,0.100000,24.600000,0.031500,0.000000
0.732000,0.360000,0.500000,-0.393132,-0.000000,-0.393132,-0.272712,0.000000,0.272712,0.044851,-0.008227,0.061667,0.061667,0.016817,0.093314,0.101541,0.021817,0.001382,0.000070,0.092491,0.000823,2.497899,-0.058047,2.439852,2.439852,2.439852,1.219926,1.219926,0,0,1,0,0.000000,0.080000,0.008000,0.001000,5.500000,0.100000,24.600000,0.031500,0.000000
0.741000,0.360000,0.500000,-0.396122,-0.000000,-0.396122,-0.275947,0.000000,0.275947,0.045500,0.010739,0.061667,0.061667,0.016168,0.087848,0.077109,0.022076,0.001402,0.000359,0.088922,-0.001074,1.896879,-0.085511,1.811368,1.811368,1.811368,0.905684,0.905684,0,0,1,0,0.000000,0.080000,0.008000,0.001000,5.500000,0.100000,24.600000,0.031500,0.000000
0.746000,0.360000,0.500000,-0.397733,-0.000000,-0.397733,-0.278556,0.000000,0.278556,0.045500,0.010739,0.061667,0.061667,0.016168,0.087848,0.077109,0.022285,0.001413,0.000522,0.088922,-0.001074,1.896879,0.000000,1.896879,1.896879,1.896879,0.948439,0.948439,0,0,1,0,0.000000,0.080000,0.008000,0.001000,5.500000,0.100000,24.600000,0.031500,0.000000
0.751000,0.360000,0.500000,-0.399397,-0.000000,-0.399397,-0.281430,0.000000,0.281430,0.046678,0.034001,0.061667,0.061667,0.014989,0.079040,0.045039,0.022514,0.001424,0.000575,0.082440,-0.003400,1.107955,-0.202041,0.905913,0.905913,0.905913,0.452957,0.452957,0,0,1,0,0.000000,0.080000,0.008000,0.001000,5.500000,0.100000,24.600000,0.031500,0.000000
0.756000,0.360000,0.500000,-0.401103,-0.000000,-0.401103,-0.284589,0.000000,0.284589,0.046678,0.034001,0.061667,0.061667,0.014989,0.079040,0.045039,0.022767,0.001435,0.000632,0.082440,-0.003400,1.107955,0.000000,1.107955,1.107955,1.107955,0.553977,0.553977,0,0,1,0,0.000000,0.080000,0.008000,0.001000,5.500000,0.100000,24.600000,0.031500,0.000000
0.761000,0.360000,0.500000,-0.402821,-0.000000,-0.402821,-0.287495,0.000000,0.287495,0.048120,0.054890,0.061667,0.061667,0.013547,0.069022,0.014132,0.023000,0.001447,0.000581,0.074511,-0.005489,0.347659,-0.194710,0.152949,0.152949,0.152949,0.076474,0.076474,0,0,1,0,0.000000,0.080000,0.008000,0.001000,5.500000,0.100000,24.600000,0.031500,0.000000
0.766000,0.360000,0.500000,-0.404535,-0.000000,-0.404535,-0.290271,0.000000,0.290271,0.048120,0.054890,0.061667,0.061667,0.013547,0.069022,0.014132,0.023222,0.001458,0.000555,0.074511,-0.005489,0.347659,0.000000,0.347659,0.347659,0.347659,0.173829,0.173829,0,0,1,0,0.000000,0.080000,0.008000,0.001000,5.500000,0.100000,24.600000,0.031500,0.000000
0.771000,0.360000,0.500000,-0.406221,-0.000000,-0.406221,-0.292429,0.000000,0.292429,0.049497,0.068025,0.061667,0.061667,0.012170,0.060134,-0.007891,0.023394,0.001470,0.000432,0.066936,-0.006803,-0.194124,-0.138749,-0.332874,-0.332874,-0.332874,-0.166437,-0.166437,0,0,1,0,0.000000,0.080000,0.008000,0.001000,5.500000,0.100000,24.600000,0.031500,0.000000
0.776000,0.360000,0.500000,-0.407867,-0.000000,-0.407867,-0.294118,0.000000,0.294118,0.049497,0.068025,0.061667,0.061667,0.012170,0.060134,-0.007891,0.023529,0.001482,0.000338,0.066936,-0.006803,-0.194124,0.000000,-0.194124,-0.194124,-0.194124,-0.097062,-0.097062,0,0,1,0,0.000000,0.080000,0.008000,0.001000,5.500000,0.100000,24.600000,0.031500,0.000000
0.781000,0.360000,0.500000,-0.409455,-0.000000,-0.409455,-0.295020,0.000000,0.295020,0.050533,0.070505,0.061667,0.061667,0.011134,0.054186,-0.016319,0.023602,0.001494,0.000180,0.061236,-0.007050,-0.401451,-0.053096,-0.454547,-0.454547,-0.454547,-0.227273,-0.227273,0,0,1,0,0.000000,0.080000,0.008000,0.001000,5.500000,0.100000,24.600000,0.031500,0.000000
0.790000,0.360000,0.500000,-0.412436,-0.000000,-0.412436,-0.294782,0.000000,0.294782,0.051062,0.062405,0.061667,0.061667,0.010605,0.052088,-0.010316,0.023583,0.001515,-0.000026,0.058329,-0.006240,-0.253781,0.021010,-0.232771,-0.232771,-0.232771,-0.116386,-0.116386,0,0,1,0,0.000000,0.080000,0.008000,0.001000,5.500000,0.100000,24.600000,0.031500,0.000000
0.795000,0.360000,0.500000,-0.413821,-0.000000,-0.413821,-0.293617,0.000000,0.293617,0.051062,0.062405,0.061667,0.061667,0.010605,0.052088,-0.010316,0.023489,0.001527,-0.000233,0.058329,-0.006240,-0.253781,0.000000,-0.253781,-0.253781,-0.253781,-0.126891,-0.126891,0,0,1,0,0.000000,0.080000,0.008000,0.001000,5.500000,0.100000,24.600000,0.031500,0.000000
0.800000,0.360000,0.500000,-0.413821,-0.000000,-0.413821,-0.293617,0.000000,0.293617,0.051062,0.062405,0.061667,0.061667,0.010605,0.052088,-0.010316,0.023489,0.001538,0.000000,0.058329,-0.006240,-0.253781,0.000000,-0.253781,-0.253781,-0.253781,-0.126891,-0.126891,0,0,1,0,0.000000,0.080000,0.008000,0.001000,5.500000,0.100000,24.600000,0.031500,0.000000
0.805000,0.360000,0.500000,-0.415145,-0.000000,-0.415145,-0.291944,0.000000,0.291944,0.051048,0.046213,0.061667,0.061667,0.010619,0.053783,0.007571,0.023356,0.001550,-0.000335,0.058405,-0.004621,0.186236,0.112687,0.298923,0.298923,0.298923,0.149462,0.149462,0,0,1,0,0.000000,0.080000,0.008000,0.001000,5.500000,0.100000,24.600000,0.031500,0.000000
0.810000,0.360000,0.500000,-0.416412,-0.000000,-0.416412,-0.289795,0.000000,0.289795,0.051048,0.046213,0.061667,0.061667,0.010619,0.053783,0.007571,0.023184,0.001562,-0.000430,0.058405,-0.004621,0.186236,0.000000,0.186236,0.186236,0.186236,0.093118,0.093118,0,0,1,0,0.000000,0.080000,0.008000,0.001000,5.500000,0.100000,24.600000,0.031500,0.000000
0.815000,0.360000,0.500000,-0.417641,-0.000000,-0.417641,-0.287496,0.000000,0.287496,0.050607,0.026774,0.061667,0.061667,0.011060,0.058152,0.031378,0.023000,0.001573,-0.000460,0.060829,-0.002677,0.771899,0.149987,0.921886,0.921886,0.921886,0.460943,0.460943,0,0,1,0,0.000000,0.080000,0.008000,0.001000,5.500000,0.100000,24.600000,0.031500,0.000000
0.820000,0.360000,0.500000,-0.418842,-0.000000,-0.418842,-0.285003,0.000000,0.285003,0.050607,0.026774,0.061667,0.061667,0.011060,0.058152,0.031378,0.022800,0.001585,-0.000499,0.060829,-0.002677,0.771899,0.000000,0.771899,0.771899,0.771899,0.385950,0.385950,0,0,1,0,0.000000,0.080000,0.008000,0.001000,5.500000,0.100000,24.600000,0.031500,0.000000
0.825000,0.360000,0.500000,-0.420035,-0.000000,-0.420035,-0.282716,0.000000,0.282716,0.049951,0.009026,0.061667,0.061667,0.011717,0.063539,0.054513,0.022617,0.001596,-0.000457,0.064441,-0.000903,1.341012,0.145748,1.486761,1.486761,1.486761,0.743380,0.743380,0,0,1,0,0.000000,0.080000,0.008000,0.001000,5.500000,0.100000,24.600000,0.031500,0.000000
0.830000,0.360000,0.500000,-0.421231,-0.000000,-0.421231,-0.280543,0.000000,0.280543,0.049951,0.009026,0.061667,0.061667,0.011717,0.063539,0.054513,0.022443,0.001607,-0.000435,0.064441,-0.000903,1.341012,0.000000,1.341012,1.341012,1.341012,0.670506,0.670506,0,0,1,0,0.000000,0.080000,0.008000,0.001000,5.500000,0.100000,24.600000,0.031500,0.000000
0.835000,0.360000,0.500000,-0.422449,-0.000000,-0.422449,-0.278848,0.000000,0.278848,0.049317,-0.002976,0.061667,0.061667,0.012350,0.068222,0.071198,0.022308,0.001618,-0.000339,0.067924,0.000298,1.751461,0.105115,1.856576,1.856576,1.856576,0.928288,0.928288,0,0,1,0,0.000000,0.080000,0.008000,0.001000,5.500000,0.100000,24.600000,0.031500,0.000000
0.844000,0.360000,0.500000,-0.424994,-0.000000,-0.424994,-0.276801,0.000000,0.276801,0.048916,-0.007002,0.061667,0.061667,0.012751,0.070831,0.077833,0.022144,0.001638,-0.000227,0.070130,0.000700,1.914688,0.023223,1.937911,1.937911,1.937911,0.968956,0.968956,0,0,1,0,0.000000,0.080000,0.008000,0.001000,5.500000,0.100000,24.600000,0.031500,0.000000
0.849000,0.360000,0.500000,-0.426341,-0.000000,-0.426341,-0.276642,0.000000,0.276642,0.048916,-0.007002,0.061667,0.061667,0.012751,0.070831,0.077833,0.022131,0.001649,-0.000032,0.070130,0.000700,1.914688,0.000000,1.914688,1.914688,1.914688,0.957344,0.957344,0,0,1,0,0.000000,0.080000,0.008000,0.001000,5.500000,0.100000,24.600000,0.031500,0.000000
0.854000,0.360000,0.500000,-0.427742,-0.000000,-0.427742,-0.277043,0.000000,0.277043,0.048891,-0.002718,0.061667,0.061667,0.012776,0.070542,0.073260,0.022163,0.001660,0.000080,0.070270,0.000272,1.802194,-0.028809,1.773385,1.773385,1.773385,0.886692,0.886692,0,0,1,0,0.000000,0.080000,0.008000,0.001000,5.500000,0.100000,24.600000,0.031500,0.000000
0.859000,0.360000,0.500000,-0.429197,-0.000000,-0.429197,-0.277946,0.000000,0.277946,0.048891,-0.002718,0.061667,0.061667,0.012776,0.070542,0.073260,0.022236,0.001671,0.000181,0.070270,0.000272,1.802194,0.000000,1.802194,1.802194,1.802194,0.901097,0.901097,0,0,1,0,0.000000,0.080000,0.008000,0.001000,5.500000,0.100000,24.600000,0.031500,0.000000
0.864000,0.360000,0.500000,-0.430699,-0.000000,-0.430699,-0.279239,0.000000,0.279239,0.049249,0.007433,0.061667,0.061667,0.012419,0.067559,0.060126,0.022339,0.001683,0.000259,0.068302,-0.000743,1.479101,-0.082743,1.396358,1.396358,1.396358,0.698179,0.698179,0,0,1,0,0.000000,0.080000,0.008000,0.001000,5.500000,0.100000,24.600000,0.031500,0.000000
0.869000,0.360000,0.500000,-0.432244,-0.000000,-0.432244,-0.280904,0.000000,0.280904,0.049249,0.007433,0.061667,0.061667,0.012419,0.067559,0.060126,0.022472,0.001694,0.000333,0.068302,-0.000743,1.479101,0.000000,1.479101,1.479101,1.479101,0.739551,0.739551,0,0,1,0,0.000000,0.080000,0.008000,0.001000,5.500000,0.100000,24.600000,0.031500,0.000000
0.878000,0.360000,0.500000,-0.435420,-0.000000,-0.435420,-0.284663,0.000000,0.284663,0.049906,0.020107,0.061667,0.061667,0.011761,0.062674,0.042567,0.022773,0.001714,0.000418,0.064685,-0.002011,1.047152,-0.061456,0.985696,0.985696,0.985696,0.492848,0.492848,0,0,1,0,0.000000,0.080000,0.008000,0.001000,5.500000,0.100000,24.600000,0.031500,0.000000
0.883000,0.360000,0.500000,-0.437044,-0.000000,-0.437044,-0.286773,0.000000,0.286773,0.050745,0.033724,0.061667,0.061667,0.010922,0.056697,0.022973,0.022942,0.001726,0.000422,0.060070,-0.003372,0.565136,-0.123443,0.441693,0.441693,0.441693,0.220847,0.220847,0,0,1,0,0.000000,0.080000,0.008000,0.001000,5.500000,0.100000,24.600000,0.031500,0.000000
0.888000,0.360000,0.500000,-0.438677,-0.000000,-0.438677,-0.288763,0.000000,0.288763,0.050745,0.033724,0.061667,0.061667,0.010922,0.056697,0.022973,0.023101,0.001737,0.000398,0.060070,-0.003372,0.565136,0.000000,0.565136,0.565136,0.565136,0.282568,0.282568,0,0,1,0,0.000000,0.080000,0.008000,0.001000,5.500000,0.100000,24.600000,0.031500,0.000000
0.893000,0.360000,0.500000,-0.440292,-0.000000,-0.440292,-0.290357,0.000000,0.290357,0.051615,0.042165,0.061667,0.061667,0.010052,0.051070,0.008905,0.023229,0.001749,0.000319,0.055286,-0.004217,0.219052,-0.088631,0.130421,0.130421,0.130421,0.065211,0.065211,0,0,1,0,0.000000,0.080000,0.008000,0.001000,5.500000,0.100000,24.600000,0.031500,0.000000
0.898000,0.360000,0.500000,-0.441882,-0.000000,-0.441882,-0.291650,0.000000,0.291650,0.051615,0.042165,0.061667,0.061667,0.010052,0.051070,0.008905,0.023332,0.001761,0.000259,0.055286,-0.004217,0.219052,0.000000,0.219052,0.219052,0.219052,0.109526,0.109526,0,0,1,0,0.000000,0.080000,0.008000,0.001000,5.500000,0.100000,24.600000,0.031500,0.000000
0.903000,0.360000,0.500000,-0.443437,-0.000000,-0.443437,-0.292439,0.000000,0.292439,0.052269,0.043862,0.061667,0.061667,0.009399,0.047307,0.003445,0.023395,0.001772,0.000158,0.051693,-0.004386,0.084746,-0.034395,0.050351,0.050351,0.050351,0.025175,0.025175,0,0,1,0,0.000000,0.080000,0.008000,0.001000,5.500000,0.100000,24.600000,0.031500,0.000000
0.908000,0.360000,0.500000,-0.444951,-0.000000,-0.444951,-0.292810,0.000000,0.292810,0.052269,0.043862,0.061667,0.061667,0.009399,0.047307,0.003445,0.023425,0.001784,0.000074,0.051693,-0.004386,0.084746,0.000000,0.084746,0.084746,0.084746,0.042373,0.042373,0,0,1,0,0.000000,0.080000,0.008000,0.001000,5.500000,0.100000,24.600000,0.031500,0.000000
0.913000,0.360000,0.500000,-0.446423,-0.000000,-0.446423,-0.292706,0.000000,0.292706,0.052601,0.038832,0.061667,0.061667,0.009066,0.045981,0.007149,0.023417,0.001796,-0.000021,0.049864,-0.003883,0.175871,0.023337,0.199208,0.199208,0.199208,0.099604,0.099604,0,0,1,0,0.000000,0.080000,0.008000,0.001000,5.500000,0.100000,24.600000,0.031500,0.000000
0.918000,0.360000,0.500000,-0.447851,-0.000000,-0.447851,-0.292185,0.000000,0.292185,0.052601,0.038832,0.061667,0.061667,0.009066,0.045981,0.007149,0.023375,0.001807,-0.000104,0.049864,-0.003883,0.175871,0.000000,0.175871,0.175871,0.175871,0.087935,0.087935,0,0,1,0,0.000000,0.080000,0.008000,0.001000,5.500000,0.100000,24.600000,0.031500,0.000000
0.927000,0.360000,0.500000,-0.450596,-0.000000,-0.450596,-0.290181,0.000000,0.290181,0.052595,0.028799,0.061667,0.061667,0.009072,0.047017,0.018218,0.023214,0.001828,-0.000223,0.049897,-0.002880,0.448153,0.038739,0.486892,0.486892,0.486892,0.243446,0.243446,0,0,1,0,0.000000,0.080000,0.008000,0.001000,5.500000,0.100000,24.600000,0.031500,0.000000
0.932000,0.360000,0.500000,-0.451917,-0.000000,-0.451917,-0.288738,0.000000,0.288738,0.052298,0.015285,0.061667,0.061667,0.009369,0.050001,0.034716,0.023099,0.001840,-0.000289,0.051530,-0.001529,0.854012,0.103940,0.957952,0.957952,0.957952,0.478976,0.478976,0,0,1,0,0.000000,0.080000,0.008000,0.001000,5.500000,0.100000,24.600000,0.031500,0.000000
0.937000,0.360000,0.500000,-0.453213,-0.000000,-0.453213,-0.287195,0.000000,0.287195,0.052298,0.015285,0.061667,0.061667,0.009369,0.050001,0.034716,0.022976,0.001851,-0.000309,0.051530,-0.001529,0.854012,0.000000,0.854012,0.854012,0.854012,0.427006,0.427006,0,0,1,0,0.000000,0.080000,0.008000,0.001000,5.500000,0.100000,24.600000,0.031500,0.000000
0.942000,0.360000,0.500000,-0.454507,-0.000000,-0.454507,-0.285807,0.000000,0.285807,0.051823,0.003364,0.061667,0.061667,0.009845,0.053809,0.050445,0.022865,0.001863,-0.000278,0.054146,-0.000336,1.240944,0.099092,1.340036,1.340036,1.340036,0.670018,0.670018,0,0,1,0,0.000000,0.080000,0.008000,0.001000,5.500000,0.100000,24.600000,0.031500,0.000000
0.947000,0.360000,0.500000,-0.455805,-0.000000,-0.455805,-0.284507,0.000000,0.284507,0.051823,0.003364,0.061667,0.061667,0.009845,0.053809,0.050445,0.022761,0.001874,-0.000260,0.054146,-0.000336,1.240944,0.000000,1.240944,1.240944,1.240944,0.620472,0.620472,0,0,1,0,0.000000,0.080000,0.008000,0.001000,5.500000,0.100000,24.600000,0.031500,0.000000
0.952000,0.360000,0.500000,-0.457121,-0.000000,-0.457121,-0.283544,0.000000,0.283544,0.051377,-0.004442,0.061667,0.061667,0.010290,0.057038,0.061480,0.022684,0.001886,-0.000193,0.056594,0.000444,1.512399,0.069519,1.581918,1.581918,1.581918,0.790959,0.790959,0,0,1,0,0.000000,0.080000,0.008000,0.001000,5.500000,0.100000,24.600000,0.031500,0.000000
0.961000,0.360000,0.500000,-0.459830,-0.000000,-0.459830,-0.282552,0.000000,0.282552,0.051101,-0.006710,0.061667,0.061667,0.010566,0.058783,0.065493,0.022604,0.001906,-0.000110,0.058112,0.000671,1.611130,0.014047,1.625177,1.625177,1.625177,0.812588,0.812588,0,0,1,0,0.000000,0.080000,0.008000,0.001000,5.500000,0.100000,24.600000,0.031500,0.000000
0.966000,0.360000,0.500000,-0.461238,-0.000000,-0.461238,-0.282648,0.000000,0.282648,0.051101,-0.006710,0.061667,0.061667,0.010566,0.058783,0.065493,0.022612,0.001917,0.000019,0.058112,0.000671,1.611130,0.000000,1.611130,1.611130,1.611130,0.805565,0.805565,0,0,1,0,0.000000,0.080000,0.008000,0.001000,5.500000,0.100000,24.600000,0.031500,0.000000
0.971000,0.360000,0.500000,-0.462683,-0.000000,-0.462683,-0.283121,0.000000,0.283121,0.051088,-0.003331,0.061667,0.061667,0.010579,0.058519,0.061851,0.022650,0.001928,0.000095,0.058186,0.000333,1.521523,-0.022948,1.498575,1.498575,1.498575,0.749288,0.749288,0,0,1,0,0.000000,0.080000,0.008000,0.001000,5.500000,0.100000,24.600000,0.031500,0.000000
0.976000,0.360000,0.500000,-0.464165,-0.000000,-0.464165,-0.283932,0.000000,0.283932,0.051088,-0.003331,0.061667,0.061667,0.010579,0.058519,0.061851,0.022715,0.001940,0.000162,0.058186,0.000333,1.521523,0.000000,1.521523,1.521523,1.521523,0.760762,0.760762,0,0,1,0,0.000000,0.080000,0.008000,0.001000,5.500000,0.100000,24.600000,0.031500,0.000000
0.981000,0.360000,0.500000,-0.465680,-0.000000,-0.465680,-0.284997,0.000000,0.284997,0.051337,0.003933,0.061667,0.061667,0.010331,0.056425,0.052492,0.022800,0.001951,0.000213,0.056818,-0.000393,1.291312,-0.058956,1.232356,1.232356,1.232356,0.616178,0.616178,0,0,1,0,0.000000,0.080000,0.008000,0.001000,5.500000,0.100000,24.600000,0.031500,0.000000
0.986000,0.360000,0.500000,-0.467224,-0.000000,-0.467224,-0.286307,0.000000,0.286307,0.051337,0.003933,0.061667,0.061667,0.010331,0.056425,0.052492,0.022905,0.001963,0.000262,0.056818,-0.000393,1.291312,0.000000,1.291312,1.291312,1.291312,0.645656,0.645656,0,0,1,0,0.000000,0.080000,0.008000,0.001000,5.500000,0.100000,24.600000,0.031500,0.000000
0.991000,0.360000,0.500000,-0.468788,-0.000000,-0.468788,-0.287690,0.000000,0.287690,0.051786,0.012739,0.061667,0.061667,0.009882,0.053075,0.040336,0.023015,0.001974,0.000277,0.054349,-0.001274,0.992261,-0.076586,0.915674,0.915674,0.915674,0.457837,0.457837,0,0,1,0,0.000000,0.080000,0.008000,0.001000,5.500000,0.100000,24.600000,0.031500,0.000000
0.996000,0.360000,0.500000,-0.470368,-0.000000,-0.470368,-0.289171,0.000000,0.289171,0.051786,0.012739,0.061667,0.061667,0.009882,0.053075,0.040336,0.023134,0.001986,0.000296,0.054349,-0.001274,0.992261,0.000000,0.992261,0.992261,0.992261,0.496130,0.496130,0,0,1,0,0.000000,0.080000,0.008000,0.001000,5.500000,0.100000,24.600000,0.031500,0.000000
1.001000,0.360000,0.500000,-0.471953,-0.000000,-0.471953,-0.290545,0.000000,0.290545,0.052328,0.020583,0.061667,0.061667,0.009339,0.049306,0.028723,0.023244,0.001997,0.000275,0.051364,-0.002058,0.706586,-0.073161,0.633426,0.633426,0.633426,0.316713,0.316713,0,0,1,0,0.000000,0.080000,0.008000,0.001000,5.500000,0.100000,24.600000,0.031500,0.000000
1.006000,0.360500,0.500500,-0.473537,-0.000000,-0.473537,-0.291860,0.000000,0.291860,0.052328,0.020583,0.061545,0.061545,0.009217,0.048634,0.028051,0.023349,0.002009,0.000263,0.050692,-0.002058,0.690187,-0.004237,0.685950,0.685950,0.685950,0.342975,0.342975,0,0,1,0,0.000000,0.080000,0.008000,0.001000,5.500000,0.100000,24.605000,0.031512,0.000000
1.015000,0.361400,0.501400,-0.476679,-0.000000,-0.476679,-0.293912,0.000000,0.293912,0.052843,0.025445,0.061326,0.061326,0.008482,0.044109,0.018663,0.023513,0.002030,0.000228,0.046653,-0.002545,0.459381,-0.032892,0.426489,0.426489,0.426489,0.213245,0.213245,0,0,1,0,0.000000,0.080000,0.008000,0.001000,5.500000,0.100000,24.614000,0.031535,0.000000
1.020000,0.361900,0.501900,-0.476679,-0.000000,-0.476679,-0.293912,0.000000,0.293912,0.053251,0.027291,0.061204,0.061204,0.007953,0.041014,0.013723,0.023513,0.002042,0.000000,0.043744,-0.002729,0.337858,-0.031169,0.306690,0.306690,0.306690,0.153345,0.153345,0,0,1,0,0.000000,0.080000,0.008000,0.001000,5.500000,0.100000,24.619000,0.031547,0.000000
1.025000,0.362400,0.502400,-0.478232,-0.000000,-0.478232,-0.294691,0.000000,0.294691,0.053251,0.027291,0.061083,0.061083,0.007832,0.040347,0.013056,0.023575,0.002054,0.000156,0.043077,-0.002729,0.321501,-0.004211,0.317291,0.317291,0.317291,0.158645,0.158645,0,0,1,0,0.000000,0.080000,0.008000,0.001000,5.500000,0.100000,24.624000,0.031560,0.000000
1.030000,0.362900,0.502900,-0.479781,-0.000000,-0.479781,-0.295338,0.000000,0.295338,0.053251,0.027291,0.060962,0.060962,0.007711,0.039682,0.012391,0.023627,0.002066,0.000129,0.042411,-0.002729,0.305171,-0.004204,0.300967,0.300967,0.300967,0.150484,0.150484,0,0,1,0,0.000000,0.080000,0.008000,0.001000,5.500000,0.100000,24.629000,0.031573,0.000000
1.035000,0.363400,0.503400,-0.481307,-0.000000,-0.481307,-0.295699,0.000000,0.295699,0.053503,0.024801,0.060841,0.060841,0.007338,0.037877,0.013076,0.023656,0.002077,0.000072,0.040357,-0.002480,0.322118,0.004330,0.326448,0.326448,0.326448,0.163224,0.163224,0,0,1,0,0.000000,0.080000,0.008000,0.001000,5.500000,0.100000,24.634000,0.031585,0.000000
1.040000,0.363900,0.503900,-0.482807,-0.000000,-0.482807,-0.295795,0.000000,0.295795,0.053503,0.024801,0.060720,0.060720,0.007217,0.037214,0.012413,0.023664,0.002089,0.000019,0.039694,-0.002480,0.305849,-0.004190,0.301659,0.301659,0.301659,0.150829,0.150829,0,0,1,0,0.000000,0.080000,0.008000,0.001000,5.500000,0.100000,24.639000,0.031598,0.000000
1.045000,0.364400,0.504400,-0.484293,-0.000000,-0.484293,-0.295749,0.000000,0.295749,0.053527,0.018614,0.060600,0.060600,0.007073,0.037040,0.018426,0.023660,0.002101,-0.000009,0.038901,-0.001861,0.454089,0.038013,0.492102,0.492102,0.492102,0.246051,0.246051,0,0,1,0,0.000000,0.080000,0.008000,0.001000,5.500000,0.100000,24.644000,0.031610,0.000000
1.050000,0.364900,0.504900,-0.485754,-0.000000,-0.485754,-0.295439,0.000000,0.295439,0.053527,0.018614,0.060480,0.060480,0.006953,0.036379,0.017766,0.023635,0.002113,-0.000062,0.038241,-0.001861,0.437907,-0.004176,0.433731,0.433731,0.433731,0.216865,0.216865,0,0,1,0,0.000000,0.080000,0.008000,0.001000,5.500000,0.100000,24.649000,0.031622,0.000000
1.055000,0.365400,0.505400,-0.487193,-0.000000,-0.487193,-0.294981,0.000000,0.294981,0.053332,0.009806,0.060360,0.060360,0.007029,0.037677,0.027871,0.023598,0.002125,-0.000092,0.038657,-0.000981,0.687132,0.063936,0.751069,0.751069,0.751069,0.375534,0.375534,0,0,1,0,0.000000,0.080000,0.008000,0.001000,5.500000,0.100000,24.654000,0.031635,0.000000
1.060000,0.365900,0.505900,-0.488614,-0.000000,-0.488614,-0.294351,0.000000,0.294351,0.053332,0.009806,0.060241,0.060241,0.006909,0.037019,0.027213,0.023548,0.002136,-0.000126,0.038000,-0.000981,0.671057,-0.004162,0.666895,0.666895,0.666895,0.333447,0.333447,0,0,1,0,0.000000,0.080000,0.008000,0.001000,5.500000,0.100000,24.659000,0.031648,0.000000
1.065000,0.366400,0.506400,-0.490026,-0.000000,-0.490026,-0.293726,0.000000,0.293726,0.052977,0.000496,0.060121,0.060121,0.007145,0.039245,0.038749,0.023498,0.002148,-0.000125,0.039295,-0.000050,0.955714,0.073045,1.028759,1.028759,1.028759,0.514379,0.514379,0,0,1,0,0.000000,0.080000,0.008000,0.001000,5.500000,0.100000,24.664000,0.031660,0.000000
1.074000,0.367300,0.507300,-0.492842,-0.000000,-0.492842,-0.292538,0.000000,0.292538,0.052562,-0.007251,0.059907,0.059907,0.007345,0.041122,0.048373,0.023403,0.002169,-0.000132,0.040397,0.000725,1.193504,0.033878,1.227382,1.227382,1.227382,0.613691,0.613691,0,0,1,0,0.000000,0.080000,0.008000,0.001000,5.500000,0.100000,24.673000,0.031683,0.000000
1.079000,0.367800,0.507800,-0.494252,-0.000000,-0.494252,-0.292046,0.000000,0.292046,0.052562,-0.007251,0.059789,0.059789,0.007226,0.040470,0.047720,0.023364,0.002181,-0.000098,0.039745,0.000725,1.177644,-0.004136,1.173508,1.173508,1.173508,0.586754,0.586754,0,0,1,0,0.000000,0.080000,0.008000,0.001000,5.500000,0.100000,24.678000,0.031695,0.000000
1.084000,0.368300,0.508300,-0.495688,-0.000000,-0.495688,-0.291879,0.000000,0.291879,0.052197,-0.011709,0.059670,0.059670,0.007473,0.042275,0.053984,0.023350,0.002193,-0.000033,0.041104,0.001171,1.332483,0.039720,1.372203,1.372203,1.372203,0.686101,0.686101,0,0,1,0,0.000000,0.080000,0.008000,0.001000,5.500000,0.100000,24.683000,0.031707,0.000000
1.089000,0.368800,0.508800,-0.497143,-0.000000,-0.497143,-0.291889,0.000000,0.291889,0.052197,-0.011709,0.059552,0.059552,0.007355,0.041625,0.053334,0.023351,0.002204,0.000002,0.040454,0.001171,1.316710,-0.004123,1.312587,1.312587,1.312587,0.656294,0.656294,0,0,1,0,0.000000,0.080000,0.008000,0.001000,5.500000,0.100000,24.688000,0.031720,0.000000
1.094000,0.369300,0.509300,-0.498620,-0.000000,-0.498620,-0.292164,0.000000,0.292164,0.051961,-0.012579,0.059434,0.059434,0.007473,0.042361,0.054940,0.023373,0.002216,0.000055,0.041103,0.001258,1.356631,0.010192,1.366823,1.366823,1.366823,0.683412,0.683412,0,0,1,0,0.000000,0.080000,0.008000,0.001000,5.500000,0.100000,24.693000,0.031733,0.000000
1.099000,0.369800,0.509800,-0.500121,-0.000000,-0.500121,-0.292650,0.000000,0.292650,0.051961,-0.012579,0.059316,0.059316,0.007356,0.041714,0.054293,0.023412,0.002228,0.000097,0.040456,0.001258,1.340922,-0.004109,1.336812,1.336812,1.336812,0.668406,0.668406,0,0,1,0,0.000000,0.080000,0.008000,0.001000,5.500000,0.100000,24.698000,0.031745,0.000000
1.104000,0.370300,0.510300,-0.501646,-0.000000,-0.501646,-0.293356,0.000000,0.293356,0.051884,-0.010262,0.059199,0.059199,0.007315,0.041257,0.051519,0.023468,0.002239,0.000141,0.040231,0.001026,1.272662,-0.017620,1.255041,1.255041,1.255041,0.627521,0.627521,0,0,1,0,0.000000,0.080000,0.008000,0.001000,5.500000,0.100000,24.703000,0.031758,0.000000
1.109000,0.370800,0.510800,-0.503194,-0.000000,-0.503194,-0.294247,0.000000,0.294247,0.051884,-0.010262,0.059082,0.059082,0.007197,0.040612,0.050874,0.023540,0.002251,0.000178,0.039586,0.001026,1.256993,-0.004096,1.252897,1.252897,1.252897,0.626449,0.626449,0,0,1,0,0.000000,0.080000,0.008000,0.001000,5.500000,0.100000,24.708000,0.031770,0.000000
1.114000,0.371300,0.511300,-0.504761,-0.000000,-0.504761,-0.295265,0.000000,0.295265,0.051958,-0.005908,0.058965,0.058965,0.007007,0.039131,0.045039,0.023621,0.002263,0.000204,0.038540,0.000591,1.113043,-0.037091,1.075952,1.075952,1.075952,0.537976,0.537976,0,0,1,0,0.000000,0.080000,0.008000,0.001000,5.500000,0.100000,24.713000,0.031782,0.000000
1.119000,0.371800,0.511800,-0.506344,-0.000000,-0.506344,-0.296395,0.000000,0.296395,0.051958,-0.005908,0.058848,0.058848,0.006891,0.038489,0.044397,0.023712,0.002275,0.000226,0.037898,0.000591,1.097400,-0.004082,1.093317,1.093317,1.093317,0.546659,0.546659,0,0,1,0,0.000000,0.080000,0.008000,0.001000,5.500000,0.100000,24.718000,0.031795,0.000000
1.124000,0.372300,0.512300,-0.507938,-0.000000,-0.507938,-0.297536,0.000000,0.297536,0.052132,-0.001051,0.058732,0.058732,0.006599,0.036402,0.037453,0.023803,0.002287,0.000228,0.036297,0.000105,0.925940,-0.044176,0.881765,0.881765,0.881765,0.440882,0.440882,0,0,1,0,0.000000,0.080000,0.008000,0.001000,5.500000,0.100000,24.723000,0.031808,0.000000
1.129000,0.372800,0.512800,-0.509539,-0.000000,-0.509539,-0.298694,0.000000,0.298694,0.052132,-0.001051,0.058615,0.058615,0.006483,0.035762,0.036813,0.023896,0.002299,0.000232,0.035657,0.000105,0.910316,-0.004069,0.906247,0.906247,0.906247,0.453124,0.453124,0,0,1,0,0.000000,0.080000,0.008000,0.001000,5.500000,0.100000,24.728000,0.031820,0.000000
1.134000,0.373300,0.513300,-0.511140,-0.000000,-0.511140,-0.299755,0.000000,0.299755,0.052338,0.002817,0.058499,0.058499,0.006162,0.033607,0.030791,0.023980,0.002311,0.000212,0.033889,-0.000282,0.761547,-0.038342,0.723206,0.723206,0.723206,0.361603,0.361603,0,0,1,0,0.000000,0.080000,0.008000,0.001000,5.500000,0.100000,24.733000,0.031832,0.000000
1.143000,0.374200,0.514200,-0.514329,-0.000000,-0.514329,-0.301554,0.000000,0.301554,0.052501,0.004612,0.058291,0.058291,0.005790,0.031384,0.026772,0.024124,0.002332,0.000200,0.031846,-0.000461,0.662395,-0.014224,0.648172,0.648172,0.648172,0.324086,0.324086,0,0,1,0,0.000000,0.080000,0.008000,0.001000,5.500000,0.100000,24.742000,0.031855,0.000000
1.148000,0.374700,0.514700,-0.515897,-0.000000,-0.515897,-0.302107,0.000000,0.302107,0.052501,0.004612,0.058176,0.058176,0.005675,0.030750,0.026138,0.024169,0.002345,0.000111,0.031211,-0.000461,0.646827,-0.004044,0.642783,0.642783,0.642783,0.321391,0.321391,0,0,1,0,0.000000,0.080000,0.008000,0.001000,5.500000,0.100000,24.747000,0.031867,0.000000
1.153000,0.375200,0.515200,-0.517461,-0.000000,-0.517461,-0.302579,0.000000,0.302579,0.052556,0.003863,0.058061,0.058061,0.005505,0.029889,0.026026,0.024206,0.002357,0.000094,0.030275,-0.000386,0.644188,-0.000713,0.643475,0.643475,0.643475,0.321737,0.321737,0,0,1,0,0.000000,0.080000,0.008000,0.001000,5.500000,0.100000,24.752000,0.031880,0.000000
1.158000,0.375700,0.515700,-0.519010,-0.000000,-0.519010,-0.302880,0.000000,0.302880,0.052556,0.003863,0.057946,0.057946,0.005390,0.029257,0.025394,0.024230,0.002369,0.000060,0.029643,-0.000386,0.628672,-0.004031,0.624641,0.624641,0.624641,0.312321,0.312321,0,0,1,0,0.000000,0.080000,0.008000,0.001000,5.500000,0.100000,24.757000,0.031893,0.000000
1.167000,0.376600,0.516600,-0.522064,-0.000000,-0.522064,-0.303006,0.000000,0.303006,0.052494,0.000889,0.057740,0.057740,0.005246,0.028764,0.027875,0.024240,0.002391,0.000014,0.028852,-0.000089,0.690340,0.008797,0.699138,0.699138,0.699138,0.349569,0.349569,0,0,1,0,0.000000,0.080000,0.008000,0.001000,5.500000,0.100000,24.766000,0.031915,0.000000
1.172000,0.377100,0.517100,-0.523558,-0.000000,-0.523558,-0.302739,0.000000,0.302739,0.052300,-0.004147,0.057625,0.057625,0.005326,0.029706,0.033853,0.024219,0.002403,-0.000053,0.029292,0.000415,0.838570,0.038175,0.876745,0.876745,0.876745,0.438373,0.438373,0,0,1,0,0.000000,0.080000,0.008000,0.001000,5.500000,0.100000,24.771000,0.031928,0.000000
1.177000,0.377600,0.517600,-0.525050,-0.000000,-0.525050,-0.302482,0.000000,0.302482,0.052300,-0.004147,0.057511,0.057511,0.005212,0.029079,0.033226,0.024199,0.002415,-0.000051,0.028664,0.000415,0.823200,-0.004007,0.819194,0.819194,0.819194,0.409597,0.409597,0,0,1,0,0.000000,0.080000,0.008000,0.001000,5.500000,0.100000,24.776000,0.031940,0.000000
1.182000,0.378100,0.518100,-0.526538,-0.000000,-0.526538,-0.302230,0.000000,0.302230,0.052018,-0.008989,0.057397,0.057397,0.005379,0.030485,0.039474,0.024178,0.002427,-0.000050,0.029586,0.000899,0.978217,0.039933,1.018150,1.018150,1.018150,0.509075,0.509075,0,0,1,0,0.000000,0.080000,0.008000,0.001000,5.500000,0.100000,24.781000,0.031953,0.000000
1.187000,0.378600,0.518600,-0.528023,-0.000000,-0.528023,-0.301954,0.000000,0.301954,0.052018,-0.008989,0.057284,0.057284,0.005266,0.029861,0.038850,0.024156,0.002439,-0.000055,0.028962,0.000899,0.962931,-0.003994,0.958937,0.958937,0.958937,0.479469,0.479469,0,0,1,0,0.000000,0.080000,0.008000,0.001000,5.500000,0.100000,24.786000,0.031965,0.000000
1.192000,0.379100,0.519100,-0.529511,-0.000000,-0.529511,-0.301759,0.000000,0.301759,0.051712,-0.012921,0.057170,0.057170,0.005459,0.031316,0.044237,0.024141,0.002451,-0.000039,0.030024,0.001292,1.096669,0.034451,1.131120,1.131120,1.131120,0.565560,0.565560,0,0,1,0,0.000000,0.080000,0.008000,0.001000,5.500000,0.100000,24.791000,0.031977,0.000000
1.197000,0.379600,0.519600,-0.531004,-0.000000,-0.531004,-0.301607,0.000000,0.301607,0.051712,-0.012921,0.057057,0.057057,0.005346,0.030694,0.043614,0.024129,0.002463,-0.000030,0.029402,0.001292,1.081461,-0.003981,1.077481,1.077481,1.077481,0.538740,0.538740,0,0,1,0,0.000000,0.080000,0.008000,0.001000,5.500000,0.100000,24.796000,0.031990,0.000000
1.206000,0.380500,0.520500,-0.534016,-0.000000,-0.534016,-0.301653,0.000000,0.301653,0.051432,-0.015207,0.056854,0.056854,0.005422,0.031341,0.046548,0.024132,0.002485,0.000005,0.029820,0.001521,1.154632,0.010436,1.165069,1.165069,1.165069,0.582534,0.582534,0,0,1,0,0.000000,0.080000,0.008000,0.001000,5.500000,0.100000,24.805000,0.032012,0.000000
1.211000,0.381000,0.521000,-0.535525,-0.000000,-0.535525,-0.301698,0.000000,0.301698,0.051207,-0.016263,0.056742,0.056742,0.005535,0.032070,0.048332,0.024136,0.002497,0.000009,0.030444,0.001626,1.199129,0.011427,1.210556,1.210556,1.210556,0.605278,0.605278,0,0,1,0,0.000000,0.080000,0.008000,0.001000,5.500000,0.100000,24.810000,0.032025,0.000000
1.216000,0.381500,0.521500,-0.537057,-0.000000,-0.537057,-0.301970,0.000000,0.301970,0.051207,-0.016263,0.056629,0.056629,0.005423,0.031452,0.047715,0.024158,0.002509,0.000054,0.029826,0.001626,1.184046,-0.003957,1.180090,1.180090,1.180090,0.590045,0.590045,0,0,1,0,0.000000,0.080000,0.008000,0.001000,5.500000,0.100000,24.815000,0.032038,0.000000
1.221000,0.382000,0.522000,-0.538602,-0.000000,-0.538602,-0.302379,0.000000,0.302379,0.051061,-0.015080,0.056517,0.056517,0.005456,0.031516,0.046596,0.024190,0.002521,0.000082,0.030008,0.001508,1.156523,-0.007170,1.149353,1.149353,1.149353,0.574676,0.574676,0,0,1,0,0.000000,0.080000,0.008000,0.001000,5.500000,0.100000,24.820000,0.032050,0.000000
1.226000,0.382500,0.522500,-0.540160,-0.000000,-0.540160,-0.302898,0.000000,0.302898,0.051061,-0.015080,0.056406,0.056406,0.005344,0.030901,0.045981,0.024232,0.002533,0.000104,0.029393,0.001508,1.141486,-0.003944,1.137541,1.137541,1.137541,0.568771,0.568771,0,0,1,0,0.000000,0.080000,0.008000,0.001000,5.500000,0.100000,24.825000,0.032063,0.000000
1.231000,0.383000,0.523000,-0.541731,-0.000000,-0.541731,-0.303501,0.000000,0.303501,0.051006,-0.012622,0.056294,0.056294,0.005288,0.030345,0.042967,0.024280,0.002545,0.000121,0.029083,0.001262,1.066873,-0.019336,1.047536,1.047536,1.047536,0.523768,0.523768,0,0,1,0,0.000000,0.080000,0.008000,0.001000,5.500000,0.100000,24.830000,0.032075,0.000000
1.236000,0.383500,0.523500,-0.543312,-0.000000,-0.543312,-0.304176,0.000000,0.304176,0.051006,-0.012622,0.056183,0.056183,0.005176,0.029732,0.042354,0.024334,0.002557,0.000135,0.028470,0.001262,1.051872,-0.003932,1.047940,1.047940,1.047940,0.523970,0.523970,0,0,1,0,0.000000,0.080000,0.008000,0.001000,5.500000,0.100000,24.835000,0.032088,0.000000
1.245000,0.384400,0.524400,-0.544900,-0.000000,-0.544900,-0.304869,0.000000,0.304869,0.051015,-0.009756,0.055983,0.055983,0.004968,0.028299,0.038056,0.024389,0.002579,0.000077,0.027324,0.000976,0.945452,-0.015337,0.930114,0.930114,0.930114,0.465057,0.465057,0,0,1,0,0.000000,0.080000,0.008000,0.001000,5.500000,0.100000,24.844000,0.032110,0.000000
1.250000,0.384900,0.524900,-0.546494,-0.000000,-0.546494,-0.305577,0.000000,0.305577,0.051047,-0.007183,0.055872,0.055872,0.004825,0.027257,0.034440,0.024446,0.002592,0.000142,0.026539,0.000718,0.855803,-0.023227,0.832576,0.832576,0.832576,0.416288,0.416288,0,0,1,0,0.000000,0.080000,0.008000,0.001000,5.500000,0.100000,24.849000,0.032123,0.000000
1.255000,0.385400,0.525400,-0.548081,-0.000000,-0.548081,-0.306192,0.000000,0.306192,0.051047,-0.007183,0.055761,0.055761,0.004715,0.026649,0.033832,0.024495,0.002604,0.000123,0.025930,0.000718,0.840861,-0.003908,0.836953,0.836953,0.836953,0.418476,0.418476,0,0,1,0,0.000000,0.080000,0.008000,0.001000,5.500000,0.100000,24.854000,0.032135,0.000000
1.260000,0.385900,0.525900,-0.549680,-0.000000,-0.549680,-0.306863,0.000000,0.306863,0.051047,-0.007183,0.055651,0.055651,0.004604,0.026042,0.033225,0.024549,0.002616,0.000134,0.025324,0.000718,0.825943,-0.003902,0.822041,0.822041,0.822041,0.411021,0.411021,0,0,1,0,0.000000,0.080000,0.008000,0.001000,5.500000,0.100000,24.859000,0.032148,0.000000
1.265000,0.386400,0.526400,-0.551274,-0.000000,-0.551274,-0.307439,0.000000,0.307439,0.051081,-0.005586,0.055541,0.055541,0.004460,0.025089,0.030676,0.024595,0.002628,0.000115,0.024531,0.000559,0.762716,-0.016399,0.746317,0.746317,0.746317,0.373159,0.373159,0,0,1,0,0.000000,0.080000,0.008000,0.001000,5.500000,0.100000,24.864000,0.032160,0.000000
1.270000,0.386900,0.526900,-0.552863,-0.000000,-0.552863,-0.307929,0.000000,0.307929,0.051081,-0.005586,0.055431,0.055431,0.004350,0.024485,0.030071,0.024634,0.002641,0.000098,0.023926,0.000559,0.747835,-0.003890,0.743946,0.743946,0.743946,0.371973,0.371973,0,0,1,0,0.000000,0.080000,0.008000,0.001000,5.500000,0.100000,24.869000,0.032173,0.000000
1.275000,0.387400,0.527400,-0.554454,-0.000000,-0.554454,-0.308400,0.000000,0.308400,0.051065,-0.005374,0.055321,0.055321,0.004256,0.023946,0.029320,0.024672,0.002653,0.000094,0.023409,0.000537,0.729313,-0.004832,0.724480,0.724480,0.724480,0.362240,0.362240,0,0,1,0,0.000000,0.080000,0.008000,0.001000,5.500000,0.100000,24.874000,0.032185,0.000000
1.280000,0.387900,0.527900,-0.556022,-0.000000,-0.556022,-0.308624,0.000000,0.308624,0.051065,-0.005374,0.055212,0.055212,0.004147,0.023344,0.028718,0.024690,0.002665,0.000045,0.022807,0.000537,0.714478,-0.003878,0.710600,0.710600,0.710600,0.355300,0.355300,0,0,1,0,0.000000,0.080000,0.008000,0.001000,5.500000,0.100000,24.879000,0.032198,0.000000
1.285000,0.388400,0.528400,-0.557592,-0.000000,-0.557592,-0.308839,0.000000,0.308839,0.050964,-0.006906,0.055102,0.055102,0.004139,0.023454,0.030359,0.024707,0.002678,0.000043,0.022763,0.000691,0.755465,0.010574,0.766038,0.766038,0.766038,0.383019,0.383019,0,0,1,0,0.000000,0.080000,0.008000,0.001000,5.500000,0.100000,24.884000,0.032210,0.000000
1.290000,0.388900,0.528900,-0.559148,-0.000000,-0.559148,-0.308920,0.000000,0.308920,0.050964,-0.006906,0.054993,0.054993,0.004030,0.022854,0.029760,0.024714,0.002690,0.000016,0.022163,0.000691,0.740687,-0.003866,0.736822,0.736822,0.736822,0.368411,0.368411,0,0,1,0,0.000000,0.080000,0.008000,0.001000,5.500000,0.100000,24.889000,0.032223,0.000000
1.299000,0.389800,0.529800,-0.562232,-0.000000,-0.562232,-0.308789,0.000000,0.308789,0.050779,-0.009752,0.054798,0.054798,0.004019,0.023078,0.032830,0.024703,0.002712,-0.000015,0.022103,0.000975,0.817411,0.011002,0.828413,0.828413,0.828413,0.414207,0.414207,0,0,1,0,0.000000,0.080000,0.008000,0.001000,5.500000,0.100000,24.898000,0.032245,0.000000
1.304000,0.390300,0.530300,-0.563747,-0.000000,-0.563747,-0.308471,0.000000,0.308471,0.050508,-0.013826,0.054689,0.054689,0.004181,0.024378,0.038203,0.024678,0.002725,-0.000064,0.022995,0.001383,0.951370,0.034662,0.986031,0.986031,0.986031,0.493016,0.493016,0,0,1,0,0.000000,0.080000,0.008000,0.001000,5.500000,0.100000,24.903000,0.032258,0.000000
1.309000,0.390800,0.530800,-0.565267,-0.000000,-0.565267,-0.308222,0.000000,0.308222,0.050508,-0.013826,0.054581,0.054581,0.004073,0.023782,0.037608,0.024658,0.002737,-0.000050,0.022400,0.001383,0.936731,-0.003843,0.932888,0.932888,0.932888,0.466444,0.466444,0,0,1,0,0.000000,0.080000,0.008000,0.001000,5.500000,0.100000,24.908000,0.032270,0.000000
1.314000,0.391300,0.531300,-0.566786,-0.000000,-0.566786,-0.308023,0.000000,0.308023,0.050196,-0.017057,0.054473,0.054473,0.004277,0.025230,0.042287,0.024642,0.002749,-0.000040,0.023524,0.001706,1.053486,0.030210,1.083696,1.083696,1.083696,0.541848,0.541848,0,0,1,0,0.000000,0.080000,0.008000,0.001000,5.500000,0.100000,24.913000,0.032283,0.000000
1.319000,0.391800,0.531800,-0.568308,-0.000000,-0.568308,-0.307843,0.000000,0.307843,0.050196,-0.017057,0.054365,0.054365,0.004169,0.024637,0.041694,0.024627,0.002762,-0.000036,0.022931,0.001706,1.038920,-0.003831,1.035089,1.035089,1.035089,0.517544,0.517544,0,0,1,0,0.000000,0.080000,0.008000,0.001000,5.500000,0.100000,24.918000,0.032295,0.000000
1.324000,0.392300,0.532300,-0.569835,-0.000000,-0.569835,-0.307759,0.000000,0.307759,0.049896,-0.019118,0.054257,0.054257,0.004362,0.025900,0.045019,0.024621,0.002774,-0.000017,0.023988,0.001912,1.121998,0.021485,1.143482,1.143482,1.143482,0.571741,0.571741,0,0,1,0,0.000000,0.080000,0.008000,0.001000,5.500000,0.100000,24.923000,0.032308,0.000000
1.329000,0.392800,0.532800,-0.571369,-0.000000,-0.571369,-0.307739,0.000000,0.307739,0.049896,-0.019118,0.054150,0.054150,0.004254,0.025309,0.044428,0.024619,0.002786,-0.000004,0.023398,0.001912,1.107496,-0.003819,1.103677,1.103677,1.103677,0.551838,0.551838,0,0,1,0,0.000000,0.080000,0.008000,0.001000,5.500000,0.100000,24.928000,0.032320,0.000000
1.334000,0.393300,0.533300,-0.572913,-0.000000,-0.572913,-0.307834,0.000000,0.307834,0.049643,-0.019694,0.054043,0.054043,0.004400,0.026168,0.045861,0.024627,0.002799,0.000019,0.024198,0.001969,1.143461,0.009270,1.152732,1.152732,1.152732,0.576366,0.576366,0,0,1,0,0.000000,0.080000,0.008000,0.001000,5.500000,0.100000,24.933000,0.032333,0.000000
1.339000,0.393800,0.533800,-0.574467,-0.000000,-0.574467,-0.308016,0.000000,0.308016,0.049643,-0.019694,0.053936,0.053936,0.004293,0.025579,0.045273,0.024641,0.002811,0.000036,0.023610,0.001969,1.129015,-0.003807,1.125208,1.125208,1.125208,0.562604,0.562604,0,0,1,0,0.000000,0.080000,0.008000,0.001000,5.500000,0.100000,24.938000,0.032345,0.000000
1.344000,0.394300,0.534300,-0.576031,-0.000000,-0.576031,-0.308302,0.000000,0.308302,0.049457,-0.018863,0.053829,0.053829,0.004372,0.025934,0.044796,0.024664,0.002823,0.000057,0.024047,0.001886,1.117354,-0.003084,1.114270,1.114270,1.114270,0.557135,0.557135,0,0,1,0,0.000000,0.080000,0.008000,0.001000,5.500000,0.100000,24.943000,0.032358,0.000000
1.349000,0.394800,0.534800,-0.577605,-0.000000,-0.577605,-0.308670,0.000000,0.308670,0.049457,-0.018863,0.053722,0.053722,0.004266,0.025347,0.044210,0.024694,0.002836,0.000074,0.023461,0.001886,1.102953,-0.003795,1.099158,1.099158,1.099158,0.549579,0.549579,0,0,1,0,0.000000,0.080000,0.008000,0.001000,5.500000,0.100000,24.948000,0.032370,0.000000
1.358000,0.395700,0.535700,-0.580781,-0.000000,-0.580781,-0.309603,0.000000,0.309603,0.049337,-0.017039,0.053531,0.053531,0.004194,0.024770,0.041809,0.024768,0.002858,0.000104,0.023066,0.001704,1.043426,-0.008642,1.034784,1.034784,1.034784,0.517392,0.517392,0,0,1,0,0.000000,0.080000,0.008000,0.001000,5.500000,0.100000,24.957000,0.032393,0.000000
1.363000,0.396200,0.536200,-0.582370,-0.000000,-0.582370,-0.310059,0.000000,0.310059,0.049264,-0.014936,0.053425,0.053425,0.004161,0.024377,0.039313,0.024805,0.002870,0.000091,0.022883,0.001494,0.981331,-0.016176,0.965155,0.965155,0.965155,0.482577,0.482577,0,0,1,0,0.000000,0.080000,0.008000,0.001000,5.500000,0.100000,24.962000,0.032405,0.000000
1.368000,0.396700,0.536700,-0.583974,-0.000000,-0.583974,-0.310615,0.000000,0.310615,0.049264,-0.014936,0.053319,0.053319,0.004055,0.023795,0.038731,0.024849,0.002883,0.000111,0.022301,0.001494,0.966998,-0.003773,0.963225,0.963225,0.963225,0.481612,0.481612,0,0,1,0,0.000000,0.080000,0.008000,0.001000,5.500000,0.100000,24.967000,0.032418,0.000000
1.373000,0.397200,0.537200,-0.585580,-0.000000,-0.585580,-0.311149,0.000000,0.311149,0.049229,-0.012760,0.053214,0.053214,0.003985,0.023193,0.035953,0.024892,0.002895,0.000107,0.021917,0.001276,0.897811,-0.018020,0.879791,0.879791,0.879791,0.439895,0.439895,0,0,1,0,0.000000,0.080000,0.008000,0.001000,5.500000,0.100000,24.972000,0.032430,0.000000
1.378000,0.397700,0.537700,-0.587187,-0.000000,-0.587187,-0.311661,0.000000,0.311661,0.049229,-0.012760,0.053108,0.053108,0.003880,0.022613,0.035373,0.024933,0.002908,0.000102,0.021337,0.001276,0.883511,-0.003761,0.879750,0.879750,0.879750,0.439875,0.439875,0,0,1,0,0.000000,0.080000,0.008000,0.001000,5.500000,0.100000,24.977000,0.032443,0.000000
1.383000,0.398200,0.538200,-0.588792,-0.000000,-0.588792,-0.312109,0.000000,0.312109,0.049186,-0.011390,0.053003,0.053003,0.003817,0.022132,0.033522,0.024969,0.002920,0.000090,0.020993,0.001139,0.837454,-0.012013,0.825441,0.825441,0.825441,0.412720,0.412720,0,0,1,0,0.000000,0.080000,0.008000,0.001000,5.500000,0.100000,24.982000,0.032455,0.000000
1.388000,0.398700,0.538700,-0.590393,-0.000000,-0.590393,-0.312497,0.000000,0.312497,0.049186,-0.011390,0.052898,0.052898,0.003712,0.021554,0.032945,0.025000,0.002933,0.000078,0.020415,0.001139,0.823192,-0.003750,0.819442,0.819442,0.819442,0.409721,0.409721,0,0,1,0,0.000000,0.080000,0.008000,0.001000,5.500000,0.100000,24.987000,0.032468,0.000000
1.393000,0.399200,0.539200,-0.591988,-0.000000,-0.591988,-0.312801,0.000000,0.312801,0.049108,-0.011137,0.052793,0.052793,0.003685,0.021383,0.032519,0.025024,0.002945,0.000061,0.020269,0.001114,0.812725,-0.002763,0.809961,0.809961,0.809961,0.404981,0.404981,0,0,1,0,0.000000,0.080000,0.008000,0.001000,5.500000,0.100000,24.992000,0.032480,0.000000
1.402000,0.400100,0.540100,-0.595159,-0.000000,-0.595159,-0.313170,0.000000,0.313170,0.048976,-0.012000,0.052602,0.052602,0.003626,0.021141,0.033141,0.025054,0.002968,0.000041,0.019941,0.001200,0.828564,0.002246,0.830810,0.830810,0.830810,0.415405,0.415405,0,0,1,0,0.000000,0.080000,0.008000,0.001000,5.500000,0.100000,25.001000,0.032503,0.000000
1.407000,0.400600,0.540600,-0.596724,-0.000000,-0.596724,-0.313131,0.000000,0.313131,0.048976,-0.012000,0.052483,0.052483,0.003506,0.020485,0.032485,0.025050,0.002980,-0.000008,0.019285,0.001200,0.812314,-0.004269,0.808045,0.808045,0.808045,0.404023,0.404023,0,0,1,0,0.000000,0.080000,0.008000,0.001000,5.500000,0.100000,25.006000,0.032515,0.000000
1.412000,0.401100,0.541100,-0.598293,-0.000000,-0.598293,-0.313144,0.000000,0.313144,0.048783,-0.013665,0.052364,0.052364,0.003580,0.021058,0.034723,0.025052,0.002993,0.000003,0.019691,0.001366,0.868451,0.014559,0.883010,0.883010,0.883010,0.441505,0.441505,0,0,1,0,0.000000,0.080000,0.008000,0.001000,5.500000,0.100000,25.011000,0.032528,0.000000
1.417000,0.401600,0.541600,-0.599856,-0.000000,-0.599856,-0.313095,0.000000,0.313095,0.048783,-0.013665,0.052245,0.052245,0.003461,0.020404,0.034069,0.025048,0.003005,-0.000010,0.019037,0.001366,0.852266,-0.004256,0.848010,0.848010,0.848010,0.424005,0.424005,0,0,1,0,0.000000,0.080000,0.008000,0.001000,5.500000,0.100000,25.016000,0.032540,0.000000
1.422000,0.402100,0.542100,-0.601416,-0.000000,-0.601416,-0.313027,0.000000,0.313027,0.048551,-0.015734,0.052126,0.052126,0.003575,0.021237,0.036971,0.025042,0.003018,-0.000014,0.019663,0.001573,0.925040,0.018892,0.943931,0.943931,0.943931,0.471966,0.471966,0,0,1,0,0.000000,0.080000,0.008000,0.001000,5.500000,0.100000,25.021000,0.032553,0.000000
1.427000,0.402600,0.542600,-0.602972,-0.000000,-0.602972,-0.312923,0.000000,0.312923,0.048551,-0.015734,0.052008,0.052008,0.003457,0.020585,0.036319,0.025034,0.003030,-0.000021,0.019012,0.001573,0.908921,-0.004243,0.904679,0.904679,0.904679,0.452339,0.452339,0,0,1,0,0.000000,0.080000,0.008000,0.001000,5.500000,0.100000,25.026000,0.032565,0.000000
1.432000,0.403100,0.543100,-0.604528,-0.000000,-0.604528,-0.312837,0.000000,0.312837,0.048291,-0.017736,0.051889,0.051889,0.003598,0.021565,0.039300,0.025027,0.003043,-0.000017,0.019791,0.001774,0.983728,0.019425,1.003152,1.003152,1.003152,0.501576,0.501576,0,0,1,0,0.000000,0.080000,0.008000,0.001000,5.500000,0.100000,25.031000,0.032578,0.000000
1.437000,0.403600,0.543600,-0.606083,-0.000000,-0.606083,-0.312746,0.000000,0.312746,0.048291,-0.017736,0.051771,0.051771,0.003480,0.020916,0.038651,0.025020,0.003055,-0.000018,0.019142,0.001774,0.967677,-0.004230,0.963447,0.963447,0.963447,0.481723,0.481723,0,0,1,0,0.000000,0.080000,0.008000,0.001000,5.500000,0.100000,25.036000,0.032590,0.000000
1.442000,0.404100,0.544100,-0.607641,-0.000000,-0.607641,-0.312702,0.000000,0.312702,0.048026,-0.019264,0.051654,0.051654,0.003628,0.021878,0.041142,0.025016,0.003068,-0.000009,0.019951,0.001926,1.030228,0.016238,1.046466,1.046466,1.046466,0.523233,0.523233,0,0,1,0,0.000000,0.080000,0.008000,0.001000,5.500000,0.100000,25.041000,0.032603,0.000000
1.451000,0.405000,0.545000,-0.610767,-0.000000,-0.610767,-0.312724,0.000000,0.312724,0.047777,-0.020065,0.051442,0.051442,0.003665,0.022166,0.042231,0.025018,0.003090,0.000002,0.020159,0.002007,1.057883,0.003948,1.061831,1.061831,1.061831,0.530916,0.530916,0,0,1,0,0.000000,0.080000,0.008000,0.001000,5.500000,0.100000,25.050000,0.032625,0.000000
1.456000,0.405500,0.545500,-0.612327,-0.000000,-0.612327,-0.312714,0.000000,0.312714,0.047777,-0.020065,0.051325,0.051325,0.003548,0.021521,0.041587,0.025017,0.003103,-0.000002,0.019515,0.002007,1.041951,-0.004206,1.037746,1.037746,1.037746,0.518873,0.518873,0,0,1,0,0.000000,0.080000,0.008000,0.001000,5.500000,0.100000,25.055000,0.032638,0.000000
1.461000,0.406000,0.546000,-0.613904,-0.000000,-0.613904,-0.312876,0.000000,0.312876,0.047556,-0.019974,0.051208,0.051208,0.003652,0.022083,0.042058,0.025030,0.003115,0.000032,0.020086,0.001997,1.053966,0.003077,1.057043,1.057043,1.057043,0.528521,0.528521,0,0,1,0,0.000000,0.080000,0.008000,0.001000,5.500000,0.100000,25.060000,0.032650,0.000000
1.466000,0.406500,0.546500,-0.615487,-0.000000,-0.615487,-0.313083,0.000000,0.313083,0.047556,-0.019974,0.051091,0.051091,0.003535,0.021441,0.041416,0.025047,0.003128,0.000041,0.019444,0.001997,1.038089,-0.004193,1.033896,1.033896,1.033896,0.516948,0.516948,0,0,1,0,0.000000,0.080000,0.008000,0.001000,5.500000,0.100000,25.065000,0.032663,0.000000
1.471000,0.407000,0.547000,-0.617076,-0.000000,-0.617076,-0.313342,0.000000,0.313342,0.047378,-0.019252,0.050975,0.050975,0.003597,0.021708,0.040960,0.025067,0.003140,0.000052,0.019782,0.001925,1.026867,-0.002979,1.023888,1.023888,1.023888,0.511944,0.511944,0,0,1,0,0.000000,0.080000,0.008000,0.001000,5.500000,0.100000,25.070000,0.032675,0.000000
1.476000,0.407500,0.547500,-0.618671,-0.000000,-0.618671,-0.313636,0.000000,0.313636,0.047378,-0.019252,0.050859,0.050859,0.003481,0.021068,0.040321,0.025091,0.003153,0.000059,0.019143,0.001925,1.011038,-0.004180,1.006858,1.006858,1.006858,0.503429,0.503429,0,0,1,0,0.000000,0.080000,0.008000,0.001000,5.500000,0.100000,25.075000,0.032688,0.000000
1.481000,0.408000,0.548000,-0.620269,-0.000000,-0.620269,-0.313958,0.000000,0.313958,0.047230,-0.018197,0.050743,0.050743,0.003512,0.021137,0.039334,0.025117,0.003166,0.000064,0.019317,0.001820,0.986501,-0.006451,0.980050,0.980050,0.980050,0.490025,0.490025,0,0,1,0,0.000000,0.080000,0.008000,0.001000,5.500000,0.100000,25.080000,0.032700,0.000000
1.486000,0.408500,0.548500,-0.621872,-0.000000,-0.621872,-0.314295,0.000000,0.314295,0.047230,-0.018197,0.050627,0.050627,0.003396,0.020500,0.038697,0.025144,0.003178,0.000067,0.018680,0.001820,0.970719,-0.004168,0.966551,0.966551,0.966551,0.483276,0.483276,0,0,1,0,0.000000,0.080000,0.008000,0.001000,5.500000,0.100000,25.085000,0.032713,0.000000
1.491000,0.409000,0.549000,-0.623476,-0.000000,-0.623476,-0.314632,0.000000,0.314632,0.047100,-0.017156,0.050511,0.050511,0.003411,0.020477,0.037633,0.025171,0.003191,0.000067,0.018762,0.001716,0.944220,-0.006963,0.937256,0.937256,0.937256,0.468628,0.468628,0,0,1,0,0.000000,0.080000,0.008000,0.001000,5.500000,0.100000,25.090000,0.032725,0.000000
1.496000,0.409500,0.549500,-0.625082,-0.000000,-0.625082,-0.314961,0.000000,0.314961,0.047100,-0.017156,0.050396,0.050396,0.003296,0.019843,0.036999,0.025197,0.003203,0.000066,0.018127,0.001716,0.928482,-0.004155,0.924327,0.924327,0.924327,0.462164,0.462164,0,0,1,0,0.000000,0.080000,0.008000,0.001000,5.500000,0.100000,25.095000,0.032738,0.000000
1.505000,0.410400,0.550400,-0.628293,-0.000000,-0.628293,-0.315547,0.000000,0.315547,0.046970,-0.016432,0.050189,0.050189,0.003218,0.019343,0.035775,0.025244,0.003226,0.000065,0.017700,0.001643,0.898089,-0.004455,0.893634,0.893634,0.893634,0.446817,0.446817,0,0,1,0,0.000000,0.080000,0.008000,0.001000,5.500000,0.100000,25.104000,0.032760,0.000000
1.510000,0.410900,0.550900,-0.628293,-0.000000,-0.628293,-0.315547,0.000000,0.315547,0.046970,-0.016432,0.050074,0.050074,0.003103,0.018712,0.035143,0.025244,0.003239,0.000000,0.017069,0.001643,0.882418,-0.004138,0.878280,0.878280,0.878280,0.439140,0.439140,0,0,1,0,0.000000,0.080000,0.008000,0.001000,5.500000,0.100000,25.109000,0.032773,0.000000
1.515000,0.411400,0.551400,-0.629885,-0.000000,-0.629885,-0.315688,0.000000,0.315688,0.046821,-0.016391,0.049959,0.049959,0.003138,0.018898,0.035289,0.025255,0.003251,0.000028,0.017259,0.001639,0.886250,0.000955,0.887205,0.887205,0.887205,0.443602,0.443602,0,0,1,0,0.000000,0.080000,0.008000,0.001000,5.500000,0.100000,25.114000,0.032785,0.000000
1.520000,0.411900,0.551900,-0.631486,-0.000000,-0.631486,-0.315898,0.000000,0.315898,0.046656,-0.016678,0.049845,0.049845,0.003189,0.019209,0.035886,0.025272,0.003264,0.000042,0.017541,0.001668,0.901432,0.003918,0.905350,0.905350,0.905350,0.452675,0.452675,0,0,1,0,0.000000,0.080000,0.008000,0.001000,5.500000,0.100000,25.119000,0.032798,0.000000
1.525000,0.412400,0.552400,-0.633083,-0.000000,-0.633083,-0.316064,0.000000,0.316064,0.046656,-0.016678,0.049731,0.049731,0.003075,0.018581,0.035259,0.025285,0.003277,0.000033,0.016913,0.001668,0.885840,-0.004119,0.881721,0.881721,0.881721,0.440860,0.440860,0,0,1,0,0.000000,0.080000,0.008000,0.001000,5.500000,0.100000,25.124000,0.032810,0.000000
1.530000,0.412900,0.552900,-0.634678,-0.000000,-0.634678,-0.316195,0.000000,0.316195,0.046656,-0.016678,0.049617,0.049617,0.002961,0.017954,0.034632,0.025296,0.003289,0.000026,0.016286,0.001668,0.870272,-0.004113,0.866159,0.866159,0.866159,0.433079,0.433079,0,0,1,0,0.000000,0.080000,0.008000,0.001000,5.500000,0.100000,25.129000,0.032823,0.000000
1.535000,0.413400,0.553400,-0.636270,-0.000000,-0.636270,-0.316300,0.000000,0.316300,0.046463,-0.017361,0.049503,0.049503,0.003041,0.018460,0.035821,0.025304,0.003302,0.000021,0.016724,0.001736,0.900337,0.007810,0.908148,0.908148,0.908148,0.454074,0.454074,0,0,1,0,0.000000,0.080000,0.008000,0.001000,5.500000,0.100000,25.134000,0.032835,0.000000
1.540000,0.413900,0.553900,-0.637860,-0.000000,-0.637860,-0.316372,0.000000,0.316372,0.046463,-0.017361,0.049390,0.049390,0.002927,0.017836,0.035197,0.025310,0.003314,0.000014,0.016100,0.001736,0.884825,-0.004101,0.880724,0.880724,0.880724,0.440362,0.440362,0,0,1,0,0.000000,0.080000,0.008000,0.001000,5.500000,0.100000,25.139000,0.032848,0.000000
1.545000,0.414400,0.554400,-0.639459,-0.000000,-0.639459,-0.316537,0.000000,0.316537,0.046252,-0.018117,0.049276,0.049276,0.003025,0.018447,0.036563,0.025323,0.003327,0.000033,0.016635,0.001812,0.919346,0.008977,0.928324,0.928324,0.928324,0.464162,0.464162,0,0,1,0,0.000000,0.080000,0.008000,0.001000,5.500000,0.100000,25.144000,0.032860,0.000000
1.550000,0.414900,0.554900,-0.641055,-0.000000,-0.641055,-0.316652,0.000000,0.316652,0.046252,-0.018117,0.049163,0.049163,0.002911,0.017825,0.035941,0.025332,0.003340,0.000023,0.016013,0.001812,0.903890,-0.004089,0.899801,0.899801,0.899801,0.449901,0.449901,0,0,1,0,0.000000,0.080000,0.008000,0.001000,5.500000,0.100000,25.149000,0.032873,0.000000
1.555000,0.415400,0.555400,-0.642648,-0.000000,-0.642648,-0.316744,0.000000,0.316744,0.046023,-0.019164,0.049051,0.049051,0.003028,0.018569,0.037733,0.025339,0.003352,0.000018,0.016652,0.001916,0.949125,0.011781,0.960905,0.960905,0.960905,0.480453,0.480453,0,0,1,0,0.000000,0.080000,0.008000,0.001000,5.500000,0.100000,25.154000,0.032885,0.000000
1.560000,0.415900,0.555900,-0.644238,-0.000000,-0.644238,-0.316801,0.000000,0.316801,0.046023,-0.019164,0.048938,0.048938,0.002915,0.017949,0.037113,0.025344,0.003365,0.000012,0.016033,0.001916,0.933726,-0.004076,0.929649,0.929649,0.929649,0.464825,0.464825,0,0,1,0,0.000000,0.080000,0.008000,0.001000,5.500000,0.100000,25.159000,0.032898,0.000000
1.565000,0.416400,0.556400,-0.645828,-0.000000,-0.645828,-0.316860,0.000000,0.316860,0.045777,-0.020234,0.048825,0.048825,0.003049,0.018793,0.039027,0.025349,0.003378,0.000012,0.016769,0.002023,0.982069,0.012596,0.994665,0.994665,0.994665,0.497332,0.497332,0,0,1,0,0.000000,0.080000,0.008000,0.001000,5.500000,0.100000,25.164000,0.032910,0.000000
1.574000,0.417300,0.557300,-0.649006,-0.000000,-0.649006,-0.316968,0.000000,0.316968,0.045525,-0.021087,0.048624,0.048624,0.003098,0.019149,0.040236,0.025357,0.003401,0.000012,0.017040,0.002109,1.012854,0.004424,1.017278,1.017278,1.017278,0.508639,0.508639,0,0,1,0,0.000000,0.080000,0.008000,0.001000,5.500000,0.100000,25.173000,0.032933,0.000000
1.579000,0.417800,0.557800,-0.650587,-0.000000,-0.650587,-0.316939,0.000000,0.316939,0.045525,-0.021087,0.048512,0.048512,0.002986,0.018534,0.039621,0.025355,0.003413,-0.000006,0.016425,0.002109,0.997566,-0.004054,0.993512,0.993512,0.993512,0.496756,0.496756,0,0,1,0,0.000000,0.080000,0.008000,0.001000,5.500000,0.100000,25.178000,0.032945,0.000000
1.584000,0.418300,0.558300,-0.652181,-0.000000,-0.652181,-0.317051,0.000000,0.317051,0.045279,-0.021465,0.048400,0.048400,0.003121,0.019311,0.040776,0.025364,0.003426,0.000022,0.017165,0.002147,1.026872,0.007619,1.034491,1.034491,1.034491,0.517245,0.517245,0,0,1,0,0.000000,0.080000,0.008000,0.001000,5.500000,0.100000,25.183000,0.032958,0.000000
1.589000,0.418800,0.558800,-0.653779,-0.000000,-0.653779,-0.317180,0.000000,0.317180,0.045279,-0.021465,0.048289,0.048289,0.003009,0.018698,0.040163,0.025374,0.003439,0.000026,0.016552,0.002147,1.011638,-0.004042,1.007596,1.007596,1.007596,0.503798,0.503798,0,0,1,0,0.000000,0.080000,0.008000,0.001000,5.500000,0.100000,25.188000,0.032970,0.000000
1.594000,0.419300,0.559300,-0.655379,-0.000000,-0.655379,-0.317346,0.000000,0.317346,0.045057,-0.021416,0.048177,0.048177,0.003121,0.019306,0.040722,0.025388,0.003451,0.000033,0.017165,0.002142,1.025905,0.003683,1.029588,1.029588,1.029588,0.514794,0.514794,0,0,1,0,0.000000,0.080000,0.008000,0.001000,5.500000,0.100000,25.193000,0.032983,0.000000
1.599000,0.419800,0.559800,-0.656983,-0.000000,-0.656983,-0.317533,0.000000,0.317533,0.045057,-0.021416,0.048066,0.048066,0.003010,0.018696,0.040111,0.025403,0.003464,0.000037,0.016554,0.002142,1.010721,-0.004030,1.006692,1.006692,1.006692,0.503346,0.503346,0,0,1,0,0.000000,0.080000,0.008000,0.001000,5.500000,0.100000,25.198000,0.032995,0.000000
1.609000,0.420800,0.560800,-0.660202,-0.000000,-0.660202,-0.317984,0.000000,0.317984,0.044854,-0.021013,0.047845,0.047845,0.002991,0.018553,0.039566,0.025439,0.003490,0.000045,0.016452,0.002101,0.997384,-0.001800,0.995584,0.995584,0.995584,0.497792,0.497792,0,0,1,0,0.000000,0.080000,0.008000,0.001000,5.500000,0.100000,25.208000,0.033020,0.000000
1.618000,0.421700,0.561700,-0.663422,-0.000000,-0.663422,-0.318394,0.000000,0.318394,0.044661,-0.020666,0.047646,0.047646,0.002985,0.018483,0.039149,0.025472,0.003512,0.000046,0.016417,0.002067,0.987222,-0.001531,0.985691,0.985691,0.985691,0.492845,0.492845,0,0,1,0,0.000000,0.080000,0.008000,0.001000,5.500000,0.100000,25.217000,0.033043,0.000000
1.623000,0.422200,0.562200,-0.665029,-0.000000,-0.665029,-0.318561,0.000000,0.318561,0.044482,-0.020186,0.047536,0.047536,0.003054,0.018817,0.039003,0.025485,0.003525,0.000033,0.016798,0.002019,0.983731,-0.000966,0.982765,0.982765,0.982765,0.491382,0.491382,0,0,1,0,0.000000,0.080000,0.008000,0.001000,5.500000,0.100000,25.222000,0.033055,0.000000
1.628000,0.422700,0.562700,-0.666649,-0.000000,-0.666649,-0.318838,0.000000,0.318838,0.044482,-0.020186,0.047426,0.047426,0.002944,0.018213,0.038399,0.025507,0.003538,0.000055,0.016194,0.002019,0.968685,-0.003996,0.964690,0.964690,0.964690,0.482345,0.482345,0,0,1,0,0.000000,0.080000,0.008000,0.001000,5.500000,0.100000,25.227000,0.033068,0.000000
1.633000,0.423200,0.563200,-0.668271,-0.000000,-0.668271,-0.319123,0.000000,0.319123,0.044314,-0.019532,0.047317,0.047317,0.003003,0.018467,0.038000,0.025530,0.003551,0.000057,0.016514,0.001953,0.958811,-0.002639,0.956172,0.956172,0.956172,0.478086,0.478086,0,0,1,0,0.000000,0.080000,0.008000,0.001000,5.500000,0.100000,25.232000,0.033080,0.000000
1.638000,0.423700,0.563700,-0.669893,-0.000000,-0.669893,-0.319387,0.000000,0.319387,0.044314,-0.019532,0.047207,0.047207,0.002893,0.017866,0.037398,0.025551,0.003563,0.000053,0.015912,0.001953,0.943810,-0.003984,0.939826,0.939826,0.939826,0.469913,0.469913,0,0,1,0,0.000000,0.080000,0.008000,0.001000,5.500000,0.100000,25.237000,0.033093,0.000000
1.643000,0.424200,0.564200,-0.671515,-0.000000,-0.671515,-0.319637,0.000000,0.319637,0.044145,-0.019079,0.047098,0.047098,0.002953,0.018149,0.037228,0.025571,0.003576,0.000050,0.016241,0.001908,0.939697,-0.001128,0.938570,0.938570,0.938570,0.469285,0.469285,0,0,1,0,0.000000,0.080000,0.008000,0.001000,5.500000,0.100000,25.242000,0.033105,0.000000
1.648000,0.424700,0.564700,-0.673136,-0.000000,-0.673136,-0.319865,0.000000,0.319865,0.044145,-0.019079,0.046989,0.046989,0.002844,0.017549,0.036628,0.025589,0.003589,0.000046,0.015641,0.001908,0.924742,-0.003972,0.920770,0.920770,0.920770,0.460385,0.460385,0,0,1,0,0.000000,0.080000,0.008000,0.001000,5.500000,0.100000,25.247000,0.033118,0.000000
1.653000,0.425200,0.565200,-0.674756,-0.000000,-0.674756,-0.320071,0.000000,0.320071,0.043966,-0.018956,0.046880,0.046880,0.002914,0.017921,0.036878,0.025606,0.003602,0.000041,0.016026,0.001896,0.931240,0.001657,0.932897,0.932897,0.932897,0.466448,0.466448,0,0,1,0,0.000000,0.080000,0.008000,0.001000,5.500000,0.100000,25.252000,0.033130,0.000000
1.658000,0.425700,0.565700,-0.676375,-0.000000,-0.676375,-0.320249,0.000000,0.320249,0.043966,-0.018956,0.046772,0.046772,0.002805,0.017324,0.036280,0.025620,0.003615,0.000035,0.015428,0.001896,0.916332,-0.003961,0.912372,0.912372,0.912372,0.456186,0.456186,0,0,1,0,0.000000,0.080000,0.008000,0.001000,5.500000,0.100000,25.257000,0.033143,0.000000
1.663000,0.426200,0.566200,-0.677993,-0.000000,-0.677993,-0.320406,0.000000,0.320406,0.043772,-0.019174,0.046663,0.046663,0.002891,0.017819,0.036993,0.025632,0.003628,0.000031,0.015901,0.001917,0.934525,0.004728,0.939253,0.939253,0.939253,0.469627,0.469627,0,0,1,0,0.000000,0.080000,0.008000,0.001000,5.500000,0.100000,25.262000,0.033155,0.000000
1.672000,0.427100,0.567100,-0.681223,-0.000000,-0.681223,-0.320647,0.000000,0.320647,0.043560,-0.019659,0.046468,0.046468,0.002908,0.017960,0.037619,0.025652,0.003651,0.000027,0.015994,0.001966,0.950671,0.002307,0.952977,0.952977,0.952977,0.476489,0.476489,0,0,1,0,0.000000,0.080000,0.008000,0.001000,5.500000,0.100000,25.271000,0.033178,0.000000
1.677000,0.427600,0.567600,-0.682825,-0.000000,-0.682825,-0.320632,0.000000,0.320632,0.043560,-0.019659,0.046361,0.046361,0.002800,0.017367,0.037026,0.025651,0.003663,-0.000003,0.015401,0.001966,0.935860,-0.003939,0.931921,0.931921,0.931921,0.465961,0.465961,0,0,1,0,0.000000,0.080000,0.008000,0.001000,5.500000,0.100000,25.276000,0.033190,0.000000
1.682000,0.428100,0.568100,-0.684437,-0.000000,-0.684437,-0.320726,0.000000,0.320726,0.043331,-0.020211,0.046253,0.046253,0.002921,0.018089,0.038300,0.025658,0.003676,0.000019,0.016068,0.002021,0.968265,0.008463,0.976728,0.976728,0.976728,0.488364,0.488364,0,0,1,0,0.000000,0.080000,0.008000,0.001000,5.500000,0.100000,25.281000,0.033203,0.000000
1.687000,0.428600,0.568600,-0.686049,-0.000000,-0.686049,-0.320806,0.000000,0.320806,0.043331,-0.020211,0.046145,0.046145,0.002814,0.017498,0.037709,0.025664,0.003689,0.000016,0.015477,0.002021,0.953506,-0.003928,0.949579,0.949579,0.949579,0.474789,0.474789,0,0,1,0,0.000000,0.080000,0.008000,0.001000,5.500000,0.100000,25.286000,0.033215,0.000000
1.692000,0.429100,0.569100,-0.687662,-0.000000,-0.687662,-0.320896,0.000000,0.320896,0.043101,-0.020749,0.046038,0.046038,0.002937,0.018229,0.038978,0.025672,0.003702,0.000018,0.016154,0.002075,0.985788,0.008433,0.994221,0.994221,0.994221,0.497111,0.497111,0,0,1,0,0.000000,0.080000,0.008000,0.001000,5.500000,0.100000,25.291000,0.033228,0.000000
1.697000,0.429600,0.569600,-0.689275,-0.000000,-0.689275,-0.320981,0.000000,0.320981,0.043101,-0.020749,0.045931,0.045931,0.002830,0.017640,0.038389,0.025678,0.003715,0.000017,0.015565,0.002075,0.971081,-0.003916,0.967165,0.967165,0.967165,0.483582,0.483582,0,0,1,0,0.000000,0.080000,0.008000,0.001000,5.500000,0.100000,25.296000,0.033240,0.000000
1.702000,0.430100,0.570100,-0.690890,-0.000000,-0.690890,-0.321085,0.000000,0.321085,0.042869,-0.021158,0.045824,0.045824,0.002955,0.018368,0.039526,0.025687,0.003728,0.000021,0.016253,0.002116,1.000049,0.007564,1.007613,1.007613,1.007613,0.503807,0.503807,0,0,1,0,0.000000,0.080000,0.008000,0.001000,5.500000,0.100000,25.301000,0.033253,0.000000
1.707000,0.430600,0.570600,-0.692505,-0.000000,-0.692505,-0.321192,0.000000,0.321192,0.042869,-0.021158,0.045717,0.045717,0.002848,0.017781,0.038939,0.025695,0.003740,0.000021,0.015666,0.002116,0.985393,-0.003905,0.981488,0.981488,0.981488,0.490744,0.490744,0,0,1,0,0.000000,0.080000,0.008000,0.001000,5.500000,0.100000,25.306000,0.033265,0.000000
1.712000,0.431100,0.571100,-0.694123,-0.000000,-0.694123,-0.321322,0.000000,0.321322,0.042642,-0.021368,0.045611,0.045611,0.002969,0.018468,0.039836,0.025706,0.003753,0.000026,0.016331,0.002137,1.008287,0.005969,1.014256,1.014256,1.014256,0.507128,0.507128,0,0,1,0,0.000000,0.080000,0.008000,0.001000,5.500000,0.100000,25.311000,0.033278,0.000000
1.721000,0.432000,0.572000,-0.697365,-0.000000,-0.697365,-0.321621,0.000000,0.321621,0.042422,-0.021362,0.045420,0.045420,0.002997,0.018621,0.039983,0.025730,0.003776,0.000033,0.016485,0.002136,1.012367,0.000544,1.012911,1.012911,1.012911,0.506455,0.506455,0,0,1,0,0.000000,0.080000,0.008000,0.001000,5.500000,0.100000,25.320000,0.033300,0.000000
1.726000,0.432500,0.572500,-0.698979,-0.000000,-0.698979,-0.321688,0.000000,0.321688,0.042422,-0.021362,0.045314,0.045314,0.002891,0.018038,0.039400,0.025735,0.003789,0.000013,0.015902,0.002136,0.997804,-0.003884,0.993920,0.993920,0.993920,0.496960,0.496960,0,0,1,0,0.000000,0.080000,0.008000,0.001000,5.500000,0.100000,25.325000,0.033313,0.000000
1.731000,0.433000,0.573000,-0.700606,-0.000000,-0.700606,-0.321888,0.000000,0.321888,0.042210,-0.021096,0.045208,0.045208,0.002997,0.018596,0.039692,0.025751,0.003802,0.000040,0.016486,0.002110,1.005399,0.001947,1.007346,1.007346,1.007346,0.503673,0.503673,0,0,1,0,0.000000,0.080000,0.008000,0.001000,5.500000,0.100000,25.330000,0.033325,0.000000
1.736000,0.433500,0.573500,-0.702236,-0.000000,-0.702236,-0.322097,0.000000,0.322097,0.042210,-0.021096,0.045102,0.045102,0.002892,0.018015,0.039111,0.025768,0.003815,0.000042,0.015905,0.002110,0.990883,-0.003873,0.987010,0.987010,0.987010,0.493505,0.493505,0,0,1,0,0.000000,0.080000,0.008000,0.001000,5.500000,0.100000,25.335000,0.033338,0.000000
1.741000,0.434000,0.574000,-0.703868,-0.000000,-0.703868,-0.322320,0.000000,0.322320,0.042015,-0.020722,0.044997,0.044997,0.002982,0.018474,0.039197,0.025786,0.003828,0.000045,0.016402,0.002072,0.993244,0.000570,0.993814,0.993814,0.993814,0.496907,0.496907,0,0,1,0,0.000000,0.080000,0.008000,0.001000,5.500000,0.100000,25.340000,0.033350,0.000000
1.746000,0.434500,0.574500,-0.705502,-0.000000,-0.705502,-0.322546,0.000000,0.322546,0.042015,-0.020722,0.044892,0.044892,0.002877,0.017896,0.038618,0.025804,0.003841,0.000045,0.015823,0.002072,0.978772,-0.003862,0.974910,0.974910,0.974910,0.487455,0.487455,0,0,1,0,0.000000,0.080000,0.008000,0.001000,5.500000,0.100000,25.345000,0.033363,0.000000
1.751000,0.435000,0.575000,-0.707137,-0.000000,-0.707137,-0.322778,0.000000,0.322778,0.041825,-0.020347,0.044786,0.044786,0.002962,0.018323,0.038671,0.025822,0.003854,0.000046,0.016289,0.002035,0.980299,0.000351,0.980650,0.980650,0.980650,0.490325,0.490325,0,0,1,0,0.000000,0.080000,0.008000,0.001000,5.500000,0.100000,25.350000,0.033375,0.000000
1.756000,0.435500,0.575500,-0.708774,-0.000000,-0.708774,-0.323004,0.000000,0.323004,0.041825,-0.020347,0.044682,0.044682,0.002857,0.017747,0.038094,0.025840,0.003867,0.000045,0.015712,0.002035,0.965871,-0.003851,0.962020,0.962020,0.962020,0.481010,0.481010,0,0,1,0,0.000000,0.080000,0.008000,0.001000,5.500000,0.100000,25.355000,0.033388,0.000000
1.765000,0.436400,0.576400,-0.712048,-0.000000,-0.712048,-0.323440,0.000000,0.323440,0.041636,-0.020068,0.044493,0.044493,0.002857,0.017721,0.037789,0.025875,0.003890,0.000048,0.015715,0.002007,0.958489,-0.001131,0.957358,0.957358,0.957358,0.478679,0.478679,0,0,1,0,0.000000,0.080000,0.008000,0.001000,5.500000,0.100000,25.364000,0.033410,0.000000
1.770000,0.436900,0.576900,-0.712048,-0.000000,-0.712048,-0.323440,0.000000,0.323440,0.041437,-0.020201,0.044389,0.044389,0.002952,0.018255,0.038456,0.025875,0.003903,0.000000,0.016235,0.002020,0.975603,0.004460,0.980063,0.980063,0.980063,0.490031,0.490031,0,0,1,0,0.000000,0.080000,0.008000,0.001000,5.500000,0.100000,25.369000,0.033423,0.000000
1.775000,0.437400,0.577400,-0.713674,-0.000000,-0.713674,-0.323523,0.000000,0.323523,0.041437,-0.020201,0.044285,0.044285,0.002848,0.017683,0.037884,0.025882,0.003916,0.000017,0.015663,0.002020,0.961262,-0.003830,0.957433,0.957433,0.957433,0.478716,0.478716,0,0,1,0,0.000000,0.080000,0.008000,0.001000,5.500000,0.100000,25.374000,0.033435,0.000000
1.780000,0.437900,0.577900,-0.715310,-0.000000,-0.715310,-0.323708,0.000000,0.323708,0.041437,-0.020201,0.044181,0.044181,0.002744,0.017111,0.037312,0.025897,0.003929,0.000037,0.015091,0.002020,0.946942,-0.003824,0.943118,0.943118,0.943118,0.471559,0.471559,0,0,1,0,0.000000,0.080000,0.008000,0.001000,5.500000,0.100000,25.379000,0.033448,0.000000
1.785000,0.438400,0.578400,-0.716947,-0.000000,-0.716947,-0.323893,0.000000,0.323893,0.041237,-0.020171,0.044077,0.044077,0.002840,0.017636,0.037808,0.025911,0.003942,0.000037,0.015619,0.002017,0.959706,0.003316,0.963022,0.963022,0.963022,0.481511,0.481511,0,0,1,0,0.000000,0.080000,0.008000,0.001000,5.500000,0.100000,25.384000,0.033460,0.000000
1.790000,0.438900,0.578900,-0.718584,-0.000000,-0.718584,-0.324067,0.000000,0.324067,0.041237,-0.020171,0.043974,0.043974,0.002736,0.017067,0.037238,0.025925,0.003955,0.000035,0.015049,0.002017,0.945432,-0.003814,0.941618,0.941618,0.941618,0.470809,0.470809,0,0,1,0,0.000000,0.080000,0.008000,0.001000,5.500000,0.100000,25.389000,0.033473,0.000000
1.795000,0.439400,0.579400,-0.720233,-0.000000,-0.720233,-0.324351,0.000000,0.324351,0.041038,-0.020067,0.043870,0.043870,0.002832,0.017581,0.037648,0.025948,0.003968,0.000057,0.015575,0.002007,0.956036,0.002747,0.958783,0.958783,0.958783,0.479392,0.479392,0,0,1,0,0.000000,0.080000,0.008000,0.001000,5.500000,0.100000,25.394000,0.033485,0.000000
1.800000,0.439900,0.579900,-0.721880,-0.000000,-0.721880,-0.324594,0.000000,0.324594,0.041038,-0.020067,0.043767,0.043767,0.002729,0.017014,0.037080,0.025968,0.003981,0.000049,0.015007,0.002007,0.941806,-0.003803,0.938003,0.938003,0.938003,0.469002,0.469002,0,0,1,0,0.000000,0.080000,0.008000,0.001000,5.500000,0.100000,25.399000,0.033498,0.000000
1.809000,0.440800,0.580800,-0.725167,-0.000000,-0.725167,-0.324992,0.000000,0.324992,0.040832,-0.020270,0.043582,0.043582,0.002749,0.017148,0.037418,0.025999,0.004004,0.000044,0.015121,0.002027,0.950722,0.001258,0.951980,0.951980,0.951980,0.475990,0.475990,0,0,1,0,0.000000,0.080000,0.008000,0.001000,5.500000,0.100000,25.408000,0.033520,0.000000
1.814000,0.441300,0.581300,-0.726796,-0.000000,-0.726796,-0.325023,0.000000,0.325023,0.040604,-0.021002,0.043479,0.043479,0.002875,0.017911,0.038914,0.026002,0.004017,0.000006,0.015811,0.002100,0.988909,0.010028,0.998938,0.998938,0.998938,0.499469,0.499469,0,0,1,0,0.000000,0.080000,0.008000,0.001000,5.500000,0.100000,25.413000,0.033533,0.000000
1.819000,0.441800,0.581800,-0.728434,-0.000000,-0.728434,-0.325148,0.000000,0.325148,0.040604,-0.021002,0.043377,0.043377,0.002772,0.017348,0.038350,0.026012,0.004030,0.000025,0.015247,0.002100,0.974773,-0.003783,0.970990,0.970990,0.970990,0.485495,0.485495,0,0,1,0,0.000000,0.080000,0.008000,0.001000,5.500000,0.100000,25.418000,0.033545,0.000000
1.824000,0.442300,0.582300,-0.730072,-0.000000,-0.730072,-0.325280,0.000000,0.325280,0.040370,-0.021441,0.043274,0.043274,0.002904,0.018117,0.039558,0.026022,0.004043,0.000026,0.015973,0.002144,1.005691,0.008111,1.013802,1.013802,1.013802,0.506901,0.506901,0,0,1,0,0.000000,0.080000,0.008000,0.001000,5.500000,0.100000,25.423000,0.033558,0.000000
1.829000,0.442800,0.582800,-0.731711,-0.000000,-0.731711,-0.325404,0.000000,0.325404,0.040370,-0.021441,0.043172,0.043172,0.002802,0.017555,0.038996,0.026032,0.004056,0.000025,0.015411,0.002144,0.991603,-0.003772,0.987831,0.987831,0.987831,0.493915,0.493915,0,0,1,0,0.000000,0.080000,0.008000,0.001000,5.500000,0.100000,25.428000,0.033570,0.000000
1.834000,0.443300,0.583300,-0.733351,-0.000000,-0.733351,-0.325542,0.000000,0.325542,0.040136,-0.021743,0.043070,0.043070,0.002934,0.018311,0.040054,0.026043,0.004069,0.000028,0.016137,0.002174,1.018696,0.007103,1.025799,1.025799,1.025799,0.512900,0.512900,0,0,1,0,0.000000,0.080000,0.008000,0.001000,5.500000,0.100000,25.433000,0.033583,0.000000
1.839000,0.443800,0.583800,-0.734992,-0.000000,-0.734992,-0.325681,0.000000,0.325681,0.040136,-0.021743,0.042968,0.042968,0.002832,0.017751,0.039494,0.026055,0.004082,0.000028,0.015577,0.002174,1.004655,-0.003761,1.000894,1.000894,1.000894,0.500447,0.500447,0,0,1,0,0.000000,0.080000,0.008000,0.001000,5.500000,0.100000,25.438000,0.033595,0.000000
1.844000,0.444300,0.584300,-0.736635,-0.000000,-0.736635,-0.325841,0.000000,0.325841,0.039908,-0.021843,0.042867,0.042867,0.002959,0.018457,0.040301,0.026067,0.004095,0.000032,0.016273,0.002184,1.025372,0.005421,1.030793,1.030793,1.030793,0.515397,0.515397,0,0,1,0,0.000000,0.080000,0.008000,0.001000,5.500000,0.100000,25.443000,0.033608,0.000000
1.849000,0.444800,0.584800,-0.738280,-0.000000,-0.738280,-0.326006,0.000000,0.326006,0.039908,-0.021843,0.042765,0.042765,0.002857,0.017900,0.039743,0.026080,0.004108,0.000033,0.015715,0.002184,1.011378,-0.003751,1.007627,1.007627,1.007627,0.503813,0.503813,0,0,1,0,0.000000,0.080000,0.008000,0.001000,5.500000,0.100000,25.448000,0.033620,0.000000
1.858000,0.445700,0.585700,-0.741577,-0.000000,-0.741577,-0.326386,0.000000,0.326386,0.039689,-0.021733,0.042583,0.042583,0.002894,0.018090,0.039823,0.026111,0.004132,0.000042,0.015917,0.002173,1.013774,0.000299,1.014073,1.014073,1.014073,0.507037,0.507037,0,0,1,0,0.000000,0.080000,0.008000,0.001000,5.500000,0.100000,25.457000,0.033643,0.000000
1.863000,0.446200,0.586200,-0.743217,-0.000000,-0.743217,-0.326467,0.000000,0.326467,0.039474,-0.021742,0.042482,0.042482,0.003008,0.018721,0.040462,0.026117,0.004145,0.000016,0.016546,0.002174,1.030245,0.004302,1.034547,1.034547,1.034547,0.517274,0.517274,0,0,1,0,0.000000,0.080000,0.008000,0.001000,5.500000,0.100000,25.462000,0.033655,0.000000
1.868000,0.446700,0.586700,-0.744869,-0.000000,-0.744869,-0.326684,0.000000,0.326684,0.039474,-0.021742,0.042381,0.042381,0.002908,0.018166,0.039908,0.026135,0.004158,0.000043,0.015992,0.002174,1.016336,-0.003731,1.012605,1.012605,1.012605,0.506303,0.506303,0,0,1,0,0.000000,0.080000,0.008000,0.001000,5.500000,0.100000,25.467000,0.033668,0.000000
1.873000,0.447200,0.587200,-0.746524,-0.000000,-0.746524,-0.326912,0.000000,0.326912,0.039273,-0.021307,0.042281,0.042281,0.003008,0.018676,0.039983,0.026153,0.004171,0.000045,0.016546,0.002131,1.018454,0.000507,1.018962,1.018962,1.018962,0.509481,0.509481,0,0,1,0,0.000000,0.080000,0.008000,0.001000,5.500000,0.100000,25.472000,0.033680,0.000000
1.878000,0.447700,0.587700,-0.748181,-0.000000,-0.748181,-0.327147,0.000000,0.327147,0.039273,-0.021307,0.042181,0.042181,0.002908,0.018124,0.039431,0.026172,0.004184,0.000047,0.015993,0.002131,1.004587,-0.003721,1.000866,1.000866,1.000866,0.500433,0.500433,0,0,1,0,0.000000,0.080000,0.008000,0.001000,5.500000,0.100000,25.477000,0.033693,0.000000
1.883000,0.448200,0.588200,-0.749841,-0.000000,-0.749841,-0.327392,0.000000,0.327392,0.039082,-0.020803,0.042080,0.042080,0.002998,0.018571,0.039374,0.026191,0.004197,0.000049,0.016491,0.002080,1.003325,-0.000386,1.002939,1.002939,1.002939,0.501469,0.501469,0,0,1,0,0.000000,0.080000,0.008000,0.001000,5.500000,0.100000,25.482000,0.033705,0.000000
1.888000,0.448700,0.588700,-0.751502,-0.000000,-0.751502,-0.327636,0.000000,0.327636,0.039082,-0.020803,0.041980,0.041980,0.002898,0.018021,0.038824,0.026211,0.004210,0.000049,0.015940,0.002080,0.989498,-0.003710,0.985788,0.985788,0.985788,0.492894,0.492894,0,0,1,0,0.000000,0.080000,0.008000,0.001000,5.500000,0.100000,25.487000,0.033718,0.000000
1.893000,0.449200,0.589200,-0.753164,-0.000000,-0.753164,-0.327881,0.000000,0.327881,0.038896,-0.020349,0.041880,0.041880,0.002984,0.018447,0.038796,0.026230,0.004223,0.000049,0.016412,0.002035,0.988994,-0.000185,0.988809,0.988809,0.988809,0.494404,0.494404,0,0,1,0,0.000000,0.080000,0.008000,0.001000,5.500000,0.100000,25.492000,0.033730,0.000000
1.898000,0.449700,0.589700,-0.754827,-0.000000,-0.754827,-0.328117,0.000000,0.328117,0.038896,-0.020349,0.041781,0.041781,0.002884,0.017899,0.038248,0.026249,0.004236,0.000047,0.015864,0.002035,0.975208,-0.003700,0.971508,0.971508,0.971508,0.485754,0.485754,0,0,1,0,0.000000,0.080000,0.008000,0.001000,5.500000,0.100000,25.497000,0.033743,0.000000
1.903000,0.450200,0.590200,-0.756490,-0.000000,-0.756490,-0.328346,0.000000,0.328346,0.038710,-0.020039,0.041674,0.041674,0.002964,0.018306,0.038345,0.026268,0.004250,0.000046,0.016302,0.002004,0.977881,0.000657,0.978538,0.978538,0.978538,0.489269,0.489269,0,0,1,0,0.000000,0.080000,0.008000,0.001000,5.500000,0.100000,25.502000,0.033755,0.000000
1.908000,0.450700,0.590700,-0.758154,-0.000000,-0.758154,-0.328559,0.000000,0.328559,0.038710,-0.020039,0.041557,0.041557,0.002847,0.017664,0.037703,0.026285,0.004263,0.000043,0.015660,0.002004,0.961690,-0.004338,0.957352,0.957352,0.957352,0.478676,0.478676,0,0,1,0,0.000000,0.080000,0.008000,0.001000,5.500000,0.100000,25.507000,0.033768,0.000000
1.917000,0.451600,0.591600,-0.761479,-0.000000,-0.761479,-0.328943,0.000000,0.328943,0.038518,-0.019928,0.041348,0.041348,0.002829,0.017554,0.037482,0.026315,0.004286,0.000043,0.015561,0.001993,0.956382,-0.000831,0.955552,0.955552,0.955552,0.477776,0.477776,0,0,1,0,0.000000,0.080000,0.008000,0.001000,5.500000,0.100000,25.516000,0.033790,0.000000
1.922000,0.452100,0.592100,-0.763128,-0.000000,-0.763128,-0.328984,0.000000,0.328984,0.038310,-0.020306,0.041232,0.041232,0.002921,0.018097,0.038403,0.026319,0.004300,0.000008,0.016066,0.002031,0.980084,0.006229,0.986313,0.986313,0.986313,0.493157,0.493157,0,0,1,0,0.000000,0.080000,0.008000,0.001000,5.500000,0.100000,25.521000,0.033803,0.000000
1.927000,0.452600,0.592600,-0.764788,-0.000000,-0.764788,-0.329123,0.000000,0.329123,0.038310,-0.020306,0.041116,0.041116,0.002805,0.017459,0.037765,0.026330,0.004313,0.000028,0.015428,0.002031,0.963989,-0.004315,0.959674,0.959674,0.959674,0.479837,0.479837,0,0,1,0,0.000000,0.080000,0.008000,0.001000,5.500000,0.100000,25.526000,0.033815,0.000000
1.932000,0.453100,0.593100,-0.766447,-0.000000,-0.766447,-0.329262,0.000000,0.329262,0.038097,-0.020546,0.041000,0.041000,0.002903,0.018022,0.038568,0.026341,0.004326,0.000028,0.015967,0.002055,0.984676,0.005432,0.990107,0.990107,0.990107,0.495054,0.495054,0,0,1,0,0.000000,0.080000,0.008000,0.001000,5.500000,0.100000,25.531000,0.033828,0.000000
1.937000,0.453600,0.593600,-0.768106,-0.000000,-0.768106,-0.329386,0.000000,0.329386,0.038097,-0.020546,0.040884,0.040884,0.002787,0.017386,0.037932,0.026351,0.004339,0.000025,0.015331,0.002055,0.968632,-0.004303,0.964329,0.964329,0.964329,0.482164,0.482164,0,0,1,0,0.000000,0.080000,0.008000,0.001000,5.500000,0.100000,25.536000,0.033840,0.000000
1.946000,0.454500,0.594500,-0.771425,-0.000000,-0.771425,-0.329625,0.000000,0.329625,0.037876,-0.020858,0.040677,0.040677,0.002801,0.017489,0.038347,0.026370,0.004363,0.000027,0.015403,0.002086,0.979578,0.001562,0.981140,0.981140,0.981140,0.490570,0.490570,0,0,1,0,0.000000,0.080000,0.008000,0.001000,5.500000,0.100000,25.545000,0.033863,0.000000
1.951000,0.455000,0.595000,-0.773071,-0.000000,-0.773071,-0.329607,0.000000,0.329607,0.037643,-0.021516,0.040561,0.040561,0.002919,0.018206,0.039722,0.026369,0.004376,-0.000004,0.016054,0.002152,1.014889,0.009312,1.024201,1.024201,1.024201,0.512101,0.512101,0,0,1,0,0.000000,0.080000,0.008000,0.001000,5.500000,0.100000,25.550000,0.033875,0.000000
1.956000,0.455500,0.595500,-0.774729,-0.000000,-0.774729,-0.329705,0.000000,0.329705,0.037643,-0.021516,0.040447,0.040447,0.002804,0.017574,0.039090,0.026376,0.004389,0.000020,0.015423,0.002152,0.998946,-0.004281,0.994665,0.994665,0.994665,0.497333,0.497333,0,0,1,0,0.000000,0.080000,0.008000,0.001000,5.500000,0.100000,25.555000,0.033888,0.000000
1.961000,0.456000,0.596000,-0.776388,-0.000000,-0.776388,-0.329825,0.000000,0.329825,0.037411,-0.021764,0.040332,0.040332,0.002921,0.018244,0.040008,0.026386,0.004402,0.000024,0.016068,0.002176,1.022610,0.006225,1.028835,1.028835,1.028835,0.514418,0.514418,0,0,1,0,0.000000,0.080000,0.008000,0.001000,5.500000,0.100000,25.560000,0.033900,0.000000
1.966000,0.456500,0.596500,-0.778050,-0.000000,-0.778050,-0.329950,0.000000,0.329950,0.037411,-0.021764,0.040218,0.040218,0.002807,0.017615,0.039379,0.026396,0.004416,0.000025,0.015438,0.002176,1.006719,-0.004269,1.002449,1.002449,1.002449,0.501225,0.501225,0,0,1,0,0.000000,0.080000,0.008000,0.001000,5.500000,0.100000,25.565000,0.033913,0.000000
1.971000,0.457000,0.597000,-0.779713,-0.000000,-0.779713,-0.330096,0.000000,0.330096,0.037184,-0.021847,0.040103,0.040103,0.002919,0.018240,0.040086,0.026408,0.004429,0.000029,0.016055,0.002185,1.025003,0.004799,1.029802,1.029802,1.029802,0.514901,0.514901,0,0,1,0,0.000000,0.080000,0.008000,0.001000,5.500000,0.100000,25.570000,0.033925,0.000000
1.976000,0.457500,0.597500,-0.781379,-0.000000,-0.781379,-0.330248,0.000000,0.330248,0.037184,-0.021847,0.039989,0.039989,0.002805,0.017612,0.039459,0.026420,0.004442,0.000030,0.015428,0.002185,1.009161,-0.004257,1.004904,1.004904,1.004904,0.502452,0.502452,0,0,1,0,0.000000,0.080000,0.008000,0.001000,5.500000,0.100000,25.575000,0.033938,0.000000
1.981000,0.458000,0.598000,-0.781379,-0.000000,-0.781379,-0.330248,0.000000,0.330248,0.036965,-0.021783,0.039875,0.039875,0.002911,0.018188,0.039971,0.026420,0.004455,0.000000,0.016010,0.002178,1.022465,0.003479,1.025945,1.025945,1.025945,0.512972,0.512972,0,0,1,0,0.000000,0.080000,0.008000,0.001000,5.500000,0.100000,25.580000,0.033950,0.000000
1.986000,0.458500,0.598500,-0.784715,-0.000000,-0.784715,-0.330594,0.000000,0.330594,0.036965,-0.021783,0.039762,0.039762,0.002797,0.017563,0.039346,0.026448,0.004468,0.000069,0.015384,0.002178,1.006673,-0.004246,1.002427,1.002427,1.002427,0.501213,0.501213,0,0,1,0,0.000000,0.080000,0.008000,0.001000,5.500000,0.100000,25.585000,0.033963,0.000000
1.991000,0.459000,0.599000,-0.786386,-0.000000,-0.786386,-0.330784,0.000000,0.330784,0.036752,-0.021623,0.039648,0.039648,0.002897,0.018094,0.039718,0.026463,0.004482,0.000038,0.015932,0.002162,1.016379,0.002525,1.018904,1.018904,1.018904,0.509452,0.509452,0,0,1,0,0.000000,0.080000,0.008000,0.001000,5.500000,0.100000,25.590000,0.033975,0.000000
2.000000,0.459900,0.599900,-0.788059,-0.000000,-0.788059,-0.330975,0.000000,0.330975,0.036752,-0.021623,0.039445,0.039445,0.002693,0.016974,0.038597,0.026478,0.004506,0.000021,0.014812,0.002162,0.988053,-0.004233,0.983820,0.983820,0.983820,0.491910,0.491910,0,0,1,0,0.000000,0.080000,0.008000,0.001000,5.500000,0.100000,25.599000,0.033998,0.000000
2.005000,0.460400,0.600400,-0.791397,-0.000000,-0.791397,-0.331260,0.000000,0.331260,0.036543,-0.021431,0.039332,0.039332,0.002789,0.017481,0.038912,0.026501,0.004519,0.000057,0.015338,0.002143,0.996303,0.002140,0.998443,0.998443,0.998443,0.499221,0.499221,0,0,1,0,0.000000,0.080000,0.008000,0.001000,5.500000,0.100000,25.604000,0.034010,0.000000
2.010000,0.460900,0.600900,-0.791397,-0.000000,-0.791397,-0.331260,0.000000,0.331260,0.036543,-0.021431,0.039219,0.039219,0.002676,0.016861,0.038292,0.026501,0.004532,0.000000,0.014718,0.002143,0.980622,-0.004218,0.976403,0.976403,0.976403,0.488202,0.488202,0,0,1,0,0.000000,0.080000,0.008000,0.001000,5.500000,0.100000,25.609000,0.034023,0.000000
2.015000,0.461400,0.601400,-0.793073,-0.000000,-0.793073,-0.331454,0.000000,0.331454,0.036332,-0.021287,0.039106,0.039106,0.002774,0.017387,0.038675,0.026516,0.004545,0.000039,0.015259,0.002129,0.990611,0.002604,0.993214,0.993214,0.993214,0.496607,0.496607,0,0,1,0,0.000000,0.080000,0.008000,0.001000,5.500000,0.100000,25.614000,0.034035,0.000000
2.020000,0.461900,0.601900,-0.794749,-0.000000,-0.794749,-0.331647,0.000000,0.331647,0.036332,-0.021287,0.038994,0.038994,0.002662,0.016770,0.038057,0.026532,0.004559,0.000038,0.014641,0.002129,0.974977,-0.004207,0.970770,0.970770,0.970770,0.485385,0.485385,0,0,1,0,0.000000,0.080000,0.008000,0.001000,5.500000,0.100000,25.619000,0.034048,0.000000
2.025000,0.462400,0.602400,-0.796426,-0.000000,-0.796426,-0.331825,0.000000,0.331825,0.036123,-0.021273,0.038882,0.038882,0.002759,0.017300,0.038573,0.026546,0.004572,0.000036,0.015173,0.002127,0.988395,0.003516,0.991911,0.991911,0.991911,0.495956,0.495956,0,0,1,0,0.000000,0.080000,0.008000,0.001000,5.500000,0.100000,25.624000,0.034060,0.000000
2.030000,0.462900,0.602900,-0.798114,-0.000000,-0.798114,-0.332112,0.000000,0.332112,0.036123,-0.021273,0.038770,0.038770,0.002647,0.016684,0.037957,0.026569,0.004585,0.000057,0.014557,0.002127,0.972809,-0.004195,0.968613,0.968613,0.968613,0.484307,0.484307,0,0,1,0,0.000000,0.080000,0.008000,0.001000,5.500000,0.100000,25.629000,0.034073,0.000000
2.035000,0.463400,0.603400,-0.799801,-0.000000,-0.799801,-0.332372,0.000000,0.332372,0.035916,-0.021235,0.038658,0.038658,0.002742,0.017204,0.038439,0.026590,0.004598,0.000052,0.015081,0.002124,0.985350,0.003285,0.988635,0.988635,0.988635,0.494317,0.494317,0,0,1,0,0.000000,0.080000,0.008000,0.001000,5.500000,0.100000,25.634000,0.034085,0.000000
2.040000,0.463900,0.603900,-0.801485,-0.000000,-0.801485,-0.332598,0.000000,0.332598,0.035916,-0.021235,0.038547,0.038547,0.002630,0.016591,0.037826,0.026608,0.004612,0.000045,0.014467,0.002124,0.969812,-0.004184,0.965627,0.965627,0.965627,0.482814,0.482814,0,0,1,0,0.000000,0.080000,0.008000,0.001000,5.500000,0.100000,25.639000,0.034098,0.000000
2.049000,0.464800,0.604800,-0.804851,-0.000000,-0.804851,-0.332975,0.000000,0.332975,0.035698,-0.021432,0.038346,0.038346,0.002649,0.016712,0.038145,0.026638,0.004636,0.000042,0.014569,0.002143,0.978331,0.001209,0.979540,0.979540,0.979540,0.489770,0.489770,0,0,1,0,0.000000,0.080000,0.008000,0.001000,5.500000,0.100000,25.648000,0.034120,0.000000
2.058000,0.465700,0.605700,-0.808196,-0.000000,-0.808196,-0.333120,0.000000,0.333120,0.035460,-0.022097,0.038147,0.038147,0.002687,0.016987,0.039084,0.026650,0.004660,0.000016,0.014777,0.002210,1.002774,0.003563,1.006338,1.006338,1.006338,0.503169,0.503169,0,0,1,0,0.000000,0.080000,0.008000,0.001000,5.500000,0.100000,25.657000,0.034143,0.000000
2.067000,0.466600,0.606600,-0.811536,-0.000000,-0.811536,-0.333213,0.000000,0.333213,0.035210,-0.022818,0.037948,0.037948,0.002738,0.017338,0.040156,0.026657,0.004684,0.000010,0.015056,0.002282,1.030634,0.004069,1.034703,1.034703,1.034703,0.517351,0.517351,0,0,1,0,0.000000,0.080000,0.008000,0.001000,5.500000,0.100000,25.666000,0.034165,0.000000
2.072000,0.467100,0.607100,-0.813200,-0.000000,-0.813200,-0.333199,0.000000,0.333199,0.034956,-0.023396,0.037837,0.037837,0.002881,0.018185,0.041581,0.026656,0.004697,-0.000003,0.015845,0.002340,1.067427,0.009744,1.077171,1.077171,1.077171,0.538585,0.538585,0,0,1,0,0.000000,0.080000,0.008000,0.001000,5.500000,0.100000,25.671000,0.034178,0.000000
2.077000,0.467600,0.607600,-0.814878,-0.000000,-0.814878,-0.333323,0.000000,0.333323,0.034956,-0.023396,0.037727,0.037727,0.002771,0.017579,0.040975,0.026666,0.004710,0.000025,0.015240,0.002340,1.052080,-0.004143,1.047937,1.047937,1.047937,0.523969,0.523969,0,0,1,0,0.000000,0.080000,0.008000,0.001000,5.500000,0.100000,25.676000,0.034190,0.000000
2.082000,0.468100,0.608100,-0.816559,-0.000000,-0.816559,-0.333486,0.000000,0.333486,0.034716,-0.023329,0.037617,0.037617,0.002901,0.018290,0.041618,0.026679,0.004724,0.000033,0.015957,0.002333,1.068798,0.004399,1.073197,1.073197,1.073197,0.536598,0.536598,0,0,1,0,0.000000,0.080000,0.008000,0.001000,5.500000,0.100000,25.681000,0.034203,0.000000
2.091000,0.469000,0.609000,-0.819932,-0.000000,-0.819932,-0.333886,0.000000,0.333886,0.034494,-0.022941,0.037420,0.037420,0.002926,0.018386,0.041327,0.026711,0.004748,0.000044,0.016092,0.002294,1.061699,-0.001106,1.060592,1.060592,1.060592,0.530296,0.530296,0,0,1,0,0.000000,0.080000,0.008000,0.001000,5.500000,0.100000,25.690000,0.034225,0.000000
2.096000,0.469500,0.609500,-0.821612,-0.000000,-0.821612,-0.334006,0.000000,0.334006,0.034494,-0.022941,0.037310,0.037310,0.002816,0.017784,0.040725,0.026721,0.004761,0.000024,0.015490,0.002294,1.046439,-0.004122,1.042317,1.042317,1.042317,0.521159,0.521159,0,0,1,0,0.000000,0.080000,0.008000,0.001000,5.500000,0.100000,25.695000,0.034238,0.000000
2.101000,0.470000,0.610000,-0.823307,-0.000000,-0.823307,-0.334269,0.000000,0.334269,0.034286,-0.022284,0.037201,0.037201,0.002915,0.018263,0.040547,0.026742,0.004774,0.000053,0.016035,0.002228,1.042060,-0.001221,1.040839,1.040839,1.040839,0.520419,0.520419,0,0,1,0,0.000000,0.080000,0.008000,0.001000,5.500000,0.100000,25.700000,0.034250,0.000000
2.106000,0.470500,0.610500,-0.825005,-0.000000,-0.825005,-0.334542,0.000000,0.334542,0.034286,-0.022284,0.037092,0.037092,0.002806,0.017663,0.039947,0.026763,0.004788,0.000055,0.015435,0.002228,1.026843,-0.004111,1.022732,1.022732,1.022732,0.511366,0.511366,0,0,1,0,0.000000,0.080000,0.008000,0.001000,5.500000,0.100000,25.705000,0.034263,0.000000
2.111000,0.471000,0.611000,-0.826705,-0.000000,-0.826705,-0.334824,0.000000,0.334824,0.034095,-0.021590,0.036983,0.036983,0.002888,0.018041,0.039631,0.026786,0.004801,0.000056,0.015882,0.002159,1.018909,-0.002169,1.016740,1.016740,1.016740,0.508370,0.508370,0,0,1,0,0.000000,0.080000,0.008000,0.001000,5.500000,0.100000,25.710000,0.034275,0.000000
2.116000,0.471500,0.611500,-0.828407,-0.000000,-0.828407,-0.335103,0.000000,0.335103,0.034095,-0.021590,0.036874,0.036874,0.002779,0.017443,0.039033,0.026808,0.004815,0.000056,0.015284,0.002159,1.003733,-0.004100,0.999633,0.999633,0.999633,0.499817,0.499817,0,0,1,0,0.000000,0.080000,0.008000,0.001000,5.500000,0.100000,25.715000,0.034288,0.000000
2.121000,0.472000,0.612000,-0.830109,-0.000000,-0.830109,-0.335376,0.000000,0.335376,0.033909,-0.021023,0.036766,0.036766,0.002856,0.017813,0.038836,0.026830,0.004828,0.000055,0.015711,0.002102,0.998862,-0.001351,0.997511,0.997511,0.997511,0.498756,0.498756,0,0,1,0,0.000000,0.080000,0.008000,0.001000,5.500000,0.100000,25.720000,0.034300,0.000000
2.126000,0.472500,0.612500,-0.831812,-0.000000,-0.831812,-0.335636,0.000000,0.335636,0.033909,-0.021023,0.036658,0.036658,0.002748,0.017217,0.038240,0.026851,0.004841,0.000052,0.015115,0.002102,0.983729,-0.004089,0.979640,0.979640,0.979640,0.489820,0.489820,0,0,1,0,0.000000,0.080000,0.008000,0.001000,5.500000,0.100000,25.725000,0.034313,0.000000
2.131000,0.473000,0.613000,-0.833515,-0.000000,-0.833515,-0.335880,0.000000,0.335880,0.033719,-0.020701,0.036549,0.036549,0.002830,0.017636,0.038337,0.026870,0.004855,0.000049,0.015566,0.002070,0.986399,0.000662,0.987061,0.987061,0.987061,0.493530,0.493530,0,0,1,0,0.000000,0.080000,0.008000,0.001000,5.500000,0.100000,25.730000,0.034325,0.000000
2.136000,0.473500,0.613500,-0.835217,-0.000000,-0.835217,-0.336101,0.000000,0.336101,0.033719,-0.020701,0.036441,0.036441,0.002722,0.017042,0.037743,0.026888,0.004868,0.000044,0.014972,0.002070,0.971309,-0.004078,0.967231,0.967231,0.967231,0.483615,0.483615,0,0,1,0,0.000000,0.080000,0.008000,0.001000,5.500000,0.100000,25.735000,0.034338,0.000000
2.141000,0.474000,0.614000,-0.836918,-0.000000,-0.836918,-0.336304,0.000000,0.336304,0.033519,-0.020671,0.036334,0.036334,0.002815,0.017549,0.038220,0.026904,0.004882,0.000041,0.015482,0.002067,0.983780,0.003278,0.987058,0.987058,0.987058,0.493529,0.493529,0,0,1,0,0.000000,0.080000,0.008000,0.001000,5.500000,0.100000,25.740000,0.034350,0.000000
2.150000,0.474900,0.614900,-0.840317,-0.000000,-0.840317,-0.336641,0.000000,0.336641,0.033305,-0.020910,0.036140,0.036140,0.002835,0.017686,0.038595,0.026931,0.004906,0.000037,0.015595,0.002091,0.993789,0.001434,0.995222,0.995222,0.995222,0.497611,0.497611,0,0,1,0,0.000000,0.080000,0.008000,0.001000,5.500000,0.100000,25.749000,0.034373,0.000000
2.155000,0.475400,0.615400,-0.840317,-0.000000,-0.840317,-0.336641,0.000000,0.336641,0.033305,-0.020910,0.036033,0.036033,0.002728,0.017096,0.038005,0.026931,0.004919,0.000000,0.015005,0.002091,0.978786,-0.004058,0.974728,0.974728,0.974728,0.487364,0.487364,0,0,1,0,0.000000,0.080000,0.008000,0.001000,5.500000,0.100000,25.754000,0.034385,0.000000
2.160000,0.475900,0.615900,-0.842002,-0.000000,-0.842002,-0.336661,0.000000,0.336661,0.033305,-0.020910,0.035926,0.035926,0.002621,0.016507,0.037416,0.026933,0.004933,0.000004,0.014416,0.002091,0.963803,-0.004052,0.959751,0.959751,0.959751,0.479875,0.479875,0,0,1,0,0.000000,0.080000,0.008000,0.001000,5.500000,0.100000,25.759000,0.034398,0.000000
2.165000,0.476400,0.616400,-0.843711,-0.000000,-0.843711,-0.336912,0.000000,0.336912,0.033079,-0.021129,0.035819,0.035819,0.002740,0.017181,0.038310,0.026953,0.004946,0.000050,0.015069,0.002113,0.987024,0.006153,0.993177,0.993177,0.993177,0.496588,0.496588,0,0,1,0,0.000000,0.080000,0.008000,0.001000,5.500000,0.100000,25.764000,0.034410,0.000000
2.170000,0.476900,0.616900,-0.845417,-0.000000,-0.845417,-0.337116,0.000000,0.337116,0.033079,-0.021129,0.035712,0.035712,0.002633,0.016594,0.037723,0.026969,0.004960,0.000041,0.014481,0.002113,0.972087,-0.004042,0.968046,0.968046,0.968046,0.484023,0.484023,0,0,1,0,0.000000,0.080000,0.008000,0.001000,5.500000,0.100000,25.769000,0.034423,0.000000
2.179000,0.477800,0.617800,-0.848823,-0.000000,-0.848823,-0.337437,0.000000,0.337437,0.032847,-0.021630,0.035520,0.035520,0.002674,0.016867,0.038497,0.026995,0.004984,0.000036,0.014704,0.002163,0.992388,0.002964,0.995351,0.995351,0.995351,0.497676,0.497676,0,0,1,0,0.000000,0.080000,0.008000,0.001000,5.500000,0.100000,25.778000,0.034445,0.000000
2.184000,0.478300,0.618300,-0.850509,-0.000000,-0.850509,-0.337421,0.000000,0.337421,0.032593,-0.022595,0.035414,0.035414,0.002821,0.017777,0.040372,0.026994,0.004998,-0.000003,0.015518,0.002259,1.040922,0.012921,1.053843,1.053843,1.053843,0.526922,0.526922,0,0,1,0,0.000000,0.080000,0.008000,0.001000,5.500000,0.100000,25.783000,0.034458,0.000000
2.189000,0.478800,0.618800,-0.852205,-0.000000,-0.852205,-0.337514,0.000000,0.337514,0.032593,-0.022595,0.035308,0.035308,0.002715,0.017194,0.039789,0.027001,0.005011,0.000019,0.014935,0.002259,1.026081,-0.004022,1.022059,1.022059,1.022059,0.511030,0.511030,0,0,1,0,0.000000,0.080000,0.008000,0.001000,5.500000,0.100000,25.788000,0.034470,0.000000
2.194000,0.479300,0.619300,-0.853903,-0.000000,-0.853903,-0.337626,0.000000,0.337626,0.032334,-0.023139,0.035202,0.035202,0.002868,0.018087,0.041226,0.027010,0.005025,0.000022,0.015774,0.002314,1.063347,0.009911,1.073258,1.073258,1.073258,0.536629,0.536629,0,0,1,0,0.000000,0.080000,0.008000,0.001000,5.500000,0.100000,25.793000,0.034483,0.000000
2.199000,0.479800,0.619800,-0.855602,-0.000000,-0.855602,-0.337739,0.000000,0.337739,0.032334,-0.023139,0.035096,0.035096,0.002762,0.017506,0.040645,0.027019,0.005038,0.000023,0.015192,0.002314,1.048554,-0.004011,1.044543,1.044543,1.044543,0.522272,0.522272,0,0,1,0,0.000000,0.080000,0.008000,0.001000,5.500000,0.100000,25.798000,0.034495,0.000000
2.204000,0.480300,0.620300,-0.857304,-0.000000,-0.857304,-0.337880,0.000000,0.337880,0.032082,-0.023402,0.034991,0.034991,0.002909,0.018338,0.041739,0.027030,0.005052,0.000028,0.015997,0.002340,1.077000,0.007554,1.084554,1.084554,1.084554,0.542277,0.542277,0,0,1,0,0.000000,0.080000,0.008000,0.001000,5.500000,0.100000,25.803000,0.034508,0.000000
2.209000,0.480800,0.620800,-0.859007,-0.000000,-0.859007,-0.338032,0.000000,0.338032,0.032082,-0.023402,0.034886,0.034886,0.002803,0.017758,0.041160,0.027043,0.005065,0.000030,0.015418,0.002340,1.062254,-0.004001,1.058254,1.058254,1.058254,0.529127,0.529127,0,0,1,0,0.000000,0.080000,0.008000,0.001000,5.500000,0.100000,25.808000,0.034520,0.000000
2.218000,0.481700,0.621700,-0.862424,-0.000000,-0.862424,-0.338413,0.000000,0.338413,0.031843,-0.023346,0.034696,0.034696,0.002853,0.018029,0.041375,0.027073,0.005090,0.000042,0.015694,0.002335,1.068167,0.000824,1.068991,1.068991,1.068991,0.534495,0.534495,0,0,1,0,0.000000,0.080000,0.008000,0.001000,5.500000,0.100000,25.817000,0.034543,0.000000
2.223000,0.482200,0.622200,-0.864123,-0.000000,-0.864123,-0.338497,0.000000,0.338497,0.031612,-0.023297,0.034592,0.034592,0.002979,0.018717,0.042014,0.027080,0.005103,0.000017,0.016387,0.002330,1.084881,0.004418,1.089300,1.089300,1.089300,0.544650,0.544650,0,0,1,0,0.000000,0.080000,0.008000,0.001000,5.500000,0.100000,25.822000,0.034555,0.000000
2.228000,0.482700,0.622700,-0.865837,-0.000000,-0.865837,-0.338725,0.000000,0.338725,0.031612,-0.023297,0.034487,0.034487,0.002875,0.018141,0.041438,0.027098,0.005117,0.000046,0.015811,0.002330,1.070220,-0.003981,1.066240,1.066240,1.066240,0.533120,0.533120,0,0,1,0,0.000000,0.080000,0.008000,0.001000,5.500000,0.100000,25.827000,0.034568,0.000000
2.233000,0.483200,0.623200,-0.867555,-0.000000,-0.867555,-0.338981,0.000000,0.338981,0.031400,-0.022729,0.034382,0.034382,0.002982,0.018674,0.041403,0.027118,0.005130,0.000051,0.016401,0.002273,1.069514,-0.000245,1.069270,1.069270,1.069270,0.534635,0.534635,0,0,1,0,0.000000,0.080000,0.008000,0.001000,5.500000,0.100000,25.832000,0.034580,0.000000
2.238000,0.483700,0.623700,-0.869276,-0.000000,-0.869276,-0.339252,0.000000,0.339252,0.031400,-0.022729,0.034278,0.034278,0.002878,0.018100,0.040829,0.027140,0.005144,0.000054,0.015827,0.002273,1.054894,-0.003970,1.050923,1.050923,1.050923,0.525462,0.525462,0,0,1,0,0.000000,0.080000,0.008000,0.001000,5.500000,0.100000,25.837000,0.034593,0.000000
2.243000,0.484200,0.624200,-0.871000,-0.000000,-0.871000,-0.339538,0.000000,0.339538,0.031204,-0.022037,0.034174,0.034174,0.002970,0.018540,0.040577,0.027163,0.005157,0.000057,0.016336,0.002204,1.048590,-0.001743,1.046848,1.046848,1.046848,0.523424,0.523424,0,0,1,0,0.000000,0.080000,0.008000,0.001000,5.500000,0.100000,25.842000,0.034605,0.000000
2.248000,0.484700,0.624700,-0.872726,-0.000000,-0.872726,-0.339827,0.000000,0.339827,0.031204,-0.022037,0.034070,0.034070,0.002866,0.017968,0.040005,0.027186,0.005171,0.000058,0.015764,0.002204,1.034009,-0.003960,1.030049,1.030049,1.030049,0.515025,0.515025,0,0,1,0,0.000000,0.080000,0.008000,0.001000,5.500000,0.100000,25.847000,0.034618,0.000000
2.253000,0.485200,0.625200,-0.874453,-0.000000,-0.874453,-0.340118,0.000000,0.340118,0.031015,-0.021385,0.033966,0.033966,0.002951,0.018367,0.039752,0.027209,0.005185,0.000058,0.016228,0.002139,1.027658,-0.001755,1.025903,1.025903,1.025903,0.512952,0.512952,0,0,1,0,0.000000,0.080000,0.008000,0.001000,5.500000,0.100000,25.852000,0.034630,0.000000
2.262000,0.486100,0.626100,-0.877911,-0.000000,-0.877911,-0.340672,0.000000,0.340672,0.030828,-0.020906,0.033780,0.033780,0.002952,0.018325,0.039231,0.027254,0.005209,0.000062,0.016234,0.002091,1.014558,-0.002004,1.012554,1.012554,1.012554,0.506277,0.506277,0,0,1,0,0.000000,0.080000,0.008000,0.001000,5.500000,0.100000,25.861000,0.034653,0.000000
2.267000,0.486600,0.626600,-0.879628,-0.000000,-0.879628,-0.340804,0.000000,0.340804,0.030828,-0.020906,0.033676,0.033676,0.002848,0.017757,0.038663,0.027264,0.005223,0.000027,0.015666,0.002091,1.000052,-0.003941,0.996111,0.996111,0.996111,0.498056,0.498056,0,0,1,0,0.000000,0.080000,0.008000,0.001000,5.500000,0.100000,25.866000,0.034665,0.000000
2.272000,0.487100,0.627100,-0.881356,-0.000000,-0.881356,-0.341048,0.000000,0.341048,0.030631,-0.020623,0.033573,0.033573,0.002942,0.018243,0.038867,0.027284,0.005236,0.000049,0.016181,0.002062,1.005517,0.001413,1.006930,1.006930,1.006930,0.503465,0.503465,0,0,1,0,0.000000,0.080000,0.008000,0.001000,5.500000,0.100000,25.871000,0.034678,0.000000
2.277000,0.487600,0.627600,-0.883084,-0.000000,-0.883084,-0.341270,0.000000,0.341270,0.030631,-0.020623,0.033470,0.033470,0.002839,0.017677,0.038300,0.027302,0.005250,0.000044,0.015615,0.002062,0.991052,-0.003931,0.987121,0.987121,0.987121,0.493561,0.493561,0,0,1,0,0.000000,0.080000,0.008000,0.001000,5.500000,0.100000,25.876000,0.034690,0.000000
2.282000,0.488100,0.628100,-0.884811,-0.000000,-0.884811,-0.341476,0.000000,0.341476,0.030430,-0.020603,0.033367,0.033367,0.002937,0.018214,0.038817,0.027318,0.005264,0.000041,0.016154,0.002060,1.004631,0.003590,1.008221,1.008221,1.008221,0.504111,0.504111,0,0,1,0,0.000000,0.080000,0.008000,0.001000,5.500000,0.100000,25.881000,0.034703,0.000000
2.287000,0.488600,0.628600,-0.886538,-0.000000,-0.886538,-0.341658,0.000000,0.341658,0.030430,-0.020603,0.033264,0.033264,0.002834,0.017650,0.038253,0.027333,0.005277,0.000036,0.015589,0.002060,0.990208,-0.003920,0.986288,0.986288,0.986288,0.493144,0.493144,0,0,1,0,0.000000,0.080000,0.008000,0.001000,5.500000,0.100000,25.886000,0.034715,0.000000
2.292000,0.489100,0.629100,-0.888263,-0.000000,-0.888263,-0.341828,0.000000,0.341828,0.030217,-0.020813,0.033162,0.033162,0.002945,0.018277,0.039091,0.027346,0.005291,0.000034,0.016196,0.002081,1.012099,0.005821,1.017920,1.017920,1.017920,0.508960,0.508960,0,0,1,0,0.000000,0.080000,0.008000,0.001000,5.500000,0.100000,25.891000,0.034728,0.000000
2.301000,0.490000,0.630000,-0.891712,-0.000000,-0.891712,-0.342118,0.000000,0.342118,0.029993,-0.021176,0.032978,0.032978,0.002985,0.018534,0.039710,0.027369,0.005316,0.000032,0.016417,0.002118,1.028489,0.002391,1.030880,1.030880,1.030880,0.515440,0.515440,0,0,1,0,0.000000,0.080000,0.008000,0.001000,5.500000,0.100000,25.900000,0.034750,0.000000
2.306000,0.490500,0.630500,-0.893423,-0.000000,-0.893423,-0.342125,0.000000,0.342125,0.029993,-0.021176,0.032876,0.032876,0.002883,0.017973,0.039149,0.027370,0.005329,0.000001,0.015855,0.002118,1.014151,-0.003901,1.010249,1.010249,1.010249,0.505125,0.505125,0,0,1,0,0.000000,0.080000,0.008000,0.001000,5.500000,0.100000,25.905000,0.034763,0.000000
2.311000,0.491000,0.631000,-0.895147,-0.000000,-0.895147,-0.342262,0.000000,0.342262,0.029758,-0.021518,0.032774,0.032774,0.003016,0.018738,0.040256,0.027381,0.005343,0.000027,0.016587,0.002152,1.043039,0.007702,1.050741,1.050741,1.050741,0.525370,0.525370,0,0,1,0,0.000000,0.080000,0.008000,0.001000,5.500000,0.100000,25.910000,0.034775,0.000000
2.316000,0.491500,0.631500,-0.896872,-0.000000,-0.896872,-0.342392,0.000000,0.342392,0.029758,-0.021518,0.032672,0.032672,0.002914,0.018179,0.039697,0.027391,0.005357,0.000026,0.016027,0.002152,1.028746,-0.003891,1.024854,1.024854,1.024854,0.512427,0.512427,0,0,1,0,0.000000,0.080000,0.008000,0.001000,5.500000,0.100000,25.915000,0.034788,0.000000
2.321000,0.492000,0.632000,-0.898597,-0.000000,-0.898597,-0.342535,0.000000,0.342535,0.029526,-0.021805,0.032571,0.032571,0.003044,0.018925,0.040730,0.027403,0.005370,0.000029,0.016744,0.002181,1.055712,0.007188,1.062900,1.062900,1.062900,0.531450,0.531450,0,0,1,0,0.000000,0.080000,0.008000,0.001000,5.500000,0.100000,25.920000,0.034800,0.000000
2.326000,0.492500,0.632500,-0.900324,-0.000000,-0.900324,-0.342678,0.000000,0.342678,0.029526,-0.021805,0.032469,0.032469,0.002943,0.018367,0.040172,0.027414,0.005384,0.000028,0.016187,0.002181,1.041463,-0.003881,1.037582,1.037582,1.037582,0.518791,0.518791,0,0,1,0,0.000000,0.080000,0.008000,0.001000,5.500000,0.100000,25.925000,0.034813,0.000000
2.331000,0.493000,0.633000,-0.902053,-0.000000,-0.902053,-0.342839,0.000000,0.342839,0.029296,-0.021974,0.032368,0.032368,0.003072,0.019093,0.041067,0.027427,0.005398,0.000032,0.016896,0.002197,1.064865,0.006232,1.071097,1.071097,1.071097,0.535548,0.535548,0,0,1,0,0.000000,0.080000,0.008000,0.001000,5.500000,0.100000,25.930000,0.034825,0.000000
2.340000,0.493900,0.633900,-0.903783,-0.000000,-0.903783,-0.343003,0.000000,0.343003,0.029296,-0.021974,0.032187,0.032187,0.002890,0.018093,0.040067,0.027440,0.005423,0.000018,0.015896,0.002197,1.039308,-0.003870,1.035438,1.035438,1.035438,0.517719,0.517719,0,0,1,0,0.000000,0.080000,0.008000,0.001000,5.500000,0.100000,25.939000,0.034848,0.000000
2.345000,0.494400,0.634400,-0.905516,-0.000000,-0.905516,-0.343188,0.000000,0.343188,0.029071,-0.021995,0.032086,0.032086,0.003015,0.018780,0.040776,0.027455,0.005436,0.000037,0.016581,0.002200,1.057885,0.004939,1.062824,1.062824,1.062824,0.531412,0.531412,0,0,1,0,0.000000,0.080000,0.008000,0.001000,5.500000,0.100000,25.944000,0.034860,0.000000
2.350000,0.494900,0.634900,-0.907237,-0.000000,-0.907237,-0.343258,0.000000,0.343258,0.029071,-0.021995,0.031985,0.031985,0.002914,0.018227,0.040223,0.027461,0.005450,0.000014,0.016028,0.002200,1.043736,-0.003858,1.039878,1.039878,1.039878,0.519939,0.519939,0,0,1,0,0.000000,0.080000,0.008000,0.001000,5.500000,0.100000,25.949000,0.034873,0.000000
2.355000,0.495400,0.635400,-0.908988,-0.000000,-0.908988,-0.343603,0.000000,0.343603,0.028856,-0.021637,0.031885,0.031885,0.003029,0.018824,0.040461,0.027488,0.005464,0.000069,0.016660,0.002164,1.050115,0.001661,1.051776,1.051776,1.051776,0.525888,0.525888,0,0,1,0,0.000000,0.080000,0.008000,0.001000,5.500000,0.100000,25.954000,0.034885,0.000000
2.360000,0.495900,0.635900,-0.910738,-0.000000,-0.910738,-0.343932,0.000000,0.343932,0.028856,-0.021637,0.031785,0.031785,0.002929,0.018273,0.039909,0.027515,0.005478,0.000066,0.016109,0.002164,1.036006,-0.003848,1.032158,1.032158,1.032158,0.516079,0.516079,0,0,1,0,0.000000,0.080000,0.008000,0.001000,5.500000,0.100000,25.959000,0.034898,0.000000
2.369000,0.496800,0.636800,-0.914237,-0.000000,-0.914237,-0.344524,0.000000,0.344524,0.028652,-0.021391,0.031605,0.031605,0.002952,0.018378,0.039769,0.027562,0.005502,0.000066,0.016238,0.002139,1.032717,-0.000545,1.032171,1.032171,1.032171,0.516086,0.516086,0,0,1,0,0.000000,0.080000,0.008000,0.001000,5.500000,0.100000,25.968000,0.034920,0.000000
2.374000,0.497300,0.637300,-0.915973,-0.000000,-0.915973,-0.344654,0.000000,0.344654,0.028439,-0.021513,0.031505,0.031505,0.003066,0.019012,0.040525,0.027572,0.005516,0.000026,0.016861,0.002151,1.052548,0.005281,1.057828,1.057828,1.057828,0.528914,0.528914,0,0,1,0,0.000000,0.080000,0.008000,0.001000,5.500000,0.100000,25.973000,0.034933,0.000000
2.379000,0.497800,0.637800,-0.917720,-0.000000,-0.917720,-0.344897,0.000000,0.344897,0.028439,-0.021513,0.031405,0.031405,0.002966,0.018464,0.039977,0.027592,0.005530,0.000048,0.016313,0.002151,1.038516,-0.003829,1.034687,1.034687,1.034687,0.517343,0.517343,0,0,1,0,0.000000,0.080000,0.008000,0.001000,5.500000,0.100000,25.978000,0.034945,0.000000
2.384000,0.498300,0.638300,-0.919468,-0.000000,-0.919468,-0.345137,0.000000,0.345137,0.028227,-0.021439,0.031306,0.031306,0.003079,0.019076,0.040515,0.027611,0.005544,0.000048,0.016932,0.002144,1.052699,0.003763,1.056462,1.056462,1.056462,0.528231,0.528231,0,0,1,0,0.000000,0.080000,0.008000,0.001000,5.500000,0.100000,25.983000,0.034958,0.000000
2.389000,0.498800,0.638800,-0.921217,-0.000000,-0.921217,-0.345365,0.000000,0.345365,0.028227,-0.021439,0.031206,0.031206,0.002979,0.018530,0.039969,0.027629,0.005558,0.000046,0.016386,0.002144,1.038708,-0.003820,1.034889,1.034889,1.034889,0.517444,0.517444,0,0,1,0,0.000000,0.080000,0.008000,0.001000,5.500000,0.100000,25.988000,0.034970,0.000000
2.394000,0.499300,0.639300,-0.922966,-0.000000,-0.922966,-0.345592,0.000000,0.345592,0.028014,-0.021399,0.031107,0.031107,0.003093,0.019152,0.040551,0.027647,0.005571,0.000045,0.017013,0.002140,1.054047,0.004075,1.058122,1.058122,1.058122,0.529061,0.529061,0,0,1,0,0.000000,0.080000,0.008000,0.001000,5.500000,0.100000,25.993000,0.034983,0.000000
2.399000,0.499800,0.639800,-0.924715,-0.000000,-0.924715,-0.345807,0.000000,0.345807,0.028014,-0.021399,0.031008,0.031008,0.002994,0.018608,0.040007,0.027665,0.005585,0.000043,0.016468,0.002140,1.040097,-0.003810,1.036287,1.036287,1.036287,0.518143,0.518143,0,0,1,0,0.000000,0.080000,0.008000,0.001000,5.500000,0.100000,25.998000,0.034995,0.000000
2.404000,0.500000,0.640000,-0.926465,-0.000000,-0.926465,-0.346023,0.000000,0.346023,0.027800,-0.021381,0.030969,0.030969,0.003169,0.019566,0.040946,0.027682,0.005599,0.000043,0.017427,0.002138,1.064606,0.006577,1.071182,1.071182,1.071182,0.535591,0.535591,0,0,1,0,0.000000,0.080000,0.008000,0.001000,5.500000,0.100000,26.000000,0.035000,0.000000
2.409000,0.500000,0.640000,-0.928216,-0.000000,-0.928216,-0.346229,0.000000,0.346229,0.027800,-0.021381,0.030969,0.030969,0.003169,0.019566,0.040946,0.027698,0.005613,0.000041,0.017427,0.002138,1.064606,0.000000,1.064606,1.064606,1.064606,0.532303,0.532303,0,0,1,0,0.000000,0.080000,0.008000,0.001000,5.500000,0.100000,26.000000,0.035000,0.000000
2.418000,0.500000,0.640000,-0.931692,-0.000000,-0.931692,-0.346382,0.000000,0.346382,0.027583,-0.021456,0.030969,0.030969,0.003386,0.020767,0.042223,0.027711,0.005638,0.000017,0.018622,0.002146,1.097808,0.004966,1.102774,1.102774,1.102774,0.551387,0.551387,0,0,1,0,0.000000,0.080000,0.008000,0.001000,5.500000,0.100000,26.000000,0.035000,0.000000
2.423000,0.500000,0.640000,-0.933416,-0.000000,-0.933416,-0.346306,0.000000,0.346306,0.027354,-0.021735,0.030969,0.030969,0.003615,0.022055,0.043791,0.027704,0.005652,-0.000015,0.019882,0.002174,1.138555,0.010970,1.149526,1.149526,1.149526,0.574763,0.574763,0,0,1,0,0.000000,0.080000,0.008000,0.001000,5.500000,0.100000,26.000000,0.035000,0.000000
2.428000,0.500000,0.640000,-0.935132,-0.000000,-0.935132,-0.346174,0.000000,0.346174,0.027354,-0.021735,0.030969,0.030969,0.003615,0.022055,0.043791,0.027694,0.005666,-0.000026,0.019882,0.002174,1.138555,0.000000,1.138555,1.138555,1.138555,0.569278,0.569278,0,0,1,0,0.000000,0.080000,0.008000,0.001000,5.500000,0.100000,26.000000,0.035000,0.000000
2.433000,0.500000,0.640000,-0.936846,-0.000000,-0.936846,-0.346026,0.000000,0.346026,0.027127,-0.021674,0.030969,0.030969,0.003841,0.023296,0.044969,0.027682,0.005679,-0.000030,0.021128,0.002167,1.169207,0.008252,1.177459,1.177459,1.177459,0.588730,0.588730,0,0,1,0,0.000000,0.080000,0.008000,0.001000,5.500000,0.100000,26.000000,0.035000,0.000000
2.438000,0.500000,0.640000,-0.938557,-0.000000,-0.938557,-0.345867,0.000000,0.345867,0.027127,-0.021674,0.030969,0.030969,0.003841,0.023296,0.044969,0.027669,0.005693,-0.000032,0.021128,0.002167,1.169207,0.000000,1.169207,1.169207,1.169207,0.584603,0.584603,0,0,1,0,0.000000,0.080000,0.008000,0.001000,5.500000,0.100000,26.000000,0.035000,0.000000
2.443000,0.500000,0.640000,-0.940269,-0.000000,-0.940269,-0.345725,0.000000,0.345725,0.026925,-0.021070,0.030969,0.030969,0.004044,0.024350,0.045420,0.027658,0.005707,-0.000028,0.022243,0.002107,1.180921,0.003154,1.184075,1.184075,1.184075,0.592037,0.592037,0,0,1,0,0.000000,0.080000,0.008000,0.001000,5.500000,0.100000,26.000000,0.035000,0.000000
2.448000,0.500000,0.640000,-0.941982,-0.000000,-0.941982,-0.345604,0.000000,0.345604,0.026925,-0.021070,0.030969,0.030969,0.004044,0.024350,0.045420,0.027648,0.005721,-0.000024,0.022243,0.002107,1.180921,0.000000,1.180921,1.180921,1.180921,0.590460,0.590460,0,0,1,0,0.000000,0.080000,0.008000,0.001000,5.500000,0.100000,26.000000,0.035000,0.000000
2.453000,0.500000,0.640000,-0.943698,-0.000000,-0.943698,-0.345515,0.000000,0.345515,0.026757,-0.019878,0.030969,0.030969,0.004212,0.025152,0.045030,0.027641,0.005735,-0.000018,0.023164,0.001988,1.170775,-0.002732,1.168044,1.168044,1.168044,0.584022,0.584022,0,0,1,0,0.000000,0.080000,0.008000,0.001000,5.500000,0.100000,26.000000,0.035000,0.000000
2.462000,0.500000,0.640000,-0.947138,-0.000000,-0.947138,-0.345437,0.000000,0.345437,0.026628,-0.018210,0.030969,0.030969,0.004341,0.025694,0.043904,0.027635,0.005760,-0.000009,0.023874,0.001821,1.141507,-0.004378,1.137129,1.137129,1.137129,0.568564,0.568564,0,0,1,0,0.000000,0.080000,0.008000,0.001000,5.500000,0.100000,26.000000,0.035000,0.000000
2.467000,0.500000,0.640000,-0.948863,-0.000000,-0.948863,-0.345447,0.000000,0.345447,0.026628,-0.018210,0.030969,0.030969,0.004341,0.025694,0.043904,0.027636,0.005773,0.000002,0.023874,0.001821,1.141507,0.000000,1.141507,1.141507,1.141507,0.570753,0.570753,0,0,1,0,0.000000,0.080000,0.008000,0.001000,5.500000,0.100000,26.000000,0.035000,0.000000
2.472000,0.500000,0.640000,-0.950591,-0.000000,-0.950591,-0.345476,0.000000,0.345476,0.026533,-0.016289,0.030969,0.030969,0.004435,0.026023,0.042313,0.027638,0.005787,0.000006,0.024394,0.001629,1.100131,-0.011140,1.088992,1.088992,1.088992,0.544496,0.544496,0,0,1,0,0.000000,0.080000,0.008000,0.001000,5.500000,0.100000,26.000000,0.035000,0.000000
2.477000,0.500000,0.640000,-0.952321,-0.000000,-0.952321,-0.345528,0.000000,0.345528,0.026533,-0.016289,0.030969,0.030969,0.004435,0.026023,0.042313,0.027642,0.005801,0.000010,0.024394,0.001629,1.100131,0.000000,1.100131,1.100131,1.100131,0.550066,0.550066,0,0,1,0,0.000000,0.080000,0.008000,0.001000,5.500000,0.100000,26.000000,0.035000,0.000000
2.482000,0.500000,0.640000,-0.954053,-0.000000,-0.954053,-0.345578,0.000000,0.345578,0.026463,-0.014394,0.030969,0.030969,0.004506,0.026221,0.040615,0.027646,0.005815,0.000010,0.024782,0.001439,1.055993,-0.011883,1.044109,1.044109,1.044109,0.522055,0.522055,0,0,1,0,0.000000,0.080000,0.008000,0.001000,5.500000,0.100000,26.000000,0.035000,0.000000
2.487000,0.500000,0.640000,-0.955785,-0.000000,-0.955785,-0.345634,0.000000,0.345634,0.026463,-0.014394,0.030969,0.030969,0.004506,0.026221,0.040615,0.027651,0.005829,0.000011,0.024782,0.001439,1.055993,0.000000,1.055993,1.055993,1.055993,0.527996,0.527996,0,0,1,0,0.000000,0.080000,0.008000,0.001000,5.500000,0.100000,26.000000,0.035000,0.000000
2.492000,0.500000,0.640000,-0.957516,-0.000000,-0.957516,-0.345670,0.000000,0.345670,0.026403,-0.012776,0.030969,0.030969,0.004565,0.026386,0.039162,0.027654,0.005842,0.000007,0.025109,0.001278,1.018216,-0.010171,1.008046,1.008046,1.008046,0.504023,0.504023,0,0,1,0,0.000000,0.080000,0.008000,0.001000,5.500000,0.100000,26.000000,0.035000,0.000000
2.497000,0.500000,0.640000,-0.959246,-0.000000,-0.959246,-0.345697,0.000000,0.345697,0.026403,-0.012776,0.030969,0.030969,0.004565,0.026386,0.039162,0.027656,0.005856,0.000005,0.025109,0.001278,1.018216,0.000000,1.018216,1.018216,1.018216,0.509108,0.509108,0,0,1,0,0.000000,0.080000,0.008000,0.001000,5.500000,0.100000,26.000000,0.035000,0.000000
2.506000,0.500000,0.640000,-0.962701,-0.000000,-0.962701,-0.345664,0.000000,0.345664,0.026342,-0.011612,0.030969,0.030969,0.004627,0.026611,0.038223,0.027653,0.005881,-0.000004,0.025449,0.001161,0.993796,-0.003653,0.990144,0.990144,0.990144,0.495072,0.495072,0,0,1,0,0.000000,0.080000,0.008000,0.001000,5.500000,0.100000,26.000000,0.035000,0.000000
2.511000,0.500000,0.640000,-0.964424,-0.000000,-0.964424,-0.345619,0.000000,0.345619,0.026268,-0.010877,0.030969,0.030969,0.004700,0.026940,0.037816,0.027649,0.005895,-0.000009,0.025852,0.001088,0.983229,-0.002845,0.980384,0.980384,0.980384,0.490192,0.490192,0,0,1,0,0.000000,0.080000,0.008000,0.001000,5.500000,0.100000,26.000000,0.035000,0.000000
2.516000,0.500000,0.640000,-0.966146,-0.000000,-0.966146,-0.345543,0.000000,0.345543,0.026268,-0.010877,0.030969,0.030969,0.004700,0.026940,0.037816,0.027643,0.005909,-0.000015,0.025852,0.001088,0.983229,0.000000,0.983229,0.983229,0.983229,0.491614,0.491614,0,0,1,0,0.000000,0.080000,0.008000,0.001000,5.500000,0.100000,26.000000,0.035000,0.000000
2.521000,0.500000,0.640000,-0.967863,-0.000000,-0.967863,-0.345436,0.000000,0.345436,0.026179,-0.010670,0.030969,0.030969,0.004789,0.027408,0.038078,0.027635,0.005923,-0.000021,0.026341,0.001067,0.990021,0.001829,0.991850,0.991850,0.991850,0.495925,0.495925,0,0,1,0,0.000000,0.080000,0.008000,0.001000,5.500000,0.100000,26.000000,0.035000,0.000000
2.530000,0.500000,0.640000,-0.969578,-0.000000,-0.969578,-0.345303,0.000000,0.345303,0.026179,-0.010670,0.030969,0.030969,0.004789,0.027408,0.038078,0.027624,0.005948,-0.000015,0.026341,0.001067,0.990021,0.000000,0.990021,0.990021,0.990021,0.495011,0.495011,0,0,1,0,0.000000,0.080000,0.008000,0.001000,5.500000,0.100000,26.000000,0.035000,0.000000
2.535000,0.500000,0.640000,-0.971290,-0.000000,-0.971290,-0.345153,0.000000,0.345153,0.026071,-0.010850,0.030969,0.030969,0.004898,0.028025,0.038875,0.027612,0.005961,-0.000030,0.026940,0.001085,1.010746,0.005580,1.016326,1.016326,1.016326,0.508163,0.508163,0,0,1,0,0.000000,0.080000,0.008000,0.001000,5.500000,0.100000,26.000000,0.035000,0.000000
2.540000,0.500000,0.640000,-0.973000,-0.000000,-0.973000,-0.344986,0.000000,0.344986,0.026071,-0.010850,0.030969,0.030969,0.004898,0.028025,0.038875,0.027599,0.005975,-0.000033,0.026940,0.001085,1.010746,0.000000,1.010746,1.010746,1.010746,0.505373,0.505373,0,0,1,0,0.000000,0.080000,0.008000,0.001000,5.500000,0.100000,26.000000,0.035000,0.000000
2.545000,0.500000,0.640000,-0.974707,-0.000000,-0.974707,-0.344806,0.000000,0.344806,0.025945,-0.011305,0.030969,0.030969,0.005024,0.028760,0.040066,0.027584,0.005989,-0.000036,0.027630,0.001131,1.041707,0.008336,1.050043,1.050043,1.050043,0.525021,0.525021,0,0,1,0,0.000000,0.080000,0.008000,0.001000,5.500000,0.100000,26.000000,0.035000,0.000000
2.550000,0.500000,0.640000,-0.976413,-0.000000,-0.976413,-0.344627,0.000000,0.344627,0.025945,-0.011305,0.030969,0.030969,0.005024,0.028760,0.040066,0.027570,0.006003,-0.000036,0.027630,0.001131,1.041707,0.000000,1.041707,1.041707,1.041707,0.520854,0.520854,0,0,1,0,0.000000,0.080000,0.008000,0.001000,5.500000,0.100000,26.000000,0.035000,0.000000
2.555000,0.500000,0.640000,-0.978118,-0.000000,-0.978118,-0.344447,0.000000,0.344447,0.025808,-0.011832,0.030969,0.030969,0.005161,0.029567,0.041399,0.027556,0.006016,-0.000036,0.028384,0.001183,1.076366,0.009331,1.085697,1.085697,1.085697,0.542848,0.542848,0,0,1,0,0.000000,0.080000,0.008000,0.001000,5.500000,0.100000,26.000000,0.035000,0.000000
2.560000,0.500000,0.640000,-0.979824,-0.000000,-0.979824,-0.344288,0.000000,0.344288,0.025808,-0.011832,0.030969,0.030969,0.005161,0.029567,0.041399,0.027543,0.006030,-0.000032,0.028384,0.001183,1.076366,0.000000,1.076366,1.076366,1.076366,0.538183,0.538183,0,0,1,0,0.000000,0.080000,0.008000,0.001000,5.500000,0.100000,26.000000,0.035000,0.000000
2.565000,0.500000,0.640000,-0.981532,-0.000000,-0.981532,-0.344167,0.000000,0.344167,0.025671,-0.012080,0.030969,0.030969,0.005298,0.030346,0.042426,0.027533,0.006044,-0.000024,0.029138,0.001208,1.103073,0.007190,1.110263,1.110263,1.110263,0.555132,0.555132,0,0,1,0,0.000000,0.080000,0.008000,0.001000,5.500000,0.100000,26.000000,0.035000,0.000000
2.570000,0.500000,0.640000,-0.983243,-0.000000,-0.983243,-0.344077,0.000000,0.344077,0.025671,-0.012080,0.030969,0.030969,0.005298,0.030346,0.042426,0.027526,0.006058,-0.000018,0.029138,0.001208,1.103073,0.000000,1.103073,1.103073,1.103073,0.551536,0.551536,0,0,1,0,0.000000,0.080000,0.008000,0.001000,5.500000,0.100000,26.000000,0.035000,0.000000
2.579000,0.500000,0.640000,-0.986675,-0.000000,-0.986675,-0.344029,0.000000,0.344029,0.025547,-0.011966,0.030969,0.030969,0.005422,0.031015,0.042981,0.027522,0.006083,-0.000005,0.029819,0.001197,1.117510,0.002159,1.119670,1.119670,1.119670,0.559835,0.559835,0,0,1,0,0.000000,0.080000,0.008000,0.001000,5.500000,0.100000,26.000000,0.035000,0.000000
2.584000,0.500000,0.640000,-0.988397,-0.000000,-0.988397,-0.344062,0.000000,0.344062,0.025442,-0.011529,0.030969,0.030969,0.005526,0.031548,0.043078,0.027525,0.006096,0.000007,0.030395,0.001153,1.120025,0.000677,1.120702,1.120702,1.120702,0.560351,0.560351,0,0,1,0,0.000000,0.080000,0.008000,0.001000,5.500000,0.100000,26.000000,0.035000,0.000000
2.589000,0.500000,0.640000,-0.990123,-0.000000,-0.990123,-0.344137,0.000000,0.344137,0.025442,-0.011529,0.030969,0.030969,0.005526,0.031548,0.043078,0.027531,0.006110,0.000015,0.030395,0.001153,1.120025,0.000000,1.120025,1.120025,1.120025,0.560012,0.560012,0,0,1,0,0.000000,0.080000,0.008000,0.001000,5.500000,0.100000,26.000000,0.035000,0.000000
2.594000,0.500000,0.640000,-0.991853,-0.000000,-0.991853,-0.344252,0.000000,0.344252,0.025358,-0.010757,0.030969,0.030969,0.005611,0.031936,0.042693,0.027540,0.006124,0.000023,0.030861,0.001076,1.110025,-0.002692,1.107333,1.107333,1.107333,0.553666,0.553666,0,0,1,0,0.000000,0.080000,0.008000,0.001000,5.500000,0.100000,26.000000,0.035000,0.000000
2.599000,0.500000,0.640000,-0.993588,-0.000000,-0.993588,-0.344404,0.000000,0.344404,0.025358,-0.010757,0.030969,0.030969,0.005611,0.031936,0.042693,0.027552,0.006138,0.000030,0.030861,0.001076,1.110025,0.000000,1.110025,1.110025,1.110025,0.555012,0.555012,0,0,1,0,0.000000,0.080000,0.008000,0.001000,5.500000,0.100000,26.000000,0.035000,0.000000
2.604000,0.500000,0.640000,-0.995326,-0.000000,-0.995326,-0.344582,0.000000,0.344582,0.025294,-0.009787,0.030969,0.030969,0.005675,0.032192,0.041979,0.027567,0.006151,0.000036,0.031213,0.000979,1.091449,-0.005001,1.086448,1.086448,1.086448,0.543224,0.543224,0,0,1,0,0.000000,0.080000,0.008000,0.001000,5.500000,0.100000,26.000000,0.035000,0.000000
2.609000,0.500000,0.640000,-0.997068,-0.000000,-0.997068,-0.344786,0.000000,0.344786,0.025294,-0.009787,0.030969,0.030969,0.005675,0.032192,0.041979,0.027583,0.006165,0.000041,0.031213,0.000979,1.091449,0.000000,1.091449,1.091449,1.091449,0.545725,0.545725,0,0,1,0,0.000000,0.080000,0.008000,0.001000,5.500000,0.100000,26.000000,0.035000,0.000000
2.614000,0.500000,0.640000,-0.998812,-0.000000,-0.998812,-0.345002,0.000000,0.345002,0.025244,-0.008781,0.030969,0.030969,0.005724,0.032362,0.041143,0.027600,0.006179,0.000043,0.031483,0.000878,1.069721,-0.005850,1.063871,1.063871,1.063871,0.531936,0.531936,0,0,1,0,0.000000,0.080000,0.008000,0.001000,5.500000,0.100000,26.000000,0.035000,0.000000
2.619000,0.500000,0.640000,-1.000559,-0.000000,-1.000559,-0.345231,0.000000,0.345231,0.025244,-0.008781,0.030969,0.030969,0.005724,0.032362,0.041143,0.027618,0.006193,0.000046,0.031483,0.000878,1.069721,0.000000,1.069721,1.069721,1.069721,0.534861,0.534861,0,0,1,0,0.000000,0.080000,0.008000,0.001000,5.500000,0.100000,26.000000,0.035000,0.000000
2.628000,0.500000,0.640000,-1.004057,-0.000000,-1.004057,-0.345684,0.000000,0.345684,0.025203,-0.007896,0.030969,0.030969,0.005766,0.032503,0.040398,0.027655,0.006218,0.000050,0.031713,0.000790,1.050351,-0.002897,1.047454,1.047454,1.047454,0.523727,0.523727,0,0,1,0,0.000000,0.080000,0.008000,0.001000,5.500000,0.100000,26.000000,0.035000,0.000000
2.633000,0.500000,0.640000,-1.005808,-0.000000,-1.005808,-0.345911,0.000000,0.345911,0.025162,-0.007167,0.030969,0.030969,0.005807,0.032655,0.039822,0.027673,0.006232,0.000045,0.031938,0.000717,1.035366,-0.004035,1.031331,1.031331,1.031331,0.515666,0.515666,0,0,1,0,0.000000,0.080000,0.008000,0.001000,5.500000,0.100000,26.000000,0.035000,0.000000
2.638000,0.500000,0.640000,-1.007559,-0.000000,-1.007559,-0.346126,0.000000,0.346126,0.025162,-0.007167,0.030969,0.030969,0.005807,0.032655,0.039822,0.027690,0.006245,0.000043,0.031938,0.000717,1.035366,0.000000,1.035366,1.035366,1.035366,0.517683,0.517683,0,0,1,0,0.000000,0.080000,0.008000,0.001000,5.500000,0.100000,26.000000,0.035000,0.000000
2.643000,0.500000,0.640000,-1.009309,-0.000000,-1.009309,-0.346321,0.000000,0.346321,0.025116,-0.006764,0.030969,0.030969,0.005852,0.032864,0.039627,0.027706,0.006259,0.000039,0.032188,0.000676,1.030314,-0.001360,1.028954,1.028954,1.028954,0.514477,0.514477,0,0,1,0,0.000000,0.080000,0.008000,0.001000,5.500000,0.100000,26.000000,0.035000,0.000000
2.648000,0.500000,0.640000,-1.011059,-0.000000,-1.011059,-0.346501,0.000000,0.346501,0.025116,-0.006764,0.030969,0.030969,0.005852,0.032864,0.039627,0.027720,0.006273,0.000036,0.032188,0.000676,1.030314,0.000000,1.030314,1.030314,1.030314,0.515157,0.515157,0,0,1,0,0.000000,0.080000,0.008000,0.001000,5.500000,0.100000,26.000000,0.035000,0.000000
2.653000,0.500000,0.640000,-1.012808,-0.000000,-1.012808,-0.346661,0.000000,0.346661,0.025060,-0.006667,0.030969,0.030969,0.005909,0.033167,0.039834,0.027733,0.006287,0.000032,0.032500,0.000667,1.035676,0.001443,1.037119,1.037119,1.037119,0.518560,0.518560,0,0,1,0,0.000000,0.080000,0.008000,0.001000,5.500000,0.100000,26.000000,0.035000,0.000000
2.658000,0.500000,0.640000,-1.014556,-0.000000,-1.014556,-0.346805,0.000000,0.346805,0.025060,-0.006667,0.030969,0.030969,0.005909,0.033167,0.039834,0.027744,0.006301,0.000029,0.032500,0.000667,1.035676,0.000000,1.035676,1.035676,1.035676,0.517838,0.517838,0,0,1,0,0.000000,0.080000,0.008000,0.001000,5.500000,0.100000,26.000000,0.035000,0.000000
2.663000,0.500000,0.640000,-1.016303,-0.000000,-1.016303,-0.346937,0.000000,0.346937,0.024990,-0.006806,0.030969,0.030969,0.005978,0.033561,0.040368,0.027755,0.006315,0.000026,0.032881,0.000681,1.049562,0.003739,1.053301,1.053301,1.053301,0.526650,0.526650,0,0,1,0,0.000000,0.080000,0.008000,0.001000,5.500000,0.100000,26.000000,0.035000,0.000000
2.668000,0.500000,0.640000,-1.018050,-0.000000,-1.018050,-0.347057,0.000000,0.347057,0.024990,-0.006806,0.030969,0.030969,0.005978,0.033561,0.040368,0.027765,0.006329,0.000024,0.032881,0.000681,1.049562,0.000000,1.049562,1.049562,1.049562,0.524781,0.524781,0,0,1,0,0.000000,0.080000,0.008000,0.001000,5.500000,0.100000,26.000000,0.035000,0.000000
2.677000,0.500000,0.640000,-1.021544,-0.000000,-1.021544,-0.347288,0.000000,0.347288,0.024911,-0.007071,0.030969,0.030969,0.006057,0.034023,0.041094,0.027783,0.006354,0.000026,0.033316,0.000707,1.068455,0.002826,1.071281,1.071281,1.071281,0.535641,0.535641,0,0,1,0,0.000000,0.080000,0.008000,0.001000,5.500000,0.100000,26.000000,0.035000,0.000000
2.682000,0.500000,0.640000,-1.023291,-0.000000,-1.023291,-0.347396,0.000000,0.347396,0.024826,-0.007412,0.030969,0.030969,0.006143,0.034528,0.041940,0.027792,0.006368,0.000022,0.033787,0.000741,1.090452,0.005922,1.096374,1.096374,1.096374,0.548187,0.548187,0,0,1,0,0.000000,0.080000,0.008000,0.001000,5.500000,0.100000,26.000000,0.035000,0.000000
2.687000,0.500000,0.640000,-1.025039,-0.000000,-1.025039,-0.347512,0.000000,0.347512,0.024826,-0.007412,0.030969,0.030969,0.006143,0.034528,0.041940,0.027801,0.006381,0.000023,0.033787,0.000741,1.090452,0.000000,1.090452,1.090452,1.090452,0.545226,0.545226,0,0,1,0,0.000000,0.080000,0.008000,0.001000,5.500000,0.100000,26.000000,0.035000,0.000000
2.692000,0.500000,0.640000,-1.026789,-0.000000,-1.026789,-0.347648,0.000000,0.347648,0.024738,-0.007610,0.030969,0.030969,0.006230,0.035029,0.042639,0.027812,0.006395,0.000027,0.034268,0.000761,1.108607,0.004888,1.113495,1.113495,1.113495,0.556747,0.556747,0,0,1,0,0.000000,0.080000,0.008000,0.001000,5.500000,0.100000,26.000000,0.035000,0.000000
2.697000,0.500000,0.640000,-1.028542,-0.000000,-1.028542,-0.347797,0.000000,0.347797,0.024738,-0.007610,0.030969,0.030969,0.006230,0.035029,0.042639,0.027824,0.006409,0.000030,0.034268,0.000761,1.108607,0.000000,1.108607,1.108607,1.108607,0.554303,0.554303,0,0,1,0,0.000000,0.080000,0.008000,0.001000,5.500000,0.100000,26.000000,0.035000,0.000000
2.702000,0.500000,0.640000,-1.030297,-0.000000,-1.030297,-0.347971,0.000000,0.347971,0.024658,-0.007600,0.030969,0.030969,0.006311,0.035470,0.043070,0.027838,0.006423,0.000035,0.034710,0.000760,1.119830,0.003022,1.122851,1.122851,1.122851,0.561426,0.561426,0,0,1,0,0.000000,0.080000,0.008000,0.001000,5.500000,0.100000,26.000000,0.035000,0.000000
2.707000,0.500000,0.640000,-1.032055,-0.000000,-1.032055,-0.348166,0.000000,0.348166,0.024658,-0.007600,0.030969,0.030969,0.006311,0.035470,0.043070,0.027853,0.006437,0.000039,0.034710,0.000760,1.119830,0.000000,1.119830,1.119830,1.119830,0.559915,0.559915,0,0,1,0,0.000000,0.080000,0.008000,0.001000,5.500000,0.100000,26.000000,0.035000,0.000000
2.712000,0.500000,0.640000,-1.033816,-0.000000,-1.033816,-0.348386,0.000000,0.348386,0.024588,-0.007362,0.030969,0.030969,0.006380,0.035828,0.043190,0.027871,0.006451,0.000044,0.035092,0.000736,1.122936,0.000836,1.123773,1.123773,1.123773,0.561886,0.561886,0,0,1,0,0.000000,0.080000,0.008000,0.001000,5.500000,0.100000,26.000000,0.035000,0.000000
2.721000,0.500000,0.640000,-1.037349,-0.000000,-1.037349,-0.348890,0.000000,0.348890,0.024532,-0.006929,0.030969,0.030969,0.006437,0.036096,0.043024,0.027911,0.006476,0.000056,0.035403,0.000693,1.118632,-0.000644,1.117989,1.117989,1.117989,0.558994,0.558994,0,0,1,0,0.000000,0.080000,0.008000,0.001000,5.500000,0.100000,26.000000,0.035000,0.000000
2.726000,0.500000,0.640000,-1.039121,-0.000000,-1.039121,-0.349172,0.000000,0.349172,0.024532,-0.006929,0.030969,0.030969,0.006437,0.036096,0.043024,0.027934,0.006490,0.000056,0.035403,0.000693,1.118632,0.000000,1.118632,1.118632,1.118632,0.559316,0.559316,0,0,1,0,0.000000,0.080000,0.008000,0.001000,5.500000,0.100000,26.000000,0.035000,0.000000
2.731000,0.500000,0.640000,-1.040895,-0.000000,-1.040895,-0.349468,0.000000,0.349468,0.024487,-0.006370,0.030969,0.030969,0.006481,0.036284,0.042655,0.027957,0.006504,0.000059,0.035647,0.000637,1.109022,-0.002587,1.106434,1.106434,1.106434,0.553217,0.553217,0,0,1,0,0.000000,0.080000,0.008000,0.001000,5.500000,0.100000,26.000000,0.035000,0.000000
2.736000,0.500000,0.640000,-1.042672,-0.000000,-1.042672,-0.349777,0.000000,0.349777,0.024487,-0.006370,0.030969,0.030969,0.006481,0.036284,0.042655,0.027982,0.006518,0.000062,0.035647,0.000637,1.109022,0.000000,1.109022,1.109022,1.109022,0.554511,0.554511,0,0,1,0,0.000000,0.080000,0.008000,0.001000,5.500000,0.100000,26.000000,0.035000,0.000000
2.741000,0.500000,0.640000,-1.044451,-0.000000,-1.044451,-0.350091,0.000000,0.350091,0.024452,-0.005786,0.030969,0.030969,0.006517,0.036421,0.042207,0.028007,0.006532,0.000063,0.035843,0.000579,1.097392,-0.003131,1.094261,1.094261,1.094261,0.547130,0.547130,0,0,1,0,0.000000,0.080000,0.008000,0.001000,5.500000,0.100000,26.000000,0.035000,0.000000
2.746000,0.500000,0.640000,-1.046233,-0.000000,-1.046233,-0.350410,0.000000,0.350410,0.024452,-0.005786,0.030969,0.030969,0.006517,0.036421,0.042207,0.028033,0.006546,0.000064,0.035843,0.000579,1.097392,0.000000,1.097392,1.097392,1.097392,0.548696,0.548696,0,0,1,0,0.000000,0.080000,0.008000,0.001000,5.500000,0.100000,26.000000,0.035000,0.000000
2.751000,0.500000,0.640000,-1.048016,-0.000000,-1.048016,-0.350727,0.000000,0.350727,0.024421,-0.005267,0.030969,0.030969,0.006548,0.036540,0.041807,0.028058,0.006560,0.000063,0.036013,0.000527,1.086984,-0.002802,1.084182,1.084182,1.084182,0.542091,0.542091,0,0,1,0,0.000000,0.080000,0.008000,0.001000,5.500000,0.100000,26.000000,0.035000,0.000000
2.756000,0.500000,0.640000,-1.049801,-0.000000,-1.049801,-0.351041,0.000000,0.351041,0.024421,-0.005267,0.030969,0.030969,0.006548,0.036540,0.041807,0.028083,0.006574,0.000063,0.036013,0.000527,1.086984,0.000000,1.086984,1.086984,1.086984,0.543492,0.543492,0,0,1,0,0.000000,0.080000,0.008000,0.001000,5.500000,0.100000,26.000000,0.035000,0.000000
2.761000,0.500000,0.640000,-1.051586,-0.000000,-1.051586,-0.351347,0.000000,0.351347,0.024390,-0.004882,0.030969,0.030969,0.006579,0.036672,0.041554,0.028108,0.006588,0.000061,0.036183,0.000488,1.080398,-0.001773,1.078625,1.078625,1.078625,0.539312,0.539312,0,0,1,0,0.000000,0.080000,0.008000,0.001000,5.500000,0.100000,26.000000,0.035000,0.000000
2.770000,0.500000,0.640000,-1.055159,-0.000000,-1.055159,-0.351931,0.000000,0.351931,0.024355,-0.004663,0.030969,0.030969,0.006614,0.036841,0.041504,0.028155,0.006614,0.000065,0.036374,0.000466,1.079109,-0.000193,1.078916,1.078916,1.078916,0.539458,0.539458,0,0,1,0,0.000000,0.080000,0.008000,0.001000,5.500000,0.100000,26.000000,0.035000,0.000000
2.775000,0.500000,0.640000,-1.056946,-0.000000,-1.056946,-0.352207,0.000000,0.352207,0.024355,-0.004663,0.030969,0.030969,0.006614,0.036841,0.041504,0.028177,0.006628,0.000055,0.036374,0.000466,1.079109,0.000000,1.079109,1.079109,1.079109,0.539554,0.539554,0,0,1,0,0.000000,0.080000,0.008000,0.001000,5.500000,0.100000,26.000000,0.035000,0.000000
2.780000,0.500000,0.640000,-1.056946,-0.000000,-1.056946,-0.352207,0.000000,0.352207,0.024314,-0.004636,0.030969,0.030969,0.006654,0.037063,0.041698,0.028177,0.006642,0.000000,0.036599,0.000464,1.084160,0.001360,1.085520,1.085520,1.085520,0.542760,0.542760,0,0,1,0,0.000000,0.080000,0.008000,0.001000,5.500000,0.100000,26.000000,0.035000,0.000000
2.785000,0.500000,0.640000,-1.058734,-0.000000,-1.058734,-0.352471,0.000000,0.352471,0.024314,-0.004611,0.030969,0.030969,0.006654,0.037060,0.041671,0.028198,0.006656,0.000053,0.036599,0.000461,1.083443,-0.000193,1.083249,1.083249,1.083249,0.541625,0.541625,0,0,1,0,0.000000,0.080000,0.008000,0.001000,5.500000,0.100000,26.000000,0.035000,0.000000
2.790000,0.500000,0.640000,-1.060521,-0.000000,-1.060521,-0.352725,0.000000,0.352725,0.024314,-0.004611,0.030969,0.030969,0.006654,0.037060,0.041671,0.028218,0.006670,0.000051,0.036599,0.000461,1.083443,0.000000,1.083443,1.083443,1.083443,0.541721,0.541721,0,0,1,0,0.000000,0.080000,0.008000,0.001000,5.500000,0.100000,26.000000,0.035000,0.000000
2.795000,0.500000,0.640000,-1.062309,-0.000000,-1.062309,-0.352973,0.000000,0.352973,0.024267,-0.004675,0.030969,0.030969,0.006702,0.037326,0.042001,0.028238,0.006684,0.000050,0.036859,0.000468,1.092038,0.002314,1.094352,1.094352,1.094352,0.547176,0.547176,0,0,1,0,0.000000,0.080000,0.008000,0.001000,5.500000,0.100000,26.000000,0.035000,0.000000
2.800000,0.500000,0.640000,-1.064098,-0.000000,-1.064098,-0.353212,0.000000,0.353212,0.024267,-0.004675,0.030969,0.030969,0.006702,0.037326,0.042001,0.028257,0.006698,0.000048,0.036859,0.000468,1.092038,0.000000,1.092038,1.092038,1.092038,0.546019,0.546019,0,0,1,0,0.000000,0.080000,0.008000,0.001000,5.500000,0.100000,26.000000,0.035000,0.000000
2.805000,0.500000,0.640000,-1.065887,-0.000000,-1.065887,-0.353445,0.000000,0.353445,0.024215,-0.004835,0.030969,0.030969,0.006754,0.037632,0.042467,0.028276,0.006712,0.000046,0.037148,0.000484,1.104150,0.003261,1.107411,1.107411,1.107411,0.553705,0.553705,0,0,1,0,0.000000,0.080000,0.008000,0.001000,5.500000,0.100000,26.000000,0.035000,0.000000
2.810000,0.500000,0.640000,-1.067677,-0.000000,-1.067677,-0.353674,0.000000,0.353674,0.024215,-0.004835,0.030969,0.030969,0.006754,0.037632,0.042467,0.028294,0.006726,0.000046,0.037148,0.000484,1.104150,0.000000,1.104150,1.104150,1.104150,0.552075,0.552075,0,0,1,0,0.000000,0.080000,0.008000,0.001000,5.500000,0.100000,26.000000,0.035000,0.000000
2.819000,0.500000,0.640000,-1.071261,-0.000000,-1.071261,-0.354145,0.000000,0.354145,0.024158,-0.004980,0.030969,0.030969,0.006810,0.037955,0.042935,0.028332,0.006752,0.000052,0.037457,0.000498,1.116304,0.001818,1.118122,1.118122,1.118122,0.559061,0.559061,0,0,1,0,0.000000,0.080000,0.008000,0.001000,5.500000,0.100000,26.000000,0.035000,0.000000
2.824000,0.500000,0.640000,-1.073055,-0.000000,-1.073055,-0.354384,0.000000,0.354384,0.024102,-0.005097,0.030969,0.030969,0.006866,0.038274,0.043371,0.028351,0.006766,0.000048,0.037765,0.000510,1.127649,0.003054,1.130703,1.130703,1.130703,0.565351,0.565351,0,0,1,0,0.000000,0.080000,0.008000,0.001000,5.500000,0.100000,26.000000,0.035000,0.000000
2.829000,0.500000,0.640000,-1.074851,-0.000000,-1.074851,-0.354630,0.000000,0.354630,0.024102,-0.005097,0.030969,0.030969,0.006866,0.038274,0.043371,0.028370,0.006780,0.000049,0.037765,0.000510,1.127649,0.000000,1.127649,1.127649,1.127649,0.563824,0.563824,0,0,1,0,0.000000,0.080000,0.008000,0.001000,5.500000,0.100000,26.000000,0.035000,0.000000
2.834000,0.500000,0.640000,-1.076649,-0.000000,-1.076649,-0.354891,0.000000,0.354891,0.024049,-0.005081,0.030969,0.030969,0.006919,0.038565,0.043646,0.028391,0.006795,0.000052,0.038057,0.000508,1.134803,0.001926,1.136729,1.136729,1.136729,0.568365,0.568365,0,0,1,0,0.000000,0.080000,0.008000,0.001000,5.500000,0.100000,26.000000,0.035000,0.000000
2.839000,0.500000,0.640000,-1.078449,-0.000000,-1.078449,-0.355162,0.000000,0.355162,0.024049,-0.005081,0.030969,0.030969,0.006919,0.038565,0.043646,0.028413,0.006809,0.000054,0.038057,0.000508,1.134803,0.000000,1.134803,1.134803,1.134803,0.567402,0.567402,0,0,1,0,0.000000,0.080000,0.008000,0.001000,5.500000,0.100000,26.000000,0.035000,0.000000
2.844000,0.500000,0.640000,-1.080253,-0.000000,-1.080253,-0.355448,0.000000,0.355448,0.024003,-0.004930,0.030969,0.030969,0.006966,0.038805,0.043735,0.028436,0.006823,0.000057,0.038313,0.000493,1.137118,0.000623,1.137741,1.137741,1.137741,0.568870,0.568870,0,0,1,0,0.000000,0.080000,0.008000,0.001000,5.500000,0.100000,26.000000,0.035000,0.000000
2.849000,0.500000,0.640000,-1.082059,-0.000000,-1.082059,-0.355745,0.000000,0.355745,0.024003,-0.004930,0.030969,0.030969,0.006966,0.038805,0.043735,0.028460,0.006837,0.000059,0.038313,0.000493,1.137118,0.000000,1.137118,1.137118,1.137118,0.568559,0.568559,0,0,1,0,0.000000,0.080000,0.008000,0.001000,5.500000,0.100000,26.000000,0.035000,0.000000
2.858000,0.500000,0.640000,-1.085678,-0.000000,-1.085678,-0.356371,0.000000,0.356371,0.023964,-0.004665,0.030969,0.030969,0.007005,0.038992,0.043658,0.028510,0.006863,0.000070,0.038526,0.000467,1.135099,-0.000302,1.134797,1.134797,1.134797,0.567399,0.567399,0,0,1,0,0.000000,0.080000,0.008000,0.001000,5.500000,0.100000,26.000000,0.035000,0.000000
2.863000,0.500000,0.640000,-1.087492,-0.000000,-1.087492,-0.356698,0.000000,0.356698,0.023932,-0.004325,0.030969,0.030969,0.007036,0.039132,0.043457,0.028536,0.006877,0.000065,0.038700,0.000432,1.129887,-0.001403,1.128484,1.128484,1.128484,0.564242,0.564242,0,0,1,0,0.000000,0.080000,0.008000,0.001000,5.500000,0.100000,26.000000,0.035000,0.000000
2.868000,0.500000,0.640000,-1.089308,-0.000000,-1.089308,-0.357031,0.000000,0.357031,0.023932,-0.004325,0.030969,0.030969,0.007036,0.039132,0.043457,0.028562,0.006891,0.000067,0.038700,0.000432,1.129887,0.000000,1.129887,1.129887,1.129887,0.564944,0.564944,0,0,1,0,0.000000,0.080000,0.008000,0.001000,5.500000,0.100000,26.000000,0.035000,0.000000
2.873000,0.500000,0.640000,-1.091125,-0.000000,-1.091125,-0.357365,0.000000,0.357365,0.023906,-0.003976,0.030969,0.030969,0.007063,0.039242,0.043218,0.028589,0.006906,0.000067,0.038844,0.000398,1.123679,-0.001671,1.122008,1.122008,1.122008,0.561004,0.561004,0,0,1,0,0.000000,0.080000,0.008000,0.001000,5.500000,0.100000,26.000000,0.035000,0.000000
2.878000,0.500000,0.640000,-1.092945,-0.000000,-1.092945,-0.357702,0.000000,0.357702,0.023906,-0.003976,0.030969,0.030969,0.007063,0.039242,0.043218,0.028616,0.006920,0.000067,0.038844,0.000398,1.123679,0.000000,1.123679,1.123679,1.123679,0.561840,0.561840,0,0,1,0,0.000000,0.080000,0.008000,0.001000,5.500000,0.100000,26.000000,0.035000,0.000000
2.883000,0.500000,0.640000,-1.094767,-0.000000,-1.094767,-0.358035,0.000000,0.358035,0.023882,-0.003672,0.030969,0.030969,0.007087,0.039343,0.043015,0.028643,0.006934,0.000067,0.038976,0.000367,1.118401,-0.001421,1.116980,1.116980,1.116980,0.558490,0.558490,0,0,1,0,0.000000,0.080000,0.008000,0.001000,5.500000,0.100000,26.000000,0.035000,0.000000
2.888000,0.500000,0.640000,-1.096589,-0.000000,-1.096589,-0.358366,0.000000,0.358366,0.023882,-0.003672,0.030969,0.030969,0.007087,0.039343,0.043015,0.028669,0.006949,0.000066,0.038976,0.000367,1.118401,0.000000,1.118401,1.118401,1.118401,0.559201,0.559201,0,0,1,0,0.000000,0.080000,0.008000,0.001000,5.500000,0.100000,26.000000,0.035000,0.000000
2.893000,0.500000,0.640000,-1.098413,-0.000000,-1.098413,-0.358690,0.000000,0.358690,0.023858,-0.003452,0.030969,0.030969,0.007111,0.039454,0.042906,0.028695,0.006963,0.000065,0.039109,0.000345,1.115556,-0.000766,1.114789,1.114789,1.114789,0.557395,0.557395,0,0,1,0,0.000000,0.080000,0.008000,0.001000,5.500000,0.100000,26.000000,0.035000,0.000000
2.898000,0.500000,0.640000,-1.100238,-0.000000,-1.100238,-0.359010,0.000000,0.359010,0.023858,-0.003452,0.030969,0.030969,0.007111,0.039454,0.042906,0.028721,0.006977,0.000064,0.039109,0.000345,1.115556,0.000000,1.115556,1.115556,1.115556,0.557778,0.557778,0,0,1,0,0.000000,0.080000,0.008000,0.001000,5.500000,0.100000,26.000000,0.035000,0.000000
2.903000,0.500000,0.640000,-1.102064,-0.000000,-1.102064,-0.359321,0.000000,0.359321,0.023831,-0.003332,0.030969,0.030969,0.007137,0.039589,0.042921,0.028746,0.006992,0.000062,0.039255,0.000333,1.115947,0.000105,1.116052,1.116052,1.116052,0.558026,0.558026,0,0,1,0,0.000000,0.080000,0.008000,0.001000,5.500000,0.100000,26.000000,0.035000,0.000000
2.912000,0.500000,0.640000,-1.105718,-0.000000,-1.105718,-0.359923,0.000000,0.359923,0.023801,-0.003308,0.030969,0.030969,0.007168,0.039753,0.043061,0.028794,0.007018,0.000067,0.039422,0.000331,1.119583,0.000544,1.120127,1.120127,1.120127,0.560063,0.560063,0,0,1,0,0.000000,0.080000,0.008000,0.001000,5.500000,0.100000,26.000000,0.035000,0.000000
2.917000,0.500000,0.640000,-1.107547,-0.000000,-1.107547,-0.360214,0.000000,0.360214,0.023801,-0.003308,0.030969,0.030969,0.007168,0.039753,0.043061,0.028817,0.007032,0.000058,0.039422,0.000331,1.119583,0.000000,1.119583,1.119583,1.119583,0.559792,0.559792,0,0,1,0,0.000000,0.080000,0.008000,0.001000,5.500000,0.100000,26.000000,0.035000,0.000000
2.922000,0.500000,0.640000,-1.109376,-0.000000,-1.109376,-0.360500,0.000000,0.360500,0.023767,-0.003355,0.030969,0.030969,0.007202,0.039945,0.043300,0.028840,0.007046,0.000057,0.039610,0.000335,1.125795,0.001672,1.127467,1.127467,1.127467,0.563734,0.563734,0,0,1,0,0.000000,0.080000,0.008000,0.001000,5.500000,0.100000,26.000000,0.035000,0.000000
2.927000,0.500000,0.640000,-1.111206,-0.000000,-1.111206,-0.360782,0.000000,0.360782,0.023767,-0.003355,0.030969,0.030969,0.007202,0.039945,0.043300,0.028863,0.007061,0.000056,0.039610,0.000335,1.125795,0.000000,1.125795,1.125795,1.125795,0.562897,0.562897,0,0,1,0,0.000000,0.080000,0.008000,0.001000,5.500000,0.100000,26.000000,0.035000,0.000000
2.932000,0.500000,0.640000,-1.113038,-0.000000,-1.113038,-0.361062,0.000000,0.361062,0.023730,-0.003434,0.030969,0.030969,0.007239,0.040157,0.043591,0.028885,0.007075,0.000056,0.039813,0.000343,1.133370,0.002040,1.135410,1.135410,1.135410,0.567705,0.567705,0,0,1,0,0.000000,0.080000,0.008000,0.001000,5.500000,0.100000,26.000000,0.035000,0.000000
2.937000,0.500000,0.640000,-1.114870,-0.000000,-1.114870,-0.361340,0.000000,0.361340,0.023730,-0.003434,0.030969,0.030969,0.007239,0.040157,0.043591,0.028907,0.007090,0.000056,0.039813,0.000343,1.133370,0.000000,1.133370,1.133370,1.133370,0.566685,0.566685,0,0,1,0,0.000000,0.080000,0.008000,0.001000,5.500000,0.100000,26.000000,0.035000,0.000000
2.942000,0.500000,0.640000,-1.116704,-0.000000,-1.116704,-0.361620,0.000000,0.361620,0.023692,-0.003508,0.030969,0.030969,0.007277,0.040375,0.043883,0.028930,0.007104,0.000056,0.040024,0.000351,1.140955,0.002042,1.142997,1.142997,1.142997,0.571499,0.571499,0,0,1,0,0.000000,0.080000,0.008000,0.001000,5.500000,0.100000,26.000000,0.035000,0.000000
2.947000,0.500000,0.640000,-1.118540,-0.000000,-1.118540,-0.361901,0.000000,0.361901,0.023692,-0.003508,0.030969,0.030969,0.007277,0.040375,0.043883,0.028952,0.007119,0.000056,0.040024,0.000351,1.140955,0.000000,1.140955,1.140955,1.140955,0.570478,0.570478,0,0,1,0,0.000000,0.080000,0.008000,0.001000,5.500000,0.100000,26.000000,0.035000,0.000000
2.952000,0.500000,0.640000,-1.120377,-0.000000,-1.120377,-0.362187,0.000000,0.362187,0.023654,-0.003542,0.030969,0.030969,0.007315,0.040586,0.044129,0.028975,0.007133,0.000057,0.040232,0.000354,1.147352,0.001722,1.149074,1.149074,1.149074,0.574537,0.574537,0,0,1,0,0.000000,0.080000,0.008000,0.001000,5.500000,0.100000,26.000000,0.035000,0.000000
2.957000,0.500000,0.640000,-1.122216,-0.000000,-1.122216,-0.362476,0.000000,0.362476,0.023654,-0.003542,0.030969,0.030969,0.007315,0.040586,0.044129,0.028998,0.007148,0.000058,0.040232,0.000354,1.147352,0.000000,1.147352,1.147352,1.147352,0.573676,0.573676,0,0,1,0,0.000000,0.080000,0.008000,0.001000,5.500000,0.100000,26.000000,0.035000,0.000000
2.962000,0.500000,0.640000,-1.124058,-0.000000,-1.124058,-0.362772,0.000000,0.362772,0.023618,-0.003518,0.030969,0.030969,0.007351,0.040780,0.044298,0.029022,0.007162,0.000059,0.040428,0.000352,1.151753,0.001185,1.152938,1.152938,1.152938,0.576469,0.576469,0,0,1,0,0.000000,0.080000,0.008000,0.001000,5.500000,0.100000,26.000000,0.035000,0.000000
2.967000,0.500000,0.640000,-1.125901,-0.000000,-1.125901,-0.363073,0.000000,0.363073,0.023618,-0.003518,0.030969,0.030969,0.007351,0.040780,0.044298,0.029046,0.007177,0.000060,0.040428,0.000352,1.151753,0.000000,1.151753,1.151753,1.151753,0.575877,0.575877,0,0,1,0,0.000000,0.080000,0.008000,0.001000,5.500000,0.100000,26.000000,0.035000,0.000000
2.976000,0.500000,0.640000,-1.129593,-0.000000,-1.129593,-0.363692,0.000000,0.363692,0.023586,-0.003431,0.030969,0.030969,0.007383,0.040949,0.044380,0.029095,0.007203,0.000069,0.040606,0.000343,1.153879,0.000318,1.154197,1.154197,1.154197,0.577098,0.577098,0,0,1,0,0.000000,0.080000,0.008000,0.001000,5.500000,0.100000,26.000000,0.035000,0.000000
2.981000,0.500000,0.640000,-1.131443,-0.000000,-1.131443,-0.364009,0.000000,0.364009,0.023557,-0.003299,0.030969,0.030969,0.007412,0.041094,0.044394,0.029121,0.007217,0.000063,0.040764,0.000330,1.154234,0.000096,1.154329,1.154329,1.154329,0.577165,0.577165,0,0,1,0,0.000000,0.080000,0.008000,0.001000,5.500000,0.100000,26.000000,0.035000,0.000000
2.986000,0.500000,0.640000,-1.133294,-0.000000,-1.133294,-0.364330,0.000000,0.364330,0.023557,-0.003299,0.030969,0.030969,0.007412,0.041094,0.044394,0.029146,0.007232,0.000064,0.040764,0.000330,1.154234,0.000000,1.154234,1.154234,1.154234,0.577117,0.577117,0,0,1,0,0.000000,0.080000,0.008000,0.001000,5.500000,0.100000,26.000000,0.035000,0.000000
2.991000,0.500000,0.640000,-1.135147,-0.000000,-1.135147,-0.364655,0.000000,0.364655,0.023531,-0.003133,0.030969,0.030969,0.007437,0.041218,0.044351,0.029172,0.007247,0.000065,0.040905,0.000313,1.153137,-0.000295,1.152842,1.152842,1.152842,0.576421,0.576421,0,0,1,0,0.000000,0.080000,0.008000,0.001000,5.500000,0.100000,26.000000,0.035000,0.000000
2.996000,0.500000,0.640000,-1.137003,-0.000000,-1.137003,-0.364983,0.000000,0.364983,0.023531,-0.003133,0.030969,0.030969,0.007437,0.041218,0.044351,0.029199,0.007261,0.000066,0.040905,0.000313,1.153137,0.000000,1.153137,1.153137,1.153137,0.576569,0.576569,0,0,1,0,0.000000,0.080000,0.008000,0.001000,5.500000,0.100000,26.000000,0.035000,0.000000
3.001000,0.500000,0.640000,-1.138860,-0.000000,-1.138860,-0.365312,0.000000,0.365312,0.023508,-0.002959,0.030969,0.030969,0.007460,0.041327,0.044286,0.029225,0.007276,0.000066,0.041031,0.000296,1.151439,-0.000457,1.150982,1.150982,1.150982,0.575491,0.575491,0,0,1,0,0.000000,0.080000,0.008000,0.001000,5.500000,0.100000,26.000000,0.035000,0.000000
3.006000,0.500000,0.640000,-1.140718,-0.000000,-1.140718,-0.365642,0.000000,0.365642,0.023508,-0.002959,0.030969,0.030969,0.007460,0.041327,0.044286,0.029251,0.007290,0.000066,0.041031,0.000296,1.151439,0.000000,1.151439,1.151439,1.151439,0.575719,0.575719,0,0,1,0,0.000000,0.080000,0.008000,0.001000,5.500000,0.100000,26.000000,0.035000,0.000000
3.011000,0.500000,0.640000,-1.142579,-0.000000,-1.142579,-0.365971,0.000000,0.365971,0.023487,-0.002802,0.030969,0.030969,0.007482,0.041430,0.044232,0.029278,0.007305,0.000066,0.041150,0.000280,1.150031,-0.000379,1.149652,1.149652,1.149652,0.574826,0.574826,0,0,1,0,0.000000,0.080000,0.008000,0.001000,5.500000,0.100000,26.000000,0.035000,0.000000
3.020000,0.500000,0.640000,-1.144441,-0.000000,-1.144441,-0.366299,0.000000,0.366299,0.023466,-0.002681,0.030969,0.030969,0.007503,0.041536,0.044217,0.029304,0.007332,0.000036,0.041268,0.000268,1.149639,-0.000059,1.149581,1.149581,1.149581,0.574790,0.574790,0,0,1,0,0.000000,0.080000,0.008000,0.001000,5.500000,0.100000,26.000000,0.035000,0.000000
3.025000,0.500000,0.640000,-1.146305,-0.000000,-1.146305,-0.366625,0.000000,0.366625,0.023466,-0.002681,0.030969,0.030969,0.007503,0.041536,0.044217,0.029330,0.007346,0.000065,0.041268,0.000268,1.149639,0.000000,1.149639,1.149639,1.149639,0.574820,0.574820,0,0,1,0,0.000000,0.080000,0.008000,0.001000,5.500000,0.100000,26.000000,0.035000,0.000000
3.030000,0.500000,0.640000,-1.148169,-0.000000,-1.148169,-0.366947,0.000000,0.366947,0.023443,-0.002608,0.030969,0.030969,0.007526,0.041651,0.044259,0.029356,0.007361,0.000065,0.041390,0.000261,1.150723,0.000292,1.151015,1.151015,1.151015,0.575507,0.575507,0,0,1,0,0.000000,0.080000,0.008000,0.001000,5.500000,0.100000,26.000000,0.035000,0.000000
3.035000,0.500000,0.640000,-1.150036,-0.000000,-1.150036,-0.367267,0.000000,0.367267,0.023443,-0.002608,0.030969,0.030969,0.007526,0.041651,0.044259,0.029381,0.007376,0.000064,0.041390,0.000261,1.150723,0.000000,1.150723,1.150723,1.150723,0.575362,0.575362,0,0,1,0,0.000000,0.080000,0.008000,0.001000,5.500000,0.100000,26.000000,0.035000,0.000000
3.040000,0.500000,0.640000,-1.151903,-0.000000,-1.151903,-0.367584,0.000000,0.367584,0.023443,-0.002608,0.030969,0.030969,0.007526,0.041651,0.044259,0.029407,0.007390,0.000063,0.041390,0.000261,1.150723,0.000000,1.150723,1.150723,1.150723,0.575362,0.575362,0,0,1,0,0.000000,0.080000,0.008000,0.001000,5.500000,0.100000,26.000000,0.035000,0.000000
3.045000,0.500000,0.640000,-1.153772,-0.000000,-1.153772,-0.367897,0.000000,0.367897,0.023419,-0.002578,0.030969,0.030969,0.007549,0.041779,0.044358,0.029432,0.007405,0.000063,0.041521,0.000258,1.153299,0.000693,1.153992,1.153992,1.153992,0.576996,0.576996,0,0,1,0,0.000000,0.080000,0.008000,0.001000,5.500000,0.100000,26.000000,0.035000,0.000000
3.050000,0.500000,0.640000,-1.155642,-0.000000,-1.155642,-0.368207,0.000000,0.368207,0.023419,-0.002578,0.030969,0.030969,0.007549,0.041779,0.044358,0.029457,0.007420,0.000062,0.041521,0.000258,1.153299,0.000000,1.153299,1.153299,1.153299,0.576649,0.576649,0,0,1,0,0.000000,0.080000,0.008000,0.001000,5.500000,0.100000,26.000000,0.035000,0.000000
3.055000,0.500000,0.640000,-1.157513,-0.000000,-1.157513,-0.368515,0.000000,0.368515,0.023394,-0.002584,0.030969,0.030969,0.007575,0.041920,0.044503,0.029481,0.007434,0.000062,0.041661,0.000258,1.157089,0.001020,1.158109,1.158109,1.158109,0.579055,0.579055,0,0,1,0,0.000000,0.080000,0.008000,0.001000,5.500000,0.100000,26.000000,0.035000,0.000000
3.060000,0.500000,0.640000,-1.159386,-0.000000,-1.159386,-0.368821,0.000000,0.368821,0.023394,-0.002584,0.030969,0.030969,0.007575,0.041920,0.044503,0.029506,0.007449,0.000061,0.041661,0.000258,1.157089,0.000000,1.157089,1.157089,1.157089,0.578544,0.578544,0,0,1,0,0.000000,0.080000,0.008000,0.001000,5.500000,0.100000,26.000000,0.035000,0.000000
3.065000,0.500000,0.640000,-1.161260,-0.000000,-1.161260,-0.369126,0.000000,0.369126,0.023367,-0.002607,0.030969,0.030969,0.007602,0.042069,0.044676,0.029530,0.007464,0.000061,0.041809,0.000261,1.161584,0.001210,1.162794,1.162794,1.162794,0.581397,0.581397,0,0,1,0,0.000000,0.080000,0.008000,0.001000,5.500000,0.100000,26.000000,0.035000,0.000000
3.070000,0.500000,0.640000,-1.163135,-0.000000,-1.163135,-0.369430,0.000000,0.369430,0.023367,-0.002607,0.030969,0.030969,0.007602,0.042069,0.044676,0.029554,0.007479,0.000061,0.041809,0.000261,1.161584,0.000000,1.161584,1.161584,1.161584,0.580792,0.580792,0,0,1,0,0.000000,0.080000,0.008000,0.001000,5.500000,0.100000,26.000000,0.035000,0.000000
3.075000,0.500000,0.640000,-1.165012,-0.000000,-1.165012,-0.369735,0.000000,0.369735,0.023340,-0.002631,0.030969,0.030969,0.007629,0.042222,0.044853,0.029579,0.007494,0.000061,0.041959,0.000263,1.166177,0.001237,1.167414,1.167414,1.167414,0.583707,0.583707,0,0,1,0,0.000000,0.080000,0.008000,0.001000,5.500000,0.100000,26.000000,0.035000,0.000000
3.084000,0.500000,0.640000,-1.168771,-0.000000,-1.168771,-0.370347,0.000000,0.370347,0.023313,-0.002639,0.030969,0.030969,0.007656,0.042373,0.045012,0.029628,0.007520,0.000068,0.042109,0.000264,1.170309,0.000618,1.170927,1.170927,1.170927,0.585464,0.585464,0,0,1,0,0.000000,0.080000,0.008000,0.001000,5.500000,0.100000,26.000000,0.035000,0.000000
3.089000,0.500000,0.640000,-1.170653,-0.000000,-1.170653,-0.370656,0.000000,0.370656,0.023313,-0.002639,0.030969,0.030969,0.007656,0.042373,0.045012,0.029652,0.007535,0.000062,0.042109,0.000264,1.170309,0.000000,1.170309,1.170309,1.170309,0.585155,0.585155,0,0,1,0,0.000000,0.080000,0.008000,0.001000,5.500000,0.100000,26.000000,0.035000,0.000000
3.094000,0.500000,0.640000,-1.172537,-0.000000,-1.172537,-0.370968,0.000000,0.370968,0.023286,-0.002620,0.030969,0.030969,0.007682,0.042514,0.045135,0.029677,0.007550,0.000062,0.042252,0.000262,1.173502,0.000860,1.174362,1.174362,1.174362,0.587181,0.587181,0,0,1,0,0.000000,0.080000,0.008000,0.001000,5.500000,0.100000,26.000000,0.035000,0.000000
3.099000,0.500000,0.640000,-1.174422,-0.000000,-1.174422,-0.371281,0.000000,0.371281,0.023286,-0.002620,0.030969,0.030969,0.007682,0.042514,0.045135,0.029703,0.007565,0.000063,0.042252,0.000262,1.173502,0.000000,1.173502,1.173502,1.173502,0.586751,0.586751,0,0,1,0,0.000000,0.080000,0.008000,0.001000,5.500000,0.100000,26.000000,0.035000,0.000000
3.104000,0.500000,0.640000,-1.176310,-0.000000,-1.176310,-0.371598,0.000000,0.371598,0.023262,-0.002574,0.030969,0.030969,0.007707,0.042645,0.045219,0.029728,0.007580,0.000063,0.042388,0.000257,1.175701,0.000592,1.176293,1.176293,1.176293,0.588147,0.588147,0,0,1,0,0.000000,0.080000,0.008000,0.001000,5.500000,0.100000,26.000000,0.035000,0.000000
3.109000,0.500000,0.640000,-1.178199,-0.000000,-1.178199,-0.371917,0.000000,0.371917,0.023262,-0.002574,0.030969,0.030969,0.007707,0.042645,0.045219,0.029753,0.007594,0.000064,0.042388,0.000257,1.175701,0.000000,1.175701,1.175701,1.175701,0.587851,0.587851,0,0,1,0,0.000000,0.080000,0.008000,0.001000,5.500000,0.100000,26.000000,0.035000,0.000000
3.114000,0.500000,0.640000,-1.180090,-0.000000,-1.180090,-0.372239,0.000000,0.372239,0.023239,-0.002505,0.030969,0.030969,0.007730,0.042764,0.045269,0.029779,0.007609,0.000064,0.042514,0.000250,1.176990,0.000347,1.177337,1.177337,1.177337,0.588668,0.588668,0,0,1,0,0.000000,0.080000,0.008000,0.001000,5.500000,0.100000,26.000000,0.035000,0.000000
3.123000,0.500000,0.640000,-1.183877,-0.000000,-1.183877,-0.372889,0.000000,0.372889,0.023218,-0.002421,0.030969,0.030969,0.007751,0.042873,0.045294,0.029831,0.007636,0.000072,0.042631,0.000242,1.177641,0.000097,1.177739,1.177739,1.177739,0.588869,0.588869,0,0,1,0,0.000000,0.080000,0.008000,0.001000,5.500000,0.100000,26.000000,0.035000,0.000000
3.128000,0.500000,0.640000,-1.185774,-0.000000,-1.185774,-0.373216,0.000000,0.373216,0.023218,-0.002421,0.030969,0.030969,0.007751,0.042873,0.045294,0.029857,0.007651,0.000065,0.042631,0.000242,1.177641,0.000000,1.177641,1.177641,1.177641,0.588821,0.588821,0,0,1,0,0.000000,0.080000,0.008000,0.001000,5.500000,0.100000,26.000000,0.035000,0.000000
3.133000,0.500000,0.640000,-1.187672,-0.000000,-1.187672,-0.373544,0.000000,0.373544,0.023198,-0.002334,0.030969,0.030969,0.007771,0.042974,0.045308,0.029884,0.007666,0.000066,0.042741,0.000233,1.178010,0.000099,1.178109,1.178109,1.178109,0.589054,0.589054,0,0,1,0,0.000000,0.080000,0.008000,0.001000,5.500000,0.100000,26.000000,0.035000,0.000000
3.138000,0.500000,0.640000,-1.189572,-0.000000,-1.189572,-0.373872,0.000000,0.373872,0.023198,-0.002334,0.030969,0.030969,0.007771,0.042974,0.045308,0.029910,0.007681,0.000066,0.042741,0.000233,1.178010,0.000000,1.178010,1.178010,1.178010,0.589005,0.589005,0,0,1,0,0.000000,0.080000,0.008000,0.001000,5.500000,0.100000,26.000000,0.035000,0.000000
3.143000,0.500000,0.640000,-1.191473,-0.000000,-1.191473,-0.374200,0.000000,0.374200,0.023178,-0.002255,0.030969,0.030969,0.007790,0.043073,0.045328,0.029936,0.007696,0.000066,0.042847,0.000226,1.178527,0.000139,1.178667,1.178667,1.178667,0.589333,0.589333,0,0,1,0,0.000000,0.080000,0.008000,0.001000,5.500000,0.100000,26.000000,0.035000,0.000000
3.148000,0.500000,0.640000,-1.193377,-0.000000,-1.193377,-0.374528,0.000000,0.374528,0.023178,-0.002255,0.030969,0.030969,0.007790,0.043073,0.045328,0.029962,0.007711,0.000065,0.042847,0.000226,1.178527,0.000000,1.178527,1.178527,1.178527,0.589264,0.589264,0,0,1,0,0.000000,0.080000,0.008000,0.001000,5.500000,0.100000,26.000000,0.035000,0.000000
3.153000,0.500000,0.640000,-1.195281,-0.000000,-1.195281,-0.374854,0.000000,0.374854,0.023159,-0.002194,0.030969,0.030969,0.007810,0.043172,0.045366,0.029988,0.007726,0.000065,0.042953,0.000219,1.179518,0.000267,1.179785,1.179785,1.179785,0.589892,0.589892,0,0,1,0,0.000000,0.080000,0.008000,0.001000,5.500000,0.100000,26.000000,0.035000,0.000000
3.158000,0.500000,0.640000,-1.197187,-0.000000,-1.197187,-0.375180,0.000000,0.375180,0.023159,-0.002194,0.030969,0.030969,0.007810,0.043172,0.045366,0.030014,0.007741,0.000065,0.042953,0.000219,1.179518,0.000000,1.179518,1.179518,1.179518,0.589759,0.589759,0,0,1,0,0.000000,0.080000,0.008000,0.001000,5.500000,0.100000,26.000000,0.035000,0.000000
3.163000,0.500000,0.640000,-1.199095,-0.000000,-1.199095,-0.375504,0.000000,0.375504,0.023139,-0.002153,0.030969,0.030969,0.007829,0.043276,0.045429,0.030040,0.007756,0.000065,0.043061,0.000215,1.181166,0.000444,1.181610,1.181610,1.181610,0.590805,0.590805,0,0,1,0,0.000000,0.080000,0.008000,0.001000,5.500000,0.100000,26.000000,0.035000,0.000000
3.173000,0.500000,0.640000,-1.202915,-0.000000,-1.202915,-0.376148,0.000000,0.376148,0.023119,-0.002134,0.030969,0.030969,0.007849,0.043385,0.045519,0.030092,0.007786,0.000064,0.043172,0.000213,1.183493,0.000313,1.183806,1.183806,1.183806,0.591903,0.591903,0,0,1,0,0.000000,0.080000,0.008000,0.001000,5.500000,0.100000,26.000000,0.035000,0.000000
3.182000,0.500000,0.640000,-1.206741,-0.000000,-1.206741,-0.376788,0.000000,0.376788,0.023098,-0.002129,0.030969,0.030969,0.007870,0.043500,0.045629,0.030143,0.007813,0.000071,0.043287,0.000213,1.186352,0.000428,1.186779,1.186779,1.186779,0.593390,0.593390,0,0,1,0,0.000000,0.080000,0.008000,0.001000,5.500000,0.100000,26.000000,0.035000,0.000000
3.187000,0.500000,0.640000,-1.208656,-0.000000,-1.208656,-0.377107,0.000000,0.377107,0.023098,-0.002129,0.030969,0.030969,0.007870,0.043500,0.045629,0.030169,0.007828,0.000064,0.043287,0.000213,1.186352,0.000000,1.186352,1.186352,1.186352,0.593176,0.593176,0,0,1,0,0.000000,0.080000,0.008000,0.001000,5.500000,0.100000,26.000000,0.035000,0.000000
3.192000,0.500000,0.640000,-1.210573,-0.000000,-1.210573,-0.377425,0.000000,0.377425,0.023077,-0.002133,0.030969,0.030969,0.007892,0.043618,0.045751,0.030194,0.007843,0.000064,0.043405,0.000213,1.189533,0.000857,1.190390,1.190390,1.190390,0.595195,0.595195,0,0,1,0,0.000000,0.080000,0.008000,0.001000,5.500000,0.100000,26.000000,0.035000,0.000000
3.197000,0.500000,0.640000,-1.212491,-0.000000,-1.212491,-0.377743,0.000000,0.377743,0.023077,-0.002133,0.030969,0.030969,0.007892,0.043618,0.045751,0.030219,0.007858,0.000064,0.043405,0.000213,1.189533,0.000000,1.189533,1.189533,1.189533,0.594767,0.594767,0,0,1,0,0.000000,0.080000,0.008000,0.001000,5.500000,0.100000,26.000000,0.035000,0.000000
3.202000,0.500000,0.640000,-1.214411,-0.000000,-1.214411,-0.378061,0.000000,0.378061,0.023055,-0.002138,0.030969,0.030969,0.007913,0.043737,0.045876,0.030245,0.007874,0.000064,0.043524,0.000214,1.192764,0.000870,1.193633,1.193633,1.193633,0.596817,0.596817,0,0,1,0,0.000000,0.080000,0.008000,0.001000,5.500000,0.100000,26.000000,0.035000,0.000000
3.207000,0.500000,0.640000,-1.216333,-0.000000,-1.216333,-0.378380,0.000000,0.378380,0.023055,-0.002138,0.030969,0.030969,0.007913,0.043737,0.045876,0.030270,0.007889,0.000064,0.043524,0.000214,1.192764,0.000000,1.192764,1.192764,1.192764,0.596382,0.596382,0,0,1,0,0.000000,0.080000,0.008000,0.001000,5.500000,0.100000,26.000000,0.035000,0.000000
3.212000,0.500000,0.640000,-1.218256,-0.000000,-1.218256,-0.378699,0.000000,0.378699,0.023034,-0.002136,0.030969,0.030969,0.007935,0.043856,0.045992,0.030296,0.007904,0.000064,0.043642,0.000214,1.195785,0.000813,1.196598,1.196598,1.196598,0.598299,0.598299,0,0,1,0,0.000000,0.080000,0.008000,0.001000,5.500000,0.100000,26.000000,0.035000,0.000000
3.217000,0.500000,0.640000,-1.220181,-0.000000,-1.220181,-0.379020,0.000000,0.379020,0.023034,-0.002136,0.030969,0.030969,0.007935,0.043856,0.045992,0.030322,0.007919,0.000064,0.043642,0.000214,1.195785,0.000000,1.195785,1.195785,1.195785,0.597892,0.597892,0,0,1,0,0.000000,0.080000,0.008000,0.001000,5.500000,0.100000,26.000000,0.035000,0.000000
3.226000,0.500000,0.640000,-1.224036,-0.000000,-1.224036,-0.379665,0.000000,0.379665,0.023013,-0.002123,0.030969,0.030969,0.007956,0.043970,0.046093,0.030373,0.007946,0.000072,0.043758,0.000212,1.198417,0.000394,1.198811,1.198811,1.198811,0.599405,0.599405,0,0,1,0,0.000000,0.080000,0.008000,0.001000,5.500000,0.100000,26.000000,0.035000,0.000000
3.231000,0.500000,0.640000,-1.225966,-0.000000,-1.225966,-0.379988,0.000000,0.379988,0.022992,-0.002108,0.030969,0.030969,0.007976,0.044081,0.046189,0.030399,0.007962,0.000065,0.043870,0.000211,1.200907,0.000670,1.201578,1.201578,1.201578,0.600789,0.600789,0,0,1,0,0.000000,0.080000,0.008000,0.001000,5.500000,0.100000,26.000000,0.035000,0.000000
3.236000,0.500000,0.640000,-1.227897,-0.000000,-1.227897,-0.380312,0.000000,0.380312,0.022992,-0.002108,0.030969,0.030969,0.007976,0.044081,0.046189,0.030425,0.007977,0.000065,0.043870,0.000211,1.200907,0.000000,1.200907,1.200907,1.200907,0.600454,0.600454,0,0,1,0,0.000000,0.080000,0.008000,0.001000,5.500000,0.100000,26.000000,0.035000,0.000000
3.241000,0.500000,0.640000,-1.229831,-0.000000,-1.229831,-0.380638,0.000000,0.380638,0.022972,-0.002077,0.030969,0.030969,0.007996,0.044188,0.046264,0.030451,0.007992,0.000065,0.043980,0.000208,1.202868,0.000528,1.203396,1.203396,1.203396,0.601698,0.601698,0,0,1,0,0.000000,0.080000,0.008000,0.001000,5.500000,0.100000,26.000000,0.035000,0.000000
3.246000,0.500000,0.640000,-1.231766,-0.000000,-1.231766,-0.380965,0.000000,0.380965,0.022972,-0.002077,0.030969,0.030969,0.007996,0.044188,0.046264,0.030477,0.008007,0.000065,0.043980,0.000208,1.202868,0.000000,1.202868,1.202868,1.202868,0.601434,0.601434,0,0,1,0,0.000000,0.080000,0.008000,0.001000,5.500000,0.100000,26.000000,0.035000,0.000000
3.251000,0.500000,0.640000,-1.233703,-0.000000,-1.233703,-0.381294,0.000000,0.381294,0.022953,-0.002034,0.030969,0.030969,0.008015,0.044288,0.046322,0.030504,0.008023,0.000066,0.044084,0.000203,1.204383,0.000408,1.204790,1.204790,1.204790,0.602395,0.602395,0,0,1,0,0.000000,0.080000,0.008000,0.001000,5.500000,0.100000,26.000000,0.035000,0.000000
3.256000,0.500000,0.640000,-1.235642,-0.000000,-1.235642,-0.381624,0.000000,0.381624,0.022953,-0.002034,0.030969,0.030969,0.008015,0.044288,0.046322,0.030530,0.008038,0.000066,0.044084,0.000203,1.204383,0.000000,1.204383,1.204383,1.204383,0.602191,0.602191,0,0,1,0,0.000000,0.080000,0.008000,0.001000,5.500000,0.100000,26.000000,0.035000,0.000000
3.261000,0.500000,0.640000,-1.237582,-0.000000,-1.237582,-0.381955,0.000000,0.381955,0.022935,-0.001987,0.030969,0.030969,0.008034,0.044383,0.046370,0.030556,0.008053,0.000066,0.044184,0.000199,1.205629,0.000336,1.205964,1.205964,1.205964,0.602982,0.602982,0,0,1,0,0.000000,0.080000,0.008000,0.001000,5.500000,0.100000,26.000000,0.035000,0.000000
3.266000,0.500000,0.640000,-1.237582,-0.000000,-1.237582,-0.381955,0.000000,0.381955,0.022935,-0.001987,0.030969,0.030969,0.008034,0.044383,0.046370,0.030556,0.008068,0.000000,0.044184,0.000199,1.205629,0.000000,1.205629,1.205629,1.205629,0.602814,0.602814,0,0,1,0,0.000000,0.080000,0.008000,0.001000,5.500000,0.100000,26.000000,0.035000,0.000000
3.271000,0.500000,0.640000,-1.241468,-0.000000,-1.241468,-0.382618,0.000000,0.382618,0.022918,-0.001941,0.030969,0.030969,0.008051,0.044476,0.046416,0.030609,0.008084,0.000133,0.044281,0.000194,1.206822,0.000321,1.207144,1.207144,1.207144,0.603572,0.603572,0,0,1,0,0.000000,0.080000,0.008000,0.001000,5.500000,0.100000,26.000000,0.035000,0.000000
3.276000,0.500000,0.640000,-1.243414,-0.000000,-1.243414,-0.382950,0.000000,0.382950,0.022918,-0.001941,0.030969,0.030969,0.008051,0.044476,0.046416,0.030636,0.008099,0.000066,0.044281,0.000194,1.206822,0.000000,1.206822,1.206822,1.206822,0.603411,0.603411,0,0,1,0,0.000000,0.080000,0.008000,0.001000,5.500000,0.100000,26.000000,0.035000,0.000000
3.285000,0.500000,0.640000,-1.247310,-0.000000,-1.247310,-0.383613,0.000000,0.383613,0.022900,-0.001901,0.030969,0.030969,0.008069,0.044567,0.046468,0.030689,0.008127,0.000074,0.044377,0.000190,1.208167,0.000201,1.208368,1.208368,1.208368,0.604184,0.604184,0,0,1,0,0.000000,0.080000,0.008000,0.001000,5.500000,0.100000,26.000000,0.035000,0.000000
3.290000,0.500000,0.640000,-1.249261,-0.000000,-1.249261,-0.383943,0.000000,0.383943,0.022883,-0.001877,0.030969,0.030969,0.008086,0.044661,0.046537,0.030715,0.008142,0.000066,0.044473,0.000188,1.209974,0.000487,1.210460,1.210460,1.210460,0.605230,0.605230,0,0,1,0,0.000000,0.080000,0.008000,0.001000,5.500000,0.100000,26.000000,0.035000,0.000000
3.295000,0.500000,0.640000,-1.249261,-0.000000,-1.249261,-0.383943,0.000000,0.383943,0.022883,-0.001877,0.030969,0.030969,0.008086,0.044661,0.046537,0.030715,0.008157,0.000000,0.044473,0.000188,1.209974,0.000000,1.209974,1.209974,1.209974,0.604987,0.604987,0,0,1,0,0.000000,0.080000,0.008000,0.001000,5.500000,0.100000,26.000000,0.035000,0.000000
3.300000,0.500000,0.640000,-1.251213,-0.000000,-1.251213,-0.384272,0.000000,0.384272,0.022883,-0.001877,0.030969,0.030969,0.008086,0.044661,0.046537,0.030742,0.008173,0.000066,0.044473,0.000188,1.209974,0.000000,1.209974,1.209974,1.209974,0.604987,0.604987,0,0,1,0,0.000000,0.080000,0.008000,0.001000,5.500000,0.100000,26.000000,0.035000,0.000000
3.305000,0.500000,0.640000,-1.253166,-0.000000,-1.253166,-0.384602,0.000000,0.384602,0.022865,-0.001861,0.030969,0.030969,0.008104,0.044758,0.046619,0.030768,0.008188,0.000066,0.044572,0.000186,1.212095,0.000571,1.212666,1.212666,1.212666,0.606333,0.606333,0,0,1,0,0.000000,0.080000,0.008000,0.001000,5.500000,0.100000,26.000000,0.035000,0.000000
3.310000,0.500000,0.640000,-1.255121,-0.000000,-1.255121,-0.384930,0.000000,0.384930,0.022865,-0.001861,0.030969,0.030969,0.008104,0.044758,0.046619,0.030794,0.008203,0.000066,0.044572,0.000186,1.212095,0.000000,1.212095,1.212095,1.212095,0.606047,0.606047,0,0,1,0,0.000000,0.080000,0.008000,0.001000,5.500000,0.100000,26.000000,0.035000,0.000000
3.315000,0.500000,0.640000,-1.257078,-0.000000,-1.257078,-0.385259,0.000000,0.385259,0.022847,-0.001854,0.030969,0.030969,0.008122,0.044857,0.046711,0.030821,0.008219,0.000066,0.044671,0.000185,1.214488,0.000644,1.215132,1.215132,1.215132,0.607566,0.607566,0,0,1,0,0.000000,0.080000,0.008000,0.001000,5.500000,0.100000,26.000000,0.035000,0.000000
3.320000,0.500000,0.640000,-1.259037,-0.000000,-1.259037,-0.385587,0.000000,0.385587,0.022847,-0.001854,0.030969,0.030969,0.008122,0.044857,0.046711,0.030847,0.008234,0.000066,0.044671,0.000185,1.214488,0.000000,1.214488,1.214488,1.214488,0.607244,0.607244,0,0,1,0,0.000000,0.080000,0.008000,0.001000,5.500000,0.100000,26.000000,0.035000,0.000000
3.329000,0.500000,0.640000,-1.262959,-0.000000,-1.262959,-0.386243,0.000000,0.386243,0.022828,-0.001852,0.030969,0.030969,0.008141,0.044958,0.046810,0.030899,0.008262,0.000073,0.044773,0.000185,1.217062,0.000385,1.217447,1.217447,1.217447,0.608724,0.608724,0,0,1,0,0.000000,0.080000,0.008000,0.001000,5.500000,0.100000,26.000000,0.035000,0.000000
3.334000,0.500000,0.640000,-1.264922,-0.000000,-1.264922,-0.386569,0.000000,0.386569,0.022810,-0.001862,0.030969,0.030969,0.008159,0.045062,0.046923,0.030926,0.008278,0.000065,0.044876,0.000186,1.220010,0.000794,1.220803,1.220803,1.220803,0.610402,0.610402,0,0,1,0,0.000000,0.080000,0.008000,0.001000,5.500000,0.100000,26.000000,0.035000,0.000000
3.339000,0.500000,0.640000,-1.266887,-0.000000,-1.266887,-0.386896,0.000000,0.386896,0.022810,-0.001862,0.030969,0.030969,0.008159,0.045062,0.046923,0.030952,0.008293,0.000065,0.044876,0.000186,1.220010,0.000000,1.220010,1.220010,1.220010,0.610005,0.610005,0,0,1,0,0.000000,0.080000,0.008000,0.001000,5.500000,0.100000,26.000000,0.035000,0.000000
3.344000,0.500000,0.640000,-1.268853,-0.000000,-1.268853,-0.387224,0.000000,0.387224,0.022791,-0.001864,0.030969,0.030969,0.008178,0.045166,0.047031,0.030978,0.008309,0.000066,0.044980,0.000186,1.222798,0.000751,1.223548,1.223548,1.223548,0.611774,0.611774,0,0,1,0,0.000000,0.080000,0.008000,0.001000,5.500000,0.100000,26.000000,0.035000,0.000000
3.349000,0.500000,0.640000,-1.270822,-0.000000,-1.270822,-0.387552,0.000000,0.387552,0.022791,-0.001864,0.030969,0.030969,0.008178,0.045166,0.047031,0.031004,0.008324,0.000066,0.044980,0.000186,1.222798,0.000000,1.222798,1.222798,1.222798,0.611399,0.611399,0,0,1,0,0.000000,0.080000,0.008000,0.001000,5.500000,0.100000,26.000000,0.035000,0.000000
3.354000,0.500000,0.640000,-1.272792,-0.000000,-1.272792,-0.387882,0.000000,0.387882,0.022772,-0.001859,0.030969,0.030969,0.008197,0.045268,0.047127,0.031031,0.008340,0.000066,0.045082,0.000186,1.225292,0.000672,1.225963,1.225963,1.225963,0.612982,0.612982,0,0,1,0,0.000000,0.080000,0.008000,0.001000,5.500000,0.100000,26.000000,0.035000,0.000000
3.359000,0.500000,0.640000,-1.274763,-0.000000,-1.274763,-0.388213,0.000000,0.388213,0.022772,-0.001859,0.030969,0.030969,0.008197,0.045268,0.047127,0.031057,0.008355,0.000066,0.045082,0.000186,1.225292,0.000000,1.225292,1.225292,1.225292,0.612646,0.612646,0,0,1,0,0.000000,0.080000,0.008000,0.001000,5.500000,0.100000,26.000000,0.035000,0.000000
3.364000,0.500000,0.640000,-1.276737,-0.000000,-1.276737,-0.388545,0.000000,0.388545,0.022754,-0.001843,0.030969,0.030969,0.008215,0.045366,0.047209,0.031084,0.008371,0.000066,0.045182,0.000184,1.227445,0.000580,1.228025,1.228025,1.228025,0.614012,0.614012,0,0,1,0,0.000000,0.080000,0.008000,0.001000,5.500000,0.100000,26.000000,0.035000,0.000000
3.369000,0.500000,0.640000,-1.278712,-0.000000,-1.278712,-0.388877,0.000000,0.388877,0.022754,-0.001843,0.030969,0.030969,0.008215,0.045366,0.047209,0.031110,0.008386,0.000067,0.045182,0.000184,1.227445,0.000000,1.227445,1.227445,1.227445,0.613722,0.613722,0,0,1,0,0.000000,0.080000,0.008000,0.001000,5.500000,0.100000,26.000000,0.035000,0.000000
3.378000,0.500000,0.640000,-1.282668,-0.000000,-1.282668,-0.389546,0.000000,0.389546,0.022736,-0.001820,0.030969,0.030969,0.008232,0.045460,0.047280,0.031164,0.008414,0.000074,0.045278,0.000182,1.229288,0.000276,1.229564,1.229564,1.229564,0.614782,0.614782,0,0,1,0,0.000000,0.080000,0.008000,0.001000,5.500000,0.100000,26.000000,0.035000,0.000000
3.383000,0.500000,0.640000,-1.284649,-0.000000,-1.284649,-0.389880,0.000000,0.389880,0.022719,-0.001799,0.030969,0.030969,0.008249,0.045552,0.047352,0.031190,0.008430,0.000067,0.045372,0.000180,1.231141,0.000499,1.231641,1.231641,1.231641,0.615820,0.615820,0,0,1,0,0.000000,0.080000,0.008000,0.001000,5.500000,0.100000,26.000000,0.035000,0.000000
3.388000,0.500000,0.640000,-1.286631,-0.000000,-1.286631,-0.390215,0.000000,0.390215,0.022719,-0.001799,0.030969,0.030969,0.008249,0.045552,0.047352,0.031217,0.008445,0.000067,0.045372,0.000180,1.231141,0.000000,1.231141,1.231141,1.231141,0.615571,0.615571,0,0,1,0,0.000000,0.080000,0.008000,0.001000,5.500000,0.100000,26.000000,0.035000,0.000000
3.393000,0.500000,0.640000,-1.288615,-0.000000,-1.288615,-0.390551,0.000000,0.390551,0.022702,-0.001774,0.030969,0.030969,0.008266,0.045643,0.047417,0.031244,0.008461,0.000067,0.045465,0.000177,1.232842,0.000458,1.233300,1.233300,1.233300,0.616650,0.616650,0,0,1,0,0.000000,0.080000,0.008000,0.001000,5.500000,0.100000,26.000000,0.035000,0.000000
3.398000,0.500000,0.640000,-1.290601,-0.000000,-1.290601,-0.390888,0.000000,0.390888,0.022702,-0.001774,0.030969,0.030969,0.008266,0.045643,0.047417,0.031271,0.008477,0.000067,0.045465,0.000177,1.232842,0.000000,1.232842,1.232842,1.232842,0.616421,0.616421,0,0,1,0,0.000000,0.080000,0.008000,0.001000,5.500000,0.100000,26.000000,0.035000,0.000000
3.403000,0.500000,0.640000,-1.292588,-0.000000,-1.292588,-0.391224,0.000000,0.391224,0.022686,-0.001749,0.030969,0.030969,0.008283,0.045731,0.047481,0.031298,0.008492,0.000067,0.045556,0.000175,1.234496,0.000445,1.234942,1.234942,1.234942,0.617471,0.617471,0,0,1,0,0.000000,0.080000,0.008000,0.001000,5.500000,0.100000,26.000000,0.035000,0.000000
3.408000,0.500000,0.640000,-1.294577,-0.000000,-1.294577,-0.391561,0.000000,0.391561,0.022686,-0.001749,0.030969,0.030969,0.008283,0.045731,0.047481,0.031325,0.008508,0.000067,0.045556,0.000175,1.234496,0.000000,1.234496,1.234496,1.234496,0.617248,0.617248,0,0,1,0,0.000000,0.080000,0.008000,0.001000,5.500000,0.100000,26.000000,0.035000,0.000000
3.413000,0.500000,0.640000,-1.296568,-0.000000,-1.296568,-0.391898,0.000000,0.391898,0.022669,-0.001727,0.030969,0.030969,0.008299,0.045819,0.047547,0.031352,0.008524,0.000067,0.045647,0.000173,1.236214,0.000462,1.236676,1.236676,1.236676,0.618338,0.618338,0,0,1,0,0.000000,0.080000,0.008000,0.001000,5.500000,0.100000,26.000000,0.035000,0.000000
3.418000,0.500000,0.640000,-1.298560,-0.000000,-1.298560,-0.392235,0.000000,0.392235,0.022669,-0.001727,0.030969,0.030969,0.008299,0.045819,0.047547,0.031379,0.008539,0.000067,0.045647,0.000173,1.236214,0.000000,1.236214,1.236214,1.236214,0.618107,0.618107,0,0,1,0,0.000000,0.080000,0.008000,0.001000,5.500000,0.100000,26.000000,0.035000,0.000000
3.427000,0.500000,0.640000,-1.302551,-0.000000,-1.302551,-0.392909,0.000000,0.392909,0.022653,-0.001711,0.030969,0.030969,0.008316,0.045908,0.047618,0.031433,0.008568,0.000075,0.045737,0.000171,1.238079,0.000279,1.238358,1.238358,1.238358,0.619179,0.619179,0,0,1,0,0.000000,0.080000,0.008000,0.001000,5.500000,0.100000,26.000000,0.035000,0.000000
3.432000,0.500000,0.640000,-1.304548,-0.000000,-1.304548,-0.393244,0.000000,0.393244,0.022636,-0.001707,0.030969,0.030969,0.008332,0.045999,0.047706,0.031460,0.008583,0.000067,0.045828,0.000171,1.240361,0.000614,1.240975,1.240975,1.240975,0.620488,0.620488,0,0,1,0,0.000000,0.080000,0.008000,0.001000,5.500000,0.100000,26.000000,0.035000,0.000000
3.437000,0.500000,0.640000,-1.306547,-0.000000,-1.306547,-0.393579,0.000000,0.393579,0.022636,-0.001707,0.030969,0.030969,0.008332,0.045999,0.047706,0.031486,0.008599,0.000067,0.045828,0.000171,1.240361,0.000000,1.240361,1.240361,1.240361,0.620181,0.620181,0,0,1,0,0.000000,0.080000,0.008000,0.001000,5.500000,0.100000,26.000000,0.035000,0.000000
3.442000,0.500000,0.640000,-1.308548,-0.000000,-1.308548,-0.393915,0.000000,0.393915,0.022619,-0.001706,0.030969,0.030969,0.008349,0.046092,0.047798,0.031513,0.008615,0.000067,0.045922,0.000171,1.242758,0.000645,1.243403,1.243403,1.243403,0.621702,0.621702,0,0,1,0,0.000000,0.080000,0.008000,0.001000,5.500000,0.100000,26.000000,0.035000,0.000000
3.447000,0.500000,0.640000,-1.310550,-0.000000,-1.310550,-0.394250,0.000000,0.394250,0.022619,-0.001706,0.030969,0.030969,0.008349,0.046092,0.047798,0.031540,0.008631,0.000067,0.045922,0.000171,1.242758,0.000000,1.242758,1.242758,1.242758,0.621379,0.621379,0,0,1,0,0.000000,0.080000,0.008000,0.001000,5.500000,0.100000,26.000000,0.035000,0.000000
3.452000,0.500000,0.640000,-1.312554,-0.000000,-1.312554,-0.394586,0.000000,0.394586,0.022602,-0.001706,0.030969,0.030969,0.008367,0.046186,0.047892,0.031567,0.008646,0.000067,0.046016,0.000171,1.245198,0.000657,1.245855,1.245855,1.245855,0.622927,0.622927,0,0,1,0,0.000000,0.080000,0.008000,0.001000,5.500000,0.100000,26.000000,0.035000,0.000000
3.457000,0.500000,0.640000,-1.314560,-0.000000,-1.314560,-0.394922,0.000000,0.394922,0.022602,-0.001706,0.030969,0.030969,0.008367,0.046186,0.047892,0.031594,0.008662,0.000067,0.046016,0.000171,1.245198,0.000000,1.245198,1.245198,1.245198,0.622599,0.622599,0,0,1,0,0.000000,0.080000,0.008000,0.001000,5.500000,0.100000,26.000000,0.035000,0.000000
3.462000,0.500000,0.640000,-1.316568,-0.000000,-1.316568,-0.395259,0.000000,0.395259,0.022585,-0.001705,0.030969,0.030969,0.008384,0.046280,0.047985,0.031621,0.008678,0.000067,0.046110,0.000170,1.247612,0.000650,1.248262,1.248262,1.248262,0.624131,0.624131,0,0,1,0,0.000000,0.080000,0.008000,0.001000,5.500000,0.100000,26.000000,0.035000,0.000000
3.467000,0.500000,0.640000,-1.318577,-0.000000,-1.318577,-0.395595,0.000000,0.395595,0.022585,-0.001705,0.030969,0.030969,0.008384,0.046280,0.047985,0.031648,0.008694,0.000067,0.046110,0.000170,1.247612,0.000000,1.247612,1.247612,1.247612,0.623806,0.623806,0,0,1,0,0.000000,0.080000,0.008000,0.001000,5.500000,0.100000,26.000000,0.035000,0.000000
3.472000,0.500000,0.640000,-1.320588,-0.000000,-1.320588,-0.395933,0.000000,0.395933,0.022568,-0.001701,0.030969,0.030969,0.008401,0.046374,0.048075,0.031675,0.008710,0.000068,0.046203,0.000170,1.249946,0.000628,1.250575,1.250575,1.250575,0.625287,0.625287,0,0,1,0,0.000000,0.080000,0.008000,0.001000,5.500000,0.100000,26.000000,0.035000,0.000000
3.477000,0.500000,0.640000,-1.322601,-0.000000,-1.322601,-0.396270,0.000000,0.396270,0.022568,-0.001701,0.030969,0.030969,0.008401,0.046374,0.048075,0.031702,0.008726,0.000068,0.046203,0.000170,1.249946,0.000000,1.249946,1.249946,1.249946,0.624973,0.624973,0,0,1,0,0.000000,0.080000,0.008000,0.001000,5.500000,0.100000,26.000000,0.035000,0.000000
3.482000,0.500000,0.640000,-1.324615,-0.000000,-1.324615,-0.396609,0.000000,0.396609,0.022551,-0.001695,0.030969,0.030969,0.008417,0.046465,0.048160,0.031729,0.008741,0.000068,0.046296,0.000169,1.252169,0.000598,1.252767,1.252767,1.252767,0.626384,0.626384,0,0,1,0,0.000000,0.080000,0.008000,0.001000,5.500000,0.100000,26.000000,0.035000,0.000000
3.487000,0.500000,0.640000,-1.326632,-0.000000,-1.326632,-0.396947,0.000000,0.396947,0.022551,-0.001695,0.030969,0.030969,0.008417,0.046465,0.048160,0.031756,0.008757,0.000068,0.046296,0.000169,1.252169,0.000000,1.252169,1.252169,1.252169,0.626085,0.626085,0,0,1,0,0.000000,0.080000,0.008000,0.001000,5.500000,0.100000,26.000000,0.035000,0.000000
3.496000,0.500000,0.640000,-1.330669,-0.000000,-1.330669,-0.397627,0.000000,0.397627,0.022535,-0.001686,0.030969,0.030969,0.008434,0.046556,0.048241,0.031810,0.008786,0.000075,0.046387,0.000169,1.254278,0.000315,1.254593,1.254593,1.254593,0.627297,0.627297,0,0,1,0,0.000000,0.080000,0.008000,0.001000,5.500000,0.100000,26.000000,0.035000,0.000000
3.501000,0.500000,0.640000,-1.332691,-0.000000,-1.332691,-0.397966,0.000000,0.397966,0.022518,-0.001683,0.030969,0.030969,0.008451,0.646646,0.648329,0.031837,0.008802,0.000068,0.046478,0.000168,16.856553,4.200613,21.057166,21.057166,20.000000,10.000000,10.000000,1,0,1,0,0.000000,0.080000,0.008000,0.001000,5.500000,0.100000,26.000000,0.035000,0.000000
3.506000,0.500000,0.640000,-1.334714,-0.000000,-1.334714,-0.398306,0.000000,0.398306,0.022518,-0.001683,0.030969,0.030969,0.008451,0.646646,0.648329,0.031864,0.008818,0.000068,0.046478,0.000168,16.856553,0.000000,16.856553,16.856553,16.856553,8.428277,8.428277,0,0,1,0,0.000000,0.080000,0.008000,0.001000,5.500000,0.100000,26.000000,0.035000,0.000000
3.511000,0.500000,0.640000,-1.337387,-0.000000,-1.337387,-0.411415,0.000000,0.411415,0.023379,0.047600,0.030969,0.030969,0.007590,0.636983,0.589383,0.032913,0.008834,0.002622,0.041743,-0.004760,15.323956,-0.412622,14.911334,14.911334,14.911334,7.455667,7.455667,0,0,1,0,0.000000,0.080000,0.008000,0.001000,5.500000,0.100000,26.000000,0.035000,0.000000
3.516000,0.500000,0.640000,-1.340862,-0.000000,-1.340862,-0.428717,0.000000,0.428717,0.023379,0.047600,0.030969,0.030969,0.007590,0.636983,0.589383,0.034297,0.008851,0.003460,0.041743,-0.004760,15.323956,0.000000,15.323956,15.323956,15.323956,7.661978,7.661978,0,0,1,0,0.000000,0.080000,0.008000,0.001000,5.500000,0.100000,26.000000,0.035000,0.000000
3.521000,0.500000,0.640000,-1.345048,-0.000000,-1.345048,-0.451783,0.000000,0.451783,0.029036,0.183010,0.030969,0.030969,0.001933,0.592331,0.409322,0.036143,0.008869,0.004613,0.010632,-0.018301,10.642367,-1.260428,9.381939,9.381939,9.381939,4.690969,4.690969,0,0,1,0,0.000000,0.080000,0.008000,0.001000,5.500000,0.100000,26.000000,0.035000,0.000000
3.526000,0.500000,0.640000,-1.349899,-0.000000,-1.349899,-0.480356,0.000000,0.480356,0.029036,0.183010,0.030969,0.030969,0.001933,0.592331,0.409322,0.038428,0.008889,0.005715,0.010632,-0.018301,10.642367,0.000000,10.642367,10.642367,10.642367,5.321183,5.321183,0,0,1,0,0.000000,0.080000,0.008000,0.001000,5.500000,0.100000,26.000000,0.035000,0.000000
3.531000,0.500000,0.640000,-1.355219,-0.000000,-1.355219,-0.510884,0.000000,0.510884,0.038638,0.352778,0.030969,0.030969,-0.007669,0.522542,0.169764,0.040871,0.008909,0.006106,-0.042180,-0.035278,4.413855,-1.676907,2.736948,2.736948,2.736948,1.368474,1.368474,0,0,1,0,0.000000,0.080000,0.008000,0.001000,5.500000,0.100000,26.000000,0.035000,0.000000
3.536000,0.500000,0.640000,-1.355219,-0.000000,-1.355219,-0.510884,0.000000,0.510884,0.038638,0.352778,0.030969,0.030969,-0.007669,0.522542,0.169764,0.040871,0.008930,0.000000,-0.042180,-0.035278,4.413855,0.000000,4.413855,4.413855,4.413855,2.206927,2.206927,0,0,1,0,0.000000,0.080000,0.008000,0.001000,5.500000,0.100000,26.000000,0.035000,0.000000
3.545000,0.500000,0.640000,-1.366747,-0.000000,-1.366747,-0.574904,0.000000,0.574904,0.050384,0.512742,0.030969,0.030969,-0.019415,0.441941,-0.070801,0.045992,0.008930,0.007113,-0.106785,-0.051274,-1.840820,-0.935528,-2.776349,-2.776349,-2.776349,-1.388174,-1.388174,0,0,1,0,0.000000,0.080000,0.008000,0.001000,5.500000,0.100000,26.000000,0.035000,0.000000
3.550000,0.500000,0.640000,-1.372614,-0.000000,-1.372614,-0.605056,0.000000,0.605056,0.050384,0.512742,0.030969,0.030969,-0.019415,0.441941,-0.070801,0.048404,0.008930,0.006030,-0.106785,-0.051274,-1.840820,0.000000,-1.840820,-1.840820,-1.840820,-0.920410,-0.920410,0,0,1,0,0.000000,0.080000,0.008000,0.001000,5.500000,0.100000,26.000000,0.035000,0.000000
3.555000,0.500000,0.640000,-1.378543,-0.000000,-1.378543,-0.634350,0.000000,0.634350,0.062568,0.650682,0.030969,0.030969,-0.031599,0.361135,-0.289548,0.050748,0.008930,0.005859,-0.173797,-0.065068,-7.528239,-1.531228,-9.059467,-9.059467,-9.059467,-4.529733,-4.529733,0,0,1,0,0.000000,0.080000,0.008000,0.001000,5.500000,0.100000,26.000000,0.035000,0.000000
3.560000,0.500000,0.640000,-1.384312,-0.000000,-1.384312,-0.659092,0.000000,0.659092,0.062568,0.650682,0.030969,0.030969,-0.031599,0.361135,-0.289548,0.052727,0.008930,0.004948,-0.173797,-0.065068,-7.528239,0.000000,-7.528239,-7.528239,-7.528239,-3.764119,-3.764119,0,0,1,0,0.000000,0.080000,0.008000,0.001000,5.500000,0.100000,26.000000,0.035000,0.000000
3.565000,0.500000,0.640000,-1.389808,-0.000000,-1.389808,-0.680113,0.000000,0.680113,0.073967,0.730038,0.030969,0.030969,-0.042998,0.290505,-0.439533,0.054409,0.008930,0.004204,-0.236491,-0.073004,-11.427857,-1.049897,-12.477755,-12.477755,-12.477755,-6.238877,-6.238877,0,0,1,0,0.000000,0.080000,0.008000,0.001000,5.500000,0.100000,26.000000,0.035000,0.000000
3.570000,0.500000,0.640000,-1.394796,-0.000000,-1.394796,-0.693958,0.000000,0.693958,0.073967,0.730038,0.030969,0.030969,-0.042998,0.290505,-0.439533,0.055517,0.008930,0.002769,-0.236491,-0.073004,-11.427857,0.000000,-11.427857,-11.427857,-11.427857,-5.713929,-5.713929,0,0,1,0,0.000000,0.080000,0.008000,0.001000,5.500000,0.100000,26.000000,0.035000,0.000000
3.575000,0.500000,0.640000,-1.399117,-0.000000,-1.399117,-0.699404,0.000000,0.699404,0.082439,0.712884,0.030969,0.030969,-0.051471,0.245624,-0.467260,0.055952,0.008930,0.001089,-0.283088,-0.071288,-12.148764,-0.194090,-12.342854,-12.342854,-12.342854,-6.171427,-6.171427,0,0,1,0,0.000000,0.080000,0.008000,0.001000,5.500000,0.100000,26.000000,0.035000,0.000000
3.580000,0.500000,0.640000,-1.402714,-0.000000,-1.402714,-0.697665,0.000000,0.697665,0.082439,0.712884,0.030969,0.030969,-0.051471,0.245624,-0.467260,0.055813,0.008930,-0.000348,-0.283088,-0.071288,-12.148764,0.000000,-12.148764,-12.148764,-12.148764,-6.074382,-6.074382,0,0,1,0,0.000000,0.080000,0.008000,0.001000,5.500000,0.100000,26.000000,0.035000,0.000000
3.585000,0.500000,0.640000,-1.405606,-0.000000,-1.405606,-0.688844,0.000000,0.688844,0.086455,0.616225,0.030969,0.030969,-0.055486,0.233203,-0.383022,0.055108,0.008930,-0.001764,-0.305174,-0.061623,-9.958573,0.589667,-9.368907,-9.368907,-9.368907,-4.684453,-4.684453,0,0,1,0,0.000000,0.080000,0.008000,0.001000,5.500000,0.100000,26.000000,0.035000,0.000000
3.594000,0.500000,0.640000,-1.409407,-0.000000,-1.409407,-0.653944,0.000000,0.653944,0.086319,0.467336,0.030969,0.030969,-0.055350,0.248839,-0.218497,0.052315,0.008977,-0.003878,-0.304427,-0.046734,-5.680917,0.639820,-5.041096,-5.041096,-5.041096,-2.520548,-2.520548,0,0,1,0,0.000000,0.080000,0.008000,0.001000,5.500000,0.100000,26.000000,0.035000,0.000000
3.599000,0.500000,0.640000,-1.410504,-0.000000,-1.410504,-0.630201,0.000000,0.630201,0.086319,0.467336,0.030969,0.030969,-0.055350,0.248839,-0.218497,0.050416,0.009002,-0.004748,-0.304427,-0.046734,-5.680917,0.000000,-5.680917,-5.680917,-5.680917,-2.840458,-2.840458,0,0,1,0,0.000000,0.080000,0.008000,0.001000,5.500000,0.100000,26.000000,0.035000,0.000000
3.604000,0.500000,0.640000,-1.411238,-0.000000,-1.411238,-0.604980,0.000000,0.604980,0.083159,0.301965,0.030969,0.030969,-0.052190,0.282756,-0.019209,0.048398,0.009026,-0.005044,-0.287047,-0.030197,-0.499442,1.395012,0.895570,0.895570,0.895570,0.447785,0.447785,0,0,1,0,0.000000,0.080000,0.008000,0.001000,5.500000,0.100000,26.000000,0.035000,0.000000
3.609000,0.500000,0.640000,-1.411691,-0.000000,-1.411691,-0.578090,0.000000,0.578090,0.083159,0.301965,0.030969,0.030969,-0.052190,0.282756,-0.019209,0.046247,0.009049,-0.005378,-0.287047,-0.030197,-0.499442,0.000000,-0.499442,-0.499442,-0.499442,-0.249721,-0.249721,0,0,1,0,0.000000,0.080000,0.008000,0.001000,5.500000,0.100000,26.000000,0.035000,0.000000
3.614000,0.500000,0.640000,-1.412061,-0.000000,-1.412061,-0.553107,0.000000,0.553107,0.078481,0.155112,0.030969,0.030969,-0.047512,0.323172,0.168061,0.044249,0.009071,-0.004997,-0.261316,-0.015511,4.369581,1.310891,5.680472,5.680472,5.680472,2.840236,2.840236,0,0,1,0,0.000000,0.080000,0.008000,0.001000,5.500000,0.100000,26.000000,0.035000,0.000000
3.619000,0.500000,0.640000,-1.412442,-0.000000,-1.412442,-0.529185,0.000000,0.529185,0.078481,0.155112,0.030969,0.030969,-0.047512,0.323172,0.168061,0.042335,0.009092,-0.004784,-0.261316,-0.015511,4.369581,0.000000,4.369581,4.369581,4.369581,2.184790,2.184790,0,0,1,0,0.000000,0.080000,0.008000,0.001000,5.500000,0.100000,26.000000,0.035000,0.000000
3.624000,0.500000,0.640000,-1.412997,-0.000000,-1.412997,-0.509480,0.000000,0.509480,0.074043,0.054188,0.030969,0.030969,-0.043074,0.357674,0.303486,0.040758,0.009113,-0.003941,-0.236907,-0.005419,7.890627,0.947974,8.838601,8.838601,8.838601,4.419300,4.419300,0,0,1,0,0.000000,0.080000,0.008000,0.001000,5.500000,0.100000,26.000000,0.035000,0.000000
3.629000,0.500000,0.640000,-1.413808,-0.000000,-1.413808,-0.493002,0.000000,0.493002,0.074043,0.054188,0.030969,0.030969,-0.043074,0.357674,0.303486,0.039440,0.009133,-0.003295,-0.236907,-0.005419,7.890627,0.000000,7.890627,7.890627,7.890627,3.945313,3.945313,0,0,1,0,0.000000,0.080000,0.008000,0.001000,5.500000,0.100000,26.000000,0.035000,0.000000
3.634000,0.500000,0.640000,-1.414978,-0.000000,-1.414978,-0.481844,0.000000,0.481844,0.071303,0.013706,0.030969,0.030969,-0.040334,0.376793,0.363086,0.038547,0.009152,-0.002232,-0.221837,-0.001371,9.440245,0.417205,9.857450,9.857450,9.857450,4.928725,4.928725,0,0,1,0,0.000000,0.080000,0.008000,0.001000,5.500000,0.100000,26.000000,0.035000,0.000000
3.639000,0.500000,0.640000,-1.416560,-0.000000,-1.416560,-0.475109,0.000000,0.475109,0.071303,0.013706,0.030969,0.030969,-0.040334,0.376793,0.363086,0.038009,0.009171,-0.001347,-0.221837,-0.001371,9.440245,0.000000,9.440245,9.440245,9.440245,4.720122,4.720122,0,0,1,0,0.000000,0.080000,0.008000,0.001000,5.500000,0.100000,26.000000,0.035000,0.000000
3.644000,0.500000,0.640000,-1.418583,-0.000000,-1.418583,-0.473485,0.000000,0.473485,0.071168,0.033504,0.030969,0.030969,-0.040199,0.375553,0.342049,0.037879,0.009190,-0.000325,-0.221097,-0.003350,8.893270,-0.147262,8.746008,8.746008,8.746008,4.373004,4.373004,0,0,1,0,0.000000,0.080000,0.008000,0.001000,5.500000,0.100000,26.000000,0.035000,0.000000
3.653000,0.500000,0.640000,-1.423954,-0.000000,-1.423954,-0.483017,0.000000,0.483017,0.073860,0.100393,0.030969,0.030969,-0.042892,0.354056,0.253663,0.038641,0.009225,0.001059,-0.235905,-0.010039,6.595236,-0.343723,6.251513,6.251513,6.251513,3.125756,3.125756,0,0,1,0,0.000000,0.080000,0.008000,0.001000,5.500000,0.100000,26.000000,0.035000,0.000000
3.658000,0.500000,0.640000,-1.427232,-0.000000,-1.427232,-0.493160,0.000000,0.493160,0.073860,0.100393,0.030969,0.030969,-0.042892,0.354056,0.253663,0.039453,0.009244,0.002029,-0.235905,-0.010039,6.595236,0.000000,6.595236,6.595236,6.595236,3.297618,3.297618,0,0,1,0,0.000000,0.080000,0.008000,0.001000,5.500000,0.100000,26.000000,0.035000,0.000000
3.663000,0.500000,0.640000,-1.430806,-0.000000,-1.430806,-0.505211,0.000000,0.505211,0.078937,0.192905,0.030969,0.030969,-0.047969,0.316882,0.123976,0.040417,0.009264,0.002410,-0.263828,-0.019291,3.223382,-0.907807,2.315575,2.315575,2.315575,1.157787,1.157787,0,0,1,0,0.000000,0.080000,0.008000,0.001000,5.500000,0.100000,26.000000,0.035000,0.000000
3.668000,0.500000,0.640000,-1.434630,-0.000000,-1.434630,-0.519192,0.000000,0.519192,0.078937,0.192905,0.030969,0.030969,-0.047969,0.316882,0.123976,0.041535,0.009285,0.002796,-0.263828,-0.019291,3.223382,0.000000,3.223382,3.223382,3.223382,1.611691,1.611691,0,0,1,0,0.000000,0.080000,0.008000,0.001000,5.500000,0.100000,26.000000,0.035000,0.000000
3.673000,0.500000,0.640000,-1.438568,-0.000000,-1.438568,-0.532722,0.000000,0.532722,0.085504,0.285692,0.030969,0.030969,-0.054536,0.271485,-0.014207,0.042618,0.009307,0.002706,-0.299946,-0.028569,-0.369388,-0.967284,-1.336672,-1.336672,-1.336672,-0.668336,-0.668336,0,0,1,0,0.000000,0.080000,0.008000,0.001000,5.500000,0.100000,26.000000,0.035000,0.000000
3.678000,0.500000,0.640000,-1.442560,-0.000000,-1.442560,-0.546298,0.000000,0.546298,0.085504,0.285692,0.030969,0.030969,-0.054536,0.271485,-0.014207,0.043704,0.009328,0.002715,-0.299946,-0.028569,-0.369388,0.000000,-0.369388,-0.369388,-0.369388,-0.184694,-0.184694,0,0,1,0,0.000000,0.080000,0.008000,0.001000,5.500000,0.100000,26.000000,0.035000,0.000000
3.683000,0.500000,0.640000,-1.446482,-0.000000,-1.446482,-0.557546,0.000000,0.557546,0.092383,0.356735,0.030969,0.030969,-0.061414,0.226549,-0.130186,0.044604,0.009351,0.002250,-0.337777,-0.035674,-3.384846,-0.811854,-4.196700,-4.196700,-4.196700,-2.098350,-2.098350,0,0,1,0,0.000000,0.080000,0.008000,0.001000,5.500000,0.100000,26.000000,0.035000,0.000000
3.688000,0.500000,0.640000,-1.450273,-0.000000,-1.450273,-0.567147,0.000000,0.567147,0.092383,0.356735,0.030969,0.030969,-0.061414,0.226549,-0.130186,0.045372,0.009373,0.001920,-0.337777,-0.035674,-3.384846,0.000000,-3.384846,-3.384846,-3.384846,-1.692423,-1.692423,0,0,1,0,0.000000,0.080000,0.008000,0.001000,5.500000,0.100000,26.000000,0.035000,0.000000
3.697000,0.500000,0.640000,-1.457134,-0.000000,-1.457134,-0.576545,0.000000,0.576545,0.098465,0.391357,0.030969,0.030969,-0.067496,0.189636,-0.201721,0.046124,0.009415,0.001044,-0.371228,-0.039136,-5.244746,-0.278190,-5.522936,-5.522936,-5.522936,-2.761468,-2.761468,0,0,1,0,0.000000,0.080000,0.008000,0.001000,5.500000,0.100000,26.000000,0.035000,0.000000
3.702000,0.500000,0.640000,-1.460185,-0.000000,-1.460185,-0.577266,0.000000,0.577266,0.103046,0.391817,0.030969,0.030969,-0.072078,-0.435609,-0.827425,0.046181,0.009438,0.000144,-0.396427,-0.039182,-21.513062,-4.379931,-25.892993,-25.892993,-20.000000,-10.000000,-10.000000,1,0,1,0,0.000000,0.080000,0.008000,0.001000,5.500000,0.100000,26.000000,0.035000,0.000000
3.707000,0.500000,0.640000,-1.462932,-0.000000,-1.462932,-0.574515,0.000000,0.574515,0.103046,0.391817,0.030969,0.030969,-0.072078,-0.435609,-0.827425,0.045961,0.009461,-0.000550,-0.396427,-0.039182,-21.513062,0.000000,-21.513062,-21.513062,-20.000000,-10.000000,-10.000000,1,0,1,0,0.000000,0.080000,0.008000,0.001000,5.500000,0.100000,26.000000,0.035000,0.000000
3.712000,0.500000,0.640000,-1.464785,-0.000000,-1.464785,-0.559395,0.000000,0.559395,0.105236,0.314295,0.030969,0.030969,-0.074267,-0.439899,-0.754194,0.044752,0.009483,-0.003024,-0.408469,-0.031429,-19.609041,0.512621,-19.096421,-19.096421,-19.096421,-9.548210,-9.548210,0,0,1,0,0.000000,0.080000,0.008000,0.001000,5.500000,0.100000,26.000000,0.035000,0.000000
3.717000,0.500000,0.640000,-1.465444,-0.000000,-1.465444,-0.533437,0.000000,0.533437,0.105236,0.314295,0.030969,0.030969,-0.074267,-0.439899,-0.754194,0.042675,0.009505,-0.005192,-0.408469,-0.031429,-19.609041,0.000000,-19.609041,-19.609041,-19.609041,-9.804521,-9.804521,0,0,1,0,0.000000,0.080000,0.008000,0.001000,5.500000,0.100000,26.000000,0.035000,0.000000
3.722000,0.500000,0.640000,-1.465057,-0.000000,-1.465057,-0.499054,0.000000,0.499054,0.101747,0.137298,0.030969,0.030969,-0.070779,-0.403012,-0.540310,0.039924,0.009525,-0.006876,-0.389282,-0.013730,-14.048058,1.497188,-12.550870,-12.550870,-12.550870,-6.275435,-6.275435,0,0,1,0,0.000000,0.080000,0.008000,0.001000,5.500000,0.100000,26.000000,0.035000,0.000000
3.727000,0.500000,0.640000,-1.463688,-0.000000,-1.463688,-0.456492,0.000000,0.456492,0.101747,0.137298,0.030969,0.030969,-0.070779,-0.403012,-0.540310,0.036519,0.009543,-0.008513,-0.389282,-0.013730,-14.048058,0.000000,-14.048058,-14.048058,-14.048058,-7.024029,-7.024029,0,0,1,0,0.000000,0.080000,0.008000,0.001000,5.500000,0.100000,26.000000,0.035000,0.000000
3.732000,0.500000,0.640000,-1.461837,-0.000000,-1.461837,-0.413478,0.000000,0.413478,0.092480,-0.105484,0.030969,0.030969,-0.061511,-0.327762,-0.222277,0.033078,0.009559,-0.008603,-0.338310,0.010548,-5.779214,2.226227,-3.552987,-3.552987,-3.552987,-1.776494,-1.776494,0,0,1,0,0.000000,0.080000,0.008000,0.001000,5.500000,0.100000,26.000000,0.035000,0.000000
3.741000,0.500000,0.640000,-1.456670,-0.000000,-1.456670,-0.320344,0.000000,0.320344,0.079441,-0.344440,0.030969,0.030969,-0.048473,-0.232156,0.112284,0.025628,0.009582,-0.010348,-0.266600,0.034444,2.919382,1.301072,4.220454,4.220454,4.220454,2.110227,2.110227,0,0,1,0,0.000000,0.080000,0.008000,0.001000,5.500000,0.100000,26.000000,0.035000,0.000000
3.746000,0.500000,0.640000,-1.453868,-0.000000,-1.453868,-0.275956,0.000000,0.275956,0.079441,-0.344440,0.030969,0.030969,-0.048473,-0.232156,0.112284,0.022077,0.009594,-0.008878,-0.266600,0.034444,2.919382,0.000000,2.919382,2.919382,2.919382,1.459691,1.459691,0,0,1,0,0.000000,0.080000,0.008000,0.001000,5.500000,0.100000,26.000000,0.035000,0.000000
3.751000,0.500000,0.640000,-1.451240,-0.000000,-1.451240,-0.236962,0.000000,0.236962,0.065910,-0.523144,0.030969,0.030969,-0.034941,-0.139860,0.383283,0.018957,0.009603,-0.007799,-0.192175,0.052314,9.965366,1.896996,11.862361,11.862361,11.862361,5.931181,5.931181,0,0,1,0,0.000000,0.080000,0.008000,0.001000,5.500000,0.100000,26.000000,0.035000,0.000000
3.756000,0.500000,0.640000,-1.448865,-0.000000,-1.448865,-0.202306,0.000000,0.202306,0.065910,-0.523144,0.030969,0.030969,-0.034941,-0.139860,0.383283,0.016184,0.009611,-0.006931,-0.192175,0.052314,9.965366,0.000000,9.965366,9.965366,9.965366,4.982683,4.982683,0,0,1,0,0.000000,0.080000,0.008000,0.001000,5.500000,0.100000,26.000000,0.035000,0.000000
3.761000,0.500000,0.640000,-1.447003,-0.000000,-1.447003,-0.176338,0.000000,0.176338,0.054343,-0.611330,0.030969,0.030969,-0.023375,-0.067427,0.543902,0.014107,0.009618,-0.005193,-0.128560,0.061133,14.141464,1.124334,15.265799,15.265799,15.265799,7.632899,7.632899,0,0,1,0,0.000000,0.080000,0.008000,0.001000,5.500000,0.100000,26.000000,0.035000,0.000000
3.766000,0.500000,0.640000,-1.445764,-0.000000,-1.445764,-0.157416,0.000000,0.157416,0.054343,-0.611330,0.030969,0.030969,-0.023375,-0.067427,0.543902,0.012593,0.009624,-0.003784,-0.128560,0.061133,14.141464,0.000000,14.141464,14.141464,14.141464,7.070732,7.070732,0,0,1,0,0.000000,0.080000,0.008000,0.001000,5.500000,0.100000,26.000000,0.035000,0.000000
3.771000,0.500000,0.640000,-1.445255,-0.000000,-1.445255,-0.147764,0.000000,0.147764,0.046722,-0.598195,0.030969,0.030969,-0.015754,-0.026825,0.571370,0.011821,0.009630,-0.001930,-0.086644,0.059819,14.855615,0.192271,15.047886,15.047886,15.047886,7.523943,7.523943,0,0,1,0,0.000000,0.080000,0.008000,0.001000,5.500000,0.100000,26.000000,0.035000,0.000000
3.776000,0.500000,0.640000,-1.445528,-0.000000,-1.445528,-0.146077,0.000000,0.146077,0.046722,-0.598195,0.030969,0.030969,-0.015754,-0.026825,0.571370,0.011686,0.009636,-0.000337,-0.086644,0.059819,14.855615,0.000000,14.855615,14.855615,14.855615,7.427807,7.427807,0,0,1,0,0.000000,0.080000,0.008000,0.001000,5.500000,0.100000,26.000000,0.035000,0.000000
3.781000,0.500000,0.640000,-1.445528,-0.000000,-1.445528,-0.146077,0.000000,0.146077,0.043928,-0.496323,0.030969,0.030969,-0.012959,-0.021645,0.474678,0.011686,0.009642,0.000000,-0.071277,0.049632,12.341625,-0.676843,11.664782,11.664782,11.664782,5.832391,5.832391,0,0,1,0,0.000000,0.080000,0.008000,0.001000,5.500000,0.100000,26.000000,0.035000,0.000000
3.786000,0.500000,0.640000,-1.448352,-0.000000,-1.448352,-0.165414,0.000000,0.165414,0.043928,-0.496323,0.030969,0.030969,-0.012959,-0.021645,0.474678,0.013233,0.009649,0.003867,-0.071277,0.049632,12.341625,0.000000,12.341625,12.341625,12.341625,6.170813,6.170813,0,0,1,0,0.000000,0.080000,0.008000,0.001000,5.500000,0.100000,26.000000,0.035000,0.000000
3.791000,0.500000,0.640000,-1.448352,-0.000000,-1.448352,-0.165414,0.000000,0.165414,0.045703,-0.336325,0.030969,0.030969,-0.014735,-0.047408,0.288917,0.013233,0.009655,0.000000,-0.081040,0.033632,7.511834,-1.300328,6.211506,6.211506,6.211506,3.105753,3.105753,0,0,1,0,0.000000,0.080000,0.008000,0.001000,5.500000,0.100000,26.000000,0.035000,0.000000
3.796000,0.500000,0.640000,-1.450766,-0.000000,-1.450766,-0.183481,0.000000,0.183481,0.045703,-0.336325,0.030969,0.030969,-0.014735,-0.047408,0.288917,0.014678,0.009663,0.003613,-0.081040,0.033632,7.511834,0.000000,7.511834,7.511834,7.511834,3.755917,3.755917,0,0,1,0,0.000000,0.080000,0.008000,0.001000,5.500000,0.100000,26.000000,0.035000,0.000000
3.805000,0.500000,0.640000,-1.457104,-0.000000,-1.457104,-0.231120,0.000000,0.231120,0.050822,-0.160387,0.030969,0.030969,-0.019854,-0.093156,0.067232,0.018490,0.009679,0.005293,-0.109195,0.016039,1.748021,-0.862109,0.885913,0.885913,0.885913,0.442956,0.442956,0,0,1,0,0.000000,0.080000,0.008000,0.001000,5.500000,0.100000,26.000000,0.035000,0.000000
3.810000,0.500000,0.640000,-1.460723,-0.000000,-1.460723,-0.256937,0.000000,0.256937,0.057876,0.020017,0.030969,0.030969,-0.026908,-0.149994,-0.170011,0.020555,0.009690,0.005163,-0.147992,-0.002002,-4.420279,-1.660696,-6.080975,-6.080975,-6.080975,-3.040488,-3.040488,0,0,1,0,0.000000,0.080000,0.008000,0.001000,5.500000,0.100000,26.000000,0.035000,0.000000
3.815000,0.500000,0.640000,-1.464635,-0.000000,-1.464635,-0.284361,0.000000,0.284361,0.057876,0.020017,0.030969,0.030969,-0.026908,-0.149994,-0.170011,0.022749,0.009701,0.005485,-0.147992,-0.002002,-4.420279,0.000000,-4.420279,-4.420279,-4.420279,-2.210140,-2.210140,0,0,1,0,0.000000,0.080000,0.008000,0.001000,5.500000,0.100000,26.000000,0.035000,0.000000
3.820000,0.500000,0.640000,-1.468624,-0.000000,-1.468624,-0.309789,0.000000,0.309789,0.057876,0.020017,0.030969,0.030969,-0.026908,-0.149994,-0.170011,0.024783,0.009713,0.005086,-0.147992,-0.002002,-4.420279,0.000000,-4.420279,-4.420279,-4.420279,-2.210140,-2.210140,0,0,1,0,0.000000,0.080000,0.008000,0.001000,5.500000,0.100000,26.000000,0.035000,0.000000
3.825000,0.500000,0.640000,-1.472335,-0.000000,-1.472335,-0.329730,0.000000,0.329730,0.065231,0.137974,0.030969,0.030969,-0.034263,-0.202241,-0.340216,0.026378,0.009726,0.003988,-0.188444,-0.013797,-8.845605,-1.191434,-10.037039,-10.037039,-10.037039,-5.018519,-5.018519,0,0,1,0,0.000000,0.080000,0.008000,0.001000,5.500000,0.100000,26.000000,0.035000,0.000000
3.830000,0.500000,0.640000,-1.475684,-0.000000,-1.475684,-0.345463,0.000000,0.345463,0.065231,0.137974,0.030969,0.030969,-0.034263,-0.202241,-0.340216,0.027637,0.009740,0.003147,-0.188444,-0.013797,-8.845605,0.000000,-8.845605,-8.845605,-8.845605,-4.422802,-4.422802,0,0,1,0,0.000000,0.080000,0.008000,0.001000,5.500000,0.100000,26.000000,0.035000,0.000000
3.835000,0.500000,0.640000,-1.478719,-0.000000,-1.478719,-0.357307,0.000000,0.357307,0.070562,0.196706,0.030969,0.030969,-0.039594,-0.237435,-0.434141,0.028585,0.009755,0.002369,-0.217764,-0.019671,-11.287666,-0.657478,-11.945144,-11.945144,-11.945144,-5.972572,-5.972572,0,0,1,0,0.000000,0.080000,0.008000,0.001000,5.500000,0.100000,26.000000,0.035000,0.000000
3.840000,0.500000,0.640000,-1.481312,-0.000000,-1.481312,-0.363257,0.000000,0.363257,0.070562,0.196706,0.030969,0.030969,-0.039594,-0.237435,-0.434141,0.029061,0.009769,0.001190,-0.217764,-0.019671,-11.287666,0.000000,-11.287666,-11.287666,-11.287666,-5.643833,-5.643833,0,0,1,0,0.000000,0.080000,0.008000,0.001000,5.500000,0.100000,26.000000,0.035000,0.000000
3.845000,0.500000,0.640000,-1.483287,-0.000000,-1.483287,-0.362162,0.000000,0.362162,0.073088,0.173317,0.030969,0.030969,-0.042119,-0.248985,-0.422302,0.028973,0.009784,-0.000219,-0.231654,-0.017332,-10.979852,0.082873,-10.896979,-10.896979,-10.896979,-5.448489,-5.448489,0,0,1,0,0.000000,0.080000,0.008000,0.001000,5.500000,0.100000,26.000000,0.035000,0.000000
3.850000,0.500000,0.640000,-1.484620,-0.000000,-1.484620,-0.354918,0.000000,0.354918,0.073088,0.173317,0.030969,0.030969,-0.042119,-0.248985,-0.422302,0.028393,0.009798,-0.001449,-0.231654,-0.017332,-10.979852,0.000000,-10.979852,-10.979852,-10.979852,-5.489926,-5.489926,0,0,1,0,0.000000,0.080000,0.008000,0.001000,5.500000,0.100000,26.000000,0.035000,0.000000
3.855000,0.500000,0.640000,-1.485356,-0.000000,-1.485356,-0.342218,0.000000,0.342218,0.071740,0.083589,0.030969,0.030969,-0.040771,-0.232601,-0.316190,0.027377,0.009811,-0.002540,-0.224243,-0.008359,-8.220938,0.742784,-7.478154,-7.478154,-7.478154,-3.739077,-3.739077,0,0,1,0,0.000000,0.080000,0.008000,0.001000,5.500000,0.100000,26.000000,0.035000,0.000000
3.860000,0.500000,0.640000,-1.485517,-0.000000,-1.485517,-0.324455,0.000000,0.324455,0.071740,0.083589,0.030969,0.030969,-0.040771,-0.232601,-0.316190,0.025956,0.009824,-0.003553,-0.224243,-0.008359,-8.220938,0.000000,-8.220938,-8.220938,-8.220938,-4.110469,-4.110469,0,0,1,0,0.000000,0.080000,0.008000,0.001000,5.500000,0.100000,26.000000,0.035000,0.000000
3.869000,0.500000,0.640000,-1.484550,-0.000000,-1.484550,-0.280290,0.000000,0.280290,0.066992,-0.044382,0.030969,0.030969,-0.036023,-0.193689,-0.149307,0.022423,0.009845,-0.004907,-0.198128,0.004438,-3.881989,0.648988,-3.233001,-3.233001,-3.233001,-1.616500,-1.616500,0,0,1,0,0.000000,0.080000,0.008000,0.001000,5.500000,0.100000,26.000000,0.035000,0.000000
3.874000,0.500000,0.640000,-1.483476,-0.000000,-1.483476,-0.253989,0.000000,0.253989,0.059737,-0.194515,0.030969,0.030969,-0.028769,-0.138776,0.055740,0.020319,0.009855,-0.005260,-0.158227,0.019452,1.449234,1.435329,2.884563,2.884563,2.884563,1.442281,1.442281,0,0,1,0,0.000000,0.080000,0.008000,0.001000,5.500000,0.100000,26.000000,0.035000,0.000000
3.879000,0.500000,0.640000,-1.482167,-0.000000,-1.482167,-0.227795,0.000000,0.227795,0.059737,-0.194515,0.030969,0.030969,-0.028769,-0.138776,0.055740,0.018224,0.009864,-0.005239,-0.158227,0.019452,1.449234,0.000000,1.449234,1.449234,1.449234,0.724617,0.724617,0,0,1,0,0.000000,0.080000,0.008000,0.001000,5.500000,0.100000,26.000000,0.035000,0.000000
3.884000,0.500000,0.640000,-1.480937,-0.000000,-1.480937,-0.204903,0.000000,0.204903,0.051300,-0.310825,0.030969,0.030969,-0.020332,-0.080741,0.230083,0.016392,0.009872,-0.004578,-0.111824,0.031082,5.982167,1.220405,7.202572,7.202572,7.202572,3.601286,3.601286,0,0,1,0,0.000000,0.080000,0.008000,0.001000,5.500000,0.100000,26.000000,0.035000,0.000000
3.889000,0.500000,0.640000,-1.479858,-0.000000,-1.479858,-0.184328,0.000000,0.184328,0.051300,-0.310825,0.030969,0.030969,-0.020332,-0.080741,0.230083,0.014746,0.009879,-0.004115,-0.111824,0.031082,5.982167,0.000000,5.982167,5.982167,5.982167,2.991083,2.991083,0,0,1,0,0.000000,0.080000,0.008000,0.001000,5.500000,0.100000,26.000000,0.035000,0.000000
3.894000,0.500000,0.640000,-1.479073,-0.000000,-1.479073,-0.168901,0.000000,0.168901,0.043932,-0.372997,0.030969,0.030969,-0.012964,-0.034000,0.338997,0.013512,0.009886,-0.003085,-0.071300,0.037300,8.813919,0.762395,9.576313,9.576313,9.576313,4.788157,4.788157,0,0,1,0,0.000000,0.080000,0.008000,0.001000,5.500000,0.100000,26.000000,0.035000,0.000000
3.899000,0.500000,0.640000,-1.478654,-0.000000,-1.478654,-0.157596,0.000000,0.157596,0.043932,-0.372997,0.030969,0.030969,-0.012964,-0.034000,0.338997,0.012608,0.009893,-0.002261,-0.071300,0.037300,8.813919,0.000000,8.813919,8.813919,8.813919,4.406959,4.406959,0,0,1,0,0.000000,0.080000,0.008000,0.001000,5.500000,0.100000,26.000000,0.035000,0.000000
3.904000,0.500000,0.640000,-1.478676,-0.000000,-1.478676,-0.151969,0.000000,0.151969,0.038889,-0.372522,0.030969,0.030969,-0.007920,-0.006308,0.366213,0.012158,0.009899,-0.001125,-0.043560,0.037252,9.521547,0.190515,9.712063,9.712063,9.712063,4.856031,4.856031,0,0,1,0,0.000000,0.080000,0.008000,0.001000,5.500000,0.100000,26.000000,0.035000,0.000000
3.913000,0.500000,0.640000,-1.480151,-0.000000,-1.480151,-0.155316,0.000000,0.155316,0.036800,-0.315546,0.030969,0.030969,-0.005831,-0.000518,0.315028,0.012425,0.009910,0.000372,-0.032073,0.031555,8.190724,-0.199055,7.991669,7.991669,7.991669,3.995834,3.995834,0,0,1,0,0.000000,0.080000,0.008000,0.001000,5.500000,0.100000,26.000000,0.035000,0.000000
3.918000,0.500000,0.640000,-1.481606,-0.000000,-1.481606,-0.163983,0.000000,0.163983,0.036800,-0.315546,0.030969,0.030969,-0.005831,-0.000518,0.315028,0.013119,0.009916,0.001733,-0.032073,0.031555,8.190724,0.000000,8.190724,8.190724,8.190724,4.095362,4.095362,0,0,1,0,0.000000,0.080000,0.008000,0.001000,5.500000,0.100000,26.000000,0.035000,0.000000
3.923000,0.500000,0.640000,-1.483472,-0.000000,-1.483472,-0.175918,0.000000,0.175918,0.037622,-0.218813,0.030969,0.030969,-0.006654,-0.014714,0.204098,0.014073,0.009923,0.002387,-0.036596,0.021881,5.306554,-0.776507,4.530047,4.530047,4.530047,2.265023,2.265023,0,0,1,0,0.000000,0.080000,0.008000,0.001000,5.500000,0.100000,26.000000,0.035000,0.000000
3.928000,0.500000,0.640000,-1.485708,-0.000000,-1.485708,-0.190955,0.000000,0.190955,0.037622,-0.218813,0.030969,0.030969,-0.006654,-0.014714,0.204098,0.015276,0.009931,0.003007,-0.036596,0.021881,5.306554,0.000000,5.306554,5.306554,5.306554,2.653277,2.653277,0,0,1,0,0.000000,0.080000,0.008000,0.001000,5.500000,0.100000,26.000000,0.035000,0.000000
3.933000,0.500000,0.640000,-1.488193,-0.000000,-1.488193,-0.206926,0.000000,0.206926,0.040655,-0.108080,0.030969,0.030969,-0.009687,-0.042468,0.065612,0.016554,0.009939,0.003194,-0.053276,0.010808,1.705907,-0.969405,0.736502,0.736502,0.736502,0.368251,0.368251,0,0,1,0,0.000000,0.080000,0.008000,0.001000,5.500000,0.100000,26.000000,0.035000,0.000000
3.938000,0.500000,0.640000,-1.490868,-0.000000,-1.490868,-0.224148,0.000000,0.224148,0.040655,-0.108080,0.030969,0.030969,-0.009687,-0.042468,0.065612,0.017932,0.009948,0.003444,-0.053276,0.010808,1.705907,0.000000,1.705907,1.705907,1.705907,0.852953,0.852953,0,0,1,0,0.000000,0.080000,0.008000,0.001000,5.500000,0.100000,26.000000,0.035000,0.000000
3.943000,0.500000,0.640000,-1.493602,-0.000000,-1.493602,-0.240122,0.000000,0.240122,0.044782,-0.008170,0.030969,0.030969,-0.013814,-0.075158,-0.066988,0.019210,0.009958,0.003195,-0.075975,0.000817,-1.741699,-0.928202,-2.669901,-2.669901,-2.669901,-1.334951,-1.334951,0,0,1,0,0.000000,0.080000,0.008000,0.001000,5.500000,0.100000,26.000000,0.035000,0.000000
3.952000,0.500000,0.640000,-1.498932,-0.000000,-1.498932,-0.267849,0.000000,0.267849,0.048803,0.061207,0.030969,0.030969,-0.017834,-0.104210,-0.165418,0.021428,0.009977,0.003081,-0.098090,-0.006121,-4.300855,-0.382780,-4.683635,-4.683635,-4.683635,-2.341817,-2.341817,0,0,1,0,0.000000,0.080000,0.008000,0.001000,5.500000,0.100000,26.000000,0.035000,0.000000
3.957000,0.500000,0.640000,-1.501326,-0.000000,-1.501326,-0.277575,0.000000,0.277575,0.048803,0.061207,0.030969,0.030969,-0.017834,-0.104210,-0.165418,0.022206,0.009988,0.001945,-0.098090,-0.006121,-4.300855,0.000000,-4.300855,-4.300855,-4.300855,-2.150428,-2.150428,0,0,1,0,0.000000,0.080000,0.008000,0.001000,5.500000,0.100000,26.000000,0.035000,0.000000
3.962000,0.500000,0.640000,-1.503454,-0.000000,-1.503454,-0.283769,0.000000,0.283769,0.051577,0.087328,0.030969,0.030969,-0.020608,-0.122079,-0.209407,0.022702,0.010000,0.001239,-0.113346,-0.008733,-5.444570,-0.307923,-5.752493,-5.752493,-5.752493,-2.876246,-2.876246,0,0,1,0,0.000000,0.080000,0.008000,0.001000,5.500000,0.100000,26.000000,0.035000,0.000000
3.967000,0.500000,0.640000,-1.505295,-0.000000,-1.505295,-0.286901,0.000000,0.286901,0.051577,0.087328,0.030969,0.030969,-0.020608,-0.122079,-0.209407,0.022952,0.010011,0.000626,-0.113346,-0.008733,-5.444570,0.000000,-5.444570,-5.444570,-5.444570,-2.722285,-2.722285,0,0,1,0,0.000000,0.080000,0.008000,0.001000,5.500000,0.100000,26.000000,0.035000,0.000000
3.972000,0.500000,0.640000,-1.506821,-0.000000,-1.506821,-0.286452,0.000000,0.286452,0.052561,0.072102,0.030969,0.030969,-0.021592,-0.125968,-0.198070,0.022916,0.010023,-0.000090,-0.118757,-0.007210,-5.149812,0.079358,-5.070454,-5.070454,-5.070454,-2.535227,-2.535227,0,0,1,0,0.000000,0.080000,0.008000,0.001000,5.500000,0.100000,26.000000,0.035000,0.000000
3.977000,0.500000,0.640000,-1.508020,-0.000000,-1.508020,-0.282864,0.000000,0.282864,0.052561,0.072102,0.030969,0.030969,-0.021592,-0.125968,-0.198070,0.022629,0.010034,-0.000718,-0.118757,-0.007210,-5.149812,0.000000,-5.149812,-5.149812,-5.149812,-2.574906,-2.574906,0,0,1,0,0.000000,0.080000,0.008000,0.001000,5.500000,0.100000,26.000000,0.035000,0.000000
3.982000,0.500000,0.640000,-1.508921,-0.000000,-1.508921,-0.276582,0.000000,0.276582,0.051579,0.024226,0.030969,0.030969,-0.020611,-0.115781,-0.140006,0.022127,0.010045,-0.001257,-0.113358,-0.002423,-3.640164,0.406444,-3.233721,-3.233721,-3.233721,-1.616860,-1.616860,0,0,1,0,0.000000,0.080000,0.008000,0.001000,5.500000,0.100000,26.000000,0.035000,0.000000
3.987000,0.500000,0.640000,-1.509536,-0.000000,-1.509536,-0.267779,0.000000,0.267779,0.051579,0.024226,0.030969,0.030969,-0.020611,-0.115781,-0.140006,0.021422,0.010056,-0.001761,-0.113358,-0.002423,-3.640164,0.000000,-3.640164,-3.640164,-3.640164,-1.820082,-1.820082,0,0,1,0,0.000000,0.080000,0.008000,0.001000,5.500000,0.100000,26.000000,0.035000,0.000000
3.992000,0.500000,0.640000,-1.509933,-0.000000,-1.509933,-0.257659,0.000000,0.257659,0.048914,-0.041512,0.030969,0.030969,-0.017945,-0.094549,-0.053037,0.020613,0.010066,-0.002024,-0.098700,0.004151,-1.378972,0.608783,-0.770189,-0.770189,-0.770189,-0.385095,-0.385095,0,0,1,0,0.000000,0.080000,0.008000,0.001000,5.500000,0.100000,26.000000,0.035000,0.000000
3.997000,0.500000,0.640000,-1.510144,-0.000000,-1.510144,-0.246122,0.000000,0.246122,0.048914,-0.041512,0.030969,0.030969,-0.017945,-0.094549,-0.053037,0.019690,0.010076,-0.002307,-0.098700,0.004151,-1.378972,0.000000,-1.378972,-1.378972,-1.378972,-0.689486,-0.689486,0,0,1,0,0.000000,0.080000,0.008000,0.001000,5.500000,0.100000,26.000000,0.035000,0.000000
4.006000,0.500000,0.640000,-1.510308,-0.000000,-1.510308,-0.223319,0.000000,0.223319,0.045190,-0.108112,0.030969,0.030969,-0.014221,-0.067405,0.040708,0.017866,0.010092,-0.002534,-0.078216,0.010811,1.058397,0.364564,1.422960,1.422960,1.422960,0.711480,0.711480,0,0,1,0,0.000000,0.080000,0.008000,0.001000,5.500000,0.100000,26.000000,0.035000,0.000000
4.011000,0.500000,0.640000,-1.510294,-0.000000,-1.510294,-0.211747,0.000000,0.211747,0.041040,-0.169962,0.030969,0.030969,-0.010071,-0.038395,0.131567,0.016940,0.010100,-0.002314,-0.055391,0.016996,3.420746,0.636017,4.056764,4.056764,4.056764,2.028382,2.028382,0,0,1,0,0.000000,0.080000,0.008000,0.001000,5.500000,0.100000,26.000000,0.035000,0.000000
4.016000,0.500000,0.640000,-1.510302,-0.000000,-1.510302,-0.201545,0.000000,0.201545,0.041040,-0.169962,0.030969,0.030969,-0.010071,-0.038395,0.131567,0.016124,0.010108,-0.002040,-0.055391,0.016996,3.420746,0.000000,3.420746,3.420746,3.420746,1.710373,1.710373,0,0,1,0,0.000000,0.080000,0.008000,0.001000,5.500000,0.100000,26.000000,0.035000,0.000000
4.021000,0.500000,0.640000,-1.510469,-0.000000,-1.510469,-0.193986,0.000000,0.193986,0.037111,-0.202385,0.030969,0.030969,-0.006143,-0.013546,0.188839,0.015519,0.010116,-0.001512,-0.033785,0.020238,4.909805,0.400900,5.310706,5.310706,5.310706,2.655353,2.655353,0,0,1,0,0.000000,0.080000,0.008000,0.001000,5.500000,0.100000,26.000000,0.035000,0.000000
4.026000,0.500000,0.640000,-1.510825,-0.000000,-1.510825,-0.188535,0.000000,0.188535,0.037111,-0.202385,0.030969,0.030969,-0.006143,-0.013546,0.188839,0.015083,0.010124,-0.001090,-0.033785,0.020238,4.909805,0.000000,4.909805,4.909805,4.909805,2.454903,2.454903,0,0,1,0,0.000000,0.080000,0.008000,0.001000,5.500000,0.100000,26.000000,0.035000,0.000000
4.031000,0.500000,0.640000,-1.511410,-0.000000,-1.511410,-0.186015,0.000000,0.186015,0.034397,-0.202298,0.030969,0.030969,-0.003428,0.001373,0.203671,0.014881,0.010131,-0.000504,-0.018856,0.020230,5.295445,0.103826,5.399271,5.399271,5.399271,2.699635,2.699635,0,0,1,0,0.000000,0.080000,0.008000,0.001000,5.500000,0.100000,26.000000,0.035000,0.000000
4.036000,0.500000,0.640000,-1.512243,-0.000000,-1.512243,-0.185987,0.000000,0.185987,0.034397,-0.202298,0.030969,0.030969,-0.003428,0.001373,0.203671,0.014879,0.010139,-0.000006,-0.018856,0.020230,5.295445,0.000000,5.295445,5.295445,5.295445,2.647722,2.647722,0,0,1,0,0.000000,0.080000,0.008000,0.001000,5.500000,0.100000,26.000000,0.035000,0.000000
4.041000,0.500000,0.640000,-1.512243,-0.000000,-1.512243,-0.185987,0.000000,0.185987,0.033218,-0.172786,0.030969,0.030969,-0.002249,0.004908,0.177695,0.014879,0.010146,0.000000,-0.012370,0.017279,4.620058,-0.181835,4.438223,4.438223,4.438223,2.219111,2.219111,0,0,1,0,0.000000,0.080000,0.008000,0.001000,5.500000,0.100000,26.000000,0.035000,0.000000
4.050000,0.500000,0.640000,-1.514652,-0.000000,-1.514652,-0.193323,0.000000,0.193323,0.033539,-0.123028,0.030969,0.030969,-0.002570,-0.001833,0.121195,0.015466,0.010160,0.000815,-0.014136,0.012303,3.151060,-0.219722,2.931338,2.931338,2.931338,1.465669,1.465669,0,0,1,0,0.000000,0.080000,0.008000,0.001000,5.500000,0.100000,26.000000,0.035000,0.000000
4.055000,0.500000,0.640000,-1.516190,-0.000000,-1.516190,-0.199795,0.000000,0.199795,0.033539,-0.123028,0.030969,0.030969,-0.002570,-0.001833,0.121195,0.015984,0.010168,0.001294,-0.014136,0.012303,3.151060,0.000000,3.151060,3.151060,3.151060,1.575530,1.575530,0,0,1,0,0.000000,0.080000,0.008000,0.001000,5.500000,0.100000,26.000000,0.035000,0.000000
4.060000,0.500000,0.640000,-1.517915,-0.000000,-1.517915,-0.207788,0.000000,0.207788,0.033539,-0.123028,0.030969,0.030969,-0.002570,-0.001833,0.121195,0.016623,0.010176,0.001599,-0.014136,0.012303,3.151060,0.000000,3.151060,3.151060,3.151060,1.575530,1.575530,0,0,1,0,0.000000,0.080000,0.008000,0.001000,5.500000,0.100000,26.000000,0.035000,0.000000
4.065000,0.500000,0.640000,-1.519774,-0.000000,-1.519774,-0.216388,0.000000,0.216388,0.034992,-0.065605,0.030969,0.030969,-0.004023,-0.015568,0.050036,0.017311,0.010185,0.001720,-0.022129,0.006560,1.300949,-0.498107,0.802842,0.802842,0.802842,0.401421,0.401421,0,0,1,0,0.000000,0.080000,0.008000,0.001000,5.500000,0.100000,26.000000,0.035000,0.000000
4.070000,0.500000,0.640000,-1.521739,-0.000000,-1.521739,-0.225653,0.000000,0.225653,0.034992,-0.065605,0.030969,0.030969,-0.004023,-0.015568,0.050036,0.018052,0.010194,0.001853,-0.022129,0.006560,1.300949,0.000000,1.300949,1.300949,1.300949,0.650474,0.650474,0,0,1,0,0.000000,0.080000,0.008000,0.001000,5.500000,0.100000,26.000000,0.035000,0.000000
4.075000,0.500000,0.640000,-1.523811,-0.000000,-1.523811,-0.235522,0.000000,0.235522,0.037164,-0.006050,0.030969,0.030969,-0.006196,-0.033471,-0.027421,0.018842,0.010203,0.001974,-0.034076,0.000605,-0.712953,-0.542204,-1.255157,-1.255157,-1.255157,-0.627579,-0.627579,0,0,1,0,0.000000,0.080000,0.008000,0.001000,5.500000,0.100000,26.000000,0.035000,0.000000
4.080000,0.500000,0.640000,-1.525931,-0.000000,-1.525931,-0.244973,0.000000,0.244973,0.037164,-0.006050,0.030969,0.030969,-0.006196,-0.033471,-0.027421,0.019598,0.010213,0.001890,-0.034076,0.000605,-0.712953,0.000000,-0.712953,-0.712953,-0.712953,-0.356477,-0.356477,0,0,1,0,0.000000,0.080000,0.008000,0.001000,5.500000,0.100000,26.000000,0.035000,0.000000
4.085000,0.500000,0.640000,-1.527978,-0.000000,-1.527978,-0.252698,0.000000,0.252698,0.039548,0.035328,0.030969,0.030969,-0.008579,-0.050718,-0.086047,0.020216,0.010223,0.001545,-0.047186,-0.003533,-2.237216,-0.410379,-2.647595,-2.647595,-2.647595,-1.323797,-1.323797,0,0,1,0,0.000000,0.080000,0.008000,0.001000,5.500000,0.100000,26.000000,0.035000,0.000000
4.094000,0.500000,0.640000,-1.531709,-0.000000,-1.531709,-0.263288,0.000000,0.263288,0.041257,0.052129,0.030969,0.030969,-0.010288,-0.061797,-0.113926,0.021063,0.010242,0.001177,-0.056584,-0.005213,-2.962076,-0.108419,-3.070495,-3.070495,-3.070495,-1.535248,-1.535248,0,0,1,0,0.000000,0.080000,0.008000,0.001000,5.500000,0.100000,26.000000,0.035000,0.000000
4.099000,0.500000,0.640000,-1.533311,-0.000000,-1.533311,-0.265414,0.000000,0.265414,0.041257,0.052129,0.030969,0.030969,-0.010288,-0.061797,-0.113926,0.021233,0.010253,0.000425,-0.056584,-0.005213,-2.962076,0.000000,-2.962076,-2.962076,-2.962076,-1.481038,-1.481038,0,0,1,0,0.000000,0.080000,0.008000,0.001000,5.500000,0.100000,26.000000,0.035000,0.000000
4.104000,0.500000,0.640000,-1.534719,-0.000000,-1.534719,-0.265422,0.000000,0.265422,0.041846,0.042943,0.030969,0.030969,-0.010877,-0.064118,-0.107061,0.021234,0.010263,0.000002,-0.059824,-0.004294,-2.783578,0.048057,-2.735520,-2.735520,-2.735520,-1.367760,-1.367760,0,0,1,0,0.000000,0.080000,0.008000,0.001000,5.500000,0.100000,26.000000,0.035000,0.000000
4.109000,0.500000,0.640000,-1.535933,-0.000000,-1.535933,-0.263536,0.000000,0.263536,0.041846,0.042943,0.030969,0.030969,-0.010877,-0.064118,-0.107061,0.021083,0.010274,-0.000377,-0.059824,-0.004294,-2.783578,0.000000,-2.783578,-2.783578,-2.783578,-1.391789,-1.391789,0,0,1,0,0.000000,0.080000,0.008000,0.001000,5.500000,0.100000,26.000000,0.035000,0.000000
4.114000,0.500000,0.640000,-1.536968,-0.000000,-1.536968,-0.260022,0.000000,0.260022,0.041251,0.014156,0.030969,0.030969,-0.010282,-0.057967,-0.072123,0.020802,0.010284,-0.000703,-0.056551,-0.001416,-1.875208,0.244561,-1.630647,-1.630647,-1.630647,-0.815324,-0.815324,0,0,1,0,0.000000,0.080000,0.008000,0.001000,5.500000,0.100000,26.000000,0.035000,0.000000
4.119000,0.500000,0.640000,-1.537832,-0.000000,-1.537832,-0.254987,0.000000,0.254987,0.041251,0.014156,0.030969,0.030969,-0.010282,-0.057967,-0.072123,0.020399,0.010295,-0.001007,-0.056551,-0.001416,-1.875208,0.000000,-1.875208,-1.875208,-1.875208,-0.937604,-0.937604,0,0,1,0,0.000000,0.080000,0.008000,0.001000,5.500000,0.100000,26.000000,0.035000,0.000000
4.124000,0.500000,0.640000,-1.538565,-0.000000,-1.538565,-0.249154,0.000000,0.249154,0.039645,-0.025337,0.030969,0.030969,-0.008676,-0.045187,-0.019850,0.019932,0.010305,-0.001167,-0.047720,0.002534,-0.516096,0.365915,-0.150182,-0.150182,-0.150182,-0.075091,-0.075091,0,0,1,0,0.000000,0.080000,0.008000,0.001000,5.500000,0.100000,26.000000,0.035000,0.000000
4.129000,0.500000,0.640000,-1.539188,-0.000000,-1.539188,-0.242464,0.000000,0.242464,0.039645,-0.025337,0.030969,0.030969,-0.008676,-0.045187,-0.019850,0.019397,0.010314,-0.001338,-0.047720,0.002534,-0.516096,0.000000,-0.516096,-0.516096,-0.516096,-0.258048,-0.258048,0,0,1,0,0.000000,0.080000,0.008000,0.001000,5.500000,0.100000,26.000000,0.035000,0.000000
4.134000,0.500000,0.640000,-1.539751,-0.000000,-1.539751,-0.235888,0.000000,0.235888,0.037403,-0.065325,0.030969,0.030969,-0.006435,-0.028858,0.036466,0.018871,0.010324,-0.001315,-0.035391,0.006532,0.948125,0.394213,1.342338,1.342338,1.342338,0.671169,0.671169,0,0,1,0,0.000000,0.080000,0.008000,0.001000,5.500000,0.100000,26.000000,0.035000,0.000000
4.143000,0.500000,0.640000,-1.540829,-0.000000,-1.540829,-0.223472,0.000000,0.223472,0.035000,-0.096647,0.030969,0.030969,-0.004031,-0.012507,0.084140,0.017878,0.010340,-0.001380,-0.022172,0.009665,2.187639,0.185398,2.373037,2.373037,2.373037,1.186519,1.186519,0,0,1,0,0.000000,0.080000,0.008000,0.001000,5.500000,0.100000,26.000000,0.035000,0.000000
4.148000,0.500000,0.640000,-1.541432,-0.000000,-1.541432,-0.218546,0.000000,0.218546,0.035000,-0.096647,0.030969,0.030969,-0.004031,-0.012507,0.084140,0.017484,0.010349,-0.000985,-0.022172,0.009665,2.187639,0.000000,2.187639,2.187639,2.187639,1.093820,1.093820,0,0,1,0,0.000000,0.080000,0.008000,0.001000,5.500000,0.100000,26.000000,0.035000,0.000000
4.153000,0.500000,0.640000,-1.542121,-0.000000,-1.542121,-0.214928,0.000000,0.214928,0.032939,-0.112344,0.030969,0.030969,-0.001970,0.000400,0.112745,0.017194,0.010357,-0.000724,-0.010834,0.011234,2.931360,0.200232,3.131593,3.131593,3.131593,1.565796,1.565796,0,0,1,0,0.000000,0.080000,0.008000,0.001000,5.500000,0.100000,26.000000,0.035000,0.000000
4.158000,0.500000,0.640000,-1.542908,-0.000000,-1.542908,-0.212420,0.000000,0.212420,0.032939,-0.112344,0.030969,0.030969,-0.001970,0.000400,0.112745,0.016994,0.010366,-0.000502,-0.010834,0.011234,2.931360,0.000000,2.931360,2.931360,2.931360,1.465680,1.465680,0,0,1,0,0.000000,0.080000,0.008000,0.001000,5.500000,0.100000,26.000000,0.035000,0.000000
4.163000,0.500000,0.640000,-1.543816,-0.000000,-1.543816,-0.211429,0.000000,0.211429,0.031513,-0.111160,0.030969,0.030969,-0.000544,0.008122,0.119281,0.016914,0.010374,-0.000198,-0.002994,0.011116,3.101316,0.045757,3.147073,3.147073,3.147073,1.573536,1.573536,0,0,1,0,0.000000,0.080000,0.008000,0.001000,5.500000,0.100000,26.000000,0.035000,0.000000
4.168000,0.500000,0.640000,-1.544854,-0.000000,-1.544854,-0.211730,0.000000,0.211730,0.031513,-0.111160,0.030969,0.030969,-0.000544,0.008122,0.119281,0.016938,0.010383,0.000060,-0.002994,0.011116,3.101316,0.000000,3.101316,3.101316,3.101316,1.550658,1.550658,0,0,1,0,0.000000,0.080000,0.008000,0.001000,5.500000,0.100000,26.000000,0.035000,0.000000
4.177000,0.500000,0.640000,-1.547315,-0.000000,-1.547315,-0.216109,0.000000,0.216109,0.030890,-0.094896,0.030969,0.030969,0.000078,0.009921,0.104817,0.017289,0.010398,0.000487,0.000431,0.009490,2.725235,-0.056251,2.668983,2.668983,2.668983,1.334492,1.334492,0,0,1,0,0.000000,0.080000,0.008000,0.001000,5.500000,0.100000,26.000000,0.035000,0.000000
4.182000,0.500000,0.640000,-1.548732,-0.000000,-1.548732,-0.219962,0.000000,0.219962,0.031066,-0.066963,0.030969,0.030969,-0.000097,0.006163,0.073126,0.017597,0.010407,0.000771,-0.000534,0.006696,1.901278,-0.221835,1.679443,1.679443,1.679443,0.839722,0.839722,0,0,1,0,0.000000,0.080000,0.008000,0.001000,5.500000,0.100000,26.000000,0.035000,0.000000
4.187000,0.500000,0.640000,-1.550256,-0.000000,-1.550256,-0.224579,0.000000,0.224579,0.031066,-0.066963,0.030969,0.030969,-0.000097,0.006163,0.073126,0.017966,0.010416,0.000923,-0.000534,0.006696,1.901278,0.000000,1.901278,1.901278,1.901278,0.950639,0.950639,0,0,1,0,0.000000,0.080000,0.008000,0.001000,5.500000,0.100000,26.000000,0.035000,0.000000
4.192000,0.500000,0.640000,-1.551842,-0.000000,-1.551842,-0.229377,0.000000,0.229377,0.031867,-0.036146,0.030969,0.030969,-0.000898,-0.001327,0.034819,0.018350,0.010425,0.000960,-0.004941,0.003615,0.905301,-0.268148,0.637153,0.637153,0.637153,0.318577,0.318577,0,0,1,0,0.000000,0.080000,0.008000,0.001000,5.500000,0.100000,26.000000,0.035000,0.000000
4.197000,0.500000,0.640000,-1.553476,-0.000000,-1.553476,-0.234455,0.000000,0.234455,0.031867,-0.036146,0.030969,0.030969,-0.000898,-0.001327,0.034819,0.018756,0.010434,0.001015,-0.004941,0.003615,0.905301,0.000000,0.905301,0.905301,0.905301,0.452650,0.452650,0,0,1,0,0.000000,0.080000,0.008000,0.001000,5.500000,0.100000,26.000000,0.035000,0.000000
4.202000,0.500000,0.640000,-1.555121,-0.000000,-1.555121,-0.239124,0.000000,0.239124,0.032936,-0.008970,0.030969,0.030969,-0.001968,-0.009925,-0.000955,0.019130,0.010444,0.000934,-0.010822,0.000897,-0.024836,-0.250422,-0.275258,-0.275258,-0.275258,-0.137629,-0.137629,0,0,1,0,0.000000,0.080000,0.008000,0.001000,5.500000,0.100000,26.000000,0.035000,0.000000
4.207000,0.500000,0.640000,-1.556760,-0.000000,-1.556760,-0.243553,0.000000,0.243553,0.032936,-0.008970,0.030969,0.030969,-0.001968,-0.009925,-0.000955,0.019484,0.010454,0.000886,-0.010822,0.000897,-0.024836,0.000000,-0.024836,-0.024836,-0.024836,-0.012418,-0.012418,0,0,1,0,0.000000,0.080000,0.008000,0.001000,5.500000,0.100000,26.000000,0.035000,0.000000
4.216000,0.500000,0.640000,-1.559909,-0.000000,-1.559909,-0.250079,0.000000,0.250079,0.033946,0.009354,0.030969,0.030969,-0.002978,-0.017312,-0.026666,0.020006,0.010472,0.000725,-0.016376,-0.000935,-0.693308,-0.099985,-0.793293,-0.793293,-0.793293,-0.396647,-0.396647,0,0,1,0,0.000000,0.080000,0.008000,0.001000,5.500000,0.100000,26.000000,0.035000,0.000000
4.221000,0.500000,0.640000,-1.561411,-0.000000,-1.561411,-0.252416,0.000000,0.252416,0.034662,0.018760,0.030969,0.030969,-0.003693,-0.022189,-0.040949,0.020193,0.010482,0.000468,-0.020313,-0.001876,-1.064674,-0.099983,-1.164658,-1.164658,-1.164658,-0.582329,-0.582329,0,0,1,0,0.000000,0.080000,0.008000,0.001000,5.500000,0.100000,26.000000,0.035000,0.000000
4.226000,0.500000,0.640000,-1.562845,-0.000000,-1.562845,-0.253797,0.000000,0.253797,0.034662,0.018760,0.030969,0.030969,-0.003693,-0.022189,-0.040949,0.020304,0.010492,0.000276,-0.020313,-0.001876,-1.064674,0.000000,-1.064674,-1.064674,-1.064674,-0.532337,-0.532337,0,0,1,0,0.000000,0.080000,0.008000,0.001000,5.500000,0.100000,26.000000,0.035000,0.000000
4.231000,0.500000,0.640000,-1.564184,-0.000000,-1.564184,-0.254101,0.000000,0.254101,0.034946,0.015434,0.030969,0.030969,-0.003977,-0.023419,-0.038854,0.020328,0.010502,0.000061,-0.021876,-0.001543,-1.010192,0.014668,-0.995523,-0.995523,-0.995523,-0.497762,-0.497762,0,0,1,0,0.000000,0.080000,0.008000,0.001000,5.500000,0.100000,26.000000,0.035000,0.000000
4.236000,0.500000,0.640000,-1.565428,-0.000000,-1.565428,-0.253465,0.000000,0.253465,0.034946,0.015434,0.030969,0.030969,-0.003977,-0.023419,-0.038854,0.020277,0.010512,-0.000127,-0.021876,-0.001543,-1.010192,0.000000,-1.010192,-1.010192,-1.010192,-0.505096,-0.505096,0,0,1,0,0.000000,0.080000,0.008000,0.001000,5.500000,0.100000,26.000000,0.035000,0.000000
4.241000,0.500000,0.640000,-1.566583,-0.000000,-1.566583,-0.251997,0.000000,0.251997,0.034647,0.002151,0.030969,0.030969,-0.003678,-0.020443,-0.022594,0.020160,0.010522,-0.000293,-0.020228,-0.000215,-0.587437,0.113818,-0.473619,-0.473619,-0.473619,-0.236809,-0.236809,0,0,1,0,0.000000,0.080000,0.008000,0.001000,5.500000,0.100000,26.000000,0.035000,0.000000
4.246000,0.500000,0.640000,-1.567653,-0.000000,-1.567653,-0.249758,0.000000,0.249758,0.034647,0.002151,0.030969,0.030969,-0.003678,-0.020443,-0.022594,0.019981,0.010532,-0.000448,-0.020228,-0.000215,-0.587437,0.000000,-0.587437,-0.587437,-0.587437,-0.293719,-0.293719,0,0,1,0,0.000000,0.080000,0.008000,0.001000,5.500000,0.100000,26.000000,0.035000,0.000000
4.255000,0.500000,0.640000,-1.568656,-0.000000,-1.568656,-0.247088,0.000000,0.247088,0.033840,-0.016821,0.030969,0.030969,-0.002871,-0.014109,0.002712,0.019767,0.010550,-0.000297,-0.015791,0.001682,0.070503,0.098410,0.168913,0.168913,0.168913,0.084456,0.084456,0,0,1,0,0.000000,0.080000,0.008000,0.001000,5.500000,0.100000,26.000000,0.035000,0.000000
4.260000,0.500000,0.640000,-1.569602,-0.000000,-1.569602,-0.243964,0.000000,0.243964,0.032662,-0.039060,0.030969,0.030969,-0.001694,-0.005409,0.033651,0.019517,0.010560,-0.000625,-0.009315,0.003906,0.874916,0.216573,1.091488,1.091488,1.091488,0.545744,0.545744,0,0,1,0,0.000000,0.080000,0.008000,0.001000,5.500000,0.100000,26.000000,0.035000,0.000000
4.265000,0.500000,0.640000,-1.570491,-0.000000,-1.570491,-0.240424,0.000000,0.240424,0.032662,-0.039060,0.030969,0.030969,-0.001694,-0.005409,0.033651,0.019234,0.010570,-0.000708,-0.009315,0.003906,0.874916,0.000000,0.874916,0.874916,0.874916,0.437458,0.437458,0,0,1,0,0.000000,0.080000,0.008000,0.001000,5.500000,0.100000,26.000000,0.035000,0.000000
4.270000,0.500000,0.640000,-1.571347,-0.000000,-1.571347,-0.236897,0.000000,0.236897,0.032662,-0.039060,0.030969,0.030969,-0.001694,-0.005409,0.033651,0.018952,0.010579,-0.000705,-0.009315,0.003906,0.874916,0.000000,0.874916,0.874916,0.874916,0.437458,0.437458,0,0,1,0,0.000000,0.080000,0.008000,0.001000,5.500000,0.100000,26.000000,0.035000,0.000000
4.275000,0.500000,0.640000,-1.572216,-0.000000,-1.572216,-0.233865,0.000000,0.233865,0.031314,-0.056118,0.030969,0.030969,-0.000345,0.003714,0.059832,0.018709,0.010588,-0.000606,-0.001897,0.005612,1.555636,0.183271,1.738907,1.738907,1.738907,0.869453,0.869453,0,0,1,0,0.000000,0.080000,0.008000,0.001000,5.500000,0.100000,26.000000,0.035000,0.000000
4.280000,0.500000,0.640000,-1.573109,-0.000000,-1.573109,-0.231180,0.000000,0.231180,0.031314,-0.056118,0.030969,0.030969,-0.000345,0.003714,0.059832,0.018494,0.010598,-0.000537,-0.001897,0.005612,1.555636,0.000000,1.555636,1.555636,1.555636,0.777818,0.777818,0,0,1,0,0.000000,0.080000,0.008000,0.001000,5.500000,0.100000,26.000000,0.035000,0.000000
4.285000,0.500000,0.640000,-1.574048,-0.000000,-1.574048,-0.229264,0.000000,0.229264,0.030135,-0.064976,0.030969,0.030969,0.000834,0.011085,0.076061,0.018341,0.010607,-0.000383,0.004588,0.006498,1.977588,0.113602,2.091190,2.091190,2.091190,1.045595,1.045595,0,0,1,0,0.000000,0.080000,0.008000,0.001000,5.500000,0.100000,26.000000,0.035000,0.000000
4.290000,0.500000,0.640000,-1.575043,-0.000000,-1.575043,-0.227964,0.000000,0.227964,0.030135,-0.064976,0.030969,0.030969,0.000834,0.011085,0.076061,0.018237,0.010616,-0.000260,0.004588,0.006498,1.977588,0.000000,1.977588,1.977588,1.977588,0.988794,0.988794,0,0,1,0,0.000000,0.080000,0.008000,0.001000,5.500000,0.100000,26.000000,0.035000,0.000000
4.295000,0.500000,0.640000,-1.576107,-0.000000,-1.576107,-0.227511,0.000000,0.227511,0.029312,-0.064403,0.030969,0.030969,0.001657,0.015555,0.079958,0.018201,0.010625,-0.000091,0.009115,0.006440,2.078918,0.027281,2.106199,2.106199,2.106199,1.053100,1.053100,0,0,1,0,0.000000,0.080000,0.008000,0.001000,5.500000,0.100000,26.000000,0.035000,0.000000
4.300000,0.500000,0.640000,-1.577243,-0.000000,-1.577243,-0.227778,0.000000,0.227778,0.029312,-0.064403,0.030969,0.030969,0.001657,0.015555,0.079958,0.018222,0.010634,0.000053,0.009115,0.006440,2.078918,0.000000,2.078918,2.078918,2.078918,1.039459,1.039459,0,0,1,0,0.000000,0.080000,0.008000,0.001000,5.500000,0.100000,26.000000,0.035000,0.000000
4.309000,0.500000,0.640000,-1.579734,-0.000000,-1.579734,-0.230429,0.000000,0.230429,0.028937,-0.055372,0.030969,0.030969,0.002032,0.016712,0.072084,0.018434,0.010651,0.000295,0.011175,0.005537,1.874179,-0.030623,1.843556,1.843556,1.843556,0.921778,0.921778,0,0,1,0,0.000000,0.080000,0.008000,0.001000,5.500000,0.100000,26.000000,0.035000,0.000000
4.314000,0.500000,0.640000,-1.581084,-0.000000,-1.581084,-0.232686,0.000000,0.232686,0.029010,-0.039785,0.030969,0.030969,0.001959,0.014752,0.054537,0.018615,0.010660,0.000451,0.010774,0.003978,1.417965,-0.122827,1.295139,1.295139,1.295139,0.647569,0.647569,0,0,1,0,0.000000,0.080000,0.008000,0.001000,5.500000,0.100000,26.000000,0.035000,0.000000
4.319000,0.500000,0.640000,-1.582495,-0.000000,-1.582495,-0.235373,0.000000,0.235373,0.029010,-0.039785,0.030969,0.030969,0.001959,0.014752,0.054537,0.018830,0.010669,0.000537,0.010774,0.003978,1.417965,0.000000,1.417965,1.417965,1.417965,0.708983,0.708983,0,0,1,0,0.000000,0.080000,0.008000,0.001000,5.500000,0.100000,26.000000,0.035000,0.000000
4.324000,0.500000,0.640000,-1.583941,-0.000000,-1.583941,-0.238167,0.000000,0.238167,0.029435,-0.022511,0.030969,0.030969,0.001534,0.010687,0.033198,0.019053,0.010679,0.000559,0.008436,0.002251,0.863143,-0.149375,0.713767,0.713767,0.713767,0.356884,0.356884,0,0,1,0,0.000000,0.080000,0.008000,0.001000,5.500000,0.100000,26.000000,0.035000,0.000000
4.329000,0.500000,0.640000,-1.585416,-0.000000,-1.585416,-0.241122,0.000000,0.241122,0.029435,-0.022511,0.030969,0.030969,0.001534,0.010687,0.033198,0.019290,0.010689,0.000591,0.008436,0.002251,0.863143,0.000000,0.863143,0.863143,0.863143,0.431571,0.431571,0,0,1,0,0.000000,0.080000,0.008000,0.001000,5.500000,0.100000,26.000000,0.035000,0.000000
4.334000,0.500000,0.640000,-1.586898,-0.000000,-1.586898,-0.243853,0.000000,0.243853,0.030014,-0.007207,0.030969,0.030969,0.000955,0.005973,0.013180,0.019508,0.010698,0.000546,0.005252,0.000721,0.342669,-0.140128,0.202541,0.202541,0.202541,0.101271,0.101271,0,0,1,0,0.000000,0.080000,0.008000,0.001000,5.500000,0.100000,26.000000,0.035000,0.000000
4.343000,0.500000,0.640000,-1.589836,-0.000000,-1.589836,-0.248589,0.000000,0.248589,0.030563,0.003197,0.030969,0.030969,0.000405,0.001911,-0.001286,0.019887,0.010716,0.000526,0.002230,-0.000320,-0.033443,-0.056256,-0.089699,-0.089699,-0.089699,-0.044850,-0.044850,0,0,1,0,0.000000,0.080000,0.008000,0.001000,5.500000,0.100000,26.000000,0.035000,0.000000
4.348000,0.500000,0.640000,-1.591262,-0.000000,-1.591262,-0.250290,0.000000,0.250290,0.030563,0.003197,0.030969,0.030969,0.000405,0.001911,-0.001286,0.020023,0.010726,0.000340,0.002230,-0.000320,-0.033443,0.000000,-0.033443,-0.033443,-0.033443,-0.016721,-0.016721,0,0,1,0,0.000000,0.080000,0.008000,0.001000,5.500000,0.100000,26.000000,0.035000,0.000000
4.353000,0.500000,0.640000,-1.592647,-0.000000,-1.592647,-0.251438,0.000000,0.251438,0.030912,0.006873,0.030969,0.030969,0.000057,-0.000375,-0.007249,0.020115,0.010736,0.000230,0.000312,-0.000687,-0.188470,-0.041738,-0.230208,-0.230208,-0.230208,-0.115104,-0.115104,0,0,1,0,0.000000,0.080000,0.008000,0.001000,5.500000,0.100000,26.000000,0.035000,0.000000
4.358000,0.500000,0.640000,-1.593987,-0.000000,-1.593987,-0.252105,0.000000,0.252105,0.030912,0.006873,0.030969,0.030969,0.000057,-0.000375,-0.007249,0.020168,0.010746,0.000133,0.000312,-0.000687,-0.188470,0.000000,-0.188470,-0.188470,-0.188470,-0.094235,-0.094235,0,0,1,0,0.000000,0.080000,0.008000,0.001000,5.500000,0.100000,26.000000,0.035000,0.000000
4.363000,0.500000,0.640000,-1.595280,-0.000000,-1.595280,-0.252224,0.000000,0.252224,0.030982,0.004245,0.030969,0.030969,-0.000013,-0.000497,-0.004742,0.020178,0.010757,0.000024,-0.000072,-0.000425,-0.123302,0.017545,-0.105757,-0.105757,-0.105757,-0.052878,-0.052878,0,0,1,0,0.000000,0.080000,0.008000,0.001000,5.500000,0.100000,26.000000,0.035000,0.000000
4.368000,0.500000,0.640000,-1.596524,-0.000000,-1.596524,-0.251860,0.000000,0.251860,0.030982,0.004245,0.030969,0.030969,-0.000013,-0.000497,-0.004742,0.020149,0.010767,-0.000073,-0.000072,-0.000425,-0.123302,0.000000,-0.123302,-0.123302,-0.123302,-0.061651,-0.061651,0,0,1,0,0.000000,0.080000,0.008000,0.001000,5.500000,0.100000,26.000000,0.035000,0.000000
4.373000,0.500000,0.640000,-1.597723,-0.000000,-1.597723,-0.251094,0.000000,0.251094,0.030752,-0.003246,0.030969,0.030969,0.000216,0.001515,0.004761,0.020088,0.010777,-0.000153,0.001190,0.000325,0.123787,0.066524,0.190312,0.190312,0.190312,0.095156,0.095156,0,0,1,0,0.000000,0.080000,0.008000,0.001000,5.500000,0.100000,26.000000,0.035000,0.000000
4.378000,0.500000,0.640000,-1.598881,-0.000000,-1.598881,-0.249949,0.000000,0.249949,0.030752,-0.003246,0.030969,0.030969,0.000216,0.001515,0.004761,0.019996,0.010787,-0.000229,0.001190,0.000325,0.123787,0.000000,0.123787,0.123787,0.123787,0.061894,0.061894,0,0,1,0,0.000000,0.080000,0.008000,0.001000,5.500000,0.100000,26.000000,0.035000,0.000000
4.383000,0.500000,0.640000,-1.600007,-0.000000,-1.600007,-0.248619,0.000000,0.248619,0.030272,-0.013268,0.030969,0.030969,0.000697,0.005159,0.018427,0.019890,0.010797,-0.000266,0.003832,0.001327,0.479101,0.095661,0.574762,0.574762,0.574762,0.287381,0.287381,0,0,1,0,0.000000,0.080000,0.008000,0.001000,5.500000,0.100000,26.000000,0.035000,0.000000
4.388000,0.500000,0.640000,-1.601108,-0.000000,-1.601108,-0.247084,0.000000,0.247084,0.030272,-0.013268,0.030969,0.030969,0.000697,0.005159,0.018427,0.019767,0.010806,-0.000307,0.003832,0.001327,0.479101,0.000000,0.479101,0.479101,0.479101,0.239551,0.239551,0,0,1,0,0.000000,0.080000,0.008000,0.001000,5.500000,0.100000,26.000000,0.035000,0.000000
4.397000,0.500000,0.640000,-1.603277,-0.000000,-1.603277,-0.244103,0.000000,0.244103,0.029640,-0.023205,0.030969,0.030969,0.001328,0.009626,0.032832,0.019528,0.010824,-0.000331,0.007306,0.002321,0.853625,0.056019,0.909643,0.909643,0.909643,0.454822,0.454822,0,0,1,0,0.000000,0.080000,0.008000,0.001000,5.500000,0.100000,26.000000,0.035000,0.000000
4.402000,0.500000,0.640000,-1.604351,-0.000000,-1.604351,-0.242586,0.000000,0.242586,0.028957,-0.032159,0.030969,0.030969,0.002012,0.014283,0.046442,0.019407,0.010834,-0.000303,0.011067,0.003216,1.207489,0.095271,1.302760,1.302760,1.302760,0.651380,0.651380,0,0,1,0,0.000000,0.080000,0.008000,0.001000,5.500000,0.100000,26.000000,0.035000,0.000000
4.407000,0.500000,0.640000,-1.605431,-0.000000,-1.605431,-0.241311,0.000000,0.241311,0.028957,-0.032159,0.030969,0.030969,0.002012,0.014283,0.046442,0.019305,0.010843,-0.000255,0.011067,0.003216,1.207489,0.000000,1.207489,1.207489,1.207489,0.603744,0.603744,0,0,1,0,0.000000,0.080000,0.008000,0.001000,5.500000,0.100000,26.000000,0.035000,0.000000
4.412000,0.500000,0.640000,-1.606537,-0.000000,-1.606537,-0.240446,0.000000,0.240446,0.028317,-0.036605,0.030969,0.030969,0.002651,0.018244,0.054848,0.019236,0.010853,-0.000173,0.014583,0.003660,1.426053,0.058844,1.484898,1.484898,1.484898,0.742449,0.742449,0,0,1,0,0.000000,0.080000,0.008000,0.001000,5.500000,0.100000,26.000000,0.035000,0.000000
4.417000,0.500000,0.640000,-1.607674,-0.000000,-1.607674,-0.239909,0.000000,0.239909,0.028317,-0.036605,0.030969,0.030969,0.002651,0.018244,0.054848,0.019193,0.010863,-0.000107,0.014583,0.003660,1.426053,0.000000,1.426053,1.426053,1.426053,0.713027,0.713027,0,0,1,0,0.000000,0.080000,0.008000,0.001000,5.500000,0.100000,26.000000,0.035000,0.000000
4.422000,0.500000,0.640000,-1.608848,-0.000000,-1.608848,-0.239818,0.000000,0.239818,0.027871,-0.036063,0.030969,0.030969,0.003097,0.020642,0.056706,0.019185,0.010872,-0.000018,0.017036,0.003606,1.474345,0.013002,1.487346,1.487346,1.487346,0.743673,0.743673,0,0,1,0,0.000000,0.080000,0.008000,0.001000,5.500000,0.100000,26.000000,0.035000,0.000000
4.427000,0.500000,0.640000,-1.610061,-0.000000,-1.610061,-0.240109,0.000000,0.240109,0.027871,-0.036063,0.030969,0.030969,0.003097,0.020642,0.056706,0.019209,0.010882,0.000058,0.017036,0.003606,1.474345,0.000000,1.474345,1.474345,1.474345,0.737172,0.737172,0,0,1,0,0.000000,0.080000,0.008000,0.001000,5.500000,0.100000,26.000000,0.035000,0.000000
4.432000,0.500000,0.640000,-1.611313,-0.000000,-1.611313,-0.240781,0.000000,0.240781,0.027664,-0.031087,0.030969,0.030969,0.003305,0.021285,0.052372,0.019262,0.010891,0.000134,0.018177,0.003109,1.361672,-0.030335,1.331337,1.331337,1.331337,0.665668,0.665668,0,0,1,0,0.000000,0.080000,0.008000,0.001000,5.500000,0.100000,26.000000,0.035000,0.000000
4.437000,0.500000,0.640000,-1.612604,-0.000000,-1.612604,-0.241797,0.000000,0.241797,0.027664,-0.031087,0.030969,0.030969,0.003305,0.021285,0.052372,0.019344,0.010901,0.000203,0.018177,0.003109,1.361672,0.000000,1.361672,1.361672,1.361672,0.680836,0.680836,0,0,1,0,0.000000,0.080000,0.008000,0.001000,5.500000,0.100000,26.000000,0.035000,0.000000
4.446000,0.500000,0.640000,-1.615279,-0.000000,-1.615279,-0.244547,0.000000,0.244547,0.027686,-0.023135,0.030969,0.030969,0.003283,0.020370,0.043506,0.019564,0.010919,0.000306,0.018057,0.002314,1.131143,-0.034481,1.096662,1.096662,1.096662,0.548331,0.548331,0,0,1,0,0.000000,0.080000,0.008000,0.001000,5.500000,0.100000,26.000000,0.035000,0.000000
4.451000,0.500000,0.640000,-1.616661,-0.000000,-1.616661,-0.246256,0.000000,0.246256,0.027894,-0.013247,0.030969,0.030969,0.003075,0.018236,0.031483,0.019700,0.010929,0.000342,0.016911,0.001325,0.818558,-0.084157,0.734401,0.734401,0.734401,0.367201,0.367201,0,0,1,0,0.000000,0.080000,0.008000,0.001000,5.500000,0.100000,26.000000,0.035000,0.000000
4.456000,0.500000,0.640000,-1.618064,-0.000000,-1.618064,-0.248024,0.000000,0.248024,0.027894,-0.013247,0.030969,0.030969,0.003075,0.018236,0.031483,0.019842,0.010938,0.000354,0.016911,0.001325,0.818558,0.000000,0.818558,0.818558,0.818558,0.409279,0.409279,0,0,1,0,0.000000,0.080000,0.008000,0.001000,5.500000,0.100000,26.000000,0.035000,0.000000
4.461000,0.500000,0.640000,-1.619469,-0.000000,-1.619469,-0.249656,0.000000,0.249656,0.028213,-0.004732,0.030969,0.030969,0.002756,0.015631,0.020363,0.019972,0.010948,0.000326,0.015158,0.000473,0.529447,-0.077838,0.451609,0.451609,0.451609,0.225804,0.225804,0,0,1,0,0.000000,0.080000,0.008000,0.001000,5.500000,0.100000,26.000000,0.035000,0.000000
4.466000,0.500000,0.640000,-1.620872,-0.000000,-1.620872,-0.251203,0.000000,0.251203,0.028213,-0.004732,0.030969,0.030969,0.002756,0.015631,0.020363,0.020096,0.010959,0.000310,0.015158,0.000473,0.529447,0.000000,0.529447,0.529447,0.529447,0.264723,0.264723,0,0,1,0,0.000000,0.080000,0.008000,0.001000,5.500000,0.100000,26.000000,0.035000,0.000000
4.471000,0.500000,0.640000,-1.620872,-0.000000,-1.620872,-0.251203,0.000000,0.251203,0.028508,0.000938,0.030969,0.030969,0.002461,0.013441,0.012504,0.020096,0.010969,0.000000,0.013535,-0.000094,0.325099,-0.055017,0.270083,0.270083,0.270083,0.135041,0.135041,0,0,1,0,0.000000,0.080000,0.008000,0.001000,5.500000,0.100000,26.000000,0.035000,0.000000
4.476000,0.500000,0.640000,-1.622264,-0.000000,-1.622264,-0.252481,0.000000,0.252481,0.028508,0.000938,0.030969,0.030969,0.002461,0.013441,0.012504,0.020199,0.010979,0.000256,0.013535,-0.000094,0.325099,0.000000,0.325099,0.325099,0.325099,0.162550,0.162550,0,0,1,0,0.000000,0.080000,0.008000,0.001000,5.500000,0.100000,26.000000,0.035000,0.000000
4.485000,0.500000,0.640000,-1.624991,-0.000000,-1.624991,-0.254288,0.000000,0.254288,0.028694,0.002951,0.030969,0.030969,0.002274,0.012214,0.009264,0.020343,0.010997,0.000201,0.012510,-0.000295,0.240861,-0.012600,0.228261,0.228261,0.228261,0.114131,0.114131,0,0,1,0,0.000000,0.080000,0.008000,0.001000,5.500000,0.100000,26.000000,0.035000,0.000000
4.490000,0.500000,0.640000,-1.626318,-0.000000,-1.626318,-0.254750,0.000000,0.254750,0.028726,0.001712,0.030969,0.030969,0.002243,0.012165,0.010453,0.020380,0.011007,0.000092,0.012336,-0.000171,0.271785,0.008326,0.280111,0.280111,0.280111,0.140055,0.140055,0,0,1,0,0.000000,0.080000,0.008000,0.001000,5.500000,0.100000,26.000000,0.035000,0.000000
4.495000,0.500000,0.640000,-1.627622,-0.000000,-1.627622,-0.254957,0.000000,0.254957,0.028726,0.001712,0.030969,0.030969,0.002243,0.012165,0.010453,0.020397,0.011017,0.000041,0.012336,-0.000171,0.271785,0.000000,0.271785,0.271785,0.271785,0.135892,0.135892,0,0,1,0,0.000000,0.080000,0.008000,0.001000,5.500000,0.100000,26.000000,0.035000,0.000000
4.500000,0.500000,0.640000,-1.628900,-0.000000,-1.628900,-0.254878,0.000000,0.254878,0.028726,0.001712,0.030969,0.030969,0.002243,0.012165,0.010453,0.020390,0.011028,-0.000016,0.012336,-0.000171,0.271785,0.000000,0.271785,0.271785,0.271785,0.135892,0.135892,0,0,1,0,0.000000,0.080000,0.008000,0.001000,5.500000,0.100000,26.000000,0.035000,0.000000
4.505000,0.500000,0.640000,-1.630152,-0.000000,-1.630152,-0.254563,0.000000,0.254563,0.028596,-0.002432,0.030969,0.030969,0.002372,0.013292,0.015723,0.020365,0.011038,-0.000063,0.013049,0.000243,0.408804,0.036890,0.445693,0.445693,0.445693,0.222847,0.222847,0,0,1,0,0.000000,0.080000,0.008000,0.001000,5.500000,0.100000,26.000000,0.035000,0.000000
4.510000,0.500000,0.640000,-1.631381,-0.000000,-1.631381,-0.254025,0.000000,0.254025,0.028596,-0.002432,0.030969,0.030969,0.002372,0.013292,0.015723,0.020322,0.011048,-0.000108,0.013049,0.000243,0.408804,0.000000,0.408804,0.408804,0.408804,0.204402,0.204402,0,0,1,0,0.000000,0.080000,0.008000,0.001000,5.500000,0.100000,26.000000,0.035000,0.000000
4.515000,0.500000,0.640000,-1.632591,-0.000000,-1.632591,-0.253373,0.000000,0.253373,0.028320,-0.008114,0.030969,0.030969,0.002648,0.015378,0.023492,0.020270,0.011058,-0.000130,0.014567,0.000811,0.610781,0.054379,0.665160,0.665160,0.665160,0.332580,0.332580,0,0,1,0,0.000000,0.080000,0.008000,0.001000,5.500000,0.100000,26.000000,0.035000,0.000000
4.524000,0.500000,0.640000,-1.634975,-0.000000,-1.634975,-0.251840,0.000000,0.251840,0.027954,-0.013835,0.030969,0.030969,0.003015,0.017966,0.031801,0.020147,0.011076,-0.000170,0.016583,0.001383,0.826823,0.032314,0.859137,0.859137,0.859137,0.429569,0.429569,0,0,1,0,0.000000,0.080000,0.008000,0.001000,5.500000,0.100000,26.000000,0.035000,0.000000
4.529000,0.500000,0.640000,-1.636161,-0.000000,-1.636161,-0.251102,0.000000,0.251102,0.027954,-0.013835,0.030969,0.030969,0.003015,0.017966,0.031801,0.020088,0.011086,-0.000148,0.016583,0.001383,0.826823,0.000000,0.826823,0.826823,0.826823,0.413412,0.413412,0,0,1,0,0.000000,0.080000,0.008000,0.001000,5.500000,0.100000,26.000000,0.035000,0.000000
4.534000,0.500000,0.640000,-1.637351,-0.000000,-1.637351,-0.250483,0.000000,0.250483,0.027572,-0.018174,0.030969,0.030969,0.003397,0.020499,0.038673,0.020039,0.011096,-0.000124,0.018681,0.001817,1.005496,0.048104,1.053601,1.053601,1.053601,0.526800,0.526800,0,0,1,0,0.000000,0.080000,0.008000,0.001000,5.500000,0.100000,26.000000,0.035000,0.000000
4.539000,0.500000,0.640000,-1.638549,-0.000000,-1.638549,-0.249955,0.000000,0.249955,0.027572,-0.018174,0.030969,0.030969,0.003397,0.020499,0.038673,0.019996,0.011106,-0.000105,0.018681,0.001817,1.005496,0.000000,1.005496,1.005496,1.005496,0.502748,0.502748,0,0,1,0,0.000000,0.080000,0.008000,0.001000,5.500000,0.100000,26.000000,0.035000,0.000000
4.544000,0.500000,0.640000,-1.639759,-0.000000,-1.639759,-0.249632,0.000000,0.249632,0.027235,-0.020349,0.030969,0.030969,0.003734,0.022569,0.042918,0.019971,0.011116,-0.000065,0.020534,0.002035,1.115860,0.029713,1.145573,1.145573,1.145573,0.572787,0.572787,0,0,1,0,0.000000,0.080000,0.008000,0.001000,5.500000,0.100000,26.000000,0.035000,0.000000
4.549000,0.500000,0.640000,-1.640985,-0.000000,-1.640985,-0.249470,0.000000,0.249470,0.027235,-0.020349,0.030969,0.030969,0.003734,0.022569,0.042918,0.019958,0.011126,-0.000032,0.020534,0.002035,1.115860,0.000000,1.115860,1.115860,1.115860,0.557930,0.557930,0,0,1,0,0.000000,0.080000,0.008000,0.001000,5.500000,0.100000,26.000000,0.035000,0.000000
4.554000,0.500000,0.640000,-1.642230,-0.000000,-1.642230,-0.249532,0.000000,0.249532,0.026994,-0.020048,0.030969,0.030969,0.003975,0.023868,0.043916,0.019963,0.011136,0.000012,0.021864,0.002005,1.141827,0.006991,1.148818,1.148818,1.148818,0.574409,0.574409,0,0,1,0,0.000000,0.080000,0.008000,0.001000,5.500000,0.100000,26.000000,0.035000,0.000000
4.559000,0.500000,0.640000,-1.643495,-0.000000,-1.643495,-0.249782,0.000000,0.249782,0.026994,-0.020048,0.030969,0.030969,0.003975,0.023868,0.043916,0.019983,0.011146,0.000050,0.021864,0.002005,1.141827,0.000000,1.141827,1.141827,1.141827,0.570913,0.570913,0,0,1,0,0.000000,0.080000,0.008000,0.001000,5.500000,0.100000,26.000000,0.035000,0.000000
4.564000,0.500000,0.640000,-1.644780,-0.000000,-1.644780,-0.250223,0.000000,0.250223,0.026871,-0.017539,0.030969,0.030969,0.004098,0.024293,0.041832,0.020018,0.011156,0.000088,0.022539,0.001754,1.087640,-0.014589,1.073051,1.073051,1.073051,0.536526,0.536526,0,0,1,0,0.000000,0.080000,0.008000,0.001000,5.500000,0.100000,26.000000,0.035000,0.000000
4.574000,0.500000,0.640000,-1.647406,-0.000000,-1.647406,-0.251569,0.000000,0.251569,0.026863,-0.013543,0.030969,0.030969,0.004106,0.023938,0.037482,0.020125,0.011176,0.000135,0.022584,0.001354,0.974522,-0.015227,0.959295,0.959295,0.959295,0.479647,0.479647,0,0,1,0,0.000000,0.080000,0.008000,0.001000,5.500000,0.100000,26.000000,0.035000,0.000000
4.583000,0.500000,0.640000,-1.650090,-0.000000,-1.650090,-0.253299,0.000000,0.253299,0.026940,-0.009023,0.030969,0.030969,0.004029,0.023062,0.032085,0.020264,0.011195,0.000192,0.022160,0.000902,0.834219,-0.020986,0.813233,0.813233,0.813233,0.406617,0.406617,0,0,1,0,0.000000,0.080000,0.008000,0.001000,5.500000,0.100000,26.000000,0.035000,0.000000
4.588000,0.500000,0.640000,-1.651446,-0.000000,-1.651446,-0.254222,0.000000,0.254222,0.026940,-0.009023,0.030969,0.030969,0.004029,0.023062,0.032085,0.020338,0.011205,0.000185,0.022160,0.000902,0.834219,0.000000,0.834219,0.834219,0.834219,0.417109,0.417109,0,0,1,0,0.000000,0.080000,0.008000,0.001000,5.500000,0.100000,26.000000,0.035000,0.000000
4.593000,0.500000,0.640000,-1.652805,-0.000000,-1.652805,-0.255102,0.000000,0.255102,0.027060,-0.004951,0.030969,0.030969,0.003909,0.021992,0.026943,0.020408,0.011215,0.000176,0.021497,0.000495,0.700530,-0.035993,0.664537,0.664537,0.664537,0.332268,0.332268,0,0,1,0,0.000000,0.080000,0.008000,0.001000,5.500000,0.100000,26.000000,0.035000,0.000000
4.598000,0.500000,0.640000,-1.654165,-0.000000,-1.654165,-0.255952,0.000000,0.255952,0.027060,-0.004951,0.030969,0.030969,0.003909,0.021992,0.026943,0.020476,0.011225,0.000170,0.021497,0.000495,0.700530,0.000000,0.700530,0.700530,0.700530,0.350265,0.350265,0,0,1,0,0.000000,0.080000,0.008000,0.001000,5.500000,0.100000,26.000000,0.035000,0.000000
4.603000,0.500000,0.640000,-1.655521,-0.000000,-1.655521,-0.256686,0.000000,0.256686,0.027178,-0.002105,0.030969,0.030969,0.003791,0.021059,0.023163,0.020535,0.011235,0.000147,0.020848,0.000210,0.602246,-0.026461,0.575785,0.575785,0.575785,0.287893,0.287893,0,0,1,0,0.000000,0.080000,0.008000,0.001000,5.500000,0.100000,26.000000,0.035000,0.000000
4.608000,0.500000,0.640000,-1.656871,-0.000000,-1.656871,-0.257330,0.000000,0.257330,0.027178,-0.002105,0.030969,0.030969,0.003791,0.021059,0.023163,0.020586,0.011246,0.000129,0.020848,0.000210,0.602246,0.000000,0.602246,0.602246,0.602246,0.301123,0.301123,0,0,1,0,0.000000,0.080000,0.008000,0.001000,5.500000,0.100000,26.000000,0.035000,0.000000
4.613000,0.500000,0.640000,-1.658211,-0.000000,-1.658211,-0.257825,0.000000,0.257825,0.027251,-0.000902,0.030969,0.030969,0.003717,0.020535,0.021438,0.020626,0.011256,0.000099,0.020445,0.000090,0.557381,-0.012079,0.545302,0.545302,0.545302,0.272651,0.272651,0,0,1,0,0.000000,0.080000,0.008000,0.001000,5.500000,0.100000,26.000000,0.035000,0.000000
4.618000,0.500000,0.640000,-1.659542,-0.000000,-1.659542,-0.258196,0.000000,0.258196,0.027251,-0.000902,0.030969,0.030969,0.003717,0.020535,0.021438,0.020656,0.011266,0.000074,0.020445,0.000090,0.557381,0.000000,0.557381,0.557381,0.557381,0.278690,0.278690,0,0,1,0,0.000000,0.080000,0.008000,0.001000,5.500000,0.100000,26.000000,0.035000,0.000000
4.627000,0.500000,0.640000,-1.662167,-0.000000,-1.662167,-0.258523,0.000000,0.258523,0.027254,-0.001361,0.030969,0.030969,0.003715,0.020566,0.021928,0.020682,0.011285,0.000036,0.020430,0.000136,0.570115,0.001905,0.572020,0.572020,0.572020,0.286010,0.286010,0,0,1,0,0.000000,0.080000,0.008000,0.001000,5.500000,0.100000,26.000000,0.035000,0.000000
4.632000,0.500000,0.640000,-1.663462,-0.000000,-1.663462,-0.258506,0.000000,0.258506,0.027179,-0.003188,0.030969,0.030969,0.003790,0.021165,0.024352,0.020680,0.011295,-0.000004,0.020846,0.000319,0.633165,0.016975,0.650140,0.650140,0.650140,0.325070,0.325070,0,0,1,0,0.000000,0.080000,0.008000,0.001000,5.500000,0.100000,26.000000,0.035000,0.000000
4.637000,0.500000,0.640000,-1.664747,-0.000000,-1.664747,-0.258387,0.000000,0.258387,0.027179,-0.003188,0.030969,0.030969,0.003790,0.021165,0.024352,0.020671,0.011306,-0.000024,0.020846,0.000319,0.633165,0.000000,0.633165,0.633165,0.633165,0.316582,0.316582,0,0,1,0,0.000000,0.080000,0.008000,0.001000,5.500000,0.100000,26.000000,0.035000,0.000000
4.642000,0.500000,0.640000,-1.666024,-0.000000,-1.666024,-0.258217,0.000000,0.258217,0.027035,-0.005716,0.030969,0.030969,0.003934,0.022207,0.027923,0.020657,0.011316,-0.000034,0.021636,0.000572,0.726010,0.024997,0.751007,0.751007,0.751007,0.375504,0.375504,0,0,1,0,0.000000,0.080000,0.008000,0.001000,5.500000,0.100000,26.000000,0.035000,0.000000
4.647000,0.500000,0.640000,-1.667295,-0.000000,-1.667295,-0.257989,0.000000,0.257989,0.027035,-0.005716,0.030969,0.030969,0.003934,0.022207,0.027923,0.020639,0.011326,-0.000046,0.021636,0.000572,0.726010,0.000000,0.726010,0.726010,0.726010,0.363005,0.363005,0,0,1,0,0.000000,0.080000,0.008000,0.001000,5.500000,0.100000,26.000000,0.035000,0.000000
4.652000,0.500000,0.640000,-1.668563,-0.000000,-1.668563,-0.257770,0.000000,0.257770,0.026850,-0.008270,0.030969,0.030969,0.004118,0.023478,0.031748,0.020622,0.011337,-0.000044,0.022651,0.000827,0.825449,0.026772,0.852221,0.852221,0.852221,0.426110,0.426110,0,0,1,0,0.000000,0.080000,0.008000,0.001000,5.500000,0.100000,26.000000,0.035000,0.000000
4.657000,0.500000,0.640000,-1.669830,-0.000000,-1.669830,-0.257545,0.000000,0.257545,0.026850,-0.008270,0.030969,0.030969,0.004118,0.023478,0.031748,0.020604,0.011347,-0.000045,0.022651,0.000827,0.825449,0.000000,0.825449,0.825449,0.825449,0.412724,0.412724,0,0,1,0,0.000000,0.080000,0.008000,0.001000,5.500000,0.100000,26.000000,0.035000,0.000000
4.662000,0.500000,0.640000,-1.671100,-0.000000,-1.671100,-0.257382,0.000000,0.257382,0.026657,-0.010239,0.030969,0.030969,0.004312,0.024741,0.034980,0.020591,0.011357,-0.000033,0.023717,0.001024,0.909474,0.022622,0.932096,0.932096,0.932096,0.466048,0.466048,0,0,1,0,0.000000,0.080000,0.008000,0.001000,5.500000,0.100000,26.000000,0.035000,0.000000
4.667000,0.500000,0.640000,-1.672373,-0.000000,-1.672373,-0.257261,0.000000,0.257261,0.026657,-0.010239,0.030969,0.030969,0.004312,0.024741,0.034980,0.020581,0.011367,-0.000024,0.023717,0.001024,0.909474,0.000000,0.909474,0.909474,0.909474,0.454737,0.454737,0,0,1,0,0.000000,0.080000,0.008000,0.001000,5.500000,0.100000,26.000000,0.035000,0.000000
4.676000,0.500000,0.640000,-1.674941,-0.000000,-1.674941,-0.257282,0.000000,0.257282,0.026484,-0.011210,0.030969,0.030969,0.004485,0.025786,0.036996,0.020583,0.011386,0.000002,0.024665,0.001121,0.961898,0.007841,0.969740,0.969740,0.969740,0.484870,0.484870,0,0,1,0,0.000000,0.080000,0.008000,0.001000,5.500000,0.100000,26.000000,0.035000,0.000000
4.681000,0.500000,0.640000,-1.676237,-0.000000,-1.676237,-0.257398,0.000000,0.257398,0.026353,-0.011243,0.030969,0.030969,0.004616,0.026512,0.037755,0.020592,0.011396,0.000023,0.025388,0.001124,0.981631,0.005313,0.986944,0.986944,0.986944,0.493472,0.493472,0,0,1,0,0.000000,0.080000,0.008000,0.001000,5.500000,0.100000,26.000000,0.035000,0.000000
4.686000,0.500000,0.640000,-1.677541,-0.000000,-1.677541,-0.257609,0.000000,0.257609,0.026353,-0.011243,0.030969,0.030969,0.004616,0.026512,0.037755,0.020609,0.011407,0.000042,0.025388,0.001124,0.981631,0.000000,0.981631,0.981631,0.981631,0.490816,0.490816,0,0,1,0,0.000000,0.080000,0.008000,0.001000,5.500000,0.100000,26.000000,0.035000,0.000000
4.691000,0.500000,0.640000,-1.678855,-0.000000,-1.678855,-0.257915,0.000000,0.257915,0.026271,-0.010151,0.030969,0.030969,0.004698,0.026853,0.037004,0.020633,0.011417,0.000061,0.025838,0.001015,0.962116,-0.005254,0.956862,0.956862,0.956862,0.478431,0.478431,0,0,1,0,0.000000,0.080000,0.008000,0.001000,5.500000,0.100000,26.000000,0.035000,0.000000
4.696000,0.500000,0.640000,-1.680180,-0.000000,-1.680180,-0.258305,0.000000,0.258305,0.026271,-0.010151,0.030969,0.030969,0.004698,0.026853,0.037004,0.020664,0.011427,0.000078,0.025838,0.001015,0.962116,0.000000,0.962116,0.962116,0.962116,0.481058,0.481058,0,0,1,0,0.000000,0.080000,0.008000,0.001000,5.500000,0.100000,26.000000,0.035000,0.000000
4.701000,0.500000,0.640000,-1.681513,-0.000000,-1.681513,-0.258760,0.000000,0.258760,0.026246,-0.008283,0.030969,0.030969,0.004723,0.026805,0.035088,0.020701,0.011438,0.000091,0.025976,0.000828,0.912284,-0.013416,0.898867,0.898867,0.898867,0.449434,0.449434,0,0,1,0,0.000000,0.080000,0.008000,0.001000,5.500000,0.100000,26.000000,0.035000,0.000000
4.706000,0.500000,0.640000,-1.682856,-0.000000,-1.682856,-0.259277,0.000000,0.259277,0.026246,-0.008283,0.030969,0.030969,0.004723,0.026805,0.035088,0.020742,0.011448,0.000103,0.025976,0.000828,0.912284,0.000000,0.912284,0.912284,0.912284,0.456142,0.456142,0,0,1,0,0.000000,0.080000,0.008000,0.001000,5.500000,0.100000,26.000000,0.035000,0.000000
4.711000,0.500000,0.640000,-1.684204,-0.000000,-1.684204,-0.259816,0.000000,0.259816,0.026265,-0.006090,0.030969,0.030969,0.004704,0.026479,0.032569,0.020785,0.011458,0.000108,0.025870,0.000609,0.846799,-0.017631,0.829168,0.829168,0.829168,0.414584,0.414584,0,0,1,0,0.000000,0.080000,0.008000,0.001000,5.500000,0.100000,26.000000,0.035000,0.000000
4.720000,0.500000,0.640000,-1.685557,-0.000000,-1.685557,-0.260383,0.000000,0.260383,0.026309,-0.004046,0.030969,0.030969,0.004660,0.026033,0.030079,0.020831,0.011477,0.000063,0.025629,0.000405,0.782059,-0.009683,0.772376,0.772376,0.772376,0.386188,0.386188,0,0,1,0,0.000000,0.080000,0.008000,0.001000,5.500000,0.100000,26.000000,0.035000,0.000000
4.725000,0.500000,0.640000,-1.686914,-0.000000,-1.686914,-0.260930,0.000000,0.260930,0.026309,-0.004046,0.030969,0.030969,0.004660,0.026033,0.030079,0.020874,0.011488,0.000110,0.025629,0.000405,0.782059,0.000000,0.782059,0.782059,0.782059,0.391029,0.391029,0,0,1,0,0.000000,0.080000,0.008000,0.001000,5.500000,0.100000,26.000000,0.035000,0.000000
4.730000,0.500000,0.640000,-1.688271,-0.000000,-1.688271,-0.261460,0.000000,0.261460,0.026309,-0.004046,0.030969,0.030969,0.004660,0.026033,0.030079,0.020917,0.011498,0.000106,0.025629,0.000405,0.782059,0.000000,0.782059,0.782059,0.782059,0.391029,0.391029,0,0,1,0,0.000000,0.080000,0.008000,0.001000,5.500000,0.100000,26.000000,0.035000,0.000000
4.735000,0.500000,0.640000,-1.689627,-0.000000,-1.689627,-0.261943,0.000000,0.261943,0.026353,-0.002569,0.030969,0.030969,0.004616,0.025645,0.028214,0.020955,0.011508,0.000097,0.025388,0.000257,0.733565,-0.013056,0.720508,0.720508,0.720508,0.360254,0.360254,0,0,1,0,0.000000,0.080000,0.008000,0.001000,5.500000,0.100000,26.000000,0.035000,0.000000
4.740000,0.500000,0.640000,-1.690982,-0.000000,-1.690982,-0.262386,0.000000,0.262386,0.026353,-0.002569,0.030969,0.030969,0.004616,0.025645,0.028214,0.020991,0.011519,0.000089,0.025388,0.000257,0.733565,0.000000,0.733565,0.733565,0.733565,0.366782,0.366782,0,0,1,0,0.000000,0.080000,0.008000,0.001000,5.500000,0.100000,26.000000,0.035000,0.000000
4.745000,0.500000,0.640000,-1.692335,-0.000000,-1.692335,-0.262794,0.000000,0.262794,0.026382,-0.001658,0.030969,0.030969,0.004587,0.025394,0.027053,0.021023,0.011530,0.000081,0.025228,0.000166,0.703369,-0.008130,0.695239,0.695239,0.695239,0.347620,0.347620,0,0,1,0,0.000000,0.080000,0.008000,0.001000,5.500000,0.100000,26.000000,0.035000,0.000000
4.750000,0.500000,0.640000,-1.693686,-0.000000,-1.693686,-0.263142,0.000000,0.263142,0.026382,-0.001658,0.030969,0.030969,0.004587,0.025394,0.027053,0.021051,0.011540,0.000070,0.025228,0.000166,0.703369,0.000000,0.703369,0.703369,0.703369,0.351684,0.351684,0,0,1,0,0.000000,0.080000,0.008000,0.001000,5.500000,0.100000,26.000000,0.035000,0.000000
4.755000,0.500000,0.640000,-1.695031,-0.000000,-1.695031,-0.263414,0.000000,0.263414,0.026385,-0.001611,0.030969,0.030969,0.004583,0.025369,0.026980,0.021073,0.011551,0.000055,0.025208,0.000161,0.701475,-0.000510,0.700965,0.700965,0.700965,0.350482,0.350482,0,0,1,0,0.000000,0.080000,0.008000,0.001000,5.500000,0.100000,26.000000,0.035000,0.000000
4.765000,0.500000,0.640000,-1.697705,-0.000000,-1.697705,-0.263766,0.000000,0.263766,0.026350,-0.002303,0.030969,0.030969,0.004619,0.025632,0.027935,0.021101,0.011572,0.000035,0.025402,0.000230,0.726314,0.003344,0.729658,0.729658,0.729658,0.364829,0.364829,0,0,1,0,0.000000,0.080000,0.008000,0.001000,5.500000,0.100000,26.000000,0.035000,0.000000
4.774000,0.500000,0.640000,-1.700360,-0.000000,-1.700360,-0.263902,0.000000,0.263902,0.026279,-0.003480,0.030969,0.030969,0.004690,0.026144,0.029624,0.021112,0.011591,0.000015,0.025796,0.000348,0.770216,0.006567,0.776783,0.776783,0.776783,0.388391,0.388391,0,0,1,0,0.000000,0.080000,0.008000,0.001000,5.500000,0.100000,26.000000,0.035000,0.000000
4.779000,0.500000,0.640000,-1.701683,-0.000000,-1.701683,-0.263916,0.000000,0.263916,0.026279,-0.003480,0.030969,0.030969,0.004690,0.026144,0.029624,0.021113,0.011601,0.000003,0.025796,0.000348,0.770216,0.000000,0.770216,0.770216,0.770216,0.385108,0.385108,0,0,1,0,0.000000,0.080000,0.008000,0.001000,5.500000,0.100000,26.000000,0.035000,0.000000
4.784000,0.500000,0.640000,-1.703003,-0.000000,-1.703003,-0.263921,0.000000,0.263921,0.026181,-0.004792,0.030969,0.030969,0.004788,0.026811,0.031603,0.021114,0.011612,0.000001,0.026332,0.000479,0.821667,0.013852,0.835519,0.835519,0.835519,0.417760,0.417760,0,0,1,0,0.000000,0.080000,0.008000,0.001000,5.500000,0.100000,26.000000,0.035000,0.000000
4.789000,0.500000,0.640000,-1.704322,-0.000000,-1.704322,-0.263914,0.000000,0.263914,0.026181,-0.004792,0.030969,0.030969,0.004788,0.026811,0.031603,0.021113,0.011622,-0.000001,0.026332,0.000479,0.821667,0.000000,0.821667,0.821667,0.821667,0.410834,0.410834,0,0,1,0,0.000000,0.080000,0.008000,0.001000,5.500000,0.100000,26.000000,0.035000,0.000000
4.794000,0.500000,0.640000,-1.705643,-0.000000,-1.705643,-0.263931,0.000000,0.263931,0.026073,-0.005901,0.030969,0.030969,0.004895,0.027515,0.033417,0.021114,0.011633,0.000003,0.026925,0.000590,0.868830,0.012698,0.881527,0.881527,0.881527,0.440764,0.440764,0,0,1,0,0.000000,0.080000,0.008000,0.001000,5.500000,0.100000,26.000000,0.035000,0.000000
4.799000,0.500000,0.640000,-1.706965,-0.000000,-1.706965,-0.263962,0.000000,0.263962,0.026073,-0.005901,0.030969,0.030969,0.004895,0.027515,0.033417,0.021117,0.011643,0.000006,0.026925,0.000590,0.868830,0.000000,0.868830,0.868830,0.868830,0.434415,0.434415,0,0,1,0,0.000000,0.080000,0.008000,0.001000,5.500000,0.100000,26.000000,0.035000,0.000000
4.804000,0.500000,0.640000,-1.708290,-0.000000,-1.708290,-0.264036,0.000000,0.264036,0.025972,-0.006560,0.030969,0.030969,0.004997,0.028140,0.034701,0.021123,0.011654,0.000015,0.027484,0.000656,0.902213,0.008988,0.911201,0.911201,0.911201,0.455601,0.455601,0,0,1,0,0.000000,0.080000,0.008000,0.001000,5.500000,0.100000,26.000000,0.035000,0.000000
4.809000,0.500000,0.640000,-1.709620,-0.000000,-1.709620,-0.264145,0.000000,0.264145,0.025972,-0.006560,0.030969,0.030969,0.004997,0.028140,0.034701,0.021132,0.011665,0.000022,0.027484,0.000656,0.902213,0.000000,0.902213,0.902213,0.902213,0.451107,0.451107,0,0,1,0,0.000000,0.080000,0.008000,0.001000,5.500000,0.100000,26.000000,0.035000,0.000000
4.814000,0.500000,0.640000,-1.710954,-0.000000,-1.710954,-0.264305,0.000000,0.264305,0.025889,-0.006646,0.030969,0.030969,0.005079,0.028602,0.035248,0.021144,0.011675,0.000032,0.027937,0.000665,0.916451,0.003833,0.920284,0.920284,0.920284,0.460142,0.460142,0,0,1,0,0.000000,0.080000,0.008000,0.001000,5.500000,0.100000,26.000000,0.035000,0.000000
4.819000,0.500000,0.640000,-1.712294,-0.000000,-1.712294,-0.264509,0.000000,0.264509,0.025889,-0.006646,0.030969,0.030969,0.005079,0.028602,0.035248,0.021161,0.011686,0.000041,0.027937,0.000665,0.916451,0.000000,0.916451,0.916451,0.916451,0.458225,0.458225,0,0,1,0,0.000000,0.080000,0.008000,0.001000,5.500000,0.100000,26.000000,0.035000,0.000000
4.824000,0.500000,0.640000,-1.713640,-0.000000,-1.713640,-0.264763,0.000000,0.264763,0.025834,-0.006178,0.030969,0.030969,0.005135,0.028858,0.035036,0.021181,0.011696,0.000051,0.028240,0.000618,0.910947,-0.001482,0.909465,0.909465,0.909465,0.454733,0.454733,0,0,1,0,0.000000,0.080000,0.008000,0.001000,5.500000,0.100000,26.000000,0.035000,0.000000
4.833000,0.500000,0.640000,-1.716347,-0.000000,-1.716347,-0.265390,0.000000,0.265390,0.025807,-0.005294,0.030969,0.030969,0.005161,0.028917,0.034210,0.021231,0.011715,0.000070,0.028387,0.000529,0.889473,-0.003212,0.886261,0.886261,0.886261,0.443130,0.443130,0,0,1,0,0.000000,0.080000,0.008000,0.001000,5.500000,0.100000,26.000000,0.035000,0.000000
4.838000,0.500000,0.640000,-1.717709,-0.000000,-1.717709,-0.265753,0.000000,0.265753,0.025807,-0.005294,0.030969,0.030969,0.005161,0.028917,0.034210,0.021260,0.011726,0.000073,0.028387,0.000529,0.889473,0.000000,0.889473,0.889473,0.889473,0.444736,0.444736,0,0,1,0,0.000000,0.080000,0.008000,0.001000,5.500000,0.100000,26.000000,0.035000,0.000000
4.843000,0.500000,0.640000,-1.719074,-0.000000,-1.719074,-0.266133,0.000000,0.266133,0.025804,-0.004203,0.030969,0.030969,0.005165,0.028826,0.033029,0.021291,0.011737,0.000076,0.028406,0.000420,0.858762,-0.008268,0.850494,0.850494,0.850494,0.425247,0.425247,0,0,1,0,0.000000,0.080000,0.008000,0.001000,5.500000,0.100000,26.000000,0.035000,0.000000
4.848000,0.500000,0.640000,-1.720443,-0.000000,-1.720443,-0.266529,0.000000,0.266529,0.025804,-0.004203,0.030969,0.030969,0.005165,0.028826,0.033029,0.021322,0.011747,0.000079,0.028406,0.000420,0.858762,0.000000,0.858762,0.858762,0.858762,0.429381,0.429381,0,0,1,0,0.000000,0.080000,0.008000,0.001000,5.500000,0.100000,26.000000,0.035000,0.000000
4.853000,0.500000,0.640000,-1.721814,-0.000000,-1.721814,-0.266920,0.000000,0.266920,0.025815,-0.003147,0.030969,0.030969,0.005154,0.028659,0.031806,0.021354,0.011758,0.000078,0.028344,0.000315,0.826959,-0.008562,0.818397,0.818397,0.818397,0.409198,0.409198,0,0,1,0,0.000000,0.080000,0.008000,0.001000,5.500000,0.100000,26.000000,0.035000,0.000000
4.858000,0.500000,0.640000,-1.723187,-0.000000,-1.723187,-0.267310,0.000000,0.267310,0.025815,-0.003147,0.030969,0.030969,0.005154,0.028659,0.031806,0.021385,0.011769,0.000078,0.028344,0.000315,0.826959,0.000000,0.826959,0.826959,0.826959,0.413480,0.413480,0,0,1,0,0.000000,0.080000,0.008000,0.001000,5.500000,0.100000,26.000000,0.035000,0.000000
4.863000,0.500000,0.640000,-1.724560,-0.000000,-1.724560,-0.267677,0.000000,0.267677,0.025829,-0.002328,0.030969,0.030969,0.005139,0.028499,0.030827,0.021414,0.011779,0.000073,0.028266,0.000233,0.801496,-0.006856,0.794640,0.794640,0.794640,0.397320,0.397320,0,0,1,0,0.000000,0.080000,0.008000,0.001000,5.500000,0.100000,26.000000,0.035000,0.000000
4.868000,0.500000,0.640000,-1.725934,-0.000000,-1.725934,-0.268026,0.000000,0.268026,0.025829,-0.002328,0.030969,0.030969,0.005139,0.028499,0.030827,0.021442,0.011790,0.000070,0.028266,0.000233,0.801496,0.000000,0.801496,0.801496,0.801496,0.400748,0.400748,0,0,1,0,0.000000,0.080000,0.008000,0.001000,5.500000,0.100000,26.000000,0.035000,0.000000
4.873000,0.500000,0.640000,-1.727306,-0.000000,-1.727306,-0.268343,0.000000,0.268343,0.025836,-0.001875,0.030969,0.030969,0.005132,0.028416,0.030291,0.021467,0.011801,0.000063,0.028228,0.000187,0.787559,-0.003752,0.783807,0.783807,0.783807,0.391904,0.391904,0,0,1,0,0.000000,0.080000,0.008000,0.001000,5.500000,0.100000,26.000000,0.035000,0.000000
4.878000,0.500000,0.640000,-1.728677,-0.000000,-1.728677,-0.268632,0.000000,0.268632,0.025836,-0.001875,0.030969,0.030969,0.005132,0.028416,0.030291,0.021491,0.011812,0.000058,0.028228,0.000187,0.787559,0.000000,0.787559,0.787559,0.787559,0.393780,0.393780,0,0,1,0,0.000000,0.080000,0.008000,0.001000,5.500000,0.100000,26.000000,0.035000,0.000000
4.887000,0.500000,0.640000,-1.731414,-0.000000,-1.731414,-0.269109,0.000000,0.269109,0.025828,-0.001824,0.030969,0.030969,0.005140,0.028454,0.030279,0.021529,0.011831,0.000053,0.028272,0.000182,0.787244,-0.000047,0.787197,0.787197,0.787197,0.393598,0.393598,0,0,1,0,0.000000,0.080000,0.008000,0.001000,5.500000,0.100000,26.000000,0.035000,0.000000
4.892000,0.500000,0.640000,-1.732780,-0.000000,-1.732780,-0.269304,0.000000,0.269304,0.025803,-0.002120,0.030969,0.030969,0.005166,0.028626,0.030746,0.021544,0.011842,0.000039,0.028414,0.000212,0.799401,0.003273,0.802673,0.802673,0.802673,0.401337,0.401337,0,0,1,0,0.000000,0.080000,0.008000,0.001000,5.500000,0.100000,26.000000,0.035000,0.000000
4.897000,0.500000,0.640000,-1.734144,-0.000000,-1.734144,-0.269472,0.000000,0.269472,0.025803,-0.002120,0.030969,0.030969,0.005166,0.028626,0.030746,0.021558,0.011853,0.000034,0.028414,0.000212,0.799401,0.000000,0.799401,0.799401,0.799401,0.399700,0.399700,0,0,1,0,0.000000,0.080000,0.008000,0.001000,5.500000,0.100000,26.000000,0.035000,0.000000
4.902000,0.500000,0.640000,-1.735506,-0.000000,-1.735506,-0.269622,0.000000,0.269622,0.025760,-0.002640,0.030969,0.030969,0.005209,0.028913,0.031553,0.021570,0.011863,0.000030,0.028649,0.000264,0.820368,0.005645,0.826014,0.826014,0.826014,0.413007,0.413007,0,0,1,0,0.000000,0.080000,0.008000,0.001000,5.500000,0.100000,26.000000,0.035000,0.000000
4.907000,0.500000,0.640000,-1.736868,-0.000000,-1.736868,-0.269755,0.000000,0.269755,0.025760,-0.002640,0.030969,0.030969,0.005209,0.028913,0.031553,0.021580,0.011874,0.000027,0.028649,0.000264,0.820368,0.000000,0.820368,0.820368,0.820368,0.410184,0.410184,0,0,1,0,0.000000,0.080000,0.008000,0.001000,5.500000,0.100000,26.000000,0.035000,0.000000
4.912000,0.500000,0.640000,-1.738230,-0.000000,-1.738230,-0.269885,0.000000,0.269885,0.025705,-0.003227,0.030969,0.030969,0.005263,0.029271,0.032498,0.021591,0.011885,0.000026,0.028948,0.000323,0.844940,0.006615,0.851555,0.851555,0.851555,0.425778,0.425778,0,0,1,0,0.000000,0.080000,0.008000,0.001000,5.500000,0.100000,26.000000,0.035000,0.000000
4.917000,0.500000,0.640000,-1.739592,-0.000000,-1.739592,-0.270009,0.000000,0.270009,0.025705,-0.003227,0.030969,0.030969,0.005263,0.029271,0.032498,0.021601,0.011896,0.000025,0.028948,0.000323,0.844940,0.000000,0.844940,0.844940,0.844940,0.422470,0.422470,0,0,1,0,0.000000,0.080000,0.008000,0.001000,5.500000,0.100000,26.000000,0.035000,0.000000
4.922000,0.500000,0.640000,-1.740955,-0.000000,-1.740955,-0.270144,0.000000,0.270144,0.025646,-0.003727,0.030969,0.030969,0.005323,0.029647,0.033373,0.021612,0.011907,0.000027,0.029274,0.000373,0.867705,0.006129,0.873834,0.873834,0.873834,0.436917,0.436917,0,0,1,0,0.000000,0.080000,0.008000,0.001000,5.500000,0.100000,26.000000,0.035000,0.000000
4.927000,0.500000,0.640000,-1.742319,-0.000000,-1.742319,-0.270284,0.000000,0.270284,0.025646,-0.003727,0.030969,0.030969,0.005323,0.029647,0.033373,0.021623,0.011917,0.000028,0.029274,0.000373,0.867705,0.000000,0.867705,0.867705,0.867705,0.433853,0.433853,0,0,1,0,0.000000,0.080000,0.008000,0.001000,5.500000,0.100000,26.000000,0.035000,0.000000
4.932000,0.500000,0.640000,-1.743685,-0.000000,-1.743685,-0.270445,0.000000,0.270445,0.025590,-0.004023,0.030969,0.030969,0.005379,0.029987,0.034010,0.021636,0.011928,0.000032,0.029585,0.000402,0.884254,0.004456,0.888710,0.888710,0.888710,0.444355,0.444355,0,0,1,0,0.000000,0.080000,0.008000,0.001000,5.500000,0.100000,26.000000,0.035000,0.000000
4.937000,0.500000,0.640000,-1.745054,-0.000000,-1.745054,-0.270621,0.000000,0.270621,0.025590,-0.004023,0.030969,0.030969,0.005379,0.029987,0.034010,0.021650,0.011939,0.000035,0.029585,0.000402,0.884254,0.000000,0.884254,0.884254,0.884254,0.442127,0.442127,0,0,1,0,0.000000,0.080000,0.008000,0.001000,5.500000,0.100000,26.000000,0.035000,0.000000
4.942000,0.500000,0.640000,-1.746426,-0.000000,-1.746426,-0.270821,0.000000,0.270821,0.025542,-0.004056,0.030969,0.030969,0.005427,0.030253,0.034309,0.021666,0.011950,0.000040,0.029847,0.000406,0.892027,0.002093,0.894119,0.894119,0.894119,0.447060,0.447060,0,0,1,0,0.000000,0.080000,0.008000,0.001000,5.500000,0.100000,26.000000,0.035000,0.000000
4.947000,0.500000,0.640000,-1.747801,-0.000000,-1.747801,-0.271042,0.000000,0.271042,0.025542,-0.004056,0.030969,0.030969,0.005427,0.030253,0.034309,0.021683,0.011961,0.000044,0.029847,0.000406,0.892027,0.000000,0.892027,0.892027,0.892027,0.446013,0.446013,0,0,1,0,0.000000,0.080000,0.008000,0.001000,5.500000,0.100000,26.000000,0.035000,0.000000
4.956000,0.500000,0.640000,-1.750561,-0.000000,-1.750561,-0.271548,0.000000,0.271548,0.025507,-0.003833,0.030969,0.030969,0.005462,0.030423,0.034256,0.021724,0.011980,0.000056,0.030040,0.000383,0.890660,-0.000204,0.890455,0.890455,0.890455,0.445228,0.445228,0,0,1,0,0.000000,0.080000,0.008000,0.001000,5.500000,0.100000,26.000000,0.035000,0.000000
4.961000,0.500000,0.640000,-1.751945,-0.000000,-1.751945,-0.271828,0.000000,0.271828,0.025485,-0.003410,0.030969,0.030969,0.005483,0.030500,0.033910,0.021746,0.011991,0.000056,0.030159,0.000341,0.881656,-0.002424,0.879232,0.879232,0.879232,0.439616,0.439616,0,0,1,0,0.000000,0.080000,0.008000,0.001000,5.500000,0.100000,26.000000,0.035000,0.000000
4.966000,0.500000,0.640000,-1.753333,-0.000000,-1.753333,-0.272124,0.000000,0.272124,0.025485,-0.003410,0.030969,0.030969,0.005483,0.030500,0.033910,0.021770,0.012002,0.000059,0.030159,0.000341,0.881656,0.000000,0.881656,0.881656,0.881656,0.440828,0.440828,0,0,1,0,0.000000,0.080000,0.008000,0.001000,5.500000,0.100000,26.000000,0.035000,0.000000
4.971000,0.500000,0.640000,-1.754723,-0.000000,-1.754723,-0.272428,0.000000,0.272428,0.025475,-0.002892,0.030969,0.030969,0.005494,0.030506,0.033398,0.021794,0.012013,0.000061,0.030216,0.000289,0.868342,-0.003584,0.864758,0.864758,0.864758,0.432379,0.432379,0,0,1,0,0.000000,0.080000,0.008000,0.001000,5.500000,0.100000,26.000000,0.035000,0.000000
4.976000,0.500000,0.640000,-1.756115,-0.000000,-1.756115,-0.272739,0.000000,0.272739,0.025475,-0.002892,0.030969,0.030969,0.005494,0.030506,0.033398,0.021819,0.012024,0.000062,0.030216,0.000289,0.868342,0.000000,0.868342,0.868342,0.868342,0.434171,0.434171,0,0,1,0,0.000000,0.080000,0.008000,0.001000,5.500000,0.100000,26.000000,0.035000,0.000000
4.981000,0.500000,0.640000,-1.757509,-0.000000,-1.757509,-0.273048,0.000000,0.273048,0.025471,-0.002388,0.030969,0.030969,0.005498,0.030475,0.032863,0.021844,0.012035,0.000062,0.030236,0.000239,0.854450,-0.003740,0.850710,0.850710,0.850710,0.425355,0.425355,0,0,1,0,0.000000,0.080000,0.008000,0.001000,5.500000,0.100000,26.000000,0.035000,0.000000
4.986000,0.500000,0.640000,-1.758905,-0.000000,-1.758905,-0.273357,0.000000,0.273357,0.025471,-0.002388,0.030969,0.030969,0.005498,0.030475,0.032863,0.021869,0.012046,0.000062,0.030236,0.000239,0.854450,0.000000,0.854450,0.854450,0.854450,0.427225,0.427225,0,0,1,0,0.000000,0.080000,0.008000,0.001000,5.500000,0.100000,26.000000,0.035000,0.000000
4.991000,0.500000,0.640000,-1.758905,-0.000000,-1.758905,-0.273357,0.000000,0.273357,0.025469,-0.001992,0.030969,0.030969,0.005500,0.030447,0.032439,0.021869,0.012057,0.000000,0.030247,0.000199,0.843415,-0.002971,0.840444,0.840444,0.840444,0.420222,0.420222,0,0,1,0,0.000000,0.080000,0.008000,0.001000,5.500000,0.100000,26.000000,0.035000,0.000000
5.000000,0.500000,0.640000,-1.763095,-0.000000,-1.763095,-0.274221,0.000000,0.274221,0.025464,-0.001873,0.030969,0.030969,0.005505,0.030463,0.032336,0.021938,0.012076,0.000096,0.030276,0.000187,0.840737,-0.000401,0.840336,0.840336,0.840336,0.420168,0.420168,0,0,1,0,0.000000,0.080000,0.008000,0.001000,5.500000,0.100000,26.000000,0.035000,0.000000
5.005000,0.500000,0.640000,-1.763095,-0.000000,-1.763095,-0.274221,0.000000,0.274221,0.025464,-0.001765,0.030969,0.030969,0.005505,0.030452,0.032218,0.021938,0.012087,0.000000,0.030276,0.000177,0.837662,-0.000828,0.836834,0.836834,0.836834,0.418417,0.418417,0,0,1,0,0.000000,0.080000,0.008000,0.001000,5.500000,0.100000,26.000000,0.035000,0.000000
5.010000,0.500000,0.640000,-1.764493,-0.000000,-1.764493,-0.274483,0.000000,0.274483,0.025464,-0.001765,0.030969,0.030969,0.005505,0.030452,0.032218,0.021959,0.012098,0.000052,0.030276,0.000177,0.837662,0.000000,0.837662,0.837662,0.837662,0.418831,0.418831,0,0,1,0,0.000000,0.080000,0.008000,0.001000,5.500000,0.100000,26.000000,0.035000,0.000000
5.015000,0.500000,0.640000,-1.765890,-0.000000,-1.765890,-0.274730,0.000000,0.274730,0.025452,-0.001721,0.030969,0.030969,0.005517,0.030514,0.032235,0.021978,0.012109,0.000050,0.030342,0.000172,0.838103,0.000119,0.838221,0.838221,0.838221,0.419111,0.419111,0,0,1,0,0.000000,0.080000,0.008000,0.001000,5.500000,0.100000,26.000000,0.035000,0.000000
5.020000,0.500000,0.640000,-1.767287,-0.000000,-1.767287,-0.274964,0.000000,0.274964,0.025452,-0.001721,0.030969,0.030969,0.005517,0.030514,0.032235,0.021997,0.012120,0.000047,0.030342,0.000172,0.838103,0.000000,0.838103,0.838103,0.838103,0.419051,0.419051,0,0,1,0,0.000000,0.080000,0.008000,0.001000,5.500000,0.100000,26.000000,0.035000,0.000000
5.025000,0.500000,0.640000,-1.768684,-0.000000,-1.768684,-0.275183,0.000000,0.275183,0.025432,-0.001844,0.030969,0.030969,0.005537,0.030636,0.032480,0.022015,0.012131,0.000044,0.030452,0.000184,0.844477,0.001716,0.846193,0.846193,0.846193,0.423097,0.423097,0,0,1,0,0.000000,0.080000,0.008000,0.001000,5.500000,0.100000,26.000000,0.035000,0.000000
5.030000,0.500000,0.640000,-1.770080,-0.000000,-1.770080,-0.275390,0.000000,0.275390,0.025432,-0.001844,0.030969,0.030969,0.005537,0.030636,0.032480,0.022031,0.012142,0.000041,0.030452,0.000184,0.844477,0.000000,0.844477,0.844477,0.844477,0.422238,0.422238,0,0,1,0,0.000000,0.080000,0.008000,0.001000,5.500000,0.100000,26.000000,0.035000,0.000000
5.035000,0.500000,0.640000,-1.771477,-0.000000,-1.771477,-0.275589,0.000000,0.275589,0.025404,-0.002073,0.030969,0.030969,0.005564,0.030811,0.032884,0.022047,0.012153,0.000040,0.030604,0.000207,0.854989,0.002830,0.857820,0.857820,0.857820,0.428910,0.428910,0,0,1,0,0.000000,0.080000,0.008000,0.001000,5.500000,0.100000,26.000000,0.035000,0.000000
5.044000,0.500000,0.640000,-1.774272,-0.000000,-1.774272,-0.275969,0.000000,0.275969,0.025371,-0.002334,0.030969,0.030969,0.005598,0.031020,0.033354,0.022078,0.012173,0.000042,0.030787,0.000233,0.867217,0.001829,0.869046,0.869046,0.869046,0.434523,0.434523,0,0,1,0,0.000000,0.080000,0.008000,0.001000,5.500000,0.100000,26.000000,0.035000,0.000000
5.049000,0.500000,0.640000,-1.775670,-0.000000,-1.775670,-0.276157,0.000000,0.276157,0.025371,-0.002334,0.030969,0.030969,0.005598,0.031020,0.033354,0.022093,0.012184,0.000038,0.030787,0.000233,0.867217,0.000000,0.867217,0.867217,0.867217,0.433608,0.433608,0,0,1,0,0.000000,0.080000,0.008000,0.001000,5.500000,0.100000,26.000000,0.035000,0.000000
5.054000,0.500000,0.640000,-1.777070,-0.000000,-1.777070,-0.276350,0.000000,0.276350,0.025336,-0.002553,0.030969,0.030969,0.005633,0.031235,0.033788,0.022108,0.012195,0.000038,0.030980,0.000255,0.878489,0.003035,0.881524,0.881524,0.881524,0.440762,0.440762,0,0,1,0,0.000000,0.080000,0.008000,0.001000,5.500000,0.100000,26.000000,0.035000,0.000000
5.059000,0.500000,0.640000,-1.778470,-0.000000,-1.778470,-0.276544,0.000000,0.276544,0.025336,-0.002553,0.030969,0.030969,0.005633,0.031235,0.033788,0.022124,0.012206,0.000039,0.030980,0.000255,0.878489,0.000000,0.878489,0.878489,0.878489,0.439244,0.439244,0,0,1,0,0.000000,0.080000,0.008000,0.001000,5.500000,0.100000,26.000000,0.035000,0.000000
5.064000,0.500000,0.640000,-1.779873,-0.000000,-1.779873,-0.276749,0.000000,0.276749,0.025302,-0.002679,0.030969,0.030969,0.005667,0.031434,0.034114,0.022140,0.012217,0.000041,0.031167,0.000268,0.886964,0.002282,0.889245,0.889245,0.889245,0.444623,0.444623,0,0,1,0,0.000000,0.080000,0.008000,0.001000,5.500000,0.100000,26.000000,0.035000,0.000000
5.073000,0.500000,0.640000,-1.782683,-0.000000,-1.782683,-0.277182,0.000000,0.277182,0.025272,-0.002687,0.030969,0.030969,0.005696,0.031599,0.034286,0.022175,0.012237,0.000048,0.031331,0.000269,0.891442,0.000670,0.892112,0.892112,0.892112,0.446056,0.446056,0,0,1,0,0.000000,0.080000,0.008000,0.001000,5.500000,0.100000,26.000000,0.035000,0.000000
5.078000,0.500000,0.640000,-1.784091,-0.000000,-1.784091,-0.277415,0.000000,0.277415,0.025272,-0.002687,0.030969,0.030969,0.005696,0.031599,0.034286,0.022193,0.012248,0.000047,0.031331,0.000269,0.891442,0.000000,0.891442,0.891442,0.891442,0.445721,0.445721,0,0,1,0,0.000000,0.080000,0.008000,0.001000,5.500000,0.100000,26.000000,0.035000,0.000000
5.083000,0.500000,0.640000,-1.785502,-0.000000,-1.785502,-0.277658,0.000000,0.277658,0.025249,-0.002572,0.030969,0.030969,0.005720,0.031718,0.034290,0.022213,0.012260,0.000049,0.031461,0.000257,0.891550,0.000029,0.891579,0.891579,0.891579,0.445790,0.445790,0,0,1,0,0.000000,0.080000,0.008000,0.001000,5.500000,0.100000,26.000000,0.035000,0.000000
5.088000,0.500000,0.640000,-1.786914,-0.000000,-1.786914,-0.277910,0.000000,0.277910,0.025249,-0.002572,0.030969,0.030969,0.005720,0.031718,0.034290,0.022233,0.012271,0.000050,0.031461,0.000257,0.891550,0.000000,0.891550,0.891550,0.891550,0.445775,0.445775,0,0,1,0,0.000000,0.080000,0.008000,0.001000,5.500000,0.100000,26.000000,0.035000,0.000000
5.093000,0.500000,0.640000,-1.788329,-0.000000,-1.788329,-0.278169,0.000000,0.278169,0.025231,-0.002370,0.030969,0.030969,0.005738,0.031795,0.034165,0.022254,0.012282,0.000052,0.031558,0.000237,0.888283,-0.000880,0.887403,0.887403,0.887403,0.443702,0.443702,0,0,1,0,0.000000,0.080000,0.008000,0.001000,5.500000,0.100000,26.000000,0.035000,0.000000
5.098000,0.500000,0.640000,-1.789746,-0.000000,-1.789746,-0.278436,0.000000,0.278436,0.025231,-0.002370,0.030969,0.030969,0.005738,0.031795,0.034165,0.022275,0.012293,0.000053,0.031558,0.000237,0.888283,0.000000,0.888283,0.888283,0.888283,0.444141,0.444141,0,0,1,0,0.000000,0.080000,0.008000,0.001000,5.500000,0.100000,26.000000,0.035000,0.000000
5.103000,0.500000,0.640000,-1.791164,-0.000000,-1.791164,-0.278706,0.000000,0.278706,0.025218,-0.002125,0.030969,0.030969,0.005750,0.031839,0.033964,0.022297,0.012304,0.000054,0.031627,0.000213,0.883073,-0.001403,0.881671,0.881671,0.881671,0.440835,0.440835,0,0,1,0,0.000000,0.080000,0.008000,0.001000,5.500000,0.100000,26.000000,0.035000,0.000000
5.108000,0.500000,0.640000,-1.792585,-0.000000,-1.792585,-0.278980,0.000000,0.278980,0.025218,-0.002125,0.030969,0.030969,0.005750,0.031839,0.033964,0.022318,0.012315,0.000055,0.031627,0.000213,0.883073,0.000000,0.883073,0.883073,0.883073,0.441537,0.441537,0,0,1,0,0.000000,0.080000,0.008000,0.001000,5.500000,0.100000,26.000000,0.035000,0.000000
5.113000,0.500000,0.640000,-1.794006,-0.000000,-1.794006,-0.279253,0.000000,0.279253,0.025209,-0.001888,0.030969,0.030969,0.005760,0.031867,0.033754,0.022340,0.012326,0.000055,0.031678,0.000189,0.877616,-0.001469,0.876147,0.876147,0.876147,0.438074,0.438074,0,0,1,0,0.000000,0.080000,0.008000,0.001000,5.500000,0.100000,26.000000,0.035000,0.000000
5.122000,0.500000,0.640000,-1.796853,-0.000000,-1.796853,-0.279794,0.000000,0.279794,0.025201,-0.001700,0.030969,0.030969,0.005768,0.031895,0.033595,0.022384,0.012347,0.000060,0.031725,0.000170,0.873470,-0.000620,0.872850,0.872850,0.872850,0.436425,0.436425,0,0,1,0,0.000000,0.080000,0.008000,0.001000,5.500000,0.100000,26.000000,0.035000,0.000000
5.127000,0.500000,0.640000,-1.798278,-0.000000,-1.798278,-0.280058,0.000000,0.280058,0.025201,-0.001700,0.030969,0.030969,0.005768,0.031895,0.033595,0.022405,0.012358,0.000053,0.031725,0.000170,0.873470,0.000000,0.873470,0.873470,0.873470,0.436735,0.436735,0,0,1,0,0.000000,0.080000,0.008000,0.001000,5.500000,0.100000,26.000000,0.035000,0.000000
5.132000,0.500000,0.640000,-1.799704,-0.000000,-1.799704,-0.280316,0.000000,0.280316,0.025190,-0.001592,0.030969,0.030969,0.005778,0.031940,0.033532,0.022425,0.012369,0.000052,0.031781,0.000159,0.871839,-0.000439,0.871399,0.871399,0.871399,0.435700,0.435700,0,0,1,0,0.000000,0.080000,0.008000,0.001000,5.500000,0.100000,26.000000,0.035000,0.000000
5.137000,0.500000,0.640000,-1.801131,-0.000000,-1.801131,-0.280568,0.000000,0.280568,0.025190,-0.001592,0.030969,0.030969,0.005778,0.031940,0.033532,0.022445,0.012380,0.000050,0.031781,0.000159,0.871839,0.000000,0.871839,0.871839,0.871839,0.435919,0.435919,0,0,1,0,0.000000,0.080000,0.008000,0.001000,5.500000,0.100000,26.000000,0.035000,0.000000
5.142000,0.500000,0.640000,-1.802558,-0.000000,-1.802558,-0.280813,0.000000,0.280813,0.025177,-0.001569,0.030969,0.030969,0.005791,0.032009,0.033578,0.022465,0.012391,0.000049,0.031853,0.000157,0.873030,0.000321,0.873350,0.873350,0.873350,0.436675,0.436675,0,0,1,0,0.000000,0.080000,0.008000,0.001000,5.500000,0.100000,26.000000,0.035000,0.000000
5.147000,0.500000,0.640000,-1.803986,-0.000000,-1.803986,-0.281051,0.000000,0.281051,0.025177,-0.001569,0.030969,0.030969,0.005791,0.032009,0.033578,0.022484,0.012403,0.000048,0.031853,0.000157,0.873030,0.000000,0.873030,0.873030,0.873030,0.436515,0.436515,0,0,1,0,0.000000,0.080000,0.008000,0.001000,5.500000,0.100000,26.000000,0.035000,0.000000
5.152000,0.500000,0.640000,-1.805414,-0.000000,-1.805414,-0.281285,0.000000,0.281285,0.025161,-0.001617,0.030969,0.030969,0.005808,0.032106,0.033723,0.022503,0.012414,0.000047,0.031944,0.000162,0.876809,0.001018,0.877827,0.877827,0.877827,0.438914,0.438914,0,0,1,0,0.000000,0.080000,0.008000,0.001000,5.500000,0.100000,26.000000,0.035000,0.000000
5.157000,0.500000,0.640000,-1.806843,-0.000000,-1.806843,-0.281512,0.000000,0.281512,0.025161,-0.001617,0.030969,0.030969,0.005808,0.032106,0.033723,0.022521,0.012425,0.000045,0.031944,0.000162,0.876809,0.000000,0.876809,0.876809,0.876809,0.438405,0.438405,0,0,1,0,0.000000,0.080000,0.008000,0.001000,5.500000,0.100000,26.000000,0.035000,0.000000
5.162000,0.500000,0.640000,-1.808272,-0.000000,-1.808272,-0.281736,0.000000,0.281736,0.025141,-0.001713,0.030969,0.030969,0.005828,0.032226,0.033939,0.022539,0.012436,0.000045,0.032055,0.000171,0.882406,0.001507,0.883913,0.883913,0.883913,0.441956,0.441956,0,0,1,0,0.000000,0.080000,0.008000,0.001000,5.500000,0.100000,26.000000,0.035000,0.000000
5.171000,0.500000,0.640000,-1.811134,-0.000000,-1.811134,-0.282177,0.000000,0.282177,0.025118,-0.001822,0.030969,0.030969,0.005850,0.032360,0.034182,0.022574,0.012457,0.000049,0.032178,0.000182,0.888738,0.000947,0.889685,0.889685,0.889685,0.444842,0.444842,0,0,1,0,0.000000,0.080000,0.008000,0.001000,5.500000,0.100000,26.000000,0.035000,0.000000
5.176000,0.500000,0.640000,-1.812567,-0.000000,-1.812567,-0.282397,0.000000,0.282397,0.025118,-0.001822,0.030969,0.030969,0.005850,0.032360,0.034182,0.022592,0.012468,0.000044,0.032178,0.000182,0.888738,0.000000,0.888738,0.888738,0.888738,0.444369,0.444369,0,0,1,0,0.000000,0.080000,0.008000,0.001000,5.500000,0.100000,26.000000,0.035000,0.000000
5.181000,0.500000,0.640000,-1.814000,-0.000000,-1.814000,-0.282619,0.000000,0.282619,0.025095,-0.001912,0.030969,0.030969,0.005874,0.032496,0.034408,0.022609,0.012479,0.000044,0.032305,0.000191,0.894599,0.001578,0.896177,0.896177,0.896177,0.448089,0.448089,0,0,1,0,0.000000,0.080000,0.008000,0.001000,5.500000,0.100000,26.000000,0.035000,0.000000
5.186000,0.500000,0.640000,-1.815435,-0.000000,-1.815435,-0.282842,0.000000,0.282842,0.025095,-0.001912,0.030969,0.030969,0.005874,0.032496,0.034408,0.022627,0.012491,0.000045,0.032305,0.000191,0.894599,0.000000,0.894599,0.894599,0.894599,0.447300,0.447300,0,0,1,0,0.000000,0.080000,0.008000,0.001000,5.500000,0.100000,26.000000,0.035000,0.000000
5.191000,0.500000,0.640000,-1.816872,-0.000000,-1.816872,-0.283069,0.000000,0.283069,0.025073,-0.001960,0.030969,0.030969,0.005896,0.032625,0.034585,0.022646,0.012502,0.000046,0.032429,0.000196,0.899198,0.001238,0.900436,0.900436,0.900436,0.450218,0.450218,0,0,1,0,0.000000,0.080000,0.008000,0.001000,5.500000,0.100000,26.000000,0.035000,0.000000
5.196000,0.500000,0.640000,-1.818309,-0.000000,-1.818309,-0.283300,0.000000,0.283300,0.025073,-0.001960,0.030969,0.030969,0.005896,0.032625,0.034585,0.022664,0.012513,0.000046,0.032429,0.000196,0.899198,0.000000,0.899198,0.899198,0.899198,0.449599,0.449599,0,0,1,0,0.000000,0.080000,0.008000,0.001000,5.500000,0.100000,26.000000,0.035000,0.000000
5.201000,0.500000,0.640000,-1.819749,-0.000000,-1.819749,-0.283536,0.000000,0.283536,0.025052,-0.001955,0.030969,0.030969,0.005917,0.032737,0.034693,0.022683,0.012525,0.000047,0.032542,0.000196,0.902011,0.000757,0.902769,0.902769,0.902769,0.451384,0.451384,0,0,1,0,0.000000,0.080000,0.008000,0.001000,5.500000,0.100000,26.000000,0.035000,0.000000
5.206000,0.500000,0.640000,-1.821190,-0.000000,-1.821190,-0.283776,0.000000,0.283776,0.025052,-0.001955,0.030969,0.030969,0.005917,0.032737,0.034693,0.022702,0.012536,0.000048,0.032542,0.000196,0.902011,0.000000,0.902011,0.902011,0.902011,0.451006,0.451006,0,0,1,0,0.000000,0.080000,0.008000,0.001000,5.500000,0.100000,26.000000,0.035000,0.000000
5.211000,0.500000,0.640000,-1.821190,-0.000000,-1.821190,-0.283776,0.000000,0.283776,0.025034,-0.001926,0.030969,0.030969,0.005935,0.032833,0.034759,0.022702,0.012547,0.000000,0.032640,0.000193,0.903730,0.000463,0.904193,0.904193,0.904193,0.452097,0.452097,0,0,1,0,0.000000,0.080000,0.008000,0.001000,5.500000,0.100000,26.000000,0.035000,0.000000
5.220000,0.500000,0.640000,-1.824077,-0.000000,-1.824077,-0.284270,0.000000,0.284270,0.025019,-0.001801,0.030969,0.030969,0.005950,0.032904,0.034705,0.022742,0.012568,0.000055,0.032723,0.000180,0.902321,-0.000211,0.902110,0.902110,0.902110,0.451055,0.451055,0,0,1,0,0.000000,0.080000,0.008000,0.001000,5.500000,0.100000,26.000000,0.035000,0.000000
5.225000,0.500000,0.640000,-1.825523,-0.000000,-1.825523,-0.284523,0.000000,0.284523,0.025019,-0.001801,0.030969,0.030969,0.005950,0.032904,0.034705,0.022762,0.012579,0.000051,0.032723,0.000180,0.902321,0.000000,0.902321,0.902321,0.902321,0.451160,0.451160,0,0,1,0,0.000000,0.080000,0.008000,0.001000,5.500000,0.100000,26.000000,0.035000,0.000000
5.230000,0.500000,0.640000,-1.826971,-0.000000,-1.826971,-0.284780,0.000000,0.284780,0.025019,-0.001801,0.030969,0.030969,0.005950,0.032904,0.034705,0.022782,0.012591,0.000051,0.032723,0.000180,0.902321,0.000000,0.902321,0.902321,0.902321,0.451160,0.451160,0,0,1,0,0.000000,0.080000,0.008000,0.001000,5.500000,0.100000,26.000000,0.035000,0.000000
5.235000,0.500000,0.640000,-1.828420,-0.000000,-1.828420,-0.285039,0.000000,0.285039,0.025006,-0.001681,0.030969,0.030969,0.005962,0.032960,0.034642,0.022803,0.012602,0.000052,0.032792,0.000168,0.900685,-0.000440,0.900244,0.900244,0.900244,0.450122,0.450122,0,0,1,0,0.000000,0.080000,0.008000,0.001000,5.500000,0.100000,26.000000,0.035000,0.000000
5.240000,0.500000,0.640000,-1.829870,-0.000000,-1.829870,-0.285299,0.000000,0.285299,0.025006,-0.001681,0.030969,0.030969,0.005962,0.032960,0.034642,0.022824,0.012613,0.000052,0.032792,0.000168,0.900685,0.000000,0.900685,0.900685,0.900685,0.450342,0.450342,0,0,1,0,0.000000,0.080000,0.008000,0.001000,5.500000,0.100000,26.000000,0.035000,0.000000
5.245000,0.500000,0.640000,-1.831322,-0.000000,-1.831322,-0.285559,0.000000,0.285559,0.024996,-0.001561,0.030969,0.030969,0.005973,0.033009,0.034569,0.022845,0.012625,0.000052,0.032853,0.000156,0.898805,-0.000506,0.898299,0.898299,0.898299,0.449150,0.449150,0,0,1,0,0.000000,0.080000,0.008000,0.001000,5.500000,0.100000,26.000000,0.035000,0.000000
5.250000,0.500000,0.640000,-1.832776,-0.000000,-1.832776,-0.285820,0.000000,0.285820,0.024996,-0.001561,0.030969,0.030969,0.005973,0.033009,0.034569,0.022866,0.012636,0.000052,0.032853,0.000156,0.898805,0.000000,0.898805,0.898805,0.898805,0.449403,0.449403,0,0,1,0,0.000000,0.080000,0.008000,0.001000,5.500000,0.100000,26.000000,0.035000,0.000000
5.255000,0.500000,0.640000,-1.834230,-0.000000,-1.834230,-0.286078,0.000000,0.286078,0.024985,-0.001468,0.030969,0.030969,0.005984,0.033057,0.034524,0.022886,0.012648,0.000052,0.032910,0.000147,0.897637,-0.000315,0.897322,0.897322,0.897322,0.448661,0.448661,0,0,1,0,0.000000,0.080000,0.008000,0.001000,5.500000,0.100000,26.000000,0.035000,0.000000
5.260000,0.500000,0.640000,-1.835686,-0.000000,-1.835686,-0.286334,0.000000,0.286334,0.024985,-0.001468,0.030969,0.030969,0.005984,0.033057,0.034524,0.022907,0.012659,0.000051,0.032910,0.000147,0.897637,0.000000,0.897637,0.897637,0.897637,0.448818,0.448818,0,0,1,0,0.000000,0.080000,0.008000,0.001000,5.500000,0.100000,26.000000,0.035000,0.000000
5.269000,0.500000,0.640000,-1.838600,-0.000000,-1.838600,-0.286837,0.000000,0.286837,0.024974,-0.001414,0.030969,0.030969,0.005995,0.033114,0.034528,0.022947,0.012680,0.000056,0.032972,0.000141,0.897726,0.000013,0.897739,0.897739,0.897739,0.448870,0.448870,0,0,1,0,0.000000,0.080000,0.008000,0.001000,5.500000,0.100000,26.000000,0.035000,0.000000
5.274000,0.500000,0.640000,-1.840059,-0.000000,-1.840059,-0.287084,0.000000,0.287084,0.024961,-0.001404,0.030969,0.030969,0.006008,0.033183,0.034587,0.022967,0.012691,0.000049,0.033042,0.000140,0.899267,0.000415,0.899682,0.899682,0.899682,0.449841,0.449841,0,0,1,0,0.000000,0.080000,0.008000,0.001000,5.500000,0.100000,26.000000,0.035000,0.000000
5.279000,0.500000,0.640000,-1.841518,-0.000000,-1.841518,-0.287328,0.000000,0.287328,0.024961,-0.001404,0.030969,0.030969,0.006008,0.033183,0.034587,0.022986,0.012703,0.000049,0.033042,0.000140,0.899267,0.000000,0.899267,0.899267,0.899267,0.449633,0.449633,0,0,1,0,0.000000,0.080000,0.008000,0.001000,5.500000,0.100000,26.000000,0.035000,0.000000
5.284000,0.500000,0.640000,-1.842978,-0.000000,-1.842978,-0.287569,0.000000,0.287569,0.024946,-0.001430,0.030969,0.030969,0.006022,0.033266,0.034696,0.023006,0.012714,0.000048,0.033123,0.000143,0.902094,0.000761,0.902855,0.902855,0.902855,0.451427,0.451427,0,0,1,0,0.000000,0.080000,0.008000,0.001000,5.500000,0.100000,26.000000,0.035000,0.000000
5.289000,0.500000,0.640000,-1.844440,-0.000000,-1.844440,-0.287807,0.000000,0.287807,0.024946,-0.001430,0.030969,0.030969,0.006022,0.033266,0.034696,0.023025,0.012726,0.000048,0.033123,0.000143,0.902094,0.000000,0.902094,0.902094,0.902094,0.451047,0.451047,0,0,1,0,0.000000,0.080000,0.008000,0.001000,5.500000,0.100000,26.000000,0.035000,0.000000
5.294000,0.500000,0.640000,-1.845902,-0.000000,-1.845902,-0.288044,0.000000,0.288044,0.024930,-0.001478,0.030969,0.030969,0.006039,0.033360,0.034838,0.023044,0.012737,0.000047,0.033213,0.000148,0.905790,0.000995,0.906786,0.906786,0.906786,0.453393,0.453393,0,0,1,0,0.000000,0.080000,0.008000,0.001000,5.500000,0.100000,26.000000,0.035000,0.000000
5.299000,0.500000,0.640000,-1.847365,-0.000000,-1.847365,-0.288279,0.000000,0.288279,0.024930,-0.001478,0.030969,0.030969,0.006039,0.033360,0.034838,0.023062,0.012749,0.000047,0.033213,0.000148,0.905790,0.000000,0.905790,0.905790,0.905790,0.452895,0.452895,0,0,1,0,0.000000,0.080000,0.008000,0.001000,5.500000,0.100000,26.000000,0.035000,0.000000
5.304000,0.500000,0.640000,-1.848830,-0.000000,-1.848830,-0.288515,0.000000,0.288515,0.024913,-0.001531,0.030969,0.030969,0.006056,0.033461,0.034992,0.023081,0.012760,0.000047,0.033308,0.000153,0.909799,0.001079,0.910878,0.910878,0.910878,0.455439,0.455439,0,0,1,0,0.000000,0.080000,0.008000,0.001000,5.500000,0.100000,26.000000,0.035000,0.000000
5.309000,0.500000,0.640000,-1.850295,-0.000000,-1.850295,-0.288750,0.000000,0.288750,0.024913,-0.001531,0.030969,0.030969,0.006056,0.033461,0.034992,0.023100,0.012772,0.000047,0.033308,0.000153,0.909799,0.000000,0.909799,0.909799,0.909799,0.454899,0.454899,0,0,1,0,0.000000,0.080000,0.008000,0.001000,5.500000,0.100000,26.000000,0.035000,0.000000
5.314000,0.500000,0.640000,-1.851762,-0.000000,-1.851762,-0.288986,0.000000,0.288986,0.024895,-0.001574,0.030969,0.030969,0.006074,0.033563,0.035137,0.023119,0.012784,0.000047,0.033406,0.000157,0.913555,0.001011,0.914566,0.914566,0.914566,0.457283,0.457283,0,0,1,0,0.000000,0.080000,0.008000,0.001000,5.500000,0.100000,26.000000,0.035000,0.000000
5.323000,0.500000,0.640000,-1.854700,-0.000000,-1.854700,-0.289464,0.000000,0.289464,0.024878,-0.001594,0.030969,0.030969,0.006091,0.033660,0.035254,0.023157,0.012804,0.000053,0.033501,0.000159,0.916614,0.000458,0.917072,0.917072,0.917072,0.458536,0.458536,0,0,1,0,0.000000,0.080000,0.008000,0.001000,5.500000,0.100000,26.000000,0.035000,0.000000
5.328000,0.500000,0.640000,-1.856171,-0.000000,-1.856171,-0.289706,0.000000,0.289706,0.024878,-0.001594,0.030969,0.030969,0.006091,0.033660,0.035254,0.023176,0.012816,0.000048,0.033501,0.000159,0.916614,0.000000,0.916614,0.916614,0.916614,0.458307,0.458307,0,0,1,0,0.000000,0.080000,0.008000,0.001000,5.500000,0.100000,26.000000,0.035000,0.000000
5.333000,0.500000,0.640000,-1.857643,-0.000000,-1.857643,-0.289951,0.000000,0.289951,0.024862,-0.001585,0.030969,0.030969,0.006107,0.033748,0.035333,0.023196,0.012828,0.000049,0.033590,0.000159,0.918663,0.000552,0.919215,0.919215,0.919215,0.459607,0.459607,0,0,1,0,0.000000,0.080000,0.008000,0.001000,5.500000,0.100000,26.000000,0.035000,0.000000
5.338000,0.500000,0.640000,-1.859117,-0.000000,-1.859117,-0.290198,0.000000,0.290198,0.024862,-0.001585,0.030969,0.030969,0.006107,0.033748,0.035333,0.023216,0.012839,0.000049,0.033590,0.000159,0.918663,0.000000,0.918663,0.918663,0.918663,0.459332,0.459332,0,0,1,0,0.000000,0.080000,0.008000,0.001000,5.500000,0.100000,26.000000,0.035000,0.000000
5.343000,0.500000,0.640000,-1.860593,-0.000000,-1.860593,-0.290447,0.000000,0.290447,0.024847,-0.001551,0.030969,0.030969,0.006122,0.033826,0.035376,0.023236,0.012851,0.000050,0.033671,0.000155,0.919786,0.000302,0.920088,0.920088,0.920088,0.460044,0.460044,0,0,1,0,0.000000,0.080000,0.008000,0.001000,5.500000,0.100000,26.000000,0.035000,0.000000
5.352000,0.500000,0.640000,-1.863548,-0.000000,-1.863548,-0.290953,0.000000,0.290953,0.024833,-0.001498,0.030969,0.030969,0.006135,0.033894,0.035392,0.023276,0.012872,0.000056,0.033744,0.000150,0.920187,0.000060,0.920247,0.920247,0.920247,0.460123,0.460123,0,0,1,0,0.000000,0.080000,0.008000,0.001000,5.500000,0.100000,26.000000,0.035000,0.000000
5.357000,0.500000,0.640000,-1.865027,-0.000000,-1.865027,-0.291208,0.000000,0.291208,0.024833,-0.001498,0.030969,0.030969,0.006135,0.033894,0.035392,0.023297,0.012883,0.000051,0.033744,0.000150,0.920187,0.000000,0.920187,0.920187,0.920187,0.460093,0.460093,0,0,1,0,0.000000,0.080000,0.008000,0.001000,5.500000,0.100000,26.000000,0.035000,0.000000
5.362000,0.500000,0.640000,-1.866509,-0.000000,-1.866509,-0.291464,0.000000,0.291464,0.024821,-0.001437,0.030969,0.030969,0.006147,0.033955,0.035391,0.023317,0.012895,0.000051,0.033811,0.000144,0.920179,-0.000002,0.920177,0.920177,0.920177,0.460088,0.460088,0,0,1,0,0.000000,0.080000,0.008000,0.001000,5.500000,0.100000,26.000000,0.035000,0.000000
5.367000,0.500000,0.640000,-1.867991,-0.000000,-1.867991,-0.291721,0.000000,0.291721,0.024821,-0.001437,0.030969,0.030969,0.006147,0.033955,0.035391,0.023338,0.012907,0.000051,0.033811,0.000144,0.920179,0.000000,0.920179,0.920179,0.920179,0.460089,0.460089,0,0,1,0,0.000000,0.080000,0.008000,0.001000,5.500000,0.100000,26.000000,0.035000,0.000000
5.372000,0.500000,0.640000,-1.869475,-0.000000,-1.869475,-0.291978,0.000000,0.291978,0.024810,-0.001380,0.030969,0.030969,0.006159,0.034012,0.035392,0.023358,0.012918,0.000051,0.033874,0.000138,0.920183,0.000001,0.920184,0.920184,0.920184,0.460092,0.460092,0,0,1,0,0.000000,0.080000,0.008000,0.001000,5.500000,0.100000,26.000000,0.035000,0.000000
5.377000,0.500000,0.640000,-1.870960,-0.000000,-1.870960,-0.292234,0.000000,0.292234,0.024810,-0.001380,0.030969,0.030969,0.006159,0.034012,0.035392,0.023379,0.012930,0.000051,0.033874,0.000138,0.920183,0.000000,0.920183,0.920183,0.920183,0.460092,0.460092,0,0,1,0,0.000000,0.080000,0.008000,0.001000,5.500000,0.100000,26.000000,0.035000,0.000000
5.382000,0.500000,0.640000,-1.872446,-0.000000,-1.872446,-0.292490,0.000000,0.292490,0.024798,-0.001335,0.030969,0.030969,0.006170,0.034070,0.035406,0.023399,0.012942,0.000051,0.033937,0.000134,0.920545,0.000097,0.920643,0.920643,0.920643,0.460321,0.460321,0,0,1,0,0.000000,0.080000,0.008000,0.001000,5.500000,0.100000,26.000000,0.035000,0.000000
5.387000,0.500000,0.640000,-1.873934,-0.000000,-1.873934,-0.292745,0.000000,0.292745,0.024798,-0.001335,0.030969,0.030969,0.006170,0.034070,0.035406,0.023420,0.012954,0.000051,0.033937,0.000134,0.920545,0.000000,0.920545,0.920545,0.920545,0.460273,0.460273,0,0,1,0,0.000000,0.080000,0.008000,0.001000,5.500000,0.100000,26.000000,0.035000,0.000000
5.392000,0.500000,0.640000,-1.875422,-0.000000,-1.875422,-0.292998,0.000000,0.292998,0.024787,-0.001310,0.030969,0.030969,0.006182,0.034132,0.035442,0.023440,0.012965,0.000051,0.034001,0.000131,0.921493,0.000255,0.921748,0.921748,0.921748,0.460874,0.460874,0,0,1,0,0.000000,0.080000,0.008000,0.001000,5.500000,0.100000,26.000000,0.035000,0.000000
5.397000,0.500000,0.640000,-1.876912,-0.000000,-1.876912,-0.293251,0.000000,0.293251,0.024787,-0.001310,0.030969,0.030969,0.006182,0.034132,0.035442,0.023460,0.012977,0.000050,0.034001,0.000131,0.921493,0.000000,0.921493,0.921493,0.921493,0.460747,0.460747,0,0,1,0,0.000000,0.080000,0.008000,0.001000,5.500000,0.100000,26.000000,0.035000,0.000000
5.406000,0.500000,0.640000,-1.879895,-0.000000,-1.879895,-0.293751,0.000000,0.293751,0.024774,-0.001304,0.030969,0.030969,0.006194,0.034200,0.035504,0.023500,0.012998,0.000056,0.034070,0.000130,0.923103,0.000241,0.923344,0.923344,0.923344,0.461672,0.461672,0,0,1,0,0.000000,0.080000,0.008000,0.001000,5.500000,0.100000,26.000000,0.035000,0.000000
5.411000,0.500000,0.640000,-1.881388,-0.000000,-1.881388,-0.293999,0.000000,0.293999,0.024761,-0.001321,0.030969,0.030969,0.006208,0.034275,0.035596,0.023520,0.013010,0.000050,0.034143,0.000132,0.925495,0.000644,0.926139,0.926139,0.926139,0.463069,0.463069,0,0,1,0,0.000000,0.080000,0.008000,0.001000,5.500000,0.100000,26.000000,0.035000,0.000000
5.416000,0.500000,0.640000,-1.882882,-0.000000,-1.882882,-0.294245,0.000000,0.294245,0.024761,-0.001321,0.030969,0.030969,0.006208,0.034275,0.035596,0.023540,0.013022,0.000049,0.034143,0.000132,0.925495,0.000000,0.925495,0.925495,0.925495,0.462747,0.462747,0,0,1,0,0.000000,0.080000,0.008000,0.001000,5.500000,0.100000,26.000000,0.035000,0.000000
5.421000,0.500000,0.640000,-1.884377,-0.000000,-1.884377,-0.294491,0.000000,0.294491,0.024747,-0.001344,0.030969,0.030969,0.006222,0.034356,0.035701,0.023559,0.013033,0.000049,0.034222,0.000134,0.928214,0.000732,0.928947,0.928947,0.928947,0.464473,0.464473,0,0,1,0,0.000000,0.080000,0.008000,0.001000,5.500000,0.100000,26.000000,0.035000,0.000000
5.426000,0.500000,0.640000,-1.885874,-0.000000,-1.885874,-0.294737,0.000000,0.294737,0.024747,-0.001344,0.030969,0.030969,0.006222,0.034356,0.035701,0.023579,0.013045,0.000049,0.034222,0.000134,0.928214,0.000000,0.928214,0.928214,0.928214,0.464107,0.464107,0,0,1,0,0.000000,0.080000,0.008000,0.001000,5.500000,0.100000,26.000000,0.035000,0.000000
5.431000,0.500000,0.640000,-1.887372,-0.000000,-1.887372,-0.294983,0.000000,0.294983,0.024732,-0.001368,0.030969,0.030969,0.006237,0.034439,0.035807,0.023599,0.013057,0.000049,0.034302,0.000137,0.930979,0.000744,0.931723,0.931723,0.931723,0.465862,0.465862,0,0,1,0,0.000000,0.080000,0.008000,0.001000,5.500000,0.100000,26.000000,0.035000,0.000000
5.436000,0.500000,0.640000,-1.888871,-0.000000,-1.888871,-0.295230,0.000000,0.295230,0.024732,-0.001368,0.030969,0.030969,0.006237,0.034439,0.035807,0.023618,0.013069,0.000049,0.034302,0.000137,0.930979,0.000000,0.930979,0.930979,0.930979,0.465489,0.465489,0,0,1,0,0.000000,0.080000,0.008000,0.001000,5.500000,0.100000,26.000000,0.035000,0.000000
5.445000,0.500000,0.640000,-1.891873,-0.000000,-1.891873,-0.295725,0.000000,0.295725,0.024717,-0.001383,0.030969,0.030969,0.006252,0.034522,0.035905,0.023658,0.013090,0.000055,0.034383,0.000138,0.933531,0.000382,0.933913,0.933913,0.933913,0.466957,0.466957,0,0,1,0,0.000000,0.080000,0.008000,0.001000,5.500000,0.100000,26.000000,0.035000,0.000000
5.450000,0.500000,0.640000,-1.891873,-0.000000,-1.891873,-0.295725,0.000000,0.295725,0.024703,-0.001397,0.030969,0.030969,0.006266,0.034603,0.036000,0.023658,0.013102,0.000000,0.034463,0.000140,0.936001,0.000665,0.936666,0.936666,0.936666,0.468333,0.468333,0,0,1,0,0.000000,0.080000,0.008000,0.001000,5.500000,0.100000,26.000000,0.035000,0.000000
5.455000,0.500000,0.640000,-1.893376,-0.000000,-1.893376,-0.295973,0.000000,0.295973,0.024703,-0.001397,0.030969,0.030969,0.006266,0.034603,0.036000,0.023678,0.013114,0.000050,0.034463,0.000140,0.936001,0.000000,0.936001,0.936001,0.936001,0.468001,0.468001,0,0,1,0,0.000000,0.080000,0.008000,0.001000,5.500000,0.100000,26.000000,0.035000,0.000000
5.460000,0.500000,0.640000,-1.894880,-0.000000,-1.894880,-0.296222,0.000000,0.296222,0.024703,-0.001397,0.030969,0.030969,0.006266,0.034603,0.036000,0.023698,0.013126,0.000050,0.034463,0.000140,0.936001,0.000000,0.936001,0.936001,0.936001,0.468001,0.468001,0,0,1,0,0.000000,0.080000,0.008000,0.001000,5.500000,0.100000,26.000000,0.035000,0.000000
5.465000,0.500000,0.640000,-1.896386,-0.000000,-1.896386,-0.296473,0.000000,0.296473,0.024689,-0.001395,0.030969,0.030969,0.006280,0.034681,0.036076,0.023718,0.013137,0.000050,0.034541,0.000140,0.937967,0.000529,0.938496,0.938496,0.938496,0.469248,0.469248,0,0,1,0,0.000000,0.080000,0.008000,0.001000,5.500000,0.100000,26.000000,0.035000,0.000000
5.470000,0.500000,0.640000,-1.897893,-0.000000,-1.897893,-0.296725,0.000000,0.296725,0.024689,-0.001395,0.030969,0.030969,0.006280,0.034681,0.036076,0.023738,0.013149,0.000050,0.034541,0.000140,0.937967,0.000000,0.937967,0.937967,0.937967,0.468984,0.468984,0,0,1,0,0.000000,0.080000,0.008000,0.001000,5.500000,0.100000,26.000000,0.035000,0.000000
5.475000,0.500000,0.640000,-1.899401,-0.000000,-1.899401,-0.296980,0.000000,0.296980,0.024675,-0.001376,0.030969,0.030969,0.006294,0.034753,0.036129,0.023758,0.013161,0.000051,0.034615,0.000138,0.939348,0.000372,0.939720,0.939720,0.939720,0.469860,0.469860,0,0,1,0,0.000000,0.080000,0.008000,0.001000,5.500000,0.100000,26.000000,0.035000,0.000000
5.484000,0.500000,0.640000,-1.902422,-0.000000,-1.902422,-0.297492,0.000000,0.297492,0.024663,-0.001345,0.030969,0.030969,0.006306,0.034818,0.036164,0.023799,0.013183,0.000057,0.034684,0.000135,0.940253,0.000135,0.940388,0.940388,0.940388,0.470194,0.470194,0,0,1,0,0.000000,0.080000,0.008000,0.001000,5.500000,0.100000,26.000000,0.035000,0.000000
5.489000,0.500000,0.640000,-1.903935,-0.000000,-1.903935,-0.297750,0.000000,0.297750,0.024663,-0.001345,0.030969,0.030969,0.006306,0.034818,0.036164,0.023820,0.013195,0.000052,0.034684,0.000135,0.940253,0.000000,0.940253,0.940253,0.940253,0.470127,0.470127,0,0,1,0,0.000000,0.080000,0.008000,0.001000,5.500000,0.100000,26.000000,0.035000,0.000000
5.494000,0.500000,0.640000,-1.905449,-0.000000,-1.905449,-0.298008,0.000000,0.298008,0.024651,-0.001308,0.030969,0.030969,0.006318,0.034879,0.036187,0.023841,0.013206,0.000052,0.034748,0.000131,0.940861,0.000164,0.941025,0.941025,0.941025,0.470513,0.470513,0,0,1,0,0.000000,0.080000,0.008000,0.001000,5.500000,0.100000,26.000000,0.035000,0.000000
5.499000,0.500000,0.640000,-1.906965,-0.000000,-1.906965,-0.298268,0.000000,0.298268,0.024651,-0.001308,0.030969,0.030969,0.006318,0.034879,0.036187,0.023861,0.013218,0.000052,0.034748,0.000131,0.940861,0.000000,0.940861,0.940861,0.940861,0.470431,0.470431,0,0,1,0,0.000000,0.080000,0.008000,0.001000,5.500000,0.100000,26.000000,0.035000,0.000000
5.504000,0.500000,0.640000,-1.908481,-0.000000,-1.908481,-0.298527,0.000000,0.298527,0.024640,-0.001272,0.030969,0.030969,0.006329,0.034938,0.036210,0.023882,0.013230,0.000052,0.034811,0.000127,0.941455,0.000160,0.941615,0.941615,0.941615,0.470807,0.470807,0,0,1,0,0.000000,0.080000,0.008000,0.001000,5.500000,0.100000,26.000000,0.035000,0.000000
5.509000,0.500000,0.640000,-1.909999,-0.000000,-1.909999,-0.298786,0.000000,0.298786,0.024640,-0.001272,0.030969,0.030969,0.006329,0.034938,0.036210,0.023903,0.013242,0.000052,0.034811,0.000127,0.941455,0.000000,0.941455,0.941455,0.941455,0.470727,0.470727,0,0,1,0,0.000000,0.080000,0.008000,0.001000,5.500000,0.100000,26.000000,0.035000,0.000000
5.514000,0.500000,0.640000,-1.911519,-0.000000,-1.911519,-0.299045,0.000000,0.299045,0.024628,-0.001244,0.030969,0.030969,0.006340,0.034997,0.036241,0.023924,0.013254,0.000052,0.034872,0.000124,0.942258,0.000216,0.942475,0.942475,0.942475,0.471237,0.471237,0,0,1,0,0.000000,0.080000,0.008000,0.001000,5.500000,0.100000,26.000000,0.035000,0.000000
5.519000,0.500000,0.640000,-1.913039,-0.000000,-1.913039,-0.299304,0.000000,0.299304,0.024628,-0.001244,0.030969,0.030969,0.006340,0.034997,0.036241,0.023944,0.013266,0.000052,0.034872,0.000124,0.942258,0.000000,0.942258,0.942258,0.942258,0.471129,0.471129,0,0,1,0,0.000000,0.080000,0.008000,0.001000,5.500000,0.100000,26.000000,0.035000,0.000000
5.528000,0.500000,0.640000,-1.916084,-0.000000,-1.916084,-0.299819,0.000000,0.299819,0.024617,-0.001228,0.030969,0.030969,0.006352,0.035058,0.036286,0.023985,0.013288,0.000057,0.034935,0.000123,0.943427,0.000175,0.943602,0.943602,0.943602,0.471801,0.471801,0,0,1,0,0.000000,0.080000,0.008000,0.001000,5.500000,0.100000,26.000000,0.035000,0.000000
5.533000,0.500000,0.640000,-1.917608,-0.000000,-1.917608,-0.300074,0.000000,0.300074,0.024605,-0.001229,0.030969,0.030969,0.006364,0.035124,0.036352,0.024006,0.013300,0.000051,0.035001,0.000123,0.945161,0.000467,0.945628,0.945628,0.945628,0.472814,0.472814,0,0,1,0,0.000000,0.080000,0.008000,0.001000,5.500000,0.100000,26.000000,0.035000,0.000000
5.538000,0.500000,0.640000,-1.919134,-0.000000,-1.919134,-0.300329,0.000000,0.300329,0.024605,-0.001229,0.030969,0.030969,0.006364,0.035124,0.036352,0.024026,0.013312,0.000051,0.035001,0.000123,0.945161,0.000000,0.945161,0.945161,0.945161,0.472580,0.472580,0,0,1,0,0.000000,0.080000,0.008000,0.001000,5.500000,0.100000,26.000000,0.035000,0.000000
5.543000,0.500000,0.640000,-1.920660,-0.000000,-1.920660,-0.300583,0.000000,0.300583,0.024592,-0.001238,0.030969,0.030969,0.006376,0.035194,0.036432,0.024047,0.013324,0.000051,0.035070,0.000124,0.947233,0.000558,0.947791,0.947791,0.947791,0.473896,0.473896,0,0,1,0,0.000000,0.080000,0.008000,0.001000,5.500000,0.100000,26.000000,0.035000,0.000000
5.548000,0.500000,0.640000,-1.922188,-0.000000,-1.922188,-0.300837,0.000000,0.300837,0.024592,-0.001238,0.030969,0.030969,0.006376,0.035194,0.036432,0.024067,0.013336,0.000051,0.035070,0.000124,0.947233,0.000000,0.947233,0.947233,0.947233,0.473617,0.473617,0,0,1,0,0.000000,0.080000,0.008000,0.001000,5.500000,0.100000,26.000000,0.035000,0.000000
5.553000,0.500000,0.640000,-1.923717,-0.000000,-1.923717,-0.301091,0.000000,0.301091,0.024579,-0.001252,0.030969,0.030969,0.006389,0.035267,0.036519,0.024087,0.013348,0.000051,0.035142,0.000125,0.949507,0.000612,0.950119,0.950119,0.950119,0.475059,0.475059,0,0,1,0,0.000000,0.080000,0.008000,0.001000,5.500000,0.100000,26.000000,0.035000,0.000000
5.558000,0.500000,0.640000,-1.925248,-0.000000,-1.925248,-0.301344,0.000000,0.301344,0.024579,-0.001252,0.030969,0.030969,0.006389,0.035267,0.036519,0.024108,0.013360,0.000051,0.035142,0.000125,0.949507,0.000000,0.949507,0.949507,0.949507,0.474753,0.474753,0,0,1,0,0.000000,0.080000,0.008000,0.001000,5.500000,0.100000,26.000000,0.035000,0.000000
5.563000,0.500000,0.640000,-1.926779,-0.000000,-1.926779,-0.301598,0.000000,0.301598,0.024566,-0.001267,0.030969,0.030969,0.006403,0.035342,0.036608,0.024128,0.013372,0.000051,0.035215,0.000127,0.951819,0.000623,0.952442,0.952442,0.952442,0.476221,0.476221,0,0,1,0,0.000000,0.080000,0.008000,0.001000,5.500000,0.100000,26.000000,0.035000,0.000000
5.568000,0.500000,0.640000,-1.928312,-0.000000,-1.928312,-0.301852,0.000000,0.301852,0.024566,-0.001267,0.030969,0.030969,0.006403,0.035342,0.036608,0.024148,0.013384,0.000051,0.035215,0.000127,0.951819,0.000000,0.951819,0.951819,0.951819,0.475910,0.475910,0,0,1,0,0.000000,0.080000,0.008000,0.001000,5.500000,0.100000,26.000000,0.035000,0.000000
5.573000,0.500000,0.640000,-1.929846,-0.000000,-1.929846,-0.302107,0.000000,0.302107,0.024553,-0.001277,0.030969,0.030969,0.006416,0.035416,0.036693,0.024169,0.013396,0.000051,0.035288,0.000128,0.954018,0.000592,0.954611,0.954611,0.954611,0.477305,0.477305,0,0,1,0,0.000000,0.080000,0.008000,0.001000,5.500000,0.100000,26.000000,0.035000,0.000000
5.578000,0.500000,0.640000,-1.931382,-0.000000,-1.931382,-0.302362,0.000000,0.302362,0.024553,-0.001277,0.030969,0.030969,0.006416,0.035416,0.036693,0.024189,0.013408,0.000051,0.035288,0.000128,0.954018,0.000000,0.954018,0.954018,0.954018,0.477009,0.477009,0,0,1,0,0.000000,0.080000,0.008000,0.001000,5.500000,0.100000,26.000000,0.035000,0.000000
5.587000,0.500000,0.640000,-1.934457,-0.000000,-1.934457,-0.302875,0.000000,0.302875,0.024540,-0.001280,0.030969,0.030969,0.006429,0.035489,0.036769,0.024230,0.013430,0.000057,0.035361,0.000128,0.955994,0.000296,0.956290,0.956290,0.956290,0.478145,0.478145,0,0,1,0,0.000000,0.080000,0.008000,0.001000,5.500000,0.100000,26.000000,0.035000,0.000000
5.592000,0.500000,0.640000,-1.935996,-0.000000,-1.935996,-0.303132,0.000000,0.303132,0.024527,-0.001284,0.030969,0.030969,0.006442,0.035560,0.036844,0.024251,0.013442,0.000051,0.035432,0.000128,0.957940,0.000524,0.958463,0.958463,0.958463,0.479232,0.479232,0,0,1,0,0.000000,0.080000,0.008000,0.001000,5.500000,0.100000,26.000000,0.035000,0.000000
5.597000,0.500000,0.640000,-1.937537,-0.000000,-1.937537,-0.303389,0.000000,0.303389,0.024527,-0.001284,0.030969,0.030969,0.006442,0.035560,0.036844,0.024271,0.013454,0.000051,0.035432,0.000128,0.957940,0.000000,0.957940,0.957940,0.957940,0.478970,0.478970,0,0,1,0,0.000000,0.080000,0.008000,0.001000,5.500000,0.100000,26.000000,0.035000,0.000000
5.602000,0.500000,0.640000,-1.939080,-0.000000,-1.939080,-0.303648,0.000000,0.303648,0.024514,-0.001277,0.030969,0.030969,0.006455,0.035629,0.036906,0.024292,0.013467,0.000052,0.035502,0.000128,0.959553,0.000434,0.959988,0.959988,0.959988,0.479994,0.479994,0,0,1,0,0.000000,0.080000,0.008000,0.001000,5.500000,0.100000,26.000000,0.035000,0.000000
5.607000,0.500000,0.640000,-1.940623,-0.000000,-1.940623,-0.303908,0.000000,0.303908,0.024514,-0.001277,0.030969,0.030969,0.006455,0.035629,0.036906,0.024313,0.013479,0.000052,0.035502,0.000128,0.959553,0.000000,0.959553,0.959553,0.959553,0.479777,0.479777,0,0,1,0,0.000000,0.080000,0.008000,0.001000,5.500000,0.100000,26.000000,0.035000,0.000000
5.612000,0.500000,0.640000,-1.942168,-0.000000,-1.942168,-0.304168,0.000000,0.304168,0.024502,-0.001262,0.030969,0.030969,0.006467,0.035695,0.036957,0.024333,0.013491,0.000052,0.035569,0.000126,0.960875,0.000356,0.961231,0.961231,0.961231,0.480615,0.480615,0,0,1,0,0.000000,0.080000,0.008000,0.001000,5.500000,0.100000,26.000000,0.035000,0.000000
5.617000,0.500000,0.640000,-1.943715,-0.000000,-1.943715,-0.304429,0.000000,0.304429,0.024502,-0.001262,0.030969,0.030969,0.006467,0.035695,0.036957,0.024354,0.013503,0.000052,0.035569,0.000126,0.960875,0.000000,0.960875,0.960875,0.960875,0.480437,0.480437,0,0,1,0,0.000000,0.080000,0.008000,0.001000,5.500000,0.100000,26.000000,0.035000,0.000000
5.622000,0.500000,0.640000,-1.945262,-0.000000,-1.945262,-0.304691,0.000000,0.304691,0.024490,-0.001242,0.030969,0.030969,0.006479,0.035758,0.037000,0.024375,0.013515,0.000052,0.035634,0.000124,0.962009,0.000305,0.962314,0.962314,0.962314,0.481157,0.481157,0,0,1,0,0.000000,0.080000,0.008000,0.001000,5.500000,0.100000,26.000000,0.035000,0.000000
5.627000,0.500000,0.640000,-1.946812,-0.000000,-1.946812,-0.304954,0.000000,0.304954,0.024490,-0.001242,0.030969,0.030969,0.006479,0.035758,0.037000,0.024396,0.013527,0.000052,0.035634,0.000124,0.962009,0.000000,0.962009,0.962009,0.962009,0.481004,0.481004,0,0,1,0,0.000000,0.080000,0.008000,0.001000,5.500000,0.100000,26.000000,0.035000,0.000000
5.632000,0.500000,0.640000,-1.948362,-0.000000,-1.948362,-0.305216,0.000000,0.305216,0.024478,-0.001223,0.030969,0.030969,0.006490,0.035819,0.037042,0.024417,0.013540,0.000053,0.035697,0.000122,0.963088,0.000291,0.963379,0.963379,0.963379,0.481689,0.481689,0,0,1,0,0.000000,0.080000,0.008000,0.001000,5.500000,0.100000,26.000000,0.035000,0.000000
5.641000,0.500000,0.640000,-1.951467,-0.000000,-1.951467,-0.305742,0.000000,0.305742,0.024467,-0.001206,0.030969,0.030969,0.006502,0.035880,0.037086,0.024459,0.013562,0.000058,0.035760,0.000121,0.964243,0.000173,0.964416,0.964416,0.964416,0.482208,0.482208,0,0,1,0,0.000000,0.080000,0.008000,0.001000,5.500000,0.100000,26.000000,0.035000,0.000000
5.646000,0.500000,0.640000,-1.953022,-0.000000,-1.953022,-0.306005,0.000000,0.306005,0.024467,-0.001206,0.030969,0.030969,0.006502,0.035880,0.037086,0.024480,0.013574,0.000053,0.035760,0.000121,0.964243,0.000000,0.964243,0.964243,0.964243,0.482121,0.482121,0,0,1,0,0.000000,0.080000,0.008000,0.001000,5.500000,0.100000,26.000000,0.035000,0.000000
5.651000,0.500000,0.640000,-1.954577,-0.000000,-1.954577,-0.306268,0.000000,0.306268,0.024456,-0.001195,0.030969,0.030969,0.006513,0.035942,0.037137,0.024501,0.013586,0.000053,0.035822,0.000119,0.965556,0.000354,0.965910,0.965910,0.965910,0.482955,0.482955,0,0,1,0,0.000000,0.080000,0.008000,0.001000,5.500000,0.100000,26.000000,0.035000,0.000000
5.656000,0.500000,0.640000,-1.956134,-0.000000,-1.956134,-0.306530,0.000000,0.306530,0.024456,-0.001195,0.030969,0.030969,0.006513,0.035942,0.037137,0.024522,0.013598,0.000052,0.035822,0.000119,0.965556,0.000000,0.965556,0.965556,0.965556,0.482778,0.482778,0,0,1,0,0.000000,0.080000,0.008000,0.001000,5.500000,0.100000,26.000000,0.035000,0.000000
5.661000,0.500000,0.640000,-1.957693,-0.000000,-1.957693,-0.306792,0.000000,0.306792,0.024444,-0.001191,0.030969,0.030969,0.006525,0.036006,0.037196,0.024543,0.013611,0.000052,0.035886,0.000119,0.967102,0.000416,0.967518,0.967518,0.967518,0.483759,0.483759,0,0,1,0,0.000000,0.080000,0.008000,0.001000,5.500000,0.100000,26.000000,0.035000,0.000000
5.666000,0.500000,0.640000,-1.957693,-0.000000,-1.957693,-0.306792,0.000000,0.306792,0.024444,-0.001191,0.030969,0.030969,0.006525,0.036006,0.037196,0.024543,0.013623,0.000000,0.035886,0.000119,0.967102,0.000000,0.967102,0.967102,0.967102,0.483551,0.483551,0,0,1,0,0.000000,0.080000,0.008000,0.001000,5.500000,0.100000,26.000000,0.035000,0.000000
5.671000,0.500000,0.640000,-1.959252,-0.000000,-1.959252,-0.307054,0.000000,0.307054,0.024432,-0.001193,0.030969,0.030969,0.006537,0.036071,0.037265,0.024564,0.013635,0.000052,0.035952,0.000119,0.968878,0.000478,0.969357,0.969357,0.969357,0.484678,0.484678,0,0,1,0,0.000000,0.080000,0.008000,0.001000,5.500000,0.100000,26.000000,0.035000,0.000000
5.680000,0.500000,0.640000,-1.962375,-0.000000,-1.962375,-0.307576,0.000000,0.307576,0.024420,-0.001200,0.030969,0.030969,0.006549,0.036139,0.037340,0.024606,0.013657,0.000058,0.036019,0.000120,0.970834,0.000292,0.971126,0.971126,0.971126,0.485563,0.485563,0,0,1,0,0.000000,0.080000,0.008000,0.001000,5.500000,0.100000,26.000000,0.035000,0.000000
5.685000,0.500000,0.640000,-1.963939,-0.000000,-1.963939,-0.307837,0.000000,0.307837,0.024420,-0.001200,0.030969,0.030969,0.006549,0.036139,0.037340,0.024627,0.013670,0.000052,0.036019,0.000120,0.970834,0.000000,0.970834,0.970834,0.970834,0.485417,0.485417,0,0,1,0,0.000000,0.080000,0.008000,0.001000,5.500000,0.100000,26.000000,0.035000,0.000000
5.690000,0.500000,0.640000,-1.965504,-0.000000,-1.965504,-0.308098,0.000000,0.308098,0.024407,-0.001209,0.030969,0.030969,0.006561,0.036209,0.037418,0.024648,0.013682,0.000052,0.036088,0.000121,0.972857,0.000545,0.973401,0.973401,0.973401,0.486701,0.486701,0,0,1,0,0.000000,0.080000,0.008000,0.001000,5.500000,0.100000,26.000000,0.035000,0.000000
5.695000,0.500000,0.640000,-1.967070,-0.000000,-1.967070,-0.308359,0.000000,0.308359,0.024407,-0.001209,0.030969,0.030969,0.006561,0.036209,0.037418,0.024669,0.013694,0.000052,0.036088,0.000121,0.972857,0.000000,0.972857,0.972857,0.972857,0.486428,0.486428,0,0,1,0,0.000000,0.080000,0.008000,0.001000,5.500000,0.100000,26.000000,0.035000,0.000000
5.700000,0.500000,0.640000,-1.968637,-0.000000,-1.968637,-0.308620,0.000000,0.308620,0.024407,-0.001209,0.030969,0.030969,0.006561,0.036209,0.037418,0.024690,0.013707,0.000052,0.036088,0.000121,0.972857,0.000000,0.972857,0.972857,0.972857,0.486428,0.486428,0,0,1,0,0.000000,0.080000,0.008000,0.001000,5.500000,0.100000,26.000000,0.035000,0.000000
5.705000,0.500000,0.640000,-1.970206,-0.000000,-1.970206,-0.308882,0.000000,0.308882,0.024395,-0.001217,0.030969,0.030969,0.006574,0.036279,0.037496,0.024711,0.013719,0.000052,0.036157,0.000122,0.974890,0.000548,0.975438,0.975438,0.975438,0.487719,0.487719,0,0,1,0,0.000000,0.080000,0.008000,0.001000,5.500000,0.100000,26.000000,0.035000,0.000000
5.714000,0.500000,0.640000,-1.973347,-0.000000,-1.973347,-0.309405,0.000000,0.309405,0.024382,-0.001223,0.030969,0.030969,0.006587,0.036348,0.037571,0.024752,0.013741,0.000058,0.036226,0.000122,0.976852,0.000293,0.977146,0.977146,0.977146,0.488573,0.488573,0,0,1,0,0.000000,0.080000,0.008000,0.001000,5.500000,0.100000,26.000000,0.035000,0.000000
5.719000,0.500000,0.640000,-1.974920,-0.000000,-1.974920,-0.309668,0.000000,0.309668,0.024382,-0.001223,0.030969,0.030969,0.006587,0.036348,0.037571,0.024773,0.013754,0.000053,0.036226,0.000122,0.976852,0.000000,0.976852,0.976852,0.976852,0.488426,0.488426,0,0,1,0,0.000000,0.080000,0.008000,0.001000,5.500000,0.100000,26.000000,0.035000,0.000000
5.724000,0.500000,0.640000,-1.976494,-0.000000,-1.976494,-0.309931,0.000000,0.309931,0.024370,-0.001224,0.030969,0.030969,0.006599,0.036416,0.037640,0.024795,0.013766,0.000053,0.036294,0.000122,0.978652,0.000485,0.979137,0.979137,0.979137,0.489569,0.489569,0,0,1,0,0.000000,0.080000,0.008000,0.001000,5.500000,0.100000,26.000000,0.035000,0.000000
5.729000,0.500000,0.640000,-1.978070,-0.000000,-1.978070,-0.310195,0.000000,0.310195,0.024370,-0.001224,0.030969,0.030969,0.006599,0.036416,0.037640,0.024816,0.013778,0.000053,0.036294,0.000122,0.978652,0.000000,0.978652,0.978652,0.978652,0.489326,0.489326,0,0,1,0,0.000000,0.080000,0.008000,0.001000,5.500000,0.100000,26.000000,0.035000,0.000000
5.734000,0.500000,0.640000,-1.979647,-0.000000,-1.979647,-0.310459,0.000000,0.310459,0.024358,-0.001221,0.030969,0.030969,0.006611,0.036483,0.037704,0.024837,0.013791,0.000053,0.036361,0.000122,0.980317,0.000448,0.980765,0.980765,0.980765,0.490383,0.490383,0,0,1,0,0.000000,0.080000,0.008000,0.001000,5.500000,0.100000,26.000000,0.035000,0.000000
5.739000,0.500000,0.640000,-1.981225,-0.000000,-1.981225,-0.310724,0.000000,0.310724,0.024358,-0.001221,0.030969,0.030969,0.006611,0.036483,0.037704,0.024858,0.013803,0.000053,0.036361,0.000122,0.980317,0.000000,0.980317,0.980317,0.980317,0.490158,0.490158,0,0,1,0,0.000000,0.080000,0.008000,0.001000,5.500000,0.100000,26.000000,0.035000,0.000000
5.744000,0.500000,0.640000,-1.982804,-0.000000,-1.982804,-0.310990,0.000000,0.310990,0.024346,-0.001215,0.030969,0.030969,0.006623,0.036549,0.037764,0.024879,0.013816,0.000053,0.036427,0.000122,0.981862,0.000416,0.982278,0.982278,0.982278,0.491139,0.491139,0,0,1,0,0.000000,0.080000,0.008000,0.001000,5.500000,0.100000,26.000000,0.035000,0.000000
5.749000,0.500000,0.640000,-1.984385,-0.000000,-1.984385,-0.311255,0.000000,0.311255,0.024346,-0.001215,0.030969,0.030969,0.006623,0.036549,0.037764,0.024900,0.013828,0.000053,0.036427,0.000122,0.981862,0.000000,0.981862,0.981862,0.981862,0.490931,0.490931,0,0,1,0,0.000000,0.080000,0.008000,0.001000,5.500000,0.100000,26.000000,0.035000,0.000000
5.754000,0.500000,0.640000,-1.985968,-0.000000,-1.985968,-0.311522,0.000000,0.311522,0.024334,-0.001207,0.030969,0.030969,0.006635,0.036613,0.037820,0.024922,0.013841,0.000053,0.036493,0.000121,0.983331,0.000395,0.983726,0.983726,0.983726,0.491863,0.491863,0,0,1,0,0.000000,0.080000,0.008000,0.001000,5.500000,0.100000,26.000000,0.035000,0.000000
5.759000,0.500000,0.640000,-1.987551,-0.000000,-1.987551,-0.311788,0.000000,0.311788,0.024334,-0.001207,0.030969,0.030969,0.006635,0.036613,0.037820,0.024943,0.013853,0.000053,0.036493,0.000121,0.983331,0.000000,0.983331,0.983331,0.983331,0.491665,0.491665,0,0,1,0,0.000000,0.080000,0.008000,0.001000,5.500000,0.100000,26.000000,0.035000,0.000000
5.768000,0.500000,0.640000,-1.990723,-0.000000,-1.990723,-0.312322,0.000000,0.312322,0.024322,-0.001199,0.030969,0.030969,0.006647,0.036677,0.037876,0.024986,0.013876,0.000059,0.036557,0.000120,0.984777,0.000216,0.984994,0.984994,0.984994,0.492497,0.492497,0,0,1,0,0.000000,0.080000,0.008000,0.001000,5.500000,0.100000,26.000000,0.035000,0.000000
5.773000,0.500000,0.640000,-1.992311,-0.000000,-1.992311,-0.312588,0.000000,0.312588,0.024310,-0.001198,0.030969,0.030969,0.006658,0.036742,0.037940,0.025007,0.013888,0.000053,0.036622,0.000120,0.986433,0.000446,0.986878,0.986878,0.986878,0.493439,0.493439,0,0,1,0,0.000000,0.080000,0.008000,0.001000,5.500000,0.100000,26.000000,0.035000,0.000000
5.778000,0.500000,0.640000,-1.993900,-0.000000,-1.993900,-0.312855,0.000000,0.312855,0.024310,-0.001198,0.030969,0.030969,0.006658,0.036742,0.037940,0.025028,0.013901,0.000053,0.036622,0.000120,0.986433,0.000000,0.986433,0.986433,0.986433,0.493216,0.493216,0,0,1,0,0.000000,0.080000,0.008000,0.001000,5.500000,0.100000,26.000000,0.035000,0.000000
5.783000,0.500000,0.640000,-1.995490,-0.000000,-1.995490,-0.313122,0.000000,0.313122,0.024298,-0.001197,0.030969,0.030969,0.006670,0.036807,0.038004,0.025050,0.013913,0.000053,0.036687,0.000120,0.988106,0.000450,0.988556,0.988556,0.988556,0.494278,0.494278,0,0,1,0,0.000000,0.080000,0.008000,0.001000,5.500000,0.100000,26.000000,0.035000,0.000000
5.788000,0.500000,0.640000,-1.997082,-0.000000,-1.997082,-0.313388,0.000000,0.313388,0.024298,-0.001197,0.030969,0.030969,0.006670,0.036807,0.038004,0.025071,0.013926,0.000053,0.036687,0.000120,0.988106,0.000000,0.988106,0.988106,0.988106,0.494053,0.494053,0,0,1,0,0.000000,0.080000,0.008000,0.001000,5.500000,0.100000,26.000000,0.035000,0.000000
5.793000,0.500000,0.640000,-1.998675,-0.000000,-1.998675,-0.313656,0.000000,0.313656,0.024286,-0.001196,0.030969,0.030969,0.006682,0.036873,0.038069,0.025092,0.013938,0.000053,0.036753,0.000120,0.989795,0.000455,0.990250,0.990250,0.990250,0.495125,0.495125,0,0,1,0,0.000000,0.080000,0.008000,0.001000,5.500000,0.100000,26.000000,0.035000,0.000000
5.798000,0.500000,0.640000,-2.000269,-0.000000,-2.000269,-0.313923,0.000000,0.313923,0.024286,-0.001196,0.030969,0.030969,0.006682,0.036873,0.038069,0.025114,0.013951,0.000053,0.036753,0.000120,0.989795,0.000000,0.989795,0.989795,0.989795,0.494898,0.494898,0,0,1,0,0.000000,0.080000,0.008000,0.001000,5.500000,0.100000,26.000000,0.035000,0.000000
5.803000,0.500000,0.640000,-2.001865,-0.000000,-2.001865,-0.314190,0.000000,0.314190,0.024274,-0.001196,0.030969,0.030969,0.006694,0.036939,0.038135,0.025135,0.013963,0.000054,0.036819,0.000120,0.991501,0.000459,0.991960,0.991960,0.991960,0.495980,0.495980,0,0,1,0,0.000000,0.080000,0.008000,0.001000,5.500000,0.100000,26.000000,0.035000,0.000000
5.812000,0.500000,0.640000,-2.005061,-0.000000,-2.005061,-0.314726,0.000000,0.314726,0.024262,-0.001196,0.030969,0.030969,0.006706,0.037005,0.038201,0.025178,0.013986,0.000060,0.036885,0.000120,0.993218,0.000257,0.993475,0.993475,0.993475,0.496737,0.496737,0,0,1,0,0.000000,0.080000,0.008000,0.001000,5.500000,0.100000,26.000000,0.035000,0.000000
5.817000,0.500000,0.640000,-2.006661,-0.000000,-2.006661,-0.314994,0.000000,0.314994,0.024262,-0.001196,0.030969,0.030969,0.006706,0.037005,0.038201,0.025200,0.013999,0.000054,0.036885,0.000120,0.993218,0.000000,0.993218,0.993218,0.993218,0.496609,0.496609,0,0,1,0,0.000000,0.080000,0.008000,0.001000,5.500000,0.100000,26.000000,0.035000,0.000000
5.822000,0.500000,0.640000,-2.008262,-0.000000,-2.008262,-0.315263,0.000000,0.315263,0.024250,-0.001195,0.030969,0.030969,0.006718,0.037070,0.038266,0.025221,0.014011,0.000054,0.036951,0.000120,0.994912,0.000456,0.995368,0.995368,0.995368,0.497684,0.497684,0,0,1,0,0.000000,0.080000,0.008000,0.001000,5.500000,0.100000,26.000000,0.035000,0.000000
5.827000,0.500000,0.640000,-2.009865,-0.000000,-2.009865,-0.315531,0.000000,0.315531,0.024250,-0.001195,0.030969,0.030969,0.006718,0.037070,0.038266,0.025242,0.014024,0.000054,0.036951,0.000120,0.994912,0.000000,0.994912,0.994912,0.994912,0.497456,0.497456,0,0,1,0,0.000000,0.080000,0.008000,0.001000,5.500000,0.100000,26.000000,0.035000,0.000000
5.832000,0.500000,0.640000,-2.011469,-0.000000,-2.011469,-0.315800,0.000000,0.315800,0.024238,-0.001195,0.030969,0.030969,0.006730,0.037136,0.038331,0.025264,0.014037,0.000054,0.037017,0.000120,0.996617,0.000459,0.997076,0.997076,0.997076,0.498538,0.498538,0,0,1,0,0.000000,0.080000,0.008000,0.001000,5.500000,0.100000,26.000000,0.035000,0.000000
5.837000,0.500000,0.640000,-2.013074,-0.000000,-2.013074,-0.316069,0.000000,0.316069,0.024238,-0.001195,0.030969,0.030969,0.006730,0.037136,0.038331,0.025286,0.014049,0.000054,0.037017,0.000120,0.996617,0.000000,0.996617,0.996617,0.996617,0.498309,0.498309,0,0,1,0,0.000000,0.080000,0.008000,0.001000,5.500000,0.100000,26.000000,0.035000,0.000000
5.842000,0.500000,0.640000,-2.014681,-0.000000,-2.014681,-0.316339,0.000000,0.316339,0.024226,-0.001195,0.030969,0.030969,0.006742,0.037202,0.038397,0.025307,0.014062,0.000054,0.037083,0.000120,0.998330,0.000461,0.998791,0.998791,0.998791,0.499396,0.499396,0,0,1,0,0.000000,0.080000,0.008000,0.001000,5.500000,0.100000,26.000000,0.035000,0.000000
5.847000,0.500000,0.640000,-2.016289,-0.000000,-2.016289,-0.316608,0.000000,0.316608,0.024226,-0.001195,0.030969,0.030969,0.006742,0.037202,0.038397,0.025329,0.014074,0.000054,0.037083,0.000120,0.998330,0.000000,0.998330,0.998330,0.998330,0.499165,0.499165,0,0,1,0,0.000000,0.080000,0.008000,0.001000,5.500000,0.100000,26.000000,0.035000,0.000000
5.852000,0.500000,0.640000,-2.017898,-0.000000,-2.017898,-0.316878,0.000000,0.316878,0.024214,-0.001195,0.030969,0.030969,0.006754,0.037268,0.038463,0.025350,0.014087,0.000054,0.037149,0.000120,1.000048,0.000463,1.000510,1.000510,1.000510,0.500255,0.500255,0,0,1,0,0.000000,0.080000,0.008000,0.001000,5.500000,0.100000,26.000000,0.035000,0.000000
5.861000,0.500000,0.640000,-2.021122,-0.000000,-2.021122,-0.317418,0.000000,0.317418,0.024202,-0.001195,0.030969,0.030969,0.006766,0.037334,0.038530,0.025393,0.014110,0.000060,0.037215,0.000120,1.001768,0.000257,1.002026,1.002026,1.002026,0.501013,0.501013,0,0,1,0,0.000000,0.080000,0.008000,0.001000,5.500000,0.100000,26.000000,0.035000,0.000000
5.866000,0.500000,0.640000,-2.022735,-0.000000,-2.022735,-0.317688,0.000000,0.317688,0.024202,-0.001195,0.030969,0.030969,0.006766,0.037334,0.038530,0.025415,0.014123,0.000054,0.037215,0.000120,1.001768,0.000000,1.001768,1.001768,1.001768,0.500884,0.500884,0,0,1,0,0.000000,0.080000,0.008000,0.001000,5.500000,0.100000,26.000000,0.035000,0.000000
5.871000,0.500000,0.640000,-2.024350,-0.000000,-2.024350,-0.317959,0.000000,0.317959,0.024190,-0.001195,0.030969,0.030969,0.006778,0.037400,0.038595,0.025437,0.014135,0.000054,0.037280,0.000119,1.003460,0.000455,1.003916,1.003916,1.003916,0.501958,0.501958,0,0,1,0,0.000000,0.080000,0.008000,0.001000,5.500000,0.100000,26.000000,0.035000,0.000000
5.876000,0.500000,0.640000,-2.025966,-0.000000,-2.025966,-0.318230,0.000000,0.318230,0.024190,-0.001195,0.030969,0.030969,0.006778,0.037400,0.038595,0.025458,0.014148,0.000054,0.037280,0.000119,1.003460,0.000000,1.003460,1.003460,1.003460,0.501730,0.501730,0,0,1,0,0.000000,0.080000,0.008000,0.001000,5.500000,0.100000,26.000000,0.035000,0.000000
5.881000,0.500000,0.640000,-2.027584,-0.000000,-2.027584,-0.318502,0.000000,0.318502,0.024178,-0.001194,0.030969,0.030969,0.006790,0.037466,0.038660,0.025480,0.014161,0.000054,0.037346,0.000119,1.005161,0.000458,1.005619,1.005619,1.005619,0.502809,0.502809,0,0,1,0,0.000000,0.080000,0.008000,0.001000,5.500000,0.100000,26.000000,0.035000,0.000000
5.886000,0.500000,0.640000,-2.029203,-0.000000,-2.029203,-0.318773,0.000000,0.318773,0.024178,-0.001194,0.030969,0.030969,0.006790,0.037466,0.038660,0.025502,0.014174,0.000054,0.037346,0.000119,1.005161,0.000000,1.005161,1.005161,1.005161,0.502580,0.502580,0,0,1,0,0.000000,0.080000,0.008000,0.001000,5.500000,0.100000,26.000000,0.035000,0.000000
5.891000,0.500000,0.640000,-2.030824,-0.000000,-2.030824,-0.319045,0.000000,0.319045,0.024167,-0.001194,0.030969,0.030969,0.006802,0.037532,0.038726,0.025524,0.014186,0.000054,0.037412,0.000119,1.006872,0.000461,1.007333,1.007333,1.007333,0.503666,0.503666,0,0,1,0,0.000000,0.080000,0.008000,0.001000,5.500000,0.100000,26.000000,0.035000,0.000000
5.896000,0.500000,0.640000,-2.032446,-0.000000,-2.032446,-0.319316,0.000000,0.319316,0.024167,-0.001194,0.030969,0.030969,0.006802,0.037532,0.038726,0.025545,0.014199,0.000054,0.037412,0.000119,1.006872,0.000000,1.006872,1.006872,1.006872,0.503436,0.503436,0,0,1,0,0.000000,0.080000,0.008000,0.001000,5.500000,0.100000,26.000000,0.035000,0.000000
5.901000,0.500000,0.640000,-2.034069,-0.000000,-2.034069,-0.319589,0.000000,0.319589,0.024155,-0.001195,0.030969,0.030969,0.006814,0.037598,0.038792,0.025567,0.014212,0.000054,0.037478,0.000119,1.008594,0.000464,1.009058,1.009058,1.009058,0.504529,0.504529,0,0,1,0,0.000000,0.080000,0.008000,0.001000,5.500000,0.100000,26.000000,0.035000,0.000000
5.910000,0.500000,0.640000,-2.035694,-0.000000,-2.035694,-0.319861,0.000000,0.319861,0.024143,-0.001195,0.030969,0.030969,0.006826,0.037664,0.038859,0.025589,0.014235,0.000030,0.037544,0.000120,1.010326,0.000259,1.010585,1.010585,1.010585,0.505293,0.505293,0,0,1,0,0.000000,0.080000,0.008000,0.001000,5.500000,0.100000,26.000000,0.035000,0.000000
5.915000,0.500000,0.640000,-2.037320,-0.000000,-2.037320,-0.320134,0.000000,0.320134,0.024143,-0.001195,0.030969,0.030969,0.006826,0.037664,0.038859,0.025611,0.014248,0.000055,0.037544,0.000120,1.010326,0.000000,1.010326,1.010326,1.010326,0.505163,0.505163,0,0,1,0,0.000000,0.080000,0.008000,0.001000,5.500000,0.100000,26.000000,0.035000,0.000000
5.920000,0.500000,0.640000,-2.038947,-0.000000,-2.038947,-0.320406,0.000000,0.320406,0.024143,-0.001195,0.030969,0.030969,0.006826,0.037664,0.038859,0.025633,0.014261,0.000055,0.037544,0.000120,1.010326,0.000000,1.010326,1.010326,1.010326,0.505163,0.505163,0,0,1,0,0.000000,0.080000,0.008000,0.001000,5.500000,0.100000,26.000000,0.035000,0.000000
5.925000,0.500000,0.640000,-2.040576,-0.000000,-2.040576,-0.320680,0.000000,0.320680,0.024131,-0.001195,0.030969,0.030969,0.006838,0.037730,0.038924,0.025654,0.014273,0.000055,0.037610,0.000119,1.012036,0.000460,1.012497,1.012497,1.012497,0.506248,0.506248,0,0,1,0,0.000000,0.080000,0.008000,0.001000,5.500000,0.100000,26.000000,0.035000,0.000000
5.930000,0.500000,0.640000,-2.042206,-0.000000,-2.042206,-0.320953,0.000000,0.320953,0.024131,-0.001195,0.030969,0.030969,0.006838,0.037730,0.038924,0.025676,0.014286,0.000055,0.037610,0.000119,1.012036,0.000000,1.012036,1.012036,1.012036,0.506018,0.506018,0,0,1,0,0.000000,0.080000,0.008000,0.001000,5.500000,0.100000,26.000000,0.035000,0.000000
5.935000,0.500000,0.640000,-2.043837,-0.000000,-2.043837,-0.321226,0.000000,0.321226,0.024119,-0.001195,0.030969,0.030969,0.006850,0.037796,0.038991,0.025698,0.014299,0.000055,0.037676,0.000120,1.013761,0.000464,1.014225,1.014225,1.014225,0.507112,0.507112,0,0,1,0,0.000000,0.080000,0.008000,0.001000,5.500000,0.100000,26.000000,0.035000,0.000000
5.940000,0.500000,0.640000,-2.045470,-0.000000,-2.045470,-0.321500,0.000000,0.321500,0.024119,-0.001195,0.030969,0.030969,0.006850,0.037796,0.038991,0.025720,0.014312,0.000055,0.037676,0.000120,1.013761,0.000000,1.013761,1.013761,1.013761,0.506880,0.506880,0,0,1,0,0.000000,0.080000,0.008000,0.001000,5.500000,0.100000,26.000000,0.035000,0.000000
5.945000,0.500000,0.640000,-2.047105,-0.000000,-2.047105,-0.321774,0.000000,0.321774,0.024107,-0.001196,0.030969,0.030969,0.006862,0.037862,0.039058,0.025742,0.014325,0.000055,0.037742,0.000120,1.015498,0.000468,1.015966,1.015966,1.015966,0.507983,0.507983,0,0,1,0,0.000000,0.080000,0.008000,0.001000,5.500000,0.100000,26.000000,0.035000,0.000000
5.950000,0.500000,0.640000,-2.048740,-0.000000,-2.048740,-0.322048,0.000000,0.322048,0.024107,-0.001196,0.030969,0.030969,0.006862,0.037862,0.039058,0.025764,0.014338,0.000055,0.037742,0.000120,1.015498,0.000000,1.015498,1.015498,1.015498,0.507749,0.507749,0,0,1,0,0.000000,0.080000,0.008000,0.001000,5.500000,0.100000,26.000000,0.035000,0.000000
5.955000,0.500000,0.640000,-2.050378,-0.000000,-2.050378,-0.322322,0.000000,0.322322,0.024094,-0.001197,0.030969,0.030969,0.006874,0.037928,0.039125,0.025786,0.014351,0.000055,0.037808,0.000120,1.017246,0.000471,1.017717,1.017717,1.017717,0.508858,0.508858,0,0,1,0,0.000000,0.080000,0.008000,0.001000,5.500000,0.100000,26.000000,0.035000,0.000000
5.964000,0.500000,0.640000,-2.053656,-0.000000,-2.053656,-0.322872,0.000000,0.322872,0.024082,-0.001198,0.030969,0.030969,0.006886,0.037994,0.039192,0.025830,0.014374,0.000061,0.037875,0.000120,1.019001,0.000263,1.019264,1.019264,1.019264,0.509632,0.509632,0,0,1,0,0.000000,0.080000,0.008000,0.001000,5.500000,0.100000,26.000000,0.035000,0.000000
5.969000,0.500000,0.640000,-2.055297,-0.000000,-2.055297,-0.323147,0.000000,0.323147,0.024082,-0.001198,0.030969,0.030969,0.006886,0.037994,0.039192,0.025852,0.014387,0.000055,0.037875,0.000120,1.019001,0.000000,1.019001,1.019001,1.019001,0.509501,0.509501,0,0,1,0,0.000000,0.080000,0.008000,0.001000,5.500000,0.100000,26.000000,0.035000,0.000000
5.974000,0.500000,0.640000,-2.056940,-0.000000,-2.056940,-0.323422,0.000000,0.323422,0.024070,-0.001198,0.030969,0.030969,0.006898,0.038061,0.039259,0.025874,0.014400,0.000055,0.037941,0.000120,1.020730,0.000465,1.021195,1.021195,1.021195,0.510598,0.510598,0,0,1,0,0.000000,0.080000,0.008000,0.001000,5.500000,0.100000,26.000000,0.035000,0.000000
5.979000,0.500000,0.640000,-2.058584,-0.000000,-2.058584,-0.323698,0.000000,0.323698,0.024070,-0.001198,0.030969,0.030969,0.006898,0.038061,0.039259,0.025896,0.014413,0.000055,0.037941,0.000120,1.020730,0.000000,1.020730,1.020730,1.020730,0.510365,0.510365,0,0,1,0,0.000000,0.080000,0.008000,0.001000,5.500000,0.100000,26.000000,0.035000,0.000000
5.984000,0.500000,0.640000,-2.060230,-0.000000,-2.060230,-0.323974,0.000000,0.323974,0.024058,-0.001199,0.030969,0.030969,0.006910,0.038127,0.039326,0.025918,0.014426,0.000055,0.038007,0.000120,1.022468,0.000468,1.022936,1.022936,1.022936,0.511468,0.511468,0,0,1,0,0.000000,0.080000,0.008000,0.001000,5.500000,0.100000,26.000000,0.035000,0.000000
5.989000,0.500000,0.640000,-2.061877,-0.000000,-2.061877,-0.324250,0.000000,0.324250,0.024058,-0.001199,0.030969,0.030969,0.006910,0.038127,0.039326,0.025940,0.014439,0.000055,0.038007,0.000120,1.022468,0.000000,1.022468,1.022468,1.022468,0.511234,0.511234,0,0,1,0,0.000000,0.080000,0.008000,0.001000,5.500000,0.100000,26.000000,0.035000,0.000000
5.994000,0.500000,0.640000,-2.063525,-0.000000,-2.063525,-0.324526,0.000000,0.324526,0.024046,-0.001199,0.030969,0.030969,0.006922,0.038193,0.039393,0.025962,0.014452,0.000055,0.038073,0.000120,1.024215,0.000470,1.024685,1.024685,1.024685,0.512343,0.512343,0,0,1,0,0.000000,0.080000,0.008000,0.001000,5.500000,0.100000,26.000000,0.035000,0.000000
5.999000,0.500000,0.640000,-2.065175,-0.000000,-2.065175,-0.324803,0.000000,0.324803,0.024046,-0.001199,0.030969,0.030969,0.006922,0.038193,0.039393,0.025984,0.014465,0.000055,0.038073,0.000120,1.024215,0.000000,1.024215,1.024215,1.024215,0.512107,0.512107,0,0,1,0,0.000000,0.080000,0.008000,0.001000,5.500000,0.100000,26.000000,0.035000,0.000000
6.004000,0.500000,0.640000,-2.066826,-0.000000,-2.066826,-0.325079,0.000000,0.325079,0.024034,-0.001200,0.030969,0.030969,0.006935,0.038260,0.039460,0.026006,0.014478,0.000055,0.038140,0.000120,1.025970,0.000473,1.026443,1.026443,1.026443,0.513221,0.513221,0,0,1,0,0.000000,0.080000,0.008000,0.001000,5.500000,0.100000,26.000000,0.035000,0.000000
6.013000,0.500000,0.640000,-2.070132,-0.000000,-2.070132,-0.325634,0.000000,0.325634,0.024022,-0.001202,0.030969,0.030969,0.006947,0.038327,0.039528,0.026051,0.014501,0.000062,0.038206,0.000120,1.027732,0.000263,1.027995,1.027995,1.027995,0.513998,0.513998,0,0,1,0,0.000000,0.080000,0.008000,0.001000,5.500000,0.100000,26.000000,0.035000,0.000000
6.018000,0.500000,0.640000,-2.071788,-0.000000,-2.071788,-0.325911,0.000000,0.325911,0.024022,-0.001202,0.030969,0.030969,0.006947,0.038327,0.039528,0.026073,0.014514,0.000055,0.038206,0.000120,1.027732,0.000000,1.027732,1.027732,1.027732,0.513866,0.513866,0,0,1,0,0.000000,0.080000,0.008000,0.001000,5.500000,0.100000,26.000000,0.035000,0.000000
6.023000,0.500000,0.640000,-2.073444,-0.000000,-2.073444,-0.326189,0.000000,0.326189,0.024010,-0.001202,0.030969,0.030969,0.006959,0.038393,0.039595,0.026095,0.014527,0.000056,0.038273,0.000120,1.029468,0.000467,1.029935,1.029935,1.029935,0.514968,0.514968,0,0,1,0,0.000000,0.080000,0.008000,0.001000,5.500000,0.100000,26.000000,0.035000,0.000000
6.028000,0.500000,0.640000,-2.075103,-0.000000,-2.075103,-0.326467,0.000000,0.326467,0.024010,-0.001202,0.030969,0.030969,0.006959,0.038393,0.039595,0.026117,0.014540,0.000056,0.038273,0.000120,1.029468,0.000000,1.029468,1.029468,1.029468,0.514734,0.514734,0,0,1,0,0.000000,0.080000,0.008000,0.001000,5.500000,0.100000,26.000000,0.035000,0.000000
6.033000,0.500000,0.640000,-2.076762,-0.000000,-2.076762,-0.326745,0.000000,0.326745,0.023998,-0.001203,0.030969,0.030969,0.006971,0.038460,0.039662,0.026140,0.014553,0.000056,0.038339,0.000120,1.031216,0.000471,1.031687,1.031687,1.031687,0.515843,0.515843,0,0,1,0,0.000000,0.080000,0.008000,0.001000,5.500000,0.100000,26.000000,0.035000,0.000000
6.038000,0.500000,0.640000,-2.078423,-0.000000,-2.078423,-0.327023,0.000000,0.327023,0.023998,-0.001203,0.030969,0.030969,0.006971,0.038460,0.039662,0.026162,0.014566,0.000056,0.038339,0.000120,1.031216,0.000000,1.031216,1.031216,1.031216,0.515608,0.515608,0,0,1,0,0.000000,0.080000,0.008000,0.001000,5.500000,0.100000,26.000000,0.035000,0.000000
6.043000,0.500000,0.640000,-2.080086,-0.000000,-2.080086,-0.327302,0.000000,0.327302,0.023986,-0.001204,0.030969,0.030969,0.006983,0.038526,0.039730,0.026184,0.014579,0.000056,0.038406,0.000120,1.032976,0.000474,1.033450,1.033450,1.033450,0.516725,0.516725,0,0,1,0,0.000000,0.080000,0.008000,0.001000,5.500000,0.100000,26.000000,0.035000,0.000000
6.048000,0.500000,0.640000,-2.081749,-0.000000,-2.081749,-0.327581,0.000000,0.327581,0.023986,-0.001204,0.030969,0.030969,0.006983,0.038526,0.039730,0.026206,0.014593,0.000056,0.038406,0.000120,1.032976,0.000000,1.032976,1.032976,1.032976,0.516488,0.516488,0,0,1,0,0.000000,0.080000,0.008000,0.001000,5.500000,0.100000,26.000000,0.035000,0.000000
6.053000,0.500000,0.640000,-2.083415,-0.000000,-2.083415,-0.327860,0.000000,0.327860,0.023974,-0.001205,0.030969,0.030969,0.006995,0.038593,0.039798,0.026229,0.014606,0.000056,0.038473,0.000120,1.034748,0.000477,1.035225,1.035225,1.035225,0.517613,0.517613,0,0,1,0,0.000000,0.080000,0.008000,0.001000,5.500000,0.100000,26.000000,0.035000,0.000000
6.062000,0.500000,0.640000,-2.086749,-0.000000,-2.086749,-0.328419,0.000000,0.328419,0.023962,-0.001206,0.030969,0.030969,0.007007,0.038660,0.039866,0.026274,0.014629,0.000062,0.038540,0.000121,1.036529,0.000266,1.036795,1.036795,1.036795,0.518398,0.518398,0,0,1,0,0.000000,0.080000,0.008000,0.001000,5.500000,0.100000,26.000000,0.035000,0.000000
6.067000,0.500000,0.640000,-2.088419,-0.000000,-2.088419,-0.328699,0.000000,0.328699,0.023962,-0.001206,0.030969,0.030969,0.007007,0.038660,0.039866,0.026296,0.014642,0.000056,0.038540,0.000121,1.036529,0.000000,1.036529,1.036529,1.036529,0.518264,0.518264,0,0,1,0,0.000000,0.080000,0.008000,0.001000,5.500000,0.100000,26.000000,0.035000,0.000000
6.072000,0.500000,0.640000,-2.090090,-0.000000,-2.090090,-0.328979,0.000000,0.328979,0.023949,-0.001207,0.030969,0.030969,0.007019,0.038727,0.039934,0.026318,0.014656,0.000056,0.038606,0.000121,1.038285,0.000473,1.038758,1.038758,1.038758,0.519379,0.519379,0,0,1,0,0.000000,0.080000,0.008000,0.001000,5.500000,0.100000,26.000000,0.035000,0.000000
6.077000,0.500000,0.640000,-2.091762,-0.000000,-2.091762,-0.329259,0.000000,0.329259,0.023949,-0.001207,0.030969,0.030969,0.007019,0.038727,0.039934,0.026341,0.014669,0.000056,0.038606,0.000121,1.038285,0.000000,1.038285,1.038285,1.038285,0.519143,0.519143,0,0,1,0,0.000000,0.080000,0.008000,0.001000,5.500000,0.100000,26.000000,0.035000,0.000000
6.082000,0.500000,0.640000,-2.093436,-0.000000,-2.093436,-0.329540,0.000000,0.329540,0.023937,-0.001208,0.030969,0.030969,0.007031,0.038794,0.040002,0.026363,0.014682,0.000056,0.038673,0.000121,1.040053,0.000476,1.040529,1.040529,1.040529,0.520265,0.520265,0,0,1,0,0.000000,0.080000,0.008000,0.001000,5.500000,0.100000,26.000000,0.035000,0.000000
6.087000,0.500000,0.640000,-2.095111,-0.000000,-2.095111,-0.329821,0.000000,0.329821,0.023937,-0.001208,0.030969,0.030969,0.007031,0.038794,0.040002,0.026386,0.014695,0.000056,0.038673,0.000121,1.040053,0.000000,1.040053,1.040053,1.040053,0.520027,0.520027,0,0,1,0,0.000000,0.080000,0.008000,0.001000,5.500000,0.100000,26.000000,0.035000,0.000000
6.092000,0.500000,0.640000,-2.096788,-0.000000,-2.096788,-0.330102,0.000000,0.330102,0.023925,-0.001209,0.030969,0.030969,0.007044,0.038861,0.040070,0.026408,0.014708,0.000056,0.038740,0.000121,1.041833,0.000479,1.042312,1.042312,1.042312,0.521156,0.521156,0,0,1,0,0.000000,0.080000,0.008000,0.001000,5.500000,0.100000,26.000000,0.035000,0.000000
6.097000,0.500000,0.640000,-2.098466,-0.000000,-2.098466,-0.330383,0.000000,0.330383,0.023925,-0.001209,0.030969,0.030969,0.007044,0.038861,0.040070,0.026431,0.014722,0.000056,0.038740,0.000121,1.041833,0.000000,1.041833,1.041833,1.041833,0.520916,0.520916,0,0,1,0,0.000000,0.080000,0.008000,0.001000,5.500000,0.100000,26.000000,0.035000,0.000000
6.102000,0.500000,0.640000,-2.100145,-0.000000,-2.100145,-0.330665,0.000000,0.330665,0.023913,-0.001211,0.030969,0.030969,0.007056,0.038928,0.040139,0.026453,0.014735,0.000056,0.038807,0.000121,1.043622,0.000482,1.044103,1.044103,1.044103,0.522052,0.522052,0,0,1,0,0.000000,0.080000,0.008000,0.001000,5.500000,0.100000,26.000000,0.035000,0.000000
6.107000,0.500000,0.640000,-2.101826,-0.000000,-2.101826,-0.330946,0.000000,0.330946,0.023913,-0.001211,0.030969,0.030969,0.007056,0.038928,0.040139,0.026476,0.014748,0.000056,0.038807,0.000121,1.043622,0.000000,1.043622,1.043622,1.043622,0.521811,0.521811,0,0,1,0,0.000000,0.080000,0.008000,0.001000,5.500000,0.100000,26.000000,0.035000,0.000000
6.112000,0.500000,0.640000,-2.103509,-0.000000,-2.103509,-0.331228,0.000000,0.331228,0.023901,-0.001213,0.030969,0.030969,0.007068,0.038996,0.040208,0.026498,0.014761,0.000056,0.038875,0.000121,1.045417,0.000483,1.045900,1.045900,1.045900,0.522950,0.522950,0,0,1,0,0.000000,0.080000,0.008000,0.001000,5.500000,0.100000,26.000000,0.035000,0.000000
6.117000,0.500000,0.640000,-2.105193,-0.000000,-2.105193,-0.331510,0.000000,0.331510,0.023901,-0.001213,0.030969,0.030969,0.007068,0.038996,0.040208,0.026521,0.014775,0.000056,0.038875,0.000121,1.045417,0.000000,1.045417,1.045417,1.045417,0.522708,0.522708,0,0,1,0,0.000000,0.080000,0.008000,0.001000,5.500000,0.100000,26.000000,0.035000,0.000000
6.126000,0.500000,0.640000,-2.108564,-0.000000,-2.108564,-0.332075,0.000000,0.332075,0.023888,-0.001214,0.030969,0.030969,0.007080,0.039063,0.040278,0.026566,0.014798,0.000063,0.038942,0.000121,1.047216,0.000269,1.047485,1.047485,1.047485,0.523742,0.523742,0,0,1,0,0.000000,0.080000,0.008000,0.001000,5.500000,0.100000,26.000000,0.035000,0.000000
6.131000,0.500000,0.640000,-2.110252,-0.000000,-2.110252,-0.332357,0.000000,0.332357,0.023876,-0.001223,0.030969,0.030969,0.007093,0.039132,0.040355,0.026589,0.014812,0.000056,0.039010,0.000122,1.049234,0.000543,1.049778,1.049778,1.049778,0.524889,0.524889,0,0,1,0,0.000000,0.080000,0.008000,0.001000,5.500000,0.100000,26.000000,0.035000,0.000000
6.136000,0.500000,0.640000,-2.111942,-0.000000,-2.111942,-0.332639,0.000000,0.332639,0.023876,-0.001223,0.030969,0.030969,0.007093,0.039132,0.040355,0.026611,0.014825,0.000056,0.039010,0.000122,1.049234,0.000000,1.049234,1.049234,1.049234,0.524617,0.524617,0,0,1,0,0.000000,0.080000,0.008000,0.001000,5.500000,0.100000,26.000000,0.035000,0.000000
6.141000,0.500000,0.640000,-2.113633,-0.000000,-2.113633,-0.332922,0.000000,0.332922,0.023863,-0.001228,0.030969,0.030969,0.007105,0.039202,0.040430,0.026634,0.014838,0.000057,0.039079,0.000123,1.051182,0.000524,1.051706,1.051706,1.051706,0.525853,0.525853,0,0,1,0,0.000000,0.080000,0.008000,0.001000,5.500000,0.100000,26.000000,0.035000,0.000000
6.146000,0.500000,0.640000,-2.115325,-0.000000,-2.115325,-0.333205,0.000000,0.333205,0.023863,-0.001228,0.030969,0.030969,0.007105,0.039202,0.040430,0.026656,0.014852,0.000057,0.039079,0.000123,1.051182,0.000000,1.051182,1.051182,1.051182,0.525591,0.525591,0,0,1,0,0.000000,0.080000,0.008000,0.001000,5.500000,0.100000,26.000000,0.035000,0.000000
6.151000,0.500000,0.640000,-2.117019,-0.000000,-2.117019,-0.333489,0.000000,0.333489,0.023851,-0.001230,0.030969,0.030969,0.007118,0.039271,0.040501,0.026679,0.014865,0.000057,0.039148,0.000123,1.053028,0.000497,1.053526,1.053526,1.053526,0.526763,0.526763,0,0,1,0,0.000000,0.080000,0.008000,0.001000,5.500000,0.100000,26.000000,0.035000,0.000000
6.160000,0.500000,0.640000,-2.120411,-0.000000,-2.120411,-0.334058,0.000000,0.334058,0.023839,-0.001229,0.030969,0.030969,0.007130,0.039339,0.040568,0.026725,0.014889,0.000063,0.039216,0.000123,1.054776,0.000261,1.055037,1.055037,1.055037,0.527519,0.527519,0,0,1,0,0.000000,0.080000,0.008000,0.001000,5.500000,0.100000,26.000000,0.035000,0.000000
6.165000,0.500000,0.640000,-2.122109,-0.000000,-2.122109,-0.334343,0.000000,0.334343,0.023839,-0.001229,0.030969,0.030969,0.007130,0.039339,0.040568,0.026747,0.014902,0.000057,0.039216,0.000123,1.054776,0.000000,1.054776,1.054776,1.054776,0.527388,0.527388,0,0,1,0,0.000000,0.080000,0.008000,0.001000,5.500000,0.100000,26.000000,0.035000,0.000000
6.170000,0.500000,0.640000,-2.123809,-0.000000,-2.123809,-0.334629,0.000000,0.334629,0.023826,-0.001226,0.030969,0.030969,0.007142,0.039406,0.040631,0.026770,0.014916,0.000057,0.039283,0.000123,1.056414,0.000441,1.056855,1.056855,1.056855,0.528428,0.528428,0,0,1,0,0.000000,0.080000,0.008000,0.001000,5.500000,0.100000,26.000000,0.035000,0.000000
6.175000,0.500000,0.640000,-2.123809,-0.000000,-2.123809,-0.334629,0.000000,0.334629,0.023826,-0.001226,0.030969,0.030969,0.007142,0.039406,0.040631,0.026770,0.014929,0.000000,0.039283,0.000123,1.056414,0.000000,1.056414,1.056414,1.056414,0.528207,0.528207,0,0,1,0,0.000000,0.080000,0.008000,0.001000,5.500000,0.100000,26.000000,0.035000,0.000000
6.180000,0.500000,0.640000,-2.125510,-0.000000,-2.125510,-0.334914,0.000000,0.334914,0.023826,-0.001226,0.030969,0.030969,0.007142,0.039406,0.040631,0.026793,0.014943,0.000057,0.039283,0.000123,1.056414,0.000000,1.056414,1.056414,1.056414,0.528207,0.528207,0,0,1,0,0.000000,0.080000,0.008000,0.001000,5.500000,0.100000,26.000000,0.035000,0.000000
6.185000,0.500000,0.640000,-2.127213,-0.000000,-2.127213,-0.335201,0.000000,0.335201,0.023814,-0.001222,0.030969,0.030969,0.007154,0.039472,0.040693,0.026816,0.014956,0.000057,0.039350,0.000122,1.058024,0.000433,1.058457,1.058457,1.058457,0.529229,0.529229,0,0,1,0,0.000000,0.080000,0.008000,0.001000,5.500000,0.100000,26.000000,0.035000,0.000000
6.190000,0.500000,0.640000,-2.128917,-0.000000,-2.128917,-0.335487,0.000000,0.335487,0.023814,-0.001222,0.030969,0.030969,0.007154,0.039472,0.040693,0.026839,0.014969,0.000057,0.039350,0.000122,1.058024,0.000000,1.058024,1.058024,1.058024,0.529012,0.529012,0,0,1,0,0.000000,0.080000,0.008000,0.001000,5.500000,0.100000,26.000000,0.035000,0.000000
6.195000,0.500000,0.640000,-2.130622,-0.000000,-2.130622,-0.335773,0.000000,0.335773,0.023802,-0.001224,0.030969,0.030969,0.007167,0.039539,0.040763,0.026862,0.014983,0.000057,0.039416,0.000122,1.059847,0.000491,1.060337,1.060337,1.060337,0.530169,0.530169,0,0,1,0,0.000000,0.080000,0.008000,0.001000,5.500000,0.100000,26.000000,0.035000,0.000000
6.200000,0.500000,0.640000,-2.132329,-0.000000,-2.132329,-0.336059,0.000000,0.336059,0.023802,-0.001224,0.030969,0.030969,0.007167,0.039539,0.040763,0.026885,0.014996,0.000057,0.039416,0.000122,1.059847,0.000000,1.059847,1.059847,1.059847,0.529923,0.529923,0,0,1,0,0.000000,0.080000,0.008000,0.001000,5.500000,0.100000,26.000000,0.035000,0.000000
6.205000,0.500000,0.640000,-2.134037,-0.000000,-2.134037,-0.336345,0.000000,0.336345,0.023790,-0.001227,0.030969,0.030969,0.007179,0.039607,0.040834,0.026908,0.015010,0.000057,0.039485,0.000123,1.061686,0.000495,1.062182,1.062182,1.062182,0.531091,0.531091,0,0,1,0,0.000000,0.080000,0.008000,0.001000,5.500000,0.100000,26.000000,0.035000,0.000000
6.214000,0.500000,0.640000,-2.137459,-0.000000,-2.137459,-0.336919,0.000000,0.336919,0.023777,-0.001228,0.030969,0.030969,0.007191,0.039676,0.040904,0.026954,0.015034,0.000064,0.039553,0.000123,1.063508,0.000272,1.063780,1.063780,1.063780,0.531890,0.531890,0,0,1,0,0.000000,0.080000,0.008000,0.001000,5.500000,0.100000,26.000000,0.035000,0.000000
6.219000,0.500000,0.640000,-2.139171,-0.000000,-2.139171,-0.337206,0.000000,0.337206,0.023777,-0.001228,0.030969,0.030969,0.007191,0.039676,0.040904,0.026976,0.015048,0.000057,0.039553,0.000123,1.063508,0.000000,1.063508,1.063508,1.063508,0.531754,0.531754,0,0,1,0,0.000000,0.080000,0.008000,0.001000,5.500000,0.100000,26.000000,0.035000,0.000000
6.224000,0.500000,0.640000,-2.140885,-0.000000,-2.140885,-0.337494,0.000000,0.337494,0.023765,-0.001229,0.030969,0.030969,0.007204,0.039744,0.040972,0.027000,0.015061,0.000058,0.039621,0.000123,1.065280,0.000477,1.065757,1.065757,1.065757,0.532879,0.532879,0,0,1,0,0.000000,0.080000,0.008000,0.001000,5.500000,0.100000,26.000000,0.035000,0.000000
6.229000,0.500000,0.640000,-2.142601,-0.000000,-2.142601,-0.337781,0.000000,0.337781,0.023765,-0.001229,0.030969,0.030969,0.007204,0.039744,0.040972,0.027023,0.015075,0.000058,0.039621,0.000123,1.065280,0.000000,1.065280,1.065280,1.065280,0.532640,0.532640,0,0,1,0,0.000000,0.080000,0.008000,0.001000,5.500000,0.100000,26.000000,0.035000,0.000000
6.234000,0.500000,0.640000,-2.144318,-0.000000,-2.144318,-0.338070,0.000000,0.338070,0.023753,-0.001229,0.030969,0.030969,0.007216,0.039812,0.041040,0.027046,0.015088,0.000058,0.039689,0.000123,1.067050,0.000477,1.067527,1.067527,1.067527,0.533763,0.533763,0,0,1,0,0.000000,0.080000,0.008000,0.001000,5.500000,0.100000,26.000000,0.035000,0.000000
6.239000,0.500000,0.640000,-2.146037,-0.000000,-2.146037,-0.338358,0.000000,0.338358,0.023753,-0.001229,0.030969,0.030969,0.007216,0.039812,0.041040,0.027069,0.015102,0.000058,0.039689,0.000123,1.067050,0.000000,1.067050,1.067050,1.067050,0.533525,0.533525,0,0,1,0,0.000000,0.080000,0.008000,0.001000,5.500000,0.100000,26.000000,0.035000,0.000000
6.244000,0.500000,0.640000,-2.147757,-0.000000,-2.147757,-0.338647,0.000000,0.338647,0.023740,-0.001229,0.030969,0.030969,0.007228,0.039880,0.041109,0.027092,0.015115,0.000058,0.039757,0.000123,1.068829,0.000479,1.069308,1.069308,1.069308,0.534654,0.534654,0,0,1,0,0.000000,0.080000,0.008000,0.001000,5.500000,0.100000,26.000000,0.035000,0.000000
6.249000,0.500000,0.640000,-2.149478,-0.000000,-2.149478,-0.338935,0.000000,0.338935,0.023740,-0.001229,0.030969,0.030969,0.007228,0.039880,0.041109,0.027115,0.015129,0.000058,0.039757,0.000123,1.068829,0.000000,1.068829,1.068829,1.068829,0.534414,0.534414,0,0,1,0,0.000000,0.080000,0.008000,0.001000,5.500000,0.100000,26.000000,0.035000,0.000000
6.254000,0.500000,0.640000,-2.151201,-0.000000,-2.151201,-0.339225,0.000000,0.339225,0.023728,-0.001230,0.030969,0.030969,0.007241,0.039948,0.041178,0.027138,0.015142,0.000058,0.039825,0.000123,1.070624,0.000483,1.071108,1.071108,1.071108,0.535554,0.535554,0,0,1,0,0.000000,0.080000,0.008000,0.001000,5.500000,0.100000,26.000000,0.035000,0.000000
6.259000,0.500000,0.640000,-2.152926,-0.000000,-2.152926,-0.339514,0.000000,0.339514,0.023728,-0.001230,0.030969,0.030969,0.007241,0.039948,0.041178,0.027161,0.015156,0.000058,0.039825,0.000123,1.070624,0.000000,1.070624,1.070624,1.070624,0.535312,0.535312,0,0,1,0,0.000000,0.080000,0.008000,0.001000,5.500000,0.100000,26.000000,0.035000,0.000000
6.268000,0.500000,0.640000,-2.156379,-0.000000,-2.156379,-0.340093,0.000000,0.340093,0.023715,-0.001232,0.030969,0.030969,0.007253,0.040016,0.041248,0.027207,0.015180,0.000064,0.039893,0.000123,1.072441,0.000272,1.072713,1.072713,1.072713,0.536357,0.536357,0,0,1,0,0.000000,0.080000,0.008000,0.001000,5.500000,0.100000,26.000000,0.035000,0.000000
6.273000,0.500000,0.640000,-2.158108,-0.000000,-2.158108,-0.340381,0.000000,0.340381,0.023703,-0.001241,0.030969,0.030969,0.007266,0.040086,0.041327,0.027231,0.015194,0.000058,0.039962,0.000124,1.074502,0.000555,1.075057,1.075057,1.075057,0.537529,0.537529,0,0,1,0,0.000000,0.080000,0.008000,0.001000,5.500000,0.100000,26.000000,0.035000,0.000000
6.278000,0.500000,0.640000,-2.159838,-0.000000,-2.159838,-0.340670,0.000000,0.340670,0.023703,-0.001241,0.030969,0.030969,0.007266,0.040086,0.041327,0.027254,0.015208,0.000058,0.039962,0.000124,1.074502,0.000000,1.074502,1.074502,1.074502,0.537251,0.537251,0,0,1,0,0.000000,0.080000,0.008000,0.001000,5.500000,0.100000,26.000000,0.035000,0.000000
6.283000,0.500000,0.640000,-2.161570,-0.000000,-2.161570,-0.340960,0.000000,0.340960,0.023690,-0.001247,0.030969,0.030969,0.007279,0.040157,0.041404,0.027277,0.015221,0.000058,0.040032,0.000125,1.076511,0.000541,1.077052,1.077052,1.077052,0.538526,0.538526,0,0,1,0,0.000000,0.080000,0.008000,0.001000,5.500000,0.100000,26.000000,0.035000,0.000000
6.288000,0.500000,0.640000,-2.163303,-0.000000,-2.163303,-0.341250,0.000000,0.341250,0.023690,-0.001247,0.030969,0.030969,0.007279,0.040157,0.041404,0.027300,0.015235,0.000058,0.040032,0.000125,1.076511,0.000000,1.076511,1.076511,1.076511,0.538256,0.538256,0,0,1,0,0.000000,0.080000,0.008000,0.001000,5.500000,0.100000,26.000000,0.035000,0.000000
6.293000,0.500000,0.640000,-2.165038,-0.000000,-2.165038,-0.341540,0.000000,0.341540,0.023677,-0.001251,0.030969,0.030969,0.007291,0.040228,0.041478,0.027323,0.015249,0.000058,0.040103,0.000125,1.078433,0.000517,1.078950,1.078950,1.078950,0.539475,0.539475,0,0,1,0,0.000000,0.080000,0.008000,0.001000,5.500000,0.100000,26.000000,0.035000,0.000000
6.298000,0.500000,0.640000,-2.166774,-0.000000,-2.166774,-0.341831,0.000000,0.341831,0.023677,-0.001251,0.030969,0.030969,0.007291,0.040228,0.041478,0.027346,0.015262,0.000058,0.040103,0.000125,1.078433,0.000000,1.078433,1.078433,1.078433,0.539216,0.539216,0,0,1,0,0.000000,0.080000,0.008000,0.001000,5.500000,0.100000,26.000000,0.035000,0.000000
6.303000,0.500000,0.640000,-2.168512,-0.000000,-2.168512,-0.342122,0.000000,0.342122,0.023665,-0.001251,0.030969,0.030969,0.007304,0.040297,0.041548,0.027370,0.015276,0.000058,0.040172,0.000125,1.080259,0.000492,1.080751,1.080751,1.080751,0.540376,0.540376,0,0,1,0,0.000000,0.080000,0.008000,0.001000,5.500000,0.100000,26.000000,0.035000,0.000000
6.312000,0.500000,0.640000,-2.171992,-0.000000,-2.171992,-0.342707,0.000000,0.342707,0.023652,-0.001250,0.030969,0.030969,0.007317,0.040366,0.041616,0.027417,0.015301,0.000065,0.040241,0.000125,1.082005,0.000261,1.082267,1.082267,1.082267,0.541133,0.541133,0,0,1,0,0.000000,0.080000,0.008000,0.001000,5.500000,0.100000,26.000000,0.035000,0.000000
6.317000,0.500000,0.640000,-2.173734,-0.000000,-2.173734,-0.342999,0.000000,0.342999,0.023652,-0.001250,0.030969,0.030969,0.007317,0.040366,0.041616,0.027440,0.015314,0.000059,0.040241,0.000125,1.082005,0.000000,1.082005,1.082005,1.082005,0.541003,0.541003,0,0,1,0,0.000000,0.080000,0.008000,0.001000,5.500000,0.100000,26.000000,0.035000,0.000000
6.322000,0.500000,0.640000,-2.175478,-0.000000,-2.175478,-0.343293,0.000000,0.343293,0.023640,-0.001246,0.030969,0.030969,0.007329,0.040434,0.041680,0.027463,0.015328,0.000059,0.040309,0.000125,1.083670,0.000448,1.084118,1.084118,1.084118,0.542059,0.542059,0,0,1,0,0.000000,0.080000,0.008000,0.001000,5.500000,0.100000,26.000000,0.035000,0.000000
6.327000,0.500000,0.640000,-2.177223,-0.000000,-2.177223,-0.343586,0.000000,0.343586,0.023640,-0.001246,0.030969,0.030969,0.007329,0.040434,0.041680,0.027487,0.015342,0.000059,0.040309,0.000125,1.083670,0.000000,1.083670,1.083670,1.083670,0.541835,0.541835,0,0,1,0,0.000000,0.080000,0.008000,0.001000,5.500000,0.100000,26.000000,0.035000,0.000000
6.332000,0.500000,0.640000,-2.178970,-0.000000,-2.178970,-0.343880,0.000000,0.343880,0.023627,-0.001243,0.030969,0.030969,0.007341,0.040501,0.041744,0.027510,0.015356,0.000059,0.040377,0.000124,1.085334,0.000448,1.085782,1.085782,1.085782,0.542891,0.542891,0,0,1,0,0.000000,0.080000,0.008000,0.001000,5.500000,0.100000,26.000000,0.035000,0.000000
6.337000,0.500000,0.640000,-2.180718,-0.000000,-2.180718,-0.344174,0.000000,0.344174,0.023627,-0.001243,0.030969,0.030969,0.007341,0.040501,0.041744,0.027534,0.015369,0.000059,0.040377,0.000124,1.085334,0.000000,1.085334,1.085334,1.085334,0.542667,0.542667,0,0,1,0,0.000000,0.080000,0.008000,0.001000,5.500000,0.100000,26.000000,0.035000,0.000000
6.342000,0.500000,0.640000,-2.182467,-0.000000,-2.182467,-0.344468,0.000000,0.344468,0.023615,-0.001240,0.030969,0.030969,0.007354,0.040569,0.041809,0.027557,0.015383,0.000059,0.040445,0.000124,1.087037,0.000459,1.087496,1.087496,1.087496,0.543748,0.543748,0,0,1,0,0.000000,0.080000,0.008000,0.001000,5.500000,0.100000,26.000000,0.035000,0.000000
6.347000,0.500000,0.640000,-2.184219,-0.000000,-2.184219,-0.344762,0.000000,0.344762,0.023615,-0.001240,0.030969,0.030969,0.007354,0.040569,0.041809,0.027581,0.015397,0.000059,0.040445,0.000124,1.087037,0.000000,1.087037,1.087037,1.087037,0.543519,0.543519,0,0,1,0,0.000000,0.080000,0.008000,0.001000,5.500000,0.100000,26.000000,0.035000,0.000000
6.352000,0.500000,0.640000,-2.185971,-0.000000,-2.185971,-0.345056,0.000000,0.345056,0.023603,-0.001240,0.030969,0.030969,0.007366,0.040637,0.041877,0.027605,0.015411,0.000059,0.040513,0.000124,1.088809,0.000477,1.089286,1.089286,1.089286,0.544643,0.544643,0,0,1,0,0.000000,0.080000,0.008000,0.001000,5.500000,0.100000,26.000000,0.035000,0.000000
6.357000,0.500000,0.640000,-2.187725,-0.000000,-2.187725,-0.345351,0.000000,0.345351,0.023603,-0.001240,0.030969,0.030969,0.007366,0.040637,0.041877,0.027628,0.015424,0.000059,0.040513,0.000124,1.088809,0.000000,1.088809,1.088809,1.088809,0.544405,0.544405,0,0,1,0,0.000000,0.080000,0.008000,0.001000,5.500000,0.100000,26.000000,0.035000,0.000000
6.362000,0.500000,0.640000,-2.189481,-0.000000,-2.189481,-0.345645,0.000000,0.345645,0.023590,-0.001243,0.030969,0.030969,0.007378,0.040706,0.041948,0.027652,0.015438,0.000059,0.040582,0.000124,1.090661,0.000498,1.091159,1.091159,1.091159,0.545579,0.545579,0,0,1,0,0.000000,0.080000,0.008000,0.001000,5.500000,0.100000,26.000000,0.035000,0.000000
6.371000,0.500000,0.640000,-2.192997,-0.000000,-2.192997,-0.346234,0.000000,0.346234,0.023578,-0.001247,0.030969,0.030969,0.007391,0.040776,0.042022,0.027699,0.015463,0.000065,0.040651,0.000125,1.092584,0.000288,1.092872,1.092872,1.092872,0.546436,0.546436,0,0,1,0,0.000000,0.080000,0.008000,0.001000,5.500000,0.100000,26.000000,0.035000,0.000000
6.376000,0.500000,0.640000,-2.194757,-0.000000,-2.194757,-0.346529,0.000000,0.346529,0.023578,-0.001247,0.030969,0.030969,0.007391,0.040776,0.042022,0.027722,0.015477,0.000059,0.040651,0.000125,1.092584,0.000000,1.092584,1.092584,1.092584,0.546292,0.546292,0,0,1,0,0.000000,0.080000,0.008000,0.001000,5.500000,0.100000,26.000000,0.035000,0.000000
6.381000,0.500000,0.640000,-2.196518,-0.000000,-2.196518,-0.346824,0.000000,0.346824,0.023565,-0.001251,0.030969,0.030969,0.007404,0.040846,0.042097,0.027746,0.015491,0.000059,0.040721,0.000125,1.094528,0.000524,1.095052,1.095052,1.095052,0.547526,0.547526,0,0,1,0,0.000000,0.080000,0.008000,0.001000,5.500000,0.100000,26.000000,0.035000,0.000000
6.386000,0.500000,0.640000,-2.198281,-0.000000,-2.198281,-0.347119,0.000000,0.347119,0.023565,-0.001251,0.030969,0.030969,0.007404,0.040846,0.042097,0.027770,0.015505,0.000059,0.040721,0.000125,1.094528,0.000000,1.094528,1.094528,1.094528,0.547264,0.547264,0,0,1,0,0.000000,0.080000,0.008000,0.001000,5.500000,0.100000,26.000000,0.035000,0.000000
6.391000,0.500000,0.640000,-2.200046,-0.000000,-2.200046,-0.347415,0.000000,0.347415,0.023552,-0.001256,0.030969,0.030969,0.007417,0.040917,0.042173,0.027793,0.015519,0.000059,0.040791,0.000126,1.096506,0.000532,1.097039,1.097039,1.097039,0.548519,0.548519,0,0,1,0,0.000000,0.080000,0.008000,0.001000,5.500000,0.100000,26.000000,0.035000,0.000000
6.396000,0.500000,0.640000,-2.201812,-0.000000,-2.201812,-0.347710,0.000000,0.347710,0.023552,-0.001256,0.030969,0.030969,0.007417,0.040917,0.042173,0.027817,0.015533,0.000059,0.040791,0.000126,1.096506,0.000000,1.096506,1.096506,1.096506,0.548253,0.548253,0,0,1,0,0.000000,0.080000,0.008000,0.001000,5.500000,0.100000,26.000000,0.035000,0.000000
6.401000,0.500000,0.640000,-2.203579,-0.000000,-2.203579,-0.348006,0.000000,0.348006,0.023539,-0.001261,0.030969,0.030969,0.007429,0.040988,0.042250,0.027841,0.015547,0.000059,0.040862,0.000126,1.098489,0.000534,1.099022,1.099022,1.099022,0.549511,0.549511,0,0,1,0,0.000000,0.080000,0.008000,0.001000,5.500000,0.100000,26.000000,0.035000,0.000000
6.406000,0.500000,0.640000,-2.205348,-0.000000,-2.205348,-0.348302,0.000000,0.348302,0.023539,-0.001261,0.030969,0.030969,0.007429,0.040988,0.042250,0.027864,0.015561,0.000059,0.040862,0.000126,1.098489,0.000000,1.098489,1.098489,1.098489,0.549244,0.549244,0,0,1,0,0.000000,0.080000,0.008000,0.001000,5.500000,0.100000,26.000000,0.035000,0.000000
6.411000,0.500000,0.640000,-2.207119,-0.000000,-2.207119,-0.348599,0.000000,0.348599,0.023526,-0.001266,0.030969,0.030969,0.007442,0.041060,0.042325,0.027888,0.015574,0.000059,0.040933,0.000127,1.100452,0.000529,1.100980,1.100980,1.100980,0.550490,0.550490,0,0,1,0,0.000000,0.080000,0.008000,0.001000,5.500000,0.100000,26.000000,0.035000,0.000000
6.416000,0.500000,0.640000,-2.208891,-0.000000,-2.208891,-0.348896,0.000000,0.348896,0.023526,-0.001266,0.030969,0.030969,0.007442,0.041060,0.042325,0.027912,0.015588,0.000059,0.040933,0.000127,1.100452,0.000000,1.100452,1.100452,1.100452,0.550226,0.550226,0,0,1,0,0.000000,0.080000,0.008000,0.001000,5.500000,0.100000,26.000000,0.035000,0.000000
6.425000,0.500000,0.640000,-2.212440,-0.000000,-2.212440,-0.349490,0.000000,0.349490,0.023513,-0.001269,0.030969,0.030969,0.007455,0.041131,0.042399,0.027959,0.015614,0.000066,0.041004,0.000127,1.102379,0.000288,1.102667,1.102667,1.102667,0.551334,0.551334,0,0,1,0,0.000000,0.080000,0.008000,0.001000,5.500000,0.100000,26.000000,0.035000,0.000000
6.430000,0.500000,0.640000,-2.214216,-0.000000,-2.214216,-0.349787,0.000000,0.349787,0.023501,-0.001278,0.030969,0.030969,0.007468,0.041203,0.042481,0.027983,0.015628,0.000059,0.041075,0.000128,1.104499,0.000571,1.105070,1.105070,1.105070,0.552535,0.552535,0,0,1,0,0.000000,0.080000,0.008000,0.001000,5.500000,0.100000,26.000000,0.035000,0.000000
6.435000,0.500000,0.640000,-2.214216,-0.000000,-2.214216,-0.349787,0.000000,0.349787,0.023501,-0.001278,0.030969,0.030969,0.007468,0.041203,0.042481,0.027983,0.015642,0.000000,0.041075,0.000128,1.104499,0.000000,1.104499,1.104499,1.104499,0.552249,0.552249,0,0,1,0,0.000000,0.080000,0.008000,0.001000,5.500000,0.100000,26.000000,0.035000,0.000000
6.440000,0.500000,0.640000,-2.215994,-0.000000,-2.215994,-0.350084,0.000000,0.350084,0.023487,-0.001282,0.030969,0.030969,0.007481,0.041276,0.042558,0.028007,0.015656,0.000059,0.041147,0.000128,1.106507,0.000541,1.107047,1.107047,1.107047,0.553524,0.553524,0,0,1,0,0.000000,0.080000,0.008000,0.001000,5.500000,0.100000,26.000000,0.035000,0.000000
6.445000,0.500000,0.640000,-2.217774,-0.000000,-2.217774,-0.350382,0.000000,0.350382,0.023487,-0.001282,0.030969,0.030969,0.007481,0.041276,0.042558,0.028031,0.015670,0.000060,0.041147,0.000128,1.106507,0.000000,1.106507,1.106507,1.106507,0.553253,0.553253,0,0,1,0,0.000000,0.080000,0.008000,0.001000,5.500000,0.100000,26.000000,0.035000,0.000000
6.450000,0.500000,0.640000,-2.219555,-0.000000,-2.219555,-0.350680,0.000000,0.350680,0.023487,-0.001282,0.030969,0.030969,0.007481,0.041276,0.042558,0.028054,0.015684,0.000060,0.041147,0.000128,1.106507,0.000000,1.106507,1.106507,1.106507,0.553253,0.553253,0,0,1,0,0.000000,0.080000,0.008000,0.001000,5.500000,0.100000,26.000000,0.035000,0.000000
6.455000,0.500000,0.640000,-2.221338,-0.000000,-2.221338,-0.350979,0.000000,0.350979,0.023474,-0.001283,0.030969,0.030969,0.007494,0.041347,0.042630,0.028078,0.015698,0.000060,0.041219,0.000128,1.108385,0.000506,1.108890,1.108890,1.108890,0.554445,0.554445,0,0,1,0,0.000000,0.080000,0.008000,0.001000,5.500000,0.100000,26.000000,0.035000,0.000000
6.460000,0.500000,0.640000,-2.223122,-0.000000,-2.223122,-0.351278,0.000000,0.351278,0.023474,-0.001283,0.030969,0.030969,0.007494,0.041347,0.042630,0.028102,0.015712,0.000060,0.041219,0.000128,1.108385,0.000000,1.108385,1.108385,1.108385,0.554192,0.554192,0,0,1,0,0.000000,0.080000,0.008000,0.001000,5.500000,0.100000,26.000000,0.035000,0.000000
6.469000,0.500000,0.640000,-2.226695,-0.000000,-2.226695,-0.351879,0.000000,0.351879,0.023462,-0.001281,0.030969,0.030969,0.007507,0.041417,0.042698,0.028150,0.015737,0.000067,0.041289,0.000128,1.110151,0.000264,1.110415,1.110415,1.110415,0.555208,0.555208,0,0,1,0,0.000000,0.080000,0.008000,0.001000,5.500000,0.100000,26.000000,0.035000,0.000000
6.474000,0.500000,0.640000,-2.228484,-0.000000,-2.228484,-0.352179,0.000000,0.352179,0.023449,-0.001284,0.030969,0.030969,0.007520,0.041488,0.042772,0.028174,0.015751,0.000060,0.041360,0.000128,1.112061,0.000514,1.112576,1.112576,1.112576,0.556288,0.556288,0,0,1,0,0.000000,0.080000,0.008000,0.001000,5.500000,0.100000,26.000000,0.035000,0.000000
6.479000,0.500000,0.640000,-2.230274,-0.000000,-2.230274,-0.352479,0.000000,0.352479,0.023449,-0.001284,0.030969,0.030969,0.007520,0.041488,0.042772,0.028198,0.015765,0.000060,0.041360,0.000128,1.112061,0.000000,1.112061,1.112061,1.112061,0.556031,0.556031,0,0,1,0,0.000000,0.080000,0.008000,0.001000,5.500000,0.100000,26.000000,0.035000,0.000000
6.484000,0.500000,0.640000,-2.232066,-0.000000,-2.232066,-0.352780,0.000000,0.352780,0.023436,-0.001283,0.030969,0.030969,0.007533,0.041559,0.042842,0.028222,0.015779,0.000060,0.041431,0.000128,1.113884,0.000491,1.114375,1.114375,1.114375,0.557187,0.557187,0,0,1,0,0.000000,0.080000,0.008000,0.001000,5.500000,0.100000,26.000000,0.035000,0.000000
6.489000,0.500000,0.640000,-2.233859,-0.000000,-2.233859,-0.353081,0.000000,0.353081,0.023436,-0.001283,0.030969,0.030969,0.007533,0.041559,0.042842,0.028246,0.015793,0.000060,0.041431,0.000128,1.113884,0.000000,1.113884,1.113884,1.113884,0.556942,0.556942,0,0,1,0,0.000000,0.080000,0.008000,0.001000,5.500000,0.100000,26.000000,0.035000,0.000000
6.494000,0.500000,0.640000,-2.235654,-0.000000,-2.235654,-0.353383,0.000000,0.353383,0.023423,-0.001280,0.030969,0.030969,0.007546,0.041629,0.042909,0.028271,0.015808,0.000060,0.041501,0.000128,1.115642,0.000473,1.116115,1.116115,1.116115,0.558057,0.558057,0,0,1,0,0.000000,0.080000,0.008000,0.001000,5.500000,0.100000,26.000000,0.035000,0.000000
6.499000,0.500000,0.640000,-2.237451,-0.000000,-2.237451,-0.353684,0.000000,0.353684,0.023423,-0.001280,0.030969,0.030969,0.007546,0.041629,0.042909,0.028295,0.015822,0.000060,0.041501,0.000128,1.115642,0.000000,1.115642,1.115642,1.115642,0.557821,0.557821,0,0,1,0,0.000000,0.080000,0.008000,0.001000,5.500000,0.100000,26.000000,0.035000,0.000000
6.504000,0.500000,0.640000,-2.239249,-0.000000,-2.239249,-0.353987,0.000000,0.353987,0.023410,-0.001277,0.030969,0.030969,0.007558,0.041699,0.042976,0.028319,0.015836,0.000061,0.041571,0.000128,1.117375,0.000467,1.117841,1.117841,1.117841,0.558921,0.558921,0,0,1,0,0.000000,0.080000,0.008000,0.001000,5.500000,0.100000,26.000000,0.035000,0.000000
6.509000,0.500000,0.640000,-2.241049,-0.000000,-2.241049,-0.354289,0.000000,0.354289,0.023410,-0.001277,0.030969,0.030969,0.007558,0.041699,0.042976,0.028343,0.015850,0.000060,0.041571,0.000128,1.117375,0.000000,1.117375,1.117375,1.117375,0.558687,0.558687,0,0,1,0,0.000000,0.080000,0.008000,0.001000,5.500000,0.100000,26.000000,0.035000,0.000000
6.514000,0.500000,0.640000,-2.242850,-0.000000,-2.242850,-0.354592,0.000000,0.354592,0.023398,-0.001275,0.030969,0.030969,0.007571,0.041768,0.043043,0.028367,0.015864,0.000061,0.041641,0.000128,1.119123,0.000471,1.119594,1.119594,1.119594,0.559797,0.559797,0,0,1,0,0.000000,0.080000,0.008000,0.001000,5.500000,0.100000,26.000000,0.035000,0.000000
6.523000,0.500000,0.640000,-2.246456,-0.000000,-2.246456,-0.355199,0.000000,0.355199,0.023385,-0.001274,0.030969,0.030969,0.007584,0.041838,0.043112,0.028416,0.015890,0.000067,0.041711,0.000127,1.120920,0.000269,1.121189,1.121189,1.121189,0.560595,0.560595,0,0,1,0,0.000000,0.080000,0.008000,0.001000,5.500000,0.100000,26.000000,0.035000,0.000000
6.528000,0.500000,0.640000,-2.248262,-0.000000,-2.248262,-0.355502,0.000000,0.355502,0.023385,-0.001274,0.030969,0.030969,0.007584,0.041838,0.043112,0.028440,0.015904,0.000061,0.041711,0.000127,1.120920,0.000000,1.120920,1.120920,1.120920,0.560460,0.560460,0,0,1,0,0.000000,0.080000,0.008000,0.001000,5.500000,0.100000,26.000000,0.035000,0.000000
6.533000,0.500000,0.640000,-2.250069,-0.000000,-2.250069,-0.355806,0.000000,0.355806,0.023372,-0.001275,0.030969,0.030969,0.007597,0.041908,0.043183,0.028464,0.015918,0.000061,0.041781,0.000127,1.122757,0.000495,1.123252,1.123252,1.123252,0.561626,0.561626,0,0,1,0,0.000000,0.080000,0.008000,0.001000,5.500000,0.100000,26.000000,0.035000,0.000000
6.538000,0.500000,0.640000,-2.251878,-0.000000,-2.251878,-0.356109,0.000000,0.356109,0.023372,-0.001275,0.030969,0.030969,0.007597,0.041908,0.043183,0.028489,0.015933,0.000061,0.041781,0.000127,1.122757,0.000000,1.122757,1.122757,1.122757,0.561379,0.561379,0,0,1,0,0.000000,0.080000,0.008000,0.001000,5.500000,0.100000,26.000000,0.035000,0.000000
6.543000,0.500000,0.640000,-2.253689,-0.000000,-2.253689,-0.356413,0.000000,0.356413,0.023359,-0.001277,0.030969,0.030969,0.007609,0.041979,0.043257,0.028513,0.015947,0.000061,0.041852,0.000128,1.124676,0.000517,1.125193,1.125193,1.125193,0.562596,0.562596,0,0,1,0,0.000000,0.080000,0.008000,0.001000,5.500000,0.100000,26.000000,0.035000,0.000000
6.548000,0.500000,0.640000,-2.255500,-0.000000,-2.255500,-0.356716,0.000000,0.356716,0.023359,-0.001277,0.030969,0.030969,0.007609,0.041979,0.043257,0.028537,0.015961,0.000061,0.041852,0.000128,1.124676,0.000000,1.124676,1.124676,1.124676,0.562338,0.562338,0,0,1,0,0.000000,0.080000,0.008000,0.001000,5.500000,0.100000,26.000000,0.035000,0.000000
6.553000,0.500000,0.640000,-2.257314,-0.000000,-2.257314,-0.357020,0.000000,0.357020,0.023346,-0.001282,0.030969,0.030969,0.007622,0.042051,0.043333,0.028562,0.015975,0.000061,0.041923,0.000128,1.126667,0.000536,1.127203,1.127203,1.127203,0.563601,0.563601,0,0,1,0,0.000000,0.080000,0.008000,0.001000,5.500000,0.100000,26.000000,0.035000,0.000000
6.558000,0.500000,0.640000,-2.259129,-0.000000,-2.259129,-0.357324,0.000000,0.357324,0.023346,-0.001282,0.030969,0.030969,0.007622,0.042051,0.043333,0.028586,0.015990,0.000061,0.041923,0.000128,1.126667,0.000000,1.126667,1.126667,1.126667,0.563333,0.563333,0,0,1,0,0.000000,0.080000,0.008000,0.001000,5.500000,0.100000,26.000000,0.035000,0.000000
6.563000,0.500000,0.640000,-2.260945,-0.000000,-2.260945,-0.357628,0.000000,0.357628,0.023333,-0.001288,0.030969,0.030969,0.007636,0.042124,0.043412,0.028610,0.016004,0.000061,0.041995,0.000129,1.128706,0.000549,1.129255,1.129255,1.129255,0.564628,0.564628,0,0,1,0,0.000000,0.080000,0.008000,0.001000,5.500000,0.100000,26.000000,0.035000,0.000000
6.568000,0.500000,0.640000,-2.262763,-0.000000,-2.262763,-0.357933,0.000000,0.357933,0.023333,-0.001288,0.030969,0.030969,0.007636,0.042124,0.043412,0.028635,0.016018,0.000061,0.041995,0.000129,1.128706,0.000000,1.128706,1.128706,1.128706,0.564353,0.564353,0,0,1,0,0.000000,0.080000,0.008000,0.001000,5.500000,0.100000,26.000000,0.035000,0.000000
6.577000,0.500000,0.640000,-2.266404,-0.000000,-2.266404,-0.358542,0.000000,0.358542,0.023320,-0.001294,0.030969,0.030969,0.007649,0.042197,0.043491,0.028683,0.016044,0.000068,0.042068,0.000129,1.130764,0.000308,1.131072,1.131072,1.131072,0.565536,0.565536,0,0,1,0,0.000000,0.080000,0.008000,0.001000,5.500000,0.100000,26.000000,0.035000,0.000000
6.582000,0.500000,0.640000,-2.268226,-0.000000,-2.268226,-0.358846,0.000000,0.358846,0.023307,-0.001307,0.030969,0.030969,0.007662,0.042272,0.043579,0.028708,0.016058,0.000061,0.042142,0.000131,1.133062,0.000619,1.133680,1.133680,1.133680,0.566840,0.566840,0,0,1,0,0.000000,0.080000,0.008000,0.001000,5.500000,0.100000,26.000000,0.035000,0.000000
6.587000,0.500000,0.640000,-2.270050,-0.000000,-2.270050,-0.359150,0.000000,0.359150,0.023307,-0.001307,0.030969,0.030969,0.007662,0.042272,0.043579,0.028732,0.016073,0.000061,0.042142,0.000131,1.133062,0.000000,1.133062,1.133062,1.133062,0.566531,0.566531,0,0,1,0,0.000000,0.080000,0.008000,0.001000,5.500000,0.100000,26.000000,0.035000,0.000000
6.592000,0.500000,0.640000,-2.271876,-0.000000,-2.271876,-0.359455,0.000000,0.359455,0.023293,-0.001315,0.030969,0.030969,0.007676,0.042348,0.043663,0.028756,0.016087,0.000061,0.042217,0.000132,1.135245,0.000588,1.135832,1.135832,1.135832,0.567916,0.567916,0,0,1,0,0.000000,0.080000,0.008000,0.001000,5.500000,0.100000,26.000000,0.035000,0.000000
6.597000,0.500000,0.640000,-2.273703,-0.000000,-2.273703,-0.359761,0.000000,0.359761,0.023293,-0.001315,0.030969,0.030969,0.007676,0.042348,0.043663,0.028781,0.016102,0.000061,0.042217,0.000132,1.135245,0.000000,1.135245,1.135245,1.135245,0.567622,0.567622,0,0,1,0,0.000000,0.080000,0.008000,0.001000,5.500000,0.100000,26.000000,0.035000,0.000000
6.602000,0.500000,0.640000,-2.275532,-0.000000,-2.275532,-0.360067,0.000000,0.360067,0.023280,-0.001319,0.030969,0.030969,0.007689,0.042422,0.043741,0.028805,0.016116,0.000061,0.042291,0.000132,1.137268,0.000545,1.137812,1.137812,1.137812,0.568906,0.568906,0,0,1,0,0.000000,0.080000,0.008000,0.001000,5.500000,0.100000,26.000000,0.035000,0.000000
6.607000,0.500000,0.640000,-2.277362,-0.000000,-2.277362,-0.360374,0.000000,0.360374,0.023280,-0.001319,0.030969,0.030969,0.007689,0.042422,0.043741,0.028830,0.016130,0.000061,0.042291,0.000132,1.137268,0.000000,1.137268,1.137268,1.137268,0.568634,0.568634,0,0,1,0,0.000000,0.080000,0.008000,0.001000,5.500000,0.100000,26.000000,0.035000,0.000000
6.616000,0.500000,0.640000,-2.281028,-0.000000,-2.281028,-0.360989,0.000000,0.360989,0.023266,-0.001317,0.030969,0.030969,0.007702,0.042495,0.043813,0.028879,0.016156,0.000068,0.042364,0.000132,1.139132,0.000279,1.139411,1.139411,1.139411,0.569705,0.569705,0,0,1,0,0.000000,0.080000,0.008000,0.001000,5.500000,0.100000,26.000000,0.035000,0.000000
6.621000,0.500000,0.640000,-2.282863,-0.000000,-2.282863,-0.361297,0.000000,0.361297,0.023253,-0.001320,0.030969,0.030969,0.007716,0.042568,0.043888,0.028904,0.016171,0.000062,0.042436,0.000132,1.141099,0.000530,1.141629,1.141629,1.141629,0.570814,0.570814,0,0,1,0,0.000000,0.080000,0.008000,0.001000,5.500000,0.100000,26.000000,0.035000,0.000000
6.626000,0.500000,0.640000,-2.284699,-0.000000,-2.284699,-0.361605,0.000000,0.361605,0.023253,-0.001320,0.030969,0.030969,0.007716,0.042568,0.043888,0.028928,0.016185,0.000062,0.042436,0.000132,1.141099,0.000000,1.141099,1.141099,1.141099,0.570550,0.570550,0,0,1,0,0.000000,0.080000,0.008000,0.001000,5.500000,0.100000,26.000000,0.035000,0.000000
6.631000,0.500000,0.640000,-2.286538,-0.000000,-2.286538,-0.361914,0.000000,0.361914,0.023240,-0.001318,0.030969,0.030969,0.007729,0.042641,0.043959,0.028953,0.016200,0.000062,0.042509,0.000132,1.142929,0.000493,1.143422,1.143422,1.143422,0.571711,0.571711,0,0,1,0,0.000000,0.080000,0.008000,0.001000,5.500000,0.100000,26.000000,0.035000,0.000000
6.636000,0.500000,0.640000,-2.288378,-0.000000,-2.288378,-0.362223,0.000000,0.362223,0.023240,-0.001318,0.030969,0.030969,0.007729,0.042641,0.043959,0.028978,0.016214,0.000062,0.042509,0.000132,1.142929,0.000000,1.142929,1.142929,1.142929,0.571465,0.571465,0,0,1,0,0.000000,0.080000,0.008000,0.001000,5.500000,0.100000,26.000000,0.035000,0.000000
6.641000,0.500000,0.640000,-2.290219,-0.000000,-2.290219,-0.362533,0.000000,0.362533,0.023227,-0.001313,0.030969,0.030969,0.007742,0.042712,0.044025,0.029003,0.016229,0.000062,0.042581,0.000131,1.144659,0.000466,1.145125,1.145125,1.145125,0.572563,0.572563,0,0,1,0,0.000000,0.080000,0.008000,0.001000,5.500000,0.100000,26.000000,0.035000,0.000000
6.646000,0.500000,0.640000,-2.292062,-0.000000,-2.292062,-0.362843,0.000000,0.362843,0.023227,-0.001313,0.030969,0.030969,0.007742,0.042712,0.044025,0.029027,0.016243,0.000062,0.042581,0.000131,1.144659,0.000000,1.144659,1.144659,1.144659,0.572330,0.572330,0,0,1,0,0.000000,0.080000,0.008000,0.001000,5.500000,0.100000,26.000000,0.035000,0.000000
6.651000,0.500000,0.640000,-2.293907,-0.000000,-2.293907,-0.363154,0.000000,0.363154,0.023214,-0.001308,0.030969,0.030969,0.007755,0.042782,0.044090,0.029052,0.016258,0.000062,0.042652,0.000131,1.146350,0.000455,1.146805,1.146805,1.146805,0.573403,0.573403,0,0,1,0,0.000000,0.080000,0.008000,0.001000,5.500000,0.100000,26.000000,0.035000,0.000000
6.656000,0.500000,0.640000,-2.295753,-0.000000,-2.295753,-0.363465,0.000000,0.363465,0.023214,-0.001308,0.030969,0.030969,0.007755,0.042782,0.044090,0.029077,0.016272,0.000062,0.042652,0.000131,1.146350,0.000000,1.146350,1.146350,1.146350,0.573175,0.573175,0,0,1,0,0.000000,0.080000,0.008000,0.001000,5.500000,0.100000,26.000000,0.035000,0.000000
6.661000,0.500000,0.640000,-2.297601,-0.000000,-2.297601,-0.363776,0.000000,0.363776,0.023201,-0.001303,0.030969,0.030969,0.007768,0.042853,0.044156,0.029102,0.016287,0.000062,0.042723,0.000130,1.148064,0.000461,1.148525,1.148525,1.148525,0.574263,0.574263,0,0,1,0,0.000000,0.080000,0.008000,0.001000,5.500000,0.100000,26.000000,0.035000,0.000000
6.670000,0.500000,0.640000,-2.301301,-0.000000,-2.301301,-0.364399,0.000000,0.364399,0.023188,-0.001301,0.030969,0.030969,0.007781,0.042924,0.044225,0.029152,0.016313,0.000069,0.042794,0.000130,1.149851,0.000267,1.150119,1.150119,1.150119,0.575059,0.575059,0,0,1,0,0.000000,0.080000,0.008000,0.001000,5.500000,0.100000,26.000000,0.035000,0.000000
6.675000,0.500000,0.640000,-2.303154,-0.000000,-2.303154,-0.364710,0.000000,0.364710,0.023188,-0.001301,0.030969,0.030969,0.007781,0.042924,0.044225,0.029177,0.016328,0.000062,0.042794,0.000130,1.149851,0.000000,1.149851,1.149851,1.149851,0.574926,0.574926,0,0,1,0,0.000000,0.080000,0.008000,0.001000,5.500000,0.100000,26.000000,0.035000,0.000000
6.680000,0.500000,0.640000,-2.303154,-0.000000,-2.303154,-0.364710,0.000000,0.364710,0.023188,-0.001301,0.030969,0.030969,0.007781,0.042924,0.044225,0.029177,0.016342,0.000000,0.042794,0.000130,1.149851,0.000000,1.149851,1.149851,1.149851,0.574926,0.574926,0,0,1,0,0.000000,0.080000,0.008000,0.001000,5.500000,0.100000,26.000000,0.035000,0.000000
6.685000,0.500000,0.640000,-2.305008,-0.000000,-2.305008,-0.365022,0.000000,0.365022,0.023175,-0.001301,0.030969,0.030969,0.007794,0.042995,0.044297,0.029202,0.016357,0.000062,0.042865,0.000130,1.151714,0.000502,1.152216,1.152216,1.152216,0.576108,0.576108,0,0,1,0,0.000000,0.080000,0.008000,0.001000,5.500000,0.100000,26.000000,0.035000,0.000000
6.690000,0.500000,0.640000,-2.306863,-0.000000,-2.306863,-0.365333,0.000000,0.365333,0.023175,-0.001301,0.030969,0.030969,0.007794,0.042995,0.044297,0.029227,0.016371,0.000062,0.042865,0.000130,1.151714,0.000000,1.151714,1.151714,1.151714,0.575857,0.575857,0,0,1,0,0.000000,0.080000,0.008000,0.001000,5.500000,0.100000,26.000000,0.035000,0.000000
6.695000,0.500000,0.640000,-2.308721,-0.000000,-2.308721,-0.365644,0.000000,0.365644,0.023162,-0.001312,0.030969,0.030969,0.007807,0.043069,0.044382,0.029251,0.016386,0.000062,0.042938,0.000131,1.153923,0.000595,1.154517,1.154517,1.154517,0.577259,0.577259,0,0,1,0,0.000000,0.080000,0.008000,0.001000,5.500000,0.100000,26.000000,0.035000,0.000000
6.700000,0.500000,0.640000,-2.310579,-0.000000,-2.310579,-0.365954,0.000000,0.365954,0.023162,-0.001312,0.030969,0.030969,0.007807,0.043069,0.044382,0.029276,0.016401,0.000062,0.042938,0.000131,1.153923,0.000000,1.153923,1.153923,1.153923,0.576961,0.576961,0,0,1,0,0.000000,0.080000,0.008000,0.001000,5.500000,0.100000,26.000000,0.035000,0.000000
6.709000,0.500000,0.640000,-2.314301,-0.000000,-2.314301,-0.366576,0.000000,0.366576,0.023148,-0.001323,0.030969,0.030969,0.007821,0.043146,0.044469,0.029326,0.016427,0.000069,0.043013,0.000132,1.156190,0.000339,1.156529,1.156529,1.156529,0.578264,0.578264,0,0,1,0,0.000000,0.080000,0.008000,0.001000,5.500000,0.100000,26.000000,0.035000,0.000000
6.714000,0.500000,0.640000,-2.316164,-0.000000,-2.316164,-0.366886,0.000000,0.366886,0.023134,-0.001341,0.030969,0.030969,0.007835,0.043224,0.044565,0.029351,0.016442,0.000062,0.043090,0.000134,1.158690,0.000673,1.159363,1.159363,1.159363,0.579681,0.579681,0,0,1,0,0.000000,0.080000,0.008000,0.001000,5.500000,0.100000,26.000000,0.035000,0.000000
6.719000,0.500000,0.640000,-2.318029,-0.000000,-2.318029,-0.367196,0.000000,0.367196,0.023134,-0.001341,0.030969,0.030969,0.007835,0.043224,0.044565,0.029376,0.016457,0.000062,0.043090,0.000134,1.158690,0.000000,1.158690,1.158690,1.158690,0.579345,0.579345,0,0,1,0,0.000000,0.080000,0.008000,0.001000,5.500000,0.100000,26.000000,0.035000,0.000000
6.724000,0.500000,0.640000,-2.319896,-0.000000,-2.319896,-0.367508,0.000000,0.367508,0.023120,-0.001351,0.030969,0.030969,0.007849,0.043303,0.044654,0.029401,0.016471,0.000062,0.043168,0.000135,1.161009,0.000624,1.161634,1.161634,1.161634,0.580817,0.580817,0,0,1,0,0.000000,0.080000,0.008000,0.001000,5.500000,0.100000,26.000000,0.035000,0.000000
6.729000,0.500000,0.640000,-2.321764,-0.000000,-2.321764,-0.367820,0.000000,0.367820,0.023120,-0.001351,0.030969,0.030969,0.007849,0.043303,0.044654,0.029426,0.016486,0.000062,0.043168,0.000135,1.161009,0.000000,1.161009,1.161009,1.161009,0.580505,0.580505,0,0,1,0,0.000000,0.080000,0.008000,0.001000,5.500000,0.100000,26.000000,0.035000,0.000000
6.734000,0.500000,0.640000,-2.323634,-0.000000,-2.323634,-0.368133,0.000000,0.368133,0.023106,-0.001355,0.030969,0.030969,0.007863,0.043379,0.044734,0.029451,0.016501,0.000063,0.043244,0.000135,1.163090,0.000560,1.163650,1.163650,1.163650,0.581825,0.581825,0,0,1,0,0.000000,0.080000,0.008000,0.001000,5.500000,0.100000,26.000000,0.035000,0.000000
6.739000,0.500000,0.640000,-2.325505,-0.000000,-2.325505,-0.368447,0.000000,0.368447,0.023106,-0.001355,0.030969,0.030969,0.007863,0.043379,0.044734,0.029476,0.016515,0.000063,0.043244,0.000135,1.163090,0.000000,1.163090,1.163090,1.163090,0.581545,0.581545,0,0,1,0,0.000000,0.080000,0.008000,0.001000,5.500000,0.100000,26.000000,0.035000,0.000000
6.744000,0.500000,0.640000,-2.327378,-0.000000,-2.327378,-0.368761,0.000000,0.368761,0.023093,-0.001352,0.030969,0.030969,0.007876,0.043454,0.044805,0.029501,0.016530,0.000063,0.043319,0.000135,1.164938,0.000498,1.165436,1.165436,1.165436,0.582718,0.582718,0,0,1,0,0.000000,0.080000,0.008000,0.001000,5.500000,0.100000,26.000000,0.035000,0.000000
6.749000,0.500000,0.640000,-2.329253,-0.000000,-2.329253,-0.369077,0.000000,0.369077,0.023093,-0.001352,0.030969,0.030969,0.007876,0.043454,0.044805,0.029526,0.016545,0.000063,0.043319,0.000135,1.164938,0.000000,1.164938,1.164938,1.164938,0.582469,0.582469,0,0,1,0,0.000000,0.080000,0.008000,0.001000,5.500000,0.100000,26.000000,0.035000,0.000000
6.758000,0.500000,0.640000,-2.333007,-0.000000,-2.333007,-0.369710,0.000000,0.369710,0.023079,-0.001344,0.030969,0.030969,0.007889,0.043526,0.044870,0.029577,0.016572,0.000070,0.043392,0.000134,1.166610,0.000250,1.166861,1.166861,1.166861,0.583430,0.583430,0,0,1,0,0.000000,0.080000,0.008000,0.001000,5.500000,0.100000,26.000000,0.035000,0.000000
6.763000,0.500000,0.640000,-2.334887,-0.000000,-2.334887,-0.370026,0.000000,0.370026,0.023066,-0.001341,0.030969,0.030969,0.007903,0.043598,0.044938,0.029602,0.016586,0.000063,0.043464,0.000134,1.168399,0.000482,1.168881,1.168881,1.168881,0.584440,0.584440,0,0,1,0,0.000000,0.080000,0.008000,0.001000,5.500000,0.100000,26.000000,0.035000,0.000000
6.768000,0.500000,0.640000,-2.336768,-0.000000,-2.336768,-0.370342,0.000000,0.370342,0.023066,-0.001341,0.030969,0.030969,0.007903,0.043598,0.044938,0.029627,0.016601,0.000063,0.043464,0.000134,1.168399,0.000000,1.168399,1.168399,1.168399,0.584200,0.584200,0,0,1,0,0.000000,0.080000,0.008000,0.001000,5.500000,0.100000,26.000000,0.035000,0.000000
6.773000,0.500000,0.640000,-2.338651,-0.000000,-2.338651,-0.370660,0.000000,0.370660,0.023053,-0.001335,0.030969,0.030969,0.007916,0.043670,0.045005,0.029653,0.016616,0.000063,0.043537,0.000134,1.170135,0.000467,1.170602,1.170602,1.170602,0.585301,0.585301,0,0,1,0,0.000000,0.080000,0.008000,0.001000,5.500000,0.100000,26.000000,0.035000,0.000000
6.778000,0.500000,0.640000,-2.340535,-0.000000,-2.340535,-0.370977,0.000000,0.370977,0.023053,-0.001335,0.030969,0.030969,0.007916,0.043670,0.045005,0.029678,0.016631,0.000063,0.043537,0.000134,1.170135,0.000000,1.170135,1.170135,1.170135,0.585068,0.585068,0,0,1,0,0.000000,0.080000,0.008000,0.001000,5.500000,0.100000,26.000000,0.035000,0.000000
6.783000,0.500000,0.640000,-2.342421,-0.000000,-2.342421,-0.371295,0.000000,0.371295,0.023040,-0.001330,0.030969,0.030969,0.007929,0.043742,0.045072,0.029704,0.016646,0.000064,0.043609,0.000133,1.171877,0.000469,1.172346,1.172346,1.172346,0.586173,0.586173,0,0,1,0,0.000000,0.080000,0.008000,0.001000,5.500000,0.100000,26.000000,0.035000,0.000000
6.788000,0.500000,0.640000,-2.344309,-0.000000,-2.344309,-0.371612,0.000000,0.371612,0.023040,-0.001330,0.030969,0.030969,0.007929,0.043742,0.045072,0.029729,0.016661,0.000064,0.043609,0.000133,1.171877,0.000000,1.171877,1.171877,1.171877,0.585938,0.585938,0,0,1,0,0.000000,0.080000,0.008000,0.001000,5.500000,0.100000,26.000000,0.035000,0.000000
6.793000,0.500000,0.640000,-2.346198,-0.000000,-2.346198,-0.371930,0.000000,0.371930,0.023027,-0.001328,0.030969,0.030969,0.007942,0.043814,0.045142,0.029754,0.016675,0.000064,0.043681,0.000133,1.173681,0.000486,1.174167,1.174167,1.174167,0.587083,0.587083,0,0,1,0,0.000000,0.080000,0.008000,0.001000,5.500000,0.100000,26.000000,0.035000,0.000000
6.798000,0.500000,0.640000,-2.348089,-0.000000,-2.348089,-0.372248,0.000000,0.372248,0.023027,-0.001328,0.030969,0.030969,0.007942,0.043814,0.045142,0.029780,0.016690,0.000064,0.043681,0.000133,1.173681,0.000000,1.173681,1.173681,1.173681,0.586841,0.586841,0,0,1,0,0.000000,0.080000,0.008000,0.001000,5.500000,0.100000,26.000000,0.035000,0.000000
6.803000,0.500000,0.640000,-2.349981,-0.000000,-2.349981,-0.372566,0.000000,0.372566,0.023013,-0.001328,0.030969,0.030969,0.007955,0.043887,0.045215,0.029805,0.016705,0.000064,0.043754,0.000133,1.175584,0.000512,1.176097,1.176097,1.176097,0.588048,0.588048,0,0,1,0,0.000000,0.080000,0.008000,0.001000,5.500000,0.100000,26.000000,0.035000,0.000000
6.812000,0.500000,0.640000,-2.353771,-0.000000,-2.353771,-0.373203,0.000000,0.373203,0.023000,-0.001331,0.030969,0.030969,0.007969,0.043961,0.045292,0.029856,0.016732,0.000071,0.043828,0.000133,1.177597,0.000301,1.177898,1.177898,1.177898,0.588949,0.588949,0,0,1,0,0.000000,0.080000,0.008000,0.001000,5.500000,0.100000,26.000000,0.035000,0.000000
6.817000,0.500000,0.640000,-2.355668,-0.000000,-2.355668,-0.373521,0.000000,0.373521,0.023000,-0.001331,0.030969,0.030969,0.007969,0.043961,0.045292,0.029882,0.016747,0.000064,0.043828,0.000133,1.177597,0.000000,1.177597,1.177597,1.177597,0.588799,0.588799,0,0,1,0,0.000000,0.080000,0.008000,0.001000,5.500000,0.100000,26.000000,0.035000,0.000000
6.822000,0.500000,0.640000,-2.357567,-0.000000,-2.357567,-0.373839,0.000000,0.373839,0.022986,-0.001336,0.030969,0.030969,0.007982,0.044036,0.045372,0.029907,0.016762,0.000064,0.043903,0.000134,1.179677,0.000560,1.180237,1.180237,1.180237,0.590118,0.590118,0,0,1,0,0.000000,0.080000,0.008000,0.001000,5.500000,0.100000,26.000000,0.035000,0.000000
6.827000,0.500000,0.640000,-2.359467,-0.000000,-2.359467,-0.374157,0.000000,0.374157,0.022986,-0.001336,0.030969,0.030969,0.007982,0.044036,0.045372,0.029933,0.016777,0.000064,0.043903,0.000134,1.179677,0.000000,1.179677,1.179677,1.179677,0.589838,0.589838,0,0,1,0,0.000000,0.080000,0.008000,0.001000,5.500000,0.100000,26.000000,0.035000,0.000000
6.832000,0.500000,0.640000,-2.361369,-0.000000,-2.361369,-0.374476,0.000000,0.374476,0.022973,-0.001343,0.030969,0.030969,0.007996,0.044112,0.045455,0.029958,0.016792,0.000064,0.043978,0.000134,1.181833,0.000580,1.182413,1.182413,1.182413,0.591207,0.591207,0,0,1,0,0.000000,0.080000,0.008000,0.001000,5.500000,0.100000,26.000000,0.035000,0.000000
6.837000,0.500000,0.640000,-2.363273,-0.000000,-2.363273,-0.374795,0.000000,0.374795,0.022973,-0.001343,0.030969,0.030969,0.007996,0.044112,0.045455,0.029984,0.016807,0.000064,0.043978,0.000134,1.181833,0.000000,1.181833,1.181833,1.181833,0.590916,0.590916,0,0,1,0,0.000000,0.080000,0.008000,0.001000,5.500000,0.100000,26.000000,0.035000,0.000000
6.842000,0.500000,0.640000,-2.365178,-0.000000,-2.365178,-0.375114,0.000000,0.375114,0.022959,-0.001350,0.030969,0.030969,0.008010,0.044189,0.045539,0.030009,0.016822,0.000064,0.044054,0.000135,1.184025,0.000590,1.184615,1.184615,1.184615,0.592307,0.592307,0,0,1,0,0.000000,0.080000,0.008000,0.001000,5.500000,0.100000,26.000000,0.035000,0.000000
6.847000,0.500000,0.640000,-2.367085,-0.000000,-2.367085,-0.375432,0.000000,0.375432,0.022959,-0.001350,0.030969,0.030969,0.008010,0.044189,0.045539,0.030035,0.016837,0.000064,0.044054,0.000135,1.184025,0.000000,1.184025,1.184025,1.184025,0.592012,0.592012,0,0,1,0,0.000000,0.080000,0.008000,0.001000,5.500000,0.100000,26.000000,0.035000,0.000000
6.852000,0.500000,0.640000,-2.368993,-0.000000,-2.368993,-0.375752,0.000000,0.375752,0.022945,-0.001357,0.030969,0.030969,0.008024,0.044266,0.045624,0.030060,0.016852,0.000064,0.044131,0.000136,1.186211,0.000589,1.186800,1.186800,1.186800,0.593400,0.593400,0,0,1,0,0.000000,0.080000,0.008000,0.001000,5.500000,0.100000,26.000000,0.035000,0.000000
6.857000,0.500000,0.640000,-2.370903,-0.000000,-2.370903,-0.376072,0.000000,0.376072,0.022945,-0.001357,0.030969,0.030969,0.008024,0.044266,0.045624,0.030086,0.016867,0.000064,0.044131,0.000136,1.186211,0.000000,1.186211,1.186211,1.186211,0.593106,0.593106,0,0,1,0,0.000000,0.080000,0.008000,0.001000,5.500000,0.100000,26.000000,0.035000,0.000000
6.866000,0.500000,0.640000,-2.374728,-0.000000,-2.374728,-0.376712,0.000000,0.376712,0.022931,-0.001363,0.030969,0.030969,0.008038,0.044343,0.045706,0.030137,0.016894,0.000071,0.044207,0.000136,1.188358,0.000321,1.188679,1.188679,1.188679,0.594339,0.594339,0,0,1,0,0.000000,0.080000,0.008000,0.001000,5.500000,0.100000,26.000000,0.035000,0.000000
6.871000,0.500000,0.640000,-2.376643,-0.000000,-2.376643,-0.377032,0.000000,0.377032,0.022917,-0.001375,0.030969,0.030969,0.008052,0.044422,0.045796,0.030163,0.016909,0.000064,0.044284,0.000137,1.190704,0.000632,1.191336,1.191336,1.191336,0.595668,0.595668,0,0,1,0,0.000000,0.080000,0.008000,0.001000,5.500000,0.100000,26.000000,0.035000,0.000000
6.876000,0.500000,0.640000,-2.378560,-0.000000,-2.378560,-0.377352,0.000000,0.377352,0.022917,-0.001375,0.030969,0.030969,0.008052,0.044422,0.045796,0.030188,0.016924,0.000064,0.044284,0.000137,1.190704,0.000000,1.190704,1.190704,1.190704,0.595352,0.595352,0,0,1,0,0.000000,0.080000,0.008000,0.001000,5.500000,0.100000,26.000000,0.035000,0.000000
6.881000,0.500000,0.640000,-2.380478,-0.000000,-2.380478,-0.377673,0.000000,0.377673,0.022903,-0.001380,0.030969,0.030969,0.008066,0.044500,0.045881,0.030214,0.016939,0.000064,0.044362,0.000138,1.192901,0.000592,1.193493,1.193493,1.193493,0.596747,0.596747,0,0,1,0,0.000000,0.080000,0.008000,0.001000,5.500000,0.100000,26.000000,0.035000,0.000000
6.886000,0.500000,0.640000,-2.382398,-0.000000,-2.382398,-0.377995,0.000000,0.377995,0.022903,-0.001380,0.030969,0.030969,0.008066,0.044500,0.045881,0.030240,0.016955,0.000064,0.044362,0.000138,1.192901,0.000000,1.192901,1.192901,1.192901,0.596451,0.596451,0,0,1,0,0.000000,0.080000,0.008000,0.001000,5.500000,0.100000,26.000000,0.035000,0.000000
6.891000,0.500000,0.640000,-2.384319,-0.000000,-2.384319,-0.378317,0.000000,0.378317,0.022889,-0.001381,0.030969,0.030969,0.008080,0.044577,0.045959,0.030265,0.016970,0.000065,0.044439,0.000138,1.194926,0.000545,1.195472,1.195472,1.195472,0.597736,0.597736,0,0,1,0,0.000000,0.080000,0.008000,0.001000,5.500000,0.100000,26.000000,0.035000,0.000000
6.896000,0.500000,0.640000,-2.386243,-0.000000,-2.386243,-0.378640,0.000000,0.378640,0.022889,-0.001381,0.030969,0.030969,0.008080,0.044577,0.045959,0.030291,0.016985,0.000065,0.044439,0.000138,1.194926,0.000000,1.194926,1.194926,1.194926,0.597463,0.597463,0,0,1,0,0.000000,0.080000,0.008000,0.001000,5.500000,0.100000,26.000000,0.035000,0.000000
6.901000,0.500000,0.640000,-2.388167,-0.000000,-2.388167,-0.378964,0.000000,0.378964,0.022875,-0.001378,0.030969,0.030969,0.008094,0.044653,0.046031,0.030317,0.017000,0.000065,0.044515,0.000138,1.196802,0.000505,1.197307,1.197307,1.197307,0.598654,0.598654,0,0,1,0,0.000000,0.080000,0.008000,0.001000,5.500000,0.100000,26.000000,0.035000,0.000000
6.910000,0.500000,0.640000,-2.392022,-0.000000,-2.392022,-0.379613,0.000000,0.379613,0.022861,-0.001372,0.030969,0.030969,0.008107,0.044727,0.046099,0.030369,0.017027,0.000072,0.044590,0.000137,1.198582,0.000266,1.198848,1.198848,1.198848,0.599424,0.599424,0,0,1,0,0.000000,0.080000,0.008000,0.001000,5.500000,0.100000,26.000000,0.035000,0.000000
6.915000,0.500000,0.640000,-2.393952,-0.000000,-2.393952,-0.379938,0.000000,0.379938,0.022861,-0.001372,0.030969,0.030969,0.008107,0.044727,0.046099,0.030395,0.017042,0.000065,0.044590,0.000137,1.198582,0.000000,1.198582,1.198582,1.198582,0.599291,0.599291,0,0,1,0,0.000000,0.080000,0.008000,0.001000,5.500000,0.100000,26.000000,0.035000,0.000000
6.920000,0.500000,0.640000,-2.393952,-0.000000,-2.393952,-0.379938,0.000000,0.379938,0.022848,-0.001369,0.030969,0.030969,0.008121,0.044800,0.046169,0.030395,0.017058,0.000000,0.044664,0.000137,1.200395,0.000488,1.200884,1.200884,1.200884,0.600442,0.600442,0,0,1,0,0.000000,0.080000,0.008000,0.001000,5.500000,0.100000,26.000000,0.035000,0.000000
6.925000,0.500000,0.640000,-2.395884,-0.000000,-2.395884,-0.380264,0.000000,0.380264,0.022848,-0.001365,0.030969,0.030969,0.008121,0.044800,0.046165,0.030421,0.017073,0.000065,0.044664,0.000137,1.200301,-0.000025,1.200275,1.200275,1.200275,0.600138,0.600138,0,0,1,0,0.000000,0.080000,0.008000,0.001000,5.500000,0.100000,26.000000,0.035000,0.000000
6.930000,0.500000,0.640000,-2.397817,-0.000000,-2.397817,-0.380589,0.000000,0.380589,0.022848,-0.001365,0.030969,0.030969,0.008121,0.044800,0.046165,0.030447,0.017088,0.000065,0.044664,0.000137,1.200301,0.000000,1.200301,1.200301,1.200301,0.600150,0.600150,0,0,1,0,0.000000,0.080000,0.008000,0.001000,5.500000,0.100000,26.000000,0.035000,0.000000
6.935000,0.500000,0.640000,-2.399752,-0.000000,-2.399752,-0.380916,0.000000,0.380916,0.022835,-0.001360,0.030969,0.030969,0.008134,0.044873,0.046233,0.030473,0.017103,0.000065,0.044737,0.000136,1.202060,0.000474,1.202533,1.202533,1.202533,0.601267,0.601267,0,0,1,0,0.000000,0.080000,0.008000,0.001000,5.500000,0.100000,26.000000,0.035000,0.000000
6.940000,0.500000,0.640000,-2.401689,-0.000000,-2.401689,-0.381242,0.000000,0.381242,0.022835,-0.001360,0.030969,0.030969,0.008134,0.044873,0.046233,0.030499,0.017119,0.000065,0.044737,0.000136,1.202060,0.000000,1.202060,1.202060,1.202060,0.601030,0.601030,0,0,1,0,0.000000,0.080000,0.008000,0.001000,5.500000,0.100000,26.000000,0.035000,0.000000
6.945000,0.500000,0.640000,-2.403627,-0.000000,-2.403627,-0.381568,0.000000,0.381568,0.022821,-0.001358,0.030969,0.030969,0.008148,0.044947,0.046305,0.030525,0.017134,0.000065,0.044811,0.000136,1.203929,0.000503,1.204433,1.204433,1.204433,0.602216,0.602216,0,0,1,0,0.000000,0.080000,0.008000,0.001000,5.500000,0.100000,26.000000,0.035000,0.000000
6.950000,0.500000,0.640000,-2.405566,-0.000000,-2.405566,-0.381894,0.000000,0.381894,0.022821,-0.001358,0.030969,0.030969,0.008148,0.044947,0.046305,0.030552,0.017149,0.000065,0.044811,0.000136,1.203929,0.000000,1.203929,1.203929,1.203929,0.601965,0.601965,0,0,1,0,0.000000,0.080000,0.008000,0.001000,5.500000,0.100000,26.000000,0.035000,0.000000
6.955000,0.500000,0.640000,-2.407508,-0.000000,-2.407508,-0.382220,0.000000,0.382220,0.022808,-0.001360,0.030969,0.030969,0.008161,0.045022,0.046382,0.030578,0.017164,0.000065,0.044886,0.000136,1.205937,0.000540,1.206477,1.206477,1.206477,0.603239,0.603239,0,0,1,0,0.000000,0.080000,0.008000,0.001000,5.500000,0.100000,26.000000,0.035000,0.000000
6.960000,0.500000,0.640000,-2.409451,-0.000000,-2.409451,-0.382546,0.000000,0.382546,0.022808,-0.001360,0.030969,0.030969,0.008161,0.045022,0.046382,0.030604,0.017180,0.000065,0.044886,0.000136,1.205937,0.000000,1.205937,1.205937,1.205937,0.602968,0.602968,0,0,1,0,0.000000,0.080000,0.008000,0.001000,5.500000,0.100000,26.000000,0.035000,0.000000
6.969000,0.500000,0.640000,-2.413342,-0.000000,-2.413342,-0.383198,0.000000,0.383198,0.022794,-0.001365,0.030969,0.030969,0.008175,0.045099,0.046465,0.030656,0.017207,0.000072,0.044963,0.000137,1.208078,0.000320,1.208398,1.208398,1.208398,0.604199,0.604199,0,0,1,0,0.000000,0.080000,0.008000,0.001000,5.500000,0.100000,26.000000,0.035000,0.000000
6.974000,0.500000,0.640000,-2.415290,-0.000000,-2.415290,-0.383523,0.000000,0.383523,0.022780,-0.001382,0.030969,0.030969,0.008189,0.045179,0.046561,0.030682,0.017223,0.000065,0.045041,0.000138,1.210581,0.000674,1.211255,1.211255,1.211255,0.605628,0.605628,0,0,1,0,0.000000,0.080000,0.008000,0.001000,5.500000,0.100000,26.000000,0.035000,0.000000
6.979000,0.500000,0.640000,-2.417239,-0.000000,-2.417239,-0.383848,0.000000,0.383848,0.022780,-0.001382,0.030969,0.030969,0.008189,0.045179,0.046561,0.030708,0.017238,0.000065,0.045041,0.000138,1.210581,0.000000,1.210581,1.210581,1.210581,0.605291,0.605291,0,0,1,0,0.000000,0.080000,0.008000,0.001000,5.500000,0.100000,26.000000,0.035000,0.000000
6.984000,0.500000,0.640000,-2.419190,-0.000000,-2.419190,-0.384173,0.000000,0.384173,0.022765,-0.001395,0.030969,0.030969,0.008204,0.045260,0.046656,0.030734,0.017253,0.000065,0.045121,0.000140,1.213054,0.000666,1.213719,1.213719,1.213719,0.606860,0.606860,0,0,1,0,0.000000,0.080000,0.008000,0.001000,5.500000,0.100000,26.000000,0.035000,0.000000
6.989000,0.500000,0.640000,-2.421143,-0.000000,-2.421143,-0.384499,0.000000,0.384499,0.022765,-0.001395,0.030969,0.030969,0.008204,0.045260,0.046656,0.030760,0.017269,0.000065,0.045121,0.000140,1.213054,0.000000,1.213054,1.213054,1.213054,0.606527,0.606527,0,0,1,0,0.000000,0.080000,0.008000,0.001000,5.500000,0.100000,26.000000,0.035000,0.000000
6.994000,0.500000,0.640000,-2.423098,-0.000000,-2.423098,-0.384826,0.000000,0.384826,0.022750,-0.001405,0.030969,0.030969,0.008218,0.045341,0.046746,0.030786,0.017284,0.000065,0.045201,0.000140,1.215406,0.000633,1.216040,1.216040,1.216040,0.608020,0.608020,0,0,1,0,0.000000,0.080000,0.008000,0.001000,5.500000,0.100000,26.000000,0.035000,0.000000
6.999000,0.500000,0.640000,-2.425054,-0.000000,-2.425054,-0.385153,0.000000,0.385153,0.022750,-0.001405,0.030969,0.030969,0.008218,0.045341,0.046746,0.030812,0.017300,0.000065,0.045201,0.000140,1.215406,0.000000,1.215406,1.215406,1.215406,0.607703,0.607703,0,0,1,0,0.000000,0.080000,0.008000,0.001000,5.500000,0.100000,26.000000,0.035000,0.000000
7.004000,0.500000,0.640000,-2.427012,-0.000000,-2.427012,-0.385481,0.000000,0.385481,0.022736,-0.001409,0.030969,0.030969,0.008233,0.045421,0.046831,0.030838,0.017315,0.000066,0.045280,0.000141,1.217593,0.000589,1.218182,1.218182,1.218182,0.609091,0.609091,0,0,1,0,0.000000,0.080000,0.008000,0.001000,5.500000,0.100000,26.000000,0.035000,0.000000
7.009000,0.500000,0.640000,-2.428971,-0.000000,-2.428971,-0.385809,0.000000,0.385809,0.022736,-0.001409,0.030969,0.030969,0.008233,0.045421,0.046831,0.030865,0.017330,0.000066,0.045280,0.000141,1.217593,0.000000,1.217593,1.217593,1.217593,0.608797,0.608797,0,0,1,0,0.000000,0.080000,0.008000,0.001000,5.500000,0.100000,26.000000,0.035000,0.000000
7.018000,0.500000,0.640000,-2.432896,-0.000000,-2.432896,-0.386469,0.000000,0.386469,0.022722,-0.001409,0.030969,0.030969,0.008247,0.045499,0.046908,0.030917,0.017358,0.000073,0.045359,0.000141,1.219608,0.000301,1.219910,1.219910,1.219910,0.609955,0.609955,0,0,1,0,0.000000,0.080000,0.008000,0.001000,5.500000,0.100000,26.000000,0.035000,0.000000
7.023000,0.500000,0.640000,-2.434860,-0.000000,-2.434860,-0.386798,0.000000,0.386798,0.022708,-0.001412,0.030969,0.030969,0.008261,0.045577,0.046990,0.030944,0.017374,0.000066,0.045436,0.000141,1.221732,0.000572,1.222303,1.222303,1.222303,0.611152,0.611152,0,0,1,0,0.000000,0.080000,0.008000,0.001000,5.500000,0.100000,26.000000,0.035000,0.000000
7.028000,0.500000,0.640000,-2.436827,-0.000000,-2.436827,-0.387128,0.000000,0.387128,0.022708,-0.001412,0.030969,0.030969,0.008261,0.045577,0.046990,0.030970,0.017389,0.000066,0.045436,0.000141,1.221732,0.000000,1.221732,1.221732,1.221732,0.610866,0.610866,0,0,1,0,0.000000,0.080000,0.008000,0.001000,5.500000,0.100000,26.000000,0.035000,0.000000
7.033000,0.500000,0.640000,-2.438795,-0.000000,-2.438795,-0.387459,0.000000,0.387459,0.022693,-0.001410,0.030969,0.030969,0.008275,0.045655,0.047065,0.030997,0.017405,0.000066,0.045514,0.000141,1.223700,0.000530,1.224229,1.224229,1.224229,0.612115,0.612115,0,0,1,0,0.000000,0.080000,0.008000,0.001000,5.500000,0.100000,26.000000,0.035000,0.000000
7.038000,0.500000,0.640000,-2.440764,-0.000000,-2.440764,-0.387790,0.000000,0.387790,0.022693,-0.001410,0.030969,0.030969,0.008275,0.045655,0.047065,0.031023,0.017420,0.000066,0.045514,0.000141,1.223700,0.000000,1.223700,1.223700,1.223700,0.611850,0.611850,0,0,1,0,0.000000,0.080000,0.008000,0.001000,5.500000,0.100000,26.000000,0.035000,0.000000
7.043000,0.500000,0.640000,-2.442736,-0.000000,-2.442736,-0.388122,0.000000,0.388122,0.022679,-0.001405,0.030969,0.030969,0.008289,0.045731,0.047137,0.031050,0.017436,0.000066,0.045591,0.000141,1.225551,0.000499,1.226050,1.226050,1.226050,0.613025,0.613025,0,0,1,0,0.000000,0.080000,0.008000,0.001000,5.500000,0.100000,26.000000,0.035000,0.000000
7.048000,0.500000,0.640000,-2.444709,-0.000000,-2.444709,-0.388454,0.000000,0.388454,0.022679,-0.001405,0.030969,0.030969,0.008289,0.045731,0.047137,0.031076,0.017451,0.000066,0.045591,0.000141,1.225551,0.000000,1.225551,1.225551,1.225551,0.612776,0.612776,0,0,1,0,0.000000,0.080000,0.008000,0.001000,5.500000,0.100000,26.000000,0.035000,0.000000
7.053000,0.500000,0.640000,-2.446684,-0.000000,-2.446684,-0.388787,0.000000,0.388787,0.022666,-0.001399,0.030969,0.030969,0.008303,0.045807,0.047206,0.031103,0.017467,0.000067,0.045667,0.000140,1.227354,0.000485,1.227839,1.227839,1.227839,0.613919,0.613919,0,0,1,0,0.000000,0.080000,0.008000,0.001000,5.500000,0.100000,26.000000,0.035000,0.000000
7.058000,0.500000,0.640000,-2.448660,-0.000000,-2.448660,-0.389120,0.000000,0.389120,0.022666,-0.001399,0.030969,0.030969,0.008303,0.045807,0.047206,0.031130,0.017482,0.000067,0.045667,0.000140,1.227354,0.000000,1.227354,1.227354,1.227354,0.613677,0.613677,0,0,1,0,0.000000,0.080000,0.008000,0.001000,5.500000,0.100000,26.000000,0.035000,0.000000
7.067000,0.500000,0.640000,-2.452619,-0.000000,-2.452619,-0.389787,0.000000,0.389787,0.022652,-0.001394,0.030969,0.030969,0.008317,0.045882,0.047276,0.031183,0.017510,0.000074,0.045743,0.000139,1.229175,0.000272,1.229448,1.229448,1.229448,0.614724,0.614724,0,0,1,0,0.000000,0.080000,0.008000,0.001000,5.500000,0.100000,26.000000,0.035000,0.000000
7.072000,0.500000,0.640000,-2.454600,-0.000000,-2.454600,-0.390119,0.000000,0.390119,0.022638,-0.001399,0.030969,0.030969,0.008331,0.045959,0.047358,0.031210,0.017526,0.000067,0.045819,0.000140,1.231296,0.000571,1.231868,1.231868,1.231868,0.615934,0.615934,0,0,1,0,0.000000,0.080000,0.008000,0.001000,5.500000,0.100000,26.000000,0.035000,0.000000
7.077000,0.500000,0.640000,-2.456583,-0.000000,-2.456583,-0.390452,0.000000,0.390452,0.022638,-0.001399,0.030969,0.030969,0.008331,0.045959,0.047358,0.031236,0.017542,0.000066,0.045819,0.000140,1.231296,0.000000,1.231296,1.231296,1.231296,0.615648,0.615648,0,0,1,0,0.000000,0.080000,0.008000,0.001000,5.500000,0.100000,26.000000,0.035000,0.000000
7.082000,0.500000,0.640000,-2.458568,-0.000000,-2.458568,-0.390785,0.000000,0.390785,0.022624,-0.001403,0.030969,0.030969,0.008345,0.046038,0.047441,0.031263,0.017557,0.000067,0.045898,0.000140,1.233460,0.000583,1.234043,1.234043,1.234043,0.617021,0.617021,0,0,1,0,0.000000,0.080000,0.008000,0.001000,5.500000,0.100000,26.000000,0.035000,0.000000
7.087000,0.500000,0.640000,-2.460555,-0.000000,-2.460555,-0.391118,0.000000,0.391118,0.022624,-0.001403,0.030969,0.030969,0.008345,0.046038,0.047441,0.031289,0.017573,0.000067,0.045898,0.000140,1.233460,0.000000,1.233460,1.233460,1.233460,0.616730,0.616730,0,0,1,0,0.000000,0.080000,0.008000,0.001000,5.500000,0.100000,26.000000,0.035000,0.000000
7.092000,0.500000,0.640000,-2.462543,-0.000000,-2.462543,-0.391451,0.000000,0.391451,0.022609,-0.001408,0.030969,0.030969,0.008359,0.046117,0.047525,0.031316,0.017589,0.000067,0.045976,0.000141,1.235646,0.000588,1.236234,1.236234,1.236234,0.618117,0.618117,0,0,1,0,0.000000,0.080000,0.008000,0.001000,5.500000,0.100000,26.000000,0.035000,0.000000
7.097000,0.500000,0.640000,-2.464533,-0.000000,-2.464533,-0.391785,0.000000,0.391785,0.022609,-0.001408,0.030969,0.030969,0.008359,0.046117,0.047525,0.031343,0.017604,0.000067,0.045976,0.000141,1.235646,0.000000,1.235646,1.235646,1.235646,0.617823,0.617823,0,0,1,0,0.000000,0.080000,0.008000,0.001000,5.500000,0.100000,26.000000,0.035000,0.000000
7.102000,0.500000,0.640000,-2.466525,-0.000000,-2.466525,-0.392119,0.000000,0.392119,0.022595,-0.001413,0.030969,0.030969,0.008374,0.046196,0.047609,0.031369,0.017620,0.000067,0.046055,0.000141,1.237834,0.000589,1.238424,1.238424,1.238424,0.619212,0.619212,0,0,1,0,0.000000,0.080000,0.008000,0.001000,5.500000,0.100000,26.000000,0.035000,0.000000
7.107000,0.500000,0.640000,-2.468518,-0.000000,-2.468518,-0.392453,0.000000,0.392453,0.022595,-0.001413,0.030969,0.030969,0.008374,0.046196,0.047609,0.031396,0.017636,0.000067,0.046055,0.000141,1.237834,0.000000,1.237834,1.237834,1.237834,0.618917,0.618917,0,0,1,0,0.000000,0.080000,0.008000,0.001000,5.500000,0.100000,26.000000,0.035000,0.000000
7.112000,0.500000,0.640000,-2.470513,-0.000000,-2.470513,-0.392787,0.000000,0.392787,0.022581,-0.001417,0.030969,0.030969,0.008388,0.046276,0.047693,0.031423,0.017651,0.000067,0.046134,0.000142,1.240009,0.000586,1.240595,1.240595,1.240595,0.620297,0.620297,0,0,1,0,0.000000,0.080000,0.008000,0.001000,5.500000,0.100000,26.000000,0.035000,0.000000
7.117000,0.500000,0.640000,-2.472510,-0.000000,-2.472510,-0.393122,0.000000,0.393122,0.022581,-0.001417,0.030969,0.030969,0.008388,0.046276,0.047693,0.031450,0.017667,0.000067,0.046134,0.000142,1.240009,0.000000,1.240009,1.240009,1.240009,0.620005,0.620005,0,0,1,0,0.000000,0.080000,0.008000,0.001000,5.500000,0.100000,26.000000,0.035000,0.000000
7.122000,0.500000,0.640000,-2.474508,-0.000000,-2.474508,-0.393457,0.000000,0.393457,0.022566,-0.001420,0.030969,0.030969,0.008402,0.046356,0.047775,0.031477,0.017683,0.000067,0.046214,0.000142,1.242159,0.000579,1.242738,1.242738,1.242738,0.621369,0.621369,0,0,1,0,0.000000,0.080000,0.008000,0.001000,5.500000,0.100000,26.000000,0.035000,0.000000
7.131000,0.500000,0.640000,-2.478510,-0.000000,-2.478510,-0.394129,0.000000,0.394129,0.022552,-0.001422,0.030969,0.030969,0.008417,0.046435,0.047857,0.031530,0.017711,0.000075,0.046293,0.000142,1.244281,0.000317,1.244598,1.244598,1.244598,0.622299,0.622299,0,0,1,0,0.000000,0.080000,0.008000,0.001000,5.500000,0.100000,26.000000,0.035000,0.000000
7.136000,0.500000,0.640000,-2.480514,-0.000000,-2.480514,-0.394465,0.000000,0.394465,0.022552,-0.001422,0.030969,0.030969,0.008417,0.046435,0.047857,0.031557,0.017727,0.000067,0.046293,0.000142,1.244281,0.000000,1.244281,1.244281,1.244281,0.622140,0.622140,0,0,1,0,0.000000,0.080000,0.008000,0.001000,5.500000,0.100000,26.000000,0.035000,0.000000
7.141000,0.500000,0.640000,-2.482519,-0.000000,-2.482519,-0.394802,0.000000,0.394802,0.022538,-0.001423,0.030969,0.030969,0.008431,0.046514,0.047936,0.031584,0.017743,0.000067,0.046371,0.000142,1.246340,0.000555,1.246895,1.246895,1.246895,0.623447,0.623447,0,0,1,0,0.000000,0.080000,0.008000,0.001000,5.500000,0.100000,26.000000,0.035000,0.000000
7.146000,0.500000,0.640000,-2.484526,-0.000000,-2.484526,-0.395139,0.000000,0.395139,0.022538,-0.001423,0.030969,0.030969,0.008431,0.046514,0.047936,0.031611,0.017759,0.000067,0.046371,0.000142,1.246340,0.000000,1.246340,1.246340,1.246340,0.623170,0.623170,0,0,1,0,0.000000,0.080000,0.008000,0.001000,5.500000,0.100000,26.000000,0.035000,0.000000
7.151000,0.500000,0.640000,-2.486535,-0.000000,-2.486535,-0.395477,0.000000,0.395477,0.022523,-0.001423,0.030969,0.030969,0.008445,0.046592,0.048015,0.031638,0.017774,0.000068,0.046450,0.000142,1.248397,0.000554,1.248951,1.248951,1.248951,0.624476,0.624476,0,0,1,0,0.000000,0.080000,0.008000,0.001000,5.500000,0.100000,26.000000,0.035000,0.000000
7.156000,0.500000,0.640000,-2.488545,-0.000000,-2.488545,-0.395815,0.000000,0.395815,0.022523,-0.001423,0.030969,0.030969,0.008445,0.046592,0.048015,0.031665,0.017790,0.000068,0.046450,0.000142,1.248397,0.000000,1.248397,1.248397,1.248397,0.624199,0.624199,0,0,1,0,0.000000,0.080000,0.008000,0.001000,5.500000,0.100000,26.000000,0.035000,0.000000
7.161000,0.500000,0.640000,-2.490558,-0.000000,-2.490558,-0.396153,0.000000,0.396153,0.022509,-0.001424,0.030969,0.030969,0.008460,0.046671,0.048095,0.031692,0.017806,0.000068,0.046529,0.000142,1.250467,0.000557,1.251024,1.251024,1.251024,0.625512,0.625512,0,0,1,0,0.000000,0.080000,0.008000,0.001000,5.500000,0.100000,26.000000,0.035000,0.000000
7.166000,0.500000,0.640000,-2.492572,-0.000000,-2.492572,-0.396491,0.000000,0.396491,0.022509,-0.001424,0.030969,0.030969,0.008460,0.046671,0.048095,0.031719,0.017822,0.000068,0.046529,0.000142,1.250467,0.000000,1.250467,1.250467,1.250467,0.625233,0.625233,0,0,1,0,0.000000,0.080000,0.008000,0.001000,5.500000,0.100000,26.000000,0.035000,0.000000
7.175000,0.500000,0.640000,-2.496605,-0.000000,-2.496605,-0.397168,0.000000,0.397168,0.022495,-0.001425,0.030969,0.030969,0.008474,0.046750,0.048175,0.031773,0.017851,0.000075,0.046608,0.000143,1.252562,0.000313,1.252875,1.252875,1.252875,0.626438,0.626438,0,0,1,0,0.000000,0.080000,0.008000,0.001000,5.500000,0.100000,26.000000,0.035000,0.000000
7.180000,0.500000,0.640000,-2.498623,-0.000000,-2.498623,-0.397506,0.000000,0.397506,0.022480,-0.001436,0.030969,0.030969,0.008489,0.046831,0.048267,0.031800,0.017866,0.000068,0.046688,0.000144,1.254944,0.000641,1.255585,1.255585,1.255585,0.627793,0.627793,0,0,1,0,0.000000,0.080000,0.008000,0.001000,5.500000,0.100000,26.000000,0.035000,0.000000
7.185000,0.500000,0.640000,-2.500644,-0.000000,-2.500644,-0.397844,0.000000,0.397844,0.022480,-0.001436,0.030969,0.030969,0.008489,0.046831,0.048267,0.031827,0.017882,0.000068,0.046688,0.000144,1.254944,0.000000,1.254944,1.254944,1.254944,0.627472,0.627472,0,0,1,0,0.000000,0.080000,0.008000,0.001000,5.500000,0.100000,26.000000,0.035000,0.000000
7.190000,0.500000,0.640000,-2.500644,-0.000000,-2.500644,-0.397844,0.000000,0.397844,0.022480,-0.001436,0.030969,0.030969,0.008489,0.046831,0.048267,0.031827,0.017898,0.000000,0.046688,0.000144,1.254944,0.000000,1.254944,1.254944,1.254944,0.627472,0.627472,0,0,1,0,0.000000,0.080000,0.008000,0.001000,5.500000,0.100000,26.000000,0.035000,0.000000
7.195000,0.500000,0.640000,-2.502667,-0.000000,-2.502667,-0.398182,0.000000,0.398182,0.022465,-0.001443,0.030969,0.030969,0.008503,0.046913,0.048357,0.031855,0.017914,0.000068,0.046769,0.000144,1.257277,0.000628,1.257905,1.257905,1.257905,0.628953,0.628953,0,0,1,0,0.000000,0.080000,0.008000,0.001000,5.500000,0.100000,26.000000,0.035000,0.000000
7.200000,0.500000,0.640000,-2.504691,-0.000000,-2.504691,-0.398521,0.000000,0.398521,0.022465,-0.001443,0.030969,0.030969,0.008503,0.046913,0.048357,0.031882,0.017930,0.000068,0.046769,0.000144,1.257277,0.000000,1.257277,1.257277,1.257277,0.628639,0.628639,0,0,1,0,0.000000,0.080000,0.008000,0.001000,5.500000,0.100000,26.000000,0.035000,0.000000
7.205000,0.500000,0.640000,-2.506716,-0.000000,-2.506716,-0.398859,0.000000,0.398859,0.022450,-0.001457,0.030969,0.030969,0.008518,0.046997,0.048454,0.031909,0.017946,0.000068,0.046851,0.000146,1.259806,0.000681,1.260487,1.260487,1.260487,0.630243,0.630243,0,0,1,0,0.000000,0.080000,0.008000,0.001000,5.500000,0.100000,26.000000,0.035000,0.000000
7.210000,0.500000,0.640000,-2.508744,-0.000000,-2.508744,-0.399198,0.000000,0.399198,0.022450,-0.001457,0.030969,0.030969,0.008518,0.046997,0.048454,0.031936,0.017962,0.000068,0.046851,0.000146,1.259806,0.000000,1.259806,1.259806,1.259806,0.629903,0.629903,0,0,1,0,0.000000,0.080000,0.008000,0.001000,5.500000,0.100000,26.000000,0.035000,0.000000
7.215000,0.500000,0.640000,-2.510773,-0.000000,-2.510773,-0.399536,0.000000,0.399536,0.022435,-0.001473,0.030969,0.030969,0.008534,0.047082,0.048555,0.031963,0.017978,0.000068,0.046935,0.000147,1.262426,0.000705,1.263131,1.263131,1.263131,0.631565,0.631565,0,0,1,0,0.000000,0.080000,0.008000,0.001000,5.500000,0.100000,26.000000,0.035000,0.000000
7.220000,0.500000,0.640000,-2.512804,-0.000000,-2.512804,-0.399875,0.000000,0.399875,0.022435,-0.001473,0.030969,0.030969,0.008534,0.047082,0.048555,0.031990,0.017994,0.000068,0.046935,0.000147,1.262426,0.000000,1.262426,1.262426,1.262426,0.631213,0.631213,0,0,1,0,0.000000,0.080000,0.008000,0.001000,5.500000,0.100000,26.000000,0.035000,0.000000
7.225000,0.500000,0.640000,-2.514837,-0.000000,-2.514837,-0.400215,0.000000,0.400215,0.022420,-0.001479,0.030969,0.030969,0.008549,0.047167,0.048646,0.032017,0.018010,0.000068,0.047019,0.000148,1.264783,0.000635,1.265418,1.265418,1.265418,0.632709,0.632709,0,0,1,0,0.000000,0.080000,0.008000,0.001000,5.500000,0.100000,26.000000,0.035000,0.000000
7.230000,0.500000,0.640000,-2.516871,-0.000000,-2.516871,-0.400556,0.000000,0.400556,0.022420,-0.001479,0.030969,0.030969,0.008549,0.047167,0.048646,0.032044,0.018026,0.000068,0.047019,0.000148,1.264783,0.000000,1.264783,1.264783,1.264783,0.632392,0.632392,0,0,1,0,0.000000,0.080000,0.008000,0.001000,5.500000,0.100000,26.000000,0.035000,0.000000
7.239000,0.500000,0.640000,-2.520945,-0.000000,-2.520945,-0.401241,0.000000,0.401241,0.022405,-0.001476,0.030969,0.030969,0.008564,0.047248,0.048724,0.032099,0.018055,0.000076,0.047101,0.000148,1.266824,0.000305,1.267129,1.267129,1.267129,0.633564,0.633564,0,0,1,0,0.000000,0.080000,0.008000,0.001000,5.500000,0.100000,26.000000,0.035000,0.000000
7.244000,0.500000,0.640000,-2.522985,-0.000000,-2.522985,-0.401584,0.000000,0.401584,0.022390,-0.001474,0.030969,0.030969,0.008578,0.047328,0.048802,0.032127,0.018071,0.000069,0.047181,0.000147,1.268857,0.000547,1.269405,1.269405,1.269405,0.634702,0.634702,0,0,1,0,0.000000,0.080000,0.008000,0.001000,5.500000,0.100000,26.000000,0.035000,0.000000
7.249000,0.500000,0.640000,-2.525027,-0.000000,-2.525027,-0.401928,0.000000,0.401928,0.022390,-0.001474,0.030969,0.030969,0.008578,0.047328,0.048802,0.032154,0.018087,0.000069,0.047181,0.000147,1.268857,0.000000,1.268857,1.268857,1.268857,0.634429,0.634429,0,0,1,0,0.000000,0.080000,0.008000,0.001000,5.500000,0.100000,26.000000,0.035000,0.000000
7.254000,0.500000,0.640000,-2.527070,-0.000000,-2.527070,-0.402273,0.000000,0.402273,0.022376,-0.001465,0.030969,0.030969,0.008593,0.047407,0.048872,0.032182,0.018103,0.000069,0.047260,0.000146,1.270668,0.000487,1.271155,1.271155,1.271155,0.635578,0.635578,0,0,1,0,0.000000,0.080000,0.008000,0.001000,5.500000,0.100000,26.000000,0.035000,0.000000
7.259000,0.500000,0.640000,-2.529115,-0.000000,-2.529115,-0.402618,0.000000,0.402618,0.022376,-0.001465,0.030969,0.030969,0.008593,0.047407,0.048872,0.032209,0.018119,0.000069,0.047260,0.000146,1.270668,0.000000,1.270668,1.270668,1.270668,0.635334,0.635334,0,0,1,0,0.000000,0.080000,0.008000,0.001000,5.500000,0.100000,26.000000,0.035000,0.000000
7.264000,0.500000,0.640000,-2.531162,-0.000000,-2.531162,-0.402964,0.000000,0.402964,0.022362,-0.001453,0.030969,0.030969,0.008607,0.047484,0.048937,0.032237,0.018135,0.000069,0.047338,0.000145,1.272354,0.000454,1.272808,1.272808,1.272808,0.636404,0.636404,0,0,1,0,0.000000,0.080000,0.008000,0.001000,5.500000,0.100000,26.000000,0.035000,0.000000
7.269000,0.500000,0.640000,-2.533211,-0.000000,-2.533211,-0.403310,0.000000,0.403310,0.022362,-0.001453,0.030969,0.030969,0.008607,0.047484,0.048937,0.032265,0.018152,0.000069,0.047338,0.000145,1.272354,0.000000,1.272354,1.272354,1.272354,0.636177,0.636177,0,0,1,0,0.000000,0.080000,0.008000,0.001000,5.500000,0.100000,26.000000,0.035000,0.000000
7.274000,0.500000,0.640000,-2.535262,-0.000000,-2.535262,-0.403657,0.000000,0.403657,0.022348,-0.001442,0.030969,0.030969,0.008621,0.047560,0.049001,0.032293,0.018168,0.000069,0.047415,0.000144,1.274036,0.000453,1.274489,1.274489,1.274489,0.637245,0.637245,0,0,1,0,0.000000,0.080000,0.008000,0.001000,5.500000,0.100000,26.000000,0.035000,0.000000
7.279000,0.500000,0.640000,-2.537314,-0.000000,-2.537314,-0.404003,0.000000,0.404003,0.022348,-0.001442,0.030969,0.030969,0.008621,0.047560,0.049001,0.032320,0.018184,0.000069,0.047415,0.000144,1.274036,0.000000,1.274036,1.274036,1.274036,0.637018,0.637018,0,0,1,0,0.000000,0.080000,0.008000,0.001000,5.500000,0.100000,26.000000,0.035000,0.000000
7.284000,0.500000,0.640000,-2.539368,-0.000000,-2.539368,-0.404350,0.000000,0.404350,0.022334,-0.001434,0.030969,0.030969,0.008635,0.047636,0.049070,0.032348,0.018200,0.000069,0.047492,0.000143,1.275823,0.000481,1.276304,1.276304,1.276304,0.638152,0.638152,0,0,1,0,0.000000,0.080000,0.008000,0.001000,5.500000,0.100000,26.000000,0.035000,0.000000
7.293000,0.500000,0.640000,-2.543481,-0.000000,-2.543481,-0.405043,0.000000,0.405043,0.022320,-0.001432,0.030969,0.030969,0.008649,0.047714,0.049146,0.032403,0.018229,0.000077,0.047570,0.000143,1.277787,0.000294,1.278081,1.278081,1.278081,0.639040,0.639040,0,0,1,0,0.000000,0.080000,0.008000,0.001000,5.500000,0.100000,26.000000,0.035000,0.000000
7.298000,0.500000,0.640000,-2.545540,-0.000000,-2.545540,-0.405390,0.000000,0.405390,0.022320,-0.001432,0.030969,0.030969,0.008649,0.047714,0.049146,0.032431,0.018245,0.000069,0.047570,0.000143,1.277787,0.000000,1.277787,1.277787,1.277787,0.638893,0.638893,0,0,1,0,0.000000,0.080000,0.008000,0.001000,5.500000,0.100000,26.000000,0.035000,0.000000
7.303000,0.500000,0.640000,-2.547601,-0.000000,-2.547601,-0.405736,0.000000,0.405736,0.022305,-0.001435,0.030969,0.030969,0.008664,0.047793,0.049228,0.032459,0.018262,0.000069,0.047650,0.000144,1.279928,0.000577,1.280505,1.280505,1.280505,0.640253,0.640253,0,0,1,0,0.000000,0.080000,0.008000,0.001000,5.500000,0.100000,26.000000,0.035000,0.000000
7.308000,0.500000,0.640000,-2.549664,-0.000000,-2.549664,-0.406082,0.000000,0.406082,0.022305,-0.001435,0.030969,0.030969,0.008664,0.047793,0.049228,0.032487,0.018278,0.000069,0.047650,0.000144,1.279928,0.000000,1.279928,1.279928,1.279928,0.639964,0.639964,0,0,1,0,0.000000,0.080000,0.008000,0.001000,5.500000,0.100000,26.000000,0.035000,0.000000
7.313000,0.500000,0.640000,-2.551728,-0.000000,-2.551728,-0.406428,0.000000,0.406428,0.022290,-0.001443,0.030969,0.030969,0.008678,0.047875,0.049318,0.032514,0.018294,0.000069,0.047730,0.000144,1.282266,0.000629,1.282896,1.282896,1.282896,0.641448,0.641448,0,0,1,0,0.000000,0.080000,0.008000,0.001000,5.500000,0.100000,26.000000,0.035000,0.000000
7.318000,0.500000,0.640000,-2.553794,-0.000000,-2.553794,-0.406774,0.000000,0.406774,0.022290,-0.001443,0.030969,0.030969,0.008678,0.047875,0.049318,0.032542,0.018310,0.000069,0.047730,0.000144,1.282266,0.000000,1.282266,1.282266,1.282266,0.641133,0.641133,0,0,1,0,0.000000,0.080000,0.008000,0.001000,5.500000,0.100000,26.000000,0.035000,0.000000
7.323000,0.500000,0.640000,-2.555862,-0.000000,-2.555862,-0.407120,0.000000,0.407120,0.022275,-0.001455,0.030969,0.030969,0.008693,0.047958,0.049413,0.032570,0.018327,0.000069,0.047813,0.000145,1.284745,0.000667,1.285412,1.285412,1.285412,0.642706,0.642706,0,0,1,0,0.000000,0.080000,0.008000,0.001000,5.500000,0.100000,26.000000,0.035000,0.000000
7.328000,0.500000,0.640000,-2.557931,-0.000000,-2.557931,-0.407466,0.000000,0.407466,0.022275,-0.001455,0.030969,0.030969,0.008693,0.047958,0.049413,0.032597,0.018343,0.000069,0.047813,0.000145,1.284745,0.000000,1.284745,1.284745,1.284745,0.642372,0.642372,0,0,1,0,0.000000,0.080000,0.008000,0.001000,5.500000,0.100000,26.000000,0.035000,0.000000
7.333000,0.500000,0.640000,-2.560003,-0.000000,-2.560003,-0.407812,0.000000,0.407812,0.022260,-0.001468,0.030969,0.030969,0.008708,0.048043,0.049511,0.032625,0.018359,0.000069,0.047897,0.000147,1.287286,0.000684,1.287971,1.287971,1.287971,0.643985,0.643985,0,0,1,0,0.000000,0.080000,0.008000,0.001000,5.500000,0.100000,26.000000,0.035000,0.000000
7.338000,0.500000,0.640000,-2.562076,-0.000000,-2.562076,-0.408158,0.000000,0.408158,0.022260,-0.001468,0.030969,0.030969,0.008708,0.048043,0.049511,0.032653,0.018376,0.000069,0.047897,0.000147,1.287286,0.000000,1.287286,1.287286,1.287286,0.643643,0.643643,0,0,1,0,0.000000,0.080000,0.008000,0.001000,5.500000,0.100000,26.000000,0.035000,0.000000
7.343000,0.500000,0.640000,-2.564150,-0.000000,-2.564150,-0.408505,0.000000,0.408505,0.022245,-0.001479,0.030969,0.030969,0.008724,0.048129,0.049608,0.032680,0.018392,0.000069,0.047981,0.000148,1.289809,0.000679,1.290488,1.290488,1.290488,0.645244,0.645244,0,0,1,0,0.000000,0.080000,0.008000,0.001000,5.500000,0.100000,26.000000,0.035000,0.000000
7.348000,0.500000,0.640000,-2.566227,-0.000000,-2.566227,-0.408852,0.000000,0.408852,0.022245,-0.001479,0.030969,0.030969,0.008724,0.048129,0.049608,0.032708,0.018408,0.000069,0.047981,0.000148,1.289809,0.000000,1.289809,1.289809,1.289809,0.644904,0.644904,0,0,1,0,0.000000,0.080000,0.008000,0.001000,5.500000,0.100000,26.000000,0.035000,0.000000
7.357000,0.500000,0.640000,-2.570385,-0.000000,-2.570385,-0.409548,0.000000,0.409548,0.022230,-0.001488,0.030969,0.030969,0.008739,0.048214,0.049702,0.032764,0.018438,0.000077,0.048065,0.000149,1.292244,0.000364,1.292608,1.292608,1.292608,0.646304,0.646304,0,0,1,0,0.000000,0.080000,0.008000,0.001000,5.500000,0.100000,26.000000,0.035000,0.000000
7.362000,0.500000,0.640000,-2.572467,-0.000000,-2.572467,-0.409896,0.000000,0.409896,0.022214,-0.001502,0.030969,0.030969,0.008755,0.048300,0.049802,0.032792,0.018454,0.000070,0.048150,0.000150,1.294849,0.000701,1.295550,1.295550,1.295550,0.647775,0.647775,0,0,1,0,0.000000,0.080000,0.008000,0.001000,5.500000,0.100000,26.000000,0.035000,0.000000
7.367000,0.500000,0.640000,-2.574551,-0.000000,-2.574551,-0.410244,0.000000,0.410244,0.022214,-0.001502,0.030969,0.030969,0.008755,0.048300,0.049802,0.032819,0.018471,0.000070,0.048150,0.000150,1.294849,0.000000,1.294849,1.294849,1.294849,0.647424,0.647424,0,0,1,0,0.000000,0.080000,0.008000,0.001000,5.500000,0.100000,26.000000,0.035000,0.000000
7.372000,0.500000,0.640000,-2.576636,-0.000000,-2.576636,-0.410593,0.000000,0.410593,0.022199,-0.001507,0.030969,0.030969,0.008770,0.048386,0.049893,0.032847,0.018487,0.000070,0.048235,0.000151,1.297226,0.000640,1.297865,1.297865,1.297865,0.648933,0.648933,0,0,1,0,0.000000,0.080000,0.008000,0.001000,5.500000,0.100000,26.000000,0.035000,0.000000
7.377000,0.500000,0.640000,-2.578723,-0.000000,-2.578723,-0.410943,0.000000,0.410943,0.022199,-0.001507,0.030969,0.030969,0.008770,0.048386,0.049893,0.032875,0.018503,0.000070,0.048235,0.000151,1.297226,0.000000,1.297226,1.297226,1.297226,0.648613,0.648613,0,0,1,0,0.000000,0.080000,0.008000,0.001000,5.500000,0.100000,26.000000,0.035000,0.000000
7.382000,0.500000,0.640000,-2.580812,-0.000000,-2.580812,-0.411294,0.000000,0.411294,0.022184,-0.001506,0.030969,0.030969,0.008785,0.048469,0.049975,0.032904,0.018520,0.000070,0.048319,0.000151,1.299359,0.000574,1.299933,1.299933,1.299933,0.649966,0.649966,0,0,1,0,0.000000,0.080000,0.008000,0.001000,5.500000,0.100000,26.000000,0.035000,0.000000
7.391000,0.500000,0.640000,-2.584996,-0.000000,-2.584996,-0.411998,0.000000,0.411998,0.022169,-0.001499,0.030969,0.030969,0.008800,0.048551,0.050050,0.032960,0.018550,0.000078,0.048401,0.000150,1.301295,0.000290,1.301585,1.301585,1.301585,0.650792,0.650792,0,0,1,0,0.000000,0.080000,0.008000,0.001000,5.500000,0.100000,26.000000,0.035000,0.000000
7.396000,0.500000,0.640000,-2.587091,-0.000000,-2.587091,-0.412351,0.000000,0.412351,0.022169,-0.001499,0.030969,0.030969,0.008800,0.048551,0.050050,0.032988,0.018566,0.000071,0.048401,0.000150,1.301295,0.000000,1.301295,1.301295,1.301295,0.650648,0.650648,0,0,1,0,0.000000,0.080000,0.008000,0.001000,5.500000,0.100000,26.000000,0.035000,0.000000
7.401000,0.500000,0.640000,-2.589187,-0.000000,-2.589187,-0.412706,0.000000,0.412706,0.022154,-0.001489,0.030969,0.030969,0.008815,0.048630,0.050118,0.033016,0.018583,0.000071,0.048481,0.000149,1.303081,0.000481,1.303561,1.303561,1.303561,0.651781,0.651781,0,0,1,0,0.000000,0.080000,0.008000,0.001000,5.500000,0.100000,26.000000,0.035000,0.000000
7.406000,0.500000,0.640000,-2.591285,-0.000000,-2.591285,-0.413060,0.000000,0.413060,0.022154,-0.001489,0.030969,0.030969,0.008815,0.048630,0.050118,0.033045,0.018599,0.000071,0.048481,0.000149,1.303081,0.000000,1.303081,1.303081,1.303081,0.651540,0.651540,0,0,1,0,0.000000,0.080000,0.008000,0.001000,5.500000,0.100000,26.000000,0.035000,0.000000
7.411000,0.500000,0.640000,-2.593385,-0.000000,-2.593385,-0.413415,0.000000,0.413415,0.022140,-0.001479,0.030969,0.030969,0.008829,0.048708,0.050187,0.033073,0.018616,0.000071,0.048560,0.000148,1.304867,0.000481,1.305347,1.305347,1.305347,0.652674,0.652674,0,0,1,0,0.000000,0.080000,0.008000,0.001000,5.500000,0.100000,26.000000,0.035000,0.000000
7.416000,0.500000,0.640000,-2.595487,-0.000000,-2.595487,-0.413769,0.000000,0.413769,0.022140,-0.001479,0.030969,0.030969,0.008829,0.048708,0.050187,0.033102,0.018632,0.000071,0.048560,0.000148,1.304867,0.000000,1.304867,1.304867,1.304867,0.652433,0.652433,0,0,1,0,0.000000,0.080000,0.008000,0.001000,5.500000,0.100000,26.000000,0.035000,0.000000
7.421000,0.500000,0.640000,-2.597591,-0.000000,-2.597591,-0.414124,0.000000,0.414124,0.022125,-0.001473,0.030969,0.030969,0.008844,0.048787,0.050260,0.033130,0.018649,0.000071,0.048640,0.000147,1.306748,0.000507,1.307255,1.307255,1.307255,0.653627,0.653627,0,0,1,0,0.000000,0.080000,0.008000,0.001000,5.500000,0.100000,26.000000,0.035000,0.000000
7.426000,0.500000,0.640000,-2.599696,-0.000000,-2.599696,-0.414479,0.000000,0.414479,0.022125,-0.001473,0.030969,0.030969,0.008844,0.048787,0.050260,0.033158,0.018665,0.000071,0.048640,0.000147,1.306748,0.000000,1.306748,1.306748,1.306748,0.653374,0.653374,0,0,1,0,0.000000,0.080000,0.008000,0.001000,5.500000,0.100000,26.000000,0.035000,0.000000
7.431000,0.500000,0.640000,-2.601803,-0.000000,-2.601803,-0.414834,0.000000,0.414834,0.022111,-0.001471,0.030969,0.030969,0.008858,0.048867,0.050338,0.033187,0.018682,0.000071,0.048720,0.000147,1.308791,0.000550,1.309341,1.309341,1.309341,0.654670,0.654670,0,0,1,0,0.000000,0.080000,0.008000,0.001000,5.500000,0.100000,26.000000,0.035000,0.000000
7.436000,0.500000,0.640000,-2.603912,-0.000000,-2.603912,-0.415188,0.000000,0.415188,0.022111,-0.001471,0.030969,0.030969,0.008858,0.048867,0.050338,0.033215,0.018699,0.000071,0.048720,0.000147,1.308791,0.000000,1.308791,1.308791,1.308791,0.654395,0.654395,0,0,1,0,0.000000,0.080000,0.008000,0.001000,5.500000,0.100000,26.000000,0.035000,0.000000
7.445000,0.500000,0.640000,-2.608136,-0.000000,-2.608136,-0.415897,0.000000,0.415897,0.022096,-0.001475,0.030969,0.030969,0.008873,0.048949,0.050424,0.033272,0.018728,0.000079,0.048802,0.000147,1.311019,0.000333,1.311352,1.311352,1.311352,0.655676,0.655676,0,0,1,0,0.000000,0.080000,0.008000,0.001000,5.500000,0.100000,26.000000,0.035000,0.000000
7.450000,0.500000,0.640000,-2.610250,-0.000000,-2.610250,-0.416250,0.000000,0.416250,0.022080,-0.001492,0.030969,0.030969,0.008888,0.049035,0.050526,0.033300,0.018745,0.000071,0.048885,0.000149,1.313685,0.000718,1.314403,1.314403,1.314403,0.657202,0.657202,0,0,1,0,0.000000,0.080000,0.008000,0.001000,5.500000,0.100000,26.000000,0.035000,0.000000
7.455000,0.500000,0.640000,-2.610250,-0.000000,-2.610250,-0.416250,0.000000,0.416250,0.022080,-0.001492,0.030969,0.030969,0.008888,0.049035,0.050526,0.033300,0.018762,0.000000,0.048885,0.000149,1.313685,0.000000,1.313685,1.313685,1.313685,0.656843,0.656843,0,0,1,0,0.000000,0.080000,0.008000,0.001000,5.500000,0.100000,26.000000,0.035000,0.000000
7.460000,0.500000,0.640000,-2.612365,-0.000000,-2.612365,-0.416603,0.000000,0.416603,0.022065,-0.001507,0.030969,0.030969,0.008904,0.049123,0.050630,0.033328,0.018778,0.000071,0.048972,0.000151,1.316381,0.000726,1.317107,1.317107,1.317107,0.658553,0.658553,0,0,1,0,0.000000,0.080000,0.008000,0.001000,5.500000,0.100000,26.000000,0.035000,0.000000
7.465000,0.500000,0.640000,-2.614483,-0.000000,-2.614483,-0.416957,0.000000,0.416957,0.022065,-0.001507,0.030969,0.030969,0.008904,0.049123,0.050630,0.033357,0.018795,0.000071,0.048972,0.000151,1.316381,0.000000,1.316381,1.316381,1.316381,0.658191,0.658191,0,0,1,0,0.000000,0.080000,0.008000,0.001000,5.500000,0.100000,26.000000,0.035000,0.000000
7.470000,0.500000,0.640000,-2.616603,-0.000000,-2.616603,-0.417310,0.000000,0.417310,0.022065,-0.001507,0.030969,0.030969,0.008904,0.049123,0.050630,0.033385,0.018812,0.000071,0.048972,0.000151,1.316381,0.000000,1.316381,1.316381,1.316381,0.658191,0.658191,0,0,1,0,0.000000,0.080000,0.008000,0.001000,5.500000,0.100000,26.000000,0.035000,0.000000
7.475000,0.500000,0.640000,-2.618724,-0.000000,-2.618724,-0.417665,0.000000,0.417665,0.022049,-0.001520,0.030969,0.030969,0.008920,0.049211,0.050731,0.033413,0.018829,0.000071,0.049059,0.000152,1.319001,0.000705,1.319706,1.319706,1.319706,0.659853,0.659853,0,0,1,0,0.000000,0.080000,0.008000,0.001000,5.500000,0.100000,26.000000,0.035000,0.000000
7.480000,0.500000,0.640000,-2.620847,-0.000000,-2.620847,-0.418020,0.000000,0.418020,0.022049,-0.001520,0.030969,0.030969,0.008920,0.049211,0.050731,0.033442,0.018845,0.000071,0.049059,0.000152,1.319001,0.000000,1.319001,1.319001,1.319001,0.659500,0.659500,0,0,1,0,0.000000,0.080000,0.008000,0.001000,5.500000,0.100000,26.000000,0.035000,0.000000
7.485000,0.500000,0.640000,-2.622972,-0.000000,-2.622972,-0.418376,0.000000,0.418376,0.022033,-0.001528,0.030969,0.030969,0.008936,0.049298,0.050826,0.033470,0.018862,0.000071,0.049146,0.000153,1.321473,0.000666,1.322139,1.322139,1.322139,0.661070,0.661070,0,0,1,0,0.000000,0.080000,0.008000,0.001000,5.500000,0.100000,26.000000,0.035000,0.000000
7.490000,0.500000,0.640000,-2.625099,-0.000000,-2.625099,-0.418732,0.000000,0.418732,0.022033,-0.001528,0.030969,0.030969,0.008936,0.049298,0.050826,0.033499,0.018879,0.000071,0.049146,0.000153,1.321473,0.000000,1.321473,1.321473,1.321473,0.660737,0.660737,0,0,1,0,0.000000,0.080000,0.008000,0.001000,5.500000,0.100000,26.000000,0.035000,0.000000
7.495000,0.500000,0.640000,-2.627227,-0.000000,-2.627227,-0.419089,0.000000,0.419089,0.022018,-0.001530,0.030969,0.030969,0.008951,0.049384,0.050914,0.033527,0.018895,0.000071,0.049231,0.000153,1.323768,0.000618,1.324386,1.324386,1.324386,0.662193,0.662193,0,0,1,0,0.000000,0.080000,0.008000,0.001000,5.500000,0.100000,26.000000,0.035000,0.000000
7.500000,0.500000,0.640000,-2.629358,-0.000000,-2.629358,-0.419447,0.000000,0.419447,0.022018,-0.001530,0.030969,0.030969,0.008951,0.049384,0.050914,0.033556,0.018912,0.000072,0.049231,0.000153,1.323768,0.000000,1.323768,1.323768,1.323768,0.661884,0.661884,0,0,1,0,0.000000,0.080000,0.008000,0.001000,5.500000,0.100000,26.000000,0.035000,0.000000
7.509000,0.500000,0.640000,-2.633624,-0.000000,-2.633624,-0.420164,0.000000,0.420164,0.022002,-0.001528,0.030969,0.030969,0.008966,0.049468,0.050996,0.033613,0.018943,0.000080,0.049316,0.000153,1.325898,0.000318,1.326216,1.326216,1.326216,0.663108,0.663108,0,0,1,0,0.000000,0.080000,0.008000,0.001000,5.500000,0.100000,26.000000,0.035000,0.000000
7.514000,0.500000,0.640000,-2.635760,-0.000000,-2.635760,-0.420523,0.000000,0.420523,0.021987,-0.001531,0.030969,0.030969,0.008982,0.049553,0.051083,0.033642,0.018959,0.000072,0.049399,0.000153,1.328169,0.000611,1.328780,1.328780,1.328780,0.664390,0.664390,0,0,1,0,0.000000,0.080000,0.008000,0.001000,5.500000,0.100000,26.000000,0.035000,0.000000
7.519000,0.500000,0.640000,-2.637898,-0.000000,-2.637898,-0.420882,0.000000,0.420882,0.021987,-0.001531,0.030969,0.030969,0.008982,0.049553,0.051083,0.033671,0.018976,0.000072,0.049399,0.000153,1.328169,0.000000,1.328169,1.328169,1.328169,0.664084,0.664084,0,0,1,0,0.000000,0.080000,0.008000,0.001000,5.500000,0.100000,26.000000,0.035000,0.000000
7.524000,0.500000,0.640000,-2.640038,-0.000000,-2.640038,-0.421242,0.000000,0.421242,0.021972,-0.001529,0.030969,0.030969,0.008997,0.049637,0.051166,0.033699,0.018993,0.000072,0.049484,0.000153,1.330308,0.000576,1.330884,1.330884,1.330884,0.665442,0.665442,0,0,1,0,0.000000,0.080000,0.008000,0.001000,5.500000,0.100000,26.000000,0.035000,0.000000
7.529000,0.500000,0.640000,-2.642179,-0.000000,-2.642179,-0.421602,0.000000,0.421602,0.021972,-0.001529,0.030969,0.030969,0.008997,0.049637,0.051166,0.033728,0.019010,0.000072,0.049484,0.000153,1.330308,0.000000,1.330308,1.330308,1.330308,0.665154,0.665154,0,0,1,0,0.000000,0.080000,0.008000,0.001000,5.500000,0.100000,26.000000,0.035000,0.000000
7.534000,0.500000,0.640000,-2.644323,-0.000000,-2.644323,-0.421963,0.000000,0.421963,0.021956,-0.001525,0.030969,0.030969,0.009012,0.049720,0.051244,0.033757,0.019027,0.000072,0.049567,0.000152,1.332356,0.000551,1.332907,1.332907,1.332907,0.666453,0.666453,0,0,1,0,0.000000,0.080000,0.008000,0.001000,5.500000,0.100000,26.000000,0.035000,0.000000
7.539000,0.500000,0.640000,-2.646468,-0.000000,-2.646468,-0.422324,0.000000,0.422324,0.021956,-0.001525,0.030969,0.030969,0.009012,0.049720,0.051244,0.033786,0.019044,0.000072,0.049567,0.000152,1.332356,0.000000,1.332356,1.332356,1.332356,0.666178,0.666178,0,0,1,0,0.000000,0.080000,0.008000,0.001000,5.500000,0.100000,26.000000,0.035000,0.000000
7.544000,0.500000,0.640000,-2.648615,-0.000000,-2.648615,-0.422686,0.000000,0.422686,0.021941,-0.001520,0.030969,0.030969,0.009027,0.049802,0.051322,0.033815,0.019061,0.000072,0.049650,0.000152,1.334372,0.000543,1.334914,1.334914,1.334914,0.667457,0.667457,0,0,1,0,0.000000,0.080000,0.008000,0.001000,5.500000,0.100000,26.000000,0.035000,0.000000
7.549000,0.500000,0.640000,-2.650764,-0.000000,-2.650764,-0.423048,0.000000,0.423048,0.021941,-0.001520,0.030969,0.030969,0.009027,0.049802,0.051322,0.033844,0.019077,0.000072,0.049650,0.000152,1.334372,0.000000,1.334372,1.334372,1.334372,0.667186,0.667186,0,0,1,0,0.000000,0.080000,0.008000,0.001000,5.500000,0.100000,26.000000,0.035000,0.000000
7.554000,0.500000,0.640000,-2.652914,-0.000000,-2.652914,-0.423410,0.000000,0.423410,0.021926,-0.001516,0.030969,0.030969,0.009042,0.049885,0.051401,0.033873,0.019094,0.000072,0.049733,0.000152,1.336417,0.000551,1.336967,1.336967,1.336967,0.668484,0.668484,0,0,1,0,0.000000,0.080000,0.008000,0.001000,5.500000,0.100000,26.000000,0.035000,0.000000
7.559000,0.500000,0.640000,-2.655067,-0.000000,-2.655067,-0.423772,0.000000,0.423772,0.021926,-0.001516,0.030969,0.030969,0.009042,0.049885,0.051401,0.033902,0.019111,0.000072,0.049733,0.000152,1.336417,0.000000,1.336417,1.336417,1.336417,0.668208,0.668208,0,0,1,0,0.000000,0.080000,0.008000,0.001000,5.500000,0.100000,26.000000,0.035000,0.000000
7.568000,0.500000,0.640000,-2.659378,-0.000000,-2.659378,-0.424498,0.000000,0.424498,0.021911,-0.001515,0.030969,0.030969,0.009057,0.049968,0.051482,0.033960,0.019142,0.000081,0.049816,0.000151,1.338539,0.000317,1.338857,1.338857,1.338857,0.669428,0.669428,0,0,1,0,0.000000,0.080000,0.008000,0.001000,5.500000,0.100000,26.000000,0.035000,0.000000
7.573000,0.500000,0.640000,-2.661536,-0.000000,-2.661536,-0.424859,0.000000,0.424859,0.021896,-0.001525,0.030969,0.030969,0.009073,0.050053,0.051578,0.033989,0.019159,0.000072,0.049901,0.000152,1.341026,0.000669,1.341695,1.341695,1.341695,0.670847,0.670847,0,0,1,0,0.000000,0.080000,0.008000,0.001000,5.500000,0.100000,26.000000,0.035000,0.000000
7.578000,0.500000,0.640000,-2.663695,-0.000000,-2.663695,-0.425221,0.000000,0.425221,0.021896,-0.001525,0.030969,0.030969,0.009073,0.050053,0.051578,0.034018,0.019176,0.000072,0.049901,0.000152,1.341026,0.000000,1.341026,1.341026,1.341026,0.670513,0.670513,0,0,1,0,0.000000,0.080000,0.008000,0.001000,5.500000,0.100000,26.000000,0.035000,0.000000
7.583000,0.500000,0.640000,-2.665857,-0.000000,-2.665857,-0.425583,0.000000,0.425583,0.021880,-0.001534,0.030969,0.030969,0.009089,0.050141,0.051674,0.034047,0.019193,0.000072,0.049987,0.000153,1.343536,0.000676,1.344212,1.344212,1.344212,0.672106,0.672106,0,0,1,0,0.000000,0.080000,0.008000,0.001000,5.500000,0.100000,26.000000,0.035000,0.000000
7.588000,0.500000,0.640000,-2.668020,-0.000000,-2.668020,-0.425945,0.000000,0.425945,0.021880,-0.001534,0.030969,0.030969,0.009089,0.050141,0.051674,0.034076,0.019210,0.000072,0.049987,0.000153,1.343536,0.000000,1.343536,1.343536,1.343536,0.671768,0.671768,0,0,1,0,0.000000,0.080000,0.008000,0.001000,5.500000,0.100000,26.000000,0.035000,0.000000
7.593000,0.500000,0.640000,-2.670186,-0.000000,-2.670186,-0.426308,0.000000,0.426308,0.021864,-0.001542,0.030969,0.030969,0.009104,0.050228,0.051770,0.034105,0.019227,0.000073,0.050074,0.000154,1.346017,0.000668,1.346685,1.346685,1.346685,0.673343,0.673343,0,0,1,0,0.000000,0.080000,0.008000,0.001000,5.500000,0.100000,26.000000,0.035000,0.000000
7.598000,0.500000,0.640000,-2.672353,-0.000000,-2.672353,-0.426671,0.000000,0.426671,0.021864,-0.001542,0.030969,0.030969,0.009104,0.050228,0.051770,0.034134,0.019244,0.000073,0.050074,0.000154,1.346017,0.000000,1.346017,1.346017,1.346017,0.673009,0.673009,0,0,1,0,0.000000,0.080000,0.008000,0.001000,5.500000,0.100000,26.000000,0.035000,0.000000
7.607000,0.500000,0.640000,-2.676693,-0.000000,-2.676693,-0.427398,0.000000,0.427398,0.021849,-0.001547,0.030969,0.030969,0.009120,0.050316,0.051863,0.034192,0.019275,0.000081,0.050161,0.000155,1.348433,0.000361,1.348795,1.348795,1.348795,0.674397,0.674397,0,0,1,0,0.000000,0.080000,0.008000,0.001000,5.500000,0.100000,26.000000,0.035000,0.000000
7.612000,0.500000,0.640000,-2.678865,-0.000000,-2.678865,-0.427762,0.000000,0.427762,0.021833,-0.001560,0.030969,0.030969,0.009136,0.050404,0.051964,0.034221,0.019292,0.000073,0.050248,0.000156,1.351061,0.000708,1.351769,1.351769,1.351769,0.675884,0.675884,0,0,1,0,0.000000,0.080000,0.008000,0.001000,5.500000,0.100000,26.000000,0.035000,0.000000
7.617000,0.500000,0.640000,-2.681040,-0.000000,-2.681040,-0.428125,0.000000,0.428125,0.021833,-0.001560,0.030969,0.030969,0.009136,0.050404,0.051964,0.034250,0.019309,0.000073,0.050248,0.000156,1.351061,0.000000,1.351061,1.351061,1.351061,0.675531,0.675531,0,0,1,0,0.000000,0.080000,0.008000,0.001000,5.500000,0.100000,26.000000,0.035000,0.000000
7.622000,0.500000,0.640000,-2.683216,-0.000000,-2.683216,-0.428490,0.000000,0.428490,0.021817,-0.001565,0.030969,0.030969,0.009152,0.050493,0.052058,0.034279,0.019326,0.000073,0.050337,0.000157,1.353517,0.000661,1.354178,1.354178,1.354178,0.677089,0.677089,0,0,1,0,0.000000,0.080000,0.008000,0.001000,5.500000,0.100000,26.000000,0.035000,0.000000
7.627000,0.500000,0.640000,-2.685394,-0.000000,-2.685394,-0.428855,0.000000,0.428855,0.021817,-0.001565,0.030969,0.030969,0.009152,0.050493,0.052058,0.034308,0.019343,0.000073,0.050337,0.000157,1.353517,0.000000,1.353517,1.353517,1.353517,0.676758,0.676758,0,0,1,0,0.000000,0.080000,0.008000,0.001000,5.500000,0.100000,26.000000,0.035000,0.000000
7.632000,0.500000,0.640000,-2.687574,-0.000000,-2.687574,-0.429222,0.000000,0.429222,0.021801,-0.001565,0.030969,0.030969,0.009168,0.050580,0.052145,0.034338,0.019361,0.000073,0.050424,0.000157,1.355782,0.000610,1.356393,1.356393,1.356393,0.678196,0.678196,0,0,1,0,0.000000,0.080000,0.008000,0.001000,5.500000,0.100000,26.000000,0.035000,0.000000
7.637000,0.500000,0.640000,-2.689756,-0.000000,-2.689756,-0.429589,0.000000,0.429589,0.021801,-0.001565,0.030969,0.030969,0.009168,0.050580,0.052145,0.034367,0.019378,0.000073,0.050424,0.000157,1.355782,0.000000,1.355782,1.355782,1.355782,0.677891,0.677891,0,0,1,0,0.000000,0.080000,0.008000,0.001000,5.500000,0.100000,26.000000,0.035000,0.000000
7.642000,0.500000,0.640000,-2.691940,-0.000000,-2.691940,-0.429956,0.000000,0.429956,0.021785,-0.001561,0.030969,0.030969,0.009184,0.050666,0.052227,0.034397,0.019395,0.000074,0.050509,0.000156,1.357892,0.000568,1.358459,1.358459,1.358459,0.679230,0.679230,0,0,1,0,0.000000,0.080000,0.008000,0.001000,5.500000,0.100000,26.000000,0.035000,0.000000
7.647000,0.500000,0.640000,-2.694126,-0.000000,-2.694126,-0.430324,0.000000,0.430324,0.021785,-0.001561,0.030969,0.030969,0.009184,0.050666,0.052227,0.034426,0.019412,0.000074,0.050509,0.000156,1.357892,0.000000,1.357892,1.357892,1.357892,0.678946,0.678946,0,0,1,0,0.000000,0.080000,0.008000,0.001000,5.500000,0.100000,26.000000,0.035000,0.000000
7.652000,0.500000,0.640000,-2.696314,-0.000000,-2.696314,-0.430693,0.000000,0.430693,0.021770,-0.001555,0.030969,0.030969,0.009199,0.050749,0.052304,0.034455,0.019429,0.000074,0.050594,0.000155,1.359907,0.000543,1.360449,1.360449,1.360449,0.680225,0.680225,0,0,1,0,0.000000,0.080000,0.008000,0.001000,5.500000,0.100000,26.000000,0.035000,0.000000
7.657000,0.500000,0.640000,-2.698504,-0.000000,-2.698504,-0.431062,0.000000,0.431062,0.021770,-0.001555,0.030969,0.030969,0.009199,0.050749,0.052304,0.034485,0.019447,0.000074,0.050594,0.000155,1.359907,0.000000,1.359907,1.359907,1.359907,0.679953,0.679953,0,0,1,0,0.000000,0.080000,0.008000,0.001000,5.500000,0.100000,26.000000,0.035000,0.000000
7.666000,0.500000,0.640000,-2.702888,-0.000000,-2.702888,-0.431802,0.000000,0.431802,0.021755,-0.001548,0.030969,0.030969,0.009214,0.050833,0.052381,0.034544,0.019478,0.000082,0.050678,0.000155,1.361906,0.000299,1.362205,1.362205,1.362205,0.681102,0.681102,0,0,1,0,0.000000,0.080000,0.008000,0.001000,5.500000,0.100000,26.000000,0.035000,0.000000
7.671000,0.500000,0.640000,-2.705084,-0.000000,-2.705084,-0.432171,0.000000,0.432171,0.021739,-0.001552,0.030969,0.030969,0.009230,0.050918,0.052469,0.034574,0.019495,0.000074,0.050763,0.000155,1.364205,0.000619,1.364824,1.364824,1.364824,0.682412,0.682412,0,0,1,0,0.000000,0.080000,0.008000,0.001000,5.500000,0.100000,26.000000,0.035000,0.000000
7.676000,0.500000,0.640000,-2.707281,-0.000000,-2.707281,-0.432540,0.000000,0.432540,0.021739,-0.001552,0.030969,0.030969,0.009230,0.050918,0.052469,0.034603,0.019512,0.000074,0.050763,0.000155,1.364205,0.000000,1.364205,1.364205,1.364205,0.682103,0.682103,0,0,1,0,0.000000,0.080000,0.008000,0.001000,5.500000,0.100000,26.000000,0.035000,0.000000
7.681000,0.500000,0.640000,-2.709480,-0.000000,-2.709480,-0.432909,0.000000,0.432909,0.021723,-0.001555,0.030969,0.030969,0.009245,0.051005,0.052559,0.034633,0.019530,0.000074,0.050849,0.000155,1.366537,0.000628,1.367165,1.367165,1.367165,0.683583,0.683583,0,0,1,0,0.000000,0.080000,0.008000,0.001000,5.500000,0.100000,26.000000,0.035000,0.000000
7.686000,0.500000,0.640000,-2.711680,-0.000000,-2.711680,-0.433278,0.000000,0.433278,0.021723,-0.001555,0.030969,0.030969,0.009245,0.051005,0.052559,0.034662,0.019547,0.000074,0.050849,0.000155,1.366537,0.000000,1.366537,1.366537,1.366537,0.683269,0.683269,0,0,1,0,0.000000,0.080000,0.008000,0.001000,5.500000,0.100000,26.000000,0.035000,0.000000
7.691000,0.500000,0.640000,-2.711680,-0.000000,-2.711680,-0.433278,0.000000,0.433278,0.021708,-0.001558,0.030969,0.030969,0.009261,0.051092,0.052650,0.034662,0.019564,0.000000,0.050936,0.000156,1.368895,0.000635,1.369530,1.369530,1.369530,0.684765,0.684765,0,0,1,0,0.000000,0.080000,0.008000,0.001000,5.500000,0.100000,26.000000,0.035000,0.000000
7.696000,0.500000,0.640000,-2.713883,-0.000000,-2.713883,-0.433648,0.000000,0.433648,0.021708,-0.001558,0.030969,0.030969,0.009261,0.051092,0.052650,0.034692,0.019582,0.000074,0.050936,0.000156,1.368895,0.000000,1.368895,1.368895,1.368895,0.684447,0.684447,0,0,1,0,0.000000,0.080000,0.008000,0.001000,5.500000,0.100000,26.000000,0.035000,0.000000
7.705000,0.500000,0.640000,-2.718294,-0.000000,-2.718294,-0.434389,0.000000,0.434389,0.021692,-0.001562,0.030969,0.030969,0.009277,0.051179,0.052741,0.034751,0.019613,0.000082,0.051023,0.000156,1.371272,0.000356,1.371627,1.371627,1.371627,0.685814,0.685814,0,0,1,0,0.000000,0.080000,0.008000,0.001000,5.500000,0.100000,26.000000,0.035000,0.000000
7.710000,0.500000,0.640000,-2.720502,-0.000000,-2.720502,-0.434759,0.000000,0.434759,0.021676,-0.001576,0.030969,0.030969,0.009293,0.051269,0.052844,0.034781,0.019630,0.000074,0.051111,0.000158,1.373948,0.000721,1.374669,1.374669,1.374669,0.687334,0.687334,0,0,1,0,0.000000,0.080000,0.008000,0.001000,5.500000,0.100000,26.000000,0.035000,0.000000
7.715000,0.500000,0.640000,-2.722712,-0.000000,-2.722712,-0.435129,0.000000,0.435129,0.021676,-0.001576,0.030969,0.030969,0.009293,0.051269,0.052844,0.034810,0.019648,0.000074,0.051111,0.000158,1.373948,0.000000,1.373948,1.373948,1.373948,0.686974,0.686974,0,0,1,0,0.000000,0.080000,0.008000,0.001000,5.500000,0.100000,26.000000,0.035000,0.000000
7.720000,0.500000,0.640000,-2.724924,-0.000000,-2.724924,-0.435499,0.000000,0.435499,0.021676,-0.001576,0.030969,0.030969,0.009293,0.051269,0.052844,0.034840,0.019665,0.000074,0.051111,0.000158,1.373948,0.000000,1.373948,1.373948,1.373948,0.686974,0.686974,0,0,1,0,0.000000,0.080000,0.008000,0.001000,5.500000,0.100000,26.000000,0.035000,0.000000
7.725000,0.500000,0.640000,-2.727138,-0.000000,-2.727138,-0.435870,0.000000,0.435870,0.021659,-0.001584,0.030969,0.030969,0.009309,0.051359,0.052944,0.034870,0.019683,0.000074,0.051201,0.000158,1.376533,0.000696,1.377228,1.377228,1.377228,0.688614,0.688614,0,0,1,0,0.000000,0.080000,0.008000,0.001000,5.500000,0.100000,26.000000,0.035000,0.000000
7.730000,0.500000,0.640000,-2.729354,-0.000000,-2.729354,-0.436241,0.000000,0.436241,0.021659,-0.001584,0.030969,0.030969,0.009309,0.051359,0.052944,0.034899,0.019700,0.000074,0.051201,0.000158,1.376533,0.000000,1.376533,1.376533,1.376533,0.688266,0.688266,0,0,1,0,0.000000,0.080000,0.008000,0.001000,5.500000,0.100000,26.000000,0.035000,0.000000
7.735000,0.500000,0.640000,-2.731571,-0.000000,-2.731571,-0.436611,0.000000,0.436611,0.021643,-0.001599,0.030969,0.030969,0.009326,0.051451,0.053050,0.034929,0.019718,0.000074,0.051291,0.000160,1.379295,0.000744,1.380038,1.380038,1.380038,0.690019,0.690019,0,0,1,0,0.000000,0.080000,0.008000,0.001000,5.500000,0.100000,26.000000,0.035000,0.000000
7.740000,0.500000,0.640000,-2.733790,-0.000000,-2.733790,-0.436982,0.000000,0.436982,0.021643,-0.001599,0.030969,0.030969,0.009326,0.051451,0.053050,0.034959,0.019735,0.000074,0.051291,0.000160,1.379295,0.000000,1.379295,1.379295,1.379295,0.689647,0.689647,0,0,1,0,0.000000,0.080000,0.008000,0.001000,5.500000,0.100000,26.000000,0.035000,0.000000
7.745000,0.500000,0.640000,-2.736012,-0.000000,-2.736012,-0.437353,0.000000,0.437353,0.021626,-0.001615,0.030969,0.030969,0.009342,0.051544,0.053158,0.034988,0.019752,0.000074,0.051382,0.000161,1.382121,0.000761,1.382881,1.382881,1.382881,0.691441,0.691441,0,0,1,0,0.000000,0.080000,0.008000,0.001000,5.500000,0.100000,26.000000,0.035000,0.000000
7.750000,0.500000,0.640000,-2.738235,-0.000000,-2.738235,-0.437724,0.000000,0.437724,0.021626,-0.001615,0.030969,0.030969,0.009342,0.051544,0.053158,0.035018,0.019770,0.000074,0.051382,0.000161,1.382121,0.000000,1.382121,1.382121,1.382121,0.691060,0.691060,0,0,1,0,0.000000,0.080000,0.008000,0.001000,5.500000,0.100000,26.000000,0.035000,0.000000
7.759000,0.500000,0.640000,-2.742687,-0.000000,-2.742687,-0.438471,0.000000,0.438471,0.021610,-0.001619,0.030969,0.030969,0.009359,0.051636,0.053255,0.035078,0.019802,0.000083,0.051474,0.000162,1.384638,0.000377,1.385015,1.385015,1.385015,0.692507,0.692507,0,0,1,0,0.000000,0.080000,0.008000,0.001000,5.500000,0.100000,26.000000,0.035000,0.000000
7.764000,0.500000,0.640000,-2.744916,-0.000000,-2.744916,-0.438845,0.000000,0.438845,0.021593,-0.001624,0.030969,0.030969,0.009375,0.051726,0.053350,0.035108,0.019819,0.000075,0.051564,0.000162,1.387111,0.000666,1.387777,1.387777,1.387777,0.693888,0.693888,0,0,1,0,0.000000,0.080000,0.008000,0.001000,5.500000,0.100000,26.000000,0.035000,0.000000
7.769000,0.500000,0.640000,-2.747147,-0.000000,-2.747147,-0.439219,0.000000,0.439219,0.021593,-0.001624,0.030969,0.030969,0.009375,0.051726,0.053350,0.035138,0.019837,0.000075,0.051564,0.000162,1.387111,0.000000,1.387111,1.387111,1.387111,0.693555,0.693555,0,0,1,0,0.000000,0.080000,0.008000,0.001000,5.500000,0.100000,26.000000,0.035000,0.000000
7.774000,0.500000,0.640000,-2.749380,-0.000000,-2.749380,-0.439596,0.000000,0.439596,0.021577,-0.001617,0.030969,0.030969,0.009391,0.051815,0.053431,0.035168,0.019854,0.000075,0.051653,0.000162,1.389217,0.000567,1.389785,1.389785,1.389785,0.694892,0.694892,0,0,1,0,0.000000,0.080000,0.008000,0.001000,5.500000,0.100000,26.000000,0.035000,0.000000
7.779000,0.500000,0.640000,-2.751615,-0.000000,-2.751615,-0.439973,0.000000,0.439973,0.021577,-0.001617,0.030969,0.030969,0.009391,0.051815,0.053431,0.035198,0.019872,0.000075,0.051653,0.000162,1.389217,0.000000,1.389217,1.389217,1.389217,0.694609,0.694609,0,0,1,0,0.000000,0.080000,0.008000,0.001000,5.500000,0.100000,26.000000,0.035000,0.000000
7.784000,0.500000,0.640000,-2.753852,-0.000000,-2.753852,-0.440351,0.000000,0.440351,0.021562,-0.001603,0.030969,0.030969,0.009407,0.051899,0.053502,0.035228,0.019889,0.000076,0.051739,0.000160,1.391051,0.000494,1.391545,1.391545,1.391545,0.695772,0.695772,0,0,1,0,0.000000,0.080000,0.008000,0.001000,5.500000,0.100000,26.000000,0.035000,0.000000
7.789000,0.500000,0.640000,-2.756090,-0.000000,-2.756090,-0.440730,0.000000,0.440730,0.021562,-0.001603,0.030969,0.030969,0.009407,0.051899,0.053502,0.035258,0.019907,0.000076,0.051739,0.000160,1.391051,0.000000,1.391051,1.391051,1.391051,0.695526,0.695526,0,0,1,0,0.000000,0.080000,0.008000,0.001000,5.500000,0.100000,26.000000,0.035000,0.000000
7.794000,0.500000,0.640000,-2.758331,-0.000000,-2.758331,-0.441109,0.000000,0.441109,0.021546,-0.001586,0.030969,0.030969,0.009422,0.051982,0.053568,0.035289,0.019925,0.000076,0.051823,0.000159,1.392762,0.000461,1.393222,1.393222,1.393222,0.696611,0.696611,0,0,1,0,0.000000,0.080000,0.008000,0.001000,5.500000,0.100000,26.000000,0.035000,0.000000
7.799000,0.500000,0.640000,-2.760574,-0.000000,-2.760574,-0.441489,0.000000,0.441489,0.021546,-0.001586,0.030969,0.030969,0.009422,0.051982,0.053568,0.035319,0.019942,0.000076,0.051823,0.000159,1.392762,0.000000,1.392762,1.392762,1.392762,0.696381,0.696381,0,0,1,0,0.000000,0.080000,0.008000,0.001000,5.500000,0.100000,26.000000,0.035000,0.000000
7.808000,0.500000,0.640000,-2.765065,-0.000000,-2.765065,-0.442249,0.000000,0.442249,0.021531,-0.001571,0.030969,0.030969,0.009438,0.052064,0.053635,0.035380,0.019974,0.000084,0.051906,0.000157,1.394509,0.000261,1.394770,1.394770,1.394770,0.697385,0.697385,0,0,1,0,0.000000,0.080000,0.008000,0.001000,5.500000,0.100000,26.000000,0.035000,0.000000
7.813000,0.500000,0.640000,-2.767314,-0.000000,-2.767314,-0.442628,0.000000,0.442628,0.021516,-0.001569,0.030969,0.030969,0.009453,0.052148,0.053717,0.035410,0.019992,0.000076,0.051991,0.000157,1.396639,0.000574,1.397213,1.397213,1.397213,0.698606,0.698606,0,0,1,0,0.000000,0.080000,0.008000,0.001000,5.500000,0.100000,26.000000,0.035000,0.000000
7.818000,0.500000,0.640000,-2.769564,-0.000000,-2.769564,-0.443007,0.000000,0.443007,0.021516,-0.001569,0.030969,0.030969,0.009453,0.052148,0.053717,0.035441,0.020010,0.000076,0.051991,0.000157,1.396639,0.000000,1.396639,1.396639,1.396639,0.698320,0.698320,0,0,1,0,0.000000,0.080000,0.008000,0.001000,5.500000,0.100000,26.000000,0.035000,0.000000
7.823000,0.500000,0.640000,-2.771816,-0.000000,-2.771816,-0.443386,0.000000,0.443386,0.021500,-0.001571,0.030969,0.030969,0.009469,0.052234,0.053806,0.035471,0.020027,0.000076,0.052077,0.000157,1.398955,0.000624,1.399579,1.399579,1.399579,0.699790,0.699790,0,0,1,0,0.000000,0.080000,0.008000,0.001000,5.500000,0.100000,26.000000,0.035000,0.000000
7.828000,0.500000,0.640000,-2.774070,-0.000000,-2.774070,-0.443764,0.000000,0.443764,0.021500,-0.001571,0.030969,0.030969,0.009469,0.052234,0.053806,0.035501,0.020045,0.000076,0.052077,0.000157,1.398955,0.000000,1.398955,1.398955,1.398955,0.699478,0.699478,0,0,1,0,0.000000,0.080000,0.008000,0.001000,5.500000,0.100000,26.000000,0.035000,0.000000
7.833000,0.500000,0.640000,-2.776326,-0.000000,-2.776326,-0.444143,0.000000,0.444143,0.021484,-0.001579,0.030969,0.030969,0.009485,0.052323,0.053902,0.035531,0.020063,0.000076,0.052165,0.000158,1.401450,0.000672,1.402121,1.402121,1.402121,0.701061,0.701061,0,0,1,0,0.000000,0.080000,0.008000,0.001000,5.500000,0.100000,26.000000,0.035000,0.000000
7.838000,0.500000,0.640000,-2.778584,-0.000000,-2.778584,-0.444521,0.000000,0.444521,0.021484,-0.001579,0.030969,0.030969,0.009485,0.052323,0.053902,0.035562,0.020081,0.000076,0.052165,0.000158,1.401450,0.000000,1.401450,1.401450,1.401450,0.700725,0.700725,0,0,1,0,0.000000,0.080000,0.008000,0.001000,5.500000,0.100000,26.000000,0.035000,0.000000
7.843000,0.500000,0.640000,-2.780844,-0.000000,-2.780844,-0.444900,0.000000,0.444900,0.021468,-0.001589,0.030969,0.030969,0.009501,0.052414,0.054003,0.035592,0.020099,0.000076,0.052255,0.000159,1.404081,0.000708,1.404789,1.404789,1.404789,0.702395,0.702395,0,0,1,0,0.000000,0.080000,0.008000,0.001000,5.500000,0.100000,26.000000,0.035000,0.000000
7.848000,0.500000,0.640000,-2.783105,-0.000000,-2.783105,-0.445279,0.000000,0.445279,0.021468,-0.001589,0.030969,0.030969,0.009501,0.052414,0.054003,0.035622,0.020116,0.000076,0.052255,0.000159,1.404081,0.000000,1.404081,1.404081,1.404081,0.702040,0.702040,0,0,1,0,0.000000,0.080000,0.008000,0.001000,5.500000,0.100000,26.000000,0.035000,0.000000
7.853000,0.500000,0.640000,-2.785369,-0.000000,-2.785369,-0.445658,0.000000,0.445658,0.021451,-0.001601,0.030969,0.030969,0.009517,0.052506,0.054107,0.035653,0.020134,0.000076,0.052346,0.000160,1.406783,0.000728,1.407511,1.407511,1.407511,0.703755,0.703755,0,0,1,0,0.000000,0.080000,0.008000,0.001000,5.500000,0.100000,26.000000,0.035000,0.000000
7.858000,0.500000,0.640000,-2.787634,-0.000000,-2.787634,-0.446037,0.000000,0.446037,0.021451,-0.001601,0.030969,0.030969,0.009517,0.052506,0.054107,0.035683,0.020152,0.000076,0.052346,0.000160,1.406783,0.000000,1.406783,1.406783,1.406783,0.703392,0.703392,0,0,1,0,0.000000,0.080000,0.008000,0.001000,5.500000,0.100000,26.000000,0.035000,0.000000
7.863000,0.500000,0.640000,-2.789902,-0.000000,-2.789902,-0.446416,0.000000,0.446416,0.021435,-0.001612,0.030969,0.030969,0.009534,0.052599,0.054211,0.035713,0.020170,0.000076,0.052437,0.000161,1.409483,0.000727,1.410210,1.410210,1.410210,0.705105,0.705105,0,0,1,0,0.000000,0.080000,0.008000,0.001000,5.500000,0.100000,26.000000,0.035000,0.000000
7.868000,0.500000,0.640000,-2.792171,-0.000000,-2.792171,-0.446796,0.000000,0.446796,0.021435,-0.001612,0.030969,0.030969,0.009534,0.052599,0.054211,0.035744,0.020188,0.000076,0.052437,0.000161,1.409483,0.000000,1.409483,1.409483,1.409483,0.704741,0.704741,0,0,1,0,0.000000,0.080000,0.008000,0.001000,5.500000,0.100000,26.000000,0.035000,0.000000
7.877000,0.500000,0.640000,-2.796715,-0.000000,-2.796715,-0.447557,0.000000,0.447557,0.021418,-0.001621,0.030969,0.030969,0.009551,0.052691,0.054312,0.035805,0.020220,0.000085,0.052529,0.000162,1.412117,0.000394,1.412511,1.412511,1.412511,0.706255,0.706255,0,0,1,0,0.000000,0.080000,0.008000,0.001000,5.500000,0.100000,26.000000,0.035000,0.000000
7.882000,0.500000,0.640000,-2.798990,-0.000000,-2.798990,-0.447937,0.000000,0.447937,0.021401,-0.001637,0.030969,0.030969,0.009568,0.052785,0.054422,0.035835,0.020238,0.000076,0.052621,0.000164,1.414965,0.000767,1.415732,1.415732,1.415732,0.707866,0.707866,0,0,1,0,0.000000,0.080000,0.008000,0.001000,5.500000,0.100000,26.000000,0.035000,0.000000
7.887000,0.500000,0.640000,-2.801267,-0.000000,-2.801267,-0.448318,0.000000,0.448318,0.021401,-0.001637,0.030969,0.030969,0.009568,0.052785,0.054422,0.035865,0.020256,0.000076,0.052621,0.000164,1.414965,0.000000,1.414965,1.414965,1.414965,0.707483,0.707483,0,0,1,0,0.000000,0.080000,0.008000,0.001000,5.500000,0.100000,26.000000,0.035000,0.000000
7.892000,0.500000,0.640000,-2.803546,-0.000000,-2.803546,-0.448700,0.000000,0.448700,0.021384,-0.001644,0.030969,0.030969,0.009584,0.052879,0.054523,0.035896,0.020274,0.000076,0.052715,0.000164,1.417593,0.000707,1.418300,1.418300,1.418300,0.709150,0.709150,0,0,1,0,0.000000,0.080000,0.008000,0.001000,5.500000,0.100000,26.000000,0.035000,0.000000
7.897000,0.500000,0.640000,-2.805827,-0.000000,-2.805827,-0.449082,0.000000,0.449082,0.021384,-0.001644,0.030969,0.030969,0.009584,0.052879,0.054523,0.035927,0.020292,0.000076,0.052715,0.000164,1.417593,0.000000,1.417593,1.417593,1.417593,0.708796,0.708796,0,0,1,0,0.000000,0.080000,0.008000,0.001000,5.500000,0.100000,26.000000,0.035000,0.000000
7.902000,0.500000,0.640000,-2.808110,-0.000000,-2.808110,-0.449466,0.000000,0.449466,0.021368,-0.001644,0.030969,0.030969,0.009601,0.052970,0.054614,0.035957,0.020310,0.000077,0.052806,0.000164,1.419973,0.000641,1.420614,1.420614,1.420614,0.710307,0.710307,0,0,1,0,0.000000,0.080000,0.008000,0.001000,5.500000,0.100000,26.000000,0.035000,0.000000
7.907000,0.500000,0.640000,-2.810395,-0.000000,-2.810395,-0.449850,0.000000,0.449850,0.021368,-0.001644,0.030969,0.030969,0.009601,0.052970,0.054614,0.035988,0.020328,0.000077,0.052806,0.000164,1.419973,0.000000,1.419973,1.419973,1.419973,0.709987,0.709987,0,0,1,0,0.000000,0.080000,0.008000,0.001000,5.500000,0.100000,26.000000,0.035000,0.000000
7.917000,0.500000,0.640000,-2.814971,-0.000000,-2.814971,-0.450621,0.000000,0.450621,0.021351,-0.001638,0.030969,0.030969,0.009617,0.053060,0.054698,0.036050,0.020364,0.000077,0.052896,0.000164,1.422145,0.000292,1.422438,1.422438,1.422438,0.711219,0.711219,0,0,1,0,0.000000,0.080000,0.008000,0.001000,5.500000,0.100000,26.000000,0.035000,0.000000
7.926000,0.500000,0.640000,-2.819555,-0.000000,-2.819555,-0.451392,0.000000,0.451392,0.021335,-0.001638,0.030969,0.030969,0.009634,0.053149,0.054787,0.036111,0.020396,0.000086,0.052985,0.000164,1.424453,0.000345,1.424799,1.424799,1.424799,0.712399,0.712399,0,0,1,0,0.000000,0.080000,0.008000,0.001000,5.500000,0.100000,26.000000,0.035000,0.000000
7.931000,0.500000,0.640000,-2.821850,-0.000000,-2.821850,-0.451778,0.000000,0.451778,0.021319,-0.001642,0.030969,0.030969,0.009650,0.053239,0.054881,0.036142,0.020414,0.000077,0.053075,0.000164,1.426905,0.000660,1.427564,1.427564,1.427564,0.713782,0.713782,0,0,1,0,0.000000,0.080000,0.008000,0.001000,5.500000,0.100000,26.000000,0.035000,0.000000
7.936000,0.500000,0.640000,-2.824146,-0.000000,-2.824146,-0.452163,0.000000,0.452163,0.021319,-0.001642,0.030969,0.030969,0.009650,0.053239,0.054881,0.036173,0.020432,0.000077,0.053075,0.000164,1.426905,0.000000,1.426905,1.426905,1.426905,0.713452,0.713452,0,0,1,0,0.000000,0.080000,0.008000,0.001000,5.500000,0.100000,26.000000,0.035000,0.000000
7.941000,0.500000,0.640000,-2.826445,-0.000000,-2.826445,-0.452550,0.000000,0.452550,0.021302,-0.001640,0.030969,0.030969,0.009667,0.053330,0.054970,0.036204,0.020450,0.000077,0.053166,0.000164,1.429218,0.000623,1.429841,1.429841,1.429841,0.714920,0.714920,0,0,1,0,0.000000,0.080000,0.008000,0.001000,5.500000,0.100000,26.000000,0.035000,0.000000
7.946000,0.500000,0.640000,-2.828746,-0.000000,-2.828746,-0.452937,0.000000,0.452937,0.021302,-0.001640,0.030969,0.030969,0.009667,0.053330,0.054970,0.036235,0.020469,0.000077,0.053166,0.000164,1.429218,0.000000,1.429218,1.429218,1.429218,0.714609,0.714609,0,0,1,0,0.000000,0.080000,0.008000,0.001000,5.500000,0.100000,26.000000,0.035000,0.000000
7.951000,0.500000,0.640000,-2.831048,-0.000000,-2.831048,-0.453326,0.000000,0.453326,0.021286,-0.001636,0.030969,0.030969,0.009683,0.053419,0.055055,0.036266,0.020487,0.000078,0.053256,0.000164,1.431437,0.000598,1.432035,1.432035,1.432035,0.716017,0.716017,0,0,1,0,0.000000,0.080000,0.008000,0.001000,5.500000,0.100000,26.000000,0.035000,0.000000
7.956000,0.500000,0.640000,-2.833353,-0.000000,-2.833353,-0.453714,0.000000,0.453714,0.021286,-0.001636,0.030969,0.030969,0.009683,0.053419,0.055055,0.036297,0.020505,0.000078,0.053256,0.000164,1.431437,0.000000,1.431437,1.431437,1.431437,0.715719,0.715719,0,0,1,0,0.000000,0.080000,0.008000,0.001000,5.500000,0.100000,26.000000,0.035000,0.000000
7.961000,0.500000,0.640000,-2.835660,-0.000000,-2.835660,-0.454103,0.000000,0.454103,0.021270,-0.001631,0.030969,0.030969,0.009699,0.053508,0.055139,0.036328,0.020523,0.000078,0.053345,0.000163,1.433624,0.000589,1.434212,1.434212,1.434212,0.717106,0.717106,0,0,1,0,0.000000,0.080000,0.008000,0.001000,5.500000,0.100000,26.000000,0.035000,0.000000
7.966000,0.500000,0.640000,-2.837968,-0.000000,-2.837968,-0.454491,0.000000,0.454491,0.021270,-0.001631,0.030969,0.030969,0.009699,0.053508,0.055139,0.036359,0.020541,0.000078,0.053345,0.000163,1.433624,0.000000,1.433624,1.433624,1.433624,0.716812,0.716812,0,0,1,0,0.000000,0.080000,0.008000,0.001000,5.500000,0.100000,26.000000,0.035000,0.000000
7.971000,0.500000,0.640000,-2.840279,-0.000000,-2.840279,-0.454881,0.000000,0.454881,0.021254,-0.001628,0.030969,0.030969,0.009715,0.053597,0.055225,0.036390,0.020559,0.000078,0.053434,0.000163,1.435837,0.000596,1.436433,1.436433,1.436433,0.718217,0.718217,0,0,1,0,0.000000,0.080000,0.008000,0.001000,5.500000,0.100000,26.000000,0.035000,0.000000
7.976000,0.500000,0.640000,-2.842592,-0.000000,-2.842592,-0.455270,0.000000,0.455270,0.021254,-0.001628,0.030969,0.030969,0.009715,0.053597,0.055225,0.036422,0.020578,0.000078,0.053434,0.000163,1.435837,0.000000,1.435837,1.435837,1.435837,0.717919,0.717919,0,0,1,0,0.000000,0.080000,0.008000,0.001000,5.500000,0.100000,26.000000,0.035000,0.000000
7.985000,0.500000,0.640000,-2.844906,-0.000000,-2.844906,-0.455660,0.000000,0.455660,0.021237,-0.001627,0.030969,0.030969,0.009731,0.053686,0.055313,0.036453,0.020610,0.000043,0.053523,0.000163,1.438127,0.000343,1.438470,1.438470,1.438470,0.719235,0.719235,0,0,1,0,0.000000,0.080000,0.008000,0.001000,5.500000,0.100000,26.000000,0.035000,0.000000
7.990000,0.500000,0.640000,-2.847223,-0.000000,-2.847223,-0.456050,0.000000,0.456050,0.021237,-0.001627,0.030969,0.030969,0.009731,0.053686,0.055313,0.036484,0.020629,0.000078,0.053523,0.000163,1.438127,0.000000,1.438127,1.438127,1.438127,0.719064,0.719064,0,0,1,0,0.000000,0.080000,0.008000,0.001000,5.500000,0.100000,26.000000,0.035000,0.000000
7.995000,0.500000,0.640000,-2.849541,-0.000000,-2.849541,-0.456438,0.000000,0.456438,0.021221,-0.001638,0.030969,0.030969,0.009748,0.053778,0.055415,0.036515,0.020647,0.000078,0.053614,0.000164,1.440801,0.000720,1.441521,1.441521,1.441521,0.720761,0.720761,0,0,1,0,0.000000,0.080000,0.008000,0.001000,5.500000,0.100000,26.000000,0.035000,0.000000
8.000000,0.500000,0.640000,-2.851861,-0.000000,-2.851861,-0.456827,0.000000,0.456827,0.021221,-0.001638,0.030969,0.030969,0.009748,0.053778,0.055415,0.036546,0.020665,0.000078,0.053614,0.000164,1.440801,0.000000,1.440801,1.440801,1.440801,0.720401,0.720401,0,0,1,0,0.000000,0.080000,0.008000,0.001000,5.500000,0.100000,26.000000,0.035000,0.000000
8.005000,0.500000,0.640000,-2.854184,-0.000000,-2.854184,-0.457216,0.000000,0.457216,0.021204,-0.001647,0.030969,0.030969,0.009765,0.053872,0.055519,0.036577,0.020683,0.000078,0.053707,0.000165,1.443494,0.000725,1.444219,1.444219,1.444219,0.722109,0.722109,0,0,1,0,0.000000,0.080000,0.008000,0.001000,5.500000,0.100000,26.000000,0.035000,0.000000
8.010000,0.500000,0.640000,-2.856508,-0.000000,-2.856508,-0.457605,0.000000,0.457605,0.021204,-0.001647,0.030969,0.030969,0.009765,0.053872,0.055519,0.036608,0.020702,0.000078,0.053707,0.000165,1.443494,0.000000,1.443494,1.443494,1.443494,0.721747,0.721747,0,0,1,0,0.000000,0.080000,0.008000,0.001000,5.500000,0.100000,26.000000,0.035000,0.000000
8.015000,0.500000,0.640000,-2.858834,-0.000000,-2.858834,-0.457995,0.000000,0.457995,0.021187,-0.001655,0.030969,0.030969,0.009782,0.053966,0.055621,0.036640,0.020720,0.000078,0.053800,0.000166,1.446149,0.000715,1.446864,1.446864,1.446864,0.723432,0.723432,0,0,1,0,0.000000,0.080000,0.008000,0.001000,5.500000,0.100000,26.000000,0.035000,0.000000
8.020000,0.500000,0.640000,-2.861162,-0.000000,-2.861162,-0.458386,0.000000,0.458386,0.021187,-0.001655,0.030969,0.030969,0.009782,0.053966,0.055621,0.036671,0.020738,0.000078,0.053800,0.000166,1.446149,0.000000,1.446149,1.446149,1.446149,0.723075,0.723075,0,0,1,0,0.000000,0.080000,0.008000,0.001000,5.500000,0.100000,26.000000,0.035000,0.000000
8.025000,0.500000,0.640000,-2.863492,-0.000000,-2.863492,-0.458777,0.000000,0.458777,0.021170,-0.001661,0.030969,0.030969,0.009799,0.054059,0.055720,0.036702,0.020757,0.000078,0.053893,0.000166,1.448732,0.000695,1.449427,1.449427,1.449427,0.724714,0.724714,0,0,1,0,0.000000,0.080000,0.008000,0.001000,5.500000,0.100000,26.000000,0.035000,0.000000
8.034000,0.500000,0.640000,-2.868159,-0.000000,-2.868159,-0.459560,0.000000,0.459560,0.021153,-0.001664,0.030969,0.030969,0.009816,0.054152,0.055816,0.036765,0.020790,0.000087,0.053986,0.000166,1.451227,0.000373,1.451600,1.451600,1.451600,0.725800,0.725800,0,0,1,0,0.000000,0.080000,0.008000,0.001000,5.500000,0.100000,26.000000,0.035000,0.000000
8.039000,0.500000,0.640000,-2.870495,-0.000000,-2.870495,-0.459953,0.000000,0.459953,0.021153,-0.001664,0.030969,0.030969,0.009816,0.054152,0.055816,0.036796,0.020808,0.000079,0.053986,0.000166,1.451227,0.000000,1.451227,1.451227,1.451227,0.725613,0.725613,0,0,1,0,0.000000,0.080000,0.008000,0.001000,5.500000,0.100000,26.000000,0.035000,0.000000
8.044000,0.500000,0.640000,-2.872833,-0.000000,-2.872833,-0.460346,0.000000,0.460346,0.021136,-0.001663,0.030969,0.030969,0.009832,0.054244,0.055908,0.036828,0.020827,0.000079,0.054078,0.000166,1.453595,0.000638,1.454233,1.454233,1.454233,0.727116,0.727116,0,0,1,0,0.000000,0.080000,0.008000,0.001000,5.500000,0.100000,26.000000,0.035000,0.000000
8.049000,0.500000,0.640000,-2.875174,-0.000000,-2.875174,-0.460740,0.000000,0.460740,0.021136,-0.001663,0.030969,0.030969,0.009832,0.054244,0.055908,0.036859,0.020845,0.000079,0.054078,0.000166,1.453595,0.000000,1.453595,1.453595,1.453595,0.726798,0.726798,0,0,1,0,0.000000,0.080000,0.008000,0.001000,5.500000,0.100000,26.000000,0.035000,0.000000
8.054000,0.500000,0.640000,-2.877516,-0.000000,-2.877516,-0.461134,0.000000,0.461134,0.021120,-0.001661,0.030969,0.030969,0.009849,0.054336,0.055997,0.036891,0.020864,0.000079,0.054169,0.000166,1.455922,0.000626,1.456549,1.456549,1.456549,0.728274,0.728274,0,0,1,0,0.000000,0.080000,0.008000,0.001000,5.500000,0.100000,26.000000,0.035000,0.000000
8.059000,0.500000,0.640000,-2.879860,-0.000000,-2.879860,-0.461529,0.000000,0.461529,0.021120,-0.001661,0.030969,0.030969,0.009849,0.054336,0.055997,0.036922,0.020882,0.000079,0.054169,0.000166,1.455922,0.000000,1.455922,1.455922,1.455922,0.727961,0.727961,0,0,1,0,0.000000,0.080000,0.008000,0.001000,5.500000,0.100000,26.000000,0.035000,0.000000
8.064000,0.500000,0.640000,-2.882207,-0.000000,-2.882207,-0.461924,0.000000,0.461924,0.021103,-0.001660,0.030969,0.030969,0.009866,0.054427,0.056086,0.036954,0.020901,0.000079,0.054261,0.000166,1.458245,0.000625,1.458871,1.458871,1.458871,0.729435,0.729435,0,0,1,0,0.000000,0.080000,0.008000,0.001000,5.500000,0.100000,26.000000,0.035000,0.000000
8.069000,0.500000,0.640000,-2.884555,-0.000000,-2.884555,-0.462319,0.000000,0.462319,0.021103,-0.001660,0.030969,0.030969,0.009866,0.054427,0.056086,0.036986,0.020919,0.000079,0.054261,0.000166,1.458245,0.000000,1.458245,1.458245,1.458245,0.729123,0.729123,0,0,1,0,0.000000,0.080000,0.008000,0.001000,5.500000,0.100000,26.000000,0.035000,0.000000
8.074000,0.500000,0.640000,-2.886905,-0.000000,-2.886905,-0.462715,0.000000,0.462715,0.021087,-0.001659,0.030969,0.030969,0.009882,0.054518,0.056177,0.037017,0.020938,0.000079,0.054352,0.000166,1.460602,0.000634,1.461236,1.461236,1.461236,0.730618,0.730618,0,0,1,0,0.000000,0.080000,0.008000,0.001000,5.500000,0.100000,26.000000,0.035000,0.000000
8.083000,0.500000,0.640000,-2.891612,-0.000000,-2.891612,-0.463506,0.000000,0.463506,0.021070,-0.001660,0.030969,0.030969,0.009899,0.054610,0.056270,0.037080,0.020971,0.000088,0.054444,0.000166,1.463018,0.000361,1.463380,1.463380,1.463380,0.731690,0.731690,0,0,1,0,0.000000,0.080000,0.008000,0.001000,5.500000,0.100000,26.000000,0.035000,0.000000
8.088000,0.500000,0.640000,-2.893969,-0.000000,-2.893969,-0.463902,0.000000,0.463902,0.021070,-0.001660,0.030969,0.030969,0.009899,0.054610,0.056270,0.037112,0.020989,0.000079,0.054444,0.000166,1.463018,0.000000,1.463018,1.463018,1.463018,0.731509,0.731509,0,0,1,0,0.000000,0.080000,0.008000,0.001000,5.500000,0.100000,26.000000,0.035000,0.000000
8.093000,0.500000,0.640000,-2.896327,-0.000000,-2.896327,-0.464299,0.000000,0.464299,0.021053,-0.001662,0.030969,0.030969,0.009916,0.054702,0.056364,0.037144,0.021008,0.000079,0.054535,0.000166,1.465467,0.000659,1.466126,1.466126,1.466126,0.733063,0.733063,0,0,1,0,0.000000,0.080000,0.008000,0.001000,5.500000,0.100000,26.000000,0.035000,0.000000
8.098000,0.500000,0.640000,-2.898687,-0.000000,-2.898687,-0.464695,0.000000,0.464695,0.021053,-0.001662,0.030969,0.030969,0.009916,0.054702,0.056364,0.037176,0.021027,0.000079,0.054535,0.000166,1.465467,0.000000,1.465467,1.465467,1.465467,0.732733,0.732733,0,0,1,0,0.000000,0.080000,0.008000,0.001000,5.500000,0.100000,26.000000,0.035000,0.000000
8.103000,0.500000,0.640000,-2.901050,-0.000000,-2.901050,-0.465093,0.000000,0.465093,0.021036,-0.001667,0.030969,0.030969,0.009932,0.054795,0.056461,0.037207,0.021045,0.000079,0.054628,0.000167,1.467996,0.000681,1.468677,1.468677,1.468677,0.734339,0.734339,0,0,1,0,0.000000,0.080000,0.008000,0.001000,5.500000,0.100000,26.000000,0.035000,0.000000
8.108000,0.500000,0.640000,-2.903414,-0.000000,-2.903414,-0.465489,0.000000,0.465489,0.021036,-0.001667,0.030969,0.030969,0.009932,0.054795,0.056461,0.037239,0.021064,0.000079,0.054628,0.000167,1.467996,0.000000,1.467996,1.467996,1.467996,0.733998,0.733998,0,0,1,0,0.000000,0.080000,0.008000,0.001000,5.500000,0.100000,26.000000,0.035000,0.000000
8.113000,0.500000,0.640000,-2.905780,-0.000000,-2.905780,-0.465887,0.000000,0.465887,0.021019,-0.001672,0.030969,0.030969,0.009949,0.054889,0.056561,0.037271,0.021082,0.000079,0.054722,0.000167,1.470591,0.000699,1.471290,1.471290,1.471290,0.735645,0.735645,0,0,1,0,0.000000,0.080000,0.008000,0.001000,5.500000,0.100000,26.000000,0.035000,0.000000
8.122000,0.500000,0.640000,-2.910519,-0.000000,-2.910519,-0.466682,0.000000,0.466682,0.021002,-0.001679,0.030969,0.030969,0.009966,0.054983,0.056663,0.037335,0.021116,0.000088,0.054816,0.000168,1.473227,0.000394,1.473621,1.473621,1.473621,0.736810,0.736810,0,0,1,0,0.000000,0.080000,0.008000,0.001000,5.500000,0.100000,26.000000,0.035000,0.000000
8.127000,0.500000,0.640000,-2.912892,-0.000000,-2.912892,-0.467080,0.000000,0.467080,0.021002,-0.001679,0.030969,0.030969,0.009966,0.054983,0.056663,0.037366,0.021135,0.000080,0.054816,0.000168,1.473227,0.000000,1.473227,1.473227,1.473227,0.736613,0.736613,0,0,1,0,0.000000,0.080000,0.008000,0.001000,5.500000,0.100000,26.000000,0.035000,0.000000
8.132000,0.500000,0.640000,-2.915266,-0.000000,-2.915266,-0.467478,0.000000,0.467478,0.020985,-0.001685,0.030969,0.030969,0.009984,0.055078,0.056763,0.037398,0.021153,0.000080,0.054910,0.000168,1.475829,0.000701,1.476529,1.476529,1.476529,0.738265,0.738265,0,0,1,0,0.000000,0.080000,0.008000,0.001000,5.500000,0.100000,26.000000,0.035000,0.000000
8.137000,0.500000,0.640000,-2.917642,-0.000000,-2.917642,-0.467877,0.000000,0.467877,0.020985,-0.001685,0.030969,0.030969,0.009984,0.055078,0.056763,0.037430,0.021172,0.000080,0.054910,0.000168,1.475829,0.000000,1.475829,1.475829,1.475829,0.737914,0.737914,0,0,1,0,0.000000,0.080000,0.008000,0.001000,5.500000,0.100000,26.000000,0.035000,0.000000
8.142000,0.500000,0.640000,-2.920021,-0.000000,-2.920021,-0.468276,0.000000,0.468276,0.020968,-0.001690,0.030969,0.030969,0.010001,0.055173,0.056863,0.037462,0.021191,0.000080,0.055004,0.000169,1.478428,0.000700,1.479128,1.479128,1.479128,0.739564,0.739564,0,0,1,0,0.000000,0.080000,0.008000,0.001000,5.500000,0.100000,26.000000,0.035000,0.000000
8.147000,0.500000,0.640000,-2.922401,-0.000000,-2.922401,-0.468676,0.000000,0.468676,0.020968,-0.001690,0.030969,0.030969,0.010001,0.055173,0.056863,0.037494,0.021210,0.000080,0.055004,0.000169,1.478428,0.000000,1.478428,1.478428,1.478428,0.739214,0.739214,0,0,1,0,0.000000,0.080000,0.008000,0.001000,5.500000,0.100000,26.000000,0.035000,0.000000
8.152000,0.500000,0.640000,-2.924784,-0.000000,-2.924784,-0.469076,0.000000,0.469076,0.020951,-0.001694,0.030969,0.030969,0.010018,0.055268,0.056962,0.037526,0.021228,0.000080,0.055099,0.000169,1.481008,0.000694,1.481702,1.481702,1.481702,0.740851,0.740851,0,0,1,0,0.000000,0.080000,0.008000,0.001000,5.500000,0.100000,26.000000,0.035000,0.000000
8.157000,0.500000,0.640000,-2.927169,-0.000000,-2.927169,-0.469476,0.000000,0.469476,0.020951,-0.001694,0.030969,0.030969,0.010018,0.055268,0.056962,0.037558,0.021247,0.000080,0.055099,0.000169,1.481008,0.000000,1.481008,1.481008,1.481008,0.740504,0.740504,0,0,1,0,0.000000,0.080000,0.008000,0.001000,5.500000,0.100000,26.000000,0.035000,0.000000
8.162000,0.500000,0.640000,-2.929555,-0.000000,-2.929555,-0.469877,0.000000,0.469877,0.020934,-0.001697,0.030969,0.030969,0.010035,0.055363,0.057060,0.037590,0.021266,0.000080,0.055193,0.000170,1.483558,0.000687,1.484245,1.484245,1.484245,0.742123,0.742123,0,0,1,0,0.000000,0.080000,0.008000,0.001000,5.500000,0.100000,26.000000,0.035000,0.000000
8.167000,0.500000,0.640000,-2.931944,-0.000000,-2.931944,-0.470278,0.000000,0.470278,0.020934,-0.001697,0.030969,0.030969,0.010035,0.055363,0.057060,0.037622,0.021285,0.000080,0.055193,0.000170,1.483558,0.000000,1.483558,1.483558,1.483558,0.741779,0.741779,0,0,1,0,0.000000,0.080000,0.008000,0.001000,5.500000,0.100000,26.000000,0.035000,0.000000
8.172000,0.500000,0.640000,-2.934335,-0.000000,-2.934335,-0.470680,0.000000,0.470680,0.020916,-0.001700,0.030969,0.030969,0.010052,0.055457,0.057157,0.037654,0.021304,0.000080,0.055287,0.000170,1.486080,0.000679,1.486759,1.486759,1.486759,0.743380,0.743380,0,0,1,0,0.000000,0.080000,0.008000,0.001000,5.500000,0.100000,26.000000,0.035000,0.000000
8.181000,0.500000,0.640000,-2.939122,-0.000000,-2.939122,-0.471485,0.000000,0.471485,0.020899,-0.001701,0.030969,0.030969,0.010069,0.055552,0.057253,0.037719,0.021338,0.000089,0.055382,0.000170,1.488580,0.000374,1.488954,1.488954,1.488954,0.744477,0.744477,0,0,1,0,0.000000,0.080000,0.008000,0.001000,5.500000,0.100000,26.000000,0.035000,0.000000
8.186000,0.500000,0.640000,-2.941519,-0.000000,-2.941519,-0.471888,0.000000,0.471888,0.020899,-0.001701,0.030969,0.030969,0.010069,0.055552,0.057253,0.037751,0.021356,0.000081,0.055382,0.000170,1.488580,0.000000,1.488580,1.488580,1.488580,0.744290,0.744290,0,0,1,0,0.000000,0.080000,0.008000,0.001000,5.500000,0.100000,26.000000,0.035000,0.000000
8.191000,0.500000,0.640000,-2.943918,-0.000000,-2.943918,-0.472291,0.000000,0.472291,0.020882,-0.001701,0.030969,0.030969,0.010086,0.055646,0.057347,0.037783,0.021375,0.000081,0.055476,0.000170,1.491027,0.000659,1.491685,1.491685,1.491685,0.745843,0.745843,0,0,1,0,0.000000,0.080000,0.008000,0.001000,5.500000,0.100000,26.000000,0.035000,0.000000
8.196000,0.500000,0.640000,-2.946319,-0.000000,-2.946319,-0.472695,0.000000,0.472695,0.020882,-0.001701,0.030969,0.030969,0.010086,0.055646,0.057347,0.037816,0.021394,0.000081,0.055476,0.000170,1.491027,0.000000,1.491027,1.491027,1.491027,0.745513,0.745513,0,0,1,0,0.000000,0.080000,0.008000,0.001000,5.500000,0.100000,26.000000,0.035000,0.000000
8.201000,0.500000,0.640000,-2.948722,-0.000000,-2.948722,-0.473099,0.000000,0.473099,0.020865,-0.001702,0.030969,0.030969,0.010104,0.055740,0.057442,0.037848,0.021413,0.000081,0.055570,0.000170,1.493492,0.000664,1.494156,1.494156,1.494156,0.747078,0.747078,0,0,1,0,0.000000,0.080000,0.008000,0.001000,5.500000,0.100000,26.000000,0.035000,0.000000
8.206000,0.500000,0.640000,-2.951127,-0.000000,-2.951127,-0.473503,0.000000,0.473503,0.020865,-0.001702,0.030969,0.030969,0.010104,0.055740,0.057442,0.037880,0.021432,0.000081,0.055570,0.000170,1.493492,0.000000,1.493492,1.493492,1.493492,0.746746,0.746746,0,0,1,0,0.000000,0.080000,0.008000,0.001000,5.500000,0.100000,26.000000,0.035000,0.000000
8.211000,0.500000,0.640000,-2.953535,-0.000000,-2.953535,-0.473908,0.000000,0.473908,0.020848,-0.001704,0.030969,0.030969,0.010121,0.055834,0.057538,0.037913,0.021451,0.000081,0.055664,0.000170,1.495992,0.000673,1.496665,1.496665,1.496665,0.748332,0.748332,0,0,1,0,0.000000,0.080000,0.008000,0.001000,5.500000,0.100000,26.000000,0.035000,0.000000
8.216000,0.500000,0.640000,-2.955944,-0.000000,-2.955944,-0.474313,0.000000,0.474313,0.020848,-0.001704,0.030969,0.030969,0.010121,0.055834,0.057538,0.037945,0.021470,0.000081,0.055664,0.000170,1.495992,0.000000,1.495992,1.495992,1.495992,0.747996,0.747996,0,0,1,0,0.000000,0.080000,0.008000,0.001000,5.500000,0.100000,26.000000,0.035000,0.000000
8.221000,0.500000,0.640000,-2.955944,-0.000000,-2.955944,-0.474313,0.000000,0.474313,0.020831,-0.001707,0.030969,0.030969,0.010138,0.055929,0.057636,0.037945,0.021489,0.000000,0.055759,0.000171,1.498534,0.000684,1.499218,1.499218,1.499218,0.749609,0.749609,0,0,1,0,0.000000,0.080000,0.008000,0.001000,5.500000,0.100000,26.000000,0.035000,0.000000
8.230000,0.500000,0.640000,-2.960768,-0.000000,-2.960768,-0.475124,0.000000,0.475124,0.020813,-0.001710,0.030969,0.030969,0.010155,0.056025,0.057735,0.038010,0.021523,0.000090,0.055854,0.000171,1.501118,0.000386,1.501504,1.501504,1.501504,0.750752,0.750752,0,0,1,0,0.000000,0.080000,0.008000,0.001000,5.500000,0.100000,26.000000,0.035000,0.000000
8.235000,0.500000,0.640000,-2.963184,-0.000000,-2.963184,-0.475530,0.000000,0.475530,0.020813,-0.001710,0.030969,0.030969,0.010155,0.056025,0.057735,0.038042,0.021542,0.000081,0.055854,0.000171,1.501118,0.000000,1.501118,1.501118,1.501118,0.750559,0.750559,0,0,1,0,0.000000,0.080000,0.008000,0.001000,5.500000,0.100000,26.000000,0.035000,0.000000
8.240000,0.500000,0.640000,-2.965601,-0.000000,-2.965601,-0.475936,0.000000,0.475936,0.020813,-0.001710,0.030969,0.030969,0.010155,0.056025,0.057735,0.038075,0.021561,0.000081,0.055854,0.000171,1.501118,0.000000,1.501118,1.501118,1.501118,0.750559,0.750559,0,0,1,0,0.000000,0.080000,0.008000,0.001000,5.500000,0.100000,26.000000,0.035000,0.000000
8.245000,0.500000,0.640000,-2.968021,-0.000000,-2.968021,-0.476342,0.000000,0.476342,0.020796,-0.001714,0.030969,0.030969,0.010173,0.056120,0.057834,0.038107,0.021580,0.000081,0.055949,0.000171,1.503692,0.000693,1.504385,1.504385,1.504385,0.752193,0.752193,0,0,1,0,0.000000,0.080000,0.008000,0.001000,5.500000,0.100000,26.000000,0.035000,0.000000
8.250000,0.500000,0.640000,-2.970442,-0.000000,-2.970442,-0.476749,0.000000,0.476749,0.020796,-0.001714,0.030969,0.030969,0.010173,0.056120,0.057834,0.038140,0.021599,0.000081,0.055949,0.000171,1.503692,0.000000,1.503692,1.503692,1.503692,0.751846,0.751846,0,0,1,0,0.000000,0.080000,0.008000,0.001000,5.500000,0.100000,26.000000,0.035000,0.000000
8.255000,0.500000,0.640000,-2.972866,-0.000000,-2.972866,-0.477156,0.000000,0.477156,0.020779,-0.001718,0.030969,0.030969,0.010190,0.056216,0.057935,0.038172,0.021618,0.000081,0.056045,0.000172,1.506301,0.000702,1.507003,1.507003,1.507003,0.753502,0.753502,0,0,1,0,0.000000,0.080000,0.008000,0.001000,5.500000,0.100000,26.000000,0.035000,0.000000
8.260000,0.500000,0.640000,-2.975292,-0.000000,-2.975292,-0.477563,0.000000,0.477563,0.020779,-0.001718,0.030969,0.030969,0.010190,0.056216,0.057935,0.038205,0.021638,0.000081,0.056045,0.000172,1.506301,0.000000,1.506301,1.506301,1.506301,0.753150,0.753150,0,0,1,0,0.000000,0.080000,0.008000,0.001000,5.500000,0.100000,26.000000,0.035000,0.000000
8.265000,0.500000,0.640000,-2.977719,-0.000000,-2.977719,-0.477971,0.000000,0.477971,0.020761,-0.001723,0.030969,0.030969,0.010207,0.056313,0.058036,0.038238,0.021657,0.000082,0.056141,0.000172,1.508930,0.000708,1.509638,1.509638,1.509638,0.754819,0.754819,0,0,1,0,0.000000,0.080000,0.008000,0.001000,5.500000,0.100000,26.000000,0.035000,0.000000
8.270000,0.500000,0.640000,-2.980149,-0.000000,-2.980149,-0.478379,0.000000,0.478379,0.020761,-0.001723,0.030969,0.030969,0.010207,0.056313,0.058036,0.038270,0.021657,0.000082,0.056141,0.000172,1.508930,0.000000,1.508930,1.508930,1.508930,0.754465,0.754465,0,0,1,0,0.000000,0.080000,0.008000,0.001000,5.500000,0.100000,26.000000,0.035000,0.000000
8.279000,0.500000,0.640000,-2.985015,-0.000000,-2.985015,-0.479196,0.000000,0.479196,0.020744,-0.001727,0.030969,0.030969,0.010225,0.056410,0.058137,0.038336,0.021657,0.000091,0.056237,0.000173,1.511568,0.000394,1.511962,1.511962,1.511962,0.755981,0.755981,0,0,1,0,0.000000,0.080000,0.008000,0.001000,5.500000,0.100000,26.000000,0.035000,0.000000
8.284000,0.500000,0.640000,-2.987451,-0.000000,-2.987451,-0.479603,0.000000,0.479603,0.020726,-0.001742,0.030969,0.030969,0.010243,0.056509,0.058251,0.038368,0.021657,0.000082,0.056335,0.000174,1.514522,0.000795,1.515317,1.515317,1.515317,0.757658,0.757658,0,0,1,0,0.000000,0.080000,0.008000,0.001000,5.500000,0.100000,26.000000,0.035000,0.000000
8.289000,0.500000,0.640000,-2.989889,-0.000000,-2.989889,-0.480011,0.000000,0.480011,0.020726,-0.001742,0.030969,0.030969,0.010243,0.056509,0.058251,0.038401,0.021657,0.000082,0.056335,0.000174,1.514522,0.000000,1.514522,1.514522,1.514522,0.757261,0.757261,0,0,1,0,0.000000,0.080000,0.008000,0.001000,5.500000,0.100000,26.000000,0.035000,0.000000
8.294000,0.500000,0.640000,-2.992329,-0.000000,-2.992329,-0.480420,0.000000,0.480420,0.020708,-0.001751,0.030969,0.030969,0.010261,0.056609,0.058360,0.038434,0.021657,0.000082,0.056434,0.000175,1.517359,0.000764,1.518123,1.518123,1.518123,0.759062,0.759062,0,0,1,0,0.000000,0.080000,0.008000,0.001000,5.500000,0.100000,26.000000,0.035000,0.000000
8.299000,0.500000,0.640000,-2.994771,-0.000000,-2.994771,-0.480829,0.000000,0.480829,0.020708,-0.001751,0.030969,0.030969,0.010261,0.056609,0.058360,0.038466,0.021657,0.000082,0.056434,0.000175,1.517359,0.000000,1.517359,1.517359,1.517359,0.758680,0.758680,0,0,1,0,0.000000,0.080000,0.008000,0.001000,5.500000,0.100000,26.000000,0.035000,0.000000
8.304000,0.500000,0.640000,-2.997216,-0.000000,-2.997216,-0.481240,0.000000,0.481240,0.020690,-0.001755,0.030969,0.030969,0.010279,0.056708,0.058463,0.038499,0.021657,0.000082,0.056532,0.000176,1.520035,0.000720,1.520756,1.520756,1.520756,0.760378,0.760378,0,0,1,0,0.000000,0.080000,0.008000,0.001000,5.500000,0.100000,26.000000,0.035000,0.000000
8.309000,0.500000,0.640000,-2.999662,-0.000000,-2.999662,-0.481650,0.000000,0.481650,0.020690,-0.001755,0.030969,0.030969,0.010279,0.056708,0.058463,0.038532,0.021657,0.000082,0.056532,0.000176,1.520035,0.000000,1.520035,1.520035,1.520035,0.760018,0.760018,0,0,1,0,0.000000,0.080000,0.008000,0.001000,5.500000,0.100000,26.000000,0.035000,0.000000
8.314000,0.500000,0.640000,-3.002111,-0.000000,-3.002111,-0.482062,0.000000,0.482062,0.020672,-0.001755,0.030969,0.030969,0.010296,0.056805,0.058560,0.038565,0.021657,0.000082,0.056629,0.000175,1.522551,0.000677,1.523228,1.523228,1.523228,0.761614,0.761614,0,0,1,0,0.000000,0.080000,0.008000,0.001000,5.500000,0.100000,26.000000,0.035000,0.000000
8.323000,0.500000,0.640000,-3.007014,-0.000000,-3.007014,-0.482888,0.000000,0.482888,0.020655,-0.001751,0.030969,0.030969,0.010314,0.056901,0.058652,0.038631,0.021657,0.000092,0.056726,0.000175,1.524944,0.000358,1.525301,1.525301,1.525301,0.762651,0.762651,0,0,1,0,0.000000,0.080000,0.008000,0.001000,5.500000,0.100000,26.000000,0.035000,0.000000
8.328000,0.500000,0.640000,-3.009469,-0.000000,-3.009469,-0.483302,0.000000,0.483302,0.020655,-0.001751,0.030969,0.030969,0.010314,0.056901,0.058652,0.038664,0.021657,0.000083,0.056726,0.000175,1.524944,0.000000,1.524944,1.524944,1.524944,0.762472,0.762472,0,0,1,0,0.000000,0.080000,0.008000,0.001000,5.500000,0.100000,26.000000,0.035000,0.000000
8.333000,0.500000,0.640000,-3.011926,-0.000000,-3.011926,-0.483716,0.000000,0.483716,0.020638,-0.001745,0.030969,0.030969,0.010331,0.056995,0.058740,0.038697,0.021657,0.000083,0.056820,0.000174,1.527229,0.000615,1.527844,1.527844,1.527844,0.763922,0.763922,0,0,1,0,0.000000,0.080000,0.008000,0.001000,5.500000,0.100000,26.000000,0.035000,0.000000
8.338000,0.500000,0.640000,-3.014386,-0.000000,-3.014386,-0.484131,0.000000,0.484131,0.020638,-0.001745,0.030969,0.030969,0.010331,0.056995,0.058740,0.038730,0.021657,0.000083,0.056820,0.000174,1.527229,0.000000,1.527229,1.527229,1.527229,0.763615,0.763615,0,0,1,0,0.000000,0.080000,0.008000,0.001000,5.500000,0.100000,26.000000,0.035000,0.000000
8.343000,0.500000,0.640000,-3.016847,-0.000000,-3.016847,-0.484546,0.000000,0.484546,0.020621,-0.001739,0.030969,0.030969,0.010348,0.057089,0.058828,0.038764,0.021657,0.000083,0.056915,0.000174,1.529535,0.000621,1.530156,1.530156,1.530156,0.765078,0.765078,0,0,1,0,0.000000,0.080000,0.008000,0.001000,5.500000,0.100000,26.000000,0.035000,0.000000
8.348000,0.500000,0.640000,-3.019310,-0.000000,-3.019310,-0.484961,0.000000,0.484961,0.020621,-0.001739,0.030969,0.030969,0.010348,0.057089,0.058828,0.038797,0.021657,0.000083,0.056915,0.000174,1.529535,0.000000,1.529535,1.529535,1.529535,0.764767,0.764767,0,0,1,0,0.000000,0.080000,0.008000,0.001000,5.500000,0.100000,26.000000,0.035000,0.000000
8.353000,0.500000,0.640000,-3.021776,-0.000000,-3.021776,-0.485376,0.000000,0.485376,0.020603,-0.001736,0.030969,0.030969,0.010365,0.057184,0.058920,0.038830,0.021657,0.000083,0.057010,0.000174,1.531924,0.000643,1.532568,1.532568,1.532568,0.766284,0.766284,0,0,1,0,0.000000,0.080000,0.008000,0.001000,5.500000,0.100000,26.000000,0.035000,0.000000
8.358000,0.500000,0.640000,-3.024243,-0.000000,-3.024243,-0.485792,0.000000,0.485792,0.020603,-0.001736,0.030969,0.030969,0.010365,0.057184,0.058920,0.038863,0.021657,0.000083,0.057010,0.000174,1.531924,0.000000,1.531924,1.531924,1.531924,0.765962,0.765962,0,0,1,0,0.000000,0.080000,0.008000,0.001000,5.500000,0.100000,26.000000,0.035000,0.000000
8.363000,0.500000,0.640000,-3.026713,-0.000000,-3.026713,-0.486207,0.000000,0.486207,0.020586,-0.001737,0.030969,0.030969,0.010383,0.057279,0.059017,0.038897,0.021657,0.000083,0.057106,0.000174,1.534438,0.000677,1.535115,1.535115,1.535115,0.767557,0.767557,0,0,1,0,0.000000,0.080000,0.008000,0.001000,5.500000,0.100000,26.000000,0.035000,0.000000
8.368000,0.500000,0.640000,-3.029185,-0.000000,-3.029185,-0.486623,0.000000,0.486623,0.020586,-0.001737,0.030969,0.030969,0.010383,0.057279,0.059017,0.038930,0.021657,0.000083,0.057106,0.000174,1.534438,0.000000,1.534438,1.534438,1.534438,0.767219,0.767219,0,0,1,0,0.000000,0.080000,0.008000,0.001000,5.500000,0.100000,26.000000,0.035000,0.000000
8.373000,0.500000,0.640000,-3.031659,-0.000000,-3.031659,-0.487039,0.000000,0.487039,0.020568,-0.001742,0.030969,0.030969,0.010400,0.057377,0.059119,0.038963,0.021657,0.000083,0.057202,0.000174,1.537086,0.000713,1.537799,1.537799,1.537799,0.768899,0.768899,0,0,1,0,0.000000,0.080000,0.008000,0.001000,5.500000,0.100000,26.000000,0.035000,0.000000
8.382000,0.500000,0.640000,-3.036613,-0.000000,-3.036613,-0.487870,0.000000,0.487870,0.020550,-0.001750,0.030969,0.030969,0.010418,0.057475,0.059225,0.039030,0.021657,0.000092,0.057300,0.000175,1.539848,0.000413,1.540261,1.540261,1.540261,0.770131,0.770131,0,0,1,0,0.000000,0.080000,0.008000,0.001000,5.500000,0.100000,26.000000,0.035000,0.000000
8.387000,0.500000,0.640000,-3.039093,-0.000000,-3.039093,-0.488286,0.000000,0.488286,0.020550,-0.001750,0.030969,0.030969,0.010418,0.057475,0.059225,0.039063,0.021657,0.000083,0.057300,0.000175,1.539848,0.000000,1.539848,1.539848,1.539848,0.769924,0.769924,0,0,1,0,0.000000,0.080000,0.008000,0.001000,5.500000,0.100000,26.000000,0.035000,0.000000
8.392000,0.500000,0.640000,-3.041575,-0.000000,-3.041575,-0.488703,0.000000,0.488703,0.020533,-0.001758,0.030969,0.030969,0.010436,0.057575,0.059332,0.039096,0.021657,0.000083,0.057399,0.000176,1.542640,0.000752,1.543392,1.543392,1.543392,0.771696,0.771696,0,0,1,0,0.000000,0.080000,0.008000,0.001000,5.500000,0.100000,26.000000,0.035000,0.000000
8.397000,0.500000,0.640000,-3.044059,-0.000000,-3.044059,-0.489119,0.000000,0.489119,0.020533,-0.001758,0.030969,0.030969,0.010436,0.057575,0.059332,0.039130,0.021657,0.000083,0.057399,0.000176,1.542640,0.000000,1.542640,1.542640,1.542640,0.771320,0.771320,0,0,1,0,0.000000,0.080000,0.008000,0.001000,5.500000,0.100000,26.000000,0.035000,0.000000
8.402000,0.500000,0.640000,-3.046546,-0.000000,-3.046546,-0.489537,0.000000,0.489537,0.020515,-0.001766,0.030969,0.030969,0.010454,0.057675,0.059441,0.039163,0.021657,0.000083,0.057498,0.000177,1.545470,0.000762,1.546232,1.546232,1.546232,0.773116,0.773116,0,0,1,0,0.000000,0.080000,0.008000,0.001000,5.500000,0.100000,26.000000,0.035000,0.000000
8.407000,0.500000,0.640000,-3.049034,-0.000000,-3.049034,-0.489954,0.000000,0.489954,0.020515,-0.001766,0.030969,0.030969,0.010454,0.057675,0.059441,0.039196,0.021657,0.000083,0.057498,0.000177,1.545470,0.000000,1.545470,1.545470,1.545470,0.772735,0.772735,0,0,1,0,0.000000,0.080000,0.008000,0.001000,5.500000,0.100000,26.000000,0.035000,0.000000
8.412000,0.500000,0.640000,-3.051525,-0.000000,-3.051525,-0.490371,0.000000,0.490371,0.020496,-0.001774,0.030969,0.030969,0.010472,0.057775,0.059550,0.039230,0.021657,0.000084,0.057598,0.000177,1.548290,0.000759,1.549049,1.549049,1.549049,0.774525,0.774525,0,0,1,0,0.000000,0.080000,0.008000,0.001000,5.500000,0.100000,26.000000,0.035000,0.000000
8.417000,0.500000,0.640000,-3.054018,-0.000000,-3.054018,-0.490789,0.000000,0.490789,0.020496,-0.001774,0.030969,0.030969,0.010472,0.057775,0.059550,0.039263,0.021657,0.000084,0.057598,0.000177,1.548290,0.000000,1.548290,1.548290,1.548290,0.774145,0.774145,0,0,1,0,0.000000,0.080000,0.008000,0.001000,5.500000,0.100000,26.000000,0.035000,0.000000
8.422000,0.500000,0.640000,-3.056513,-0.000000,-3.056513,-0.491208,0.000000,0.491208,0.020478,-0.001780,0.030969,0.030969,0.010491,0.057876,0.059656,0.039297,0.021657,0.000084,0.057698,0.000178,1.551064,0.000747,1.551810,1.551810,1.551810,0.775905,0.775905,0,0,1,0,0.000000,0.080000,0.008000,0.001000,5.500000,0.100000,26.000000,0.035000,0.000000
8.427000,0.500000,0.640000,-3.059010,-0.000000,-3.059010,-0.491627,0.000000,0.491627,0.020478,-0.001780,0.030969,0.030969,0.010491,0.057876,0.059656,0.039330,0.021657,0.000084,0.057698,0.000178,1.551064,0.000000,1.551064,1.551064,1.551064,0.775532,0.775532,0,0,1,0,0.000000,0.080000,0.008000,0.001000,5.500000,0.100000,26.000000,0.035000,0.000000
8.432000,0.500000,0.640000,-3.061509,-0.000000,-3.061509,-0.492047,0.000000,0.492047,0.020460,-0.001785,0.030969,0.030969,0.010509,0.057976,0.059760,0.039364,0.021657,0.000084,0.057797,0.000178,1.553769,0.000728,1.554497,1.554497,1.554497,0.777249,0.777249,0,0,1,0,0.000000,0.080000,0.008000,0.001000,5.500000,0.100000,26.000000,0.035000,0.000000
8.441000,0.500000,0.640000,-3.066514,-0.000000,-3.066514,-0.492888,0.000000,0.492888,0.020442,-0.001786,0.030969,0.030969,0.010527,0.058075,0.059862,0.039431,0.021657,0.000093,0.057897,0.000179,1.556402,0.000394,1.556796,1.556796,1.556796,0.778398,0.778398,0,0,1,0,0.000000,0.080000,0.008000,0.001000,5.500000,0.100000,26.000000,0.035000,0.000000
8.446000,0.500000,0.640000,-3.069020,-0.000000,-3.069020,-0.493309,0.000000,0.493309,0.020442,-0.001786,0.030969,0.030969,0.010527,0.058075,0.059862,0.039465,0.021657,0.000084,0.057897,0.000179,1.556402,0.000000,1.556402,1.556402,1.556402,0.778201,0.778201,0,0,1,0,0.000000,0.080000,0.008000,0.001000,5.500000,0.100000,26.000000,0.035000,0.000000
8.451000,0.500000,0.640000,-3.071528,-0.000000,-3.071528,-0.493732,0.000000,0.493732,0.020424,-0.001785,0.030969,0.030969,0.010545,0.058174,0.059959,0.039499,0.021657,0.000084,0.057995,0.000179,1.558931,0.000681,1.559612,1.559612,1.559612,0.779806,0.779806,0,0,1,0,0.000000,0.080000,0.008000,0.001000,5.500000,0.100000,26.000000,0.035000,0.000000
8.456000,0.500000,0.640000,-3.074038,-0.000000,-3.074038,-0.494154,0.000000,0.494154,0.020424,-0.001785,0.030969,0.030969,0.010545,0.058174,0.059959,0.039532,0.021657,0.000084,0.057995,0.000179,1.558931,0.000000,1.558931,1.558931,1.558931,0.779466,0.779466,0,0,1,0,0.000000,0.080000,0.008000,0.001000,5.500000,0.100000,26.000000,0.035000,0.000000
8.461000,0.500000,0.640000,-3.076550,-0.000000,-3.076550,-0.494577,0.000000,0.494577,0.020406,-0.001784,0.030969,0.030969,0.010562,0.058272,0.060056,0.039566,0.021657,0.000085,0.058093,0.000178,1.561445,0.000677,1.562122,1.562122,1.562122,0.781061,0.781061,0,0,1,0,0.000000,0.080000,0.008000,0.001000,5.500000,0.100000,26.000000,0.035000,0.000000
8.466000,0.500000,0.640000,-3.079064,-0.000000,-3.079064,-0.495000,0.000000,0.495000,0.020406,-0.001784,0.030969,0.030969,0.010562,0.058272,0.060056,0.039600,0.021657,0.000085,0.058093,0.000178,1.561445,0.000000,1.561445,1.561445,1.561445,0.780722,0.780722,0,0,1,0,0.000000,0.080000,0.008000,0.001000,5.500000,0.100000,26.000000,0.035000,0.000000
8.471000,0.500000,0.640000,-3.081581,-0.000000,-3.081581,-0.495424,0.000000,0.495424,0.020388,-0.001783,0.030969,0.030969,0.010580,0.058370,0.060153,0.039634,0.021657,0.000085,0.058191,0.000178,1.563976,0.000682,1.564658,1.564658,1.564658,0.782329,0.782329,0,0,1,0,0.000000,0.080000,0.008000,0.001000,5.500000,0.100000,26.000000,0.035000,0.000000
8.476000,0.500000,0.640000,-3.084100,-0.000000,-3.084100,-0.495847,0.000000,0.495847,0.020388,-0.001783,0.030969,0.030969,0.010580,0.058370,0.060153,0.039668,0.021657,0.000085,0.058191,0.000178,1.563976,0.000000,1.563976,1.563976,1.563976,0.781988,0.781988,0,0,1,0,0.000000,0.080000,0.008000,0.001000,5.500000,0.100000,26.000000,0.035000,0.000000
8.481000,0.500000,0.640000,-3.084100,-0.000000,-3.084100,-0.495847,0.000000,0.495847,0.020371,-0.001784,0.030969,0.030969,0.010598,0.058468,0.060252,0.039668,0.021657,0.000000,0.058290,0.000178,1.566555,0.000694,1.567249,1.567249,1.567249,0.783625,0.783625,0,0,1,0,0.000000,0.080000,0.008000,0.001000,5.500000,0.100000,26.000000,0.035000,0.000000
8.490000,0.500000,0.640000,-3.089143,-0.000000,-3.089143,-0.496695,0.000000,0.496695,0.020353,-0.001786,0.030969,0.030969,0.010616,0.058567,0.060354,0.039736,0.021657,0.000094,0.058389,0.000179,1.569197,0.000395,1.569592,1.569592,1.569592,0.784796,0.784796,0,0,1,0,0.000000,0.080000,0.008000,0.001000,5.500000,0.100000,26.000000,0.035000,0.000000
8.495000,0.500000,0.640000,-3.091668,-0.000000,-3.091668,-0.497120,0.000000,0.497120,0.020353,-0.001786,0.030969,0.030969,0.010616,0.058567,0.060354,0.039770,0.021657,0.000085,0.058389,0.000179,1.569197,0.000000,1.569197,1.569197,1.569197,0.784598,0.784598,0,0,1,0,0.000000,0.080000,0.008000,0.001000,5.500000,0.100000,26.000000,0.035000,0.000000
8.500000,0.500000,0.640000,-3.094196,-0.000000,-3.094196,-0.497545,0.000000,0.497545,0.020335,-0.001789,0.030969,0.030969,0.010634,0.058667,0.060456,0.039804,0.021657,0.000085,0.058488,0.000179,1.571861,0.000717,1.572578,1.572578,1.572578,0.786289,0.786289,0,0,1,0,0.000000,0.080000,0.008000,0.001000,5.500000,0.100000,26.000000,0.035000,0.000000
8.505000,0.500000,0.640000,-3.096725,-0.000000,-3.096725,-0.497971,0.000000,0.497971,0.020335,-0.001789,0.030969,0.030969,0.010634,0.058667,0.060456,0.039838,0.021657,0.000085,0.058488,0.000179,1.571861,0.000000,1.571861,1.571861,1.571861,0.785930,0.785930,0,0,1,0,0.000000,0.080000,0.008000,0.001000,5.500000,0.100000,26.000000,0.035000,0.000000
8.510000,0.500000,0.640000,-3.099257,-0.000000,-3.099257,-0.498396,0.000000,0.498396,0.020335,-0.001789,0.030969,0.030969,0.010634,0.058667,0.060456,0.039872,0.021657,0.000085,0.058488,0.000179,1.571861,0.000000,1.571861,1.571861,1.571861,0.785930,0.785930,0,0,1,0,0.000000,0.080000,0.008000,0.001000,5.500000,0.100000,26.000000,0.035000,0.000000
8.515000,0.500000,0.640000,-3.101790,-0.000000,-3.101790,-0.498821,0.000000,0.498821,0.020316,-0.001796,0.030969,0.030969,0.010652,0.058768,0.060564,0.039906,0.021657,0.000085,0.058588,0.000180,1.574663,0.000754,1.575417,1.575417,1.575417,0.787708,0.787708,0,0,1,0,0.000000,0.080000,0.008000,0.001000,5.500000,0.100000,26.000000,0.035000,0.000000
8.520000,0.500000,0.640000,-3.104326,-0.000000,-3.104326,-0.499246,0.000000,0.499246,0.020316,-0.001796,0.030969,0.030969,0.010652,0.058768,0.060564,0.039940,0.021657,0.000085,0.058588,0.000180,1.574663,0.000000,1.574663,1.574663,1.574663,0.787331,0.787331,0,0,1,0,0.000000,0.080000,0.008000,0.001000,5.500000,0.100000,26.000000,0.035000,0.000000
8.525000,0.500000,0.640000,-3.106864,-0.000000,-3.106864,-0.499672,0.000000,0.499672,0.020298,-0.001804,0.030969,0.030969,0.010671,0.058869,0.060673,0.039974,0.021657,0.000085,0.058689,0.000180,1.577502,0.000764,1.578266,1.578266,1.578266,0.789133,0.789133,0,0,1,0,0.000000,0.080000,0.008000,0.001000,5.500000,0.100000,26.000000,0.035000,0.000000
8.530000,0.500000,0.640000,-3.109404,-0.000000,-3.109404,-0.500098,0.000000,0.500098,0.020298,-0.001804,0.030969,0.030969,0.010671,0.058869,0.060673,0.040008,0.021657,0.000085,0.058689,0.000180,1.577502,0.000000,1.577502,1.577502,1.577502,0.788751,0.788751,0,0,1,0,0.000000,0.080000,0.008000,0.001000,5.500000,0.100000,26.000000,0.035000,0.000000
8.535000,0.500000,0.640000,-3.111946,-0.000000,-3.111946,-0.500525,0.000000,0.500525,0.020280,-0.001810,0.030969,0.030969,0.010689,0.058972,0.060782,0.040042,0.021657,0.000085,0.058791,0.000181,1.580333,0.000762,1.581096,1.581096,1.581096,0.790548,0.790548,0,0,1,0,0.000000,0.080000,0.008000,0.001000,5.500000,0.100000,26.000000,0.035000,0.000000
8.544000,0.500000,0.640000,-3.117037,-0.000000,-3.117037,-0.501380,0.000000,0.501380,0.020261,-0.001816,0.030969,0.030969,0.010708,0.059074,0.060890,0.040110,0.021657,0.000095,0.058892,0.000182,1.583129,0.000418,1.583548,1.583548,1.583548,0.791774,0.791774,0,0,1,0,0.000000,0.080000,0.008000,0.001000,5.500000,0.100000,26.000000,0.035000,0.000000
8.549000,0.500000,0.640000,-3.119586,-0.000000,-3.119586,-0.501808,0.000000,0.501808,0.020261,-0.001816,0.030969,0.030969,0.010708,0.059074,0.060890,0.040145,0.021657,0.000086,0.058892,0.000182,1.583129,0.000000,1.583129,1.583129,1.583129,0.791565,0.791565,0,0,1,0,0.000000,0.080000,0.008000,0.001000,5.500000,0.100000,26.000000,0.035000,0.000000
8.554000,0.500000,0.640000,-3.122137,-0.000000,-3.122137,-0.502237,0.000000,0.502237,0.020243,-0.001818,0.030969,0.030969,0.010726,0.059175,0.060993,0.040179,0.021657,0.000086,0.058993,0.000182,1.585827,0.000726,1.586553,1.586553,1.586553,0.793276,0.793276,0,0,1,0,0.000000,0.080000,0.008000,0.001000,5.500000,0.100000,26.000000,0.035000,0.000000
8.559000,0.500000,0.640000,-3.124691,-0.000000,-3.124691,-0.502666,0.000000,0.502666,0.020243,-0.001818,0.030969,0.030969,0.010726,0.059175,0.060993,0.040213,0.021657,0.000086,0.058993,0.000182,1.585827,0.000000,1.585827,1.585827,1.585827,0.792913,0.792913,0,0,1,0,0.000000,0.080000,0.008000,0.001000,5.500000,0.100000,26.000000,0.035000,0.000000
8.564000,0.500000,0.640000,-3.127246,-0.000000,-3.127246,-0.503096,0.000000,0.503096,0.020224,-0.001820,0.030969,0.030969,0.010744,0.059276,0.061096,0.040248,0.021657,0.000086,0.059094,0.000182,1.588488,0.000716,1.589204,1.589204,1.589204,0.794602,0.794602,0,0,1,0,0.000000,0.080000,0.008000,0.001000,5.500000,0.100000,26.000000,0.035000,0.000000
8.569000,0.500000,0.640000,-3.129804,-0.000000,-3.129804,-0.503525,0.000000,0.503525,0.020224,-0.001820,0.030969,0.030969,0.010744,0.059276,0.061096,0.040282,0.021657,0.000086,0.059094,0.000182,1.588488,0.000000,1.588488,1.588488,1.588488,0.794244,0.794244,0,0,1,0,0.000000,0.080000,0.008000,0.001000,5.500000,0.100000,26.000000,0.035000,0.000000
8.574000,0.500000,0.640000,-3.132363,-0.000000,-3.132363,-0.503956,0.000000,0.503956,0.020206,-0.001820,0.030969,0.030969,0.010763,0.059377,0.061197,0.040316,0.021657,0.000086,0.059195,0.000182,1.591127,0.000711,1.591838,1.591838,1.591838,0.795919,0.795919,0,0,1,0,0.000000,0.080000,0.008000,0.001000,5.500000,0.100000,26.000000,0.035000,0.000000
8.583000,0.500000,0.640000,-3.137490,-0.000000,-3.137490,-0.504818,0.000000,0.504818,0.020188,-0.001821,0.030969,0.030969,0.010781,0.059477,0.061299,0.040385,0.021657,0.000096,0.059295,0.000182,1.593764,0.000394,1.594159,1.594159,1.594159,0.797079,0.797079,0,0,1,0,0.000000,0.080000,0.008000,0.001000,5.500000,0.100000,26.000000,0.035000,0.000000
8.588000,0.500000,0.640000,-3.140056,-0.000000,-3.140056,-0.505250,0.000000,0.505250,0.020188,-0.001821,0.030969,0.030969,0.010781,0.059477,0.061299,0.040420,0.021657,0.000086,0.059295,0.000182,1.593764,0.000000,1.593764,1.593764,1.593764,0.796882,0.796882,0,0,1,0,0.000000,0.080000,0.008000,0.001000,5.500000,0.100000,26.000000,0.035000,0.000000
8.593000,0.500000,0.640000,-3.142625,-0.000000,-3.142625,-0.505683,0.000000,0.505683,0.020170,-0.001821,0.030969,0.030969,0.010799,0.059578,0.061399,0.040455,0.021657,0.000086,0.059396,0.000182,1.596374,0.000703,1.597077,1.597077,1.597077,0.798538,0.798538,0,0,1,0,0.000000,0.080000,0.008000,0.001000,5.500000,0.100000,26.000000,0.035000,0.000000
8.598000,0.500000,0.640000,-3.145195,-0.000000,-3.145195,-0.506115,0.000000,0.506115,0.020170,-0.001821,0.030969,0.030969,0.010799,0.059578,0.061399,0.040489,0.021657,0.000086,0.059396,0.000182,1.596374,0.000000,1.596374,1.596374,1.596374,0.798187,0.798187,0,0,1,0,0.000000,0.080000,0.008000,0.001000,5.500000,0.100000,26.000000,0.035000,0.000000
8.603000,0.500000,0.640000,-3.147768,-0.000000,-3.147768,-0.506548,0.000000,0.506548,0.020151,-0.001823,0.030969,0.030969,0.010818,0.059679,0.061501,0.040524,0.021657,0.000087,0.059496,0.000182,1.599032,0.000715,1.599747,1.599747,1.599747,0.799873,0.799873,0,0,1,0,0.000000,0.080000,0.008000,0.001000,5.500000,0.100000,26.000000,0.035000,0.000000
8.608000,0.500000,0.640000,-3.150344,-0.000000,-3.150344,-0.506981,0.000000,0.506981,0.020151,-0.001823,0.030969,0.030969,0.010818,0.059679,0.061501,0.040558,0.021657,0.000087,0.059496,0.000182,1.599032,0.000000,1.599032,1.599032,1.599032,0.799516,0.799516,0,0,1,0,0.000000,0.080000,0.008000,0.001000,5.500000,0.100000,26.000000,0.035000,0.000000
8.613000,0.500000,0.640000,-3.152921,-0.000000,-3.152921,-0.507414,0.000000,0.507414,0.020133,-0.001825,0.030969,0.030969,0.010836,0.059780,0.061606,0.040593,0.021657,0.000087,0.059598,0.000183,1.601746,0.000731,1.602476,1.602476,1.602476,0.801238,0.801238,0,0,1,0,0.000000,0.080000,0.008000,0.001000,5.500000,0.100000,26.000000,0.035000,0.000000
8.618000,0.500000,0.640000,-3.155500,-0.000000,-3.155500,-0.507848,0.000000,0.507848,0.020133,-0.001825,0.030969,0.030969,0.010836,0.059780,0.061606,0.040628,0.021657,0.000087,0.059598,0.000183,1.601746,0.000000,1.601746,1.601746,1.601746,0.800873,0.800873,0,0,1,0,0.000000,0.080000,0.008000,0.001000,5.500000,0.100000,26.000000,0.035000,0.000000
8.623000,0.500000,0.640000,-3.158082,-0.000000,-3.158082,-0.508282,0.000000,0.508282,0.020114,-0.001830,0.030969,0.030969,0.010854,0.059882,0.061712,0.040663,0.021657,0.000087,0.059699,0.000183,1.604516,0.000746,1.605261,1.605261,1.605261,0.802631,0.802631,0,0,1,0,0.000000,0.080000,0.008000,0.001000,5.500000,0.100000,26.000000,0.035000,0.000000
8.632000,0.500000,0.640000,-3.163252,-0.000000,-3.163252,-0.509150,0.000000,0.509150,0.020096,-0.001835,0.030969,0.030969,0.010873,0.059985,0.061820,0.040732,0.021657,0.000096,0.059802,0.000184,1.607329,0.000421,1.607750,1.607750,1.607750,0.803875,0.803875,0,0,1,0,0.000000,0.080000,0.008000,0.001000,5.500000,0.100000,26.000000,0.035000,0.000000
8.637000,0.500000,0.640000,-3.165841,-0.000000,-3.165841,-0.509585,0.000000,0.509585,0.020096,-0.001835,0.030969,0.030969,0.010873,0.059985,0.061820,0.040767,0.021657,0.000087,0.059802,0.000184,1.607329,0.000000,1.607329,1.607329,1.607329,0.803665,0.803665,0,0,1,0,0.000000,0.080000,0.008000,0.001000,5.500000,0.100000,26.000000,0.035000,0.000000
8.642000,0.500000,0.640000,-3.168431,-0.000000,-3.168431,-0.510020,0.000000,0.510020,0.020077,-0.001840,0.030969,0.030969,0.010892,0.060088,0.061928,0.040802,0.021657,0.000087,0.059904,0.000184,1.610121,0.000752,1.610872,1.610872,1.610872,0.805436,0.805436,0,0,1,0,0.000000,0.080000,0.008000,0.001000,5.500000,0.100000,26.000000,0.035000,0.000000
8.647000,0.500000,0.640000,-3.171024,-0.000000,-3.171024,-0.510455,0.000000,0.510455,0.020077,-0.001840,0.030969,0.030969,0.010892,0.060088,0.061928,0.040836,0.021657,0.000087,0.059904,0.000184,1.610121,0.000000,1.610121,1.610121,1.610121,0.805060,0.805060,0,0,1,0,0.000000,0.080000,0.008000,0.001000,5.500000,0.100000,26.000000,0.035000,0.000000
8.652000,0.500000,0.640000,-3.173619,-0.000000,-3.173619,-0.510891,0.000000,0.510891,0.020058,-0.001844,0.030969,0.030969,0.010910,0.060191,0.062036,0.040871,0.021657,0.000087,0.060007,0.000184,1.612932,0.000757,1.613689,1.613689,1.613689,0.806844,0.806844,0,0,1,0,0.000000,0.080000,0.008000,0.001000,5.500000,0.100000,26.000000,0.035000,0.000000
8.657000,0.500000,0.640000,-3.176216,-0.000000,-3.176216,-0.511327,0.000000,0.511327,0.020058,-0.001844,0.030969,0.030969,0.010910,0.060191,0.062036,0.040906,0.021657,0.000087,0.060007,0.000184,1.612932,0.000000,1.612932,1.612932,1.612932,0.806466,0.806466,0,0,1,0,0.000000,0.080000,0.008000,0.001000,5.500000,0.100000,26.000000,0.035000,0.000000
8.662000,0.500000,0.640000,-3.178816,-0.000000,-3.178816,-0.511764,0.000000,0.511764,0.020040,-0.001849,0.030969,0.030969,0.010929,0.060295,0.062144,0.040941,0.021657,0.000087,0.060110,0.000185,1.615747,0.000758,1.616505,1.616505,1.616505,0.808252,0.808252,0,0,1,0,0.000000,0.080000,0.008000,0.001000,5.500000,0.100000,26.000000,0.035000,0.000000
8.667000,0.500000,0.640000,-3.181417,-0.000000,-3.181417,-0.512201,0.000000,0.512201,0.020040,-0.001849,0.030969,0.030969,0.010929,0.060295,0.062144,0.040976,0.021657,0.000087,0.060110,0.000185,1.615747,0.000000,1.615747,1.615747,1.615747,0.807873,0.807873,0,0,1,0,0.000000,0.080000,0.008000,0.001000,5.500000,0.100000,26.000000,0.035000,0.000000
8.676000,0.500000,0.640000,-3.186627,-0.000000,-3.186627,-0.513076,0.000000,0.513076,0.020021,-0.001853,0.030969,0.030969,0.010948,0.060399,0.062252,0.041046,0.021657,0.000097,0.060213,0.000185,1.618554,0.000420,1.618974,1.618974,1.618974,0.809487,0.809487,0,0,1,0,0.000000,0.080000,0.008000,0.001000,5.500000,0.100000,26.000000,0.035000,0.000000
8.681000,0.500000,0.640000,-3.189235,-0.000000,-3.189235,-0.513513,0.000000,0.513513,0.020002,-0.001868,0.030969,0.030969,0.010967,0.060504,0.062373,0.041081,0.021657,0.000087,0.060318,0.000187,1.621687,0.000844,1.622530,1.622530,1.622530,0.811265,0.811265,0,0,1,0,0.000000,0.080000,0.008000,0.001000,5.500000,0.100000,26.000000,0.035000,0.000000
8.686000,0.500000,0.640000,-3.191846,-0.000000,-3.191846,-0.513950,0.000000,0.513950,0.020002,-0.001868,0.030969,0.030969,0.010967,0.060504,0.062373,0.041116,0.021657,0.000087,0.060318,0.000187,1.621687,0.000000,1.621687,1.621687,1.621687,0.810843,0.810843,0,0,1,0,0.000000,0.080000,0.008000,0.001000,5.500000,0.100000,26.000000,0.035000,0.000000
8.691000,0.500000,0.640000,-3.194458,-0.000000,-3.194458,-0.514388,0.000000,0.514388,0.019983,-0.001877,0.030969,0.030969,0.010986,0.060611,0.062488,0.041151,0.021657,0.000088,0.060424,0.000188,1.624693,0.000809,1.625502,1.625502,1.625502,0.812751,0.812751,0,0,1,0,0.000000,0.080000,0.008000,0.001000,5.500000,0.100000,26.000000,0.035000,0.000000
8.696000,0.500000,0.640000,-3.197073,-0.000000,-3.197073,-0.514826,0.000000,0.514826,0.019983,-0.001877,0.030969,0.030969,0.010986,0.060611,0.062488,0.041186,0.021657,0.000088,0.060424,0.000188,1.624693,0.000000,1.624693,1.624693,1.624693,0.812347,0.812347,0,0,1,0,0.000000,0.080000,0.008000,0.001000,5.500000,0.100000,26.000000,0.035000,0.000000
8.701000,0.500000,0.640000,-3.199691,-0.000000,-3.199691,-0.515266,0.000000,0.515266,0.019963,-0.001880,0.030969,0.030969,0.011005,0.060717,0.062597,0.041221,0.021657,0.000088,0.060529,0.000188,1.627531,0.000764,1.628295,1.628295,1.628295,0.814147,0.814147,0,0,1,0,0.000000,0.080000,0.008000,0.001000,5.500000,0.100000,26.000000,0.035000,0.000000
8.706000,0.500000,0.640000,-3.202310,-0.000000,-3.202310,-0.515706,0.000000,0.515706,0.019963,-0.001880,0.030969,0.030969,0.011005,0.060717,0.062597,0.041256,0.021657,0.000088,0.060529,0.000188,1.627531,0.000000,1.627531,1.627531,1.627531,0.813765,0.813765,0,0,1,0,0.000000,0.080000,0.008000,0.001000,5.500000,0.100000,26.000000,0.035000,0.000000
8.711000,0.500000,0.640000,-3.204932,-0.000000,-3.204932,-0.516148,0.000000,0.516148,0.019945,-0.001879,0.030969,0.030969,0.011024,0.060821,0.062700,0.041292,0.021657,0.000088,0.060633,0.000188,1.630208,0.000721,1.630929,1.630929,1.630929,0.815465,0.815465,0,0,1,0,0.000000,0.080000,0.008000,0.001000,5.500000,0.100000,26.000000,0.035000,0.000000
8.716000,0.500000,0.640000,-3.204932,-0.000000,-3.204932,-0.516148,0.000000,0.516148,0.019945,-0.001879,0.030969,0.030969,0.011024,0.060821,0.062700,0.041292,0.021657,0.000000,0.060633,0.000188,1.630208,0.000000,1.630208,1.630208,1.630208,0.815104,0.815104,0,0,1,0,0.000000,0.080000,0.008000,0.001000,5.500000,0.100000,26.000000,0.035000,0.000000
8.725000,0.500000,0.640000,-3.210182,-0.000000,-3.210182,-0.517032,0.000000,0.517032,0.019926,-0.001875,0.030969,0.030969,0.011043,0.060923,0.062799,0.041363,0.021657,0.000098,0.060736,0.000188,1.632767,0.000383,1.633150,1.633150,1.633150,0.816575,0.816575,0,0,1,0,0.000000,0.080000,0.008000,0.001000,5.500000,0.100000,26.000000,0.035000,0.000000
8.730000,0.500000,0.640000,-3.212811,-0.000000,-3.212811,-0.517475,0.000000,0.517475,0.019907,-0.001880,0.030969,0.030969,0.011062,0.061027,0.062907,0.041398,0.021657,0.000089,0.060839,0.000188,1.635583,0.000758,1.636341,1.636341,1.636341,0.818170,0.818170,0,0,1,0,0.000000,0.080000,0.008000,0.001000,5.500000,0.100000,26.000000,0.035000,0.000000
8.735000,0.500000,0.640000,-3.215441,-0.000000,-3.215441,-0.517917,0.000000,0.517917,0.019907,-0.001880,0.030969,0.030969,0.011062,0.061027,0.062907,0.041433,0.021657,0.000088,0.060839,0.000188,1.635583,0.000000,1.635583,1.635583,1.635583,0.817791,0.817791,0,0,1,0,0.000000,0.080000,0.008000,0.001000,5.500000,0.100000,26.000000,0.035000,0.000000
8.740000,0.500000,0.640000,-3.218074,-0.000000,-3.218074,-0.518359,0.000000,0.518359,0.019907,-0.001880,0.030969,0.030969,0.011062,0.061027,0.062907,0.041469,0.021657,0.000088,0.060839,0.000188,1.635583,0.000000,1.635583,1.635583,1.635583,0.817791,0.817791,0,0,1,0,0.000000,0.080000,0.008000,0.001000,5.500000,0.100000,26.000000,0.035000,0.000000
8.745000,0.500000,0.640000,-3.220709,-0.000000,-3.220709,-0.518803,0.000000,0.518803,0.019888,-0.001881,0.030969,0.030969,0.011081,0.061131,0.063012,0.041504,0.021657,0.000089,0.060943,0.000188,1.638314,0.000735,1.639050,1.639050,1.639050,0.819525,0.819525,0,0,1,0,0.000000,0.080000,0.008000,0.001000,5.500000,0.100000,26.000000,0.035000,0.000000
8.750000,0.500000,0.640000,-3.223347,-0.000000,-3.223347,-0.519246,0.000000,0.519246,0.019888,-0.001881,0.030969,0.030969,0.011081,0.061131,0.063012,0.041540,0.021657,0.000089,0.060943,0.000188,1.638314,0.000000,1.638314,1.638314,1.638314,0.819157,0.819157,0,0,1,0,0.000000,0.080000,0.008000,0.001000,5.500000,0.100000,26.000000,0.035000,0.000000
8.755000,0.500000,0.640000,-3.225987,-0.000000,-3.225987,-0.519691,0.000000,0.519691,0.019869,-0.001880,0.030969,0.030969,0.011099,0.061235,0.063115,0.041575,0.021657,0.000089,0.061047,0.000188,1.640981,0.000718,1.641699,1.641699,1.641699,0.820849,0.820849,0,0,1,0,0.000000,0.080000,0.008000,0.001000,5.500000,0.100000,26.000000,0.035000,0.000000
8.760000,0.500000,0.640000,-3.228629,-0.000000,-3.228629,-0.520135,0.000000,0.520135,0.019869,-0.001880,0.030969,0.030969,0.011099,0.061235,0.063115,0.041611,0.021657,0.000089,0.061047,0.000188,1.640981,0.000000,1.640981,1.640981,1.640981,0.820490,0.820490,0,0,1,0,0.000000,0.080000,0.008000,0.001000,5.500000,0.100000,26.000000,0.035000,0.000000
8.765000,0.500000,0.640000,-3.231273,-0.000000,-3.231273,-0.520581,0.000000,0.520581,0.019850,-0.001878,0.030969,0.030969,0.011118,0.061338,0.063216,0.041646,0.021657,0.000089,0.061150,0.000188,1.643621,0.000711,1.644332,1.644332,1.644332,0.822166,0.822166,0,0,1,0,0.000000,0.080000,0.008000,0.001000,5.500000,0.100000,26.000000,0.035000,0.000000
8.770000,0.500000,0.640000,-3.233920,-0.000000,-3.233920,-0.521026,0.000000,0.521026,0.019850,-0.001878,0.030969,0.030969,0.011118,0.061338,0.063216,0.041682,0.021657,0.000089,0.061150,0.000188,1.643621,0.000000,1.643621,1.643621,1.643621,0.821811,0.821811,0,0,1,0,0.000000,0.080000,0.008000,0.001000,5.500000,0.100000,26.000000,0.035000,0.000000
8.775000,0.500000,0.640000,-3.236568,-0.000000,-3.236568,-0.521473,0.000000,0.521473,0.019832,-0.001877,0.030969,0.030969,0.011137,0.061441,0.063318,0.041718,0.021657,0.000089,0.061254,0.000188,1.646275,0.000715,1.646990,1.646990,1.646990,0.823495,0.823495,0,0,1,0,0.000000,0.080000,0.008000,0.001000,5.500000,0.100000,26.000000,0.035000,0.000000
8.784000,0.500000,0.640000,-3.241873,-0.000000,-3.241873,-0.522365,0.000000,0.522365,0.019813,-0.001877,0.030969,0.030969,0.011156,0.061545,0.063422,0.041789,0.021657,0.000099,0.061357,0.000188,1.648976,0.000404,1.649380,1.649380,1.649380,0.824690,0.824690,0,0,1,0,0.000000,0.080000,0.008000,0.001000,5.500000,0.100000,26.000000,0.035000,0.000000
8.789000,0.500000,0.640000,-3.244529,-0.000000,-3.244529,-0.522812,0.000000,0.522812,0.019813,-0.001877,0.030969,0.030969,0.011156,0.061545,0.063422,0.041825,0.021657,0.000089,0.061357,0.000188,1.648976,0.000000,1.648976,1.648976,1.648976,0.824488,0.824488,0,0,1,0,0.000000,0.080000,0.008000,0.001000,5.500000,0.100000,26.000000,0.035000,0.000000
8.794000,0.500000,0.640000,-3.247186,-0.000000,-3.247186,-0.523260,0.000000,0.523260,0.019794,-0.001878,0.030969,0.030969,0.011175,0.061649,0.063527,0.041861,0.021657,0.000090,0.061461,0.000188,1.651700,0.000733,1.652434,1.652434,1.652434,0.826217,0.826217,0,0,1,0,0.000000,0.080000,0.008000,0.001000,5.500000,0.100000,26.000000,0.035000,0.000000
8.799000,0.500000,0.640000,-3.249847,-0.000000,-3.249847,-0.523707,0.000000,0.523707,0.019794,-0.001878,0.030969,0.030969,0.011175,0.061649,0.063527,0.041897,0.021657,0.000089,0.061461,0.000188,1.651700,0.000000,1.651700,1.651700,1.651700,0.825850,0.825850,0,0,1,0,0.000000,0.080000,0.008000,0.001000,5.500000,0.100000,26.000000,0.035000,0.000000
8.804000,0.500000,0.640000,-3.252509,-0.000000,-3.252509,-0.524155,0.000000,0.524155,0.019775,-0.001882,0.030969,0.030969,0.011194,0.061753,0.063635,0.041932,0.021657,0.000090,0.061565,0.000188,1.654512,0.000757,1.655269,1.655269,1.655269,0.827635,0.827635,0,0,1,0,0.000000,0.080000,0.008000,0.001000,5.500000,0.100000,26.000000,0.035000,0.000000
8.809000,0.500000,0.640000,-3.255174,-0.000000,-3.255174,-0.524603,0.000000,0.524603,0.019775,-0.001882,0.030969,0.030969,0.011194,0.061753,0.063635,0.041968,0.021657,0.000090,0.061565,0.000188,1.654512,0.000000,1.654512,1.654512,1.654512,0.827256,0.827256,0,0,1,0,0.000000,0.080000,0.008000,0.001000,5.500000,0.100000,26.000000,0.035000,0.000000
8.814000,0.500000,0.640000,-3.257841,-0.000000,-3.257841,-0.525051,0.000000,0.525051,0.019756,-0.001887,0.030969,0.030969,0.011213,0.061859,0.063746,0.042004,0.021657,0.000090,0.061670,0.000189,1.657404,0.000779,1.658183,1.658183,1.658183,0.829091,0.829091,0,0,1,0,0.000000,0.080000,0.008000,0.001000,5.500000,0.100000,26.000000,0.035000,0.000000
8.823000,0.500000,0.640000,-3.263181,-0.000000,-3.263181,-0.525948,0.000000,0.525948,0.019737,-0.001894,0.030969,0.030969,0.011232,0.061966,0.063860,0.042076,0.021657,0.000100,0.061776,0.000189,1.660354,0.000441,1.660796,1.660796,1.660796,0.830398,0.830398,0,0,1,0,0.000000,0.080000,0.008000,0.001000,5.500000,0.100000,26.000000,0.035000,0.000000
8.828000,0.500000,0.640000,-3.265855,-0.000000,-3.265855,-0.526397,0.000000,0.526397,0.019737,-0.001894,0.030969,0.030969,0.011232,0.061966,0.063860,0.042112,0.021657,0.000090,0.061776,0.000189,1.660354,0.000000,1.660354,1.660354,1.660354,0.830177,0.830177,0,0,1,0,0.000000,0.080000,0.008000,0.001000,5.500000,0.100000,26.000000,0.035000,0.000000
8.833000,0.500000,0.640000,-3.268531,-0.000000,-3.268531,-0.526847,0.000000,0.526847,0.019717,-0.001900,0.030969,0.030969,0.011251,0.062072,0.063972,0.042148,0.021657,0.000090,0.061882,0.000190,1.663284,0.000789,1.664073,1.664073,1.664073,0.832036,0.832036,0,0,1,0,0.000000,0.080000,0.008000,0.001000,5.500000,0.100000,26.000000,0.035000,0.000000
8.838000,0.500000,0.640000,-3.271209,-0.000000,-3.271209,-0.527296,0.000000,0.527296,0.019717,-0.001900,0.030969,0.030969,0.011251,0.062072,0.063972,0.042184,0.021657,0.000090,0.061882,0.000190,1.663284,0.000000,1.663284,1.663284,1.663284,0.831642,0.831642,0,0,1,0,0.000000,0.080000,0.008000,0.001000,5.500000,0.100000,26.000000,0.035000,0.000000
8.843000,0.500000,0.640000,-3.273890,-0.000000,-3.273890,-0.527747,0.000000,0.527747,0.019698,-0.001906,0.030969,0.030969,0.011271,0.062179,0.064086,0.042220,0.021657,0.000090,0.061989,0.000191,1.666226,0.000792,1.667018,1.667018,1.667018,0.833509,0.833509,0,0,1,0,0.000000,0.080000,0.008000,0.001000,5.500000,0.100000,26.000000,0.035000,0.000000
8.848000,0.500000,0.640000,-3.276573,-0.000000,-3.276573,-0.528197,0.000000,0.528197,0.019698,-0.001906,0.030969,0.030969,0.011271,0.062179,0.064086,0.042256,0.021657,0.000090,0.061989,0.000191,1.666226,0.000000,1.666226,1.666226,1.666226,0.833113,0.833113,0,0,1,0,0.000000,0.080000,0.008000,0.001000,5.500000,0.100000,26.000000,0.035000,0.000000
8.853000,0.500000,0.640000,-3.279258,-0.000000,-3.279258,-0.528648,0.000000,0.528648,0.019679,-0.001912,0.030969,0.030969,0.011290,0.062287,0.064198,0.042292,0.021657,0.000090,0.062095,0.000191,1.669157,0.000789,1.669946,1.669946,1.669946,0.834973,0.834973,0,0,1,0,0.000000,0.080000,0.008000,0.001000,5.500000,0.100000,26.000000,0.035000,0.000000
8.858000,0.500000,0.640000,-3.281945,-0.000000,-3.281945,-0.529099,0.000000,0.529099,0.019679,-0.001912,0.030969,0.030969,0.011290,0.062287,0.064198,0.042328,0.021657,0.000090,0.062095,0.000191,1.669157,0.000000,1.669157,1.669157,1.669157,0.834579,0.834579,0,0,1,0,0.000000,0.080000,0.008000,0.001000,5.500000,0.100000,26.000000,0.035000,0.000000
8.867000,0.500000,0.640000,-3.287327,-0.000000,-3.287327,-0.530003,0.000000,0.530003,0.019659,-0.001916,0.030969,0.030969,0.011310,0.062394,0.064310,0.042400,0.021657,0.000100,0.062202,0.000192,1.672061,0.000434,1.672495,1.672495,1.672495,0.836248,0.836248,0,0,1,0,0.000000,0.080000,0.008000,0.001000,5.500000,0.100000,26.000000,0.035000,0.000000
8.872000,0.500000,0.640000,-3.290022,-0.000000,-3.290022,-0.530455,0.000000,0.530455,0.019640,-0.001931,0.030969,0.030969,0.011329,0.062503,0.064434,0.042436,0.021657,0.000090,0.062310,0.000193,1.675285,0.000868,1.676154,1.676154,1.676154,0.838077,0.838077,0,0,1,0,0.000000,0.080000,0.008000,0.001000,5.500000,0.100000,26.000000,0.035000,0.000000
8.877000,0.500000,0.640000,-3.292718,-0.000000,-3.292718,-0.530906,0.000000,0.530906,0.019640,-0.001931,0.030969,0.030969,0.011329,0.062503,0.064434,0.042472,0.021657,0.000090,0.062310,0.000193,1.675285,0.000000,1.675285,1.675285,1.675285,0.837643,0.837643,0,0,1,0,0.000000,0.080000,0.008000,0.001000,5.500000,0.100000,26.000000,0.035000,0.000000
8.882000,0.500000,0.640000,-3.295417,-0.000000,-3.295417,-0.531359,0.000000,0.531359,0.019620,-0.001939,0.030969,0.030969,0.011349,0.062613,0.064553,0.042509,0.021657,0.000091,0.062420,0.000194,1.678366,0.000829,1.679196,1.679196,1.679196,0.839598,0.839598,0,0,1,0,0.000000,0.080000,0.008000,0.001000,5.500000,0.100000,26.000000,0.035000,0.000000
8.887000,0.500000,0.640000,-3.298118,-0.000000,-3.298118,-0.531812,0.000000,0.531812,0.019620,-0.001939,0.030969,0.030969,0.011349,0.062613,0.064553,0.042545,0.021657,0.000091,0.062420,0.000194,1.678366,0.000000,1.678366,1.678366,1.678366,0.839183,0.839183,0,0,1,0,0.000000,0.080000,0.008000,0.001000,5.500000,0.100000,26.000000,0.035000,0.000000
8.892000,0.500000,0.640000,-3.300822,-0.000000,-3.300822,-0.532267,0.000000,0.532267,0.019600,-0.001942,0.030969,0.030969,0.011369,0.062722,0.064664,0.042581,0.021657,0.000091,0.062528,0.000194,1.681267,0.000781,1.682048,1.682048,1.682048,0.841024,0.841024,0,0,1,0,0.000000,0.080000,0.008000,0.001000,5.500000,0.100000,26.000000,0.035000,0.000000
8.897000,0.500000,0.640000,-3.303528,-0.000000,-3.303528,-0.532722,0.000000,0.532722,0.019600,-0.001942,0.030969,0.030969,0.011369,0.062722,0.064664,0.042618,0.021657,0.000091,0.062528,0.000194,1.681267,0.000000,1.681267,1.681267,1.681267,0.840634,0.840634,0,0,1,0,0.000000,0.080000,0.008000,0.001000,5.500000,0.100000,26.000000,0.035000,0.000000
8.902000,0.500000,0.640000,-3.306236,-0.000000,-3.306236,-0.533178,0.000000,0.533178,0.019581,-0.001940,0.030969,0.030969,0.011388,0.062829,0.064769,0.042654,0.021657,0.000091,0.062635,0.000194,1.684004,0.000737,1.684741,1.684741,1.684741,0.842371,0.842371,0,0,1,0,0.000000,0.080000,0.008000,0.001000,5.500000,0.100000,26.000000,0.035000,0.000000
8.907000,0.500000,0.640000,-3.308946,-0.000000,-3.308946,-0.533634,0.000000,0.533634,0.019581,-0.001940,0.030969,0.030969,0.011388,0.062829,0.064769,0.042691,0.021657,0.000091,0.062635,0.000194,1.684004,0.000000,1.684004,1.684004,1.684004,0.842002,0.842002,0,0,1,0,0.000000,0.080000,0.008000,0.001000,5.500000,0.100000,26.000000,0.035000,0.000000
8.912000,0.500000,0.640000,-3.311659,-0.000000,-3.311659,-0.534091,0.000000,0.534091,0.019561,-0.001935,0.030969,0.030969,0.011408,0.062935,0.064870,0.042727,0.021657,0.000092,0.062741,0.000194,1.686626,0.000706,1.687332,1.687332,1.687332,0.843666,0.843666,0,0,1,0,0.000000,0.080000,0.008000,0.001000,5.500000,0.100000,26.000000,0.035000,0.000000
8.917000,0.500000,0.640000,-3.314375,-0.000000,-3.314375,-0.534549,0.000000,0.534549,0.019561,-0.001935,0.030969,0.030969,0.011408,0.062935,0.064870,0.042764,0.021657,0.000092,0.062741,0.000194,1.686626,0.000000,1.686626,1.686626,1.686626,0.843313,0.843313,0,0,1,0,0.000000,0.080000,0.008000,0.001000,5.500000,0.100000,26.000000,0.035000,0.000000
8.926000,0.500000,0.640000,-3.319812,-0.000000,-3.319812,-0.535466,0.000000,0.535466,0.019542,-0.001930,0.030969,0.030969,0.011427,0.063040,0.064969,0.042837,0.021657,0.000102,0.062847,0.000193,1.689203,0.000385,1.689588,1.689588,1.689588,0.844794,0.844794,0,0,1,0,0.000000,0.080000,0.008000,0.001000,5.500000,0.100000,26.000000,0.035000,0.000000
8.931000,0.500000,0.640000,-3.322535,-0.000000,-3.322535,-0.535924,0.000000,0.535924,0.019523,-0.001935,0.030969,0.030969,0.011446,0.063146,0.065082,0.042874,0.021657,0.000092,0.062953,0.000194,1.692122,0.000786,1.692907,1.692907,1.692907,0.846454,0.846454,0,0,1,0,0.000000,0.080000,0.008000,0.001000,5.500000,0.100000,26.000000,0.035000,0.000000
8.936000,0.500000,0.640000,-3.325259,-0.000000,-3.325259,-0.536381,0.000000,0.536381,0.019523,-0.001935,0.030969,0.030969,0.011446,0.063146,0.065082,0.042911,0.021657,0.000092,0.062953,0.000194,1.692122,0.000000,1.692122,1.692122,1.692122,0.846061,0.846061,0,0,1,0,0.000000,0.080000,0.008000,0.001000,5.500000,0.100000,26.000000,0.035000,0.000000
8.941000,0.500000,0.640000,-3.327986,-0.000000,-3.327986,-0.536840,0.000000,0.536840,0.019503,-0.001939,0.030969,0.030969,0.011466,0.063254,0.065193,0.042947,0.021657,0.000092,0.063061,0.000194,1.695028,0.000782,1.695811,1.695811,1.695811,0.847905,0.847905,0,0,1,0,0.000000,0.080000,0.008000,0.001000,5.500000,0.100000,26.000000,0.035000,0.000000
8.946000,0.500000,0.640000,-3.330715,-0.000000,-3.330715,-0.537299,0.000000,0.537299,0.019503,-0.001939,0.030969,0.030969,0.011466,0.063254,0.065193,0.042984,0.021657,0.000092,0.063061,0.000194,1.695028,0.000000,1.695028,1.695028,1.695028,0.847514,0.847514,0,0,1,0,0.000000,0.080000,0.008000,0.001000,5.500000,0.100000,26.000000,0.035000,0.000000
8.951000,0.500000,0.640000,-3.333446,-0.000000,-3.333446,-0.537758,0.000000,0.537758,0.019484,-0.001942,0.030969,0.030969,0.011485,0.063363,0.065304,0.043021,0.021657,0.000092,0.063168,0.000194,1.697917,0.000778,1.698694,1.698694,1.698694,0.849347,0.849347,0,0,1,0,0.000000,0.080000,0.008000,0.001000,5.500000,0.100000,26.000000,0.035000,0.000000
8.956000,0.500000,0.640000,-3.336180,-0.000000,-3.336180,-0.538218,0.000000,0.538218,0.019484,-0.001942,0.030969,0.030969,0.011485,0.063363,0.065304,0.043057,0.021657,0.000092,0.063168,0.000194,1.697917,0.000000,1.697917,1.697917,1.697917,0.848958,0.848958,0,0,1,0,0.000000,0.080000,0.008000,0.001000,5.500000,0.100000,26.000000,0.035000,0.000000
8.961000,0.500000,0.640000,-3.336180,-0.000000,-3.336180,-0.538218,0.000000,0.538218,0.019464,-0.001944,0.030969,0.030969,0.011505,0.063471,0.065415,0.043057,0.021657,0.000000,0.063276,0.000194,1.700794,0.000775,1.701568,1.701568,1.701568,0.850784,0.850784,0,0,1,0,0.000000,0.080000,0.008000,0.001000,5.500000,0.100000,26.000000,0.035000,0.000000
8.966000,0.500000,0.640000,-3.341655,-0.000000,-3.341655,-0.539138,0.000000,0.539138,0.019464,-0.001944,0.030969,0.030969,0.011505,0.063471,0.065415,0.043131,0.021657,0.000184,0.063276,0.000194,1.700794,0.000000,1.700794,1.700794,1.700794,0.850397,0.850397,0,0,1,0,0.000000,0.080000,0.008000,0.001000,5.500000,0.100000,26.000000,0.035000,0.000000
8.975000,0.500000,0.640000,-3.344396,-0.000000,-3.344396,-0.539600,0.000000,0.539600,0.019444,-0.001947,0.030969,0.030969,0.011524,0.063579,0.065526,0.043168,0.021657,0.000051,0.063384,0.000195,1.703667,0.000430,1.704097,1.704097,1.704097,0.852049,0.852049,0,0,1,0,0.000000,0.080000,0.008000,0.001000,5.500000,0.100000,26.000000,0.035000,0.000000
8.980000,0.500000,0.640000,-3.347139,-0.000000,-3.347139,-0.540061,0.000000,0.540061,0.019424,-0.001960,0.030969,0.030969,0.011544,0.063689,0.065650,0.043205,0.021657,0.000092,0.063493,0.000196,1.706897,0.000870,1.707766,1.707766,1.707766,0.853883,0.853883,0,0,1,0,0.000000,0.080000,0.008000,0.001000,5.500000,0.100000,26.000000,0.035000,0.000000
8.985000,0.500000,0.640000,-3.349885,-0.000000,-3.349885,-0.540521,0.000000,0.540521,0.019424,-0.001960,0.030969,0.030969,0.011544,0.063689,0.065650,0.043242,0.021657,0.000092,0.063493,0.000196,1.706897,0.000000,1.706897,1.706897,1.706897,0.853448,0.853448,0,0,1,0,0.000000,0.080000,0.008000,0.001000,5.500000,0.100000,26.000000,0.035000,0.000000
8.990000,0.500000,0.640000,-3.352632,-0.000000,-3.352632,-0.540981,0.000000,0.540981,0.019424,-0.001960,0.030969,0.030969,0.011544,0.063689,0.065650,0.043279,0.021657,0.000092,0.063493,0.000196,1.706897,0.000000,1.706897,1.706897,1.706897,0.853448,0.853448,0,0,1,0,0.000000,0.080000,0.008000,0.001000,5.500000,0.100000,26.000000,0.035000,0.000000
8.995000,0.500000,0.640000,-3.355382,-0.000000,-3.355382,-0.541443,0.000000,0.541443,0.019404,-0.001969,0.030969,0.030969,0.011564,0.063801,0.065770,0.043315,0.021657,0.000092,0.063604,0.000197,1.710029,0.000843,1.710872,1.710872,1.710872,0.855436,0.855436,0,0,1,0,0.000000,0.080000,0.008000,0.001000,5.500000,0.100000,26.000000,0.035000,0.000000
9.000000,0.500000,0.640000,-3.358135,-0.000000,-3.358135,-0.541905,0.000000,0.541905,0.019404,-0.001969,0.030969,0.030969,0.011564,0.063801,0.065770,0.043352,0.021657,0.000092,0.063604,0.000197,1.710029,0.000000,1.710029,1.710029,1.710029,0.855014,0.855014,0,0,1,0,0.000000,0.080000,0.008000,0.001000,5.500000,0.100000,26.000000,0.035000,0.000000
9.005000,0.500000,0.640000,-3.360890,-0.000000,-3.360890,-0.542368,0.000000,0.542368,0.019384,-0.001973,0.030969,0.030969,0.011585,0.063912,0.065885,0.043389,0.021657,0.000093,0.063715,0.000197,1.713023,0.000806,1.713829,1.713829,1.713829,0.856914,0.856914,0,0,1,0,0.000000,0.080000,0.008000,0.001000,5.500000,0.100000,26.000000,0.035000,0.000000
9.010000,0.500000,0.640000,-3.363647,-0.000000,-3.363647,-0.542831,0.000000,0.542831,0.019384,-0.001973,0.030969,0.030969,0.011585,0.063912,0.065885,0.043426,0.021657,0.000093,0.063715,0.000197,1.713023,0.000000,1.713023,1.713023,1.713023,0.856511,0.856511,0,0,1,0,0.000000,0.080000,0.008000,0.001000,5.500000,0.100000,26.000000,0.035000,0.000000
9.019000,0.500000,0.640000,-3.369169,-0.000000,-3.369169,-0.543760,0.000000,0.543760,0.019364,-0.001974,0.030969,0.030969,0.011604,0.064022,0.065995,0.043501,0.021657,0.000103,0.063824,0.000197,1.715881,0.000428,1.716309,1.716309,1.716309,0.858154,0.858154,0,0,1,0,0.000000,0.080000,0.008000,0.001000,5.500000,0.100000,26.000000,0.035000,0.000000
9.024000,0.500000,0.640000,-3.371933,-0.000000,-3.371933,-0.544224,0.000000,0.544224,0.019344,-0.001983,0.030969,0.030969,0.011624,0.064132,0.066115,0.043538,0.021657,0.000093,0.063934,0.000198,1.718984,0.000835,1.719820,1.719820,1.719820,0.859910,0.859910,0,0,1,0,0.000000,0.080000,0.008000,0.001000,5.500000,0.100000,26.000000,0.035000,0.000000
9.029000,0.500000,0.640000,-3.374699,-0.000000,-3.374699,-0.544689,0.000000,0.544689,0.019344,-0.001983,0.030969,0.030969,0.011624,0.064132,0.066115,0.043575,0.021657,0.000093,0.063934,0.000198,1.718984,0.000000,1.718984,1.718984,1.718984,0.859492,0.859492,0,0,1,0,0.000000,0.080000,0.008000,0.001000,5.500000,0.100000,26.000000,0.035000,0.000000
9.034000,0.500000,0.640000,-3.377469,-0.000000,-3.377469,-0.545155,0.000000,0.545155,0.019324,-0.001985,0.030969,0.030969,0.011644,0.064243,0.066228,0.043612,0.021657,0.000093,0.064045,0.000198,1.721925,0.000792,1.722716,1.722716,1.722716,0.861358,0.861358,0,0,1,0,0.000000,0.080000,0.008000,0.001000,5.500000,0.100000,26.000000,0.035000,0.000000
9.039000,0.500000,0.640000,-3.380240,-0.000000,-3.380240,-0.545621,0.000000,0.545621,0.019324,-0.001985,0.030969,0.030969,0.011644,0.064243,0.066228,0.043650,0.021657,0.000093,0.064045,0.000198,1.721925,0.000000,1.721925,1.721925,1.721925,0.860962,0.860962,0,0,1,0,0.000000,0.080000,0.008000,0.001000,5.500000,0.100000,26.000000,0.035000,0.000000
9.044000,0.500000,0.640000,-3.383014,-0.000000,-3.383014,-0.546088,0.000000,0.546088,0.019304,-0.001983,0.030969,0.030969,0.011664,0.064352,0.066335,0.043687,0.021657,0.000093,0.064154,0.000198,1.724715,0.000751,1.725467,1.725467,1.725467,0.862733,0.862733,0,0,1,0,0.000000,0.080000,0.008000,0.001000,5.500000,0.100000,26.000000,0.035000,0.000000
9.049000,0.500000,0.640000,-3.385790,-0.000000,-3.385790,-0.546555,0.000000,0.546555,0.019304,-0.001983,0.030969,0.030969,0.011664,0.064352,0.066335,0.043724,0.021657,0.000093,0.064154,0.000198,1.724715,0.000000,1.724715,1.724715,1.724715,0.862358,0.862358,0,0,1,0,0.000000,0.080000,0.008000,0.001000,5.500000,0.100000,26.000000,0.035000,0.000000
9.054000,0.500000,0.640000,-3.388569,-0.000000,-3.388569,-0.547024,0.000000,0.547024,0.019285,-0.001978,0.030969,0.030969,0.011684,0.064460,0.066439,0.043762,0.021657,0.000094,0.064263,0.000198,1.727409,0.000725,1.728134,1.728134,1.728134,0.864067,0.864067,0,0,1,0,0.000000,0.080000,0.008000,0.001000,5.500000,0.100000,26.000000,0.035000,0.000000
9.059000,0.500000,0.640000,-3.391350,-0.000000,-3.391350,-0.547493,0.000000,0.547493,0.019285,-0.001978,0.030969,0.030969,0.011684,0.064460,0.066439,0.043799,0.021657,0.000094,0.064263,0.000198,1.727409,0.000000,1.727409,1.727409,1.727409,0.863704,0.863704,0,0,1,0,0.000000,0.080000,0.008000,0.001000,5.500000,0.100000,26.000000,0.035000,0.000000
9.068000,0.500000,0.640000,-3.396919,-0.000000,-3.396919,-0.548432,0.000000,0.548432,0.019265,-0.001973,0.030969,0.030969,0.011704,0.064568,0.066541,0.043875,0.021657,0.000104,0.064370,0.000197,1.730073,0.000398,1.730471,1.730471,1.730471,0.865235,0.865235,0,0,1,0,0.000000,0.080000,0.008000,0.001000,5.500000,0.100000,26.000000,0.035000,0.000000
9.073000,0.500000,0.640000,-3.399707,-0.000000,-3.399707,-0.548900,0.000000,0.548900,0.019245,-0.001980,0.030969,0.030969,0.011723,0.064677,0.066658,0.043912,0.021657,0.000094,0.064479,0.000198,1.733099,0.000815,1.733914,1.733914,1.733914,0.866957,0.866957,0,0,1,0,0.000000,0.080000,0.008000,0.001000,5.500000,0.100000,26.000000,0.035000,0.000000
9.078000,0.500000,0.640000,-3.402498,-0.000000,-3.402498,-0.549369,0.000000,0.549369,0.019245,-0.001980,0.030969,0.030969,0.011723,0.064677,0.066658,0.043950,0.021657,0.000094,0.064479,0.000198,1.733099,0.000000,1.733099,1.733099,1.733099,0.866549,0.866549,0,0,1,0,0.000000,0.080000,0.008000,0.001000,5.500000,0.100000,26.000000,0.035000,0.000000
9.083000,0.500000,0.640000,-3.405291,-0.000000,-3.405291,-0.549839,0.000000,0.549839,0.019225,-0.001985,0.030969,0.030969,0.011744,0.064788,0.066774,0.043987,0.021657,0.000094,0.064590,0.000199,1.736113,0.000811,1.736924,1.736924,1.736924,0.868462,0.868462,0,0,1,0,0.000000,0.080000,0.008000,0.001000,5.500000,0.100000,26.000000,0.035000,0.000000
9.088000,0.500000,0.640000,-3.408086,-0.000000,-3.408086,-0.550308,0.000000,0.550308,0.019225,-0.001985,0.030969,0.030969,0.011744,0.064788,0.066774,0.044025,0.021657,0.000094,0.064590,0.000199,1.736113,0.000000,1.736113,1.736113,1.736113,0.868056,0.868056,0,0,1,0,0.000000,0.080000,0.008000,0.001000,5.500000,0.100000,26.000000,0.035000,0.000000
9.093000,0.500000,0.640000,-3.410883,-0.000000,-3.410883,-0.550779,0.000000,0.550779,0.019205,-0.001989,0.030969,0.030969,0.011764,0.064900,0.066888,0.044062,0.021657,0.000094,0.064701,0.000199,1.739101,0.000804,1.739905,1.739905,1.739905,0.869952,0.869952,0,0,1,0,0.000000,0.080000,0.008000,0.001000,5.500000,0.100000,26.000000,0.035000,0.000000
9.098000,0.500000,0.640000,-3.413683,-0.000000,-3.413683,-0.551250,0.000000,0.551250,0.019205,-0.001989,0.030969,0.030969,0.011764,0.064900,0.066888,0.044100,0.021657,0.000094,0.064701,0.000199,1.739101,0.000000,1.739101,1.739101,1.739101,0.869550,0.869550,0,0,1,0,0.000000,0.080000,0.008000,0.001000,5.500000,0.100000,26.000000,0.035000,0.000000
9.103000,0.500000,0.640000,-3.416486,-0.000000,-3.416486,-0.551721,0.000000,0.551721,0.019185,-0.001992,0.030969,0.030969,0.011784,0.065010,0.067002,0.044138,0.021657,0.000094,0.064811,0.000199,1.742063,0.000798,1.742861,1.742861,1.742861,0.871430,0.871430,0,0,1,0,0.000000,0.080000,0.008000,0.001000,5.500000,0.100000,26.000000,0.035000,0.000000
9.108000,0.500000,0.640000,-3.419291,-0.000000,-3.419291,-0.552193,0.000000,0.552193,0.019185,-0.001992,0.030969,0.030969,0.011784,0.065010,0.067002,0.044175,0.021657,0.000094,0.064811,0.000199,1.742063,0.000000,1.742063,1.742063,1.742063,0.871032,0.871032,0,0,1,0,0.000000,0.080000,0.008000,0.001000,5.500000,0.100000,26.000000,0.035000,0.000000
9.113000,0.500000,0.640000,-3.422098,-0.000000,-3.422098,-0.552665,0.000000,0.552665,0.019165,-0.001994,0.030969,0.030969,0.011804,0.065121,0.067116,0.044213,0.021657,0.000095,0.064922,0.000199,1.745007,0.000793,1.745799,1.745799,1.745799,0.872900,0.872900,0,0,1,0,0.000000,0.080000,0.008000,0.001000,5.500000,0.100000,26.000000,0.035000,0.000000
9.118000,0.500000,0.640000,-3.424907,-0.000000,-3.424907,-0.553138,0.000000,0.553138,0.019165,-0.001994,0.030969,0.030969,0.011804,0.065121,0.067116,0.044251,0.021657,0.000094,0.064922,0.000199,1.745007,0.000000,1.745007,1.745007,1.745007,0.872503,0.872503,0,0,1,0,0.000000,0.080000,0.008000,0.001000,5.500000,0.100000,26.000000,0.035000,0.000000
9.127000,0.500000,0.640000,-3.430534,-0.000000,-3.430534,-0.554084,0.000000,0.554084,0.019145,-0.001996,0.030969,0.030969,0.011824,0.065232,0.067229,0.044327,0.021657,0.000105,0.065033,0.000200,1.747942,0.000439,1.748381,1.748381,1.748381,0.874191,0.874191,0,0,1,0,0.000000,0.080000,0.008000,0.001000,5.500000,0.100000,26.000000,0.035000,0.000000
9.132000,0.500000,0.640000,-3.433351,-0.000000,-3.433351,-0.554557,0.000000,0.554557,0.019124,-0.002010,0.030969,0.030969,0.011844,0.065345,0.067355,0.044365,0.021657,0.000094,0.065144,0.000201,1.751240,0.000888,1.752128,1.752128,1.752128,0.876064,0.876064,0,0,1,0,0.000000,0.080000,0.008000,0.001000,5.500000,0.100000,26.000000,0.035000,0.000000
9.137000,0.500000,0.640000,-3.436170,-0.000000,-3.436170,-0.555029,0.000000,0.555029,0.019124,-0.002010,0.030969,0.030969,0.011844,0.065345,0.067355,0.044402,0.021657,0.000094,0.065144,0.000201,1.751240,0.000000,1.751240,1.751240,1.751240,0.875620,0.875620,0,0,1,0,0.000000,0.080000,0.008000,0.001000,5.500000,0.100000,26.000000,0.035000,0.000000
9.142000,0.500000,0.640000,-3.438991,-0.000000,-3.438991,-0.555503,0.000000,0.555503,0.019104,-0.002019,0.030969,0.030969,0.011865,0.065460,0.067478,0.044440,0.021657,0.000095,0.065258,0.000202,1.754440,0.000862,1.755302,1.755302,1.755302,0.877651,0.877651,0,0,1,0,0.000000,0.080000,0.008000,0.001000,5.500000,0.100000,26.000000,0.035000,0.000000
9.147000,0.500000,0.640000,-3.441815,-0.000000,-3.441815,-0.555977,0.000000,0.555977,0.019104,-0.002019,0.030969,0.030969,0.011865,0.065460,0.067478,0.044478,0.021657,0.000095,0.065258,0.000202,1.754440,0.000000,1.754440,1.754440,1.754440,0.877220,0.877220,0,0,1,0,0.000000,0.080000,0.008000,0.001000,5.500000,0.100000,26.000000,0.035000,0.000000
9.152000,0.500000,0.640000,-3.444642,-0.000000,-3.444642,-0.556452,0.000000,0.556452,0.019083,-0.002023,0.030969,0.030969,0.011886,0.065573,0.067596,0.044516,0.021657,0.000095,0.065371,0.000202,1.757504,0.000825,1.758329,1.758329,1.758329,0.879165,0.879165,0,0,1,0,0.000000,0.080000,0.008000,0.001000,5.500000,0.100000,26.000000,0.035000,0.000000
9.157000,0.500000,0.640000,-3.447471,-0.000000,-3.447471,-0.556927,0.000000,0.556927,0.019083,-0.002023,0.030969,0.030969,0.011886,0.065573,0.067596,0.044554,0.021657,0.000095,0.065371,0.000202,1.757504,0.000000,1.757504,1.757504,1.757504,0.878752,0.878752,0,0,1,0,0.000000,0.080000,0.008000,0.001000,5.500000,0.100000,26.000000,0.035000,0.000000
9.162000,0.500000,0.640000,-3.450302,-0.000000,-3.450302,-0.557404,0.000000,0.557404,0.019063,-0.002023,0.030969,0.030969,0.011906,0.065686,0.067709,0.044592,0.021657,0.000095,0.065483,0.000202,1.760435,0.000789,1.761225,1.761225,1.761225,0.880612,0.880612,0,0,1,0,0.000000,0.080000,0.008000,0.001000,5.500000,0.100000,26.000000,0.035000,0.000000
9.167000,0.500000,0.640000,-3.453136,-0.000000,-3.453136,-0.557881,0.000000,0.557881,0.019063,-0.002023,0.030969,0.030969,0.011906,0.065686,0.067709,0.044630,0.021657,0.000095,0.065483,0.000202,1.760435,0.000000,1.760435,1.760435,1.760435,0.880218,0.880218,0,0,1,0,0.000000,0.080000,0.008000,0.001000,5.500000,0.100000,26.000000,0.035000,0.000000
9.172000,0.500000,0.640000,-3.455972,-0.000000,-3.455972,-0.558359,0.000000,0.558359,0.019042,-0.002021,0.030969,0.030969,0.011926,0.065797,0.067818,0.044669,0.021657,0.000096,0.065595,0.000202,1.763266,0.000762,1.764028,1.764028,1.764028,0.882014,0.882014,0,0,1,0,0.000000,0.080000,0.008000,0.001000,5.500000,0.100000,26.000000,0.035000,0.000000
9.181000,0.500000,0.640000,-3.461652,-0.000000,-3.461652,-0.559316,0.000000,0.559316,0.019022,-0.002018,0.030969,0.030969,0.011946,0.065907,0.067925,0.044745,0.021657,0.000106,0.065706,0.000202,1.766047,0.000416,1.766463,1.766463,1.766463,0.883231,0.883231,0,0,1,0,0.000000,0.080000,0.008000,0.001000,5.500000,0.100000,26.000000,0.035000,0.000000
9.186000,0.500000,0.640000,-3.464495,-0.000000,-3.464495,-0.559795,0.000000,0.559795,0.019022,-0.002018,0.030969,0.030969,0.011946,0.065907,0.067925,0.044784,0.021657,0.000096,0.065706,0.000202,1.766047,0.000000,1.766047,1.766047,1.766047,0.883023,0.883023,0,0,1,0,0.000000,0.080000,0.008000,0.001000,5.500000,0.100000,26.000000,0.035000,0.000000
9.191000,0.500000,0.640000,-3.467341,-0.000000,-3.467341,-0.560276,0.000000,0.560276,0.019002,-0.002013,0.030969,0.030969,0.011966,0.066017,0.068030,0.044822,0.021657,0.000096,0.065816,0.000201,1.768787,0.000738,1.769525,1.769525,1.769525,0.884763,0.884763,0,0,1,0,0.000000,0.080000,0.008000,0.001000,5.500000,0.100000,26.000000,0.035000,0.000000
9.196000,0.500000,0.640000,-3.470190,-0.000000,-3.470190,-0.560756,0.000000,0.560756,0.019002,-0.002013,0.030969,0.030969,0.011966,0.066017,0.068030,0.044860,0.021657,0.000096,0.065816,0.000201,1.768787,0.000000,1.768787,1.768787,1.768787,0.884394,0.884394,0,0,1,0,0.000000,0.080000,0.008000,0.001000,5.500000,0.100000,26.000000,0.035000,0.000000
9.201000,0.500000,0.640000,-3.473040,-0.000000,-3.473040,-0.561236,0.000000,0.561236,0.018982,-0.002012,0.030969,0.030969,0.011987,0.066127,0.068139,0.044899,0.021657,0.000096,0.065926,0.000201,1.771604,0.000758,1.772362,1.772362,1.772362,0.886181,0.886181,0,0,1,0,0.000000,0.080000,0.008000,0.001000,5.500000,0.100000,26.000000,0.035000,0.000000
9.206000,0.500000,0.640000,-3.475894,-0.000000,-3.475894,-0.561717,0.000000,0.561717,0.018982,-0.002012,0.030969,0.030969,0.011987,0.066127,0.068139,0.044937,0.021657,0.000096,0.065926,0.000201,1.771604,0.000000,1.771604,1.771604,1.771604,0.885802,0.885802,0,0,1,0,0.000000,0.080000,0.008000,0.001000,5.500000,0.100000,26.000000,0.035000,0.000000
9.211000,0.500000,0.640000,-3.478749,-0.000000,-3.478749,-0.562198,0.000000,0.562198,0.018962,-0.002013,0.030969,0.030969,0.012007,0.066238,0.068251,0.044976,0.021657,0.000096,0.066037,0.000201,1.774532,0.000788,1.775321,1.775321,1.775321,0.887660,0.887660,0,0,1,0,0.000000,0.080000,0.008000,0.001000,5.500000,0.100000,26.000000,0.035000,0.000000
9.216000,0.500000,0.640000,-3.481608,-0.000000,-3.481608,-0.562678,0.000000,0.562678,0.018962,-0.002013,0.030969,0.030969,0.012007,0.066238,0.068251,0.045014,0.021657,0.000096,0.066037,0.000201,1.774532,0.000000,1.774532,1.774532,1.774532,0.887266,0.887266,0,0,1,0,0.000000,0.080000,0.008000,0.001000,5.500000,0.100000,26.000000,0.035000,0.000000
9.221000,0.500000,0.640000,-3.481608,-0.000000,-3.481608,-0.562678,0.000000,0.562678,0.018942,-0.002018,0.030969,0.030969,0.012027,0.066351,0.068369,0.045014,0.021657,0.000000,0.066149,0.000202,1.777583,0.000821,1.778405,1.778405,1.778405,0.889202,0.889202,0,0,1,0,0.000000,0.080000,0.008000,0.001000,5.500000,0.100000,26.000000,0.035000,0.000000
9.226000,0.500000,0.640000,-3.487331,-0.000000,-3.487331,-0.563641,0.000000,0.563641,0.018942,-0.002018,0.030969,0.030969,0.012027,0.066351,0.068369,0.045091,0.021657,0.000192,0.066149,0.000202,1.777583,0.000000,1.777583,1.777583,1.777583,0.888792,0.888792,0,0,1,0,0.000000,0.080000,0.008000,0.001000,5.500000,0.100000,26.000000,0.035000,0.000000
9.231000,0.500000,0.640000,-3.490196,-0.000000,-3.490196,-0.564122,0.000000,0.564122,0.018921,-0.002025,0.030969,0.030969,0.012048,0.066465,0.068490,0.045130,0.021657,0.000096,0.066262,0.000203,1.780741,0.000850,1.781591,1.781591,1.781591,0.890795,0.890795,0,0,1,0,0.000000,0.080000,0.008000,0.001000,5.500000,0.100000,26.000000,0.035000,0.000000
9.236000,0.500000,0.640000,-3.490196,-0.000000,-3.490196,-0.564122,0.000000,0.564122,0.018921,-0.002025,0.030969,0.030969,0.012048,0.066465,0.068490,0.045130,0.021657,0.000000,0.066262,0.000203,1.780741,0.000000,1.780741,1.780741,1.780741,0.890370,0.890370,0,0,1,0,0.000000,0.080000,0.008000,0.001000,5.500000,0.100000,26.000000,0.035000,0.000000
9.245000,0.500000,0.640000,-3.495934,-0.000000,-3.495934,-0.565086,0.000000,0.565086,0.018900,-0.002035,0.030969,0.030969,0.012068,0.066580,0.068614,0.045207,0.021657,0.000107,0.066376,0.000203,1.783968,0.000483,1.784451,1.784451,1.784451,0.892226,0.892226,0,0,1,0,0.000000,0.080000,0.008000,0.001000,5.500000,0.100000,26.000000,0.035000,0.000000
9.250000,0.500000,0.640000,-3.498807,-0.000000,-3.498807,-0.565568,0.000000,0.565568,0.018879,-0.002057,0.030969,0.030969,0.012089,0.066698,0.068754,0.045245,0.021657,0.000096,0.066492,0.000206,1.787614,0.000981,1.788595,1.788595,1.788595,0.894297,0.894297,0,0,1,0,0.000000,0.080000,0.008000,0.001000,5.500000,0.100000,26.000000,0.035000,0.000000
9.255000,0.500000,0.640000,-3.501682,-0.000000,-3.501682,-0.566048,0.000000,0.566048,0.018879,-0.002057,0.030969,0.030969,0.012089,0.066698,0.068754,0.045284,0.021657,0.000096,0.066492,0.000206,1.787614,0.000000,1.787614,1.787614,1.787614,0.893807,0.893807,0,0,1,0,0.000000,0.080000,0.008000,0.001000,5.500000,0.100000,26.000000,0.035000,0.000000
9.260000,0.500000,0.640000,-3.504560,-0.000000,-3.504560,-0.566529,0.000000,0.566529,0.018879,-0.002057,0.030969,0.030969,0.012089,0.066698,0.068754,0.045322,0.021657,0.000096,0.066492,0.000206,1.787614,0.000000,1.787614,1.787614,1.787614,0.893807,0.893807,0,0,1,0,0.000000,0.080000,0.008000,0.001000,5.500000,0.100000,26.000000,0.035000,0.000000
9.265000,0.500000,0.640000,-3.507439,-0.000000,-3.507439,-0.567012,0.000000,0.567012,0.018858,-0.002071,0.030969,0.030969,0.012111,0.066818,0.068889,0.045361,0.021657,0.000097,0.066610,0.000207,1.791113,0.000942,1.792055,1.792055,1.792055,0.896027,0.896027,0,0,1,0,0.000000,0.080000,0.008000,0.001000,5.500000,0.100000,26.000000,0.035000,0.000000
9.270000,0.500000,0.640000,-3.510322,-0.000000,-3.510322,-0.567495,0.000000,0.567495,0.018858,-0.002071,0.030969,0.030969,0.012111,0.066818,0.068889,0.045400,0.021657,0.000097,0.066610,0.000207,1.791113,0.000000,1.791113,1.791113,1.791113,0.895556,0.895556,0,0,1,0,0.000000,0.080000,0.008000,0.001000,5.500000,0.100000,26.000000,0.035000,0.000000
9.275000,0.500000,0.640000,-3.513207,-0.000000,-3.513207,-0.567979,0.000000,0.567979,0.018836,-0.002079,0.030969,0.030969,0.012132,0.066936,0.069015,0.045438,0.021657,0.000097,0.066728,0.000208,1.794381,0.000880,1.795260,1.795260,1.795260,0.897630,0.897630,0,0,1,0,0.000000,0.080000,0.008000,0.001000,5.500000,0.100000,26.000000,0.035000,0.000000
9.284000,0.500000,0.640000,-3.518984,-0.000000,-3.518984,-0.568950,0.000000,0.568950,0.018815,-0.002079,0.030969,0.030969,0.012153,0.067051,0.069131,0.045516,0.021657,0.000108,0.066843,0.000208,1.797401,0.000452,1.797853,1.797853,1.797853,0.898926,0.898926,0,0,1,0,0.000000,0.080000,0.008000,0.001000,5.500000,0.100000,26.000000,0.035000,0.000000
9.289000,0.500000,0.640000,-3.521876,-0.000000,-3.521876,-0.569437,0.000000,0.569437,0.018815,-0.002079,0.030969,0.030969,0.012153,0.067051,0.069131,0.045555,0.021657,0.000097,0.066843,0.000208,1.797401,0.000000,1.797401,1.797401,1.797401,0.898700,0.898700,0,0,1,0,0.000000,0.080000,0.008000,0.001000,5.500000,0.100000,26.000000,0.035000,0.000000
9.294000,0.500000,0.640000,-3.524771,-0.000000,-3.524771,-0.569926,0.000000,0.569926,0.018795,-0.002073,0.030969,0.030969,0.012174,0.067164,0.069237,0.045594,0.021657,0.000098,0.066957,0.000207,1.800155,0.000741,1.800896,1.800896,1.800896,0.900448,0.900448,0,0,1,0,0.000000,0.080000,0.008000,0.001000,5.500000,0.100000,26.000000,0.035000,0.000000
9.299000,0.500000,0.640000,-3.527669,-0.000000,-3.527669,-0.570415,0.000000,0.570415,0.018795,-0.002073,0.030969,0.030969,0.012174,0.067164,0.069237,0.045633,0.021657,0.000098,0.066957,0.000207,1.800155,0.000000,1.800155,1.800155,1.800155,0.900077,0.900077,0,0,1,0,0.000000,0.080000,0.008000,0.001000,5.500000,0.100000,26.000000,0.035000,0.000000
9.304000,0.500000,0.640000,-3.530569,-0.000000,-3.530569,-0.570904,0.000000,0.570904,0.018774,-0.002063,0.030969,0.030969,0.012194,0.067275,0.069339,0.045672,0.021657,0.000098,0.067069,0.000206,1.802802,0.000713,1.803514,1.803514,1.803514,0.901757,0.901757,0,0,1,0,0.000000,0.080000,0.008000,0.001000,5.500000,0.100000,26.000000,0.035000,0.000000
9.309000,0.500000,0.640000,-3.533472,-0.000000,-3.533472,-0.571394,0.000000,0.571394,0.018774,-0.002063,0.030969,0.030969,0.012194,0.067275,0.069339,0.045712,0.021657,0.000098,0.067069,0.000206,1.802802,0.000000,1.802802,1.802802,1.802802,0.901401,0.901401,0,0,1,0,0.000000,0.080000,0.008000,0.001000,5.500000,0.100000,26.000000,0.035000,0.000000
9.314000,0.500000,0.640000,-3.536377,-0.000000,-3.536377,-0.571885,0.000000,0.571885,0.018754,-0.002054,0.030969,0.030969,0.012215,0.067386,0.069440,0.045751,0.021657,0.000098,0.067180,0.000205,1.805447,0.000712,1.806159,1.806159,1.806159,0.903079,0.903079,0,0,1,0,0.000000,0.080000,0.008000,0.001000,5.500000,0.100000,26.000000,0.035000,0.000000
9.319000,0.500000,0.640000,-3.539284,-0.000000,-3.539284,-0.572376,0.000000,0.572376,0.018754,-0.002054,0.030969,0.030969,0.012215,0.067386,0.069440,0.045790,0.021657,0.000098,0.067180,0.000205,1.805447,0.000000,1.805447,1.805447,1.805447,0.902723,0.902723,0,0,1,0,0.000000,0.080000,0.008000,0.001000,5.500000,0.100000,26.000000,0.035000,0.000000
9.328000,0.500000,0.640000,-3.545107,-0.000000,-3.545107,-0.573358,0.000000,0.573358,0.018734,-0.002049,0.030969,0.030969,0.012235,0.067497,0.069546,0.045869,0.021657,0.000109,0.067292,0.000205,1.808186,0.000410,1.808596,1.808596,1.808596,0.904298,0.904298,0,0,1,0,0.000000,0.080000,0.008000,0.001000,5.500000,0.100000,26.000000,0.035000,0.000000
9.333000,0.500000,0.640000,-3.548021,-0.000000,-3.548021,-0.573848,0.000000,0.573848,0.018713,-0.002059,0.030969,0.030969,0.012255,0.067611,0.069670,0.045908,0.021657,0.000098,0.067405,0.000206,1.811422,0.000871,1.812293,1.812293,1.812293,0.906146,0.906146,0,0,1,0,0.000000,0.080000,0.008000,0.001000,5.500000,0.100000,26.000000,0.035000,0.000000
9.338000,0.500000,0.640000,-3.550939,-0.000000,-3.550939,-0.574338,0.000000,0.574338,0.018713,-0.002059,0.030969,0.030969,0.012255,0.067611,0.069670,0.045947,0.021657,0.000098,0.067405,0.000206,1.811422,0.000000,1.811422,1.811422,1.811422,0.905711,0.905711,0,0,1,0,0.000000,0.080000,0.008000,0.001000,5.500000,0.100000,26.000000,0.035000,0.000000
9.343000,0.500000,0.640000,-3.553858,-0.000000,-3.553858,-0.574828,0.000000,0.574828,0.018692,-0.002069,0.030969,0.030969,0.012277,0.067728,0.069798,0.045986,0.021657,0.000098,0.067521,0.000207,1.814737,0.000893,1.815630,1.815630,1.815630,0.907815,0.907815,0,0,1,0,0.000000,0.080000,0.008000,0.001000,5.500000,0.100000,26.000000,0.035000,0.000000
9.348000,0.500000,0.640000,-3.556781,-0.000000,-3.556781,-0.575318,0.000000,0.575318,0.018692,-0.002069,0.030969,0.030969,0.012277,0.067728,0.069798,0.046025,0.021657,0.000098,0.067521,0.000207,1.814737,0.000000,1.814737,1.814737,1.814737,0.907369,0.907369,0,0,1,0,0.000000,0.080000,0.008000,0.001000,5.500000,0.100000,26.000000,0.035000,0.000000
9.353000,0.500000,0.640000,-3.559705,-0.000000,-3.559705,-0.575809,0.000000,0.575809,0.018671,-0.002079,0.030969,0.030969,0.012298,0.067846,0.069926,0.046065,0.021657,0.000098,0.067638,0.000208,1.818072,0.000898,1.818970,1.818970,1.818970,0.909485,0.909485,0,0,1,0,0.000000,0.080000,0.008000,0.001000,5.500000,0.100000,26.000000,0.035000,0.000000
9.358000,0.500000,0.640000,-3.562632,-0.000000,-3.562632,-0.576300,0.000000,0.576300,0.018671,-0.002079,0.030969,0.030969,0.012298,0.067846,0.069926,0.046104,0.021657,0.000098,0.067638,0.000208,1.818072,0.000000,1.818072,1.818072,1.818072,0.909036,0.909036,0,0,1,0,0.000000,0.080000,0.008000,0.001000,5.500000,0.100000,26.000000,0.035000,0.000000
9.363000,0.500000,0.640000,-3.565562,-0.000000,-3.565562,-0.576792,0.000000,0.576792,0.018649,-0.002088,0.030969,0.030969,0.012319,0.067965,0.070053,0.046143,0.021657,0.000098,0.067756,0.000209,1.821377,0.000890,1.822267,1.822267,1.822267,0.911133,0.911133,0,0,1,0,0.000000,0.080000,0.008000,0.001000,5.500000,0.100000,26.000000,0.035000,0.000000
9.368000,0.500000,0.640000,-3.568494,-0.000000,-3.568494,-0.577284,0.000000,0.577284,0.018649,-0.002088,0.030969,0.030969,0.012319,0.067965,0.070053,0.046183,0.021657,0.000098,0.067756,0.000209,1.821377,0.000000,1.821377,1.821377,1.821377,0.910688,0.910688,0,0,1,0,0.000000,0.080000,0.008000,0.001000,5.500000,0.100000,26.000000,0.035000,0.000000
9.373000,0.500000,0.640000,-3.571429,-0.000000,-3.571429,-0.577778,0.000000,0.577778,0.018628,-0.002095,0.030969,0.030969,0.012341,0.068083,0.070177,0.046222,0.021657,0.000099,0.067873,0.000209,1.824613,0.000871,1.825485,1.825485,1.825485,0.912742,0.912742,0,0,1,0,0.000000,0.080000,0.008000,0.001000,5.500000,0.100000,26.000000,0.035000,0.000000
9.382000,0.500000,0.640000,-3.577306,-0.000000,-3.577306,-0.578765,0.000000,0.578765,0.018607,-0.002099,0.030969,0.030969,0.012362,0.068200,0.070299,0.046301,0.021657,0.000110,0.067990,0.000210,1.827763,0.000471,1.828235,1.828235,1.828235,0.914117,0.914117,0,0,1,0,0.000000,0.080000,0.008000,0.001000,5.500000,0.100000,26.000000,0.035000,0.000000
9.387000,0.500000,0.640000,-3.580248,-0.000000,-3.580248,-0.579260,0.000000,0.579260,0.018607,-0.002099,0.030969,0.030969,0.012362,0.068200,0.070299,0.046341,0.021657,0.000099,0.067990,0.000210,1.827763,0.000000,1.827763,1.827763,1.827763,0.913882,0.913882,0,0,1,0,0.000000,0.080000,0.008000,0.001000,5.500000,0.100000,26.000000,0.035000,0.000000
9.392000,0.500000,0.640000,-3.583193,-0.000000,-3.583193,-0.579756,0.000000,0.579756,0.018586,-0.002099,0.030969,0.030969,0.012383,0.068316,0.070414,0.046381,0.021657,0.000099,0.068106,0.000210,1.830776,0.000811,1.831587,1.831587,1.831587,0.915794,0.915794,0,0,1,0,0.000000,0.080000,0.008000,0.001000,5.500000,0.100000,26.000000,0.035000,0.000000
9.397000,0.500000,0.640000,-3.586141,-0.000000,-3.586141,-0.580252,0.000000,0.580252,0.018586,-0.002099,0.030969,0.030969,0.012383,0.068316,0.070414,0.046420,0.021657,0.000099,0.068106,0.000210,1.830776,0.000000,1.830776,1.830776,1.830776,0.915388,0.915388,0,0,1,0,0.000000,0.080000,0.008000,0.001000,5.500000,0.100000,26.000000,0.035000,0.000000
9.402000,0.500000,0.640000,-3.589091,-0.000000,-3.589091,-0.580750,0.000000,0.580750,0.018565,-0.002097,0.030969,0.030969,0.012404,0.068431,0.070529,0.046460,0.021657,0.000099,0.068222,0.000210,1.833749,0.000800,1.834550,1.834550,1.834550,0.917275,0.917275,0,0,1,0,0.000000,0.080000,0.008000,0.001000,5.500000,0.100000,26.000000,0.035000,0.000000
9.407000,0.500000,0.640000,-3.592043,-0.000000,-3.592043,-0.581247,0.000000,0.581247,0.018565,-0.002097,0.030969,0.030969,0.012404,0.068431,0.070529,0.046500,0.021657,0.000099,0.068222,0.000210,1.833749,0.000000,1.833749,1.833749,1.833749,0.916875,0.916875,0,0,1,0,0.000000,0.080000,0.008000,0.001000,5.500000,0.100000,26.000000,0.035000,0.000000
9.412000,0.500000,0.640000,-3.594998,-0.000000,-3.594998,-0.581745,0.000000,0.581745,0.018544,-0.002096,0.030969,0.030969,0.012425,0.068547,0.070643,0.046540,0.021657,0.000100,0.068337,0.000210,1.836721,0.000800,1.837521,1.837521,1.837521,0.918760,0.918760,0,0,1,0,0.000000,0.080000,0.008000,0.001000,5.500000,0.100000,26.000000,0.035000,0.000000
9.417000,0.500000,0.640000,-3.597956,-0.000000,-3.597956,-0.582243,0.000000,0.582243,0.018544,-0.002096,0.030969,0.030969,0.012425,0.068547,0.070643,0.046579,0.021657,0.000100,0.068337,0.000210,1.836721,0.000000,1.836721,1.836721,1.836721,0.918360,0.918360,0,0,1,0,0.000000,0.080000,0.008000,0.001000,5.500000,0.100000,26.000000,0.035000,0.000000
9.422000,0.500000,0.640000,-3.600916,-0.000000,-3.600916,-0.582741,0.000000,0.582741,0.018523,-0.002096,0.030969,0.030969,0.012446,0.068662,0.070759,0.046619,0.021657,0.000100,0.068453,0.000210,1.839728,0.000810,1.840538,1.840538,1.840538,0.920269,0.920269,0,0,1,0,0.000000,0.080000,0.008000,0.001000,5.500000,0.100000,26.000000,0.035000,0.000000
9.427000,0.500000,0.640000,-3.603878,-0.000000,-3.603878,-0.583240,0.000000,0.583240,0.018523,-0.002096,0.030969,0.030969,0.012446,0.068662,0.070759,0.046659,0.021657,0.000100,0.068453,0.000210,1.839728,0.000000,1.839728,1.839728,1.839728,0.919864,0.919864,0,0,1,0,0.000000,0.080000,0.008000,0.001000,5.500000,0.100000,26.000000,0.035000,0.000000
9.436000,0.500000,0.640000,-3.609811,-0.000000,-3.609811,-0.584238,0.000000,0.584238,0.018502,-0.002098,0.030969,0.030969,0.012467,0.068779,0.070877,0.046739,0.021657,0.000111,0.068569,0.000210,1.842797,0.000459,1.843256,1.843256,1.843256,0.921628,0.921628,0,0,1,0,0.000000,0.080000,0.008000,0.001000,5.500000,0.100000,26.000000,0.035000,0.000000
9.441000,0.500000,0.640000,-3.612781,-0.000000,-3.612781,-0.584736,0.000000,0.584736,0.018480,-0.002114,0.030969,0.030969,0.012488,0.068898,0.071012,0.046779,0.021657,0.000100,0.068686,0.000211,1.846314,0.000947,1.847261,1.847261,1.847261,0.923630,0.923630,0,0,1,0,0.000000,0.080000,0.008000,0.001000,5.500000,0.100000,26.000000,0.035000,0.000000
9.446000,0.500000,0.640000,-3.615754,-0.000000,-3.615754,-0.585234,0.000000,0.585234,0.018480,-0.002114,0.030969,0.030969,0.012488,0.068898,0.071012,0.046819,0.021657,0.000100,0.068686,0.000211,1.846314,0.000000,1.846314,1.846314,1.846314,0.923157,0.923157,0,0,1,0,0.000000,0.080000,0.008000,0.001000,5.500000,0.100000,26.000000,0.035000,0.000000
9.451000,0.500000,0.640000,-3.618729,-0.000000,-3.618729,-0.585734,0.000000,0.585734,0.018458,-0.002126,0.030969,0.030969,0.012510,0.069019,0.071145,0.046859,0.021657,0.000100,0.068807,0.000213,1.849780,0.000933,1.850713,1.850713,1.850713,0.925357,0.925357,0,0,1,0,0.000000,0.080000,0.008000,0.001000,5.500000,0.100000,26.000000,0.035000,0.000000
9.456000,0.500000,0.640000,-3.621706,-0.000000,-3.621706,-0.586233,0.000000,0.586233,0.018458,-0.002126,0.030969,0.030969,0.012510,0.069019,0.071145,0.046899,0.021657,0.000100,0.068807,0.000213,1.849780,0.000000,1.849780,1.849780,1.849780,0.924890,0.924890,0,0,1,0,0.000000,0.080000,0.008000,0.001000,5.500000,0.100000,26.000000,0.035000,0.000000
9.461000,0.500000,0.640000,-3.624686,-0.000000,-3.624686,-0.586733,0.000000,0.586733,0.018437,-0.002134,0.030969,0.030969,0.012532,0.069140,0.071274,0.046939,0.021657,0.000100,0.068927,0.000213,1.853130,0.000902,1.854031,1.854031,1.854031,0.927016,0.927016,0,0,1,0,0.000000,0.080000,0.008000,0.001000,5.500000,0.100000,26.000000,0.035000,0.000000
9.466000,0.500000,0.640000,-3.627669,-0.000000,-3.627669,-0.587234,0.000000,0.587234,0.018437,-0.002134,0.030969,0.030969,0.012532,0.069140,0.071274,0.046979,0.021657,0.000100,0.068927,0.000213,1.853130,0.000000,1.853130,1.853130,1.853130,0.926565,0.926565,0,0,1,0,0.000000,0.080000,0.008000,0.001000,5.500000,0.100000,26.000000,0.035000,0.000000
9.471000,0.500000,0.640000,-3.630654,-0.000000,-3.630654,-0.587736,0.000000,0.587736,0.018415,-0.002138,0.030969,0.030969,0.012554,0.069260,0.071398,0.047019,0.021657,0.000100,0.069046,0.000214,1.856337,0.000864,1.857201,1.857201,1.857201,0.928601,0.928601,0,0,1,0,0.000000,0.080000,0.008000,0.001000,5.500000,0.100000,26.000000,0.035000,0.000000
9.476000,0.500000,0.640000,-3.633642,-0.000000,-3.633642,-0.588239,0.000000,0.588239,0.018415,-0.002138,0.030969,0.030969,0.012554,0.069260,0.071398,0.047059,0.021657,0.000100,0.069046,0.000214,1.856337,0.000000,1.856337,1.856337,1.856337,0.928169,0.928169,0,0,1,0,0.000000,0.080000,0.008000,0.001000,5.500000,0.100000,26.000000,0.035000,0.000000
9.481000,0.500000,0.640000,-3.636633,-0.000000,-3.636633,-0.588742,0.000000,0.588742,0.018393,-0.002138,0.030969,0.030969,0.012575,0.069378,0.071516,0.047099,0.021657,0.000101,0.069164,0.000214,1.859412,0.000828,1.860240,1.860240,1.860240,0.930120,0.930120,0,0,1,0,0.000000,0.080000,0.008000,0.001000,5.500000,0.100000,26.000000,0.035000,0.000000
9.490000,0.500000,0.640000,-3.639626,-0.000000,-3.639626,-0.589246,0.000000,0.589246,0.018372,-0.002135,0.030969,0.030969,0.012597,0.069495,0.071630,0.047140,0.021657,0.000056,0.069282,0.000214,1.862392,0.000446,1.862837,1.862837,1.862837,0.931419,0.931419,0,0,1,0,0.000000,0.080000,0.008000,0.001000,5.500000,0.100000,26.000000,0.035000,0.000000
9.495000,0.500000,0.640000,-3.642622,-0.000000,-3.642622,-0.589751,0.000000,0.589751,0.018372,-0.002135,0.030969,0.030969,0.012597,0.069495,0.071630,0.047180,0.021657,0.000101,0.069282,0.000214,1.862392,0.000000,1.862392,1.862392,1.862392,0.931196,0.931196,0,0,1,0,0.000000,0.080000,0.008000,0.001000,5.500000,0.100000,26.000000,0.035000,0.000000
9.500000,0.500000,0.640000,-3.645620,-0.000000,-3.645620,-0.590257,0.000000,0.590257,0.018372,-0.002135,0.030969,0.030969,0.012597,0.069495,0.071630,0.047221,0.021657,0.000101,0.069282,0.000214,1.862392,0.000000,1.862392,1.862392,1.862392,0.931196,0.931196,0,0,1,0,0.000000,0.080000,0.008000,0.001000,5.500000,0.100000,26.000000,0.035000,0.000000
9.505000,0.500000,0.640000,-3.648621,-0.000000,-3.648621,-0.590763,0.000000,0.590763,0.018351,-0.002130,0.030969,0.030969,0.012618,0.069611,0.071741,0.047261,0.021657,0.000101,0.069398,0.000213,1.865278,0.000777,1.866055,1.866055,1.866055,0.933028,0.933028,0,0,1,0,0.000000,0.080000,0.008000,0.001000,5.500000,0.100000,26.000000,0.035000,0.000000
9.510000,0.500000,0.640000,-3.651624,-0.000000,-3.651624,-0.591269,0.000000,0.591269,0.018351,-0.002130,0.030969,0.030969,0.012618,0.069611,0.071741,0.047302,0.021657,0.000101,0.069398,0.000213,1.865278,0.000000,1.865278,1.865278,1.865278,0.932639,0.932639,0,0,1,0,0.000000,0.080000,0.008000,0.001000,5.500000,0.100000,26.000000,0.035000,0.000000
9.515000,0.500000,0.640000,-3.654630,-0.000000,-3.654630,-0.591776,0.000000,0.591776,0.018330,-0.002126,0.030969,0.030969,0.012639,0.069727,0.071854,0.047342,0.021657,0.000101,0.069515,0.000213,1.868202,0.000787,1.868990,1.868990,1.868990,0.934495,0.934495,0,0,1,0,0.000000,0.080000,0.008000,0.001000,5.500000,0.100000,26.000000,0.035000,0.000000
9.520000,0.500000,0.640000,-3.657639,-0.000000,-3.657639,-0.592283,0.000000,0.592283,0.018330,-0.002126,0.030969,0.030969,0.012639,0.069727,0.071854,0.047383,0.021657,0.000101,0.069515,0.000213,1.868202,0.000000,1.868202,1.868202,1.868202,0.934101,0.934101,0,0,1,0,0.000000,0.080000,0.008000,0.001000,5.500000,0.100000,26.000000,0.035000,0.000000
9.529000,0.500000,0.640000,-3.663664,-0.000000,-3.663664,-0.593298,0.000000,0.593298,0.018308,-0.002126,0.030969,0.030969,0.012660,0.069844,0.071970,0.047464,0.021657,0.000113,0.069632,0.000213,1.871218,0.000451,1.871669,1.871669,1.871669,0.935834,0.935834,0,0,1,0,0.000000,0.080000,0.008000,0.001000,5.500000,0.100000,26.000000,0.035000,0.000000
9.534000,0.500000,0.640000,-3.666680,-0.000000,-3.666680,-0.593804,0.000000,0.593804,0.018287,-0.002140,0.030969,0.030969,0.012682,0.069964,0.072105,0.047504,0.021657,0.000101,0.069750,0.000214,1.874722,0.000943,1.875665,1.875665,1.875665,0.937833,0.937833,0,0,1,0,0.000000,0.080000,0.008000,0.001000,5.500000,0.100000,26.000000,0.035000,0.000000
9.539000,0.500000,0.640000,-3.669698,-0.000000,-3.669698,-0.594310,0.000000,0.594310,0.018287,-0.002140,0.030969,0.030969,0.012682,0.069964,0.072105,0.047545,0.021657,0.000101,0.069750,0.000214,1.874722,0.000000,1.874722,1.874722,1.874722,0.937361,0.937361,0,0,1,0,0.000000,0.080000,0.008000,0.001000,5.500000,0.100000,26.000000,0.035000,0.000000
9.544000,0.500000,0.640000,-3.672720,-0.000000,-3.672720,-0.594817,0.000000,0.594817,0.018265,-0.002153,0.030969,0.030969,0.012704,0.070087,0.072240,0.047585,0.021657,0.000101,0.069872,0.000215,1.878233,0.000945,1.879178,1.879178,1.879178,0.939589,0.939589,0,0,1,0,0.000000,0.080000,0.008000,0.001000,5.500000,0.100000,26.000000,0.035000,0.000000
9.549000,0.500000,0.640000,-3.675743,-0.000000,-3.675743,-0.595324,0.000000,0.595324,0.018265,-0.002153,0.030969,0.030969,0.012704,0.070087,0.072240,0.047626,0.021657,0.000101,0.069872,0.000215,1.878233,0.000000,1.878233,1.878233,1.878233,0.939116,0.939116,0,0,1,0,0.000000,0.080000,0.008000,0.001000,5.500000,0.100000,26.000000,0.035000,0.000000
9.554000,0.500000,0.640000,-3.678770,-0.000000,-3.678770,-0.595833,0.000000,0.595833,0.018243,-0.002162,0.030969,0.030969,0.012726,0.070210,0.072372,0.047667,0.021657,0.000102,0.069994,0.000216,1.881679,0.000928,1.882606,1.882606,1.882606,0.941303,0.941303,0,0,1,0,0.000000,0.080000,0.008000,0.001000,5.500000,0.100000,26.000000,0.035000,0.000000
9.559000,0.500000,0.640000,-3.681799,-0.000000,-3.681799,-0.596341,0.000000,0.596341,0.018243,-0.002162,0.030969,0.030969,0.012726,0.070210,0.072372,0.047707,0.021657,0.000102,0.069994,0.000216,1.881679,0.000000,1.881679,1.881679,1.881679,0.940839,0.940839,0,0,1,0,0.000000,0.080000,0.008000,0.001000,5.500000,0.100000,26.000000,0.035000,0.000000
9.564000,0.500000,0.640000,-3.684830,-0.000000,-3.684830,-0.596851,0.000000,0.596851,0.018221,-0.002169,0.030969,0.030969,0.012748,0.070332,0.072501,0.047748,0.021657,0.000102,0.070115,0.000217,1.885018,0.000899,1.885917,1.885917,1.885917,0.942959,0.942959,0,0,1,0,0.000000,0.080000,0.008000,0.001000,5.500000,0.100000,26.000000,0.035000,0.000000
9.569000,0.500000,0.640000,-3.687865,-0.000000,-3.687865,-0.597360,0.000000,0.597360,0.018221,-0.002169,0.030969,0.030969,0.012748,0.070332,0.072501,0.047789,0.021657,0.000102,0.070115,0.000217,1.885018,0.000000,1.885018,1.885018,1.885018,0.942509,0.942509,0,0,1,0,0.000000,0.080000,0.008000,0.001000,5.500000,0.100000,26.000000,0.035000,0.000000
9.574000,0.500000,0.640000,-3.690901,-0.000000,-3.690901,-0.597871,0.000000,0.597871,0.018199,-0.002171,0.030969,0.030969,0.012770,0.070453,0.072625,0.047830,0.021657,0.000102,0.070236,0.000217,1.888238,0.000867,1.889105,1.889105,1.889105,0.944553,0.944553,0,0,1,0,0.000000,0.080000,0.008000,0.001000,5.500000,0.100000,26.000000,0.035000,0.000000
9.579000,0.500000,0.640000,-3.693941,-0.000000,-3.693941,-0.598383,0.000000,0.598383,0.018199,-0.002171,0.030969,0.030969,0.012770,0.070453,0.072625,0.047871,0.021657,0.000102,0.070236,0.000217,1.888238,0.000000,1.888238,1.888238,1.888238,0.944119,0.944119,0,0,1,0,0.000000,0.080000,0.008000,0.001000,5.500000,0.100000,26.000000,0.035000,0.000000
9.588000,0.500000,0.640000,-3.700028,-0.000000,-3.700028,-0.599408,0.000000,0.599408,0.018177,-0.002171,0.030969,0.030969,0.012792,0.070573,0.072744,0.047953,0.021657,0.000114,0.070356,0.000217,1.891354,0.000466,1.891820,1.891820,1.891820,0.945910,0.945910,0,0,1,0,0.000000,0.080000,0.008000,0.001000,5.500000,0.100000,26.000000,0.035000,0.000000
9.593000,0.500000,0.640000,-3.703075,-0.000000,-3.703075,-0.599919,0.000000,0.599919,0.018155,-0.002181,0.030969,0.030969,0.012814,0.070695,0.072876,0.047994,0.021657,0.000102,0.070477,0.000218,1.894784,0.000923,1.895707,1.895707,1.895707,0.947853,0.947853,0,0,1,0,0.000000,0.080000,0.008000,0.001000,5.500000,0.100000,26.000000,0.035000,0.000000
9.598000,0.500000,0.640000,-3.706125,-0.000000,-3.706125,-0.600431,0.000000,0.600431,0.018155,-0.002181,0.030969,0.030969,0.012814,0.070695,0.072876,0.048035,0.021657,0.000102,0.070477,0.000218,1.894784,0.000000,1.894784,1.894784,1.894784,0.947392,0.947392,0,0,1,0,0.000000,0.080000,0.008000,0.001000,5.500000,0.100000,26.000000,0.035000,0.000000
9.603000,0.500000,0.640000,-3.709177,-0.000000,-3.709177,-0.600945,0.000000,0.600945,0.018133,-0.002186,0.030969,0.030969,0.012836,0.070817,0.073003,0.048076,0.021657,0.000103,0.070599,0.000219,1.898075,0.000886,1.898961,1.898961,1.898961,0.949481,0.949481,0,0,1,0,0.000000,0.080000,0.008000,0.001000,5.500000,0.100000,26.000000,0.035000,0.000000
9.608000,0.500000,0.640000,-3.712232,-0.000000,-3.712232,-0.601458,0.000000,0.601458,0.018133,-0.002186,0.030969,0.030969,0.012836,0.070817,0.073003,0.048117,0.021657,0.000103,0.070599,0.000219,1.898075,0.000000,1.898075,1.898075,1.898075,0.949038,0.949038,0,0,1,0,0.000000,0.080000,0.008000,0.001000,5.500000,0.100000,26.000000,0.035000,0.000000
9.613000,0.500000,0.640000,-3.715290,-0.000000,-3.715290,-0.601973,0.000000,0.601973,0.018111,-0.002186,0.030969,0.030969,0.012858,0.070939,0.073124,0.048158,0.021657,0.000103,0.070720,0.000219,1.901228,0.000849,1.902076,1.902076,1.902076,0.951038,0.951038,0,0,1,0,0.000000,0.080000,0.008000,0.001000,5.500000,0.100000,26.000000,0.035000,0.000000
9.618000,0.500000,0.640000,-3.718350,-0.000000,-3.718350,-0.602489,0.000000,0.602489,0.018111,-0.002186,0.030969,0.030969,0.012858,0.070939,0.073124,0.048199,0.021657,0.000103,0.070720,0.000219,1.901228,0.000000,1.901228,1.901228,1.901228,0.950614,0.950614,0,0,1,0,0.000000,0.080000,0.008000,0.001000,5.500000,0.100000,26.000000,0.035000,0.000000
9.623000,0.500000,0.640000,-3.721413,-0.000000,-3.721413,-0.603005,0.000000,0.603005,0.018089,-0.002183,0.030969,0.030969,0.012880,0.071058,0.073242,0.048240,0.021657,0.000103,0.070840,0.000218,1.904280,0.000822,1.905102,1.905102,1.905102,0.952551,0.952551,0,0,1,0,0.000000,0.080000,0.008000,0.001000,5.500000,0.100000,26.000000,0.035000,0.000000
9.628000,0.500000,0.640000,-3.724479,-0.000000,-3.724479,-0.603522,0.000000,0.603522,0.018089,-0.002183,0.030969,0.030969,0.012880,0.071058,0.073242,0.048282,0.021657,0.000103,0.070840,0.000218,1.904280,0.000000,1.904280,1.904280,1.904280,0.952140,0.952140,0,0,1,0,0.000000,0.080000,0.008000,0.001000,5.500000,0.100000,26.000000,0.035000,0.000000
9.633000,0.500000,0.640000,-3.727547,-0.000000,-3.727547,-0.604039,0.000000,0.604039,0.018067,-0.002179,0.030969,0.030969,0.012902,0.071178,0.073357,0.048323,0.021657,0.000104,0.070960,0.000218,1.907288,0.000810,1.908098,1.908098,1.908098,0.954049,0.954049,0,0,1,0,0.000000,0.080000,0.008000,0.001000,5.500000,0.100000,26.000000,0.035000,0.000000
9.638000,0.500000,0.640000,-3.730618,-0.000000,-3.730618,-0.604557,0.000000,0.604557,0.018067,-0.002179,0.030969,0.030969,0.012902,0.071178,0.073357,0.048365,0.021657,0.000103,0.070960,0.000218,1.907288,0.000000,1.907288,1.907288,1.907288,0.953644,0.953644,0,0,1,0,0.000000,0.080000,0.008000,0.001000,5.500000,0.100000,26.000000,0.035000,0.000000
9.647000,0.500000,0.640000,-3.736768,-0.000000,-3.736768,-0.605593,0.000000,0.605593,0.018045,-0.002177,0.030969,0.030969,0.012923,0.071297,0.073474,0.048447,0.021657,0.000115,0.071079,0.000218,1.910312,0.000452,1.910765,1.910765,1.910765,0.955382,0.955382,0,0,1,0,0.000000,0.080000,0.008000,0.001000,5.500000,0.100000,26.000000,0.035000,0.000000
9.652000,0.500000,0.640000,-3.739847,-0.000000,-3.739847,-0.606111,0.000000,0.606111,0.018023,-0.002188,0.030969,0.030969,0.012945,0.071419,0.073607,0.048489,0.021657,0.000103,0.071200,0.000219,1.913772,0.000932,1.914704,1.914704,1.914704,0.957352,0.957352,0,0,1,0,0.000000,0.080000,0.008000,0.001000,5.500000,0.100000,26.000000,0.035000,0.000000
9.657000,0.500000,0.640000,-3.742928,-0.000000,-3.742928,-0.606628,0.000000,0.606628,0.018023,-0.002188,0.030969,0.030969,0.012945,0.071419,0.073607,0.048530,0.021657,0.000103,0.071200,0.000219,1.913772,0.000000,1.913772,1.913772,1.913772,0.956886,0.956886,0,0,1,0,0.000000,0.080000,0.008000,0.001000,5.500000,0.100000,26.000000,0.035000,0.000000
9.662000,0.500000,0.640000,-3.746012,-0.000000,-3.746012,-0.607146,0.000000,0.607146,0.018001,-0.002196,0.030969,0.030969,0.012968,0.071543,0.073739,0.048572,0.021657,0.000104,0.071323,0.000220,1.917215,0.000927,1.918142,1.918142,1.918142,0.959071,0.959071,0,0,1,0,0.000000,0.080000,0.008000,0.001000,5.500000,0.100000,26.000000,0.035000,0.000000
9.667000,0.500000,0.640000,-3.749098,-0.000000,-3.749098,-0.607664,0.000000,0.607664,0.018001,-0.002196,0.030969,0.030969,0.012968,0.071543,0.073739,0.048613,0.021657,0.000104,0.071323,0.000220,1.917215,0.000000,1.917215,1.917215,1.917215,0.958607,0.958607,0,0,1,0,0.000000,0.080000,0.008000,0.001000,5.500000,0.100000,26.000000,0.035000,0.000000
9.672000,0.500000,0.640000,-3.752187,-0.000000,-3.752187,-0.608184,0.000000,0.608184,0.017978,-0.002203,0.030969,0.030969,0.012990,0.071667,0.073869,0.048655,0.021657,0.000104,0.071446,0.000220,1.920601,0.000911,1.921512,1.921512,1.921512,0.960756,0.960756,0,0,1,0,0.000000,0.080000,0.008000,0.001000,5.500000,0.100000,26.000000,0.035000,0.000000
9.677000,0.500000,0.640000,-3.755279,-0.000000,-3.755279,-0.608703,0.000000,0.608703,0.017978,-0.002203,0.030969,0.030969,0.012990,0.071667,0.073869,0.048696,0.021657,0.000104,0.071446,0.000220,1.920601,0.000000,1.920601,1.920601,1.920601,0.960300,0.960300,0,0,1,0,0.000000,0.080000,0.008000,0.001000,5.500000,0.100000,26.000000,0.035000,0.000000
9.682000,0.500000,0.640000,-3.758374,-0.000000,-3.758374,-0.609224,0.000000,0.609224,0.017956,-0.002207,0.030969,0.030969,0.013013,0.071790,0.073997,0.048738,0.021657,0.000104,0.071569,0.000221,1.923915,0.000892,1.924807,1.924807,1.924807,0.962404,0.962404,0,0,1,0,0.000000,0.080000,0.008000,0.001000,5.500000,0.100000,26.000000,0.035000,0.000000
9.691000,0.500000,0.640000,-3.764571,-0.000000,-3.764571,-0.610267,0.000000,0.610267,0.017934,-0.002209,0.030969,0.030969,0.013035,0.071913,0.074122,0.048821,0.021657,0.000116,0.071692,0.000221,1.927161,0.000486,1.927647,1.927647,1.927647,0.963823,0.963823,0,0,1,0,0.000000,0.080000,0.008000,0.001000,5.500000,0.100000,26.000000,0.035000,0.000000
9.696000,0.500000,0.640000,-3.767673,-0.000000,-3.767673,-0.610789,0.000000,0.610789,0.017934,-0.002209,0.030969,0.030969,0.013035,0.071913,0.074122,0.048863,0.021657,0.000104,0.071692,0.000221,1.927161,0.000000,1.927161,1.927161,1.927161,0.963581,0.963581,0,0,1,0,0.000000,0.080000,0.008000,0.001000,5.500000,0.100000,26.000000,0.035000,0.000000
9.701000,0.500000,0.640000,-3.770779,-0.000000,-3.770779,-0.611313,0.000000,0.611313,0.017912,-0.002208,0.030969,0.030969,0.013057,0.072034,0.074242,0.048905,0.021657,0.000105,0.071814,0.000221,1.930301,0.000845,1.931146,1.931146,1.931146,0.965573,0.965573,0,0,1,0,0.000000,0.080000,0.008000,0.001000,5.500000,0.100000,26.000000,0.035000,0.000000
9.706000,0.500000,0.640000,-3.773886,-0.000000,-3.773886,-0.611836,0.000000,0.611836,0.017912,-0.002208,0.030969,0.030969,0.013057,0.072034,0.074242,0.048947,0.021657,0.000105,0.071814,0.000221,1.930301,0.000000,1.930301,1.930301,1.930301,0.965150,0.965150,0,0,1,0,0.000000,0.080000,0.008000,0.001000,5.500000,0.100000,26.000000,0.035000,0.000000
9.711000,0.500000,0.640000,-3.776997,-0.000000,-3.776997,-0.612360,0.000000,0.612360,0.017890,-0.002207,0.030969,0.030969,0.013079,0.072156,0.074363,0.048989,0.021657,0.000105,0.071935,0.000221,1.933439,0.000845,1.934284,1.934284,1.934284,0.967142,0.967142,0,0,1,0,0.000000,0.080000,0.008000,0.001000,5.500000,0.100000,26.000000,0.035000,0.000000
9.716000,0.500000,0.640000,-3.780110,-0.000000,-3.780110,-0.612884,0.000000,0.612884,0.017890,-0.002207,0.030969,0.030969,0.013079,0.072156,0.074363,0.049031,0.021657,0.000105,0.071935,0.000221,1.933439,0.000000,1.933439,1.933439,1.933439,0.966720,0.966720,0,0,1,0,0.000000,0.080000,0.008000,0.001000,5.500000,0.100000,26.000000,0.035000,0.000000
9.721000,0.500000,0.640000,-3.783226,-0.000000,-3.783226,-0.613410,0.000000,0.613410,0.017867,-0.002207,0.030969,0.030969,0.013101,0.072278,0.074485,0.049073,0.021657,0.000105,0.072057,0.000221,1.936612,0.000854,1.937466,1.937466,1.937466,0.968733,0.968733,0,0,1,0,0.000000,0.080000,0.008000,0.001000,5.500000,0.100000,26.000000,0.035000,0.000000
9.726000,0.500000,0.640000,-3.786344,-0.000000,-3.786344,-0.613934,0.000000,0.613934,0.017867,-0.002207,0.030969,0.030969,0.013101,0.072278,0.074485,0.049115,0.021657,0.000105,0.072057,0.000221,1.936612,0.000000,1.936612,1.936612,1.936612,0.968306,0.968306,0,0,1,0,0.000000,0.080000,0.008000,0.001000,5.500000,0.100000,26.000000,0.035000,0.000000
9.735000,0.500000,0.640000,-3.792589,-0.000000,-3.792589,-0.614986,0.000000,0.614986,0.017845,-0.002209,0.030969,0.030969,0.013123,0.072400,0.074609,0.049199,0.021657,0.000117,0.072179,0.000221,1.939844,0.000484,1.940328,1.940328,1.940328,0.970164,0.970164,0,0,1,0,0.000000,0.080000,0.008000,0.001000,5.500000,0.100000,26.000000,0.035000,0.000000
9.740000,0.500000,0.640000,-3.792589,-0.000000,-3.792589,-0.614986,0.000000,0.614986,0.017845,-0.002209,0.030969,0.030969,0.013123,0.072400,0.074609,0.049199,0.021657,0.000000,0.072179,0.000221,1.939844,0.000000,1.939844,1.939844,1.939844,0.969922,0.969922,0,0,1,0,0.000000,0.080000,0.008000,0.001000,5.500000,0.100000,26.000000,0.035000,0.000000
9.745000,0.500000,0.640000,-3.795716,-0.000000,-3.795716,-0.615510,0.000000,0.615510,0.017823,-0.002226,0.030969,0.030969,0.013146,0.072526,0.074752,0.049241,0.021657,0.000105,0.072303,0.000223,1.943544,0.000996,1.944540,1.944540,1.944540,0.972270,0.972270,0,0,1,0,0.000000,0.080000,0.008000,0.001000,5.500000,0.100000,26.000000,0.035000,0.000000
9.750000,0.500000,0.640000,-3.798845,-0.000000,-3.798845,-0.616034,0.000000,0.616034,0.017823,-0.002226,0.030969,0.030969,0.013146,0.072526,0.074752,0.049283,0.021657,0.000105,0.072303,0.000223,1.943544,0.000000,1.943544,1.943544,1.943544,0.971772,0.971772,0,0,1,0,0.000000,0.080000,0.008000,0.001000,5.500000,0.100000,26.000000,0.035000,0.000000
9.755000,0.500000,0.640000,-3.801976,-0.000000,-3.801976,-0.616560,0.000000,0.616560,0.017800,-0.002238,0.030969,0.030969,0.013169,0.072654,0.074892,0.049325,0.021657,0.000105,0.072430,0.000224,1.947188,0.000981,1.948169,1.948169,1.948169,0.974084,0.974084,0,0,1,0,0.000000,0.080000,0.008000,0.001000,5.500000,0.100000,26.000000,0.035000,0.000000
9.764000,0.500000,0.640000,-3.808248,-0.000000,-3.808248,-0.617613,0.000000,0.617613,0.017777,-0.002247,0.030969,0.030969,0.013192,0.072781,0.075027,0.049409,0.021657,0.000117,0.072556,0.000225,1.950707,0.000526,1.951233,1.951233,1.951233,0.975616,0.975616,0,0,1,0,0.000000,0.080000,0.008000,0.001000,5.500000,0.100000,26.000000,0.035000,0.000000
9.769000,0.500000,0.640000,-3.811388,-0.000000,-3.811388,-0.618141,0.000000,0.618141,0.017777,-0.002247,0.030969,0.030969,0.013192,0.072781,0.075027,0.049451,0.021657,0.000106,0.072556,0.000225,1.950707,0.000000,1.950707,1.950707,1.950707,0.975353,0.975353,0,0,1,0,0.000000,0.080000,0.008000,0.001000,5.500000,0.100000,26.000000,0.035000,0.000000
9.774000,0.500000,0.640000,-3.814530,-0.000000,-3.814530,-0.618670,0.000000,0.618670,0.017754,-0.002249,0.030969,0.030969,0.013215,0.072906,0.075154,0.049494,0.021657,0.000106,0.072681,0.000225,1.954014,0.000890,1.954904,1.954904,1.954904,0.977452,0.977452,0,0,1,0,0.000000,0.080000,0.008000,0.001000,5.500000,0.100000,26.000000,0.035000,0.000000
9.779000,0.500000,0.640000,-3.817675,-0.000000,-3.817675,-0.619199,0.000000,0.619199,0.017754,-0.002249,0.030969,0.030969,0.013215,0.072906,0.075154,0.049536,0.021657,0.000106,0.072681,0.000225,1.954014,0.000000,1.954014,1.954014,1.954014,0.977007,0.977007,0,0,1,0,0.000000,0.080000,0.008000,0.001000,5.500000,0.100000,26.000000,0.035000,0.000000
9.784000,0.500000,0.640000,-3.820823,-0.000000,-3.820823,-0.619729,0.000000,0.619729,0.017731,-0.002247,0.030969,0.030969,0.013237,0.073030,0.075277,0.049578,0.021657,0.000106,0.072805,0.000225,1.957205,0.000859,1.958065,1.958065,1.958065,0.979032,0.979032,0,0,1,0,0.000000,0.080000,0.008000,0.001000,5.500000,0.100000,26.000000,0.035000,0.000000
9.789000,0.500000,0.640000,-3.823974,-0.000000,-3.823974,-0.620260,0.000000,0.620260,0.017731,-0.002247,0.030969,0.030969,0.013237,0.073030,0.075277,0.049621,0.021657,0.000106,0.072805,0.000225,1.957205,0.000000,1.957205,1.957205,1.957205,0.978603,0.978603,0,0,1,0,0.000000,0.080000,0.008000,0.001000,5.500000,0.100000,26.000000,0.035000,0.000000
9.794000,0.500000,0.640000,-3.827127,-0.000000,-3.827127,-0.620792,0.000000,0.620792,0.017709,-0.002244,0.030969,0.030969,0.013260,0.073153,0.075397,0.049663,0.021657,0.000106,0.072928,0.000224,1.960326,0.000840,1.961166,1.961166,1.961166,0.980583,0.980583,0,0,1,0,0.000000,0.080000,0.008000,0.001000,5.500000,0.100000,26.000000,0.035000,0.000000
9.799000,0.500000,0.640000,-3.830283,-0.000000,-3.830283,-0.621324,0.000000,0.621324,0.017709,-0.002244,0.030969,0.030969,0.013260,0.073153,0.075397,0.049706,0.021657,0.000106,0.072928,0.000224,1.960326,0.000000,1.960326,1.960326,1.960326,0.980163,0.980163,0,0,1,0,0.000000,0.080000,0.008000,0.001000,5.500000,0.100000,26.000000,0.035000,0.000000
9.804000,0.500000,0.640000,-3.833442,-0.000000,-3.833442,-0.621856,0.000000,0.621856,0.017687,-0.002241,0.030969,0.030969,0.013282,0.073276,0.075517,0.049749,0.021657,0.000107,0.073051,0.000224,1.963434,0.000837,1.964270,1.964270,1.964270,0.982135,0.982135,0,0,1,0,0.000000,0.080000,0.008000,0.001000,5.500000,0.100000,26.000000,0.035000,0.000000
9.809000,0.500000,0.640000,-3.836604,-0.000000,-3.836604,-0.622389,0.000000,0.622389,0.017687,-0.002241,0.030969,0.030969,0.013282,0.073276,0.075517,0.049791,0.021657,0.000107,0.073051,0.000224,1.963434,0.000000,1.963434,1.963434,1.963434,0.981717,0.981717,0,0,1,0,0.000000,0.080000,0.008000,0.001000,5.500000,0.100000,26.000000,0.035000,0.000000
9.814000,0.500000,0.640000,-3.839768,-0.000000,-3.839768,-0.622923,0.000000,0.622923,0.017664,-0.002239,0.030969,0.030969,0.013304,0.073398,0.075638,0.049834,0.021657,0.000107,0.073175,0.000224,1.966585,0.000848,1.967433,1.967433,1.967433,0.983717,0.983717,0,0,1,0,0.000000,0.080000,0.008000,0.001000,5.500000,0.100000,26.000000,0.035000,0.000000
9.823000,0.500000,0.640000,-3.846104,-0.000000,-3.846104,-0.623990,0.000000,0.623990,0.017642,-0.002240,0.030969,0.030969,0.013327,0.073522,0.075762,0.049919,0.021657,0.000119,0.073298,0.000224,1.969821,0.000484,1.970305,1.970305,1.970305,0.985153,0.985153,0,0,1,0,0.000000,0.080000,0.008000,0.001000,5.500000,0.100000,26.000000,0.035000,0.000000
9.828000,0.500000,0.640000,-3.849277,-0.000000,-3.849277,-0.624525,0.000000,0.624525,0.017642,-0.002240,0.030969,0.030969,0.013327,0.073522,0.075762,0.049962,0.021657,0.000107,0.073298,0.000224,1.969821,0.000000,1.969821,1.969821,1.969821,0.984911,0.984911,0,0,1,0,0.000000,0.080000,0.008000,0.001000,5.500000,0.100000,26.000000,0.035000,0.000000
9.833000,0.500000,0.640000,-3.852452,-0.000000,-3.852452,-0.625060,0.000000,0.625060,0.017619,-0.002243,0.030969,0.030969,0.013349,0.073646,0.075889,0.050005,0.021657,0.000107,0.073422,0.000224,1.973110,0.000886,1.973996,1.973996,1.973996,0.986998,0.986998,0,0,1,0,0.000000,0.080000,0.008000,0.001000,5.500000,0.100000,26.000000,0.035000,0.000000
9.838000,0.500000,0.640000,-3.855629,-0.000000,-3.855629,-0.625594,0.000000,0.625594,0.017619,-0.002243,0.030969,0.030969,0.013349,0.073646,0.075889,0.050048,0.021657,0.000107,0.073422,0.000224,1.973110,0.000000,1.973110,1.973110,1.973110,0.986555,0.986555,0,0,1,0,0.000000,0.080000,0.008000,0.001000,5.500000,0.100000,26.000000,0.035000,0.000000
9.843000,0.500000,0.640000,-3.858810,-0.000000,-3.858810,-0.626129,0.000000,0.626129,0.017597,-0.002248,0.030969,0.030969,0.013372,0.073772,0.076020,0.050090,0.021657,0.000107,0.073547,0.000225,1.976519,0.000918,1.977437,1.977437,1.977437,0.988718,0.988718,0,0,1,0,0.000000,0.080000,0.008000,0.001000,5.500000,0.100000,26.000000,0.035000,0.000000
9.848000,0.500000,0.640000,-3.861993,-0.000000,-3.861993,-0.626664,0.000000,0.626664,0.017597,-0.002248,0.030969,0.030969,0.013372,0.073772,0.076020,0.050133,0.021657,0.000107,0.073547,0.000225,1.976519,0.000000,1.976519,1.976519,1.976519,0.988259,0.988259,0,0,1,0,0.000000,0.080000,0.008000,0.001000,5.500000,0.100000,26.000000,0.035000,0.000000
9.853000,0.500000,0.640000,-3.865179,-0.000000,-3.865179,-0.627200,0.000000,0.627200,0.017574,-0.002256,0.030969,0.030969,0.013395,0.073898,0.076155,0.050176,0.021657,0.000107,0.073673,0.000226,1.980026,0.000944,1.980970,1.980970,1.980970,0.990485,0.990485,0,0,1,0,0.000000,0.080000,0.008000,0.001000,5.500000,0.100000,26.000000,0.035000,0.000000
9.858000,0.500000,0.640000,-3.868367,-0.000000,-3.868367,-0.627735,0.000000,0.627735,0.017574,-0.002256,0.030969,0.030969,0.013395,0.073898,0.076155,0.050219,0.021657,0.000107,0.073673,0.000226,1.980026,0.000000,1.980026,1.980026,1.980026,0.990013,0.990013,0,0,1,0,0.000000,0.080000,0.008000,0.001000,5.500000,0.100000,26.000000,0.035000,0.000000
9.863000,0.500000,0.640000,-3.871558,-0.000000,-3.871558,-0.628272,0.000000,0.628272,0.017551,-0.002266,0.030969,0.030969,0.013418,0.074026,0.076292,0.050262,0.021657,0.000107,0.073800,0.000227,1.983593,0.000961,1.984554,1.984554,1.984554,0.992277,0.992277,0,0,1,0,0.000000,0.080000,0.008000,0.001000,5.500000,0.100000,26.000000,0.035000,0.000000
9.868000,0.500000,0.640000,-3.874752,-0.000000,-3.874752,-0.628808,0.000000,0.628808,0.017551,-0.002266,0.030969,0.030969,0.013418,0.074026,0.076292,0.050305,0.021657,0.000107,0.073800,0.000227,1.983593,0.000000,1.983593,1.983593,1.983593,0.991797,0.991797,0,0,1,0,0.000000,0.080000,0.008000,0.001000,5.500000,0.100000,26.000000,0.035000,0.000000
9.873000,0.500000,0.640000,-3.877949,-0.000000,-3.877949,-0.629345,0.000000,0.629345,0.017527,-0.002275,0.030969,0.030969,0.013441,0.074155,0.076430,0.050348,0.021657,0.000107,0.073927,0.000228,1.987178,0.000965,1.988143,1.988143,1.988143,0.994071,0.994071,0,0,1,0,0.000000,0.080000,0.008000,0.001000,5.500000,0.100000,26.000000,0.035000,0.000000
9.882000,0.500000,0.640000,-3.884350,-0.000000,-3.884350,-0.630421,0.000000,0.630421,0.017504,-0.002283,0.030969,0.030969,0.013465,0.074284,0.076567,0.050434,0.021657,0.000119,0.074055,0.000228,1.990736,0.000532,1.991268,1.991268,1.991268,0.995634,0.995634,0,0,1,0,0.000000,0.080000,0.008000,0.001000,5.500000,0.100000,26.000000,0.035000,0.000000
9.887000,0.500000,0.640000,-3.887555,-0.000000,-3.887555,-0.630959,0.000000,0.630959,0.017504,-0.002283,0.030969,0.030969,0.013465,0.074284,0.076567,0.050477,0.021657,0.000108,0.074055,0.000228,1.990736,0.000000,1.990736,1.990736,1.990736,0.995368,0.995368,0,0,1,0,0.000000,0.080000,0.008000,0.001000,5.500000,0.100000,26.000000,0.035000,0.000000
9.892000,0.500000,0.640000,-3.890763,-0.000000,-3.890763,-0.631499,0.000000,0.631499,0.017481,-0.002288,0.030969,0.030969,0.013488,0.074411,0.076699,0.050520,0.021657,0.000108,0.074183,0.000229,1.994178,0.000927,1.995104,1.995104,1.995104,0.997552,0.997552,0,0,1,0,0.000000,0.080000,0.008000,0.001000,5.500000,0.100000,26.000000,0.035000,0.000000
9.897000,0.500000,0.640000,-3.893973,-0.000000,-3.893973,-0.632039,0.000000,0.632039,0.017481,-0.002288,0.030969,0.030969,0.013488,0.074411,0.076699,0.050563,0.021657,0.000108,0.074183,0.000229,1.994178,0.000000,1.994178,1.994178,1.994178,0.997089,0.997089,0,0,1,0,0.000000,0.080000,0.008000,0.001000,5.500000,0.100000,26.000000,0.035000,0.000000
9.902000,0.500000,0.640000,-3.897187,-0.000000,-3.897187,-0.632580,0.000000,0.632580,0.017458,-0.002291,0.030969,0.030969,0.013511,0.074539,0.076830,0.050606,0.021657,0.000108,0.074310,0.000229,1.997571,0.000914,1.998485,1.998485,1.998485,0.999243,0.999243,0,0,1,0,0.000000,0.080000,0.008000,0.001000,5.500000,0.100000,26.000000,0.035000,0.000000
9.907000,0.500000,0.640000,-3.900402,-0.000000,-3.900402,-0.633120,0.000000,0.633120,0.017458,-0.002291,0.030969,0.030969,0.013511,0.074539,0.076830,0.050650,0.021657,0.000108,0.074310,0.000229,1.997571,0.000000,1.997571,1.997571,1.997571,0.998786,0.998786,0,0,1,0,0.000000,0.080000,0.008000,0.001000,5.500000,0.100000,26.000000,0.035000,0.000000
9.912000,0.500000,0.640000,-3.903621,-0.000000,-3.903621,-0.633663,0.000000,0.633663,0.017435,-0.002292,0.030969,0.030969,0.013534,0.074666,0.076959,0.050693,0.021657,0.000108,0.074437,0.000229,2.000925,0.000903,2.001828,2.001828,2.001828,1.000914,1.000914,0,0,1,0,0.000000,0.080000,0.008000,0.001000,5.500000,0.100000,26.000000,0.035000,0.000000
9.917000,0.500000,0.640000,-3.906843,-0.000000,-3.906843,-0.634205,0.000000,0.634205,0.017435,-0.002292,0.030969,0.030969,0.013534,0.074666,0.076959,0.050736,0.021657,0.000108,0.074437,0.000229,2.000925,0.000000,2.000925,2.000925,2.000925,1.000463,1.000463,0,0,1,0,0.000000,0.080000,0.008000,0.001000,5.500000,0.100000,26.000000,0.035000,0.000000
9.922000,0.500000,0.640000,-3.910067,-0.000000,-3.910067,-0.634748,0.000000,0.634748,0.017412,-0.002294,0.030969,0.030969,0.013557,0.074793,0.077087,0.050780,0.021657,0.000109,0.074564,0.000229,2.004259,0.000898,2.005157,2.005157,2.005157,1.002578,1.002578,0,0,1,0,0.000000,0.080000,0.008000,0.001000,5.500000,0.100000,26.000000,0.035000,0.000000
9.927000,0.500000,0.640000,-3.913294,-0.000000,-3.913294,-0.635291,0.000000,0.635291,0.017412,-0.002294,0.030969,0.030969,0.013557,0.074793,0.077087,0.050823,0.021657,0.000109,0.074564,0.000229,2.004259,0.000000,2.004259,2.004259,2.004259,1.002130,1.002130,0,0,1,0,0.000000,0.080000,0.008000,0.001000,5.500000,0.100000,26.000000,0.035000,0.000000
9.932000,0.500000,0.640000,-3.916524,-0.000000,-3.916524,-0.635835,0.000000,0.635835,0.017389,-0.002295,0.030969,0.030969,0.013580,0.074920,0.077215,0.050867,0.021657,0.000109,0.074691,0.000229,2.007595,0.000898,2.008494,2.008494,2.008494,1.004247,1.004247,0,0,1,0,0.000000,0.080000,0.008000,0.001000,5.500000,0.100000,26.000000,0.035000,0.000000
9.941000,0.500000,0.640000,-3.922991,-0.000000,-3.922991,-0.636924,0.000000,0.636924,0.017365,-0.002297,0.030969,0.030969,0.013603,0.075048,0.077344,0.050954,0.021657,0.000121,0.074818,0.000230,2.010956,0.000503,2.011458,2.011458,2.011458,1.005729,1.005729,0,0,1,0,0.000000,0.080000,0.008000,0.001000,5.500000,0.100000,26.000000,0.035000,0.000000
9.946000,0.500000,0.640000,-3.926229,-0.000000,-3.926229,-0.637469,0.000000,0.637469,0.017365,-0.002297,0.030969,0.030969,0.013603,0.075048,0.077344,0.050998,0.021657,0.000109,0.074818,0.000230,2.010956,0.000000,2.010956,2.010956,2.010956,1.005478,1.005478,0,0,1,0,0.000000,0.080000,0.008000,0.001000,5.500000,0.100000,26.000000,0.035000,0.000000
9.951000,0.500000,0.640000,-3.929470,-0.000000,-3.929470,-0.638015,0.000000,0.638015,0.017342,-0.002298,0.030969,0.030969,0.013626,0.075175,0.077473,0.051041,0.021657,0.000109,0.074945,0.000230,2.014299,0.000900,2.015199,2.015199,2.015199,1.007599,1.007599,0,0,1,0,0.000000,0.080000,0.008000,0.001000,5.500000,0.100000,26.000000,0.035000,0.000000
9.956000,0.500000,0.640000,-3.932714,-0.000000,-3.932714,-0.638561,0.000000,0.638561,0.017342,-0.002298,0.030969,0.030969,0.013626,0.075175,0.077473,0.051085,0.021657,0.000109,0.074945,0.000230,2.014299,0.000000,2.014299,2.014299,2.014299,1.007149,1.007149,0,0,1,0,0.000000,0.080000,0.008000,0.001000,5.500000,0.100000,26.000000,0.035000,0.000000
9.961000,0.500000,0.640000,-3.935960,-0.000000,-3.935960,-0.639108,0.000000,0.639108,0.017319,-0.002302,0.030969,0.030969,0.013650,0.075303,0.077604,0.051129,0.021657,0.000109,0.075072,0.000230,2.017706,0.000917,2.018624,2.018624,2.018624,1.009312,1.009312,0,0,1,0,0.000000,0.080000,0.008000,0.001000,5.500000,0.100000,26.000000,0.035000,0.000000
9.966000,0.500000,0.640000,-3.939209,-0.000000,-3.939209,-0.639654,0.000000,0.639654,0.017319,-0.002302,0.030969,0.030969,0.013650,0.075303,0.077604,0.051172,0.021657,0.000109,0.075072,0.000230,2.017706,0.000000,2.017706,2.017706,2.017706,1.008853,1.008853,0,0,1,0,0.000000,0.080000,0.008000,0.001000,5.500000,0.100000,26.000000,0.035000,0.000000
9.971000,0.500000,0.640000,-3.942461,-0.000000,-3.942461,-0.640201,0.000000,0.640201,0.017296,-0.002306,0.030969,0.030969,0.013673,0.075431,0.077738,0.051216,0.021657,0.000109,0.075201,0.000231,2.021179,0.000935,2.022114,2.022114,2.022114,1.011057,1.011057,0,0,1,0,0.000000,0.080000,0.008000,0.001000,5.500000,0.100000,26.000000,0.035000,0.000000
9.976000,0.500000,0.640000,-3.945716,-0.000000,-3.945716,-0.640748,0.000000,0.640748,0.017296,-0.002306,0.030969,0.030969,0.013673,0.075431,0.077738,0.051260,0.021657,0.000109,0.075201,0.000231,2.021179,0.000000,2.021179,2.021179,2.021179,1.010590,1.010590,0,0,1,0,0.000000,0.080000,0.008000,0.001000,5.500000,0.100000,26.000000,0.035000,0.000000
9.985000,0.500000,0.640000,-3.948973,-0.000000,-3.948973,-0.641297,0.000000,0.641297,0.017272,-0.002313,0.030969,0.030969,0.013696,0.075561,0.077873,0.051304,0.021657,0.000061,0.075329,0.000231,2.024707,0.000528,2.025234,2.025234,2.025234,1.012617,1.012617,0,0,1,0,0.000000,0.080000,0.008000,0.001000,5.500000,0.100000,26.000000,0.035000,0.000000
9.990000,0.500000,0.640000,-3.952233,-0.000000,-3.952233,-0.641844,0.000000,0.641844,0.017249,-0.002333,0.030969,0.030969,0.013720,0.075693,0.078027,0.051348,0.021657,0.000110,0.075460,0.000233,2.028700,0.001075,2.029774,2.029774,2.029774,1.014887,1.014887,0,0,1,0,0.000000,0.080000,0.008000,0.001000,5.500000,0.100000,26.000000,0.035000,0.000000
9.995000,0.500000,0.640000,-3.955496,-0.000000,-3.955496,-0.642391,0.000000,0.642391,0.017249,-0.002333,0.030969,0.030969,0.013720,0.075693,0.078027,0.051391,0.021657,0.000109,0.075460,0.000233,2.028700,0.000000,2.028700,2.028700,2.028700,1.014350,1.014350,0,0,1,0,0.000000,0.080000,0.008000,0.001000,5.500000,0.100000,26.000000,0.035000,0.000000
10.000000,0.500000,0.640000,-3.958762,-0.000000,-3.958762,-0.642938,0.000000,0.642938,0.017249,-0.002333,0.030969,0.030969,0.013720,0.075693,0.078027,0.051435,0.021657,0.000109,0.075460,0.000233,2.028700,0.000000,2.028700,2.028700,2.028700,1.014350,1.014350,0,0,1,0,0.000000,0.080000,0.008000,0.001000,5.500000,0.100000,26.000000,0.035000,0.000000
10.005000,0.500000,0.640000,-3.962030,-0.000000,-3.962030,-0.643486,0.000000,0.643486,0.017224,-0.002348,0.030969,0.030969,0.013744,0.075828,0.078176,0.051479,0.021657,0.000110,0.075593,0.000235,2.032567,0.001041,2.033608,2.033608,2.033608,1.016804,1.016804,0,0,1,0,0.000000,0.080000,0.008000,0.001000,5.500000,0.100000,26.000000,0.035000,0.000000
10.010000,0.500000,0.640000,-3.965301,-0.000000,-3.965301,-0.644035,0.000000,0.644035,0.017224,-0.002348,0.030969,0.030969,0.013744,0.075828,0.078176,0.051523,0.021657,0.000110,0.075593,0.000235,2.032567,0.000000,2.032567,2.032567,2.032567,1.016284,1.016284,0,0,1,0,0.000000,0.080000,0.008000,0.001000,5.500000,0.100000,26.000000,0.035000,0.000000
10.015000,0.500000,0.640000,-3.968575,-0.000000,-3.968575,-0.644585,0.000000,0.644585,0.017200,-0.002355,0.030969,0.030969,0.013768,0.075961,0.078317,0.051567,0.021657,0.000110,0.075726,0.000236,2.036231,0.000986,2.037218,2.037218,2.037218,1.018609,1.018609,0,0,1,0,0.000000,0.080000,0.008000,0.001000,5.500000,0.100000,26.000000,0.035000,0.000000
10.024000,0.500000,0.640000,-3.975132,-0.000000,-3.975132,-0.645688,0.000000,0.645688,0.017177,-0.002357,0.030969,0.030969,0.013792,0.076093,0.078449,0.051655,0.021657,0.000123,0.075857,0.000236,2.039677,0.000515,2.040192,2.040192,2.040192,1.020096,1.020096,0,0,1,0,0.000000,0.080000,0.008000,0.001000,5.500000,0.100000,26.000000,0.035000,0.000000
10.029000,0.500000,0.640000,-3.978415,-0.000000,-3.978415,-0.646241,0.000000,0.646241,0.017177,-0.002357,0.030969,0.030969,0.013792,0.076093,0.078449,0.051699,0.021657,0.000111,0.075857,0.000236,2.039677,0.000000,2.039677,2.039677,2.039677,1.019838,1.019838,0,0,1,0,0.000000,0.080000,0.008000,0.001000,5.500000,0.100000,26.000000,0.035000,0.000000
10.034000,0.500000,0.640000,-3.981700,-0.000000,-3.981700,-0.646795,0.000000,0.646795,0.017153,-0.002351,0.030969,0.030969,0.013816,0.076221,0.078572,0.051744,0.021657,0.000111,0.075986,0.000235,2.042874,0.000861,2.043735,2.043735,2.043735,1.021867,1.021867,0,0,1,0,0.000000,0.080000,0.008000,0.001000,5.500000,0.100000,26.000000,0.035000,0.000000
10.039000,0.500000,0.640000,-3.984988,-0.000000,-3.984988,-0.647350,0.000000,0.647350,0.017153,-0.002351,0.030969,0.030969,0.013816,0.076221,0.078572,0.051788,0.021657,0.000111,0.075986,0.000235,2.042874,0.000000,2.042874,2.042874,2.042874,1.021437,1.021437,0,0,1,0,0.000000,0.080000,0.008000,0.001000,5.500000,0.100000,26.000000,0.035000,0.000000
10.044000,0.500000,0.640000,-3.988280,-0.000000,-3.988280,-0.647905,0.000000,0.647905,0.017130,-0.002343,0.030969,0.030969,0.013839,0.076348,0.078692,0.051832,0.021657,0.000111,0.076114,0.000234,2.045981,0.000836,2.046817,2.046817,2.046817,1.023409,1.023409,0,0,1,0,0.000000,0.080000,0.008000,0.001000,5.500000,0.100000,26.000000,0.035000,0.000000
10.049000,0.500000,0.640000,-3.991574,-0.000000,-3.991574,-0.648461,0.000000,0.648461,0.017130,-0.002343,0.030969,0.030969,0.013839,0.076348,0.078692,0.051877,0.021657,0.000111,0.076114,0.000234,2.045981,0.000000,2.045981,2.045981,2.045981,1.022990,1.022990,0,0,1,0,0.000000,0.080000,0.008000,0.001000,5.500000,0.100000,26.000000,0.035000,0.000000
10.054000,0.500000,0.640000,-3.994870,-0.000000,-3.994870,-0.649018,0.000000,0.649018,0.017107,-0.002336,0.030969,0.030969,0.013862,0.076475,0.078811,0.051921,0.021657,0.000111,0.076241,0.000234,2.049091,0.000837,2.049928,2.049928,2.049928,1.024964,1.024964,0,0,1,0,0.000000,0.080000,0.008000,0.001000,5.500000,0.100000,26.000000,0.035000,0.000000
10.059000,0.500000,0.640000,-3.998170,-0.000000,-3.998170,-0.649575,0.000000,0.649575,0.017107,-0.002336,0.030969,0.030969,0.013862,0.076475,0.078811,0.051966,0.021657,0.000111,0.076241,0.000234,2.049091,0.000000,2.049091,2.049091,2.049091,1.024545,1.024545,0,0,1,0,0.000000,0.080000,0.008000,0.001000,5.500000,0.100000,26.000000,0.035000,0.000000
10.064000,0.500000,0.640000,-4.001473,-0.000000,-4.001473,-0.650132,0.000000,0.650132,0.017084,-0.002332,0.030969,0.030969,0.013885,0.076602,0.078934,0.052011,0.021657,0.000112,0.076369,0.000233,2.052290,0.000861,2.053151,2.053151,2.053151,1.026576,1.026576,0,0,1,0,0.000000,0.080000,0.008000,0.001000,5.500000,0.100000,26.000000,0.035000,0.000000
10.069000,0.500000,0.640000,-4.004778,-0.000000,-4.004778,-0.650689,0.000000,0.650689,0.017084,-0.002332,0.030969,0.030969,0.013885,0.076602,0.078934,0.052055,0.021657,0.000111,0.076369,0.000233,2.052290,0.000000,2.052290,2.052290,2.052290,1.026145,1.026145,0,0,1,0,0.000000,0.080000,0.008000,0.001000,5.500000,0.100000,26.000000,0.035000,0.000000
10.074000,0.500000,0.640000,-4.008086,-0.000000,-4.008086,-0.651247,0.000000,0.651247,0.017060,-0.002333,0.030969,0.030969,0.013909,0.076730,0.079063,0.052100,0.021657,0.000112,0.076497,0.000233,2.055637,0.000901,2.056538,2.056538,2.056538,1.028269,1.028269,0,0,1,0,0.000000,0.080000,0.008000,0.001000,5.500000,0.100000,26.000000,0.035000,0.000000
10.079000,0.500000,0.640000,-4.011397,-0.000000,-4.011397,-0.651804,0.000000,0.651804,0.017060,-0.002333,0.030969,0.030969,0.013909,0.076730,0.079063,0.052144,0.021657,0.000111,0.076497,0.000233,2.055637,0.000000,2.055637,2.055637,2.055637,1.027818,1.027818,0,0,1,0,0.000000,0.080000,0.008000,0.001000,5.500000,0.100000,26.000000,0.035000,0.000000
10.088000,0.500000,0.640000,-4.018027,-0.000000,-4.018027,-0.652920,0.000000,0.652920,0.017037,-0.002338,0.030969,0.030969,0.013932,0.076860,0.079198,0.052234,0.021657,0.000124,0.076627,0.000234,2.059152,0.000526,2.059678,2.059678,2.059678,1.029839,1.029839,0,0,1,0,0.000000,0.080000,0.008000,0.001000,5.500000,0.100000,26.000000,0.035000,0.000000
10.093000,0.500000,0.640000,-4.021346,-0.000000,-4.021346,-0.653476,0.000000,0.653476,0.017013,-0.002361,0.030969,0.030969,0.013956,0.076995,0.079356,0.052278,0.021657,0.000111,0.076759,0.000236,2.063247,0.001103,2.064350,2.064350,2.064350,1.032175,1.032175,0,0,1,0,0.000000,0.080000,0.008000,0.001000,5.500000,0.100000,26.000000,0.035000,0.000000
10.098000,0.500000,0.640000,-4.024668,-0.000000,-4.024668,-0.654032,0.000000,0.654032,0.017013,-0.002361,0.030969,0.030969,0.013956,0.076995,0.079356,0.052323,0.021657,0.000111,0.076759,0.000236,2.063247,0.000000,2.063247,2.063247,2.063247,1.031624,1.031624,0,0,1,0,0.000000,0.080000,0.008000,0.001000,5.500000,0.100000,26.000000,0.035000,0.000000
10.103000,0.500000,0.640000,-4.027993,-0.000000,-4.027993,-0.654589,0.000000,0.654589,0.016988,-0.002379,0.030969,0.030969,0.013981,0.077133,0.079512,0.052367,0.021657,0.000111,0.076895,0.000238,2.067311,0.001094,2.068406,2.068406,2.068406,1.034203,1.034203,0,0,1,0,0.000000,0.080000,0.008000,0.001000,5.500000,0.100000,26.000000,0.035000,0.000000
10.108000,0.500000,0.640000,-4.031320,-0.000000,-4.031320,-0.655147,0.000000,0.655147,0.016988,-0.002379,0.030969,0.030969,0.013981,0.077133,0.079512,0.052412,0.021657,0.000111,0.076895,0.000238,2.067311,0.000000,2.067311,2.067311,2.067311,1.033656,1.033656,0,0,1,0,0.000000,0.080000,0.008000,0.001000,5.500000,0.100000,26.000000,0.035000,0.000000
10.113000,0.500000,0.640000,-4.034651,-0.000000,-4.034651,-0.655706,0.000000,0.655706,0.016963,-0.002393,0.030969,0.030969,0.014005,0.077270,0.079663,0.052456,0.021657,0.000112,0.077030,0.000239,2.071226,0.001054,2.072281,2.072281,2.072281,1.036140,1.036140,0,0,1,0,0.000000,0.080000,0.008000,0.001000,5.500000,0.100000,26.000000,0.035000,0.000000
10.122000,0.500000,0.640000,-4.041320,-0.000000,-4.041320,-0.656826,0.000000,0.656826,0.016939,-0.002400,0.030969,0.030969,0.014030,0.077405,0.079805,0.052546,0.021657,0.000124,0.077165,0.000240,2.074930,0.000554,2.075484,2.075484,2.075484,1.037742,1.037742,0,0,1,0,0.000000,0.080000,0.008000,0.001000,5.500000,0.100000,26.000000,0.035000,0.000000
10.127000,0.500000,0.640000,-4.044659,-0.000000,-4.044659,-0.657387,0.000000,0.657387,0.016939,-0.002400,0.030969,0.030969,0.014030,0.077405,0.079805,0.052591,0.021657,0.000112,0.077165,0.000240,2.074930,0.000000,2.074930,2.074930,2.074930,1.037465,1.037465,0,0,1,0,0.000000,0.080000,0.008000,0.001000,5.500000,0.100000,26.000000,0.035000,0.000000
10.132000,0.500000,0.640000,-4.048002,-0.000000,-4.048002,-0.657950,0.000000,0.657950,0.016915,-0.002399,0.030969,0.030969,0.014054,0.077538,0.079936,0.052636,0.021657,0.000113,0.077298,0.000240,2.078343,0.000919,2.079262,2.079262,2.079262,1.039631,1.039631,0,0,1,0,0.000000,0.080000,0.008000,0.001000,5.500000,0.100000,26.000000,0.035000,0.000000
10.137000,0.500000,0.640000,-4.051346,-0.000000,-4.051346,-0.658514,0.000000,0.658514,0.016915,-0.002399,0.030969,0.030969,0.014054,0.077538,0.079936,0.052681,0.021657,0.000113,0.077298,0.000240,2.078343,0.000000,2.078343,2.078343,2.078343,1.039171,1.039171,0,0,1,0,0.000000,0.080000,0.008000,0.001000,5.500000,0.100000,26.000000,0.035000,0.000000
10.142000,0.500000,0.640000,-4.054694,-0.000000,-4.054694,-0.659079,0.000000,0.659079,0.016891,-0.002393,0.030969,0.030969,0.014078,0.077668,0.080062,0.052726,0.021657,0.000113,0.077429,0.000239,2.081599,0.000877,2.082476,2.082476,2.082476,1.041238,1.041238,0,0,1,0,0.000000,0.080000,0.008000,0.001000,5.500000,0.100000,26.000000,0.035000,0.000000
10.147000,0.500000,0.640000,-4.058045,-0.000000,-4.058045,-0.659644,0.000000,0.659644,0.016891,-0.002393,0.030969,0.030969,0.014078,0.077668,0.080062,0.052772,0.021657,0.000113,0.077429,0.000239,2.081599,0.000000,2.081599,2.081599,2.081599,1.040800,1.040800,0,0,1,0,0.000000,0.080000,0.008000,0.001000,5.500000,0.100000,26.000000,0.035000,0.000000
10.152000,0.500000,0.640000,-4.061399,-0.000000,-4.061399,-0.660210,0.000000,0.660210,0.016867,-0.002386,0.030969,0.030969,0.014102,0.077798,0.080184,0.052817,0.021657,0.000113,0.077559,0.000239,2.084781,0.000857,2.085637,2.085637,2.085637,1.042819,1.042819,0,0,1,0,0.000000,0.080000,0.008000,0.001000,5.500000,0.100000,26.000000,0.035000,0.000000
10.157000,0.500000,0.640000,-4.064755,-0.000000,-4.064755,-0.660777,0.000000,0.660777,0.016867,-0.002386,0.030969,0.030969,0.014102,0.077798,0.080184,0.052862,0.021657,0.000113,0.077559,0.000239,2.084781,0.000000,2.084781,2.084781,2.084781,1.042390,1.042390,0,0,1,0,0.000000,0.080000,0.008000,0.001000,5.500000,0.100000,26.000000,0.035000,0.000000
10.166000,0.500000,0.640000,-4.071477,-0.000000,-4.071477,-0.661911,0.000000,0.661911,0.016843,-0.002380,0.030969,0.030969,0.014125,0.077927,0.080307,0.052953,0.021657,0.000126,0.077689,0.000238,2.087980,0.000478,2.088458,2.088458,2.088458,1.044229,1.044229,0,0,1,0,0.000000,0.080000,0.008000,0.001000,5.500000,0.100000,26.000000,0.035000,0.000000
10.171000,0.500000,0.640000,-4.074842,-0.000000,-4.074842,-0.662477,0.000000,0.662477,0.016820,-0.002389,0.030969,0.030969,0.014149,0.078059,0.080449,0.052998,0.021657,0.000113,0.077820,0.000239,2.091666,0.000992,2.092658,2.092658,2.092658,1.046329,1.046329,0,0,1,0,0.000000,0.080000,0.008000,0.001000,5.500000,0.100000,26.000000,0.035000,0.000000
10.176000,0.500000,0.640000,-4.078210,-0.000000,-4.078210,-0.663043,0.000000,0.663043,0.016820,-0.002389,0.030969,0.030969,0.014149,0.078059,0.080449,0.053043,0.021657,0.000113,0.077820,0.000239,2.091666,0.000000,2.091666,2.091666,2.091666,1.045833,1.045833,0,0,1,0,0.000000,0.080000,0.008000,0.001000,5.500000,0.100000,26.000000,0.035000,0.000000
10.181000,0.500000,0.640000,-4.081581,-0.000000,-4.081581,-0.663610,0.000000,0.663610,0.016795,-0.002397,0.030969,0.030969,0.014174,0.078194,0.080591,0.053089,0.021657,0.000113,0.077955,0.000240,2.095376,0.000999,2.096375,2.096375,2.096375,1.048188,1.048188,0,0,1,0,0.000000,0.080000,0.008000,0.001000,5.500000,0.100000,26.000000,0.035000,0.000000
10.186000,0.500000,0.640000,-4.084954,-0.000000,-4.084954,-0.664177,0.000000,0.664177,0.016795,-0.002397,0.030969,0.030969,0.014174,0.078194,0.080591,0.053134,0.021657,0.000113,0.077955,0.000240,2.095376,0.000000,2.095376,2.095376,2.095376,1.047688,1.047688,0,0,1,0,0.000000,0.080000,0.008000,0.001000,5.500000,0.100000,26.000000,0.035000,0.000000
10.195000,0.500000,0.640000,-4.091710,-0.000000,-4.091710,-0.665313,0.000000,0.665313,0.016771,-0.002404,0.030969,0.030969,0.014198,0.078329,0.080734,0.053225,0.021657,0.000126,0.078089,0.000240,2.099075,0.000553,2.099628,2.099628,2.099628,1.049814,1.049814,0,0,1,0,0.000000,0.080000,0.008000,0.001000,5.500000,0.100000,26.000000,0.035000,0.000000
10.200000,0.500000,0.640000,-4.091710,-0.000000,-4.091710,-0.665313,0.000000,0.665313,0.016746,-0.002425,0.030969,0.030969,0.014223,0.078467,0.080892,0.053225,0.021657,0.000000,0.078225,0.000242,2.103192,0.001109,2.104301,2.104301,2.104301,1.052150,1.052150,0,0,1,0,0.000000,0.080000,0.008000,0.001000,5.500000,0.100000,26.000000,0.035000,0.000000
10.205000,0.500000,0.640000,-4.095092,-0.000000,-4.095092,-0.665880,0.000000,0.665880,0.016746,-0.002425,0.030969,0.030969,0.014223,0.078467,0.080892,0.053270,0.021657,0.000113,0.078225,0.000242,2.103192,0.000000,2.103192,2.103192,2.103192,1.051596,1.051596,0,0,1,0,0.000000,0.080000,0.008000,0.001000,5.500000,0.100000,26.000000,0.035000,0.000000
10.210000,0.500000,0.640000,-4.098477,-0.000000,-4.098477,-0.666447,0.000000,0.666447,0.016721,-0.002431,0.030969,0.030969,0.014248,0.078606,0.081037,0.053316,0.021657,0.000113,0.078363,0.000243,2.106961,0.001015,2.107975,2.107975,2.107975,1.053988,1.053988,0,0,1,0,0.000000,0.080000,0.008000,0.001000,5.500000,0.100000,26.000000,0.035000,0.000000
10.215000,0.500000,0.640000,-4.101865,-0.000000,-4.101865,-0.667016,0.000000,0.667016,0.016721,-0.002437,0.030969,0.030969,0.014248,0.078606,0.081043,0.053361,0.021657,0.000114,0.078363,0.000244,2.107124,0.000044,2.107168,2.107168,2.107168,1.053584,1.053584,0,0,1,0,0.000000,0.080000,0.008000,0.001000,5.500000,0.100000,26.000000,0.035000,0.000000
10.220000,0.500000,0.640000,-4.105256,-0.000000,-4.105256,-0.667585,0.000000,0.667585,0.016721,-0.002437,0.030969,0.030969,0.014248,0.078606,0.081043,0.053407,0.021657,0.000114,0.078363,0.000244,2.107124,0.000000,2.107124,2.107124,2.107124,1.053562,1.053562,0,0,1,0,0.000000,0.080000,0.008000,0.001000,5.500000,0.100000,26.000000,0.035000,0.000000
10.225000,0.500000,0.640000,-4.108650,-0.000000,-4.108650,-0.668155,0.000000,0.668155,0.016696,-0.002445,0.030969,0.030969,0.014273,0.078744,0.081189,0.053452,0.021657,0.000114,0.078500,0.000244,2.110909,0.001019,2.111928,2.111928,2.111928,1.055964,1.055964,0,0,1,0,0.000000,0.080000,0.008000,0.001000,5.500000,0.100000,26.000000,0.035000,0.000000
10.230000,0.500000,0.640000,-4.112047,-0.000000,-4.112047,-0.668726,0.000000,0.668726,0.016696,-0.002445,0.030969,0.030969,0.014273,0.078744,0.081189,0.053498,0.021657,0.000114,0.078500,0.000244,2.110909,0.000000,2.110909,2.110909,2.110909,1.055454,1.055454,0,0,1,0,0.000000,0.080000,0.008000,0.001000,5.500000,0.100000,26.000000,0.035000,0.000000
10.235000,0.500000,0.640000,-4.115446,-0.000000,-4.115446,-0.669299,0.000000,0.669299,0.016671,-0.002445,0.030969,0.030969,0.014297,0.078880,0.081325,0.053544,0.021657,0.000115,0.078635,0.000244,2.114444,0.000952,2.115396,2.115396,2.115396,1.057698,1.057698,0,0,1,0,0.000000,0.080000,0.008000,0.001000,5.500000,0.100000,26.000000,0.035000,0.000000
10.244000,0.500000,0.640000,-4.122255,-0.000000,-4.122255,-0.670447,0.000000,0.670447,0.016647,-0.002439,0.030969,0.030969,0.014322,0.079013,0.081452,0.053636,0.021657,0.000128,0.078769,0.000244,2.117761,0.000496,2.118258,2.118258,2.118258,1.059129,1.059129,0,0,1,0,0.000000,0.080000,0.008000,0.001000,5.500000,0.100000,26.000000,0.035000,0.000000
10.249000,0.500000,0.640000,-4.125663,-0.000000,-4.125663,-0.671022,0.000000,0.671022,0.016647,-0.002439,0.030969,0.030969,0.014322,0.079013,0.081452,0.053682,0.021657,0.000115,0.078769,0.000244,2.117761,0.000000,2.117761,2.117761,2.117761,1.058881,1.058881,0,0,1,0,0.000000,0.080000,0.008000,0.001000,5.500000,0.100000,26.000000,0.035000,0.000000
10.254000,0.500000,0.640000,-4.129075,-0.000000,-4.129075,-0.671599,0.000000,0.671599,0.016623,-0.002429,0.030969,0.030969,0.014346,0.079144,0.081573,0.053728,0.021657,0.000115,0.078901,0.000243,2.120890,0.000842,2.121733,2.121733,2.121733,1.060866,1.060866,0,0,1,0,0.000000,0.080000,0.008000,0.001000,5.500000,0.100000,26.000000,0.035000,0.000000
10.259000,0.500000,0.640000,-4.132489,-0.000000,-4.132489,-0.672175,0.000000,0.672175,0.016623,-0.002429,0.030969,0.030969,0.014346,0.079144,0.081573,0.053774,0.021657,0.000115,0.078901,0.000243,2.120890,0.000000,2.120890,2.120890,2.120890,1.060445,1.060445,0,0,1,0,0.000000,0.080000,0.008000,0.001000,5.500000,0.100000,26.000000,0.035000,0.000000
10.264000,0.500000,0.640000,-4.135907,-0.000000,-4.135907,-0.672753,0.000000,0.672753,0.016599,-0.002419,0.030969,0.030969,0.014370,0.079274,0.081693,0.053820,0.021657,0.000116,0.079033,0.000242,2.124023,0.000844,2.124867,2.124867,2.124867,1.062433,1.062433,0,0,1,0,0.000000,0.080000,0.008000,0.001000,5.500000,0.100000,26.000000,0.035000,0.000000
10.269000,0.500000,0.640000,-4.139327,-0.000000,-4.139327,-0.673331,0.000000,0.673331,0.016599,-0.002419,0.030969,0.030969,0.014370,0.079274,0.081693,0.053866,0.021657,0.000116,0.079033,0.000242,2.124023,0.000000,2.124023,2.124023,2.124023,1.062012,1.062012,0,0,1,0,0.000000,0.080000,0.008000,0.001000,5.500000,0.100000,26.000000,0.035000,0.000000
10.274000,0.500000,0.640000,-4.142751,-0.000000,-4.142751,-0.673909,0.000000,0.673909,0.016575,-0.002413,0.030969,0.030969,0.014393,0.079405,0.081818,0.053913,0.021657,0.000116,0.079164,0.000241,2.127268,0.000874,2.128142,2.128142,2.128142,1.064071,1.064071,0,0,1,0,0.000000,0.080000,0.008000,0.001000,5.500000,0.100000,26.000000,0.035000,0.000000
10.279000,0.500000,0.640000,-4.146177,-0.000000,-4.146177,-0.674487,0.000000,0.674487,0.016575,-0.002413,0.030969,0.030969,0.014393,0.079405,0.081818,0.053959,0.021657,0.000116,0.079164,0.000241,2.127268,0.000000,2.127268,2.127268,2.127268,1.063634,1.063634,0,0,1,0,0.000000,0.080000,0.008000,0.001000,5.500000,0.100000,26.000000,0.035000,0.000000
10.284000,0.500000,0.640000,-4.149606,-0.000000,-4.149606,-0.675066,0.000000,0.675066,0.016551,-0.002412,0.030969,0.030969,0.014418,0.079538,0.081950,0.054005,0.021657,0.000116,0.079296,0.000241,2.130698,0.000923,2.131621,2.131621,2.131621,1.065811,1.065811,0,0,1,0,0.000000,0.080000,0.008000,0.001000,5.500000,0.100000,26.000000,0.035000,0.000000
10.294000,0.500000,0.640000,-4.156473,-0.000000,-4.156473,-0.676222,0.000000,0.676222,0.016527,-0.002418,0.030969,0.030969,0.014442,0.079672,0.082090,0.054098,0.021657,0.000116,0.079430,0.000242,2.134340,0.000490,2.134830,2.134830,2.134830,1.067415,1.067415,0,0,1,0,0.000000,0.080000,0.008000,0.001000,5.500000,0.100000,26.000000,0.035000,0.000000
10.303000,0.500000,0.640000,-4.163351,-0.000000,-4.163351,-0.677380,0.000000,0.677380,0.016502,-0.002427,0.030969,0.030969,0.014466,0.079808,0.082235,0.054190,0.021657,0.000129,0.079566,0.000243,2.138122,0.000566,2.138688,2.138688,2.138688,1.069344,1.069344,0,0,1,0,0.000000,0.080000,0.008000,0.001000,5.500000,0.100000,26.000000,0.035000,0.000000
10.308000,0.500000,0.640000,-4.166795,-0.000000,-4.166795,-0.677958,0.000000,0.677958,0.016502,-0.002427,0.030969,0.030969,0.014466,0.079808,0.082235,0.054237,0.021657,0.000116,0.079566,0.000243,2.138122,0.000000,2.138122,2.138122,2.138122,1.069061,1.069061,0,0,1,0,0.000000,0.080000,0.008000,0.001000,5.500000,0.100000,26.000000,0.035000,0.000000
10.313000,0.500000,0.640000,-4.170242,-0.000000,-4.170242,-0.678537,0.000000,0.678537,0.016477,-0.002440,0.030969,0.030969,0.014491,0.079946,0.082386,0.054283,0.021657,0.000116,0.079702,0.000244,2.142047,0.001057,2.143104,2.143104,2.143104,1.071552,1.071552,0,0,1,0,0.000000,0.080000,0.008000,0.001000,5.500000,0.100000,26.000000,0.035000,0.000000
10.318000,0.500000,0.640000,-4.173691,-0.000000,-4.173691,-0.679116,0.000000,0.679116,0.016477,-0.002440,0.030969,0.030969,0.014491,0.079946,0.082386,0.054329,0.021657,0.000116,0.079702,0.000244,2.142047,0.000000,2.142047,2.142047,2.142047,1.071024,1.071024,0,0,1,0,0.000000,0.080000,0.008000,0.001000,5.500000,0.100000,26.000000,0.035000,0.000000
10.323000,0.500000,0.640000,-4.177143,-0.000000,-4.177143,-0.679696,0.000000,0.679696,0.016452,-0.002454,0.030969,0.030969,0.014517,0.080086,0.082540,0.054376,0.021657,0.000116,0.079841,0.000245,2.146052,0.001078,2.147130,2.147130,2.147130,1.073565,1.073565,0,0,1,0,0.000000,0.080000,0.008000,0.001000,5.500000,0.100000,26.000000,0.035000,0.000000
10.328000,0.500000,0.640000,-4.180599,-0.000000,-4.180599,-0.680275,0.000000,0.680275,0.016452,-0.002454,0.030969,0.030969,0.014517,0.080086,0.082540,0.054422,0.021657,0.000116,0.079841,0.000245,2.146052,0.000000,2.146052,2.146052,2.146052,1.073026,1.073026,0,0,1,0,0.000000,0.080000,0.008000,0.001000,5.500000,0.100000,26.000000,0.035000,0.000000
10.333000,0.500000,0.640000,-4.184057,-0.000000,-4.184057,-0.680856,0.000000,0.680856,0.016427,-0.002467,0.030969,0.030969,0.014542,0.080227,0.082694,0.054469,0.021657,0.000116,0.079980,0.000247,2.150051,0.001077,2.151127,2.151127,2.151127,1.075564,1.075564,0,0,1,0,0.000000,0.080000,0.008000,0.001000,5.500000,0.100000,26.000000,0.035000,0.000000
10.338000,0.500000,0.640000,-4.187518,-0.000000,-4.187518,-0.681437,0.000000,0.681437,0.016427,-0.002467,0.030969,0.030969,0.014542,0.080227,0.082694,0.054515,0.021657,0.000116,0.079980,0.000247,2.150051,0.000000,2.150051,2.150051,2.150051,1.075025,1.075025,0,0,1,0,0.000000,0.080000,0.008000,0.001000,5.500000,0.100000,26.000000,0.035000,0.000000
10.343000,0.500000,0.640000,-4.190982,-0.000000,-4.190982,-0.682019,0.000000,0.682019,0.016402,-0.002478,0.030969,0.030969,0.014567,0.080367,0.082845,0.054562,0.021657,0.000116,0.080119,0.000248,2.153974,0.001056,2.155031,2.155031,2.155031,1.077515,1.077515,0,0,1,0,0.000000,0.080000,0.008000,0.001000,5.500000,0.100000,26.000000,0.035000,0.000000
10.352000,0.500000,0.640000,-4.197920,-0.000000,-4.197920,-0.683185,0.000000,0.683185,0.016376,-0.002485,0.030969,0.030969,0.014592,0.080507,0.082992,0.054655,0.021657,0.000130,0.080258,0.000248,2.157779,0.000569,2.158349,2.158349,2.158349,1.079174,1.079174,0,0,1,0,0.000000,0.080000,0.008000,0.001000,5.500000,0.100000,26.000000,0.035000,0.000000
10.357000,0.500000,0.640000,-4.201393,-0.000000,-4.201393,-0.683769,0.000000,0.683769,0.016376,-0.002485,0.030969,0.030969,0.014592,0.080507,0.082992,0.054702,0.021657,0.000117,0.080258,0.000248,2.157779,0.000000,2.157779,2.157779,2.157779,1.078890,1.078890,0,0,1,0,0.000000,0.080000,0.008000,0.001000,5.500000,0.100000,26.000000,0.035000,0.000000
10.362000,0.500000,0.640000,-4.204869,-0.000000,-4.204869,-0.684355,0.000000,0.684355,0.016351,-0.002486,0.030969,0.030969,0.014617,0.080645,0.083130,0.054748,0.021657,0.000117,0.080396,0.000249,2.161387,0.000971,2.162359,2.162359,2.162359,1.081179,1.081179,0,0,1,0,0.000000,0.080000,0.008000,0.001000,5.500000,0.100000,26.000000,0.035000,0.000000
10.367000,0.500000,0.640000,-4.208348,-0.000000,-4.208348,-0.684941,0.000000,0.684941,0.016351,-0.002486,0.030969,0.030969,0.014617,0.080645,0.083130,0.054795,0.021657,0.000117,0.080396,0.000249,2.161387,0.000000,2.161387,2.161387,2.161387,1.080694,1.080694,0,0,1,0,0.000000,0.080000,0.008000,0.001000,5.500000,0.100000,26.000000,0.035000,0.000000
10.372000,0.500000,0.640000,-4.211830,-0.000000,-4.211830,-0.685528,0.000000,0.685528,0.016326,-0.002484,0.030969,0.030969,0.014642,0.080782,0.083266,0.054842,0.021657,0.000117,0.080533,0.000248,2.164909,0.000948,2.165857,2.165857,2.165857,1.082928,1.082928,0,0,1,0,0.000000,0.080000,0.008000,0.001000,5.500000,0.100000,26.000000,0.035000,0.000000
10.377000,0.500000,0.640000,-4.215316,-0.000000,-4.215316,-0.686115,0.000000,0.686115,0.016326,-0.002484,0.030969,0.030969,0.014642,0.080782,0.083266,0.054889,0.021657,0.000117,0.080533,0.000248,2.164909,0.000000,2.164909,2.164909,2.164909,1.082454,1.082454,0,0,1,0,0.000000,0.080000,0.008000,0.001000,5.500000,0.100000,26.000000,0.035000,0.000000
10.386000,0.500000,0.640000,-4.222295,-0.000000,-4.222295,-0.687292,0.000000,0.687292,0.016301,-0.002482,0.030969,0.030969,0.014667,0.080918,0.083400,0.054983,0.021657,0.000131,0.080670,0.000248,2.168391,0.000521,2.168912,2.168912,2.168912,1.084456,1.084456,0,0,1,0,0.000000,0.080000,0.008000,0.001000,5.500000,0.100000,26.000000,0.035000,0.000000
10.391000,0.500000,0.640000,-4.225789,-0.000000,-4.225789,-0.687879,0.000000,0.687879,0.016276,-0.002494,0.030969,0.030969,0.014692,0.081057,0.083550,0.055030,0.021657,0.000117,0.080807,0.000249,2.172313,0.001056,2.173369,2.173369,2.173369,1.086684,1.086684,0,0,1,0,0.000000,0.080000,0.008000,0.001000,5.500000,0.100000,26.000000,0.035000,0.000000
10.396000,0.500000,0.640000,-4.229286,-0.000000,-4.229286,-0.688466,0.000000,0.688466,0.016276,-0.002494,0.030969,0.030969,0.014692,0.081057,0.083550,0.055077,0.021657,0.000117,0.080807,0.000249,2.172313,0.000000,2.172313,2.172313,2.172313,1.086156,1.086156,0,0,1,0,0.000000,0.080000,0.008000,0.001000,5.500000,0.100000,26.000000,0.035000,0.000000
10.401000,0.500000,0.640000,-4.232786,-0.000000,-4.232786,-0.689055,0.000000,0.689055,0.016251,-0.002501,0.030969,0.030969,0.014718,0.081198,0.083699,0.055124,0.021657,0.000118,0.080947,0.000250,2.176162,0.001036,2.177198,2.177198,2.177198,1.088599,1.088599,0,0,1,0,0.000000,0.080000,0.008000,0.001000,5.500000,0.100000,26.000000,0.035000,0.000000
10.406000,0.500000,0.640000,-4.236289,-0.000000,-4.236289,-0.689644,0.000000,0.689644,0.016251,-0.002501,0.030969,0.030969,0.014718,0.081198,0.083699,0.055171,0.021657,0.000118,0.080947,0.000250,2.176162,0.000000,2.176162,2.176162,2.176162,1.088081,1.088081,0,0,1,0,0.000000,0.080000,0.008000,0.001000,5.500000,0.100000,26.000000,0.035000,0.000000
10.411000,0.500000,0.640000,-4.239795,-0.000000,-4.239795,-0.690234,0.000000,0.690234,0.016226,-0.002505,0.030969,0.030969,0.014743,0.081338,0.083843,0.055219,0.021657,0.000118,0.081087,0.000251,2.179912,0.001010,2.180921,2.180921,2.180921,1.090461,1.090461,0,0,1,0,0.000000,0.080000,0.008000,0.001000,5.500000,0.100000,26.000000,0.035000,0.000000
10.416000,0.500000,0.640000,-4.243304,-0.000000,-4.243304,-0.690824,0.000000,0.690824,0.016226,-0.002505,0.030969,0.030969,0.014743,0.081338,0.083843,0.055266,0.021657,0.000118,0.081087,0.000251,2.179912,0.000000,2.179912,2.179912,2.179912,1.089956,1.089956,0,0,1,0,0.000000,0.080000,0.008000,0.001000,5.500000,0.100000,26.000000,0.035000,0.000000
10.421000,0.500000,0.640000,-4.246816,-0.000000,-4.246816,-0.691416,0.000000,0.691416,0.016200,-0.002507,0.030969,0.030969,0.014768,0.081477,0.083984,0.055313,0.021657,0.000118,0.081226,0.000251,2.183571,0.000985,2.184556,2.184556,2.184556,1.092278,1.092278,0,0,1,0,0.000000,0.080000,0.008000,0.001000,5.500000,0.100000,26.000000,0.035000,0.000000
10.430000,0.500000,0.640000,-4.250331,-0.000000,-4.250331,-0.692008,0.000000,0.692008,0.016175,-0.002507,0.030969,0.030969,0.014794,0.081615,0.084122,0.055361,0.021657,0.000066,0.081365,0.000251,2.187167,0.000538,2.187705,2.187705,2.187705,1.093852,1.093852,0,0,1,0,0.000000,0.080000,0.008000,0.001000,5.500000,0.100000,26.000000,0.035000,0.000000
10.435000,0.500000,0.640000,-4.253849,-0.000000,-4.253849,-0.692601,0.000000,0.692601,0.016175,-0.002507,0.030969,0.030969,0.014794,0.081615,0.084122,0.055408,0.021657,0.000119,0.081365,0.000251,2.187167,0.000000,2.187167,2.187167,2.187167,1.093583,1.093583,0,0,1,0,0.000000,0.080000,0.008000,0.001000,5.500000,0.100000,26.000000,0.035000,0.000000
10.440000,0.500000,0.640000,-4.257370,-0.000000,-4.257370,-0.693194,0.000000,0.693194,0.016175,-0.002507,0.030969,0.030969,0.014794,0.081615,0.084122,0.055456,0.021657,0.000119,0.081365,0.000251,2.187167,0.000000,2.187167,2.187167,2.187167,1.093583,1.093583,0,0,1,0,0.000000,0.080000,0.008000,0.001000,5.500000,0.100000,26.000000,0.035000,0.000000
10.445000,0.500000,0.640000,-4.260895,-0.000000,-4.260895,-0.693789,0.000000,0.693789,0.016150,-0.002504,0.030969,0.030969,0.014819,0.081753,0.084257,0.055503,0.021657,0.000119,0.081502,0.000250,2.190676,0.000945,2.191621,2.191621,2.191621,1.095810,1.095810,0,0,1,0,0.000000,0.080000,0.008000,0.001000,5.500000,0.100000,26.000000,0.035000,0.000000
10.450000,0.500000,0.640000,-4.264422,-0.000000,-4.264422,-0.694383,0.000000,0.694383,0.016150,-0.002504,0.030969,0.030969,0.014819,0.081753,0.084257,0.055551,0.021657,0.000119,0.081502,0.000250,2.190676,0.000000,2.190676,2.190676,2.190676,1.095338,1.095338,0,0,1,0,0.000000,0.080000,0.008000,0.001000,5.500000,0.100000,26.000000,0.035000,0.000000
10.455000,0.500000,0.640000,-4.267952,-0.000000,-4.267952,-0.694979,0.000000,0.694979,0.016125,-0.002503,0.030969,0.030969,0.014844,0.081890,0.084393,0.055598,0.021657,0.000119,0.081640,0.000250,2.194224,0.000955,2.195179,2.195179,2.195179,1.097590,1.097590,0,0,1,0,0.000000,0.080000,0.008000,0.001000,5.500000,0.100000,26.000000,0.035000,0.000000
10.460000,0.500000,0.640000,-4.271485,-0.000000,-4.271485,-0.695574,0.000000,0.695574,0.016125,-0.002503,0.030969,0.030969,0.014844,0.081890,0.084393,0.055646,0.021657,0.000119,0.081640,0.000250,2.194224,0.000000,2.194224,2.194224,2.194224,1.097112,1.097112,0,0,1,0,0.000000,0.080000,0.008000,0.001000,5.500000,0.100000,26.000000,0.035000,0.000000
10.469000,0.500000,0.640000,-4.278561,-0.000000,-4.278561,-0.696766,0.000000,0.696766,0.016100,-0.002504,0.030969,0.030969,0.014869,0.082028,0.084533,0.055741,0.021657,0.000132,0.081778,0.000250,2.197850,0.000542,2.198392,2.198392,2.198392,1.099196,1.099196,0,0,1,0,0.000000,0.080000,0.008000,0.001000,5.500000,0.100000,26.000000,0.035000,0.000000
10.474000,0.500000,0.640000,-4.282103,-0.000000,-4.282103,-0.697360,0.000000,0.697360,0.016074,-0.002522,0.030969,0.030969,0.014894,0.082171,0.084693,0.055789,0.021657,0.000119,0.081918,0.000252,2.202017,0.001122,2.203139,2.203139,2.203139,1.101569,1.101569,0,0,1,0,0.000000,0.080000,0.008000,0.001000,5.500000,0.100000,26.000000,0.035000,0.000000
10.479000,0.500000,0.640000,-4.285648,-0.000000,-4.285648,-0.697955,0.000000,0.697955,0.016074,-0.002522,0.030969,0.030969,0.014894,0.082171,0.084693,0.055836,0.021657,0.000119,0.081918,0.000252,2.202017,0.000000,2.202017,2.202017,2.202017,1.101009,1.101009,0,0,1,0,0.000000,0.080000,0.008000,0.001000,5.500000,0.100000,26.000000,0.035000,0.000000
10.484000,0.500000,0.640000,-4.289196,-0.000000,-4.289196,-0.698551,0.000000,0.698551,0.016048,-0.002536,0.030969,0.030969,0.014920,0.082315,0.084852,0.055884,0.021657,0.000119,0.082062,0.000254,2.206142,0.001110,2.207252,2.207252,2.207252,1.103626,1.103626,0,0,1,0,0.000000,0.080000,0.008000,0.001000,5.500000,0.100000,26.000000,0.035000,0.000000
10.489000,0.500000,0.640000,-4.292747,-0.000000,-4.292747,-0.699147,0.000000,0.699147,0.016048,-0.002536,0.030969,0.030969,0.014920,0.082315,0.084852,0.055932,0.021657,0.000119,0.082062,0.000254,2.206142,0.000000,2.206142,2.206142,2.206142,1.103071,1.103071,0,0,1,0,0.000000,0.080000,0.008000,0.001000,5.500000,0.100000,26.000000,0.035000,0.000000
10.494000,0.500000,0.640000,-4.296301,-0.000000,-4.296301,-0.699744,0.000000,0.699744,0.016022,-0.002546,0.030969,0.030969,0.014946,0.082459,0.085006,0.055980,0.021657,0.000120,0.082205,0.000255,2.210145,0.001078,2.211223,2.211223,2.211223,1.105611,1.105611,0,0,1,0,0.000000,0.080000,0.008000,0.001000,5.500000,0.100000,26.000000,0.035000,0.000000
10.499000,0.500000,0.640000,-4.299859,-0.000000,-4.299859,-0.700342,0.000000,0.700342,0.016022,-0.002546,0.030969,0.030969,0.014946,0.082459,0.085006,0.056027,0.021657,0.000120,0.082205,0.000255,2.210145,0.000000,2.210145,2.210145,2.210145,1.105072,1.105072,0,0,1,0,0.000000,0.080000,0.008000,0.001000,5.500000,0.100000,26.000000,0.035000,0.000000
10.504000,0.500000,0.640000,-4.303419,-0.000000,-4.303419,-0.700941,0.000000,0.700941,0.015996,-0.002551,0.030969,0.030969,0.014972,0.082602,0.085154,0.056075,0.021657,0.000120,0.082347,0.000255,2.213994,0.001036,2.215030,2.215030,2.215030,1.107515,1.107515,0,0,1,0,0.000000,0.080000,0.008000,0.001000,5.500000,0.100000,26.000000,0.035000,0.000000
10.509000,0.500000,0.640000,-4.306983,-0.000000,-4.306983,-0.701540,0.000000,0.701540,0.015996,-0.002551,0.030969,0.030969,0.014972,0.082602,0.085154,0.056123,0.021657,0.000120,0.082347,0.000255,2.213994,0.000000,2.213994,2.213994,2.213994,1.106997,1.106997,0,0,1,0,0.000000,0.080000,0.008000,0.001000,5.500000,0.100000,26.000000,0.035000,0.000000
10.514000,0.500000,0.640000,-4.310549,-0.000000,-4.310549,-0.702141,0.000000,0.702141,0.015971,-0.002552,0.030969,0.030969,0.014998,0.082744,0.085296,0.056171,0.021657,0.000120,0.082489,0.000255,2.217693,0.000996,2.218689,2.218689,2.218689,1.109345,1.109345,0,0,1,0,0.000000,0.080000,0.008000,0.001000,5.500000,0.100000,26.000000,0.035000,0.000000
10.519000,0.500000,0.640000,-4.314119,-0.000000,-4.314119,-0.702743,0.000000,0.702743,0.015971,-0.002552,0.030969,0.030969,0.014998,0.082744,0.085296,0.056219,0.021657,0.000120,0.082489,0.000255,2.217693,0.000000,2.217693,2.217693,2.217693,1.108847,1.108847,0,0,1,0,0.000000,0.080000,0.008000,0.001000,5.500000,0.100000,26.000000,0.035000,0.000000
10.528000,0.500000,0.640000,-4.321267,-0.000000,-4.321267,-0.703948,0.000000,0.703948,0.015945,-0.002550,0.030969,0.030969,0.015024,0.082884,0.085434,0.056316,0.021657,0.000134,0.082629,0.000255,2.221280,0.000536,2.221816,2.221816,2.221816,1.110908,1.110908,0,0,1,0,0.000000,0.080000,0.008000,0.001000,5.500000,0.100000,26.000000,0.035000,0.000000
10.533000,0.500000,0.640000,-4.324846,-0.000000,-4.324846,-0.704549,0.000000,0.704549,0.015920,-0.002560,0.030969,0.030969,0.015049,0.083026,0.085587,0.056364,0.021657,0.000120,0.082770,0.000256,2.225251,0.001069,2.226320,2.226320,2.226320,1.113160,1.113160,0,0,1,0,0.000000,0.080000,0.008000,0.001000,5.500000,0.100000,26.000000,0.035000,0.000000
10.538000,0.500000,0.640000,-4.328428,-0.000000,-4.328428,-0.705151,0.000000,0.705151,0.015920,-0.002560,0.030969,0.030969,0.015049,0.083026,0.085587,0.056412,0.021657,0.000120,0.082770,0.000256,2.225251,0.000000,2.225251,2.225251,2.225251,1.112625,1.112625,0,0,1,0,0.000000,0.080000,0.008000,0.001000,5.500000,0.100000,26.000000,0.035000,0.000000
10.543000,0.500000,0.640000,-4.332013,-0.000000,-4.332013,-0.705755,0.000000,0.705755,0.015894,-0.002565,0.030969,0.030969,0.015075,0.083170,0.085734,0.056460,0.021657,0.000121,0.082913,0.000256,2.229096,0.001035,2.230131,2.230131,2.230131,1.115066,1.115066,0,0,1,0,0.000000,0.080000,0.008000,0.001000,5.500000,0.100000,26.000000,0.035000,0.000000
10.548000,0.500000,0.640000,-4.335601,-0.000000,-4.335601,-0.706359,0.000000,0.706359,0.015894,-0.002565,0.030969,0.030969,0.015075,0.083170,0.085734,0.056509,0.021657,0.000121,0.082913,0.000256,2.229096,0.000000,2.229096,2.229096,2.229096,1.114548,1.114548,0,0,1,0,0.000000,0.080000,0.008000,0.001000,5.500000,0.100000,26.000000,0.035000,0.000000
10.553000,0.500000,0.640000,-4.339192,-0.000000,-4.339192,-0.706964,0.000000,0.706964,0.015868,-0.002565,0.030969,0.030969,0.015101,0.083312,0.085878,0.056557,0.021657,0.000121,0.083056,0.000257,2.232815,0.001001,2.233817,2.233817,2.233817,1.116908,1.116908,0,0,1,0,0.000000,0.080000,0.008000,0.001000,5.500000,0.100000,26.000000,0.035000,0.000000
