time,height,base_link_height,p,p_0,delta_p,v,v_ref,v_error,pitch,pitch_rate,theta_eq,theta_ref,theta_error,theta_dot_ref,theta_dot_error,v_p,v_i,v_d,theta_p,theta_d,rate_p,rate_d,u_raw,u_rate_limited,u_clamped,tau_left,tau_right,is_saturated,is_rate_limited,control_enabled,force_active,force_value,kp_v,ki_v,kd_v,kp_theta,kd_theta,kp_rate,kd_rate,k_x
0.015000,0.360000,0.500000,-0.000000,-0.000000,0.000000,0.000000,0.000000,-0.000000,-0.000000,-0.000000,0.061667,0.061667,0.061667,0.323753,0.323753,-0.000000,-0.000000,-0.000000,0.323753,0.000000,7.575819,1.845392,9.421210,9.421210,9.421210,4.710605,4.710605,0,0,1,0,0.000000,0.080000,0.008000,0.001000,5.250000,0.104000,23.400000,0.028500,0.000000
0.024000,0.360000,0.500000,0.000000,-0.000000,0.000000,0.000000,0.000000,-0.000000,-0.000000,-0.000000,0.061667,0.061667,0.061667,0.323753,0.323753,-0.000000,-0.000000,0.000000,0.323753,0.000000,7.575819,0.000000,7.575819,7.575819,7.575819,3.787909,3.787909,0,0,1,0,0.000000,0.080000,0.008000,0.001000,5.250000,0.104000,23.400000,0.028500,0.000000
0.029000,0.360000,0.500000,0.000000,-0.000000,0.000000,0.000000,0.000000,-0.000000,-0.000000,-0.000000,0.061667,0.061667,0.061667,0.323753,0.323753,-0.000000,-0.000000,0.000000,0.323753,0.000000,7.575819,0.000000,7.575819,7.575819,7.575819,3.787909,3.787909,0,0,1,0,0.000000,0.080000,0.008000,0.001000,5.250000,0.104000,23.400000,0.028500,0.000000
0.038000,0.360000,0.500000,0.000000,-0.000000,0.000000,-0.000000,0.000000,0.000000,-0.000000,-0.000000,0.061667,0.061667,0.061667,0.323753,0.323753,0.000000,0.000000,0.000000,0.323753,0.000000,7.575819,0.000000,7.575819,7.575819,7.575819,3.787909,3.787909,0,0,1,0,0.000000,0.080000,0.008000,0.001000,5.250000,0.104000,23.400000,0.028500,0.000000
0.047000,0.360000,0.500000,0.000000,-0.000000,0.000000,-0.000000,0.000000,0.000000,0.000642,-0.011560,0.061667,0.061667,0.061025,0.321584,0.333145,0.000000,0.000000,-0.000000,0.320382,0.001202,7.795585,0.029740,7.825326,7.825326,7.825326,3.912663,3.912663,0,0,1,0,0.000000,0.080000,0.008000,0.001000,5.250000,0.104000,23.400000,0.028500,0.000000
0.052000,0.360000,0.500000,0.000000,-0.000000,0.000000,-0.000000,0.000000,0.000000,-0.000050,-0.023830,0.061667,0.061667,0.061718,0.326496,0.350325,0.000000,0.000000,-0.000000,0.324017,0.002478,8.197606,0.097928,8.295534,8.295534,8.295534,4.147767,4.147767,0,0,1,0,0.000000,0.080000,0.008000,0.001000,5.250000,0.104000,23.400000,0.028500,0.000000
0.061000,0.360000,0.500000,-0.000184,-0.000000,-0.000184,-0.003289,0.000000,0.003289,-0.000470,-0.005128,0.061667,0.061667,0.062138,0.326756,0.331885,0.000263,0.000000,0.000365,0.326223,0.000533,7.766102,-0.058394,7.707708,7.707708,7.707708,3.853854,3.853854,0,0,1,0,0.000000,0.080000,0.008000,0.001000,5.250000,0.104000,23.400000,0.028500,0.000000
0.066000,0.360000,0.500000,-0.000783,-0.000000,-0.000783,-0.010623,0.000000,0.010623,-0.000470,-0.005128,0.061667,0.061667,0.062138,0.326756,0.331885,0.000850,0.000001,0.001467,0.326223,0.000533,7.766102,0.000000,7.766102,7.766102,7.766102,3.883051,3.883051,0,0,1,0,0.000000,0.080000,0.008000,0.001000,5.250000,0.104000,23.400000,0.028500,0.000000
0.071000,0.360000,0.500000,-0.001008,-0.000000,-0.001008,-0.015191,0.000000,0.015191,0.014802,0.519583,0.061667,0.061667,0.046866,0.192008,-0.327575,0.001215,0.000001,0.000914,0.246045,-0.054037,-7.665259,-3.758921,-11.424180,-11.424180,-11.424180,-5.712090,-5.712090,0,0,1,0,0.000000,0.080000,0.008000,0.001000,5.250000,0.104000,23.400000,0.028500,0.000000
0.080000,0.360000,0.500000,-0.002060,-0.000000,-0.002060,-0.027893,0.000000,0.027893,0.014802,0.519583,0.061667,0.061667,0.046866,0.192008,-0.327575,0.002231,0.000003,0.001411,0.246045,-0.054037,-7.665259,0.000000,-7.665259,-7.665259,-7.665259,-3.832629,-3.832629,0,0,1,0,0.000000,0.080000,0.008000,0.001000,5.250000,0.104000,23.400000,0.028500,0.000000
0.089000,0.360000,0.500000,-0.004401,-0.000000,-0.004401,-0.045848,0.000000,0.045848,0.031572,0.578363,0.061667,0.061667,0.030095,0.097850,-0.480513,0.003668,0.000007,0.001995,0.157999,-0.060150,-11.244012,-0.484304,-11.728316,-11.728316,-11.728316,-5.864158,-5.864158,0,0,1,0,0.000000,0.080000,0.008000,0.001000,5.250000,0.104000,23.400000,0.028500,0.000000
0.094000,0.360000,0.500000,-0.005304,-0.000000,-0.005304,-0.050929,0.000000,0.050929,0.027824,0.297617,0.061667,0.061667,0.033843,0.146723,-0.150893,0.004074,0.000009,0.001016,0.177676,-0.030952,-3.530907,1.878833,-1.652074,-1.652074,-1.652074,-0.826037,-0.826037,0,0,1,0,0.000000,0.080000,0.008000,0.001000,5.250000,0.104000,23.400000,0.028500,0.000000
0.103000,0.360000,0.500000,-0.003884,-0.000000,-0.003884,-0.025520,0.000000,0.025520,0.018501,0.064827,0.061667,0.061667,0.043167,0.219883,0.155056,0.002042,0.000010,-0.002823,0.226625,-0.006742,3.628309,0.968840,4.597149,4.597149,4.597149,2.298575,2.298575,0,0,1,0,0.000000,0.080000,0.008000,0.001000,5.250000,0.104000,23.400000,0.028500,0.000000
0.108000,0.360000,0.500000,-0.002577,-0.000000,-0.002577,-0.010712,0.000000,0.010712,0.018501,0.064827,0.061667,0.061667,0.043167,0.219883,0.155056,0.000857,0.000011,-0.002962,0.226625,-0.006742,3.628309,0.000000,3.628309,3.628309,3.628309,1.814155,1.814155,0,0,1,0,0.000000,0.080000,0.008000,0.001000,5.250000,0.104000,23.400000,0.028500,0.000000
0.113000,0.360000,0.500000,-0.001584,-0.000000,-0.001584,-0.003061,0.000000,0.003061,0.009489,-0.111504,0.061667,0.061667,0.052178,0.285530,0.397034,0.000245,0.000011,-0.001530,0.273933,0.011596,9.290597,1.379275,10.669872,10.669872,10.669872,5.334936,5.334936,0,0,1,0,0.000000,0.080000,0.008000,0.001000,5.250000,0.104000,23.400000,0.028500,0.000000
0.122000,0.360000,0.500000,-0.001696,-0.000000,-0.001696,-0.011726,0.000000,0.011726,0.001369,-0.233455,0.061667,0.061667,0.060298,0.340844,0.574299,0.000938,0.000012,0.000963,0.316565,0.024279,13.438596,0.561339,13.999934,13.999934,13.999934,6.999967,6.999967,0,0,1,0,0.000000,0.080000,0.008000,0.001000,5.250000,0.104000,23.400000,0.028500,0.000000
0.127000,0.360000,0.500000,-0.003566,-0.000000,-0.003566,-0.035033,0.000000,0.035033,0.001369,-0.233455,0.061667,0.061667,0.060298,0.340844,0.574299,0.002803,0.000013,0.004661,0.316565,0.024279,13.438596,0.000000,13.438596,13.438596,13.438596,6.719298,6.719298,0,0,1,0,0.000000,0.080000,0.008000,0.001000,5.250000,0.104000,23.400000,0.028500,0.000000
0.132000,0.360000,0.500000,-0.006913,-0.000000,-0.006913,-0.073277,0.000000,0.073277,-0.005421,-0.305418,0.061667,0.061667,0.067088,0.383975,0.689393,0.005862,0.000016,0.007649,0.352212,0.031763,16.131796,0.656036,16.787832,16.787832,16.787832,8.393916,8.393916,0,0,1,0,0.000000,0.080000,0.008000,0.001000,5.250000,0.104000,23.400000,0.028500,0.000000
0.137000,0.360000,0.500000,-0.011756,-0.000000,-0.011756,-0.123812,0.000000,0.123812,-0.005421,-0.305418,0.061667,0.061667,0.067088,0.383975,0.689393,0.009905,0.000021,0.010107,0.352212,0.031763,16.131796,0.000000,16.131796,16.131796,16.131796,8.065898,8.065898,0,0,1,0,0.000000,0.080000,0.008000,0.001000,5.250000,0.104000,23.400000,0.028500,0.000000
0.146000,0.360000,0.500000,-0.026321,-0.000000,-0.026321,-0.267071,0.000000,0.267071,-0.010787,-0.336470,0.061667,0.061667,0.072454,0.415375,0.751845,0.021366,0.000040,0.015918,0.380383,0.034993,17.593172,0.197765,17.790937,17.790937,17.790937,8.895468,8.895468,0,0,1,0,0.000000,0.080000,0.008000,0.001000,5.250000,0.104000,23.400000,0.028500,0.000000
0.151000,0.360000,0.500000,-0.035891,-0.000000,-0.035891,-0.355174,0.000000,0.355174,-0.014760,-0.337358,0.061667,0.061667,0.076428,0.436330,0.773688,0.028414,0.000055,0.017621,0.401245,0.035085,18.104302,0.124506,18.228809,18.228809,18.228809,9.114404,9.114404,0,0,1,0,0.000000,0.080000,0.008000,0.001000,5.250000,0.104000,23.400000,0.028500,0.000000
0.156000,0.360000,0.500000,-0.046379,-0.000000,-0.046379,-0.442416,0.000000,0.442416,-0.014760,-0.337358,0.061667,0.061667,0.076428,0.436330,0.773688,0.035393,0.000072,0.017448,0.401245,0.035085,18.104302,0.000000,18.104302,18.104302,18.104302,9.052151,9.052151,0,0,1,0,0.000000,0.080000,0.008000,0.001000,5.250000,0.104000,23.400000,0.028500,0.000000
0.161000,0.360000,0.500000,-0.056879,-0.000000,-0.056879,-0.525295,0.000000,0.525295,-0.018012,-0.334642,0.061667,0.061667,0.079679,0.453116,0.787758,0.042024,0.000093,0.016576,0.418313,0.034803,18.433531,0.080197,18.513727,18.513727,18.513727,9.256864,9.256864,0,0,1,0,0.000000,0.080000,0.008000,0.001000,5.250000,0.104000,23.400000,0.028500,0.000000
0.166000,0.360000,0.500000,-0.067379,-0.000000,-0.067379,-0.604030,0.000000,0.604030,-0.018012,-0.334642,0.061667,0.061667,0.079679,0.453116,0.787758,0.048322,0.000093,0.015747,0.418313,0.034803,18.433531,0.000000,18.433531,18.433531,18.433531,9.216765,9.216765,0,0,1,0,0.000000,0.080000,0.008000,0.001000,5.250000,0.104000,23.400000,0.028500,0.000000
0.175000,0.360000,0.500000,-0.077879,-0.000000,-0.077879,-0.678829,0.000000,0.678829,-0.021229,-0.331935,0.061667,0.061667,0.082896,0.469726,0.801662,0.054306,0.000093,0.008311,0.435205,0.034521,18.758887,0.044030,18.802917,18.802917,18.802917,9.401459,9.401459,0,0,1,0,0.000000,0.080000,0.008000,0.001000,5.250000,0.104000,23.400000,0.028500,0.000000
0.180000,0.360000,0.500000,-0.088379,-0.000000,-0.088379,-0.749887,0.000000,0.749887,-0.024424,-0.329377,0.061667,0.061667,0.086091,0.486233,0.815610,0.059991,0.000093,0.014212,0.451978,0.034255,19.085275,0.079505,19.164779,19.164779,19.164779,9.582390,9.582390,0,0,1,0,0.000000,0.080000,0.008000,0.001000,5.250000,0.104000,23.400000,0.028500,0.000000
0.185000,0.360000,0.500000,-0.098879,-0.000000,-0.098879,-0.817393,0.000000,0.817393,-0.024424,-0.329377,0.061667,0.061667,0.086091,0.486233,0.815610,0.065391,0.000093,0.013501,0.451978,0.034255,19.085275,0.000000,19.085275,19.085275,19.085275,9.542637,9.542637,0,0,1,0,0.000000,0.080000,0.008000,0.001000,5.250000,0.104000,23.400000,0.028500,0.000000
0.190000,0.360000,0.500000,-0.109379,-0.000000,-0.109379,-0.881523,0.000000,0.881523,-0.024424,-0.329377,0.061667,0.061667,0.086091,0.486233,0.815610,0.070522,0.000093,0.012826,0.451978,0.034255,19.085275,0.000000,19.085275,19.085275,19.085275,9.542637,9.542637,0,0,1,0,0.000000,0.080000,0.008000,0.001000,5.250000,0.104000,23.400000,0.028500,0.000000
0.195000,0.360000,0.500000,-0.119879,-0.000000,-0.119879,-0.942447,0.000000,0.942447,-0.027602,-0.327035,0.061667,0.061667,0.089269,0.502675,0.829710,0.075396,0.000093,0.012185,0.468664,0.034012,19.415225,0.080373,19.495598,19.495598,19.495598,9.747799,9.747799,0,0,1,0,0.000000,0.080000,0.008000,0.001000,5.250000,0.104000,23.400000,0.028500,0.000000
0.200000,0.360000,0.500000,-0.130379,-0.000000,-0.130379,-1.000325,0.000000,1.000325,-0.027602,-0.327035,0.061667,0.061667,0.089269,0.502675,0.829710,0.080026,0.000093,0.011576,0.468664,0.034012,19.415225,0.000000,19.415225,19.415225,19.415225,9.707612,9.707612,0,0,1,0,0.000000,0.080000,0.008000,0.001000,5.250000,0.104000,23.400000,0.028500,0.000000
0.209000,0.360000,0.500000,-0.151379,-0.000000,-0.151379,-1.107543,0.000000,1.107543,-0.030768,-0.324938,0.061667,0.061667,0.092435,0.519078,0.844016,0.088603,0.000093,0.011913,0.485285,0.033794,19.749983,0.045302,19.795285,19.795285,19.795285,9.897642,9.897642,0,0,1,0,0.000000,0.080000,0.008000,0.001000,5.250000,0.104000,23.400000,0.028500,0.000000
0.214000,0.360000,0.500000,-0.161879,-0.000000,-0.161879,-1.157166,0.000000,1.157166,-0.033925,-0.323089,0.061667,0.061667,0.095592,0.535459,0.858547,0.092573,0.000093,0.009925,0.501857,0.033601,20.090005,0.082826,20.172831,20.172831,20.000000,10.000000,10.000000,1,0,1,0,0.000000,0.080000,0.008000,0.001000,5.250000,0.104000,23.400000,0.028500,0.000000
0.219000,0.360000,0.500000,-0.172379,-0.000000,-0.172379,-1.204308,0.000000,1.204308,-0.033925,-0.323089,0.061667,0.061667,0.095592,0.535459,0.858547,0.096345,0.000093,0.009428,0.501857,0.033601,20.090005,0.000000,20.090005,20.090005,20.000000,10.000000,10.000000,1,0,1,0,0.000000,0.080000,0.008000,0.001000,5.250000,0.104000,23.400000,0.028500,0.000000
0.224000,0.360000,0.500000,-0.182879,-0.000000,-0.182879,-1.249092,0.000000,1.249092,-0.037074,-0.321476,0.061667,0.061667,0.098742,0.551826,0.873303,0.099927,0.000093,0.008957,0.518393,0.033434,20.435283,0.084106,20.519389,20.519389,20.000000,10.000000,10.000000,1,0,1,0,0.000000,0.080000,0.008000,0.001000,5.250000,0.104000,23.400000,0.028500,0.000000
0.229000,0.360000,0.500000,-0.193379,-0.000000,-0.193379,-1.291638,0.000000,1.291638,-0.037074,-0.321476,0.061667,0.061667,0.098742,0.551826,0.873303,0.103331,0.000093,0.008509,0.518393,0.033434,20.435283,0.000000,20.435283,20.435283,20.000000,10.000000,10.000000,1,0,1,0,0.000000,0.080000,0.008000,0.001000,5.250000,0.104000,23.400000,0.028500,0.000000
0.234000,0.360000,0.500000,-0.203879,-0.000000,-0.203879,-1.332056,0.000000,1.332056,-0.040219,-0.320082,0.061667,0.061667,0.101886,0.568189,0.888271,0.106564,0.000093,0.008084,0.534900,0.033289,20.785543,0.085320,20.870863,20.870863,20.000000,10.000000,10.000000,1,0,1,0,0.000000,0.080000,0.008000,0.001000,5.250000,0.104000,23.400000,0.028500,0.000000
0.239000,0.360000,0.500000,-0.214379,-0.000000,-0.214379,-1.370453,0.000000,1.370453,-0.040219,-0.320082,0.061667,0.061667,0.101886,0.568189,0.888271,0.109636,0.000093,0.007679,0.534900,0.033289,20.785543,0.000000,20.785543,20.785543,20.000000,10.000000,10.000000,1,0,1,0,0.000000,0.080000,0.008000,0.001000,5.250000,0.104000,23.400000,0.028500,0.000000
0.244000,0.360000,0.500000,-0.224879,-0.000000,-0.224879,-1.406930,0.000000,1.406930,-0.043359,-0.318885,0.061667,0.061667,0.105026,0.584550,0.903435,0.112554,0.000093,0.007295,0.551385,0.033164,21.140377,0.086434,21.226811,21.226811,20.000000,10.000000,10.000000,1,0,1,0,0.000000,0.080000,0.008000,0.001000,5.250000,0.104000,23.400000,0.028500,0.000000
0.253000,0.360000,0.500000,-0.245879,-0.000000,-0.245879,-1.474505,0.000000,1.474505,-0.046495,-0.317863,0.061667,0.061667,0.108163,0.600911,0.918774,0.117960,0.000093,0.007508,0.567854,0.033058,21.499318,0.048575,21.547893,21.547893,20.000000,10.000000,10.000000,1,0,1,0,0.000000,0.080000,0.008000,0.001000,5.250000,0.104000,23.400000,0.028500,0.000000
0.258000,0.360000,0.500000,-0.256379,-0.000000,-0.256379,-1.505779,0.000000,1.505779,-0.046495,-0.317863,0.061667,0.061667,0.108163,0.600911,0.918774,0.120462,0.000093,0.006255,0.567854,0.033058,21.499318,0.000000,21.499318,21.499318,20.000000,10.000000,10.000000,1,0,1,0,0.000000,0.080000,0.008000,0.001000,5.250000,0.104000,23.400000,0.028500,0.000000
0.263000,0.360000,0.500000,-0.266879,-0.000000,-0.266879,-1.535490,0.000000,1.535490,-0.049630,-0.316993,0.061667,0.061667,0.111297,0.617276,0.934269,0.122839,0.000093,0.005942,0.584309,0.032967,21.861892,0.088319,21.950211,21.950211,20.000000,10.000000,10.000000,1,0,1,0,0.000000,0.080000,0.008000,0.001000,5.250000,0.104000,23.400000,0.028500,0.000000
0.268000,0.360000,0.500000,-0.277379,-0.000000,-0.277379,-1.563716,0.000000,1.563716,-0.049630,-0.316993,0.061667,0.061667,0.111297,0.617276,0.934269,0.125097,0.000093,0.005645,0.584309,0.032967,21.861892,0.000000,21.861892,21.861892,20.000000,10.000000,10.000000,1,0,1,0,0.000000,0.080000,0.008000,0.001000,5.250000,0.104000,23.400000,0.028500,0.000000
0.273000,0.360000,0.500000,-0.283191,-0.000000,-0.283191,-1.514661,0.000000,1.514661,-0.047159,0.022607,0.061667,0.061667,0.108826,0.568987,0.546380,0.121173,0.000093,-0.009811,0.571338,-0.002351,12.785302,-2.210964,10.574338,10.574338,10.574338,5.287169,5.287169,0,0,1,0,0.000000,0.080000,0.008000,0.001000,5.250000,0.104000,23.400000,0.028500,0.000000
0.278000,0.360000,0.500000,-0.286841,-0.000000,-0.286841,-1.479849,0.000000,1.479849,-0.047159,0.022607,0.061667,0.061667,0.108826,0.568987,0.546380,0.118388,0.000093,-0.006962,0.571338,-0.002351,12.785302,0.000000,12.785302,12.785302,12.785302,6.392651,6.392651,0,0,1,0,0.000000,0.080000,0.008000,0.001000,5.250000,0.104000,23.400000,0.028500,0.000000
0.283000,0.360000,0.500000,-0.291170,-0.000000,-0.291170,-1.450685,0.000000,1.450685,-0.034793,0.265179,0.061667,0.061667,0.096461,0.478840,0.213661,0.116055,0.000093,-0.005833,0.506419,-0.027579,4.999657,-1.896503,3.103153,3.103153,3.103153,1.551577,1.551577,0,0,1,0,0.000000,0.080000,0.008000,0.001000,5.250000,0.104000,23.400000,0.028500,0.000000
0.288000,0.360000,0.500000,-0.295948,-0.000000,-0.295948,-1.427851,0.000000,1.427851,-0.034793,0.265179,0.061667,0.061667,0.096461,0.478840,0.213661,0.114228,0.000093,-0.004567,0.506419,-0.027579,4.999657,0.000000,4.999657,4.999657,4.999657,2.499828,2.499828,0,0,1,0,0.000000,0.080000,0.008000,0.001000,5.250000,0.104000,23.400000,0.028500,0.000000
0.297000,0.360000,0.500000,-0.305898,-0.000000,-0.305898,-1.385940,0.000000,1.385940,-0.020295,0.495819,0.061667,0.061667,0.081962,0.378737,-0.117082,0.110875,0.000093,-0.004657,0.430302,-0.051565,-2.739726,-1.047352,-3.787078,-3.787078,-3.787078,-1.893539,-1.893539,0,0,1,0,0.000000,0.080000,0.008000,0.001000,5.250000,0.104000,23.400000,0.028500,0.000000
0.302000,0.360000,0.500000,-0.310974,-0.000000,-0.310974,-1.367741,0.000000,1.367741,-0.005149,0.694260,0.061667,0.061667,0.066817,0.278584,-0.415676,0.109419,0.000093,-0.003640,0.350787,-0.072203,-9.726826,-1.701986,-11.428811,-11.428811,-11.428811,-5.714406,-5.714406,0,0,1,0,0.000000,0.080000,0.008000,0.001000,5.250000,0.104000,23.400000,0.028500,0.000000
0.307000,0.360000,0.500000,-0.315858,-0.000000,-0.315858,-1.346721,0.000000,1.346721,-0.005149,0.694260,0.061667,0.061667,0.066817,0.278584,-0.415676,0.107738,0.000093,-0.004204,0.350787,-0.072203,-9.726826,0.000000,-9.726826,-9.726826,-9.726826,-4.863413,-4.863413,0,0,1,0,0.000000,0.080000,0.008000,0.001000,5.250000,0.104000,23.400000,0.028500,0.000000
0.312000,0.360000,0.500000,-0.320131,-0.000000,-0.320131,-1.319192,0.000000,1.319192,0.008228,0.771689,0.061667,0.061667,0.053440,0.200302,-0.571387,0.105535,0.000093,-0.005506,0.280558,-0.080256,-13.370463,-0.887553,-14.258016,-14.258016,-14.258016,-7.129008,-7.129008,0,0,1,0,0.000000,0.080000,0.008000,0.001000,5.250000,0.104000,23.400000,0.028500,0.000000
0.317000,0.360000,0.500000,-0.323722,-0.000000,-0.323722,-1.286594,0.000000,1.286594,0.008228,0.771689,0.061667,0.061667,0.053440,0.200302,-0.571387,0.102927,0.000093,-0.006520,0.280558,-0.080256,-13.370463,0.000000,-13.370463,-13.370463,-13.370463,-6.685232,-6.685232,0,0,1,0,0.000000,0.080000,0.008000,0.001000,5.250000,0.104000,23.400000,0.028500,0.000000
0.322000,0.360000,0.500000,-0.326529,-0.000000,-0.326529,-1.247033,0.000000,1.247033,0.016260,0.723624,0.061667,0.061667,0.045407,0.163132,-0.560492,0.099763,0.000093,-0.007912,0.238389,-0.075257,-13.115506,0.062105,-13.053401,-13.053401,-13.053401,-6.526701,-6.526701,0,0,1,0,0.000000,0.080000,0.008000,0.001000,5.250000,0.104000,23.400000,0.028500,0.000000
0.327000,0.360000,0.500000,-0.328530,-0.000000,-0.328530,-1.201577,0.000000,1.201577,0.016260,0.723624,0.061667,0.061667,0.045407,0.163132,-0.560492,0.096126,0.000093,-0.009091,0.238389,-0.075257,-13.115506,0.000000,-13.115506,-13.115506,-13.115506,-6.557753,-6.557753,0,0,1,0,0.000000,0.080000,0.008000,0.001000,5.250000,0.104000,23.400000,0.028500,0.000000
0.332000,0.360000,0.500000,-0.329769,-0.000000,-0.329769,-1.150922,0.000000,1.150922,0.018139,0.571659,0.061667,0.061667,0.043528,0.169070,-0.402589,0.092074,0.000093,-0.010131,0.228523,-0.059453,-9.420579,0.900046,-8.520533,-8.520533,-8.520533,-4.260266,-4.260266,0,0,1,0,0.000000,0.080000,0.008000,0.001000,5.250000,0.104000,23.400000,0.028500,0.000000
0.337000,0.360000,0.500000,-0.330272,-0.000000,-0.330272,-1.095519,0.000000,1.095519,0.018139,0.571659,0.061667,0.061667,0.043528,0.169070,-0.402589,0.087642,0.000093,-0.011081,0.228523,-0.059453,-9.420579,0.000000,-9.420579,-9.420579,-9.420579,-4.710289,-4.710289,0,0,1,0,0.000000,0.080000,0.008000,0.001000,5.250000,0.104000,23.400000,0.028500,0.000000
0.346000,0.360000,0.500000,-0.329646,-0.000000,-0.329646,-0.978738,0.000000,0.978738,0.014573,0.360279,0.061667,0.061667,0.047094,0.209776,-0.150503,0.078299,0.000093,-0.012976,0.247245,-0.037469,-3.521771,0.798272,-2.723500,-2.723500,-2.723500,-1.361750,-1.361750,0,0,1,0,0.000000,0.080000,0.008000,0.001000,5.250000,0.104000,23.400000,0.028500,0.000000
0.351000,0.360000,0.500000,-0.328596,-0.000000,-0.328596,-0.917372,0.000000,0.917372,0.007032,0.115754,0.061667,0.061667,0.054635,0.274797,0.159043,0.073390,0.000093,-0.012273,0.286836,-0.012038,3.721611,1.764414,5.486024,5.486024,5.486024,2.743012,2.743012,0,0,1,0,0.000000,0.080000,0.008000,0.001000,5.250000,0.104000,23.400000,0.028500,0.000000
0.356000,0.360000,0.500000,-0.327277,-0.000000,-0.327277,-0.857804,0.000000,0.857804,0.007032,0.115754,0.061667,0.061667,0.054635,0.274797,0.159043,0.068624,0.000128,-0.011914,0.286836,-0.012038,3.721611,0.000000,3.721611,3.721611,3.721611,1.860805,1.860805,0,0,1,0,0.000000,0.080000,0.008000,0.001000,5.250000,0.104000,23.400000,0.028500,0.000000
0.361000,0.360000,0.500000,-0.326087,-0.000000,-0.326087,-0.804215,0.000000,0.804215,-0.002299,-0.070541,0.061667,0.061667,0.063966,0.343160,0.413701,0.064337,0.000160,-0.010718,0.335824,0.007336,9.680599,1.451549,11.132148,11.132148,11.132148,5.566074,5.566074,0,0,1,0,0.000000,0.080000,0.008000,0.001000,5.250000,0.104000,23.400000,0.028500,0.000000
0.366000,0.360000,0.500000,-0.325136,-0.000000,-0.325136,-0.755286,0.000000,0.755286,-0.002299,-0.070541,0.061667,0.061667,0.063966,0.343160,0.413701,0.060423,0.000190,-0.009786,0.335824,0.007336,9.680599,0.000000,9.680599,9.680599,9.680599,4.840300,4.840300,0,0,1,0,0.000000,0.080000,0.008000,0.001000,5.250000,0.104000,23.400000,0.028500,0.000000
0.371000,0.360000,0.500000,-0.324610,-0.000000,-0.324610,-0.714538,0.000000,0.714538,-0.009697,-0.166070,0.061667,0.061667,0.071364,0.391933,0.558002,0.057163,0.000219,-0.008150,0.374661,0.017271,13.057256,0.822519,13.879775,13.879775,13.879775,6.939888,6.939888,0,0,1,0,0.000000,0.080000,0.008000,0.001000,5.250000,0.104000,23.400000,0.028500,0.000000
0.376000,0.360000,0.500000,-0.324600,-0.000000,-0.324600,-0.680628,0.000000,0.680628,-0.009697,-0.166070,0.061667,0.061667,0.071364,0.391933,0.558002,0.054450,0.000246,-0.006782,0.374661,0.017271,13.057256,0.000000,13.057256,13.057256,13.057256,6.528628,6.528628,0,0,1,0,0.000000,0.080000,0.008000,0.001000,5.250000,0.104000,23.400000,0.028500,0.000000
0.381000,0.360000,0.500000,-0.325192,-0.000000,-0.325192,-0.655230,0.000000,0.655230,-0.013191,-0.159722,0.061667,0.061667,0.074858,0.409617,0.569339,0.052418,0.000272,-0.005080,0.393006,0.016611,13.322522,0.064616,13.387138,13.387138,13.387138,6.693569,6.693569,0,0,1,0,0.000000,0.080000,0.008000,0.001000,5.250000,0.104000,23.400000,0.028500,0.000000
0.386000,0.360000,0.500000,-0.326428,-0.000000,-0.326428,-0.637290,0.000000,0.637290,-0.013191,-0.159722,0.061667,0.061667,0.074858,0.409617,0.569339,0.050983,0.000297,-0.003588,0.393006,0.016611,13.322522,0.000000,13.322522,13.322522,13.322522,6.661261,6.661261,0,0,1,0,0.000000,0.080000,0.008000,0.001000,5.250000,0.104000,23.400000,0.028500,0.000000
0.395000,0.360000,0.500000,-0.330742,-0.000000,-0.330742,-0.622080,0.000000,0.622080,-0.011929,-0.065501,0.061667,0.061667,0.073597,0.393195,0.458696,0.049766,0.000342,-0.001690,0.386383,0.006812,10.733491,-0.350367,10.383124,10.383124,10.383124,5.191562,5.191562,0,0,1,0,0.000000,0.080000,0.008000,0.001000,5.250000,0.104000,23.400000,0.028500,0.000000
0.400000,0.360000,0.500000,-0.333789,-0.000000,-0.333789,-0.623768,0.000000,0.623768,-0.006089,0.095676,0.061667,0.061667,0.067756,0.345770,0.250095,0.049901,0.000367,0.000338,0.355721,-0.009950,5.852216,-1.189028,4.663188,4.663188,4.663188,2.331594,2.331594,0,0,1,0,0.000000,0.080000,0.008000,0.001000,5.250000,0.104000,23.400000,0.028500,0.000000
0.405000,0.360000,0.500000,-0.333789,-0.000000,-0.333789,-0.623768,0.000000,0.623768,-0.006089,0.095676,0.061667,0.061667,0.067756,0.345770,0.250095,0.049901,0.000392,0.000000,0.355721,-0.009950,5.852216,0.000000,5.852216,5.852216,5.852216,2.926108,2.926108,0,0,1,0,0.000000,0.080000,0.008000,0.001000,5.250000,0.104000,23.400000,0.028500,0.000000
0.410000,0.360000,0.500000,-0.337318,-0.000000,-0.337318,-0.629519,0.000000,0.629519,-0.006089,0.095676,0.061667,0.061667,0.067756,0.345770,0.250095,0.050361,0.000417,0.001150,0.355721,-0.009950,5.852216,0.000000,5.852216,5.852216,5.852216,2.926108,2.926108,0,0,1,0,0.000000,0.080000,0.008000,0.001000,5.250000,0.104000,23.400000,0.028500,0.000000
0.415000,0.360000,0.500000,-0.341077,-0.000000,-0.341077,-0.636069,0.000000,0.636069,0.003104,0.263072,0.061667,0.061667,0.058563,0.280098,0.017026,0.050886,0.000443,0.001310,0.307457,-0.027359,0.398417,-1.328490,-0.930073,-0.930073,-0.930073,-0.465036,-0.465036,0,0,1,0,0.000000,0.080000,0.008000,0.001000,5.250000,0.104000,23.400000,0.028500,0.000000
0.420000,0.360000,0.500000,-0.344981,-0.000000,-0.344981,-0.643985,0.000000,0.643985,0.003104,0.263072,0.061667,0.061667,0.058563,0.280098,0.017026,0.051519,0.000469,0.001583,0.307457,-0.027359,0.398417,0.000000,0.398417,0.398417,0.398417,0.199209,0.199209,0,0,1,0,0.000000,0.080000,0.008000,0.001000,5.250000,0.104000,23.400000,0.028500,0.000000
0.425000,0.360000,0.500000,-0.349053,-0.000000,-0.349053,-0.653167,0.000000,0.653167,0.013549,0.421934,0.061667,0.061667,0.048119,0.208742,-0.213192,0.052253,0.000495,0.001837,0.252623,-0.043881,-4.988694,-1.312245,-6.300939,-6.300939,-6.300939,-3.150470,-3.150470,0,0,1,0,0.000000,0.080000,0.008000,0.001000,5.250000,0.104000,23.400000,0.028500,0.000000
0.430000,0.360000,0.500000,-0.353078,-0.000000,-0.353078,-0.660009,0.000000,0.660009,0.013549,0.421934,0.061667,0.061667,0.048119,0.208742,-0.213192,0.052801,0.000521,0.001368,0.252623,-0.043881,-4.988694,0.000000,-4.988694,-4.988694,-4.988694,-2.494347,-2.494347,0,0,1,0,0.000000,0.080000,0.008000,0.001000,5.250000,0.104000,23.400000,0.028500,0.000000
0.439000,0.360000,0.500000,-0.360013,-0.000000,-0.360013,-0.659949,0.000000,0.659949,0.023388,0.501842,0.061667,0.061667,0.038279,0.148775,-0.353068,0.052796,0.000569,-0.000007,0.200966,-0.052192,-8.261784,-0.442940,-8.704724,-8.704724,-8.704724,-4.352362,-4.352362,0,0,1,0,0.000000,0.080000,0.008000,0.001000,5.250000,0.104000,23.400000,0.028500,0.000000
0.444000,0.360000,0.500000,-0.362907,-0.000000,-0.362907,-0.654441,0.000000,0.654441,0.030193,0.511154,0.061667,0.061667,0.031474,0.112078,-0.399077,0.052355,0.000595,-0.001102,0.165238,-0.053160,-9.338391,-0.262250,-9.600641,-9.600641,-9.600641,-4.800320,-4.800320,0,0,1,0,0.000000,0.080000,0.008000,0.001000,5.250000,0.104000,23.400000,0.028500,0.000000
0.449000,0.360000,0.500000,-0.365327,-0.000000,-0.365327,-0.643749,0.000000,0.643749,0.030193,0.511154,0.061667,0.061667,0.031474,0.112078,-0.399077,0.051500,0.000621,-0.002138,0.165238,-0.053160,-9.338391,0.000000,-9.338391,-9.338391,-9.338391,-4.669195,-4.669195,0,0,1,0,0.000000,0.080000,0.008000,0.001000,5.250000,0.104000,23.400000,0.028500,0.000000
0.454000,0.360000,0.500000,-0.367183,-0.000000,-0.367183,-0.627834,0.000000,0.627834,0.033316,0.435446,0.061667,0.061667,0.028351,0.103559,-0.331887,0.050227,0.000646,-0.003183,0.148845,-0.045286,-7.766161,0.382979,-7.383182,-7.383182,-7.383182,-3.691591,-3.691591,0,0,1,0,0.000000,0.080000,0.008000,0.001000,5.250000,0.104000,23.400000,0.028500,0.000000
0.459000,0.360000,0.500000,-0.368482,-0.000000,-0.368482,-0.607267,0.000000,0.607267,0.033316,0.435446,0.061667,0.061667,0.028351,0.103559,-0.331887,0.048581,0.000670,-0.004113,0.148845,-0.045286,-7.766161,0.000000,-7.766161,-7.766161,-7.766161,-3.883081,-3.883081,0,0,1,0,0.000000,0.080000,0.008000,0.001000,5.250000,0.104000,23.400000,0.028500,0.000000
0.464000,0.360000,0.500000,-0.369307,-0.000000,-0.369307,-0.583457,0.000000,0.583457,0.032234,0.301896,0.061667,0.061667,0.029433,0.123125,-0.178771,0.046677,0.000693,-0.004762,0.154523,-0.031397,-4.183232,0.872765,-3.310467,-3.310467,-3.310467,-1.655234,-1.655234,0,0,1,0,0.000000,0.080000,0.008000,0.001000,5.250000,0.104000,23.400000,0.028500,0.000000
0.469000,0.360000,0.500000,-0.369700,-0.000000,-0.369700,-0.556489,0.000000,0.556489,0.032234,0.301896,0.061667,0.061667,0.029433,0.123125,-0.178771,0.044519,0.000716,-0.005394,0.154523,-0.031397,-4.183232,0.000000,-4.183232,-4.183232,-4.183232,-2.091616,-2.091616,0,0,1,0,0.000000,0.080000,0.008000,0.001000,5.250000,0.104000,23.400000,0.028500,0.000000
0.474000,0.360000,0.500000,-0.369806,-0.000000,-0.369806,-0.528958,0.000000,0.528958,0.027966,0.146862,0.061667,0.061667,0.033701,0.161658,0.014796,0.042317,0.000737,-0.005506,0.176932,-0.015274,0.346222,1.103329,1.449551,1.449551,1.449551,0.724775,0.724775,0,0,1,0,0.000000,0.080000,0.008000,0.001000,5.250000,0.104000,23.400000,0.028500,0.000000
0.479000,0.360000,0.500000,-0.369696,-0.000000,-0.369696,-0.500488,0.000000,0.500488,0.027966,0.146862,0.061667,0.061667,0.033701,0.161658,0.014796,0.040039,0.000757,-0.005694,0.176932,-0.015274,0.346222,0.000000,0.346222,0.346222,0.346222,0.173111,0.173111,0,0,1,0,0.000000,0.080000,0.008000,0.001000,5.250000,0.104000,23.400000,0.028500,0.000000
0.488000,0.360000,0.500000,-0.369402,-0.000000,-0.369402,-0.449109,0.000000,0.449109,0.022158,0.008166,0.061667,0.061667,0.039510,0.206576,0.198411,0.035929,0.000789,-0.005709,0.207426,-0.000849,4.642810,0.581447,5.224257,5.224257,5.224257,2.612128,2.612128,0,0,1,0,0.000000,0.080000,0.008000,0.001000,5.250000,0.104000,23.400000,0.028500,0.000000
0.493000,0.360000,0.500000,-0.369276,-0.000000,-0.369276,-0.425411,0.000000,0.425411,0.016319,-0.104515,0.061667,0.061667,0.045348,0.248946,0.353461,0.034033,0.000806,-0.004740,0.238076,0.010870,8.270989,0.883787,9.154777,9.154777,9.154777,4.577388,4.577388,0,0,1,0,0.000000,0.080000,0.008000,0.001000,5.250000,0.104000,23.400000,0.028500,0.000000
0.498000,0.360000,0.500000,-0.369306,-0.000000,-0.369306,-0.405465,0.000000,0.405465,0.016319,-0.104515,0.061667,0.061667,0.045348,0.248946,0.353461,0.032437,0.000822,-0.003989,0.238076,0.010870,8.270989,0.000000,8.270989,8.270989,8.270989,4.135495,4.135495,0,0,1,0,0.000000,0.080000,0.008000,0.001000,5.250000,0.104000,23.400000,0.028500,0.000000
0.503000,0.360000,0.500000,-0.369711,-0.000000,-0.369711,-0.391035,0.000000,0.391035,0.011756,-0.145031,0.061667,0.061667,0.049912,0.277120,0.422151,0.031283,0.000838,-0.002886,0.262036,0.015083,9.878322,0.391530,10.269852,10.269852,10.269852,5.134926,5.134926,0,0,1,0,0.000000,0.080000,0.008000,0.001000,5.250000,0.104000,23.400000,0.028500,0.000000
0.508000,0.360000,0.500000,-0.370531,-0.000000,-0.370531,-0.381244,0.000000,0.381244,0.011756,-0.145031,0.061667,0.061667,0.049912,0.277120,0.422151,0.030500,0.000853,-0.001958,0.262036,0.015083,9.878322,0.000000,9.878322,9.878322,9.878322,4.939161,4.939161,0,0,1,0,0.000000,0.080000,0.008000,0.001000,5.250000,0.104000,23.400000,0.028500,0.000000
0.513000,0.360000,0.500000,-0.371799,-0.000000,-0.371799,-0.376778,0.000000,0.376778,0.010315,-0.114943,0.061667,0.061667,0.051352,0.281553,0.396496,0.030142,0.000868,-0.000893,0.269599,0.011954,9.278000,-0.146232,9.131768,9.131768,9.131768,4.565884,4.565884,0,0,1,0,0.000000,0.080000,0.008000,0.001000,5.250000,0.104000,23.400000,0.028500,0.000000
0.518000,0.360000,0.500000,-0.373529,-0.000000,-0.373529,-0.377024,0.000000,0.377024,0.010315,-0.114943,0.061667,0.061667,0.051352,0.281553,0.396496,0.030162,0.000883,0.000049,0.269599,0.011954,9.278000,0.000000,9.278000,9.278000,9.278000,4.639000,4.639000,0,0,1,0,0.000000,0.080000,0.008000,0.001000,5.250000,0.104000,23.400000,0.028500,0.000000
0.523000,0.360000,0.500000,-0.375676,-0.000000,-0.375676,-0.381230,0.000000,0.381230,0.012261,-0.029808,0.061667,0.061667,0.049406,0.262483,0.292291,0.030498,0.000899,0.000841,0.259383,0.003100,6.839621,-0.593964,6.245657,6.245657,6.245657,3.122828,3.122828,0,0,1,0,0.000000,0.080000,0.008000,0.001000,5.250000,0.104000,23.400000,0.028500,0.000000
0.528000,0.360000,0.500000,-0.378219,-0.000000,-0.378219,-0.389166,0.000000,0.389166,0.012261,-0.029808,0.061667,0.061667,0.049406,0.262483,0.292291,0.031133,0.000914,0.001587,0.259383,0.003100,6.839621,0.000000,6.839621,6.839621,6.839621,3.419810,3.419810,0,0,1,0,0.000000,0.080000,0.008000,0.001000,5.250000,0.104000,23.400000,0.028500,0.000000
0.533000,0.360000,0.500000,-0.381055,-0.000000,-0.381055,-0.398967,0.000000,0.398967,0.017037,0.083386,0.061667,0.061667,0.044630,0.225636,0.142250,0.031917,0.000930,0.001960,0.234308,-0.008672,3.328648,-0.855237,2.473411,2.473411,2.473411,1.236705,1.236705,0,0,1,0,0.000000,0.080000,0.008000,0.001000,5.250000,0.104000,23.400000,0.028500,0.000000
0.538000,0.360000,0.500000,-0.384132,-0.000000,-0.384132,-0.410792,0.000000,0.410792,0.017037,0.083386,0.061667,0.061667,0.044630,0.225636,0.142250,0.032863,0.000947,0.002365,0.234308,-0.008672,3.328648,0.000000,3.328648,3.328648,3.328648,1.664324,1.664324,0,0,1,0,0.000000,0.080000,0.008000,0.001000,5.250000,0.104000,23.400000,0.028500,0.000000
0.547000,0.360000,0.500000,-0.390555,-0.000000,-0.390555,-0.433704,0.000000,0.433704,0.023463,0.193752,0.061667,0.061667,0.038205,0.180424,-0.013328,0.034696,0.000978,0.002546,0.200574,-0.020150,-0.311877,-0.492664,-0.804541,-0.804541,-0.804541,-0.402270,-0.402270,0,0,1,0,0.000000,0.080000,0.008000,0.001000,5.250000,0.104000,23.400000,0.028500,0.000000
0.552000,0.360000,0.500000,-0.393854,-0.000000,-0.393854,-0.445253,0.000000,0.445253,0.030347,0.291506,0.061667,0.061667,0.031320,0.134114,-0.157392,0.035620,0.000996,0.002310,0.164431,-0.030317,-3.682983,-0.821167,-4.504149,-4.504149,-4.504149,-2.252075,-2.252075,0,0,1,0,0.000000,0.080000,0.008000,0.001000,5.250000,0.104000,23.400000,0.028500,0.000000
0.557000,0.360000,0.500000,-0.397078,-0.000000,-0.397078,-0.454708,0.000000,0.454708,0.030347,0.291506,0.061667,0.061667,0.031320,0.134114,-0.157392,0.036377,0.001014,0.001891,0.164431,-0.030317,-3.682983,0.000000,-3.682983,-3.682983,-3.682983,-1.841491,-1.841491,0,0,1,0,0.000000,0.080000,0.008000,0.001000,5.250000,0.104000,23.400000,0.028500,0.000000
0.562000,0.360000,0.500000,-0.400046,-0.000000,-0.400046,-0.460305,0.000000,0.460305,0.036547,0.333826,0.061667,0.061667,0.025120,0.097162,-0.236664,0.036824,0.001032,0.001119,0.131880,-0.034718,-5.537932,-0.451847,-5.989779,-5.989779,-5.989779,-2.994889,-2.994889,0,0,1,0,0.000000,0.080000,0.008000,0.001000,5.250000,0.104000,23.400000,0.028500,0.000000
0.567000,0.360000,0.500000,-0.402707,-0.000000,-0.402707,-0.462772,0.000000,0.462772,0.036547,0.333826,0.061667,0.061667,0.025120,0.097162,-0.236664,0.037022,0.001051,0.000494,0.131880,-0.034718,-5.537932,0.000000,-5.537932,-5.537932,-5.537932,-2.768966,-2.768966,0,0,1,0,0.000000,0.080000,0.008000,0.001000,5.250000,0.104000,23.400000,0.028500,0.000000
0.572000,0.360000,0.500000,-0.405017,-0.000000,-0.405017,-0.461159,0.000000,0.461159,0.040325,0.317386,0.061667,0.061667,0.021342,0.079040,-0.238346,0.036893,0.001069,-0.000323,0.112048,-0.033008,-5.577292,-0.009588,-5.586879,-5.586879,-5.586879,-2.793440,-2.793440,0,0,1,0,0.000000,0.080000,0.008000,0.001000,5.250000,0.104000,23.400000,0.028500,0.000000
0.577000,0.360000,0.500000,-0.406953,-0.000000,-0.406953,-0.456027,0.000000,0.456027,0.040325,0.317386,0.061667,0.061667,0.021342,0.079040,-0.238346,0.036482,0.001087,-0.001026,0.112048,-0.033008,-5.577292,0.000000,-5.577292,-5.577292,-5.577292,-2.788646,-2.788646,0,0,1,0,0.000000,0.080000,0.008000,0.001000,5.250000,0.104000,23.400000,0.028500,0.000000
0.582000,0.360000,0.500000,-0.408534,-0.000000,-0.408534,-0.447634,0.000000,0.447634,0.041254,0.251133,0.061667,0.061667,0.020413,0.081052,-0.170080,0.035811,0.001105,-0.001679,0.107170,-0.026118,-3.979874,0.389115,-3.590760,-3.590760,-3.590760,-1.795380,-1.795380,0,0,1,0,0.000000,0.080000,0.008000,0.001000,5.250000,0.104000,23.400000,0.028500,0.000000
0.591000,0.360000,0.500000,-0.410732,-0.000000,-0.410732,-0.423164,0.000000,0.423164,0.039601,0.155057,0.061667,0.061667,0.022066,0.099720,-0.055337,0.033853,0.001136,-0.002719,0.115846,-0.016126,-1.294884,0.363353,-0.931531,-0.931531,-0.931531,-0.465766,-0.465766,0,0,1,0,0.000000,0.080000,0.008000,0.001000,5.250000,0.104000,23.400000,0.028500,0.000000
0.596000,0.360000,0.500000,-0.411471,-0.000000,-0.411471,-0.408515,0.000000,0.408515,0.039601,0.155057,0.061667,0.061667,0.022066,0.099720,-0.055337,0.032681,0.001152,-0.002930,0.115846,-0.016126,-1.294884,0.000000,-1.294884,-1.294884,-1.294884,-0.647442,-0.647442,0,0,1,0,0.000000,0.080000,0.008000,0.001000,5.250000,0.104000,23.400000,0.028500,0.000000
0.601000,0.360000,0.500000,-0.412076,-0.000000,-0.412076,-0.393828,0.000000,0.393828,0.036261,0.054606,0.061667,0.061667,0.025407,0.127706,0.073100,0.031506,0.001168,-0.002938,0.133385,-0.005679,1.710532,0.732089,2.442620,2.442620,2.442620,1.221310,1.221310,0,0,1,0,0.000000,0.080000,0.008000,0.001000,5.250000,0.104000,23.400000,0.028500,0.000000
0.606000,0.360000,0.500000,-0.412593,-0.000000,-0.412593,-0.378929,0.000000,0.378929,0.036261,0.054606,0.061667,0.061667,0.025407,0.127706,0.073100,0.030314,0.001183,-0.002980,0.133385,-0.005679,1.710532,0.000000,1.710532,1.710532,1.710532,0.855266,0.855266,0,0,1,0,0.000000,0.080000,0.008000,0.001000,5.250000,0.104000,23.400000,0.028500,0.000000
0.611000,0.360000,0.500000,-0.413133,-0.000000,-0.413133,-0.365794,0.000000,0.365794,0.032328,-0.027002,0.061667,0.061667,0.029339,0.156839,0.183841,0.029264,0.001198,-0.002627,0.154030,0.002808,4.301878,0.631225,4.933104,4.933104,4.933104,2.466552,2.466552,0,0,1,0,0.000000,0.080000,0.008000,0.001000,5.250000,0.104000,23.400000,0.028500,0.000000
0.616000,0.360000,0.500000,-0.413753,-0.000000,-0.413753,-0.353914,0.000000,0.353914,0.032328,-0.027002,0.061667,0.061667,0.029339,0.156839,0.183841,0.028313,0.001212,-0.002376,0.154030,0.002808,4.301878,0.000000,4.301878,4.301878,4.301878,2.150939,2.150939,0,0,1,0,0.000000,0.080000,0.008000,0.001000,5.250000,0.104000,23.400000,0.028500,0.000000
0.621000,0.360000,0.500000,-0.414536,-0.000000,-0.414536,-0.344875,0.000000,0.344875,0.028994,-0.073066,0.061667,0.061667,0.032674,0.179135,0.252201,0.027590,0.001226,-0.001808,0.171536,0.007599,5.901505,0.389653,6.291157,6.291157,6.291157,3.145579,3.145579,0,0,1,0,0.000000,0.080000,0.008000,0.001000,5.250000,0.104000,23.400000,0.028500,0.000000
0.626000,0.360000,0.500000,-0.415513,-0.000000,-0.415513,-0.338137,0.000000,0.338137,0.028994,-0.073066,0.061667,0.061667,0.032674,0.179135,0.252201,0.027051,0.001239,-0.001348,0.171536,0.007599,5.901505,0.000000,5.901505,5.901505,5.901505,2.950752,2.950752,0,0,1,0,0.000000,0.080000,0.008000,0.001000,5.250000,0.104000,23.400000,0.028500,0.000000
0.635000,0.360000,0.500000,-0.416734,-0.000000,-0.416734,-0.334558,0.000000,0.334558,0.027174,-0.076992,0.061667,0.061667,0.034493,0.189097,0.266089,0.026765,0.001263,-0.000398,0.181090,0.008007,6.226471,0.043977,6.270448,6.270448,6.270448,3.135224,3.135224,0,0,1,0,0.000000,0.080000,0.008000,0.001000,5.250000,0.104000,23.400000,0.028500,0.000000
0.640000,0.360000,0.500000,-0.418219,-0.000000,-0.418219,-0.333693,0.000000,0.333693,0.027281,-0.044443,0.061667,0.061667,0.034387,0.185152,0.229595,0.026695,0.001277,-0.000173,0.180530,0.004622,5.372518,-0.208014,5.164504,5.164504,5.164504,2.582252,2.582252,0,0,1,0,0.000000,0.080000,0.008000,0.001000,5.250000,0.104000,23.400000,0.028500,0.000000
0.645000,0.360000,0.500000,-0.419954,-0.000000,-0.419954,-0.335331,0.000000,0.335331,0.027281,-0.044443,0.061667,0.061667,0.034387,0.185152,0.229595,0.026826,0.001290,0.000328,0.180530,0.004622,5.372518,0.000000,5.372518,5.372518,5.372518,2.686259,2.686259,0,0,1,0,0.000000,0.080000,0.008000,0.001000,5.250000,0.104000,23.400000,0.028500,0.000000
0.650000,0.360000,0.500000,-0.421941,-0.000000,-0.421941,-0.339467,0.000000,0.339467,0.027281,-0.044443,0.061667,0.061667,0.034387,0.185152,0.229595,0.027157,0.001304,0.000827,0.180530,0.004622,5.372518,0.000000,5.372518,5.372518,5.372518,2.686259,2.686259,0,0,1,0,0.000000,0.080000,0.008000,0.001000,5.250000,0.104000,23.400000,0.028500,0.000000
0.655000,0.360000,0.500000,-0.424148,-0.000000,-0.424148,-0.345329,0.000000,0.345329,0.029221,0.014143,0.061667,0.061667,0.032446,0.168873,0.154730,0.027626,0.001317,0.001172,0.170344,-0.001471,3.620675,-0.426731,3.193944,3.193944,3.193944,1.596972,1.596972,0,0,1,0,0.000000,0.080000,0.008000,0.001000,5.250000,0.104000,23.400000,0.028500,0.000000
0.660000,0.360000,0.500000,-0.426551,-0.000000,-0.426551,-0.352887,0.000000,0.352887,0.029221,0.014143,0.061667,0.061667,0.032446,0.168873,0.154730,0.028231,0.001331,0.001512,0.170344,-0.001471,3.620675,0.000000,3.620675,3.620675,3.620675,1.810338,1.810338,0,0,1,0,0.000000,0.080000,0.008000,0.001000,5.250000,0.104000,23.400000,0.028500,0.000000
0.665000,0.360000,0.500000,-0.429150,-0.000000,-0.429150,-0.362006,0.000000,0.362006,0.032676,0.089583,0.061667,0.061667,0.028991,0.142886,0.053303,0.028960,0.001346,0.001824,0.152203,-0.009317,1.247301,-0.578130,0.669171,0.669171,0.669171,0.334585,0.334585,0,0,1,0,0.000000,0.080000,0.008000,0.001000,5.250000,0.104000,23.400000,0.028500,0.000000
0.670000,0.360000,0.500000,-0.431872,-0.000000,-0.431872,-0.371424,0.000000,0.371424,0.032676,0.089583,0.061667,0.061667,0.028991,0.142886,0.053303,0.029714,0.001361,0.001884,0.152203,-0.009317,1.247301,0.000000,1.247301,1.247301,1.247301,0.623650,0.623650,0,0,1,0,0.000000,0.080000,0.008000,0.001000,5.250000,0.104000,23.400000,0.028500,0.000000
0.675000,0.360000,0.500000,-0.434590,-0.000000,-0.434590,-0.379801,0.000000,0.379801,0.036933,0.151280,0.061667,0.061667,0.024734,0.114122,-0.037158,0.030384,0.001376,0.001676,0.129855,-0.015733,-0.869492,-0.515629,-1.385121,-1.385121,-1.385121,-0.692560,-0.692560,0,0,1,0,0.000000,0.080000,0.008000,0.001000,5.250000,0.104000,23.400000,0.028500,0.000000
0.684000,0.360000,0.500000,-0.439844,-0.000000,-0.439844,-0.393245,0.000000,0.393245,0.040794,0.187041,0.061667,0.061667,0.020873,0.090133,-0.096908,0.031460,0.001404,0.001494,0.109585,-0.019452,-2.267639,-0.189208,-2.456846,-2.456846,-2.456846,-1.228423,-1.228423,0,0,1,0,0.000000,0.080000,0.008000,0.001000,5.250000,0.104000,23.400000,0.028500,0.000000
0.689000,0.360000,0.500000,-0.442261,-0.000000,-0.442261,-0.397144,0.000000,0.397144,0.040794,0.187041,0.061667,0.061667,0.020873,0.090133,-0.096908,0.031772,0.001420,0.000780,0.109585,-0.019452,-2.267639,0.000000,-2.267639,-2.267639,-2.267639,-1.133819,-1.133819,0,0,1,0,0.000000,0.080000,0.008000,0.001000,5.250000,0.104000,23.400000,0.028500,0.000000
0.694000,0.360000,0.500000,-0.444488,-0.000000,-0.444488,-0.398799,0.000000,0.398799,0.043459,0.189011,0.061667,0.061667,0.018208,0.075936,-0.113076,0.031904,0.001436,0.000331,0.095593,-0.019657,-2.645967,-0.092157,-2.738125,-2.738125,-2.738125,-1.369062,-1.369062,0,0,1,0,0.000000,0.080000,0.008000,0.001000,5.250000,0.104000,23.400000,0.028500,0.000000
0.699000,0.360000,0.500000,-0.446526,-0.000000,-0.446526,-0.398483,0.000000,0.398483,0.043459,0.189011,0.061667,0.061667,0.018208,0.075936,-0.113076,0.031879,0.001452,-0.000063,0.095593,-0.019657,-2.645967,0.000000,-2.645967,-2.645967,-2.645967,-1.322984,-1.322984,0,0,1,0,0.000000,0.080000,0.008000,0.001000,5.250000,0.104000,23.400000,0.028500,0.000000
0.704000,0.360000,0.500000,-0.448363,-0.000000,-0.448363,-0.396109,0.000000,0.396109,0.044591,0.160961,0.061667,0.061667,0.017076,0.072911,-0.088050,0.031689,0.001468,-0.000475,0.089651,-0.016740,-2.060364,0.142647,-1.917717,-1.917717,-1.917717,-0.958859,-0.958859,0,0,1,0,0.000000,0.080000,0.008000,0.001000,5.250000,0.104000,23.400000,0.028500,0.000000
0.709000,0.360000,0.500000,-0.450000,-0.000000,-0.450000,-0.391889,0.000000,0.391889,0.044591,0.160961,0.061667,0.061667,0.017076,0.072911,-0.088050,0.031351,0.001484,-0.000844,0.089651,-0.016740,-2.060364,0.000000,-2.060364,-2.060364,-2.060364,-1.030182,-1.030182,0,0,1,0,0.000000,0.080000,0.008000,0.001000,5.250000,0.104000,23.400000,0.028500,0.000000
0.714000,0.360000,0.500000,-0.451467,-0.000000,-0.451467,-0.386353,0.000000,0.386353,0.044203,0.112067,0.061667,0.061667,0.017464,0.080031,-0.032035,0.030908,0.001499,-0.001107,0.091686,-0.011655,-0.749631,0.319281,-0.430349,-0.430349,-0.430349,-0.215175,-0.215175,0,0,1,0,0.000000,0.080000,0.008000,0.001000,5.250000,0.104000,23.400000,0.028500,0.000000
0.719000,0.360000,0.500000,-0.452779,-0.000000,-0.452779,-0.379536,0.000000,0.379536,0.044203,0.112067,0.061667,0.061667,0.017464,0.080031,-0.032035,0.030363,0.001514,-0.001363,0.091686,-0.011655,-0.749631,0.000000,-0.749631,-0.749631,-0.749631,-0.374815,-0.374815,0,0,1,0,0.000000,0.080000,0.008000,0.001000,5.250000,0.104000,23.400000,0.028500,0.000000
0.724000,0.360000,0.500000,-0.453987,-0.000000,-0.453987,-0.372320,0.000000,0.372320,0.042665,0.055856,0.061667,0.061667,0.019002,0.093952,0.038096,0.029786,0.001529,-0.001443,0.099761,-0.005809,0.891447,0.399750,1.291197,1.291197,1.291197,0.645599,0.645599,0,0,1,0,0.000000,0.080000,0.008000,0.001000,5.250000,0.104000,23.400000,0.028500,0.000000
0.733000,0.360000,0.500000,-0.456239,-0.000000,-0.456239,-0.357766,0.000000,0.357766,0.040574,0.005410,0.061667,0.061667,0.021093,0.110177,0.104767,0.028621,0.001555,-0.001617,0.110740,-0.000563,2.451545,0.211124,2.662669,2.662669,2.662669,1.331335,1.331335,0,0,1,0,0.000000,0.080000,0.008000,0.001000,5.250000,0.104000,23.400000,0.028500,0.000000
0.738000,0.360000,0.500000,-0.457382,-0.000000,-0.457382,-0.351411,0.000000,0.351411,0.040574,0.005410,0.061667,0.061667,0.021093,0.110177,0.104767,0.028113,0.001569,-0.001271,0.110740,-0.000563,2.451545,0.000000,2.451545,2.451545,2.451545,1.225772,1.225772,0,0,1,0,0.000000,0.080000,0.008000,0.001000,5.250000,0.104000,23.400000,0.028500,0.000000
0.743000,0.360000,0.500000,-0.458593,-0.000000,-0.458593,-0.346328,0.000000,0.346328,0.038649,-0.027212,0.061667,0.061667,0.023018,0.123676,0.150887,0.027706,0.001583,-0.001017,0.120846,0.002830,3.530760,0.262886,3.793646,3.793646,3.793646,1.896823,1.896823,0,0,1,0,0.000000,0.080000,0.008000,0.001000,5.250000,0.104000,23.400000,0.028500,0.000000
0.748000,0.360000,0.500000,-0.459891,-0.000000,-0.459891,-0.342312,0.000000,0.342312,0.038649,-0.027212,0.061667,0.061667,0.023018,0.123676,0.150887,0.027385,0.001596,-0.000803,0.120846,0.002830,3.530760,0.000000,3.530760,3.530760,3.530760,1.765380,1.765380,0,0,1,0,0.000000,0.080000,0.008000,0.001000,5.250000,0.104000,23.400000,0.028500,0.000000
0.753000,0.360000,0.500000,-0.461310,-0.000000,-0.461310,-0.339979,0.000000,0.339979,0.037392,-0.037430,0.061667,0.061667,0.024276,0.131339,0.168770,0.027198,0.001610,-0.000466,0.127447,0.003893,3.949215,0.101931,4.051146,4.051146,4.051146,2.025573,2.025573,0,0,1,0,0.000000,0.080000,0.008000,0.001000,5.250000,0.104000,23.400000,0.028500,0.000000
0.758000,0.360000,0.500000,-0.462867,-0.000000,-0.462867,-0.339065,0.000000,0.339065,0.037392,-0.037430,0.061667,0.061667,0.024276,0.131339,0.168770,0.027125,0.001624,-0.000183,0.127447,0.003893,3.949215,0.000000,3.949215,3.949215,3.949215,1.974607,1.974607,0,0,1,0,0.000000,0.080000,0.008000,0.001000,5.250000,0.104000,23.400000,0.028500,0.000000
0.763000,0.360000,0.500000,-0.464568,-0.000000,-0.464568,-0.339728,0.000000,0.339728,0.037144,-0.025575,0.061667,0.061667,0.024524,0.131409,0.156984,0.027178,0.001637,0.000133,0.128749,0.002660,3.673437,-0.067177,3.606260,3.606260,3.606260,1.803130,1.803130,0,0,1,0,0.000000,0.080000,0.008000,0.001000,5.250000,0.104000,23.400000,0.028500,0.000000
0.768000,0.360000,0.500000,-0.466416,-0.000000,-0.466416,-0.341793,0.000000,0.341793,0.037144,-0.025575,0.061667,0.061667,0.024524,0.131409,0.156984,0.027343,0.001651,0.000413,0.128749,0.002660,3.673437,0.000000,3.673437,3.673437,3.673437,1.836718,1.836718,0,0,1,0,0.000000,0.080000,0.008000,0.001000,5.250000,0.104000,23.400000,0.028500,0.000000
0.777000,0.360000,0.500000,-0.470494,-0.000000,-0.470494,-0.349202,0.000000,0.349202,0.037959,0.002813,0.061667,0.061667,0.023708,0.124174,0.121361,0.027936,0.001676,0.000823,0.124467,-0.000293,2.839839,-0.112809,2.727031,2.727031,2.727031,1.363515,1.363515,0,0,1,0,0.000000,0.080000,0.008000,0.001000,5.250000,0.104000,23.400000,0.028500,0.000000
0.782000,0.360000,0.500000,-0.472713,-0.000000,-0.472713,-0.354408,0.000000,0.354408,0.039693,0.042796,0.061667,0.061667,0.021974,0.110912,0.068116,0.028353,0.001690,0.001041,0.115363,-0.004451,1.593908,-0.303496,1.290412,1.290412,1.290412,0.645206,0.645206,0,0,1,0,0.000000,0.080000,0.008000,0.001000,5.250000,0.104000,23.400000,0.028500,0.000000
0.787000,0.360000,0.500000,-0.475020,-0.000000,-0.475020,-0.360013,0.000000,0.360013,0.039693,0.042796,0.061667,0.061667,0.021974,0.110912,0.068116,0.028801,0.001705,0.001121,0.115363,-0.004451,1.593908,0.000000,1.593908,1.593908,1.593908,0.796954,0.796954,0,0,1,0,0.000000,0.080000,0.008000,0.001000,5.250000,0.104000,23.400000,0.028500,0.000000
0.792000,0.360000,0.500000,-0.477346,-0.000000,-0.477346,-0.365237,0.000000,0.365237,0.042001,0.078692,0.061667,0.061667,0.019666,0.095063,0.016371,0.029219,0.001719,0.001045,0.103247,-0.008184,0.383080,-0.294945,0.088135,0.088135,0.088135,0.044067,0.044067,0,0,1,0,0.000000,0.080000,0.008000,0.001000,5.250000,0.104000,23.400000,0.028500,0.000000
0.797000,0.360000,0.500000,-0.479672,-0.000000,-0.479672,-0.370264,0.000000,0.370264,0.042001,0.078692,0.061667,0.061667,0.019666,0.095063,0.016371,0.029621,0.001734,0.001005,0.103247,-0.008184,0.383080,0.000000,0.383080,0.383080,0.383080,0.191540,0.191540,0,0,1,0,0.000000,0.080000,0.008000,0.001000,5.250000,0.104000,23.400000,0.028500,0.000000
0.802000,0.360000,0.500000,-0.481958,-0.000000,-0.481958,-0.374324,0.000000,0.374324,0.044239,0.102433,0.061667,0.061667,0.017429,0.080847,-0.021586,0.029946,0.001749,0.000812,0.091500,-0.010653,-0.505116,-0.216355,-0.721472,-0.721472,-0.721472,-0.360736,-0.360736,0,0,1,0,0.000000,0.080000,0.008000,0.001000,5.250000,0.104000,23.400000,0.028500,0.000000
0.807000,0.360000,0.500000,-0.484183,-0.000000,-0.484183,-0.377642,0.000000,0.377642,0.044239,0.102433,0.061667,0.061667,0.017429,0.080847,-0.021586,0.030211,0.001764,0.000664,0.091500,-0.010653,-0.505116,0.000000,-0.505116,-0.505116,-0.505116,-0.252558,-0.252558,0,0,1,0,0.000000,0.080000,0.008000,0.001000,5.250000,0.104000,23.400000,0.028500,0.000000
0.812000,0.360000,0.500000,-0.486320,-0.000000,-0.486320,-0.379701,0.000000,0.379701,0.045967,0.109191,0.061667,0.061667,0.015701,0.071072,-0.038119,0.030376,0.001779,0.000412,0.082428,-0.011356,-0.891978,-0.094235,-0.986213,-0.986213,-0.986213,-0.493107,-0.493107,0,0,1,0,0.000000,0.080000,0.008000,0.001000,5.250000,0.104000,23.400000,0.028500,0.000000
0.817000,0.360000,0.500000,-0.488358,-0.000000,-0.488358,-0.380713,0.000000,0.380713,0.045967,0.109191,0.061667,0.061667,0.015701,0.071072,-0.038119,0.030457,0.001795,0.000202,0.082428,-0.011356,-0.891978,0.000000,-0.891978,-0.891978,-0.891978,-0.445989,-0.445989,0,0,1,0,0.000000,0.080000,0.008000,0.001000,5.250000,0.104000,23.400000,0.028500,0.000000
0.826000,0.360000,0.500000,-0.492105,-0.000000,-0.492105,-0.379233,0.000000,0.379233,0.046905,0.098702,0.061667,0.061667,0.014762,0.067238,-0.031464,0.030339,0.001822,-0.000164,0.077503,-0.010265,-0.736247,0.021075,-0.715172,-0.715172,-0.715172,-0.357586,-0.357586,0,0,1,0,0.000000,0.080000,0.008000,0.001000,5.250000,0.104000,23.400000,0.028500,0.000000
0.831000,0.360000,0.500000,-0.493817,-0.000000,-0.493817,-0.376973,0.000000,0.376973,0.046975,0.074122,0.061667,0.061667,0.014692,0.069426,-0.004696,0.030158,0.001837,-0.000452,0.077135,-0.007709,-0.109878,0.152577,0.042700,0.042700,0.042700,0.021350,0.021350,0,0,1,0,0.000000,0.080000,0.008000,0.001000,5.250000,0.104000,23.400000,0.028500,0.000000
0.836000,0.360000,0.500000,-0.495431,-0.000000,-0.495431,-0.373900,0.000000,0.373900,0.046975,0.074122,0.061667,0.061667,0.014692,0.069426,-0.004696,0.029912,0.001852,-0.000615,0.077135,-0.007709,-0.109878,0.000000,-0.109878,-0.109878,-0.109878,-0.054939,-0.054939,0,0,1,0,0.000000,0.080000,0.008000,0.001000,5.250000,0.104000,23.400000,0.028500,0.000000
0.841000,0.360000,0.500000,-0.496978,-0.000000,-0.496978,-0.370475,0.000000,0.370475,0.046310,0.043253,0.061667,0.061667,0.015357,0.076129,0.032876,0.029638,0.001867,-0.000685,0.080627,-0.004498,0.769296,0.214158,0.983454,0.983454,0.983454,0.491727,0.491727,0,0,1,0,0.000000,0.080000,0.008000,0.001000,5.250000,0.104000,23.400000,0.028500,0.000000
0.846000,0.360000,0.500000,-0.498471,-0.000000,-0.498471,-0.366650,0.000000,0.366650,0.046310,0.043253,0.061667,0.061667,0.015357,0.076129,0.032876,0.029332,0.001881,-0.000765,0.080627,-0.004498,0.769296,0.000000,0.769296,0.769296,0.769296,0.384648,0.384648,0,0,1,0,0.000000,0.080000,0.008000,0.001000,5.250000,0.104000,23.400000,0.028500,0.000000
0.851000,0.360000,0.500000,-0.499942,-0.000000,-0.499942,-0.363028,0.000000,0.363028,0.045237,0.013676,0.061667,0.061667,0.016430,0.084834,0.071158,0.029042,0.001896,-0.000724,0.086257,-0.001422,1.665108,0.218211,1.883319,1.883319,1.883319,0.941659,0.941659,0,0,1,0,0.000000,0.080000,0.008000,0.001000,5.250000,0.104000,23.400000,0.028500,0.000000
0.856000,0.360000,0.500000,-0.501406,-0.000000,-0.501406,-0.359485,0.000000,0.359485,0.045237,0.013676,0.061667,0.061667,0.016430,0.084834,0.071158,0.028759,0.001910,-0.000709,0.086257,-0.001422,1.665108,0.000000,1.665108,1.665108,1.665108,0.832554,0.832554,0,0,1,0,0.000000,0.080000,0.008000,0.001000,5.250000,0.104000,23.400000,0.028500,0.000000
0.861000,0.360000,0.500000,-0.502896,-0.000000,-0.502896,-0.356597,0.000000,0.356597,0.044123,-0.008004,0.061667,0.061667,0.017544,0.092937,0.100941,0.028528,0.001925,-0.000578,0.092105,0.000832,2.362023,0.169761,2.531785,2.531785,2.531785,1.265892,1.265892,0,0,1,0,0.000000,0.080000,0.008000,0.001000,5.250000,0.104000,23.400000,0.028500,0.000000
0.866000,0.360000,0.500000,-0.504426,-0.000000,-0.504426,-0.354202,0.000000,0.354202,0.044123,-0.008004,0.061667,0.061667,0.017544,0.092937,0.100941,0.028336,0.001939,-0.000479,0.092105,0.000832,2.362023,0.000000,2.362023,2.362023,2.362023,1.181012,1.181012,0,0,1,0,0.000000,0.080000,0.008000,0.001000,5.250000,0.104000,23.400000,0.028500,0.000000
0.871000,0.360000,0.500000,-0.506017,-0.000000,-0.506017,-0.352714,0.000000,0.352714,0.043304,-0.017730,0.061667,0.061667,0.018363,0.098250,0.115981,0.028217,0.001953,-0.000298,0.096406,0.001844,2.713948,0.085725,2.799673,2.799673,2.799673,1.399836,1.399836,0,0,1,0,0.000000,0.080000,0.008000,0.001000,5.250000,0.104000,23.400000,0.028500,0.000000
0.876000,0.360000,0.500000,-0.506017,-0.000000,-0.506017,-0.352714,0.000000,0.352714,0.043304,-0.017730,0.061667,0.061667,0.018363,0.098250,0.115981,0.028217,0.001967,0.000000,0.096406,0.001844,2.713948,0.000000,2.713948,2.713948,2.713948,1.356974,1.356974,0,0,1,0,0.000000,0.080000,0.008000,0.001000,5.250000,0.104000,23.400000,0.028500,0.000000
0.885000,0.360000,0.500000,-0.509422,-0.000000,-0.509422,-0.352152,0.000000,0.352152,0.043009,-0.014705,0.061667,0.061667,0.018659,0.099487,0.114192,0.028172,0.001992,-0.000062,0.097958,0.001529,2.672094,-0.005664,2.666431,2.666431,2.666431,1.333215,1.333215,0,0,1,0,0.000000,0.080000,0.008000,0.001000,5.250000,0.104000,23.400000,0.028500,0.000000
0.890000,0.360000,0.500000,-0.511249,-0.000000,-0.511249,-0.353132,0.000000,0.353132,0.043318,-0.001043,0.061667,0.061667,0.018349,0.096442,0.097485,0.028251,0.002006,0.000196,0.096333,0.000109,2.281153,-0.095229,2.185924,2.185924,2.185924,1.092962,1.092962,0,0,1,0,0.000000,0.080000,0.008000,0.001000,5.250000,0.104000,23.400000,0.028500,0.000000
0.895000,0.360000,0.500000,-0.513155,-0.000000,-0.513155,-0.354849,0.000000,0.354849,0.043318,-0.001043,0.061667,0.061667,0.018349,0.096442,0.097485,0.028388,0.002021,0.000343,0.096333,0.000109,2.281153,0.000000,2.281153,2.281153,2.281153,1.140577,1.140577,0,0,1,0,0.000000,0.080000,0.008000,0.001000,5.250000,0.104000,23.400000,0.028500,0.000000
0.900000,0.360000,0.500000,-0.515137,-0.000000,-0.515137,-0.357220,0.000000,0.357220,0.044159,0.018399,0.061667,0.061667,0.017508,0.090005,0.071606,0.028578,0.002035,0.000474,0.091918,-0.001913,1.675576,-0.147512,1.528063,1.528063,1.528063,0.764032,0.764032,0,0,1,0,0.000000,0.080000,0.008000,0.001000,5.250000,0.104000,23.400000,0.028500,0.000000
0.905000,0.360000,0.500000,-0.517176,-0.000000,-0.517176,-0.359942,0.000000,0.359942,0.044159,0.018399,0.061667,0.061667,0.017508,0.090005,0.071606,0.028795,0.002049,0.000544,0.091918,-0.001913,1.675576,0.000000,1.675576,1.675576,1.675576,0.837788,0.837788,0,0,1,0,0.000000,0.080000,0.008000,0.001000,5.250000,0.104000,23.400000,0.028500,0.000000
0.910000,0.360000,0.500000,-0.519265,-0.000000,-0.519265,-0.363035,0.000000,0.363035,0.045327,0.038143,0.061667,0.061667,0.016340,0.081821,0.043677,0.029043,0.002064,0.000619,0.085788,-0.003967,1.022050,-0.159192,0.862858,0.862858,0.862858,0.431429,0.431429,0,0,1,0,0.000000,0.080000,0.008000,0.001000,5.250000,0.104000,23.400000,0.028500,0.000000
0.915000,0.360000,0.500000,-0.523511,-0.000000,-0.523511,-0.369144,0.000000,0.369144,0.045327,0.038143,0.061667,0.061667,0.016340,0.081821,0.043677,0.029532,0.002079,0.001222,0.085788,-0.003967,1.022050,0.000000,1.022050,1.022050,1.022050,0.511025,0.511025,0,0,1,0,0.000000,0.080000,0.008000,0.001000,5.250000,0.104000,23.400000,0.028500,0.000000
0.920000,0.360000,0.500000,-0.523511,-0.000000,-0.523511,-0.369144,0.000000,0.369144,0.046562,0.053181,0.061667,0.061667,0.015105,0.073769,0.020588,0.029532,0.002093,0.000000,0.079300,-0.005531,0.481769,-0.131607,0.350162,0.350162,0.350162,0.175081,0.175081,0,0,1,0,0.000000,0.080000,0.008000,0.001000,5.250000,0.104000,23.400000,0.028500,0.000000
0.925000,0.360000,0.500000,-0.525633,-0.000000,-0.525633,-0.371812,0.000000,0.371812,0.046562,0.053181,0.061667,0.061667,0.015105,0.073769,0.020588,0.029745,0.002108,0.000534,0.079300,-0.005531,0.481769,0.000000,0.481769,0.481769,0.481769,0.240884,0.240884,0,0,1,0,0.000000,0.080000,0.008000,0.001000,5.250000,0.104000,23.400000,0.028500,0.000000
0.930000,0.360000,0.500000,-0.527737,-0.000000,-0.527737,-0.374192,0.000000,0.374192,0.046562,0.053181,0.061667,0.061667,0.015105,0.073769,0.020588,0.029935,0.002123,0.000476,0.079300,-0.005531,0.481769,0.000000,0.481769,0.481769,0.481769,0.240884,0.240884,0,0,1,0,0.000000,0.080000,0.008000,0.001000,5.250000,0.104000,23.400000,0.028500,0.000000
0.935000,0.360000,0.500000,-0.529804,-0.000000,-0.529804,-0.375956,0.000000,0.375956,0.047617,0.060150,0.061667,0.061667,0.014050,0.067507,0.007357,0.030076,0.002138,0.000353,0.073763,-0.006256,0.172163,-0.075417,0.096746,0.096746,0.096746,0.048373,0.048373,0,0,1,0,0.000000,0.080000,0.008000,0.001000,5.250000,0.104000,23.400000,0.028500,0.000000
0.940000,0.360000,0.500000,-0.531826,-0.000000,-0.531826,-0.377220,0.000000,0.377220,0.047617,0.060150,0.061667,0.061667,0.014050,0.067507,0.007357,0.030178,0.002153,0.000253,0.073763,-0.006256,0.172163,0.000000,0.172163,0.172163,0.172163,0.086082,0.086082,0,0,1,0,0.000000,0.080000,0.008000,0.001000,5.250000,0.104000,23.400000,0.028500,0.000000
0.945000,0.360000,0.500000,-0.533808,-0.000000,-0.533808,-0.378022,0.000000,0.378022,0.048330,0.059439,0.061667,0.061667,0.013337,0.063839,0.004400,0.030242,0.002168,0.000160,0.070021,-0.006182,0.102970,-0.016855,0.086116,0.086116,0.086116,0.043058,0.043058,0,0,1,0,0.000000,0.080000,0.008000,0.001000,5.250000,0.104000,23.400000,0.028500,0.000000
0.954000,0.360000,0.500000,-0.537619,-0.000000,-0.537619,-0.377868,0.000000,0.377868,0.048646,0.050239,0.061667,0.061667,0.013021,0.063134,0.012895,0.030229,0.002196,-0.000017,0.068359,-0.005225,0.301745,0.026900,0.328645,0.328645,0.328645,0.164322,0.164322,0,0,1,0,0.000000,0.080000,0.008000,0.001000,5.250000,0.104000,23.400000,0.028500,0.000000
0.959000,0.360000,0.500000,-0.539440,-0.000000,-0.539440,-0.376959,0.000000,0.376959,0.048646,0.050239,0.061667,0.061667,0.013021,0.063134,0.012895,0.030157,0.002211,-0.000182,0.068359,-0.005225,0.301745,0.000000,0.301745,0.301745,0.301745,0.150872,0.150872,0,0,1,0,0.000000,0.080000,0.008000,0.001000,5.250000,0.104000,23.400000,0.028500,0.000000
0.964000,0.360000,0.500000,-0.541213,-0.000000,-0.541213,-0.375682,0.000000,0.375682,0.048525,0.035264,0.061667,0.061667,0.013143,0.065331,0.030067,0.030055,0.002226,-0.000255,0.068998,-0.003667,0.703564,0.097879,0.801443,0.801443,0.801443,0.400721,0.400721,0,0,1,0,0.000000,0.080000,0.008000,0.001000,5.250000,0.104000,23.400000,0.028500,0.000000
0.969000,0.360000,0.500000,-0.542945,-0.000000,-0.542945,-0.374052,0.000000,0.374052,0.048525,0.035264,0.061667,0.061667,0.013143,0.065331,0.030067,0.029924,0.002241,-0.000326,0.068998,-0.003667,0.703564,0.000000,0.703564,0.703564,0.703564,0.351782,0.351782,0,0,1,0,0.000000,0.080000,0.008000,0.001000,5.250000,0.104000,23.400000,0.028500,0.000000
0.974000,0.360000,0.500000,-0.544652,-0.000000,-0.544652,-0.372357,0.000000,0.372357,0.048082,0.018615,0.061667,0.061667,0.013586,0.069388,0.050773,0.029789,0.002256,-0.000339,0.071324,-0.001936,1.188099,0.118028,1.306126,1.306126,1.306126,0.653063,0.653063,0,0,1,0,0.000000,0.080000,0.008000,0.001000,5.250000,0.104000,23.400000,0.028500,0.000000
0.979000,0.360000,0.500000,-0.546341,-0.000000,-0.546341,-0.370555,0.000000,0.370555,0.048082,0.018615,0.061667,0.061667,0.013586,0.069388,0.050773,0.029644,0.002270,-0.000361,0.071324,-0.001936,1.188099,0.000000,1.188099,1.188099,1.188099,0.594049,0.594049,0,0,1,0,0.000000,0.080000,0.008000,0.001000,5.250000,0.104000,23.400000,0.028500,0.000000
0.988000,0.360000,0.500000,-0.549727,-0.000000,-0.549727,-0.367518,0.000000,0.367518,0.047501,0.004229,0.061667,0.061667,0.014166,0.073931,0.069702,0.029401,0.002297,-0.000337,0.074371,-0.000440,1.631028,0.059941,1.690969,1.690969,1.690969,0.845484,0.845484,0,0,1,0,0.000000,0.080000,0.008000,0.001000,5.250000,0.104000,23.400000,0.028500,0.000000
0.993000,0.360000,0.500000,-0.551431,-0.000000,-0.551431,-0.366196,0.000000,0.366196,0.046943,-0.006995,0.061667,0.061667,0.014724,0.078029,0.085025,0.029296,0.002312,-0.000264,0.077302,0.000728,1.989577,0.087339,2.076916,2.076916,2.076916,1.038458,1.038458,0,0,1,0,0.000000,0.080000,0.008000,0.001000,5.250000,0.104000,23.400000,0.028500,0.000000
0.998000,0.360000,0.500000,-0.553155,-0.000000,-0.553155,-0.365256,0.000000,0.365256,0.046943,-0.006995,0.061667,0.061667,0.014724,0.078029,0.085025,0.029220,0.002326,-0.000188,0.077302,0.000728,1.989577,0.000000,1.989577,1.989577,1.989577,0.994789,0.994789,0,0,1,0,0.000000,0.080000,0.008000,0.001000,5.250000,0.104000,23.400000,0.028500,0.000000
1.003000,0.360000,0.500000,-0.554923,-0.000000,-0.554923,-0.364868,0.000000,0.364868,0.046539,-0.010487,0.061667,0.061667,0.015128,0.080515,0.091002,0.029189,0.002341,-0.000078,0.079425,0.001091,2.129450,0.034072,2.163521,2.163521,2.163521,1.081761,1.081761,0,0,1,0,0.000000,0.080000,0.008000,0.001000,5.250000,0.104000,23.400000,0.028500,0.000000
1.008000,0.360000,0.500000,-0.556737,-0.000000,-0.556737,-0.364943,0.000000,0.364943,0.046539,-0.010487,0.061667,0.061667,0.015128,0.080515,0.091002,0.029195,0.002355,0.000015,0.079425,0.001091,2.129450,0.000000,2.129450,2.129450,2.129450,1.064725,1.064725,0,0,1,0,0.000000,0.080000,0.008000,0.001000,5.250000,0.104000,23.400000,0.028500,0.000000
1.013000,0.360500,0.500500,-0.558600,-0.000000,-0.558600,-0.365536,0.000000,0.365536,0.046471,-0.006650,0.061545,0.061545,0.015074,0.079926,0.086576,0.029243,0.002370,0.000119,0.079233,0.000693,2.025443,-0.025219,2.000224,2.000224,2.000224,1.000112,1.000112,0,0,1,0,0.000000,0.080000,0.008000,0.001000,5.256250,0.104200,23.395000,0.028487,0.000000
1.018000,0.361000,0.501000,-0.560514,-0.000000,-0.560514,-0.366588,0.000000,0.366588,0.046471,-0.006650,0.061423,0.061423,0.014952,0.079379,0.086029,0.029327,0.002385,0.000210,0.078685,0.000694,2.012229,-0.003112,2.009117,2.009117,2.009117,1.004559,1.004559,0,0,1,0,0.000000,0.080000,0.008000,0.001000,5.262500,0.104400,23.390000,0.028475,0.000000
1.023000,0.361500,0.501500,-0.562481,-0.000000,-0.562481,-0.368093,0.000000,0.368093,0.046761,0.002851,0.061301,0.061301,0.014540,0.076311,0.073460,0.029447,0.002399,0.000301,0.076609,-0.000298,1.717861,-0.071552,1.646309,1.646309,1.646309,0.823154,0.823154,0,0,1,0,0.000000,0.080000,0.008000,0.001000,5.268750,0.104600,23.385000,0.028462,0.000000
1.032000,0.362400,0.502400,-0.566550,-0.000000,-0.566550,-0.372105,0.000000,0.372105,0.047345,0.014896,0.061083,0.061083,0.013738,0.070973,0.056078,0.029768,0.002426,0.000446,0.072537,-0.001563,1.310872,-0.054928,1.255945,1.255945,1.255945,0.627972,0.627972,0,0,1,0,0.000000,0.080000,0.008000,0.001000,5.280000,0.104960,23.376000,0.028440,0.000000
1.037000,0.362900,0.502900,-0.568618,-0.000000,-0.568618,-0.374258,0.000000,0.374258,0.047345,0.014896,0.060962,0.060962,0.013617,0.070416,0.055521,0.029941,0.002441,0.000431,0.071983,-0.001566,1.297576,-0.003166,1.294409,1.294409,1.294409,0.647205,0.647205,0,0,1,0,0.000000,0.080000,0.008000,0.001000,5.286250,0.105160,23.371000,0.028427,0.000000
1.042000,0.363400,0.503400,-0.570709,-0.000000,-0.570709,-0.376442,0.000000,0.376442,0.048058,0.025815,0.060841,0.060841,0.012782,0.064931,0.039117,0.030115,0.002456,0.000437,0.067651,-0.002720,0.914001,-0.093224,0.820776,0.820776,0.820776,0.410388,0.410388,0,0,1,0,0.000000,0.080000,0.008000,0.001000,5.292500,0.105360,23.366000,0.028415,0.000000
1.047000,0.363900,0.503900,-0.572804,-0.000000,-0.572804,-0.378576,0.000000,0.378576,0.048058,0.025815,0.060720,0.060720,0.012662,0.064367,0.038553,0.030286,0.002471,0.000427,0.067092,-0.002725,0.900630,-0.003204,0.897426,0.897426,0.897426,0.448713,0.448713,0,0,1,0,0.000000,0.080000,0.008000,0.001000,5.298750,0.105560,23.361000,0.028403,0.000000
1.052000,0.364400,0.504400,-0.574891,-0.000000,-0.574891,-0.380412,0.000000,0.380412,0.048753,0.032736,0.060600,0.060600,0.011847,0.059385,0.026649,0.030433,0.002487,0.000367,0.062847,-0.003462,0.622414,-0.067589,0.554825,0.554825,0.554825,0.277413,0.277413,0,0,1,0,0.000000,0.080000,0.008000,0.001000,5.305000,0.105760,23.356000,0.028390,0.000000
1.057000,0.364900,0.504900,-0.576960,-0.000000,-0.576960,-0.382006,0.000000,0.382006,0.048753,0.032736,0.060480,0.060480,0.011727,0.058815,0.026079,0.030561,0.002502,0.000319,0.062283,-0.003469,0.608969,-0.003236,0.605733,0.605733,0.605733,0.302867,0.302867,0,0,1,0,0.000000,0.080000,0.008000,0.001000,5.311250,0.105960,23.351000,0.028377,0.000000
1.062000,0.365400,0.505400,-0.579004,-0.000000,-0.579004,-0.383194,0.000000,0.383194,0.049269,0.034009,0.060360,0.060360,0.011091,0.055366,0.021358,0.030655,0.002517,0.000237,0.058977,-0.003610,0.498616,-0.026784,0.471832,0.471832,0.471832,0.235916,0.235916,0,0,1,0,0.000000,0.080000,0.008000,0.001000,5.317500,0.106160,23.346000,0.028365,0.000000
1.067000,0.365900,0.505900,-0.581016,-0.000000,-0.581016,-0.384027,0.000000,0.384027,0.049269,0.034009,0.060241,0.060241,0.010971,0.054792,0.020784,0.030722,0.002532,0.000167,0.058409,-0.003617,0.485112,-0.003255,0.481858,0.481858,0.481858,0.240929,0.240929,0,0,1,0,0.000000,0.080000,0.008000,0.001000,5.323750,0.106360,23.341000,0.028352,0.000000
1.076000,0.366800,0.506800,-0.584940,-0.000000,-0.584940,-0.384528,0.000000,0.384528,0.049512,0.029533,0.060026,0.060026,0.010514,0.052943,0.023410,0.030762,0.002560,0.000056,0.056095,-0.003152,0.546201,0.008267,0.554468,0.554468,0.554468,0.277234,0.277234,0,0,1,0,0.000000,0.080000,0.008000,0.001000,5.335000,0.106720,23.332000,0.028330,0.000000
1.081000,0.367300,0.507300,-0.586839,-0.000000,-0.586839,-0.384151,0.000000,0.384151,0.049446,0.020021,0.059907,0.059907,0.010461,0.053733,0.033712,0.030732,0.002576,-0.000075,0.055874,-0.002141,0.786401,0.058346,0.844746,0.844746,0.844746,0.422373,0.422373,0,0,1,0,0.000000,0.080000,0.008000,0.001000,5.341250,0.106920,23.327000,0.028317,0.000000
1.086000,0.367800,0.507800,-0.588717,-0.000000,-0.588717,-0.383595,0.000000,0.383595,0.049446,0.020021,0.059789,0.059789,0.010342,0.053160,0.033139,0.030688,0.002591,-0.000111,0.055305,-0.002145,0.772868,-0.003244,0.769624,0.769624,0.769624,0.384812,0.384812,0,0,1,0,0.000000,0.080000,0.008000,0.001000,5.347500,0.107120,23.322000,0.028305,0.000000
1.091000,0.368300,0.508300,-0.590575,-0.000000,-0.590575,-0.382932,0.000000,0.382932,0.049132,0.008856,0.059670,0.059670,0.010538,0.055466,0.046611,0.030635,0.002606,-0.000133,0.056417,-0.000950,1.086823,0.076230,1.163053,1.163053,1.163053,0.581526,0.581526,0,0,1,0,0.000000,0.080000,0.008000,0.001000,5.353750,0.107320,23.317000,0.028292,0.000000
1.096000,0.368800,0.508800,-0.592417,-0.000000,-0.592417,-0.382128,0.000000,0.382128,0.049132,0.008856,0.059552,0.059552,0.010420,0.054897,0.046042,0.030570,0.002621,-0.000161,0.055849,-0.000952,1.073321,-0.003219,1.070101,1.070101,1.070101,0.535051,0.535051,0,0,1,0,0.000000,0.080000,0.008000,0.001000,5.360000,0.107520,23.312000,0.028280,0.000000
1.101000,0.369300,0.509300,-0.594254,-0.000000,-0.594254,-0.381399,0.000000,0.381399,0.048681,-0.001731,0.059434,0.059434,0.010753,0.057890,0.059620,0.030512,0.002637,-0.000146,0.057703,0.000186,1.389566,0.076766,1.466333,1.466333,1.466333,0.733166,0.733166,0,0,1,0,0.000000,0.080000,0.008000,0.001000,5.366250,0.107720,23.307000,0.028267,0.000000
1.106000,0.369800,0.509800,-0.594254,-0.000000,-0.594254,-0.381399,0.000000,0.381399,0.048681,-0.001731,0.059316,0.059316,0.010635,0.057325,0.059055,0.030512,0.002652,0.000000,0.057138,0.000187,1.376111,-0.003191,1.372920,1.372920,1.372920,0.686460,0.686460,0,0,1,0,0.000000,0.080000,0.008000,0.001000,5.372500,0.107920,23.302000,0.028255,0.000000
1.111000,0.370300,0.510300,-0.597940,-0.000000,-0.597940,-0.380201,0.000000,0.380201,0.048215,-0.009569,0.059199,0.059199,0.010984,0.060115,0.069684,0.030416,0.002667,-0.000240,0.059080,0.001035,1.623425,0.060034,1.683460,1.683460,1.683460,0.841730,0.841730,0,0,1,0,0.000000,0.080000,0.008000,0.001000,5.378750,0.108120,23.297000,0.028243,0.000000
1.120000,0.371200,0.511200,-0.599803,-0.000000,-0.599803,-0.379867,0.000000,0.379867,0.047845,-0.013356,0.058988,0.058988,0.011143,0.061511,0.074867,0.030389,0.002695,-0.000037,0.060062,0.001449,1.743508,0.016253,1.759760,1.759760,1.759760,0.879880,0.879880,0,0,1,0,0.000000,0.080000,0.008000,0.001000,5.390000,0.108480,23.288000,0.028220,0.000000
1.125000,0.371700,0.511700,-0.601688,-0.000000,-0.601688,-0.379836,0.000000,0.379836,0.047845,-0.013356,0.058872,0.058872,0.011026,0.060953,0.074309,0.030387,0.002710,-0.000006,0.059501,0.001452,1.730146,-0.003147,1.726999,1.726999,1.726999,0.863499,0.863499,0,0,1,0,0.000000,0.080000,0.008000,0.001000,5.396250,0.108680,23.283000,0.028207,0.000000
1.130000,0.372200,0.512200,-0.603591,-0.000000,-0.603591,-0.379982,0.000000,0.379982,0.047651,-0.012648,0.058755,0.058755,0.011104,0.061368,0.074016,0.030399,0.002725,0.000029,0.059991,0.001377,1.722948,-0.001654,1.721294,1.721294,1.721294,0.860647,0.860647,0,0,1,0,0.000000,0.080000,0.008000,0.001000,5.402500,0.108880,23.278000,0.028195,0.000000
1.135000,0.372700,0.512700,-0.605533,-0.000000,-0.605533,-0.380521,0.000000,0.380521,0.047651,-0.012648,0.058639,0.058639,0.010988,0.060811,0.073459,0.030442,0.002740,0.000108,0.059432,0.001380,1.709612,-0.003140,1.706472,1.706472,1.706472,0.853236,0.853236,0,0,1,0,0.000000,0.080000,0.008000,0.001000,5.408750,0.109080,23.273000,0.028182,0.000000
1.140000,0.373200,0.513200,-0.607505,-0.000000,-0.607505,-0.381314,0.000000,0.381314,0.047651,-0.012648,0.058523,0.058523,0.010872,0.060254,0.072902,0.030505,0.002755,0.000159,0.058872,0.001382,1.696278,-0.003140,1.693138,1.693138,1.693138,0.846569,0.846569,0,0,1,0,0.000000,0.080000,0.008000,0.001000,5.415000,0.109280,23.268000,0.028170,0.000000
1.145000,0.373700,0.513700,-0.609504,-0.000000,-0.609504,-0.382336,0.000000,0.382336,0.047658,-0.008539,0.058407,0.058407,0.010749,0.059209,0.067748,0.030587,0.002771,0.000204,0.058274,0.000935,1.576027,-0.029022,1.547005,1.547005,1.547005,0.773502,0.773502,0,0,1,0,0.000000,0.080000,0.008000,0.001000,5.421250,0.109480,23.263000,0.028157,0.000000
1.150000,0.374200,0.514200,-0.611528,-0.000000,-0.611528,-0.383559,0.000000,0.383559,0.047658,-0.008539,0.058291,0.058291,0.010634,0.058651,0.067190,0.030685,0.002786,0.000245,0.057714,0.000937,1.562698,-0.003144,1.559554,1.559554,1.559554,0.779777,0.779777,0,0,1,0,0.000000,0.080000,0.008000,0.001000,5.427500,0.109680,23.258000,0.028145,0.000000
1.155000,0.374700,0.514700,-0.613577,-0.000000,-0.613577,-0.384960,0.000000,0.384960,0.047839,-0.002087,0.058176,0.058176,0.010336,0.056395,0.058482,0.030797,0.002801,0.000280,0.056165,0.000229,1.359880,-0.048994,1.310886,1.310886,1.310886,0.655443,0.655443,0,0,1,0,0.000000,0.080000,0.008000,0.001000,5.433750,0.109880,23.253000,0.028132,0.000000
1.160000,0.375200,0.515200,-0.615645,-0.000000,-0.615645,-0.386446,0.000000,0.386446,0.047839,-0.002087,0.058061,0.058061,0.010221,0.055833,0.057921,0.030916,0.002817,0.000297,0.055603,0.000230,1.346538,-0.003157,1.343382,1.343382,1.343382,0.671691,0.671691,0,0,1,0,0.000000,0.080000,0.008000,0.001000,5.440000,0.110080,23.248000,0.028120,0.000000
1.165000,0.375700,0.515700,-0.617731,-0.000000,-0.617731,-0.387990,0.000000,0.387990,0.048139,0.004285,0.057946,0.057946,0.009807,0.052940,0.048654,0.031039,0.002832,0.000309,0.053412,-0.000473,1.130876,-0.052089,1.078787,1.078787,1.078787,0.539393,0.539393,0,0,1,0,0.000000,0.080000,0.008000,0.001000,5.446250,0.110280,23.243000,0.028108,0.000000
1.174000,0.376600,0.516600,-0.621902,-0.000000,-0.621902,-0.390805,0.000000,0.390805,0.048441,0.008615,0.057740,0.057740,0.009298,0.049791,0.041176,0.031264,0.002861,0.000313,0.050744,-0.000953,0.956678,-0.023338,0.933340,0.933340,0.933340,0.466670,0.466670,0,0,1,0,0.000000,0.080000,0.008000,0.001000,5.457500,0.110640,23.234000,0.028085,0.000000
1.179000,0.377100,0.517100,-0.623965,-0.000000,-0.623965,-0.391851,0.000000,0.391851,0.048441,0.008615,0.057625,0.057625,0.009184,0.049223,0.040608,0.031348,0.002876,0.000209,0.050178,-0.000955,0.943280,-0.003189,0.940091,0.940091,0.940091,0.470046,0.470046,0,0,1,0,0.000000,0.080000,0.008000,0.001000,5.463750,0.110840,23.229000,0.028073,0.000000
1.184000,0.377600,0.517600,-0.626022,-0.000000,-0.626022,-0.392770,0.000000,0.392770,0.048646,0.009860,0.057511,0.057511,0.008865,0.047397,0.037537,0.031422,0.002892,0.000184,0.048491,-0.001095,0.871759,-0.017234,0.854526,0.854526,0.854526,0.427263,0.427263,0,0,1,0,0.000000,0.080000,0.008000,0.001000,5.470000,0.111040,23.224000,0.028060,0.000000
1.189000,0.378100,0.518100,-0.628064,-0.000000,-0.628064,-0.393481,0.000000,0.393481,0.048646,0.009860,0.057397,0.057397,0.008751,0.046827,0.036967,0.031478,0.002908,0.000142,0.047923,-0.001097,0.858341,-0.003196,0.855145,0.855145,0.855145,0.427572,0.427572,0,0,1,0,0.000000,0.080000,0.008000,0.001000,5.476250,0.111240,23.219000,0.028047,0.000000
1.194000,0.378600,0.518600,-0.630087,-0.000000,-0.630087,-0.393956,0.000000,0.393956,0.048717,0.007973,0.057284,0.057284,0.008567,0.046078,0.038105,0.031516,0.002923,0.000095,0.046967,-0.000889,0.884566,0.006379,0.890945,0.890945,0.890945,0.445472,0.445472,0,0,1,0,0.000000,0.080000,0.008000,0.001000,5.482500,0.111440,23.214000,0.028035,0.000000
1.199000,0.379100,0.519100,-0.632090,-0.000000,-0.632090,-0.394214,0.000000,0.394214,0.048717,0.007973,0.057170,0.057170,0.008453,0.045508,0.037535,0.031537,0.002939,0.000052,0.046398,-0.000890,0.871141,-0.003196,0.867945,0.867945,0.867945,0.433973,0.433973,0,0,1,0,0.000000,0.080000,0.008000,0.001000,5.488750,0.111640,23.209000,0.028022,0.000000
1.204000,0.379600,0.519600,-0.634075,-0.000000,-0.634075,-0.394290,0.000000,0.394290,0.048630,0.003566,0.057057,0.057057,0.008427,0.045909,0.042342,0.031543,0.002955,0.000015,0.046307,-0.000399,0.982514,0.026933,1.009447,1.009447,1.009447,0.504724,0.504724,0,0,1,0,0.000000,0.080000,0.008000,0.001000,5.495000,0.111840,23.204000,0.028010,0.000000
1.213000,0.380500,0.520500,-0.637999,-0.000000,-0.637999,-0.393994,0.000000,0.393994,0.048406,-0.002221,0.056854,0.056854,0.008449,0.046769,0.048990,0.031520,0.002983,-0.000033,0.046520,0.000249,1.136318,0.020671,1.156990,1.156990,1.156990,0.578495,0.578495,0,0,1,0,0.000000,0.080000,0.008000,0.001000,5.506250,0.112200,23.195000,0.027987,0.000000
1.218000,0.381000,0.521000,-0.639934,-0.000000,-0.639934,-0.393612,0.000000,0.393612,0.048406,-0.002221,0.056742,0.056742,0.008336,0.046202,0.048423,0.031489,0.002999,-0.000076,0.045952,0.000250,1.122927,-0.003172,1.119755,1.119755,1.119755,0.559877,0.559877,0,0,1,0,0.000000,0.080000,0.008000,0.001000,5.512500,0.112400,23.190000,0.027975,0.000000
1.223000,0.381500,0.521500,-0.641875,-0.000000,-0.641875,-0.393332,0.000000,0.393332,0.048092,-0.007946,0.056629,0.056629,0.008537,0.048009,0.055956,0.031467,0.003015,-0.000056,0.047115,0.000895,1.297335,0.042128,1.339463,1.339463,1.339463,0.669732,0.669732,0,0,1,0,0.000000,0.080000,0.008000,0.001000,5.518750,0.112600,23.185000,0.027962,0.000000
1.228000,0.382000,0.522000,-0.643813,-0.000000,-0.643813,-0.393034,0.000000,0.393034,0.048092,-0.007946,0.056517,0.056517,0.008425,0.047445,0.055392,0.031443,0.003031,-0.000060,0.046549,0.000896,1.283978,-0.003154,1.280824,1.280824,1.280824,0.640412,0.640412,0,0,1,0,0.000000,0.080000,0.008000,0.001000,5.525000,0.112800,23.180000,0.027950,0.000000
1.233000,0.382500,0.522500,-0.645755,-0.000000,-0.645755,-0.392835,0.000000,0.392835,0.047760,-0.012491,0.056406,0.056406,0.008645,0.049231,0.061722,0.031427,0.003046,-0.000040,0.047819,0.001412,1.430407,0.035371,1.465778,1.465778,1.465778,0.732889,0.732889,0,0,1,0,0.000000,0.080000,0.008000,0.001000,5.531250,0.113000,23.175000,0.027937,0.000000
1.238000,0.383000,0.523000,-0.647703,-0.000000,-0.647703,-0.392695,0.000000,0.392695,0.047760,-0.012491,0.056294,0.056294,0.008534,0.048669,0.061160,0.031416,0.003062,-0.000028,0.047255,0.001414,1.417087,-0.003136,1.413951,1.413951,1.413951,0.706976,0.706976,0,0,1,0,0.000000,0.080000,0.008000,0.001000,5.537500,0.113200,23.170000,0.027925,0.000000
1.243000,0.383500,0.523500,-0.649662,-0.000000,-0.649662,-0.392708,0.000000,0.392708,0.047464,-0.015060,0.056183,0.056183,0.008718,0.050039,0.065099,0.031417,0.003078,0.000002,0.048331,0.001708,1.508023,0.021988,1.530011,1.530011,1.530011,0.765006,0.765006,0,0,1,0,0.000000,0.080000,0.008000,0.001000,5.543750,0.113400,23.165000,0.027912,0.000000
1.252000,0.384400,0.524400,-0.653620,-0.000000,-0.653620,-0.393122,0.000000,0.393122,0.047249,-0.015400,0.055983,0.055983,0.008733,0.050266,0.065666,0.031450,0.003106,0.000046,0.048514,0.001752,1.520562,0.001756,1.522318,1.522318,1.522318,0.761159,0.761159,0,0,1,0,0.000000,0.080000,0.008000,0.001000,5.555000,0.113760,23.156000,0.027890,0.000000
1.257000,0.384900,0.524900,-0.655613,-0.000000,-0.655613,-0.393457,0.000000,0.393457,0.047249,-0.015400,0.055872,0.055872,0.008623,0.049707,0.065108,0.031477,0.003122,0.000067,0.047952,0.001755,1.507305,-0.003113,1.504192,1.504192,1.504192,0.752096,0.752096,0,0,1,0,0.000000,0.080000,0.008000,0.001000,5.561250,0.113960,23.151000,0.027877,0.000000
1.262000,0.385400,0.525400,-0.657631,-0.000000,-0.657631,-0.394030,0.000000,0.394030,0.047133,-0.013671,0.055761,0.055761,0.008628,0.049598,0.063270,0.031522,0.003137,0.000115,0.048038,0.001561,1.464441,-0.010242,1.454199,1.454199,1.454199,0.727100,0.727100,0,0,1,0,0.000000,0.080000,0.008000,0.001000,5.567500,0.114160,23.146000,0.027865,0.000000
1.267000,0.385900,0.525900,-0.659665,-0.000000,-0.659665,-0.394719,0.000000,0.394719,0.047133,-0.013671,0.055651,0.055651,0.008518,0.049040,0.062711,0.031577,0.003153,0.000138,0.047476,0.001563,1.451203,-0.003110,1.448093,1.448093,1.448093,0.724046,0.724046,0,0,1,0,0.000000,0.080000,0.008000,0.001000,5.573750,0.114360,23.141000,0.027852,0.000000
1.272000,0.386400,0.526400,-0.661711,-0.000000,-0.661711,-0.395487,0.000000,0.395487,0.047117,-0.010733,0.055541,0.055541,0.008424,0.048233,0.058966,0.031639,0.003169,0.000154,0.047003,0.001230,1.364236,-0.020854,1.343382,1.343382,1.343382,0.671691,0.671691,0,0,1,0,0.000000,0.080000,0.008000,0.001000,5.580000,0.114560,23.136000,0.027840,0.000000
1.277000,0.386900,0.526900,-0.663768,-0.000000,-0.663768,-0.396324,0.000000,0.396324,0.047117,-0.010733,0.055431,0.055431,0.008314,0.047674,0.058407,0.031706,0.003185,0.000168,0.046442,0.001232,1.351006,-0.003112,1.347894,1.347894,1.347894,0.673947,0.673947,0,0,1,0,0.000000,0.080000,0.008000,0.001000,5.586250,0.114760,23.131000,0.027827,0.000000
1.282000,0.387400,0.527400,-0.665832,-0.000000,-0.665832,-0.397171,0.000000,0.397171,0.047164,-0.007521,0.055321,0.055321,0.008157,0.046481,0.054002,0.031774,0.003201,0.000169,0.045617,0.000865,1.248858,-0.024502,1.224356,1.224356,1.224356,0.612178,0.612178,0,0,1,0,0.000000,0.080000,0.008000,0.001000,5.592500,0.114960,23.126000,0.027815,0.000000
1.287000,0.387900,0.527900,-0.667901,-0.000000,-0.667901,-0.398027,0.000000,0.398027,0.047164,-0.007521,0.055212,0.055212,0.008047,0.045921,0.053442,0.031842,0.003217,0.000171,0.045055,0.000866,1.235629,-0.003117,1.232512,1.232512,1.232512,0.616256,0.616256,0,0,1,0,0.000000,0.080000,0.008000,0.001000,5.598750,0.115160,23.121000,0.027802,0.000000
1.296000,0.388800,0.528800,-0.672042,-0.000000,-0.672042,-0.399579,0.000000,0.399579,0.047232,-0.004932,0.055015,0.055015,0.007784,0.044236,0.049168,0.031966,0.003246,0.000172,0.043666,0.000570,1.136373,-0.013192,1.123181,1.123181,1.123181,0.561591,0.561591,0,0,1,0,0.000000,0.080000,0.008000,0.001000,5.610000,0.115520,23.112000,0.027780,0.000000
1.301000,0.389300,0.529300,-0.674100,-0.000000,-0.674100,-0.400179,0.000000,0.400179,0.047274,-0.003460,0.054906,0.054906,0.007632,0.043263,0.046723,0.032014,0.003262,0.000120,0.042863,0.000400,1.079626,-0.013579,1.066047,1.066047,1.066047,0.533023,0.533023,0,0,1,0,0.000000,0.080000,0.008000,0.001000,5.616250,0.115720,23.107000,0.027767,0.000000
1.306000,0.389800,0.529800,-0.676164,-0.000000,-0.676164,-0.400785,0.000000,0.400785,0.047274,-0.003460,0.054798,0.054798,0.007523,0.042700,0.046160,0.032063,0.003278,0.000121,0.042299,0.000401,1.066395,-0.003123,1.063271,1.063271,1.063271,0.531636,0.531636,0,0,1,0,0.000000,0.080000,0.008000,0.001000,5.622500,0.115920,23.102000,0.027755,0.000000
1.311000,0.390300,0.530300,-0.678220,-0.000000,-0.678220,-0.401270,0.000000,0.401270,0.047278,-0.003393,0.054689,0.054689,0.007412,0.042112,0.045505,0.032102,0.003294,0.000097,0.041718,0.000394,1.051029,-0.003636,1.047394,1.047394,1.047394,0.523697,0.523697,0,0,1,0,0.000000,0.080000,0.008000,0.001000,5.628750,0.116120,23.097000,0.027742,0.000000
1.316000,0.390800,0.530800,-0.680267,-0.000000,-0.680267,-0.401642,0.000000,0.401642,0.047278,-0.003393,0.054581,0.054581,0.007303,0.041549,0.044942,0.032131,0.003310,0.000074,0.041154,0.000395,1.037801,-0.003122,1.034679,1.034679,1.034679,0.517339,0.517339,0,0,1,0,0.000000,0.080000,0.008000,0.001000,5.635000,0.116320,23.092000,0.027730,0.000000
1.321000,0.391300,0.531300,-0.682305,-0.000000,-0.682305,-0.401902,0.000000,0.401902,0.047202,-0.004893,0.054473,0.054473,0.007271,0.041589,0.046481,0.032152,0.003326,0.000052,0.041019,0.000570,1.073117,0.008534,1.081651,1.081651,1.081651,0.540825,0.540825,0,0,1,0,0.000000,0.080000,0.008000,0.001000,5.641250,0.116520,23.087000,0.027717,0.000000
1.326000,0.391800,0.531800,-0.684334,-0.000000,-0.684334,-0.402051,0.000000,0.402051,0.047202,-0.004893,0.054365,0.054365,0.007163,0.041026,0.045919,0.032164,0.003342,0.000030,0.040455,0.000571,1.059900,-0.003117,1.056782,1.056782,1.056782,0.528391,0.528391,0,0,1,0,0.000000,0.080000,0.008000,0.001000,5.647500,0.116720,23.082000,0.027705,0.000000
1.331000,0.392300,0.532300,-0.686354,-0.000000,-0.686354,-0.402122,0.000000,0.402122,0.047044,-0.007546,0.054257,0.054257,0.007213,0.041664,0.049210,0.032170,0.003358,0.000014,0.040781,0.000882,1.135623,0.018229,1.153851,1.153851,1.153851,0.576926,0.576926,0,0,1,0,0.000000,0.080000,0.008000,0.001000,5.653750,0.116920,23.077000,0.027692,0.000000
1.336000,0.392800,0.532800,-0.688367,-0.000000,-0.688367,-0.402109,0.000000,0.402109,0.047044,-0.007546,0.054150,0.054150,0.007106,0.041102,0.048649,0.032169,0.003374,-0.000003,0.040218,0.000884,1.122425,-0.003108,1.119317,1.119317,1.119317,0.559658,0.559658,0,0,1,0,0.000000,0.080000,0.008000,0.001000,5.660000,0.117120,23.072000,0.027680,0.000000
1.341000,0.393300,0.533300,-0.690374,-0.000000,-0.690374,-0.402068,0.000000,0.402068,0.046821,-0.010714,0.054043,0.054043,0.007222,0.042178,0.052892,0.032165,0.003390,-0.000008,0.040921,0.001257,1.220060,0.023480,1.243540,1.243540,1.243540,0.621770,0.621770,0,0,1,0,0.000000,0.080000,0.008000,0.001000,5.666250,0.117320,23.067000,0.027667,0.000000
1.350000,0.394200,0.534200,-0.694381,-0.000000,-0.694381,-0.401923,0.000000,0.401923,0.046560,-0.013701,0.053850,0.053850,0.007290,0.043002,0.056703,0.032154,0.003419,-0.000016,0.041390,0.001612,1.307468,0.011708,1.319176,1.319176,1.319176,0.659588,0.659588,0,0,1,0,0.000000,0.080000,0.008000,0.001000,5.677500,0.117680,23.058000,0.027645,0.000000
1.355000,0.394700,0.534700,-0.696375,-0.000000,-0.696375,-0.401778,0.000000,0.401778,0.046560,-0.013701,0.053744,0.053744,0.007184,0.042444,0.056146,0.032142,0.003435,-0.000029,0.040829,0.001615,1.294327,-0.003082,1.291245,1.291245,1.291245,0.645622,0.645622,0,0,1,0,0.000000,0.080000,0.008000,0.001000,5.683750,0.117880,23.053000,0.027632,0.000000
1.360000,0.395200,0.535200,-0.698384,-0.000000,-0.698384,-0.401798,0.000000,0.401798,0.046294,-0.015822,0.053637,0.053637,0.007343,0.043649,0.059471,0.032144,0.003451,0.000004,0.041781,0.001868,1.370687,0.018369,1.389056,1.389056,1.389056,0.694528,0.694528,0,0,1,0,0.000000,0.080000,0.008000,0.001000,5.690000,0.118080,23.048000,0.027620,0.000000
1.365000,0.395700,0.535700,-0.698384,-0.000000,-0.698384,-0.401798,0.000000,0.401798,0.046294,-0.015822,0.053531,0.053531,0.007237,0.043093,0.058915,0.032144,0.003467,0.000000,0.041222,0.001871,1.357578,-0.003070,1.354508,1.354508,1.354508,0.677254,0.677254,0,0,1,0,0.000000,0.080000,0.008000,0.001000,5.696250,0.118280,23.043000,0.027607,0.000000
1.370000,0.396200,0.536200,-0.700398,-0.000000,-0.700398,-0.401860,0.000000,0.401860,0.046294,-0.015822,0.053425,0.053425,0.007131,0.042537,0.058359,0.032149,0.003483,0.000012,0.040663,0.001875,1.344471,-0.003069,1.341402,1.341402,1.341402,0.670701,0.670701,0,0,1,0,0.000000,0.080000,0.008000,0.001000,5.702500,0.118480,23.038000,0.027595,0.000000
1.375000,0.396700,0.536700,-0.702419,-0.000000,-0.702419,-0.402011,0.000000,0.402011,0.046061,-0.016842,0.053319,0.053319,0.007258,0.043433,0.060275,0.032161,0.003499,0.000030,0.041434,0.001999,1.388324,0.010573,1.398896,1.398896,1.398896,0.699448,0.699448,0,0,1,0,0.000000,0.080000,0.008000,0.001000,5.708750,0.118680,23.033000,0.027582,0.000000
1.380000,0.397200,0.537200,-0.704447,-0.000000,-0.704447,-0.402227,0.000000,0.402227,0.046061,-0.016842,0.053214,0.053214,0.007152,0.042878,0.059721,0.032178,0.003515,0.000043,0.040876,0.002002,1.375246,-0.003059,1.372187,1.372187,1.372187,0.686094,0.686094,0,0,1,0,0.000000,0.080000,0.008000,0.001000,5.715000,0.118880,23.028000,0.027570,0.000000
1.385000,0.397700,0.537700,-0.706496,-0.000000,-0.706496,-0.402632,0.000000,0.402632,0.045879,-0.016542,0.053108,0.053108,0.007229,0.043328,0.059870,0.032211,0.003532,0.000081,0.041358,0.001970,1.378384,0.000823,1.379207,1.379207,1.379207,0.689603,0.689603,0,0,1,0,0.000000,0.080000,0.008000,0.001000,5.721250,0.119080,23.023000,0.027557,0.000000
1.394000,0.398600,0.538600,-0.710613,-0.000000,-0.710613,-0.403569,0.000000,0.403569,0.045747,-0.015561,0.052919,0.052919,0.007172,0.042973,0.058534,0.032286,0.003561,0.000104,0.041114,0.001859,1.347108,-0.004086,1.343022,1.343022,1.343022,0.671511,0.671511,0,0,1,0,0.000000,0.080000,0.008000,0.001000,5.732500,0.119440,23.014000,0.027535,0.000000
1.399000,0.399100,0.539100,-0.712670,-0.000000,-0.712670,-0.403991,0.000000,0.403991,0.045747,-0.015561,0.052814,0.052814,0.007067,0.042419,0.057981,0.032319,0.003577,0.000084,0.040558,0.001862,1.334075,-0.003048,1.331027,1.331027,1.331027,0.665514,0.665514,0,0,1,0,0.000000,0.080000,0.008000,0.001000,5.738750,0.119640,23.009000,0.027522,0.000000
1.404000,0.399600,0.539600,-0.714742,-0.000000,-0.714742,-0.404536,0.000000,0.404536,0.045645,-0.014177,0.052710,0.052710,0.007064,0.042284,0.056461,0.032363,0.003593,0.000109,0.040585,0.001699,1.298828,-0.008361,1.290467,1.290467,1.290467,0.645234,0.645234,0,0,1,0,0.000000,0.080000,0.008000,0.001000,5.745000,0.119840,23.004000,0.027510,0.000000
1.409000,0.400100,0.540100,-0.716819,-0.000000,-0.716819,-0.405093,0.000000,0.405093,0.045645,-0.014177,0.052602,0.052602,0.006957,0.041713,0.055890,0.032407,0.003609,0.000111,0.040011,0.001702,1.285412,-0.003141,1.282271,1.282271,1.282271,0.641136,0.641136,0,0,1,0,0.000000,0.080000,0.008000,0.001000,5.751250,0.120040,22.999000,0.027497,0.000000
1.414000,0.400600,0.540600,-0.718898,-0.000000,-0.718898,-0.405641,0.000000,0.405641,0.045570,-0.012847,0.052483,0.052483,0.006913,0.041346,0.054192,0.032451,0.003625,0.000109,0.039801,0.001545,1.246098,-0.009332,1.236766,1.236766,1.236766,0.618383,0.618383,0,0,1,0,0.000000,0.080000,0.008000,0.001000,5.757500,0.120240,22.994000,0.027485,0.000000
1.419000,0.401100,0.541100,-0.720979,-0.000000,-0.720979,-0.406175,0.000000,0.406175,0.045570,-0.012847,0.052364,0.052364,0.006794,0.040705,0.053551,0.032494,0.003642,0.000107,0.039157,0.001547,1.231095,-0.003521,1.227574,1.227574,1.227574,0.613787,0.613787,0,0,1,0,0.000000,0.080000,0.008000,0.001000,5.763750,0.120440,22.989000,0.027472,0.000000
1.424000,0.401600,0.541600,-0.723060,-0.000000,-0.723060,-0.406672,0.000000,0.406672,0.045495,-0.011934,0.052245,0.052245,0.006750,0.040386,0.052320,0.032534,0.003658,0.000100,0.038946,0.001440,1.202519,-0.006764,1.195755,1.195755,1.195755,0.597877,0.597877,0,0,1,0,0.000000,0.080000,0.008000,0.001000,5.770000,0.120640,22.984000,0.027460,0.000000
1.429000,0.402100,0.542100,-0.725140,-0.000000,-0.725140,-0.407131,0.000000,0.407131,0.045495,-0.011934,0.052126,0.052126,0.006631,0.039745,0.051679,0.032571,0.003674,0.000092,0.038303,0.001442,1.187530,-0.003518,1.184012,1.184012,1.184012,0.592006,0.592006,0,0,1,0,0.000000,0.080000,0.008000,0.001000,5.776250,0.120840,22.979000,0.027447,0.000000
1.438000,0.403000,0.543000,-0.729291,-0.000000,-0.729291,-0.407892,0.000000,0.407892,0.045401,-0.011686,0.051913,0.051913,0.006512,0.039103,0.050788,0.032631,0.003704,0.000085,0.037687,0.001416,1.166609,-0.002714,1.163896,1.163896,1.163896,0.581948,0.581948,0,0,1,0,0.000000,0.080000,0.008000,0.001000,5.787500,0.121200,22.970000,0.027425,0.000000
1.443000,0.403500,0.543500,-0.731351,-0.000000,-0.731351,-0.408086,0.000000,0.408086,0.045269,-0.012368,0.051795,0.051795,0.006526,0.039310,0.051678,0.032647,0.003720,0.000039,0.037809,0.001501,1.186795,0.004880,1.191675,1.191675,1.191675,0.595838,0.595838,0,0,1,0,0.000000,0.080000,0.008000,0.001000,5.793750,0.121400,22.965000,0.027412,0.000000
1.448000,0.404000,0.544000,-0.733418,-0.000000,-0.733418,-0.408331,0.000000,0.408331,0.045269,-0.012368,0.051677,0.051677,0.006408,0.038670,0.051038,0.032666,0.003736,0.000049,0.037166,0.001504,1.171841,-0.003508,1.168334,1.168334,1.168334,0.584167,0.584167,0,0,1,0,0.000000,0.080000,0.008000,0.001000,5.800000,0.121600,22.960000,0.027400,0.000000
1.453000,0.404500,0.544500,-0.735481,-0.000000,-0.735481,-0.408539,0.000000,0.408539,0.045107,-0.013349,0.051560,0.051560,0.006452,0.039088,0.052438,0.032683,0.003753,0.000042,0.037463,0.001626,1.203704,0.007664,1.211368,1.211368,1.211368,0.605684,0.605684,0,0,1,0,0.000000,0.080000,0.008000,0.001000,5.806250,0.121800,22.955000,0.027387,0.000000
1.458000,0.405000,0.545000,-0.737542,-0.000000,-0.737542,-0.408702,0.000000,0.408702,0.045107,-0.013349,0.051442,0.051442,0.006335,0.038449,0.051798,0.032696,0.003769,0.000033,0.036821,0.001629,1.188772,-0.003500,1.185272,1.185272,1.185272,0.592636,0.592636,0,0,1,0,0.000000,0.080000,0.008000,0.001000,5.812500,0.122000,22.950000,0.027375,0.000000
1.463000,0.405500,0.545500,-0.739600,-0.000000,-0.739600,-0.408844,0.000000,0.408844,0.044914,-0.014675,0.051325,0.051325,0.006411,0.039096,0.053772,0.032708,0.003785,0.000029,0.037303,0.001793,1.233789,0.010798,1.244587,1.244587,1.244587,0.622294,0.622294,0,0,1,0,0.000000,0.080000,0.008000,0.001000,5.818750,0.122200,22.945000,0.027362,0.000000
1.468000,0.406000,0.546000,-0.741656,-0.000000,-0.741656,-0.408955,0.000000,0.408955,0.044914,-0.014675,0.051208,0.051208,0.006294,0.038458,0.053134,0.032716,0.003802,0.000022,0.036662,0.001796,1.218883,-0.003490,1.215392,1.215392,1.215392,0.607696,0.607696,0,0,1,0,0.000000,0.080000,0.008000,0.001000,5.825000,0.122400,22.940000,0.027350,0.000000
1.473000,0.406500,0.546500,-0.743712,-0.000000,-0.743712,-0.409068,0.000000,0.409068,0.044698,-0.016080,0.051091,0.051091,0.006393,0.039252,0.055332,0.032725,0.003818,0.000022,0.037281,0.001971,1.269031,0.012018,1.281050,1.281050,1.281050,0.640525,0.640525,0,0,1,0,0.000000,0.080000,0.008000,0.001000,5.831250,0.122600,22.935000,0.027337,0.000000
1.478000,0.407000,0.547000,-0.745768,-0.000000,-0.745768,-0.409166,0.000000,0.409166,0.044698,-0.016080,0.050975,0.050975,0.006277,0.038615,0.054695,0.032733,0.003834,0.000020,0.036641,0.001975,1.254153,-0.003480,1.250674,1.250674,1.250674,0.625337,0.625337,0,0,1,0,0.000000,0.080000,0.008000,0.001000,5.837500,0.122800,22.930000,0.027325,0.000000
1.483000,0.407500,0.547500,-0.747824,-0.000000,-0.747824,-0.409286,0.000000,0.409286,0.044472,-0.017303,0.050859,0.050859,0.006387,0.039453,0.056755,0.032743,0.003851,0.000024,0.037324,0.002128,1.301114,0.011255,1.312369,1.312369,1.312369,0.656185,0.656185,0,0,1,0,0.000000,0.080000,0.008000,0.001000,5.843750,0.123000,22.925000,0.027312,0.000000
1.488000,0.408000,0.548000,-0.749883,-0.000000,-0.749883,-0.409409,0.000000,0.409409,0.044472,-0.017303,0.050743,0.050743,0.006271,0.038817,0.056120,0.032753,0.003867,0.000025,0.036685,0.002132,1.286266,-0.003470,1.282797,1.282797,1.282797,0.641398,0.641398,0,0,1,0,0.000000,0.080000,0.008000,0.001000,5.850000,0.123200,22.920000,0.027300,0.000000
1.497000,0.408900,0.548900,-0.754008,-0.000000,-0.754008,-0.409742,0.000000,0.409742,0.044247,-0.018151,0.050534,0.050534,0.006287,0.039092,0.057243,0.032779,0.003897,0.000037,0.036849,0.002243,1.311487,0.003403,1.314890,1.314890,1.314890,0.657445,0.657445,0,0,1,0,0.000000,0.080000,0.008000,0.001000,5.861250,0.123560,22.911000,0.027277,0.000000
1.502000,0.409400,0.549400,-0.756064,-0.000000,-0.756064,-0.409823,0.000000,0.409823,0.044027,-0.018937,0.050419,0.050419,0.006392,0.039848,0.058784,0.032786,0.003913,0.000016,0.037504,0.002344,1.346516,0.008407,1.354923,1.354923,1.354923,0.677462,0.677462,0,0,1,0,0.000000,0.080000,0.008000,0.001000,5.867500,0.123760,22.906000,0.027265,0.000000
1.507000,0.409900,0.549900,-0.758134,-0.000000,-0.758134,-0.410042,0.000000,0.410042,0.044027,-0.018937,0.050304,0.050304,0.006277,0.039215,0.058151,0.032803,0.003929,0.000044,0.036867,0.002347,1.331726,-0.003450,1.328276,1.328276,1.328276,0.664138,0.664138,0,0,1,0,0.000000,0.080000,0.008000,0.001000,5.873750,0.123960,22.901000,0.027252,0.000000
1.512000,0.410400,0.550400,-0.760208,-0.000000,-0.760208,-0.410311,0.000000,0.410311,0.043828,-0.018870,0.050189,0.050189,0.006361,0.039745,0.058615,0.032825,0.003946,0.000054,0.037402,0.002343,1.342056,0.002527,1.344584,1.344584,1.344584,0.672292,0.672292,0,0,1,0,0.000000,0.080000,0.008000,0.001000,5.880000,0.124160,22.896000,0.027240,0.000000
1.517000,0.410900,0.550900,-0.762289,-0.000000,-0.762289,-0.410628,0.000000,0.410628,0.043828,-0.018870,0.050074,0.050074,0.006246,0.039113,0.057983,0.032850,0.003962,0.000064,0.036766,0.002347,1.327295,-0.003442,1.323853,1.323853,1.323853,0.661926,0.661926,0,0,1,0,0.000000,0.080000,0.008000,0.001000,5.886250,0.124360,22.891000,0.027227,0.000000
1.522000,0.411400,0.551400,-0.764373,-0.000000,-0.764373,-0.410966,0.000000,0.410966,0.043654,-0.018366,0.049959,0.049959,0.006305,0.039443,0.057809,0.032877,0.003979,0.000068,0.037155,0.002288,1.323010,-0.000950,1.322059,1.322059,1.322059,0.661030,0.661030,0,0,1,0,0.000000,0.080000,0.008000,0.001000,5.892500,0.124560,22.886000,0.027215,0.000000
1.527000,0.411900,0.551900,-0.766463,-0.000000,-0.766463,-0.411327,0.000000,0.411327,0.043654,-0.018366,0.049845,0.049845,0.006191,0.038811,0.057177,0.032906,0.003995,0.000072,0.036520,0.002291,1.308273,-0.003435,1.304838,1.304838,1.304838,0.652419,0.652419,0,0,1,0,0.000000,0.080000,0.008000,0.001000,5.898750,0.124760,22.881000,0.027202,0.000000
1.532000,0.412400,0.552400,-0.768556,-0.000000,-0.768556,-0.411708,0.000000,0.411708,0.043501,-0.017639,0.049731,0.049731,0.006230,0.038992,0.056631,0.032937,0.004012,0.000076,0.036788,0.002204,1.295496,-0.002969,1.292527,1.292527,1.292527,0.646263,0.646263,0,0,1,0,0.000000,0.080000,0.008000,0.001000,5.905000,0.124960,22.876000,0.027190,0.000000
1.537000,0.412900,0.552900,-0.770653,-0.000000,-0.770653,-0.412099,0.000000,0.412099,0.043501,-0.017639,0.049617,0.049617,0.006116,0.038361,0.056000,0.032968,0.004028,0.000078,0.036153,0.002208,1.280783,-0.003429,1.277353,1.277353,1.277353,0.638677,0.638677,0,0,1,0,0.000000,0.080000,0.008000,0.001000,5.911250,0.125160,22.871000,0.027177,0.000000
1.546000,0.413800,0.553800,-0.774852,-0.000000,-0.774852,-0.412876,0.000000,0.412876,0.043359,-0.016930,0.049412,0.049412,0.006053,0.037974,0.054904,0.033030,0.004058,0.000086,0.035849,0.002125,1.255214,-0.003308,1.251906,1.251906,1.251906,0.625953,0.625953,0,0,1,0,0.000000,0.080000,0.008000,0.001000,5.922500,0.125520,22.862000,0.027155,0.000000
1.551000,0.414300,0.554300,-0.776943,-0.000000,-0.776943,-0.413143,0.000000,0.413143,0.043213,-0.016621,0.049299,0.049299,0.006086,0.038174,0.054795,0.033051,0.004074,0.000053,0.036084,0.002090,1.252447,-0.000592,1.251855,1.251855,1.251855,0.625927,0.625927,0,0,1,0,0.000000,0.080000,0.008000,0.001000,5.928750,0.125720,22.857000,0.027142,0.000000
1.556000,0.414800,0.554800,-0.779044,-0.000000,-0.779044,-0.413499,0.000000,0.413499,0.043213,-0.016621,0.049186,0.049186,0.005973,0.037544,0.054165,0.033080,0.004091,0.000071,0.035451,0.002093,1.237777,-0.003418,1.234359,1.234359,1.234359,0.617180,0.617180,0,0,1,0,0.000000,0.080000,0.008000,0.001000,5.935000,0.125920,22.852000,0.027130,0.000000
1.561000,0.415300,0.555300,-0.781146,-0.000000,-0.781146,-0.413837,0.000000,0.413837,0.043065,-0.016371,0.049073,0.049073,0.006008,0.037762,0.054133,0.033107,0.004107,0.000068,0.035697,0.002065,1.236767,-0.000176,1.236591,1.236591,1.236591,0.618295,0.618295,0,0,1,0,0.000000,0.080000,0.008000,0.001000,5.941250,0.126120,22.847000,0.027117,0.000000
1.566000,0.415800,0.555800,-0.783246,-0.000000,-0.783246,-0.414150,0.000000,0.414150,0.043065,-0.016371,0.048960,0.048960,0.005896,0.037133,0.053503,0.033132,0.004124,0.000062,0.035065,0.002068,1.222119,-0.003412,1.218707,1.218707,1.218707,0.609354,0.609354,0,0,1,0,0.000000,0.080000,0.008000,0.001000,5.947500,0.126320,22.842000,0.027105,0.000000
1.571000,0.416300,0.556300,-0.785346,-0.000000,-0.785346,-0.414439,0.000000,0.414439,0.042902,-0.016495,0.048848,0.048848,0.005946,0.037488,0.053983,0.033155,0.004141,0.000058,0.035401,0.002087,1.232804,0.002599,1.235403,1.235403,1.235403,0.617702,0.617702,0,0,1,0,0.000000,0.080000,0.008000,0.001000,5.953750,0.126520,22.837000,0.027092,0.000000
1.576000,0.416800,0.556800,-0.787445,-0.000000,-0.787445,-0.414705,0.000000,0.414705,0.042902,-0.016495,0.048736,0.048736,0.005834,0.036860,0.053354,0.033176,0.004157,0.000053,0.034769,0.002090,1.218181,-0.003405,1.214776,1.214776,1.214776,0.607388,0.607388,0,0,1,0,0.000000,0.080000,0.008000,0.001000,5.960000,0.126720,22.832000,0.027080,0.000000
1.581000,0.417300,0.557300,-0.787445,-0.000000,-0.787445,-0.414705,0.000000,0.414705,0.042720,-0.016969,0.048624,0.048624,0.005904,0.037378,0.054347,0.033176,0.004174,0.000000,0.035224,0.002154,1.240585,0.005377,1.245962,1.245962,1.245962,0.622981,0.622981,0,0,1,0,0.000000,0.080000,0.008000,0.001000,5.966250,0.126920,22.827000,0.027067,0.000000
1.590000,0.418200,0.558200,-0.791639,-0.000000,-0.791639,-0.415150,0.000000,0.415150,0.042518,-0.017691,0.048422,0.048422,0.005904,0.037544,0.055235,0.033212,0.004204,0.000049,0.035292,0.002252,1.260354,0.002668,1.263022,1.263022,1.263022,0.631511,0.631511,0,0,1,0,0.000000,0.080000,0.008000,0.001000,5.977500,0.127280,22.818000,0.027045,0.000000
1.595000,0.418700,0.558700,-0.793735,-0.000000,-0.793735,-0.415346,0.000000,0.415346,0.042518,-0.017691,0.048311,0.048311,0.005793,0.036917,0.054608,0.033228,0.004220,0.000039,0.034662,0.002255,1.245783,-0.003388,1.242395,1.242395,1.242395,0.621197,0.621197,0,0,1,0,0.000000,0.080000,0.008000,0.001000,5.983750,0.127480,22.813000,0.027032,0.000000
1.600000,0.419200,0.559200,-0.795819,-0.000000,-0.795819,-0.415419,0.000000,0.415419,0.042299,-0.018440,0.048200,0.048200,0.005901,0.037701,0.056141,0.033234,0.004237,0.000015,0.035346,0.002354,1.280457,0.008280,1.288737,1.288737,1.288737,0.644369,0.644369,0,0,1,0,0.000000,0.080000,0.008000,0.001000,5.990000,0.127680,22.808000,0.027020,0.000000
1.605000,0.419700,0.559700,-0.797914,-0.000000,-0.797914,-0.415600,0.000000,0.415600,0.042299,-0.018440,0.048089,0.048089,0.005790,0.037075,0.055515,0.033248,0.004254,0.000036,0.034717,0.002358,1.265915,-0.003378,1.262536,1.262536,1.262536,0.631268,0.631268,0,0,1,0,0.000000,0.080000,0.008000,0.001000,5.996250,0.127880,22.803000,0.027007,0.000000
1.610000,0.420200,0.560200,-0.800009,-0.000000,-0.800009,-0.415769,0.000000,0.415769,0.042078,-0.019126,0.047978,0.047978,0.005900,0.037864,0.056990,0.033262,0.004270,0.000034,0.035414,0.002450,1.299267,0.007964,1.307231,1.307231,1.307231,0.653616,0.653616,0,0,1,0,0.000000,0.080000,0.008000,0.001000,6.002500,0.128080,22.798000,0.026995,0.000000
1.615000,0.420700,0.560700,-0.802105,-0.000000,-0.802105,-0.415952,0.000000,0.415952,0.042078,-0.019126,0.047867,0.047867,0.005789,0.037240,0.056366,0.033276,0.004287,0.000037,0.034786,0.002454,1.284754,-0.003369,1.281386,1.281386,1.281386,0.640693,0.640693,0,0,1,0,0.000000,0.080000,0.008000,0.001000,6.008750,0.128280,22.793000,0.026982,0.000000
1.620000,0.421200,0.561200,-0.804203,-0.000000,-0.804203,-0.416134,0.000000,0.416134,0.041856,-0.019638,0.047757,0.047757,0.005900,0.038013,0.057651,0.033291,0.004303,0.000036,0.035490,0.002523,1.313758,0.006932,1.320690,1.320690,1.320690,0.660345,0.660345,0,0,1,0,0.000000,0.080000,0.008000,0.001000,6.015000,0.128480,22.788000,0.026970,0.000000
1.625000,0.421700,0.561700,-0.806303,-0.000000,-0.806303,-0.416336,0.000000,0.416336,0.041856,-0.019638,0.047646,0.047646,0.005790,0.037390,0.057028,0.033307,0.004320,0.000041,0.034863,0.002527,1.299275,-0.003359,1.295915,1.295915,1.295915,0.647958,0.647958,0,0,1,0,0.000000,0.080000,0.008000,0.001000,6.021250,0.128680,22.783000,0.026957,0.000000
1.630000,0.422200,0.562200,-0.808405,-0.000000,-0.808405,-0.416545,0.000000,0.416545,0.041856,-0.019638,0.047536,0.047536,0.005680,0.036767,0.056405,0.033324,0.004337,0.000042,0.034236,0.002531,1.284794,-0.003358,1.281436,1.281436,1.281436,0.640718,0.640718,0,0,1,0,0.000000,0.080000,0.008000,0.001000,6.027500,0.128880,22.778000,0.026945,0.000000
1.635000,0.422700,0.562700,-0.810510,-0.000000,-0.810510,-0.416778,0.000000,0.416778,0.041640,-0.019913,0.047426,0.047426,0.005786,0.037483,0.057396,0.033342,0.004353,0.000047,0.034913,0.002570,1.307083,0.005339,1.312421,1.312421,1.312421,0.656211,0.656211,0,0,1,0,0.000000,0.080000,0.008000,0.001000,6.033750,0.129080,22.773000,0.026932,0.000000
1.640000,0.423200,0.563200,-0.812617,-0.000000,-0.812617,-0.417022,0.000000,0.417022,0.041640,-0.019913,0.047317,0.047317,0.005677,0.036861,0.056774,0.033362,0.004370,0.000049,0.034287,0.002574,1.292632,-0.003349,1.289282,1.289282,1.289282,0.644641,0.644641,0,0,1,0,0.000000,0.080000,0.008000,0.001000,6.040000,0.129280,22.768000,0.026920,0.000000
1.645000,0.423700,0.563700,-0.814739,-0.000000,-0.814739,-0.417396,0.000000,0.417396,0.041438,-0.019780,0.047207,0.047207,0.005769,0.037442,0.057222,0.033392,0.004387,0.000075,0.034880,0.002561,1.302536,0.002409,1.304945,1.304945,1.304945,0.652472,0.652472,0,0,1,0,0.000000,0.080000,0.008000,0.001000,6.046250,0.129480,22.763000,0.026907,0.000000
1.650000,0.424200,0.564200,-0.816861,-0.000000,-0.816861,-0.417753,0.000000,0.417753,0.041438,-0.019780,0.047098,0.047098,0.005660,0.036820,0.056600,0.033420,0.004403,0.000071,0.034255,0.002565,1.288113,-0.003341,1.284772,1.284772,1.284772,0.642386,0.642386,0,0,1,0,0.000000,0.080000,0.008000,0.001000,6.052500,0.129680,22.758000,0.026895,0.000000
1.659000,0.425100,0.565100,-0.821108,-0.000000,-0.821108,-0.418438,0.000000,0.418438,0.041244,-0.019682,0.046902,0.046902,0.005658,0.036866,0.056547,0.033475,0.004434,0.000076,0.034306,0.002559,1.286397,-0.000158,1.286239,1.286239,1.286239,0.643119,0.643119,0,0,1,0,0.000000,0.080000,0.008000,0.001000,6.063750,0.130040,22.749000,0.026872,0.000000
1.664000,0.425600,0.565600,-0.823220,-0.000000,-0.823220,-0.418646,0.000000,0.418646,0.041043,-0.019910,0.046793,0.046793,0.005751,0.037500,0.057410,0.033492,0.004450,0.000041,0.034907,0.002593,1.305735,0.004634,1.310369,1.310369,1.310369,0.655184,0.655184,0,0,1,0,0.000000,0.080000,0.008000,0.001000,6.070000,0.130240,22.744000,0.026860,0.000000
1.669000,0.426100,0.566100,-0.825344,-0.000000,-0.825344,-0.418952,0.000000,0.418952,0.041043,-0.019910,0.046685,0.046685,0.005642,0.036881,0.056791,0.033516,0.004467,0.000061,0.034284,0.002597,1.291366,-0.003325,1.288041,1.288041,1.288041,0.644021,0.644021,0,0,1,0,0.000000,0.080000,0.008000,0.001000,6.076250,0.130440,22.739000,0.026847,0.000000
1.674000,0.426600,0.566600,-0.827468,-0.000000,-0.827468,-0.419261,0.000000,0.419261,0.040844,-0.019868,0.046577,0.046577,0.005733,0.037465,0.057333,0.033541,0.004484,0.000062,0.034870,0.002595,1.303402,0.002908,1.306311,1.306311,1.306311,0.653155,0.653155,0,0,1,0,0.000000,0.080000,0.008000,0.001000,6.082500,0.130640,22.734000,0.026835,0.000000
1.683000,0.427500,0.567500,-0.831721,-0.000000,-0.831721,-0.419863,0.000000,0.419863,0.040646,-0.019829,0.046382,0.046382,0.005736,0.037554,0.057383,0.033589,0.004514,0.000067,0.034956,0.002598,1.304033,0.000150,1.304183,1.304183,1.304183,0.652092,0.652092,0,0,1,0,0.000000,0.080000,0.008000,0.001000,6.093750,0.131000,22.725000,0.026812,0.000000
1.688000,0.428000,0.568000,-0.833839,-0.000000,-0.833839,-0.420054,0.000000,0.420054,0.040646,-0.019829,0.046274,0.046274,0.005629,0.036936,0.056766,0.033604,0.004531,0.000038,0.034335,0.002602,1.289720,-0.003309,1.286411,1.286411,1.286411,0.643205,0.643205,0,0,1,0,0.000000,0.080000,0.008000,0.001000,6.100000,0.131200,22.720000,0.026800,0.000000
1.693000,0.428500,0.568500,-0.835969,-0.000000,-0.835969,-0.420355,0.000000,0.420355,0.040444,-0.019747,0.046167,0.046167,0.005722,0.037537,0.057284,0.033628,0.004548,0.000060,0.034943,0.002595,1.301206,0.002776,1.303982,1.303982,1.303982,0.651991,0.651991,0,0,1,0,0.000000,0.080000,0.008000,0.001000,6.106250,0.131400,22.715000,0.026787,0.000000
1.698000,0.429000,0.569000,-0.838099,-0.000000,-0.838099,-0.420649,0.000000,0.420649,0.040444,-0.019747,0.046060,0.046060,0.005615,0.036921,0.056668,0.033652,0.004565,0.000059,0.034322,0.002599,1.286921,-0.003301,1.283620,1.283620,1.283620,0.641810,0.641810,0,0,1,0,0.000000,0.080000,0.008000,0.001000,6.112500,0.131600,22.710000,0.026775,0.000000
1.703000,0.429500,0.569500,-0.840232,-0.000000,-0.840232,-0.420944,0.000000,0.420944,0.040249,-0.019697,0.045952,0.045952,0.005704,0.037496,0.057193,0.033676,0.004581,0.000059,0.034899,0.002596,1.298565,0.002812,1.301377,1.301377,1.301377,0.650689,0.650689,0,0,1,0,0.000000,0.080000,0.008000,0.001000,6.118750,0.131800,22.705000,0.026762,0.000000
1.708000,0.430000,0.570000,-0.842365,-0.000000,-0.842365,-0.421231,0.000000,0.421231,0.040249,-0.019697,0.045845,0.045845,0.005597,0.036880,0.056577,0.033698,0.004598,0.000057,0.034280,0.002600,1.284308,-0.003293,1.281015,1.281015,1.281015,0.640507,0.640507,0,0,1,0,0.000000,0.080000,0.008000,0.001000,6.125000,0.132000,22.700000,0.026750,0.000000
1.713000,0.430500,0.570500,-0.844499,-0.000000,-0.844499,-0.421518,0.000000,0.421518,0.040051,-0.019700,0.045739,0.045739,0.005687,0.037474,0.057173,0.033721,0.004615,0.000057,0.034869,0.002604,1.297548,0.003187,1.300735,1.300735,1.300735,0.650368,0.650368,0,0,1,0,0.000000,0.080000,0.008000,0.001000,6.131250,0.132200,22.695000,0.026737,0.000000
1.718000,0.431000,0.571000,-0.846634,-0.000000,-0.846634,-0.421795,0.000000,0.421795,0.040051,-0.019700,0.045632,0.045632,0.005581,0.036859,0.056559,0.033744,0.004632,0.000055,0.034251,0.002608,1.283318,-0.003285,1.280033,1.280033,1.280033,0.640017,0.640017,0,0,1,0,0.000000,0.080000,0.008000,0.001000,6.137500,0.132400,22.690000,0.026725,0.000000
1.723000,0.431500,0.571500,-0.848770,-0.000000,-0.848770,-0.422072,0.000000,0.422072,0.039852,-0.019760,0.045526,0.045526,0.005674,0.037481,0.057241,0.033766,0.004649,0.000055,0.034861,0.002620,1.298505,0.003643,1.302148,1.302148,1.302148,0.651074,0.651074,0,0,1,0,0.000000,0.080000,0.008000,0.001000,6.143750,0.132600,22.685000,0.026712,0.000000
1.732000,0.432400,0.572400,-0.853045,-0.000000,-0.853045,-0.422607,0.000000,0.422607,0.039648,-0.019870,0.045335,0.045335,0.005686,0.037642,0.057512,0.033809,0.004679,0.000059,0.035000,0.002642,1.304145,0.000805,1.304949,1.304949,1.304949,0.652475,0.652475,0,0,1,0,0.000000,0.080000,0.008000,0.001000,6.155000,0.132960,22.676000,0.026690,0.000000
1.737000,0.432900,0.572900,-0.855173,-0.000000,-0.855173,-0.422762,0.000000,0.422762,0.039648,-0.019870,0.045229,0.045229,0.005581,0.037029,0.056900,0.033821,0.004696,0.000031,0.034383,0.002646,1.289970,-0.003268,1.286701,1.286701,1.286701,0.643351,0.643351,0,0,1,0,0.000000,0.080000,0.008000,0.001000,6.161250,0.133160,22.671000,0.026677,0.000000
1.742000,0.433400,0.573400,-0.857313,-0.000000,-0.857313,-0.423031,0.000000,0.423031,0.039439,-0.019944,0.045123,0.045123,0.005684,0.037716,0.057661,0.033843,0.004713,0.000054,0.035057,0.002660,1.306935,0.004059,1.310994,1.310994,1.310994,0.655497,0.655497,0,0,1,0,0.000000,0.080000,0.008000,0.001000,6.167500,0.133360,22.666000,0.026665,0.000000
1.747000,0.433900,0.573900,-0.859455,-0.000000,-0.859455,-0.423294,0.000000,0.423294,0.039439,-0.019944,0.045018,0.045018,0.005579,0.037105,0.057049,0.033864,0.004730,0.000053,0.034441,0.002664,1.292789,-0.003260,1.289529,1.289529,1.289529,0.644765,0.644765,0,0,1,0,0.000000,0.080000,0.008000,0.001000,6.173750,0.133560,22.661000,0.026652,0.000000
1.752000,0.434400,0.574400,-0.861597,-0.000000,-0.861597,-0.423563,0.000000,0.423563,0.039235,-0.020023,0.044913,0.044913,0.005678,0.037767,0.057790,0.033885,0.004747,0.000054,0.035089,0.002678,1.309294,0.003948,1.313242,1.313242,1.313242,0.656621,0.656621,0,0,1,0,0.000000,0.080000,0.008000,0.001000,6.180000,0.133760,22.656000,0.026640,0.000000
1.757000,0.434900,0.574900,-0.863741,-0.000000,-0.863741,-0.423827,0.000000,0.423827,0.039235,-0.020023,0.044807,0.044807,0.005573,0.037157,0.057180,0.033906,0.004764,0.000053,0.034474,0.002682,1.295176,-0.003251,1.291924,1.291924,1.291924,0.645962,0.645962,0,0,1,0,0.000000,0.080000,0.008000,0.001000,6.186250,0.133960,22.651000,0.026627,0.000000
1.762000,0.435400,0.575400,-0.865887,-0.000000,-0.865887,-0.424097,0.000000,0.424097,0.039030,-0.020098,0.044703,0.044703,0.005673,0.037827,0.057925,0.033928,0.004781,0.000054,0.035130,0.002696,1.311769,0.003967,1.315736,1.315736,1.315736,0.657868,0.657868,0,0,1,0,0.000000,0.080000,0.008000,0.001000,6.192500,0.134160,22.646000,0.026615,0.000000
1.767000,0.435900,0.575900,-0.868033,-0.000000,-0.868033,-0.424362,0.000000,0.424362,0.039030,-0.020098,0.044598,0.044598,0.005568,0.037217,0.057315,0.033949,0.004798,0.000053,0.034517,0.002700,1.297679,-0.003243,1.294436,1.294436,1.294436,0.647218,0.647218,0,0,1,0,0.000000,0.080000,0.008000,0.001000,6.198750,0.134360,22.641000,0.026602,0.000000
1.772000,0.436400,0.576400,-0.870182,-0.000000,-0.870182,-0.424633,0.000000,0.424633,0.038824,-0.020165,0.044493,0.044493,0.005670,0.037893,0.058058,0.033971,0.004815,0.000054,0.035180,0.002713,1.314202,0.003949,1.318151,1.318151,1.318151,0.659075,0.659075,0,0,1,0,0.000000,0.080000,0.008000,0.001000,6.205000,0.134560,22.636000,0.026590,0.000000
1.781000,0.437300,0.577300,-0.874482,-0.000000,-0.874482,-0.425174,0.000000,0.425174,0.038618,-0.020218,0.044306,0.044306,0.005688,0.038084,0.058301,0.034014,0.004845,0.000060,0.035356,0.002728,1.319181,0.000718,1.319899,1.319899,1.319899,0.659949,0.659949,0,0,1,0,0.000000,0.080000,0.008000,0.001000,6.216250,0.134920,22.627000,0.026567,0.000000
1.786000,0.437800,0.577800,-0.876624,-0.000000,-0.876624,-0.425339,0.000000,0.425339,0.038618,-0.020218,0.044202,0.044202,0.005584,0.037476,0.057694,0.034027,0.004863,0.000033,0.034744,0.002732,1.305148,-0.003226,1.301921,1.301921,1.301921,0.650961,0.650961,0,0,1,0,0.000000,0.080000,0.008000,0.001000,6.222500,0.135120,22.622000,0.026555,0.000000
1.791000,0.438300,0.578300,-0.878778,-0.000000,-0.878778,-0.425624,0.000000,0.425624,0.038410,-0.020186,0.044098,0.044098,0.005688,0.038162,0.058348,0.034050,0.004880,0.000057,0.035430,0.002732,1.319647,0.003471,1.323117,1.323117,1.323117,0.661559,0.661559,0,0,1,0,0.000000,0.080000,0.008000,0.001000,6.228750,0.135320,22.617000,0.026542,0.000000
1.796000,0.438800,0.578800,-0.880934,-0.000000,-0.880934,-0.425905,0.000000,0.425905,0.038410,-0.020186,0.043994,0.043994,0.005585,0.037555,0.057741,0.034072,0.004897,0.000056,0.034819,0.002736,1.305642,-0.003218,1.302424,1.302424,1.302424,0.651212,0.651212,0,0,1,0,0.000000,0.080000,0.008000,0.001000,6.235000,0.135520,22.612000,0.026530,0.000000
1.801000,0.439300,0.579300,-0.883092,-0.000000,-0.883092,-0.426196,0.000000,0.426196,0.038209,-0.020138,0.043891,0.043891,0.005682,0.038196,0.058334,0.034096,0.004914,0.000058,0.035463,0.002733,1.318750,0.003143,1.321893,1.321893,1.321893,0.660947,0.660947,0,0,1,0,0.000000,0.080000,0.008000,0.001000,6.241250,0.135720,22.607000,0.026517,0.000000
1.806000,0.439800,0.579800,-0.885251,-0.000000,-0.885251,-0.426482,0.000000,0.426482,0.038209,-0.020138,0.043788,0.043788,0.005579,0.037591,0.057728,0.034119,0.004931,0.000057,0.034853,0.002737,1.304774,-0.003210,1.301564,1.301564,1.301564,0.650782,0.650782,0,0,1,0,0.000000,0.080000,0.008000,0.001000,6.247500,0.135920,22.602000,0.026505,0.000000
1.811000,0.440300,0.580300,-0.887412,-0.000000,-0.887412,-0.426774,0.000000,0.426774,0.038009,-0.020091,0.043685,0.043685,0.005676,0.038230,0.058321,0.034142,0.004948,0.000059,0.035495,0.002735,1.317889,0.003143,1.321031,1.321031,1.321031,0.660516,0.660516,0,0,1,0,0.000000,0.080000,0.008000,0.001000,6.253750,0.136120,22.597000,0.026492,0.000000
1.816000,0.440800,0.580800,-0.889574,-0.000000,-0.889574,-0.427062,0.000000,0.427062,0.038009,-0.020091,0.043582,0.043582,0.005573,0.037626,0.057717,0.034165,0.004965,0.000057,0.034887,0.002739,1.303940,-0.003202,1.300738,1.300738,1.300738,0.650369,0.650369,0,0,1,0,0.000000,0.080000,0.008000,0.001000,6.260000,0.136320,22.592000,0.026480,0.000000
1.821000,0.441300,0.581300,-0.889574,-0.000000,-0.889574,-0.427062,0.000000,0.427062,0.037808,-0.020064,0.043479,0.043479,0.005671,0.038273,0.058338,0.034165,0.004982,0.000000,0.035534,0.002739,1.317672,0.003286,1.320958,1.320958,1.320958,0.660479,0.660479,0,0,1,0,0.000000,0.080000,0.008000,0.001000,6.266250,0.136520,22.587000,0.026467,0.000000
1.826000,0.441800,0.581800,-0.893904,-0.000000,-0.893904,-0.427638,0.000000,0.427638,0.037808,-0.020064,0.043377,0.043377,0.005568,0.037670,0.057734,0.034211,0.004999,0.000115,0.034926,0.002743,1.303751,-0.003193,1.300558,1.300558,1.300558,0.650279,0.650279,0,0,1,0,0.000000,0.080000,0.008000,0.001000,6.272500,0.136720,22.582000,0.026455,0.000000
1.831000,0.442300,0.582300,-0.896070,-0.000000,-0.896070,-0.427927,0.000000,0.427927,0.037607,-0.020066,0.043274,0.043274,0.005667,0.038330,0.058396,0.034234,0.005016,0.000058,0.035582,0.002747,1.318404,0.003500,1.321904,1.321904,1.321904,0.660952,0.660952,0,0,1,0,0.000000,0.080000,0.008000,0.001000,6.278750,0.136920,22.577000,0.026442,0.000000
1.836000,0.442800,0.582800,-0.898238,-0.000000,-0.898238,-0.428209,0.000000,0.428209,0.037607,-0.020066,0.043172,0.043172,0.005565,0.037727,0.057793,0.034257,0.005033,0.000056,0.034976,0.002751,1.304511,-0.003185,1.301326,1.301326,1.301326,0.650663,0.650663,0,0,1,0,0.000000,0.080000,0.008000,0.001000,6.285000,0.137120,22.572000,0.026430,0.000000
1.841000,0.443300,0.583300,-0.898238,-0.000000,-0.898238,-0.428209,0.000000,0.428209,0.037404,-0.020098,0.043070,0.043070,0.005666,0.038404,0.058502,0.034257,0.005050,0.000000,0.035645,0.002760,1.320216,0.003745,1.323961,1.323961,1.323961,0.661980,0.661980,0,0,1,0,0.000000,0.080000,0.008000,0.001000,6.291250,0.137320,22.567000,0.026417,0.000000
1.850000,0.444200,0.584200,-0.902577,-0.000000,-0.902577,-0.428771,0.000000,0.428771,0.037200,-0.020153,0.042887,0.042887,0.005687,0.038617,0.058770,0.034302,0.005081,0.000063,0.035842,0.002775,1.325735,0.000786,1.326521,1.326521,1.326521,0.663260,0.663260,0,0,1,0,0.000000,0.080000,0.008000,0.001000,6.302500,0.137680,22.558000,0.026395,0.000000
1.855000,0.444700,0.584700,-0.904748,-0.000000,-0.904748,-0.429053,0.000000,0.429053,0.037200,-0.020153,0.042786,0.042786,0.005586,0.038017,0.058170,0.034324,0.005098,0.000056,0.035238,0.002779,1.311897,-0.003169,1.308729,1.308729,1.308729,0.654364,0.654364,0,0,1,0,0.000000,0.080000,0.008000,0.001000,6.308750,0.137880,22.553000,0.026382,0.000000
1.860000,0.445200,0.585200,-0.906909,-0.000000,-0.906909,-0.429221,0.000000,0.429221,0.037200,-0.020153,0.042684,0.042684,0.005484,0.037416,0.057569,0.034338,0.005116,0.000034,0.034633,0.002783,1.298063,-0.003168,1.294895,1.294895,1.294895,0.647447,0.647447,0,0,1,0,0.000000,0.080000,0.008000,0.001000,6.315000,0.138080,22.548000,0.026370,0.000000
1.865000,0.445700,0.585700,-0.909083,-0.000000,-0.909083,-0.429508,0.000000,0.429508,0.036991,-0.020154,0.042583,0.042583,0.005592,0.038133,0.058287,0.034361,0.005133,0.000057,0.035347,0.002787,1.313966,0.003786,1.317753,1.317753,1.317753,0.658876,0.658876,0,0,1,0,0.000000,0.080000,0.008000,0.001000,6.321250,0.138280,22.543000,0.026357,0.000000
1.870000,0.446200,0.586200,-0.911259,-0.000000,-0.911259,-0.429790,0.000000,0.429790,0.036991,-0.020154,0.042482,0.042482,0.005491,0.037534,0.057687,0.034383,0.005150,0.000056,0.034743,0.002791,1.300161,-0.003159,1.297001,1.297001,1.297001,0.648501,0.648501,0,0,1,0,0.000000,0.080000,0.008000,0.001000,6.327500,0.138480,22.538000,0.026345,0.000000
1.875000,0.446700,0.586700,-0.913435,-0.000000,-0.913435,-0.430061,0.000000,0.430061,0.036787,-0.020275,0.042381,0.042381,0.005595,0.038246,0.058521,0.034405,0.005167,0.000054,0.035435,0.002812,1.318657,0.004390,1.323047,1.323047,1.323047,0.661524,0.661524,0,0,1,0,0.000000,0.080000,0.008000,0.001000,6.333750,0.138680,22.533000,0.026332,0.000000
1.884000,0.447600,0.587600,-0.917811,-0.000000,-0.917811,-0.430798,0.000000,0.430798,0.036586,-0.020277,0.042201,0.042201,0.005615,0.038446,0.058723,0.034464,0.005198,0.000082,0.035627,0.002819,1.322672,0.000589,1.323262,1.323262,1.323262,0.661631,0.661631,0,0,1,0,0.000000,0.080000,0.008000,0.001000,6.345000,0.139040,22.524000,0.026310,0.000000
1.889000,0.448100,0.588100,-0.919987,-0.000000,-0.919987,-0.431025,0.000000,0.431025,0.036586,-0.020277,0.042100,0.042100,0.005515,0.037848,0.058125,0.034482,0.005215,0.000045,0.035025,0.002823,1.308922,-0.003143,1.305779,1.305779,1.305779,0.652889,0.652889,0,0,1,0,0.000000,0.080000,0.008000,0.001000,6.351250,0.139240,22.519000,0.026297,0.000000
1.894000,0.448600,0.588600,-0.922175,-0.000000,-0.922175,-0.431354,0.000000,0.431354,0.036375,-0.020336,0.042000,0.042000,0.005625,0.038599,0.058934,0.034508,0.005233,0.000066,0.035763,0.002836,1.326844,0.004253,1.331097,1.331097,1.331097,0.665549,0.665549,0,0,1,0,0.000000,0.080000,0.008000,0.001000,6.357500,0.139440,22.514000,0.026285,0.000000
1.899000,0.449100,0.589100,-0.924362,-0.000000,-0.924362,-0.431662,0.000000,0.431662,0.036375,-0.020336,0.041900,0.041900,0.005525,0.038002,0.058338,0.034533,0.005250,0.000062,0.035162,0.002840,1.313123,-0.003134,1.309988,1.309988,1.309988,0.654994,0.654994,0,0,1,0,0.000000,0.080000,0.008000,0.001000,6.363750,0.139640,22.509000,0.026272,0.000000
1.904000,0.449600,0.589600,-0.926550,-0.000000,-0.926550,-0.431966,0.000000,0.431966,0.036165,-0.020460,0.041801,0.041801,0.005635,0.038759,0.059219,0.034557,0.005267,0.000061,0.035898,0.002861,1.332657,0.004627,1.337284,1.337284,1.337284,0.668642,0.668642,0,0,1,0,0.000000,0.080000,0.008000,0.001000,6.370000,0.139840,22.504000,0.026260,0.000000
1.909000,0.450100,0.590100,-0.928739,-0.000000,-0.928739,-0.432255,0.000000,0.432255,0.036165,-0.020460,0.041698,0.041698,0.005532,0.038141,0.058601,0.034580,0.005285,0.000058,0.035276,0.002865,1.318463,-0.003243,1.315220,1.315220,1.315220,0.657610,0.657610,0,0,1,0,0.000000,0.080000,0.008000,0.001000,6.376250,0.140040,22.499000,0.026247,0.000000
1.914000,0.450600,0.590600,-0.930928,-0.000000,-0.930928,-0.432544,0.000000,0.432544,0.035952,-0.020601,0.041581,0.041581,0.005628,0.038812,0.059413,0.034603,0.005302,0.000058,0.035922,0.002889,1.336430,0.004259,1.340689,1.340689,1.340689,0.670345,0.670345,0,0,1,0,0.000000,0.080000,0.008000,0.001000,6.382500,0.140240,22.494000,0.026235,0.000000
1.919000,0.451100,0.591100,-0.933119,-0.000000,-0.933119,-0.432821,0.000000,0.432821,0.035952,-0.020601,0.041464,0.041464,0.005512,0.038106,0.058707,0.034626,0.005319,0.000056,0.035213,0.002893,1.320261,-0.003701,1.316560,1.316560,1.316560,0.658280,0.658280,0,0,1,0,0.000000,0.080000,0.008000,0.001000,6.388750,0.140440,22.489000,0.026222,0.000000
1.924000,0.451600,0.591600,-0.935310,-0.000000,-0.935310,-0.433102,0.000000,0.433102,0.035739,-0.020730,0.041348,0.041348,0.005609,0.038786,0.059516,0.034648,0.005336,0.000056,0.035871,0.002915,1.338150,0.004239,1.342390,1.342390,1.342390,0.671195,0.671195,0,0,1,0,0.000000,0.080000,0.008000,0.001000,6.395000,0.140640,22.484000,0.026210,0.000000
1.929000,0.452100,0.592100,-0.937502,-0.000000,-0.937502,-0.433373,0.000000,0.433373,0.035739,-0.020730,0.041232,0.041232,0.005493,0.038081,0.058811,0.034670,0.005354,0.000054,0.035162,0.002920,1.322012,-0.003692,1.318320,1.318320,1.318320,0.659160,0.659160,0,0,1,0,0.000000,0.080000,0.008000,0.001000,6.401250,0.140840,22.479000,0.026197,0.000000
1.938000,0.453000,0.593000,-0.941891,-0.000000,-0.941891,-0.433914,0.000000,0.433914,0.035524,-0.020843,0.041023,0.041023,0.005499,0.038205,0.059048,0.034713,0.005385,0.000060,0.035262,0.002943,1.326805,0.000689,1.327494,1.327494,1.327494,0.663747,0.663747,0,0,1,0,0.000000,0.080000,0.008000,0.001000,6.412500,0.141200,22.470000,0.026175,0.000000
1.943000,0.453500,0.593500,-0.944074,-0.000000,-0.944074,-0.434054,0.000000,0.434054,0.035302,-0.021228,0.040907,0.040907,0.005605,0.038979,0.060206,0.034724,0.005402,0.000028,0.035977,0.003002,1.352537,0.006062,1.358599,1.358599,1.358599,0.679299,0.679299,0,0,1,0,0.000000,0.080000,0.008000,0.001000,6.418750,0.141400,22.465000,0.026162,0.000000
1.948000,0.454000,0.594000,-0.946269,-0.000000,-0.946269,-0.434307,0.000000,0.434307,0.035302,-0.021228,0.040792,0.040792,0.005490,0.038276,0.059504,0.034745,0.005420,0.000051,0.035271,0.003006,1.336459,-0.003674,1.332785,1.332785,1.332785,0.666392,0.666392,0,0,1,0,0.000000,0.080000,0.008000,0.001000,6.425000,0.141600,22.460000,0.026150,0.000000
1.953000,0.454500,0.594500,-0.948466,-0.000000,-0.948466,-0.434575,0.000000,0.434575,0.035085,-0.021261,0.040677,0.040677,0.005592,0.038977,0.060238,0.034766,0.005437,0.000054,0.035962,0.003015,1.352635,0.003835,1.356470,1.356470,1.356470,0.678235,0.678235,0,0,1,0,0.000000,0.080000,0.008000,0.001000,6.431250,0.141800,22.455000,0.026137,0.000000
1.958000,0.455000,0.595000,-0.950665,-0.000000,-0.950665,-0.434843,0.000000,0.434843,0.035085,-0.021261,0.040561,0.040561,0.005477,0.038276,0.059536,0.034787,0.005455,0.000054,0.035257,0.003019,1.336588,-0.003665,1.332924,1.332924,1.332924,0.666462,0.666462,0,0,1,0,0.000000,0.080000,0.008000,0.001000,6.437500,0.142000,22.450000,0.026125,0.000000
1.963000,0.455500,0.595500,-0.952867,-0.000000,-0.952867,-0.435123,0.000000,0.435123,0.034872,-0.021213,0.040447,0.040447,0.005575,0.038941,0.060154,0.034810,0.005472,0.000056,0.035924,0.003016,1.350147,0.003224,1.353371,1.353371,1.353371,0.676685,0.676685,0,0,1,0,0.000000,0.080000,0.008000,0.001000,6.443750,0.142200,22.445000,0.026112,0.000000
1.968000,0.456000,0.596000,-0.955070,-0.000000,-0.955070,-0.435402,0.000000,0.435402,0.034872,-0.021213,0.040332,0.040332,0.005460,0.038240,0.059453,0.034832,0.005489,0.000056,0.035219,0.003021,1.334130,-0.003656,1.330474,1.330474,1.330474,0.665237,0.665237,0,0,1,0,0.000000,0.080000,0.008000,0.001000,6.450000,0.142400,22.440000,0.026100,0.000000
1.973000,0.456500,0.596500,-0.957275,-0.000000,-0.957275,-0.435690,0.000000,0.435690,0.034662,-0.021124,0.040218,0.040218,0.005556,0.038881,0.060006,0.034855,0.005507,0.000058,0.035869,0.003012,1.346226,0.002882,1.349109,1.349109,1.349109,0.674554,0.674554,0,0,1,0,0.000000,0.080000,0.008000,0.001000,6.456250,0.142600,22.435000,0.026087,0.000000
1.978000,0.457000,0.597000,-0.959481,-0.000000,-0.959481,-0.435974,0.000000,0.435974,0.034662,-0.021124,0.040103,0.040103,0.005441,0.038182,0.059306,0.034878,0.005524,0.000057,0.035165,0.003017,1.330240,-0.003647,1.326593,1.326593,1.326593,0.663296,0.663296,0,0,1,0,0.000000,0.080000,0.008000,0.001000,6.462500,0.142800,22.430000,0.026075,0.000000
1.987000,0.457900,0.597900,-0.963899,-0.000000,-0.963899,-0.436545,0.000000,0.436545,0.034454,-0.021037,0.039898,0.039898,0.005444,0.038257,0.059294,0.034924,0.005556,0.000064,0.035245,0.003012,1.329439,-0.000034,1.329405,1.329405,1.329405,0.664702,0.664702,0,0,1,0,0.000000,0.080000,0.008000,0.001000,6.473750,0.143160,22.421000,0.026052,0.000000
1.992000,0.458400,0.598400,-0.966096,-0.000000,-0.966096,-0.436701,0.000000,0.436701,0.034239,-0.021251,0.039784,0.039784,0.005546,0.038982,0.060233,0.034936,0.005573,0.000031,0.035935,0.003047,1.350182,0.004888,1.355070,1.355070,1.355070,0.677535,0.677535,0,0,1,0,0.000000,0.080000,0.008000,0.001000,6.480000,0.143360,22.416000,0.026040,0.000000
1.997000,0.458900,0.598900,-0.968306,-0.000000,-0.968306,-0.436969,0.000000,0.436969,0.034239,-0.021251,0.039671,0.039671,0.005432,0.038285,0.059536,0.034957,0.005591,0.000054,0.035234,0.003051,1.334255,-0.003629,1.330626,1.330626,1.330626,0.665313,0.665313,0,0,1,0,0.000000,0.080000,0.008000,0.001000,6.486250,0.143560,22.411000,0.026027,0.000000
2.002000,0.459400,0.599400,-0.970518,-0.000000,-0.970518,-0.437246,0.000000,0.437246,0.034027,-0.021204,0.039558,0.039558,0.005531,0.038956,0.060160,0.034980,0.005608,0.000056,0.035907,0.003048,1.347938,0.003247,1.351185,1.351185,1.351185,0.675592,0.675592,0,0,1,0,0.000000,0.080000,0.008000,0.001000,6.492500,0.143760,22.406000,0.026015,0.000000
2.007000,0.459900,0.599900,-0.972732,-0.000000,-0.972732,-0.437520,0.000000,0.437520,0.034027,-0.021204,0.039445,0.039445,0.005417,0.038259,0.059463,0.035002,0.005626,0.000055,0.035207,0.003053,1.332041,-0.003621,1.328421,1.328421,1.328421,0.664210,0.664210,0,0,1,0,0.000000,0.080000,0.008000,0.001000,6.498750,0.143960,22.401000,0.026002,0.000000
2.012000,0.460400,0.600400,-0.974946,-0.000000,-0.974946,-0.437800,0.000000,0.437800,0.033816,-0.021166,0.039332,0.039332,0.005516,0.038930,0.060096,0.035024,0.005643,0.000056,0.035879,0.003051,1.345911,0.003288,1.349199,1.349199,1.349199,0.674600,0.674600,0,0,1,0,0.000000,0.080000,0.008000,0.001000,6.505000,0.144160,22.396000,0.025990,0.000000
2.017000,0.460900,0.600900,-0.977163,-0.000000,-0.977163,-0.438073,0.000000,0.438073,0.033816,-0.021166,0.039219,0.039219,0.005403,0.038235,0.059401,0.035046,0.005661,0.000055,0.035180,0.003055,1.330045,-0.003612,1.326433,1.326433,1.326433,0.663216,0.663216,0,0,1,0,0.000000,0.080000,0.008000,0.001000,6.511250,0.144360,22.391000,0.025977,0.000000
2.022000,0.461400,0.601400,-0.979380,-0.000000,-0.979380,-0.438351,0.000000,0.438351,0.033604,-0.021159,0.039106,0.039106,0.005502,0.038919,0.060079,0.035068,0.005678,0.000056,0.035860,0.003059,1.344919,0.003519,1.348438,1.348438,1.348438,0.674219,0.674219,0,0,1,0,0.000000,0.080000,0.008000,0.001000,6.517500,0.144560,22.386000,0.025965,0.000000
2.027000,0.461900,0.601900,-0.981599,-0.000000,-0.981599,-0.438620,0.000000,0.438620,0.033604,-0.021159,0.038994,0.038994,0.005390,0.038225,0.059384,0.035090,0.005696,0.000054,0.035162,0.003063,1.329082,-0.003603,1.325479,1.325479,1.325479,0.662740,0.662740,0,0,1,0,0.000000,0.080000,0.008000,0.001000,6.523750,0.144760,22.381000,0.025952,0.000000
2.032000,0.462400,0.602400,-0.983819,-0.000000,-0.983819,-0.438893,0.000000,0.438893,0.033390,-0.021198,0.038882,0.038882,0.005492,0.038933,0.060131,0.035111,0.005713,0.000055,0.035860,0.003073,1.345491,0.003873,1.349365,1.349365,1.349365,0.674682,0.674682,0,0,1,0,0.000000,0.080000,0.008000,0.001000,6.530000,0.144960,22.376000,0.025940,0.000000
2.041000,0.463300,0.603300,-0.988261,-0.000000,-0.988261,-0.439423,0.000000,0.439423,0.033174,-0.021282,0.038681,0.038681,0.005507,0.039112,0.060394,0.035154,0.005745,0.000059,0.036020,0.003093,1.350835,0.000758,1.351592,1.351592,1.351592,0.675796,0.675796,0,0,1,0,0.000000,0.080000,0.008000,0.001000,6.541250,0.145320,22.367000,0.025917,0.000000
2.046000,0.463800,0.603800,-0.990472,-0.000000,-0.990472,-0.439572,0.000000,0.439572,0.033174,-0.021282,0.038569,0.038569,0.005395,0.038420,0.059702,0.035166,0.005762,0.000030,0.035324,0.003097,1.335058,-0.003585,1.331473,1.331473,1.331473,0.665737,0.665737,0,0,1,0,0.000000,0.080000,0.008000,0.001000,6.547500,0.145520,22.362000,0.025905,0.000000
2.051000,0.464300,0.604300,-0.992697,-0.000000,-0.992697,-0.439842,0.000000,0.439842,0.032953,-0.021325,0.038458,0.038458,0.005505,0.039185,0.060511,0.035187,0.005780,0.000054,0.036078,0.003108,1.352834,0.004187,1.357021,1.357021,1.357021,0.678510,0.678510,0,0,1,0,0.000000,0.080000,0.008000,0.001000,6.553750,0.145720,22.357000,0.025892,0.000000
2.056000,0.464800,0.604800,-0.994922,-0.000000,-0.994922,-0.440106,0.000000,0.440106,0.032953,-0.021325,0.038346,0.038346,0.005394,0.038494,0.059820,0.035208,0.005798,0.000053,0.035383,0.003112,1.337089,-0.003576,1.333513,1.333513,1.333513,0.666757,0.666757,0,0,1,0,0.000000,0.080000,0.008000,0.001000,6.560000,0.145920,22.352000,0.025880,0.000000
2.061000,0.465300,0.605300,-0.997149,-0.000000,-0.997149,-0.440376,0.000000,0.440376,0.032736,-0.021384,0.038235,0.038235,0.005500,0.039237,0.060621,0.035230,0.005815,0.000054,0.036112,0.003125,1.354687,0.004143,1.358830,1.358830,1.358830,0.679415,0.679415,0,0,1,0,0.000000,0.080000,0.008000,0.001000,6.566250,0.146120,22.347000,0.025867,0.000000
2.066000,0.465800,0.605800,-0.999377,-0.000000,-0.999377,-0.440641,0.000000,0.440641,0.032736,-0.021384,0.038125,0.038125,0.005389,0.038547,0.059931,0.035251,0.005833,0.000053,0.035418,0.003129,1.338972,-0.003567,1.335406,1.335406,1.335406,0.667703,0.667703,0,0,1,0,0.000000,0.080000,0.008000,0.001000,6.572500,0.146320,22.342000,0.025855,0.000000
2.071000,0.466300,0.606300,-1.001607,-0.000000,-1.001607,-0.440911,0.000000,0.440911,0.032518,-0.021453,0.038014,0.038014,0.005496,0.039303,0.060756,0.035273,0.005851,0.000054,0.036159,0.003143,1.357099,0.004264,1.361363,1.361363,1.361363,0.680682,0.680682,0,0,1,0,0.000000,0.080000,0.008000,0.001000,6.578750,0.146520,22.337000,0.025842,0.000000
2.076000,0.466800,0.606800,-1.003838,-0.000000,-1.003838,-0.441176,0.000000,0.441176,0.032518,-0.021453,0.037903,0.037903,0.005386,0.038614,0.060067,0.035294,0.005868,0.000053,0.035466,0.003148,1.341416,-0.003558,1.337858,1.337858,1.337858,0.668929,0.668929,0,0,1,0,0.000000,0.080000,0.008000,0.001000,6.585000,0.146720,22.332000,0.025830,0.000000
2.081000,0.467300,0.607300,-1.006070,-0.000000,-1.006070,-0.441447,0.000000,0.441447,0.032298,-0.021528,0.037793,0.037793,0.005495,0.039381,0.060909,0.035316,0.005886,0.000054,0.036218,0.003163,1.359923,0.004350,1.364273,1.364273,1.364273,0.682136,0.682136,0,0,1,0,0.000000,0.080000,0.008000,0.001000,6.591250,0.146920,22.327000,0.025817,0.000000
2.086000,0.467800,0.607800,-1.008304,-0.000000,-1.008304,-0.441712,0.000000,0.441712,0.032298,-0.021528,0.037683,0.037683,0.005385,0.038694,0.060222,0.035337,0.005904,0.000053,0.035527,0.003167,1.344271,-0.003549,1.340722,1.340722,1.340722,0.670361,0.670361,0,0,1,0,0.000000,0.080000,0.008000,0.001000,6.597500,0.147120,22.322000,0.025805,0.000000
2.095000,0.468700,0.608700,-1.010539,-0.000000,-1.010539,-0.441984,0.000000,0.441984,0.032078,-0.021602,0.037485,0.037485,0.005407,0.038922,0.060524,0.035359,0.005935,0.000030,0.035736,0.003186,1.350467,0.000865,1.351332,1.351332,1.351332,0.675666,0.675666,0,0,1,0,0.000000,0.080000,0.008000,0.001000,6.608750,0.147480,22.313000,0.025782,0.000000
2.100000,0.469200,0.609200,-1.012775,-0.000000,-1.012775,-0.442251,0.000000,0.442251,0.032078,-0.021602,0.037376,0.037376,0.005298,0.038236,0.059837,0.035380,0.005953,0.000053,0.035046,0.003190,1.334848,-0.003539,1.331309,1.331309,1.331309,0.665655,0.665655,0,0,1,0,0.000000,0.080000,0.008000,0.001000,6.615000,0.147680,22.308000,0.025770,0.000000
2.105000,0.469700,0.609700,-1.015000,-0.000000,-1.015000,-0.442389,0.000000,0.442389,0.031851,-0.021949,0.037267,0.037267,0.005416,0.039106,0.061055,0.035391,0.005971,0.000028,0.035860,0.003246,1.361703,0.006272,1.367975,1.367975,1.367975,0.683988,0.683988,0,0,1,0,0.000000,0.080000,0.008000,0.001000,6.621250,0.147880,22.303000,0.025757,0.000000
2.110000,0.470200,0.610200,-1.017249,-0.000000,-1.017249,-0.442759,0.000000,0.442759,0.031851,-0.021949,0.037157,0.037157,0.005307,0.038420,0.060369,0.035421,0.005988,0.000074,0.035170,0.003250,1.346116,-0.003529,1.342587,1.342587,1.342587,0.671293,0.671293,0,0,1,0,0.000000,0.080000,0.008000,0.001000,6.627500,0.148080,22.298000,0.025745,0.000000
2.115000,0.470700,0.610700,-1.019498,-0.000000,-1.019498,-0.443117,0.000000,0.443117,0.031634,-0.021915,0.037048,0.037048,0.005415,0.039170,0.061085,0.035449,0.006006,0.000072,0.035920,0.003250,1.361759,0.003681,1.365440,1.365440,1.365440,0.682720,0.682720,0,0,1,0,0.000000,0.080000,0.008000,0.001000,6.633750,0.148280,22.293000,0.025732,0.000000
2.124000,0.471600,0.611600,-1.023996,-0.000000,-1.023996,-0.443778,0.000000,0.443778,0.031412,-0.021969,0.036853,0.036853,0.005441,0.039419,0.061388,0.035502,0.006038,0.000073,0.036153,0.003266,1.367971,0.000867,1.368838,1.368838,1.368838,0.684419,0.684419,0,0,1,0,0.000000,0.080000,0.008000,0.001000,6.645000,0.148640,22.284000,0.025710,0.000000
2.129000,0.472100,0.612100,-1.026234,-0.000000,-1.026234,-0.443972,0.000000,0.443972,0.031412,-0.021969,0.036744,0.036744,0.005332,0.038736,0.060705,0.035518,0.006056,0.000039,0.035466,0.003270,1.352445,-0.003511,1.348934,1.348934,1.348934,0.674467,0.674467,0,0,1,0,0.000000,0.080000,0.008000,0.001000,6.651250,0.148840,22.279000,0.025697,0.000000
2.134000,0.472600,0.612600,-1.028484,-0.000000,-1.028484,-0.444282,0.000000,0.444282,0.031184,-0.022008,0.036636,0.036636,0.005452,0.039576,0.061584,0.035543,0.006074,0.000062,0.036296,0.003280,1.371713,0.004514,1.376227,1.376227,1.376227,0.688113,0.688113,0,0,1,0,0.000000,0.080000,0.008000,0.001000,6.657500,0.149040,22.274000,0.025685,0.000000
2.139000,0.473100,0.613100,-1.030735,-0.000000,-1.030735,-0.444578,0.000000,0.444578,0.031184,-0.022008,0.036528,0.036528,0.005344,0.038894,0.060902,0.035566,0.006091,0.000059,0.035609,0.003284,1.356218,-0.003502,1.352717,1.352717,1.352717,0.676358,0.676358,0,0,1,0,0.000000,0.080000,0.008000,0.001000,6.663750,0.149240,22.269000,0.025672,0.000000
2.144000,0.473600,0.613600,-1.032987,-0.000000,-1.032987,-0.444876,0.000000,0.444876,0.030960,-0.022060,0.036420,0.036420,0.005460,0.039713,0.061773,0.035590,0.006109,0.000060,0.036416,0.003297,1.375307,0.004470,1.379777,1.379777,1.379777,0.689888,0.689888,0,0,1,0,0.000000,0.080000,0.008000,0.001000,6.670000,0.149440,22.264000,0.025660,0.000000
2.149000,0.474100,0.614100,-1.035240,-0.000000,-1.035240,-0.445164,0.000000,0.445164,0.030960,-0.022060,0.036312,0.036312,0.005352,0.039032,0.061092,0.035613,0.006127,0.000057,0.035731,0.003301,1.359843,-0.003492,1.356351,1.356351,1.356351,0.678175,0.678175,0,0,1,0,0.000000,0.080000,0.008000,0.001000,6.676250,0.149640,22.259000,0.025647,0.000000
2.154000,0.474600,0.614600,-1.037494,-0.000000,-1.037494,-0.445455,0.000000,0.445455,0.030736,-0.022105,0.036205,0.036205,0.005469,0.039857,0.061961,0.035636,0.006145,0.000058,0.036545,0.003312,1.378888,0.004458,1.383346,1.383346,1.383346,0.691673,0.691673,0,0,1,0,0.000000,0.080000,0.008000,0.001000,6.682500,0.149840,22.254000,0.025635,0.000000
2.163000,0.475500,0.615500,-1.042006,-0.000000,-1.042006,-0.446028,0.000000,0.446028,0.030512,-0.022127,0.036011,0.036011,0.005500,0.040136,0.062263,0.035682,0.006177,0.000064,0.036812,0.003323,1.385030,0.000857,1.385888,1.385888,1.385888,0.692944,0.692944,0,0,1,0,0.000000,0.080000,0.008000,0.001000,6.693750,0.150200,22.245000,0.025612,0.000000
2.168000,0.476000,0.616000,-1.044252,-0.000000,-1.044252,-0.446199,0.000000,0.446199,0.030512,-0.022127,0.035904,0.035904,0.005392,0.039457,0.061584,0.035696,0.006195,0.000034,0.036129,0.003328,1.369629,-0.003474,1.366155,1.366155,1.366155,0.683077,0.683077,0,0,1,0,0.000000,0.080000,0.008000,0.001000,6.700000,0.150400,22.240000,0.025600,0.000000
2.173000,0.476500,0.616500,-1.046512,-0.000000,-1.046512,-0.446497,0.000000,0.446497,0.030287,-0.022045,0.035797,0.035797,0.005511,0.040275,0.062320,0.035720,0.006213,0.000060,0.036955,0.003320,1.385687,0.003767,1.389453,1.389453,1.389453,0.694727,0.694727,0,0,1,0,0.000000,0.080000,0.008000,0.001000,6.706250,0.150600,22.235000,0.025587,0.000000
2.178000,0.477000,0.617000,-1.048774,-0.000000,-1.048774,-0.446793,0.000000,0.446793,0.030287,-0.022045,0.035691,0.035691,0.005404,0.039598,0.061643,0.035743,0.006231,0.000059,0.036273,0.003324,1.370317,-0.003465,1.366852,1.366852,1.366852,0.683426,0.683426,0,0,1,0,0.000000,0.080000,0.008000,0.001000,6.712500,0.150800,22.230000,0.025575,0.000000
2.183000,0.477500,0.617500,-1.051038,-0.000000,-1.051038,-0.447098,0.000000,0.447098,0.030070,-0.021932,0.035584,0.035584,0.005514,0.040361,0.062293,0.035768,0.006248,0.000061,0.037049,0.003312,1.384469,0.003326,1.387795,1.387795,1.387795,0.693898,0.693898,0,0,1,0,0.000000,0.080000,0.008000,0.001000,6.718750,0.151000,22.225000,0.025562,0.000000
2.188000,0.478000,0.618000,-1.053303,-0.000000,-1.053303,-0.447398,0.000000,0.447398,0.030070,-0.021932,0.035478,0.035478,0.005408,0.039685,0.061617,0.035792,0.006266,0.000060,0.036368,0.003316,1.369130,-0.003456,1.365674,1.365674,1.365674,0.682837,0.682837,0,0,1,0,0.000000,0.080000,0.008000,0.001000,6.725000,0.151200,22.220000,0.025550,0.000000
2.193000,0.478500,0.618500,-1.055570,-0.000000,-1.055570,-0.447706,0.000000,0.447706,0.029855,-0.021810,0.035372,0.035372,0.005516,0.040435,0.062245,0.035816,0.006284,0.000062,0.037133,0.003302,1.382777,0.003209,1.385986,1.385986,1.385986,0.692993,0.692993,0,0,1,0,0.000000,0.080000,0.008000,0.001000,6.731250,0.151400,22.215000,0.025537,0.000000
2.198000,0.479000,0.619000,-1.057838,-0.000000,-1.057838,-0.448008,0.000000,0.448008,0.029855,-0.021810,0.035266,0.035266,0.005410,0.039760,0.061570,0.035841,0.006302,0.000060,0.036453,0.003306,1.367468,-0.003447,1.364021,1.364021,1.364021,0.682011,0.682011,0,0,1,0,0.000000,0.080000,0.008000,0.001000,6.737500,0.151600,22.210000,0.025525,0.000000
2.203000,0.479500,0.619500,-1.060108,-0.000000,-1.060108,-0.448316,0.000000,0.448316,0.029642,-0.021702,0.035160,0.035160,0.005518,0.040509,0.062211,0.035865,0.006320,0.000061,0.037214,0.003294,1.381388,0.003269,1.384658,1.384658,1.384658,0.692329,0.692329,0,0,1,0,0.000000,0.080000,0.008000,0.001000,6.743750,0.151800,22.205000,0.025512,0.000000
2.208000,0.480000,0.620000,-1.062379,-0.000000,-1.062379,-0.448616,0.000000,0.448616,0.029642,-0.021702,0.035054,0.035054,0.005413,0.039834,0.061536,0.035889,0.006338,0.000060,0.036536,0.003299,1.366109,-0.003439,1.362671,1.362671,1.362671,0.681335,0.681335,0,0,1,0,0.000000,0.080000,0.008000,0.001000,6.750000,0.152000,22.200000,0.025500,0.000000
2.213000,0.480500,0.620500,-1.064652,-0.000000,-1.064652,-0.448920,0.000000,0.448920,0.029428,-0.021625,0.034949,0.034949,0.005521,0.040592,0.062218,0.035914,0.006356,0.000061,0.037301,0.003291,1.380918,0.003472,1.384389,1.384389,1.384389,0.692195,0.692195,0,0,1,0,0.000000,0.080000,0.008000,0.001000,6.756250,0.152200,22.195000,0.025487,0.000000
2.222000,0.481400,0.621400,-1.069202,-0.000000,-1.069202,-0.449524,0.000000,0.449524,0.029213,-0.021588,0.034759,0.034759,0.005547,0.040830,0.062418,0.035962,0.006388,0.000067,0.037536,0.003294,1.384804,0.000567,1.385371,1.385371,1.385371,0.692686,0.692686,0,0,1,0,0.000000,0.080000,0.008000,0.001000,6.767500,0.152560,22.186000,0.025465,0.000000
2.227000,0.481900,0.621900,-1.071466,-0.000000,-1.071466,-0.449698,0.000000,0.449698,0.029213,-0.021588,0.034654,0.034654,0.005442,0.040158,0.061746,0.035976,0.006406,0.000035,0.036860,0.003298,1.369585,-0.003421,1.366164,1.366164,1.366164,0.683082,0.683082,0,0,1,0,0.000000,0.080000,0.008000,0.001000,6.773750,0.152760,22.181000,0.025452,0.000000
2.232000,0.482400,0.622400,-1.073744,-0.000000,-1.073744,-0.449999,0.000000,0.449999,0.028994,-0.021520,0.034550,0.034550,0.005555,0.040957,0.062477,0.036000,0.006424,0.000060,0.037666,0.003292,1.385499,0.003722,1.389221,1.389221,1.389221,0.694610,0.694610,0,0,1,0,0.000000,0.080000,0.008000,0.001000,6.780000,0.152960,22.176000,0.025440,0.000000
2.237000,0.482900,0.622900,-1.076023,-0.000000,-1.076023,-0.450293,0.000000,0.450293,0.028994,-0.021520,0.034445,0.034445,0.005451,0.040286,0.061806,0.036023,0.006442,0.000059,0.036990,0.003296,1.370310,-0.003412,1.366898,1.366898,1.366898,0.683449,0.683449,0,0,1,0,0.000000,0.080000,0.008000,0.001000,6.786250,0.153160,22.171000,0.025427,0.000000
2.242000,0.483400,0.623400,-1.078304,-0.000000,-1.078304,-0.450592,0.000000,0.450592,0.028780,-0.021480,0.034341,0.034341,0.005560,0.041061,0.062541,0.036047,0.006460,0.000060,0.037767,0.003294,1.386286,0.003734,1.390020,1.390020,1.390020,0.695010,0.695010,0,0,1,0,0.000000,0.080000,0.008000,0.001000,6.792500,0.153360,22.166000,0.025415,0.000000
2.247000,0.483900,0.623900,-1.080586,-0.000000,-1.080586,-0.450884,0.000000,0.450884,0.028780,-0.021480,0.034236,0.034236,0.005456,0.040391,0.061871,0.036071,0.006478,0.000058,0.037093,0.003298,1.371128,-0.003403,1.367725,1.367725,1.367725,0.683862,0.683862,0,0,1,0,0.000000,0.080000,0.008000,0.001000,6.798750,0.153560,22.161000,0.025402,0.000000
2.252000,0.484400,0.624400,-1.082869,-0.000000,-1.082869,-0.451182,0.000000,0.451182,0.028566,-0.021468,0.034132,0.034132,0.005567,0.041181,0.062649,0.036095,0.006496,0.000059,0.037880,0.003301,1.388059,0.003951,1.392010,1.392010,1.392010,0.696005,0.696005,0,0,1,0,0.000000,0.080000,0.008000,0.001000,6.805000,0.153760,22.156000,0.025390,0.000000
2.261000,0.485300,0.625300,-1.087440,-0.000000,-1.087440,-0.451766,0.000000,0.451766,0.028350,-0.021481,0.033945,0.033945,0.005596,0.041451,0.062933,0.036141,0.006529,0.000065,0.038141,0.003311,1.393769,0.000798,1.394567,1.394567,1.394567,0.697284,0.697284,0,0,1,0,0.000000,0.080000,0.008000,0.001000,6.816250,0.154120,22.147000,0.025367,0.000000
2.266000,0.485800,0.625800,-1.089715,-0.000000,-1.089715,-0.451938,0.000000,0.451938,0.028350,-0.021481,0.033842,0.033842,0.005492,0.040784,0.062265,0.036155,0.006547,0.000034,0.037469,0.003315,1.378670,-0.003386,1.375285,1.375285,1.375285,0.687642,0.687642,0,0,1,0,0.000000,0.080000,0.008000,0.001000,6.822500,0.154320,22.142000,0.025355,0.000000
2.271000,0.486300,0.626300,-1.092004,-0.000000,-1.092004,-0.452239,0.000000,0.452239,0.028131,-0.021439,0.033738,0.033738,0.005608,0.041606,0.063044,0.036179,0.006565,0.000060,0.038293,0.003313,1.395616,0.003951,1.399567,1.399567,1.399567,0.699784,0.699784,0,0,1,0,0.000000,0.080000,0.008000,0.001000,6.828750,0.154520,22.137000,0.025342,0.000000
2.276000,0.486800,0.626800,-1.094295,-0.000000,-1.094295,-0.452535,0.000000,0.452535,0.028131,-0.021439,0.033635,0.033635,0.005504,0.040939,0.062378,0.036203,0.006583,0.000059,0.037622,0.003317,1.380548,-0.003377,1.377171,1.377171,1.377171,0.688586,0.688586,0,0,1,0,0.000000,0.080000,0.008000,0.001000,6.835000,0.154720,22.132000,0.025330,0.000000
2.281000,0.487300,0.627300,-1.096587,-0.000000,-1.096587,-0.452840,0.000000,0.452840,0.027917,-0.021399,0.033532,0.033532,0.005615,0.041727,0.063126,0.036227,0.006601,0.000061,0.038412,0.003315,1.396779,0.003786,1.400564,1.400564,1.400564,0.700282,0.700282,0,0,1,0,0.000000,0.080000,0.008000,0.001000,6.841250,0.154920,22.127000,0.025317,0.000000
2.286000,0.487800,0.627800,-1.098881,-0.000000,-1.098881,-0.453139,0.000000,0.453139,0.027917,-0.021399,0.033429,0.033429,0.005512,0.041061,0.062460,0.036251,0.006620,0.000060,0.037742,0.003319,1.381741,-0.003368,1.378373,1.378373,1.378373,0.689187,0.689187,0,0,1,0,0.000000,0.080000,0.008000,0.001000,6.847500,0.155120,22.122000,0.025305,0.000000
2.291000,0.488300,0.628300,-1.101176,-0.000000,-1.101176,-0.453445,0.000000,0.453445,0.027704,-0.021364,0.033326,0.033326,0.005622,0.041852,0.063216,0.036276,0.006638,0.000061,0.038534,0.003318,1.398159,0.003826,1.401985,1.401985,1.401985,0.700992,0.700992,0,0,1,0,0.000000,0.080000,0.008000,0.001000,6.853750,0.155320,22.117000,0.025292,0.000000
2.296000,0.488800,0.628800,-1.103474,-0.000000,-1.103474,-0.453746,0.000000,0.453746,0.027704,-0.021364,0.033223,0.033223,0.005520,0.041188,0.062552,0.036300,0.006656,0.000060,0.037865,0.003323,1.383151,-0.003359,1.379792,1.379792,1.379792,0.689896,0.689896,0,0,1,0,0.000000,0.080000,0.008000,0.001000,6.860000,0.155520,22.112000,0.025280,0.000000
2.301000,0.489300,0.629300,-1.105772,-0.000000,-1.105772,-0.454053,0.000000,0.454053,0.027490,-0.021339,0.033121,0.033121,0.005631,0.041985,0.063324,0.036324,0.006674,0.000061,0.038662,0.003323,1.399902,0.003901,1.403803,1.403803,1.403803,0.701902,0.701902,0,0,1,0,0.000000,0.080000,0.008000,0.001000,6.866250,0.155720,22.107000,0.025267,0.000000
2.310000,0.490200,0.630200,-1.108072,-0.000000,-1.108072,-0.454354,0.000000,0.454354,0.027277,-0.021322,0.032937,0.032937,0.005660,0.042257,0.063579,0.036348,0.006707,0.000033,0.038929,0.003328,1.404965,0.000715,1.405680,1.405680,1.405680,0.702840,0.702840,0,0,1,0,0.000000,0.080000,0.008000,0.001000,6.877500,0.156080,22.098000,0.025245,0.000000
2.315000,0.490700,0.630700,-1.112665,-0.000000,-1.112665,-0.454845,0.000000,0.454845,0.027277,-0.021322,0.032835,0.032835,0.005558,0.041595,0.062917,0.036388,0.006725,0.000098,0.038262,0.003332,1.390017,-0.003342,1.386675,1.386675,1.386675,0.693337,0.693337,0,0,1,0,0.000000,0.080000,0.008000,0.001000,6.883750,0.156280,22.093000,0.025232,0.000000
2.320000,0.491200,0.631200,-1.114970,-0.000000,-1.114970,-0.455160,0.000000,0.455160,0.027061,-0.021241,0.032733,0.032733,0.005672,0.042407,0.063649,0.036413,0.006743,0.000063,0.039083,0.003324,1.405868,0.003692,1.409560,1.409560,1.409560,0.704780,0.704780,0,0,1,0,0.000000,0.080000,0.008000,0.001000,6.890000,0.156480,22.088000,0.025220,0.000000
2.325000,0.491700,0.631700,-1.114970,-0.000000,-1.114970,-0.455160,0.000000,0.455160,0.027061,-0.021241,0.032632,0.032632,0.005571,0.041746,0.062987,0.036413,0.006761,0.000000,0.038418,0.003328,1.390950,-0.003333,1.387617,1.387617,1.387617,0.693809,0.693809,0,0,1,0,0.000000,0.080000,0.008000,0.001000,6.896250,0.156680,22.083000,0.025207,0.000000
2.330000,0.492200,0.632200,-1.117277,-0.000000,-1.117277,-0.455471,0.000000,0.455471,0.027061,-0.021241,0.032530,0.032530,0.005469,0.041085,0.062326,0.036438,0.006779,0.000062,0.037753,0.003332,1.376036,-0.003332,1.372704,1.372704,1.372704,0.686352,0.686352,0,0,1,0,0.000000,0.080000,0.008000,0.001000,6.902500,0.156880,22.078000,0.025195,0.000000
2.335000,0.492700,0.632700,-1.119585,-0.000000,-1.119585,-0.455790,0.000000,0.455790,0.026851,-0.021161,0.032429,0.032429,0.005578,0.041859,0.063020,0.036463,0.006798,0.000064,0.038535,0.003324,1.391045,0.003496,1.394541,1.394541,1.394541,0.697270,0.697270,0,0,1,0,0.000000,0.080000,0.008000,0.001000,6.908750,0.157080,22.073000,0.025182,0.000000
2.340000,0.493200,0.633200,-1.121895,-0.000000,-1.121895,-0.456104,0.000000,0.456104,0.026851,-0.021161,0.032328,0.032328,0.005477,0.041199,0.062360,0.036488,0.006816,0.000063,0.037870,0.003328,1.376160,-0.003323,1.372837,1.372837,1.372837,0.686418,0.686418,0,0,1,0,0.000000,0.080000,0.008000,0.001000,6.915000,0.157280,22.068000,0.025170,0.000000
2.345000,0.493700,0.633700,-1.124206,-0.000000,-1.124206,-0.456405,0.000000,0.456405,0.026640,-0.021209,0.032227,0.032227,0.005587,0.042006,0.063215,0.036512,0.006834,0.000060,0.038666,0.003340,1.394716,0.004303,1.399019,1.399019,1.399019,0.699510,0.699510,0,0,1,0,0.000000,0.080000,0.008000,0.001000,6.921250,0.157480,22.063000,0.025157,0.000000
2.350000,0.494200,0.634200,-1.126517,-0.000000,-1.126517,-0.456705,0.000000,0.456705,0.026640,-0.021209,0.032126,0.032126,0.005486,0.041347,0.062556,0.036536,0.006852,0.000060,0.038002,0.003344,1.379861,-0.003315,1.376547,1.376547,1.376547,0.688273,0.688273,0,0,1,0,0.000000,0.080000,0.008000,0.001000,6.927500,0.157680,22.058000,0.025145,0.000000
2.355000,0.494700,0.634700,-1.128844,-0.000000,-1.128844,-0.457136,0.000000,0.457136,0.026431,-0.021075,0.032025,0.032025,0.005595,0.042120,0.063194,0.036571,0.006871,0.000086,0.038792,0.003327,1.393624,0.003208,1.396833,1.396833,1.396833,0.698416,0.698416,0,0,1,0,0.000000,0.080000,0.008000,0.001000,6.933750,0.157880,22.053000,0.025132,0.000000
2.360000,0.495200,0.635200,-1.131169,-0.000000,-1.131169,-0.457532,0.000000,0.457532,0.026431,-0.021075,0.031925,0.031925,0.005494,0.041462,0.062536,0.036603,0.006889,0.000079,0.038130,0.003331,1.378799,-0.003306,1.375493,1.375493,1.375493,0.687747,0.687747,0,0,1,0,0.000000,0.080000,0.008000,0.001000,6.940000,0.158080,22.048000,0.025120,0.000000
2.369000,0.496100,0.636100,-1.135818,-0.000000,-1.135818,-0.458253,0.000000,0.458253,0.026220,-0.021127,0.031745,0.031745,0.005525,0.041753,0.062880,0.036660,0.006922,0.000080,0.038405,0.003347,1.385804,0.000957,1.386761,1.386761,1.386761,0.693381,0.693381,0,0,1,0,0.000000,0.080000,0.008000,0.001000,6.951250,0.158440,22.039000,0.025097,0.000000
2.374000,0.496600,0.636600,-1.138128,-0.000000,-1.138128,-0.458441,0.000000,0.458441,0.025994,-0.021577,0.031645,0.031645,0.005650,0.042736,0.064313,0.036675,0.006940,0.000038,0.039313,0.003423,1.417066,0.007190,1.424256,1.424256,1.424256,0.712128,0.712128,0,0,1,0,0.000000,0.080000,0.008000,0.001000,6.957500,0.158640,22.034000,0.025085,0.000000
2.379000,0.497100,0.637100,-1.140450,-0.000000,-1.140450,-0.458738,0.000000,0.458738,0.025994,-0.021577,0.031545,0.031545,0.005551,0.042080,0.063657,0.036699,0.006959,0.000059,0.038653,0.003427,1.402300,-0.003288,1.399012,1.399012,1.399012,0.699506,0.699506,0,0,1,0,0.000000,0.080000,0.008000,0.001000,6.963750,0.158840,22.029000,0.025072,0.000000
2.384000,0.497600,0.637600,-1.142773,-0.000000,-1.142773,-0.459040,0.000000,0.459040,0.025766,-0.021769,0.031445,0.031445,0.005679,0.043043,0.064812,0.036723,0.006977,0.000060,0.039581,0.003462,1.427415,0.005788,1.433203,1.433203,1.433203,0.716601,0.716601,0,0,1,0,0.000000,0.080000,0.008000,0.001000,6.970000,0.159040,22.024000,0.025060,0.000000
2.389000,0.498100,0.638100,-1.145097,-0.000000,-1.145097,-0.459333,0.000000,0.459333,0.025766,-0.021769,0.031345,0.031345,0.005579,0.042388,0.064157,0.036747,0.006995,0.000059,0.038922,0.003466,1.412680,-0.003279,1.409402,1.409402,1.409402,0.704701,0.704701,0,0,1,0,0.000000,0.080000,0.008000,0.001000,6.976250,0.159240,22.019000,0.025047,0.000000
2.394000,0.498600,0.638600,-1.147423,-0.000000,-1.147423,-0.459635,0.000000,0.459635,0.025540,-0.021877,0.031246,0.031246,0.005706,0.043331,0.065208,0.036771,0.007014,0.000060,0.039843,0.003488,1.435481,0.005259,1.440739,1.440739,1.440739,0.720370,0.720370,0,0,1,0,0.000000,0.080000,0.008000,0.001000,6.982500,0.159440,22.014000,0.025035,0.000000
2.399000,0.499100,0.639100,-1.149751,-0.000000,-1.149751,-0.459934,0.000000,0.459934,0.025540,-0.021877,0.031147,0.031147,0.005607,0.042677,0.064554,0.036795,0.007032,0.000060,0.039185,0.003492,1.420777,-0.003269,1.417507,1.417507,1.417507,0.708754,0.708754,0,0,1,0,0.000000,0.080000,0.008000,0.001000,6.988750,0.159640,22.009000,0.025022,0.000000
2.408000,0.500000,0.640000,-1.154412,-0.000000,-1.154412,-0.460558,0.000000,0.460558,0.025318,-0.021870,0.030969,0.030969,0.005651,0.043056,0.064926,0.036845,0.007065,0.000069,0.039556,0.003499,1.428367,0.001032,1.429398,1.429398,1.429398,0.714699,0.714699,0,0,1,0,0.000000,0.080000,0.008000,0.001000,7.000000,0.160000,22.000000,0.025000,0.000000
2.413000,0.500000,0.640000,-1.156732,-0.000000,-1.156732,-0.460737,0.000000,0.460737,0.025095,-0.022018,0.030969,0.030969,0.005874,0.044639,0.066656,0.036859,0.007084,0.000036,0.041116,0.003523,1.466439,0.008653,1.475092,1.475092,1.475092,0.737546,0.737546,0,0,1,0,0.000000,0.080000,0.008000,0.001000,7.000000,0.160000,22.000000,0.025000,0.000000
2.418000,0.500000,0.640000,-1.159066,-0.000000,-1.159066,-0.461052,0.000000,0.461052,0.025095,-0.022018,0.030969,0.030969,0.005874,0.044639,0.066656,0.036884,0.007102,0.000063,0.041116,0.003523,1.466439,0.000000,1.466439,1.466439,1.466439,0.733219,0.733219,0,0,1,0,0.000000,0.080000,0.008000,0.001000,7.000000,0.160000,22.000000,0.025000,0.000000
2.423000,0.500000,0.640000,-1.161391,-0.000000,-1.161391,-0.461264,0.000000,0.461264,0.024878,-0.021890,0.030969,0.030969,0.006090,0.046135,0.068026,0.036901,0.007121,0.000042,0.042633,0.003502,1.496563,0.006846,1.503410,1.503410,1.503410,0.751705,0.751705,0,0,1,0,0.000000,0.080000,0.008000,0.001000,7.000000,0.160000,22.000000,0.025000,0.000000
2.428000,0.500000,0.640000,-1.163708,-0.000000,-1.163708,-0.461391,0.000000,0.461391,0.024878,-0.021890,0.030969,0.030969,0.006090,0.046135,0.068026,0.036911,0.007139,0.000025,0.042633,0.003502,1.496563,0.000000,1.496563,1.496563,1.496563,0.748282,0.748282,0,0,1,0,0.000000,0.080000,0.008000,0.001000,7.000000,0.160000,22.000000,0.025000,0.000000
2.433000,0.500000,0.640000,-1.166020,-0.000000,-1.166020,-0.461469,0.000000,0.461469,0.024664,-0.021622,0.030969,0.030969,0.006305,0.047593,0.069215,0.036918,0.007158,0.000016,0.044134,0.003459,1.522724,0.005946,1.528669,1.528669,1.528669,0.764335,0.764335,0,0,1,0,0.000000,0.080000,0.008000,0.001000,7.000000,0.160000,22.000000,0.025000,0.000000
2.442000,0.500000,0.640000,-1.170636,-0.000000,-1.170636,-0.461541,0.000000,0.461541,0.024467,-0.020979,0.030969,0.030969,0.006502,0.048870,0.069849,0.036923,0.007191,0.000008,0.045514,0.003357,1.536681,0.001762,1.538443,1.538443,1.538443,0.769222,0.769222,0,0,1,0,0.000000,0.080000,0.008000,0.001000,7.000000,0.160000,22.000000,0.025000,0.000000
2.447000,0.500000,0.640000,-1.172944,-0.000000,-1.172944,-0.461573,0.000000,0.461573,0.024467,-0.020979,0.030969,0.030969,0.006502,0.048870,0.069849,0.036926,0.007209,0.000006,0.045514,0.003357,1.536681,0.000000,1.536681,1.536681,1.536681,0.768341,0.768341,0,0,1,0,0.000000,0.080000,0.008000,0.001000,7.000000,0.160000,22.000000,0.025000,0.000000
2.452000,0.500000,0.640000,-1.175253,-0.000000,-1.175253,-0.461619,0.000000,0.461619,0.024299,-0.019854,0.030969,0.030969,0.006670,0.049866,0.069720,0.036930,0.007228,0.000009,0.046689,0.003177,1.533833,-0.000647,1.533186,1.533186,1.533186,0.766593,0.766593,0,0,1,0,0.000000,0.080000,0.008000,0.001000,7.000000,0.160000,22.000000,0.025000,0.000000
2.457000,0.500000,0.640000,-1.177564,-0.000000,-1.177564,-0.461683,0.000000,0.461683,0.024299,-0.019854,0.030969,0.030969,0.006670,0.049866,0.069720,0.036935,0.007246,0.000013,0.046689,0.003177,1.533833,0.000000,1.533833,1.533833,1.533833,0.766917,0.766917,0,0,1,0,0.000000,0.080000,0.008000,0.001000,7.000000,0.160000,22.000000,0.025000,0.000000
2.462000,0.500000,0.640000,-1.179878,-0.000000,-1.179878,-0.461767,0.000000,0.461767,0.024165,-0.018306,0.030969,0.030969,0.006804,0.050557,0.068862,0.036941,0.007265,0.000017,0.047628,0.002929,1.514970,-0.004287,1.510682,1.510682,1.510682,0.755341,0.755341,0,0,1,0,0.000000,0.080000,0.008000,0.001000,7.000000,0.160000,22.000000,0.025000,0.000000
2.467000,0.500000,0.640000,-1.182194,-0.000000,-1.182194,-0.461877,0.000000,0.461877,0.024165,-0.018306,0.030969,0.030969,0.006804,0.050557,0.068862,0.036950,0.007283,0.000022,0.047628,0.002929,1.514970,0.000000,1.514970,1.514970,1.514970,0.757485,0.757485,0,0,1,0,0.000000,0.080000,0.008000,0.001000,7.000000,0.160000,22.000000,0.025000,0.000000
2.472000,0.500000,0.640000,-1.184513,-0.000000,-1.184513,-0.462002,0.000000,0.462002,0.024063,-0.016483,0.030969,0.030969,0.006905,0.050974,0.067457,0.036960,0.007302,0.000025,0.048337,0.002637,1.484064,-0.007024,1.477040,1.477040,1.477040,0.738520,0.738520,0,0,1,0,0.000000,0.080000,0.008000,0.001000,7.000000,0.160000,22.000000,0.025000,0.000000
2.477000,0.500000,0.640000,-1.186835,-0.000000,-1.186835,-0.462149,0.000000,0.462149,0.024063,-0.016483,0.030969,0.030969,0.006905,0.050974,0.067457,0.036972,0.007320,0.000029,0.048337,0.002637,1.484064,0.000000,1.484064,1.484064,1.484064,0.742032,0.742032,0,0,1,0,0.000000,0.080000,0.008000,0.001000,7.000000,0.160000,22.000000,0.025000,0.000000
2.482000,0.500000,0.640000,-1.189159,-0.000000,-1.189159,-0.462300,0.000000,0.462300,0.023988,-0.014597,0.030969,0.030969,0.006980,0.051198,0.065795,0.036984,0.007339,0.000030,0.048862,0.002335,1.447482,-0.008314,1.439168,1.439168,1.439168,0.719584,0.719584,0,0,1,0,0.000000,0.080000,0.008000,0.001000,7.000000,0.160000,22.000000,0.025000,0.000000
2.487000,0.500000,0.640000,-1.191485,-0.000000,-1.191485,-0.462461,0.000000,0.462461,0.023988,-0.014597,0.030969,0.030969,0.006980,0.051198,0.065795,0.036997,0.007357,0.000032,0.048862,0.002335,1.447482,0.000000,1.447482,1.447482,1.447482,0.723741,0.723741,0,0,1,0,0.000000,0.080000,0.008000,0.001000,7.000000,0.160000,22.000000,0.025000,0.000000
2.496000,0.500000,0.640000,-1.196137,-0.000000,-1.196137,-0.462759,0.000000,0.462759,0.023929,-0.012865,0.030969,0.030969,0.007039,0.051333,0.064199,0.037021,0.007391,0.000033,0.049275,0.002058,1.412369,-0.004433,1.407936,1.407936,1.407936,0.703968,0.703968,0,0,1,0,0.000000,0.080000,0.008000,0.001000,7.000000,0.160000,22.000000,0.025000,0.000000
2.501000,0.500000,0.640000,-1.198465,-0.000000,-1.198465,-0.462906,0.000000,0.462906,0.023877,-0.011334,0.030969,0.030969,0.007091,0.051453,0.062787,0.037033,0.007409,0.000030,0.049639,0.001814,1.381313,-0.007058,1.374255,1.374255,1.374255,0.687127,0.687127,0,0,1,0,0.000000,0.080000,0.008000,0.001000,7.000000,0.160000,22.000000,0.025000,0.000000
2.506000,0.500000,0.640000,-1.200792,-0.000000,-1.200792,-0.463036,0.000000,0.463036,0.023877,-0.011334,0.030969,0.030969,0.007091,0.051453,0.062787,0.037043,0.007428,0.000026,0.049639,0.001814,1.381313,0.000000,1.381313,1.381313,1.381313,0.690656,0.690656,0,0,1,0,0.000000,0.080000,0.008000,0.001000,7.000000,0.160000,22.000000,0.025000,0.000000
2.511000,0.500000,0.640000,-1.203117,-0.000000,-1.203117,-0.463132,0.000000,0.463132,0.023824,-0.010306,0.030969,0.030969,0.007145,0.051663,0.061969,0.037051,0.007446,0.000019,0.050014,0.001649,1.363326,-0.004088,1.359238,1.359238,1.359238,0.679619,0.679619,0,0,1,0,0.000000,0.080000,0.008000,0.001000,7.000000,0.160000,22.000000,0.025000,0.000000
2.516000,0.500000,0.640000,-1.205440,-0.000000,-1.205440,-0.463204,0.000000,0.463204,0.023824,-0.010306,0.030969,0.030969,0.007145,0.051663,0.061969,0.037056,0.007465,0.000014,0.050014,0.001649,1.363326,0.000000,1.363326,1.363326,1.363326,0.681663,0.681663,0,0,1,0,0.000000,0.080000,0.008000,0.001000,7.000000,0.160000,22.000000,0.025000,0.000000
2.521000,0.500000,0.640000,-1.207760,-0.000000,-1.207760,-0.463244,0.000000,0.463244,0.023756,-0.009790,0.030969,0.030969,0.007213,0.052058,0.061848,0.037059,0.007483,0.000008,0.050492,0.001566,1.360666,-0.000605,1.360062,1.360062,1.360062,0.680031,0.680031,0,0,1,0,0.000000,0.080000,0.008000,0.001000,7.000000,0.160000,22.000000,0.025000,0.000000
2.526000,0.500000,0.640000,-1.210078,-0.000000,-1.210078,-0.463256,0.000000,0.463256,0.023756,-0.009790,0.030969,0.030969,0.007213,0.052058,0.061848,0.037061,0.007502,0.000003,0.050492,0.001566,1.360666,0.000000,1.360666,1.360666,1.360666,0.680333,0.680333,0,0,1,0,0.000000,0.080000,0.008000,0.001000,7.000000,0.160000,22.000000,0.025000,0.000000
2.535000,0.500000,0.640000,-1.212393,-0.000000,-1.212393,-0.463244,0.000000,0.463244,0.023669,-0.009720,0.030969,0.030969,0.007299,0.052652,0.062371,0.037060,0.007535,-0.000001,0.051096,0.001555,1.372169,0.001452,1.373621,1.373621,1.373621,0.686811,0.686811,0,0,1,0,0.000000,0.080000,0.008000,0.001000,7.000000,0.160000,22.000000,0.025000,0.000000
2.540000,0.500000,0.640000,-1.214707,-0.000000,-1.214707,-0.463211,0.000000,0.463211,0.023669,-0.009720,0.030969,0.030969,0.007299,0.052652,0.062371,0.037057,0.007554,-0.000007,0.051096,0.001555,1.372169,0.000000,1.372169,1.372169,1.372169,0.686084,0.686084,0,0,1,0,0.000000,0.080000,0.008000,0.001000,7.000000,0.160000,22.000000,0.025000,0.000000
2.545000,0.500000,0.640000,-1.217018,-0.000000,-1.217018,-0.463159,0.000000,0.463159,0.023565,-0.009997,0.030969,0.030969,0.007404,0.053426,0.063423,0.037053,0.007572,-0.000010,0.051827,0.001600,1.395308,0.005259,1.400567,1.400567,1.400567,0.700284,0.700284,0,0,1,0,0.000000,0.080000,0.008000,0.001000,7.000000,0.160000,22.000000,0.025000,0.000000
2.550000,0.500000,0.640000,-1.219328,-0.000000,-1.219328,-0.463097,0.000000,0.463097,0.023446,-0.010467,0.030969,0.030969,0.007523,0.054336,0.064803,0.037048,0.007591,-0.000012,0.052661,0.001675,1.425661,0.006898,1.432560,1.432560,1.432560,0.716280,0.716280,0,0,1,0,0.000000,0.080000,0.008000,0.001000,7.000000,0.160000,22.000000,0.025000,0.000000
2.555000,0.500000,0.640000,-1.221636,-0.000000,-1.221636,-0.463027,0.000000,0.463027,0.023446,-0.010467,0.030969,0.030969,0.007523,0.054336,0.064803,0.037042,0.007609,-0.000014,0.052661,0.001675,1.425661,0.000000,1.425661,1.425661,1.425661,0.712831,0.712831,0,0,1,0,0.000000,0.080000,0.008000,0.001000,7.000000,0.160000,22.000000,0.025000,0.000000
2.560000,0.500000,0.640000,-1.223945,-0.000000,-1.223945,-0.462964,0.000000,0.462964,0.023446,-0.010467,0.030969,0.030969,0.007523,0.054336,0.064803,0.037037,0.007628,-0.000013,0.052661,0.001675,1.425661,0.000000,1.425661,1.425661,1.425661,0.712831,0.712831,0,0,1,0,0.000000,0.080000,0.008000,0.001000,7.000000,0.160000,22.000000,0.025000,0.000000
2.565000,0.500000,0.640000,-1.226254,-0.000000,-1.226254,-0.462925,0.000000,0.462925,0.023320,-0.010819,0.030969,0.030969,0.007648,0.055270,0.066089,0.037034,0.007646,-0.000008,0.053539,0.001731,1.453953,0.006430,1.460383,1.460383,1.460383,0.730192,0.730192,0,0,1,0,0.000000,0.080000,0.008000,0.001000,7.000000,0.160000,22.000000,0.025000,0.000000
2.570000,0.500000,0.640000,-1.228566,-0.000000,-1.228566,-0.462905,0.000000,0.462905,0.023320,-0.010819,0.030969,0.030969,0.007648,0.055270,0.066089,0.037032,0.007665,-0.000004,0.053539,0.001731,1.453953,0.000000,1.453953,1.453953,1.453953,0.726977,0.726977,0,0,1,0,0.000000,0.080000,0.008000,0.001000,7.000000,0.160000,22.000000,0.025000,0.000000
2.575000,0.500000,0.640000,-1.230881,-0.000000,-1.230881,-0.462922,0.000000,0.462922,0.023201,-0.010926,0.030969,0.030969,0.007768,0.056124,0.067050,0.037034,0.007683,0.000003,0.054376,0.001748,1.475091,0.004804,1.479895,1.479895,1.479895,0.739947,0.739947,0,0,1,0,0.000000,0.080000,0.008000,0.001000,7.000000,0.160000,22.000000,0.025000,0.000000
2.580000,0.500000,0.640000,-1.233199,-0.000000,-1.233199,-0.462968,0.000000,0.462968,0.023201,-0.010926,0.030969,0.030969,0.007768,0.056124,0.067050,0.037037,0.007702,0.000009,0.054376,0.001748,1.475091,0.000000,1.475091,1.475091,1.475091,0.737545,0.737545,0,0,1,0,0.000000,0.080000,0.008000,0.001000,7.000000,0.160000,22.000000,0.025000,0.000000
2.589000,0.500000,0.640000,-1.237846,-0.000000,-1.237846,-0.463182,0.000000,0.463182,0.023095,-0.010711,0.030969,0.030969,0.007874,0.056833,0.067543,0.037055,0.007735,0.000024,0.055119,0.001714,1.485954,0.001372,1.487326,1.487326,1.487326,0.743663,0.743663,0,0,1,0,0.000000,0.080000,0.008000,0.001000,7.000000,0.160000,22.000000,0.025000,0.000000
2.594000,0.500000,0.640000,-1.240176,-0.000000,-1.240176,-0.463339,0.000000,0.463339,0.023006,-0.010217,0.030969,0.030969,0.007963,0.057374,0.067591,0.037067,0.007754,0.000032,0.055740,0.001635,1.487000,0.000238,1.487238,1.487238,1.487238,0.743619,0.743619,0,0,1,0,0.000000,0.080000,0.008000,0.001000,7.000000,0.160000,22.000000,0.025000,0.000000
2.599000,0.500000,0.640000,-1.242511,-0.000000,-1.242511,-0.463534,0.000000,0.463534,0.023006,-0.010217,0.030969,0.030969,0.007963,0.057374,0.067591,0.037083,0.007772,0.000039,0.055740,0.001635,1.487000,0.000000,1.487000,1.487000,1.487000,0.743500,0.743500,0,0,1,0,0.000000,0.080000,0.008000,0.001000,7.000000,0.160000,22.000000,0.025000,0.000000
2.604000,0.500000,0.640000,-1.244849,-0.000000,-1.244849,-0.463763,0.000000,0.463763,0.022935,-0.009453,0.030969,0.030969,0.008033,0.057746,0.067199,0.037101,0.007791,0.000046,0.056233,0.001513,1.478385,-0.001958,1.476427,1.476427,1.476427,0.738214,0.738214,0,0,1,0,0.000000,0.080000,0.008000,0.001000,7.000000,0.160000,22.000000,0.025000,0.000000
2.609000,0.500000,0.640000,-1.247192,-0.000000,-1.247192,-0.464023,0.000000,0.464023,0.022935,-0.009453,0.030969,0.030969,0.008033,0.057746,0.067199,0.037122,0.007809,0.000052,0.056233,0.001513,1.478385,0.000000,1.478385,1.478385,1.478385,0.739193,0.739193,0,0,1,0,0.000000,0.080000,0.008000,0.001000,7.000000,0.160000,22.000000,0.025000,0.000000
2.614000,0.500000,0.640000,-1.249539,-0.000000,-1.249539,-0.464306,0.000000,0.464306,0.022882,-0.008540,0.030969,0.030969,0.008086,0.057971,0.066511,0.037144,0.007828,0.000057,0.056604,0.001366,1.463245,-0.003441,1.459804,1.459804,1.459804,0.729902,0.729902,0,0,1,0,0.000000,0.080000,0.008000,0.001000,7.000000,0.160000,22.000000,0.025000,0.000000
2.619000,0.500000,0.640000,-1.251890,-0.000000,-1.251890,-0.464611,0.000000,0.464611,0.022882,-0.008540,0.030969,0.030969,0.008086,0.057971,0.066511,0.037169,0.007846,0.000061,0.056604,0.001366,1.463245,0.000000,1.463245,1.463245,1.463245,0.731623,0.731623,0,0,1,0,0.000000,0.080000,0.008000,0.001000,7.000000,0.160000,22.000000,0.025000,0.000000
2.624000,0.500000,0.640000,-1.254243,-0.000000,-1.254243,-0.464926,0.000000,0.464926,0.022842,-0.007613,0.030969,0.030969,0.008127,0.058104,0.065718,0.037194,0.007865,0.000063,0.056886,0.001218,1.445785,-0.003968,1.441817,1.441817,1.441817,0.720908,0.720908,0,0,1,0,0.000000,0.080000,0.008000,0.001000,7.000000,0.160000,22.000000,0.025000,0.000000
2.629000,0.500000,0.640000,-1.256599,-0.000000,-1.256599,-0.465251,0.000000,0.465251,0.022842,-0.007613,0.030969,0.030969,0.008127,0.058104,0.065718,0.037220,0.007884,0.000065,0.056886,0.001218,1.445785,0.000000,1.445785,1.445785,1.445785,0.722893,0.722893,0,0,1,0,0.000000,0.080000,0.008000,0.001000,7.000000,0.160000,22.000000,0.025000,0.000000
2.634000,0.500000,0.640000,-1.258957,-0.000000,-1.258957,-0.465575,0.000000,0.465575,0.022808,-0.006800,0.030969,0.030969,0.008160,0.058211,0.065011,0.037246,0.007902,0.000065,0.057123,0.001088,1.430237,-0.003534,1.426703,1.426703,1.426703,0.713352,0.713352,0,0,1,0,0.000000,0.080000,0.008000,0.001000,7.000000,0.160000,22.000000,0.025000,0.000000
2.639000,0.500000,0.640000,-1.261317,-0.000000,-1.261317,-0.465899,0.000000,0.465899,0.022808,-0.006800,0.030969,0.030969,0.008160,0.058211,0.065011,0.037272,0.007921,0.000065,0.057123,0.001088,1.430237,0.000000,1.430237,1.430237,1.430237,0.715118,0.715118,0,0,1,0,0.000000,0.080000,0.008000,0.001000,7.000000,0.160000,22.000000,0.025000,0.000000
2.644000,0.500000,0.640000,-1.263677,-0.000000,-1.263677,-0.466213,0.000000,0.466213,0.022774,-0.006193,0.030969,0.030969,0.008194,0.058352,0.064546,0.037297,0.007940,0.000063,0.057361,0.000991,1.420008,-0.002325,1.417683,1.417683,1.417683,0.708842,0.708842,0,0,1,0,0.000000,0.080000,0.008000,0.001000,7.000000,0.160000,22.000000,0.025000,0.000000
2.649000,0.500000,0.640000,-1.266039,-0.000000,-1.266039,-0.466519,0.000000,0.466519,0.022774,-0.006193,0.030969,0.030969,0.008194,0.058352,0.064546,0.037322,0.007958,0.000061,0.057361,0.000991,1.420008,0.000000,1.420008,1.420008,1.420008,0.710004,0.710004,0,0,1,0,0.000000,0.080000,0.008000,0.001000,7.000000,0.160000,22.000000,0.025000,0.000000
2.658000,0.500000,0.640000,-1.270762,-0.000000,-1.270762,-0.467090,0.000000,0.467090,0.022735,-0.005840,0.030969,0.030969,0.008234,0.058573,0.064413,0.037367,0.007992,0.000063,0.057638,0.000934,1.417080,-0.000370,1.416710,1.416710,1.416710,0.708355,0.708355,0,0,1,0,0.000000,0.080000,0.008000,0.001000,7.000000,0.160000,22.000000,0.025000,0.000000
2.663000,0.500000,0.640000,-1.273124,-0.000000,-1.273124,-0.467358,0.000000,0.467358,0.022687,-0.005720,0.030969,0.030969,0.008282,0.058891,0.064611,0.037389,0.008011,0.000054,0.057976,0.000915,1.421449,0.000993,1.422442,1.422442,1.422442,0.711221,0.711221,0,0,1,0,0.000000,0.080000,0.008000,0.001000,7.000000,0.160000,22.000000,0.025000,0.000000
2.668000,0.500000,0.640000,-1.275486,-0.000000,-1.275486,-0.467613,0.000000,0.467613,0.022687,-0.005720,0.030969,0.030969,0.008282,0.058891,0.064611,0.037409,0.008029,0.000051,0.057976,0.000915,1.421449,0.000000,1.421449,1.421449,1.421449,0.710725,0.710725,0,0,1,0,0.000000,0.080000,0.008000,0.001000,7.000000,0.160000,22.000000,0.025000,0.000000
2.673000,0.500000,0.640000,-1.277849,-0.000000,-1.277849,-0.467858,0.000000,0.467858,0.022629,-0.005798,0.030969,0.030969,0.008340,0.059305,0.065103,0.037429,0.008048,0.000049,0.058377,0.000928,1.432258,0.002457,1.434715,1.434715,1.434715,0.717357,0.717357,0,0,1,0,0.000000,0.080000,0.008000,0.001000,7.000000,0.160000,22.000000,0.025000,0.000000
2.678000,0.500000,0.640000,-1.280212,-0.000000,-1.280212,-0.468093,0.000000,0.468093,0.022629,-0.005798,0.030969,0.030969,0.008340,0.059305,0.065103,0.037447,0.008067,0.000047,0.058377,0.000928,1.432258,0.000000,1.432258,1.432258,1.432258,0.716129,0.716129,0,0,1,0,0.000000,0.080000,0.008000,0.001000,7.000000,0.160000,22.000000,0.025000,0.000000
2.683000,0.500000,0.640000,-1.282575,-0.000000,-1.282575,-0.468326,0.000000,0.468326,0.022564,-0.005987,0.030969,0.030969,0.008405,0.059794,0.065781,0.037466,0.008085,0.000047,0.058836,0.000958,1.447172,0.003389,1.450561,1.450561,1.450561,0.725281,0.725281,0,0,1,0,0.000000,0.080000,0.008000,0.001000,7.000000,0.160000,22.000000,0.025000,0.000000
2.688000,0.500000,0.640000,-1.284939,-0.000000,-1.284939,-0.468555,0.000000,0.468555,0.022564,-0.005987,0.030969,0.030969,0.008405,0.059794,0.065781,0.037484,0.008104,0.000046,0.058836,0.000958,1.447172,0.000000,1.447172,1.447172,1.447172,0.723586,0.723586,0,0,1,0,0.000000,0.080000,0.008000,0.001000,7.000000,0.160000,22.000000,0.025000,0.000000
2.697000,0.500000,0.640000,-1.289672,-0.000000,-1.289672,-0.469027,0.000000,0.469027,0.022493,-0.006194,0.030969,0.030969,0.008475,0.060318,0.066512,0.037522,0.008138,0.000052,0.059327,0.000991,1.463262,0.002032,1.465294,1.465294,1.465294,0.732647,0.732647,0,0,1,0,0.000000,0.080000,0.008000,0.001000,7.000000,0.160000,22.000000,0.025000,0.000000
2.702000,0.500000,0.640000,-1.292040,-0.000000,-1.292040,-0.469267,0.000000,0.469267,0.022422,-0.006394,0.030969,0.030969,0.008547,0.060852,0.067245,0.037541,0.008157,0.000048,0.059829,0.001023,1.479400,0.003668,1.483068,1.483068,1.483068,0.741534,0.741534,0,0,1,0,0.000000,0.080000,0.008000,0.001000,7.000000,0.160000,22.000000,0.025000,0.000000
2.707000,0.500000,0.640000,-1.294411,-0.000000,-1.294411,-0.469518,0.000000,0.469518,0.022422,-0.006394,0.030969,0.030969,0.008547,0.060852,0.067245,0.037561,0.008175,0.000050,0.059829,0.001023,1.479400,0.000000,1.479400,1.479400,1.479400,0.739700,0.739700,0,0,1,0,0.000000,0.080000,0.008000,0.001000,7.000000,0.160000,22.000000,0.025000,0.000000
2.712000,0.500000,0.640000,-1.296784,-0.000000,-1.296784,-0.469787,0.000000,0.469787,0.022352,-0.006437,0.030969,0.030969,0.008617,0.061346,0.067783,0.037583,0.008194,0.000054,0.060316,0.001030,1.491225,0.002687,1.493912,1.493912,1.493912,0.746956,0.746956,0,0,1,0,0.000000,0.080000,0.008000,0.001000,7.000000,0.160000,22.000000,0.025000,0.000000
2.717000,0.500000,0.640000,-1.299160,-0.000000,-1.299160,-0.470072,0.000000,0.470072,0.022352,-0.006437,0.030969,0.030969,0.008617,0.061346,0.067783,0.037606,0.008213,0.000057,0.060316,0.001030,1.491225,0.000000,1.491225,1.491225,1.491225,0.745612,0.745612,0,0,1,0,0.000000,0.080000,0.008000,0.001000,7.000000,0.160000,22.000000,0.025000,0.000000
2.722000,0.500000,0.640000,-1.301540,-0.000000,-1.301540,-0.470377,0.000000,0.470377,0.022290,-0.006300,0.030969,0.030969,0.008678,0.061756,0.068056,0.037630,0.008232,0.000061,0.060748,0.001008,1.497234,0.001366,1.498600,1.498600,1.498600,0.749300,0.749300,0,0,1,0,0.000000,0.080000,0.008000,0.001000,7.000000,0.160000,22.000000,0.025000,0.000000
2.727000,0.500000,0.640000,-1.303923,-0.000000,-1.303923,-0.470700,0.000000,0.470700,0.022290,-0.006300,0.030969,0.030969,0.008678,0.061756,0.068056,0.037656,0.008251,0.000065,0.060748,0.001008,1.497234,0.000000,1.497234,1.497234,1.497234,0.748617,0.748617,0,0,1,0,0.000000,0.080000,0.008000,0.001000,7.000000,0.160000,22.000000,0.025000,0.000000
2.732000,0.500000,0.640000,-1.306309,-0.000000,-1.306309,-0.471041,0.000000,0.471041,0.022239,-0.005993,0.030969,0.030969,0.008730,0.062069,0.068062,0.037683,0.008270,0.000068,0.061110,0.000959,1.497364,0.000030,1.497394,1.497394,1.497394,0.748697,0.748697,0,0,1,0,0.000000,0.080000,0.008000,0.001000,7.000000,0.160000,22.000000,0.025000,0.000000
2.737000,0.500000,0.640000,-1.308699,-0.000000,-1.308699,-0.471400,0.000000,0.471400,0.022239,-0.005993,0.030969,0.030969,0.008730,0.062069,0.068062,0.037712,0.008288,0.000072,0.061110,0.000959,1.497364,0.000000,1.497364,1.497364,1.497364,0.748682,0.748682,0,0,1,0,0.000000,0.080000,0.008000,0.001000,7.000000,0.160000,22.000000,0.025000,0.000000
2.742000,0.500000,0.640000,-1.311092,-0.000000,-1.311092,-0.471772,0.000000,0.471772,0.022197,-0.005562,0.030969,0.030969,0.008771,0.062290,0.067851,0.037742,0.008307,0.000075,0.061400,0.000890,1.492733,-0.001053,1.491680,1.491680,1.491680,0.745840,0.745840,0,0,1,0,0.000000,0.080000,0.008000,0.001000,7.000000,0.160000,22.000000,0.025000,0.000000
2.751000,0.500000,0.640000,-1.315887,-0.000000,-1.315887,-0.472552,0.000000,0.472552,0.022164,-0.005072,0.030969,0.030969,0.008804,0.062441,0.067513,0.037804,0.008341,0.000087,0.061630,0.000812,1.485295,-0.000939,1.484355,1.484355,1.484355,0.742178,0.742178,0,0,1,0,0.000000,0.080000,0.008000,0.001000,7.000000,0.160000,22.000000,0.025000,0.000000
2.756000,0.500000,0.640000,-1.318289,-0.000000,-1.318289,-0.472953,0.000000,0.472953,0.022164,-0.005072,0.030969,0.030969,0.008804,0.062441,0.067513,0.037836,0.008360,0.000080,0.061630,0.000812,1.485295,0.000000,1.485295,1.485295,1.485295,0.742647,0.742647,0,0,1,0,0.000000,0.080000,0.008000,0.001000,7.000000,0.160000,22.000000,0.025000,0.000000
2.761000,0.500000,0.640000,-1.320693,-0.000000,-1.320693,-0.473356,0.000000,0.473356,0.022137,-0.004598,0.030969,0.030969,0.008832,0.062556,0.067154,0.037868,0.008379,0.000081,0.061821,0.000736,1.477398,-0.001795,1.475604,1.475604,1.475604,0.737802,0.737802,0,0,1,0,0.000000,0.080000,0.008000,0.001000,7.000000,0.160000,22.000000,0.025000,0.000000
2.766000,0.500000,0.640000,-1.323099,-0.000000,-1.323099,-0.473760,0.000000,0.473760,0.022137,-0.004598,0.030969,0.030969,0.008832,0.062556,0.067154,0.037901,0.008398,0.000081,0.061821,0.000736,1.477398,0.000000,1.477398,1.477398,1.477398,0.738699,0.738699,0,0,1,0,0.000000,0.080000,0.008000,0.001000,7.000000,0.160000,22.000000,0.025000,0.000000
2.771000,0.500000,0.640000,-1.325507,-0.000000,-1.325507,-0.474160,0.000000,0.474160,0.022112,-0.004203,0.030969,0.030969,0.008856,0.062668,0.066871,0.037933,0.008417,0.000080,0.061995,0.000672,1.471153,-0.001419,1.469733,1.469733,1.469733,0.734867,0.734867,0,0,1,0,0.000000,0.080000,0.008000,0.001000,7.000000,0.160000,22.000000,0.025000,0.000000
2.776000,0.500000,0.640000,-1.327917,-0.000000,-1.327917,-0.474557,0.000000,0.474557,0.022112,-0.004203,0.030969,0.030969,0.008856,0.062668,0.066871,0.037965,0.008436,0.000079,0.061995,0.000672,1.471153,0.000000,1.471153,1.471153,1.471153,0.735576,0.735576,0,0,1,0,0.000000,0.080000,0.008000,0.001000,7.000000,0.160000,22.000000,0.025000,0.000000
2.781000,0.500000,0.640000,-1.327917,-0.000000,-1.327917,-0.474557,0.000000,0.474557,0.022086,-0.003928,0.030969,0.030969,0.008883,0.062807,0.066735,0.037965,0.008455,0.000000,0.062178,0.000628,1.468159,-0.000680,1.467479,1.467479,1.467479,0.733739,0.733739,0,0,1,0,0.000000,0.080000,0.008000,0.001000,7.000000,0.160000,22.000000,0.025000,0.000000
2.790000,0.500000,0.640000,-1.332741,-0.000000,-1.332741,-0.475327,0.000000,0.475327,0.022056,-0.003788,0.030969,0.030969,0.008912,0.062993,0.066781,0.038026,0.008489,0.000086,0.062387,0.000606,1.469187,0.000130,1.469316,1.469316,1.469316,0.734658,0.734658,0,0,1,0,0.000000,0.080000,0.008000,0.001000,7.000000,0.160000,22.000000,0.025000,0.000000
2.795000,0.500000,0.640000,-1.335154,-0.000000,-1.335154,-0.475700,0.000000,0.475700,0.022056,-0.003788,0.030969,0.030969,0.008912,0.062993,0.066781,0.038056,0.008508,0.000074,0.062387,0.000606,1.469187,0.000000,1.469187,1.469187,1.469187,0.734593,0.734593,0,0,1,0,0.000000,0.080000,0.008000,0.001000,7.000000,0.160000,22.000000,0.025000,0.000000
2.800000,0.500000,0.640000,-1.337569,-0.000000,-1.337569,-0.476063,0.000000,0.476063,0.022056,-0.003788,0.030969,0.030969,0.008912,0.062993,0.066781,0.038085,0.008527,0.000073,0.062387,0.000606,1.469187,0.000000,1.469187,1.469187,1.469187,0.734593,0.734593,0,0,1,0,0.000000,0.080000,0.008000,0.001000,7.000000,0.160000,22.000000,0.025000,0.000000
2.805000,0.500000,0.640000,-1.339984,-0.000000,-1.339984,-0.476419,0.000000,0.476419,0.022022,-0.003774,0.030969,0.030969,0.008947,0.063234,0.067009,0.038113,0.008546,0.000071,0.062630,0.000604,1.474189,0.001137,1.475325,1.475325,1.475325,0.737663,0.737663,0,0,1,0,0.000000,0.080000,0.008000,0.001000,7.000000,0.160000,22.000000,0.025000,0.000000
2.810000,0.500000,0.640000,-1.342401,-0.000000,-1.342401,-0.476766,0.000000,0.476766,0.022022,-0.003774,0.030969,0.030969,0.008947,0.063234,0.067009,0.038141,0.008565,0.000069,0.062630,0.000604,1.474189,0.000000,1.474189,1.474189,1.474189,0.737094,0.737094,0,0,1,0,0.000000,0.080000,0.008000,0.001000,7.000000,0.160000,22.000000,0.025000,0.000000
2.815000,0.500000,0.640000,-1.344818,-0.000000,-1.344818,-0.477105,0.000000,0.477105,0.021981,-0.003866,0.030969,0.030969,0.008987,0.063530,0.067396,0.038168,0.008585,0.000068,0.062911,0.000619,1.482712,0.001937,1.484649,1.484649,1.484649,0.742324,0.742324,0,0,1,0,0.000000,0.080000,0.008000,0.001000,7.000000,0.160000,22.000000,0.025000,0.000000
2.820000,0.500000,0.640000,-1.347236,-0.000000,-1.347236,-0.477439,0.000000,0.477439,0.021981,-0.003866,0.030969,0.030969,0.008987,0.063530,0.067396,0.038195,0.008604,0.000067,0.062911,0.000619,1.482712,0.000000,1.482712,1.482712,1.482712,0.741356,0.741356,0,0,1,0,0.000000,0.080000,0.008000,0.001000,7.000000,0.160000,22.000000,0.025000,0.000000
2.829000,0.500000,0.640000,-1.352078,-0.000000,-1.352078,-0.478106,0.000000,0.478106,0.021937,-0.003991,0.030969,0.030969,0.009032,0.063861,0.067851,0.038248,0.008638,0.000074,0.063222,0.000639,1.492730,0.001265,1.493995,1.493995,1.493995,0.746998,0.746998,0,0,1,0,0.000000,0.080000,0.008000,0.001000,7.000000,0.160000,22.000000,0.025000,0.000000
2.834000,0.500000,0.640000,-1.354501,-0.000000,-1.354501,-0.478436,0.000000,0.478436,0.021891,-0.004135,0.030969,0.030969,0.009078,0.064209,0.068344,0.038275,0.008657,0.000066,0.063547,0.000662,1.503563,0.002462,1.506025,1.506025,1.506025,0.753013,0.753013,0,0,1,0,0.000000,0.080000,0.008000,0.001000,7.000000,0.160000,22.000000,0.025000,0.000000
2.839000,0.500000,0.640000,-1.356926,-0.000000,-1.356926,-0.478769,0.000000,0.478769,0.021891,-0.004135,0.030969,0.030969,0.009078,0.064209,0.068344,0.038302,0.008676,0.000067,0.063547,0.000662,1.503563,0.000000,1.503563,1.503563,1.503563,0.751782,0.751782,0,0,1,0,0.000000,0.080000,0.008000,0.001000,7.000000,0.160000,22.000000,0.025000,0.000000
2.844000,0.500000,0.640000,-1.359353,-0.000000,-1.359353,-0.479112,0.000000,0.479112,0.021844,-0.004203,0.030969,0.030969,0.009125,0.064545,0.068747,0.038329,0.008695,0.000068,0.063872,0.000672,1.512445,0.002018,1.514463,1.514463,1.514463,0.757232,0.757232,0,0,1,0,0.000000,0.080000,0.008000,0.001000,7.000000,0.160000,22.000000,0.025000,0.000000
2.849000,0.500000,0.640000,-1.361782,-0.000000,-1.361782,-0.479460,0.000000,0.479460,0.021844,-0.004203,0.030969,0.030969,0.009125,0.064545,0.068747,0.038357,0.008715,0.000070,0.063872,0.000672,1.512445,0.000000,1.512445,1.512445,1.512445,0.756222,0.756222,0,0,1,0,0.000000,0.080000,0.008000,0.001000,7.000000,0.160000,22.000000,0.025000,0.000000
2.854000,0.500000,0.640000,-1.364214,-0.000000,-1.364214,-0.479819,0.000000,0.479819,0.021801,-0.004172,0.030969,0.030969,0.009167,0.064839,0.069011,0.038386,0.008734,0.000072,0.064172,0.000667,1.518245,0.001318,1.519564,1.519564,1.519564,0.759782,0.759782,0,0,1,0,0.000000,0.080000,0.008000,0.001000,7.000000,0.160000,22.000000,0.025000,0.000000
2.859000,0.500000,0.640000,-1.366649,-0.000000,-1.366649,-0.480187,0.000000,0.480187,0.021801,-0.004172,0.030969,0.030969,0.009167,0.064839,0.069011,0.038415,0.008753,0.000074,0.064172,0.000667,1.518245,0.000000,1.518245,1.518245,1.518245,0.759123,0.759123,0,0,1,0,0.000000,0.080000,0.008000,0.001000,7.000000,0.160000,22.000000,0.025000,0.000000
2.868000,0.500000,0.640000,-1.371527,-0.000000,-1.371527,-0.480952,0.000000,0.480952,0.021764,-0.004040,0.030969,0.030969,0.009205,0.065081,0.069120,0.038476,0.008788,0.000085,0.064434,0.000646,1.520643,0.000303,1.520946,1.520946,1.520946,0.760473,0.760473,0,0,1,0,0.000000,0.080000,0.008000,0.001000,7.000000,0.160000,22.000000,0.025000,0.000000
2.873000,0.500000,0.640000,-1.373970,-0.000000,-1.373970,-0.481346,0.000000,0.481346,0.021732,-0.003834,0.030969,0.030969,0.009237,0.065270,0.069104,0.038508,0.008807,0.000079,0.064657,0.000613,1.520285,-0.000081,1.520204,1.520204,1.520204,0.760102,0.760102,0,0,1,0,0.000000,0.080000,0.008000,0.001000,7.000000,0.160000,22.000000,0.025000,0.000000
2.878000,0.500000,0.640000,-1.376416,-0.000000,-1.376416,-0.481747,0.000000,0.481747,0.021732,-0.003834,0.030969,0.030969,0.009237,0.065270,0.069104,0.038540,0.008826,0.000080,0.064657,0.000613,1.520285,0.000000,1.520285,1.520285,1.520285,0.760143,0.760143,0,0,1,0,0.000000,0.080000,0.008000,0.001000,7.000000,0.160000,22.000000,0.025000,0.000000
2.883000,0.500000,0.640000,-1.378864,-0.000000,-1.378864,-0.482155,0.000000,0.482155,0.021705,-0.003575,0.030969,0.030969,0.009263,0.065416,0.068991,0.038572,0.008846,0.000081,0.064844,0.000572,1.517805,-0.000564,1.517241,1.517241,1.517241,0.758621,0.758621,0,0,1,0,0.000000,0.080000,0.008000,0.001000,7.000000,0.160000,22.000000,0.025000,0.000000
2.888000,0.500000,0.640000,-1.381315,-0.000000,-1.381315,-0.482567,0.000000,0.482567,0.021705,-0.003575,0.030969,0.030969,0.009263,0.065416,0.068991,0.038605,0.008865,0.000082,0.064844,0.000572,1.517805,0.000000,1.517805,1.517805,1.517805,0.758903,0.758903,0,0,1,0,0.000000,0.080000,0.008000,0.001000,7.000000,0.160000,22.000000,0.025000,0.000000
2.893000,0.500000,0.640000,-1.383769,-0.000000,-1.383769,-0.482981,0.000000,0.482981,0.021682,-0.003305,0.030969,0.030969,0.009286,0.065532,0.068837,0.038638,0.008884,0.000083,0.065004,0.000529,1.514422,-0.000769,1.513653,1.513653,1.513653,0.756827,0.756827,0,0,1,0,0.000000,0.080000,0.008000,0.001000,7.000000,0.160000,22.000000,0.025000,0.000000
2.898000,0.500000,0.640000,-1.386224,-0.000000,-1.386224,-0.483396,0.000000,0.483396,0.021682,-0.003305,0.030969,0.030969,0.009286,0.065532,0.068837,0.038672,0.008903,0.000083,0.065004,0.000529,1.514422,0.000000,1.514422,1.514422,1.514422,0.757211,0.757211,0,0,1,0,0.000000,0.080000,0.008000,0.001000,7.000000,0.160000,22.000000,0.025000,0.000000
2.903000,0.500000,0.640000,-1.388682,-0.000000,-1.388682,-0.483811,0.000000,0.483811,0.021662,-0.003063,0.030969,0.030969,0.009307,0.065638,0.068701,0.038705,0.008923,0.000083,0.065148,0.000490,1.511424,-0.000682,1.510742,1.510742,1.510742,0.755371,0.755371,0,0,1,0,0.000000,0.080000,0.008000,0.001000,7.000000,0.160000,22.000000,0.025000,0.000000
2.908000,0.500000,0.640000,-1.391142,-0.000000,-1.391142,-0.484224,0.000000,0.484224,0.021662,-0.003063,0.030969,0.030969,0.009307,0.065638,0.068701,0.038738,0.008942,0.000083,0.065148,0.000490,1.511424,0.000000,1.511424,1.511424,1.511424,0.755712,0.755712,0,0,1,0,0.000000,0.080000,0.008000,0.001000,7.000000,0.160000,22.000000,0.025000,0.000000
2.913000,0.500000,0.640000,-1.393603,-0.000000,-1.393603,-0.484633,0.000000,0.484633,0.021641,-0.002879,0.030969,0.030969,0.009327,0.065752,0.068631,0.038771,0.008962,0.000082,0.065291,0.000461,1.509880,-0.000351,1.509529,1.509529,1.509529,0.754764,0.754764,0,0,1,0,0.000000,0.080000,0.008000,0.001000,7.000000,0.160000,22.000000,0.025000,0.000000
2.922000,0.500000,0.640000,-1.398530,-0.000000,-1.398530,-0.485437,0.000000,0.485437,0.021619,-0.002769,0.030969,0.030969,0.009349,0.065888,0.068657,0.038835,0.008997,0.000089,0.065445,0.000443,1.510455,0.000073,1.510527,1.510527,1.510527,0.755264,0.755264,0,0,1,0,0.000000,0.080000,0.008000,0.001000,7.000000,0.160000,22.000000,0.025000,0.000000
2.927000,0.500000,0.640000,-1.400996,-0.000000,-1.400996,-0.485831,0.000000,0.485831,0.021619,-0.002769,0.030969,0.030969,0.009349,0.065888,0.068657,0.038867,0.009016,0.000079,0.065445,0.000443,1.510455,0.000000,1.510455,1.510455,1.510455,0.755227,0.755227,0,0,1,0,0.000000,0.080000,0.008000,0.001000,7.000000,0.160000,22.000000,0.025000,0.000000
2.935000,0.500000,0.640000,-1.403464,-0.000000,-1.403464,-0.486220,0.000000,0.486220,0.021595,-0.002735,0.030969,0.030969,0.009374,0.066054,0.068789,0.038898,0.009047,0.000049,0.065617,0.000438,1.513353,0.000412,1.513765,1.513765,1.513765,0.756883,0.756883,0,0,1,0,0.000000,0.080000,0.008000,0.001000,7.000000,0.160000,22.000000,0.025000,0.000000
2.940000,0.500000,0.640000,-1.405933,-0.000000,-1.405933,-0.486604,0.000000,0.486604,0.021595,-0.002735,0.030969,0.030969,0.009374,0.066054,0.068789,0.038928,0.009067,0.000077,0.065617,0.000438,1.513353,0.000000,1.513353,1.513353,1.513353,0.756677,0.756677,0,0,1,0,0.000000,0.080000,0.008000,0.001000,7.000000,0.160000,22.000000,0.025000,0.000000
2.945000,0.500000,0.640000,-1.408403,-0.000000,-1.408403,-0.486982,0.000000,0.486982,0.021567,-0.002770,0.030969,0.030969,0.009401,0.066254,0.069024,0.038959,0.009086,0.000076,0.065810,0.000443,1.518526,0.001176,1.519702,1.519702,1.519702,0.759851,0.759851,0,0,1,0,0.000000,0.080000,0.008000,0.001000,7.000000,0.160000,22.000000,0.025000,0.000000
2.950000,0.500000,0.640000,-1.410875,-0.000000,-1.410875,-0.487356,0.000000,0.487356,0.021567,-0.002770,0.030969,0.030969,0.009401,0.066254,0.069024,0.038988,0.009106,0.000075,0.065810,0.000443,1.518526,0.000000,1.518526,1.518526,1.518526,0.759263,0.759263,0,0,1,0,0.000000,0.080000,0.008000,0.001000,7.000000,0.160000,22.000000,0.025000,0.000000
2.955000,0.500000,0.640000,-1.413348,-0.000000,-1.413348,-0.487725,0.000000,0.487725,0.021536,-0.002855,0.030969,0.030969,0.009432,0.066483,0.069337,0.039018,0.009125,0.000074,0.066026,0.000457,1.525416,0.001566,1.526982,1.526982,1.526982,0.763491,0.763491,0,0,1,0,0.000000,0.080000,0.008000,0.001000,7.000000,0.160000,22.000000,0.025000,0.000000
2.964000,0.500000,0.640000,-1.418299,-0.000000,-1.418299,-0.488461,0.000000,0.488461,0.021504,-0.002935,0.030969,0.030969,0.009465,0.066725,0.069660,0.039077,0.009160,0.000082,0.066255,0.000470,1.532518,0.000897,1.533415,1.533415,1.533415,0.766708,0.766708,0,0,1,0,0.000000,0.080000,0.008000,0.001000,7.000000,0.160000,22.000000,0.025000,0.000000
2.969000,0.500000,0.640000,-1.420778,-0.000000,-1.420778,-0.488831,0.000000,0.488831,0.021504,-0.002935,0.030969,0.030969,0.009465,0.066725,0.069660,0.039106,0.009180,0.000074,0.066255,0.000470,1.532518,0.000000,1.532518,1.532518,1.532518,0.766259,0.766259,0,0,1,0,0.000000,0.080000,0.008000,0.001000,7.000000,0.160000,22.000000,0.025000,0.000000
2.974000,0.500000,0.640000,-1.423258,-0.000000,-1.423258,-0.489205,0.000000,0.489205,0.021471,-0.002982,0.030969,0.030969,0.009497,0.066960,0.069942,0.039136,0.009199,0.000075,0.066482,0.000477,1.538716,0.001408,1.540124,1.540124,1.540124,0.770062,0.770062,0,0,1,0,0.000000,0.080000,0.008000,0.001000,7.000000,0.160000,22.000000,0.025000,0.000000
2.979000,0.500000,0.640000,-1.425741,-0.000000,-1.425741,-0.489581,0.000000,0.489581,0.021471,-0.002982,0.030969,0.030969,0.009497,0.066960,0.069942,0.039166,0.009219,0.000075,0.066482,0.000477,1.538716,0.000000,1.538716,1.538716,1.538716,0.769358,0.769358,0,0,1,0,0.000000,0.080000,0.008000,0.001000,7.000000,0.160000,22.000000,0.025000,0.000000
2.984000,0.500000,0.640000,-1.428226,-0.000000,-1.428226,-0.489962,0.000000,0.489962,0.021440,-0.002981,0.030969,0.030969,0.009528,0.067176,0.070157,0.039197,0.009238,0.000076,0.066699,0.000477,1.543459,0.001078,1.544537,1.544537,1.544537,0.772269,0.772269,0,0,1,0,0.000000,0.080000,0.008000,0.001000,7.000000,0.160000,22.000000,0.025000,0.000000
2.989000,0.500000,0.640000,-1.430714,-0.000000,-1.430714,-0.490347,0.000000,0.490347,0.021440,-0.002981,0.030969,0.030969,0.009528,0.067176,0.070157,0.039228,0.009258,0.000077,0.066699,0.000477,1.543459,0.000000,1.543459,1.543459,1.543459,0.771729,0.771729,0,0,1,0,0.000000,0.080000,0.008000,0.001000,7.000000,0.160000,22.000000,0.025000,0.000000
2.994000,0.500000,0.640000,-1.433204,-0.000000,-1.433204,-0.490738,0.000000,0.490738,0.021412,-0.002927,0.030969,0.030969,0.009557,0.067366,0.070293,0.039259,0.009278,0.000078,0.066898,0.000468,1.546453,0.000681,1.547134,1.547134,1.547134,0.773567,0.773567,0,0,1,0,0.000000,0.080000,0.008000,0.001000,7.000000,0.160000,22.000000,0.025000,0.000000
2.999000,0.500000,0.640000,-1.435696,-0.000000,-1.435696,-0.491133,0.000000,0.491133,0.021412,-0.002927,0.030969,0.030969,0.009557,0.067366,0.070293,0.039291,0.009297,0.000079,0.066898,0.000468,1.546453,0.000000,1.546453,1.546453,1.546453,0.773227,0.773227,0,0,1,0,0.000000,0.080000,0.008000,0.001000,7.000000,0.160000,22.000000,0.025000,0.000000
3.004000,0.500000,0.640000,-1.438190,-0.000000,-1.438190,-0.491533,0.000000,0.491533,0.021387,-0.002826,0.030969,0.030969,0.009582,0.067528,0.070354,0.039323,0.009317,0.000080,0.067075,0.000452,1.547791,0.000304,1.548095,1.548095,1.548095,0.774048,0.774048,0,0,1,0,0.000000,0.080000,0.008000,0.001000,7.000000,0.160000,22.000000,0.025000,0.000000
3.013000,0.500000,0.640000,-1.443187,-0.000000,-1.443187,-0.492344,0.000000,0.492344,0.021364,-0.002695,0.030969,0.030969,0.009605,0.067664,0.070359,0.039388,0.009352,0.000090,0.067233,0.000431,1.547888,0.000012,1.547900,1.547900,1.547900,0.773950,0.773950,0,0,1,0,0.000000,0.080000,0.008000,0.001000,7.000000,0.160000,22.000000,0.025000,0.000000
3.018000,0.500000,0.640000,-1.445689,-0.000000,-1.445689,-0.492754,0.000000,0.492754,0.021364,-0.002695,0.030969,0.030969,0.009605,0.067664,0.070359,0.039420,0.009372,0.000082,0.067233,0.000431,1.547888,0.000000,1.547888,1.547888,1.547888,0.773944,0.773944,0,0,1,0,0.000000,0.080000,0.008000,0.001000,7.000000,0.160000,22.000000,0.025000,0.000000
3.023000,0.500000,0.640000,-1.448193,-0.000000,-1.448193,-0.493166,0.000000,0.493166,0.021344,-0.002551,0.030969,0.030969,0.009625,0.067782,0.070333,0.039453,0.009392,0.000082,0.067374,0.000408,1.547336,-0.000125,1.547210,1.547210,1.547210,0.773605,0.773605,0,0,1,0,0.000000,0.080000,0.008000,0.001000,7.000000,0.160000,22.000000,0.025000,0.000000
3.028000,0.500000,0.640000,-1.450699,-0.000000,-1.450699,-0.493579,0.000000,0.493579,0.021344,-0.002551,0.030969,0.030969,0.009625,0.067782,0.070333,0.039486,0.009412,0.000083,0.067374,0.000408,1.547336,0.000000,1.547336,1.547336,1.547336,0.773668,0.773668,0,0,1,0,0.000000,0.080000,0.008000,0.001000,7.000000,0.160000,22.000000,0.025000,0.000000
3.033000,0.500000,0.640000,-1.453207,-0.000000,-1.453207,-0.493991,0.000000,0.493991,0.021325,-0.002419,0.030969,0.030969,0.009644,0.067893,0.070311,0.039519,0.009431,0.000082,0.067506,0.000387,1.546851,-0.000110,1.546741,1.546741,1.546741,0.773371,0.773371,0,0,1,0,0.000000,0.080000,0.008000,0.001000,7.000000,0.160000,22.000000,0.025000,0.000000
3.038000,0.500000,0.640000,-1.455718,-0.000000,-1.455718,-0.494403,0.000000,0.494403,0.021325,-0.002419,0.030969,0.030969,0.009644,0.067893,0.070311,0.039552,0.009451,0.000082,0.067506,0.000387,1.546851,0.000000,1.546851,1.546851,1.546851,0.773426,0.773426,0,0,1,0,0.000000,0.080000,0.008000,0.001000,7.000000,0.160000,22.000000,0.025000,0.000000
3.043000,0.500000,0.640000,-1.458230,-0.000000,-1.458230,-0.494813,0.000000,0.494813,0.021307,-0.002314,0.030969,0.030969,0.009662,0.068006,0.070320,0.039585,0.009471,0.000082,0.067636,0.000370,1.547034,0.000042,1.547075,1.547075,1.547075,0.773538,0.773538,0,0,1,0,0.000000,0.080000,0.008000,0.001000,7.000000,0.160000,22.000000,0.025000,0.000000
3.052000,0.500000,0.640000,-1.463260,-0.000000,-1.463260,-0.495626,0.000000,0.495626,0.021287,-0.002247,0.030969,0.030969,0.009681,0.068129,0.070377,0.039650,0.009507,0.000090,0.067770,0.000360,1.548285,0.000158,1.548442,1.548442,1.548442,0.774221,0.774221,0,0,1,0,0.000000,0.080000,0.008000,0.001000,7.000000,0.160000,22.000000,0.025000,0.000000
3.057000,0.500000,0.640000,-1.465778,-0.000000,-1.465778,-0.496029,0.000000,0.496029,0.021287,-0.002247,0.030969,0.030969,0.009681,0.068129,0.070377,0.039682,0.009527,0.000081,0.067770,0.000360,1.548285,0.000000,1.548285,1.548285,1.548285,0.774142,0.774142,0,0,1,0,0.000000,0.080000,0.008000,0.001000,7.000000,0.160000,22.000000,0.025000,0.000000
3.062000,0.500000,0.640000,-1.468297,-0.000000,-1.468297,-0.496429,0.000000,0.496429,0.021267,-0.002221,0.030969,0.030969,0.009702,0.068268,0.070489,0.039714,0.009546,0.000080,0.067913,0.000355,1.550753,0.000561,1.551315,1.551315,1.551315,0.775657,0.775657,0,0,1,0,0.000000,0.080000,0.008000,0.001000,7.000000,0.160000,22.000000,0.025000,0.000000
3.067000,0.500000,0.640000,-1.470818,-0.000000,-1.470818,-0.496826,0.000000,0.496826,0.021267,-0.002221,0.030969,0.030969,0.009702,0.068268,0.070489,0.039746,0.009566,0.000079,0.067913,0.000355,1.550753,0.000000,1.550753,1.550753,1.550753,0.775377,0.775377,0,0,1,0,0.000000,0.080000,0.008000,0.001000,7.000000,0.160000,22.000000,0.025000,0.000000
3.072000,0.500000,0.640000,-1.473341,-0.000000,-1.473341,-0.497221,0.000000,0.497221,0.021245,-0.002228,0.030969,0.030969,0.009724,0.068423,0.070651,0.039778,0.009586,0.000079,0.068066,0.000356,1.554318,0.000810,1.555128,1.555128,1.555128,0.777564,0.777564,0,0,1,0,0.000000,0.080000,0.008000,0.001000,7.000000,0.160000,22.000000,0.025000,0.000000
3.077000,0.500000,0.640000,-1.475866,-0.000000,-1.475866,-0.497613,0.000000,0.497613,0.021245,-0.002228,0.030969,0.030969,0.009724,0.068423,0.070651,0.039809,0.009606,0.000078,0.068066,0.000356,1.554318,0.000000,1.554318,1.554318,1.554318,0.777159,0.777159,0,0,1,0,0.000000,0.080000,0.008000,0.001000,7.000000,0.160000,22.000000,0.025000,0.000000
3.082000,0.500000,0.640000,-1.478392,-0.000000,-1.478392,-0.498004,0.000000,0.498004,0.021222,-0.002257,0.030969,0.030969,0.009747,0.068591,0.070848,0.039840,0.009626,0.000078,0.068230,0.000361,1.558652,0.000985,1.559637,1.559637,1.559637,0.779819,0.779819,0,0,1,0,0.000000,0.080000,0.008000,0.001000,7.000000,0.160000,22.000000,0.025000,0.000000
3.091000,0.500000,0.640000,-1.483451,-0.000000,-1.483451,-0.498784,0.000000,0.498784,0.021197,-0.002293,0.030969,0.030969,0.009771,0.068767,0.071060,0.039903,0.009662,0.000087,0.068400,0.000367,1.563312,0.000588,1.563900,1.563900,1.563900,0.781950,0.781950,0,0,1,0,0.000000,0.080000,0.008000,0.001000,7.000000,0.160000,22.000000,0.025000,0.000000
3.096000,0.500000,0.640000,-1.485983,-0.000000,-1.485983,-0.499173,0.000000,0.499173,0.021197,-0.002293,0.030969,0.030969,0.009771,0.068767,0.071060,0.039934,0.009682,0.000078,0.068400,0.000367,1.563312,0.000000,1.563312,1.563312,1.563312,0.781656,0.781656,0,0,1,0,0.000000,0.080000,0.008000,0.001000,7.000000,0.160000,22.000000,0.025000,0.000000
3.101000,0.500000,0.640000,-1.488517,-0.000000,-1.488517,-0.499565,0.000000,0.499565,0.021173,-0.002320,0.030969,0.030969,0.009796,0.068943,0.071263,0.039965,0.009702,0.000078,0.068572,0.000371,1.567781,0.001016,1.568796,1.568796,1.568796,0.784398,0.784398,0,0,1,0,0.000000,0.080000,0.008000,0.001000,7.000000,0.160000,22.000000,0.025000,0.000000
3.106000,0.500000,0.640000,-1.491053,-0.000000,-1.491053,-0.499956,0.000000,0.499956,0.021173,-0.002320,0.030969,0.030969,0.009796,0.068943,0.071263,0.039996,0.009722,0.000078,0.068572,0.000371,1.567781,0.000000,1.567781,1.567781,1.567781,0.783890,0.783890,0,0,1,0,0.000000,0.080000,0.008000,0.001000,7.000000,0.160000,22.000000,0.025000,0.000000
3.111000,0.500000,0.640000,-1.493592,-0.000000,-1.493592,-0.500350,0.000000,0.500350,0.021149,-0.002330,0.030969,0.030969,0.009820,0.069114,0.071443,0.040028,0.009742,0.000079,0.068741,0.000373,1.571748,0.000902,1.572650,1.572650,1.572650,0.786325,0.786325,0,0,1,0,0.000000,0.080000,0.008000,0.001000,7.000000,0.160000,22.000000,0.025000,0.000000
3.116000,0.500000,0.640000,-1.496132,-0.000000,-1.496132,-0.500745,0.000000,0.500745,0.021149,-0.002330,0.030969,0.030969,0.009820,0.069114,0.071443,0.040060,0.009762,0.000079,0.068741,0.000373,1.571748,0.000000,1.571748,1.571748,1.571748,0.785874,0.785874,0,0,1,0,0.000000,0.080000,0.008000,0.001000,7.000000,0.160000,22.000000,0.025000,0.000000
3.121000,0.500000,0.640000,-1.498675,-0.000000,-1.498675,-0.501143,0.000000,0.501143,0.021125,-0.002316,0.030969,0.030969,0.009843,0.069274,0.071590,0.040091,0.009782,0.000080,0.068903,0.000371,1.574977,0.000734,1.575711,1.575711,1.575711,0.787856,0.787856,0,0,1,0,0.000000,0.080000,0.008000,0.001000,7.000000,0.160000,22.000000,0.025000,0.000000
3.126000,0.500000,0.640000,-1.501220,-0.000000,-1.501220,-0.501543,0.000000,0.501543,0.021125,-0.002316,0.030969,0.030969,0.009843,0.069274,0.071590,0.040123,0.009802,0.000080,0.068903,0.000371,1.574977,0.000000,1.574977,1.574977,1.574977,0.787489,0.787489,0,0,1,0,0.000000,0.080000,0.008000,0.001000,7.000000,0.160000,22.000000,0.025000,0.000000
3.131000,0.500000,0.640000,-1.503767,-0.000000,-1.503767,-0.501946,0.000000,0.501946,0.021103,-0.002279,0.030969,0.030969,0.009865,0.069421,0.071700,0.040156,0.009822,0.000081,0.069057,0.000365,1.577409,0.000553,1.577962,1.577962,1.577962,0.788981,0.788981,0,0,1,0,0.000000,0.080000,0.008000,0.001000,7.000000,0.160000,22.000000,0.025000,0.000000
3.136000,0.500000,0.640000,-1.506316,-0.000000,-1.506316,-0.502350,0.000000,0.502350,0.021103,-0.002279,0.030969,0.030969,0.009865,0.069421,0.071700,0.040188,0.009842,0.000081,0.069057,0.000365,1.577409,0.000000,1.577409,1.577409,1.577409,0.788705,0.788705,0,0,1,0,0.000000,0.080000,0.008000,0.001000,7.000000,0.160000,22.000000,0.025000,0.000000
3.145000,0.500000,0.640000,-1.508867,-0.000000,-1.508867,-0.502757,0.000000,0.502757,0.021083,-0.002223,0.030969,0.030969,0.009886,0.069556,0.071780,0.040221,0.009878,0.000045,0.069200,0.000356,1.579152,0.000220,1.579372,1.579372,1.579372,0.789686,0.789686,0,0,1,0,0.000000,0.080000,0.008000,0.001000,7.000000,0.160000,22.000000,0.025000,0.000000
3.150000,0.500000,0.640000,-1.513977,-0.000000,-1.513977,-0.503574,0.000000,0.503574,0.021064,-0.002164,0.030969,0.030969,0.009905,0.069682,0.071847,0.040286,0.009898,0.000163,0.069336,0.000346,1.580626,0.000335,1.580961,1.580961,1.580961,0.790481,0.790481,0,0,1,0,0.000000,0.080000,0.008000,0.001000,7.000000,0.160000,22.000000,0.025000,0.000000
3.155000,0.500000,0.640000,-1.516535,-0.000000,-1.516535,-0.503983,0.000000,0.503983,0.021064,-0.002164,0.030969,0.030969,0.009905,0.069682,0.071847,0.040319,0.009919,0.000082,0.069336,0.000346,1.580626,0.000000,1.580626,1.580626,1.580626,0.790313,0.790313,0,0,1,0,0.000000,0.080000,0.008000,0.001000,7.000000,0.160000,22.000000,0.025000,0.000000
3.160000,0.500000,0.640000,-1.516535,-0.000000,-1.516535,-0.503983,0.000000,0.503983,0.021045,-0.002102,0.030969,0.030969,0.009924,0.069803,0.071905,0.040319,0.009939,0.000000,0.069467,0.000336,1.581901,0.000290,1.582191,1.582191,1.582191,0.791096,0.791096,0,0,1,0,0.000000,0.080000,0.008000,0.001000,7.000000,0.160000,22.000000,0.025000,0.000000
3.165000,0.500000,0.640000,-1.519095,-0.000000,-1.519095,-0.504394,0.000000,0.504394,0.021045,-0.002102,0.030969,0.030969,0.009924,0.069803,0.071905,0.040352,0.009959,0.000082,0.069467,0.000336,1.581901,0.000000,1.581901,1.581901,1.581901,0.790951,0.790951,0,0,1,0,0.000000,0.080000,0.008000,0.001000,7.000000,0.160000,22.000000,0.025000,0.000000
3.170000,0.500000,0.640000,-1.521657,-0.000000,-1.521657,-0.504805,0.000000,0.504805,0.021045,-0.002102,0.030969,0.030969,0.009924,0.069803,0.071905,0.040384,0.009979,0.000082,0.069467,0.000336,1.581901,0.000000,1.581901,1.581901,1.581901,0.790951,0.790951,0,0,1,0,0.000000,0.080000,0.008000,0.001000,7.000000,0.160000,22.000000,0.025000,0.000000
3.175000,0.500000,0.640000,-1.524222,-0.000000,-1.524222,-0.505216,0.000000,0.505216,0.021027,-0.002045,0.030969,0.030969,0.009942,0.069921,0.071966,0.040417,0.009999,0.000082,0.069594,0.000327,1.583244,0.000305,1.583549,1.583549,1.583549,0.791775,0.791775,0,0,1,0,0.000000,0.080000,0.008000,0.001000,7.000000,0.160000,22.000000,0.025000,0.000000
3.180000,0.500000,0.640000,-1.526788,-0.000000,-1.526788,-0.505627,0.000000,0.505627,0.021027,-0.002045,0.030969,0.030969,0.009942,0.069921,0.071966,0.040450,0.010020,0.000082,0.069594,0.000327,1.583244,0.000000,1.583244,1.583244,1.583244,0.791622,0.791622,0,0,1,0,0.000000,0.080000,0.008000,0.001000,7.000000,0.160000,22.000000,0.025000,0.000000
3.185000,0.500000,0.640000,-1.529356,-0.000000,-1.529356,-0.506036,0.000000,0.506036,0.021009,-0.002005,0.030969,0.030969,0.009960,0.070042,0.072047,0.040483,0.010040,0.000082,0.069721,0.000321,1.585036,0.000407,1.585443,1.585443,1.585443,0.792721,0.792721,0,0,1,0,0.000000,0.080000,0.008000,0.001000,7.000000,0.160000,22.000000,0.025000,0.000000
3.190000,0.500000,0.640000,-1.531927,-0.000000,-1.531927,-0.506444,0.000000,0.506444,0.021009,-0.002005,0.030969,0.030969,0.009960,0.070042,0.072047,0.040516,0.010060,0.000082,0.069721,0.000321,1.585036,0.000000,1.585036,1.585036,1.585036,0.792518,0.792518,0,0,1,0,0.000000,0.080000,0.008000,0.001000,7.000000,0.160000,22.000000,0.025000,0.000000
3.199000,0.500000,0.640000,-1.537073,-0.000000,-1.537073,-0.507259,0.000000,0.507259,0.020990,-0.001980,0.030969,0.030969,0.009979,0.070168,0.072148,0.040581,0.010097,0.000091,0.069851,0.000317,1.587263,0.000281,1.587544,1.587544,1.587544,0.793772,0.793772,0,0,1,0,0.000000,0.080000,0.008000,0.001000,7.000000,0.160000,22.000000,0.025000,0.000000
3.204000,0.500000,0.640000,-1.539649,-0.000000,-1.539649,-0.507664,0.000000,0.507664,0.020971,-0.001978,0.030969,0.030969,0.009998,0.070302,0.072280,0.040613,0.010117,0.000081,0.069986,0.000316,1.590159,0.000658,1.590818,1.590818,1.590818,0.795409,0.795409,0,0,1,0,0.000000,0.080000,0.008000,0.001000,7.000000,0.160000,22.000000,0.025000,0.000000
3.209000,0.500000,0.640000,-1.542227,-0.000000,-1.542227,-0.508068,0.000000,0.508068,0.020971,-0.001978,0.030969,0.030969,0.009998,0.070302,0.072280,0.040645,0.010137,0.000081,0.069986,0.000316,1.590159,0.000000,1.590159,1.590159,1.590159,0.795080,0.795080,0,0,1,0,0.000000,0.080000,0.008000,0.001000,7.000000,0.160000,22.000000,0.025000,0.000000
3.214000,0.500000,0.640000,-1.544807,-0.000000,-1.544807,-0.508472,0.000000,0.508472,0.020951,-0.001983,0.030969,0.030969,0.010018,0.070442,0.072426,0.040678,0.010158,0.000081,0.070125,0.000317,1.593362,0.000728,1.594090,1.594090,1.594090,0.797045,0.797045,0,0,1,0,0.000000,0.080000,0.008000,0.001000,7.000000,0.160000,22.000000,0.025000,0.000000
3.219000,0.500000,0.640000,-1.547389,-0.000000,-1.547389,-0.508875,0.000000,0.508875,0.020951,-0.001983,0.030969,0.030969,0.010018,0.070442,0.072426,0.040710,0.010178,0.000081,0.070125,0.000317,1.593362,0.000000,1.593362,1.593362,1.593362,0.796681,0.796681,0,0,1,0,0.000000,0.080000,0.008000,0.001000,7.000000,0.160000,22.000000,0.025000,0.000000
3.224000,0.500000,0.640000,-1.549973,-0.000000,-1.549973,-0.509279,0.000000,0.509279,0.020931,-0.001991,0.030969,0.030969,0.010038,0.070586,0.072577,0.040742,0.010198,0.000081,0.070267,0.000319,1.596695,0.000758,1.597453,1.597453,1.597453,0.798727,0.798727,0,0,1,0,0.000000,0.080000,0.008000,0.001000,7.000000,0.160000,22.000000,0.025000,0.000000
3.229000,0.500000,0.640000,-1.552559,-0.000000,-1.552559,-0.509682,0.000000,0.509682,0.020931,-0.001991,0.030969,0.030969,0.010038,0.070586,0.072577,0.040775,0.010219,0.000081,0.070267,0.000319,1.596695,0.000000,1.596695,1.596695,1.596695,0.798348,0.798348,0,0,1,0,0.000000,0.080000,0.008000,0.001000,7.000000,0.160000,22.000000,0.025000,0.000000
3.234000,0.500000,0.640000,-1.555147,-0.000000,-1.555147,-0.510086,0.000000,0.510086,0.020910,-0.001998,0.030969,0.030969,0.010059,0.070729,0.072727,0.040807,0.010239,0.000081,0.070410,0.000320,1.599993,0.000749,1.600743,1.600743,1.600743,0.800371,0.800371,0,0,1,0,0.000000,0.080000,0.008000,0.001000,7.000000,0.160000,22.000000,0.025000,0.000000
3.239000,0.500000,0.640000,-1.557737,-0.000000,-1.557737,-0.510491,0.000000,0.510491,0.020910,-0.001998,0.030969,0.030969,0.010059,0.070729,0.072727,0.040839,0.010260,0.000081,0.070410,0.000320,1.599993,0.000000,1.599993,1.599993,1.599993,0.799997,0.799997,0,0,1,0,0.000000,0.080000,0.008000,0.001000,7.000000,0.160000,22.000000,0.025000,0.000000
3.244000,0.500000,0.640000,-1.560329,-0.000000,-1.560329,-0.510897,0.000000,0.510897,0.020890,-0.001998,0.030969,0.030969,0.010079,0.070871,0.072869,0.040872,0.010280,0.000081,0.070551,0.000320,1.603112,0.000709,1.603821,1.603821,1.603821,0.801911,0.801911,0,0,1,0,0.000000,0.080000,0.008000,0.001000,7.000000,0.160000,22.000000,0.025000,0.000000
3.253000,0.500000,0.640000,-1.565520,-0.000000,-1.565520,-0.511710,0.000000,0.511710,0.020870,-0.001990,0.030969,0.030969,0.010099,0.071008,0.072998,0.040937,0.010317,0.000090,0.070690,0.000318,1.605962,0.000360,1.606322,1.606322,1.606322,0.803161,0.803161,0,0,1,0,0.000000,0.080000,0.008000,0.001000,7.000000,0.160000,22.000000,0.025000,0.000000
3.258000,0.500000,0.640000,-1.568118,-0.000000,-1.568118,-0.512119,0.000000,0.512119,0.020870,-0.001990,0.030969,0.030969,0.010099,0.071008,0.072998,0.040970,0.010337,0.000082,0.070690,0.000318,1.605962,0.000000,1.605962,1.605962,1.605962,0.802981,0.802981,0,0,1,0,0.000000,0.080000,0.008000,0.001000,7.000000,0.160000,22.000000,0.025000,0.000000
3.263000,0.500000,0.640000,-1.570719,-0.000000,-1.570719,-0.512529,0.000000,0.512529,0.020851,-0.001972,0.030969,0.030969,0.010118,0.071140,0.073112,0.041002,0.010358,0.000082,0.070825,0.000316,1.608472,0.000570,1.609043,1.609043,1.609043,0.804521,0.804521,0,0,1,0,0.000000,0.080000,0.008000,0.001000,7.000000,0.160000,22.000000,0.025000,0.000000
3.268000,0.500000,0.640000,-1.573322,-0.000000,-1.573322,-0.512939,0.000000,0.512939,0.020851,-0.001972,0.030969,0.030969,0.010118,0.071140,0.073112,0.041035,0.010378,0.000082,0.070825,0.000316,1.608472,0.000000,1.608472,1.608472,1.608472,0.804236,0.804236,0,0,1,0,0.000000,0.080000,0.008000,0.001000,7.000000,0.160000,22.000000,0.025000,0.000000
3.273000,0.500000,0.640000,-1.575927,-0.000000,-1.575927,-0.513351,0.000000,0.513351,0.020832,-0.001948,0.030969,0.030969,0.010137,0.071267,0.073215,0.041068,0.010399,0.000082,0.070956,0.000312,1.610738,0.000515,1.611253,1.611253,1.611253,0.805626,0.805626,0,0,1,0,0.000000,0.080000,0.008000,0.001000,7.000000,0.160000,22.000000,0.025000,0.000000
3.278000,0.500000,0.640000,-1.578534,-0.000000,-1.578534,-0.513763,0.000000,0.513763,0.020832,-0.001948,0.030969,0.030969,0.010137,0.071267,0.073215,0.041101,0.010419,0.000082,0.070956,0.000312,1.610738,0.000000,1.610738,1.610738,1.610738,0.805369,0.805369,0,0,1,0,0.000000,0.080000,0.008000,0.001000,7.000000,0.160000,22.000000,0.025000,0.000000
3.283000,0.500000,0.640000,-1.581143,-0.000000,-1.581143,-0.514176,0.000000,0.514176,0.020814,-0.001920,0.030969,0.030969,0.010155,0.071391,0.073311,0.041134,0.010440,0.000083,0.071084,0.000307,1.612847,0.000479,1.613326,1.613326,1.613326,0.806663,0.806663,0,0,1,0,0.000000,0.080000,0.008000,0.001000,7.000000,0.160000,22.000000,0.025000,0.000000
3.288000,0.500000,0.640000,-1.583755,-0.000000,-1.583755,-0.514590,0.000000,0.514590,0.020814,-0.001920,0.030969,0.030969,0.010155,0.071391,0.073311,0.041167,0.010461,0.000083,0.071084,0.000307,1.612847,0.000000,1.612847,1.612847,1.612847,0.806423,0.806423,0,0,1,0,0.000000,0.080000,0.008000,0.001000,7.000000,0.160000,22.000000,0.025000,0.000000
3.293000,0.500000,0.640000,-1.586368,-0.000000,-1.586368,-0.515004,0.000000,0.515004,0.020796,-0.001893,0.030969,0.030969,0.010173,0.071512,0.073405,0.041200,0.010481,0.000083,0.071209,0.000303,1.614912,0.000469,1.615382,1.615382,1.615382,0.807691,0.807691,0,0,1,0,0.000000,0.080000,0.008000,0.001000,7.000000,0.160000,22.000000,0.025000,0.000000
3.298000,0.500000,0.640000,-1.588984,-0.000000,-1.588984,-0.515418,0.000000,0.515418,0.020796,-0.001893,0.030969,0.030969,0.010173,0.071512,0.073405,0.041233,0.010502,0.000083,0.071209,0.000303,1.614912,0.000000,1.614912,1.614912,1.614912,0.807456,0.807456,0,0,1,0,0.000000,0.080000,0.008000,0.001000,7.000000,0.160000,22.000000,0.025000,0.000000
3.307000,0.500000,0.640000,-1.594221,-0.000000,-1.594221,-0.516246,0.000000,0.516246,0.020778,-0.001869,0.030969,0.030969,0.010190,0.071632,0.073502,0.041300,0.010539,0.000092,0.071333,0.000299,1.617043,0.000269,1.617312,1.617312,1.617312,0.808656,0.808656,0,0,1,0,0.000000,0.080000,0.008000,0.001000,7.000000,0.160000,22.000000,0.025000,0.000000
3.312000,0.500000,0.640000,-1.596843,-0.000000,-1.596843,-0.516659,0.000000,0.516659,0.020760,-0.001860,0.030969,0.030969,0.010208,0.071756,0.073616,0.041333,0.010560,0.000083,0.071459,0.000298,1.619554,0.000571,1.620124,1.620124,1.620124,0.810062,0.810062,0,0,1,0,0.000000,0.080000,0.008000,0.001000,7.000000,0.160000,22.000000,0.025000,0.000000
3.317000,0.500000,0.640000,-1.599467,-0.000000,-1.599467,-0.517072,0.000000,0.517072,0.020760,-0.001860,0.030969,0.030969,0.010208,0.071756,0.073616,0.041366,0.010580,0.000083,0.071459,0.000298,1.619554,0.000000,1.619554,1.619554,1.619554,0.809777,0.809777,0,0,1,0,0.000000,0.080000,0.008000,0.001000,7.000000,0.160000,22.000000,0.025000,0.000000
3.322000,0.500000,0.640000,-1.602092,-0.000000,-1.602092,-0.517485,0.000000,0.517485,0.020742,-0.001853,0.030969,0.030969,0.010227,0.071883,0.073737,0.041399,0.010601,0.000083,0.071587,0.000297,1.622205,0.000602,1.622807,1.622807,1.622807,0.811404,0.811404,0,0,1,0,0.000000,0.080000,0.008000,0.001000,7.000000,0.160000,22.000000,0.025000,0.000000
3.327000,0.500000,0.640000,-1.604720,-0.000000,-1.604720,-0.517897,0.000000,0.517897,0.020742,-0.001853,0.030969,0.030969,0.010227,0.071883,0.073737,0.041432,0.010622,0.000083,0.071587,0.000297,1.622205,0.000000,1.622205,1.622205,1.622205,0.811102,0.811102,0,0,1,0,0.000000,0.080000,0.008000,0.001000,7.000000,0.160000,22.000000,0.025000,0.000000
3.332000,0.500000,0.640000,-1.607350,-0.000000,-1.607350,-0.518310,0.000000,0.518310,0.020724,-0.001850,0.030969,0.030969,0.010245,0.072011,0.073862,0.041465,0.010642,0.000083,0.071715,0.000296,1.624957,0.000626,1.625583,1.625583,1.625583,0.812791,0.812791,0,0,1,0,0.000000,0.080000,0.008000,0.001000,7.000000,0.160000,22.000000,0.025000,0.000000
3.337000,0.500000,0.640000,-1.609982,-0.000000,-1.609982,-0.518723,0.000000,0.518723,0.020724,-0.001850,0.030969,0.030969,0.010245,0.072011,0.073862,0.041498,0.010663,0.000083,0.071715,0.000296,1.624957,0.000000,1.624957,1.624957,1.624957,0.812479,0.812479,0,0,1,0,0.000000,0.080000,0.008000,0.001000,7.000000,0.160000,22.000000,0.025000,0.000000
3.342000,0.500000,0.640000,-1.612616,-0.000000,-1.612616,-0.519137,0.000000,0.519137,0.020705,-0.001849,0.030969,0.030969,0.010264,0.072140,0.073990,0.041531,0.010684,0.000083,0.071845,0.000296,1.627771,0.000640,1.628411,1.628411,1.628411,0.814205,0.814205,0,0,1,0,0.000000,0.080000,0.008000,0.001000,7.000000,0.160000,22.000000,0.025000,0.000000
3.347000,0.500000,0.640000,-1.615253,-0.000000,-1.615253,-0.519550,0.000000,0.519550,0.020705,-0.001849,0.030969,0.030969,0.010264,0.072140,0.073990,0.041564,0.010705,0.000083,0.071845,0.000296,1.627771,0.000000,1.627771,1.627771,1.627771,0.813886,0.813886,0,0,1,0,0.000000,0.080000,0.008000,0.001000,7.000000,0.160000,22.000000,0.025000,0.000000
3.352000,0.500000,0.640000,-1.617891,-0.000000,-1.617891,-0.519963,0.000000,0.519963,0.020687,-0.001848,0.030969,0.030969,0.010282,0.072270,0.074118,0.041597,0.010726,0.000083,0.071974,0.000296,1.630598,0.000642,1.631241,1.631241,1.631241,0.815620,0.815620,0,0,1,0,0.000000,0.080000,0.008000,0.001000,7.000000,0.160000,22.000000,0.025000,0.000000
3.357000,0.500000,0.640000,-1.620531,-0.000000,-1.620531,-0.520377,0.000000,0.520377,0.020687,-0.001848,0.030969,0.030969,0.010282,0.072270,0.074118,0.041630,0.010746,0.000083,0.071974,0.000296,1.630598,0.000000,1.630598,1.630598,1.630598,0.815299,0.815299,0,0,1,0,0.000000,0.080000,0.008000,0.001000,7.000000,0.160000,22.000000,0.025000,0.000000
3.366000,0.500000,0.640000,-1.625818,-0.000000,-1.625818,-0.521206,0.000000,0.521206,0.020668,-0.001846,0.030969,0.030969,0.010301,0.072399,0.074245,0.041697,0.010784,0.000092,0.072104,0.000295,1.633393,0.000353,1.633745,1.633745,1.633745,0.816873,0.816873,0,0,1,0,0.000000,0.080000,0.008000,0.001000,7.000000,0.160000,22.000000,0.025000,0.000000
3.371000,0.500000,0.640000,-1.628465,-0.000000,-1.628465,-0.521620,0.000000,0.521620,0.020650,-0.001853,0.030969,0.030969,0.010319,0.072530,0.074383,0.041730,0.010805,0.000083,0.072233,0.000296,1.636420,0.000688,1.637108,1.637108,1.637108,0.818554,0.818554,0,0,1,0,0.000000,0.080000,0.008000,0.001000,7.000000,0.160000,22.000000,0.025000,0.000000
3.376000,0.500000,0.640000,-1.631114,-0.000000,-1.631114,-0.522034,0.000000,0.522034,0.020650,-0.001853,0.030969,0.030969,0.010319,0.072530,0.074383,0.041763,0.010826,0.000083,0.072233,0.000296,1.636420,0.000000,1.636420,1.636420,1.636420,0.818210,0.818210,0,0,1,0,0.000000,0.080000,0.008000,0.001000,7.000000,0.160000,22.000000,0.025000,0.000000
3.381000,0.500000,0.640000,-1.633764,-0.000000,-1.633764,-0.522450,0.000000,0.522450,0.020631,-0.001852,0.030969,0.030969,0.010338,0.072661,0.074513,0.041796,0.010847,0.000083,0.072364,0.000296,1.639290,0.000652,1.639942,1.639942,1.639942,0.819971,0.819971,0,0,1,0,0.000000,0.080000,0.008000,0.001000,7.000000,0.160000,22.000000,0.025000,0.000000
3.386000,0.500000,0.640000,-1.636417,-0.000000,-1.636417,-0.522865,0.000000,0.522865,0.020631,-0.001852,0.030969,0.030969,0.010338,0.072661,0.074513,0.041829,0.010867,0.000083,0.072364,0.000296,1.639290,0.000000,1.639290,1.639290,1.639290,0.819645,0.819645,0,0,1,0,0.000000,0.080000,0.008000,0.001000,7.000000,0.160000,22.000000,0.025000,0.000000
3.391000,0.500000,0.640000,-1.639073,-0.000000,-1.639073,-0.523282,0.000000,0.523282,0.020613,-0.001846,0.030969,0.030969,0.010356,0.072788,0.074634,0.041863,0.010888,0.000083,0.072493,0.000295,1.641952,0.000605,1.642557,1.642557,1.642557,0.821279,0.821279,0,0,1,0,0.000000,0.080000,0.008000,0.001000,7.000000,0.160000,22.000000,0.025000,0.000000
3.396000,0.500000,0.640000,-1.641730,-0.000000,-1.641730,-0.523700,0.000000,0.523700,0.020613,-0.001846,0.030969,0.030969,0.010356,0.072788,0.074634,0.041896,0.010909,0.000083,0.072493,0.000295,1.641952,0.000000,1.641952,1.641952,1.641952,0.820976,0.820976,0,0,1,0,0.000000,0.080000,0.008000,0.001000,7.000000,0.160000,22.000000,0.025000,0.000000
3.401000,0.500000,0.640000,-1.644389,-0.000000,-1.644389,-0.524118,0.000000,0.524118,0.020595,-0.001834,0.030969,0.030969,0.010374,0.072913,0.074746,0.041929,0.010930,0.000084,0.072619,0.000293,1.644422,0.000561,1.644983,1.644983,1.644983,0.822492,0.822492,0,0,1,0,0.000000,0.080000,0.008000,0.001000,7.000000,0.160000,22.000000,0.025000,0.000000
3.406000,0.500000,0.640000,-1.647051,-0.000000,-1.647051,-0.524537,0.000000,0.524537,0.020595,-0.001834,0.030969,0.030969,0.010374,0.072913,0.074746,0.041963,0.010951,0.000084,0.072619,0.000293,1.644422,0.000000,1.644422,1.644422,1.644422,0.822211,0.822211,0,0,1,0,0.000000,0.080000,0.008000,0.001000,7.000000,0.160000,22.000000,0.025000,0.000000
3.411000,0.500000,0.640000,-1.647051,-0.000000,-1.647051,-0.524537,0.000000,0.524537,0.020577,-0.001818,0.030969,0.030969,0.010392,0.073034,0.074852,0.041963,0.010972,0.000000,0.072743,0.000291,1.646751,0.000529,1.647280,1.647280,1.647280,0.823640,0.823640,0,0,1,0,0.000000,0.080000,0.008000,0.001000,7.000000,0.160000,22.000000,0.025000,0.000000
3.420000,0.500000,0.640000,-1.655049,-0.000000,-1.655049,-0.525798,0.000000,0.525798,0.020559,-0.001802,0.030969,0.030969,0.010409,0.073154,0.074955,0.042064,0.011010,0.000140,0.072865,0.000288,1.649015,0.000286,1.649301,1.649301,1.649301,0.824650,0.824650,0,0,1,0,0.000000,0.080000,0.008000,0.001000,7.000000,0.160000,22.000000,0.025000,0.000000
3.425000,0.500000,0.640000,-1.657719,-0.000000,-1.657719,-0.526220,0.000000,0.526220,0.020559,-0.001802,0.030969,0.030969,0.010409,0.073154,0.074955,0.042098,0.011031,0.000084,0.072865,0.000288,1.649015,0.000000,1.649015,1.649015,1.649015,0.824507,0.824507,0,0,1,0,0.000000,0.080000,0.008000,0.001000,7.000000,0.160000,22.000000,0.025000,0.000000
3.430000,0.500000,0.640000,-1.660392,-0.000000,-1.660392,-0.526642,0.000000,0.526642,0.020542,-0.001786,0.030969,0.030969,0.010427,0.073272,0.075057,0.042131,0.011052,0.000084,0.072986,0.000286,1.651264,0.000511,1.651775,1.651775,1.651775,0.825887,0.825887,0,0,1,0,0.000000,0.080000,0.008000,0.001000,7.000000,0.160000,22.000000,0.025000,0.000000
3.435000,0.500000,0.640000,-1.660392,-0.000000,-1.660392,-0.526642,0.000000,0.526642,0.020542,-0.001786,0.030969,0.030969,0.010427,0.073272,0.075057,0.042131,0.011073,0.000000,0.072986,0.000286,1.651264,0.000000,1.651264,1.651264,1.651264,0.825632,0.825632,0,0,1,0,0.000000,0.080000,0.008000,0.001000,7.000000,0.160000,22.000000,0.025000,0.000000
3.440000,0.500000,0.640000,-1.663066,-0.000000,-1.663066,-0.527063,0.000000,0.527063,0.020525,-0.001773,0.030969,0.030969,0.010444,0.073391,0.075164,0.042165,0.011094,0.000084,0.073107,0.000284,1.653609,0.000533,1.654142,1.654142,1.654142,0.827071,0.827071,0,0,1,0,0.000000,0.080000,0.008000,0.001000,7.000000,0.160000,22.000000,0.025000,0.000000
3.445000,0.500000,0.640000,-1.665743,-0.000000,-1.665743,-0.527485,0.000000,0.527485,0.020525,-0.001773,0.030969,0.030969,0.010444,0.073391,0.075164,0.042199,0.011115,0.000084,0.073107,0.000284,1.653609,0.000000,1.653609,1.653609,1.653609,0.826804,0.826804,0,0,1,0,0.000000,0.080000,0.008000,0.001000,7.000000,0.160000,22.000000,0.025000,0.000000
3.450000,0.500000,0.640000,-1.668422,-0.000000,-1.668422,-0.527907,0.000000,0.527907,0.020525,-0.001773,0.030969,0.030969,0.010444,0.073391,0.075164,0.042233,0.011137,0.000084,0.073107,0.000284,1.653609,0.000000,1.653609,1.653609,1.653609,0.826804,0.826804,0,0,1,0,0.000000,0.080000,0.008000,0.001000,7.000000,0.160000,22.000000,0.025000,0.000000
3.455000,0.500000,0.640000,-1.671102,-0.000000,-1.671102,-0.528329,0.000000,0.528329,0.020508,-0.001766,0.030969,0.030969,0.010461,0.073511,0.075277,0.042266,0.011158,0.000084,0.073228,0.000283,1.656099,0.000566,1.656665,1.656665,1.656665,0.828332,0.828332,0,0,1,0,0.000000,0.080000,0.008000,0.001000,7.000000,0.160000,22.000000,0.025000,0.000000
3.460000,0.500000,0.640000,-1.673785,-0.000000,-1.673785,-0.528750,0.000000,0.528750,0.020508,-0.001766,0.030969,0.030969,0.010461,0.073511,0.075277,0.042300,0.011179,0.000084,0.073228,0.000283,1.656099,0.000000,1.656099,1.656099,1.656099,0.828050,0.828050,0,0,1,0,0.000000,0.080000,0.008000,0.001000,7.000000,0.160000,22.000000,0.025000,0.000000
3.465000,0.500000,0.640000,-1.676470,-0.000000,-1.676470,-0.529170,0.000000,0.529170,0.020490,-0.001774,0.030969,0.030969,0.010479,0.073636,0.075410,0.042334,0.011200,0.000084,0.073352,0.000284,1.659016,0.000663,1.659679,1.659679,1.659679,0.829839,0.829839,0,0,1,0,0.000000,0.080000,0.008000,0.001000,7.000000,0.160000,22.000000,0.025000,0.000000
3.470000,0.500000,0.640000,-1.679157,-0.000000,-1.679157,-0.529590,0.000000,0.529590,0.020490,-0.001774,0.030969,0.030969,0.010479,0.073636,0.075410,0.042367,0.011221,0.000084,0.073352,0.000284,1.659016,0.000000,1.659016,1.659016,1.659016,0.829508,0.829508,0,0,1,0,0.000000,0.080000,0.008000,0.001000,7.000000,0.160000,22.000000,0.025000,0.000000
3.475000,0.500000,0.640000,-1.681847,-0.000000,-1.681847,-0.530011,0.000000,0.530011,0.020472,-0.001781,0.030969,0.030969,0.010497,0.073764,0.075545,0.042401,0.011242,0.000084,0.073479,0.000285,1.661983,0.000674,1.662658,1.662658,1.662658,0.831329,0.831329,0,0,1,0,0.000000,0.080000,0.008000,0.001000,7.000000,0.160000,22.000000,0.025000,0.000000
3.484000,0.500000,0.640000,-1.687231,-0.000000,-1.687231,-0.530853,0.000000,0.530853,0.020454,-0.001787,0.030969,0.030969,0.010515,0.073892,0.075679,0.042468,0.011281,0.000094,0.073606,0.000286,1.664941,0.000373,1.665315,1.665315,1.665315,0.832657,0.832657,0,0,1,0,0.000000,0.080000,0.008000,0.001000,7.000000,0.160000,22.000000,0.025000,0.000000
3.489000,0.500000,0.640000,-1.689927,-0.000000,-1.689927,-0.531274,0.000000,0.531274,0.020454,-0.001787,0.030969,0.030969,0.010515,0.073892,0.075679,0.042502,0.011302,0.000084,0.073606,0.000286,1.664941,0.000000,1.664941,1.664941,1.664941,0.832471,0.832471,0,0,1,0,0.000000,0.080000,0.008000,0.001000,7.000000,0.160000,22.000000,0.025000,0.000000
3.494000,0.500000,0.640000,-1.692625,-0.000000,-1.692625,-0.531697,0.000000,0.531697,0.020435,-0.001789,0.030969,0.030969,0.010533,0.074019,0.075809,0.042536,0.011323,0.000085,0.073733,0.000286,1.667792,0.000648,1.668440,1.668440,1.668440,0.834220,0.834220,0,0,1,0,0.000000,0.080000,0.008000,0.001000,7.000000,0.160000,22.000000,0.025000,0.000000
3.499000,0.500000,0.640000,-1.695324,-0.000000,-1.695324,-0.532120,0.000000,0.532120,0.020435,-0.001789,0.030969,0.030969,0.010533,0.074019,0.075809,0.042570,0.011344,0.000085,0.073733,0.000286,1.667792,0.000000,1.667792,1.667792,1.667792,0.833896,0.833896,0,0,1,0,0.000000,0.080000,0.008000,0.001000,7.000000,0.160000,22.000000,0.025000,0.000000
3.504000,0.500000,0.640000,-1.698027,-0.000000,-1.698027,-0.532543,0.000000,0.532543,0.020417,-0.001789,0.030969,0.082969,0.062551,0.438145,0.439934,0.042603,0.011366,0.000085,0.437859,0.000286,9.678550,1.820627,11.499177,11.499177,11.499177,5.749589,5.749589,0,0,1,0,0.000000,0.080000,0.008000,0.001000,7.000000,0.160000,22.000000,0.025000,0.000000
3.509000,0.500000,0.640000,-1.700731,-0.000000,-1.700731,-0.532967,0.000000,0.532967,0.020417,-0.001789,0.030969,0.082969,0.062551,0.438145,0.439934,0.042637,0.011387,0.000085,0.437859,0.000286,9.678550,0.000000,9.678550,9.678550,9.678550,4.839275,4.839275,0,0,1,0,0.000000,0.080000,0.008000,0.001000,7.000000,0.160000,22.000000,0.025000,0.000000
3.514000,0.500000,0.640000,-1.703746,-0.000000,-1.703746,-0.538514,0.000000,0.538514,0.020885,0.028829,0.030969,0.082969,0.062084,0.429974,0.401145,0.043081,0.011409,0.001109,0.434587,-0.004613,8.825180,-0.193948,8.631233,8.631233,8.631233,4.315616,4.315616,0,0,1,0,0.000000,0.080000,0.008000,0.001000,7.000000,0.160000,22.000000,0.025000,0.000000
3.519000,0.500000,0.640000,-1.707234,-0.000000,-1.707234,-0.547823,0.000000,0.547823,0.020885,0.028829,0.030969,0.082969,0.062084,0.429974,0.401145,0.043826,0.011431,0.001862,0.434587,-0.004613,8.825180,0.000000,8.825180,8.825180,8.825180,4.412590,4.412590,0,0,1,0,0.000000,0.080000,0.008000,0.001000,7.000000,0.160000,22.000000,0.025000,0.000000
3.524000,0.500000,0.640000,-1.711062,-0.000000,-1.711062,-0.560052,0.000000,0.560052,0.023790,0.097783,0.030969,0.082969,0.059179,0.398607,0.300824,0.044804,0.011453,0.002446,0.414252,-0.015645,6.618136,-0.501601,6.116534,6.116534,6.116534,3.058267,3.058267,0,0,1,0,0.000000,0.080000,0.008000,0.001000,7.000000,0.160000,22.000000,0.025000,0.000000
3.529000,0.500000,0.640000,-1.715228,-0.000000,-1.715228,-0.575064,0.000000,0.575064,0.023790,0.097783,0.030969,0.082969,0.059179,0.398607,0.300824,0.046005,0.011453,0.003002,0.414252,-0.015645,6.618136,0.000000,6.618136,6.618136,6.618136,3.309068,3.309068,0,0,1,0,0.000000,0.080000,0.008000,0.001000,7.000000,0.160000,22.000000,0.025000,0.000000
3.538000,0.500000,0.640000,-1.724261,-0.000000,-1.724261,-0.608671,0.000000,0.608671,0.028738,0.185102,0.030969,0.082969,0.054231,0.350002,0.164899,0.048694,0.011453,0.003734,0.379618,-0.029616,3.627782,-0.377570,3.250212,3.250212,3.250212,1.625106,1.625106,0,0,1,0,0.000000,0.080000,0.008000,0.001000,7.000000,0.160000,22.000000,0.025000,0.000000
3.543000,0.500000,0.640000,-1.729086,-0.000000,-1.729086,-0.627310,0.000000,0.627310,0.035037,0.280741,0.030969,0.082969,0.047932,0.290605,0.009864,0.050185,0.011453,0.003728,0.335523,-0.044919,0.217002,-0.775177,-0.558176,-0.558176,-0.558176,-0.279088,-0.279088,0,0,1,0,0.000000,0.080000,0.008000,0.001000,7.000000,0.160000,22.000000,0.025000,0.000000
3.548000,0.500000,0.640000,-1.734009,-0.000000,-1.734009,-0.645271,0.000000,0.645271,0.035037,0.280741,0.030969,0.082969,0.047932,0.290605,0.009864,0.051622,0.011453,0.003592,0.335523,-0.044919,0.217002,0.000000,0.217002,0.217002,0.217002,0.108501,0.108501,0,0,1,0,0.000000,0.080000,0.008000,0.001000,7.000000,0.160000,22.000000,0.025000,0.000000
3.553000,0.500000,0.640000,-1.738837,-0.000000,-1.738837,-0.660610,0.000000,0.660610,0.041826,0.349601,0.030969,0.082969,0.041142,0.232061,-0.117540,0.052849,0.011453,0.003068,0.287997,-0.055936,-2.585875,-0.637017,-3.222892,-3.222892,-3.222892,-1.611446,-1.611446,0,0,1,0,0.000000,0.080000,0.008000,0.001000,7.000000,0.160000,22.000000,0.025000,0.000000
3.558000,0.500000,0.640000,-1.743522,-0.000000,-1.743522,-0.673926,0.000000,0.673926,0.041826,0.349601,0.030969,0.082969,0.041142,0.232061,-0.117540,0.053914,0.011453,0.002663,0.287997,-0.055936,-2.585875,0.000000,-2.585875,-2.585875,-2.585875,-1.292937,-1.292937,0,0,1,0,0.000000,0.080000,0.008000,0.001000,7.000000,0.160000,22.000000,0.025000,0.000000
3.563000,0.500000,0.640000,-1.747976,-0.000000,-1.747976,-0.683578,0.000000,0.683578,0.047666,0.380289,0.030969,0.082969,0.035303,0.186272,-0.194016,0.054686,0.011453,0.001930,0.247119,-0.060846,-4.268359,-0.382383,-4.650741,-4.650741,-4.650741,-2.325371,-2.325371,0,0,1,0,0.000000,0.080000,0.008000,0.001000,7.000000,0.160000,22.000000,0.025000,0.000000
3.568000,0.500000,0.640000,-1.752156,-0.000000,-1.752156,-0.690181,0.000000,0.690181,0.047666,0.380289,0.030969,0.082969,0.035303,0.186272,-0.194016,0.055214,0.011453,0.001321,0.247119,-0.060846,-4.268359,0.000000,-4.268359,-4.268359,-4.268359,-2.134179,-2.134179,0,0,1,0,0.000000,0.080000,0.008000,0.001000,7.000000,0.160000,22.000000,0.025000,0.000000
3.573000,0.500000,0.640000,-1.756020,-0.000000,-1.756020,-0.692897,0.000000,0.692897,0.051806,0.369019,0.030969,0.082969,0.031162,0.159094,-0.209925,0.055432,0.011453,0.000543,0.218137,-0.059043,-4.618358,-0.079545,-4.697903,-4.697903,-4.697903,-2.348952,-2.348952,0,0,1,0,0.000000,0.080000,0.008000,0.001000,7.000000,0.160000,22.000000,0.025000,0.000000
3.578000,0.500000,0.640000,-1.759547,-0.000000,-1.759547,-0.692234,0.000000,0.692234,0.051806,0.369019,0.030969,0.082969,0.031162,0.159094,-0.209925,0.055379,0.011453,-0.000133,0.218137,-0.059043,-4.618358,0.000000,-4.618358,-4.618358,-4.618358,-2.309179,-2.309179,0,0,1,0,0.000000,0.080000,0.008000,0.001000,7.000000,0.160000,22.000000,0.025000,0.000000
3.587000,0.500000,0.640000,-1.765610,-0.000000,-1.765610,-0.681219,0.000000,0.681219,0.053895,0.320931,0.030969,0.082969,0.029074,0.152167,-0.168764,0.054498,0.011453,-0.001224,0.203516,-0.051349,-3.712800,0.114338,-3.598462,-3.598462,-3.598462,-1.799231,-1.799231,0,0,1,0,0.000000,0.080000,0.008000,0.001000,7.000000,0.160000,22.000000,0.025000,0.000000
3.592000,0.500000,0.640000,-1.768161,-0.000000,-1.768161,-0.671425,0.000000,0.671425,0.053963,0.244617,0.030969,0.082969,0.029006,0.163904,-0.080713,0.053714,0.011453,-0.001959,0.203042,-0.039139,-1.775691,0.440252,-1.335440,-1.335440,-1.335440,-0.667720,-0.667720,0,0,1,0,0.000000,0.080000,0.008000,0.001000,7.000000,0.160000,22.000000,0.025000,0.000000
3.597000,0.500000,0.640000,-1.770437,-0.000000,-1.770437,-0.659618,0.000000,0.659618,0.053963,0.244617,0.030969,0.082969,0.029006,0.163904,-0.080713,0.052769,0.011453,-0.002361,0.203042,-0.039139,-1.775691,0.000000,-1.775691,-1.775691,-1.775691,-0.887846,-0.887846,0,0,1,0,0.000000,0.080000,0.008000,0.001000,7.000000,0.160000,22.000000,0.025000,0.000000
3.602000,0.500000,0.640000,-1.772537,-0.000000,-1.772537,-0.647148,0.000000,0.647148,0.052422,0.160906,0.030969,0.082969,0.030547,0.188081,0.027176,0.051772,0.011453,-0.002494,0.213826,-0.025745,0.597863,0.539444,1.137308,1.137308,1.137308,0.568654,0.568654,0,0,1,0,0.000000,0.080000,0.008000,0.001000,7.000000,0.160000,22.000000,0.025000,0.000000
3.607000,0.500000,0.640000,-1.774501,-0.000000,-1.774501,-0.633853,0.000000,0.633853,0.052422,0.160906,0.030969,0.082969,0.030547,0.188081,0.027176,0.050708,0.011478,-0.002659,0.213826,-0.025745,0.597863,0.000000,0.597863,0.597863,0.597863,0.298932,0.298932,0,0,1,0,0.000000,0.080000,0.008000,0.001000,7.000000,0.160000,22.000000,0.025000,0.000000
3.612000,0.500000,0.640000,-1.776414,-0.000000,-1.776414,-0.621328,0.000000,0.621328,0.050122,0.085575,0.030969,0.082969,0.032847,0.216234,0.130659,0.049706,0.011503,-0.002505,0.229926,-0.013692,2.874501,0.517418,3.391919,3.391919,3.391919,1.695959,1.695959,0,0,1,0,0.000000,0.080000,0.008000,0.001000,7.000000,0.160000,22.000000,0.025000,0.000000
3.617000,0.500000,0.640000,-1.778320,-0.000000,-1.778320,-0.609246,0.000000,0.609246,0.050122,0.085575,0.030969,0.082969,0.032847,0.216234,0.130659,0.048740,0.011527,-0.002416,0.229926,-0.013692,2.874501,0.000000,2.874501,2.874501,2.874501,1.437251,1.437251,0,0,1,0,0.000000,0.080000,0.008000,0.001000,7.000000,0.160000,22.000000,0.025000,0.000000
3.622000,0.500000,0.640000,-1.780295,-0.000000,-1.780295,-0.599043,0.000000,0.599043,0.047854,0.031520,0.030969,0.082969,0.035114,0.240758,0.209238,0.047923,0.011551,-0.002041,0.245801,-0.005043,4.603229,0.392893,4.996121,4.996121,4.996121,2.498061,2.498061,0,0,1,0,0.000000,0.080000,0.008000,0.001000,7.000000,0.160000,22.000000,0.025000,0.000000
3.627000,0.500000,0.640000,-1.782379,-0.000000,-1.782379,-0.590312,0.000000,0.590312,0.047854,0.031520,0.030969,0.082969,0.035114,0.240758,0.209238,0.047225,0.011575,-0.001746,0.245801,-0.005043,4.603229,0.000000,4.603229,4.603229,4.603229,2.301614,2.301614,0,0,1,0,0.000000,0.080000,0.008000,0.001000,7.000000,0.160000,22.000000,0.025000,0.000000
3.632000,0.500000,0.640000,-1.784624,-0.000000,-1.784624,-0.584053,0.000000,0.584053,0.046312,0.006047,0.030969,0.082969,0.036657,0.255629,0.249582,0.046724,0.011598,-0.001252,0.256597,-0.000968,5.490793,0.201719,5.692512,5.692512,5.692512,2.846256,2.846256,0,0,1,0,0.000000,0.080000,0.008000,0.001000,7.000000,0.160000,22.000000,0.025000,0.000000
3.637000,0.500000,0.640000,-1.787056,-0.000000,-1.787056,-0.579875,0.000000,0.579875,0.046312,0.006047,0.030969,0.082969,0.036657,0.255629,0.249582,0.046390,0.011622,-0.000835,0.256597,-0.000968,5.490793,0.000000,5.490793,5.490793,5.490793,2.745397,2.745397,0,0,1,0,0.000000,0.080000,0.008000,0.001000,7.000000,0.160000,22.000000,0.025000,0.000000
3.642000,0.500000,0.640000,-1.789696,-0.000000,-1.789696,-0.578189,0.000000,0.578189,0.045959,0.009993,0.030969,0.082969,0.037009,0.257467,0.247474,0.046255,0.011645,-0.000337,0.259066,-0.001599,5.444427,-0.010538,5.433890,5.433890,5.433890,2.716945,2.716945,0,0,1,0,0.000000,0.080000,0.008000,0.001000,7.000000,0.160000,22.000000,0.025000,0.000000
3.647000,0.500000,0.640000,-1.792554,-0.000000,-1.792554,-0.578698,0.000000,0.578698,0.045959,0.009993,0.030969,0.082969,0.037009,0.257467,0.247474,0.046296,0.011668,0.000102,0.259066,-0.001599,5.444427,0.000000,5.444427,5.444427,5.444427,2.722214,2.722214,0,0,1,0,0.000000,0.080000,0.008000,0.001000,7.000000,0.160000,22.000000,0.025000,0.000000
3.656000,0.500000,0.640000,-1.798879,-0.000000,-1.798879,-0.585545,0.000000,0.585545,0.046961,0.038243,0.030969,0.082969,0.036008,0.245934,0.207691,0.046844,0.011710,0.000761,0.252053,-0.006119,4.569209,-0.110507,4.458702,4.458702,4.458702,2.229351,2.229351,0,0,1,0,0.000000,0.080000,0.008000,0.001000,7.000000,0.160000,22.000000,0.025000,0.000000
3.662000,0.500000,0.640000,-1.802335,-0.000000,-1.802335,-0.591587,0.000000,0.591587,0.049237,0.084734,0.030969,0.082969,0.033732,0.222566,0.137832,0.047327,0.011710,0.001007,0.236124,-0.013557,3.032311,-0.291079,2.741232,2.741232,2.741232,1.370616,1.370616,0,0,1,0,0.000000,0.080000,0.008000,0.001000,7.000000,0.160000,22.000000,0.025000,0.000000
3.671000,0.500000,0.640000,-1.809642,-0.000000,-1.809642,-0.605828,0.000000,0.605828,0.052457,0.133443,0.030969,0.082969,0.030512,0.192233,0.058790,0.048466,0.011710,0.001582,0.213584,-0.021351,1.293375,-0.219563,1.073813,1.073813,1.073813,0.536906,0.536906,0,0,1,0,0.000000,0.080000,0.008000,0.001000,7.000000,0.160000,22.000000,0.025000,0.000000
3.676000,0.500000,0.640000,-1.813376,-0.000000,-1.813376,-0.613038,0.000000,0.613038,0.052457,0.133443,0.030969,0.082969,0.030512,0.192233,0.058790,0.049043,0.011710,0.001442,0.213584,-0.021351,1.293375,0.000000,1.293375,1.293375,1.293375,0.646688,0.646688,0,0,1,0,0.000000,0.080000,0.008000,0.001000,7.000000,0.160000,22.000000,0.025000,0.000000
3.681000,0.500000,0.640000,-1.817098,-0.000000,-1.817098,-0.619428,0.000000,0.619428,0.055944,0.173195,0.030969,0.082969,0.027024,0.161459,-0.011736,0.049554,0.011710,0.001278,0.189170,-0.027711,-0.258186,-0.352628,-0.610814,-0.610814,-0.610814,-0.305407,-0.305407,0,0,1,0,0.000000,0.080000,0.008000,0.001000,7.000000,0.160000,22.000000,0.025000,0.000000
3.686000,0.500000,0.640000,-1.820783,-0.000000,-1.820783,-0.625174,0.000000,0.625174,0.055944,0.173195,0.030969,0.082969,0.027024,0.161459,-0.011736,0.050014,0.011710,0.001149,0.189170,-0.027711,-0.258186,0.000000,-0.258186,-0.258186,-0.258186,-0.129093,-0.129093,0,0,1,0,0.000000,0.080000,0.008000,0.001000,7.000000,0.160000,22.000000,0.025000,0.000000
3.691000,0.500000,0.640000,-1.824376,-0.000000,-1.824376,-0.629334,0.000000,0.629334,0.059185,0.196342,0.030969,0.082969,0.023784,0.135075,-0.061268,0.050347,0.011710,0.000832,0.166489,-0.031415,-1.347890,-0.247660,-1.595550,-1.595550,-1.595550,-0.797775,-0.797775,0,0,1,0,0.000000,0.080000,0.008000,0.001000,7.000000,0.160000,22.000000,0.025000,0.000000
3.696000,0.500000,0.640000,-1.827853,-0.000000,-1.827853,-0.632215,0.000000,0.632215,0.059185,0.196342,0.030969,0.082969,0.023784,0.135075,-0.061268,0.050577,0.011710,0.000576,0.166489,-0.031415,-1.347890,0.000000,-1.347890,-1.347890,-1.347890,-0.673945,-0.673945,0,0,1,0,0.000000,0.080000,0.008000,0.001000,7.000000,0.160000,22.000000,0.025000,0.000000
3.701000,0.500000,0.640000,-1.831184,-0.000000,-1.831184,-0.633222,0.000000,0.633222,0.061722,0.199083,0.030969,0.082969,0.021247,0.116876,-0.082207,0.050658,0.011710,0.000201,0.148729,-0.031853,-1.808560,-0.104698,-1.913258,-1.913258,-1.913258,-0.956629,-0.956629,0,0,1,0,0.000000,0.080000,0.008000,0.001000,7.000000,0.160000,22.000000,0.025000,0.000000
3.706000,0.500000,0.640000,-1.834353,-0.000000,-1.834353,-0.632635,0.000000,0.632635,0.061722,0.199083,0.030969,0.082969,0.021247,0.116876,-0.082207,0.050611,0.011710,-0.000117,0.148729,-0.031853,-1.808560,0.000000,-1.808560,-1.808560,-1.808560,-0.904280,-0.904280,0,0,1,0,0.000000,0.080000,0.008000,0.001000,7.000000,0.160000,22.000000,0.025000,0.000000
3.711000,0.500000,0.640000,-1.837352,-0.000000,-1.837352,-0.630287,0.000000,0.630287,0.063293,0.182160,0.030969,0.082969,0.019676,0.108585,-0.073574,0.050423,0.011710,-0.000469,0.137731,-0.029146,-1.618635,0.043165,-1.575471,-1.575471,-1.575471,-0.787735,-0.787735,0,0,1,0,0.000000,0.080000,0.008000,0.001000,7.000000,0.160000,22.000000,0.025000,0.000000
3.716000,0.500000,0.640000,-1.840179,-0.000000,-1.840179,-0.626378,0.000000,0.626378,0.063293,0.182160,0.030969,0.082969,0.019676,0.108585,-0.073574,0.050110,0.011710,-0.000782,0.137731,-0.029146,-1.618635,0.000000,-1.618635,-1.618635,-1.618635,-0.809318,-0.809318,0,0,1,0,0.000000,0.080000,0.008000,0.001000,7.000000,0.160000,22.000000,0.025000,0.000000
3.721000,0.500000,0.640000,-1.842849,-0.000000,-1.842849,-0.621158,0.000000,0.621158,0.063850,0.150220,0.030969,0.082969,0.019118,0.109793,-0.040426,0.049693,0.011710,-0.001044,0.133828,-0.024035,-0.889376,0.165741,-0.723635,-0.723635,-0.723635,-0.361818,-0.361818,0,0,1,0,0.000000,0.080000,0.008000,0.001000,7.000000,0.160000,22.000000,0.025000,0.000000
3.726000,0.500000,0.640000,-1.842849,-0.000000,-1.842849,-0.621158,0.000000,0.621158,0.063850,0.150220,0.030969,0.082969,0.019118,0.109793,-0.040426,0.049693,0.011710,0.000000,0.133828,-0.024035,-0.889376,0.000000,-0.889376,-0.889376,-0.889376,-0.444688,-0.444688,0,0,1,0,0.000000,0.080000,0.008000,0.001000,7.000000,0.160000,22.000000,0.025000,0.000000
3.735000,0.500000,0.640000,-1.847772,-0.000000,-1.847772,-0.607620,0.000000,0.607620,0.063548,0.110464,0.030969,0.082969,0.019421,0.118270,0.007806,0.048610,0.011754,-0.001504,0.135944,-0.017674,0.171734,0.133978,0.305712,0.305712,0.305712,0.152856,0.152856,0,0,1,0,0.000000,0.080000,0.008000,0.001000,7.000000,0.160000,22.000000,0.025000,0.000000
3.740000,0.500000,0.640000,-1.850074,-0.000000,-1.850074,-0.599846,0.000000,0.599846,0.063548,0.110464,0.030969,0.082969,0.019421,0.118270,0.007806,0.047988,0.011778,-0.001555,0.135944,-0.017674,0.171734,0.000000,0.171734,0.171734,0.171734,0.085867,0.085867,0,0,1,0,0.000000,0.080000,0.008000,0.001000,7.000000,0.160000,22.000000,0.025000,0.000000
3.745000,0.500000,0.640000,-1.852274,-0.000000,-1.852274,-0.591456,0.000000,0.591456,0.062625,0.066879,0.030969,0.082969,0.020343,0.131702,0.064823,0.047316,0.011801,-0.001678,0.142403,-0.010701,1.426103,0.285084,1.711187,1.711187,1.711187,0.855593,0.855593,0,0,1,0,0.000000,0.080000,0.008000,0.001000,7.000000,0.160000,22.000000,0.025000,0.000000
3.750000,0.500000,0.640000,-1.854413,-0.000000,-1.854413,-0.583131,0.000000,0.583131,0.062625,0.066879,0.030969,0.082969,0.020343,0.131702,0.064823,0.046650,0.011825,-0.001665,0.142403,-0.010701,1.426103,0.000000,1.426103,1.426103,1.426103,0.713051,0.713051,0,0,1,0,0.000000,0.080000,0.008000,0.001000,7.000000,0.160000,22.000000,0.025000,0.000000
3.755000,0.500000,0.640000,-1.856561,-0.000000,-1.856561,-0.575607,0.000000,0.575607,0.061405,0.032516,0.030969,0.082969,0.021563,0.145740,0.113225,0.046049,0.011848,-0.001505,0.150943,-0.005202,2.490945,0.242010,2.732955,2.732955,2.732955,1.366478,1.366478,0,0,1,0,0.000000,0.080000,0.008000,0.001000,7.000000,0.160000,22.000000,0.025000,0.000000
3.760000,0.500000,0.640000,-1.858747,-0.000000,-1.858747,-0.568830,0.000000,0.568830,0.061405,0.032516,0.030969,0.082969,0.021563,0.145740,0.113225,0.045506,0.011871,-0.001355,0.150943,-0.005202,2.490945,0.000000,2.490945,2.490945,2.490945,1.245473,1.245473,0,0,1,0,0.000000,0.080000,0.008000,0.001000,7.000000,0.160000,22.000000,0.025000,0.000000
3.765000,0.500000,0.640000,-1.860960,-0.000000,-1.860960,-0.562601,0.000000,0.562601,0.060400,0.008883,0.030969,0.082969,0.022568,0.156557,0.147674,0.045008,0.011893,-0.001246,0.157978,-0.001421,3.248824,0.172245,3.421069,3.421069,3.421069,1.710534,1.710534,0,0,1,0,0.000000,0.080000,0.008000,0.001000,7.000000,0.160000,22.000000,0.025000,0.000000
3.770000,0.500000,0.640000,-1.863227,-0.000000,-1.863227,-0.557440,0.000000,0.557440,0.060400,0.008883,0.030969,0.082969,0.022568,0.156557,0.147674,0.044595,0.011915,-0.001032,0.157978,-0.001421,3.248824,0.000000,3.248824,3.248824,3.248824,1.624412,1.624412,0,0,1,0,0.000000,0.080000,0.008000,0.001000,7.000000,0.160000,22.000000,0.025000,0.000000
3.779000,0.500000,0.640000,-1.868081,-0.000000,-1.868081,-0.551340,0.000000,0.551340,0.059808,0.002237,0.030969,0.082969,0.023161,0.161766,0.159529,0.044107,0.011955,-0.000678,0.162124,-0.000358,3.509638,0.032931,3.542569,3.542569,3.542569,1.771285,1.771285,0,0,1,0,0.000000,0.080000,0.008000,0.001000,7.000000,0.160000,22.000000,0.025000,0.000000
3.784000,0.500000,0.640000,-1.870672,-0.000000,-1.870672,-0.550106,0.000000,0.550106,0.059942,0.010392,0.030969,0.082969,0.023026,0.159522,0.149129,0.044008,0.011977,-0.000247,0.161184,-0.001663,3.280843,-0.051999,3.228844,3.228844,3.228844,1.614422,1.614422,0,0,1,0,0.000000,0.080000,0.008000,0.001000,7.000000,0.160000,22.000000,0.025000,0.000000
3.789000,0.500000,0.640000,-1.873377,-0.000000,-1.873377,-0.550113,0.000000,0.550113,0.059942,0.010392,0.030969,0.082969,0.023026,0.159522,0.149129,0.044009,0.011999,0.000001,0.161184,-0.001663,3.280843,0.000000,3.280843,3.280843,3.280843,1.640421,1.640421,0,0,1,0,0.000000,0.080000,0.008000,0.001000,7.000000,0.160000,22.000000,0.025000,0.000000
3.794000,0.500000,0.640000,-1.876187,-0.000000,-1.876187,-0.551104,0.000000,0.551104,0.060805,0.030641,0.030969,0.082969,0.022164,0.150243,0.119602,0.044088,0.012021,0.000198,0.155146,-0.004903,2.631240,-0.147637,2.483603,2.483603,2.483603,1.241802,1.241802,0,0,1,0,0.000000,0.080000,0.008000,0.001000,7.000000,0.160000,22.000000,0.025000,0.000000
3.799000,0.500000,0.640000,-1.879096,-0.000000,-1.879096,-0.553028,0.000000,0.553028,0.060805,0.030641,0.030969,0.082969,0.022164,0.150243,0.119602,0.044242,0.012043,0.000385,0.155146,-0.004903,2.631240,0.000000,2.631240,2.631240,2.631240,1.315620,1.315620,0,0,1,0,0.000000,0.080000,0.008000,0.001000,7.000000,0.160000,22.000000,0.025000,0.000000
3.804000,0.500000,0.640000,-1.882076,-0.000000,-1.882076,-0.555398,0.000000,0.555398,0.062295,0.056903,0.030969,0.082969,0.020674,0.135610,0.078707,0.044432,0.012065,0.000474,0.144715,-0.009104,1.731564,-0.204472,1.527092,1.527092,1.527092,0.763546,0.763546,0,0,1,0,0.000000,0.080000,0.008000,0.001000,7.000000,0.160000,22.000000,0.025000,0.000000
3.809000,0.500000,0.640000,-1.885115,-0.000000,-1.885115,-0.558255,0.000000,0.558255,0.062295,0.056903,0.030969,0.082969,0.020674,0.135610,0.078707,0.044660,0.012088,0.000572,0.144715,-0.009104,1.731564,0.000000,1.731564,1.731564,1.731564,0.865782,0.865782,0,0,1,0,0.000000,0.080000,0.008000,0.001000,7.000000,0.160000,22.000000,0.025000,0.000000
3.814000,0.500000,0.640000,-1.888179,-0.000000,-1.888179,-0.560987,0.000000,0.560987,0.064161,0.082686,0.030969,0.082969,0.018808,0.118427,0.035740,0.044879,0.012110,0.000546,0.131657,-0.013230,0.786289,-0.214835,0.571453,0.571453,0.571453,0.285727,0.285727,0,0,1,0,0.000000,0.080000,0.008000,0.001000,7.000000,0.160000,22.000000,0.025000,0.000000
3.823000,0.500000,0.640000,-1.894299,-0.000000,-1.894299,-0.565819,0.000000,0.565819,0.066097,0.102319,0.030969,0.082969,0.016871,0.101728,-0.000590,0.045266,0.012151,0.000537,0.118099,-0.016371,-0.012987,-0.100919,-0.113905,-0.113905,-0.113905,-0.056953,-0.056953,0,0,1,0,0.000000,0.080000,0.008000,0.001000,7.000000,0.160000,22.000000,0.025000,0.000000
3.828000,0.500000,0.640000,-1.897301,-0.000000,-1.897301,-0.567365,0.000000,0.567365,0.066097,0.102319,0.030969,0.082969,0.016871,0.101728,-0.000590,0.045389,0.012174,0.000309,0.118099,-0.016371,-0.012987,0.000000,-0.012987,-0.012987,-0.012987,-0.006493,-0.006493,0,0,1,0,0.000000,0.080000,0.008000,0.001000,7.000000,0.160000,22.000000,0.025000,0.000000
3.833000,0.500000,0.640000,-1.900237,-0.000000,-1.900237,-0.568035,0.000000,0.568035,0.067792,0.111597,0.030969,0.082969,0.015177,0.088383,-0.023213,0.045443,0.012196,0.000134,0.106239,-0.017855,-0.510693,-0.113115,-0.623808,-0.623808,-0.623808,-0.311904,-0.311904,0,0,1,0,0.000000,0.080000,0.008000,0.001000,7.000000,0.160000,22.000000,0.025000,0.000000
3.838000,0.500000,0.640000,-1.903097,-0.000000,-1.903097,-0.567954,0.000000,0.567954,0.067792,0.111597,0.030969,0.082969,0.015177,0.088383,-0.023213,0.045436,0.012219,-0.000016,0.106239,-0.017855,-0.510693,0.000000,-0.510693,-0.510693,-0.510693,-0.255347,-0.255347,0,0,1,0,0.000000,0.080000,0.008000,0.001000,7.000000,0.160000,22.000000,0.025000,0.000000
3.843000,0.500000,0.640000,-1.905868,-0.000000,-1.905868,-0.566865,0.000000,0.566865,0.069053,0.109694,0.030969,0.082969,0.013916,0.079860,-0.029833,0.045349,0.012242,-0.000218,0.097411,-0.017551,-0.656332,-0.033100,-0.689431,-0.689431,-0.689431,-0.344716,-0.344716,0,0,1,0,0.000000,0.080000,0.008000,0.001000,7.000000,0.160000,22.000000,0.025000,0.000000
3.848000,0.500000,0.640000,-1.908544,-0.000000,-1.908544,-0.564910,0.000000,0.564910,0.069053,0.109694,0.030969,0.082969,0.013916,0.079860,-0.029833,0.045193,0.012264,-0.000391,0.097411,-0.017551,-0.656332,0.000000,-0.656332,-0.656332,-0.656332,-0.328166,-0.328166,0,0,1,0,0.000000,0.080000,0.008000,0.001000,7.000000,0.160000,22.000000,0.025000,0.000000
3.853000,0.500000,0.640000,-1.911123,-0.000000,-1.911123,-0.562067,0.000000,0.562067,0.069771,0.097711,0.030969,0.082969,0.013198,0.076753,-0.020957,0.044965,0.012287,-0.000568,0.092387,-0.015634,-0.461060,0.044380,-0.416680,-0.416680,-0.416680,-0.208340,-0.208340,0,0,1,0,0.000000,0.080000,0.008000,0.001000,7.000000,0.160000,22.000000,0.025000,0.000000
3.858000,0.500000,0.640000,-1.913607,-0.000000,-1.913607,-0.558430,0.000000,0.558430,0.069771,0.097711,0.030969,0.082969,0.013198,0.076753,-0.020957,0.044674,0.012309,-0.000728,0.092387,-0.015634,-0.461060,0.000000,-0.461060,-0.461060,-0.461060,-0.230530,-0.230530,0,0,1,0,0.000000,0.080000,0.008000,0.001000,7.000000,0.160000,22.000000,0.025000,0.000000
3.863000,0.500000,0.640000,-1.916006,-0.000000,-1.916006,-0.554189,0.000000,0.554189,0.069954,0.078673,0.030969,0.082969,0.013015,0.078515,-0.000158,0.044335,0.012331,-0.000848,0.091103,-0.012588,-0.003478,0.103996,0.100518,0.100518,0.100518,0.050259,0.050259,0,0,1,0,0.000000,0.080000,0.008000,0.001000,7.000000,0.160000,22.000000,0.025000,0.000000
3.868000,0.500000,0.640000,-1.918327,-0.000000,-1.918327,-0.549377,0.000000,0.549377,0.069954,0.078673,0.030969,0.082969,0.013015,0.078515,-0.000158,0.043950,0.012353,-0.000962,0.091103,-0.012588,-0.003478,0.000000,-0.003478,-0.003478,-0.003478,-0.001739,-0.001739,0,0,1,0,0.000000,0.080000,0.008000,0.001000,7.000000,0.160000,22.000000,0.025000,0.000000
3.877000,0.500000,0.640000,-1.922801,-0.000000,-1.922801,-0.539036,0.000000,0.539036,0.069715,0.056718,0.030969,0.082969,0.013254,0.083703,0.026985,0.043123,0.012392,-0.001149,0.092778,-0.009075,0.593661,0.075396,0.669057,0.669057,0.669057,0.334529,0.334529,0,0,1,0,0.000000,0.080000,0.008000,0.001000,7.000000,0.160000,22.000000,0.025000,0.000000
3.882000,0.500000,0.640000,-1.924963,-0.000000,-1.924963,-0.533506,0.000000,0.533506,0.069198,0.033867,0.030969,0.082969,0.013771,0.090977,0.057111,0.042680,0.012413,-0.001106,0.096396,-0.005419,1.256437,0.150631,1.407068,1.407068,1.407068,0.703534,0.703534,0,0,1,0,0.000000,0.080000,0.008000,0.001000,7.000000,0.160000,22.000000,0.025000,0.000000
3.887000,0.500000,0.640000,-1.927097,-0.000000,-1.927097,-0.528119,0.000000,0.528119,0.069198,0.033867,0.030969,0.082969,0.013771,0.090977,0.057111,0.042249,0.012435,-0.001077,0.096396,-0.005419,1.256437,0.000000,1.256437,1.256437,1.256437,0.628218,0.628218,0,0,1,0,0.000000,0.080000,0.008000,0.001000,7.000000,0.160000,22.000000,0.025000,0.000000
3.892000,0.500000,0.640000,-1.929241,-0.000000,-1.929241,-0.523255,0.000000,0.523255,0.068580,0.017008,0.030969,0.082969,0.014389,0.098001,0.080993,0.041860,0.012456,-0.000973,0.100722,-0.002721,1.781846,0.119411,1.901257,1.901257,1.901257,0.950628,0.950628,0,0,1,0,0.000000,0.080000,0.008000,0.001000,7.000000,0.160000,22.000000,0.025000,0.000000
3.897000,0.500000,0.640000,-1.931405,-0.000000,-1.931405,-0.518801,0.000000,0.518801,0.068580,0.017008,0.030969,0.082969,0.014389,0.098001,0.080993,0.041504,0.012476,-0.000891,0.100722,-0.002721,1.781846,0.000000,1.781846,1.781846,1.781846,0.890923,0.890923,0,0,1,0,0.000000,0.080000,0.008000,0.001000,7.000000,0.160000,22.000000,0.025000,0.000000
3.902000,0.500000,0.640000,-1.933606,-0.000000,-1.933606,-0.515065,0.000000,0.515065,0.068147,0.008228,0.030969,0.082969,0.014822,0.102437,0.094210,0.041205,0.012497,-0.000747,0.103754,-0.001316,2.072612,0.066083,2.138695,2.138695,2.138695,1.069348,1.069348,0,0,1,0,0.000000,0.080000,0.008000,0.001000,7.000000,0.160000,22.000000,0.025000,0.000000
3.907000,0.500000,0.640000,-1.935852,-0.000000,-1.935852,-0.511936,0.000000,0.511936,0.068147,0.008228,0.030969,0.082969,0.014822,0.102437,0.094210,0.040955,0.012517,-0.000626,0.103754,-0.001316,2.072612,0.000000,2.072612,2.072612,2.072612,1.036306,1.036306,0,0,1,0,0.000000,0.080000,0.008000,0.001000,7.000000,0.160000,22.000000,0.025000,0.000000
3.912000,0.500000,0.640000,-1.938150,-0.000000,-1.938150,-0.509554,0.000000,0.509554,0.068043,0.008060,0.030969,0.082969,0.014926,0.103193,0.095133,0.040764,0.012538,-0.000476,0.104483,-0.001290,2.092925,0.004617,2.097542,2.097542,2.097542,1.048771,1.048771,0,0,1,0,0.000000,0.080000,0.008000,0.001000,7.000000,0.160000,22.000000,0.025000,0.000000
3.917000,0.500000,0.640000,-1.940504,-0.000000,-1.940504,-0.507831,0.000000,0.507831,0.068043,0.008060,0.030969,0.082969,0.014926,0.103193,0.095133,0.040626,0.012558,-0.000345,0.104483,-0.001290,2.092925,0.000000,2.092925,2.092925,2.092925,1.046462,1.046462,0,0,1,0,0.000000,0.080000,0.008000,0.001000,7.000000,0.160000,22.000000,0.025000,0.000000
3.926000,0.500000,0.640000,-1.945372,-0.000000,-1.945372,-0.506208,0.000000,0.506208,0.068329,0.015270,0.030969,0.082969,0.014639,0.100033,0.084763,0.040497,0.012595,-0.000180,0.102476,-0.002443,1.864787,-0.028805,1.835982,1.835982,1.835982,0.917991,0.917991,0,0,1,0,0.000000,0.080000,0.008000,0.001000,7.000000,0.160000,22.000000,0.025000,0.000000
3.931000,0.500000,0.640000,-1.947884,-0.000000,-1.947884,-0.506215,0.000000,0.506215,0.068995,0.028158,0.030969,0.082969,0.013974,0.093313,0.065155,0.040497,0.012615,0.000001,0.097818,-0.004505,1.433410,-0.098040,1.335370,1.335370,1.335370,0.667685,0.667685,0,0,1,0,0.000000,0.080000,0.008000,0.001000,7.000000,0.160000,22.000000,0.025000,0.000000
3.936000,0.500000,0.640000,-1.950437,-0.000000,-1.950437,-0.506581,0.000000,0.506581,0.068995,0.028158,0.030969,0.082969,0.013974,0.093313,0.065155,0.040526,0.012635,0.000073,0.097818,-0.004505,1.433410,0.000000,1.433410,1.433410,1.433410,0.716705,0.716705,0,0,1,0,0.000000,0.080000,0.008000,0.001000,7.000000,0.160000,22.000000,0.025000,0.000000
3.941000,0.500000,0.640000,-1.953010,-0.000000,-1.953010,-0.507018,0.000000,0.507018,0.069952,0.042215,0.030969,0.082969,0.013017,0.084365,0.042150,0.040561,0.012655,0.000087,0.091119,-0.006754,0.927289,-0.115028,0.812262,0.812262,0.812262,0.406131,0.406131,0,0,1,0,0.000000,0.080000,0.008000,0.001000,7.000000,0.160000,22.000000,0.025000,0.000000
3.946000,0.500000,0.640000,-1.955595,-0.000000,-1.955595,-0.507572,0.000000,0.507572,0.069952,0.042215,0.030969,0.082969,0.013017,0.084365,0.042150,0.040606,0.012676,0.000111,0.091119,-0.006754,0.927289,0.000000,0.927289,0.927289,0.927289,0.463645,0.463645,0,0,1,0,0.000000,0.080000,0.008000,0.001000,7.000000,0.160000,22.000000,0.025000,0.000000
3.951000,0.500000,0.640000,-1.958174,-0.000000,-1.958174,-0.507915,0.000000,0.507915,0.071019,0.054299,0.030969,0.082969,0.011950,0.074963,0.020663,0.040633,0.012696,0.000068,0.083650,-0.008688,0.454595,-0.107431,0.347164,0.347164,0.347164,0.173582,0.173582,0,0,1,0,0.000000,0.080000,0.008000,0.001000,7.000000,0.160000,22.000000,0.025000,0.000000
3.956000,0.500000,0.640000,-1.960739,-0.000000,-1.960739,-0.508122,0.000000,0.508122,0.071019,0.054299,0.030969,0.082969,0.011950,0.074963,0.020663,0.040650,0.012716,0.000041,0.083650,-0.008688,0.454595,0.000000,0.454595,0.454595,0.454595,0.227297,0.227297,0,0,1,0,0.000000,0.080000,0.008000,0.001000,7.000000,0.160000,22.000000,0.025000,0.000000
3.961000,0.500000,0.640000,-1.963275,-0.000000,-1.963275,-0.507905,0.000000,0.507905,0.072037,0.061907,0.030969,0.082969,0.010932,0.066620,0.004713,0.040632,0.012737,-0.000043,0.076525,-0.009905,0.103691,-0.079751,0.023941,0.023941,0.023941,0.011970,0.011970,0,0,1,0,0.000000,0.080000,0.008000,0.001000,7.000000,0.160000,22.000000,0.025000,0.000000
3.966000,0.500000,0.640000,-1.965773,-0.000000,-1.965773,-0.507356,0.000000,0.507356,0.072037,0.061907,0.030969,0.082969,0.010932,0.066620,0.004713,0.040588,0.012757,-0.000110,0.076525,-0.009905,0.103691,0.000000,0.103691,0.103691,0.103691,0.051846,0.051846,0,0,1,0,0.000000,0.080000,0.008000,0.001000,7.000000,0.160000,22.000000,0.025000,0.000000
3.971000,0.500000,0.640000,-1.968224,-0.000000,-1.968224,-0.506279,0.000000,0.506279,0.072870,0.063715,0.030969,0.082969,0.010099,0.060496,-0.003219,0.040502,0.012777,-0.000215,0.070690,-0.010194,-0.070824,-0.039662,-0.110486,-0.110486,-0.110486,-0.055243,-0.055243,0,0,1,0,0.000000,0.080000,0.008000,0.001000,7.000000,0.160000,22.000000,0.025000,0.000000
3.980000,0.500000,0.640000,-1.972967,-0.000000,-1.972967,-0.502725,0.000000,0.502725,0.073433,0.059719,0.030969,0.082969,0.009535,0.057193,-0.002525,0.040218,0.012813,-0.000395,0.066748,-0.009555,-0.055559,0.001927,-0.053631,-0.053631,-0.053631,-0.026816,-0.026816,0,0,1,0,0.000000,0.080000,0.008000,0.001000,7.000000,0.160000,22.000000,0.025000,0.000000
3.985000,0.500000,0.640000,-1.975253,-0.000000,-1.975253,-0.500219,0.000000,0.500219,0.073433,0.059719,0.030969,0.082969,0.009535,0.057193,-0.002525,0.040018,0.012833,-0.000501,0.066748,-0.009555,-0.055559,0.000000,-0.055559,-0.055559,-0.055559,-0.027779,-0.027779,0,0,1,0,0.000000,0.080000,0.008000,0.001000,7.000000,0.160000,22.000000,0.025000,0.000000
3.990000,0.500000,0.640000,-1.975253,-0.000000,-1.975253,-0.500219,0.000000,0.500219,0.073433,0.059719,0.030969,0.082969,0.009535,0.057193,-0.002525,0.040018,0.012853,0.000000,0.066748,-0.009555,-0.055559,0.000000,-0.055559,-0.055559,-0.055559,-0.027779,-0.027779,0,0,1,0,0.000000,0.080000,0.008000,0.001000,7.000000,0.160000,22.000000,0.025000,0.000000
3.995000,0.500000,0.640000,-1.979664,-0.000000,-1.979664,-0.494041,0.000000,0.494041,0.073696,0.050963,0.030969,0.082969,0.009273,0.056754,0.005791,0.039523,0.012873,-0.001236,0.064908,-0.008154,0.127393,0.041580,0.168972,0.168972,0.168972,0.084486,0.084486,0,0,1,0,0.000000,0.080000,0.008000,0.001000,7.000000,0.160000,22.000000,0.025000,0.000000
4.000000,0.500000,0.640000,-1.979664,-0.000000,-1.979664,-0.494041,0.000000,0.494041,0.073696,0.050963,0.030969,0.082969,0.009273,0.056754,0.005791,0.039523,0.012893,0.000000,0.064908,-0.008154,0.127393,0.000000,0.127393,0.127393,0.127393,0.063696,0.063696,0,0,1,0,0.000000,0.080000,0.008000,0.001000,7.000000,0.160000,22.000000,0.025000,0.000000
4.005000,0.500000,0.640000,-1.981794,-0.000000,-1.981794,-0.490437,0.000000,0.490437,0.073687,0.038907,0.030969,0.082969,0.009281,0.058745,0.019838,0.039235,0.012912,-0.000721,0.064970,-0.006225,0.436445,0.070239,0.506685,0.506685,0.506685,0.253342,0.253342,0,0,1,0,0.000000,0.080000,0.008000,0.001000,7.000000,0.160000,22.000000,0.025000,0.000000
4.010000,0.500000,0.640000,-1.983881,-0.000000,-1.983881,-0.486649,0.000000,0.486649,0.073687,0.038907,0.030969,0.082969,0.009281,0.058745,0.019838,0.038932,0.012932,-0.000758,0.064970,-0.006225,0.436445,0.000000,0.436445,0.436445,0.436445,0.218223,0.218223,0,0,1,0,0.000000,0.080000,0.008000,0.001000,7.000000,0.160000,22.000000,0.025000,0.000000
4.015000,0.500000,0.640000,-1.985932,-0.000000,-1.985932,-0.482674,0.000000,0.482674,0.073465,0.025765,0.030969,0.082969,0.009503,0.062402,0.036638,0.038614,0.012951,-0.000795,0.066524,-0.004122,0.806026,0.083996,0.890022,0.890022,0.890022,0.445011,0.445011,0,0,1,0,0.000000,0.080000,0.008000,0.001000,7.000000,0.160000,22.000000,0.025000,0.000000
4.020000,0.500000,0.640000,-1.987958,-0.000000,-1.987958,-0.478730,0.000000,0.478730,0.073465,0.025765,0.030969,0.082969,0.009503,0.062402,0.036638,0.038298,0.012970,-0.000789,0.066524,-0.004122,0.806026,0.000000,0.806026,0.806026,0.806026,0.403013,0.403013,0,0,1,0,0.000000,0.080000,0.008000,0.001000,7.000000,0.160000,22.000000,0.025000,0.000000
4.025000,0.500000,0.640000,-1.989979,-0.000000,-1.989979,-0.475019,0.000000,0.475019,0.073154,0.015367,0.030969,0.082969,0.009815,0.066246,0.050879,0.038002,0.012989,-0.000742,0.068705,-0.002459,1.119348,0.071210,1.190558,1.190558,1.190558,0.595279,0.595279,0,0,1,0,0.000000,0.080000,0.008000,0.001000,7.000000,0.160000,22.000000,0.025000,0.000000
4.034000,0.500000,0.640000,-1.994034,-0.000000,-1.994034,-0.468316,0.000000,0.468316,0.072910,0.009052,0.030969,0.082969,0.010059,0.068966,0.059914,0.037465,0.013023,-0.000745,0.070414,-0.001448,1.318102,0.025095,1.343197,1.343197,1.343197,0.671599,0.671599,0,0,1,0,0.000000,0.080000,0.008000,0.001000,7.000000,0.160000,22.000000,0.025000,0.000000
4.039000,0.500000,0.640000,-1.996086,-0.000000,-1.996086,-0.465490,0.000000,0.465490,0.072910,0.009052,0.030969,0.082969,0.010059,0.068966,0.059914,0.037239,0.013042,-0.000565,0.070414,-0.001448,1.318102,0.000000,1.318102,1.318102,1.318102,0.659051,0.659051,0,0,1,0,0.000000,0.080000,0.008000,0.001000,7.000000,0.160000,22.000000,0.025000,0.000000
4.044000,0.500000,0.640000,-1.998160,-0.000000,-1.998160,-0.463064,0.000000,0.463064,0.072831,0.007602,0.030969,0.082969,0.010137,0.069745,0.062143,0.037045,0.013060,-0.000485,0.070962,-0.001216,1.367157,0.011149,1.378306,1.378306,1.378306,0.689153,0.689153,0,0,1,0,0.000000,0.080000,0.008000,0.001000,7.000000,0.160000,22.000000,0.025000,0.000000
4.049000,0.500000,0.640000,-2.000259,-0.000000,-2.000259,-0.460995,0.000000,0.460995,0.072831,0.007602,0.030969,0.082969,0.010137,0.069745,0.062143,0.036880,0.013079,-0.000414,0.070962,-0.001216,1.367157,0.000000,1.367157,1.367157,1.367157,0.683578,0.683578,0,0,1,0,0.000000,0.080000,0.008000,0.001000,7.000000,0.160000,22.000000,0.025000,0.000000
4.054000,0.500000,0.640000,-2.002383,-0.000000,-2.002383,-0.459292,0.000000,0.459292,0.072960,0.010432,0.030969,0.082969,0.010009,0.068394,0.057962,0.036743,0.013097,-0.000341,0.070063,-0.001669,1.275173,-0.020905,1.254267,1.254267,1.254267,0.627134,0.627134,0,0,1,0,0.000000,0.080000,0.008000,0.001000,7.000000,0.160000,22.000000,0.025000,0.000000
4.059000,0.500000,0.640000,-2.004533,-0.000000,-2.004533,-0.457922,0.000000,0.457922,0.072960,0.010432,0.030969,0.082969,0.010009,0.068394,0.057962,0.036634,0.013115,-0.000274,0.070063,-0.001669,1.275173,0.000000,1.275173,1.275173,1.275173,0.637586,0.637586,0,0,1,0,0.000000,0.080000,0.008000,0.001000,7.000000,0.160000,22.000000,0.025000,0.000000
4.064000,0.500000,0.640000,-2.006704,-0.000000,-2.006704,-0.456804,0.000000,0.456804,0.073294,0.016333,0.030969,0.082969,0.009674,0.065107,0.048775,0.036544,0.013134,-0.000224,0.067720,-0.002613,1.073039,-0.045939,1.027100,1.027100,1.027100,0.513550,0.513550,0,0,1,0,0.000000,0.080000,0.008000,0.001000,7.000000,0.160000,22.000000,0.025000,0.000000
4.069000,0.500000,0.640000,-2.008893,-0.000000,-2.008893,-0.455930,0.000000,0.455930,0.073294,0.016333,0.030969,0.082969,0.009674,0.065107,0.048775,0.036474,0.013152,-0.000175,0.067720,-0.002613,1.073039,0.000000,1.073039,1.073039,1.073039,0.536520,0.536520,0,0,1,0,0.000000,0.080000,0.008000,0.001000,7.000000,0.160000,22.000000,0.025000,0.000000
4.074000,0.500000,0.640000,-2.011093,-0.000000,-2.011093,-0.455157,0.000000,0.455157,0.073792,0.023618,0.030969,0.082969,0.009176,0.060456,0.036838,0.036413,0.013170,-0.000155,0.064235,-0.003779,0.810444,-0.059681,0.750763,0.750763,0.750763,0.375382,0.375382,0,0,1,0,0.000000,0.080000,0.008000,0.001000,7.000000,0.160000,22.000000,0.025000,0.000000
4.079000,0.500000,0.640000,-2.013300,-0.000000,-2.013300,-0.454501,0.000000,0.454501,0.073792,0.023618,0.030969,0.082969,0.009176,0.060456,0.036838,0.036360,0.013188,-0.000131,0.064235,-0.003779,0.810444,0.000000,0.810444,0.810444,0.810444,0.405222,0.405222,0,0,1,0,0.000000,0.080000,0.008000,0.001000,7.000000,0.160000,22.000000,0.025000,0.000000
4.088000,0.500000,0.640000,-2.017702,-0.000000,-2.017702,-0.453056,0.000000,0.453056,0.074381,0.030511,0.030969,0.082969,0.008588,0.055233,0.024722,0.036244,0.013221,-0.000161,0.060114,-0.004882,0.543890,-0.033656,0.510234,0.510234,0.510234,0.255117,0.255117,0,0,1,0,0.000000,0.080000,0.008000,0.001000,7.000000,0.160000,22.000000,0.025000,0.000000
4.093000,0.500000,0.640000,-2.019895,-0.000000,-2.019895,-0.452308,0.000000,0.452308,0.074992,0.036527,0.030969,0.082969,0.007977,0.049992,0.013465,0.036185,0.013239,-0.000149,0.055836,-0.005844,0.296229,-0.056287,0.239942,0.239942,0.239942,0.119971,0.119971,0,0,1,0,0.000000,0.080000,0.008000,0.001000,7.000000,0.160000,22.000000,0.025000,0.000000
4.098000,0.500000,0.640000,-2.022073,-0.000000,-2.022073,-0.451393,0.000000,0.451393,0.074992,0.036527,0.030969,0.082969,0.007977,0.049992,0.013465,0.036111,0.013257,-0.000183,0.055836,-0.005844,0.296229,0.000000,0.296229,0.296229,0.296229,0.148114,0.148114,0,0,1,0,0.000000,0.080000,0.008000,0.001000,7.000000,0.160000,22.000000,0.025000,0.000000
4.103000,0.500000,0.640000,-2.024223,-0.000000,-2.024223,-0.450186,0.000000,0.450186,0.075561,0.039240,0.030969,0.082969,0.007407,0.045572,0.006332,0.036015,0.013275,-0.000242,0.051851,-0.006278,0.139308,-0.035664,0.103645,0.103645,0.103645,0.051822,0.051822,0,0,1,0,0.000000,0.080000,0.008000,0.001000,7.000000,0.160000,22.000000,0.025000,0.000000
4.108000,0.500000,0.640000,-2.026341,-0.000000,-2.026341,-0.448741,0.000000,0.448741,0.075561,0.039240,0.030969,0.082969,0.007407,0.045572,0.006332,0.035899,0.013293,-0.000289,0.051851,-0.006278,0.139308,0.000000,0.139308,0.139308,0.139308,0.069654,0.069654,0,0,1,0,0.000000,0.080000,0.008000,0.001000,7.000000,0.160000,22.000000,0.025000,0.000000
4.113000,0.500000,0.640000,-2.028424,-0.000000,-2.028424,-0.446980,0.000000,0.446980,0.075989,0.038436,0.030969,0.082969,0.006979,0.042705,0.004269,0.035758,0.013311,-0.000352,0.048855,-0.006150,0.093911,-0.010318,0.083593,0.083593,0.083593,0.041797,0.041797,0,0,1,0,0.000000,0.080000,0.008000,0.001000,7.000000,0.160000,22.000000,0.025000,0.000000
4.118000,0.500000,0.640000,-2.030470,-0.000000,-2.030470,-0.444949,0.000000,0.444949,0.075989,0.038436,0.030969,0.082969,0.006979,0.042705,0.004269,0.035596,0.013329,-0.000406,0.048855,-0.006150,0.093911,0.000000,0.093911,0.093911,0.093911,0.046955,0.046955,0,0,1,0,0.000000,0.080000,0.008000,0.001000,7.000000,0.160000,22.000000,0.025000,0.000000
4.123000,0.500000,0.640000,-2.032479,-0.000000,-2.032479,-0.442645,0.000000,0.442645,0.076246,0.034515,0.030969,0.082969,0.006723,0.041537,0.007022,0.035412,0.013346,-0.000461,0.047059,-0.005522,0.154475,0.013764,0.168239,0.168239,0.168239,0.084120,0.084120,0,0,1,0,0.000000,0.080000,0.008000,0.001000,7.000000,0.160000,22.000000,0.025000,0.000000
4.128000,0.500000,0.640000,-2.034452,-0.000000,-2.034452,-0.440097,0.000000,0.440097,0.076246,0.034515,0.030969,0.082969,0.006723,0.041537,0.007022,0.035208,0.013364,-0.000509,0.047059,-0.005522,0.154475,0.000000,0.154475,0.154475,0.154475,0.077237,0.077237,0,0,1,0,0.000000,0.080000,0.008000,0.001000,7.000000,0.160000,22.000000,0.025000,0.000000
4.137000,0.500000,0.640000,-2.038301,-0.000000,-2.038301,-0.434469,0.000000,0.434469,0.076337,0.028464,0.030969,0.082969,0.006632,0.041871,0.013407,0.034758,0.013395,-0.000625,0.046425,-0.004554,0.294947,0.017736,0.312683,0.312683,0.312683,0.156342,0.156342,0,0,1,0,0.000000,0.080000,0.008000,0.001000,7.000000,0.160000,22.000000,0.025000,0.000000
4.142000,0.500000,0.640000,-2.040180,-0.000000,-2.040180,-0.431417,0.000000,0.431417,0.076290,0.021062,0.030969,0.082969,0.006679,0.043382,0.022319,0.034513,0.013413,-0.000610,0.046752,-0.003370,0.491020,0.044562,0.535582,0.535582,0.535582,0.267791,0.267791,0,0,1,0,0.000000,0.080000,0.008000,0.001000,7.000000,0.160000,22.000000,0.025000,0.000000
4.147000,0.500000,0.640000,-2.042035,-0.000000,-2.042035,-0.428310,0.000000,0.428310,0.076290,0.021062,0.030969,0.082969,0.006679,0.043382,0.022319,0.034265,0.013430,-0.000621,0.046752,-0.003370,0.491020,0.000000,0.491020,0.491020,0.491020,0.245510,0.245510,0,0,1,0,0.000000,0.080000,0.008000,0.001000,7.000000,0.160000,22.000000,0.025000,0.000000
4.152000,0.500000,0.640000,-2.043876,-0.000000,-2.043876,-0.425274,0.000000,0.425274,0.076157,0.014431,0.030969,0.082969,0.006812,0.045374,0.030943,0.034022,0.013447,-0.000607,0.047683,-0.002309,0.680750,0.043120,0.723870,0.723870,0.723870,0.361935,0.361935,0,0,1,0,0.000000,0.080000,0.008000,0.001000,7.000000,0.160000,22.000000,0.025000,0.000000
4.157000,0.500000,0.640000,-2.045708,-0.000000,-2.045708,-0.422283,0.000000,0.422283,0.076157,0.014431,0.030969,0.082969,0.006812,0.045374,0.030943,0.033783,0.013464,-0.000598,0.047683,-0.002309,0.680750,0.000000,0.680750,0.680750,0.680750,0.340375,0.340375,0,0,1,0,0.000000,0.080000,0.008000,0.001000,7.000000,0.160000,22.000000,0.025000,0.000000
4.162000,0.500000,0.640000,-2.047536,-0.000000,-2.047536,-0.419459,0.000000,0.419459,0.076025,0.009636,0.030969,0.082969,0.006943,0.047061,0.037426,0.033557,0.013480,-0.000565,0.048603,-0.001542,0.823363,0.032412,0.855775,0.855775,0.855775,0.427888,0.427888,0,0,1,0,0.000000,0.080000,0.008000,0.001000,7.000000,0.160000,22.000000,0.025000,0.000000
4.167000,0.500000,0.640000,-2.049365,-0.000000,-2.049365,-0.416771,0.000000,0.416771,0.076025,0.009636,0.030969,0.082969,0.006943,0.047061,0.037426,0.033342,0.013497,-0.000538,0.048603,-0.001542,0.823363,0.000000,0.823363,0.823363,0.823363,0.411681,0.411681,0,0,1,0,0.000000,0.080000,0.008000,0.001000,7.000000,0.160000,22.000000,0.025000,0.000000
4.172000,0.500000,0.640000,-2.051198,-0.000000,-2.051198,-0.414303,0.000000,0.414303,0.075956,0.007333,0.030969,0.082969,0.007013,0.047915,0.040583,0.033144,0.013514,-0.000494,0.049089,-0.001173,0.892824,0.015787,0.908610,0.908610,0.908610,0.454305,0.454305,0,0,1,0,0.000000,0.080000,0.008000,0.001000,7.000000,0.160000,22.000000,0.025000,0.000000
4.177000,0.500000,0.640000,-2.053039,-0.000000,-2.053039,-0.412025,0.000000,0.412025,0.075956,0.007333,0.030969,0.082969,0.007013,0.047915,0.040583,0.032962,0.013530,-0.000456,0.049089,-0.001173,0.892824,0.000000,0.892824,0.892824,0.892824,0.446412,0.446412,0,0,1,0,0.000000,0.080000,0.008000,0.001000,7.000000,0.160000,22.000000,0.025000,0.000000
4.182000,0.500000,0.640000,-2.054890,-0.000000,-2.054890,-0.409969,0.000000,0.409969,0.075990,0.007612,0.030969,0.082969,0.006979,0.047633,0.040021,0.032798,0.013546,-0.000411,0.048851,-0.001218,0.880471,-0.002807,0.877663,0.877663,0.877663,0.438832,0.438832,0,0,1,0,0.000000,0.080000,0.008000,0.001000,7.000000,0.160000,22.000000,0.025000,0.000000
4.187000,0.500000,0.640000,-2.056750,-0.000000,-2.056750,-0.408113,0.000000,0.408113,0.075990,0.007612,0.030969,0.082969,0.006979,0.047633,0.040021,0.032649,0.013563,-0.000371,0.048851,-0.001218,0.880471,0.000000,0.880471,0.880471,0.880471,0.440235,0.440235,0,0,1,0,0.000000,0.080000,0.008000,0.001000,7.000000,0.160000,22.000000,0.025000,0.000000
4.196000,0.500000,0.640000,-2.060498,-0.000000,-2.060498,-0.404930,0.000000,0.404930,0.076143,0.010041,0.030969,0.082969,0.006826,0.046176,0.036135,0.032394,0.013592,-0.000354,0.047782,-0.001607,0.794970,-0.010796,0.784174,0.784174,0.784174,0.392087,0.392087,0,0,1,0,0.000000,0.080000,0.008000,0.001000,7.000000,0.160000,22.000000,0.025000,0.000000
4.201000,0.500000,0.640000,-2.062384,-0.000000,-2.062384,-0.403582,0.000000,0.403582,0.076408,0.014133,0.030969,0.082969,0.006560,0.043661,0.029528,0.032287,0.013608,-0.000269,0.045923,-0.002261,0.649616,-0.033035,0.616582,0.616582,0.616582,0.308291,0.308291,0,0,1,0,0.000000,0.080000,0.008000,0.001000,7.000000,0.160000,22.000000,0.025000,0.000000
4.206000,0.500000,0.640000,-2.064276,-0.000000,-2.064276,-0.402335,0.000000,0.402335,0.076408,0.014133,0.030969,0.082969,0.006560,0.043661,0.029528,0.032187,0.013624,-0.000250,0.045923,-0.002261,0.649616,0.000000,0.649616,0.649616,0.649616,0.324808,0.324808,0,0,1,0,0.000000,0.080000,0.008000,0.001000,7.000000,0.160000,22.000000,0.025000,0.000000
4.211000,0.500000,0.640000,-2.066166,-0.000000,-2.066166,-0.401094,0.000000,0.401094,0.076759,0.018427,0.030969,0.082969,0.006209,0.040518,0.022091,0.032088,0.013640,-0.000248,0.043466,-0.002948,0.485993,-0.037187,0.448806,0.448806,0.448806,0.224403,0.224403,0,0,1,0,0.000000,0.080000,0.008000,0.001000,7.000000,0.160000,22.000000,0.025000,0.000000
4.216000,0.500000,0.640000,-2.068051,-0.000000,-2.068051,-0.399880,0.000000,0.399880,0.076759,0.018427,0.030969,0.082969,0.006209,0.040518,0.022091,0.031990,0.013656,-0.000243,0.043466,-0.002948,0.485993,0.000000,0.485993,0.485993,0.485993,0.242997,0.242997,0,0,1,0,0.000000,0.080000,0.008000,0.001000,7.000000,0.160000,22.000000,0.025000,0.000000
4.221000,0.500000,0.640000,-2.069927,-0.000000,-2.069927,-0.398588,0.000000,0.398588,0.077137,0.021993,0.030969,0.082969,0.005832,0.037303,0.015310,0.031887,0.013672,-0.000258,0.040822,-0.003519,0.336818,-0.033903,0.302915,0.302915,0.302915,0.151457,0.151457,0,0,1,0,0.000000,0.080000,0.008000,0.001000,7.000000,0.160000,22.000000,0.025000,0.000000
4.226000,0.500000,0.640000,-2.071790,-0.000000,-2.071790,-0.397247,0.000000,0.397247,0.077137,0.021993,0.030969,0.082969,0.005832,0.037303,0.015310,0.031780,0.013688,-0.000268,0.040822,-0.003519,0.336818,0.000000,0.336818,0.336818,0.336818,0.168409,0.168409,0,0,1,0,0.000000,0.080000,0.008000,0.001000,7.000000,0.160000,22.000000,0.025000,0.000000
4.231000,0.500000,0.640000,-2.073637,-0.000000,-2.073637,-0.395768,0.000000,0.395768,0.077494,0.024111,0.030969,0.082969,0.005475,0.034468,0.010357,0.031661,0.013704,-0.000296,0.038325,-0.003858,0.227843,-0.024767,0.203076,0.203076,0.203076,0.101538,0.101538,0,0,1,0,0.000000,0.080000,0.008000,0.001000,7.000000,0.160000,22.000000,0.025000,0.000000
4.236000,0.500000,0.640000,-2.073637,-0.000000,-2.073637,-0.395768,0.000000,0.395768,0.077494,0.024111,0.030969,0.082969,0.005475,0.034468,0.010357,0.031661,0.013720,0.000000,0.038325,-0.003858,0.227843,0.000000,0.227843,0.227843,0.227843,0.113922,0.113922,0,0,1,0,0.000000,0.080000,0.008000,0.001000,7.000000,0.160000,22.000000,0.025000,0.000000
4.245000,0.500000,0.640000,-2.079052,-0.000000,-2.079052,-0.390546,0.000000,0.390546,0.077790,0.024433,0.030969,0.082969,0.005179,0.032345,0.007912,0.031244,0.013748,-0.000580,0.036254,-0.003909,0.174054,-0.006792,0.167263,0.167263,0.167263,0.083631,0.083631,0,0,1,0,0.000000,0.080000,0.008000,0.001000,7.000000,0.160000,22.000000,0.025000,0.000000
4.250000,0.500000,0.640000,-2.079052,-0.000000,-2.079052,-0.390546,0.000000,0.390546,0.078004,0.023217,0.030969,0.082969,0.004965,0.031038,0.007821,0.031244,0.013763,0.000000,0.034752,-0.003715,0.172051,-0.000455,0.171596,0.171596,0.171596,0.085798,0.085798,0,0,1,0,0.000000,0.080000,0.008000,0.001000,7.000000,0.160000,22.000000,0.025000,0.000000
4.255000,0.500000,0.640000,-2.080813,-0.000000,-2.080813,-0.388537,0.000000,0.388537,0.078004,0.023217,0.030969,0.082969,0.004965,0.031038,0.007821,0.031083,0.013779,-0.000402,0.034752,-0.003715,0.172051,0.000000,0.172051,0.172051,0.172051,0.086026,0.086026,0,0,1,0,0.000000,0.080000,0.008000,0.001000,7.000000,0.160000,22.000000,0.025000,0.000000
4.260000,0.500000,0.640000,-2.082550,-0.000000,-2.082550,-0.386388,0.000000,0.386388,0.078004,0.023217,0.030969,0.082969,0.004965,0.031038,0.007821,0.030911,0.013794,-0.000430,0.034752,-0.003715,0.172051,0.000000,0.172051,0.172051,0.172051,0.086026,0.086026,0,0,1,0,0.000000,0.080000,0.008000,0.001000,7.000000,0.160000,22.000000,0.025000,0.000000
4.265000,0.500000,0.640000,-2.084264,-0.000000,-2.084264,-0.384115,0.000000,0.384115,0.078135,0.020564,0.030969,0.082969,0.004834,0.030545,0.009980,0.030729,0.013810,-0.000455,0.033835,-0.003290,0.219563,0.010798,0.230361,0.230361,0.230361,0.115181,0.115181,0,0,1,0,0.000000,0.080000,0.008000,0.001000,7.000000,0.160000,22.000000,0.025000,0.000000
4.270000,0.500000,0.640000,-2.085955,-0.000000,-2.085955,-0.381732,0.000000,0.381732,0.078135,0.020564,0.030969,0.082969,0.004834,0.030545,0.009980,0.030539,0.013825,-0.000477,0.033835,-0.003290,0.219563,0.000000,0.219563,0.219563,0.219563,0.109782,0.109782,0,0,1,0,0.000000,0.080000,0.008000,0.001000,7.000000,0.160000,22.000000,0.025000,0.000000
4.275000,0.500000,0.640000,-2.087624,-0.000000,-2.087624,-0.379251,0.000000,0.379251,0.078184,0.016936,0.030969,0.082969,0.004785,0.030782,0.013846,0.030340,0.013840,-0.000496,0.033492,-0.002710,0.304622,0.019332,0.323954,0.323954,0.323954,0.161977,0.161977,0,0,1,0,0.000000,0.080000,0.008000,0.001000,7.000000,0.160000,22.000000,0.025000,0.000000
4.280000,0.500000,0.640000,-2.089273,-0.000000,-2.089273,-0.376707,0.000000,0.376707,0.078184,0.016936,0.030969,0.082969,0.004785,0.030782,0.013846,0.030137,0.013855,-0.000509,0.033492,-0.002710,0.304622,0.000000,0.304622,0.304622,0.304622,0.152311,0.152311,0,0,1,0,0.000000,0.080000,0.008000,0.001000,7.000000,0.160000,22.000000,0.025000,0.000000
4.289000,0.500000,0.640000,-2.092529,-0.000000,-2.092529,-0.371616,0.000000,0.371616,0.078173,0.013286,0.030969,0.082969,0.004795,0.031441,0.018155,0.029729,0.013882,-0.000566,0.033567,-0.002126,0.399405,0.011968,0.411372,0.411372,0.411372,0.205686,0.205686,0,0,1,0,0.000000,0.080000,0.008000,0.001000,7.000000,0.160000,22.000000,0.025000,0.000000
4.294000,0.500000,0.640000,-2.094137,-0.000000,-2.094137,-0.369066,0.000000,0.369066,0.078139,0.009924,0.030969,0.082969,0.004830,0.032223,0.022300,0.029525,0.013897,-0.000510,0.033811,-0.001588,0.490590,0.020724,0.511313,0.511313,0.511313,0.255657,0.255657,0,0,1,0,0.000000,0.080000,0.008000,0.001000,7.000000,0.160000,22.000000,0.025000,0.000000
4.299000,0.500000,0.640000,-2.095736,-0.000000,-2.095736,-0.366574,0.000000,0.366574,0.078139,0.009924,0.030969,0.082969,0.004830,0.032223,0.022300,0.029326,0.013911,-0.000498,0.033811,-0.001588,0.490590,0.000000,0.490590,0.490590,0.490590,0.245295,0.245295,0,0,1,0,0.000000,0.080000,0.008000,0.001000,7.000000,0.160000,22.000000,0.025000,0.000000
4.304000,0.500000,0.640000,-2.097331,-0.000000,-2.097331,-0.364191,0.000000,0.364191,0.078109,0.007845,0.030969,0.082969,0.004860,0.032764,0.024919,0.029135,0.013926,-0.000477,0.034019,-0.001255,0.548218,0.013097,0.561316,0.561316,0.561316,0.280658,0.280658,0,0,1,0,0.000000,0.080000,0.008000,0.001000,7.000000,0.160000,22.000000,0.025000,0.000000
4.309000,0.500000,0.640000,-2.098924,-0.000000,-2.098924,-0.361901,0.000000,0.361901,0.078109,0.007845,0.030969,0.082969,0.004860,0.032764,0.024919,0.028952,0.013941,-0.000458,0.034019,-0.001255,0.548218,0.000000,0.548218,0.548218,0.548218,0.274109,0.274109,0,0,1,0,0.000000,0.080000,0.008000,0.001000,7.000000,0.160000,22.000000,0.025000,0.000000
4.314000,0.500000,0.640000,-2.100517,-0.000000,-2.100517,-0.359737,0.000000,0.359737,0.078127,0.007228,0.030969,0.082969,0.004842,0.032738,0.025510,0.028779,0.013955,-0.000433,0.033895,-0.001157,0.561211,0.002953,0.564164,0.564164,0.564164,0.282082,0.282082,0,0,1,0,0.000000,0.080000,0.008000,0.001000,7.000000,0.160000,22.000000,0.025000,0.000000
4.319000,0.500000,0.640000,-2.102110,-0.000000,-2.102110,-0.357685,0.000000,0.357685,0.078127,0.007228,0.030969,0.082969,0.004842,0.032738,0.025510,0.028615,0.013969,-0.000410,0.033895,-0.001157,0.561211,0.000000,0.561211,0.561211,0.561211,0.280606,0.280606,0,0,1,0,0.000000,0.080000,0.008000,0.001000,7.000000,0.160000,22.000000,0.025000,0.000000
4.324000,0.500000,0.640000,-2.103705,-0.000000,-2.103705,-0.355749,0.000000,0.355749,0.078208,0.007987,0.030969,0.082969,0.004760,0.032044,0.024057,0.028460,0.013983,-0.000387,0.033322,-0.001278,0.529247,-0.007265,0.521982,0.521982,0.521982,0.260991,0.260991,0,0,1,0,0.000000,0.080000,0.008000,0.001000,7.000000,0.160000,22.000000,0.025000,0.000000
4.329000,0.500000,0.640000,-2.105300,-0.000000,-2.105300,-0.353921,0.000000,0.353921,0.078208,0.007987,0.030969,0.082969,0.004760,0.032044,0.024057,0.028314,0.013998,-0.000366,0.033322,-0.001278,0.529247,0.000000,0.529247,0.529247,0.529247,0.264623,0.264623,0,0,1,0,0.000000,0.080000,0.008000,0.001000,7.000000,0.160000,22.000000,0.025000,0.000000
4.338000,0.500000,0.640000,-2.108490,-0.000000,-2.108490,-0.350511,0.000000,0.350511,0.078356,0.009771,0.030969,0.082969,0.004613,0.030725,0.020954,0.028041,0.014023,-0.000379,0.032289,-0.001563,0.460995,-0.008618,0.452378,0.452378,0.452378,0.226189,0.226189,0,0,1,0,0.000000,0.080000,0.008000,0.001000,7.000000,0.160000,22.000000,0.025000,0.000000
4.343000,0.500000,0.640000,-2.110084,-0.000000,-2.110084,-0.348926,0.000000,0.348926,0.078562,0.012322,0.030969,0.082969,0.004407,0.028877,0.016555,0.027914,0.014037,-0.000317,0.030849,-0.001972,0.364202,-0.021999,0.342203,0.342203,0.342203,0.171102,0.171102,0,0,1,0,0.000000,0.080000,0.008000,0.001000,7.000000,0.160000,22.000000,0.025000,0.000000
4.348000,0.500000,0.640000,-2.111676,-0.000000,-2.111676,-0.347376,0.000000,0.347376,0.078562,0.012322,0.030969,0.082969,0.004407,0.028877,0.016555,0.027790,0.014051,-0.000310,0.030849,-0.001972,0.364202,0.000000,0.364202,0.364202,0.364202,0.182101,0.182101,0,0,1,0,0.000000,0.080000,0.008000,0.001000,7.000000,0.160000,22.000000,0.025000,0.000000
4.353000,0.500000,0.640000,-2.113259,-0.000000,-2.113259,-0.345805,0.000000,0.345805,0.078807,0.014704,0.030969,0.082969,0.004162,0.026778,0.012074,0.027664,0.014065,-0.000314,0.029131,-0.002353,0.265633,-0.022402,0.243231,0.243231,0.243231,0.121615,0.121615,0,0,1,0,0.000000,0.080000,0.008000,0.001000,7.000000,0.160000,22.000000,0.025000,0.000000
4.358000,0.500000,0.640000,-2.114834,-0.000000,-2.114834,-0.344228,0.000000,0.344228,0.078807,0.014704,0.030969,0.082969,0.004162,0.026778,0.012074,0.027538,0.014078,-0.000315,0.029131,-0.002353,0.265633,0.000000,0.265633,0.265633,0.265633,0.132816,0.132816,0,0,1,0,0.000000,0.080000,0.008000,0.001000,7.000000,0.160000,22.000000,0.025000,0.000000
4.363000,0.500000,0.640000,-2.116397,-0.000000,-2.116397,-0.342586,0.000000,0.342586,0.079055,0.016444,0.030969,0.082969,0.003914,0.024766,0.008323,0.027407,0.014092,-0.000328,0.027397,-0.002631,0.183099,-0.018758,0.164341,0.164341,0.164341,0.082170,0.082170,0,0,1,0,0.000000,0.080000,0.008000,0.001000,7.000000,0.160000,22.000000,0.025000,0.000000
4.368000,0.500000,0.640000,-2.117946,-0.000000,-2.117946,-0.340898,0.000000,0.340898,0.079055,0.016444,0.030969,0.082969,0.003914,0.024766,0.008323,0.027272,0.014106,-0.000338,0.027397,-0.002631,0.183099,0.000000,0.183099,0.183099,0.183099,0.091549,0.091549,0,0,1,0,0.000000,0.080000,0.008000,0.001000,7.000000,0.160000,22.000000,0.025000,0.000000
4.373000,0.500000,0.640000,-2.119480,-0.000000,-2.119480,-0.339119,0.000000,0.339119,0.079279,0.017219,0.030969,0.082969,0.003690,0.023075,0.005856,0.027129,0.014119,-0.000356,0.025830,-0.002755,0.128836,-0.012332,0.116504,0.116504,0.116504,0.058252,0.058252,0,0,1,0,0.000000,0.080000,0.008000,0.001000,7.000000,0.160000,22.000000,0.025000,0.000000
4.378000,0.500000,0.640000,-2.120996,-0.000000,-2.120996,-0.337267,0.000000,0.337267,0.079279,0.017219,0.030969,0.082969,0.003690,0.023075,0.005856,0.026981,0.014133,-0.000370,0.025830,-0.002755,0.128836,0.000000,0.128836,0.128836,0.128836,0.064418,0.064418,0,0,1,0,0.000000,0.080000,0.008000,0.001000,7.000000,0.160000,22.000000,0.025000,0.000000
4.383000,0.500000,0.640000,-2.122495,-0.000000,-2.122495,-0.335319,0.000000,0.335319,0.079460,0.016937,0.030969,0.082969,0.003509,0.021853,0.004916,0.026825,0.014146,-0.000390,0.024563,-0.002710,0.108144,-0.004703,0.103442,0.103442,0.103442,0.051721,0.051721,0,0,1,0,0.000000,0.080000,0.008000,0.001000,7.000000,0.160000,22.000000,0.025000,0.000000
4.388000,0.500000,0.640000,-2.123976,-0.000000,-2.123976,-0.333289,0.000000,0.333289,0.079460,0.016937,0.030969,0.082969,0.003509,0.021853,0.004916,0.026663,0.014159,-0.000406,0.024563,-0.002710,0.108144,0.000000,0.108144,0.108144,0.108144,0.054072,0.054072,0,0,1,0,0.000000,0.080000,0.008000,0.001000,7.000000,0.160000,22.000000,0.025000,0.000000
4.397000,0.500000,0.640000,-2.126883,-0.000000,-2.126883,-0.328992,0.000000,0.328992,0.079589,0.015729,0.030969,0.082969,0.003380,0.021140,0.005410,0.026319,0.014183,-0.000478,0.023657,-0.002517,0.119030,0.001374,0.120404,0.120404,0.120404,0.060202,0.060202,0,0,1,0,0.000000,0.080000,0.008000,0.001000,7.000000,0.160000,22.000000,0.025000,0.000000
4.402000,0.500000,0.640000,-2.128310,-0.000000,-2.128310,-0.326745,0.000000,0.326745,0.079669,0.013859,0.030969,0.082969,0.003300,0.020883,0.007025,0.026140,0.014196,-0.000449,0.023101,-0.002217,0.154547,0.008072,0.162619,0.162619,0.162619,0.081310,0.081310,0,0,1,0,0.000000,0.080000,0.008000,0.001000,7.000000,0.160000,22.000000,0.025000,0.000000
4.407000,0.500000,0.640000,-2.129721,-0.000000,-2.129721,-0.324450,0.000000,0.324450,0.079669,0.013859,0.030969,0.082969,0.003300,0.020883,0.007025,0.025956,0.014209,-0.000459,0.023101,-0.002217,0.154547,0.000000,0.154547,0.154547,0.154547,0.077273,0.077273,0,0,1,0,0.000000,0.080000,0.008000,0.001000,7.000000,0.160000,22.000000,0.025000,0.000000
4.412000,0.500000,0.640000,-2.131117,-0.000000,-2.131117,-0.322136,0.000000,0.322136,0.079709,0.011783,0.030969,0.082969,0.003260,0.020933,0.009150,0.025771,0.014222,-0.000463,0.022818,-0.001885,0.201304,0.010627,0.211930,0.211930,0.211930,0.105965,0.105965,0,0,1,0,0.000000,0.080000,0.008000,0.001000,7.000000,0.160000,22.000000,0.025000,0.000000
4.417000,0.500000,0.640000,-2.132500,-0.000000,-2.132500,-0.319804,0.000000,0.319804,0.079709,0.011783,0.030969,0.082969,0.003260,0.020933,0.009150,0.025584,0.014235,-0.000466,0.022818,-0.001885,0.201304,0.000000,0.201304,0.201304,0.201304,0.100652,0.100652,0,0,1,0,0.000000,0.080000,0.008000,0.001000,7.000000,0.160000,22.000000,0.025000,0.000000
4.422000,0.500000,0.640000,-2.133871,-0.000000,-2.133871,-0.317489,0.000000,0.317489,0.079730,0.009901,0.030969,0.082969,0.003239,0.021088,0.011187,0.025399,0.014248,-0.000463,0.022673,-0.001584,0.246117,0.010185,0.256302,0.256302,0.256302,0.128151,0.128151,0,0,1,0,0.000000,0.080000,0.008000,0.001000,7.000000,0.160000,22.000000,0.025000,0.000000
4.427000,0.500000,0.640000,-2.135233,-0.000000,-2.135233,-0.315188,0.000000,0.315188,0.079730,0.009901,0.030969,0.082969,0.003239,0.021088,0.011187,0.025215,0.014260,-0.000460,0.022673,-0.001584,0.246117,0.000000,0.246117,0.246117,0.246117,0.123059,0.123059,0,0,1,0,0.000000,0.080000,0.008000,0.001000,7.000000,0.160000,22.000000,0.025000,0.000000
4.436000,0.500000,0.640000,-2.137932,-0.000000,-2.137932,-0.310713,0.000000,0.310713,0.079751,0.008539,0.030969,0.082969,0.003218,0.021160,0.012622,0.024857,0.014283,-0.000497,0.022526,-0.001366,0.277674,0.003984,0.281658,0.281658,0.281658,0.140829,0.140829,0,0,1,0,0.000000,0.080000,0.008000,0.001000,7.000000,0.160000,22.000000,0.025000,0.000000
4.441000,0.500000,0.640000,-2.139270,-0.000000,-2.139270,-0.308534,0.000000,0.308534,0.079787,0.007762,0.030969,0.082969,0.003182,0.021029,0.013267,0.024683,0.014295,-0.000436,0.022271,-0.001242,0.291877,0.003228,0.295105,0.295105,0.295105,0.147552,0.147552,0,0,1,0,0.000000,0.080000,0.008000,0.001000,7.000000,0.160000,22.000000,0.025000,0.000000
4.446000,0.500000,0.640000,-2.140603,-0.000000,-2.140603,-0.306414,0.000000,0.306414,0.079787,0.007762,0.030969,0.082969,0.003182,0.021029,0.013267,0.024513,0.014307,-0.000424,0.022271,-0.001242,0.291877,0.000000,0.291877,0.291877,0.291877,0.145938,0.145938,0,0,1,0,0.000000,0.080000,0.008000,0.001000,7.000000,0.160000,22.000000,0.025000,0.000000
4.451000,0.500000,0.640000,-2.141931,-0.000000,-2.141931,-0.304357,0.000000,0.304357,0.079850,0.007772,0.030969,0.082969,0.003119,0.020591,0.012819,0.024349,0.014319,-0.000411,0.021834,-0.001244,0.282009,-0.002243,0.279767,0.279767,0.279767,0.139883,0.139883,0,0,1,0,0.000000,0.080000,0.008000,0.001000,7.000000,0.160000,22.000000,0.025000,0.000000
4.456000,0.500000,0.640000,-2.143255,-0.000000,-2.143255,-0.302360,0.000000,0.302360,0.079850,0.007772,0.030969,0.082969,0.003119,0.020591,0.012819,0.024189,0.014331,-0.000399,0.021834,-0.001244,0.282009,0.000000,0.282009,0.282009,0.282009,0.141005,0.141005,0,0,1,0,0.000000,0.080000,0.008000,0.001000,7.000000,0.160000,22.000000,0.025000,0.000000
4.461000,0.500000,0.640000,-2.144574,-0.000000,-2.144574,-0.300416,0.000000,0.300416,0.079947,0.008442,0.030969,0.082969,0.003022,0.019800,0.011358,0.024033,0.014343,-0.000389,0.021151,-0.001351,0.249871,-0.007304,0.242567,0.242567,0.242567,0.121283,0.121283,0,0,1,0,0.000000,0.080000,0.008000,0.001000,7.000000,0.160000,22.000000,0.025000,0.000000
4.466000,0.500000,0.640000,-2.145889,-0.000000,-2.145889,-0.298525,0.000000,0.298525,0.079947,0.008442,0.030969,0.082969,0.003022,0.019800,0.011358,0.023882,0.014355,-0.000378,0.021151,-0.001351,0.249871,0.000000,0.249871,0.249871,0.249871,0.124935,0.124935,0,0,1,0,0.000000,0.080000,0.008000,0.001000,7.000000,0.160000,22.000000,0.025000,0.000000
4.471000,0.500000,0.640000,-2.147198,-0.000000,-2.147198,-0.296664,0.000000,0.296664,0.080078,0.009541,0.030969,0.082969,0.002891,0.018711,0.009170,0.023733,0.014367,-0.000372,0.020237,-0.001527,0.201737,-0.010939,0.190798,0.190798,0.190798,0.095399,0.095399,0,0,1,0,0.000000,0.080000,0.008000,0.001000,7.000000,0.160000,22.000000,0.025000,0.000000
4.476000,0.500000,0.640000,-2.148501,-0.000000,-2.148501,-0.294840,0.000000,0.294840,0.080078,0.009541,0.030969,0.082969,0.002891,0.018711,0.009170,0.023587,0.014379,-0.000365,0.020237,-0.001527,0.201737,0.000000,0.201737,0.201737,0.201737,0.100869,0.100869,0,0,1,0,0.000000,0.080000,0.008000,0.001000,7.000000,0.160000,22.000000,0.025000,0.000000
4.481000,0.500000,0.640000,-2.149796,-0.000000,-2.149796,-0.293020,0.000000,0.293020,0.080232,0.010777,0.030969,0.082969,0.002737,0.017432,0.006654,0.023442,0.014391,-0.000364,0.019156,-0.001724,0.146398,-0.012577,0.133821,0.133821,0.133821,0.066910,0.066910,0,0,1,0,0.000000,0.080000,0.008000,0.001000,7.000000,0.160000,22.000000,0.025000,0.000000
4.490000,0.500000,0.640000,-2.151084,-0.000000,-2.151084,-0.291214,0.000000,0.291214,0.080232,0.010777,0.030969,0.082969,0.002737,0.017432,0.006654,0.023297,0.014412,-0.000201,0.019156,-0.001724,0.146398,0.000000,0.146398,0.146398,0.146398,0.073199,0.073199,0,0,1,0,0.000000,0.080000,0.008000,0.001000,7.000000,0.160000,22.000000,0.025000,0.000000
4.495000,0.500000,0.640000,-2.152362,-0.000000,-2.152362,-0.289387,0.000000,0.289387,0.080398,0.011866,0.030969,0.082969,0.002571,0.016099,0.004234,0.023151,0.014423,-0.000365,0.017998,-0.001899,0.093142,-0.012104,0.081039,0.081039,0.081039,0.040519,0.040519,0,0,1,0,0.000000,0.080000,0.008000,0.001000,7.000000,0.160000,22.000000,0.025000,0.000000
4.500000,0.500000,0.640000,-2.153629,-0.000000,-2.153629,-0.287546,0.000000,0.287546,0.080398,0.011866,0.030969,0.030969,-0.049429,-0.347901,-0.359766,0.023004,0.014435,-0.000368,-0.346002,-0.001899,-7.914858,-1.820000,-9.734858,-9.734858,-9.734858,-4.867429,-4.867429,0,0,1,0,0.000000,0.080000,0.008000,0.001000,7.000000,0.160000,22.000000,0.025000,0.000000
4.505000,0.500000,0.640000,-2.154886,-0.000000,-2.154886,-0.285700,0.000000,0.285700,0.080562,0.012746,0.030969,0.030969,-0.049593,-0.349190,-0.361937,0.022856,0.014446,-0.000369,-0.347151,-0.002039,-7.962606,-0.010852,-7.973457,-7.973457,-7.973457,-3.986729,-3.986729,0,0,1,0,0.000000,0.080000,0.008000,0.001000,7.000000,0.160000,22.000000,0.025000,0.000000
4.510000,0.500000,0.640000,-2.156131,-0.000000,-2.156131,-0.283819,0.000000,0.283819,0.080562,0.012746,0.030969,0.030969,-0.049593,-0.349190,-0.361937,0.022706,0.014458,-0.000376,-0.347151,-0.002039,-7.962606,0.000000,-7.962606,-7.962606,-7.962606,-3.981303,-3.981303,0,0,1,0,0.000000,0.080000,0.008000,0.001000,7.000000,0.160000,22.000000,0.025000,0.000000
4.515000,0.500000,0.640000,-2.157057,-0.000000,-2.157057,-0.276810,0.000000,0.276810,0.080236,-0.017268,0.030969,0.030969,-0.049267,-0.342105,-0.324837,0.022145,0.014469,-0.001402,-0.344868,0.002763,-7.146422,0.185496,-6.960926,-6.960926,-6.960926,-3.480463,-3.480463,0,0,1,0,0.000000,0.080000,0.008000,0.001000,7.000000,0.160000,22.000000,0.025000,0.000000
4.520000,0.500000,0.640000,-2.157498,-0.000000,-2.157498,-0.266010,0.000000,0.266010,0.080236,-0.017268,0.030969,0.030969,-0.049267,-0.342105,-0.324837,0.021281,0.014479,-0.002160,-0.344868,0.002763,-7.146422,0.000000,-7.146422,-7.146422,-7.146422,-3.573211,-3.573211,0,0,1,0,0.000000,0.080000,0.008000,0.001000,7.000000,0.160000,22.000000,0.025000,0.000000
4.525000,0.500000,0.640000,-2.157590,-0.000000,-2.157590,-0.252237,0.000000,0.252237,0.077463,-0.086110,0.030969,0.030969,-0.046494,-0.311681,-0.225571,0.020179,0.014489,-0.002755,-0.325458,0.013778,-4.962553,0.496334,-4.466219,-4.466219,-4.466219,-2.233109,-2.233109,0,0,1,0,0.000000,0.080000,0.008000,0.001000,7.000000,0.160000,22.000000,0.025000,0.000000
4.534000,0.500000,0.640000,-2.156811,-0.000000,-2.156811,-0.217839,0.000000,0.217839,0.072622,-0.173895,0.030969,0.030969,-0.041653,-0.263748,-0.089854,0.017427,0.014505,-0.003822,-0.291571,0.027823,-1.976777,0.376992,-1.599785,-1.599785,-1.599785,-0.799893,-0.799893,0,0,1,0,0.000000,0.080000,0.008000,0.001000,7.000000,0.160000,22.000000,0.025000,0.000000
4.539000,0.500000,0.640000,-2.156090,-0.000000,-2.156090,-0.198949,0.000000,0.198949,0.072622,-0.173895,0.030969,0.030969,-0.041653,-0.263748,-0.089854,0.015916,0.014513,-0.003778,-0.291571,0.027823,-1.976777,0.000000,-1.976777,-1.976777,-1.976777,-0.988389,-0.988389,0,0,1,0,0.000000,0.080000,0.008000,0.001000,7.000000,0.160000,22.000000,0.025000,0.000000
4.544000,0.500000,0.640000,-2.155263,-0.000000,-2.155263,-0.180559,0.000000,0.180559,0.066628,-0.258531,0.030969,0.030969,-0.035659,-0.208250,0.050281,0.014445,0.014520,-0.003678,-0.249615,0.041365,1.106179,0.700672,1.806850,1.806850,1.806850,0.903425,0.903425,0,0,1,0,0.000000,0.080000,0.008000,0.001000,7.000000,0.160000,22.000000,0.025000,0.000000
4.549000,0.500000,0.640000,-2.154380,-0.000000,-2.154380,-0.162448,0.000000,0.162448,0.066628,-0.258531,0.030969,0.030969,-0.035659,-0.208250,0.050281,0.012996,0.014527,-0.003622,-0.249615,0.041365,1.106179,0.000000,1.106179,1.106179,1.106179,0.553089,0.553089,0,0,1,0,0.000000,0.080000,0.008000,0.001000,7.000000,0.160000,22.000000,0.025000,0.000000
4.554000,0.500000,0.640000,-2.153553,-0.000000,-2.153553,-0.146579,0.000000,0.146579,0.060424,-0.322123,0.030969,0.030969,-0.029455,-0.154648,0.167475,0.011726,0.014533,-0.003174,-0.206188,0.051540,3.684445,0.585970,4.270415,4.270415,4.270415,2.135208,2.135208,0,0,1,0,0.000000,0.080000,0.008000,0.001000,7.000000,0.160000,22.000000,0.025000,0.000000
4.559000,0.500000,0.640000,-2.152834,-0.000000,-2.152834,-0.132423,0.000000,0.132423,0.060424,-0.322123,0.030969,0.030969,-0.029455,-0.154648,0.167475,0.010594,0.014538,-0.002831,-0.206188,0.051540,3.684445,0.000000,3.684445,3.684445,3.684445,1.842223,1.842223,0,0,1,0,0.000000,0.080000,0.008000,0.001000,7.000000,0.160000,22.000000,0.025000,0.000000
4.564000,0.500000,0.640000,-2.152303,-0.000000,-2.152303,-0.121504,0.000000,0.121504,0.054983,-0.352359,0.030969,0.030969,-0.024015,-0.111724,0.240635,0.009720,0.014543,-0.002184,-0.168102,0.056377,5.293969,0.365801,5.659770,5.659770,5.659770,2.829885,2.829885,0,0,1,0,0.000000,0.080000,0.008000,0.001000,7.000000,0.160000,22.000000,0.025000,0.000000
4.569000,0.500000,0.640000,-2.152003,-0.000000,-2.152003,-0.113272,0.000000,0.113272,0.054983,-0.352359,0.030969,0.030969,-0.024015,-0.111724,0.240635,0.009062,0.014547,-0.001646,-0.168102,0.056377,5.293969,0.000000,5.293969,5.293969,5.293969,2.646985,2.646985,0,0,1,0,0.000000,0.080000,0.008000,0.001000,7.000000,0.160000,22.000000,0.025000,0.000000
4.574000,0.500000,0.640000,-2.151974,-0.000000,-2.151974,-0.108550,0.000000,0.108550,0.051020,-0.345006,0.030969,0.030969,-0.020051,-0.085156,0.259849,0.008684,0.014552,-0.000944,-0.140357,0.055201,5.716685,0.096072,5.812757,5.812757,5.812757,2.906378,2.906378,0,0,1,0,0.000000,0.080000,0.008000,0.001000,7.000000,0.160000,22.000000,0.025000,0.000000
4.579000,0.500000,0.640000,-2.152237,-0.000000,-2.152237,-0.106874,0.000000,0.106874,0.051020,-0.345006,0.030969,0.030969,-0.020051,-0.085156,0.259849,0.008550,0.014556,-0.000335,-0.140357,0.055201,5.716685,0.000000,5.716685,5.716685,5.716685,2.858343,2.858343,0,0,1,0,0.000000,0.080000,0.008000,0.001000,7.000000,0.160000,22.000000,0.025000,0.000000
4.584000,0.500000,0.640000,-2.152792,-0.000000,-2.152792,-0.108273,0.000000,0.108273,0.048888,-0.303917,0.030969,0.030969,-0.017920,-0.076811,0.227106,0.008662,0.014560,0.000280,-0.125438,0.048627,4.996332,-0.163717,4.832615,4.832615,4.832615,2.416308,2.416308,0,0,1,0,0.000000,0.080000,0.008000,0.001000,7.000000,0.160000,22.000000,0.025000,0.000000
4.593000,0.500000,0.640000,-2.154737,-0.000000,-2.154737,-0.118727,0.000000,0.118727,0.048550,-0.239400,0.030969,0.030969,-0.017581,-0.084766,0.154634,0.009498,0.014569,0.001162,-0.123069,0.038304,3.401949,-0.201311,3.200638,3.200638,3.200638,1.600319,1.600319,0,0,1,0,0.000000,0.080000,0.008000,0.001000,7.000000,0.160000,22.000000,0.025000,0.000000
4.598000,0.500000,0.640000,-2.156061,-0.000000,-2.156061,-0.126925,0.000000,0.126925,0.048550,-0.239400,0.030969,0.030969,-0.017581,-0.084766,0.154634,0.010154,0.014574,0.001640,-0.123069,0.038304,3.401949,0.000000,3.401949,3.401949,3.401949,1.700974,1.700974,0,0,1,0,0.000000,0.080000,0.008000,0.001000,7.000000,0.160000,22.000000,0.025000,0.000000
4.603000,0.500000,0.640000,-2.157554,-0.000000,-2.157554,-0.136034,0.000000,0.136034,0.049608,-0.165439,0.030969,0.030969,-0.018639,-0.104004,0.061435,0.010883,0.014579,0.001822,-0.130474,0.026470,1.351581,-0.465993,0.885588,0.885588,0.885588,0.442794,0.442794,0,0,1,0,0.000000,0.080000,0.008000,0.001000,7.000000,0.160000,22.000000,0.025000,0.000000
4.608000,0.500000,0.640000,-2.159183,-0.000000,-2.159183,-0.146078,0.000000,0.146078,0.049608,-0.165439,0.030969,0.030969,-0.018639,-0.104004,0.061435,0.011686,0.014585,0.002009,-0.130474,0.026470,1.351581,0.000000,1.351581,1.351581,1.351581,0.675790,0.675790,0,0,1,0,0.000000,0.080000,0.008000,0.001000,7.000000,0.160000,22.000000,0.025000,0.000000
4.613000,0.500000,0.640000,-2.160870,-0.000000,-2.160870,-0.155661,0.000000,0.155661,0.051474,-0.096501,0.030969,0.030969,-0.020506,-0.128098,-0.031598,0.012453,0.014591,0.001917,-0.143539,0.015440,-0.695148,-0.465166,-1.160313,-1.160313,-1.160313,-0.580157,-0.580157,0,0,1,0,0.000000,0.080000,0.008000,0.001000,7.000000,0.160000,22.000000,0.025000,0.000000
4.618000,0.500000,0.640000,-2.162576,-0.000000,-2.162576,-0.165051,0.000000,0.165051,0.051474,-0.096501,0.030969,0.030969,-0.020506,-0.128098,-0.031598,0.013204,0.014598,0.001878,-0.143539,0.015440,-0.695148,0.000000,-0.695148,-0.695148,-0.695148,-0.347574,-0.347574,0,0,1,0,0.000000,0.080000,0.008000,0.001000,7.000000,0.160000,22.000000,0.025000,0.000000
4.623000,0.500000,0.640000,-2.164232,-0.000000,-2.164232,-0.172947,0.000000,0.172947,0.053438,-0.044550,0.030969,0.030969,-0.022469,-0.150158,-0.105608,0.013836,0.014605,0.001579,-0.157286,0.007128,-2.323377,-0.370052,-2.693429,-2.693429,-2.693429,-1.346714,-1.346714,0,0,1,0,0.000000,0.080000,0.008000,0.001000,7.000000,0.160000,22.000000,0.025000,0.000000
4.628000,0.500000,0.640000,-2.165801,-0.000000,-2.165801,-0.179698,0.000000,0.179698,0.053438,-0.044550,0.030969,0.030969,-0.022469,-0.150158,-0.105608,0.014376,0.014612,0.001350,-0.157286,0.007128,-2.323377,0.000000,-2.323377,-2.323377,-2.323377,-1.161688,-1.161688,0,0,1,0,0.000000,0.080000,0.008000,0.001000,7.000000,0.160000,22.000000,0.025000,0.000000
4.633000,0.500000,0.640000,-2.167235,-0.000000,-2.167235,-0.184347,0.000000,0.184347,0.054868,-0.016923,0.030969,0.030969,-0.023899,-0.164585,-0.147662,0.014748,0.014619,0.000930,-0.167293,0.002708,-3.248570,-0.210271,-3.458841,-3.458841,-3.458841,-1.729421,-1.729421,0,0,1,0,0.000000,0.080000,0.008000,0.001000,7.000000,0.160000,22.000000,0.025000,0.000000
4.642000,0.500000,0.640000,-2.169594,-0.000000,-2.169594,-0.187939,0.000000,0.187939,0.055316,-0.015339,0.030969,0.030969,-0.024347,-0.167975,-0.152636,0.015035,0.014633,0.000399,-0.170429,0.002454,-3.357998,-0.013817,-3.371815,-3.371815,-3.371815,-1.685907,-1.685907,0,0,1,0,0.000000,0.080000,0.008000,0.001000,7.000000,0.160000,22.000000,0.025000,0.000000
4.647000,0.500000,0.640000,-2.170479,-0.000000,-2.170479,-0.186595,0.000000,0.186595,0.055316,-0.015339,0.030969,0.030969,-0.024347,-0.167975,-0.152636,0.014928,0.014640,-0.000269,-0.170429,0.002454,-3.357998,0.000000,-3.357998,-3.357998,-3.357998,-1.678999,-1.678999,0,0,1,0,0.000000,0.080000,0.008000,0.001000,7.000000,0.160000,22.000000,0.025000,0.000000
4.652000,0.500000,0.640000,-2.171170,-0.000000,-2.171170,-0.183422,0.000000,0.183422,0.054563,-0.036760,0.030969,0.030969,-0.023594,-0.159280,-0.122520,0.014674,0.014648,-0.000635,-0.165161,0.005882,-2.695436,0.150582,-2.544854,-2.544854,-2.544854,-1.272427,-1.272427,0,0,1,0,0.000000,0.080000,0.008000,0.001000,7.000000,0.160000,22.000000,0.025000,0.000000
4.657000,0.500000,0.640000,-2.171675,-0.000000,-2.171675,-0.178570,0.000000,0.178570,0.054563,-0.036760,0.030969,0.030969,-0.023594,-0.159280,-0.122520,0.014286,0.014655,-0.000970,-0.165161,0.005882,-2.695436,0.000000,-2.695436,-2.695436,-2.695436,-1.347718,-1.347718,0,0,1,0,0.000000,0.080000,0.008000,0.001000,7.000000,0.160000,22.000000,0.025000,0.000000
4.662000,0.500000,0.640000,-2.172025,-0.000000,-2.172025,-0.172598,0.000000,0.172598,0.052707,-0.072667,0.030969,0.030969,-0.021738,-0.140541,-0.067874,0.013808,0.014662,-0.001194,-0.152168,0.011627,-1.493226,0.273230,-1.219996,-1.219996,-1.219996,-0.609998,-0.609998,0,0,1,0,0.000000,0.080000,0.008000,0.001000,7.000000,0.160000,22.000000,0.025000,0.000000
4.667000,0.500000,0.640000,-2.172236,-0.000000,-2.172236,-0.165519,0.000000,0.165519,0.052707,-0.072667,0.030969,0.030969,-0.021738,-0.140541,-0.067874,0.013242,0.014668,-0.001416,-0.152168,0.011627,-1.493226,0.000000,-1.493226,-1.493226,-1.493226,-0.746613,-0.746613,0,0,1,0,0.000000,0.080000,0.008000,0.001000,7.000000,0.160000,22.000000,0.025000,0.000000
4.672000,0.500000,0.640000,-2.172355,-0.000000,-2.172355,-0.158195,0.000000,0.158195,0.050054,-0.113231,0.030969,0.030969,-0.019085,-0.115477,-0.002247,0.012656,0.014675,-0.001465,-0.133594,0.018117,-0.049424,0.328137,0.278713,0.278713,0.278713,0.139357,0.139357,0,0,1,0,0.000000,0.080000,0.008000,0.001000,7.000000,0.160000,22.000000,0.025000,0.000000
4.677000,0.500000,0.640000,-2.172406,-0.000000,-2.172406,-0.150505,0.000000,0.150505,0.050054,-0.113231,0.030969,0.030969,-0.019085,-0.115477,-0.002247,0.012040,0.014681,-0.001538,-0.133594,0.018117,-0.049424,0.000000,-0.049424,-0.049424,-0.049424,-0.024712,-0.024712,0,0,1,0,0.000000,0.080000,0.008000,0.001000,7.000000,0.160000,22.000000,0.025000,0.000000
4.682000,0.500000,0.640000,-2.172441,-0.000000,-2.172441,-0.143408,0.000000,0.143408,0.047041,-0.148776,0.030969,0.030969,-0.016072,-0.088700,0.060076,0.011473,0.014687,-0.001419,-0.112504,0.023804,1.321678,0.311614,1.633292,1.633292,1.633292,0.816646,0.816646,0,0,1,0,0.000000,0.080000,0.008000,0.001000,7.000000,0.160000,22.000000,0.025000,0.000000
4.687000,0.500000,0.640000,-2.172485,-0.000000,-2.172485,-0.136691,0.000000,0.136691,0.047041,-0.148776,0.030969,0.030969,-0.016072,-0.088700,0.060076,0.010935,0.014692,-0.001343,-0.112504,0.023804,1.321678,0.000000,1.321678,1.321678,1.321678,0.660839,0.660839,0,0,1,0,0.000000,0.080000,0.008000,0.001000,7.000000,0.160000,22.000000,0.025000,0.000000
4.692000,0.500000,0.640000,-2.172584,-0.000000,-2.172584,-0.131204,0.000000,0.131204,0.044139,-0.171710,0.030969,0.030969,-0.013170,-0.064719,0.106991,0.010496,0.014697,-0.001097,-0.092193,0.027474,2.353806,0.234575,2.588380,2.588380,2.588380,1.294190,1.294190,0,0,1,0,0.000000,0.080000,0.008000,0.001000,7.000000,0.160000,22.000000,0.025000,0.000000
4.701000,0.500000,0.640000,-2.173046,-0.000000,-2.173046,-0.123741,0.000000,0.123741,0.041756,-0.177828,0.030969,0.030969,-0.010787,-0.047060,0.130769,0.009899,0.014706,-0.000829,-0.075512,0.028453,2.876913,0.066049,2.942961,2.942961,2.942961,1.471481,1.471481,0,0,1,0,0.000000,0.080000,0.008000,0.001000,7.000000,0.160000,22.000000,0.025000,0.000000
4.706000,0.500000,0.640000,-2.173463,-0.000000,-2.173463,-0.122228,0.000000,0.122228,0.041756,-0.177828,0.030969,0.030969,-0.010787,-0.047060,0.130769,0.009778,0.014711,-0.000303,-0.075512,0.028453,2.876913,0.000000,2.876913,2.876913,2.876913,1.438456,1.438456,0,0,1,0,0.000000,0.080000,0.008000,0.001000,7.000000,0.160000,22.000000,0.025000,0.000000
4.711000,0.500000,0.640000,-2.174016,-0.000000,-2.174016,-0.122225,0.000000,0.122225,0.040186,-0.166253,0.030969,0.030969,-0.009217,-0.037918,0.128335,0.009778,0.014716,-0.000001,-0.064518,0.026600,2.823360,-0.012171,2.811189,2.811189,2.811189,1.405595,1.405595,0,0,1,0,0.000000,0.080000,0.008000,0.001000,7.000000,0.160000,22.000000,0.025000,0.000000
4.716000,0.500000,0.640000,-2.174709,-0.000000,-2.174709,-0.123576,0.000000,0.123576,0.040186,-0.166253,0.030969,0.030969,-0.009217,-0.037918,0.128335,0.009886,0.014721,0.000270,-0.064518,0.026600,2.823360,0.000000,2.823360,2.823360,2.823360,1.411680,1.411680,0,0,1,0,0.000000,0.080000,0.008000,0.001000,7.000000,0.160000,22.000000,0.025000,0.000000
4.721000,0.500000,0.640000,-2.175532,-0.000000,-2.175532,-0.126139,0.000000,0.126139,0.039486,-0.140923,0.030969,0.030969,-0.008517,-0.037070,0.103853,0.010091,0.014726,0.000513,-0.059618,0.022548,2.284759,-0.122409,2.162349,2.162349,2.162349,1.081175,1.081175,0,0,1,0,0.000000,0.080000,0.008000,0.001000,7.000000,0.160000,22.000000,0.025000,0.000000
4.726000,0.500000,0.640000,-2.176481,-0.000000,-2.176481,-0.129820,0.000000,0.129820,0.039486,-0.140923,0.030969,0.030969,-0.008517,-0.037070,0.103853,0.010386,0.014731,0.000736,-0.059618,0.022548,2.284759,0.000000,2.284759,2.284759,2.284759,1.142379,1.142379,0,0,1,0,0.000000,0.080000,0.008000,0.001000,7.000000,0.160000,22.000000,0.025000,0.000000
4.731000,0.500000,0.640000,-2.177532,-0.000000,-2.177532,-0.134181,0.000000,0.134181,0.039558,-0.107582,0.030969,0.030969,-0.008589,-0.042913,0.064669,0.010734,0.014736,0.000872,-0.060126,0.017213,1.422722,-0.195917,1.226805,1.226805,1.226805,0.613402,0.613402,0,0,1,0,0.000000,0.080000,0.008000,0.001000,7.000000,0.160000,22.000000,0.025000,0.000000
4.736000,0.500000,0.640000,-2.178672,-0.000000,-2.178672,-0.139227,0.000000,0.139227,0.039558,-0.107582,0.030969,0.030969,-0.008589,-0.042913,0.064669,0.011138,0.014742,0.001009,-0.060126,0.017213,1.422722,0.000000,1.422722,1.422722,1.422722,0.711361,0.711361,0,0,1,0,0.000000,0.080000,0.008000,0.001000,7.000000,0.160000,22.000000,0.025000,0.000000
4.741000,0.500000,0.640000,-2.178672,-0.000000,-2.178672,-0.139227,0.000000,0.139227,0.040168,-0.073010,0.030969,0.030969,-0.009200,-0.052717,0.020294,0.011138,0.014748,0.000000,-0.064398,0.011682,0.446457,-0.221878,0.224579,0.224579,0.224579,0.112290,0.112290,0,0,1,0,0.000000,0.080000,0.008000,0.001000,7.000000,0.160000,22.000000,0.025000,0.000000
4.750000,0.500000,0.640000,-2.181100,-0.000000,-2.181100,-0.149632,0.000000,0.149632,0.041004,-0.043545,0.030969,0.030969,-0.010036,-0.063283,-0.019738,0.011971,0.014758,0.001156,-0.070250,0.006967,-0.434232,-0.111198,-0.545431,-0.545431,-0.545431,-0.272715,-0.272715,0,0,1,0,0.000000,0.080000,0.008000,0.001000,7.000000,0.160000,22.000000,0.025000,0.000000
4.755000,0.500000,0.640000,-2.182338,-0.000000,-2.182338,-0.154438,0.000000,0.154438,0.041004,-0.043545,0.030969,0.030969,-0.010036,-0.063283,-0.019738,0.012355,0.014765,0.000961,-0.070250,0.006967,-0.434232,0.000000,-0.434232,-0.434232,-0.434232,-0.217116,-0.217116,0,0,1,0,0.000000,0.080000,0.008000,0.001000,7.000000,0.160000,22.000000,0.025000,0.000000
4.760000,0.500000,0.640000,-2.183554,-0.000000,-2.183554,-0.158796,0.000000,0.158796,0.041004,-0.043545,0.030969,0.030969,-0.010036,-0.063283,-0.019738,0.012704,0.014771,0.000872,-0.070250,0.006967,-0.434232,0.000000,-0.434232,-0.434232,-0.434232,-0.217116,-0.217116,0,0,1,0,0.000000,0.080000,0.008000,0.001000,7.000000,0.160000,22.000000,0.025000,0.000000
4.765000,0.500000,0.640000,-2.184726,-0.000000,-2.184726,-0.162335,0.000000,0.162335,0.041723,-0.024248,0.030969,0.030969,-0.010755,-0.071403,-0.047154,0.012987,0.014777,0.000708,-0.075282,0.003880,-1.037396,-0.137083,-1.174479,-1.174479,-1.174479,-0.587240,-0.587240,0,0,1,0,0.000000,0.080000,0.008000,0.001000,7.000000,0.160000,22.000000,0.025000,0.000000
4.770000,0.500000,0.640000,-2.185842,-0.000000,-2.185842,-0.165175,0.000000,0.165175,0.041723,-0.024248,0.030969,0.030969,-0.010755,-0.071403,-0.047154,0.013214,0.014784,0.000568,-0.075282,0.003880,-1.037396,0.000000,-1.037396,-1.037396,-1.037396,-0.518698,-0.518698,0,0,1,0,0.000000,0.080000,0.008000,0.001000,7.000000,0.160000,22.000000,0.025000,0.000000
4.775000,0.500000,0.640000,-2.186907,-0.000000,-2.186907,-0.167365,0.000000,0.167365,0.042131,-0.014507,0.030969,0.030969,-0.011163,-0.075817,-0.061310,0.013389,0.014791,0.000438,-0.078138,0.002321,-1.348816,-0.070777,-1.419593,-1.419593,-1.419593,-0.709796,-0.709796,0,0,1,0,0.000000,0.080000,0.008000,0.001000,7.000000,0.160000,22.000000,0.025000,0.000000
4.780000,0.500000,0.640000,-2.187899,-0.000000,-2.187899,-0.168568,0.000000,0.168568,0.042131,-0.014507,0.030969,0.030969,-0.011163,-0.075817,-0.061310,0.013485,0.014797,0.000241,-0.078138,0.002321,-1.348816,0.000000,-1.348816,-1.348816,-1.348816,-0.674408,-0.674408,0,0,1,0,0.000000,0.080000,0.008000,0.001000,7.000000,0.160000,22.000000,0.025000,0.000000
4.785000,0.500000,0.640000,-2.188809,-0.000000,-2.188809,-0.168932,0.000000,0.168932,0.042115,-0.016243,0.030969,0.030969,-0.011146,-0.075422,-0.059179,0.013515,0.014804,0.000073,-0.078021,0.002599,-1.301945,0.010652,-1.291292,-1.291292,-1.291292,-0.645646,-0.645646,0,0,1,0,0.000000,0.080000,0.008000,0.001000,7.000000,0.160000,22.000000,0.025000,0.000000
4.790000,0.500000,0.640000,-2.189633,-0.000000,-2.189633,-0.168359,0.000000,0.168359,0.042115,-0.016243,0.030969,0.030969,-0.011146,-0.075422,-0.059179,0.013469,0.014811,-0.000115,-0.078021,0.002599,-1.301945,0.000000,-1.301945,-1.301945,-1.301945,-0.650972,-0.650972,0,0,1,0,0.000000,0.080000,0.008000,0.001000,7.000000,0.160000,22.000000,0.025000,0.000000
4.795000,0.500000,0.640000,-2.190369,-0.000000,-2.190369,-0.166951,0.000000,0.166951,0.041573,-0.028030,0.030969,0.030969,-0.010604,-0.069742,-0.041713,0.013356,0.014818,-0.000282,-0.074227,0.004485,-0.917683,0.087332,-0.830350,-0.830350,-0.830350,-0.415175,-0.415175,0,0,1,0,0.000000,0.080000,0.008000,0.001000,7.000000,0.160000,22.000000,0.025000,0.000000
4.804000,0.500000,0.640000,-2.191601,-0.000000,-2.191601,-0.162120,0.000000,0.162120,0.040530,-0.045813,0.030969,0.030969,-0.009561,-0.059598,-0.013785,0.012970,0.014829,-0.000537,-0.066928,0.007330,-0.303271,0.077577,-0.225694,-0.225694,-0.225694,-0.112847,-0.112847,0,0,1,0,0.000000,0.080000,0.008000,0.001000,7.000000,0.160000,22.000000,0.025000,0.000000
4.809000,0.500000,0.640000,-2.192126,-0.000000,-2.192126,-0.159043,0.000000,0.159043,0.040530,-0.045813,0.030969,0.030969,-0.009561,-0.059598,-0.013785,0.012723,0.014836,-0.000615,-0.066928,0.007330,-0.303271,0.000000,-0.303271,-0.303271,-0.303271,-0.151635,-0.151635,0,0,1,0,0.000000,0.080000,0.008000,0.001000,7.000000,0.160000,22.000000,0.025000,0.000000
4.814000,0.500000,0.640000,-2.192615,-0.000000,-2.192615,-0.155888,0.000000,0.155888,0.039157,-0.064736,0.030969,0.030969,-0.008188,-0.046959,0.017776,0.012471,0.014842,-0.000631,-0.057317,0.010358,0.391076,0.157806,0.548883,0.548883,0.548883,0.274441,0.274441,0,0,1,0,0.000000,0.080000,0.008000,0.001000,7.000000,0.160000,22.000000,0.025000,0.000000
4.819000,0.500000,0.640000,-2.193078,-0.000000,-2.193078,-0.152622,0.000000,0.152622,0.039157,-0.064736,0.030969,0.030969,-0.008188,-0.046959,0.017776,0.012210,0.014848,-0.000653,-0.057317,0.010358,0.391076,0.000000,0.391076,0.391076,0.391076,0.195538,0.195538,0,0,1,0,0.000000,0.080000,0.008000,0.001000,7.000000,0.160000,22.000000,0.025000,0.000000
4.824000,0.500000,0.640000,-2.193542,-0.000000,-2.193542,-0.149700,0.000000,0.149700,0.037658,-0.080403,0.030969,0.030969,-0.006689,-0.033960,0.046443,0.011976,0.014854,-0.000584,-0.046824,0.012864,1.021748,0.143335,1.165083,1.165083,1.165083,0.582541,0.582541,0,0,1,0,0.000000,0.080000,0.008000,0.001000,7.000000,0.160000,22.000000,0.025000,0.000000
4.829000,0.500000,0.640000,-2.194019,-0.000000,-2.194019,-0.147015,0.000000,0.147015,0.037658,-0.080403,0.030969,0.030969,-0.006689,-0.033960,0.046443,0.011761,0.014860,-0.000537,-0.046824,0.012864,1.021748,0.000000,1.021748,1.021748,1.021748,0.510874,0.510874,0,0,1,0,0.000000,0.080000,0.008000,0.001000,7.000000,0.160000,22.000000,0.025000,0.000000
4.834000,0.500000,0.640000,-2.194528,-0.000000,-2.194528,-0.144951,0.000000,0.144951,0.036259,-0.089491,0.030969,0.030969,-0.005291,-0.022716,0.066775,0.011596,0.014866,-0.000413,-0.037035,0.014319,1.469055,0.101661,1.570716,1.570716,1.570716,0.785358,0.785358,0,0,1,0,0.000000,0.080000,0.008000,0.001000,7.000000,0.160000,22.000000,0.025000,0.000000
4.839000,0.500000,0.640000,-2.195080,-0.000000,-2.195080,-0.143386,0.000000,0.143386,0.036259,-0.089491,0.030969,0.030969,-0.005291,-0.022716,0.066775,0.011471,0.014871,-0.000313,-0.037035,0.014319,1.469055,0.000000,1.469055,1.469055,1.469055,0.734528,0.734528,0,0,1,0,0.000000,0.080000,0.008000,0.001000,7.000000,0.160000,22.000000,0.025000,0.000000
4.844000,0.500000,0.640000,-2.195689,-0.000000,-2.195689,-0.142568,0.000000,0.142568,0.035144,-0.090377,0.030969,0.030969,-0.004175,-0.014764,0.075612,0.011405,0.014877,-0.000164,-0.029225,0.014460,1.663472,0.044186,1.707658,1.707658,1.707658,0.853829,0.853829,0,0,1,0,0.000000,0.080000,0.008000,0.001000,7.000000,0.160000,22.000000,0.025000,0.000000
4.849000,0.500000,0.640000,-2.196360,-0.000000,-2.196360,-0.142384,0.000000,0.142384,0.035144,-0.090377,0.030969,0.030969,-0.004175,-0.014764,0.075612,0.011391,0.014883,-0.000037,-0.029225,0.014460,1.663472,0.000000,1.663472,1.663472,1.663472,0.831736,0.831736,0,0,1,0,0.000000,0.080000,0.008000,0.001000,7.000000,0.160000,22.000000,0.025000,0.000000
4.854000,0.500000,0.640000,-2.197096,-0.000000,-2.197096,-0.142907,0.000000,0.142907,0.034421,-0.083281,0.030969,0.030969,-0.003452,-0.010839,0.072442,0.011433,0.014889,0.000105,-0.024164,0.013325,1.593731,-0.015850,1.577881,1.577881,1.577881,0.788941,0.788941,0,0,1,0,0.000000,0.080000,0.008000,0.001000,7.000000,0.160000,22.000000,0.025000,0.000000
4.863000,0.500000,0.640000,-2.198765,-0.000000,-2.198765,-0.145739,0.000000,0.145739,0.034113,-0.070028,0.030969,0.030969,-0.003144,-0.010807,0.059222,0.011659,0.014899,0.000315,-0.022011,0.011205,1.302875,-0.036724,1.266151,1.266151,1.266151,0.633076,0.633076,0,0,1,0,0.000000,0.080000,0.008000,0.001000,7.000000,0.160000,22.000000,0.025000,0.000000
4.868000,0.500000,0.640000,-2.199688,-0.000000,-2.199688,-0.147907,0.000000,0.147907,0.034113,-0.070028,0.030969,0.030969,-0.003144,-0.010807,0.059222,0.011833,0.014905,0.000434,-0.022011,0.011205,1.302875,0.000000,1.302875,1.302875,1.302875,0.651438,0.651438,0,0,1,0,0.000000,0.080000,0.008000,0.001000,7.000000,0.160000,22.000000,0.025000,0.000000
4.873000,0.500000,0.640000,-2.200657,-0.000000,-2.200657,-0.150359,0.000000,0.150359,0.034161,-0.053465,0.030969,0.030969,-0.003192,-0.013792,0.039672,0.012029,0.014911,0.000490,-0.022347,0.008554,0.872787,-0.097747,0.775040,0.775040,0.775040,0.387520,0.387520,0,0,1,0,0.000000,0.080000,0.008000,0.001000,7.000000,0.160000,22.000000,0.025000,0.000000
4.878000,0.500000,0.640000,-2.201666,-0.000000,-2.201666,-0.153087,0.000000,0.153087,0.034161,-0.053465,0.030969,0.030969,-0.003192,-0.013792,0.039672,0.012247,0.014917,0.000546,-0.022347,0.008554,0.872787,0.000000,0.872787,0.872787,0.872787,0.436394,0.436394,0,0,1,0,0.000000,0.080000,0.008000,0.001000,7.000000,0.160000,22.000000,0.025000,0.000000
4.883000,0.500000,0.640000,-2.202697,-0.000000,-2.202697,-0.155792,0.000000,0.155792,0.034446,-0.036905,0.030969,0.030969,-0.003478,-0.018438,0.018467,0.012463,0.014923,0.000541,-0.024343,0.005905,0.406266,-0.106028,0.300239,0.300239,0.300239,0.150119,0.150119,0,0,1,0,0.000000,0.080000,0.008000,0.001000,7.000000,0.160000,22.000000,0.025000,0.000000
4.888000,0.500000,0.640000,-2.203743,-0.000000,-2.203743,-0.158522,0.000000,0.158522,0.034446,-0.036905,0.030969,0.030969,-0.003478,-0.018438,0.018467,0.012682,0.014930,0.000546,-0.024343,0.005905,0.406266,0.000000,0.406266,0.406266,0.406266,0.203133,0.203133,0,0,1,0,0.000000,0.080000,0.008000,0.001000,7.000000,0.160000,22.000000,0.025000,0.000000
4.893000,0.500000,0.640000,-2.204786,-0.000000,-2.204786,-0.160975,0.000000,0.160975,0.034813,-0.023282,0.030969,0.030969,-0.003844,-0.023185,0.000098,0.012878,0.014936,0.000491,-0.026910,0.003725,0.002152,-0.091844,-0.089692,-0.089692,-0.089692,-0.044846,-0.044846,0,0,1,0,0.000000,0.080000,0.008000,0.001000,7.000000,0.160000,22.000000,0.025000,0.000000
4.898000,0.500000,0.640000,-2.205819,-0.000000,-2.205819,-0.163224,0.000000,0.163224,0.034813,-0.023282,0.030969,0.030969,-0.003844,-0.023185,0.000098,0.013058,0.014943,0.000450,-0.026910,0.003725,0.002152,0.000000,0.002152,0.002152,0.002152,0.001076,0.001076,0,0,1,0,0.000000,0.080000,0.008000,0.001000,7.000000,0.160000,22.000000,0.025000,0.000000
4.907000,0.500000,0.640000,-2.207808,-0.000000,-2.207808,-0.166456,0.000000,0.166456,0.035111,-0.014646,0.030969,0.030969,-0.004143,-0.026655,-0.012009,0.013316,0.014955,0.000359,-0.028999,0.002343,-0.264207,-0.033631,-0.297838,-0.297838,-0.297838,-0.148919,-0.148919,0,0,1,0,0.000000,0.080000,0.008000,0.001000,7.000000,0.160000,22.000000,0.025000,0.000000
4.912000,0.500000,0.640000,-2.208760,-0.000000,-2.208760,-0.167546,0.000000,0.167546,0.035240,-0.010820,0.030969,0.030969,-0.004272,-0.028171,-0.017351,0.013404,0.014961,0.000218,-0.029902,0.001731,-0.381716,-0.026706,-0.408422,-0.408422,-0.408422,-0.204211,-0.204211,0,0,1,0,0.000000,0.080000,0.008000,0.001000,7.000000,0.160000,22.000000,0.025000,0.000000
4.917000,0.500000,0.640000,-2.209676,-0.000000,-2.209676,-0.168164,0.000000,0.168164,0.035240,-0.010820,0.030969,0.030969,-0.004272,-0.028171,-0.017351,0.013453,0.014968,0.000124,-0.029902,0.001731,-0.381716,0.000000,-0.381716,-0.381716,-0.381716,-0.190858,-0.190858,0,0,1,0,0.000000,0.080000,0.008000,0.001000,7.000000,0.160000,22.000000,0.025000,0.000000
4.922000,0.500000,0.640000,-2.210548,-0.000000,-2.210548,-0.168288,0.000000,0.168288,0.035149,-0.012882,0.030969,0.030969,-0.004180,-0.027202,-0.014320,0.013463,0.014975,0.000025,-0.029263,0.002061,-0.315046,0.015152,-0.299893,-0.299893,-0.299893,-0.149947,-0.149947,0,0,1,0,0.000000,0.080000,0.008000,0.001000,7.000000,0.160000,22.000000,0.025000,0.000000
4.927000,0.500000,0.640000,-2.211375,-0.000000,-2.211375,-0.167970,0.000000,0.167970,0.035149,-0.012882,0.030969,0.030969,-0.004180,-0.027202,-0.014320,0.013438,0.014981,-0.000064,-0.029263,0.002061,-0.315046,0.000000,-0.315046,-0.315046,-0.315046,-0.157523,-0.157523,0,0,1,0,0.000000,0.080000,0.008000,0.001000,7.000000,0.160000,22.000000,0.025000,0.000000
4.932000,0.500000,0.640000,-2.212161,-0.000000,-2.212161,-0.167286,0.000000,0.167286,0.034789,-0.019335,0.030969,0.030969,-0.003821,-0.023652,-0.004317,0.013383,0.014988,-0.000137,-0.026745,0.003094,-0.094971,0.050017,-0.044954,-0.044954,-0.044954,-0.022477,-0.022477,0,0,1,0,0.000000,0.080000,0.008000,0.001000,7.000000,0.160000,22.000000,0.025000,0.000000
4.937000,0.500000,0.640000,-2.212910,-0.000000,-2.212910,-0.166258,0.000000,0.166258,0.034789,-0.019335,0.030969,0.030969,-0.003821,-0.023652,-0.004317,0.013301,0.014995,-0.000206,-0.026745,0.003094,-0.094971,0.000000,-0.094971,-0.094971,-0.094971,-0.047485,-0.047485,0,0,1,0,0.000000,0.080000,0.008000,0.001000,7.000000,0.160000,22.000000,0.025000,0.000000
4.942000,0.500000,0.640000,-2.213630,-0.000000,-2.213630,-0.165054,0.000000,0.165054,0.034207,-0.028096,0.030969,0.030969,-0.003238,-0.018170,0.009925,0.013204,0.015001,-0.000241,-0.022666,0.004495,0.218360,0.071212,0.289571,0.289571,0.289571,0.144786,0.144786,0,0,1,0,0.000000,0.080000,0.008000,0.001000,7.000000,0.160000,22.000000,0.025000,0.000000
4.947000,0.500000,0.640000,-2.214326,-0.000000,-2.214326,-0.163662,0.000000,0.163662,0.034207,-0.028096,0.030969,0.030969,-0.003238,-0.018170,0.009925,0.013093,0.015008,-0.000278,-0.022666,0.004495,0.218360,0.000000,0.218360,0.218360,0.218360,0.109180,0.109180,0,0,1,0,0.000000,0.080000,0.008000,0.001000,7.000000,0.160000,22.000000,0.025000,0.000000
4.956000,0.500000,0.640000,-2.215687,-0.000000,-2.215687,-0.160922,0.000000,0.160922,0.033488,-0.036855,0.030969,0.030969,-0.002519,-0.011737,0.025117,0.012874,0.015020,-0.000304,-0.017634,0.005897,0.552578,0.042199,0.594777,0.594777,0.594777,0.297388,0.297388,0,0,1,0,0.000000,0.080000,0.008000,0.001000,7.000000,0.160000,22.000000,0.025000,0.000000
4.961000,0.500000,0.640000,-2.216356,-0.000000,-2.216356,-0.159536,0.000000,0.159536,0.032720,-0.044838,0.030969,0.030969,-0.001751,-0.005086,0.039752,0.012763,0.015026,-0.000277,-0.012260,0.007174,0.874546,0.073175,0.947721,0.947721,0.947721,0.473861,0.473861,0,0,1,0,0.000000,0.080000,0.008000,0.001000,7.000000,0.160000,22.000000,0.025000,0.000000
4.966000,0.500000,0.640000,-2.217029,-0.000000,-2.217029,-0.158338,0.000000,0.158338,0.032720,-0.044838,0.030969,0.030969,-0.001751,-0.005086,0.039752,0.012667,0.015032,-0.000240,-0.012260,0.007174,0.874546,0.000000,0.874546,0.874546,0.874546,0.437273,0.437273,0,0,1,0,0.000000,0.080000,0.008000,0.001000,7.000000,0.160000,22.000000,0.025000,0.000000
4.971000,0.500000,0.640000,-2.217725,-0.000000,-2.217725,-0.157498,0.000000,0.157498,0.031991,-0.048785,0.030969,0.030969,-0.001022,0.000652,0.049437,0.012600,0.015039,-0.000168,-0.007153,0.007806,1.087619,0.048426,1.136045,1.136045,1.136045,0.568022,0.568022,0,0,1,0,0.000000,0.080000,0.008000,0.001000,7.000000,0.160000,22.000000,0.025000,0.000000
4.976000,0.500000,0.640000,-2.218448,-0.000000,-2.218448,-0.156948,0.000000,0.156948,0.031991,-0.048785,0.030969,0.030969,-0.001022,0.000652,0.049437,0.012556,0.015045,-0.000110,-0.007153,0.007806,1.087619,0.000000,1.087619,1.087619,1.087619,0.543810,0.543810,0,0,1,0,0.000000,0.080000,0.008000,0.001000,7.000000,0.160000,22.000000,0.025000,0.000000
4.981000,0.500000,0.640000,-2.219203,-0.000000,-2.219203,-0.156803,0.000000,0.156803,0.031434,-0.048223,0.030969,0.030969,-0.000465,0.004461,0.052684,0.012544,0.015051,-0.000029,-0.003254,0.007716,1.159049,0.016234,1.175283,1.175283,1.175283,0.587641,0.587641,0,0,1,0,0.000000,0.080000,0.008000,0.001000,7.000000,0.160000,22.000000,0.025000,0.000000
4.986000,0.500000,0.640000,-2.219993,-0.000000,-2.219993,-0.157004,0.000000,0.157004,0.031434,-0.048223,0.030969,0.030969,-0.000465,0.004461,0.052684,0.012560,0.015057,0.000040,-0.003254,0.007716,1.159049,0.000000,1.159049,1.159049,1.159049,0.579524,0.579524,0,0,1,0,0.000000,0.080000,0.008000,0.001000,7.000000,0.160000,22.000000,0.025000,0.000000
4.991000,0.500000,0.640000,-2.220820,-0.000000,-2.220820,-0.157569,0.000000,0.157569,0.031097,-0.043495,0.030969,0.030969,-0.000128,0.006064,0.049559,0.012606,0.015064,0.000113,-0.000895,0.006959,1.090292,-0.015626,1.074666,1.074666,1.074666,0.537333,0.537333,0,0,1,0,0.000000,0.080000,0.008000,0.001000,7.000000,0.160000,22.000000,0.025000,0.000000
4.996000,0.500000,0.640000,-2.221683,-0.000000,-2.221683,-0.158460,0.000000,0.158460,0.031097,-0.043495,0.030969,0.030969,-0.000128,0.006064,0.049559,0.012677,0.015070,0.000178,-0.000895,0.006959,1.090292,0.000000,1.090292,1.090292,1.090292,0.545146,0.545146,0,0,1,0,0.000000,0.080000,0.008000,0.001000,7.000000,0.160000,22.000000,0.025000,0.000000
5.001000,0.500000,0.640000,-2.222578,-0.000000,-2.222578,-0.159606,0.000000,0.159606,0.030981,-0.035758,0.030969,0.030969,-0.000012,0.005636,0.041394,0.012768,0.015076,0.000229,-0.000085,0.005721,0.910660,-0.040826,0.869834,0.869834,0.869834,0.434917,0.434917,0,0,1,0,0.000000,0.080000,0.008000,0.001000,7.000000,0.160000,22.000000,0.025000,0.000000
5.006000,0.500000,0.640000,-2.223503,-0.000000,-2.223503,-0.160993,0.000000,0.160993,0.030981,-0.035758,0.030969,0.030969,-0.000012,0.005636,0.041394,0.012879,0.015083,0.000277,-0.000085,0.005721,0.910660,0.000000,0.910660,0.910660,0.910660,0.455330,0.455330,0,0,1,0,0.000000,0.080000,0.008000,0.001000,7.000000,0.160000,22.000000,0.025000,0.000000
5.015000,0.500000,0.640000,-2.224450,-0.000000,-2.224450,-0.162485,0.000000,0.162485,0.031045,-0.026660,0.030969,0.030969,-0.000076,0.003732,0.030392,0.012999,0.015095,0.000166,-0.000534,0.004266,0.668621,-0.030560,0.638061,0.638061,0.638061,0.319031,0.319031,0,0,1,0,0.000000,0.080000,0.008000,0.001000,7.000000,0.160000,22.000000,0.025000,0.000000
5.020000,0.500000,0.640000,-2.225416,-0.000000,-2.225416,-0.164094,0.000000,0.164094,0.031232,-0.021594,0.030969,0.030969,-0.000263,0.001611,0.023205,0.013128,0.015101,0.000322,-0.001844,0.003455,0.510506,-0.035935,0.474571,0.474571,0.474571,0.237285,0.237285,0,0,1,0,0.000000,0.080000,0.008000,0.001000,7.000000,0.160000,22.000000,0.025000,0.000000
5.025000,0.500000,0.640000,-2.226400,-0.000000,-2.226400,-0.165808,0.000000,0.165808,0.031232,-0.017034,0.030969,0.030969,-0.000263,0.000882,0.017915,0.013265,0.015108,0.000343,-0.001844,0.002725,0.394137,-0.026447,0.367690,0.367690,0.367690,0.183845,0.183845,0,0,1,0,0.000000,0.080000,0.008000,0.001000,7.000000,0.160000,22.000000,0.025000,0.000000
5.030000,0.500000,0.640000,-2.227394,-0.000000,-2.227394,-0.167476,0.000000,0.167476,0.031232,-0.017034,0.030969,0.030969,-0.000263,0.000882,0.017915,0.013398,0.015114,0.000333,-0.001844,0.002725,0.394137,0.000000,0.394137,0.394137,0.394137,0.197069,0.197069,0,0,1,0,0.000000,0.080000,0.008000,0.001000,7.000000,0.160000,22.000000,0.025000,0.000000
5.035000,0.500000,0.640000,-2.228387,-0.000000,-2.228387,-0.169012,0.000000,0.169012,0.031478,-0.009277,0.030969,0.030969,-0.000509,-0.002079,0.007198,0.013521,0.015121,0.000307,-0.003563,0.001484,0.158367,-0.053584,0.104782,0.104782,0.104782,0.052391,0.052391,0,0,1,0,0.000000,0.080000,0.008000,0.001000,7.000000,0.160000,22.000000,0.025000,0.000000
5.040000,0.500000,0.640000,-2.229372,-0.000000,-2.229372,-0.170371,0.000000,0.170371,0.031478,-0.009277,0.030969,0.030969,-0.000509,-0.002079,0.007198,0.013630,0.015128,0.000272,-0.003563,0.001484,0.158367,0.000000,0.158367,0.158367,0.158367,0.079183,0.079183,0,0,1,0,0.000000,0.080000,0.008000,0.001000,7.000000,0.160000,22.000000,0.025000,0.000000
5.045000,0.500000,0.640000,-2.230348,-0.000000,-2.230348,-0.171578,0.000000,0.171578,0.031683,-0.004083,0.030969,0.030969,-0.000714,-0.004344,-0.000261,0.013726,0.015135,0.000241,-0.004998,0.000653,-0.005751,-0.037300,-0.043051,-0.043051,-0.043051,-0.021525,-0.021525,0,0,1,0,0.000000,0.080000,0.008000,0.001000,7.000000,0.160000,22.000000,0.025000,0.000000
5.050000,0.500000,0.640000,-2.231308,-0.000000,-2.231308,-0.172521,0.000000,0.172521,0.031683,-0.004083,0.030969,0.030969,-0.000714,-0.004344,-0.000261,0.013802,0.015142,0.000189,-0.004998,0.000653,-0.005751,0.000000,-0.005751,-0.005751,-0.005751,-0.002876,-0.002876,0,0,1,0,0.000000,0.080000,0.008000,0.001000,7.000000,0.160000,22.000000,0.025000,0.000000
5.059000,0.500000,0.640000,-2.233164,-0.000000,-2.233164,-0.173605,0.000000,0.173605,0.031794,-0.002254,0.030969,0.030969,-0.000825,-0.005414,-0.003160,0.013888,0.015154,0.000120,-0.005775,0.000361,-0.069525,-0.008052,-0.077577,-0.077577,-0.077577,-0.038789,-0.038789,0,0,1,0,0.000000,0.080000,0.008000,0.001000,7.000000,0.160000,22.000000,0.025000,0.000000
5.064000,0.500000,0.640000,-2.234053,-0.000000,-2.234053,-0.173703,0.000000,0.173703,0.031754,-0.004015,0.030969,0.030969,-0.000786,-0.004858,-0.000843,0.013896,0.015161,0.000020,-0.005500,0.000642,-0.018545,0.011586,-0.006958,-0.006958,-0.006958,-0.003479,-0.003479,0,0,1,0,0.000000,0.080000,0.008000,0.001000,7.000000,0.160000,22.000000,0.025000,0.000000
5.069000,0.500000,0.640000,-2.234913,-0.000000,-2.234913,-0.173497,0.000000,0.173497,0.031754,-0.004015,0.030969,0.030969,-0.000786,-0.004858,-0.000843,0.013880,0.015168,-0.000041,-0.005500,0.000642,-0.018545,0.000000,-0.018545,-0.018545,-0.018545,-0.009272,-0.009272,0,0,1,0,0.000000,0.080000,0.008000,0.001000,7.000000,0.160000,22.000000,0.025000,0.000000
5.074000,0.500000,0.640000,-2.235745,-0.000000,-2.235745,-0.173048,0.000000,0.173048,0.031541,-0.008721,0.030969,0.030969,-0.000572,-0.002608,0.006113,0.013844,0.015175,-0.000090,-0.004003,0.001395,0.134489,0.034780,0.169269,0.169269,0.169269,0.084635,0.084635,0,0,1,0,0.000000,0.080000,0.008000,0.001000,7.000000,0.160000,22.000000,0.025000,0.000000
5.079000,0.500000,0.640000,-2.236553,-0.000000,-2.236553,-0.172370,0.000000,0.172370,0.031541,-0.008721,0.030969,0.030969,-0.000572,-0.002608,0.006113,0.013790,0.015182,-0.000136,-0.004003,0.001395,0.134489,0.000000,0.134489,0.134489,0.134489,0.067244,0.067244,0,0,1,0,0.000000,0.080000,0.008000,0.001000,7.000000,0.160000,22.000000,0.025000,0.000000
5.084000,0.500000,0.640000,-2.237341,-0.000000,-2.237341,-0.171577,0.000000,0.171577,0.031176,-0.014912,0.030969,0.030969,-0.000207,0.000938,0.015850,0.013726,0.015189,-0.000158,-0.001448,0.002386,0.348711,0.048687,0.397398,0.397398,0.397398,0.198699,0.198699,0,0,1,0,0.000000,0.080000,0.008000,0.001000,7.000000,0.160000,22.000000,0.025000,0.000000
5.089000,0.500000,0.640000,-2.238114,-0.000000,-2.238114,-0.170662,0.000000,0.170662,0.031176,-0.014912,0.030969,0.030969,-0.000207,0.000938,0.015850,0.013653,0.015196,-0.000183,-0.001448,0.002386,0.348711,0.000000,0.348711,0.348711,0.348711,0.174355,0.174355,0,0,1,0,0.000000,0.080000,0.008000,0.001000,7.000000,0.160000,22.000000,0.025000,0.000000
5.094000,0.500000,0.640000,-2.238879,-0.000000,-2.238879,-0.169772,0.000000,0.169772,0.030720,-0.021023,0.030969,0.030969,0.000249,0.005107,0.026131,0.013582,0.015202,-0.000178,0.001743,0.003364,0.574874,0.051401,0.626275,0.626275,0.626275,0.313138,0.313138,0,0,1,0,0.000000,0.080000,0.008000,0.001000,7.000000,0.160000,22.000000,0.025000,0.000000
5.099000,0.500000,0.640000,-2.239641,-0.000000,-2.239641,-0.168878,0.000000,0.168878,0.030720,-0.021023,0.030969,0.030969,0.000249,0.005107,0.026131,0.013510,0.015209,-0.000179,0.001743,0.003364,0.574874,0.000000,0.574874,0.574874,0.574874,0.287437,0.287437,0,0,1,0,0.000000,0.080000,0.008000,0.001000,7.000000,0.160000,22.000000,0.025000,0.000000
5.104000,0.500000,0.640000,-2.240406,-0.000000,-2.240406,-0.168128,0.000000,0.168128,0.030246,-0.025679,0.030969,0.030969,0.000723,0.009167,0.034846,0.013450,0.015216,-0.000150,0.005058,0.004109,0.766609,0.043576,0.810185,0.810185,0.810185,0.405092,0.405092,0,0,1,0,0.000000,0.080000,0.008000,0.001000,7.000000,0.160000,22.000000,0.025000,0.000000
5.109000,0.500000,0.640000,-2.241180,-0.000000,-2.241180,-0.167482,0.000000,0.167482,0.030246,-0.025679,0.030969,0.030969,0.000723,0.009167,0.034846,0.013399,0.015223,-0.000129,0.005058,0.004109,0.766609,0.000000,0.766609,0.766609,0.766609,0.383304,0.383304,0,0,1,0,0.000000,0.080000,0.008000,0.001000,7.000000,0.160000,22.000000,0.025000,0.000000
5.118000,0.500000,0.640000,-2.242771,-0.000000,-2.242771,-0.166809,0.000000,0.166809,0.029825,-0.027950,0.030969,0.030969,0.001144,0.012478,0.040428,0.013345,0.015235,-0.000075,0.008006,0.004472,0.889408,0.015505,0.904912,0.904912,0.904912,0.452456,0.452456,0,0,1,0,0.000000,0.080000,0.008000,0.001000,7.000000,0.160000,22.000000,0.025000,0.000000
5.123000,0.500000,0.640000,-2.243591,-0.000000,-2.243591,-0.166728,0.000000,0.166728,0.029502,-0.027962,0.030969,0.030969,0.001467,0.014740,0.042702,0.013338,0.015241,-0.000016,0.010266,0.004474,0.939434,0.011370,0.950804,0.950804,0.950804,0.475402,0.475402,0,0,1,0,0.000000,0.080000,0.008000,0.001000,7.000000,0.160000,22.000000,0.025000,0.000000
5.128000,0.500000,0.640000,-2.244430,-0.000000,-2.244430,-0.166870,0.000000,0.166870,0.029502,-0.027962,0.030969,0.030969,0.001467,0.014740,0.042702,0.013350,0.015248,0.000028,0.010266,0.004474,0.939434,0.000000,0.939434,0.939434,0.939434,0.469717,0.469717,0,0,1,0,0.000000,0.080000,0.008000,0.001000,7.000000,0.160000,22.000000,0.025000,0.000000
5.133000,0.500000,0.640000,-2.245292,-0.000000,-2.245292,-0.167241,0.000000,0.167241,0.029299,-0.025282,0.030969,0.030969,0.001670,0.015735,0.041016,0.013379,0.015255,0.000074,0.011689,0.004045,0.902358,-0.008426,0.893931,0.893931,0.893931,0.446966,0.446966,0,0,1,0,0.000000,0.080000,0.008000,0.001000,7.000000,0.160000,22.000000,0.025000,0.000000
5.138000,0.500000,0.640000,-2.246177,-0.000000,-2.246177,-0.167818,0.000000,0.167818,0.029299,-0.025282,0.030969,0.030969,0.001670,0.015735,0.041016,0.013425,0.015261,0.000115,0.011689,0.004045,0.902358,0.000000,0.902358,0.902358,0.902358,0.451179,0.451179,0,0,1,0,0.000000,0.080000,0.008000,0.001000,7.000000,0.160000,22.000000,0.025000,0.000000
5.143000,0.500000,0.640000,-2.247083,-0.000000,-2.247083,-0.168558,0.000000,0.168558,0.029234,-0.020664,0.030969,0.030969,0.001735,0.015452,0.036115,0.013485,0.015268,0.000148,0.012145,0.003306,0.794537,-0.024505,0.770033,0.770033,0.770033,0.385016,0.385016,0,0,1,0,0.000000,0.080000,0.008000,0.001000,7.000000,0.160000,22.000000,0.025000,0.000000
5.148000,0.500000,0.640000,-2.248007,-0.000000,-2.248007,-0.169453,0.000000,0.169453,0.029234,-0.020664,0.030969,0.030969,0.001735,0.015452,0.036115,0.013556,0.015275,0.000179,0.012145,0.003306,0.794537,0.000000,0.794537,0.794537,0.794537,0.397269,0.397269,0,0,1,0,0.000000,0.080000,0.008000,0.001000,7.000000,0.160000,22.000000,0.025000,0.000000
5.153000,0.500000,0.640000,-2.248947,-0.000000,-2.248947,-0.170420,0.000000,0.170420,0.029282,-0.015121,0.030969,0.030969,0.001687,0.014226,0.029347,0.013634,0.015282,0.000193,0.011807,0.002419,0.645630,-0.033843,0.611787,0.611787,0.611787,0.305893,0.305893,0,0,1,0,0.000000,0.080000,0.008000,0.001000,7.000000,0.160000,22.000000,0.025000,0.000000
5.162000,0.500000,0.640000,-2.250857,-0.000000,-2.250857,-0.172486,0.000000,0.172486,0.029400,-0.009749,0.030969,0.030969,0.001568,0.012538,0.022287,0.013799,0.015294,0.000230,0.010978,0.001560,0.490319,-0.019610,0.470709,0.470709,0.470709,0.235354,0.235354,0,0,1,0,0.000000,0.080000,0.008000,0.001000,7.000000,0.160000,22.000000,0.025000,0.000000
5.167000,0.500000,0.640000,-2.251818,-0.000000,-2.251818,-0.173482,0.000000,0.173482,0.029400,-0.009749,0.030969,0.030969,0.001568,0.012538,0.022287,0.013879,0.015301,0.000199,0.010978,0.001560,0.490319,0.000000,0.490319,0.490319,0.490319,0.245159,0.245159,0,0,1,0,0.000000,0.080000,0.008000,0.001000,7.000000,0.160000,22.000000,0.025000,0.000000
5.172000,0.500000,0.640000,-2.252777,-0.000000,-2.252777,-0.174382,0.000000,0.174382,0.029533,-0.005554,0.030969,0.030969,0.001435,0.010937,0.016491,0.013951,0.015308,0.000180,0.010048,0.000889,0.362793,-0.028983,0.333809,0.333809,0.333809,0.166905,0.166905,0,0,1,0,0.000000,0.080000,0.008000,0.001000,7.000000,0.160000,22.000000,0.025000,0.000000
5.177000,0.500000,0.640000,-2.253732,-0.000000,-2.253732,-0.175202,0.000000,0.175202,0.029533,-0.005554,0.030969,0.030969,0.001435,0.010937,0.016491,0.014016,0.015315,0.000164,0.010048,0.000889,0.362793,0.000000,0.362793,0.362793,0.362793,0.181396,0.181396,0,0,1,0,0.000000,0.080000,0.008000,0.001000,7.000000,0.160000,22.000000,0.025000,0.000000
5.182000,0.500000,0.640000,-2.254679,-0.000000,-2.254679,-0.175865,0.000000,0.175865,0.029636,-0.003088,0.030969,0.030969,0.001333,0.009824,0.012912,0.014069,0.015322,0.000133,0.009330,0.000494,0.284066,-0.017892,0.266173,0.266173,0.266173,0.133087,0.133087,0,0,1,0,0.000000,0.080000,0.008000,0.001000,7.000000,0.160000,22.000000,0.025000,0.000000
5.187000,0.500000,0.640000,-2.255616,-0.000000,-2.255616,-0.176398,0.000000,0.176398,0.029636,-0.003088,0.030969,0.030969,0.001333,0.009824,0.012912,0.014112,0.015329,0.000107,0.009330,0.000494,0.284066,0.000000,0.284066,0.284066,0.284066,0.142033,0.142033,0,0,1,0,0.000000,0.080000,0.008000,0.001000,7.000000,0.160000,22.000000,0.025000,0.000000
5.192000,0.500000,0.640000,-2.256539,-0.000000,-2.256539,-0.176760,0.000000,0.176760,0.029671,-0.002561,0.030969,0.030969,0.001298,0.009493,0.012054,0.014141,0.015336,0.000072,0.009083,0.000410,0.265184,-0.004291,0.260892,0.260892,0.260892,0.130446,0.130446,0,0,1,0,0.000000,0.080000,0.008000,0.001000,7.000000,0.160000,22.000000,0.025000,0.000000
5.197000,0.500000,0.640000,-2.257450,-0.000000,-2.257450,-0.176974,0.000000,0.176974,0.029671,-0.002561,0.030969,0.030969,0.001298,0.009493,0.012054,0.014158,0.015343,0.000043,0.009083,0.000410,0.265184,0.000000,0.265184,0.265184,0.265184,0.132592,0.132592,0,0,1,0,0.000000,0.080000,0.008000,0.001000,7.000000,0.160000,22.000000,0.025000,0.000000
5.206000,0.500000,0.640000,-2.259230,-0.000000,-2.259230,-0.176966,0.000000,0.176966,0.029621,-0.003775,0.030969,0.030969,0.001348,0.010038,0.013813,0.014157,0.015356,-0.000001,0.009434,0.000604,0.303876,0.004885,0.308762,0.308762,0.308762,0.154381,0.154381,0,0,1,0,0.000000,0.080000,0.008000,0.001000,7.000000,0.160000,22.000000,0.025000,0.000000
5.211000,0.500000,0.640000,-2.260100,-0.000000,-2.260100,-0.176769,0.000000,0.176769,0.029485,-0.006355,0.030969,0.030969,0.001484,0.011403,0.017758,0.014142,0.015363,-0.000039,0.010386,0.001017,0.390665,0.019725,0.410390,0.410390,0.410390,0.205195,0.205195,0,0,1,0,0.000000,0.080000,0.008000,0.001000,7.000000,0.160000,22.000000,0.025000,0.000000
5.216000,0.500000,0.640000,-2.260959,-0.000000,-2.260959,-0.176479,0.000000,0.176479,0.029485,-0.006355,0.030969,0.030969,0.001484,0.011403,0.017758,0.014118,0.015370,-0.000058,0.010386,0.001017,0.390665,0.000000,0.390665,0.390665,0.390665,0.195333,0.195333,0,0,1,0,0.000000,0.080000,0.008000,0.001000,7.000000,0.160000,22.000000,0.025000,0.000000
5.221000,0.500000,0.640000,-2.261811,-0.000000,-2.261811,-0.176157,0.000000,0.176157,0.029280,-0.009377,0.030969,0.030969,0.001689,0.013321,0.022698,0.014093,0.015377,-0.000065,0.011821,0.001500,0.499358,0.024703,0.524060,0.524060,0.524060,0.262030,0.262030,0,0,1,0,0.000000,0.080000,0.008000,0.001000,7.000000,0.160000,22.000000,0.025000,0.000000
5.226000,0.500000,0.640000,-2.262658,-0.000000,-2.262658,-0.175794,0.000000,0.175794,0.029280,-0.009377,0.030969,0.030969,0.001689,0.013321,0.022698,0.014064,0.015384,-0.000073,0.011821,0.001500,0.499358,0.000000,0.499358,0.499358,0.499358,0.249679,0.249679,0,0,1,0,0.000000,0.080000,0.008000,0.001000,7.000000,0.160000,22.000000,0.025000,0.000000
5.231000,0.500000,0.640000,-2.263503,-0.000000,-2.263503,-0.175463,0.000000,0.175463,0.029043,-0.012120,0.030969,0.030969,0.001925,0.015417,0.027537,0.014037,0.015391,-0.000066,0.013478,0.001939,0.605814,0.024195,0.630008,0.630008,0.630008,0.315004,0.315004,0,0,1,0,0.000000,0.080000,0.008000,0.001000,7.000000,0.160000,22.000000,0.025000,0.000000
5.236000,0.500000,0.640000,-2.264349,-0.000000,-2.264349,-0.175150,0.000000,0.175150,0.029043,-0.012120,0.030969,0.030969,0.001925,0.015417,0.027537,0.014012,0.015398,-0.000063,0.013478,0.001939,0.605814,0.000000,0.605814,0.605814,0.605814,0.302907,0.302907,0,0,1,0,0.000000,0.080000,0.008000,0.001000,7.000000,0.160000,22.000000,0.025000,0.000000
5.241000,0.500000,0.640000,-2.265199,-0.000000,-2.265199,-0.174920,0.000000,0.174920,0.028810,-0.013981,0.030969,0.030969,0.002158,0.017345,0.031326,0.013994,0.015405,-0.000046,0.015108,0.002237,0.689173,0.018945,0.708119,0.708119,0.708119,0.354059,0.354059,0,0,1,0,0.000000,0.080000,0.008000,0.001000,7.000000,0.160000,22.000000,0.025000,0.000000
5.246000,0.500000,0.640000,-2.266055,-0.000000,-2.266055,-0.174755,0.000000,0.174755,0.028810,-0.013981,0.030969,0.030969,0.002158,0.017345,0.031326,0.013980,0.015412,-0.000033,0.015108,0.002237,0.689173,0.000000,0.689173,0.689173,0.689173,0.344587,0.344587,0,0,1,0,0.000000,0.080000,0.008000,0.001000,7.000000,0.160000,22.000000,0.025000,0.000000
5.251000,0.500000,0.640000,-2.266920,-0.000000,-2.266920,-0.174702,0.000000,0.174702,0.028613,-0.014602,0.030969,0.030969,0.002356,0.018826,0.033428,0.013976,0.015419,-0.000011,0.016490,0.002336,0.735423,0.010511,0.745934,0.745934,0.745934,0.372967,0.372967,0,0,1,0,0.000000,0.080000,0.008000,0.001000,7.000000,0.160000,22.000000,0.025000,0.000000
5.256000,0.500000,0.640000,-2.267794,-0.000000,-2.267794,-0.174743,0.000000,0.174743,0.028613,-0.014602,0.030969,0.030969,0.002356,0.018826,0.033428,0.013979,0.015426,0.000008,0.016490,0.002336,0.735423,0.000000,0.735423,0.735423,0.735423,0.367712,0.367712,0,0,1,0,0.000000,0.080000,0.008000,0.001000,7.000000,0.160000,22.000000,0.025000,0.000000
5.265000,0.500000,0.640000,-2.268678,-0.000000,-2.268678,-0.174899,0.000000,0.174899,0.028473,-0.013917,0.030969,0.030969,0.002496,0.019697,0.033614,0.013992,0.015439,0.000017,0.017471,0.002227,0.739505,0.000515,0.740021,0.740021,0.740021,0.370010,0.370010,0,0,1,0,0.000000,0.080000,0.008000,0.001000,7.000000,0.160000,22.000000,0.025000,0.000000
5.270000,0.500000,0.640000,-2.269574,-0.000000,-2.269574,-0.175156,0.000000,0.175156,0.028473,-0.013917,0.030969,0.030969,0.002496,0.019697,0.033614,0.014012,0.015446,0.000051,0.017471,0.002227,0.739505,0.000000,0.739505,0.739505,0.739505,0.369753,0.369753,0,0,1,0,0.000000,0.080000,0.008000,0.001000,7.000000,0.160000,22.000000,0.025000,0.000000
5.275000,0.500000,0.640000,-2.270481,-0.000000,-2.270481,-0.175505,0.000000,0.175505,0.028398,-0.012147,0.030969,0.030969,0.002570,0.019935,0.032083,0.014040,0.015453,0.000070,0.017992,0.001944,0.705816,-0.007657,0.698160,0.698160,0.698160,0.349080,0.349080,0,0,1,0,0.000000,0.080000,0.008000,0.001000,7.000000,0.160000,22.000000,0.025000,0.000000
5.280000,0.500000,0.640000,-2.271398,-0.000000,-2.271398,-0.175941,0.000000,0.175941,0.028398,-0.012147,0.030969,0.030969,0.002570,0.019935,0.032083,0.014075,0.015460,0.000087,0.017992,0.001944,0.705816,0.000000,0.705816,0.705816,0.705816,0.352908,0.352908,0,0,1,0,0.000000,0.080000,0.008000,0.001000,7.000000,0.160000,22.000000,0.025000,0.000000
5.285000,0.500000,0.640000,-2.272325,-0.000000,-2.272325,-0.176456,0.000000,0.176456,0.028386,-0.009551,0.030969,0.030969,0.002582,0.019604,0.029156,0.014116,0.015467,0.000103,0.018076,0.001528,0.641426,-0.014634,0.626792,0.626792,0.626792,0.313396,0.313396,0,0,1,0,0.000000,0.080000,0.008000,0.001000,7.000000,0.160000,22.000000,0.025000,0.000000
5.290000,0.500000,0.640000,-2.273261,-0.000000,-2.273261,-0.177021,0.000000,0.177021,0.028386,-0.009551,0.030969,0.030969,0.002582,0.019604,0.029156,0.014162,0.015474,0.000113,0.018076,0.001528,0.641426,0.000000,0.641426,0.641426,0.641426,0.320713,0.320713,0,0,1,0,0.000000,0.080000,0.008000,0.001000,7.000000,0.160000,22.000000,0.025000,0.000000
5.295000,0.500000,0.640000,-2.274204,-0.000000,-2.274204,-0.177636,0.000000,0.177636,0.028426,-0.006589,0.030969,0.030969,0.002542,0.018851,0.025439,0.014211,0.015481,0.000123,0.017796,0.001054,0.559660,-0.018583,0.541077,0.541077,0.541077,0.270539,0.270539,0,0,1,0,0.000000,0.080000,0.008000,0.001000,7.000000,0.160000,22.000000,0.025000,0.000000
5.300000,0.500000,0.640000,-2.275153,-0.000000,-2.275153,-0.178255,0.000000,0.178255,0.028426,-0.006589,0.030969,0.030969,0.002542,0.018851,0.025439,0.014260,0.015488,0.000124,0.017796,0.001054,0.559660,0.000000,0.559660,0.559660,0.559660,0.279830,0.279830,0,0,1,0,0.000000,0.080000,0.008000,0.001000,7.000000,0.160000,22.000000,0.025000,0.000000
5.305000,0.500000,0.640000,-2.276102,-0.000000,-2.276102,-0.178832,0.000000,0.178832,0.028493,-0.004107,0.030969,0.030969,0.002476,0.017989,0.022096,0.014307,0.015495,0.000115,0.017332,0.000657,0.486120,-0.016714,0.469407,0.469407,0.469407,0.234703,0.234703,0,0,1,0,0.000000,0.080000,0.008000,0.001000,7.000000,0.160000,22.000000,0.025000,0.000000
5.310000,0.500000,0.640000,-2.277051,-0.000000,-2.277051,-0.179379,0.000000,0.179379,0.028493,-0.004107,0.030969,0.030969,0.002476,0.017989,0.022096,0.014350,0.015503,0.000109,0.017332,0.000657,0.486120,0.000000,0.486120,0.486120,0.486120,0.243060,0.243060,0,0,1,0,0.000000,0.080000,0.008000,0.001000,7.000000,0.160000,22.000000,0.025000,0.000000
5.315000,0.500000,0.640000,-2.277997,-0.000000,-2.277997,-0.179851,0.000000,0.179851,0.028551,-0.002446,0.030969,0.030969,0.002418,0.017315,0.019761,0.014388,0.015510,0.000094,0.016924,0.000391,0.434749,-0.011675,0.423073,0.423073,0.423073,0.211537,0.211537,0,0,1,0,0.000000,0.080000,0.008000,0.001000,7.000000,0.160000,22.000000,0.025000,0.000000
5.320000,0.500000,0.640000,-2.278939,-0.000000,-2.278939,-0.180262,0.000000,0.180262,0.028551,-0.002446,0.030969,0.030969,0.002418,0.017315,0.019761,0.014421,0.015517,0.000082,0.016924,0.000391,0.434749,0.000000,0.434749,0.434749,0.434749,0.217374,0.217374,0,0,1,0,0.000000,0.080000,0.008000,0.001000,7.000000,0.160000,22.000000,0.025000,0.000000
5.329000,0.500000,0.640000,-2.280805,-0.000000,-2.280805,-0.180828,0.000000,0.180828,0.028580,-0.001795,0.030969,0.030969,0.002389,0.017010,0.018805,0.014466,0.015530,0.000063,0.016723,0.000287,0.413715,-0.002656,0.411060,0.411060,0.411060,0.205530,0.205530,0,0,1,0,0.000000,0.080000,0.008000,0.001000,7.000000,0.160000,22.000000,0.025000,0.000000
5.334000,0.500000,0.640000,-2.281729,-0.000000,-2.281729,-0.181001,0.000000,0.181001,0.028567,-0.002043,0.030969,0.030969,0.002402,0.017140,0.019183,0.014480,0.015537,0.000035,0.016813,0.000327,0.422023,0.001888,0.423912,0.423912,0.423912,0.211956,0.211956,0,0,1,0,0.000000,0.080000,0.008000,0.001000,7.000000,0.160000,22.000000,0.025000,0.000000
5.339000,0.500000,0.640000,-2.282646,-0.000000,-2.282646,-0.181095,0.000000,0.181095,0.028567,-0.002043,0.030969,0.030969,0.002402,0.017140,0.019183,0.014488,0.015545,0.000019,0.016813,0.000327,0.422023,0.000000,0.422023,0.422023,0.422023,0.211012,0.211012,0,0,1,0,0.000000,0.080000,0.008000,0.001000,7.000000,0.160000,22.000000,0.025000,0.000000
5.344000,0.500000,0.640000,-2.283557,-0.000000,-2.283557,-0.181124,0.000000,0.181124,0.028511,-0.003085,0.030969,0.030969,0.002458,0.017699,0.020784,0.014490,0.015552,0.000006,0.017205,0.000494,0.457251,0.008006,0.465257,0.465257,0.465257,0.232628,0.232628,0,0,1,0,0.000000,0.080000,0.008000,0.001000,7.000000,0.160000,22.000000,0.025000,0.000000
5.349000,0.500000,0.640000,-2.284461,-0.000000,-2.284461,-0.181091,0.000000,0.181091,0.028511,-0.003085,0.030969,0.030969,0.002458,0.017699,0.020784,0.014487,0.015559,-0.000007,0.017205,0.000494,0.457251,0.000000,0.457251,0.457251,0.457251,0.228625,0.228625,0,0,1,0,0.000000,0.080000,0.008000,0.001000,7.000000,0.160000,22.000000,0.025000,0.000000
5.354000,0.500000,0.640000,-2.285361,-0.000000,-2.285361,-0.181023,0.000000,0.181023,0.028415,-0.004568,0.030969,0.030969,0.002554,0.018606,0.023174,0.014482,0.015566,-0.000014,0.017875,0.000731,0.509820,0.011948,0.521767,0.521767,0.521767,0.260884,0.260884,0,0,1,0,0.000000,0.080000,0.008000,0.001000,7.000000,0.160000,22.000000,0.025000,0.000000
5.359000,0.500000,0.640000,-2.286258,-0.000000,-2.286258,-0.180918,0.000000,0.180918,0.028415,-0.004568,0.030969,0.030969,0.002554,0.018606,0.023174,0.014473,0.015574,-0.000021,0.017875,0.000731,0.509820,0.000000,0.509820,0.509820,0.509820,0.254910,0.254910,0,0,1,0,0.000000,0.080000,0.008000,0.001000,7.000000,0.160000,22.000000,0.025000,0.000000
5.368000,0.500000,0.640000,-2.288046,-0.000000,-2.288046,-0.180704,0.000000,0.180704,0.028294,-0.006099,0.030969,0.030969,0.002675,0.019699,0.025797,0.014456,0.015587,-0.000024,0.018723,0.000976,0.567544,0.007288,0.574832,0.574832,0.574832,0.287416,0.287416,0,0,1,0,0.000000,0.080000,0.008000,0.001000,7.000000,0.160000,22.000000,0.025000,0.000000
5.373000,0.500000,0.640000,-2.288938,-0.000000,-2.288938,-0.180588,0.000000,0.180588,0.028162,-0.007540,0.030969,0.030969,0.002807,0.020854,0.028395,0.014447,0.015594,-0.000023,0.019648,0.001206,0.624680,0.012985,0.637665,0.637665,0.637665,0.318833,0.318833,0,0,1,0,0.000000,0.080000,0.008000,0.001000,7.000000,0.160000,22.000000,0.025000,0.000000
5.378000,0.500000,0.640000,-2.289831,-0.000000,-2.289831,-0.180500,0.000000,0.180500,0.028162,-0.007540,0.030969,0.030969,0.002807,0.020854,0.028395,0.014440,0.015601,-0.000018,0.019648,0.001206,0.624680,0.000000,0.624680,0.624680,0.624680,0.312340,0.312340,0,0,1,0,0.000000,0.080000,0.008000,0.001000,7.000000,0.160000,22.000000,0.025000,0.000000
5.383000,0.500000,0.640000,-2.290729,-0.000000,-2.290729,-0.180471,0.000000,0.180471,0.028034,-0.008317,0.030969,0.030969,0.002935,0.021874,0.030191,0.014438,0.015608,-0.000006,0.020544,0.001331,0.664210,0.008984,0.673194,0.673194,0.673194,0.336597,0.336597,0,0,1,0,0.000000,0.080000,0.008000,0.001000,7.000000,0.160000,22.000000,0.025000,0.000000
5.388000,0.500000,0.640000,-2.291631,-0.000000,-2.291631,-0.180489,0.000000,0.180489,0.028034,-0.008317,0.030969,0.030969,0.002935,0.021874,0.030191,0.014439,0.015615,0.000004,0.020544,0.001331,0.664210,0.000000,0.664210,0.664210,0.664210,0.332105,0.332105,0,0,1,0,0.000000,0.080000,0.008000,0.001000,7.000000,0.160000,22.000000,0.025000,0.000000
5.393000,0.500000,0.640000,-2.292539,-0.000000,-2.292539,-0.180576,0.000000,0.180576,0.027934,-0.008329,0.030969,0.030969,0.003035,0.022578,0.030907,0.014446,0.015623,0.000017,0.021245,0.001333,0.679947,0.003577,0.683524,0.683524,0.683524,0.341762,0.341762,0,0,1,0,0.000000,0.080000,0.008000,0.001000,7.000000,0.160000,22.000000,0.025000,0.000000
5.398000,0.500000,0.640000,-2.293454,-0.000000,-2.293454,-0.180721,0.000000,0.180721,0.027934,-0.008329,0.030969,0.030969,0.003035,0.022578,0.030907,0.014458,0.015630,0.000029,0.021245,0.001333,0.679947,0.000000,0.679947,0.679947,0.679947,0.339974,0.339974,0,0,1,0,0.000000,0.080000,0.008000,0.001000,7.000000,0.160000,22.000000,0.025000,0.000000
5.403000,0.500000,0.640000,-2.294376,-0.000000,-2.294376,-0.180929,0.000000,0.180929,0.027870,-0.007616,0.030969,0.030969,0.003098,0.022908,0.030524,0.014474,0.015637,0.000042,0.021689,0.001219,0.671535,-0.001912,0.669623,0.669623,0.669623,0.334811,0.334811,0,0,1,0,0.000000,0.080000,0.008000,0.001000,7.000000,0.160000,22.000000,0.025000,0.000000
5.408000,0.500000,0.640000,-2.295304,-0.000000,-2.295304,-0.181193,0.000000,0.181193,0.027870,-0.007616,0.030969,0.030969,0.003098,0.022908,0.030524,0.014495,0.015644,0.000053,0.021689,0.001219,0.671535,0.000000,0.671535,0.671535,0.671535,0.335767,0.335767,0,0,1,0,0.000000,0.080000,0.008000,0.001000,7.000000,0.160000,22.000000,0.025000,0.000000
5.413000,0.500000,0.640000,-2.296239,-0.000000,-2.296239,-0.181504,0.000000,0.181504,0.027845,-0.006363,0.030969,0.030969,0.003124,0.022886,0.029249,0.014520,0.015652,0.000062,0.021868,0.001018,0.643478,-0.006377,0.637101,0.637101,0.637101,0.318551,0.318551,0,0,1,0,0.000000,0.080000,0.008000,0.001000,7.000000,0.160000,22.000000,0.025000,0.000000
5.422000,0.500000,0.640000,-2.298125,-0.000000,-2.298125,-0.182231,0.000000,0.182231,0.027851,-0.004842,0.030969,0.030969,0.003118,0.022601,0.027443,0.014579,0.015665,0.000081,0.021826,0.000775,0.603751,-0.005016,0.598735,0.598735,0.598735,0.299368,0.299368,0,0,1,0,0.000000,0.080000,0.008000,0.001000,7.000000,0.160000,22.000000,0.025000,0.000000
5.427000,0.500000,0.640000,-2.299074,-0.000000,-2.299074,-0.182624,0.000000,0.182624,0.027851,-0.004842,0.030969,0.030969,0.003118,0.022601,0.027443,0.014610,0.015672,0.000079,0.021826,0.000775,0.603751,0.000000,0.603751,0.603751,0.603751,0.301876,0.301876,0,0,1,0,0.000000,0.080000,0.008000,0.001000,7.000000,0.160000,22.000000,0.025000,0.000000
5.432000,0.500000,0.640000,-2.300025,-0.000000,-2.300025,-0.183014,0.000000,0.183014,0.027876,-0.003362,0.030969,0.030969,0.003093,0.022187,0.025550,0.014641,0.015679,0.000078,0.021649,0.000538,0.562095,-0.009467,0.552627,0.552627,0.552627,0.276314,0.276314,0,0,1,0,0.000000,0.080000,0.008000,0.001000,7.000000,0.160000,22.000000,0.025000,0.000000
5.437000,0.500000,0.640000,-2.300978,-0.000000,-2.300978,-0.183404,0.000000,0.183404,0.027876,-0.003362,0.030969,0.030969,0.003093,0.022187,0.025550,0.014672,0.015687,0.000078,0.021649,0.000538,0.562095,0.000000,0.562095,0.562095,0.562095,0.281047,0.281047,0,0,1,0,0.000000,0.080000,0.008000,0.001000,7.000000,0.160000,22.000000,0.025000,0.000000
5.442000,0.500000,0.640000,-2.301932,-0.000000,-2.301932,-0.183765,0.000000,0.183765,0.027907,-0.002176,0.030969,0.030969,0.003062,0.021779,0.023956,0.014701,0.015694,0.000072,0.021431,0.000348,0.527022,-0.007971,0.519051,0.519051,0.519051,0.259526,0.259526,0,0,1,0,0.000000,0.080000,0.008000,0.001000,7.000000,0.160000,22.000000,0.025000,0.000000
5.447000,0.500000,0.640000,-2.302885,-0.000000,-2.302885,-0.184105,0.000000,0.184105,0.027907,-0.002176,0.030969,0.030969,0.003062,0.021779,0.023956,0.014728,0.015701,0.000068,0.021431,0.000348,0.527022,0.000000,0.527022,0.527022,0.527022,0.263511,0.263511,0,0,1,0,0.000000,0.080000,0.008000,0.001000,7.000000,0.160000,22.000000,0.025000,0.000000
5.452000,0.500000,0.640000,-2.303836,-0.000000,-2.303836,-0.184402,0.000000,0.184402,0.027931,-0.001461,0.030969,0.030969,0.003038,0.021501,0.022961,0.014752,0.015709,0.000059,0.021267,0.000234,0.505148,-0.004971,0.500176,0.500176,0.500176,0.250088,0.250088,0,0,1,0,0.000000,0.080000,0.008000,0.001000,7.000000,0.160000,22.000000,0.025000,0.000000
5.457000,0.500000,0.640000,-2.304785,-0.000000,-2.304785,-0.184664,0.000000,0.184664,0.027931,-0.001461,0.030969,0.030969,0.003038,0.021501,0.022961,0.014773,0.015716,0.000052,0.021267,0.000234,0.505148,0.000000,0.505148,0.505148,0.505148,0.252574,0.252574,0,0,1,0,0.000000,0.080000,0.008000,0.001000,7.000000,0.160000,22.000000,0.025000,0.000000
5.462000,0.500000,0.640000,-2.305731,-0.000000,-2.305731,-0.184880,0.000000,0.184880,0.027936,-0.001279,0.030969,0.030969,0.003033,0.021434,0.022713,0.014790,0.015724,0.000043,0.021229,0.000205,0.499690,-0.001240,0.498450,0.498450,0.498450,0.249225,0.249225,0,0,1,0,0.000000,0.080000,0.008000,0.001000,7.000000,0.160000,22.000000,0.025000,0.000000
5.467000,0.500000,0.640000,-2.306674,-0.000000,-2.306674,-0.185054,0.000000,0.185054,0.027936,-0.001279,0.030969,0.030969,0.003033,0.021434,0.022713,0.014804,0.015731,0.000035,0.021229,0.000205,0.499690,0.000000,0.499690,0.499690,0.499690,0.249845,0.249845,0,0,1,0,0.000000,0.080000,0.008000,0.001000,7.000000,0.160000,22.000000,0.025000,0.000000
5.476000,0.500000,0.640000,-2.308551,-0.000000,-2.308551,-0.185280,0.000000,0.185280,0.027918,-0.001584,0.030969,0.030969,0.003051,0.021608,0.023192,0.014822,0.015744,0.000025,0.021355,0.000253,0.510220,0.001330,0.511550,0.511550,0.511550,0.255775,0.255775,0,0,1,0,0.000000,0.080000,0.008000,0.001000,7.000000,0.160000,22.000000,0.025000,0.000000
5.481000,0.500000,0.640000,-2.309484,-0.000000,-2.309484,-0.185339,0.000000,0.185339,0.027876,-0.002274,0.030969,0.030969,0.003092,0.022011,0.024285,0.014827,0.015752,0.000012,0.021647,0.000364,0.534263,0.005464,0.539728,0.539728,0.539728,0.269864,0.269864,0,0,1,0,0.000000,0.080000,0.008000,0.001000,7.000000,0.160000,22.000000,0.025000,0.000000
5.486000,0.500000,0.640000,-2.310415,-0.000000,-2.310415,-0.185372,0.000000,0.185372,0.027876,-0.002274,0.030969,0.030969,0.003092,0.022011,0.024285,0.014830,0.015759,0.000007,0.021647,0.000364,0.534263,0.000000,0.534263,0.534263,0.534263,0.267132,0.267132,0,0,1,0,0.000000,0.080000,0.008000,0.001000,7.000000,0.160000,22.000000,0.025000,0.000000
5.495000,0.500000,0.640000,-2.311345,-0.000000,-2.311345,-0.185395,0.000000,0.185395,0.027815,-0.003098,0.030969,0.030969,0.003153,0.022570,0.025668,0.014832,0.015772,0.000003,0.022074,0.000496,0.564700,0.003843,0.568543,0.568543,0.568543,0.284271,0.284271,0,0,1,0,0.000000,0.080000,0.008000,0.001000,7.000000,0.160000,22.000000,0.025000,0.000000
5.500000,0.500000,0.640000,-2.312273,-0.000000,-2.312273,-0.185405,0.000000,0.185405,0.027743,-0.003973,0.030969,0.030969,0.003226,0.023215,0.027188,0.014832,0.015780,0.000002,0.022579,0.000636,0.598134,0.007599,0.605733,0.605733,0.605733,0.302867,0.302867,0,0,1,0,0.000000,0.080000,0.008000,0.001000,7.000000,0.160000,22.000000,0.025000,0.000000
5.505000,0.500000,0.640000,-2.314128,-0.000000,-2.314128,-0.185411,0.000000,0.185411,0.027743,-0.003973,0.030969,0.030969,0.003226,0.023215,0.027188,0.014833,0.015787,0.000001,0.022579,0.000636,0.598134,0.000000,0.598134,0.598134,0.598134,0.299067,0.299067,0,0,1,0,0.000000,0.080000,0.008000,0.001000,7.000000,0.160000,22.000000,0.025000,0.000000
5.510000,0.500000,0.640000,-2.314128,-0.000000,-2.314128,-0.185411,0.000000,0.185411,0.027743,-0.003973,0.030969,0.030969,0.003226,0.023215,0.027188,0.014833,0.015795,0.000000,0.022579,0.000636,0.598134,0.000000,0.598134,0.598134,0.598134,0.299067,0.299067,0,0,1,0,0.000000,0.080000,0.008000,0.001000,7.000000,0.160000,22.000000,0.025000,0.000000
5.515000,0.500000,0.640000,-2.315057,-0.000000,-2.315057,-0.185443,0.000000,0.185443,0.027668,-0.004561,0.030969,0.030969,0.003301,0.023834,0.028394,0.014835,0.015802,0.000006,0.023104,0.000730,0.624673,0.006031,0.630704,0.630704,0.630704,0.315352,0.315352,0,0,1,0,0.000000,0.080000,0.008000,0.001000,7.000000,0.160000,22.000000,0.025000,0.000000
5.520000,0.500000,0.640000,-2.315989,-0.000000,-2.315989,-0.185495,0.000000,0.185495,0.027668,-0.004561,0.030969,0.030969,0.003301,0.023834,0.028394,0.014840,0.015810,0.000010,0.023104,0.000730,0.624673,0.000000,0.624673,0.624673,0.624673,0.312336,0.312336,0,0,1,0,0.000000,0.080000,0.008000,0.001000,7.000000,0.160000,22.000000,0.025000,0.000000
5.529000,0.500000,0.640000,-2.317861,-0.000000,-2.317861,-0.185698,0.000000,0.185698,0.027604,-0.004765,0.030969,0.030969,0.003365,0.024314,0.029079,0.014856,0.015823,0.000023,0.023552,0.000762,0.639743,0.001903,0.641645,0.641645,0.641645,0.320823,0.320823,0,0,1,0,0.000000,0.080000,0.008000,0.001000,7.000000,0.160000,22.000000,0.025000,0.000000
5.534000,0.500000,0.640000,-2.318803,-0.000000,-2.318803,-0.185840,0.000000,0.185840,0.027557,-0.004622,0.030969,0.030969,0.003412,0.024623,0.029245,0.014867,0.015830,0.000028,0.023883,0.000739,0.643381,0.000827,0.644208,0.644208,0.644208,0.322104,0.322104,0,0,1,0,0.000000,0.080000,0.008000,0.001000,7.000000,0.160000,22.000000,0.025000,0.000000
5.539000,0.500000,0.640000,-2.319748,-0.000000,-2.319748,-0.186015,0.000000,0.186015,0.027557,-0.004622,0.030969,0.030969,0.003412,0.024623,0.029245,0.014881,0.015838,0.000035,0.023883,0.000739,0.643381,0.000000,0.643381,0.643381,0.643381,0.321691,0.321691,0,0,1,0,0.000000,0.080000,0.008000,0.001000,7.000000,0.160000,22.000000,0.025000,0.000000
5.544000,0.500000,0.640000,-2.320697,-0.000000,-2.320697,-0.186221,0.000000,0.186221,0.027528,-0.004111,0.030969,0.030969,0.003441,0.024742,0.028853,0.014898,0.015845,0.000041,0.024084,0.000658,0.634770,-0.001957,0.632812,0.632812,0.632812,0.316406,0.316406,0,0,1,0,0.000000,0.080000,0.008000,0.001000,7.000000,0.160000,22.000000,0.025000,0.000000
5.549000,0.500000,0.640000,-2.321650,-0.000000,-2.321650,-0.186455,0.000000,0.186455,0.027528,-0.004111,0.030969,0.030969,0.003441,0.024742,0.028853,0.014916,0.015853,0.000047,0.024084,0.000658,0.634770,0.000000,0.634770,0.634770,0.634770,0.317385,0.317385,0,0,1,0,0.000000,0.080000,0.008000,0.001000,7.000000,0.160000,22.000000,0.025000,0.000000
5.554000,0.500000,0.640000,-2.322606,-0.000000,-2.322606,-0.186709,0.000000,0.186709,0.027519,-0.003363,0.030969,0.030969,0.003450,0.024686,0.028049,0.014937,0.015860,0.000051,0.024148,0.000538,0.617069,-0.004023,0.613047,0.613047,0.613047,0.306523,0.306523,0,0,1,0,0.000000,0.080000,0.008000,0.001000,7.000000,0.160000,22.000000,0.025000,0.000000
5.559000,0.500000,0.640000,-2.323566,-0.000000,-2.323566,-0.186982,0.000000,0.186982,0.027519,-0.003363,0.030969,0.030969,0.003450,0.024686,0.028049,0.014959,0.015868,0.000055,0.024148,0.000538,0.617069,0.000000,0.617069,0.617069,0.617069,0.308535,0.308535,0,0,1,0,0.000000,0.080000,0.008000,0.001000,7.000000,0.160000,22.000000,0.025000,0.000000
5.564000,0.500000,0.640000,-2.324528,-0.000000,-2.324528,-0.187261,0.000000,0.187261,0.027525,-0.002534,0.030969,0.030969,0.003444,0.024513,0.027047,0.014981,0.015875,0.000056,0.024108,0.000405,0.595032,-0.005008,0.590024,0.590024,0.590024,0.295012,0.295012,0,0,1,0,0.000000,0.080000,0.008000,0.001000,7.000000,0.160000,22.000000,0.025000,0.000000
5.569000,0.500000,0.640000,-2.325492,-0.000000,-2.325492,-0.187547,0.000000,0.187547,0.027525,-0.002534,0.030969,0.030969,0.003444,0.024513,0.027047,0.015004,0.015883,0.000057,0.024108,0.000405,0.595032,0.000000,0.595032,0.595032,0.595032,0.297516,0.297516,0,0,1,0,0.000000,0.080000,0.008000,0.001000,7.000000,0.160000,22.000000,0.025000,0.000000
5.574000,0.500000,0.640000,-2.326457,-0.000000,-2.326457,-0.187824,0.000000,0.187824,0.027538,-0.001782,0.030969,0.030969,0.003430,0.024298,0.026080,0.015026,0.015890,0.000056,0.024013,0.000285,0.573767,-0.004833,0.568934,0.568934,0.568934,0.284467,0.284467,0,0,1,0,0.000000,0.080000,0.008000,0.001000,7.000000,0.160000,22.000000,0.025000,0.000000
5.579000,0.500000,0.640000,-2.327423,-0.000000,-2.327423,-0.188097,0.000000,0.188097,0.027538,-0.001782,0.030969,0.030969,0.003430,0.024298,0.026080,0.015048,0.015898,0.000055,0.024013,0.000285,0.573767,0.000000,0.573767,0.573767,0.573767,0.286884,0.286884,0,0,1,0,0.000000,0.080000,0.008000,0.001000,7.000000,0.160000,22.000000,0.025000,0.000000
5.588000,0.500000,0.640000,-2.329355,-0.000000,-2.329355,-0.188590,0.000000,0.188590,0.027552,-0.001233,0.030969,0.030969,0.003417,0.024116,0.025349,0.015087,0.015911,0.000055,0.023918,0.000197,0.557681,-0.002031,0.555650,0.555650,0.555650,0.277825,0.277825,0,0,1,0,0.000000,0.080000,0.008000,0.001000,7.000000,0.160000,22.000000,0.025000,0.000000
5.593000,0.500000,0.640000,-2.330321,-0.000000,-2.330321,-0.188815,0.000000,0.188815,0.027560,-0.000899,0.030969,0.030969,0.003409,0.024007,0.024907,0.015105,0.015919,0.000045,0.023863,0.000144,0.547948,-0.002212,0.545736,0.545736,0.545736,0.272868,0.272868,0,0,1,0,0.000000,0.080000,0.008000,0.001000,7.000000,0.160000,22.000000,0.025000,0.000000
5.598000,0.500000,0.640000,-2.331286,-0.000000,-2.331286,-0.189017,0.000000,0.189017,0.027560,-0.000899,0.030969,0.030969,0.003409,0.024007,0.024907,0.015121,0.015926,0.000040,0.023863,0.000144,0.547948,0.000000,0.547948,0.547948,0.547948,0.273974,0.273974,0,0,1,0,0.000000,0.080000,0.008000,0.001000,7.000000,0.160000,22.000000,0.025000,0.000000
5.603000,0.500000,0.640000,-2.332249,-0.000000,-2.332249,-0.189192,0.000000,0.189192,0.027558,-0.000879,0.030969,0.030969,0.003411,0.024015,0.024895,0.015135,0.015934,0.000035,0.023875,0.000141,0.547684,-0.000060,0.547623,0.547623,0.547623,0.273812,0.273812,0,0,1,0,0.000000,0.080000,0.008000,0.001000,7.000000,0.160000,22.000000,0.025000,0.000000
5.608000,0.500000,0.640000,-2.333211,-0.000000,-2.333211,-0.189343,0.000000,0.189343,0.027558,-0.000879,0.030969,0.030969,0.003411,0.024015,0.024895,0.015147,0.015942,0.000030,0.023875,0.000141,0.547684,0.000000,0.547684,0.547684,0.547684,0.273842,0.273842,0,0,1,0,0.000000,0.080000,0.008000,0.001000,7.000000,0.160000,22.000000,0.025000,0.000000
5.613000,0.500000,0.640000,-2.334171,-0.000000,-2.334171,-0.189473,0.000000,0.189473,0.027543,-0.001121,0.030969,0.030969,0.003426,0.024162,0.025284,0.015158,0.015949,0.000026,0.023983,0.000179,0.556239,0.001944,0.558183,0.558183,0.558183,0.279092,0.279092,0,0,1,0,0.000000,0.080000,0.008000,0.001000,7.000000,0.160000,22.000000,0.025000,0.000000
5.618000,0.500000,0.640000,-2.335130,-0.000000,-2.335130,-0.189582,0.000000,0.189582,0.027543,-0.001121,0.030969,0.030969,0.003426,0.024162,0.025284,0.015167,0.015957,0.000022,0.023983,0.000179,0.556239,0.000000,0.556239,0.556239,0.556239,0.278119,0.278119,0,0,1,0,0.000000,0.080000,0.008000,0.001000,7.000000,0.160000,22.000000,0.025000,0.000000
5.623000,0.500000,0.640000,-2.336087,-0.000000,-2.336087,-0.189677,0.000000,0.189677,0.027514,-0.001535,0.030969,0.030969,0.003454,0.024427,0.025961,0.015174,0.015964,0.000019,0.024181,0.000246,0.571153,0.003389,0.574542,0.574542,0.574542,0.287271,0.287271,0,0,1,0,0.000000,0.080000,0.008000,0.001000,7.000000,0.160000,22.000000,0.025000,0.000000
5.632000,0.500000,0.640000,-2.338001,-0.000000,-2.338001,-0.189835,0.000000,0.189835,0.027477,-0.002005,0.030969,0.030969,0.003492,0.024765,0.026771,0.015187,0.015978,0.000018,0.024445,0.000321,0.588955,0.002248,0.591202,0.591202,0.591202,0.295601,0.295601,0,0,1,0,0.000000,0.080000,0.008000,0.001000,7.000000,0.160000,22.000000,0.025000,0.000000
5.637000,0.500000,0.640000,-2.338957,-0.000000,-2.338957,-0.189909,0.000000,0.189909,0.027477,-0.002005,0.030969,0.030969,0.003492,0.024765,0.026771,0.015193,0.015986,0.000015,0.024445,0.000321,0.588955,0.000000,0.588955,0.588955,0.588955,0.294477,0.294477,0,0,1,0,0.000000,0.080000,0.008000,0.001000,7.000000,0.160000,22.000000,0.025000,0.000000
5.642000,0.500000,0.640000,-2.339914,-0.000000,-2.339914,-0.189989,0.000000,0.189989,0.027435,-0.002414,0.030969,0.030969,0.003534,0.025122,0.027536,0.015199,0.015993,0.000016,0.024736,0.000386,0.605791,0.003826,0.609617,0.609617,0.609617,0.304808,0.304808,0,0,1,0,0.000000,0.080000,0.008000,0.001000,7.000000,0.160000,22.000000,0.025000,0.000000
5.647000,0.500000,0.640000,-2.340872,-0.000000,-2.340872,-0.190072,0.000000,0.190072,0.027435,-0.002414,0.030969,0.030969,0.003534,0.025122,0.027536,0.015206,0.016001,0.000017,0.024736,0.000386,0.605791,0.000000,0.605791,0.605791,0.605791,0.302895,0.302895,0,0,1,0,0.000000,0.080000,0.008000,0.001000,7.000000,0.160000,22.000000,0.025000,0.000000
5.652000,0.500000,0.640000,-2.341832,-0.000000,-2.341832,-0.190168,0.000000,0.190168,0.027395,-0.002679,0.030969,0.030969,0.003574,0.025447,0.028126,0.015213,0.016008,0.000019,0.025019,0.000429,0.618769,0.002950,0.621718,0.621718,0.621718,0.310859,0.310859,0,0,1,0,0.000000,0.080000,0.008000,0.001000,7.000000,0.160000,22.000000,0.025000,0.000000
5.661000,0.500000,0.640000,-2.343756,-0.000000,-2.343756,-0.190401,0.000000,0.190401,0.027360,-0.002749,0.030969,0.030969,0.003609,0.025700,0.028449,0.015232,0.016022,0.000026,0.025260,0.000440,0.625885,0.000898,0.626783,0.626783,0.626783,0.313392,0.313392,0,0,1,0,0.000000,0.080000,0.008000,0.001000,7.000000,0.160000,22.000000,0.025000,0.000000
5.666000,0.500000,0.640000,-2.344721,-0.000000,-2.344721,-0.190542,0.000000,0.190542,0.027360,-0.002749,0.030969,0.030969,0.003609,0.025700,0.028449,0.015243,0.016030,0.000028,0.025260,0.000440,0.625885,0.000000,0.625885,0.625885,0.625885,0.312942,0.312942,0,0,1,0,0.000000,0.080000,0.008000,0.001000,7.000000,0.160000,22.000000,0.025000,0.000000
5.671000,0.500000,0.640000,-2.345688,-0.000000,-2.345688,-0.190700,0.000000,0.190700,0.027335,-0.002615,0.030969,0.030969,0.003634,0.025854,0.028469,0.015256,0.016037,0.000032,0.025436,0.000418,0.626314,0.000098,0.626412,0.626412,0.626412,0.313206,0.313206,0,0,1,0,0.000000,0.080000,0.008000,0.001000,7.000000,0.160000,22.000000,0.025000,0.000000
5.676000,0.500000,0.640000,-2.346658,-0.000000,-2.346658,-0.190874,0.000000,0.190874,0.027335,-0.002615,0.030969,0.030969,0.003634,0.025854,0.028469,0.015270,0.016045,0.000035,0.025436,0.000418,0.626314,0.000000,0.626314,0.626314,0.626314,0.313157,0.313157,0,0,1,0,0.000000,0.080000,0.008000,0.001000,7.000000,0.160000,22.000000,0.025000,0.000000
5.681000,0.500000,0.640000,-2.347631,-0.000000,-2.347631,-0.191061,0.000000,0.191061,0.027320,-0.002320,0.030969,0.030969,0.003649,0.025912,0.028232,0.015285,0.016053,0.000038,0.025541,0.000371,0.621113,-0.001182,0.619931,0.619931,0.619931,0.309965,0.309965,0,0,1,0,0.000000,0.080000,0.008000,0.001000,7.000000,0.160000,22.000000,0.025000,0.000000
5.686000,0.500000,0.640000,-2.348605,-0.000000,-2.348605,-0.191262,0.000000,0.191262,0.027320,-0.002320,0.030969,0.030969,0.003649,0.025912,0.028232,0.015301,0.016060,0.000040,0.025541,0.000371,0.621113,0.000000,0.621113,0.621113,0.621113,0.310556,0.310556,0,0,1,0,0.000000,0.080000,0.008000,0.001000,7.000000,0.160000,22.000000,0.025000,0.000000
5.691000,0.500000,0.640000,-2.349581,-0.000000,-2.349581,-0.191469,0.000000,0.191469,0.027314,-0.001932,0.030969,0.030969,0.003655,0.025892,0.027824,0.015318,0.016068,0.000042,0.025583,0.000309,0.612134,-0.002041,0.610094,0.610094,0.610094,0.305047,0.305047,0,0,1,0,0.000000,0.080000,0.008000,0.001000,7.000000,0.160000,22.000000,0.025000,0.000000
5.700000,0.500000,0.640000,-2.351539,-0.000000,-2.351539,-0.191901,0.000000,0.191901,0.027314,-0.001529,0.030969,0.030969,0.003654,0.025825,0.027354,0.015352,0.016082,0.000048,0.025581,0.000245,0.601793,-0.001306,0.600487,0.600487,0.600487,0.300243,0.300243,0,0,1,0,0.000000,0.080000,0.008000,0.001000,7.000000,0.160000,22.000000,0.025000,0.000000
5.705000,0.500000,0.640000,-2.351539,-0.000000,-2.351539,-0.191901,0.000000,0.191901,0.027314,-0.001529,0.030969,0.030969,0.003654,0.025825,0.027354,0.015352,0.016089,0.000000,0.025581,0.000245,0.601793,0.000000,0.601793,0.601793,0.601793,0.300896,0.300896,0,0,1,0,0.000000,0.080000,0.008000,0.001000,7.000000,0.160000,22.000000,0.025000,0.000000
5.710000,0.500000,0.640000,-2.352520,-0.000000,-2.352520,-0.192118,0.000000,0.192118,0.027314,-0.001529,0.030969,0.030969,0.003654,0.025825,0.027354,0.015369,0.016097,0.000043,0.025581,0.000245,0.601793,0.000000,0.601793,0.601793,0.601793,0.300896,0.300896,0,0,1,0,0.000000,0.080000,0.008000,0.001000,7.000000,0.160000,22.000000,0.025000,0.000000
5.715000,0.500000,0.640000,-2.353501,-0.000000,-2.353501,-0.192330,0.000000,0.192330,0.027317,-0.001187,0.030969,0.030969,0.003652,0.025751,0.026938,0.015386,0.016105,0.000042,0.025561,0.000190,0.592627,-0.002083,0.590543,0.590543,0.590543,0.295272,0.295272,0,0,1,0,0.000000,0.080000,0.008000,0.001000,7.000000,0.160000,22.000000,0.025000,0.000000
5.720000,0.500000,0.640000,-2.354484,-0.000000,-2.354484,-0.192539,0.000000,0.192539,0.027317,-0.001187,0.030969,0.030969,0.003652,0.025751,0.026938,0.015403,0.016112,0.000042,0.025561,0.000190,0.592627,0.000000,0.592627,0.592627,0.592627,0.296313,0.296313,0,0,1,0,0.000000,0.080000,0.008000,0.001000,7.000000,0.160000,22.000000,0.025000,0.000000
5.725000,0.500000,0.640000,-2.355466,-0.000000,-2.355466,-0.192742,0.000000,0.192742,0.027320,-0.000921,0.030969,0.030969,0.003649,0.025691,0.026612,0.015419,0.016120,0.000041,0.025544,0.000147,0.585465,-0.001628,0.583837,0.583837,0.583837,0.291919,0.291919,0,0,1,0,0.000000,0.080000,0.008000,0.001000,7.000000,0.160000,22.000000,0.025000,0.000000
5.730000,0.500000,0.640000,-2.356450,-0.000000,-2.356450,-0.192938,0.000000,0.192938,0.027320,-0.000921,0.030969,0.030969,0.003649,0.025691,0.026612,0.015435,0.016128,0.000039,0.025544,0.000147,0.585465,0.000000,0.585465,0.585465,0.585465,0.292732,0.292732,0,0,1,0,0.000000,0.080000,0.008000,0.001000,7.000000,0.160000,22.000000,0.025000,0.000000
5.735000,0.500000,0.640000,-2.357433,-0.000000,-2.357433,-0.193120,0.000000,0.193120,0.027319,-0.000804,0.030969,0.030969,0.003650,0.025675,0.026480,0.015450,0.016136,0.000036,0.025547,0.000129,0.582559,-0.000660,0.581898,0.581898,0.581898,0.290949,0.290949,0,0,1,0,0.000000,0.080000,0.008000,0.001000,7.000000,0.160000,22.000000,0.025000,0.000000
5.744000,0.500000,0.640000,-2.359398,-0.000000,-2.359398,-0.193448,0.000000,0.193448,0.027313,-0.000837,0.030969,0.030969,0.003656,0.025727,0.026564,0.015476,0.016150,0.000037,0.025593,0.000134,0.584407,0.000233,0.584640,0.584640,0.584640,0.292320,0.292320,0,0,1,0,0.000000,0.080000,0.008000,0.001000,7.000000,0.160000,22.000000,0.025000,0.000000
5.749000,0.500000,0.640000,-2.360380,-0.000000,-2.360380,-0.193594,0.000000,0.193594,0.027313,-0.000837,0.030969,0.030969,0.003656,0.025727,0.026564,0.015488,0.016157,0.000029,0.025593,0.000134,0.584407,0.000000,0.584407,0.584407,0.584407,0.292203,0.292203,0,0,1,0,0.000000,0.080000,0.008000,0.001000,7.000000,0.160000,22.000000,0.025000,0.000000
5.754000,0.500000,0.640000,-2.361362,-0.000000,-2.361362,-0.193731,0.000000,0.193731,0.027299,-0.000991,0.030969,0.030969,0.003670,0.025846,0.026837,0.015498,0.016165,0.000027,0.025688,0.000158,0.590413,0.001365,0.591779,0.591779,0.591779,0.295889,0.295889,0,0,1,0,0.000000,0.080000,0.008000,0.001000,7.000000,0.160000,22.000000,0.025000,0.000000
5.759000,0.500000,0.640000,-2.362343,-0.000000,-2.362343,-0.193858,0.000000,0.193858,0.027299,-0.000991,0.030969,0.030969,0.003670,0.025846,0.026837,0.015509,0.016173,0.000025,0.025688,0.000158,0.590413,0.000000,0.590413,0.590413,0.590413,0.295207,0.295207,0,0,1,0,0.000000,0.080000,0.008000,0.001000,7.000000,0.160000,22.000000,0.025000,0.000000
5.764000,0.500000,0.640000,-2.363324,-0.000000,-2.363324,-0.193979,0.000000,0.193979,0.027279,-0.001211,0.030969,0.030969,0.003689,0.026019,0.027230,0.015518,0.016181,0.000024,0.025825,0.000194,0.599056,0.001964,0.601020,0.601020,0.601020,0.300510,0.300510,0,0,1,0,0.000000,0.080000,0.008000,0.001000,7.000000,0.160000,22.000000,0.025000,0.000000
5.769000,0.500000,0.640000,-2.364306,-0.000000,-2.364306,-0.194096,0.000000,0.194096,0.027279,-0.001211,0.030969,0.030969,0.003689,0.026019,0.027230,0.015528,0.016188,0.000023,0.025825,0.000194,0.599056,0.000000,0.599056,0.599056,0.599056,0.299528,0.299528,0,0,1,0,0.000000,0.080000,0.008000,0.001000,7.000000,0.160000,22.000000,0.025000,0.000000
5.774000,0.500000,0.640000,-2.365288,-0.000000,-2.365288,-0.194212,0.000000,0.194212,0.027256,-0.001441,0.030969,0.030969,0.003713,0.026219,0.027660,0.015537,0.016196,0.000023,0.025989,0.000230,0.608513,0.002149,0.610662,0.610662,0.610662,0.305331,0.305331,0,0,1,0,0.000000,0.080000,0.008000,0.001000,7.000000,0.160000,22.000000,0.025000,0.000000
5.779000,0.500000,0.640000,-2.366270,-0.000000,-2.366270,-0.194327,0.000000,0.194327,0.027256,-0.001441,0.030969,0.030969,0.003713,0.026219,0.027660,0.015546,0.016204,0.000023,0.025989,0.000230,0.608513,0.000000,0.608513,0.608513,0.608513,0.304257,0.304257,0,0,1,0,0.000000,0.080000,0.008000,0.001000,7.000000,0.160000,22.000000,0.025000,0.000000
5.788000,0.500000,0.640000,-2.368238,-0.000000,-2.368238,-0.194571,0.000000,0.194571,0.027231,-0.001625,0.030969,0.030969,0.003737,0.026421,0.028045,0.015566,0.016218,0.000027,0.026161,0.000260,0.616998,0.001071,0.618069,0.618069,0.618069,0.309035,0.309035,0,0,1,0,0.000000,0.080000,0.008000,0.001000,7.000000,0.160000,22.000000,0.025000,0.000000
5.793000,0.500000,0.640000,-2.369223,-0.000000,-2.369223,-0.194697,0.000000,0.194697,0.027208,-0.001757,0.030969,0.030969,0.003761,0.026607,0.028364,0.015576,0.016226,0.000025,0.026326,0.000281,0.624018,0.001596,0.625614,0.625614,0.625614,0.312807,0.312807,0,0,1,0,0.000000,0.080000,0.008000,0.001000,7.000000,0.160000,22.000000,0.025000,0.000000
5.798000,0.500000,0.640000,-2.370209,-0.000000,-2.370209,-0.194829,0.000000,0.194829,0.027208,-0.001757,0.030969,0.030969,0.003761,0.026607,0.028364,0.015586,0.016233,0.000027,0.026326,0.000281,0.624018,0.000000,0.624018,0.624018,0.624018,0.312009,0.312009,0,0,1,0,0.000000,0.080000,0.008000,0.001000,7.000000,0.160000,22.000000,0.025000,0.000000
5.803000,0.500000,0.640000,-2.371197,-0.000000,-2.371197,-0.194973,0.000000,0.194973,0.027187,-0.001774,0.030969,0.030969,0.003782,0.026756,0.028530,0.015598,0.016241,0.000029,0.026472,0.000284,0.627664,0.000829,0.628493,0.628493,0.628493,0.314246,0.314246,0,0,1,0,0.000000,0.080000,0.008000,0.001000,7.000000,0.160000,22.000000,0.025000,0.000000
5.808000,0.500000,0.640000,-2.372186,-0.000000,-2.372186,-0.195124,0.000000,0.195124,0.027187,-0.001774,0.030969,0.030969,0.003782,0.026756,0.028530,0.015610,0.016249,0.000030,0.026472,0.000284,0.627664,0.000000,0.627664,0.627664,0.627664,0.313832,0.313832,0,0,1,0,0.000000,0.080000,0.008000,0.001000,7.000000,0.160000,22.000000,0.025000,0.000000
5.813000,0.500000,0.640000,-2.373177,-0.000000,-2.373177,-0.195286,0.000000,0.195286,0.027171,-0.001682,0.030969,0.030969,0.003797,0.026850,0.028532,0.015623,0.016257,0.000032,0.026581,0.000269,0.627713,0.000011,0.627724,0.627724,0.627724,0.313862,0.313862,0,0,1,0,0.000000,0.080000,0.008000,0.001000,7.000000,0.160000,22.000000,0.025000,0.000000
5.818000,0.500000,0.640000,-2.374170,-0.000000,-2.374170,-0.195456,0.000000,0.195456,0.027171,-0.001682,0.030969,0.030969,0.003797,0.026850,0.028532,0.015636,0.016265,0.000034,0.026581,0.000269,0.627713,0.000000,0.627713,0.627713,0.627713,0.313856,0.313856,0,0,1,0,0.000000,0.080000,0.008000,0.001000,7.000000,0.160000,22.000000,0.025000,0.000000
5.823000,0.500000,0.640000,-2.375164,-0.000000,-2.375164,-0.195633,0.000000,0.195633,0.027162,-0.001506,0.030969,0.030969,0.003807,0.026891,0.028398,0.015651,0.016273,0.000035,0.026650,0.000241,0.624746,-0.000674,0.624071,0.624071,0.624071,0.312036,0.312036,0,0,1,0,0.000000,0.080000,0.008000,0.001000,7.000000,0.160000,22.000000,0.025000,0.000000
5.828000,0.500000,0.640000,-2.376160,-0.000000,-2.376160,-0.195817,0.000000,0.195817,0.027162,-0.001506,0.030969,0.030969,0.003807,0.026891,0.028398,0.015665,0.016280,0.000037,0.026650,0.000241,0.624746,0.000000,0.624746,0.624746,0.624746,0.312373,0.312373,0,0,1,0,0.000000,0.080000,0.008000,0.001000,7.000000,0.160000,22.000000,0.025000,0.000000
5.837000,0.500000,0.640000,-2.378156,-0.000000,-2.378156,-0.196196,0.000000,0.196196,0.027156,-0.001285,0.030969,0.030969,0.003812,0.026891,0.028177,0.015696,0.016294,0.000042,0.026686,0.000206,0.619884,-0.000614,0.619270,0.619270,0.619270,0.309635,0.309635,0,0,1,0,0.000000,0.080000,0.008000,0.001000,7.000000,0.160000,22.000000,0.025000,0.000000
5.842000,0.500000,0.640000,-2.379156,-0.000000,-2.379156,-0.196390,0.000000,0.196390,0.027155,-0.001045,0.030969,0.030969,0.003814,0.026864,0.027909,0.015711,0.016302,0.000039,0.026697,0.000167,0.613991,-0.001339,0.612652,0.612652,0.612652,0.306326,0.306326,0,0,1,0,0.000000,0.080000,0.008000,0.001000,7.000000,0.160000,22.000000,0.025000,0.000000
5.847000,0.500000,0.640000,-2.380157,-0.000000,-2.380157,-0.196585,0.000000,0.196585,0.027155,-0.001045,0.030969,0.030969,0.003814,0.026864,0.027909,0.015727,0.016310,0.000039,0.026697,0.000167,0.613991,0.000000,0.613991,0.613991,0.613991,0.306996,0.306996,0,0,1,0,0.000000,0.080000,0.008000,0.001000,7.000000,0.160000,22.000000,0.025000,0.000000
5.852000,0.500000,0.640000,-2.381159,-0.000000,-2.381159,-0.196775,0.000000,0.196775,0.027155,-0.000852,0.030969,0.030969,0.003814,0.026833,0.027684,0.015742,0.016318,0.000038,0.026697,0.000136,0.609056,-0.001122,0.607934,0.607934,0.607934,0.303967,0.303967,0,0,1,0,0.000000,0.080000,0.008000,0.001000,7.000000,0.160000,22.000000,0.025000,0.000000
5.857000,0.500000,0.640000,-2.382161,-0.000000,-2.382161,-0.196961,0.000000,0.196961,0.027155,-0.000852,0.030969,0.030969,0.003814,0.026833,0.027684,0.015757,0.016326,0.000037,0.026697,0.000136,0.609056,0.000000,0.609056,0.609056,0.609056,0.304528,0.304528,0,0,1,0,0.000000,0.080000,0.008000,0.001000,7.000000,0.160000,22.000000,0.025000,0.000000
5.862000,0.500000,0.640000,-2.383164,-0.000000,-2.383164,-0.197142,0.000000,0.197142,0.027154,-0.000733,0.030969,0.030969,0.003815,0.026822,0.027555,0.015771,0.016334,0.000036,0.026704,0.000117,0.606202,-0.000649,0.605553,0.605553,0.605553,0.302777,0.302777,0,0,1,0,0.000000,0.080000,0.008000,0.001000,7.000000,0.160000,22.000000,0.025000,0.000000
5.867000,0.500000,0.640000,-2.384167,-0.000000,-2.384167,-0.197317,0.000000,0.197317,0.027154,-0.000733,0.030969,0.030969,0.003815,0.026822,0.027555,0.015785,0.016342,0.000035,0.026704,0.000117,0.606202,0.000000,0.606202,0.606202,0.606202,0.303101,0.303101,0,0,1,0,0.000000,0.080000,0.008000,0.001000,7.000000,0.160000,22.000000,0.025000,0.000000
5.872000,0.500000,0.640000,-2.385170,-0.000000,-2.385170,-0.197484,0.000000,0.197484,0.027150,-0.000700,0.030969,0.030969,0.003819,0.026844,0.027545,0.015799,0.016350,0.000033,0.026732,0.000112,0.605981,-0.000050,0.605930,0.605930,0.605930,0.302965,0.302965,0,0,1,0,0.000000,0.080000,0.008000,0.001000,7.000000,0.160000,22.000000,0.025000,0.000000
5.881000,0.500000,0.640000,-2.387177,-0.000000,-2.387177,-0.197799,0.000000,0.197799,0.027142,-0.000747,0.030969,0.030969,0.003827,0.026906,0.027653,0.015824,0.016364,0.000035,0.026786,0.000120,0.608359,0.000300,0.608659,0.608659,0.608659,0.304329,0.304329,0,0,1,0,0.000000,0.080000,0.008000,0.001000,7.000000,0.160000,22.000000,0.025000,0.000000
5.886000,0.500000,0.640000,-2.388181,-0.000000,-2.388181,-0.197947,0.000000,0.197947,0.027142,-0.000747,0.030969,0.030969,0.003827,0.026906,0.027653,0.015836,0.016372,0.000030,0.026786,0.000120,0.608359,0.000000,0.608359,0.608359,0.608359,0.304179,0.304179,0,0,1,0,0.000000,0.080000,0.008000,0.001000,7.000000,0.160000,22.000000,0.025000,0.000000
5.891000,0.500000,0.640000,-2.389185,-0.000000,-2.389185,-0.198090,0.000000,0.198090,0.027131,-0.000852,0.030969,0.030969,0.003838,0.027003,0.027855,0.015847,0.016380,0.000029,0.026867,0.000136,0.612809,0.001011,0.613820,0.613820,0.613820,0.306910,0.306910,0,0,1,0,0.000000,0.080000,0.008000,0.001000,7.000000,0.160000,22.000000,0.025000,0.000000
5.896000,0.500000,0.640000,-2.390189,-0.000000,-2.390189,-0.198229,0.000000,0.198229,0.027131,-0.000852,0.030969,0.030969,0.003838,0.027003,0.027855,0.015858,0.016388,0.000028,0.026867,0.000136,0.612809,0.000000,0.612809,0.612809,0.612809,0.306404,0.306404,0,0,1,0,0.000000,0.080000,0.008000,0.001000,7.000000,0.160000,22.000000,0.025000,0.000000
5.901000,0.500000,0.640000,-2.391194,-0.000000,-2.391194,-0.198366,0.000000,0.198366,0.027116,-0.000983,0.030969,0.030969,0.003853,0.027126,0.028109,0.015869,0.016396,0.000027,0.026968,0.000157,0.618396,0.001270,0.619665,0.619665,0.619665,0.309833,0.309833,0,0,1,0,0.000000,0.080000,0.008000,0.001000,7.000000,0.160000,22.000000,0.025000,0.000000
5.906000,0.500000,0.640000,-2.392199,-0.000000,-2.392199,-0.198500,0.000000,0.198500,0.027116,-0.000983,0.030969,0.030969,0.003853,0.027126,0.028109,0.015880,0.016404,0.000027,0.026968,0.000157,0.618396,0.000000,0.618396,0.618396,0.618396,0.309198,0.309198,0,0,1,0,0.000000,0.080000,0.008000,0.001000,7.000000,0.160000,22.000000,0.025000,0.000000
5.911000,0.500000,0.640000,-2.393205,-0.000000,-2.393205,-0.198636,0.000000,0.198636,0.027100,-0.001108,0.030969,0.030969,0.003869,0.027259,0.028367,0.015891,0.016411,0.000027,0.027082,0.000177,0.624073,0.001290,0.625363,0.625363,0.625363,0.312682,0.312682,0,0,1,0,0.000000,0.080000,0.008000,0.001000,7.000000,0.160000,22.000000,0.025000,0.000000
5.916000,0.500000,0.640000,-2.394211,-0.000000,-2.394211,-0.198772,0.000000,0.198772,0.027100,-0.001108,0.030969,0.030969,0.003869,0.027259,0.028367,0.015902,0.016419,0.000027,0.027082,0.000177,0.624073,0.000000,0.624073,0.624073,0.624073,0.312036,0.312036,0,0,1,0,0.000000,0.080000,0.008000,0.001000,7.000000,0.160000,22.000000,0.025000,0.000000
5.921000,0.500000,0.640000,-2.395219,-0.000000,-2.395219,-0.198912,0.000000,0.198912,0.027084,-0.001198,0.030969,0.030969,0.003885,0.027388,0.028586,0.015913,0.016427,0.000028,0.027196,0.000192,0.628892,0.001095,0.629987,0.629987,0.629987,0.314994,0.314994,0,0,1,0,0.000000,0.080000,0.008000,0.001000,7.000000,0.160000,22.000000,0.025000,0.000000
5.930000,0.500000,0.640000,-2.397237,-0.000000,-2.397237,-0.199202,0.000000,0.199202,0.027069,-0.001236,0.030969,0.030969,0.003900,0.027499,0.028735,0.015936,0.016442,0.000032,0.027301,0.000198,0.632178,0.000415,0.632593,0.632593,0.632593,0.316296,0.316296,0,0,1,0,0.000000,0.080000,0.008000,0.001000,7.000000,0.160000,22.000000,0.025000,0.000000
5.935000,0.500000,0.640000,-2.397237,-0.000000,-2.397237,-0.199202,0.000000,0.199202,0.027069,-0.001236,0.030969,0.030969,0.003900,0.027499,0.028735,0.015936,0.016450,0.000000,0.027301,0.000198,0.632178,0.000000,0.632178,0.632178,0.632178,0.316089,0.316089,0,0,1,0,0.000000,0.080000,0.008000,0.001000,7.000000,0.160000,22.000000,0.025000,0.000000
5.940000,0.500000,0.640000,-2.398247,-0.000000,-2.398247,-0.199353,0.000000,0.199353,0.027069,-0.001236,0.030969,0.030969,0.003900,0.027499,0.028735,0.015948,0.016458,0.000030,0.027301,0.000198,0.632178,0.000000,0.632178,0.632178,0.632178,0.316089,0.316089,0,0,1,0,0.000000,0.080000,0.008000,0.001000,7.000000,0.160000,22.000000,0.025000,0.000000
5.945000,0.500000,0.640000,-2.399259,-0.000000,-2.399259,-0.199510,0.000000,0.199510,0.027056,-0.001215,0.030969,0.030969,0.003913,0.027583,0.028798,0.015961,0.016466,0.000031,0.027389,0.000194,0.633559,0.000314,0.633873,0.633873,0.633873,0.316936,0.316936,0,0,1,0,0.000000,0.080000,0.008000,0.001000,7.000000,0.160000,22.000000,0.025000,0.000000
5.950000,0.500000,0.640000,-2.400272,-0.000000,-2.400272,-0.199671,0.000000,0.199671,0.027056,-0.001215,0.030969,0.030969,0.003913,0.027583,0.028798,0.015974,0.016474,0.000032,0.027389,0.000194,0.633559,0.000000,0.633559,0.633559,0.633559,0.316780,0.316780,0,0,1,0,0.000000,0.080000,0.008000,0.001000,7.000000,0.160000,22.000000,0.025000,0.000000
5.955000,0.500000,0.640000,-2.401287,-0.000000,-2.401287,-0.199836,0.000000,0.199836,0.027046,-0.001149,0.030969,0.030969,0.003923,0.027641,0.028790,0.015987,0.016482,0.000033,0.027458,0.000184,0.633389,-0.000039,0.633350,0.633350,0.633350,0.316675,0.316675,0,0,1,0,0.000000,0.080000,0.008000,0.001000,7.000000,0.160000,22.000000,0.025000,0.000000
5.960000,0.500000,0.640000,-2.402302,-0.000000,-2.402302,-0.200004,0.000000,0.200004,0.027046,-0.001149,0.030969,0.030969,0.003923,0.027641,0.028790,0.016000,0.016490,0.000034,0.027458,0.000184,0.633389,0.000000,0.633389,0.633389,0.633389,0.316695,0.316695,0,0,1,0,0.000000,0.080000,0.008000,0.001000,7.000000,0.160000,22.000000,0.025000,0.000000
5.965000,0.500000,0.640000,-2.403319,-0.000000,-2.403319,-0.200175,0.000000,0.200175,0.027039,-0.001053,0.030969,0.030969,0.003930,0.027678,0.028731,0.016014,0.016498,0.000034,0.027510,0.000168,0.632082,-0.000297,0.631785,0.631785,0.631785,0.315893,0.315893,0,0,1,0,0.000000,0.080000,0.008000,0.001000,7.000000,0.160000,22.000000,0.025000,0.000000
5.970000,0.500000,0.640000,-2.404337,-0.000000,-2.404337,-0.200349,0.000000,0.200349,0.027039,-0.001053,0.030969,0.030969,0.003930,0.027678,0.028731,0.016028,0.016506,0.000035,0.027510,0.000168,0.632082,0.000000,0.632082,0.632082,0.632082,0.316041,0.316041,0,0,1,0,0.000000,0.080000,0.008000,0.001000,7.000000,0.160000,22.000000,0.025000,0.000000
5.975000,0.500000,0.640000,-2.405356,-0.000000,-2.405356,-0.200525,0.000000,0.200525,0.027033,-0.000942,0.030969,0.030969,0.003935,0.027698,0.028640,0.016042,0.016514,0.000035,0.027547,0.000151,0.630074,-0.000457,0.629617,0.629617,0.629617,0.314809,0.314809,0,0,1,0,0.000000,0.080000,0.008000,0.001000,7.000000,0.160000,22.000000,0.025000,0.000000
5.984000,0.500000,0.640000,-2.407396,-0.000000,-2.407396,-0.200877,0.000000,0.200877,0.027029,-0.000837,0.030969,0.030969,0.003939,0.027710,0.028547,0.016070,0.016528,0.000039,0.027576,0.000134,0.628040,-0.000257,0.627783,0.627783,0.627783,0.313892,0.313892,0,0,1,0,0.000000,0.080000,0.008000,0.001000,7.000000,0.160000,22.000000,0.025000,0.000000
5.989000,0.500000,0.640000,-2.408418,-0.000000,-2.408418,-0.201053,0.000000,0.201053,0.027029,-0.000837,0.030969,0.030969,0.003939,0.027710,0.028547,0.016084,0.016536,0.000035,0.027576,0.000134,0.628040,0.000000,0.628040,0.628040,0.628040,0.314020,0.314020,0,0,1,0,0.000000,0.080000,0.008000,0.001000,7.000000,0.160000,22.000000,0.025000,0.000000
5.994000,0.500000,0.640000,-2.409440,-0.000000,-2.409440,-0.201227,0.000000,0.201227,0.027025,-0.000758,0.030969,0.030969,0.003943,0.027725,0.028483,0.016098,0.016544,0.000035,0.027604,0.000121,0.626623,-0.000322,0.626301,0.626301,0.626301,0.313150,0.313150,0,0,1,0,0.000000,0.080000,0.008000,0.001000,7.000000,0.160000,22.000000,0.025000,0.000000
5.999000,0.500000,0.640000,-2.410463,-0.000000,-2.410463,-0.201398,0.000000,0.201398,0.027025,-0.000758,0.030969,0.030969,0.003943,0.027725,0.028483,0.016112,0.016552,0.000034,0.027604,0.000121,0.626623,0.000000,0.626623,0.626623,0.626623,0.313311,0.313311,0,0,1,0,0.000000,0.080000,0.008000,0.001000,7.000000,0.160000,22.000000,0.025000,0.000000
6.004000,0.500000,0.640000,-2.411487,-0.000000,-2.411487,-0.201567,0.000000,0.201567,0.027021,-0.000714,0.030969,0.030969,0.003948,0.027751,0.028464,0.016125,0.016560,0.000034,0.027637,0.000114,0.626219,-0.000092,0.626127,0.626127,0.626127,0.313063,0.313063,0,0,1,0,0.000000,0.080000,0.008000,0.001000,7.000000,0.160000,22.000000,0.025000,0.000000
6.009000,0.500000,0.640000,-2.412511,-0.000000,-2.412511,-0.201733,0.000000,0.201733,0.027021,-0.000714,0.030969,0.030969,0.003948,0.027751,0.028464,0.016139,0.016568,0.000033,0.027637,0.000114,0.626219,0.000000,0.626219,0.626219,0.626219,0.313109,0.313109,0,0,1,0,0.000000,0.080000,0.008000,0.001000,7.000000,0.160000,22.000000,0.025000,0.000000
6.014000,0.500000,0.640000,-2.413536,-0.000000,-2.413536,-0.201896,0.000000,0.201896,0.027015,-0.000708,0.030969,0.030969,0.003954,0.027793,0.028500,0.016152,0.016576,0.000033,0.027679,0.000113,0.627005,0.000179,0.627184,0.627184,0.627184,0.313592,0.313592,0,0,1,0,0.000000,0.080000,0.008000,0.001000,7.000000,0.160000,22.000000,0.025000,0.000000
6.019000,0.500000,0.640000,-2.414561,-0.000000,-2.414561,-0.202057,0.000000,0.202057,0.027015,-0.000708,0.030969,0.030969,0.003954,0.027793,0.028500,0.016165,0.016585,0.000032,0.027679,0.000113,0.627005,0.000000,0.627005,0.627005,0.627005,0.313502,0.313502,0,0,1,0,0.000000,0.080000,0.008000,0.001000,7.000000,0.160000,22.000000,0.025000,0.000000
6.024000,0.500000,0.640000,-2.415587,-0.000000,-2.415587,-0.202214,0.000000,0.202214,0.027007,-0.000735,0.030969,0.030969,0.003962,0.027851,0.028586,0.016177,0.016593,0.000032,0.027734,0.000118,0.628901,0.000431,0.629332,0.629332,0.629332,0.314666,0.314666,0,0,1,0,0.000000,0.080000,0.008000,0.001000,7.000000,0.160000,22.000000,0.025000,0.000000
6.033000,0.500000,0.640000,-2.417640,-0.000000,-2.417640,-0.202522,0.000000,0.202522,0.026997,-0.000785,0.030969,0.030969,0.003971,0.027925,0.028710,0.016202,0.016607,0.000034,0.027799,0.000126,0.631611,0.000342,0.631953,0.631953,0.631953,0.315977,0.315977,0,0,1,0,0.000000,0.080000,0.008000,0.001000,7.000000,0.160000,22.000000,0.025000,0.000000
6.038000,0.500000,0.640000,-2.418668,-0.000000,-2.418668,-0.202674,0.000000,0.202674,0.026997,-0.000785,0.030969,0.030969,0.003971,0.027925,0.028710,0.016214,0.016615,0.000030,0.027799,0.000126,0.631611,0.000000,0.631611,0.631611,0.631611,0.315805,0.315805,0,0,1,0,0.000000,0.080000,0.008000,0.001000,7.000000,0.160000,22.000000,0.025000,0.000000
6.043000,0.500000,0.640000,-2.419696,-0.000000,-2.419696,-0.202825,0.000000,0.202825,0.026987,-0.000842,0.030969,0.030969,0.003982,0.028008,0.028850,0.016226,0.016623,0.000030,0.027873,0.000135,0.634690,0.000700,0.635389,0.635389,0.635389,0.317695,0.317695,0,0,1,0,0.000000,0.080000,0.008000,0.001000,7.000000,0.160000,22.000000,0.025000,0.000000
6.048000,0.500000,0.640000,-2.420725,-0.000000,-2.420725,-0.202976,0.000000,0.202976,0.026987,-0.000842,0.030969,0.030969,0.003982,0.028008,0.028850,0.016238,0.016632,0.000030,0.027873,0.000135,0.634690,0.000000,0.634690,0.634690,0.634690,0.317345,0.317345,0,0,1,0,0.000000,0.080000,0.008000,0.001000,7.000000,0.160000,22.000000,0.025000,0.000000
6.053000,0.500000,0.640000,-2.421755,-0.000000,-2.421755,-0.203127,0.000000,0.203127,0.026976,-0.000893,0.030969,0.030969,0.003993,0.028094,0.028986,0.016250,0.016640,0.000030,0.027951,0.000143,0.637703,0.000685,0.638388,0.638388,0.638388,0.319194,0.319194,0,0,1,0,0.000000,0.080000,0.008000,0.001000,7.000000,0.160000,22.000000,0.025000,0.000000
6.058000,0.500000,0.640000,-2.422785,-0.000000,-2.422785,-0.203279,0.000000,0.203279,0.026976,-0.000893,0.030969,0.030969,0.003993,0.028094,0.028986,0.016262,0.016648,0.000030,0.027951,0.000143,0.637703,0.000000,0.637703,0.637703,0.637703,0.318851,0.318851,0,0,1,0,0.000000,0.080000,0.008000,0.001000,7.000000,0.160000,22.000000,0.025000,0.000000
6.063000,0.500000,0.640000,-2.423817,-0.000000,-2.423817,-0.203433,0.000000,0.203433,0.026965,-0.000926,0.030969,0.030969,0.004004,0.028176,0.029102,0.016275,0.016656,0.000031,0.028028,0.000148,0.640254,0.000580,0.640834,0.640834,0.640834,0.320417,0.320417,0,0,1,0,0.000000,0.080000,0.008000,0.001000,7.000000,0.160000,22.000000,0.025000,0.000000
6.068000,0.500000,0.640000,-2.424849,-0.000000,-2.424849,-0.203588,0.000000,0.203588,0.026965,-0.000926,0.030969,0.030969,0.004004,0.028176,0.029102,0.016287,0.016664,0.000031,0.028028,0.000148,0.640254,0.000000,0.640254,0.640254,0.640254,0.320127,0.320127,0,0,1,0,0.000000,0.080000,0.008000,0.001000,7.000000,0.160000,22.000000,0.025000,0.000000
6.073000,0.500000,0.640000,-2.425882,-0.000000,-2.425882,-0.203746,0.000000,0.203746,0.026954,-0.000936,0.030969,0.030969,0.004014,0.028250,0.029186,0.016300,0.016672,0.000032,0.028100,0.000150,0.642085,0.000416,0.642501,0.642501,0.642501,0.321251,0.321251,0,0,1,0,0.000000,0.080000,0.008000,0.001000,7.000000,0.160000,22.000000,0.025000,0.000000
6.082000,0.500000,0.640000,-2.427952,-0.000000,-2.427952,-0.204067,0.000000,0.204067,0.026945,-0.000921,0.030969,0.030969,0.004023,0.028311,0.029232,0.016325,0.016687,0.000036,0.028164,0.000147,0.643109,0.000129,0.643238,0.643238,0.643238,0.321619,0.321619,0,0,1,0,0.000000,0.080000,0.008000,0.001000,7.000000,0.160000,22.000000,0.025000,0.000000
6.087000,0.500000,0.640000,-2.428988,-0.000000,-2.428988,-0.204230,0.000000,0.204230,0.026945,-0.000921,0.030969,0.030969,0.004023,0.028311,0.029232,0.016338,0.016695,0.000033,0.028164,0.000147,0.643109,0.000000,0.643109,0.643109,0.643109,0.321555,0.321555,0,0,1,0,0.000000,0.080000,0.008000,0.001000,7.000000,0.160000,22.000000,0.025000,0.000000
6.092000,0.500000,0.640000,-2.430025,-0.000000,-2.430025,-0.204396,0.000000,0.204396,0.026937,-0.000884,0.030969,0.030969,0.004031,0.028361,0.029245,0.016352,0.016703,0.000033,0.028219,0.000141,0.643380,0.000062,0.643442,0.643442,0.643442,0.321721,0.321721,0,0,1,0,0.000000,0.080000,0.008000,0.001000,7.000000,0.160000,22.000000,0.025000,0.000000
6.097000,0.500000,0.640000,-2.431064,-0.000000,-2.431064,-0.204564,0.000000,0.204564,0.026937,-0.000884,0.030969,0.030969,0.004031,0.028361,0.029245,0.016365,0.016711,0.000033,0.028219,0.000141,0.643380,0.000000,0.643380,0.643380,0.643380,0.321690,0.321690,0,0,1,0,0.000000,0.080000,0.008000,0.001000,7.000000,0.160000,22.000000,0.025000,0.000000
6.102000,0.500000,0.640000,-2.432103,-0.000000,-2.432103,-0.204732,0.000000,0.204732,0.026931,-0.000835,0.030969,0.030969,0.004038,0.028400,0.029235,0.016379,0.016720,0.000034,0.028266,0.000134,0.643161,-0.000050,0.643112,0.643112,0.643112,0.321556,0.321556,0,0,1,0,0.000000,0.080000,0.008000,0.001000,7.000000,0.160000,22.000000,0.025000,0.000000
6.107000,0.500000,0.640000,-2.433143,-0.000000,-2.433143,-0.204902,0.000000,0.204902,0.026931,-0.000835,0.030969,0.030969,0.004038,0.028400,0.029235,0.016392,0.016728,0.000034,0.028266,0.000134,0.643161,0.000000,0.643161,0.643161,0.643161,0.321581,0.321581,0,0,1,0,0.000000,0.080000,0.008000,0.001000,7.000000,0.160000,22.000000,0.025000,0.000000
6.112000,0.500000,0.640000,-2.434185,-0.000000,-2.434185,-0.205072,0.000000,0.205072,0.026925,-0.000784,0.030969,0.030969,0.004044,0.028433,0.029216,0.016406,0.016736,0.000034,0.028307,0.000125,0.642755,-0.000092,0.642662,0.642662,0.642662,0.321331,0.321331,0,0,1,0,0.000000,0.080000,0.008000,0.001000,7.000000,0.160000,22.000000,0.025000,0.000000
6.117000,0.500000,0.640000,-2.435227,-0.000000,-2.435227,-0.205242,0.000000,0.205242,0.026925,-0.000784,0.030969,0.030969,0.004044,0.028433,0.029216,0.016419,0.016744,0.000034,0.028307,0.000125,0.642755,0.000000,0.642755,0.642755,0.642755,0.321377,0.321377,0,0,1,0,0.000000,0.080000,0.008000,0.001000,7.000000,0.160000,22.000000,0.025000,0.000000
6.122000,0.500000,0.640000,-2.436269,-0.000000,-2.436269,-0.205412,0.000000,0.205412,0.026919,-0.000739,0.030969,0.030969,0.004049,0.028464,0.029203,0.016433,0.016752,0.000034,0.028346,0.000118,0.642468,-0.000065,0.642403,0.642403,0.642403,0.321202,0.321202,0,0,1,0,0.000000,0.080000,0.008000,0.001000,7.000000,0.160000,22.000000,0.025000,0.000000
6.127000,0.500000,0.640000,-2.437313,-0.000000,-2.437313,-0.205581,0.000000,0.205581,0.026919,-0.000739,0.030969,0.030969,0.004049,0.028464,0.029203,0.016447,0.016761,0.000034,0.028346,0.000118,0.642468,0.000000,0.642468,0.642468,0.642468,0.321234,0.321234,0,0,1,0,0.000000,0.080000,0.008000,0.001000,7.000000,0.160000,22.000000,0.025000,0.000000
6.132000,0.500000,0.640000,-2.438358,-0.000000,-2.438358,-0.205750,0.000000,0.205750,0.026914,-0.000709,0.030969,0.030969,0.004055,0.028498,0.029207,0.016460,0.016769,0.000034,0.028385,0.000113,0.642553,0.000019,0.642573,0.642573,0.642573,0.321286,0.321286,0,0,1,0,0.000000,0.080000,0.008000,0.001000,7.000000,0.160000,22.000000,0.025000,0.000000
6.141000,0.500000,0.640000,-2.440449,-0.000000,-2.440449,-0.206083,0.000000,0.206083,0.026908,-0.000695,0.030969,0.030969,0.004061,0.028539,0.029235,0.016487,0.016784,0.000037,0.028428,0.000111,0.643160,0.000077,0.643236,0.643236,0.643236,0.321618,0.321618,0,0,1,0,0.000000,0.080000,0.008000,0.001000,7.000000,0.160000,22.000000,0.025000,0.000000
6.146000,0.500000,0.640000,-2.441495,-0.000000,-2.441495,-0.206248,0.000000,0.206248,0.026908,-0.000695,0.030969,0.030969,0.004061,0.028539,0.029235,0.016500,0.016792,0.000033,0.028428,0.000111,0.643160,0.000000,0.643160,0.643160,0.643160,0.321580,0.321580,0,0,1,0,0.000000,0.080000,0.008000,0.001000,7.000000,0.160000,22.000000,0.025000,0.000000
6.151000,0.500000,0.640000,-2.442543,-0.000000,-2.442543,-0.206411,0.000000,0.206411,0.026901,-0.000700,0.030969,0.030969,0.004068,0.028588,0.029287,0.016513,0.016800,0.000033,0.028476,0.000112,0.644320,0.000264,0.644583,0.644583,0.644583,0.322292,0.322292,0,0,1,0,0.000000,0.080000,0.008000,0.001000,7.000000,0.160000,22.000000,0.025000,0.000000
6.156000,0.500000,0.640000,-2.443591,-0.000000,-2.443591,-0.206573,0.000000,0.206573,0.026901,-0.000700,0.030969,0.030969,0.004068,0.028588,0.029287,0.016526,0.016809,0.000032,0.028476,0.000112,0.644320,0.000000,0.644320,0.644320,0.644320,0.322160,0.322160,0,0,1,0,0.000000,0.080000,0.008000,0.001000,7.000000,0.160000,22.000000,0.025000,0.000000
6.161000,0.500000,0.640000,-2.444639,-0.000000,-2.444639,-0.206734,0.000000,0.206734,0.026893,-0.000717,0.030969,0.030969,0.004076,0.028644,0.029361,0.016539,0.016817,0.000032,0.028529,0.000115,0.645946,0.000370,0.646315,0.646315,0.646315,0.323158,0.323158,0,0,1,0,0.000000,0.080000,0.008000,0.001000,7.000000,0.160000,22.000000,0.025000,0.000000
6.166000,0.500000,0.640000,-2.445689,-0.000000,-2.445689,-0.206894,0.000000,0.206894,0.026893,-0.000717,0.030969,0.030969,0.004076,0.028644,0.029361,0.016552,0.016825,0.000032,0.028529,0.000115,0.645946,0.000000,0.645946,0.645946,0.645946,0.322973,0.322973,0,0,1,0,0.000000,0.080000,0.008000,0.001000,7.000000,0.160000,22.000000,0.025000,0.000000
6.171000,0.500000,0.640000,-2.446739,-0.000000,-2.446739,-0.207054,0.000000,0.207054,0.026885,-0.000743,0.030969,0.030969,0.004084,0.028706,0.029449,0.016564,0.016833,0.000032,0.028587,0.000119,0.647868,0.000437,0.648304,0.648304,0.648304,0.324152,0.324152,0,0,1,0,0.000000,0.080000,0.008000,0.001000,7.000000,0.160000,22.000000,0.025000,0.000000
6.176000,0.500000,0.640000,-2.447790,-0.000000,-2.447790,-0.207213,0.000000,0.207213,0.026885,-0.000743,0.030969,0.030969,0.004084,0.028706,0.029449,0.016577,0.016842,0.000032,0.028587,0.000119,0.647868,0.000000,0.647868,0.647868,0.647868,0.323934,0.323934,0,0,1,0,0.000000,0.080000,0.008000,0.001000,7.000000,0.160000,22.000000,0.025000,0.000000
6.181000,0.500000,0.640000,-2.448841,-0.000000,-2.448841,-0.207373,0.000000,0.207373,0.026876,-0.000769,0.030969,0.030969,0.004093,0.028771,0.029540,0.016590,0.016850,0.000032,0.028648,0.000123,0.649875,0.000456,0.650331,0.650331,0.650331,0.325165,0.325165,0,0,1,0,0.000000,0.080000,0.008000,0.001000,7.000000,0.160000,22.000000,0.025000,0.000000
6.186000,0.500000,0.640000,-2.449894,-0.000000,-2.449894,-0.207532,0.000000,0.207532,0.026876,-0.000769,0.030969,0.030969,0.004093,0.028771,0.029540,0.016603,0.016858,0.000032,0.028648,0.000123,0.649875,0.000000,0.649875,0.649875,0.649875,0.324937,0.324937,0,0,1,0,0.000000,0.080000,0.008000,0.001000,7.000000,0.160000,22.000000,0.025000,0.000000
6.195000,0.500000,0.640000,-2.452001,-0.000000,-2.452001,-0.207853,0.000000,0.207853,0.026867,-0.000789,0.030969,0.030969,0.004101,0.028836,0.029626,0.016628,0.016873,0.000036,0.028710,0.000126,0.651762,0.000238,0.652000,0.652000,0.652000,0.326000,0.326000,0,0,1,0,0.000000,0.080000,0.008000,0.001000,7.000000,0.160000,22.000000,0.025000,0.000000
6.200000,0.500000,0.640000,-2.453056,-0.000000,-2.453056,-0.208013,0.000000,0.208013,0.026859,-0.000807,0.030969,0.030969,0.004110,0.028901,0.029708,0.016641,0.016882,0.000032,0.028772,0.000129,0.653572,0.000411,0.653983,0.653983,0.653983,0.326992,0.326992,0,0,1,0,0.000000,0.080000,0.008000,0.001000,7.000000,0.160000,22.000000,0.025000,0.000000
6.205000,0.500000,0.640000,-2.454112,-0.000000,-2.454112,-0.208175,0.000000,0.208175,0.026859,-0.000807,0.030969,0.030969,0.004110,0.028901,0.029708,0.016654,0.016890,0.000032,0.028772,0.000129,0.653572,0.000000,0.653572,0.653572,0.653572,0.326786,0.326786,0,0,1,0,0.000000,0.080000,0.008000,0.001000,7.000000,0.160000,22.000000,0.025000,0.000000
6.210000,0.500000,0.640000,-2.454112,-0.000000,-2.454112,-0.208175,0.000000,0.208175,0.026859,-0.000807,0.030969,0.030969,0.004110,0.028901,0.029708,0.016654,0.016898,0.000000,0.028772,0.000129,0.653572,0.000000,0.653572,0.653572,0.653572,0.326786,0.326786,0,0,1,0,0.000000,0.080000,0.008000,0.001000,7.000000,0.160000,22.000000,0.025000,0.000000
6.215000,0.500000,0.640000,-2.455169,-0.000000,-2.455169,-0.208338,0.000000,0.208338,0.026850,-0.000810,0.030969,0.030969,0.004119,0.028961,0.029771,0.016667,0.016907,0.000033,0.028831,0.000130,0.654967,0.000317,0.655284,0.655284,0.655284,0.327642,0.327642,0,0,1,0,0.000000,0.080000,0.008000,0.001000,7.000000,0.160000,22.000000,0.025000,0.000000
6.220000,0.500000,0.640000,-2.456227,-0.000000,-2.456227,-0.208502,0.000000,0.208502,0.026850,-0.000810,0.030969,0.030969,0.004119,0.028961,0.029771,0.016680,0.016915,0.000033,0.028831,0.000130,0.654967,0.000000,0.654967,0.654967,0.654967,0.327484,0.327484,0,0,1,0,0.000000,0.080000,0.008000,0.001000,7.000000,0.160000,22.000000,0.025000,0.000000
6.225000,0.500000,0.640000,-2.457285,-0.000000,-2.457285,-0.208667,0.000000,0.208667,0.026842,-0.000799,0.030969,0.030969,0.004127,0.029015,0.029814,0.016693,0.016923,0.000033,0.028887,0.000128,0.655908,0.000214,0.656122,0.656122,0.656122,0.328061,0.328061,0,0,1,0,0.000000,0.080000,0.008000,0.001000,7.000000,0.160000,22.000000,0.025000,0.000000
6.230000,0.500000,0.640000,-2.458345,-0.000000,-2.458345,-0.208833,0.000000,0.208833,0.026842,-0.000799,0.030969,0.030969,0.004127,0.029015,0.029814,0.016707,0.016932,0.000033,0.028887,0.000128,0.655908,0.000000,0.655908,0.655908,0.655908,0.327954,0.327954,0,0,1,0,0.000000,0.080000,0.008000,0.001000,7.000000,0.160000,22.000000,0.025000,0.000000
6.239000,0.500000,0.640000,-2.460467,-0.000000,-2.460467,-0.209170,0.000000,0.209170,0.026835,-0.000778,0.030969,0.030969,0.004134,0.029061,0.029839,0.016734,0.016947,0.000037,0.028937,0.000124,0.656464,0.000070,0.656534,0.656534,0.656534,0.328267,0.328267,0,0,1,0,0.000000,0.080000,0.008000,0.001000,7.000000,0.160000,22.000000,0.025000,0.000000
6.244000,0.500000,0.640000,-2.461529,-0.000000,-2.461529,-0.209339,0.000000,0.209339,0.026828,-0.000752,0.030969,0.030969,0.004140,0.029104,0.029856,0.016747,0.016955,0.000034,0.028983,0.000120,0.656832,0.000084,0.656916,0.656916,0.656916,0.328458,0.328458,0,0,1,0,0.000000,0.080000,0.008000,0.001000,7.000000,0.160000,22.000000,0.025000,0.000000
6.249000,0.500000,0.640000,-2.462593,-0.000000,-2.462593,-0.209508,0.000000,0.209508,0.026828,-0.000752,0.030969,0.030969,0.004140,0.029104,0.029856,0.016761,0.016963,0.000034,0.028983,0.000120,0.656832,0.000000,0.656832,0.656832,0.656832,0.328416,0.328416,0,0,1,0,0.000000,0.080000,0.008000,0.001000,7.000000,0.160000,22.000000,0.025000,0.000000
6.254000,0.500000,0.640000,-2.463657,-0.000000,-2.463657,-0.209678,0.000000,0.209678,0.026822,-0.000726,0.030969,0.030969,0.004147,0.029143,0.029869,0.016774,0.016972,0.000034,0.029027,0.000116,0.657113,0.000064,0.657176,0.657176,0.657176,0.328588,0.328588,0,0,1,0,0.000000,0.080000,0.008000,0.001000,7.000000,0.160000,22.000000,0.025000,0.000000
6.259000,0.500000,0.640000,-2.464722,-0.000000,-2.464722,-0.209848,0.000000,0.209848,0.026822,-0.000726,0.030969,0.030969,0.004147,0.029143,0.029869,0.016788,0.016980,0.000034,0.029027,0.000116,0.657113,0.000000,0.657113,0.657113,0.657113,0.328556,0.328556,0,0,1,0,0.000000,0.080000,0.008000,0.001000,7.000000,0.160000,22.000000,0.025000,0.000000
6.264000,0.500000,0.640000,-2.465788,-0.000000,-2.465788,-0.210018,0.000000,0.210018,0.026816,-0.000703,0.030969,0.030969,0.004153,0.029182,0.029885,0.016801,0.016989,0.000034,0.029069,0.000112,0.657464,0.000080,0.657544,0.657544,0.657544,0.328772,0.328772,0,0,1,0,0.000000,0.080000,0.008000,0.001000,7.000000,0.160000,22.000000,0.025000,0.000000
6.269000,0.500000,0.640000,-2.466855,-0.000000,-2.466855,-0.210187,0.000000,0.210187,0.026816,-0.000703,0.030969,0.030969,0.004153,0.029182,0.029885,0.016815,0.016997,0.000034,0.029069,0.000112,0.657464,0.000000,0.657464,0.657464,0.657464,0.328732,0.328732,0,0,1,0,0.000000,0.080000,0.008000,0.001000,7.000000,0.160000,22.000000,0.025000,0.000000
6.274000,0.500000,0.640000,-2.467922,-0.000000,-2.467922,-0.210356,0.000000,0.210356,0.026810,-0.000688,0.030969,0.030969,0.004159,0.029222,0.029910,0.016828,0.017005,0.000034,0.029112,0.000110,0.658019,0.000126,0.658145,0.658145,0.658145,0.329072,0.329072,0,0,1,0,0.000000,0.080000,0.008000,0.001000,7.000000,0.160000,22.000000,0.025000,0.000000
6.279000,0.500000,0.640000,-2.468990,-0.000000,-2.468990,-0.210525,0.000000,0.210525,0.026810,-0.000688,0.030969,0.030969,0.004159,0.029222,0.029910,0.016842,0.017014,0.000034,0.029112,0.000110,0.658019,0.000000,0.658019,0.658019,0.658019,0.329009,0.329009,0,0,1,0,0.000000,0.080000,0.008000,0.001000,7.000000,0.160000,22.000000,0.025000,0.000000
6.284000,0.500000,0.640000,-2.470059,-0.000000,-2.470059,-0.210692,0.000000,0.210692,0.026803,-0.000682,0.030969,0.030969,0.004165,0.029266,0.029948,0.016855,0.017022,0.000034,0.029157,0.000109,0.658854,0.000190,0.659044,0.659044,0.659044,0.329522,0.329522,0,0,1,0,0.000000,0.080000,0.008000,0.001000,7.000000,0.160000,22.000000,0.025000,0.000000
6.289000,0.500000,0.640000,-2.471129,-0.000000,-2.471129,-0.210860,0.000000,0.210860,0.026803,-0.000682,0.030969,0.030969,0.004165,0.029266,0.029948,0.016869,0.017031,0.000033,0.029157,0.000109,0.658854,0.000000,0.658854,0.658854,0.658854,0.329427,0.329427,0,0,1,0,0.000000,0.080000,0.008000,0.001000,7.000000,0.160000,22.000000,0.025000,0.000000
6.294000,0.500000,0.640000,-2.472200,-0.000000,-2.472200,-0.211026,0.000000,0.211026,0.026797,-0.000685,0.030969,0.030969,0.004172,0.029314,0.029999,0.016882,0.017039,0.000033,0.029205,0.000110,0.659982,0.000256,0.660238,0.660238,0.660238,0.330119,0.330119,0,0,1,0,0.000000,0.080000,0.008000,0.001000,7.000000,0.160000,22.000000,0.025000,0.000000
6.299000,0.500000,0.640000,-2.473271,-0.000000,-2.473271,-0.211192,0.000000,0.211192,0.026797,-0.000685,0.030969,0.030969,0.004172,0.029314,0.029999,0.016895,0.017048,0.000033,0.029205,0.000110,0.659982,0.000000,0.659982,0.659982,0.659982,0.329991,0.329991,0,0,1,0,0.000000,0.080000,0.008000,0.001000,7.000000,0.160000,22.000000,0.025000,0.000000
6.308000,0.500000,0.640000,-2.475417,-0.000000,-2.475417,-0.211523,0.000000,0.211523,0.026789,-0.000695,0.030969,0.030969,0.004179,0.029367,0.030062,0.016922,0.017063,0.000037,0.029256,0.000111,0.661355,0.000173,0.661529,0.661529,0.661529,0.330764,0.330764,0,0,1,0,0.000000,0.080000,0.008000,0.001000,7.000000,0.160000,22.000000,0.025000,0.000000
6.313000,0.500000,0.640000,-2.476490,-0.000000,-2.476490,-0.211687,0.000000,0.211687,0.026782,-0.000714,0.030969,0.030969,0.004187,0.029424,0.030138,0.016935,0.017071,0.000033,0.029309,0.000114,0.663030,0.000381,0.663411,0.663411,0.663411,0.331705,0.331705,0,0,1,0,0.000000,0.080000,0.008000,0.001000,7.000000,0.160000,22.000000,0.025000,0.000000
6.318000,0.500000,0.640000,-2.477565,-0.000000,-2.477565,-0.211851,0.000000,0.211851,0.026782,-0.000714,0.030969,0.030969,0.004187,0.029424,0.030138,0.016948,0.017080,0.000033,0.029309,0.000114,0.663030,0.000000,0.663030,0.663030,0.663030,0.331515,0.331515,0,0,1,0,0.000000,0.080000,0.008000,0.001000,7.000000,0.160000,22.000000,0.025000,0.000000
6.323000,0.500000,0.640000,-2.478640,-0.000000,-2.478640,-0.212016,0.000000,0.212016,0.026774,-0.000731,0.030969,0.030969,0.004195,0.029483,0.030214,0.016961,0.017088,0.000033,0.029366,0.000117,0.664710,0.000382,0.665092,0.665092,0.665092,0.332546,0.332546,0,0,1,0,0.000000,0.080000,0.008000,0.001000,7.000000,0.160000,22.000000,0.025000,0.000000
6.328000,0.500000,0.640000,-2.479716,-0.000000,-2.479716,-0.212180,0.000000,0.212180,0.026774,-0.000731,0.030969,0.030969,0.004195,0.029483,0.030214,0.016974,0.017097,0.000033,0.029366,0.000117,0.664710,0.000000,0.664710,0.664710,0.664710,0.332355,0.332355,0,0,1,0,0.000000,0.080000,0.008000,0.001000,7.000000,0.160000,22.000000,0.025000,0.000000
6.333000,0.500000,0.640000,-2.480793,-0.000000,-2.480793,-0.212345,0.000000,0.212345,0.026766,-0.000744,0.030969,0.030969,0.004203,0.029541,0.030285,0.016988,0.017105,0.000033,0.029422,0.000119,0.666259,0.000352,0.666612,0.666612,0.666612,0.333306,0.333306,0,0,1,0,0.000000,0.080000,0.008000,0.001000,7.000000,0.160000,22.000000,0.025000,0.000000
6.338000,0.500000,0.640000,-2.481871,-0.000000,-2.481871,-0.212511,0.000000,0.212511,0.026766,-0.000744,0.030969,0.030969,0.004203,0.029541,0.030285,0.017001,0.017114,0.000033,0.029422,0.000119,0.666259,0.000000,0.666259,0.666259,0.666259,0.333130,0.333130,0,0,1,0,0.000000,0.080000,0.008000,0.001000,7.000000,0.160000,22.000000,0.025000,0.000000
6.343000,0.500000,0.640000,-2.482950,-0.000000,-2.482950,-0.212678,0.000000,0.212678,0.026758,-0.000748,0.030969,0.030969,0.004211,0.029597,0.030345,0.017014,0.017122,0.000033,0.029477,0.000120,0.667594,0.000303,0.667897,0.667897,0.667897,0.333949,0.333949,0,0,1,0,0.000000,0.080000,0.008000,0.001000,7.000000,0.160000,22.000000,0.025000,0.000000
6.352000,0.500000,0.640000,-2.485111,-0.000000,-2.485111,-0.213013,0.000000,0.213013,0.026750,-0.000746,0.030969,0.030969,0.004219,0.029649,0.030395,0.017041,0.017138,0.000037,0.029530,0.000119,0.668680,0.000137,0.668817,0.668817,0.668817,0.334408,0.334408,0,0,1,0,0.000000,0.080000,0.008000,0.001000,7.000000,0.160000,22.000000,0.025000,0.000000
6.357000,0.500000,0.640000,-2.486192,-0.000000,-2.486192,-0.213182,0.000000,0.213182,0.026750,-0.000746,0.030969,0.030969,0.004219,0.029649,0.030395,0.017055,0.017146,0.000034,0.029530,0.000119,0.668680,0.000000,0.668680,0.668680,0.668680,0.334340,0.334340,0,0,1,0,0.000000,0.080000,0.008000,0.001000,7.000000,0.160000,22.000000,0.025000,0.000000
6.362000,0.500000,0.640000,-2.487275,-0.000000,-2.487275,-0.213351,0.000000,0.213351,0.026743,-0.000735,0.030969,0.030969,0.004226,0.029697,0.030433,0.017068,0.017155,0.000034,0.029580,0.000118,0.669518,0.000191,0.669709,0.669709,0.669709,0.334854,0.334854,0,0,1,0,0.000000,0.080000,0.008000,0.001000,7.000000,0.160000,22.000000,0.025000,0.000000
6.367000,0.500000,0.640000,-2.488358,-0.000000,-2.488358,-0.213521,0.000000,0.213521,0.026743,-0.000735,0.030969,0.030969,0.004226,0.029697,0.030433,0.017082,0.017163,0.000034,0.029580,0.000118,0.669518,0.000000,0.669518,0.669518,0.669518,0.334759,0.334759,0,0,1,0,0.000000,0.080000,0.008000,0.001000,7.000000,0.160000,22.000000,0.025000,0.000000
6.372000,0.500000,0.640000,-2.489442,-0.000000,-2.489442,-0.213692,0.000000,0.213692,0.026736,-0.000721,0.030969,0.030969,0.004232,0.029742,0.030464,0.017095,0.017172,0.000034,0.029627,0.000115,0.670200,0.000155,0.670355,0.670355,0.670355,0.335178,0.335178,0,0,1,0,0.000000,0.080000,0.008000,0.001000,7.000000,0.160000,22.000000,0.025000,0.000000
6.377000,0.500000,0.640000,-2.490528,-0.000000,-2.490528,-0.213863,0.000000,0.213863,0.026736,-0.000721,0.030969,0.030969,0.004232,0.029742,0.030464,0.017109,0.017180,0.000034,0.029627,0.000115,0.670200,0.000000,0.670200,0.670200,0.670200,0.335100,0.335100,0,0,1,0,0.000000,0.080000,0.008000,0.001000,7.000000,0.160000,22.000000,0.025000,0.000000
6.382000,0.500000,0.640000,-2.491614,-0.000000,-2.491614,-0.214034,0.000000,0.214034,0.026730,-0.000706,0.030969,0.030969,0.004239,0.029785,0.030492,0.017123,0.017189,0.000034,0.029672,0.000113,0.670818,0.000140,0.670959,0.670959,0.670959,0.335479,0.335479,0,0,1,0,0.000000,0.080000,0.008000,0.001000,7.000000,0.160000,22.000000,0.025000,0.000000
6.387000,0.500000,0.640000,-2.492701,-0.000000,-2.492701,-0.214206,0.000000,0.214206,0.026730,-0.000706,0.030969,0.030969,0.004239,0.029785,0.030492,0.017136,0.017197,0.000034,0.029672,0.000113,0.670818,0.000000,0.670818,0.670818,0.670818,0.335409,0.335409,0,0,1,0,0.000000,0.080000,0.008000,0.001000,7.000000,0.160000,22.000000,0.025000,0.000000
6.392000,0.500000,0.640000,-2.493789,-0.000000,-2.493789,-0.214377,0.000000,0.214377,0.026723,-0.000693,0.030969,0.030969,0.004245,0.029828,0.030521,0.017150,0.017206,0.000034,0.029717,0.000111,0.671468,0.000148,0.671616,0.671616,0.671616,0.335808,0.335808,0,0,1,0,0.000000,0.080000,0.008000,0.001000,7.000000,0.160000,22.000000,0.025000,0.000000
6.397000,0.500000,0.640000,-2.494877,-0.000000,-2.494877,-0.214548,0.000000,0.214548,0.026723,-0.000693,0.030969,0.030969,0.004245,0.029828,0.030521,0.017164,0.017215,0.000034,0.029717,0.000111,0.671468,0.000000,0.671468,0.671468,0.671468,0.335734,0.335734,0,0,1,0,0.000000,0.080000,0.008000,0.001000,7.000000,0.160000,22.000000,0.025000,0.000000
6.406000,0.500000,0.640000,-2.497057,-0.000000,-2.497057,-0.214891,0.000000,0.214891,0.026717,-0.000684,0.030969,0.030969,0.004252,0.029872,0.030556,0.017191,0.017230,0.000038,0.029762,0.000109,0.672230,0.000096,0.672326,0.672326,0.672326,0.336163,0.336163,0,0,1,0,0.000000,0.080000,0.008000,0.001000,7.000000,0.160000,22.000000,0.025000,0.000000
6.411000,0.500000,0.640000,-2.498148,-0.000000,-2.498148,-0.215061,0.000000,0.215061,0.026710,-0.000684,0.030969,0.030969,0.004258,0.029918,0.030602,0.017205,0.017239,0.000034,0.029809,0.000109,0.673234,0.000228,0.673462,0.673462,0.673462,0.336731,0.336731,0,0,1,0,0.000000,0.080000,0.008000,0.001000,7.000000,0.160000,22.000000,0.025000,0.000000
6.416000,0.500000,0.640000,-2.499240,-0.000000,-2.499240,-0.215231,0.000000,0.215231,0.026710,-0.000684,0.030969,0.030969,0.004258,0.029918,0.030602,0.017218,0.017247,0.000034,0.029809,0.000109,0.673234,0.000000,0.673234,0.673234,0.673234,0.336617,0.336617,0,0,1,0,0.000000,0.080000,0.008000,0.001000,7.000000,0.160000,22.000000,0.025000,0.000000
6.421000,0.500000,0.640000,-2.500333,-0.000000,-2.500333,-0.215401,0.000000,0.215401,0.026703,-0.000687,0.030969,0.030969,0.004265,0.029967,0.030654,0.017232,0.017256,0.000034,0.029857,0.000110,0.674390,0.000263,0.674653,0.674653,0.674653,0.337326,0.337326,0,0,1,0,0.000000,0.080000,0.008000,0.001000,7.000000,0.160000,22.000000,0.025000,0.000000
6.426000,0.500000,0.640000,-2.501427,-0.000000,-2.501427,-0.215570,0.000000,0.215570,0.026703,-0.000687,0.030969,0.030969,0.004265,0.029967,0.030654,0.017246,0.017264,0.000034,0.029857,0.000110,0.674390,0.000000,0.674390,0.674390,0.674390,0.337195,0.337195,0,0,1,0,0.000000,0.080000,0.008000,0.001000,7.000000,0.160000,22.000000,0.025000,0.000000
6.431000,0.500000,0.640000,-2.502521,-0.000000,-2.502521,-0.215739,0.000000,0.215739,0.026696,-0.000694,0.030969,0.030969,0.004272,0.030018,0.030712,0.017259,0.017273,0.000034,0.029907,0.000111,0.675660,0.000289,0.675948,0.675948,0.675948,0.337974,0.337974,0,0,1,0,0.000000,0.080000,0.008000,0.001000,7.000000,0.160000,22.000000,0.025000,0.000000
6.436000,0.500000,0.640000,-2.503616,-0.000000,-2.503616,-0.215909,0.000000,0.215909,0.026696,-0.000694,0.030969,0.030969,0.004272,0.030018,0.030712,0.017273,0.017282,0.000034,0.029907,0.000111,0.675660,0.000000,0.675660,0.675660,0.675660,0.337830,0.337830,0,0,1,0,0.000000,0.080000,0.008000,0.001000,7.000000,0.160000,22.000000,0.025000,0.000000
6.441000,0.500000,0.640000,-2.504713,-0.000000,-2.504713,-0.216078,0.000000,0.216078,0.026689,-0.000702,0.030969,0.030969,0.004280,0.030071,0.030772,0.017286,0.017290,0.000034,0.029959,0.000112,0.676991,0.000303,0.677294,0.677294,0.677294,0.338647,0.338647,0,0,1,0,0.000000,0.080000,0.008000,0.001000,7.000000,0.160000,22.000000,0.025000,0.000000
6.446000,0.500000,0.640000,-2.505810,-0.000000,-2.505810,-0.216247,0.000000,0.216247,0.026689,-0.000702,0.030969,0.030969,0.004280,0.030071,0.030772,0.017300,0.017299,0.000034,0.029959,0.000112,0.676991,0.000000,0.676991,0.676991,0.676991,0.338496,0.338496,0,0,1,0,0.000000,0.080000,0.008000,0.001000,7.000000,0.160000,22.000000,0.025000,0.000000
6.451000,0.500000,0.640000,-2.505810,-0.000000,-2.505810,-0.216247,0.000000,0.216247,0.026682,-0.000709,0.030969,0.030969,0.004287,0.030124,0.030833,0.017300,0.017308,0.000000,0.030011,0.000113,0.678325,0.000303,0.678628,0.678628,0.678628,0.339314,0.339314,0,0,1,0,0.000000,0.080000,0.008000,0.001000,7.000000,0.160000,22.000000,0.025000,0.000000
6.456000,0.500000,0.640000,-2.506907,-0.000000,-2.506907,-0.216417,0.000000,0.216417,0.026682,-0.000709,0.030969,0.030969,0.004287,0.030124,0.030833,0.017313,0.017316,0.000034,0.030011,0.000113,0.678325,0.000000,0.678325,0.678325,0.678325,0.339163,0.339163,0,0,1,0,0.000000,0.080000,0.008000,0.001000,7.000000,0.160000,22.000000,0.025000,0.000000
6.465000,0.500000,0.640000,-2.509106,-0.000000,-2.509106,-0.216756,0.000000,0.216756,0.026674,-0.000714,0.030969,0.030969,0.004295,0.030177,0.030891,0.017341,0.017332,0.000038,0.030063,0.000114,0.679609,0.000162,0.679771,0.679771,0.679771,0.339886,0.339886,0,0,1,0,0.000000,0.080000,0.008000,0.001000,7.000000,0.160000,22.000000,0.025000,0.000000
6.470000,0.500000,0.640000,-2.510206,-0.000000,-2.510206,-0.216927,0.000000,0.216927,0.026667,-0.000722,0.030969,0.030969,0.004302,0.030230,0.030952,0.017354,0.017341,0.000034,0.030115,0.000116,0.680943,0.000303,0.681247,0.681247,0.681247,0.340623,0.340623,0,0,1,0,0.000000,0.080000,0.008000,0.001000,7.000000,0.160000,22.000000,0.025000,0.000000
6.475000,0.500000,0.640000,-2.511307,-0.000000,-2.511307,-0.217097,0.000000,0.217097,0.026667,-0.000722,0.030969,0.030969,0.004302,0.030230,0.030952,0.017368,0.017349,0.000034,0.030115,0.000116,0.680943,0.000000,0.680943,0.680943,0.680943,0.340472,0.340472,0,0,1,0,0.000000,0.080000,0.008000,0.001000,7.000000,0.160000,22.000000,0.025000,0.000000
6.480000,0.500000,0.640000,-2.512410,-0.000000,-2.512410,-0.217267,0.000000,0.217267,0.026667,-0.000722,0.030969,0.030969,0.004302,0.030230,0.030952,0.017381,0.017358,0.000034,0.030115,0.000116,0.680943,0.000000,0.680943,0.680943,0.680943,0.340472,0.340472,0,0,1,0,0.000000,0.080000,0.008000,0.001000,7.000000,0.160000,22.000000,0.025000,0.000000
6.485000,0.500000,0.640000,-2.513513,-0.000000,-2.513513,-0.217438,0.000000,0.217438,0.026659,-0.000724,0.030969,0.030969,0.004310,0.030283,0.031006,0.017395,0.017367,0.000034,0.030167,0.000116,0.682141,0.000272,0.682413,0.682413,0.682413,0.341207,0.341207,0,0,1,0,0.000000,0.080000,0.008000,0.001000,7.000000,0.160000,22.000000,0.025000,0.000000
6.490000,0.500000,0.640000,-2.514617,-0.000000,-2.514617,-0.217609,0.000000,0.217609,0.026659,-0.000724,0.030969,0.030969,0.004310,0.030283,0.031006,0.017409,0.017375,0.000034,0.030167,0.000116,0.682141,0.000000,0.682141,0.682141,0.682141,0.341071,0.341071,0,0,1,0,0.000000,0.080000,0.008000,0.001000,7.000000,0.160000,22.000000,0.025000,0.000000
6.495000,0.500000,0.640000,-2.515721,-0.000000,-2.515721,-0.217780,0.000000,0.217780,0.026652,-0.000726,0.030969,0.030969,0.004317,0.030334,0.031060,0.017422,0.017384,0.000034,0.030218,0.000116,0.683313,0.000266,0.683579,0.683579,0.683579,0.341790,0.341790,0,0,1,0,0.000000,0.080000,0.008000,0.001000,7.000000,0.160000,22.000000,0.025000,0.000000
6.500000,0.500000,0.640000,-2.516827,-0.000000,-2.516827,-0.217952,0.000000,0.217952,0.026652,-0.000726,0.030969,0.030969,0.004317,0.030334,0.031060,0.017436,0.017393,0.000034,0.030218,0.000116,0.683313,0.000000,0.683313,0.683313,0.683313,0.341657,0.341657,0,0,1,0,0.000000,0.080000,0.008000,0.001000,7.000000,0.160000,22.000000,0.025000,0.000000
6.505000,0.500000,0.640000,-2.517934,-0.000000,-2.517934,-0.218125,0.000000,0.218125,0.026645,-0.000722,0.030969,0.030969,0.004324,0.030384,0.031106,0.017450,0.017402,0.000034,0.030268,0.000116,0.684338,0.000233,0.684570,0.684570,0.684570,0.342285,0.342285,0,0,1,0,0.000000,0.080000,0.008000,0.001000,7.000000,0.160000,22.000000,0.025000,0.000000
6.514000,0.500000,0.640000,-2.520150,-0.000000,-2.520150,-0.218471,0.000000,0.218471,0.026638,-0.000715,0.030969,0.030969,0.004331,0.030432,0.031146,0.017478,0.017417,0.000038,0.030317,0.000114,0.685220,0.000111,0.685332,0.685332,0.685332,0.342666,0.342666,0,0,1,0,0.000000,0.080000,0.008000,0.001000,7.000000,0.160000,22.000000,0.025000,0.000000
6.519000,0.500000,0.640000,-2.521259,-0.000000,-2.521259,-0.218645,0.000000,0.218645,0.026638,-0.000715,0.030969,0.030969,0.004331,0.030432,0.031146,0.017492,0.017426,0.000035,0.030317,0.000114,0.685220,0.000000,0.685220,0.685220,0.685220,0.342610,0.342610,0,0,1,0,0.000000,0.080000,0.008000,0.001000,7.000000,0.160000,22.000000,0.025000,0.000000
6.524000,0.500000,0.640000,-2.522370,-0.000000,-2.522370,-0.218819,0.000000,0.218819,0.026631,-0.000705,0.030969,0.030969,0.004338,0.030477,0.031182,0.017506,0.017435,0.000035,0.030364,0.000113,0.686002,0.000178,0.686180,0.686180,0.686180,0.343090,0.343090,0,0,1,0,0.000000,0.080000,0.008000,0.001000,7.000000,0.160000,22.000000,0.025000,0.000000
6.529000,0.500000,0.640000,-2.523481,-0.000000,-2.523481,-0.218993,0.000000,0.218993,0.026631,-0.000705,0.030969,0.030969,0.004338,0.030477,0.031182,0.017519,0.017444,0.000035,0.030364,0.000113,0.686002,0.000000,0.686002,0.686002,0.686002,0.343001,0.343001,0,0,1,0,0.000000,0.080000,0.008000,0.001000,7.000000,0.160000,22.000000,0.025000,0.000000
6.534000,0.500000,0.640000,-2.524593,-0.000000,-2.524593,-0.219168,0.000000,0.219168,0.026624,-0.000695,0.030969,0.030969,0.004344,0.030522,0.031217,0.017533,0.017452,0.000035,0.030410,0.000111,0.686769,0.000174,0.686944,0.686944,0.686944,0.343472,0.343472,0,0,1,0,0.000000,0.080000,0.008000,0.001000,7.000000,0.160000,22.000000,0.025000,0.000000
6.539000,0.500000,0.640000,-2.525706,-0.000000,-2.525706,-0.219343,0.000000,0.219343,0.026624,-0.000695,0.030969,0.030969,0.004344,0.030522,0.031217,0.017547,0.017461,0.000035,0.030410,0.000111,0.686769,0.000000,0.686769,0.686769,0.686769,0.343385,0.343385,0,0,1,0,0.000000,0.080000,0.008000,0.001000,7.000000,0.160000,22.000000,0.025000,0.000000
6.544000,0.500000,0.640000,-2.526820,-0.000000,-2.526820,-0.219517,0.000000,0.219517,0.026618,-0.000688,0.030969,0.030969,0.004351,0.030566,0.031254,0.017561,0.017470,0.000035,0.030456,0.000110,0.687587,0.000186,0.687773,0.687773,0.687773,0.343887,0.343887,0,0,1,0,0.000000,0.080000,0.008000,0.001000,7.000000,0.160000,22.000000,0.025000,0.000000
6.549000,0.500000,0.640000,-2.527934,-0.000000,-2.527934,-0.219692,0.000000,0.219692,0.026618,-0.000688,0.030969,0.030969,0.004351,0.030566,0.031254,0.017575,0.017479,0.000035,0.030456,0.000110,0.687587,0.000000,0.687587,0.687587,0.687587,0.343794,0.343794,0,0,1,0,0.000000,0.080000,0.008000,0.001000,7.000000,0.160000,22.000000,0.025000,0.000000
6.558000,0.500000,0.640000,-2.530166,-0.000000,-2.530166,-0.220041,0.000000,0.220041,0.026611,-0.000684,0.030969,0.030969,0.004358,0.030612,0.031296,0.017603,0.017494,0.000039,0.030503,0.000109,0.688505,0.000116,0.688621,0.688621,0.688621,0.344311,0.344311,0,0,1,0,0.000000,0.080000,0.008000,0.001000,7.000000,0.160000,22.000000,0.025000,0.000000
6.563000,0.500000,0.640000,-2.531283,-0.000000,-2.531283,-0.220214,0.000000,0.220214,0.026604,-0.000687,0.030969,0.030969,0.004364,0.030660,0.031348,0.017617,0.017503,0.000035,0.030550,0.000110,0.689645,0.000259,0.689904,0.689904,0.689904,0.344952,0.344952,0,0,1,0,0.000000,0.080000,0.008000,0.001000,7.000000,0.160000,22.000000,0.025000,0.000000
6.568000,0.500000,0.640000,-2.532402,-0.000000,-2.532402,-0.220388,0.000000,0.220388,0.026604,-0.000687,0.030969,0.030969,0.004364,0.030660,0.031348,0.017631,0.017512,0.000035,0.030550,0.000110,0.689645,0.000000,0.689645,0.689645,0.689645,0.344823,0.344823,0,0,1,0,0.000000,0.080000,0.008000,0.001000,7.000000,0.160000,22.000000,0.025000,0.000000
6.573000,0.500000,0.640000,-2.533521,-0.000000,-2.533521,-0.220561,0.000000,0.220561,0.026597,-0.000693,0.030969,0.030969,0.004371,0.030711,0.031404,0.017645,0.017521,0.000035,0.030600,0.000111,0.690880,0.000281,0.691161,0.691161,0.691161,0.345581,0.345581,0,0,1,0,0.000000,0.080000,0.008000,0.001000,7.000000,0.160000,22.000000,0.025000,0.000000
6.578000,0.500000,0.640000,-2.534640,-0.000000,-2.534640,-0.220734,0.000000,0.220734,0.026597,-0.000693,0.030969,0.030969,0.004371,0.030711,0.031404,0.017659,0.017530,0.000035,0.030600,0.000111,0.690880,0.000000,0.690880,0.690880,0.690880,0.345440,0.345440,0,0,1,0,0.000000,0.080000,0.008000,0.001000,7.000000,0.160000,22.000000,0.025000,0.000000
6.586000,0.500000,0.640000,-2.536882,-0.000000,-2.536882,-0.221081,0.000000,0.221081,0.026590,-0.000699,0.030969,0.030969,0.004379,0.030763,0.031462,0.017686,0.017544,0.000043,0.030651,0.000112,0.692167,0.000183,0.692349,0.692349,0.692349,0.346175,0.346175,0,0,1,0,0.000000,0.080000,0.008000,0.001000,7.000000,0.160000,22.000000,0.025000,0.000000
6.591000,0.500000,0.640000,-2.538005,-0.000000,-2.538005,-0.221254,0.000000,0.221254,0.026583,-0.000711,0.030969,0.030969,0.004386,0.030817,0.031527,0.017700,0.017553,0.000035,0.030703,0.000114,0.693598,0.000325,0.693923,0.693923,0.693923,0.346962,0.346962,0,0,1,0,0.000000,0.080000,0.008000,0.001000,7.000000,0.160000,22.000000,0.025000,0.000000
6.596000,0.500000,0.640000,-2.539128,-0.000000,-2.539128,-0.221427,0.000000,0.221427,0.026583,-0.000711,0.030969,0.030969,0.004386,0.030817,0.031527,0.017714,0.017562,0.000035,0.030703,0.000114,0.693598,0.000000,0.693598,0.693598,0.693598,0.346799,0.346799,0,0,1,0,0.000000,0.080000,0.008000,0.001000,7.000000,0.160000,22.000000,0.025000,0.000000
6.601000,0.500000,0.640000,-2.540252,-0.000000,-2.540252,-0.221600,0.000000,0.221600,0.026575,-0.000718,0.030969,0.030969,0.004394,0.030871,0.031589,0.017728,0.017570,0.000035,0.030756,0.000115,0.694959,0.000309,0.695269,0.695269,0.695269,0.347634,0.347634,0,0,1,0,0.000000,0.080000,0.008000,0.001000,7.000000,0.160000,22.000000,0.025000,0.000000
6.606000,0.500000,0.640000,-2.541377,-0.000000,-2.541377,-0.221774,0.000000,0.221774,0.026575,-0.000718,0.030969,0.030969,0.004394,0.030871,0.031589,0.017742,0.017579,0.000035,0.030756,0.000115,0.694959,0.000000,0.694959,0.694959,0.694959,0.347480,0.347480,0,0,1,0,0.000000,0.080000,0.008000,0.001000,7.000000,0.160000,22.000000,0.025000,0.000000
6.615000,0.500000,0.640000,-2.543630,-0.000000,-2.543630,-0.222123,0.000000,0.222123,0.026568,-0.000722,0.030969,0.030969,0.004401,0.030924,0.031645,0.017770,0.017595,0.000039,0.030808,0.000115,0.696200,0.000157,0.696356,0.696356,0.696356,0.348178,0.348178,0,0,1,0,0.000000,0.080000,0.008000,0.001000,7.000000,0.160000,22.000000,0.025000,0.000000
6.620000,0.500000,0.640000,-2.544758,-0.000000,-2.544758,-0.222298,0.000000,0.222298,0.026560,-0.000726,0.030969,0.030969,0.004409,0.030976,0.031702,0.017784,0.017604,0.000035,0.030860,0.000116,0.697436,0.000281,0.697717,0.697717,0.697717,0.348859,0.348859,0,0,1,0,0.000000,0.080000,0.008000,0.001000,7.000000,0.160000,22.000000,0.025000,0.000000
6.625000,0.500000,0.640000,-2.544758,-0.000000,-2.544758,-0.222298,0.000000,0.222298,0.026560,-0.000726,0.030969,0.030969,0.004409,0.030976,0.031702,0.017784,0.017613,0.000000,0.030860,0.000116,0.697436,0.000000,0.697436,0.697436,0.697436,0.348718,0.348718,0,0,1,0,0.000000,0.080000,0.008000,0.001000,7.000000,0.160000,22.000000,0.025000,0.000000
6.630000,0.500000,0.640000,-2.545886,-0.000000,-2.545886,-0.222473,0.000000,0.222473,0.026560,-0.000726,0.030969,0.030969,0.004409,0.030976,0.031702,0.017798,0.017622,0.000035,0.030860,0.000116,0.697436,0.000000,0.697436,0.697436,0.697436,0.348718,0.348718,0,0,1,0,0.000000,0.080000,0.008000,0.001000,7.000000,0.160000,22.000000,0.025000,0.000000
6.635000,0.500000,0.640000,-2.547016,-0.000000,-2.547016,-0.222649,0.000000,0.222649,0.026553,-0.000725,0.030969,0.030969,0.004416,0.031027,0.031752,0.017812,0.017631,0.000035,0.030911,0.000116,0.698542,0.000251,0.698793,0.698793,0.698793,0.349397,0.349397,0,0,1,0,0.000000,0.080000,0.008000,0.001000,7.000000,0.160000,22.000000,0.025000,0.000000
6.640000,0.500000,0.640000,-2.548146,-0.000000,-2.548146,-0.222825,0.000000,0.222825,0.026553,-0.000725,0.030969,0.030969,0.004416,0.031027,0.031752,0.017826,0.017640,0.000035,0.030911,0.000116,0.698542,0.000000,0.698542,0.698542,0.698542,0.349271,0.349271,0,0,1,0,0.000000,0.080000,0.008000,0.001000,7.000000,0.160000,22.000000,0.025000,0.000000
6.645000,0.500000,0.640000,-2.549278,-0.000000,-2.549278,-0.223001,0.000000,0.223001,0.026546,-0.000724,0.030969,0.030969,0.004423,0.031077,0.031801,0.017840,0.017649,0.000035,0.030961,0.000116,0.699620,0.000245,0.699865,0.699865,0.699865,0.349933,0.349933,0,0,1,0,0.000000,0.080000,0.008000,0.001000,7.000000,0.160000,22.000000,0.025000,0.000000
6.650000,0.500000,0.640000,-2.550410,-0.000000,-2.550410,-0.223177,0.000000,0.223177,0.026546,-0.000724,0.030969,0.030969,0.004423,0.031077,0.031801,0.017854,0.017658,0.000035,0.030961,0.000116,0.699620,0.000000,0.699620,0.699620,0.699620,0.349810,0.349810,0,0,1,0,0.000000,0.080000,0.008000,0.001000,7.000000,0.160000,22.000000,0.025000,0.000000
6.655000,0.500000,0.640000,-2.551543,-0.000000,-2.551543,-0.223354,0.000000,0.223354,0.026539,-0.000719,0.030969,0.030969,0.004430,0.031126,0.031844,0.017868,0.017667,0.000035,0.031011,0.000115,0.700578,0.000218,0.700795,0.700795,0.700795,0.350398,0.350398,0,0,1,0,0.000000,0.080000,0.008000,0.001000,7.000000,0.160000,22.000000,0.025000,0.000000
6.664000,0.500000,0.640000,-2.553812,-0.000000,-2.553812,-0.223709,0.000000,0.223709,0.026532,-0.000711,0.030969,0.030969,0.004437,0.031173,0.031884,0.017897,0.017683,0.000039,0.031059,0.000114,0.701438,0.000109,0.701546,0.701546,0.701546,0.350773,0.350773,0,0,1,0,0.000000,0.080000,0.008000,0.001000,7.000000,0.160000,22.000000,0.025000,0.000000
6.669000,0.500000,0.640000,-2.554948,-0.000000,-2.554948,-0.223887,0.000000,0.223887,0.026532,-0.000711,0.030969,0.030969,0.004437,0.031173,0.031884,0.017911,0.017692,0.000036,0.031059,0.000114,0.701438,0.000000,0.701438,0.701438,0.701438,0.350719,0.350719,0,0,1,0,0.000000,0.080000,0.008000,0.001000,7.000000,0.160000,22.000000,0.025000,0.000000
6.674000,0.500000,0.640000,-2.556085,-0.000000,-2.556085,-0.224066,0.000000,0.224066,0.026525,-0.000702,0.030969,0.030969,0.004444,0.031218,0.031920,0.017925,0.017701,0.000036,0.031106,0.000112,0.702247,0.000184,0.702431,0.702431,0.702431,0.351215,0.351215,0,0,1,0,0.000000,0.080000,0.008000,0.001000,7.000000,0.160000,22.000000,0.025000,0.000000
6.679000,0.500000,0.640000,-2.557223,-0.000000,-2.557223,-0.224244,0.000000,0.224244,0.026525,-0.000702,0.030969,0.030969,0.004444,0.031218,0.031920,0.017940,0.017710,0.000036,0.031106,0.000112,0.702247,0.000000,0.702247,0.702247,0.702247,0.351123,0.351123,0,0,1,0,0.000000,0.080000,0.008000,0.001000,7.000000,0.160000,22.000000,0.025000,0.000000
6.684000,0.500000,0.640000,-2.558362,-0.000000,-2.558362,-0.224423,0.000000,0.224423,0.026518,-0.000695,0.030969,0.030969,0.004450,0.031264,0.031958,0.017954,0.017719,0.000036,0.031153,0.000111,0.703085,0.000190,0.703275,0.703275,0.703275,0.351638,0.351638,0,0,1,0,0.000000,0.080000,0.008000,0.001000,7.000000,0.160000,22.000000,0.025000,0.000000
6.689000,0.500000,0.640000,-2.559502,-0.000000,-2.559502,-0.224601,0.000000,0.224601,0.026518,-0.000695,0.030969,0.030969,0.004450,0.031264,0.031958,0.017968,0.017728,0.000036,0.031153,0.000111,0.703085,0.000000,0.703085,0.703085,0.703085,0.351542,0.351542,0,0,1,0,0.000000,0.080000,0.008000,0.001000,7.000000,0.160000,22.000000,0.025000,0.000000
6.694000,0.500000,0.640000,-2.560642,-0.000000,-2.560642,-0.224779,0.000000,0.224779,0.026512,-0.000690,0.030969,0.030969,0.004457,0.031310,0.032000,0.017982,0.017737,0.000036,0.031199,0.000110,0.704003,0.000209,0.704212,0.704212,0.704212,0.352106,0.352106,0,0,1,0,0.000000,0.080000,0.008000,0.001000,7.000000,0.160000,22.000000,0.025000,0.000000
6.703000,0.500000,0.640000,-2.562926,-0.000000,-2.562926,-0.225136,0.000000,0.225136,0.026505,-0.000689,0.030969,0.030969,0.004464,0.031357,0.032047,0.018011,0.017753,0.000040,0.031247,0.000110,0.705033,0.000130,0.705163,0.705163,0.705163,0.352581,0.352581,0,0,1,0,0.000000,0.080000,0.008000,0.001000,7.000000,0.160000,22.000000,0.025000,0.000000
6.708000,0.500000,0.640000,-2.564069,-0.000000,-2.564069,-0.225314,0.000000,0.225314,0.026505,-0.000689,0.030969,0.030969,0.004464,0.031357,0.032047,0.018025,0.017762,0.000036,0.031247,0.000110,0.705033,0.000000,0.705033,0.705033,0.705033,0.352516,0.352516,0,0,1,0,0.000000,0.080000,0.008000,0.001000,7.000000,0.160000,22.000000,0.025000,0.000000
6.713000,0.500000,0.640000,-2.565213,-0.000000,-2.565213,-0.225492,0.000000,0.225492,0.026498,-0.000692,0.030969,0.030969,0.004471,0.031407,0.032099,0.018039,0.017771,0.000036,0.031296,0.000111,0.706167,0.000258,0.706425,0.706425,0.706425,0.353213,0.353213,0,0,1,0,0.000000,0.080000,0.008000,0.001000,7.000000,0.160000,22.000000,0.025000,0.000000
6.718000,0.500000,0.640000,-2.566358,-0.000000,-2.566358,-0.225670,0.000000,0.225670,0.026498,-0.000692,0.030969,0.030969,0.004471,0.031407,0.032099,0.018054,0.017780,0.000036,0.031296,0.000111,0.706167,0.000000,0.706167,0.706167,0.706167,0.353084,0.353084,0,0,1,0,0.000000,0.080000,0.008000,0.001000,7.000000,0.160000,22.000000,0.025000,0.000000
6.723000,0.500000,0.640000,-2.567503,-0.000000,-2.567503,-0.225847,0.000000,0.225847,0.026491,-0.000697,0.030969,0.030969,0.004478,0.031457,0.032155,0.018068,0.017789,0.000036,0.031346,0.000112,0.707404,0.000281,0.707686,0.707686,0.707686,0.353843,0.353843,0,0,1,0,0.000000,0.080000,0.008000,0.001000,7.000000,0.160000,22.000000,0.025000,0.000000
6.728000,0.500000,0.640000,-2.568650,-0.000000,-2.568650,-0.226025,0.000000,0.226025,0.026491,-0.000697,0.030969,0.030969,0.004478,0.031457,0.032155,0.018082,0.017798,0.000035,0.031346,0.000112,0.707404,0.000000,0.707404,0.707404,0.707404,0.353702,0.353702,0,0,1,0,0.000000,0.080000,0.008000,0.001000,7.000000,0.160000,22.000000,0.025000,0.000000
6.733000,0.500000,0.640000,-2.569798,-0.000000,-2.569798,-0.226202,0.000000,0.226202,0.026483,-0.000704,0.030969,0.030969,0.004485,0.031510,0.032214,0.018096,0.017807,0.000036,0.031397,0.000113,0.708708,0.000296,0.709005,0.709005,0.709005,0.354502,0.354502,0,0,1,0,0.000000,0.080000,0.008000,0.001000,7.000000,0.160000,22.000000,0.025000,0.000000
6.738000,0.500000,0.640000,-2.570946,-0.000000,-2.570946,-0.226380,0.000000,0.226380,0.026483,-0.000704,0.030969,0.030969,0.004485,0.031510,0.032214,0.018110,0.017816,0.000035,0.031397,0.000113,0.708708,0.000000,0.708708,0.708708,0.708708,0.354354,0.354354,0,0,1,0,0.000000,0.080000,0.008000,0.001000,7.000000,0.160000,22.000000,0.025000,0.000000
6.743000,0.500000,0.640000,-2.572095,-0.000000,-2.572095,-0.226558,0.000000,0.226558,0.026476,-0.000711,0.030969,0.030969,0.004493,0.031563,0.032274,0.018125,0.017825,0.000036,0.031449,0.000114,0.710035,0.000301,0.710336,0.710336,0.710336,0.355168,0.355168,0,0,1,0,0.000000,0.080000,0.008000,0.001000,7.000000,0.160000,22.000000,0.025000,0.000000
6.752000,0.500000,0.640000,-2.574397,-0.000000,-2.574397,-0.226914,0.000000,0.226914,0.026469,-0.000718,0.030969,0.030969,0.004500,0.031616,0.032334,0.018153,0.017841,0.000040,0.031501,0.000115,0.711341,0.000165,0.711505,0.711505,0.711505,0.355753,0.355753,0,0,1,0,0.000000,0.080000,0.008000,0.001000,7.000000,0.160000,22.000000,0.025000,0.000000
6.757000,0.500000,0.640000,-2.575549,-0.000000,-2.575549,-0.227092,0.000000,0.227092,0.026469,-0.000718,0.030969,0.030969,0.004500,0.031616,0.032334,0.018167,0.017850,0.000036,0.031501,0.000115,0.711341,0.000000,0.711341,0.711341,0.711341,0.355670,0.355670,0,0,1,0,0.000000,0.080000,0.008000,0.001000,7.000000,0.160000,22.000000,0.025000,0.000000
6.762000,0.500000,0.640000,-2.576702,-0.000000,-2.576702,-0.227271,0.000000,0.227271,0.026461,-0.000721,0.030969,0.030969,0.004508,0.031669,0.032390,0.018182,0.017860,0.000036,0.031553,0.000115,0.712573,0.000280,0.712854,0.712854,0.712854,0.356427,0.356427,0,0,1,0,0.000000,0.080000,0.008000,0.001000,7.000000,0.160000,22.000000,0.025000,0.000000
6.767000,0.500000,0.640000,-2.577856,-0.000000,-2.577856,-0.227450,0.000000,0.227450,0.026461,-0.000721,0.030969,0.030969,0.004508,0.031669,0.032390,0.018196,0.017869,0.000036,0.031553,0.000115,0.712573,0.000000,0.712573,0.712573,0.712573,0.356287,0.356287,0,0,1,0,0.000000,0.080000,0.008000,0.001000,7.000000,0.160000,22.000000,0.025000,0.000000
6.772000,0.500000,0.640000,-2.579010,-0.000000,-2.579010,-0.227629,0.000000,0.227629,0.026454,-0.000722,0.030969,0.030969,0.004515,0.031720,0.032443,0.018210,0.017878,0.000036,0.031605,0.000116,0.713738,0.000265,0.714002,0.714002,0.714002,0.357001,0.357001,0,0,1,0,0.000000,0.080000,0.008000,0.001000,7.000000,0.160000,22.000000,0.025000,0.000000
6.777000,0.500000,0.640000,-2.580166,-0.000000,-2.580166,-0.227809,0.000000,0.227809,0.026454,-0.000722,0.030969,0.030969,0.004515,0.031720,0.032443,0.018225,0.017887,0.000036,0.031605,0.000116,0.713738,0.000000,0.713738,0.713738,0.713738,0.356869,0.356869,0,0,1,0,0.000000,0.080000,0.008000,0.001000,7.000000,0.160000,22.000000,0.025000,0.000000
6.782000,0.500000,0.640000,-2.581323,-0.000000,-2.581323,-0.227989,0.000000,0.227989,0.026447,-0.000722,0.030969,0.030969,0.004522,0.031771,0.032492,0.018239,0.017896,0.000036,0.031655,0.000115,0.714833,0.000249,0.715082,0.715082,0.715082,0.357541,0.357541,0,0,1,0,0.000000,0.080000,0.008000,0.001000,7.000000,0.160000,22.000000,0.025000,0.000000
6.787000,0.500000,0.640000,-2.582480,-0.000000,-2.582480,-0.228169,0.000000,0.228169,0.026447,-0.000722,0.030969,0.030969,0.004522,0.031771,0.032492,0.018254,0.017905,0.000036,0.031655,0.000115,0.714833,0.000000,0.714833,0.714833,0.714833,0.357417,0.357417,0,0,1,0,0.000000,0.080000,0.008000,0.001000,7.000000,0.160000,22.000000,0.025000,0.000000
6.796000,0.500000,0.640000,-2.584798,-0.000000,-2.584798,-0.228530,0.000000,0.228530,0.026439,-0.000719,0.030969,0.030969,0.004529,0.031821,0.032540,0.018282,0.017922,0.000040,0.031705,0.000115,0.715873,0.000131,0.716005,0.716005,0.716005,0.358002,0.358002,0,0,1,0,0.000000,0.080000,0.008000,0.001000,7.000000,0.160000,22.000000,0.025000,0.000000
6.801000,0.500000,0.640000,-2.585959,-0.000000,-2.585959,-0.228711,0.000000,0.228711,0.026432,-0.000720,0.030969,0.030969,0.004536,0.031871,0.032591,0.018297,0.017931,0.000036,0.031755,0.000115,0.716994,0.000255,0.717249,0.717249,0.717249,0.358624,0.358624,0,0,1,0,0.000000,0.080000,0.008000,0.001000,7.000000,0.160000,22.000000,0.025000,0.000000
6.806000,0.500000,0.640000,-2.587120,-0.000000,-2.587120,-0.228891,0.000000,0.228891,0.026432,-0.000720,0.030969,0.030969,0.004536,0.031871,0.032591,0.018311,0.017940,0.000036,0.031755,0.000115,0.716994,0.000000,0.716994,0.716994,0.716994,0.358497,0.358497,0,0,1,0,0.000000,0.080000,0.008000,0.001000,7.000000,0.160000,22.000000,0.025000,0.000000
6.811000,0.500000,0.640000,-2.588282,-0.000000,-2.588282,-0.229072,0.000000,0.229072,0.026425,-0.000719,0.030969,0.030969,0.004544,0.031921,0.032640,0.018326,0.017949,0.000036,0.031806,0.000115,0.718084,0.000248,0.718332,0.718332,0.718332,0.359166,0.359166,0,0,1,0,0.000000,0.080000,0.008000,0.001000,7.000000,0.160000,22.000000,0.025000,0.000000
6.816000,0.500000,0.640000,-2.589445,-0.000000,-2.589445,-0.229253,0.000000,0.229253,0.026425,-0.000719,0.030969,0.030969,0.004544,0.031921,0.032640,0.018340,0.017958,0.000036,0.031806,0.000115,0.718084,0.000000,0.718084,0.718084,0.718084,0.359042,0.359042,0,0,1,0,0.000000,0.080000,0.008000,0.001000,7.000000,0.160000,22.000000,0.025000,0.000000
6.821000,0.500000,0.640000,-2.590609,-0.000000,-2.590609,-0.229435,0.000000,0.229435,0.026418,-0.000718,0.030969,0.030969,0.004551,0.031971,0.032689,0.018355,0.017967,0.000036,0.031856,0.000115,0.719149,0.000242,0.719391,0.719391,0.719391,0.359695,0.359695,0,0,1,0,0.000000,0.080000,0.008000,0.001000,7.000000,0.160000,22.000000,0.025000,0.000000
6.826000,0.500000,0.640000,-2.591774,-0.000000,-2.591774,-0.229616,0.000000,0.229616,0.026418,-0.000718,0.030969,0.030969,0.004551,0.031971,0.032689,0.018369,0.017977,0.000036,0.031856,0.000115,0.719149,0.000000,0.719149,0.719149,0.719149,0.359574,0.359574,0,0,1,0,0.000000,0.080000,0.008000,0.001000,7.000000,0.160000,22.000000,0.025000,0.000000
6.831000,0.500000,0.640000,-2.592940,-0.000000,-2.592940,-0.229798,0.000000,0.229798,0.026411,-0.000716,0.030969,0.030969,0.004558,0.032021,0.032737,0.018384,0.017986,0.000036,0.031906,0.000115,0.720206,0.000240,0.720447,0.720447,0.720447,0.360223,0.360223,0,0,1,0,0.000000,0.080000,0.008000,0.001000,7.000000,0.160000,22.000000,0.025000,0.000000
6.836000,0.500000,0.640000,-2.594107,-0.000000,-2.594107,-0.229980,0.000000,0.229980,0.026411,-0.000716,0.030969,0.030969,0.004558,0.032021,0.032737,0.018398,0.017995,0.000036,0.031906,0.000115,0.720206,0.000000,0.720206,0.720206,0.720206,0.360103,0.360103,0,0,1,0,0.000000,0.080000,0.008000,0.001000,7.000000,0.160000,22.000000,0.025000,0.000000
6.841000,0.500000,0.640000,-2.595275,-0.000000,-2.595275,-0.230162,0.000000,0.230162,0.026404,-0.000715,0.030969,0.030969,0.004565,0.032070,0.032785,0.018413,0.018004,0.000036,0.031956,0.000114,0.721274,0.000243,0.721516,0.721516,0.721516,0.360758,0.360758,0,0,1,0,0.000000,0.080000,0.008000,0.001000,7.000000,0.160000,22.000000,0.025000,0.000000
6.851000,0.500000,0.640000,-2.597613,-0.000000,-2.597613,-0.230526,0.000000,0.230526,0.026396,-0.000715,0.030969,0.030969,0.004572,0.032120,0.032835,0.018442,0.018023,0.000036,0.032006,0.000114,0.722364,0.000124,0.722488,0.722488,0.722488,0.361244,0.361244,0,0,1,0,0.000000,0.080000,0.008000,0.001000,7.000000,0.160000,22.000000,0.025000,0.000000
6.860000,0.500000,0.640000,-2.599955,-0.000000,-2.599955,-0.230891,0.000000,0.230891,0.026389,-0.000715,0.030969,0.030969,0.004579,0.032170,0.032885,0.018471,0.018039,0.000041,0.032056,0.000114,0.723473,0.000140,0.723613,0.723613,0.723613,0.361806,0.361806,0,0,1,0,0.000000,0.080000,0.008000,0.001000,7.000000,0.160000,22.000000,0.025000,0.000000
6.865000,0.500000,0.640000,-2.599955,-0.000000,-2.599955,-0.230891,0.000000,0.230891,0.026389,-0.000715,0.030969,0.030969,0.004579,0.032170,0.032885,0.018471,0.018048,0.000000,0.032056,0.000114,0.723473,0.000000,0.723473,0.723473,0.723473,0.361736,0.361736,0,0,1,0,0.000000,0.080000,0.008000,0.001000,7.000000,0.160000,22.000000,0.025000,0.000000
6.870000,0.500000,0.640000,-2.601127,-0.000000,-2.601127,-0.231073,0.000000,0.231073,0.026389,-0.000715,0.030969,0.030969,0.004579,0.032170,0.032885,0.018486,0.018058,0.000036,0.032056,0.000114,0.723473,0.000000,0.723473,0.723473,0.723473,0.361736,0.361736,0,0,1,0,0.000000,0.080000,0.008000,0.001000,7.000000,0.160000,22.000000,0.025000,0.000000
6.875000,0.500000,0.640000,-2.602300,-0.000000,-2.602300,-0.231256,0.000000,0.231256,0.026382,-0.000717,0.030969,0.030969,0.004587,0.032221,0.032938,0.018500,0.018067,0.000036,0.032106,0.000115,0.724628,0.000263,0.724891,0.724891,0.724891,0.362445,0.362445,0,0,1,0,0.000000,0.080000,0.008000,0.001000,7.000000,0.160000,22.000000,0.025000,0.000000
6.880000,0.500000,0.640000,-2.603475,-0.000000,-2.603475,-0.231438,0.000000,0.231438,0.026382,-0.000717,0.030969,0.030969,0.004587,0.032221,0.032938,0.018515,0.018076,0.000036,0.032106,0.000115,0.724628,0.000000,0.724628,0.724628,0.724628,0.362314,0.362314,0,0,1,0,0.000000,0.080000,0.008000,0.001000,7.000000,0.160000,22.000000,0.025000,0.000000
6.885000,0.500000,0.640000,-2.604650,-0.000000,-2.604650,-0.231621,0.000000,0.231621,0.026375,-0.000719,0.030969,0.030969,0.004594,0.032273,0.032992,0.018530,0.018086,0.000037,0.032157,0.000115,0.725816,0.000270,0.726086,0.726086,0.726086,0.363043,0.363043,0,0,1,0,0.000000,0.080000,0.008000,0.001000,7.000000,0.160000,22.000000,0.025000,0.000000
6.890000,0.500000,0.640000,-2.605826,-0.000000,-2.605826,-0.231803,0.000000,0.231803,0.026375,-0.000719,0.030969,0.030969,0.004594,0.032273,0.032992,0.018544,0.018095,0.000037,0.032157,0.000115,0.725816,0.000000,0.725816,0.725816,0.725816,0.362908,0.362908,0,0,1,0,0.000000,0.080000,0.008000,0.001000,7.000000,0.160000,22.000000,0.025000,0.000000
6.899000,0.500000,0.640000,-2.608180,-0.000000,-2.608180,-0.232169,0.000000,0.232169,0.026367,-0.000722,0.030969,0.030969,0.004601,0.032324,0.033046,0.018573,0.018111,0.000041,0.032209,0.000116,0.727021,0.000152,0.727173,0.727173,0.727173,0.363587,0.363587,0,0,1,0,0.000000,0.080000,0.008000,0.001000,7.000000,0.160000,22.000000,0.025000,0.000000
6.904000,0.500000,0.640000,-2.609359,-0.000000,-2.609359,-0.232351,0.000000,0.232351,0.026360,-0.000729,0.030969,0.030969,0.004609,0.032378,0.033107,0.018588,0.018121,0.000036,0.032261,0.000117,0.728360,0.000304,0.728664,0.728664,0.728664,0.364332,0.364332,0,0,1,0,0.000000,0.080000,0.008000,0.001000,7.000000,0.160000,22.000000,0.025000,0.000000
6.909000,0.500000,0.640000,-2.610539,-0.000000,-2.610539,-0.232533,0.000000,0.232533,0.026360,-0.000729,0.030969,0.030969,0.004609,0.032378,0.033107,0.018603,0.018130,0.000036,0.032261,0.000117,0.728360,0.000000,0.728360,0.728360,0.728360,0.364180,0.364180,0,0,1,0,0.000000,0.080000,0.008000,0.001000,7.000000,0.160000,22.000000,0.025000,0.000000
6.914000,0.500000,0.640000,-2.611719,-0.000000,-2.611719,-0.232716,0.000000,0.232716,0.026352,-0.000734,0.030969,0.030969,0.004616,0.032432,0.033166,0.018617,0.018139,0.000037,0.032314,0.000117,0.729658,0.000295,0.729953,0.729953,0.729953,0.364976,0.364976,0,0,1,0,0.000000,0.080000,0.008000,0.001000,7.000000,0.160000,22.000000,0.025000,0.000000
6.919000,0.500000,0.640000,-2.612901,-0.000000,-2.612901,-0.232899,0.000000,0.232899,0.026352,-0.000734,0.030969,0.030969,0.004616,0.032432,0.033166,0.018632,0.018149,0.000037,0.032314,0.000117,0.729658,0.000000,0.729658,0.729658,0.729658,0.364829,0.364829,0,0,1,0,0.000000,0.080000,0.008000,0.001000,7.000000,0.160000,22.000000,0.025000,0.000000
6.924000,0.500000,0.640000,-2.614083,-0.000000,-2.614083,-0.233083,0.000000,0.233083,0.026345,-0.000737,0.030969,0.030969,0.004624,0.032485,0.033222,0.018647,0.018158,0.000037,0.032367,0.000118,0.730883,0.000278,0.731161,0.731161,0.731161,0.365581,0.365581,0,0,1,0,0.000000,0.080000,0.008000,0.001000,7.000000,0.160000,22.000000,0.025000,0.000000
6.929000,0.500000,0.640000,-2.615267,-0.000000,-2.615267,-0.233267,0.000000,0.233267,0.026345,-0.000737,0.030969,0.030969,0.004624,0.032485,0.033222,0.018661,0.018167,0.000037,0.032367,0.000118,0.730883,0.000000,0.730883,0.730883,0.730883,0.365441,0.365441,0,0,1,0,0.000000,0.080000,0.008000,0.001000,7.000000,0.160000,22.000000,0.025000,0.000000
6.934000,0.500000,0.640000,-2.616451,-0.000000,-2.616451,-0.233451,0.000000,0.233451,0.026337,-0.000737,0.030969,0.030969,0.004631,0.032537,0.033274,0.018676,0.018177,0.000037,0.032419,0.000118,0.732029,0.000261,0.732290,0.732290,0.732290,0.366145,0.366145,0,0,1,0,0.000000,0.080000,0.008000,0.001000,7.000000,0.160000,22.000000,0.025000,0.000000
6.939000,0.500000,0.640000,-2.617636,-0.000000,-2.617636,-0.233635,0.000000,0.233635,0.026337,-0.000737,0.030969,0.030969,0.004631,0.032537,0.033274,0.018691,0.018186,0.000037,0.032419,0.000118,0.732029,0.000000,0.732029,0.732029,0.732029,0.366015,0.366015,0,0,1,0,0.000000,0.080000,0.008000,0.001000,7.000000,0.160000,22.000000,0.025000,0.000000
6.944000,0.500000,0.640000,-2.618823,-0.000000,-2.618823,-0.233820,0.000000,0.233820,0.026330,-0.000735,0.030969,0.030969,0.004639,0.032588,0.033323,0.018706,0.018195,0.000037,0.032471,0.000118,0.733108,0.000245,0.733353,0.733353,0.733353,0.366676,0.366676,0,0,1,0,0.000000,0.080000,0.008000,0.001000,7.000000,0.160000,22.000000,0.025000,0.000000
6.953000,0.500000,0.640000,-2.621198,-0.000000,-2.621198,-0.234191,0.000000,0.234191,0.026323,-0.000732,0.030969,0.030969,0.004646,0.032638,0.033370,0.018735,0.018212,0.000041,0.032521,0.000117,0.734141,0.000130,0.734271,0.734271,0.734271,0.367136,0.367136,0,0,1,0,0.000000,0.080000,0.008000,0.001000,7.000000,0.160000,22.000000,0.025000,0.000000
6.958000,0.500000,0.640000,-2.622387,-0.000000,-2.622387,-0.234377,0.000000,0.234377,0.026323,-0.000732,0.030969,0.030969,0.004646,0.032638,0.033370,0.018750,0.018222,0.000037,0.032521,0.000117,0.734141,0.000000,0.734141,0.734141,0.734141,0.367070,0.367070,0,0,1,0,0.000000,0.080000,0.008000,0.001000,7.000000,0.160000,22.000000,0.025000,0.000000
6.963000,0.500000,0.640000,-2.623577,-0.000000,-2.623577,-0.234563,0.000000,0.234563,0.026316,-0.000728,0.030969,0.030969,0.004653,0.032688,0.033416,0.018765,0.018231,0.000037,0.032571,0.000116,0.735145,0.000228,0.735373,0.735373,0.735373,0.367687,0.367687,0,0,1,0,0.000000,0.080000,0.008000,0.001000,7.000000,0.160000,22.000000,0.025000,0.000000
6.968000,0.500000,0.640000,-2.624768,-0.000000,-2.624768,-0.234749,0.000000,0.234749,0.026316,-0.000728,0.030969,0.030969,0.004653,0.032688,0.033416,0.018780,0.018240,0.000037,0.032571,0.000116,0.735145,0.000000,0.735145,0.735145,0.735145,0.367573,0.367573,0,0,1,0,0.000000,0.080000,0.008000,0.001000,7.000000,0.160000,22.000000,0.025000,0.000000
6.973000,0.500000,0.640000,-2.625960,-0.000000,-2.625960,-0.234935,0.000000,0.234935,0.026309,-0.000725,0.030969,0.030969,0.004660,0.032737,0.033462,0.018795,0.018250,0.000037,0.032621,0.000116,0.736170,0.000233,0.736403,0.736403,0.736403,0.368201,0.368201,0,0,1,0,0.000000,0.080000,0.008000,0.001000,7.000000,0.160000,22.000000,0.025000,0.000000
6.978000,0.500000,0.640000,-2.627153,-0.000000,-2.627153,-0.235121,0.000000,0.235121,0.026309,-0.000725,0.030969,0.030969,0.004660,0.032737,0.033462,0.018810,0.018259,0.000037,0.032621,0.000116,0.736170,0.000000,0.736170,0.736170,0.736170,0.368085,0.368085,0,0,1,0,0.000000,0.080000,0.008000,0.001000,7.000000,0.160000,22.000000,0.025000,0.000000
6.983000,0.500000,0.640000,-2.628347,-0.000000,-2.628347,-0.235307,0.000000,0.235307,0.026301,-0.000724,0.030969,0.030969,0.004667,0.032787,0.033511,0.018825,0.018269,0.000037,0.032672,0.000116,0.737240,0.000243,0.737484,0.737484,0.737484,0.368742,0.368742,0,0,1,0,0.000000,0.080000,0.008000,0.001000,7.000000,0.160000,22.000000,0.025000,0.000000
6.988000,0.500000,0.640000,-2.629542,-0.000000,-2.629542,-0.235493,0.000000,0.235493,0.026301,-0.000724,0.030969,0.030969,0.004667,0.032787,0.033511,0.018839,0.018278,0.000037,0.032672,0.000116,0.737240,0.000000,0.737240,0.737240,0.737240,0.368620,0.368620,0,0,1,0,0.000000,0.080000,0.008000,0.001000,7.000000,0.160000,22.000000,0.025000,0.000000
6.997000,0.500000,0.640000,-2.631934,-0.000000,-2.631934,-0.235866,0.000000,0.235866,0.026294,-0.000724,0.030969,0.030969,0.004675,0.032838,0.033562,0.018869,0.018295,0.000041,0.032722,0.000116,0.738371,0.000143,0.738514,0.738514,0.738514,0.369257,0.369257,0,0,1,0,0.000000,0.080000,0.008000,0.001000,7.000000,0.160000,22.000000,0.025000,0.000000
7.002000,0.500000,0.640000,-2.633132,-0.000000,-2.633132,-0.236051,0.000000,0.236051,0.026287,-0.000731,0.030969,0.030969,0.004682,0.032891,0.033622,0.018884,0.018304,0.000037,0.032774,0.000117,0.739684,0.000298,0.739982,0.739982,0.739982,0.369991,0.369991,0,0,1,0,0.000000,0.080000,0.008000,0.001000,7.000000,0.160000,22.000000,0.025000,0.000000
7.007000,0.500000,0.640000,-2.634330,-0.000000,-2.634330,-0.236237,0.000000,0.236237,0.026287,-0.000731,0.030969,0.030969,0.004682,0.032891,0.033622,0.018899,0.018314,0.000037,0.032774,0.000117,0.739684,0.000000,0.739684,0.739684,0.739684,0.369842,0.369842,0,0,1,0,0.000000,0.080000,0.008000,0.001000,7.000000,0.160000,22.000000,0.025000,0.000000
7.012000,0.500000,0.640000,-2.635530,-0.000000,-2.635530,-0.236422,0.000000,0.236422,0.026279,-0.000737,0.030969,0.030969,0.004690,0.032946,0.033683,0.018914,0.018323,0.000037,0.032828,0.000118,0.741016,0.000303,0.741319,0.741319,0.741319,0.370660,0.370660,0,0,1,0,0.000000,0.080000,0.008000,0.001000,7.000000,0.160000,22.000000,0.025000,0.000000
7.017000,0.500000,0.640000,-2.636730,-0.000000,-2.636730,-0.236608,0.000000,0.236608,0.026279,-0.000737,0.030969,0.030969,0.004690,0.032946,0.033683,0.018929,0.018333,0.000037,0.032828,0.000118,0.741016,0.000000,0.741016,0.741016,0.741016,0.370508,0.370508,0,0,1,0,0.000000,0.080000,0.008000,0.001000,7.000000,0.160000,22.000000,0.025000,0.000000
7.022000,0.500000,0.640000,-2.637931,-0.000000,-2.637931,-0.236794,0.000000,0.236794,0.026271,-0.000742,0.030969,0.030969,0.004697,0.033000,0.033742,0.018944,0.018342,0.000037,0.032881,0.000119,0.742327,0.000298,0.742625,0.742625,0.742625,0.371312,0.371312,0,0,1,0,0.000000,0.080000,0.008000,0.001000,7.000000,0.160000,22.000000,0.025000,0.000000
7.027000,0.500000,0.640000,-2.639134,-0.000000,-2.639134,-0.236981,0.000000,0.236981,0.026271,-0.000742,0.030969,0.030969,0.004697,0.033000,0.033742,0.018958,0.018352,0.000037,0.032881,0.000119,0.742327,0.000000,0.742327,0.742327,0.742327,0.371163,0.371163,0,0,1,0,0.000000,0.080000,0.008000,0.001000,7.000000,0.160000,22.000000,0.025000,0.000000
7.032000,0.500000,0.640000,-2.640337,-0.000000,-2.640337,-0.237167,0.000000,0.237167,0.026264,-0.000745,0.030969,0.030969,0.004705,0.033054,0.033800,0.018973,0.018361,0.000037,0.032935,0.000119,0.743590,0.000287,0.743878,0.743878,0.743878,0.371939,0.371939,0,0,1,0,0.000000,0.080000,0.008000,0.001000,7.000000,0.160000,22.000000,0.025000,0.000000
7.037000,0.500000,0.640000,-2.641541,-0.000000,-2.641541,-0.237354,0.000000,0.237354,0.026264,-0.000745,0.030969,0.030969,0.004705,0.033054,0.033800,0.018988,0.018371,0.000037,0.032935,0.000119,0.743590,0.000000,0.743590,0.743590,0.743590,0.371795,0.371795,0,0,1,0,0.000000,0.080000,0.008000,0.001000,7.000000,0.160000,22.000000,0.025000,0.000000
7.042000,0.500000,0.640000,-2.642746,-0.000000,-2.642746,-0.237542,0.000000,0.237542,0.026256,-0.000747,0.030969,0.030969,0.004713,0.033108,0.033854,0.019003,0.018380,0.000037,0.032988,0.000119,0.744795,0.000274,0.745068,0.745068,0.745068,0.372534,0.372534,0,0,1,0,0.000000,0.080000,0.008000,0.001000,7.000000,0.160000,22.000000,0.025000,0.000000
7.051000,0.500000,0.640000,-2.645159,-0.000000,-2.645159,-0.237917,0.000000,0.237917,0.026249,-0.000746,0.030969,0.030969,0.004720,0.033160,0.033906,0.019033,0.018397,0.000042,0.033041,0.000119,0.745940,0.000145,0.746085,0.746085,0.746085,0.373042,0.373042,0,0,1,0,0.000000,0.080000,0.008000,0.001000,7.000000,0.160000,22.000000,0.025000,0.000000
7.056000,0.500000,0.640000,-2.646367,-0.000000,-2.646367,-0.238105,0.000000,0.238105,0.026249,-0.000746,0.030969,0.030969,0.004720,0.033160,0.033906,0.019048,0.018407,0.000038,0.033041,0.000119,0.745940,0.000000,0.745940,0.745940,0.745940,0.372970,0.372970,0,0,1,0,0.000000,0.080000,0.008000,0.001000,7.000000,0.160000,22.000000,0.025000,0.000000
7.061000,0.500000,0.640000,-2.647576,-0.000000,-2.647576,-0.238294,0.000000,0.238294,0.026241,-0.000744,0.030969,0.030969,0.004727,0.033212,0.033956,0.019064,0.018416,0.000038,0.033092,0.000119,0.747023,0.000246,0.747269,0.747269,0.747269,0.373635,0.373635,0,0,1,0,0.000000,0.080000,0.008000,0.001000,7.000000,0.160000,22.000000,0.025000,0.000000
7.066000,0.500000,0.640000,-2.648786,-0.000000,-2.648786,-0.238483,0.000000,0.238483,0.026241,-0.000744,0.030969,0.030969,0.004727,0.033212,0.033956,0.019079,0.018426,0.000038,0.033092,0.000119,0.747023,0.000000,0.747023,0.747023,0.747023,0.373512,0.373512,0,0,1,0,0.000000,0.080000,0.008000,0.001000,7.000000,0.160000,22.000000,0.025000,0.000000
7.071000,0.500000,0.640000,-2.649997,-0.000000,-2.649997,-0.238672,0.000000,0.238672,0.026234,-0.000741,0.030969,0.030969,0.004735,0.033263,0.034004,0.019094,0.018436,0.000038,0.033144,0.000119,0.748087,0.000242,0.748329,0.748329,0.748329,0.374165,0.374165,0,0,1,0,0.000000,0.080000,0.008000,0.001000,7.000000,0.160000,22.000000,0.025000,0.000000
7.076000,0.500000,0.640000,-2.651209,-0.000000,-2.651209,-0.238861,0.000000,0.238861,0.026234,-0.000741,0.030969,0.030969,0.004735,0.033263,0.034004,0.019109,0.018445,0.000038,0.033144,0.000119,0.748087,0.000000,0.748087,0.748087,0.748087,0.374044,0.374044,0,0,1,0,0.000000,0.080000,0.008000,0.001000,7.000000,0.160000,22.000000,0.025000,0.000000
7.081000,0.500000,0.640000,-2.652422,-0.000000,-2.652422,-0.239050,0.000000,0.239050,0.026227,-0.000739,0.030969,0.030969,0.004742,0.033313,0.034053,0.019124,0.018455,0.000038,0.033195,0.000118,0.749158,0.000243,0.749401,0.749401,0.749401,0.374701,0.374701,0,0,1,0,0.000000,0.080000,0.008000,0.001000,7.000000,0.160000,22.000000,0.025000,0.000000
7.086000,0.500000,0.640000,-2.653636,-0.000000,-2.653636,-0.239239,0.000000,0.239239,0.026227,-0.000739,0.030969,0.030969,0.004742,0.033313,0.034053,0.019139,0.018464,0.000038,0.033195,0.000118,0.749158,0.000000,0.749158,0.749158,0.749158,0.374579,0.374579,0,0,1,0,0.000000,0.080000,0.008000,0.001000,7.000000,0.160000,22.000000,0.025000,0.000000
7.091000,0.500000,0.640000,-2.654850,-0.000000,-2.654850,-0.239429,0.000000,0.239429,0.026219,-0.000738,0.030969,0.030969,0.004749,0.033365,0.034103,0.019154,0.018474,0.000038,0.033246,0.000118,0.750257,0.000250,0.750506,0.750506,0.750506,0.375253,0.375253,0,0,1,0,0.000000,0.080000,0.008000,0.001000,7.000000,0.160000,22.000000,0.025000,0.000000
7.096000,0.500000,0.640000,-2.654850,-0.000000,-2.654850,-0.239429,0.000000,0.239429,0.026219,-0.000738,0.030969,0.030969,0.004749,0.033365,0.034103,0.019154,0.018483,0.000000,0.033246,0.000118,0.750257,0.000000,0.750257,0.750257,0.750257,0.375128,0.375128,0,0,1,0,0.000000,0.080000,0.008000,0.001000,7.000000,0.160000,22.000000,0.025000,0.000000
7.101000,0.500000,0.640000,-2.656066,-0.000000,-2.656066,-0.239618,0.000000,0.239618,0.026212,-0.000738,0.030969,0.030969,0.004757,0.033416,0.034154,0.019169,0.018493,0.000038,0.033298,0.000118,0.751399,0.000260,0.751658,0.751658,0.751658,0.375829,0.375829,0,0,1,0,0.000000,0.080000,0.008000,0.001000,7.000000,0.160000,22.000000,0.025000,0.000000
7.110000,0.500000,0.640000,-2.658500,-0.000000,-2.658500,-0.239997,0.000000,0.239997,0.026204,-0.000740,0.030969,0.030969,0.004764,0.033469,0.034209,0.019200,0.018510,0.000042,0.033350,0.000118,0.752588,0.000150,0.752738,0.752738,0.752738,0.376369,0.376369,0,0,1,0,0.000000,0.080000,0.008000,0.001000,7.000000,0.160000,22.000000,0.025000,0.000000
7.115000,0.500000,0.640000,-2.659719,-0.000000,-2.659719,-0.240187,0.000000,0.240187,0.026204,-0.000740,0.030969,0.030969,0.004764,0.033469,0.034209,0.019215,0.018520,0.000038,0.033350,0.000118,0.752588,0.000000,0.752588,0.752588,0.752588,0.376294,0.376294,0,0,1,0,0.000000,0.080000,0.008000,0.001000,7.000000,0.160000,22.000000,0.025000,0.000000
7.120000,0.500000,0.640000,-2.660938,-0.000000,-2.660938,-0.240376,0.000000,0.240376,0.026204,-0.000740,0.030969,0.030969,0.004764,0.033469,0.034209,0.019230,0.018529,0.000038,0.033350,0.000118,0.752588,0.000000,0.752588,0.752588,0.752588,0.376294,0.376294,0,0,1,0,0.000000,0.080000,0.008000,0.001000,7.000000,0.160000,22.000000,0.025000,0.000000
7.125000,0.500000,0.640000,-2.662159,-0.000000,-2.662159,-0.240566,0.000000,0.240566,0.026197,-0.000742,0.030969,0.030969,0.004772,0.033522,0.034264,0.019245,0.018539,0.000038,0.033403,0.000119,0.753806,0.000277,0.754082,0.754082,0.754082,0.377041,0.377041,0,0,1,0,0.000000,0.080000,0.008000,0.001000,7.000000,0.160000,22.000000,0.025000,0.000000
7.130000,0.500000,0.640000,-2.663380,-0.000000,-2.663380,-0.240756,0.000000,0.240756,0.026197,-0.000742,0.030969,0.030969,0.004772,0.033522,0.034264,0.019260,0.018549,0.000038,0.033403,0.000119,0.753806,0.000000,0.753806,0.753806,0.753806,0.376903,0.376903,0,0,1,0,0.000000,0.080000,0.008000,0.001000,7.000000,0.160000,22.000000,0.025000,0.000000
7.135000,0.500000,0.640000,-2.664603,-0.000000,-2.664603,-0.240945,0.000000,0.240945,0.026189,-0.000750,0.030969,0.030969,0.004780,0.033577,0.034327,0.019276,0.018558,0.000038,0.033457,0.000120,0.755189,0.000314,0.755503,0.755503,0.755503,0.377751,0.377751,0,0,1,0,0.000000,0.080000,0.008000,0.001000,7.000000,0.160000,22.000000,0.025000,0.000000
7.140000,0.500000,0.640000,-2.665826,-0.000000,-2.665826,-0.241134,0.000000,0.241134,0.026189,-0.000750,0.030969,0.030969,0.004780,0.033577,0.034327,0.019291,0.018568,0.000038,0.033457,0.000120,0.755189,0.000000,0.755189,0.755189,0.755189,0.377594,0.377594,0,0,1,0,0.000000,0.080000,0.008000,0.001000,7.000000,0.160000,22.000000,0.025000,0.000000
7.145000,0.500000,0.640000,-2.667050,-0.000000,-2.667050,-0.241324,0.000000,0.241324,0.026181,-0.000756,0.030969,0.030969,0.004787,0.033633,0.034388,0.019306,0.018578,0.000038,0.033512,0.000121,0.756546,0.000308,0.756854,0.756854,0.756854,0.378427,0.378427,0,0,1,0,0.000000,0.080000,0.008000,0.001000,7.000000,0.160000,22.000000,0.025000,0.000000
7.150000,0.500000,0.640000,-2.668275,-0.000000,-2.668275,-0.241514,0.000000,0.241514,0.026181,-0.000756,0.030969,0.030969,0.004787,0.033633,0.034388,0.019321,0.018587,0.000038,0.033512,0.000121,0.756546,0.000000,0.756546,0.756546,0.756546,0.378273,0.378273,0,0,1,0,0.000000,0.080000,0.008000,0.001000,7.000000,0.160000,22.000000,0.025000,0.000000
7.155000,0.500000,0.640000,-2.669502,-0.000000,-2.669502,-0.241704,0.000000,0.241704,0.026174,-0.000760,0.030969,0.030969,0.004795,0.033688,0.034448,0.019336,0.018597,0.000038,0.033566,0.000122,0.757851,0.000297,0.758147,0.758147,0.758147,0.379074,0.379074,0,0,1,0,0.000000,0.080000,0.008000,0.001000,7.000000,0.160000,22.000000,0.025000,0.000000
7.164000,0.500000,0.640000,-2.671957,-0.000000,-2.671957,-0.242085,0.000000,0.242085,0.026166,-0.000762,0.030969,0.030969,0.004803,0.033742,0.034504,0.019367,0.018614,0.000042,0.033621,0.000122,0.759089,0.000156,0.759246,0.759246,0.759246,0.379623,0.379623,0,0,1,0,0.000000,0.080000,0.008000,0.001000,7.000000,0.160000,22.000000,0.025000,0.000000
7.169000,0.500000,0.640000,-2.673186,-0.000000,-2.673186,-0.242277,0.000000,0.242277,0.026166,-0.000762,0.030969,0.030969,0.004803,0.033742,0.034504,0.019382,0.018624,0.000038,0.033621,0.000122,0.759089,0.000000,0.759089,0.759089,0.759089,0.379545,0.379545,0,0,1,0,0.000000,0.080000,0.008000,0.001000,7.000000,0.160000,22.000000,0.025000,0.000000
7.174000,0.500000,0.640000,-2.674416,-0.000000,-2.674416,-0.242468,0.000000,0.242468,0.026158,-0.000761,0.030969,0.030969,0.004811,0.033796,0.034556,0.019397,0.018634,0.000038,0.033674,0.000122,0.760242,0.000262,0.760505,0.760505,0.760505,0.380252,0.380252,0,0,1,0,0.000000,0.080000,0.008000,0.001000,7.000000,0.160000,22.000000,0.025000,0.000000
7.179000,0.500000,0.640000,-2.675647,-0.000000,-2.675647,-0.242660,0.000000,0.242660,0.026158,-0.000761,0.030969,0.030969,0.004811,0.033796,0.034556,0.019413,0.018644,0.000038,0.033674,0.000122,0.760242,0.000000,0.760242,0.760242,0.760242,0.380121,0.380121,0,0,1,0,0.000000,0.080000,0.008000,0.001000,7.000000,0.160000,22.000000,0.025000,0.000000
7.184000,0.500000,0.640000,-2.676879,-0.000000,-2.676879,-0.242852,0.000000,0.242852,0.026151,-0.000758,0.030969,0.030969,0.004818,0.033848,0.034607,0.019428,0.018653,0.000038,0.033727,0.000121,0.761348,0.000251,0.761599,0.761599,0.761599,0.380799,0.380799,0,0,1,0,0.000000,0.080000,0.008000,0.001000,7.000000,0.160000,22.000000,0.025000,0.000000
7.189000,0.500000,0.640000,-2.678113,-0.000000,-2.678113,-0.243045,0.000000,0.243045,0.026151,-0.000758,0.030969,0.030969,0.004818,0.033848,0.034607,0.019444,0.018663,0.000038,0.033727,0.000121,0.761348,0.000000,0.761348,0.761348,0.761348,0.380674,0.380674,0,0,1,0,0.000000,0.080000,0.008000,0.001000,7.000000,0.160000,22.000000,0.025000,0.000000
7.194000,0.500000,0.640000,-2.679347,-0.000000,-2.679347,-0.243237,0.000000,0.243237,0.026143,-0.000756,0.030969,0.030969,0.004826,0.033900,0.034656,0.019459,0.018673,0.000039,0.033779,0.000121,0.762429,0.000246,0.762675,0.762675,0.762675,0.381337,0.381337,0,0,1,0,0.000000,0.080000,0.008000,0.001000,7.000000,0.160000,22.000000,0.025000,0.000000
7.199000,0.500000,0.640000,-2.680582,-0.000000,-2.680582,-0.243430,0.000000,0.243430,0.026143,-0.000756,0.030969,0.030969,0.004826,0.033900,0.034656,0.019474,0.018682,0.000039,0.033779,0.000121,0.762429,0.000000,0.762429,0.762429,0.762429,0.381214,0.381214,0,0,1,0,0.000000,0.080000,0.008000,0.001000,7.000000,0.160000,22.000000,0.025000,0.000000
7.208000,0.500000,0.640000,-2.683055,-0.000000,-2.683055,-0.243816,0.000000,0.243816,0.026136,-0.000753,0.030969,0.030969,0.004833,0.033952,0.034705,0.019505,0.018700,0.000043,0.033831,0.000121,0.763514,0.000137,0.763651,0.763651,0.763651,0.381825,0.381825,0,0,1,0,0.000000,0.080000,0.008000,0.001000,7.000000,0.160000,22.000000,0.025000,0.000000
7.213000,0.500000,0.640000,-2.684293,-0.000000,-2.684293,-0.244008,0.000000,0.244008,0.026128,-0.000756,0.030969,0.030969,0.004841,0.034005,0.034761,0.019521,0.018710,0.000039,0.033884,0.000121,0.764743,0.000279,0.765022,0.765022,0.765022,0.382511,0.382511,0,0,1,0,0.000000,0.080000,0.008000,0.001000,7.000000,0.160000,22.000000,0.025000,0.000000
7.218000,0.500000,0.640000,-2.685532,-0.000000,-2.685532,-0.244201,0.000000,0.244201,0.026128,-0.000756,0.030969,0.030969,0.004841,0.034005,0.034761,0.019536,0.018720,0.000038,0.033884,0.000121,0.764743,0.000000,0.764743,0.764743,0.764743,0.382371,0.382371,0,0,1,0,0.000000,0.080000,0.008000,0.001000,7.000000,0.160000,22.000000,0.025000,0.000000
7.223000,0.500000,0.640000,-2.686772,-0.000000,-2.686772,-0.244394,0.000000,0.244394,0.026120,-0.000758,0.030969,0.030969,0.004848,0.034059,0.034818,0.019552,0.018729,0.000039,0.033938,0.000121,0.765986,0.000283,0.766269,0.766269,0.766269,0.383135,0.383135,0,0,1,0,0.000000,0.080000,0.008000,0.001000,7.000000,0.160000,22.000000,0.025000,0.000000
7.228000,0.500000,0.640000,-2.688012,-0.000000,-2.688012,-0.244587,0.000000,0.244587,0.026120,-0.000758,0.030969,0.030969,0.004848,0.034059,0.034818,0.019567,0.018739,0.000039,0.033938,0.000121,0.765986,0.000000,0.765986,0.765986,0.765986,0.382993,0.382993,0,0,1,0,0.000000,0.080000,0.008000,0.001000,7.000000,0.160000,22.000000,0.025000,0.000000
7.233000,0.500000,0.640000,-2.689254,-0.000000,-2.689254,-0.244780,0.000000,0.244780,0.026113,-0.000760,0.030969,0.030969,0.004856,0.034114,0.034874,0.019582,0.018749,0.000039,0.033992,0.000122,0.767230,0.000283,0.767513,0.767513,0.767513,0.383757,0.383757,0,0,1,0,0.000000,0.080000,0.008000,0.001000,7.000000,0.160000,22.000000,0.025000,0.000000
7.238000,0.500000,0.640000,-2.690497,-0.000000,-2.690497,-0.244973,0.000000,0.244973,0.026113,-0.000760,0.030969,0.030969,0.004856,0.034114,0.034874,0.019598,0.018759,0.000039,0.033992,0.000122,0.767230,0.000000,0.767230,0.767230,0.767230,0.383615,0.383615,0,0,1,0,0.000000,0.080000,0.008000,0.001000,7.000000,0.160000,22.000000,0.025000,0.000000
7.243000,0.500000,0.640000,-2.691741,-0.000000,-2.691741,-0.245166,0.000000,0.245166,0.026105,-0.000762,0.030969,0.030969,0.004864,0.034168,0.034930,0.019613,0.018768,0.000039,0.034046,0.000122,0.768469,0.000281,0.768750,0.768750,0.768750,0.384375,0.384375,0,0,1,0,0.000000,0.080000,0.008000,0.001000,7.000000,0.160000,22.000000,0.025000,0.000000
7.248000,0.500000,0.640000,-2.692986,-0.000000,-2.692986,-0.245360,0.000000,0.245360,0.026105,-0.000762,0.030969,0.030969,0.004864,0.034168,0.034930,0.019629,0.018778,0.000039,0.034046,0.000122,0.768469,0.000000,0.768469,0.768469,0.768469,0.384234,0.384234,0,0,1,0,0.000000,0.080000,0.008000,0.001000,7.000000,0.160000,22.000000,0.025000,0.000000
7.253000,0.500000,0.640000,-2.694232,-0.000000,-2.694232,-0.245554,0.000000,0.245554,0.026097,-0.000764,0.030969,0.030969,0.004871,0.034223,0.034986,0.019644,0.018788,0.000039,0.034100,0.000122,0.769697,0.000279,0.769977,0.769977,0.769977,0.384988,0.384988,0,0,1,0,0.000000,0.080000,0.008000,0.001000,7.000000,0.160000,22.000000,0.025000,0.000000
7.258000,0.500000,0.640000,-2.695478,-0.000000,-2.695478,-0.245748,0.000000,0.245748,0.026097,-0.000764,0.030969,0.030969,0.004871,0.034223,0.034986,0.019660,0.018798,0.000039,0.034100,0.000122,0.769697,0.000000,0.769697,0.769697,0.769697,0.384849,0.384849,0,0,1,0,0.000000,0.080000,0.008000,0.001000,7.000000,0.160000,22.000000,0.025000,0.000000
7.263000,0.500000,0.640000,-2.696726,-0.000000,-2.696726,-0.245942,0.000000,0.245942,0.026090,-0.000765,0.030969,0.030969,0.004879,0.034277,0.035042,0.019675,0.018808,0.000039,0.034154,0.000122,0.770915,0.000277,0.771192,0.771192,0.771192,0.385596,0.385596,0,0,1,0,0.000000,0.080000,0.008000,0.001000,7.000000,0.160000,22.000000,0.025000,0.000000
7.272000,0.500000,0.640000,-2.699225,-0.000000,-2.699225,-0.246331,0.000000,0.246331,0.026082,-0.000766,0.030969,0.030969,0.004887,0.034331,0.035097,0.019706,0.018825,0.000043,0.034208,0.000122,0.772123,0.000153,0.772276,0.772276,0.772276,0.386138,0.386138,0,0,1,0,0.000000,0.080000,0.008000,0.001000,7.000000,0.160000,22.000000,0.025000,0.000000
7.277000,0.500000,0.640000,-2.700475,-0.000000,-2.700475,-0.246525,0.000000,0.246525,0.026082,-0.000766,0.030969,0.030969,0.004887,0.034331,0.035097,0.019722,0.018835,0.000039,0.034208,0.000122,0.772123,0.000000,0.772123,0.772123,0.772123,0.386062,0.386062,0,0,1,0,0.000000,0.080000,0.008000,0.001000,7.000000,0.160000,22.000000,0.025000,0.000000
7.282000,0.500000,0.640000,-2.701727,-0.000000,-2.701727,-0.246720,0.000000,0.246720,0.026074,-0.000766,0.030969,0.030969,0.004895,0.034385,0.035150,0.019738,0.018845,0.000039,0.034262,0.000123,0.773309,0.000269,0.773578,0.773578,0.773578,0.386789,0.386789,0,0,1,0,0.000000,0.080000,0.008000,0.001000,7.000000,0.160000,22.000000,0.025000,0.000000
7.287000,0.500000,0.640000,-2.702980,-0.000000,-2.702980,-0.246915,0.000000,0.246915,0.026074,-0.000766,0.030969,0.030969,0.004895,0.034385,0.035150,0.019753,0.018855,0.000039,0.034262,0.000123,0.773309,0.000000,0.773309,0.773309,0.773309,0.386654,0.386654,0,0,1,0,0.000000,0.080000,0.008000,0.001000,7.000000,0.160000,22.000000,0.025000,0.000000
7.292000,0.500000,0.640000,-2.704233,-0.000000,-2.704233,-0.247111,0.000000,0.247111,0.026066,-0.000766,0.030969,0.030969,0.004902,0.034439,0.035205,0.019769,0.018865,0.000039,0.034316,0.000123,0.774499,0.000270,0.774770,0.774770,0.774770,0.387385,0.387385,0,0,1,0,0.000000,0.080000,0.008000,0.001000,7.000000,0.160000,22.000000,0.025000,0.000000
7.301000,0.500000,0.640000,-2.706744,-0.000000,-2.706744,-0.247502,0.000000,0.247502,0.026059,-0.000766,0.030969,0.030969,0.004910,0.034493,0.035259,0.019800,0.018883,0.000043,0.034370,0.000123,0.775699,0.000152,0.775851,0.775851,0.775851,0.387925,0.387925,0,0,1,0,0.000000,0.080000,0.008000,0.001000,7.000000,0.160000,22.000000,0.025000,0.000000
7.306000,0.500000,0.640000,-2.708001,-0.000000,-2.708001,-0.247697,0.000000,0.247697,0.026059,-0.000766,0.030969,0.030969,0.004910,0.034493,0.035259,0.019816,0.018893,0.000039,0.034370,0.000123,0.775699,0.000000,0.775699,0.775699,0.775699,0.387850,0.387850,0,0,1,0,0.000000,0.080000,0.008000,0.001000,7.000000,0.160000,22.000000,0.025000,0.000000
7.311000,0.500000,0.640000,-2.709258,-0.000000,-2.709258,-0.247893,0.000000,0.247893,0.026051,-0.000767,0.030969,0.030969,0.004918,0.034547,0.035314,0.019831,0.018903,0.000039,0.034424,0.000123,0.776898,0.000272,0.777171,0.777171,0.777171,0.388585,0.388585,0,0,1,0,0.000000,0.080000,0.008000,0.001000,7.000000,0.160000,22.000000,0.025000,0.000000
7.316000,0.500000,0.640000,-2.710517,-0.000000,-2.710517,-0.248089,0.000000,0.248089,0.026051,-0.000767,0.030969,0.030969,0.004918,0.034547,0.035314,0.019847,0.018913,0.000039,0.034424,0.000123,0.776898,0.000000,0.776898,0.776898,0.776898,0.388449,0.388449,0,0,1,0,0.000000,0.080000,0.008000,0.001000,7.000000,0.160000,22.000000,0.025000,0.000000
7.321000,0.500000,0.640000,-2.711777,-0.000000,-2.711777,-0.248285,0.000000,0.248285,0.026043,-0.000768,0.030969,0.030969,0.004925,0.034601,0.035369,0.019863,0.018922,0.000039,0.034478,0.000123,0.778118,0.000277,0.778396,0.778396,0.778396,0.389198,0.389198,0,0,1,0,0.000000,0.080000,0.008000,0.001000,7.000000,0.160000,22.000000,0.025000,0.000000
7.326000,0.500000,0.640000,-2.713037,-0.000000,-2.713037,-0.248481,0.000000,0.248481,0.026043,-0.000768,0.030969,0.030969,0.004925,0.034601,0.035369,0.019879,0.018932,0.000039,0.034478,0.000123,0.778118,0.000000,0.778118,0.778118,0.778118,0.389059,0.389059,0,0,1,0,0.000000,0.080000,0.008000,0.001000,7.000000,0.160000,22.000000,0.025000,0.000000
7.331000,0.500000,0.640000,-2.714299,-0.000000,-2.714299,-0.248678,0.000000,0.248678,0.026036,-0.000770,0.030969,0.030969,0.004933,0.034656,0.035425,0.019894,0.018942,0.000039,0.034533,0.000123,0.779359,0.000282,0.779641,0.779641,0.779641,0.389820,0.389820,0,0,1,0,0.000000,0.080000,0.008000,0.001000,7.000000,0.160000,22.000000,0.025000,0.000000
7.336000,0.500000,0.640000,-2.715561,-0.000000,-2.715561,-0.248874,0.000000,0.248874,0.026036,-0.000770,0.030969,0.030969,0.004933,0.034656,0.035425,0.019910,0.018952,0.000039,0.034533,0.000123,0.779359,0.000000,0.779359,0.779359,0.779359,0.389679,0.389679,0,0,1,0,0.000000,0.080000,0.008000,0.001000,7.000000,0.160000,22.000000,0.025000,0.000000
7.341000,0.500000,0.640000,-2.716825,-0.000000,-2.716825,-0.249071,0.000000,0.249071,0.026028,-0.000772,0.030969,0.030969,0.004941,0.034711,0.035483,0.019926,0.018962,0.000039,0.034587,0.000123,0.780616,0.000286,0.780901,0.780901,0.780901,0.390451,0.390451,0,0,1,0,0.000000,0.080000,0.008000,0.001000,7.000000,0.160000,22.000000,0.025000,0.000000
7.346000,0.500000,0.640000,-2.716825,-0.000000,-2.716825,-0.249071,0.000000,0.249071,0.026028,-0.000772,0.030969,0.030969,0.004941,0.034711,0.035483,0.019926,0.018972,0.000000,0.034587,0.000123,0.780616,0.000000,0.780616,0.780616,0.780616,0.390308,0.390308,0,0,1,0,0.000000,0.080000,0.008000,0.001000,7.000000,0.160000,22.000000,0.025000,0.000000
7.355000,0.500000,0.640000,-2.719355,-0.000000,-2.719355,-0.249464,0.000000,0.249464,0.026020,-0.000774,0.030969,0.030969,0.004949,0.034766,0.035540,0.019957,0.018990,0.000044,0.034642,0.000124,0.781883,0.000160,0.782043,0.782043,0.782043,0.391021,0.391021,0,0,1,0,0.000000,0.080000,0.008000,0.001000,7.000000,0.160000,22.000000,0.025000,0.000000
7.360000,0.500000,0.640000,-2.720622,-0.000000,-2.720622,-0.249661,0.000000,0.249661,0.026012,-0.000781,0.030969,0.030969,0.004957,0.034823,0.035604,0.019973,0.019000,0.000039,0.034698,0.000125,0.783288,0.000319,0.783608,0.783608,0.783608,0.391804,0.391804,0,0,1,0,0.000000,0.080000,0.008000,0.001000,7.000000,0.160000,22.000000,0.025000,0.000000
7.365000,0.500000,0.640000,-2.721889,-0.000000,-2.721889,-0.249857,0.000000,0.249857,0.026012,-0.000781,0.030969,0.030969,0.004957,0.034823,0.035604,0.019989,0.019010,0.000039,0.034698,0.000125,0.783288,0.000000,0.783288,0.783288,0.783288,0.391644,0.391644,0,0,1,0,0.000000,0.080000,0.008000,0.001000,7.000000,0.160000,22.000000,0.025000,0.000000
7.370000,0.500000,0.640000,-2.723158,-0.000000,-2.723158,-0.250054,0.000000,0.250054,0.026004,-0.000786,0.030969,0.030969,0.004965,0.034880,0.035666,0.020004,0.019020,0.000039,0.034755,0.000126,0.784656,0.000311,0.784967,0.784967,0.784967,0.392484,0.392484,0,0,1,0,0.000000,0.080000,0.008000,0.001000,7.000000,0.160000,22.000000,0.025000,0.000000
7.375000,0.500000,0.640000,-2.724428,-0.000000,-2.724428,-0.250251,0.000000,0.250251,0.026004,-0.000786,0.030969,0.030969,0.004965,0.034880,0.035666,0.020020,0.019030,0.000039,0.034755,0.000126,0.784656,0.000000,0.784656,0.784656,0.784656,0.392328,0.392328,0,0,1,0,0.000000,0.080000,0.008000,0.001000,7.000000,0.160000,22.000000,0.025000,0.000000
7.380000,0.500000,0.640000,-2.725698,-0.000000,-2.725698,-0.250448,0.000000,0.250448,0.026004,-0.000786,0.030969,0.030969,0.004965,0.034880,0.035666,0.020036,0.019040,0.000039,0.034755,0.000126,0.784656,0.000000,0.784656,0.784656,0.784656,0.392328,0.392328,0,0,1,0,0.000000,0.080000,0.008000,0.001000,7.000000,0.160000,22.000000,0.025000,0.000000
7.385000,0.500000,0.640000,-2.726970,-0.000000,-2.726970,-0.250646,0.000000,0.250646,0.025996,-0.000788,0.030969,0.030969,0.004973,0.034937,0.035725,0.020052,0.019050,0.000040,0.034811,0.000126,0.785957,0.000296,0.786252,0.786252,0.786252,0.393126,0.393126,0,0,1,0,0.000000,0.080000,0.008000,0.001000,7.000000,0.160000,22.000000,0.025000,0.000000
7.390000,0.500000,0.640000,-2.728242,-0.000000,-2.728242,-0.250843,0.000000,0.250843,0.025996,-0.000788,0.030969,0.030969,0.004973,0.034937,0.035725,0.020067,0.019060,0.000040,0.034811,0.000126,0.785957,0.000000,0.785957,0.785957,0.785957,0.392978,0.392978,0,0,1,0,0.000000,0.080000,0.008000,0.001000,7.000000,0.160000,22.000000,0.025000,0.000000
7.395000,0.500000,0.640000,-2.729516,-0.000000,-2.729516,-0.251041,0.000000,0.251041,0.025988,-0.000793,0.030969,0.030969,0.004981,0.034994,0.035788,0.020083,0.019070,0.000040,0.034867,0.000127,0.787325,0.000311,0.787636,0.787636,0.787636,0.393818,0.393818,0,0,1,0,0.000000,0.080000,0.008000,0.001000,7.000000,0.160000,22.000000,0.025000,0.000000
7.400000,0.500000,0.640000,-2.730791,-0.000000,-2.730791,-0.251239,0.000000,0.251239,0.025988,-0.000793,0.030969,0.030969,0.004981,0.034994,0.035788,0.020099,0.019080,0.000040,0.034867,0.000127,0.787325,0.000000,0.787325,0.787325,0.787325,0.393663,0.393663,0,0,1,0,0.000000,0.080000,0.008000,0.001000,7.000000,0.160000,22.000000,0.025000,0.000000
7.409000,0.500000,0.640000,-2.733343,-0.000000,-2.733343,-0.251636,0.000000,0.251636,0.025980,-0.000795,0.030969,0.030969,0.004989,0.035051,0.035846,0.020131,0.019098,0.000044,0.034924,0.000127,0.788614,0.000163,0.788777,0.788777,0.788777,0.394388,0.394388,0,0,1,0,0.000000,0.080000,0.008000,0.001000,7.000000,0.160000,22.000000,0.025000,0.000000
7.414000,0.500000,0.640000,-2.734620,-0.000000,-2.734620,-0.251834,0.000000,0.251834,0.025972,-0.000798,0.030969,0.030969,0.004997,0.035108,0.035906,0.020147,0.019109,0.000040,0.034980,0.000128,0.789937,0.000301,0.790238,0.790238,0.790238,0.395119,0.395119,0,0,1,0,0.000000,0.080000,0.008000,0.001000,7.000000,0.160000,22.000000,0.025000,0.000000
7.419000,0.500000,0.640000,-2.735899,-0.000000,-2.735899,-0.252033,0.000000,0.252033,0.025972,-0.000798,0.030969,0.030969,0.004997,0.035108,0.035906,0.020163,0.019119,0.000040,0.034980,0.000128,0.789937,0.000000,0.789937,0.789937,0.789937,0.394969,0.394969,0,0,1,0,0.000000,0.080000,0.008000,0.001000,7.000000,0.160000,22.000000,0.025000,0.000000
7.424000,0.500000,0.640000,-2.737179,-0.000000,-2.737179,-0.252232,0.000000,0.252232,0.025963,-0.000797,0.030969,0.030969,0.005005,0.035164,0.035961,0.020179,0.019129,0.000040,0.035037,0.000128,0.791147,0.000275,0.791422,0.791422,0.791422,0.395711,0.395711,0,0,1,0,0.000000,0.080000,0.008000,0.001000,7.000000,0.160000,22.000000,0.025000,0.000000
7.429000,0.500000,0.640000,-2.738459,-0.000000,-2.738459,-0.252432,0.000000,0.252432,0.025963,-0.000797,0.030969,0.030969,0.005005,0.035164,0.035961,0.020195,0.019139,0.000040,0.035037,0.000128,0.791147,0.000000,0.791147,0.791147,0.791147,0.395573,0.395573,0,0,1,0,0.000000,0.080000,0.008000,0.001000,7.000000,0.160000,22.000000,0.025000,0.000000
7.434000,0.500000,0.640000,-2.739741,-0.000000,-2.739741,-0.252632,0.000000,0.252632,0.025956,-0.000793,0.030969,0.030969,0.005013,0.035219,0.036012,0.020211,0.019149,0.000040,0.035092,0.000127,0.792255,0.000252,0.792506,0.792506,0.792506,0.396253,0.396253,0,0,1,0,0.000000,0.080000,0.008000,0.001000,7.000000,0.160000,22.000000,0.025000,0.000000
7.439000,0.500000,0.640000,-2.741024,-0.000000,-2.741024,-0.252833,0.000000,0.252833,0.025956,-0.000793,0.030969,0.030969,0.005013,0.035219,0.036012,0.020227,0.019159,0.000040,0.035092,0.000127,0.792255,0.000000,0.792255,0.792255,0.792255,0.396127,0.396127,0,0,1,0,0.000000,0.080000,0.008000,0.001000,7.000000,0.160000,22.000000,0.025000,0.000000
7.444000,0.500000,0.640000,-2.742308,-0.000000,-2.742308,-0.253034,0.000000,0.253034,0.025948,-0.000787,0.030969,0.030969,0.005021,0.035272,0.036059,0.020243,0.019169,0.000040,0.035146,0.000126,0.793301,0.000238,0.793539,0.793539,0.793539,0.396770,0.396770,0,0,1,0,0.000000,0.080000,0.008000,0.001000,7.000000,0.160000,22.000000,0.025000,0.000000
7.449000,0.500000,0.640000,-2.743593,-0.000000,-2.743593,-0.253235,0.000000,0.253235,0.025948,-0.000787,0.030969,0.030969,0.005021,0.035272,0.036059,0.020259,0.019179,0.000040,0.035146,0.000126,0.793301,0.000000,0.793301,0.793301,0.793301,0.396651,0.396651,0,0,1,0,0.000000,0.080000,0.008000,0.001000,7.000000,0.160000,22.000000,0.025000,0.000000
7.454000,0.500000,0.640000,-2.744879,-0.000000,-2.744879,-0.253436,0.000000,0.253436,0.025940,-0.000782,0.030969,0.030969,0.005028,0.035324,0.036106,0.020275,0.019189,0.000040,0.035199,0.000125,0.794335,0.000235,0.794570,0.794570,0.794570,0.397285,0.397285,0,0,1,0,0.000000,0.080000,0.008000,0.001000,7.000000,0.160000,22.000000,0.025000,0.000000
7.459000,0.500000,0.640000,-2.746166,-0.000000,-2.746166,-0.253637,0.000000,0.253637,0.025940,-0.000782,0.030969,0.030969,0.005028,0.035324,0.036106,0.020291,0.019200,0.000040,0.035199,0.000125,0.794335,0.000000,0.794335,0.794335,0.794335,0.397168,0.397168,0,0,1,0,0.000000,0.080000,0.008000,0.001000,7.000000,0.160000,22.000000,0.025000,0.000000
7.464000,0.500000,0.640000,-2.747453,-0.000000,-2.747453,-0.253839,0.000000,0.253839,0.025933,-0.000778,0.030969,0.030969,0.005036,0.035377,0.036155,0.020307,0.019210,0.000040,0.035252,0.000124,0.795402,0.000243,0.795645,0.795645,0.795645,0.397822,0.397822,0,0,1,0,0.000000,0.080000,0.008000,0.001000,7.000000,0.160000,22.000000,0.025000,0.000000
7.473000,0.500000,0.640000,-2.750032,-0.000000,-2.750032,-0.254242,0.000000,0.254242,0.025925,-0.000776,0.030969,0.030969,0.005044,0.035430,0.036206,0.020339,0.019228,0.000045,0.035306,0.000124,0.796538,0.000143,0.796681,0.796681,0.796681,0.398341,0.398341,0,0,1,0,0.000000,0.080000,0.008000,0.001000,7.000000,0.160000,22.000000,0.025000,0.000000
7.478000,0.500000,0.640000,-2.751323,-0.000000,-2.751323,-0.254443,0.000000,0.254443,0.025925,-0.000776,0.030969,0.030969,0.005044,0.035430,0.036206,0.020355,0.019238,0.000040,0.035306,0.000124,0.796538,0.000000,0.796538,0.796538,0.796538,0.398269,0.398269,0,0,1,0,0.000000,0.080000,0.008000,0.001000,7.000000,0.160000,22.000000,0.025000,0.000000
7.483000,0.500000,0.640000,-2.752615,-0.000000,-2.752615,-0.254645,0.000000,0.254645,0.025917,-0.000777,0.030969,0.030969,0.005051,0.035485,0.036261,0.020372,0.019248,0.000040,0.035360,0.000124,0.797746,0.000275,0.798020,0.798020,0.798020,0.399010,0.399010,0,0,1,0,0.000000,0.080000,0.008000,0.001000,7.000000,0.160000,22.000000,0.025000,0.000000
7.488000,0.500000,0.640000,-2.753908,-0.000000,-2.753908,-0.254846,0.000000,0.254846,0.025917,-0.000777,0.030969,0.030969,0.005051,0.035485,0.036261,0.020388,0.019259,0.000040,0.035360,0.000124,0.797746,0.000000,0.797746,0.797746,0.797746,0.398873,0.398873,0,0,1,0,0.000000,0.080000,0.008000,0.001000,7.000000,0.160000,22.000000,0.025000,0.000000
7.493000,0.500000,0.640000,-2.755202,-0.000000,-2.755202,-0.255048,0.000000,0.255048,0.025909,-0.000780,0.030969,0.030969,0.005059,0.035540,0.036320,0.020404,0.019269,0.000040,0.035416,0.000125,0.799043,0.000295,0.799338,0.799338,0.799338,0.399669,0.399669,0,0,1,0,0.000000,0.080000,0.008000,0.001000,7.000000,0.160000,22.000000,0.025000,0.000000
7.498000,0.500000,0.640000,-2.756497,-0.000000,-2.756497,-0.255249,0.000000,0.255249,0.025909,-0.000780,0.030969,0.030969,0.005059,0.035540,0.036320,0.020420,0.019279,0.000040,0.035416,0.000125,0.799043,0.000000,0.799043,0.799043,0.799043,0.399522,0.399522,0,0,1,0,0.000000,0.080000,0.008000,0.001000,7.000000,0.160000,22.000000,0.025000,0.000000
7.503000,0.500000,0.640000,-2.757793,-0.000000,-2.757793,-0.255450,0.000000,0.255450,0.025901,-0.000785,0.030969,0.030969,0.005067,0.035597,0.036382,0.020436,0.019289,0.000040,0.035472,0.000126,0.800414,0.000312,0.800726,0.800726,0.800726,0.400363,0.400363,0,0,1,0,0.000000,0.080000,0.008000,0.001000,7.000000,0.160000,22.000000,0.025000,0.000000
7.512000,0.500000,0.640000,-2.760388,-0.000000,-2.760388,-0.255853,0.000000,0.255853,0.025893,-0.000791,0.030969,0.030969,0.005076,0.035656,0.036447,0.020468,0.019308,0.000045,0.035529,0.000127,0.801829,0.000179,0.802008,0.802008,0.802008,0.401004,0.401004,0,0,1,0,0.000000,0.080000,0.008000,0.001000,7.000000,0.160000,22.000000,0.025000,0.000000
7.517000,0.500000,0.640000,-2.761687,-0.000000,-2.761687,-0.256054,0.000000,0.256054,0.025893,-0.000791,0.030969,0.030969,0.005076,0.035656,0.036447,0.020484,0.019318,0.000040,0.035529,0.000127,0.801829,0.000000,0.801829,0.801829,0.801829,0.400914,0.400914,0,0,1,0,0.000000,0.080000,0.008000,0.001000,7.000000,0.160000,22.000000,0.025000,0.000000
7.522000,0.500000,0.640000,-2.762987,-0.000000,-2.762987,-0.256256,0.000000,0.256256,0.025885,-0.000797,0.030969,0.030969,0.005084,0.035714,0.036511,0.020500,0.019328,0.000040,0.035587,0.000127,0.803236,0.000320,0.803556,0.803556,0.803556,0.401778,0.401778,0,0,1,0,0.000000,0.080000,0.008000,0.001000,7.000000,0.160000,22.000000,0.025000,0.000000
7.527000,0.500000,0.640000,-2.764288,-0.000000,-2.764288,-0.256458,0.000000,0.256458,0.025885,-0.000797,0.030969,0.030969,0.005084,0.035714,0.036511,0.020517,0.019338,0.000040,0.035587,0.000127,0.803236,0.000000,0.803236,0.803236,0.803236,0.401618,0.401618,0,0,1,0,0.000000,0.080000,0.008000,0.001000,7.000000,0.160000,22.000000,0.025000,0.000000
7.532000,0.500000,0.640000,-2.765590,-0.000000,-2.765590,-0.256660,0.000000,0.256660,0.025877,-0.000801,0.030969,0.030969,0.005092,0.035772,0.036574,0.020533,0.019349,0.000040,0.035644,0.000128,0.804627,0.000316,0.804943,0.804943,0.804943,0.402472,0.402472,0,0,1,0,0.000000,0.080000,0.008000,0.001000,7.000000,0.160000,22.000000,0.025000,0.000000
7.537000,0.500000,0.640000,-2.766893,-0.000000,-2.766893,-0.256862,0.000000,0.256862,0.025877,-0.000801,0.030969,0.030969,0.005092,0.035772,0.036574,0.020549,0.019359,0.000040,0.035644,0.000128,0.804627,0.000000,0.804627,0.804627,0.804627,0.402313,0.402313,0,0,1,0,0.000000,0.080000,0.008000,0.001000,7.000000,0.160000,22.000000,0.025000,0.000000
7.542000,0.500000,0.640000,-2.768198,-0.000000,-2.768198,-0.257065,0.000000,0.257065,0.025868,-0.000805,0.030969,0.030969,0.005100,0.035831,0.036635,0.020565,0.019369,0.000041,0.035702,0.000129,0.805979,0.000307,0.806286,0.806286,0.806286,0.403143,0.403143,0,0,1,0,0.000000,0.080000,0.008000,0.001000,7.000000,0.160000,22.000000,0.025000,0.000000
7.547000,0.500000,0.640000,-2.769503,-0.000000,-2.769503,-0.257267,0.000000,0.257267,0.025868,-0.000805,0.030969,0.030969,0.005100,0.035831,0.036635,0.020581,0.019380,0.000041,0.035702,0.000129,0.805979,0.000000,0.805979,0.805979,0.805979,0.402990,0.402990,0,0,1,0,0.000000,0.080000,0.008000,0.001000,7.000000,0.160000,22.000000,0.025000,0.000000
7.552000,0.500000,0.640000,-2.770809,-0.000000,-2.770809,-0.257471,0.000000,0.257471,0.025860,-0.000806,0.030969,0.030969,0.005108,0.035888,0.036695,0.020598,0.019390,0.000041,0.035759,0.000129,0.807281,0.000296,0.807577,0.807577,0.807577,0.403788,0.403788,0,0,1,0,0.000000,0.080000,0.008000,0.001000,7.000000,0.160000,22.000000,0.025000,0.000000
7.557000,0.500000,0.640000,-2.772116,-0.000000,-2.772116,-0.257674,0.000000,0.257674,0.025860,-0.000806,0.030969,0.030969,0.005108,0.035888,0.036695,0.020614,0.019400,0.000041,0.035759,0.000129,0.807281,0.000000,0.807281,0.807281,0.807281,0.403641,0.403641,0,0,1,0,0.000000,0.080000,0.008000,0.001000,7.000000,0.160000,22.000000,0.025000,0.000000
7.566000,0.500000,0.640000,-2.774734,-0.000000,-2.774734,-0.258082,0.000000,0.258082,0.025852,-0.000806,0.030969,0.030969,0.005117,0.035945,0.036751,0.020647,0.019419,0.000045,0.035816,0.000129,0.808533,0.000158,0.808691,0.808691,0.808691,0.404345,0.404345,0,0,1,0,0.000000,0.080000,0.008000,0.001000,7.000000,0.160000,22.000000,0.025000,0.000000
7.571000,0.500000,0.640000,-2.776044,-0.000000,-2.776044,-0.258286,0.000000,0.258286,0.025844,-0.000810,0.030969,0.030969,0.005125,0.036003,0.036813,0.020663,0.019429,0.000041,0.035873,0.000130,0.809879,0.000306,0.810185,0.810185,0.810185,0.405093,0.405093,0,0,1,0,0.000000,0.080000,0.008000,0.001000,7.000000,0.160000,22.000000,0.025000,0.000000
7.576000,0.500000,0.640000,-2.777356,-0.000000,-2.777356,-0.258489,0.000000,0.258489,0.025844,-0.000810,0.030969,0.030969,0.005125,0.036003,0.036813,0.020679,0.019439,0.000041,0.035873,0.000130,0.809879,0.000000,0.809879,0.809879,0.809879,0.404940,0.404940,0,0,1,0,0.000000,0.080000,0.008000,0.001000,7.000000,0.160000,22.000000,0.025000,0.000000
7.581000,0.500000,0.640000,-2.778668,-0.000000,-2.778668,-0.258694,0.000000,0.258694,0.025836,-0.000811,0.030969,0.030969,0.005133,0.036060,0.036871,0.020695,0.019450,0.000041,0.035931,0.000130,0.811170,0.000293,0.811464,0.811464,0.811464,0.405732,0.405732,0,0,1,0,0.000000,0.080000,0.008000,0.001000,7.000000,0.160000,22.000000,0.025000,0.000000
7.586000,0.500000,0.640000,-2.779982,-0.000000,-2.779982,-0.258898,0.000000,0.258898,0.025836,-0.000811,0.030969,0.030969,0.005133,0.036060,0.036871,0.020712,0.019460,0.000041,0.035931,0.000130,0.811170,0.000000,0.811170,0.811170,0.811170,0.405585,0.405585,0,0,1,0,0.000000,0.080000,0.008000,0.001000,7.000000,0.160000,22.000000,0.025000,0.000000
7.591000,0.500000,0.640000,-2.781296,-0.000000,-2.781296,-0.259103,0.000000,0.259103,0.025828,-0.000810,0.030969,0.030969,0.005141,0.036117,0.036927,0.020728,0.019470,0.000041,0.035988,0.000130,0.812403,0.000280,0.812683,0.812683,0.812683,0.406341,0.406341,0,0,1,0,0.000000,0.080000,0.008000,0.001000,7.000000,0.160000,22.000000,0.025000,0.000000
7.596000,0.500000,0.640000,-2.782612,-0.000000,-2.782612,-0.259308,0.000000,0.259308,0.025828,-0.000810,0.030969,0.030969,0.005141,0.036117,0.036927,0.020745,0.019481,0.000041,0.035988,0.000130,0.812403,0.000000,0.812403,0.812403,0.812403,0.406201,0.406201,0,0,1,0,0.000000,0.080000,0.008000,0.001000,7.000000,0.160000,22.000000,0.025000,0.000000
7.601000,0.500000,0.640000,-2.783929,-0.000000,-2.783929,-0.259514,0.000000,0.259514,0.025820,-0.000808,0.030969,0.030969,0.005149,0.036173,0.036982,0.020761,0.019491,0.000041,0.036044,0.000129,0.813594,0.000271,0.813865,0.813865,0.813865,0.406932,0.406932,0,0,1,0,0.000000,0.080000,0.008000,0.001000,7.000000,0.160000,22.000000,0.025000,0.000000
7.606000,0.500000,0.640000,-2.785246,-0.000000,-2.785246,-0.259719,0.000000,0.259719,0.025820,-0.000808,0.030969,0.030969,0.005149,0.036173,0.036982,0.020778,0.019502,0.000041,0.036044,0.000129,0.813594,0.000000,0.813594,0.813594,0.813594,0.406797,0.406797,0,0,1,0,0.000000,0.080000,0.008000,0.001000,7.000000,0.160000,22.000000,0.025000,0.000000
7.611000,0.500000,0.640000,-2.786565,-0.000000,-2.786565,-0.259925,0.000000,0.259925,0.025812,-0.000806,0.030969,0.030969,0.005157,0.036229,0.037035,0.020794,0.019512,0.000041,0.036100,0.000129,0.814767,0.000267,0.815034,0.815034,0.815034,0.407517,0.407517,0,0,1,0,0.000000,0.080000,0.008000,0.001000,7.000000,0.160000,22.000000,0.025000,0.000000
7.620000,0.500000,0.640000,-2.789206,-0.000000,-2.789206,-0.260338,0.000000,0.260338,0.025804,-0.000804,0.030969,0.030969,0.005165,0.036285,0.037089,0.020827,0.019531,0.000046,0.036156,0.000129,0.815948,0.000149,0.816097,0.816097,0.816097,0.408049,0.408049,0,0,1,0,0.000000,0.080000,0.008000,0.001000,7.000000,0.160000,22.000000,0.025000,0.000000
7.625000,0.500000,0.640000,-2.789206,-0.000000,-2.789206,-0.260338,0.000000,0.260338,0.025804,-0.000804,0.030969,0.030969,0.005165,0.036285,0.037089,0.020827,0.019541,0.000000,0.036156,0.000129,0.815948,0.000000,0.815948,0.815948,0.815948,0.407974,0.407974,0,0,1,0,0.000000,0.080000,0.008000,0.001000,7.000000,0.160000,22.000000,0.025000,0.000000
7.630000,0.500000,0.640000,-2.790528,-0.000000,-2.790528,-0.260544,0.000000,0.260544,0.025796,-0.000803,0.030969,0.030969,0.005173,0.036340,0.037144,0.020844,0.019552,0.000041,0.036212,0.000129,0.817159,0.000275,0.817434,0.817434,0.817434,0.408717,0.408717,0,0,1,0,0.000000,0.080000,0.008000,0.001000,7.000000,0.160000,22.000000,0.025000,0.000000
7.635000,0.500000,0.640000,-2.791851,-0.000000,-2.791851,-0.260751,0.000000,0.260751,0.025796,-0.000803,0.030969,0.030969,0.005173,0.036340,0.037143,0.020860,0.019562,0.000041,0.036212,0.000128,0.817143,-0.000004,0.817139,0.817139,0.817139,0.408569,0.408569,0,0,1,0,0.000000,0.080000,0.008000,0.001000,7.000000,0.160000,22.000000,0.025000,0.000000
7.640000,0.500000,0.640000,-2.793175,-0.000000,-2.793175,-0.260957,0.000000,0.260957,0.025796,-0.000803,0.030969,0.030969,0.005173,0.036340,0.037143,0.020877,0.019572,0.000041,0.036212,0.000128,0.817143,0.000000,0.817143,0.817143,0.817143,0.408571,0.408571,0,0,1,0,0.000000,0.080000,0.008000,0.001000,7.000000,0.160000,22.000000,0.025000,0.000000
7.645000,0.500000,0.640000,-2.794500,-0.000000,-2.794500,-0.261164,0.000000,0.261164,0.025788,-0.000803,0.030969,0.030969,0.005181,0.036396,0.037199,0.020893,0.019583,0.000041,0.036268,0.000128,0.818383,0.000282,0.818665,0.818665,0.818665,0.409332,0.409332,0,0,1,0,0.000000,0.080000,0.008000,0.001000,7.000000,0.160000,22.000000,0.025000,0.000000
7.650000,0.500000,0.640000,-2.795826,-0.000000,-2.795826,-0.261370,0.000000,0.261370,0.025788,-0.000803,0.030969,0.030969,0.005181,0.036396,0.037199,0.020910,0.019593,0.000041,0.036268,0.000128,0.818383,0.000000,0.818383,0.818383,0.818383,0.409191,0.409191,0,0,1,0,0.000000,0.080000,0.008000,0.001000,7.000000,0.160000,22.000000,0.025000,0.000000
7.659000,0.500000,0.640000,-2.798481,-0.000000,-2.798481,-0.261784,0.000000,0.261784,0.025779,-0.000805,0.030969,0.030969,0.005189,0.036453,0.037258,0.020943,0.019612,0.000046,0.036325,0.000129,0.819677,0.000163,0.819840,0.819840,0.819840,0.409920,0.409920,0,0,1,0,0.000000,0.080000,0.008000,0.001000,7.000000,0.160000,22.000000,0.025000,0.000000
7.664000,0.500000,0.640000,-2.799810,-0.000000,-2.799810,-0.261990,0.000000,0.261990,0.025771,-0.000813,0.030969,0.030969,0.005198,0.036513,0.037325,0.020959,0.019623,0.000041,0.036383,0.000130,0.821157,0.000336,0.821493,0.821493,0.821493,0.410747,0.410747,0,0,1,0,0.000000,0.080000,0.008000,0.001000,7.000000,0.160000,22.000000,0.025000,0.000000
7.669000,0.500000,0.640000,-2.801140,-0.000000,-2.801140,-0.262196,0.000000,0.262196,0.025771,-0.000813,0.030969,0.030969,0.005198,0.036513,0.037325,0.020976,0.019633,0.000041,0.036383,0.000130,0.821157,0.000000,0.821157,0.821157,0.821157,0.410578,0.410578,0,0,1,0,0.000000,0.080000,0.008000,0.001000,7.000000,0.160000,22.000000,0.025000,0.000000
7.674000,0.500000,0.640000,-2.802471,-0.000000,-2.802471,-0.262402,0.000000,0.262402,0.025763,-0.000819,0.030969,0.030969,0.005206,0.036573,0.037393,0.020992,0.019644,0.000041,0.036442,0.000131,0.822637,0.000336,0.822973,0.822973,0.822973,0.411487,0.411487,0,0,1,0,0.000000,0.080000,0.008000,0.001000,7.000000,0.160000,22.000000,0.025000,0.000000
7.679000,0.500000,0.640000,-2.803804,-0.000000,-2.803804,-0.262609,0.000000,0.262609,0.025763,-0.000819,0.030969,0.030969,0.005206,0.036573,0.037393,0.021009,0.019654,0.000041,0.036442,0.000131,0.822637,0.000000,0.822637,0.822637,0.822637,0.411318,0.411318,0,0,1,0,0.000000,0.080000,0.008000,0.001000,7.000000,0.160000,22.000000,0.025000,0.000000
7.684000,0.500000,0.640000,-2.805137,-0.000000,-2.805137,-0.262816,0.000000,0.262816,0.025754,-0.000824,0.030969,0.030969,0.005215,0.036634,0.037458,0.021025,0.019665,0.000041,0.036502,0.000132,0.824072,0.000326,0.824399,0.824399,0.824399,0.412199,0.412199,0,0,1,0,0.000000,0.080000,0.008000,0.001000,7.000000,0.160000,22.000000,0.025000,0.000000
7.689000,0.500000,0.640000,-2.806471,-0.000000,-2.806471,-0.263023,0.000000,0.263023,0.025754,-0.000824,0.030969,0.030969,0.005215,0.036634,0.037458,0.021042,0.019675,0.000041,0.036502,0.000132,0.824072,0.000000,0.824072,0.824072,0.824072,0.412036,0.412036,0,0,1,0,0.000000,0.080000,0.008000,0.001000,7.000000,0.160000,22.000000,0.025000,0.000000
7.694000,0.500000,0.640000,-2.807807,-0.000000,-2.807807,-0.263231,0.000000,0.263231,0.025746,-0.000827,0.030969,0.030969,0.005223,0.036693,0.037520,0.021058,0.019686,0.000042,0.036561,0.000132,0.825442,0.000311,0.825754,0.825754,0.825754,0.412877,0.412877,0,0,1,0,0.000000,0.080000,0.008000,0.001000,7.000000,0.160000,22.000000,0.025000,0.000000
7.699000,0.500000,0.640000,-2.809143,-0.000000,-2.809143,-0.263438,0.000000,0.263438,0.025746,-0.000827,0.030969,0.030969,0.005223,0.036693,0.037520,0.021075,0.019696,0.000042,0.036561,0.000132,0.825442,0.000000,0.825442,0.825442,0.825442,0.412721,0.412721,0,0,1,0,0.000000,0.080000,0.008000,0.001000,7.000000,0.160000,22.000000,0.025000,0.000000
7.708000,0.500000,0.640000,-2.811820,-0.000000,-2.811820,-0.263855,0.000000,0.263855,0.025737,-0.000827,0.030969,0.030969,0.005231,0.036752,0.037579,0.021108,0.019715,0.000046,0.036619,0.000132,0.826741,0.000164,0.826905,0.826905,0.826905,0.413453,0.413453,0,0,1,0,0.000000,0.080000,0.008000,0.001000,7.000000,0.160000,22.000000,0.025000,0.000000
7.713000,0.500000,0.640000,-2.813159,-0.000000,-2.813159,-0.264063,0.000000,0.264063,0.025729,-0.000831,0.030969,0.030969,0.005240,0.036811,0.037642,0.021125,0.019726,0.000042,0.036678,0.000133,0.828117,0.000313,0.828429,0.828429,0.828429,0.414215,0.414215,0,0,1,0,0.000000,0.080000,0.008000,0.001000,7.000000,0.160000,22.000000,0.025000,0.000000
7.718000,0.500000,0.640000,-2.814500,-0.000000,-2.814500,-0.264272,0.000000,0.264272,0.025729,-0.000831,0.030969,0.030969,0.005240,0.036811,0.037642,0.021142,0.019736,0.000042,0.036678,0.000133,0.828117,0.000000,0.828117,0.828117,0.828117,0.414058,0.414058,0,0,1,0,0.000000,0.080000,0.008000,0.001000,7.000000,0.160000,22.000000,0.025000,0.000000
7.723000,0.500000,0.640000,-2.815842,-0.000000,-2.815842,-0.264481,0.000000,0.264481,0.025721,-0.000831,0.030969,0.030969,0.005248,0.036870,0.037701,0.021158,0.019747,0.000042,0.036737,0.000133,0.829416,0.000295,0.829712,0.829712,0.829712,0.414856,0.414856,0,0,1,0,0.000000,0.080000,0.008000,0.001000,7.000000,0.160000,22.000000,0.025000,0.000000
7.728000,0.500000,0.640000,-2.817185,-0.000000,-2.817185,-0.264690,0.000000,0.264690,0.025721,-0.000831,0.030969,0.030969,0.005248,0.036870,0.037701,0.021175,0.019758,0.000042,0.036737,0.000133,0.829416,0.000000,0.829416,0.829416,0.829416,0.414708,0.414708,0,0,1,0,0.000000,0.080000,0.008000,0.001000,7.000000,0.160000,22.000000,0.025000,0.000000
7.733000,0.500000,0.640000,-2.818529,-0.000000,-2.818529,-0.264900,0.000000,0.264900,0.025712,-0.000829,0.030969,0.030969,0.005256,0.036927,0.037756,0.021192,0.019768,0.000042,0.036795,0.000133,0.830643,0.000279,0.830921,0.830921,0.830921,0.415461,0.415461,0,0,1,0,0.000000,0.080000,0.008000,0.001000,7.000000,0.160000,22.000000,0.025000,0.000000
7.738000,0.500000,0.640000,-2.819874,-0.000000,-2.819874,-0.265110,0.000000,0.265110,0.025712,-0.000829,0.030969,0.030969,0.005256,0.036927,0.037756,0.021209,0.019779,0.000042,0.036795,0.000133,0.830643,0.000000,0.830643,0.830643,0.830643,0.415321,0.415321,0,0,1,0,0.000000,0.080000,0.008000,0.001000,7.000000,0.160000,22.000000,0.025000,0.000000
7.747000,0.500000,0.640000,-2.822567,-0.000000,-2.822567,-0.265531,0.000000,0.265531,0.025704,-0.000826,0.030969,0.030969,0.005265,0.036984,0.037810,0.021242,0.019798,0.000047,0.036852,0.000132,0.831822,0.000149,0.831971,0.831971,0.831971,0.415985,0.415985,0,0,1,0,0.000000,0.080000,0.008000,0.001000,7.000000,0.160000,22.000000,0.025000,0.000000
7.752000,0.500000,0.640000,-2.823916,-0.000000,-2.823916,-0.265741,0.000000,0.265741,0.025696,-0.000827,0.030969,0.030969,0.005273,0.037042,0.037869,0.021259,0.019808,0.000042,0.036909,0.000132,0.833112,0.000293,0.833406,0.833406,0.833406,0.416703,0.416703,0,0,1,0,0.000000,0.080000,0.008000,0.001000,7.000000,0.160000,22.000000,0.025000,0.000000
7.757000,0.500000,0.640000,-2.825265,-0.000000,-2.825265,-0.265951,0.000000,0.265951,0.025696,-0.000827,0.030969,0.030969,0.005273,0.037042,0.037869,0.021276,0.019819,0.000042,0.036909,0.000132,0.833112,0.000000,0.833112,0.833112,0.833112,0.416556,0.416556,0,0,1,0,0.000000,0.080000,0.008000,0.001000,7.000000,0.160000,22.000000,0.025000,0.000000
7.762000,0.500000,0.640000,-2.826615,-0.000000,-2.826615,-0.266162,0.000000,0.266162,0.025688,-0.000827,0.030969,0.030969,0.005281,0.037100,0.037927,0.021293,0.019830,0.000042,0.036968,0.000132,0.834389,0.000290,0.834679,0.834679,0.834679,0.417339,0.417339,0,0,1,0,0.000000,0.080000,0.008000,0.001000,7.000000,0.160000,22.000000,0.025000,0.000000
7.767000,0.500000,0.640000,-2.827967,-0.000000,-2.827967,-0.266372,0.000000,0.266372,0.025688,-0.000827,0.030969,0.030969,0.005281,0.037100,0.037927,0.021310,0.019840,0.000042,0.036968,0.000132,0.834389,0.000000,0.834389,0.834389,0.834389,0.417194,0.417194,0,0,1,0,0.000000,0.080000,0.008000,0.001000,7.000000,0.160000,22.000000,0.025000,0.000000
7.772000,0.500000,0.640000,-2.829319,-0.000000,-2.829319,-0.266583,0.000000,0.266583,0.025679,-0.000826,0.030969,0.030969,0.005289,0.037158,0.037984,0.021327,0.019851,0.000042,0.037026,0.000132,0.835654,0.000288,0.835942,0.835942,0.835942,0.417971,0.417971,0,0,1,0,0.000000,0.080000,0.008000,0.001000,7.000000,0.160000,22.000000,0.025000,0.000000
7.777000,0.500000,0.640000,-2.830673,-0.000000,-2.830673,-0.266794,0.000000,0.266794,0.025679,-0.000826,0.030969,0.030969,0.005289,0.037158,0.037984,0.021344,0.019862,0.000042,0.037026,0.000132,0.835654,0.000000,0.835654,0.835654,0.835654,0.417827,0.417827,0,0,1,0,0.000000,0.080000,0.008000,0.001000,7.000000,0.160000,22.000000,0.025000,0.000000
7.782000,0.500000,0.640000,-2.832027,-0.000000,-2.832027,-0.267006,0.000000,0.267006,0.025671,-0.000826,0.030969,0.030969,0.005298,0.037216,0.038042,0.021360,0.019872,0.000042,0.037084,0.000132,0.836922,0.000288,0.837210,0.837210,0.837210,0.418605,0.418605,0,0,1,0,0.000000,0.080000,0.008000,0.001000,7.000000,0.160000,22.000000,0.025000,0.000000
7.787000,0.500000,0.640000,-2.833383,-0.000000,-2.833383,-0.267217,0.000000,0.267217,0.025671,-0.000826,0.030969,0.030969,0.005298,0.037216,0.038042,0.021377,0.019883,0.000042,0.037084,0.000132,0.836922,0.000000,0.836922,0.836922,0.836922,0.418461,0.418461,0,0,1,0,0.000000,0.080000,0.008000,0.001000,7.000000,0.160000,22.000000,0.025000,0.000000
7.796000,0.500000,0.640000,-2.836098,-0.000000,-2.836098,-0.267640,0.000000,0.267640,0.025663,-0.000826,0.030969,0.030969,0.005306,0.037274,0.038100,0.021411,0.019902,0.000047,0.037142,0.000132,0.838203,0.000162,0.838365,0.838365,0.838365,0.419182,0.419182,0,0,1,0,0.000000,0.080000,0.008000,0.001000,7.000000,0.160000,22.000000,0.025000,0.000000
7.801000,0.500000,0.640000,-2.837457,-0.000000,-2.837457,-0.267852,0.000000,0.267852,0.025654,-0.000832,0.030969,0.030969,0.005314,0.037333,0.038166,0.021428,0.019913,0.000042,0.037200,0.000133,0.839642,0.000327,0.839969,0.839969,0.839969,0.419984,0.419984,0,0,1,0,0.000000,0.080000,0.008000,0.001000,7.000000,0.160000,22.000000,0.025000,0.000000
7.806000,0.500000,0.640000,-2.838817,-0.000000,-2.838817,-0.268063,0.000000,0.268063,0.025654,-0.000832,0.030969,0.030969,0.005314,0.037333,0.038166,0.021445,0.019924,0.000042,0.037200,0.000133,0.839642,0.000000,0.839642,0.839642,0.839642,0.419821,0.419821,0,0,1,0,0.000000,0.080000,0.008000,0.001000,7.000000,0.160000,22.000000,0.025000,0.000000
7.811000,0.500000,0.640000,-2.840178,-0.000000,-2.840178,-0.268274,0.000000,0.268274,0.025646,-0.000836,0.030969,0.030969,0.005323,0.037394,0.038230,0.021462,0.019935,0.000042,0.037260,0.000134,0.841070,0.000325,0.841395,0.841395,0.841395,0.420698,0.420698,0,0,1,0,0.000000,0.080000,0.008000,0.001000,7.000000,0.160000,22.000000,0.025000,0.000000
7.816000,0.500000,0.640000,-2.841540,-0.000000,-2.841540,-0.268486,0.000000,0.268486,0.025646,-0.000836,0.030969,0.030969,0.005323,0.037394,0.038230,0.021479,0.019945,0.000042,0.037260,0.000134,0.841070,0.000000,0.841070,0.841070,0.841070,0.420535,0.420535,0,0,1,0,0.000000,0.080000,0.008000,0.001000,7.000000,0.160000,22.000000,0.025000,0.000000
7.821000,0.500000,0.640000,-2.842903,-0.000000,-2.842903,-0.268698,0.000000,0.268698,0.025637,-0.000839,0.030969,0.030969,0.005331,0.037455,0.038294,0.021496,0.019956,0.000042,0.037320,0.000134,0.842462,0.000316,0.842778,0.842778,0.842778,0.421389,0.421389,0,0,1,0,0.000000,0.080000,0.008000,0.001000,7.000000,0.160000,22.000000,0.025000,0.000000
7.826000,0.500000,0.640000,-2.844267,-0.000000,-2.844267,-0.268910,0.000000,0.268910,0.025637,-0.000839,0.030969,0.030969,0.005331,0.037455,0.038294,0.021513,0.019967,0.000042,0.037320,0.000134,0.842462,0.000000,0.842462,0.842462,0.842462,0.421231,0.421231,0,0,1,0,0.000000,0.080000,0.008000,0.001000,7.000000,0.160000,22.000000,0.025000,0.000000
7.831000,0.500000,0.640000,-2.845633,-0.000000,-2.845633,-0.269123,0.000000,0.269123,0.025629,-0.000841,0.030969,0.030969,0.005340,0.037514,0.038355,0.021530,0.019978,0.000043,0.037380,0.000134,0.843810,0.000306,0.844116,0.844116,0.844116,0.422058,0.422058,0,0,1,0,0.000000,0.080000,0.008000,0.001000,7.000000,0.160000,22.000000,0.025000,0.000000
7.836000,0.500000,0.640000,-2.846999,-0.000000,-2.846999,-0.269336,0.000000,0.269336,0.025629,-0.000841,0.030969,0.030969,0.005340,0.037514,0.038355,0.021547,0.019988,0.000043,0.037380,0.000134,0.843810,0.000000,0.843810,0.843810,0.843810,0.421905,0.421905,0,0,1,0,0.000000,0.080000,0.008000,0.001000,7.000000,0.160000,22.000000,0.025000,0.000000
7.841000,0.500000,0.640000,-2.848367,-0.000000,-2.848367,-0.269549,0.000000,0.269549,0.025620,-0.000841,0.030969,0.030969,0.005348,0.037574,0.038414,0.021564,0.019999,0.000043,0.037439,0.000134,0.845115,0.000297,0.845412,0.845412,0.845412,0.422706,0.422706,0,0,1,0,0.000000,0.080000,0.008000,0.001000,7.000000,0.160000,22.000000,0.025000,0.000000
7.846000,0.500000,0.640000,-2.849735,-0.000000,-2.849735,-0.269762,0.000000,0.269762,0.025620,-0.000841,0.030969,0.030969,0.005348,0.037574,0.038414,0.021581,0.020010,0.000043,0.037439,0.000134,0.845115,0.000000,0.845115,0.845115,0.845115,0.422558,0.422558,0,0,1,0,0.000000,0.080000,0.008000,0.001000,7.000000,0.160000,22.000000,0.025000,0.000000
7.851000,0.500000,0.640000,-2.851105,-0.000000,-2.851105,-0.269976,0.000000,0.269976,0.025612,-0.000840,0.030969,0.030969,0.005357,0.037632,0.038472,0.021598,0.020021,0.000043,0.037498,0.000134,0.846390,0.000290,0.846679,0.846679,0.846679,0.423340,0.423340,0,0,1,0,0.000000,0.080000,0.008000,0.001000,7.000000,0.160000,22.000000,0.025000,0.000000
7.860000,0.500000,0.640000,-2.852476,-0.000000,-2.852476,-0.270190,0.000000,0.270190,0.025603,-0.000839,0.030969,0.030969,0.005365,0.037691,0.038530,0.021615,0.020040,0.000024,0.037557,0.000134,0.847649,0.000159,0.847808,0.847808,0.847808,0.423904,0.423904,0,0,1,0,0.000000,0.080000,0.008000,0.001000,7.000000,0.160000,22.000000,0.025000,0.000000
7.865000,0.500000,0.640000,-2.853848,-0.000000,-2.853848,-0.270404,0.000000,0.270404,0.025603,-0.000839,0.030969,0.030969,0.005365,0.037691,0.038530,0.021632,0.020051,0.000043,0.037557,0.000134,0.847649,0.000000,0.847649,0.847649,0.847649,0.423825,0.423825,0,0,1,0,0.000000,0.080000,0.008000,0.001000,7.000000,0.160000,22.000000,0.025000,0.000000
7.870000,0.500000,0.640000,-2.855221,-0.000000,-2.855221,-0.270618,0.000000,0.270618,0.025595,-0.000837,0.030969,0.030969,0.005374,0.037749,0.038586,0.021649,0.020062,0.000043,0.037615,0.000134,0.848895,0.000283,0.849178,0.849178,0.849178,0.424589,0.424589,0,0,1,0,0.000000,0.080000,0.008000,0.001000,7.000000,0.160000,22.000000,0.025000,0.000000
7.875000,0.500000,0.640000,-2.856595,-0.000000,-2.856595,-0.270833,0.000000,0.270833,0.025595,-0.000837,0.030969,0.030969,0.005374,0.037749,0.038586,0.021667,0.020073,0.000043,0.037615,0.000134,0.848895,0.000000,0.848895,0.848895,0.848895,0.424448,0.424448,0,0,1,0,0.000000,0.080000,0.008000,0.001000,7.000000,0.160000,22.000000,0.025000,0.000000
7.880000,0.500000,0.640000,-2.857970,-0.000000,-2.857970,-0.271047,0.000000,0.271047,0.025595,-0.000837,0.030969,0.030969,0.005374,0.037749,0.038586,0.021684,0.020084,0.000043,0.037615,0.000134,0.848895,0.000000,0.848895,0.848895,0.848895,0.424448,0.424448,0,0,1,0,0.000000,0.080000,0.008000,0.001000,7.000000,0.160000,22.000000,0.025000,0.000000
7.885000,0.500000,0.640000,-2.859347,-0.000000,-2.859347,-0.271262,0.000000,0.271262,0.025587,-0.000837,0.030969,0.030969,0.005382,0.037807,0.038644,0.021701,0.020094,0.000043,0.037674,0.000134,0.850166,0.000289,0.850455,0.850455,0.850455,0.425227,0.425227,0,0,1,0,0.000000,0.080000,0.008000,0.001000,7.000000,0.160000,22.000000,0.025000,0.000000
7.890000,0.500000,0.640000,-2.860724,-0.000000,-2.860724,-0.271477,0.000000,0.271477,0.025587,-0.000837,0.030969,0.030969,0.005382,0.037807,0.038644,0.021718,0.020105,0.000043,0.037674,0.000134,0.850166,0.000000,0.850166,0.850166,0.850166,0.425083,0.425083,0,0,1,0,0.000000,0.080000,0.008000,0.001000,7.000000,0.160000,22.000000,0.025000,0.000000
7.895000,0.500000,0.640000,-2.862102,-0.000000,-2.862102,-0.271691,0.000000,0.271691,0.025578,-0.000842,0.030969,0.030969,0.005390,0.037868,0.038710,0.021735,0.020116,0.000043,0.037733,0.000135,0.851609,0.000328,0.851937,0.851937,0.851937,0.425969,0.425969,0,0,1,0,0.000000,0.080000,0.008000,0.001000,7.000000,0.160000,22.000000,0.025000,0.000000
7.900000,0.500000,0.640000,-2.863482,-0.000000,-2.863482,-0.271905,0.000000,0.271905,0.025578,-0.000842,0.030969,0.030969,0.005390,0.037868,0.038710,0.021752,0.020127,0.000043,0.037733,0.000135,0.851609,0.000000,0.851609,0.851609,0.851609,0.425805,0.425805,0,0,1,0,0.000000,0.080000,0.008000,0.001000,7.000000,0.160000,22.000000,0.025000,0.000000
7.909000,0.500000,0.640000,-2.866244,-0.000000,-2.866244,-0.272335,0.000000,0.272335,0.025570,-0.000847,0.030969,0.030969,0.005399,0.037929,0.038776,0.021787,0.020147,0.000048,0.037794,0.000135,0.853075,0.000185,0.853260,0.853260,0.853260,0.426630,0.426630,0,0,1,0,0.000000,0.080000,0.008000,0.001000,7.000000,0.160000,22.000000,0.025000,0.000000
7.914000,0.500000,0.640000,-2.867627,-0.000000,-2.867627,-0.272549,0.000000,0.272549,0.025561,-0.000856,0.030969,0.030969,0.005408,0.037992,0.038849,0.021804,0.020157,0.000043,0.037855,0.000137,0.854671,0.000363,0.855033,0.855033,0.855033,0.427517,0.427517,0,0,1,0,0.000000,0.080000,0.008000,0.001000,7.000000,0.160000,22.000000,0.025000,0.000000
7.919000,0.500000,0.640000,-2.869010,-0.000000,-2.869010,-0.272763,0.000000,0.272763,0.025561,-0.000856,0.030969,0.030969,0.005408,0.037992,0.038849,0.021821,0.020168,0.000043,0.037855,0.000137,0.854671,0.000000,0.854671,0.854671,0.854671,0.427335,0.427335,0,0,1,0,0.000000,0.080000,0.008000,0.001000,7.000000,0.160000,22.000000,0.025000,0.000000
7.924000,0.500000,0.640000,-2.870395,-0.000000,-2.870395,-0.272978,0.000000,0.272978,0.025552,-0.000862,0.030969,0.030969,0.005417,0.038056,0.038918,0.021838,0.020179,0.000043,0.037918,0.000138,0.856186,0.000344,0.856531,0.856531,0.856531,0.428265,0.428265,0,0,1,0,0.000000,0.080000,0.008000,0.001000,7.000000,0.160000,22.000000,0.025000,0.000000
7.929000,0.500000,0.640000,-2.871781,-0.000000,-2.871781,-0.273193,0.000000,0.273193,0.025552,-0.000862,0.030969,0.030969,0.005417,0.038056,0.038918,0.021855,0.020190,0.000043,0.037918,0.000138,0.856186,0.000000,0.856186,0.856186,0.856186,0.428093,0.428093,0,0,1,0,0.000000,0.080000,0.008000,0.001000,7.000000,0.160000,22.000000,0.025000,0.000000
7.934000,0.500000,0.640000,-2.873168,-0.000000,-2.873168,-0.273409,0.000000,0.273409,0.025543,-0.000863,0.030969,0.030969,0.005426,0.038118,0.038981,0.021873,0.020201,0.000043,0.037980,0.000138,0.857588,0.000319,0.857907,0.857907,0.857907,0.428954,0.428954,0,0,1,0,0.000000,0.080000,0.008000,0.001000,7.000000,0.160000,22.000000,0.025000,0.000000
7.939000,0.500000,0.640000,-2.874557,-0.000000,-2.874557,-0.273625,0.000000,0.273625,0.025543,-0.000863,0.030969,0.030969,0.005426,0.038118,0.038981,0.021890,0.020212,0.000043,0.037980,0.000138,0.857588,0.000000,0.857588,0.857588,0.857588,0.428794,0.428794,0,0,1,0,0.000000,0.080000,0.008000,0.001000,7.000000,0.160000,22.000000,0.025000,0.000000
7.944000,0.500000,0.640000,-2.875946,-0.000000,-2.875946,-0.273842,0.000000,0.273842,0.025534,-0.000862,0.030969,0.030969,0.005434,0.038178,0.039040,0.021907,0.020223,0.000043,0.038040,0.000138,0.858881,0.000294,0.859175,0.859175,0.859175,0.429587,0.429587,0,0,1,0,0.000000,0.080000,0.008000,0.001000,7.000000,0.160000,22.000000,0.025000,0.000000
7.949000,0.500000,0.640000,-2.877336,-0.000000,-2.877336,-0.274059,0.000000,0.274059,0.025534,-0.000862,0.030969,0.030969,0.005434,0.038178,0.039040,0.021925,0.020234,0.000043,0.038040,0.000138,0.858881,0.000000,0.858881,0.858881,0.858881,0.429441,0.429441,0,0,1,0,0.000000,0.080000,0.008000,0.001000,7.000000,0.160000,22.000000,0.025000,0.000000
7.954000,0.500000,0.640000,-2.878728,-0.000000,-2.878728,-0.274277,0.000000,0.274277,0.025526,-0.000858,0.030969,0.030969,0.005443,0.038237,0.039095,0.021942,0.020245,0.000044,0.038100,0.000137,0.860089,0.000275,0.860363,0.860363,0.860363,0.430182,0.430182,0,0,1,0,0.000000,0.080000,0.008000,0.001000,7.000000,0.160000,22.000000,0.025000,0.000000
7.963000,0.500000,0.640000,-2.881515,-0.000000,-2.881515,-0.274713,0.000000,0.274713,0.025518,-0.000853,0.030969,0.030969,0.005451,0.038295,0.039148,0.021977,0.020265,0.000048,0.038158,0.000136,0.861252,0.000147,0.861399,0.861399,0.861399,0.430699,0.430699,0,0,1,0,0.000000,0.080000,0.008000,0.001000,7.000000,0.160000,22.000000,0.025000,0.000000
7.968000,0.500000,0.640000,-2.882910,-0.000000,-2.882910,-0.274931,0.000000,0.274931,0.025518,-0.000853,0.030969,0.030969,0.005451,0.038295,0.039148,0.021994,0.020276,0.000044,0.038158,0.000136,0.861252,0.000000,0.861252,0.861252,0.861252,0.430626,0.430626,0,0,1,0,0.000000,0.080000,0.008000,0.001000,7.000000,0.160000,22.000000,0.025000,0.000000
7.973000,0.500000,0.640000,-2.884306,-0.000000,-2.884306,-0.275150,0.000000,0.275150,0.025509,-0.000848,0.030969,0.030969,0.005459,0.038352,0.039200,0.022012,0.020287,0.000044,0.038216,0.000136,0.862399,0.000261,0.862659,0.862659,0.862659,0.431330,0.431330,0,0,1,0,0.000000,0.080000,0.008000,0.001000,7.000000,0.160000,22.000000,0.025000,0.000000
7.978000,0.500000,0.640000,-2.885703,-0.000000,-2.885703,-0.275369,0.000000,0.275369,0.025509,-0.000848,0.030969,0.030969,0.005459,0.038352,0.039200,0.022029,0.020298,0.000044,0.038216,0.000136,0.862399,0.000000,0.862399,0.862399,0.862399,0.431199,0.431199,0,0,1,0,0.000000,0.080000,0.008000,0.001000,7.000000,0.160000,22.000000,0.025000,0.000000
7.983000,0.500000,0.640000,-2.887101,-0.000000,-2.887101,-0.275587,0.000000,0.275587,0.025501,-0.000844,0.030969,0.030969,0.005468,0.038410,0.039254,0.022047,0.020309,0.000044,0.038275,0.000135,0.863591,0.000271,0.863863,0.863863,0.863863,0.431931,0.431931,0,0,1,0,0.000000,0.080000,0.008000,0.001000,7.000000,0.160000,22.000000,0.025000,0.000000
7.988000,0.500000,0.640000,-2.888500,-0.000000,-2.888500,-0.275806,0.000000,0.275806,0.025501,-0.000844,0.030969,0.030969,0.005468,0.038410,0.039254,0.022064,0.020320,0.000044,0.038275,0.000135,0.863591,0.000000,0.863591,0.863591,0.863591,0.431796,0.431796,0,0,1,0,0.000000,0.080000,0.008000,0.001000,7.000000,0.160000,22.000000,0.025000,0.000000
7.993000,0.500000,0.640000,-2.889901,-0.000000,-2.889901,-0.276025,0.000000,0.276025,0.025493,-0.000844,0.030969,0.030969,0.005476,0.038468,0.039312,0.022082,0.020331,0.000044,0.038333,0.000135,0.864860,0.000288,0.865149,0.865149,0.865149,0.432574,0.432574,0,0,1,0,0.000000,0.080000,0.008000,0.001000,7.000000,0.160000,22.000000,0.025000,0.000000
7.998000,0.500000,0.640000,-2.891302,-0.000000,-2.891302,-0.276243,0.000000,0.276243,0.025493,-0.000844,0.030969,0.030969,0.005476,0.038468,0.039312,0.022099,0.020342,0.000044,0.038333,0.000135,0.864860,0.000000,0.864860,0.864860,0.864860,0.432430,0.432430,0,0,1,0,0.000000,0.080000,0.008000,0.001000,7.000000,0.160000,22.000000,0.025000,0.000000
8.003000,0.500000,0.640000,-2.892705,-0.000000,-2.892705,-0.276462,0.000000,0.276462,0.025484,-0.000845,0.030969,0.030969,0.005485,0.038528,0.039374,0.022117,0.020353,0.000044,0.038393,0.000135,0.866217,0.000308,0.866526,0.866526,0.866526,0.433263,0.433263,0,0,1,0,0.000000,0.080000,0.008000,0.001000,7.000000,0.160000,22.000000,0.025000,0.000000
8.008000,0.500000,0.640000,-2.894109,-0.000000,-2.894109,-0.276681,0.000000,0.276681,0.025484,-0.000845,0.030969,0.030969,0.005485,0.038528,0.039374,0.022134,0.020364,0.000044,0.038393,0.000135,0.866217,0.000000,0.866217,0.866217,0.866217,0.433109,0.433109,0,0,1,0,0.000000,0.080000,0.008000,0.001000,7.000000,0.160000,22.000000,0.025000,0.000000
8.013000,0.500000,0.640000,-2.895514,-0.000000,-2.895514,-0.276899,0.000000,0.276899,0.025475,-0.000850,0.030969,0.030969,0.005493,0.038589,0.039439,0.022152,0.020375,0.000044,0.038453,0.000136,0.867656,0.000327,0.867983,0.867983,0.867983,0.433991,0.433991,0,0,1,0,0.000000,0.080000,0.008000,0.001000,7.000000,0.160000,22.000000,0.025000,0.000000
8.018000,0.500000,0.640000,-2.896920,-0.000000,-2.896920,-0.277118,0.000000,0.277118,0.025475,-0.000850,0.030969,0.030969,0.005493,0.038589,0.039439,0.022169,0.020386,0.000044,0.038453,0.000136,0.867656,0.000000,0.867656,0.867656,0.867656,0.433828,0.433828,0,0,1,0,0.000000,0.080000,0.008000,0.001000,7.000000,0.160000,22.000000,0.025000,0.000000
8.027000,0.500000,0.640000,-2.899735,-0.000000,-2.899735,-0.277555,0.000000,0.277555,0.025467,-0.000855,0.030969,0.030969,0.005502,0.038652,0.039507,0.022204,0.020406,0.000049,0.038515,0.000137,0.869154,0.000189,0.869343,0.869343,0.869343,0.434672,0.434672,0,0,1,0,0.000000,0.080000,0.008000,0.001000,7.000000,0.160000,22.000000,0.025000,0.000000
8.032000,0.500000,0.640000,-2.901144,-0.000000,-2.901144,-0.277773,0.000000,0.277773,0.025458,-0.000867,0.030969,0.030969,0.005511,0.038716,0.039584,0.022222,0.020417,0.000044,0.038578,0.000139,0.870842,0.000384,0.871225,0.871225,0.871225,0.435613,0.435613,0,0,1,0,0.000000,0.080000,0.008000,0.001000,7.000000,0.160000,22.000000,0.025000,0.000000
8.037000,0.500000,0.640000,-2.902554,-0.000000,-2.902554,-0.277991,0.000000,0.277991,0.025458,-0.000867,0.030969,0.030969,0.005511,0.038716,0.039584,0.022239,0.020428,0.000044,0.038578,0.000139,0.870842,0.000000,0.870842,0.870842,0.870842,0.435421,0.435421,0,0,1,0,0.000000,0.080000,0.008000,0.001000,7.000000,0.160000,22.000000,0.025000,0.000000
8.042000,0.500000,0.640000,-2.903965,-0.000000,-2.903965,-0.278210,0.000000,0.278210,0.025448,-0.000876,0.030969,0.030969,0.005520,0.038782,0.039658,0.022257,0.020440,0.000044,0.038642,0.000140,0.872485,0.000373,0.872858,0.872858,0.872858,0.436429,0.436429,0,0,1,0,0.000000,0.080000,0.008000,0.001000,7.000000,0.160000,22.000000,0.025000,0.000000
8.047000,0.500000,0.640000,-2.905378,-0.000000,-2.905378,-0.278429,0.000000,0.278429,0.025448,-0.000876,0.030969,0.030969,0.005520,0.038782,0.039658,0.022274,0.020451,0.000044,0.038642,0.000140,0.872485,0.000000,0.872485,0.872485,0.872485,0.436242,0.436242,0,0,1,0,0.000000,0.080000,0.008000,0.001000,7.000000,0.160000,22.000000,0.025000,0.000000
8.052000,0.500000,0.640000,-2.906792,-0.000000,-2.906792,-0.278648,0.000000,0.278648,0.025439,-0.000882,0.030969,0.030969,0.005529,0.038847,0.039728,0.022292,0.020462,0.000044,0.038706,0.000141,0.874026,0.000350,0.874376,0.874376,0.874376,0.437188,0.437188,0,0,1,0,0.000000,0.080000,0.008000,0.001000,7.000000,0.160000,22.000000,0.025000,0.000000
8.057000,0.500000,0.640000,-2.908206,-0.000000,-2.908206,-0.278868,0.000000,0.278868,0.025439,-0.000882,0.030969,0.030969,0.005529,0.038847,0.039728,0.022309,0.020473,0.000044,0.038706,0.000141,0.874026,0.000000,0.874026,0.874026,0.874026,0.437013,0.437013,0,0,1,0,0.000000,0.080000,0.008000,0.001000,7.000000,0.160000,22.000000,0.025000,0.000000
8.062000,0.500000,0.640000,-2.909622,-0.000000,-2.909622,-0.279088,0.000000,0.279088,0.025430,-0.000883,0.030969,0.030969,0.005538,0.038910,0.039793,0.022327,0.020484,0.000044,0.038769,0.000141,0.875445,0.000323,0.875767,0.875767,0.875767,0.437884,0.437884,0,0,1,0,0.000000,0.080000,0.008000,0.001000,7.000000,0.160000,22.000000,0.025000,0.000000
8.071000,0.500000,0.640000,-2.912458,-0.000000,-2.912458,-0.279531,0.000000,0.279531,0.025422,-0.000881,0.030969,0.030969,0.005547,0.038972,0.039852,0.022362,0.020504,0.000049,0.038831,0.000141,0.876748,0.000165,0.876912,0.876912,0.876912,0.438456,0.438456,0,0,1,0,0.000000,0.080000,0.008000,0.001000,7.000000,0.160000,22.000000,0.025000,0.000000
8.076000,0.500000,0.640000,-2.913877,-0.000000,-2.913877,-0.279752,0.000000,0.279752,0.025422,-0.000881,0.030969,0.030969,0.005547,0.038972,0.039852,0.022380,0.020515,0.000044,0.038831,0.000141,0.876748,0.000000,0.876748,0.876748,0.876748,0.438374,0.438374,0,0,1,0,0.000000,0.080000,0.008000,0.001000,7.000000,0.160000,22.000000,0.025000,0.000000
8.081000,0.500000,0.640000,-2.915298,-0.000000,-2.915298,-0.279975,0.000000,0.279975,0.025413,-0.000876,0.030969,0.030969,0.005556,0.039031,0.039907,0.022398,0.020527,0.000044,0.038891,0.000140,0.877945,0.000272,0.878217,0.878217,0.878217,0.439108,0.439108,0,0,1,0,0.000000,0.080000,0.008000,0.001000,7.000000,0.160000,22.000000,0.025000,0.000000
8.086000,0.500000,0.640000,-2.916719,-0.000000,-2.916719,-0.280197,0.000000,0.280197,0.025413,-0.000876,0.030969,0.030969,0.005556,0.039031,0.039907,0.022416,0.020538,0.000044,0.038891,0.000140,0.877945,0.000000,0.877945,0.877945,0.877945,0.438972,0.438972,0,0,1,0,0.000000,0.080000,0.008000,0.001000,7.000000,0.160000,22.000000,0.025000,0.000000
8.091000,0.500000,0.640000,-2.918142,-0.000000,-2.918142,-0.280420,0.000000,0.280420,0.025404,-0.000870,0.030969,0.030969,0.005564,0.039090,0.039959,0.022434,0.020549,0.000045,0.038951,0.000139,0.879105,0.000264,0.879369,0.879369,0.879369,0.439685,0.439685,0,0,1,0,0.000000,0.080000,0.008000,0.001000,7.000000,0.160000,22.000000,0.025000,0.000000
8.096000,0.500000,0.640000,-2.919566,-0.000000,-2.919566,-0.280643,0.000000,0.280643,0.025404,-0.000870,0.030969,0.030969,0.005564,0.039090,0.039959,0.022451,0.020560,0.000045,0.038951,0.000139,0.879105,0.000000,0.879105,0.879105,0.879105,0.439553,0.439553,0,0,1,0,0.000000,0.080000,0.008000,0.001000,7.000000,0.160000,22.000000,0.025000,0.000000
8.101000,0.500000,0.640000,-2.920991,-0.000000,-2.920991,-0.280866,0.000000,0.280866,0.025396,-0.000865,0.030969,0.030969,0.005573,0.039148,0.040013,0.022469,0.020572,0.000045,0.039010,0.000138,0.880280,0.000267,0.880547,0.880547,0.880547,0.440273,0.440273,0,0,1,0,0.000000,0.080000,0.008000,0.001000,7.000000,0.160000,22.000000,0.025000,0.000000
8.106000,0.500000,0.640000,-2.922417,-0.000000,-2.922417,-0.281090,0.000000,0.281090,0.025396,-0.000865,0.030969,0.030969,0.005573,0.039148,0.040013,0.022487,0.020583,0.000045,0.039010,0.000138,0.880280,0.000000,0.880280,0.880280,0.880280,0.440140,0.440140,0,0,1,0,0.000000,0.080000,0.008000,0.001000,7.000000,0.160000,22.000000,0.025000,0.000000
8.111000,0.500000,0.640000,-2.923845,-0.000000,-2.923845,-0.281313,0.000000,0.281313,0.025387,-0.000862,0.030969,0.030969,0.005581,0.039207,0.040069,0.022505,0.020594,0.000045,0.039069,0.000138,0.881510,0.000280,0.881790,0.881790,0.881790,0.440895,0.440895,0,0,1,0,0.000000,0.080000,0.008000,0.001000,7.000000,0.160000,22.000000,0.025000,0.000000
8.116000,0.500000,0.640000,-2.925273,-0.000000,-2.925273,-0.281536,0.000000,0.281536,0.025387,-0.000862,0.030969,0.030969,0.005581,0.039207,0.040069,0.022523,0.020605,0.000045,0.039069,0.000138,0.881510,0.000000,0.881510,0.881510,0.881510,0.440755,0.440755,0,0,1,0,0.000000,0.080000,0.008000,0.001000,7.000000,0.160000,22.000000,0.025000,0.000000
8.121000,0.500000,0.640000,-2.926703,-0.000000,-2.926703,-0.281759,0.000000,0.281759,0.025379,-0.000861,0.030969,0.030969,0.005590,0.039267,0.040128,0.022541,0.020617,0.000045,0.039129,0.000138,0.882825,0.000299,0.883123,0.883123,0.883123,0.441562,0.441562,0,0,1,0,0.000000,0.080000,0.008000,0.001000,7.000000,0.160000,22.000000,0.025000,0.000000
8.126000,0.500000,0.640000,-2.928133,-0.000000,-2.928133,-0.281983,0.000000,0.281983,0.025379,-0.000861,0.030969,0.030969,0.005590,0.039267,0.040128,0.022559,0.020628,0.000045,0.039129,0.000138,0.882825,0.000000,0.882825,0.882825,0.882825,0.441412,0.441412,0,0,1,0,0.000000,0.080000,0.008000,0.001000,7.000000,0.160000,22.000000,0.025000,0.000000
8.131000,0.500000,0.640000,-2.929565,-0.000000,-2.929565,-0.282206,0.000000,0.282206,0.025370,-0.000864,0.030969,0.030969,0.005599,0.039328,0.040192,0.022576,0.020639,0.000045,0.039190,0.000138,0.884231,0.000320,0.884550,0.884550,0.884550,0.442275,0.442275,0,0,1,0,0.000000,0.080000,0.008000,0.001000,7.000000,0.160000,22.000000,0.025000,0.000000
8.136000,0.500000,0.640000,-2.930998,-0.000000,-2.930998,-0.282429,0.000000,0.282429,0.025370,-0.000864,0.030969,0.030969,0.005599,0.039328,0.040192,0.022594,0.020650,0.000045,0.039190,0.000138,0.884231,0.000000,0.884231,0.884231,0.884231,0.442115,0.442115,0,0,1,0,0.000000,0.080000,0.008000,0.001000,7.000000,0.160000,22.000000,0.025000,0.000000
8.145000,0.500000,0.640000,-2.933867,-0.000000,-2.933867,-0.282875,0.000000,0.282875,0.025361,-0.000869,0.030969,0.030969,0.005607,0.039391,0.040260,0.022630,0.020671,0.000050,0.039252,0.000139,0.885717,0.000188,0.885905,0.885905,0.885905,0.442953,0.442953,0,0,1,0,0.000000,0.080000,0.008000,0.001000,7.000000,0.160000,22.000000,0.025000,0.000000
8.150000,0.500000,0.640000,-2.935303,-0.000000,-2.935303,-0.283097,0.000000,0.283097,0.025352,-0.000881,0.030969,0.030969,0.005617,0.039457,0.040337,0.022648,0.020682,0.000044,0.039316,0.000141,0.887418,0.000387,0.887805,0.887805,0.887805,0.443902,0.443902,0,0,1,0,0.000000,0.080000,0.008000,0.001000,7.000000,0.160000,22.000000,0.025000,0.000000
8.155000,0.500000,0.640000,-2.935303,-0.000000,-2.935303,-0.283097,0.000000,0.283097,0.025352,-0.000881,0.030969,0.030969,0.005617,0.039457,0.040337,0.022648,0.020693,0.000000,0.039316,0.000141,0.887418,0.000000,0.887418,0.887418,0.887418,0.443709,0.443709,0,0,1,0,0.000000,0.080000,0.008000,0.001000,7.000000,0.160000,22.000000,0.025000,0.000000
8.160000,0.500000,0.640000,-2.936741,-0.000000,-2.936741,-0.283320,0.000000,0.283320,0.025343,-0.000890,0.030969,0.030969,0.005626,0.039524,0.040414,0.022666,0.020705,0.000044,0.039381,0.000142,0.889101,0.000382,0.889483,0.889483,0.889483,0.444742,0.444742,0,0,1,0,0.000000,0.080000,0.008000,0.001000,7.000000,0.160000,22.000000,0.025000,0.000000
8.165000,0.500000,0.640000,-2.938179,-0.000000,-2.938179,-0.283542,0.000000,0.283542,0.025343,-0.000890,0.030969,0.030969,0.005626,0.039524,0.040414,0.022683,0.020716,0.000045,0.039381,0.000142,0.889101,0.000000,0.889101,0.889101,0.889101,0.444550,0.444550,0,0,1,0,0.000000,0.080000,0.008000,0.001000,7.000000,0.160000,22.000000,0.025000,0.000000
8.170000,0.500000,0.640000,-2.939619,-0.000000,-2.939619,-0.283765,0.000000,0.283765,0.025343,-0.000890,0.030969,0.030969,0.005626,0.039524,0.040414,0.022701,0.020727,0.000045,0.039381,0.000142,0.889101,0.000000,0.889101,0.889101,0.889101,0.444550,0.444550,0,0,1,0,0.000000,0.080000,0.008000,0.001000,7.000000,0.160000,22.000000,0.025000,0.000000
8.175000,0.500000,0.640000,-2.941059,-0.000000,-2.941059,-0.283989,0.000000,0.283989,0.025334,-0.000897,0.030969,0.030969,0.005635,0.039590,0.040486,0.022719,0.020739,0.000045,0.039446,0.000143,0.890702,0.000364,0.891066,0.891066,0.891066,0.445533,0.445533,0,0,1,0,0.000000,0.080000,0.008000,0.001000,7.000000,0.160000,22.000000,0.025000,0.000000
8.180000,0.500000,0.640000,-2.942501,-0.000000,-2.942501,-0.284213,0.000000,0.284213,0.025334,-0.000897,0.030969,0.030969,0.005635,0.039590,0.040486,0.022737,0.020750,0.000045,0.039446,0.000143,0.890702,0.000000,0.890702,0.890702,0.890702,0.445351,0.445351,0,0,1,0,0.000000,0.080000,0.008000,0.001000,7.000000,0.160000,22.000000,0.025000,0.000000
8.185000,0.500000,0.640000,-2.943944,-0.000000,-2.943944,-0.284436,0.000000,0.284436,0.025324,-0.000906,0.030969,0.030969,0.005645,0.039657,0.040562,0.022755,0.020762,0.000045,0.039512,0.000145,0.892365,0.000378,0.892743,0.892743,0.892743,0.446372,0.446372,0,0,1,0,0.000000,0.080000,0.008000,0.001000,7.000000,0.160000,22.000000,0.025000,0.000000
8.190000,0.500000,0.640000,-2.945388,-0.000000,-2.945388,-0.284660,0.000000,0.284660,0.025324,-0.000906,0.030969,0.030969,0.005645,0.039657,0.040562,0.022773,0.020773,0.000045,0.039512,0.000145,0.892365,0.000000,0.892365,0.892365,0.892365,0.446183,0.446183,0,0,1,0,0.000000,0.080000,0.008000,0.001000,7.000000,0.160000,22.000000,0.025000,0.000000
8.195000,0.500000,0.640000,-2.946834,-0.000000,-2.946834,-0.284885,0.000000,0.284885,0.025315,-0.000908,0.030969,0.030969,0.005654,0.039722,0.040630,0.022791,0.020784,0.000045,0.039577,0.000145,0.893855,0.000338,0.894193,0.894193,0.894193,0.447097,0.447097,0,0,1,0,0.000000,0.080000,0.008000,0.001000,7.000000,0.160000,22.000000,0.025000,0.000000
8.200000,0.500000,0.640000,-2.948280,-0.000000,-2.948280,-0.285110,0.000000,0.285110,0.025315,-0.000908,0.030969,0.030969,0.005654,0.039722,0.040630,0.022809,0.020796,0.000045,0.039577,0.000145,0.893855,0.000000,0.893855,0.893855,0.893855,0.446927,0.446927,0,0,1,0,0.000000,0.080000,0.008000,0.001000,7.000000,0.160000,22.000000,0.025000,0.000000
8.209000,0.500000,0.640000,-2.951177,-0.000000,-2.951177,-0.285563,0.000000,0.285563,0.025306,-0.000905,0.030969,0.030969,0.005663,0.039785,0.040690,0.022845,0.020816,0.000050,0.039640,0.000145,0.895179,0.000167,0.895346,0.895346,0.895346,0.447673,0.447673,0,0,1,0,0.000000,0.080000,0.008000,0.001000,7.000000,0.160000,22.000000,0.025000,0.000000
8.214000,0.500000,0.640000,-2.952627,-0.000000,-2.952627,-0.285789,0.000000,0.285789,0.025297,-0.000903,0.030969,0.030969,0.005672,0.039847,0.040751,0.022863,0.020828,0.000045,0.039703,0.000145,0.896518,0.000304,0.896822,0.896822,0.896822,0.448411,0.448411,0,0,1,0,0.000000,0.080000,0.008000,0.001000,7.000000,0.160000,22.000000,0.025000,0.000000
8.219000,0.500000,0.640000,-2.954078,-0.000000,-2.954078,-0.286016,0.000000,0.286016,0.025297,-0.000903,0.030969,0.030969,0.005672,0.039847,0.040751,0.022881,0.020839,0.000045,0.039703,0.000145,0.896518,0.000000,0.896518,0.896518,0.896518,0.448259,0.448259,0,0,1,0,0.000000,0.080000,0.008000,0.001000,7.000000,0.160000,22.000000,0.025000,0.000000
8.224000,0.500000,0.640000,-2.955530,-0.000000,-2.955530,-0.286243,0.000000,0.286243,0.025288,-0.000898,0.030969,0.030969,0.005681,0.039909,0.040807,0.022899,0.020851,0.000045,0.039765,0.000144,0.897751,0.000280,0.898032,0.898032,0.898032,0.449016,0.449016,0,0,1,0,0.000000,0.080000,0.008000,0.001000,7.000000,0.160000,22.000000,0.025000,0.000000
8.229000,0.500000,0.640000,-2.956984,-0.000000,-2.956984,-0.286471,0.000000,0.286471,0.025288,-0.000898,0.030969,0.030969,0.005681,0.039909,0.040807,0.022918,0.020862,0.000046,0.039765,0.000144,0.897751,0.000000,0.897751,0.897751,0.897751,0.448876,0.448876,0,0,1,0,0.000000,0.080000,0.008000,0.001000,7.000000,0.160000,22.000000,0.025000,0.000000
8.234000,0.500000,0.640000,-2.958438,-0.000000,-2.958438,-0.286699,0.000000,0.286699,0.025279,-0.000892,0.030969,0.030969,0.005689,0.039969,0.040860,0.022936,0.020874,0.000046,0.039826,0.000143,0.898921,0.000266,0.899187,0.899187,0.899187,0.449593,0.449593,0,0,1,0,0.000000,0.080000,0.008000,0.001000,7.000000,0.160000,22.000000,0.025000,0.000000
8.239000,0.500000,0.640000,-2.959894,-0.000000,-2.959894,-0.286927,0.000000,0.286927,0.025279,-0.000892,0.030969,0.030969,0.005689,0.039969,0.040860,0.022954,0.020885,0.000046,0.039826,0.000143,0.898921,0.000000,0.898921,0.898921,0.898921,0.449460,0.449460,0,0,1,0,0.000000,0.080000,0.008000,0.001000,7.000000,0.160000,22.000000,0.025000,0.000000
8.248000,0.500000,0.640000,-2.962809,-0.000000,-2.962809,-0.287384,0.000000,0.287384,0.025271,-0.000885,0.030969,0.030969,0.005698,0.040028,0.040913,0.022991,0.020906,0.000051,0.039886,0.000142,0.900084,0.000147,0.900231,0.900231,0.900231,0.450116,0.450116,0,0,1,0,0.000000,0.080000,0.008000,0.001000,7.000000,0.160000,22.000000,0.025000,0.000000
8.253000,0.500000,0.640000,-2.964269,-0.000000,-2.964269,-0.287612,0.000000,0.287612,0.025262,-0.000885,0.030969,0.030969,0.005707,0.040089,0.040974,0.023009,0.020917,0.000046,0.039947,0.000142,0.901420,0.000304,0.901724,0.901724,0.901724,0.450862,0.450862,0,0,1,0,0.000000,0.080000,0.008000,0.001000,7.000000,0.160000,22.000000,0.025000,0.000000
8.258000,0.500000,0.640000,-2.965729,-0.000000,-2.965729,-0.287840,0.000000,0.287840,0.025262,-0.000885,0.030969,0.030969,0.005707,0.040089,0.040974,0.023027,0.020929,0.000046,0.039947,0.000142,0.901420,0.000000,0.901420,0.901420,0.901420,0.450710,0.450710,0,0,1,0,0.000000,0.080000,0.008000,0.001000,7.000000,0.160000,22.000000,0.025000,0.000000
8.263000,0.500000,0.640000,-2.967191,-0.000000,-2.967191,-0.288068,0.000000,0.288068,0.025253,-0.000886,0.030969,0.030969,0.005716,0.040151,0.041037,0.023045,0.020940,0.000046,0.040009,0.000142,0.902810,0.000316,0.903126,0.903126,0.903126,0.451563,0.451563,0,0,1,0,0.000000,0.080000,0.008000,0.001000,7.000000,0.160000,22.000000,0.025000,0.000000
8.268000,0.500000,0.640000,-2.968653,-0.000000,-2.968653,-0.288296,0.000000,0.288296,0.025253,-0.000886,0.030969,0.030969,0.005716,0.040151,0.041037,0.023064,0.020952,0.000046,0.040009,0.000142,0.902810,0.000000,0.902810,0.902810,0.902810,0.451405,0.451405,0,0,1,0,0.000000,0.080000,0.008000,0.001000,7.000000,0.160000,22.000000,0.025000,0.000000
8.273000,0.500000,0.640000,-2.970117,-0.000000,-2.970117,-0.288524,0.000000,0.288524,0.025244,-0.000888,0.030969,0.030969,0.005725,0.040214,0.041102,0.023082,0.020963,0.000046,0.040072,0.000142,0.904250,0.000327,0.904577,0.904577,0.904577,0.452289,0.452289,0,0,1,0,0.000000,0.080000,0.008000,0.001000,7.000000,0.160000,22.000000,0.025000,0.000000
8.278000,0.500000,0.640000,-2.971582,-0.000000,-2.971582,-0.288752,0.000000,0.288752,0.025244,-0.000888,0.030969,0.030969,0.005725,0.040214,0.041102,0.023100,0.020975,0.000046,0.040072,0.000142,0.904250,0.000000,0.904250,0.904250,0.904250,0.452125,0.452125,0,0,1,0,0.000000,0.080000,0.008000,0.001000,7.000000,0.160000,22.000000,0.025000,0.000000
8.283000,0.500000,0.640000,-2.973048,-0.000000,-2.973048,-0.288981,0.000000,0.288981,0.025235,-0.000892,0.030969,0.030969,0.005734,0.040278,0.041170,0.023118,0.020986,0.000046,0.040136,0.000143,0.905733,0.000337,0.906070,0.906070,0.906070,0.453035,0.453035,0,0,1,0,0.000000,0.080000,0.008000,0.001000,7.000000,0.160000,22.000000,0.025000,0.000000
8.288000,0.500000,0.640000,-2.974515,-0.000000,-2.974515,-0.289209,0.000000,0.289209,0.025235,-0.000892,0.030969,0.030969,0.005734,0.040278,0.041170,0.023137,0.020998,0.000046,0.040136,0.000143,0.905733,0.000000,0.905733,0.905733,0.905733,0.452867,0.452867,0,0,1,0,0.000000,0.080000,0.008000,0.001000,7.000000,0.160000,22.000000,0.025000,0.000000
8.293000,0.500000,0.640000,-2.975984,-0.000000,-2.975984,-0.289438,0.000000,0.289438,0.025226,-0.000896,0.030969,0.030969,0.005743,0.040343,0.041238,0.023155,0.021010,0.000046,0.040199,0.000143,0.907245,0.000344,0.907589,0.907589,0.907589,0.453794,0.453794,0,0,1,0,0.000000,0.080000,0.008000,0.001000,7.000000,0.160000,22.000000,0.025000,0.000000
8.298000,0.500000,0.640000,-2.977454,-0.000000,-2.977454,-0.289666,0.000000,0.289666,0.025226,-0.000896,0.030969,0.030969,0.005743,0.040343,0.041238,0.023173,0.021021,0.000046,0.040199,0.000143,0.907245,0.000000,0.907245,0.907245,0.907245,0.453623,0.453623,0,0,1,0,0.000000,0.080000,0.008000,0.001000,7.000000,0.160000,22.000000,0.025000,0.000000
8.307000,0.500000,0.640000,-2.980396,-0.000000,-2.980396,-0.290124,0.000000,0.290124,0.025217,-0.000900,0.030969,0.030969,0.005752,0.040408,0.041308,0.023210,0.021042,0.000051,0.040264,0.000144,0.908768,0.000192,0.908960,0.908960,0.908960,0.454480,0.454480,0,0,1,0,0.000000,0.080000,0.008000,0.001000,7.000000,0.160000,22.000000,0.025000,0.000000
8.312000,0.500000,0.640000,-2.981869,-0.000000,-2.981869,-0.290353,0.000000,0.290353,0.025207,-0.000909,0.030969,0.030969,0.005761,0.040475,0.041384,0.023228,0.021054,0.000046,0.040329,0.000145,0.910446,0.000381,0.910828,0.910828,0.910828,0.455414,0.455414,0,0,1,0,0.000000,0.080000,0.008000,0.001000,7.000000,0.160000,22.000000,0.025000,0.000000
8.317000,0.500000,0.640000,-2.983343,-0.000000,-2.983343,-0.290581,0.000000,0.290581,0.025207,-0.000909,0.030969,0.030969,0.005761,0.040475,0.041384,0.023246,0.021065,0.000046,0.040329,0.000145,0.910446,0.000000,0.910446,0.910446,0.910446,0.455223,0.455223,0,0,1,0,0.000000,0.080000,0.008000,0.001000,7.000000,0.160000,22.000000,0.025000,0.000000
8.322000,0.500000,0.640000,-2.984819,-0.000000,-2.984819,-0.290810,0.000000,0.290810,0.025198,-0.000915,0.030969,0.030969,0.005771,0.040542,0.041457,0.023265,0.021077,0.000046,0.040395,0.000146,0.912062,0.000367,0.912429,0.912429,0.912429,0.456215,0.456215,0,0,1,0,0.000000,0.080000,0.008000,0.001000,7.000000,0.160000,22.000000,0.025000,0.000000
8.327000,0.500000,0.640000,-2.986295,-0.000000,-2.986295,-0.291040,0.000000,0.291040,0.025198,-0.000915,0.030969,0.030969,0.005771,0.040542,0.041457,0.023283,0.021089,0.000046,0.040395,0.000146,0.912062,0.000000,0.912062,0.912062,0.912062,0.456031,0.456031,0,0,1,0,0.000000,0.080000,0.008000,0.001000,7.000000,0.160000,22.000000,0.025000,0.000000
8.332000,0.500000,0.640000,-2.987773,-0.000000,-2.987773,-0.291270,0.000000,0.291270,0.025189,-0.000918,0.030969,0.030969,0.005780,0.040608,0.041526,0.023302,0.021100,0.000046,0.040461,0.000147,0.913578,0.000345,0.913922,0.913922,0.913922,0.456961,0.456961,0,0,1,0,0.000000,0.080000,0.008000,0.001000,7.000000,0.160000,22.000000,0.025000,0.000000
8.337000,0.500000,0.640000,-2.989252,-0.000000,-2.989252,-0.291500,0.000000,0.291500,0.025189,-0.000918,0.030969,0.030969,0.005780,0.040608,0.041526,0.023320,0.021112,0.000046,0.040461,0.000147,0.913578,0.000000,0.913578,0.913578,0.913578,0.456789,0.456789,0,0,1,0,0.000000,0.080000,0.008000,0.001000,7.000000,0.160000,22.000000,0.025000,0.000000
8.342000,0.500000,0.640000,-2.990732,-0.000000,-2.990732,-0.291731,0.000000,0.291731,0.025179,-0.000918,0.030969,0.030969,0.005789,0.040673,0.041591,0.023338,0.021124,0.000046,0.040526,0.000147,0.914991,0.000321,0.915313,0.915313,0.915313,0.457656,0.457656,0,0,1,0,0.000000,0.080000,0.008000,0.001000,7.000000,0.160000,22.000000,0.025000,0.000000
8.351000,0.500000,0.640000,-2.993696,-0.000000,-2.993696,-0.292194,0.000000,0.292194,0.025170,-0.000915,0.030969,0.030969,0.005799,0.040736,0.041651,0.023376,0.021145,0.000051,0.040590,0.000146,0.916320,0.000168,0.916488,0.916488,0.916488,0.458244,0.458244,0,0,1,0,0.000000,0.080000,0.008000,0.001000,7.000000,0.160000,22.000000,0.025000,0.000000
8.356000,0.500000,0.640000,-2.995180,-0.000000,-2.995180,-0.292426,0.000000,0.292426,0.025170,-0.000915,0.030969,0.030969,0.005799,0.040736,0.041651,0.023394,0.021156,0.000046,0.040590,0.000146,0.916320,0.000000,0.916320,0.916320,0.916320,0.458160,0.458160,0,0,1,0,0.000000,0.080000,0.008000,0.001000,7.000000,0.160000,22.000000,0.025000,0.000000
8.361000,0.500000,0.640000,-2.996664,-0.000000,-2.996664,-0.292659,0.000000,0.292659,0.025161,-0.000910,0.030969,0.030969,0.005808,0.040798,0.041708,0.023413,0.021168,0.000047,0.040653,0.000146,0.917579,0.000286,0.917865,0.917865,0.917865,0.458932,0.458932,0,0,1,0,0.000000,0.080000,0.008000,0.001000,7.000000,0.160000,22.000000,0.025000,0.000000
8.366000,0.500000,0.640000,-2.998150,-0.000000,-2.998150,-0.292891,0.000000,0.292891,0.025161,-0.000910,0.030969,0.030969,0.005808,0.040798,0.041708,0.023431,0.021180,0.000047,0.040653,0.000146,0.917579,0.000000,0.917579,0.917579,0.917579,0.458789,0.458789,0,0,1,0,0.000000,0.080000,0.008000,0.001000,7.000000,0.160000,22.000000,0.025000,0.000000
8.371000,0.500000,0.640000,-2.999638,-0.000000,-2.999638,-0.293124,0.000000,0.293124,0.025152,-0.000905,0.030969,0.030969,0.005816,0.040860,0.041765,0.023450,0.021191,0.000047,0.040715,0.000145,0.918833,0.000285,0.919118,0.919118,0.919118,0.459559,0.459559,0,0,1,0,0.000000,0.080000,0.008000,0.001000,7.000000,0.160000,22.000000,0.025000,0.000000
8.376000,0.500000,0.640000,-3.001126,-0.000000,-3.001126,-0.293357,0.000000,0.293357,0.025152,-0.000905,0.030969,0.030969,0.005816,0.040860,0.041765,0.023469,0.021203,0.000047,0.040715,0.000145,0.918833,0.000000,0.918833,0.918833,0.918833,0.459417,0.459417,0,0,1,0,0.000000,0.080000,0.008000,0.001000,7.000000,0.160000,22.000000,0.025000,0.000000
8.381000,0.500000,0.640000,-3.002616,-0.000000,-3.002616,-0.293590,0.000000,0.293590,0.025143,-0.000902,0.030969,0.030969,0.005825,0.040922,0.041824,0.023487,0.021215,0.000047,0.040777,0.000144,0.920124,0.000293,0.920418,0.920418,0.920418,0.460209,0.460209,0,0,1,0,0.000000,0.080000,0.008000,0.001000,7.000000,0.160000,22.000000,0.025000,0.000000
8.386000,0.500000,0.640000,-3.004107,-0.000000,-3.004107,-0.293823,0.000000,0.293823,0.025143,-0.000902,0.030969,0.030969,0.005825,0.040922,0.041824,0.023506,0.021227,0.000047,0.040777,0.000144,0.920124,0.000000,0.920124,0.920124,0.920124,0.460062,0.460062,0,0,1,0,0.000000,0.080000,0.008000,0.001000,7.000000,0.160000,22.000000,0.025000,0.000000
8.395000,0.500000,0.640000,-3.005599,-0.000000,-3.005599,-0.294057,0.000000,0.294057,0.025134,-0.000901,0.030969,0.030969,0.005834,0.040984,0.041886,0.023525,0.021248,0.000026,0.040840,0.000144,0.921481,0.000171,0.921652,0.921652,0.921652,0.460826,0.460826,0,0,1,0,0.000000,0.080000,0.008000,0.001000,7.000000,0.160000,22.000000,0.025000,0.000000
8.400000,0.500000,0.640000,-3.007092,-0.000000,-3.007092,-0.294290,0.000000,0.294290,0.025125,-0.000908,0.030969,0.030969,0.005843,0.041049,0.041957,0.023543,0.021260,0.000047,0.040904,0.000145,0.923063,0.000359,0.923422,0.923422,0.923422,0.461711,0.461711,0,0,1,0,0.000000,0.080000,0.008000,0.001000,7.000000,0.160000,22.000000,0.025000,0.000000
8.405000,0.500000,0.640000,-3.008586,-0.000000,-3.008586,-0.294522,0.000000,0.294522,0.025125,-0.000908,0.030969,0.030969,0.005843,0.041049,0.041957,0.023562,0.021271,0.000046,0.040904,0.000145,0.923063,0.000000,0.923063,0.923063,0.923063,0.461531,0.461531,0,0,1,0,0.000000,0.080000,0.008000,0.001000,7.000000,0.160000,22.000000,0.025000,0.000000
8.410000,0.500000,0.640000,-3.010081,-0.000000,-3.010081,-0.294754,0.000000,0.294754,0.025125,-0.000908,0.030969,0.030969,0.005843,0.041049,0.041957,0.023580,0.021283,0.000046,0.040904,0.000145,0.923063,0.000000,0.923063,0.923063,0.923063,0.461531,0.461531,0,0,1,0,0.000000,0.080000,0.008000,0.001000,7.000000,0.160000,22.000000,0.025000,0.000000
8.415000,0.500000,0.640000,-3.011578,-0.000000,-3.011578,-0.294987,0.000000,0.294987,0.025116,-0.000915,0.030969,0.030969,0.005853,0.041116,0.042031,0.023599,0.021295,0.000047,0.040970,0.000146,0.924684,0.000368,0.925052,0.925052,0.925052,0.462526,0.462526,0,0,1,0,0.000000,0.080000,0.008000,0.001000,7.000000,0.160000,22.000000,0.025000,0.000000
8.420000,0.500000,0.640000,-3.013076,-0.000000,-3.013076,-0.295219,0.000000,0.295219,0.025116,-0.000915,0.030969,0.030969,0.005853,0.041116,0.042031,0.023618,0.021307,0.000047,0.040970,0.000146,0.924684,0.000000,0.924684,0.924684,0.924684,0.462342,0.462342,0,0,1,0,0.000000,0.080000,0.008000,0.001000,7.000000,0.160000,22.000000,0.025000,0.000000
8.425000,0.500000,0.640000,-3.014575,-0.000000,-3.014575,-0.295453,0.000000,0.295453,0.025106,-0.000921,0.030969,0.030969,0.005862,0.041184,0.042105,0.023636,0.021319,0.000047,0.041036,0.000147,0.926301,0.000367,0.926668,0.926668,0.926668,0.463334,0.463334,0,0,1,0,0.000000,0.080000,0.008000,0.001000,7.000000,0.160000,22.000000,0.025000,0.000000
8.430000,0.500000,0.640000,-3.016075,-0.000000,-3.016075,-0.295686,0.000000,0.295686,0.025106,-0.000921,0.030969,0.030969,0.005862,0.041184,0.042105,0.023655,0.021330,0.000047,0.041036,0.000147,0.926301,0.000000,0.926301,0.926301,0.926301,0.463150,0.463150,0,0,1,0,0.000000,0.080000,0.008000,0.001000,7.000000,0.160000,22.000000,0.025000,0.000000
8.439000,0.500000,0.640000,-3.019079,-0.000000,-3.019079,-0.296153,0.000000,0.296153,0.025097,-0.000924,0.030969,0.030969,0.005872,0.041251,0.042175,0.023692,0.021352,0.000052,0.041103,0.000148,0.927849,0.000195,0.928044,0.928044,0.928044,0.464022,0.464022,0,0,1,0,0.000000,0.080000,0.008000,0.001000,7.000000,0.160000,22.000000,0.025000,0.000000
8.444000,0.500000,0.640000,-3.020582,-0.000000,-3.020582,-0.296387,0.000000,0.296387,0.025087,-0.000932,0.030969,0.030969,0.005881,0.041318,0.042251,0.023711,0.021364,0.000047,0.041169,0.000149,0.929518,0.000379,0.929898,0.929898,0.929898,0.464949,0.464949,0,0,1,0,0.000000,0.080000,0.008000,0.001000,7.000000,0.160000,22.000000,0.025000,0.000000
8.449000,0.500000,0.640000,-3.022087,-0.000000,-3.022087,-0.296620,0.000000,0.296620,0.025087,-0.000932,0.030969,0.030969,0.005881,0.041318,0.042251,0.023730,0.021376,0.000047,0.041169,0.000149,0.929518,0.000000,0.929518,0.929518,0.929518,0.464759,0.464759,0,0,1,0,0.000000,0.080000,0.008000,0.001000,7.000000,0.160000,22.000000,0.025000,0.000000
8.454000,0.500000,0.640000,-3.023593,-0.000000,-3.023593,-0.296855,0.000000,0.296855,0.025078,-0.000936,0.030969,0.030969,0.005891,0.041386,0.042323,0.023748,0.021387,0.000047,0.041237,0.000150,0.931102,0.000360,0.931462,0.931462,0.931462,0.465731,0.465731,0,0,1,0,0.000000,0.080000,0.008000,0.001000,7.000000,0.160000,22.000000,0.025000,0.000000
8.459000,0.500000,0.640000,-3.025100,-0.000000,-3.025100,-0.297089,0.000000,0.297089,0.025078,-0.000936,0.030969,0.030969,0.005891,0.041386,0.042323,0.023767,0.021399,0.000047,0.041237,0.000150,0.931102,0.000000,0.931102,0.931102,0.931102,0.465551,0.465551,0,0,1,0,0.000000,0.080000,0.008000,0.001000,7.000000,0.160000,22.000000,0.025000,0.000000
8.464000,0.500000,0.640000,-3.026609,-0.000000,-3.026609,-0.297324,0.000000,0.297324,0.025068,-0.000937,0.030969,0.030969,0.005900,0.041453,0.042390,0.023786,0.021411,0.000047,0.041303,0.000150,0.932578,0.000335,0.932914,0.932914,0.932914,0.466457,0.466457,0,0,1,0,0.000000,0.080000,0.008000,0.001000,7.000000,0.160000,22.000000,0.025000,0.000000
8.469000,0.500000,0.640000,-3.028118,-0.000000,-3.028118,-0.297560,0.000000,0.297560,0.025068,-0.000937,0.030969,0.030969,0.005900,0.041453,0.042390,0.023805,0.021423,0.000047,0.041303,0.000150,0.932578,0.000000,0.932578,0.932578,0.932578,0.466289,0.466289,0,0,1,0,0.000000,0.080000,0.008000,0.001000,7.000000,0.160000,22.000000,0.025000,0.000000
8.478000,0.500000,0.640000,-3.031142,-0.000000,-3.031142,-0.298032,0.000000,0.298032,0.025059,-0.000935,0.030969,0.030969,0.005910,0.041518,0.042453,0.023843,0.021445,0.000052,0.041368,0.000150,0.933958,0.000174,0.934133,0.934133,0.934133,0.467066,0.467066,0,0,1,0,0.000000,0.080000,0.008000,0.001000,7.000000,0.160000,22.000000,0.025000,0.000000
8.483000,0.500000,0.640000,-3.032655,-0.000000,-3.032655,-0.298268,0.000000,0.298268,0.025050,-0.000936,0.030969,0.030969,0.005919,0.041583,0.042519,0.023861,0.021456,0.000047,0.041434,0.000150,0.935421,0.000332,0.935753,0.935753,0.935753,0.467876,0.467876,0,0,1,0,0.000000,0.080000,0.008000,0.001000,7.000000,0.160000,22.000000,0.025000,0.000000
8.488000,0.500000,0.640000,-3.034169,-0.000000,-3.034169,-0.298504,0.000000,0.298504,0.025050,-0.000936,0.030969,0.030969,0.005919,0.041583,0.042519,0.023880,0.021468,0.000047,0.041434,0.000150,0.935421,0.000000,0.935421,0.935421,0.935421,0.467710,0.467710,0,0,1,0,0.000000,0.080000,0.008000,0.001000,7.000000,0.160000,22.000000,0.025000,0.000000
8.493000,0.500000,0.640000,-3.035685,-0.000000,-3.035685,-0.298741,0.000000,0.298741,0.025040,-0.000934,0.030969,0.030969,0.005928,0.041649,0.042583,0.023899,0.021480,0.000047,0.041499,0.000149,0.936820,0.000318,0.937138,0.937138,0.937138,0.468569,0.468569,0,0,1,0,0.000000,0.080000,0.008000,0.001000,7.000000,0.160000,22.000000,0.025000,0.000000
8.498000,0.500000,0.640000,-3.037202,-0.000000,-3.037202,-0.298978,0.000000,0.298978,0.025040,-0.000934,0.030969,0.030969,0.005928,0.041649,0.042583,0.023918,0.021492,0.000047,0.041499,0.000149,0.936820,0.000000,0.936820,0.936820,0.936820,0.468410,0.468410,0,0,1,0,0.000000,0.080000,0.008000,0.001000,7.000000,0.160000,22.000000,0.025000,0.000000
8.503000,0.500000,0.640000,-3.038720,-0.000000,-3.038720,-0.299216,0.000000,0.299216,0.025031,-0.000931,0.030969,0.030969,0.005938,0.041713,0.042644,0.023937,0.021504,0.000048,0.041564,0.000149,0.938172,0.000307,0.938480,0.938480,0.938480,0.469240,0.469240,0,0,1,0,0.000000,0.080000,0.008000,0.001000,7.000000,0.160000,22.000000,0.025000,0.000000
8.508000,0.500000,0.640000,-3.040239,-0.000000,-3.040239,-0.299453,0.000000,0.299453,0.025031,-0.000931,0.030969,0.030969,0.005938,0.041713,0.042644,0.023956,0.021516,0.000048,0.041564,0.000149,0.938172,0.000000,0.938172,0.938172,0.938172,0.469086,0.469086,0,0,1,0,0.000000,0.080000,0.008000,0.001000,7.000000,0.160000,22.000000,0.025000,0.000000
8.517000,0.500000,0.640000,-3.043282,-0.000000,-3.043282,-0.299929,0.000000,0.299929,0.025022,-0.000928,0.030969,0.030969,0.005947,0.041777,0.042705,0.023994,0.021538,0.000053,0.041628,0.000149,0.939510,0.000169,0.939679,0.939679,0.939679,0.469839,0.469839,0,0,1,0,0.000000,0.080000,0.008000,0.001000,7.000000,0.160000,22.000000,0.025000,0.000000
8.522000,0.500000,0.640000,-3.044805,-0.000000,-3.044805,-0.300167,0.000000,0.300167,0.025013,-0.000931,0.030969,0.030969,0.005956,0.041842,0.042773,0.024013,0.021550,0.000047,0.041693,0.000149,0.941007,0.000340,0.941348,0.941348,0.941348,0.470674,0.470674,0,0,1,0,0.000000,0.080000,0.008000,0.001000,7.000000,0.160000,22.000000,0.025000,0.000000
8.527000,0.500000,0.640000,-3.046329,-0.000000,-3.046329,-0.300404,0.000000,0.300404,0.025013,-0.000931,0.030969,0.030969,0.005956,0.041842,0.042773,0.024032,0.021562,0.000047,0.041693,0.000149,0.941007,0.000000,0.941007,0.941007,0.941007,0.470504,0.470504,0,0,1,0,0.000000,0.080000,0.008000,0.001000,7.000000,0.160000,22.000000,0.025000,0.000000
8.532000,0.500000,0.640000,-3.047854,-0.000000,-3.047854,-0.300642,0.000000,0.300642,0.025003,-0.000933,0.030969,0.030969,0.005966,0.041909,0.042841,0.024051,0.021574,0.000048,0.041759,0.000149,0.942511,0.000342,0.942853,0.942853,0.942853,0.471427,0.471427,0,0,1,0,0.000000,0.080000,0.008000,0.001000,7.000000,0.160000,22.000000,0.025000,0.000000
8.537000,0.500000,0.640000,-3.049381,-0.000000,-3.049381,-0.300880,0.000000,0.300880,0.025003,-0.000933,0.030969,0.030969,0.005966,0.041909,0.042841,0.024070,0.021586,0.000048,0.041759,0.000149,0.942511,0.000000,0.942511,0.942511,0.942511,0.471256,0.471256,0,0,1,0,0.000000,0.080000,0.008000,0.001000,7.000000,0.160000,22.000000,0.025000,0.000000
8.542000,0.500000,0.640000,-3.050908,-0.000000,-3.050908,-0.301118,0.000000,0.301118,0.024994,-0.000935,0.030969,0.030969,0.005975,0.041975,0.042910,0.024089,0.021598,0.000048,0.041825,0.000150,0.944011,0.000341,0.944352,0.944352,0.944352,0.472176,0.472176,0,0,1,0,0.000000,0.080000,0.008000,0.001000,7.000000,0.160000,22.000000,0.025000,0.000000
8.547000,0.500000,0.640000,-3.052437,-0.000000,-3.052437,-0.301356,0.000000,0.301356,0.024994,-0.000935,0.030969,0.030969,0.005975,0.041975,0.042910,0.024109,0.021610,0.000048,0.041825,0.000150,0.944011,0.000000,0.944011,0.944011,0.944011,0.472005,0.472005,0,0,1,0,0.000000,0.080000,0.008000,0.001000,7.000000,0.160000,22.000000,0.025000,0.000000
8.552000,0.500000,0.640000,-3.053968,-0.000000,-3.053968,-0.301595,0.000000,0.301595,0.024984,-0.000936,0.030969,0.030969,0.005985,0.042041,0.042978,0.024128,0.021622,0.000048,0.041892,0.000150,0.945506,0.000340,0.945846,0.945846,0.945846,0.472923,0.472923,0,0,1,0,0.000000,0.080000,0.008000,0.001000,7.000000,0.160000,22.000000,0.025000,0.000000
8.561000,0.500000,0.640000,-3.057032,-0.000000,-3.057032,-0.302073,0.000000,0.302073,0.024975,-0.000937,0.030969,0.030969,0.005994,0.042108,0.043045,0.024166,0.021644,0.000053,0.041958,0.000150,0.946998,0.000188,0.947186,0.947186,0.947186,0.473593,0.473593,0,0,1,0,0.000000,0.080000,0.008000,0.001000,7.000000,0.160000,22.000000,0.025000,0.000000
8.566000,0.500000,0.640000,-3.058565,-0.000000,-3.058565,-0.302312,0.000000,0.302312,0.024975,-0.000937,0.030969,0.030969,0.005994,0.042108,0.043045,0.024185,0.021656,0.000048,0.041958,0.000150,0.946998,0.000000,0.946998,0.946998,0.946998,0.473499,0.473499,0,0,1,0,0.000000,0.080000,0.008000,0.001000,7.000000,0.160000,22.000000,0.025000,0.000000
8.571000,0.500000,0.640000,-3.060100,-0.000000,-3.060100,-0.302552,0.000000,0.302552,0.024965,-0.000938,0.030969,0.030969,0.006003,0.042174,0.043112,0.024204,0.021668,0.000048,0.042024,0.000150,0.948469,0.000334,0.948803,0.948803,0.948803,0.474401,0.474401,0,0,1,0,0.000000,0.080000,0.008000,0.001000,7.000000,0.160000,22.000000,0.025000,0.000000
8.576000,0.500000,0.640000,-3.061637,-0.000000,-3.061637,-0.302791,0.000000,0.302791,0.024965,-0.000938,0.030969,0.030969,0.006003,0.042174,0.043112,0.024223,0.021680,0.000048,0.042024,0.000150,0.948469,0.000000,0.948469,0.948469,0.948469,0.474234,0.474234,0,0,1,0,0.000000,0.080000,0.008000,0.001000,7.000000,0.160000,22.000000,0.025000,0.000000
8.581000,0.500000,0.640000,-3.063174,-0.000000,-3.063174,-0.303032,0.000000,0.303032,0.024956,-0.000939,0.030969,0.030969,0.006013,0.042240,0.043179,0.024243,0.021692,0.000048,0.042090,0.000150,0.949948,0.000336,0.950284,0.950284,0.950284,0.475142,0.475142,0,0,1,0,0.000000,0.080000,0.008000,0.001000,7.000000,0.160000,22.000000,0.025000,0.000000
8.590000,0.500000,0.640000,-3.064713,-0.000000,-3.064713,-0.303271,0.000000,0.303271,0.024946,-0.000940,0.030969,0.030969,0.006022,0.042307,0.043247,0.024262,0.021714,0.000027,0.042156,0.000150,0.951438,0.000188,0.951626,0.951626,0.951626,0.475813,0.475813,0,0,1,0,0.000000,0.080000,0.008000,0.001000,7.000000,0.160000,22.000000,0.025000,0.000000
8.595000,0.500000,0.640000,-3.066253,-0.000000,-3.066253,-0.303512,0.000000,0.303512,0.024946,-0.000940,0.030969,0.030969,0.006022,0.042307,0.043247,0.024281,0.021726,0.000048,0.042156,0.000150,0.951438,0.000000,0.951438,0.951438,0.951438,0.475719,0.475719,0,0,1,0,0.000000,0.080000,0.008000,0.001000,7.000000,0.160000,22.000000,0.025000,0.000000
8.600000,0.500000,0.640000,-3.067794,-0.000000,-3.067794,-0.303752,0.000000,0.303752,0.024937,-0.000941,0.030969,0.030969,0.006032,0.042373,0.043315,0.024300,0.021738,0.000048,0.042223,0.000151,0.952923,0.000337,0.953260,0.953260,0.953260,0.476630,0.476630,0,0,1,0,0.000000,0.080000,0.008000,0.001000,7.000000,0.160000,22.000000,0.025000,0.000000
8.605000,0.500000,0.640000,-3.069336,-0.000000,-3.069336,-0.303993,0.000000,0.303993,0.024937,-0.000941,0.030969,0.030969,0.006032,0.042373,0.043315,0.024319,0.021751,0.000048,0.042223,0.000151,0.952923,0.000000,0.952923,0.952923,0.952923,0.476461,0.476461,0,0,1,0,0.000000,0.080000,0.008000,0.001000,7.000000,0.160000,22.000000,0.025000,0.000000
8.610000,0.500000,0.640000,-3.070880,-0.000000,-3.070880,-0.304234,0.000000,0.304234,0.024937,-0.000941,0.030969,0.030969,0.006032,0.042373,0.043315,0.024339,0.021763,0.000048,0.042223,0.000151,0.952923,0.000000,0.952923,0.952923,0.952923,0.476461,0.476461,0,0,1,0,0.000000,0.080000,0.008000,0.001000,7.000000,0.160000,22.000000,0.025000,0.000000
8.615000,0.500000,0.640000,-3.072424,-0.000000,-3.072424,-0.304475,0.000000,0.304475,0.024927,-0.000943,0.030969,0.030969,0.006041,0.042440,0.043383,0.024358,0.021775,0.000048,0.042289,0.000151,0.954428,0.000342,0.954770,0.954770,0.954770,0.477385,0.477385,0,0,1,0,0.000000,0.080000,0.008000,0.001000,7.000000,0.160000,22.000000,0.025000,0.000000
8.620000,0.500000,0.640000,-3.073970,-0.000000,-3.073970,-0.304716,0.000000,0.304716,0.024927,-0.000943,0.030969,0.030969,0.006041,0.042440,0.043383,0.024377,0.021787,0.000048,0.042289,0.000151,0.954428,0.000000,0.954428,0.954428,0.954428,0.477214,0.477214,0,0,1,0,0.000000,0.080000,0.008000,0.001000,7.000000,0.160000,22.000000,0.025000,0.000000
8.625000,0.500000,0.640000,-3.075518,-0.000000,-3.075518,-0.304957,0.000000,0.304957,0.024918,-0.000945,0.030969,0.030969,0.006051,0.042507,0.043452,0.024397,0.021799,0.000048,0.042356,0.000151,0.955951,0.000346,0.956297,0.956297,0.956297,0.478149,0.478149,0,0,1,0,0.000000,0.080000,0.008000,0.001000,7.000000,0.160000,22.000000,0.025000,0.000000
8.634000,0.500000,0.640000,-3.078616,-0.000000,-3.078616,-0.305440,0.000000,0.305440,0.024908,-0.000947,0.030969,0.030969,0.006060,0.042575,0.043522,0.024435,0.021821,0.000054,0.042423,0.000152,0.957490,0.000194,0.957684,0.957684,0.957684,0.478842,0.478842,0,0,1,0,0.000000,0.080000,0.008000,0.001000,7.000000,0.160000,22.000000,0.025000,0.000000
8.639000,0.500000,0.640000,-3.080167,-0.000000,-3.080167,-0.305682,0.000000,0.305682,0.024908,-0.000947,0.030969,0.030969,0.006060,0.042575,0.043522,0.024455,0.021834,0.000048,0.042423,0.000152,0.957490,0.000000,0.957490,0.957490,0.957490,0.478745,0.478745,0,0,1,0,0.000000,0.080000,0.008000,0.001000,7.000000,0.160000,22.000000,0.025000,0.000000
8.644000,0.500000,0.640000,-3.081719,-0.000000,-3.081719,-0.305924,0.000000,0.305924,0.024899,-0.000949,0.030969,0.030969,0.006070,0.042642,0.043592,0.024474,0.021846,0.000048,0.042491,0.000152,0.959017,0.000347,0.959364,0.959364,0.959364,0.479682,0.479682,0,0,1,0,0.000000,0.080000,0.008000,0.001000,7.000000,0.160000,22.000000,0.025000,0.000000
8.649000,0.500000,0.640000,-3.083272,-0.000000,-3.083272,-0.306166,0.000000,0.306166,0.024899,-0.000949,0.030969,0.030969,0.006070,0.042642,0.043592,0.024493,0.021858,0.000048,0.042491,0.000152,0.959017,0.000000,0.959017,0.959017,0.959017,0.479509,0.479509,0,0,1,0,0.000000,0.080000,0.008000,0.001000,7.000000,0.160000,22.000000,0.025000,0.000000
8.654000,0.500000,0.640000,-3.084827,-0.000000,-3.084827,-0.306408,0.000000,0.306408,0.024889,-0.000951,0.030969,0.030969,0.006080,0.042710,0.043662,0.024513,0.021870,0.000048,0.042558,0.000152,0.960554,0.000349,0.960903,0.960903,0.960903,0.480451,0.480451,0,0,1,0,0.000000,0.080000,0.008000,0.001000,7.000000,0.160000,22.000000,0.025000,0.000000
8.659000,0.500000,0.640000,-3.086382,-0.000000,-3.086382,-0.306651,0.000000,0.306651,0.024889,-0.000951,0.030969,0.030969,0.006080,0.042710,0.043662,0.024532,0.021883,0.000048,0.042558,0.000152,0.960554,0.000000,0.960554,0.960554,0.960554,0.480277,0.480277,0,0,1,0,0.000000,0.080000,0.008000,0.001000,7.000000,0.160000,22.000000,0.025000,0.000000
8.664000,0.500000,0.640000,-3.087940,-0.000000,-3.087940,-0.306893,0.000000,0.306893,0.024879,-0.000954,0.030969,0.030969,0.006089,0.042778,0.043732,0.024551,0.021895,0.000049,0.042625,0.000153,0.962095,0.000350,0.962445,0.962445,0.962445,0.481223,0.481223,0,0,1,0,0.000000,0.080000,0.008000,0.001000,7.000000,0.160000,22.000000,0.025000,0.000000
8.669000,0.500000,0.640000,-3.089498,-0.000000,-3.089498,-0.307136,0.000000,0.307136,0.024879,-0.000954,0.030969,0.030969,0.006089,0.042778,0.043732,0.024571,0.021907,0.000049,0.042625,0.000153,0.962095,0.000000,0.962095,0.962095,0.962095,0.481047,0.481047,0,0,1,0,0.000000,0.080000,0.008000,0.001000,7.000000,0.160000,22.000000,0.025000,0.000000
8.674000,0.500000,0.640000,-3.091057,-0.000000,-3.091057,-0.307379,0.000000,0.307379,0.024870,-0.000956,0.030969,0.030969,0.006099,0.042846,0.043802,0.024590,0.021919,0.000049,0.042693,0.000153,0.963637,0.000350,0.963987,0.963987,0.963987,0.481994,0.481994,0,0,1,0,0.000000,0.080000,0.008000,0.001000,7.000000,0.160000,22.000000,0.025000,0.000000
8.683000,0.500000,0.640000,-3.094180,-0.000000,-3.094180,-0.307866,0.000000,0.307866,0.024860,-0.000957,0.030969,0.030969,0.006109,0.042914,0.043872,0.024629,0.021942,0.000054,0.042761,0.000153,0.965176,0.000194,0.965371,0.965371,0.965371,0.482685,0.482685,0,0,1,0,0.000000,0.080000,0.008000,0.001000,7.000000,0.160000,22.000000,0.025000,0.000000
8.688000,0.500000,0.640000,-3.095743,-0.000000,-3.095743,-0.308110,0.000000,0.308110,0.024860,-0.000957,0.030969,0.030969,0.006109,0.042914,0.043872,0.024649,0.021954,0.000049,0.042761,0.000153,0.965176,0.000000,0.965176,0.965176,0.965176,0.482588,0.482588,0,0,1,0,0.000000,0.080000,0.008000,0.001000,7.000000,0.160000,22.000000,0.025000,0.000000
8.693000,0.500000,0.640000,-3.097308,-0.000000,-3.097308,-0.308354,0.000000,0.308354,0.024850,-0.000959,0.030969,0.030969,0.006118,0.042982,0.043941,0.024668,0.021966,0.000049,0.042829,0.000153,0.966691,0.000344,0.967035,0.967035,0.967035,0.483518,0.483518,0,0,1,0,0.000000,0.080000,0.008000,0.001000,7.000000,0.160000,22.000000,0.025000,0.000000
8.698000,0.500000,0.640000,-3.098873,-0.000000,-3.098873,-0.308598,0.000000,0.308598,0.024850,-0.000959,0.030969,0.030969,0.006118,0.042982,0.043941,0.024688,0.021979,0.000049,0.042829,0.000153,0.966691,0.000000,0.966691,0.966691,0.966691,0.483346,0.483346,0,0,1,0,0.000000,0.080000,0.008000,0.001000,7.000000,0.160000,22.000000,0.025000,0.000000
8.703000,0.500000,0.640000,-3.100440,-0.000000,-3.100440,-0.308843,0.000000,0.308843,0.024841,-0.000960,0.030969,0.030969,0.006128,0.043050,0.044009,0.024707,0.021991,0.000049,0.042896,0.000154,0.968208,0.000345,0.968553,0.968553,0.968553,0.484277,0.484277,0,0,1,0,0.000000,0.080000,0.008000,0.001000,7.000000,0.160000,22.000000,0.025000,0.000000
8.708000,0.500000,0.640000,-3.102009,-0.000000,-3.102009,-0.309087,0.000000,0.309087,0.024841,-0.000960,0.030969,0.030969,0.006128,0.043050,0.044009,0.024727,0.022003,0.000049,0.042896,0.000154,0.968208,0.000000,0.968208,0.968208,0.968208,0.484104,0.484104,0,0,1,0,0.000000,0.080000,0.008000,0.001000,7.000000,0.160000,22.000000,0.025000,0.000000
8.713000,0.500000,0.640000,-3.103578,-0.000000,-3.103578,-0.309332,0.000000,0.309332,0.024831,-0.000961,0.030969,0.030969,0.006138,0.043118,0.044079,0.024747,0.022016,0.000049,0.042964,0.000154,0.969730,0.000346,0.970076,0.970076,0.970076,0.485038,0.485038,0,0,1,0,0.000000,0.080000,0.008000,0.001000,7.000000,0.160000,22.000000,0.025000,0.000000
8.718000,0.500000,0.640000,-3.105149,-0.000000,-3.105149,-0.309577,0.000000,0.309577,0.024831,-0.000961,0.030969,0.030969,0.006138,0.043118,0.044079,0.024766,0.022028,0.000049,0.042964,0.000154,0.969730,0.000000,0.969730,0.969730,0.969730,0.484865,0.484865,0,0,1,0,0.000000,0.080000,0.008000,0.001000,7.000000,0.160000,22.000000,0.025000,0.000000
8.723000,0.500000,0.640000,-3.106721,-0.000000,-3.106721,-0.309823,0.000000,0.309823,0.024821,-0.000962,0.030969,0.030969,0.006147,0.043186,0.044148,0.024786,0.022040,0.000049,0.043032,0.000154,0.971260,0.000348,0.971607,0.971607,0.971607,0.485804,0.485804,0,0,1,0,0.000000,0.080000,0.008000,0.001000,7.000000,0.160000,22.000000,0.025000,0.000000
8.728000,0.500000,0.640000,-3.108294,-0.000000,-3.108294,-0.310068,0.000000,0.310068,0.024821,-0.000962,0.030969,0.030969,0.006147,0.043186,0.044148,0.024805,0.022053,0.000049,0.043032,0.000154,0.971260,0.000000,0.971260,0.971260,0.971260,0.485630,0.485630,0,0,1,0,0.000000,0.080000,0.008000,0.001000,7.000000,0.160000,22.000000,0.025000,0.000000
8.733000,0.500000,0.640000,-3.109868,-0.000000,-3.109868,-0.310313,0.000000,0.310313,0.024812,-0.000964,0.030969,0.030969,0.006157,0.043254,0.044218,0.024825,0.022065,0.000049,0.043100,0.000154,0.972798,0.000350,0.973147,0.973147,0.973147,0.486574,0.486574,0,0,1,0,0.000000,0.080000,0.008000,0.001000,7.000000,0.160000,22.000000,0.025000,0.000000
8.742000,0.500000,0.640000,-3.113021,-0.000000,-3.113021,-0.310805,0.000000,0.310805,0.024802,-0.000965,0.030969,0.030969,0.006167,0.043323,0.044288,0.024864,0.022088,0.000055,0.043168,0.000154,0.974344,0.000195,0.974539,0.974539,0.974539,0.487269,0.487269,0,0,1,0,0.000000,0.080000,0.008000,0.001000,7.000000,0.160000,22.000000,0.025000,0.000000
8.747000,0.500000,0.640000,-3.114599,-0.000000,-3.114599,-0.311051,0.000000,0.311051,0.024802,-0.000965,0.030969,0.030969,0.006167,0.043323,0.044288,0.024884,0.022100,0.000049,0.043168,0.000154,0.974344,0.000000,0.974344,0.974344,0.974344,0.487172,0.487172,0,0,1,0,0.000000,0.080000,0.008000,0.001000,7.000000,0.160000,22.000000,0.025000,0.000000
8.752000,0.500000,0.640000,-3.116178,-0.000000,-3.116178,-0.311298,0.000000,0.311298,0.024792,-0.000967,0.030969,0.030969,0.006177,0.043391,0.044358,0.024904,0.022113,0.000049,0.043237,0.000155,0.975876,0.000348,0.976225,0.976225,0.976225,0.488112,0.488112,0,0,1,0,0.000000,0.080000,0.008000,0.001000,7.000000,0.160000,22.000000,0.025000,0.000000
8.757000,0.500000,0.640000,-3.117759,-0.000000,-3.117759,-0.311544,0.000000,0.311544,0.024792,-0.000967,0.030969,0.030969,0.006177,0.043391,0.044358,0.024924,0.022125,0.000049,0.043237,0.000155,0.975876,0.000000,0.975876,0.975876,0.975876,0.487938,0.487938,0,0,1,0,0.000000,0.080000,0.008000,0.001000,7.000000,0.160000,22.000000,0.025000,0.000000
8.762000,0.500000,0.640000,-3.119341,-0.000000,-3.119341,-0.311791,0.000000,0.311791,0.024782,-0.000968,0.030969,0.030969,0.006186,0.043460,0.044428,0.024943,0.022137,0.000049,0.043305,0.000155,0.977421,0.000351,0.977772,0.977772,0.977772,0.488886,0.488886,0,0,1,0,0.000000,0.080000,0.008000,0.001000,7.000000,0.160000,22.000000,0.025000,0.000000
8.767000,0.500000,0.640000,-3.120924,-0.000000,-3.120924,-0.312038,0.000000,0.312038,0.024782,-0.000968,0.030969,0.030969,0.006186,0.043460,0.044428,0.024963,0.022150,0.000049,0.043305,0.000155,0.977421,0.000000,0.977421,0.977421,0.977421,0.488711,0.488711,0,0,1,0,0.000000,0.080000,0.008000,0.001000,7.000000,0.160000,22.000000,0.025000,0.000000
8.772000,0.500000,0.640000,-3.122508,-0.000000,-3.122508,-0.312285,0.000000,0.312285,0.024772,-0.000970,0.030969,0.030969,0.006196,0.043529,0.044499,0.024983,0.022162,0.000049,0.043374,0.000155,0.978976,0.000353,0.979330,0.979330,0.979330,0.489665,0.489665,0,0,1,0,0.000000,0.080000,0.008000,0.001000,7.000000,0.160000,22.000000,0.025000,0.000000
8.777000,0.500000,0.640000,-3.124094,-0.000000,-3.124094,-0.312532,0.000000,0.312532,0.024772,-0.000970,0.030969,0.030969,0.006196,0.043529,0.044499,0.025003,0.022175,0.000049,0.043374,0.000155,0.978976,0.000000,0.978976,0.978976,0.978976,0.489488,0.489488,0,0,1,0,0.000000,0.080000,0.008000,0.001000,7.000000,0.160000,22.000000,0.025000,0.000000
8.782000,0.500000,0.640000,-3.125681,-0.000000,-3.125681,-0.312780,0.000000,0.312780,0.024763,-0.000972,0.030969,0.030969,0.006206,0.043598,0.044570,0.025022,0.022187,0.000050,0.043442,0.000156,0.980541,0.000355,0.980896,0.980896,0.980896,0.490448,0.490448,0,0,1,0,0.000000,0.080000,0.008000,0.001000,7.000000,0.160000,22.000000,0.025000,0.000000
8.791000,0.500000,0.640000,-3.128858,-0.000000,-3.128858,-0.313275,0.000000,0.313275,0.024753,-0.000974,0.030969,0.030969,0.006216,0.043667,0.044641,0.025062,0.022210,0.000055,0.043511,0.000156,0.982110,0.000198,0.982309,0.982309,0.982309,0.491154,0.491154,0,0,1,0,0.000000,0.080000,0.008000,0.001000,7.000000,0.160000,22.000000,0.025000,0.000000
8.796000,0.500000,0.640000,-3.130449,-0.000000,-3.130449,-0.313523,0.000000,0.313523,0.024753,-0.000974,0.030969,0.030969,0.006216,0.043667,0.044641,0.025082,0.022223,0.000050,0.043511,0.000156,0.982110,0.000000,0.982110,0.982110,0.982110,0.491055,0.491055,0,0,1,0,0.000000,0.080000,0.008000,0.001000,7.000000,0.160000,22.000000,0.025000,0.000000
8.801000,0.500000,0.640000,-3.132041,-0.000000,-3.132041,-0.313772,0.000000,0.313772,0.024743,-0.000976,0.030969,0.030969,0.006226,0.043736,0.044712,0.025102,0.022235,0.000050,0.043580,0.000156,0.983662,0.000353,0.984015,0.984015,0.984015,0.492007,0.492007,0,0,1,0,0.000000,0.080000,0.008000,0.001000,7.000000,0.160000,22.000000,0.025000,0.000000
8.806000,0.500000,0.640000,-3.133634,-0.000000,-3.133634,-0.314020,0.000000,0.314020,0.024743,-0.000976,0.030969,0.030969,0.006226,0.043736,0.044712,0.025122,0.022248,0.000050,0.043580,0.000156,0.983662,0.000000,0.983662,0.983662,0.983662,0.491831,0.491831,0,0,1,0,0.000000,0.080000,0.008000,0.001000,7.000000,0.160000,22.000000,0.025000,0.000000
8.811000,0.500000,0.640000,-3.135229,-0.000000,-3.135229,-0.314269,0.000000,0.314269,0.024733,-0.000977,0.030969,0.030969,0.006236,0.043806,0.044783,0.025142,0.022260,0.000050,0.043649,0.000156,0.985220,0.000354,0.985574,0.985574,0.985574,0.492787,0.492787,0,0,1,0,0.000000,0.080000,0.008000,0.001000,7.000000,0.160000,22.000000,0.025000,0.000000
8.816000,0.500000,0.640000,-3.136824,-0.000000,-3.136824,-0.314518,0.000000,0.314518,0.024733,-0.000977,0.030969,0.030969,0.006236,0.043806,0.044783,0.025161,0.022273,0.000050,0.043649,0.000156,0.985220,0.000000,0.985220,0.985220,0.985220,0.492610,0.492610,0,0,1,0,0.000000,0.080000,0.008000,0.001000,7.000000,0.160000,22.000000,0.025000,0.000000
8.821000,0.500000,0.640000,-3.138421,-0.000000,-3.138421,-0.314767,0.000000,0.314767,0.024723,-0.000979,0.030969,0.030969,0.006246,0.043875,0.044854,0.025181,0.022285,0.000050,0.043719,0.000157,0.986784,0.000355,0.987140,0.987140,0.987140,0.493570,0.493570,0,0,1,0,0.000000,0.080000,0.008000,0.001000,7.000000,0.160000,22.000000,0.025000,0.000000
8.826000,0.500000,0.640000,-3.140020,-0.000000,-3.140020,-0.315016,0.000000,0.315016,0.024723,-0.000979,0.030969,0.030969,0.006246,0.043875,0.044854,0.025201,0.022298,0.000050,0.043719,0.000157,0.986784,0.000000,0.986784,0.986784,0.986784,0.493392,0.493392,0,0,1,0,0.000000,0.080000,0.008000,0.001000,7.000000,0.160000,22.000000,0.025000,0.000000
8.831000,0.500000,0.640000,-3.141619,-0.000000,-3.141619,-0.315266,0.000000,0.315266,0.024713,-0.000980,0.030969,0.030969,0.006255,0.043945,0.044925,0.025221,0.022311,0.000050,0.043788,0.000157,0.988353,0.000357,0.988710,0.988710,0.988710,0.494355,0.494355,0,0,1,0,0.000000,0.080000,0.008000,0.001000,7.000000,0.160000,22.000000,0.025000,0.000000
8.836000,0.500000,0.640000,-3.143220,-0.000000,-3.143220,-0.315515,0.000000,0.315515,0.024713,-0.000980,0.030969,0.030969,0.006255,0.043945,0.044925,0.025241,0.022323,0.000050,0.043788,0.000157,0.988353,0.000000,0.988353,0.988353,0.988353,0.494177,0.494177,0,0,1,0,0.000000,0.080000,0.008000,0.001000,7.000000,0.160000,22.000000,0.025000,0.000000
8.841000,0.500000,0.640000,-3.144822,-0.000000,-3.144822,-0.315765,0.000000,0.315765,0.024703,-0.000982,0.030969,0.030969,0.006265,0.044014,0.044997,0.025261,0.022336,0.000050,0.043857,0.000157,0.989926,0.000358,0.990284,0.990284,0.990284,0.495142,0.495142,0,0,1,0,0.000000,0.080000,0.008000,0.001000,7.000000,0.160000,22.000000,0.025000,0.000000
8.846000,0.500000,0.640000,-3.144822,-0.000000,-3.144822,-0.315765,0.000000,0.315765,0.024703,-0.000982,0.030969,0.030969,0.006265,0.044014,0.044997,0.025261,0.022348,0.000000,0.043857,0.000157,0.989926,0.000000,0.989926,0.989926,0.989926,0.494963,0.494963,0,0,1,0,0.000000,0.080000,0.008000,0.001000,7.000000,0.160000,22.000000,0.025000,0.000000
8.855000,0.500000,0.640000,-3.148030,-0.000000,-3.148030,-0.316265,0.000000,0.316265,0.024693,-0.000984,0.030969,0.030969,0.006275,0.044084,0.045068,0.025301,0.022371,0.000056,0.043927,0.000157,0.991502,0.000199,0.991701,0.991701,0.991701,0.495851,0.495851,0,0,1,0,0.000000,0.080000,0.008000,0.001000,7.000000,0.160000,22.000000,0.025000,0.000000
8.860000,0.500000,0.640000,-3.149636,-0.000000,-3.149636,-0.316516,0.000000,0.316516,0.024693,-0.000984,0.030969,0.030969,0.006275,0.044084,0.045068,0.025321,0.022384,0.000050,0.043927,0.000157,0.991502,0.000000,0.991502,0.991502,0.991502,0.495751,0.495751,0,0,1,0,0.000000,0.080000,0.008000,0.001000,7.000000,0.160000,22.000000,0.025000,0.000000
8.865000,0.500000,0.640000,-3.151243,-0.000000,-3.151243,-0.316766,0.000000,0.316766,0.024683,-0.000992,0.030969,0.030969,0.006285,0.044156,0.045148,0.025341,0.022397,0.000050,0.043997,0.000159,0.993248,0.000397,0.993645,0.993645,0.993645,0.496822,0.496822,0,0,1,0,0.000000,0.080000,0.008000,0.001000,7.000000,0.160000,22.000000,0.025000,0.000000
8.870000,0.500000,0.640000,-3.152851,-0.000000,-3.152851,-0.317015,0.000000,0.317015,0.024683,-0.000992,0.030969,0.030969,0.006285,0.044156,0.045148,0.025361,0.022409,0.000050,0.043997,0.000159,0.993248,0.000000,0.993248,0.993248,0.993248,0.496624,0.496624,0,0,1,0,0.000000,0.080000,0.008000,0.001000,7.000000,0.160000,22.000000,0.025000,0.000000
8.875000,0.500000,0.640000,-3.154461,-0.000000,-3.154461,-0.317265,0.000000,0.317265,0.024673,-0.001003,0.030969,0.030969,0.006296,0.044230,0.045234,0.025381,0.022422,0.000050,0.044070,0.000161,0.995139,0.000430,0.995569,0.995569,0.995569,0.497784,0.497784,0,0,1,0,0.000000,0.080000,0.008000,0.001000,7.000000,0.160000,22.000000,0.025000,0.000000
8.880000,0.500000,0.640000,-3.156072,-0.000000,-3.156072,-0.317515,0.000000,0.317515,0.024673,-0.001003,0.030969,0.030969,0.006296,0.044230,0.045234,0.025401,0.022435,0.000050,0.044070,0.000161,0.995139,0.000000,0.995139,0.995139,0.995139,0.497569,0.497569,0,0,1,0,0.000000,0.080000,0.008000,0.001000,7.000000,0.160000,22.000000,0.025000,0.000000
8.885000,0.500000,0.640000,-3.157684,-0.000000,-3.157684,-0.317765,0.000000,0.317765,0.024663,-0.001009,0.030969,0.030969,0.006306,0.044304,0.045313,0.025421,0.022447,0.000050,0.044143,0.000161,0.996893,0.000399,0.997291,0.997291,0.997291,0.498646,0.498646,0,0,1,0,0.000000,0.080000,0.008000,0.001000,7.000000,0.160000,22.000000,0.025000,0.000000
8.890000,0.500000,0.640000,-3.159297,-0.000000,-3.159297,-0.318016,0.000000,0.318016,0.024663,-0.001009,0.030969,0.030969,0.006306,0.044304,0.045313,0.025441,0.022460,0.000050,0.044143,0.000161,0.996893,0.000000,0.996893,0.996893,0.996893,0.498446,0.498446,0,0,1,0,0.000000,0.080000,0.008000,0.001000,7.000000,0.160000,22.000000,0.025000,0.000000
8.899000,0.500000,0.640000,-3.162528,-0.000000,-3.162528,-0.318520,0.000000,0.318520,0.024652,-0.001010,0.030969,0.030969,0.006316,0.044376,0.045386,0.025482,0.022483,0.000056,0.044215,0.000162,0.998495,0.000202,0.998697,0.998697,0.998697,0.499349,0.499349,0,0,1,0,0.000000,0.080000,0.008000,0.001000,7.000000,0.160000,22.000000,0.025000,0.000000
8.904000,0.500000,0.640000,-3.164145,-0.000000,-3.164145,-0.318772,0.000000,0.318772,0.024642,-0.001013,0.030969,0.030969,0.006327,0.044448,0.045461,0.025502,0.022496,0.000050,0.044286,0.000162,1.000131,0.000372,1.000503,1.000503,1.000503,0.500252,0.500252,0,0,1,0,0.000000,0.080000,0.008000,0.001000,7.000000,0.160000,22.000000,0.025000,0.000000
8.909000,0.500000,0.640000,-3.165764,-0.000000,-3.165764,-0.319025,0.000000,0.319025,0.024642,-0.001013,0.030969,0.030969,0.006327,0.044448,0.045461,0.025522,0.022509,0.000050,0.044286,0.000162,1.000131,0.000000,1.000131,1.000131,1.000131,0.500066,0.500066,0,0,1,0,0.000000,0.080000,0.008000,0.001000,7.000000,0.160000,22.000000,0.025000,0.000000
8.914000,0.500000,0.640000,-3.167384,-0.000000,-3.167384,-0.319278,0.000000,0.319278,0.024632,-0.001010,0.030969,0.030969,0.006337,0.044518,0.045528,0.025542,0.022521,0.000051,0.044357,0.000162,1.001625,0.000340,1.001965,1.001965,1.001965,0.500982,0.500982,0,0,1,0,0.000000,0.080000,0.008000,0.001000,7.000000,0.160000,22.000000,0.025000,0.000000
8.919000,0.500000,0.640000,-3.169005,-0.000000,-3.169005,-0.319532,0.000000,0.319532,0.024632,-0.001010,0.030969,0.030969,0.006337,0.044518,0.045528,0.025563,0.022534,0.000051,0.044357,0.000162,1.001625,0.000000,1.001625,1.001625,1.001625,0.500813,0.500813,0,0,1,0,0.000000,0.080000,0.008000,0.001000,7.000000,0.160000,22.000000,0.025000,0.000000
8.924000,0.500000,0.640000,-3.170627,-0.000000,-3.170627,-0.319786,0.000000,0.319786,0.024622,-0.001004,0.030969,0.030969,0.006347,0.044587,0.045591,0.025583,0.022547,0.000051,0.044426,0.000161,1.003001,0.000313,1.003314,1.003314,1.003314,0.501657,0.501657,0,0,1,0,0.000000,0.080000,0.008000,0.001000,7.000000,0.160000,22.000000,0.025000,0.000000
8.929000,0.500000,0.640000,-3.172251,-0.000000,-3.172251,-0.320040,0.000000,0.320040,0.024622,-0.001004,0.030969,0.030969,0.006347,0.044587,0.045591,0.025603,0.022560,0.000051,0.044426,0.000161,1.003001,0.000000,1.003001,1.003001,1.003001,0.501501,0.501501,0,0,1,0,0.000000,0.080000,0.008000,0.001000,7.000000,0.160000,22.000000,0.025000,0.000000
8.934000,0.500000,0.640000,-3.173877,-0.000000,-3.173877,-0.320295,0.000000,0.320295,0.024612,-0.000997,0.030969,0.030969,0.006356,0.044654,0.045651,0.025624,0.022572,0.000051,0.044494,0.000159,1.004315,0.000299,1.004613,1.004613,1.004613,0.502307,0.502307,0,0,1,0,0.000000,0.080000,0.008000,0.001000,7.000000,0.160000,22.000000,0.025000,0.000000
8.939000,0.500000,0.640000,-3.175503,-0.000000,-3.175503,-0.320550,0.000000,0.320550,0.024612,-0.000997,0.030969,0.030969,0.006356,0.044654,0.045651,0.025644,0.022585,0.000051,0.044494,0.000159,1.004315,0.000000,1.004315,1.004315,1.004315,0.502157,0.502157,0,0,1,0,0.000000,0.080000,0.008000,0.001000,7.000000,0.160000,22.000000,0.025000,0.000000
8.948000,0.500000,0.640000,-3.178760,-0.000000,-3.178760,-0.321061,0.000000,0.321061,0.024603,-0.000990,0.030969,0.030969,0.006366,0.044720,0.045710,0.025685,0.022608,0.000057,0.044562,0.000158,1.005629,0.000166,1.005795,1.005795,1.005795,0.502897,0.502897,0,0,1,0,0.000000,0.080000,0.008000,0.001000,7.000000,0.160000,22.000000,0.025000,0.000000
8.953000,0.500000,0.640000,-3.180390,-0.000000,-3.180390,-0.321316,0.000000,0.321316,0.024593,-0.000990,0.030969,0.030969,0.006376,0.044789,0.045779,0.025705,0.022621,0.000051,0.044630,0.000158,1.007140,0.000344,1.007484,1.007484,1.007484,0.503742,0.503742,0,0,1,0,0.000000,0.080000,0.008000,0.001000,7.000000,0.160000,22.000000,0.025000,0.000000
8.958000,0.500000,0.640000,-3.182022,-0.000000,-3.182022,-0.321571,0.000000,0.321571,0.024593,-0.000990,0.030969,0.030969,0.006376,0.044789,0.045779,0.025726,0.022634,0.000051,0.044630,0.000158,1.007140,0.000000,1.007140,1.007140,1.007140,0.503570,0.503570,0,0,1,0,0.000000,0.080000,0.008000,0.001000,7.000000,0.160000,22.000000,0.025000,0.000000
8.963000,0.500000,0.640000,-3.183655,-0.000000,-3.183655,-0.321826,0.000000,0.321826,0.024583,-0.000992,0.030969,0.030969,0.006386,0.044859,0.045851,0.025746,0.022647,0.000051,0.044700,0.000159,1.008713,0.000357,1.009070,1.009070,1.009070,0.504535,0.504535,0,0,1,0,0.000000,0.080000,0.008000,0.001000,7.000000,0.160000,22.000000,0.025000,0.000000
8.968000,0.500000,0.640000,-3.185289,-0.000000,-3.185289,-0.322081,0.000000,0.322081,0.024583,-0.000992,0.030969,0.030969,0.006386,0.044859,0.045851,0.025766,0.022660,0.000051,0.044700,0.000159,1.008713,0.000000,1.008713,1.008713,1.008713,0.504356,0.504356,0,0,1,0,0.000000,0.080000,0.008000,0.001000,7.000000,0.160000,22.000000,0.025000,0.000000
8.973000,0.500000,0.640000,-3.186924,-0.000000,-3.186924,-0.322336,0.000000,0.322336,0.024573,-0.000995,0.030969,0.030969,0.006396,0.044930,0.045924,0.025787,0.022673,0.000051,0.044770,0.000159,1.010336,0.000369,1.010705,1.010705,1.010705,0.505353,0.505353,0,0,1,0,0.000000,0.080000,0.008000,0.001000,7.000000,0.160000,22.000000,0.025000,0.000000
8.978000,0.500000,0.640000,-3.188561,-0.000000,-3.188561,-0.322591,0.000000,0.322591,0.024573,-0.000995,0.030969,0.030969,0.006396,0.044930,0.045924,0.025807,0.022686,0.000051,0.044770,0.000159,1.010336,0.000000,1.010336,1.010336,1.010336,0.505168,0.505168,0,0,1,0,0.000000,0.080000,0.008000,0.001000,7.000000,0.160000,22.000000,0.025000,0.000000
8.983000,0.500000,0.640000,-3.190199,-0.000000,-3.190199,-0.322847,0.000000,0.322847,0.024563,-0.000999,0.030969,0.030969,0.006406,0.045001,0.046000,0.025828,0.022699,0.000051,0.044842,0.000160,1.012002,0.000379,1.012381,1.012381,1.012381,0.506190,0.506190,0,0,1,0,0.000000,0.080000,0.008000,0.001000,7.000000,0.160000,22.000000,0.025000,0.000000
8.988000,0.500000,0.640000,-3.191838,-0.000000,-3.191838,-0.323102,0.000000,0.323102,0.024563,-0.000999,0.030969,0.030969,0.006406,0.045001,0.046000,0.025848,0.022712,0.000051,0.044842,0.000160,1.012002,0.000000,1.012002,1.012002,1.012002,0.506001,0.506001,0,0,1,0,0.000000,0.080000,0.008000,0.001000,7.000000,0.160000,22.000000,0.025000,0.000000
8.997000,0.500000,0.640000,-3.195120,-0.000000,-3.195120,-0.323613,0.000000,0.323613,0.024553,-0.001003,0.030969,0.030969,0.006416,0.045074,0.046077,0.025889,0.022735,0.000057,0.044913,0.000161,1.013694,0.000214,1.013907,1.013907,1.013907,0.506954,0.506954,0,0,1,0,0.000000,0.080000,0.008000,0.001000,7.000000,0.160000,22.000000,0.025000,0.000000
9.002000,0.500000,0.640000,-3.196763,-0.000000,-3.196763,-0.323868,0.000000,0.323868,0.024542,-0.001014,0.030969,0.030969,0.006427,0.045148,0.046162,0.025909,0.022748,0.000051,0.044986,0.000162,1.015571,0.000427,1.015998,1.015998,1.015998,0.507999,0.507999,0,0,1,0,0.000000,0.080000,0.008000,0.001000,7.000000,0.160000,22.000000,0.025000,0.000000
9.007000,0.500000,0.640000,-3.198408,-0.000000,-3.198408,-0.324123,0.000000,0.324123,0.024542,-0.001014,0.030969,0.030969,0.006427,0.045148,0.046162,0.025930,0.022761,0.000051,0.044986,0.000162,1.015571,0.000000,1.015571,1.015571,1.015571,0.507786,0.507786,0,0,1,0,0.000000,0.080000,0.008000,0.001000,7.000000,0.160000,22.000000,0.025000,0.000000
9.012000,0.500000,0.640000,-3.200054,-0.000000,-3.200054,-0.324379,0.000000,0.324379,0.024532,-0.001021,0.030969,0.030969,0.006437,0.045224,0.046245,0.025950,0.022774,0.000051,0.045060,0.000163,1.017391,0.000414,1.017805,1.017805,1.017805,0.508902,0.508902,0,0,1,0,0.000000,0.080000,0.008000,0.001000,7.000000,0.160000,22.000000,0.025000,0.000000
9.017000,0.500000,0.640000,-3.201700,-0.000000,-3.201700,-0.324635,0.000000,0.324635,0.024532,-0.001021,0.030969,0.030969,0.006437,0.045224,0.046245,0.025971,0.022787,0.000051,0.045060,0.000163,1.017391,0.000000,1.017391,1.017391,1.017391,0.508695,0.508695,0,0,1,0,0.000000,0.080000,0.008000,0.001000,7.000000,0.160000,22.000000,0.025000,0.000000
9.022000,0.500000,0.640000,-3.203349,-0.000000,-3.203349,-0.324892,0.000000,0.324892,0.024521,-0.001025,0.030969,0.030969,0.006448,0.045298,0.046323,0.025991,0.022800,0.000051,0.045134,0.000164,1.019106,0.000390,1.019496,1.019496,1.019496,0.509748,0.509748,0,0,1,0,0.000000,0.080000,0.008000,0.001000,7.000000,0.160000,22.000000,0.025000,0.000000
9.027000,0.500000,0.640000,-3.204998,-0.000000,-3.204998,-0.325149,0.000000,0.325149,0.024521,-0.001025,0.030969,0.030969,0.006448,0.045298,0.046323,0.026012,0.022813,0.000051,0.045134,0.000164,1.019106,0.000000,1.019106,1.019106,1.019106,0.509553,0.509553,0,0,1,0,0.000000,0.080000,0.008000,0.001000,7.000000,0.160000,22.000000,0.025000,0.000000
9.032000,0.500000,0.640000,-3.206649,-0.000000,-3.206649,-0.325407,0.000000,0.325407,0.024511,-0.001025,0.030969,0.030969,0.006458,0.045370,0.046396,0.026033,0.022826,0.000052,0.045206,0.000164,1.020709,0.000364,1.021074,1.021074,1.021074,0.510537,0.510537,0,0,1,0,0.000000,0.080000,0.008000,0.001000,7.000000,0.160000,22.000000,0.025000,0.000000
9.041000,0.500000,0.640000,-3.209955,-0.000000,-3.209955,-0.325924,0.000000,0.325924,0.024500,-0.001023,0.030969,0.030969,0.006468,0.045442,0.046464,0.026074,0.022849,0.000057,0.045278,0.000164,1.022215,0.000190,1.022405,1.022405,1.022405,0.511202,0.511202,0,0,1,0,0.000000,0.080000,0.008000,0.001000,7.000000,0.160000,22.000000,0.025000,0.000000
9.046000,0.500000,0.640000,-3.211610,-0.000000,-3.211610,-0.326183,0.000000,0.326183,0.024500,-0.001023,0.030969,0.030969,0.006468,0.045442,0.046464,0.026095,0.022862,0.000052,0.045278,0.000164,1.022215,0.000000,1.022215,1.022215,1.022215,0.511107,0.511107,0,0,1,0,0.000000,0.080000,0.008000,0.001000,7.000000,0.160000,22.000000,0.025000,0.000000
9.051000,0.500000,0.640000,-3.213267,-0.000000,-3.213267,-0.326442,0.000000,0.326442,0.024490,-0.001018,0.030969,0.030969,0.006478,0.045511,0.046529,0.026115,0.022875,0.000052,0.045348,0.000163,1.023634,0.000323,1.023956,1.023956,1.023956,0.511978,0.511978,0,0,1,0,0.000000,0.080000,0.008000,0.001000,7.000000,0.160000,22.000000,0.025000,0.000000
9.056000,0.500000,0.640000,-3.214924,-0.000000,-3.214924,-0.326702,0.000000,0.326702,0.024490,-0.001018,0.030969,0.030969,0.006478,0.045511,0.046529,0.026136,0.022888,0.000052,0.045348,0.000163,1.023634,0.000000,1.023634,1.023634,1.023634,0.511817,0.511817,0,0,1,0,0.000000,0.080000,0.008000,0.001000,7.000000,0.160000,22.000000,0.025000,0.000000
9.061000,0.500000,0.640000,-3.216583,-0.000000,-3.216583,-0.326962,0.000000,0.326962,0.024480,-0.001013,0.030969,0.030969,0.006488,0.045580,0.046593,0.026157,0.022901,0.000052,0.045418,0.000162,1.025040,0.000319,1.025359,1.025359,1.025359,0.512680,0.512680,0,0,1,0,0.000000,0.080000,0.008000,0.001000,7.000000,0.160000,22.000000,0.025000,0.000000
9.066000,0.500000,0.640000,-3.218244,-0.000000,-3.218244,-0.327222,0.000000,0.327222,0.024480,-0.001013,0.030969,0.030969,0.006488,0.045580,0.046593,0.026178,0.022915,0.000052,0.045418,0.000162,1.025040,0.000000,1.025040,1.025040,1.025040,0.512520,0.512520,0,0,1,0,0.000000,0.080000,0.008000,0.001000,7.000000,0.160000,22.000000,0.025000,0.000000
9.071000,0.500000,0.640000,-3.219905,-0.000000,-3.219905,-0.327482,0.000000,0.327482,0.024470,-0.001009,0.030969,0.030969,0.006498,0.045649,0.046658,0.026199,0.022928,0.000052,0.045488,0.000161,1.026477,0.000327,1.026803,1.026803,1.026803,0.513402,0.513402,0,0,1,0,0.000000,0.080000,0.008000,0.001000,7.000000,0.160000,22.000000,0.025000,0.000000
9.076000,0.500000,0.640000,-3.221568,-0.000000,-3.221568,-0.327743,0.000000,0.327743,0.024470,-0.001009,0.030969,0.030969,0.006498,0.045649,0.046658,0.026219,0.022941,0.000052,0.045488,0.000161,1.026477,0.000000,1.026477,1.026477,1.026477,0.513238,0.513238,0,0,1,0,0.000000,0.080000,0.008000,0.001000,7.000000,0.160000,22.000000,0.025000,0.000000
9.081000,0.500000,0.640000,-3.223232,-0.000000,-3.223232,-0.328003,0.000000,0.328003,0.024460,-0.001008,0.030969,0.030969,0.006508,0.045719,0.046726,0.026240,0.022954,0.000052,0.045558,0.000161,1.027980,0.000342,1.028322,1.028322,1.028322,0.514161,0.514161,0,0,1,0,0.000000,0.080000,0.008000,0.001000,7.000000,0.160000,22.000000,0.025000,0.000000
9.086000,0.500000,0.640000,-3.224898,-0.000000,-3.224898,-0.328263,0.000000,0.328263,0.024460,-0.001008,0.030969,0.030969,0.006508,0.045719,0.046726,0.026261,0.022967,0.000052,0.045558,0.000161,1.027980,0.000000,1.027980,1.027980,1.027980,0.513990,0.513990,0,0,1,0,0.000000,0.080000,0.008000,0.001000,7.000000,0.160000,22.000000,0.025000,0.000000
9.091000,0.500000,0.640000,-3.226565,-0.000000,-3.226565,-0.328524,0.000000,0.328524,0.024450,-0.001009,0.030969,0.030969,0.006518,0.045790,0.046799,0.026282,0.022980,0.000052,0.045628,0.000161,1.029568,0.000361,1.029929,1.029929,1.029929,0.514964,0.514964,0,0,1,0,0.000000,0.080000,0.008000,0.001000,7.000000,0.160000,22.000000,0.025000,0.000000
9.096000,0.500000,0.640000,-3.226565,-0.000000,-3.226565,-0.328524,0.000000,0.328524,0.024450,-0.001009,0.030969,0.030969,0.006518,0.045790,0.046799,0.026282,0.022993,0.000000,0.045628,0.000161,1.029568,0.000000,1.029568,1.029568,1.029568,0.514784,0.514784,0,0,1,0,0.000000,0.080000,0.008000,0.001000,7.000000,0.160000,22.000000,0.025000,0.000000
9.105000,0.500000,0.640000,-3.229902,-0.000000,-3.229902,-0.329045,0.000000,0.329045,0.024440,-0.001012,0.030969,0.030969,0.006529,0.045862,0.046875,0.026324,0.023017,0.000058,0.045700,0.000162,1.031241,0.000211,1.031452,1.031452,1.031452,0.515726,0.515726,0,0,1,0,0.000000,0.080000,0.008000,0.001000,7.000000,0.160000,22.000000,0.025000,0.000000
9.110000,0.500000,0.640000,-3.231573,-0.000000,-3.231573,-0.329305,0.000000,0.329305,0.024440,-0.001012,0.030969,0.030969,0.006529,0.045862,0.046875,0.026344,0.023030,0.000052,0.045700,0.000162,1.031241,0.000000,1.031241,1.031241,1.031241,0.515620,0.515620,0,0,1,0,0.000000,0.080000,0.008000,0.001000,7.000000,0.160000,22.000000,0.025000,0.000000
9.115000,0.500000,0.640000,-3.233245,-0.000000,-3.233245,-0.329564,0.000000,0.329564,0.024430,-0.001024,0.030969,0.030969,0.006539,0.045938,0.046962,0.026365,0.023043,0.000052,0.045774,0.000164,1.033161,0.000436,1.033597,1.033597,1.033597,0.516799,0.516799,0,0,1,0,0.000000,0.080000,0.008000,0.001000,7.000000,0.160000,22.000000,0.025000,0.000000
9.120000,0.500000,0.640000,-3.234918,-0.000000,-3.234918,-0.329824,0.000000,0.329824,0.024430,-0.001024,0.030969,0.030969,0.006539,0.045938,0.046962,0.026386,0.023057,0.000052,0.045774,0.000164,1.033161,0.000000,1.033161,1.033161,1.033161,0.516580,0.516580,0,0,1,0,0.000000,0.080000,0.008000,0.001000,7.000000,0.160000,22.000000,0.025000,0.000000
9.125000,0.500000,0.640000,-3.236593,-0.000000,-3.236593,-0.330084,0.000000,0.330084,0.024419,-0.001034,0.030969,0.030969,0.006550,0.046015,0.047049,0.026407,0.023070,0.000052,0.045849,0.000165,1.035076,0.000435,1.035511,1.035511,1.035511,0.517755,0.517755,0,0,1,0,0.000000,0.080000,0.008000,0.001000,7.000000,0.160000,22.000000,0.025000,0.000000
9.130000,0.500000,0.640000,-3.238269,-0.000000,-3.238269,-0.330344,0.000000,0.330344,0.024419,-0.001034,0.030969,0.030969,0.006550,0.046015,0.047049,0.026428,0.023083,0.000052,0.045849,0.000165,1.035076,0.000000,1.035076,1.035076,1.035076,0.517538,0.517538,0,0,1,0,0.000000,0.080000,0.008000,0.001000,7.000000,0.160000,22.000000,0.025000,0.000000
9.139000,0.500000,0.640000,-3.241625,-0.000000,-3.241625,-0.330867,0.000000,0.330867,0.024408,-0.001040,0.030969,0.030969,0.006561,0.046091,0.047131,0.026469,0.023107,0.000058,0.045924,0.000166,1.036878,0.000228,1.037106,1.037106,1.037106,0.518553,0.518553,0,0,1,0,0.000000,0.080000,0.008000,0.001000,7.000000,0.160000,22.000000,0.025000,0.000000
9.144000,0.500000,0.640000,-3.243305,-0.000000,-3.243305,-0.331127,0.000000,0.331127,0.024397,-0.001050,0.030969,0.030969,0.006571,0.046168,0.047217,0.026490,0.023120,0.000052,0.046000,0.000168,1.038782,0.000433,1.039215,1.039215,1.039215,0.519608,0.519608,0,0,1,0,0.000000,0.080000,0.008000,0.001000,7.000000,0.160000,22.000000,0.025000,0.000000
9.149000,0.500000,0.640000,-3.244986,-0.000000,-3.244986,-0.331388,0.000000,0.331388,0.024397,-0.001050,0.030969,0.030969,0.006571,0.046168,0.047217,0.026511,0.023133,0.000052,0.046000,0.000168,1.038782,0.000000,1.038782,1.038782,1.038782,0.519391,0.519391,0,0,1,0,0.000000,0.080000,0.008000,0.001000,7.000000,0.160000,22.000000,0.025000,0.000000
9.154000,0.500000,0.640000,-3.246669,-0.000000,-3.246669,-0.331651,0.000000,0.331651,0.024387,-0.001053,0.030969,0.030969,0.006582,0.046244,0.047298,0.026532,0.023147,0.000052,0.046076,0.000169,1.040545,0.000401,1.040946,1.040946,1.040946,0.520473,0.520473,0,0,1,0,0.000000,0.080000,0.008000,0.001000,7.000000,0.160000,22.000000,0.025000,0.000000
9.159000,0.500000,0.640000,-3.248352,-0.000000,-3.248352,-0.331913,0.000000,0.331913,0.024387,-0.001053,0.030969,0.030969,0.006582,0.046244,0.047298,0.026553,0.023160,0.000052,0.046076,0.000169,1.040545,0.000000,1.040545,1.040545,1.040545,0.520273,0.520273,0,0,1,0,0.000000,0.080000,0.008000,0.001000,7.000000,0.160000,22.000000,0.025000,0.000000
9.164000,0.500000,0.640000,-3.250038,-0.000000,-3.250038,-0.332176,0.000000,0.332176,0.024376,-0.001052,0.030969,0.030969,0.006593,0.046318,0.047370,0.026574,0.023173,0.000053,0.046150,0.000168,1.042147,0.000364,1.042511,1.042511,1.042511,0.521256,0.521256,0,0,1,0,0.000000,0.080000,0.008000,0.001000,7.000000,0.160000,22.000000,0.025000,0.000000
9.169000,0.500000,0.640000,-3.251725,-0.000000,-3.251725,-0.332440,0.000000,0.332440,0.024376,-0.001052,0.030969,0.030969,0.006593,0.046318,0.047370,0.026595,0.023186,0.000053,0.046150,0.000168,1.042147,0.000000,1.042147,1.042147,1.042147,0.521074,0.521074,0,0,1,0,0.000000,0.080000,0.008000,0.001000,7.000000,0.160000,22.000000,0.025000,0.000000
9.174000,0.500000,0.640000,-3.253413,-0.000000,-3.253413,-0.332704,0.000000,0.332704,0.024366,-0.001047,0.030969,0.030969,0.006603,0.046390,0.047437,0.026616,0.023200,0.000053,0.046223,0.000168,1.043617,0.000334,1.043951,1.043951,1.043951,0.521976,0.521976,0,0,1,0,0.000000,0.080000,0.008000,0.001000,7.000000,0.160000,22.000000,0.025000,0.000000
9.179000,0.500000,0.640000,-3.255102,-0.000000,-3.255102,-0.332969,0.000000,0.332969,0.024366,-0.001047,0.030969,0.030969,0.006603,0.046390,0.047437,0.026638,0.023213,0.000053,0.046223,0.000168,1.043617,0.000000,1.043617,1.043617,1.043617,0.521809,0.521809,0,0,1,0,0.000000,0.080000,0.008000,0.001000,7.000000,0.160000,22.000000,0.025000,0.000000
9.184000,0.500000,0.640000,-3.256793,-0.000000,-3.256793,-0.333234,0.000000,0.333234,0.024355,-0.001040,0.030969,0.030969,0.006613,0.046460,0.047500,0.026659,0.023226,0.000053,0.046294,0.000166,1.045005,0.000316,1.045321,1.045321,1.045321,0.522661,0.522661,0,0,1,0,0.000000,0.080000,0.008000,0.001000,7.000000,0.160000,22.000000,0.025000,0.000000
9.189000,0.500000,0.640000,-3.258485,-0.000000,-3.258485,-0.333500,0.000000,0.333500,0.024355,-0.001040,0.030969,0.030969,0.006613,0.046460,0.047500,0.026680,0.023240,0.000053,0.046294,0.000166,1.045005,0.000000,1.045005,1.045005,1.045005,0.522503,0.522503,0,0,1,0,0.000000,0.080000,0.008000,0.001000,7.000000,0.160000,22.000000,0.025000,0.000000
9.198000,0.500000,0.640000,-3.261873,-0.000000,-3.261873,-0.334031,0.000000,0.334031,0.024345,-0.001033,0.030969,0.030969,0.006623,0.046530,0.047563,0.026723,0.023264,0.000059,0.046364,0.000165,1.046375,0.000173,1.046548,1.046548,1.046548,0.523274,0.523274,0,0,1,0,0.000000,0.080000,0.008000,0.001000,7.000000,0.160000,22.000000,0.025000,0.000000
9.203000,0.500000,0.640000,-3.263570,-0.000000,-3.263570,-0.334297,0.000000,0.334297,0.024335,-0.001033,0.030969,0.030969,0.006634,0.046601,0.047633,0.026744,0.023277,0.000053,0.046435,0.000165,1.047933,0.000354,1.048287,1.048287,1.048287,0.524143,0.524143,0,0,1,0,0.000000,0.080000,0.008000,0.001000,7.000000,0.160000,22.000000,0.025000,0.000000
9.208000,0.500000,0.640000,-3.265267,-0.000000,-3.265267,-0.334562,0.000000,0.334562,0.024335,-0.001033,0.030969,0.030969,0.006634,0.046601,0.047633,0.026765,0.023290,0.000053,0.046435,0.000165,1.047933,0.000000,1.047933,1.047933,1.047933,0.523966,0.523966,0,0,1,0,0.000000,0.080000,0.008000,0.001000,7.000000,0.160000,22.000000,0.025000,0.000000
9.213000,0.500000,0.640000,-3.266966,-0.000000,-3.266966,-0.334828,0.000000,0.334828,0.024325,-0.001033,0.030969,0.030969,0.006644,0.046673,0.047706,0.026786,0.023304,0.000053,0.046508,0.000165,1.049541,0.000365,1.049906,1.049906,1.049906,0.524953,0.524953,0,0,1,0,0.000000,0.080000,0.008000,0.001000,7.000000,0.160000,22.000000,0.025000,0.000000
9.218000,0.500000,0.640000,-3.268666,-0.000000,-3.268666,-0.335093,0.000000,0.335093,0.024325,-0.001033,0.030969,0.030969,0.006644,0.046673,0.047706,0.026807,0.023317,0.000053,0.046508,0.000165,1.049541,0.000000,1.049541,1.049541,1.049541,0.524770,0.524770,0,0,1,0,0.000000,0.080000,0.008000,0.001000,7.000000,0.160000,22.000000,0.025000,0.000000
9.223000,0.500000,0.640000,-3.270368,-0.000000,-3.270368,-0.335359,0.000000,0.335359,0.024314,-0.001035,0.030969,0.030969,0.006654,0.046747,0.047782,0.026829,0.023331,0.000053,0.046581,0.000166,1.051197,0.000376,1.051573,1.051573,1.051573,0.525786,0.525786,0,0,1,0,0.000000,0.080000,0.008000,0.001000,7.000000,0.160000,22.000000,0.025000,0.000000
9.228000,0.500000,0.640000,-3.272070,-0.000000,-3.272070,-0.335624,0.000000,0.335624,0.024314,-0.001035,0.030969,0.030969,0.006654,0.046747,0.047782,0.026850,0.023344,0.000053,0.046581,0.000166,1.051197,0.000000,1.051197,1.051197,1.051197,0.525598,0.525598,0,0,1,0,0.000000,0.080000,0.008000,0.001000,7.000000,0.160000,22.000000,0.025000,0.000000
9.233000,0.500000,0.640000,-3.273775,-0.000000,-3.273775,-0.335891,0.000000,0.335891,0.024304,-0.001038,0.030969,0.030969,0.006665,0.046821,0.047859,0.026871,0.023358,0.000053,0.046655,0.000166,1.052898,0.000387,1.053285,1.053285,1.053285,0.526643,0.526643,0,0,1,0,0.000000,0.080000,0.008000,0.001000,7.000000,0.160000,22.000000,0.025000,0.000000
9.238000,0.500000,0.640000,-3.275480,-0.000000,-3.275480,-0.336156,0.000000,0.336156,0.024304,-0.001038,0.030969,0.030969,0.006665,0.046821,0.047859,0.026893,0.023371,0.000053,0.046655,0.000166,1.052898,0.000000,1.052898,1.052898,1.052898,0.526449,0.526449,0,0,1,0,0.000000,0.080000,0.008000,0.001000,7.000000,0.160000,22.000000,0.025000,0.000000
9.243000,0.500000,0.640000,-3.277187,-0.000000,-3.277187,-0.336423,0.000000,0.336423,0.024293,-0.001042,0.030969,0.030969,0.006676,0.046896,0.047938,0.026914,0.023384,0.000053,0.046729,0.000167,1.054635,0.000395,1.055029,1.055029,1.055029,0.527515,0.527515,0,0,1,0,0.000000,0.080000,0.008000,0.001000,7.000000,0.160000,22.000000,0.025000,0.000000
9.252000,0.500000,0.640000,-3.280605,-0.000000,-3.280605,-0.336955,0.000000,0.336955,0.024283,-0.001047,0.030969,0.030969,0.006686,0.046971,0.048018,0.026956,0.023409,0.000059,0.046804,0.000167,1.056389,0.000221,1.056610,1.056610,1.056610,0.528305,0.528305,0,0,1,0,0.000000,0.080000,0.008000,0.001000,7.000000,0.160000,22.000000,0.025000,0.000000
9.257000,0.500000,0.640000,-3.282316,-0.000000,-3.282316,-0.337222,0.000000,0.337222,0.024283,-0.001047,0.030969,0.030969,0.006686,0.046971,0.048018,0.026978,0.023422,0.000053,0.046804,0.000167,1.056389,0.000000,1.056389,1.056389,1.056389,0.528194,0.528194,0,0,1,0,0.000000,0.080000,0.008000,0.001000,7.000000,0.160000,22.000000,0.025000,0.000000
9.262000,0.500000,0.640000,-3.284028,-0.000000,-3.284028,-0.337489,0.000000,0.337489,0.024272,-0.001050,0.030969,0.030969,0.006697,0.047046,0.048096,0.026999,0.023436,0.000053,0.046878,0.000168,1.058120,0.000394,1.058514,1.058514,1.058514,0.529257,0.529257,0,0,1,0,0.000000,0.080000,0.008000,0.001000,7.000000,0.160000,22.000000,0.025000,0.000000
9.267000,0.500000,0.640000,-3.285742,-0.000000,-3.285742,-0.337756,0.000000,0.337756,0.024272,-0.001050,0.030969,0.030969,0.006697,0.047046,0.048096,0.027020,0.023449,0.000053,0.046878,0.000168,1.058120,0.000000,1.058120,1.058120,1.058120,0.529060,0.529060,0,0,1,0,0.000000,0.080000,0.008000,0.001000,7.000000,0.160000,22.000000,0.025000,0.000000
9.272000,0.500000,0.640000,-3.287457,-0.000000,-3.287457,-0.338024,0.000000,0.338024,0.024261,-0.001053,0.030969,0.030969,0.006708,0.047122,0.048175,0.027042,0.023463,0.000054,0.046953,0.000168,1.059844,0.000392,1.060236,1.060236,1.060236,0.530118,0.530118,0,0,1,0,0.000000,0.080000,0.008000,0.001000,7.000000,0.160000,22.000000,0.025000,0.000000
9.277000,0.500000,0.640000,-3.289173,-0.000000,-3.289173,-0.338291,0.000000,0.338291,0.024261,-0.001053,0.030969,0.030969,0.006708,0.047122,0.048175,0.027063,0.023476,0.000054,0.046953,0.000168,1.059844,0.000000,1.059844,1.059844,1.059844,0.529922,0.529922,0,0,1,0,0.000000,0.080000,0.008000,0.001000,7.000000,0.160000,22.000000,0.025000,0.000000
9.282000,0.500000,0.640000,-3.290891,-0.000000,-3.290891,-0.338559,0.000000,0.338559,0.024250,-0.001055,0.030969,0.030969,0.006718,0.047197,0.048252,0.027085,0.023490,0.000054,0.047028,0.000169,1.061552,0.000388,1.061940,1.061940,1.061940,0.530970,0.530970,0,0,1,0,0.000000,0.080000,0.008000,0.001000,7.000000,0.160000,22.000000,0.025000,0.000000
9.287000,0.500000,0.640000,-3.292610,-0.000000,-3.292610,-0.338828,0.000000,0.338828,0.024250,-0.001055,0.030969,0.030969,0.006718,0.047197,0.048252,0.027106,0.023503,0.000054,0.047028,0.000169,1.061552,0.000000,1.061552,1.061552,1.061552,0.530776,0.530776,0,0,1,0,0.000000,0.080000,0.008000,0.001000,7.000000,0.160000,22.000000,0.025000,0.000000
9.292000,0.500000,0.640000,-3.294330,-0.000000,-3.294330,-0.339096,0.000000,0.339096,0.024240,-0.001057,0.030969,0.030969,0.006729,0.047272,0.048329,0.027128,0.023517,0.000054,0.047103,0.000169,1.063240,0.000384,1.063624,1.063624,1.063624,0.531812,0.531812,0,0,1,0,0.000000,0.080000,0.008000,0.001000,7.000000,0.160000,22.000000,0.025000,0.000000
9.297000,0.500000,0.640000,-3.296052,-0.000000,-3.296052,-0.339365,0.000000,0.339365,0.024240,-0.001057,0.030969,0.030969,0.006729,0.047272,0.048329,0.027149,0.023530,0.000054,0.047103,0.000169,1.063240,0.000000,1.063240,1.063240,1.063240,0.531620,0.531620,0,0,1,0,0.000000,0.080000,0.008000,0.001000,7.000000,0.160000,22.000000,0.025000,0.000000
9.302000,0.500000,0.640000,-3.297775,-0.000000,-3.297775,-0.339634,0.000000,0.339634,0.024229,-0.001058,0.030969,0.030969,0.006740,0.047347,0.048405,0.027171,0.023544,0.000054,0.047178,0.000169,1.064910,0.000380,1.065290,1.065290,1.065290,0.532645,0.532645,0,0,1,0,0.000000,0.080000,0.008000,0.001000,7.000000,0.160000,22.000000,0.025000,0.000000
9.307000,0.500000,0.640000,-3.299500,-0.000000,-3.299500,-0.339903,0.000000,0.339903,0.024229,-0.001058,0.030969,0.030969,0.006740,0.047347,0.048405,0.027192,0.023558,0.000054,0.047178,0.000169,1.064910,0.000000,1.064910,1.064910,1.064910,0.532455,0.532455,0,0,1,0,0.000000,0.080000,0.008000,0.001000,7.000000,0.160000,22.000000,0.025000,0.000000
9.316000,0.500000,0.640000,-3.302953,-0.000000,-3.302953,-0.340442,0.000000,0.340442,0.024218,-0.001059,0.030969,0.030969,0.006750,0.047422,0.048480,0.027235,0.023582,0.000060,0.047252,0.000169,1.066568,0.000209,1.066778,1.066778,1.066778,0.533389,0.533389,0,0,1,0,0.000000,0.080000,0.008000,0.001000,7.000000,0.160000,22.000000,0.025000,0.000000
9.321000,0.500000,0.640000,-3.304682,-0.000000,-3.304682,-0.340712,0.000000,0.340712,0.024208,-0.001066,0.030969,0.030969,0.006761,0.047498,0.048564,0.027257,0.023596,0.000054,0.047327,0.000171,1.068399,0.000416,1.068815,1.068815,1.068815,0.534408,0.534408,0,0,1,0,0.000000,0.080000,0.008000,0.001000,7.000000,0.160000,22.000000,0.025000,0.000000
9.326000,0.500000,0.640000,-3.306412,-0.000000,-3.306412,-0.340981,0.000000,0.340981,0.024208,-0.001066,0.030969,0.030969,0.006761,0.047498,0.048564,0.027278,0.023609,0.000054,0.047327,0.000171,1.068399,0.000000,1.068399,1.068399,1.068399,0.534200,0.534200,0,0,1,0,0.000000,0.080000,0.008000,0.001000,7.000000,0.160000,22.000000,0.025000,0.000000
9.331000,0.500000,0.640000,-3.308143,-0.000000,-3.308143,-0.341251,0.000000,0.341251,0.024197,-0.001070,0.030969,0.030969,0.006772,0.047575,0.048645,0.027300,0.023623,0.000054,0.047404,0.000171,1.070189,0.000407,1.070596,1.070596,1.070596,0.535298,0.535298,0,0,1,0,0.000000,0.080000,0.008000,0.001000,7.000000,0.160000,22.000000,0.025000,0.000000
9.336000,0.500000,0.640000,-3.309876,-0.000000,-3.309876,-0.341521,0.000000,0.341521,0.024197,-0.001070,0.030969,0.030969,0.006772,0.047575,0.048645,0.027322,0.023637,0.000054,0.047404,0.000171,1.070189,0.000000,1.070189,1.070189,1.070189,0.535095,0.535095,0,0,1,0,0.000000,0.080000,0.008000,0.001000,7.000000,0.160000,22.000000,0.025000,0.000000
9.341000,0.500000,0.640000,-3.311610,-0.000000,-3.311610,-0.341791,0.000000,0.341791,0.024186,-0.001072,0.030969,0.030969,0.006783,0.047652,0.048723,0.027343,0.023650,0.000054,0.047480,0.000171,1.071915,0.000392,1.072307,1.072307,1.072307,0.536153,0.536153,0,0,1,0,0.000000,0.080000,0.008000,0.001000,7.000000,0.160000,22.000000,0.025000,0.000000
9.346000,0.500000,0.640000,-3.313345,-0.000000,-3.313345,-0.342062,0.000000,0.342062,0.024186,-0.001072,0.030969,0.030969,0.006783,0.047652,0.048723,0.027365,0.023664,0.000054,0.047480,0.000171,1.071915,0.000000,1.071915,1.071915,1.071915,0.535957,0.535957,0,0,1,0,0.000000,0.080000,0.008000,0.001000,7.000000,0.160000,22.000000,0.025000,0.000000
9.351000,0.500000,0.640000,-3.315082,-0.000000,-3.315082,-0.342334,0.000000,0.342334,0.024175,-0.001072,0.030969,0.030969,0.006794,0.047727,0.048799,0.027387,0.023678,0.000054,0.047556,0.000171,1.073577,0.000378,1.073955,1.073955,1.073955,0.536978,0.536978,0,0,1,0,0.000000,0.080000,0.008000,0.001000,7.000000,0.160000,22.000000,0.025000,0.000000
9.356000,0.500000,0.640000,-3.316820,-0.000000,-3.316820,-0.342605,0.000000,0.342605,0.024175,-0.001072,0.030969,0.030969,0.006794,0.047727,0.048799,0.027408,0.023692,0.000054,0.047556,0.000171,1.073577,0.000000,1.073577,1.073577,1.073577,0.536789,0.536789,0,0,1,0,0.000000,0.080000,0.008000,0.001000,7.000000,0.160000,22.000000,0.025000,0.000000
9.361000,0.500000,0.640000,-3.316820,-0.000000,-3.316820,-0.342605,0.000000,0.342605,0.024164,-0.001070,0.030969,0.030969,0.006804,0.047802,0.048872,0.027408,0.023705,0.000000,0.047631,0.000171,1.075192,0.000367,1.075559,1.075559,1.075559,0.537779,0.537779,0,0,1,0,0.000000,0.080000,0.008000,0.001000,7.000000,0.160000,22.000000,0.025000,0.000000
9.370000,0.500000,0.640000,-3.320301,-0.000000,-3.320301,-0.343149,0.000000,0.343149,0.024154,-0.001068,0.030969,0.030969,0.006815,0.047876,0.048945,0.027452,0.023730,0.000060,0.047705,0.000171,1.076782,0.000201,1.076982,1.076982,1.076982,0.538491,0.538491,0,0,1,0,0.000000,0.080000,0.008000,0.001000,7.000000,0.160000,22.000000,0.025000,0.000000
9.375000,0.500000,0.640000,-3.322044,-0.000000,-3.322044,-0.343422,0.000000,0.343422,0.024154,-0.001068,0.030969,0.030969,0.006815,0.047876,0.048945,0.027474,0.023744,0.000055,0.047705,0.000171,1.076782,0.000000,1.076782,1.076782,1.076782,0.538391,0.538391,0,0,1,0,0.000000,0.080000,0.008000,0.001000,7.000000,0.160000,22.000000,0.025000,0.000000
9.380000,0.500000,0.640000,-3.323787,-0.000000,-3.323787,-0.343695,0.000000,0.343695,0.024154,-0.001068,0.030969,0.030969,0.006815,0.047876,0.048945,0.027496,0.023757,0.000055,0.047705,0.000171,1.076782,0.000000,1.076782,1.076782,1.076782,0.538391,0.538391,0,0,1,0,0.000000,0.080000,0.008000,0.001000,7.000000,0.160000,22.000000,0.025000,0.000000
9.385000,0.500000,0.640000,-3.325533,-0.000000,-3.325533,-0.343968,0.000000,0.343968,0.024143,-0.001066,0.030969,0.030969,0.006826,0.047950,0.049016,0.027517,0.023771,0.000055,0.047779,0.000171,1.078351,0.000357,1.078708,1.078708,1.078708,0.539354,0.539354,0,0,1,0,0.000000,0.080000,0.008000,0.001000,7.000000,0.160000,22.000000,0.025000,0.000000
9.390000,0.500000,0.640000,-3.327279,-0.000000,-3.327279,-0.344242,0.000000,0.344242,0.024143,-0.001066,0.030969,0.030969,0.006826,0.047950,0.049016,0.027539,0.023785,0.000055,0.047779,0.000171,1.078351,0.000000,1.078351,1.078351,1.078351,0.539176,0.539176,0,0,1,0,0.000000,0.080000,0.008000,0.001000,7.000000,0.160000,22.000000,0.025000,0.000000
9.395000,0.500000,0.640000,-3.329027,-0.000000,-3.329027,-0.344514,0.000000,0.344514,0.024132,-0.001071,0.030969,0.030969,0.006836,0.048026,0.049096,0.027561,0.023799,0.000055,0.047854,0.000171,1.080122,0.000402,1.080524,1.080524,1.080524,0.540262,0.540262,0,0,1,0,0.000000,0.080000,0.008000,0.001000,7.000000,0.160000,22.000000,0.025000,0.000000
9.400000,0.500000,0.640000,-3.330776,-0.000000,-3.330776,-0.344787,0.000000,0.344787,0.024132,-0.001071,0.030969,0.030969,0.006836,0.048026,0.049096,0.027583,0.023813,0.000054,0.047854,0.000171,1.080122,0.000000,1.080122,1.080122,1.080122,0.540061,0.540061,0,0,1,0,0.000000,0.080000,0.008000,0.001000,7.000000,0.160000,22.000000,0.025000,0.000000
9.409000,0.500000,0.640000,-3.334279,-0.000000,-3.334279,-0.345333,0.000000,0.345333,0.024121,-0.001075,0.030969,0.030969,0.006847,0.048103,0.049178,0.027627,0.023837,0.000061,0.047931,0.000172,1.081920,0.000227,1.082147,1.082147,1.082147,0.541073,0.541073,0,0,1,0,0.000000,0.080000,0.008000,0.001000,7.000000,0.160000,22.000000,0.025000,0.000000
9.414000,0.500000,0.640000,-3.336033,-0.000000,-3.336033,-0.345605,0.000000,0.345605,0.024110,-0.001085,0.030969,0.030969,0.006858,0.048182,0.049268,0.027648,0.023851,0.000054,0.048009,0.000174,1.083890,0.000448,1.084337,1.084337,1.084337,0.542169,0.542169,0,0,1,0,0.000000,0.080000,0.008000,0.001000,7.000000,0.160000,22.000000,0.025000,0.000000
9.419000,0.500000,0.640000,-3.337787,-0.000000,-3.337787,-0.345878,0.000000,0.345878,0.024110,-0.001085,0.030969,0.030969,0.006858,0.048182,0.049268,0.027670,0.023865,0.000055,0.048009,0.000174,1.083890,0.000000,1.083890,1.083890,1.083890,0.541945,0.541945,0,0,1,0,0.000000,0.080000,0.008000,0.001000,7.000000,0.160000,22.000000,0.025000,0.000000
9.424000,0.500000,0.640000,-3.339543,-0.000000,-3.339543,-0.346151,0.000000,0.346151,0.024099,-0.001091,0.030969,0.030969,0.006870,0.048262,0.049354,0.027692,0.023879,0.000055,0.048088,0.000175,1.085781,0.000430,1.086211,1.086211,1.086211,0.543106,0.543106,0,0,1,0,0.000000,0.080000,0.008000,0.001000,7.000000,0.160000,22.000000,0.025000,0.000000
9.429000,0.500000,0.640000,-3.341301,-0.000000,-3.341301,-0.346425,0.000000,0.346425,0.024099,-0.001091,0.030969,0.030969,0.006870,0.048262,0.049354,0.027714,0.023893,0.000055,0.048088,0.000175,1.085781,0.000000,1.085781,1.085781,1.085781,0.542891,0.542891,0,0,1,0,0.000000,0.080000,0.008000,0.001000,7.000000,0.160000,22.000000,0.025000,0.000000
9.434000,0.500000,0.640000,-3.343060,-0.000000,-3.343060,-0.346699,0.000000,0.346699,0.024088,-0.001094,0.030969,0.030969,0.006881,0.048341,0.049434,0.027736,0.023907,0.000055,0.048166,0.000175,1.087558,0.000404,1.087961,1.087961,1.087961,0.543981,0.543981,0,0,1,0,0.000000,0.080000,0.008000,0.001000,7.000000,0.160000,22.000000,0.025000,0.000000
9.439000,0.500000,0.640000,-3.344820,-0.000000,-3.344820,-0.346974,0.000000,0.346974,0.024088,-0.001094,0.030969,0.030969,0.006881,0.048341,0.049434,0.027758,0.023920,0.000055,0.048166,0.000175,1.087558,0.000000,1.087558,1.087558,1.087558,0.543779,0.543779,0,0,1,0,0.000000,0.080000,0.008000,0.001000,7.000000,0.160000,22.000000,0.025000,0.000000
9.444000,0.500000,0.640000,-3.346582,-0.000000,-3.346582,-0.347249,0.000000,0.347249,0.024077,-0.001093,0.030969,0.030969,0.006892,0.048417,0.049510,0.027780,0.023934,0.000055,0.048243,0.000175,1.089221,0.000378,1.089600,1.089600,1.089600,0.544800,0.544800,0,0,1,0,0.000000,0.080000,0.008000,0.001000,7.000000,0.160000,22.000000,0.025000,0.000000
9.449000,0.500000,0.640000,-3.348346,-0.000000,-3.348346,-0.347525,0.000000,0.347525,0.024077,-0.001093,0.030969,0.030969,0.006892,0.048417,0.049510,0.027802,0.023948,0.000055,0.048243,0.000175,1.089221,0.000000,1.089221,1.089221,1.089221,0.544611,0.544611,0,0,1,0,0.000000,0.080000,0.008000,0.001000,7.000000,0.160000,22.000000,0.025000,0.000000
9.454000,0.500000,0.640000,-3.350110,-0.000000,-3.350110,-0.347802,0.000000,0.347802,0.024066,-0.001089,0.030969,0.030969,0.006903,0.048493,0.049582,0.027824,0.023962,0.000055,0.048318,0.000174,1.090797,0.000358,1.091155,1.091155,1.091155,0.545578,0.545578,0,0,1,0,0.000000,0.080000,0.008000,0.001000,7.000000,0.160000,22.000000,0.025000,0.000000
9.459000,0.500000,0.640000,-3.351876,-0.000000,-3.351876,-0.348078,0.000000,0.348078,0.024066,-0.001089,0.030969,0.030969,0.006903,0.048493,0.049582,0.027846,0.023976,0.000055,0.048318,0.000174,1.090797,0.000000,1.090797,1.090797,1.090797,0.545399,0.545399,0,0,1,0,0.000000,0.080000,0.008000,0.001000,7.000000,0.160000,22.000000,0.025000,0.000000
9.468000,0.500000,0.640000,-3.355413,-0.000000,-3.355413,-0.348632,0.000000,0.348632,0.024055,-0.001084,0.030969,0.030969,0.006913,0.048567,0.049651,0.027891,0.024001,0.000062,0.048393,0.000173,1.092325,0.000193,1.092518,1.092518,1.092518,0.546259,0.546259,0,0,1,0,0.000000,0.080000,0.008000,0.001000,7.000000,0.160000,22.000000,0.025000,0.000000
9.473000,0.500000,0.640000,-3.357183,-0.000000,-3.357183,-0.348909,0.000000,0.348909,0.024045,-0.001086,0.030969,0.030969,0.006924,0.048642,0.049728,0.027913,0.024015,0.000055,0.048469,0.000174,1.094015,0.000384,1.094399,1.094399,1.094399,0.547200,0.547200,0,0,1,0,0.000000,0.080000,0.008000,0.001000,7.000000,0.160000,22.000000,0.025000,0.000000
9.478000,0.500000,0.640000,-3.358955,-0.000000,-3.358955,-0.349186,0.000000,0.349186,0.024045,-0.001086,0.030969,0.030969,0.006924,0.048642,0.049728,0.027935,0.024029,0.000055,0.048469,0.000174,1.094015,0.000000,1.094015,1.094015,1.094015,0.547008,0.547008,0,0,1,0,0.000000,0.080000,0.008000,0.001000,7.000000,0.160000,22.000000,0.025000,0.000000
9.483000,0.500000,0.640000,-3.360728,-0.000000,-3.360728,-0.349463,0.000000,0.349463,0.024034,-0.001086,0.030969,0.030969,0.006935,0.048719,0.049805,0.027957,0.024043,0.000055,0.048545,0.000174,1.095705,0.000384,1.096088,1.096088,1.096088,0.548044,0.548044,0,0,1,0,0.000000,0.080000,0.008000,0.001000,7.000000,0.160000,22.000000,0.025000,0.000000
9.488000,0.500000,0.640000,-3.362502,-0.000000,-3.362502,-0.349740,0.000000,0.349740,0.024034,-0.001086,0.030969,0.030969,0.006935,0.048719,0.049805,0.027979,0.024057,0.000055,0.048545,0.000174,1.095705,0.000000,1.095705,1.095705,1.095705,0.547852,0.547852,0,0,1,0,0.000000,0.080000,0.008000,0.001000,7.000000,0.160000,22.000000,0.025000,0.000000
9.493000,0.500000,0.640000,-3.364278,-0.000000,-3.364278,-0.350018,0.000000,0.350018,0.024023,-0.001086,0.030969,0.030969,0.006946,0.048795,0.049882,0.028001,0.024071,0.000056,0.048622,0.000174,1.097394,0.000384,1.097777,1.097777,1.097777,0.548889,0.548889,0,0,1,0,0.000000,0.080000,0.008000,0.001000,7.000000,0.160000,22.000000,0.025000,0.000000
9.498000,0.500000,0.640000,-3.366056,-0.000000,-3.366056,-0.350295,0.000000,0.350295,0.024023,-0.001086,0.030969,0.030969,0.006946,0.048795,0.049882,0.028024,0.024085,0.000056,0.048622,0.000174,1.097394,0.000000,1.097394,1.097394,1.097394,0.548697,0.548697,0,0,1,0,0.000000,0.080000,0.008000,0.001000,7.000000,0.160000,22.000000,0.025000,0.000000
9.503000,0.500000,0.640000,-3.367834,-0.000000,-3.367834,-0.350574,0.000000,0.350574,0.024012,-0.001087,0.030969,0.030969,0.006957,0.048872,0.049959,0.028046,0.024099,0.000056,0.048698,0.000174,1.099093,0.000386,1.099480,1.099480,1.099480,0.549740,0.549740,0,0,1,0,0.000000,0.080000,0.008000,0.001000,7.000000,0.160000,22.000000,0.025000,0.000000
9.512000,0.500000,0.640000,-3.371396,-0.000000,-3.371396,-0.351130,0.000000,0.351130,0.024001,-0.001088,0.030969,0.030969,0.006968,0.048949,0.050037,0.028090,0.024124,0.000062,0.048775,0.000174,1.100812,0.000217,1.101029,1.101029,1.101029,0.550514,0.550514,0,0,1,0,0.000000,0.080000,0.008000,0.001000,7.000000,0.160000,22.000000,0.025000,0.000000
9.517000,0.500000,0.640000,-3.373179,-0.000000,-3.373179,-0.351409,0.000000,0.351409,0.024001,-0.001088,0.030969,0.030969,0.006968,0.048949,0.050037,0.028113,0.024138,0.000056,0.048775,0.000174,1.100812,0.000000,1.100812,1.100812,1.100812,0.550406,0.550406,0,0,1,0,0.000000,0.080000,0.008000,0.001000,7.000000,0.160000,22.000000,0.025000,0.000000
9.522000,0.500000,0.640000,-3.374963,-0.000000,-3.374963,-0.351687,0.000000,0.351687,0.023990,-0.001089,0.030969,0.030969,0.006979,0.049026,0.050115,0.028135,0.024153,0.000056,0.048851,0.000174,1.102530,0.000390,1.102920,1.102920,1.102920,0.551460,0.551460,0,0,1,0,0.000000,0.080000,0.008000,0.001000,7.000000,0.160000,22.000000,0.025000,0.000000
9.527000,0.500000,0.640000,-3.376749,-0.000000,-3.376749,-0.351966,0.000000,0.351966,0.023990,-0.001089,0.030969,0.030969,0.006979,0.049026,0.050115,0.028157,0.024167,0.000056,0.048851,0.000174,1.102530,0.000000,1.102530,1.102530,1.102530,0.551265,0.551265,0,0,1,0,0.000000,0.080000,0.008000,0.001000,7.000000,0.160000,22.000000,0.025000,0.000000
9.532000,0.500000,0.640000,-3.378536,-0.000000,-3.378536,-0.352246,0.000000,0.352246,0.023979,-0.001091,0.030969,0.030969,0.006990,0.049103,0.050194,0.028180,0.024181,0.000056,0.048928,0.000175,1.104277,0.000397,1.104674,1.104674,1.104674,0.552337,0.552337,0,0,1,0,0.000000,0.080000,0.008000,0.001000,7.000000,0.160000,22.000000,0.025000,0.000000
9.537000,0.500000,0.640000,-3.380325,-0.000000,-3.380325,-0.352525,0.000000,0.352525,0.023979,-0.001091,0.030969,0.030969,0.006990,0.049103,0.050194,0.028202,0.024195,0.000056,0.048928,0.000175,1.104277,0.000000,1.104277,1.104277,1.104277,0.552139,0.552139,0,0,1,0,0.000000,0.080000,0.008000,0.001000,7.000000,0.160000,22.000000,0.025000,0.000000
9.542000,0.500000,0.640000,-3.382115,-0.000000,-3.382115,-0.352804,0.000000,0.352804,0.023968,-0.001094,0.030969,0.030969,0.007001,0.049181,0.050275,0.028224,0.024209,0.000056,0.049006,0.000175,1.106050,0.000403,1.106453,1.106453,1.106453,0.553227,0.553227,0,0,1,0,0.000000,0.080000,0.008000,0.001000,7.000000,0.160000,22.000000,0.025000,0.000000
9.547000,0.500000,0.640000,-3.383906,-0.000000,-3.383906,-0.353084,0.000000,0.353084,0.023968,-0.001094,0.030969,0.030969,0.007001,0.049181,0.050275,0.028247,0.024223,0.000056,0.049006,0.000175,1.106050,0.000000,1.106050,1.106050,1.106050,0.553025,0.553025,0,0,1,0,0.000000,0.080000,0.008000,0.001000,7.000000,0.160000,22.000000,0.025000,0.000000
9.556000,0.500000,0.640000,-3.387493,-0.000000,-3.387493,-0.353643,0.000000,0.353643,0.023957,-0.001097,0.030969,0.030969,0.007012,0.049259,0.050357,0.028291,0.024249,0.000062,0.049084,0.000176,1.107843,0.000226,1.108069,1.108069,1.108069,0.554035,0.554035,0,0,1,0,0.000000,0.080000,0.008000,0.001000,7.000000,0.160000,22.000000,0.025000,0.000000
9.561000,0.500000,0.640000,-3.389289,-0.000000,-3.389289,-0.353923,0.000000,0.353923,0.023945,-0.001107,0.030969,0.030969,0.007023,0.049340,0.050447,0.028314,0.024263,0.000056,0.049163,0.000177,1.109838,0.000453,1.110291,1.110291,1.110291,0.555146,0.555146,0,0,1,0,0.000000,0.080000,0.008000,0.001000,7.000000,0.160000,22.000000,0.025000,0.000000
9.566000,0.500000,0.640000,-3.391086,-0.000000,-3.391086,-0.354202,0.000000,0.354202,0.023945,-0.001107,0.030969,0.030969,0.007023,0.049340,0.050447,0.028336,0.024277,0.000056,0.049163,0.000177,1.109838,0.000000,1.109838,1.109838,1.109838,0.554919,0.554919,0,0,1,0,0.000000,0.080000,0.008000,0.001000,7.000000,0.160000,22.000000,0.025000,0.000000
9.571000,0.500000,0.640000,-3.392884,-0.000000,-3.392884,-0.354482,0.000000,0.354482,0.023934,-0.001114,0.030969,0.030969,0.007035,0.049422,0.050536,0.028359,0.024291,0.000056,0.049243,0.000178,1.111785,0.000442,1.112227,1.112227,1.112227,0.556114,0.556114,0,0,1,0,0.000000,0.080000,0.008000,0.001000,7.000000,0.160000,22.000000,0.025000,0.000000
9.576000,0.500000,0.640000,-3.394684,-0.000000,-3.394684,-0.354762,0.000000,0.354762,0.023934,-0.001114,0.030969,0.030969,0.007035,0.049422,0.050536,0.028381,0.024305,0.000056,0.049243,0.000178,1.111785,0.000000,1.111785,1.111785,1.111785,0.555892,0.555892,0,0,1,0,0.000000,0.080000,0.008000,0.001000,7.000000,0.160000,22.000000,0.025000,0.000000
9.581000,0.500000,0.640000,-3.394684,-0.000000,-3.394684,-0.354762,0.000000,0.354762,0.023923,-0.001118,0.030969,0.030969,0.007046,0.049502,0.050620,0.028381,0.024319,0.000000,0.049323,0.000179,1.113641,0.000422,1.114062,1.114062,1.114062,0.557031,0.557031,0,0,1,0,0.000000,0.080000,0.008000,0.001000,7.000000,0.160000,22.000000,0.025000,0.000000
9.586000,0.500000,0.640000,-3.398288,-0.000000,-3.398288,-0.355324,0.000000,0.355324,0.023923,-0.001118,0.030969,0.030969,0.007046,0.049502,0.050620,0.028426,0.024334,0.000112,0.049323,0.000179,1.113641,0.000000,1.113641,1.113641,1.113641,0.556820,0.556820,0,0,1,0,0.000000,0.080000,0.008000,0.001000,7.000000,0.160000,22.000000,0.025000,0.000000
9.591000,0.500000,0.640000,-3.398288,-0.000000,-3.398288,-0.355324,0.000000,0.355324,0.023911,-0.001118,0.030969,0.030969,0.007058,0.049582,0.050700,0.028426,0.024348,0.000000,0.049403,0.000179,1.115398,0.000399,1.115798,1.115798,1.115798,0.557899,0.557899,0,0,1,0,0.000000,0.080000,0.008000,0.001000,7.000000,0.160000,22.000000,0.025000,0.000000
9.600000,0.500000,0.640000,-3.401898,-0.000000,-3.401898,-0.355888,0.000000,0.355888,0.023900,-0.001116,0.030969,0.030969,0.007069,0.049659,0.050776,0.028471,0.024373,0.000063,0.049481,0.000179,1.117071,0.000211,1.117282,1.117282,1.117282,0.558641,0.558641,0,0,1,0,0.000000,0.080000,0.008000,0.001000,7.000000,0.160000,22.000000,0.025000,0.000000
9.605000,0.500000,0.640000,-3.403705,-0.000000,-3.403705,-0.356171,0.000000,0.356171,0.023900,-0.001116,0.030969,0.030969,0.007069,0.049659,0.050776,0.028494,0.024388,0.000057,0.049481,0.000179,1.117071,0.000000,1.117071,1.117071,1.117071,0.558535,0.558535,0,0,1,0,0.000000,0.080000,0.008000,0.001000,7.000000,0.160000,22.000000,0.025000,0.000000
9.610000,0.500000,0.640000,-3.405514,-0.000000,-3.405514,-0.356454,0.000000,0.356454,0.023889,-0.001112,0.030969,0.030969,0.007080,0.049736,0.050848,0.028516,0.024402,0.000057,0.049558,0.000178,1.118662,0.000362,1.119024,1.119024,1.119024,0.559512,0.559512,0,0,1,0,0.000000,0.080000,0.008000,0.001000,7.000000,0.160000,22.000000,0.025000,0.000000
9.615000,0.500000,0.640000,-3.407324,-0.000000,-3.407324,-0.356737,0.000000,0.356737,0.023889,-0.001112,0.030969,0.030969,0.007080,0.049736,0.050848,0.028539,0.024416,0.000057,0.049558,0.000178,1.118662,0.000000,1.118662,1.118662,1.118662,0.559331,0.559331,0,0,1,0,0.000000,0.080000,0.008000,0.001000,7.000000,0.160000,22.000000,0.025000,0.000000
9.620000,0.500000,0.640000,-3.409135,-0.000000,-3.409135,-0.357021,0.000000,0.357021,0.023889,-0.001112,0.030969,0.030969,0.007080,0.049736,0.050848,0.028562,0.024431,0.000057,0.049558,0.000178,1.118662,0.000000,1.118662,1.118662,1.118662,0.559331,0.559331,0,0,1,0,0.000000,0.080000,0.008000,0.001000,7.000000,0.160000,22.000000,0.025000,0.000000
9.625000,0.500000,0.640000,-3.410948,-0.000000,-3.410948,-0.357305,0.000000,0.357305,0.023878,-0.001108,0.030969,0.030969,0.007091,0.049812,0.050920,0.028584,0.024445,0.000057,0.049635,0.000177,1.120243,0.000359,1.120603,1.120603,1.120603,0.560301,0.560301,0,0,1,0,0.000000,0.080000,0.008000,0.001000,7.000000,0.160000,22.000000,0.025000,0.000000
9.630000,0.500000,0.640000,-3.412763,-0.000000,-3.412763,-0.357590,0.000000,0.357590,0.023878,-0.001108,0.030969,0.030969,0.007091,0.049812,0.050920,0.028607,0.024459,0.000057,0.049635,0.000177,1.120243,0.000000,1.120243,1.120243,1.120243,0.560122,0.560122,0,0,1,0,0.000000,0.080000,0.008000,0.001000,7.000000,0.160000,22.000000,0.025000,0.000000
9.635000,0.500000,0.640000,-3.414579,-0.000000,-3.414579,-0.357874,0.000000,0.357874,0.023867,-0.001105,0.030969,0.030969,0.007102,0.049888,0.050993,0.028630,0.024473,0.000057,0.049711,0.000177,1.121854,0.000366,1.122220,1.122220,1.122220,0.561110,0.561110,0,0,1,0,0.000000,0.080000,0.008000,0.001000,7.000000,0.160000,22.000000,0.025000,0.000000
9.640000,0.500000,0.640000,-3.416396,-0.000000,-3.416396,-0.358159,0.000000,0.358159,0.023867,-0.001105,0.030969,0.030969,0.007102,0.049888,0.050993,0.028653,0.024488,0.000057,0.049711,0.000177,1.121854,0.000000,1.121854,1.121854,1.121854,0.560927,0.560927,0,0,1,0,0.000000,0.080000,0.008000,0.001000,7.000000,0.160000,22.000000,0.025000,0.000000
9.649000,0.500000,0.640000,-3.420035,-0.000000,-3.420035,-0.358728,0.000000,0.358728,0.023856,-0.001104,0.030969,0.030969,0.007113,0.049965,0.051069,0.028698,0.024514,0.000063,0.049788,0.000177,1.123524,0.000211,1.123735,1.123735,1.123735,0.561868,0.561868,0,0,1,0,0.000000,0.080000,0.008000,0.001000,7.000000,0.160000,22.000000,0.025000,0.000000
9.654000,0.500000,0.640000,-3.421856,-0.000000,-3.421856,-0.359012,0.000000,0.359012,0.023845,-0.001112,0.030969,0.030969,0.007124,0.050045,0.051157,0.028721,0.024528,0.000057,0.049867,0.000178,1.125450,0.000438,1.125887,1.125887,1.125887,0.562944,0.562944,0,0,1,0,0.000000,0.080000,0.008000,0.001000,7.000000,0.160000,22.000000,0.025000,0.000000
9.659000,0.500000,0.640000,-3.423679,-0.000000,-3.423679,-0.359295,0.000000,0.359295,0.023845,-0.001112,0.030969,0.030969,0.007124,0.050045,0.051157,0.028744,0.024542,0.000057,0.049867,0.000178,1.125450,0.000000,1.125450,1.125450,1.125450,0.562725,0.562725,0,0,1,0,0.000000,0.080000,0.008000,0.001000,7.000000,0.160000,22.000000,0.025000,0.000000
9.664000,0.500000,0.640000,-3.425503,-0.000000,-3.425503,-0.359580,0.000000,0.359580,0.023833,-0.001119,0.030969,0.030969,0.007135,0.050126,0.051246,0.028766,0.024557,0.000057,0.049947,0.000179,1.127406,0.000445,1.127851,1.127851,1.127851,0.563926,0.563926,0,0,1,0,0.000000,0.080000,0.008000,0.001000,7.000000,0.160000,22.000000,0.025000,0.000000
9.669000,0.500000,0.640000,-3.427329,-0.000000,-3.427329,-0.359864,0.000000,0.359864,0.023833,-0.001119,0.030969,0.030969,0.007135,0.050126,0.051246,0.028789,0.024571,0.000057,0.049947,0.000179,1.127406,0.000000,1.127406,1.127406,1.127406,0.563703,0.563703,0,0,1,0,0.000000,0.080000,0.008000,0.001000,7.000000,0.160000,22.000000,0.025000,0.000000
9.674000,0.500000,0.640000,-3.429156,-0.000000,-3.429156,-0.360148,0.000000,0.360148,0.023822,-0.001126,0.030969,0.030969,0.007147,0.050208,0.051334,0.028812,0.024585,0.000057,0.050028,0.000180,1.129346,0.000441,1.129787,1.129787,1.129787,0.564894,0.564894,0,0,1,0,0.000000,0.080000,0.008000,0.001000,7.000000,0.160000,22.000000,0.025000,0.000000
9.679000,0.500000,0.640000,-3.430985,-0.000000,-3.430985,-0.360433,0.000000,0.360433,0.023822,-0.001126,0.030969,0.030969,0.007147,0.050208,0.051334,0.028835,0.024600,0.000057,0.050028,0.000180,1.129346,0.000000,1.129346,1.129346,1.129346,0.564673,0.564673,0,0,1,0,0.000000,0.080000,0.008000,0.001000,7.000000,0.160000,22.000000,0.025000,0.000000
9.688000,0.500000,0.640000,-3.434647,-0.000000,-3.434647,-0.361004,0.000000,0.361004,0.023810,-0.001130,0.030969,0.030969,0.007158,0.050290,0.051420,0.028880,0.024626,0.000063,0.050109,0.000181,1.131243,0.000239,1.131482,1.131482,1.131482,0.565741,0.565741,0,0,1,0,0.000000,0.080000,0.008000,0.001000,7.000000,0.160000,22.000000,0.025000,0.000000
9.693000,0.500000,0.640000,-3.436479,-0.000000,-3.436479,-0.361289,0.000000,0.361289,0.023799,-0.001140,0.030969,0.030969,0.007170,0.050373,0.051513,0.028903,0.024640,0.000057,0.050191,0.000182,1.133282,0.000464,1.133746,1.133746,1.133746,0.566873,0.566873,0,0,1,0,0.000000,0.080000,0.008000,0.001000,7.000000,0.160000,22.000000,0.025000,0.000000
9.698000,0.500000,0.640000,-3.438314,-0.000000,-3.438314,-0.361574,0.000000,0.361574,0.023799,-0.001140,0.030969,0.030969,0.007170,0.050373,0.051513,0.028926,0.024655,0.000057,0.050191,0.000182,1.133282,0.000000,1.133282,1.133282,1.133282,0.566641,0.566641,0,0,1,0,0.000000,0.080000,0.008000,0.001000,7.000000,0.160000,22.000000,0.025000,0.000000
9.703000,0.500000,0.640000,-3.440150,-0.000000,-3.440150,-0.361860,0.000000,0.361860,0.023787,-0.001144,0.030969,0.030969,0.007182,0.050456,0.051600,0.028949,0.024669,0.000057,0.050273,0.000183,1.135209,0.000438,1.135647,1.135647,1.135647,0.567824,0.567824,0,0,1,0,0.000000,0.080000,0.008000,0.001000,7.000000,0.160000,22.000000,0.025000,0.000000
9.708000,0.500000,0.640000,-3.441987,-0.000000,-3.441987,-0.362147,0.000000,0.362147,0.023787,-0.001144,0.030969,0.030969,0.007182,0.050456,0.051600,0.028972,0.024684,0.000057,0.050273,0.000183,1.135209,0.000000,1.135209,1.135209,1.135209,0.567605,0.567605,0,0,1,0,0.000000,0.080000,0.008000,0.001000,7.000000,0.160000,22.000000,0.025000,0.000000
9.713000,0.500000,0.640000,-3.443826,-0.000000,-3.443826,-0.362434,0.000000,0.362434,0.023775,-0.001145,0.030969,0.030969,0.007193,0.050537,0.051682,0.028995,0.024698,0.000057,0.050354,0.000183,1.136999,0.000407,1.137405,1.137405,1.137405,0.568703,0.568703,0,0,1,0,0.000000,0.080000,0.008000,0.001000,7.000000,0.160000,22.000000,0.025000,0.000000
9.718000,0.500000,0.640000,-3.445666,-0.000000,-3.445666,-0.362722,0.000000,0.362722,0.023775,-0.001145,0.030969,0.030969,0.007193,0.050537,0.051682,0.029018,0.024713,0.000058,0.050354,0.000183,1.136999,0.000000,1.136999,1.136999,1.136999,0.568499,0.568499,0,0,1,0,0.000000,0.080000,0.008000,0.001000,7.000000,0.160000,22.000000,0.025000,0.000000
9.723000,0.500000,0.640000,-3.447508,-0.000000,-3.447508,-0.363010,0.000000,0.363010,0.023764,-0.001141,0.030969,0.030969,0.007205,0.050616,0.051758,0.029041,0.024727,0.000058,0.050434,0.000183,1.138669,0.000380,1.139048,1.139048,1.139048,0.569524,0.569524,0,0,1,0,0.000000,0.080000,0.008000,0.001000,7.000000,0.160000,22.000000,0.025000,0.000000
9.728000,0.500000,0.640000,-3.449352,-0.000000,-3.449352,-0.363299,0.000000,0.363299,0.023764,-0.001141,0.030969,0.030969,0.007205,0.050616,0.051758,0.029064,0.024742,0.000058,0.050434,0.000183,1.138669,0.000000,1.138669,1.138669,1.138669,0.569334,0.569334,0,0,1,0,0.000000,0.080000,0.008000,0.001000,7.000000,0.160000,22.000000,0.025000,0.000000
9.733000,0.500000,0.640000,-3.451196,-0.000000,-3.451196,-0.363588,0.000000,0.363588,0.023753,-0.001136,0.030969,0.030969,0.007216,0.050694,0.051830,0.029087,0.024756,0.000058,0.050512,0.000182,1.140260,0.000362,1.140621,1.140621,1.140621,0.570311,0.570311,0,0,1,0,0.000000,0.080000,0.008000,0.001000,7.000000,0.160000,22.000000,0.025000,0.000000
9.742000,0.500000,0.640000,-3.454890,-0.000000,-3.454890,-0.364168,0.000000,0.364168,0.023742,-0.001130,0.030969,0.030969,0.007227,0.050771,0.051901,0.029133,0.024783,0.000064,0.050590,0.000181,1.141823,0.000197,1.142021,1.142021,1.142021,0.571010,0.571010,0,0,1,0,0.000000,0.080000,0.008000,0.001000,7.000000,0.160000,22.000000,0.025000,0.000000
9.747000,0.500000,0.640000,-3.456740,-0.000000,-3.456740,-0.364458,0.000000,0.364458,0.023742,-0.001130,0.030969,0.030969,0.007227,0.050771,0.051901,0.029157,0.024797,0.000058,0.050590,0.000181,1.141823,0.000000,1.141823,1.141823,1.141823,0.570912,0.570912,0,0,1,0,0.000000,0.080000,0.008000,0.001000,7.000000,0.160000,22.000000,0.025000,0.000000
9.752000,0.500000,0.640000,-3.458590,-0.000000,-3.458590,-0.364748,0.000000,0.364748,0.023731,-0.001125,0.030969,0.030969,0.007238,0.050847,0.051972,0.029180,0.024812,0.000058,0.050668,0.000180,1.143392,0.000356,1.143748,1.143748,1.143748,0.571874,0.571874,0,0,1,0,0.000000,0.080000,0.008000,0.001000,7.000000,0.160000,22.000000,0.025000,0.000000
9.757000,0.500000,0.640000,-3.460443,-0.000000,-3.460443,-0.365038,0.000000,0.365038,0.023731,-0.001125,0.030969,0.030969,0.007238,0.050847,0.051972,0.029203,0.024826,0.000058,0.050668,0.000180,1.143392,0.000000,1.143392,1.143392,1.143392,0.571696,0.571696,0,0,1,0,0.000000,0.080000,0.008000,0.001000,7.000000,0.160000,22.000000,0.025000,0.000000
9.762000,0.500000,0.640000,-3.462296,-0.000000,-3.462296,-0.365329,0.000000,0.365329,0.023719,-0.001122,0.030969,0.030969,0.007249,0.050925,0.052047,0.029226,0.024841,0.000058,0.050745,0.000180,1.145035,0.000374,1.145409,1.145409,1.145409,0.572704,0.572704,0,0,1,0,0.000000,0.080000,0.008000,0.001000,7.000000,0.160000,22.000000,0.025000,0.000000
9.767000,0.500000,0.640000,-3.464151,-0.000000,-3.464151,-0.365619,0.000000,0.365619,0.023719,-0.001122,0.030969,0.030969,0.007249,0.050925,0.052047,0.029250,0.024856,0.000058,0.050745,0.000180,1.145035,0.000000,1.145035,1.145035,1.145035,0.572518,0.572518,0,0,1,0,0.000000,0.080000,0.008000,0.001000,7.000000,0.160000,22.000000,0.025000,0.000000
9.772000,0.500000,0.640000,-3.466008,-0.000000,-3.466008,-0.365910,0.000000,0.365910,0.023708,-0.001123,0.030969,0.030969,0.007261,0.051003,0.052126,0.029273,0.024870,0.000058,0.050824,0.000180,1.146780,0.000397,1.147177,1.147177,1.147177,0.573589,0.573589,0,0,1,0,0.000000,0.080000,0.008000,0.001000,7.000000,0.160000,22.000000,0.025000,0.000000
9.777000,0.500000,0.640000,-3.467866,-0.000000,-3.467866,-0.366200,0.000000,0.366200,0.023708,-0.001123,0.030969,0.030969,0.007261,0.051003,0.052126,0.029296,0.024885,0.000058,0.050824,0.000180,1.146780,0.000000,1.146780,1.146780,1.146780,0.573390,0.573390,0,0,1,0,0.000000,0.080000,0.008000,0.001000,7.000000,0.160000,22.000000,0.025000,0.000000
9.782000,0.500000,0.640000,-3.469725,-0.000000,-3.469725,-0.366491,0.000000,0.366491,0.023697,-0.001127,0.030969,0.030969,0.007272,0.051084,0.052211,0.029319,0.024900,0.000058,0.050904,0.000180,1.148631,0.000421,1.149052,1.149052,1.149052,0.574526,0.574526,0,0,1,0,0.000000,0.080000,0.008000,0.001000,7.000000,0.160000,22.000000,0.025000,0.000000
9.791000,0.500000,0.640000,-3.473449,-0.000000,-3.473449,-0.367071,0.000000,0.367071,0.023685,-0.001133,0.030969,0.030969,0.007284,0.051166,0.052299,0.029366,0.024926,0.000065,0.050985,0.000181,1.150571,0.000245,1.150816,1.150816,1.150816,0.575408,0.575408,0,0,1,0,0.000000,0.080000,0.008000,0.001000,7.000000,0.160000,22.000000,0.025000,0.000000
9.796000,0.500000,0.640000,-3.475313,-0.000000,-3.475313,-0.367362,0.000000,0.367362,0.023685,-0.001133,0.030969,0.030969,0.007284,0.051166,0.052299,0.029389,0.024941,0.000058,0.050985,0.000181,1.150571,0.000000,1.150571,1.150571,1.150571,0.575286,0.575286,0,0,1,0,0.000000,0.080000,0.008000,0.001000,7.000000,0.160000,22.000000,0.025000,0.000000
9.801000,0.500000,0.640000,-3.477178,-0.000000,-3.477178,-0.367653,0.000000,0.367653,0.023674,-0.001140,0.030969,0.030969,0.007295,0.051249,0.052388,0.029412,0.024955,0.000058,0.051066,0.000182,1.152544,0.000448,1.152992,1.152992,1.152992,0.576496,0.576496,0,0,1,0,0.000000,0.080000,0.008000,0.001000,7.000000,0.160000,22.000000,0.025000,0.000000
9.806000,0.500000,0.640000,-3.479045,-0.000000,-3.479045,-0.367943,0.000000,0.367943,0.023674,-0.001140,0.030969,0.030969,0.007295,0.051249,0.052388,0.029435,0.024970,0.000058,0.051066,0.000182,1.152544,0.000000,1.152544,1.152544,1.152544,0.576272,0.576272,0,0,1,0,0.000000,0.080000,0.008000,0.001000,7.000000,0.160000,22.000000,0.025000,0.000000
9.811000,0.500000,0.640000,-3.480913,-0.000000,-3.480913,-0.368234,0.000000,0.368234,0.023662,-0.001147,0.030969,0.030969,0.007307,0.051332,0.052479,0.029459,0.024985,0.000058,0.051149,0.000184,1.154542,0.000454,1.154996,1.154996,1.154996,0.577498,0.577498,0,0,1,0,0.000000,0.080000,0.008000,0.001000,7.000000,0.160000,22.000000,0.025000,0.000000
9.816000,0.500000,0.640000,-3.482783,-0.000000,-3.482783,-0.368525,0.000000,0.368525,0.023662,-0.001147,0.030969,0.030969,0.007307,0.051332,0.052479,0.029482,0.025000,0.000058,0.051149,0.000184,1.154542,0.000000,1.154542,1.154542,1.154542,0.577271,0.577271,0,0,1,0,0.000000,0.080000,0.008000,0.001000,7.000000,0.160000,22.000000,0.025000,0.000000
9.821000,0.500000,0.640000,-3.484654,-0.000000,-3.484654,-0.368817,0.000000,0.368817,0.023650,-0.001153,0.030969,0.030969,0.007319,0.051416,0.052569,0.029505,0.025014,0.000058,0.051232,0.000185,1.156528,0.000451,1.156979,1.156979,1.156979,0.578489,0.578489,0,0,1,0,0.000000,0.080000,0.008000,0.001000,7.000000,0.160000,22.000000,0.025000,0.000000
9.826000,0.500000,0.640000,-3.486526,-0.000000,-3.486526,-0.369109,0.000000,0.369109,0.023650,-0.001153,0.030969,0.030969,0.007319,0.051416,0.052569,0.029529,0.025029,0.000058,0.051232,0.000185,1.156528,0.000000,1.156528,1.156528,1.156528,0.578264,0.578264,0,0,1,0,0.000000,0.080000,0.008000,0.001000,7.000000,0.160000,22.000000,0.025000,0.000000
9.831000,0.500000,0.640000,-3.486526,-0.000000,-3.486526,-0.369109,0.000000,0.369109,0.023638,-0.001156,0.030969,0.030969,0.007331,0.051499,0.052655,0.029529,0.025044,0.000000,0.051315,0.000185,1.158415,0.000429,1.158844,1.158844,1.158844,0.579422,0.579422,0,0,1,0,0.000000,0.080000,0.008000,0.001000,7.000000,0.160000,22.000000,0.025000,0.000000
9.840000,0.500000,0.640000,-3.492153,-0.000000,-3.492153,-0.369986,0.000000,0.369986,0.023626,-0.001161,0.030969,0.030969,0.007342,0.051583,0.052744,0.029599,0.025070,0.000098,0.051397,0.000186,1.160365,0.000246,1.160611,1.160611,1.160611,0.580306,0.580306,0,0,1,0,0.000000,0.080000,0.008000,0.001000,7.000000,0.160000,22.000000,0.025000,0.000000
9.845000,0.500000,0.640000,-3.492153,-0.000000,-3.492153,-0.369986,0.000000,0.369986,0.023626,-0.001161,0.030969,0.030969,0.007342,0.051583,0.052744,0.029599,0.025085,0.000000,0.051397,0.000186,1.160365,0.000000,1.160365,1.160365,1.160365,0.580182,0.580182,0,0,1,0,0.000000,0.080000,0.008000,0.001000,7.000000,0.160000,22.000000,0.025000,0.000000
9.850000,0.500000,0.640000,-3.494032,-0.000000,-3.494032,-0.370280,0.000000,0.370280,0.023615,-0.001161,0.030969,0.030969,0.007354,0.051665,0.052826,0.029622,0.025100,0.000059,0.051479,0.000186,1.162175,0.000411,1.162587,1.162587,1.162587,0.581293,0.581293,0,0,1,0,0.000000,0.080000,0.008000,0.001000,7.000000,0.160000,22.000000,0.025000,0.000000
9.855000,0.500000,0.640000,-3.495912,-0.000000,-3.495912,-0.370574,0.000000,0.370574,0.023615,-0.001161,0.030969,0.030969,0.007354,0.051665,0.052826,0.029646,0.025115,0.000059,0.051479,0.000186,1.162175,0.000000,1.162175,1.162175,1.162175,0.581088,0.581088,0,0,1,0,0.000000,0.080000,0.008000,0.001000,7.000000,0.160000,22.000000,0.025000,0.000000
9.860000,0.500000,0.640000,-3.497794,-0.000000,-3.497794,-0.370868,0.000000,0.370868,0.023615,-0.001161,0.030969,0.030969,0.007354,0.051665,0.052826,0.029669,0.025130,0.000059,0.051479,0.000186,1.162175,0.000000,1.162175,1.162175,1.162175,0.581088,0.581088,0,0,1,0,0.000000,0.080000,0.008000,0.001000,7.000000,0.160000,22.000000,0.025000,0.000000
9.865000,0.500000,0.640000,-3.499677,-0.000000,-3.499677,-0.371162,0.000000,0.371162,0.023603,-0.001160,0.030969,0.030969,0.007366,0.051746,0.052906,0.029693,0.025145,0.000059,0.051560,0.000186,1.163939,0.000401,1.164340,1.164340,1.164340,0.582170,0.582170,0,0,1,0,0.000000,0.080000,0.008000,0.001000,7.000000,0.160000,22.000000,0.025000,0.000000
9.870000,0.500000,0.640000,-3.501562,-0.000000,-3.501562,-0.371457,0.000000,0.371457,0.023603,-0.001160,0.030969,0.030969,0.007366,0.051746,0.052906,0.029717,0.025159,0.000059,0.051560,0.000186,1.163939,0.000000,1.163939,1.163939,1.163939,0.581970,0.581970,0,0,1,0,0.000000,0.080000,0.008000,0.001000,7.000000,0.160000,22.000000,0.025000,0.000000
9.875000,0.500000,0.640000,-3.503448,-0.000000,-3.503448,-0.371751,0.000000,0.371751,0.023591,-0.001165,0.030969,0.030969,0.007377,0.051829,0.052994,0.029740,0.025174,0.000059,0.051642,0.000186,1.165866,0.000438,1.166304,1.166304,1.166304,0.583152,0.583152,0,0,1,0,0.000000,0.080000,0.008000,0.001000,7.000000,0.160000,22.000000,0.025000,0.000000
9.880000,0.500000,0.640000,-3.505336,-0.000000,-3.505336,-0.372046,0.000000,0.372046,0.023591,-0.001165,0.030969,0.030969,0.007377,0.051829,0.052994,0.029764,0.025189,0.000059,0.051642,0.000186,1.165866,0.000000,1.165866,1.165866,1.165866,0.582933,0.582933,0,0,1,0,0.000000,0.080000,0.008000,0.001000,7.000000,0.160000,22.000000,0.025000,0.000000
9.885000,0.500000,0.640000,-3.507225,-0.000000,-3.507225,-0.372341,0.000000,0.372341,0.023579,-0.001167,0.030969,0.030969,0.007389,0.051912,0.053078,0.029787,0.025204,0.000059,0.051725,0.000187,1.167727,0.000423,1.168149,1.168149,1.168149,0.584075,0.584075,0,0,1,0,0.000000,0.080000,0.008000,0.001000,7.000000,0.160000,22.000000,0.025000,0.000000
9.894000,0.500000,0.640000,-3.511007,-0.000000,-3.511007,-0.372932,0.000000,0.372932,0.023568,-0.001167,0.030969,0.030969,0.007401,0.051994,0.053161,0.029835,0.025231,0.000066,0.051807,0.000187,1.169532,0.000228,1.169761,1.169761,1.169761,0.584880,0.584880,0,0,1,0,0.000000,0.080000,0.008000,0.001000,7.000000,0.160000,22.000000,0.025000,0.000000
9.899000,0.500000,0.640000,-3.512901,-0.000000,-3.512901,-0.373228,0.000000,0.373228,0.023568,-0.001167,0.030969,0.030969,0.007401,0.051994,0.053161,0.029858,0.025246,0.000059,0.051807,0.000187,1.169532,0.000000,1.169532,1.169532,1.169532,0.584766,0.584766,0,0,1,0,0.000000,0.080000,0.008000,0.001000,7.000000,0.160000,22.000000,0.025000,0.000000
9.904000,0.500000,0.640000,-3.514796,-0.000000,-3.514796,-0.373525,0.000000,0.373525,0.023556,-0.001165,0.030969,0.030969,0.007413,0.052075,0.053240,0.029882,0.025261,0.000059,0.051889,0.000186,1.171276,0.000396,1.171672,1.171672,1.171672,0.585836,0.585836,0,0,1,0,0.000000,0.080000,0.008000,0.001000,7.000000,0.160000,22.000000,0.025000,0.000000
9.909000,0.500000,0.640000,-3.516693,-0.000000,-3.516693,-0.373822,0.000000,0.373822,0.023556,-0.001165,0.030969,0.030969,0.007413,0.052075,0.053240,0.029906,0.025276,0.000059,0.051889,0.000186,1.171276,0.000000,1.171276,1.171276,1.171276,0.585638,0.585638,0,0,1,0,0.000000,0.080000,0.008000,0.001000,7.000000,0.160000,22.000000,0.025000,0.000000
9.914000,0.500000,0.640000,-3.518591,-0.000000,-3.518591,-0.374119,0.000000,0.374119,0.023544,-0.001163,0.030969,0.030969,0.007424,0.052156,0.053319,0.029930,0.025291,0.000059,0.051970,0.000186,1.173013,0.000395,1.173407,1.173407,1.173407,0.586704,0.586704,0,0,1,0,0.000000,0.080000,0.008000,0.001000,7.000000,0.160000,22.000000,0.025000,0.000000
9.919000,0.500000,0.640000,-3.520491,-0.000000,-3.520491,-0.374416,0.000000,0.374416,0.023544,-0.001163,0.030969,0.030969,0.007424,0.052156,0.053319,0.029953,0.025306,0.000059,0.051970,0.000186,1.173013,0.000000,1.173013,1.173013,1.173013,0.586506,0.586506,0,0,1,0,0.000000,0.080000,0.008000,0.001000,7.000000,0.160000,22.000000,0.025000,0.000000
9.924000,0.500000,0.640000,-3.522392,-0.000000,-3.522392,-0.374714,0.000000,0.374714,0.023533,-0.001162,0.030969,0.030969,0.007436,0.052237,0.053399,0.029977,0.025321,0.000060,0.052051,0.000186,1.174768,0.000399,1.175167,1.175167,1.175167,0.587583,0.587583,0,0,1,0,0.000000,0.080000,0.008000,0.001000,7.000000,0.160000,22.000000,0.025000,0.000000
9.929000,0.500000,0.640000,-3.524295,-0.000000,-3.524295,-0.375011,0.000000,0.375011,0.023533,-0.001162,0.030969,0.030969,0.007436,0.052237,0.053399,0.030001,0.025336,0.000060,0.052051,0.000186,1.174768,0.000000,1.174768,1.174768,1.174768,0.587384,0.587384,0,0,1,0,0.000000,0.080000,0.008000,0.001000,7.000000,0.160000,22.000000,0.025000,0.000000
9.934000,0.500000,0.640000,-3.526199,-0.000000,-3.526199,-0.375309,0.000000,0.375309,0.023521,-0.001162,0.030969,0.030969,0.007447,0.052318,0.053480,0.030025,0.025351,0.000060,0.052132,0.000186,1.176561,0.000408,1.176969,1.176969,1.176969,0.588484,0.588484,0,0,1,0,0.000000,0.080000,0.008000,0.001000,7.000000,0.160000,22.000000,0.025000,0.000000
9.939000,0.500000,0.640000,-3.528105,-0.000000,-3.528105,-0.375607,0.000000,0.375607,0.023521,-0.001162,0.030969,0.030969,0.007447,0.052318,0.053480,0.030049,0.025366,0.000060,0.052132,0.000186,1.176561,0.000000,1.176561,1.176561,1.176561,0.588280,0.588280,0,0,1,0,0.000000,0.080000,0.008000,0.001000,7.000000,0.160000,22.000000,0.025000,0.000000
9.944000,0.500000,0.640000,-3.530012,-0.000000,-3.530012,-0.375905,0.000000,0.375905,0.023510,-0.001163,0.030969,0.030969,0.007459,0.052400,0.053564,0.030072,0.025381,0.000060,0.052214,0.000186,1.178403,0.000419,1.178822,1.178822,1.178822,0.589411,0.589411,0,0,1,0,0.000000,0.080000,0.008000,0.001000,7.000000,0.160000,22.000000,0.025000,0.000000
9.949000,0.500000,0.640000,-3.531921,-0.000000,-3.531921,-0.376203,0.000000,0.376203,0.023510,-0.001163,0.030969,0.030969,0.007459,0.052400,0.053564,0.030096,0.025396,0.000060,0.052214,0.000186,1.178403,0.000000,1.178403,1.178403,1.178403,0.589202,0.589202,0,0,1,0,0.000000,0.080000,0.008000,0.001000,7.000000,0.160000,22.000000,0.025000,0.000000
9.954000,0.500000,0.640000,-3.533831,-0.000000,-3.533831,-0.376502,0.000000,0.376502,0.023498,-0.001166,0.030969,0.030969,0.007471,0.052483,0.053650,0.030120,0.025411,0.000060,0.052297,0.000187,1.180295,0.000430,1.180725,1.180725,1.180725,0.590363,0.590363,0,0,1,0,0.000000,0.080000,0.008000,0.001000,7.000000,0.160000,22.000000,0.025000,0.000000
9.959000,0.500000,0.640000,-3.535743,-0.000000,-3.535743,-0.376800,0.000000,0.376800,0.023498,-0.001166,0.030969,0.030969,0.007471,0.052483,0.053650,0.030144,0.025426,0.000060,0.052297,0.000187,1.180295,0.000000,1.180295,1.180295,1.180295,0.590148,0.590148,0,0,1,0,0.000000,0.080000,0.008000,0.001000,7.000000,0.160000,22.000000,0.025000,0.000000
9.968000,0.500000,0.640000,-3.539571,-0.000000,-3.539571,-0.377398,0.000000,0.377398,0.023486,-0.001170,0.030969,0.030969,0.007483,0.052567,0.053738,0.030192,0.025453,0.000066,0.052380,0.000187,1.182228,0.000244,1.182472,1.182472,1.182472,0.591236,0.591236,0,0,1,0,0.000000,0.080000,0.008000,0.001000,7.000000,0.160000,22.000000,0.025000,0.000000
9.973000,0.500000,0.640000,-3.541487,-0.000000,-3.541487,-0.377696,0.000000,0.377696,0.023474,-0.001182,0.030969,0.030969,0.007495,0.052654,0.053836,0.030216,0.025468,0.000060,0.052465,0.000189,1.184392,0.000492,1.184884,1.184884,1.184884,0.592442,0.592442,0,0,1,0,0.000000,0.080000,0.008000,0.001000,7.000000,0.160000,22.000000,0.025000,0.000000
9.978000,0.500000,0.640000,-3.543405,-0.000000,-3.543405,-0.377994,0.000000,0.377994,0.023474,-0.001182,0.030969,0.030969,0.007495,0.052654,0.053836,0.030239,0.025483,0.000060,0.052465,0.000189,1.184392,0.000000,1.184392,1.184392,1.184392,0.592196,0.592196,0,0,1,0,0.000000,0.080000,0.008000,0.001000,7.000000,0.160000,22.000000,0.025000,0.000000
9.983000,0.500000,0.640000,-3.545324,-0.000000,-3.545324,-0.378292,0.000000,0.378292,0.023461,-0.001191,0.030969,0.030969,0.007507,0.052741,0.053932,0.030263,0.025498,0.000060,0.052551,0.000191,1.186510,0.000481,1.186992,1.186992,1.186992,0.593496,0.593496,0,0,1,0,0.000000,0.080000,0.008000,0.001000,7.000000,0.160000,22.000000,0.025000,0.000000
9.988000,0.500000,0.640000,-3.547245,-0.000000,-3.547245,-0.378591,0.000000,0.378591,0.023461,-0.001191,0.030969,0.030969,0.007507,0.052741,0.053932,0.030287,0.025514,0.000060,0.052551,0.000191,1.186510,0.000000,1.186510,1.186510,1.186510,0.593255,0.593255,0,0,1,0,0.000000,0.080000,0.008000,0.001000,7.000000,0.160000,22.000000,0.025000,0.000000
9.993000,0.500000,0.640000,-3.549167,-0.000000,-3.549167,-0.378891,0.000000,0.378891,0.023449,-0.001196,0.030969,0.030969,0.007520,0.052828,0.054024,0.030311,0.025529,0.000060,0.052637,0.000191,1.188528,0.000459,1.188987,1.188987,1.188987,0.594494,0.594494,0,0,1,0,0.000000,0.080000,0.008000,0.001000,7.000000,0.160000,22.000000,0.025000,0.000000
9.998000,0.500000,0.640000,-3.551091,-0.000000,-3.551091,-0.379191,0.000000,0.379191,0.023449,-0.001196,0.030969,0.030969,0.007520,0.052828,0.054024,0.030335,0.025544,0.000060,0.052637,0.000191,1.188528,0.000000,1.188528,1.188528,1.188528,0.594264,0.594264,0,0,1,0,0.000000,0.080000,0.008000,0.001000,7.000000,0.160000,22.000000,0.025000,0.000000
10.007000,0.500000,0.640000,-3.554943,-0.000000,-3.554943,-0.379793,0.000000,0.379793,0.023437,-0.001197,0.030969,0.030969,0.007532,0.052913,0.054111,0.030383,0.025571,0.000067,0.052722,0.000192,1.190432,0.000240,1.190672,1.190672,1.190672,0.595336,0.595336,0,0,1,0,0.000000,0.080000,0.008000,0.001000,7.000000,0.160000,22.000000,0.025000,0.000000
10.012000,0.500000,0.640000,-3.556872,-0.000000,-3.556872,-0.380093,0.000000,0.380093,0.023425,-0.001203,0.030969,0.030969,0.007544,0.052999,0.054201,0.030407,0.025587,0.000060,0.052807,0.000192,1.192433,0.000455,1.192887,1.192887,1.192887,0.596444,0.596444,0,0,1,0,0.000000,0.080000,0.008000,0.001000,7.000000,0.160000,22.000000,0.025000,0.000000
10.017000,0.500000,0.640000,-3.558802,-0.000000,-3.558802,-0.380394,0.000000,0.380394,0.023425,-0.001203,0.030969,0.030969,0.007544,0.052999,0.054201,0.030432,0.025602,0.000060,0.052807,0.000192,1.192433,0.000000,1.192433,1.192433,1.192433,0.596216,0.596216,0,0,1,0,0.000000,0.080000,0.008000,0.001000,7.000000,0.160000,22.000000,0.025000,0.000000
10.022000,0.500000,0.640000,-3.560733,-0.000000,-3.560733,-0.380696,0.000000,0.380696,0.023413,-0.001203,0.030969,0.030969,0.007556,0.053084,0.054287,0.030456,0.025617,0.000060,0.052892,0.000192,1.194306,0.000426,1.194732,1.194732,1.194732,0.597366,0.597366,0,0,1,0,0.000000,0.080000,0.008000,0.001000,7.000000,0.160000,22.000000,0.025000,0.000000
10.027000,0.500000,0.640000,-3.562666,-0.000000,-3.562666,-0.380999,0.000000,0.380999,0.023413,-0.001203,0.030969,0.030969,0.007556,0.053084,0.054287,0.030480,0.025632,0.000060,0.052892,0.000192,1.194306,0.000000,1.194306,1.194306,1.194306,0.597153,0.597153,0,0,1,0,0.000000,0.080000,0.008000,0.001000,7.000000,0.160000,22.000000,0.025000,0.000000
10.032000,0.500000,0.640000,-3.564601,-0.000000,-3.564601,-0.381302,0.000000,0.381302,0.023401,-0.001199,0.030969,0.030969,0.007568,0.053167,0.054366,0.030504,0.025647,0.000061,0.052975,0.000192,1.196059,0.000398,1.196458,1.196458,1.196458,0.598229,0.598229,0,0,1,0,0.000000,0.080000,0.008000,0.001000,7.000000,0.160000,22.000000,0.025000,0.000000
10.041000,0.500000,0.640000,-3.568475,-0.000000,-3.568475,-0.381909,0.000000,0.381909,0.023389,-0.001193,0.030969,0.030969,0.007580,0.053249,0.054442,0.030553,0.025675,0.000067,0.053058,0.000191,1.197734,0.000211,1.197946,1.197946,1.197946,0.598973,0.598973,0,0,1,0,0.000000,0.080000,0.008000,0.001000,7.000000,0.160000,22.000000,0.025000,0.000000
10.046000,0.500000,0.640000,-3.570415,-0.000000,-3.570415,-0.382213,0.000000,0.382213,0.023389,-0.001193,0.030969,0.030969,0.007580,0.053249,0.054442,0.030577,0.025690,0.000061,0.053058,0.000191,1.197734,0.000000,1.197734,1.197734,1.197734,0.598867,0.598867,0,0,1,0,0.000000,0.080000,0.008000,0.001000,7.000000,0.160000,22.000000,0.025000,0.000000
10.051000,0.500000,0.640000,-3.572355,-0.000000,-3.572355,-0.382518,0.000000,0.382518,0.023377,-0.001187,0.030969,0.030969,0.007591,0.053330,0.054516,0.030601,0.025706,0.000061,0.053140,0.000190,1.199361,0.000370,1.199730,1.199730,1.199730,0.599865,0.599865,0,0,1,0,0.000000,0.080000,0.008000,0.001000,7.000000,0.160000,22.000000,0.025000,0.000000
10.056000,0.500000,0.640000,-3.574298,-0.000000,-3.574298,-0.382823,0.000000,0.382823,0.023377,-0.001187,0.030969,0.030969,0.007591,0.053330,0.054516,0.030626,0.025721,0.000061,0.053140,0.000190,1.199361,0.000000,1.199361,1.199361,1.199361,0.599680,0.599680,0,0,1,0,0.000000,0.080000,0.008000,0.001000,7.000000,0.160000,22.000000,0.025000,0.000000
10.061000,0.500000,0.640000,-3.576242,-0.000000,-3.576242,-0.383128,0.000000,0.383128,0.023366,-0.001182,0.030969,0.030969,0.007603,0.053410,0.054592,0.030650,0.025736,0.000061,0.053221,0.000189,1.201025,0.000378,1.201403,1.201403,1.201403,0.600701,0.600701,0,0,1,0,0.000000,0.080000,0.008000,0.001000,7.000000,0.160000,22.000000,0.025000,0.000000
10.070000,0.500000,0.640000,-3.578187,-0.000000,-3.578187,-0.383433,0.000000,0.383433,0.023354,-0.001180,0.030969,0.030969,0.007615,0.053492,0.054671,0.030675,0.025764,0.000034,0.053303,0.000189,1.202770,0.000220,1.202990,1.202990,1.202990,0.601495,0.601495,0,0,1,0,0.000000,0.080000,0.008000,0.001000,7.000000,0.160000,22.000000,0.025000,0.000000
10.075000,0.500000,0.640000,-3.580135,-0.000000,-3.580135,-0.383738,0.000000,0.383738,0.023354,-0.001180,0.030969,0.030969,0.007615,0.053492,0.054671,0.030699,0.025779,0.000061,0.053303,0.000189,1.202770,0.000000,1.202770,1.202770,1.202770,0.601385,0.601385,0,0,1,0,0.000000,0.080000,0.008000,0.001000,7.000000,0.160000,22.000000,0.025000,0.000000
10.080000,0.500000,0.640000,-3.582083,-0.000000,-3.582083,-0.384043,0.000000,0.384043,0.023354,-0.001180,0.030969,0.030969,0.007615,0.053492,0.054671,0.030723,0.025794,0.000061,0.053303,0.000189,1.202770,0.000000,1.202770,1.202770,1.202770,0.601385,0.601385,0,0,1,0,0.000000,0.080000,0.008000,0.001000,7.000000,0.160000,22.000000,0.025000,0.000000
10.085000,0.500000,0.640000,-3.584033,-0.000000,-3.584033,-0.384349,0.000000,0.384349,0.023342,-0.001180,0.030969,0.030969,0.007626,0.053574,0.054755,0.030748,0.025810,0.000061,0.053385,0.000189,1.204599,0.000416,1.205015,1.205015,1.205015,0.602508,0.602508,0,0,1,0,0.000000,0.080000,0.008000,0.001000,7.000000,0.160000,22.000000,0.025000,0.000000
10.090000,0.500000,0.640000,-3.585985,-0.000000,-3.585985,-0.384654,0.000000,0.384654,0.023342,-0.001180,0.030969,0.030969,0.007626,0.053574,0.054755,0.030772,0.025825,0.000061,0.053385,0.000189,1.204599,0.000000,1.204599,1.204599,1.204599,0.602300,0.602300,0,0,1,0,0.000000,0.080000,0.008000,0.001000,7.000000,0.160000,22.000000,0.025000,0.000000
10.095000,0.500000,0.640000,-3.587938,-0.000000,-3.587938,-0.384958,0.000000,0.384958,0.023330,-0.001191,0.030969,0.030969,0.007639,0.053661,0.054852,0.030797,0.025841,0.000061,0.053470,0.000191,1.206739,0.000486,1.207225,1.207225,1.207225,0.603612,0.603612,0,0,1,0,0.000000,0.080000,0.008000,0.001000,7.000000,0.160000,22.000000,0.025000,0.000000
10.100000,0.500000,0.640000,-3.589893,-0.000000,-3.589893,-0.385262,0.000000,0.385262,0.023330,-0.001191,0.030969,0.030969,0.007639,0.053661,0.054852,0.030821,0.025856,0.000061,0.053470,0.000191,1.206739,0.000000,1.206739,1.206739,1.206739,0.603369,0.603369,0,0,1,0,0.000000,0.080000,0.008000,0.001000,7.000000,0.160000,22.000000,0.025000,0.000000
10.109000,0.500000,0.640000,-3.593806,-0.000000,-3.593806,-0.385871,0.000000,0.385871,0.023318,-0.001201,0.030969,0.030969,0.007651,0.053749,0.054950,0.030870,0.025884,0.000068,0.053557,0.000192,1.208906,0.000274,1.209180,1.209180,1.209180,0.604590,0.604590,0,0,1,0,0.000000,0.080000,0.008000,0.001000,7.000000,0.160000,22.000000,0.025000,0.000000
10.114000,0.500000,0.640000,-3.595766,-0.000000,-3.595766,-0.386175,0.000000,0.386175,0.023305,-0.001218,0.030969,0.030969,0.007664,0.053840,0.055058,0.030894,0.025899,0.000061,0.053646,0.000195,1.211286,0.000541,1.211827,1.211827,1.211827,0.605914,0.605914,0,0,1,0,0.000000,0.080000,0.008000,0.001000,7.000000,0.160000,22.000000,0.025000,0.000000
10.119000,0.500000,0.640000,-3.597726,-0.000000,-3.597726,-0.386479,0.000000,0.386479,0.023305,-0.001218,0.030969,0.030969,0.007664,0.053840,0.055058,0.030918,0.025915,0.000061,0.053646,0.000195,1.211286,0.000000,1.211286,1.211286,1.211286,0.605643,0.605643,0,0,1,0,0.000000,0.080000,0.008000,0.001000,7.000000,0.160000,22.000000,0.025000,0.000000
10.124000,0.500000,0.640000,-3.599688,-0.000000,-3.599688,-0.386784,0.000000,0.386784,0.023292,-0.001229,0.030969,0.030969,0.007677,0.053932,0.055161,0.030943,0.025930,0.000061,0.053736,0.000197,1.213547,0.000514,1.214061,1.214061,1.214061,0.607031,0.607031,0,0,1,0,0.000000,0.080000,0.008000,0.001000,7.000000,0.160000,22.000000,0.025000,0.000000
10.129000,0.500000,0.640000,-3.601652,-0.000000,-3.601652,-0.387089,0.000000,0.387089,0.023292,-0.001229,0.030969,0.030969,0.007677,0.053932,0.055161,0.030967,0.025946,0.000061,0.053736,0.000197,1.213547,0.000000,1.213547,1.213547,1.213547,0.606774,0.606774,0,0,1,0,0.000000,0.080000,0.008000,0.001000,7.000000,0.160000,22.000000,0.025000,0.000000
10.134000,0.500000,0.640000,-3.603618,-0.000000,-3.603618,-0.387395,0.000000,0.387395,0.023280,-0.001234,0.030969,0.030969,0.007689,0.054022,0.055255,0.030992,0.025961,0.000061,0.053825,0.000197,1.215621,0.000471,1.216092,1.216092,1.216092,0.608046,0.608046,0,0,1,0,0.000000,0.080000,0.008000,0.001000,7.000000,0.160000,22.000000,0.025000,0.000000
10.139000,0.500000,0.640000,-3.605585,-0.000000,-3.605585,-0.387702,0.000000,0.387702,0.023280,-0.001234,0.030969,0.030969,0.007689,0.054022,0.055255,0.031016,0.025977,0.000061,0.053825,0.000197,1.215621,0.000000,1.215621,1.215621,1.215621,0.607810,0.607810,0,0,1,0,0.000000,0.080000,0.008000,0.001000,7.000000,0.160000,22.000000,0.025000,0.000000
10.144000,0.500000,0.640000,-3.607553,-0.000000,-3.607553,-0.388010,0.000000,0.388010,0.023267,-0.001232,0.030969,0.030969,0.007702,0.054109,0.055341,0.031041,0.025992,0.000062,0.053912,0.000197,1.217498,0.000427,1.217925,1.217925,1.217925,0.608963,0.608963,0,0,1,0,0.000000,0.080000,0.008000,0.001000,7.000000,0.160000,22.000000,0.025000,0.000000
10.149000,0.500000,0.640000,-3.609524,-0.000000,-3.609524,-0.388319,0.000000,0.388319,0.023267,-0.001232,0.030969,0.030969,0.007702,0.054109,0.055341,0.031065,0.026008,0.000062,0.053912,0.000197,1.217498,0.000000,1.217498,1.217498,1.217498,0.608749,0.608749,0,0,1,0,0.000000,0.080000,0.008000,0.001000,7.000000,0.160000,22.000000,0.025000,0.000000
10.154000,0.500000,0.640000,-3.611496,-0.000000,-3.611496,-0.388628,0.000000,0.388628,0.023255,-0.001226,0.030969,0.030969,0.007714,0.054193,0.055419,0.031090,0.026023,0.000062,0.053997,0.000196,1.219212,0.000389,1.219601,1.219601,1.219601,0.609801,0.609801,0,0,1,0,0.000000,0.080000,0.008000,0.001000,7.000000,0.160000,22.000000,0.025000,0.000000
10.163000,0.500000,0.640000,-3.615444,-0.000000,-3.615444,-0.389248,0.000000,0.389248,0.023243,-0.001217,0.030969,0.030969,0.007726,0.054275,0.055492,0.031140,0.026051,0.000069,0.054080,0.000195,1.220824,0.000203,1.221027,1.221027,1.221027,0.610513,0.610513,0,0,1,0,0.000000,0.080000,0.008000,0.001000,7.000000,0.160000,22.000000,0.025000,0.000000
10.168000,0.500000,0.640000,-3.617421,-0.000000,-3.617421,-0.389558,0.000000,0.389558,0.023243,-0.001217,0.030969,0.030969,0.007726,0.054275,0.055492,0.031165,0.026067,0.000062,0.054080,0.000195,1.220824,0.000000,1.220824,1.220824,1.220824,0.610412,0.610412,0,0,1,0,0.000000,0.080000,0.008000,0.001000,7.000000,0.160000,22.000000,0.025000,0.000000
10.173000,0.500000,0.640000,-3.619399,-0.000000,-3.619399,-0.389870,0.000000,0.389870,0.023231,-0.001208,0.030969,0.030969,0.007737,0.054355,0.055563,0.031190,0.026083,0.000062,0.054162,0.000193,1.222386,0.000355,1.222741,1.222741,1.222741,0.611370,0.611370,0,0,1,0,0.000000,0.080000,0.008000,0.001000,7.000000,0.160000,22.000000,0.025000,0.000000
10.178000,0.500000,0.640000,-3.621379,-0.000000,-3.621379,-0.390181,0.000000,0.390181,0.023231,-0.001208,0.030969,0.030969,0.007737,0.054355,0.055563,0.031214,0.026098,0.000062,0.054162,0.000193,1.222386,0.000000,1.222386,1.222386,1.222386,0.611193,0.611193,0,0,1,0,0.000000,0.080000,0.008000,0.001000,7.000000,0.160000,22.000000,0.025000,0.000000
10.183000,0.500000,0.640000,-3.623360,-0.000000,-3.623360,-0.390492,0.000000,0.390492,0.023220,-0.001200,0.030969,0.030969,0.007749,0.054436,0.055637,0.031239,0.026114,0.000062,0.054244,0.000192,1.224004,0.000368,1.224372,1.224372,1.224372,0.612186,0.612186,0,0,1,0,0.000000,0.080000,0.008000,0.001000,7.000000,0.160000,22.000000,0.025000,0.000000
10.192000,0.500000,0.640000,-3.627328,-0.000000,-3.627328,-0.391115,0.000000,0.391115,0.023208,-0.001197,0.030969,0.030969,0.007761,0.054518,0.055715,0.031289,0.026142,0.000069,0.054327,0.000192,1.225737,0.000219,1.225956,1.225956,1.225956,0.612978,0.612978,0,0,1,0,0.000000,0.080000,0.008000,0.001000,7.000000,0.160000,22.000000,0.025000,0.000000
10.197000,0.500000,0.640000,-3.629314,-0.000000,-3.629314,-0.391426,0.000000,0.391426,0.023208,-0.001197,0.030969,0.030969,0.007761,0.054518,0.055715,0.031314,0.026158,0.000062,0.054327,0.000192,1.225737,0.000000,1.225737,1.225737,1.225737,0.612869,0.612869,0,0,1,0,0.000000,0.080000,0.008000,0.001000,7.000000,0.160000,22.000000,0.025000,0.000000
10.202000,0.500000,0.640000,-3.631302,-0.000000,-3.631302,-0.391737,0.000000,0.391737,0.023196,-0.001198,0.030969,0.030969,0.007773,0.054602,0.055800,0.031339,0.026173,0.000062,0.054410,0.000192,1.227596,0.000422,1.228018,1.228018,1.228018,0.614009,0.614009,0,0,1,0,0.000000,0.080000,0.008000,0.001000,7.000000,0.160000,22.000000,0.025000,0.000000
10.207000,0.500000,0.640000,-3.633291,-0.000000,-3.633291,-0.392048,0.000000,0.392048,0.023196,-0.001198,0.030969,0.030969,0.007773,0.054602,0.055800,0.031364,0.026189,0.000062,0.054410,0.000192,1.227596,0.000000,1.227596,1.227596,1.227596,0.613798,0.613798,0,0,1,0,0.000000,0.080000,0.008000,0.001000,7.000000,0.160000,22.000000,0.025000,0.000000
10.212000,0.500000,0.640000,-3.635281,-0.000000,-3.635281,-0.392359,0.000000,0.392359,0.023184,-0.001203,0.030969,0.030969,0.007785,0.054688,0.055891,0.031389,0.026205,0.000062,0.054496,0.000192,1.229606,0.000457,1.230063,1.230063,1.230063,0.615031,0.615031,0,0,1,0,0.000000,0.080000,0.008000,0.001000,7.000000,0.160000,22.000000,0.025000,0.000000
10.217000,0.500000,0.640000,-3.637274,-0.000000,-3.637274,-0.392670,0.000000,0.392670,0.023184,-0.001203,0.030969,0.030969,0.007785,0.054688,0.055891,0.031414,0.026220,0.000062,0.054496,0.000192,1.229606,0.000000,1.229606,1.229606,1.229606,0.614803,0.614803,0,0,1,0,0.000000,0.080000,0.008000,0.001000,7.000000,0.160000,22.000000,0.025000,0.000000
10.222000,0.500000,0.640000,-3.639268,-0.000000,-3.639268,-0.392981,0.000000,0.392981,0.023171,-0.001212,0.030969,0.030969,0.007798,0.054777,0.055988,0.031438,0.026236,0.000062,0.054583,0.000194,1.231738,0.000485,1.232223,1.232223,1.232223,0.616112,0.616112,0,0,1,0,0.000000,0.080000,0.008000,0.001000,7.000000,0.160000,22.000000,0.025000,0.000000
10.227000,0.500000,0.640000,-3.641263,-0.000000,-3.641263,-0.393291,0.000000,0.393291,0.023171,-0.001212,0.030969,0.030969,0.007798,0.054777,0.055988,0.031463,0.026252,0.000062,0.054583,0.000194,1.231738,0.000000,1.231738,1.231738,1.231738,0.615869,0.615869,0,0,1,0,0.000000,0.080000,0.008000,0.001000,7.000000,0.160000,22.000000,0.025000,0.000000
10.236000,0.500000,0.640000,-3.645258,-0.000000,-3.645258,-0.393913,0.000000,0.393913,0.023159,-0.001222,0.030969,0.030969,0.007810,0.054867,0.056088,0.031513,0.026280,0.000069,0.054671,0.000195,1.233945,0.000279,1.234224,1.234224,1.234224,0.617112,0.617112,0,0,1,0,0.000000,0.080000,0.008000,0.001000,7.000000,0.160000,22.000000,0.025000,0.000000
10.241000,0.500000,0.640000,-3.647258,-0.000000,-3.647258,-0.394223,0.000000,0.394223,0.023146,-0.001240,0.030969,0.030969,0.007823,0.054960,0.056200,0.031538,0.026296,0.000062,0.054761,0.000198,1.236405,0.000559,1.236964,1.236964,1.236964,0.618482,0.618482,0,0,1,0,0.000000,0.080000,0.008000,0.001000,7.000000,0.160000,22.000000,0.025000,0.000000
10.246000,0.500000,0.640000,-3.649260,-0.000000,-3.649260,-0.394533,0.000000,0.394533,0.023146,-0.001240,0.030969,0.030969,0.007823,0.054960,0.056200,0.031563,0.026312,0.000062,0.054761,0.000198,1.236405,0.000000,1.236405,1.236405,1.236405,0.618202,0.618202,0,0,1,0,0.000000,0.080000,0.008000,0.001000,7.000000,0.160000,22.000000,0.025000,0.000000
10.254000,0.500000,0.640000,-3.651263,-0.000000,-3.651263,-0.394844,0.000000,0.394844,0.023132,-0.001253,0.030969,0.030969,0.007836,0.055054,0.056308,0.031588,0.026337,0.000039,0.054854,0.000201,1.238767,0.000335,1.239102,1.239102,1.239102,0.619551,0.619551,0,0,1,0,0.000000,0.080000,0.008000,0.001000,7.000000,0.160000,22.000000,0.025000,0.000000
10.262000,0.500000,0.640000,-3.655274,-0.000000,-3.655274,-0.395468,0.000000,0.395468,0.023119,-0.001261,0.030969,0.030969,0.007849,0.055147,0.056408,0.031637,0.026362,0.000078,0.054945,0.000202,1.240966,0.000312,1.241278,1.241278,1.241278,0.620639,0.620639,0,0,1,0,0.000000,0.080000,0.008000,0.001000,7.000000,0.160000,22.000000,0.025000,0.000000
10.267000,0.500000,0.640000,-3.657282,-0.000000,-3.657282,-0.395781,0.000000,0.395781,0.023119,-0.001261,0.030969,0.030969,0.007849,0.055147,0.056408,0.031662,0.026378,0.000063,0.054945,0.000202,1.240966,0.000000,1.240966,1.240966,1.240966,0.620483,0.620483,0,0,1,0,0.000000,0.080000,0.008000,0.001000,7.000000,0.160000,22.000000,0.025000,0.000000
10.272000,0.500000,0.640000,-3.659292,-0.000000,-3.659292,-0.396095,0.000000,0.396095,0.023107,-0.001261,0.030969,0.030969,0.007862,0.055236,0.056497,0.031688,0.026394,0.000063,0.055035,0.000202,1.242943,0.000449,1.243393,1.243393,1.243393,0.621696,0.621696,0,0,1,0,0.000000,0.080000,0.008000,0.001000,7.000000,0.160000,22.000000,0.025000,0.000000
10.277000,0.500000,0.640000,-3.661303,-0.000000,-3.661303,-0.396410,0.000000,0.396410,0.023107,-0.001261,0.030969,0.030969,0.007862,0.055236,0.056497,0.031713,0.026410,0.000063,0.055035,0.000202,1.242943,0.000000,1.242943,1.242943,1.242943,0.621472,0.621472,0,0,1,0,0.000000,0.080000,0.008000,0.001000,7.000000,0.160000,22.000000,0.025000,0.000000
10.282000,0.500000,0.640000,-3.663316,-0.000000,-3.663316,-0.396725,0.000000,0.396725,0.023094,-0.001256,0.030969,0.030969,0.007875,0.055323,0.056579,0.031738,0.026426,0.000063,0.055122,0.000201,1.244736,0.000408,1.245144,1.245144,1.245144,0.622572,0.622572,0,0,1,0,0.000000,0.080000,0.008000,0.001000,7.000000,0.160000,22.000000,0.025000,0.000000
10.287000,0.500000,0.640000,-3.665330,-0.000000,-3.665330,-0.397041,0.000000,0.397041,0.023094,-0.001256,0.030969,0.030969,0.007875,0.055323,0.056579,0.031763,0.026442,0.000063,0.055122,0.000201,1.244736,0.000000,1.244736,1.244736,1.244736,0.622368,0.622368,0,0,1,0,0.000000,0.080000,0.008000,0.001000,7.000000,0.160000,22.000000,0.025000,0.000000
10.296000,0.500000,0.640000,-3.669364,-0.000000,-3.669364,-0.397675,0.000000,0.397675,0.023082,-0.001247,0.030969,0.030969,0.007887,0.055407,0.056655,0.031814,0.026470,0.000070,0.055208,0.000200,1.246400,0.000210,1.246610,1.246610,1.246610,0.623305,0.623305,0,0,1,0,0.000000,0.080000,0.008000,0.001000,7.000000,0.160000,22.000000,0.025000,0.000000
10.301000,0.500000,0.640000,-3.671384,-0.000000,-3.671384,-0.397991,0.000000,0.397991,0.023070,-0.001244,0.030969,0.030969,0.007899,0.055492,0.056736,0.031839,0.026486,0.000063,0.055293,0.000199,1.248189,0.000407,1.248595,1.248595,1.248595,0.624298,0.624298,0,0,1,0,0.000000,0.080000,0.008000,0.001000,7.000000,0.160000,22.000000,0.025000,0.000000
10.306000,0.500000,0.640000,-3.673405,-0.000000,-3.673405,-0.398308,0.000000,0.398308,0.023070,-0.001244,0.030969,0.030969,0.007899,0.055492,0.056736,0.031865,0.026502,0.000063,0.055293,0.000199,1.248189,0.000000,1.248189,1.248189,1.248189,0.624094,0.624094,0,0,1,0,0.000000,0.080000,0.008000,0.001000,7.000000,0.160000,22.000000,0.025000,0.000000
10.311000,0.500000,0.640000,-3.675428,-0.000000,-3.675428,-0.398626,0.000000,0.398626,0.023057,-0.001239,0.030969,0.030969,0.007911,0.055577,0.056816,0.031890,0.026518,0.000063,0.055379,0.000198,1.249961,0.000403,1.250363,1.250363,1.250363,0.625182,0.625182,0,0,1,0,0.000000,0.080000,0.008000,0.001000,7.000000,0.160000,22.000000,0.025000,0.000000
10.316000,0.500000,0.640000,-3.677452,-0.000000,-3.677452,-0.398943,0.000000,0.398943,0.023057,-0.001239,0.030969,0.030969,0.007911,0.055577,0.056816,0.031915,0.026534,0.000063,0.055379,0.000198,1.249961,0.000000,1.249961,1.249961,1.249961,0.624980,0.624980,0,0,1,0,0.000000,0.080000,0.008000,0.001000,7.000000,0.160000,22.000000,0.025000,0.000000
10.321000,0.500000,0.640000,-3.679478,-0.000000,-3.679478,-0.399261,0.000000,0.399261,0.023045,-0.001235,0.030969,0.030969,0.007924,0.055662,0.056898,0.031941,0.026550,0.000064,0.055465,0.000198,1.251749,0.000407,1.252156,1.252156,1.252156,0.626078,0.626078,0,0,1,0,0.000000,0.080000,0.008000,0.001000,7.000000,0.160000,22.000000,0.025000,0.000000
10.326000,0.500000,0.640000,-3.681505,-0.000000,-3.681505,-0.399578,0.000000,0.399578,0.023045,-0.001235,0.030969,0.030969,0.007924,0.055662,0.056898,0.031966,0.026566,0.000064,0.055465,0.000198,1.251749,0.000000,1.251749,1.251749,1.251749,0.625875,0.625875,0,0,1,0,0.000000,0.080000,0.008000,0.001000,7.000000,0.160000,22.000000,0.025000,0.000000
10.331000,0.500000,0.640000,-3.683534,-0.000000,-3.683534,-0.399896,0.000000,0.399896,0.023033,-0.001234,0.030969,0.030969,0.007936,0.055748,0.056982,0.031992,0.026582,0.000064,0.055550,0.000197,1.253594,0.000419,1.254013,1.254013,1.254013,0.627007,0.627007,0,0,1,0,0.000000,0.080000,0.008000,0.001000,7.000000,0.160000,22.000000,0.025000,0.000000
10.340000,0.500000,0.640000,-3.687597,-0.000000,-3.687597,-0.400532,0.000000,0.400532,0.023021,-0.001234,0.030969,0.030969,0.007948,0.055835,0.057069,0.032043,0.026611,0.000071,0.055637,0.000198,1.255518,0.000243,1.255761,1.255761,1.255761,0.627881,0.627881,0,0,1,0,0.000000,0.080000,0.008000,0.001000,7.000000,0.160000,22.000000,0.025000,0.000000
10.345000,0.500000,0.640000,-3.687597,-0.000000,-3.687597,-0.400532,0.000000,0.400532,0.023021,-0.001234,0.030969,0.030969,0.007948,0.055835,0.057069,0.032043,0.026627,0.000000,0.055637,0.000198,1.255518,0.000000,1.255518,1.255518,1.255518,0.627759,0.627759,0,0,1,0,0.000000,0.080000,0.008000,0.001000,7.000000,0.160000,22.000000,0.025000,0.000000
10.350000,0.500000,0.640000,-3.689631,-0.000000,-3.689631,-0.400851,0.000000,0.400851,0.023021,-0.001234,0.030969,0.030969,0.007948,0.055835,0.057069,0.032068,0.026643,0.000064,0.055637,0.000198,1.255518,0.000000,1.255518,1.255518,1.255518,0.627759,0.627759,0,0,1,0,0.000000,0.080000,0.008000,0.001000,7.000000,0.160000,22.000000,0.025000,0.000000
10.355000,0.500000,0.640000,-3.691666,-0.000000,-3.691666,-0.401169,0.000000,0.401169,0.023008,-0.001237,0.030969,0.030969,0.007961,0.055922,0.057159,0.032094,0.026659,0.000064,0.055724,0.000198,1.257503,0.000451,1.257955,1.257955,1.257955,0.628977,0.628977,0,0,1,0,0.000000,0.080000,0.008000,0.001000,7.000000,0.160000,22.000000,0.025000,0.000000
10.360000,0.500000,0.640000,-3.693703,-0.000000,-3.693703,-0.401487,0.000000,0.401487,0.023008,-0.001237,0.030969,0.030969,0.007961,0.055922,0.057159,0.032119,0.026675,0.000064,0.055724,0.000198,1.257503,0.000000,1.257503,1.257503,1.257503,0.628752,0.628752,0,0,1,0,0.000000,0.080000,0.008000,0.001000,7.000000,0.160000,22.000000,0.025000,0.000000
10.365000,0.500000,0.640000,-3.695742,-0.000000,-3.695742,-0.401804,0.000000,0.401804,0.022995,-0.001250,0.030969,0.030969,0.007973,0.056013,0.057263,0.032144,0.026691,0.000063,0.055813,0.000200,1.259783,0.000518,1.260301,1.260301,1.260301,0.630150,0.630150,0,0,1,0,0.000000,0.080000,0.008000,0.001000,7.000000,0.160000,22.000000,0.025000,0.000000
10.370000,0.500000,0.640000,-3.697782,-0.000000,-3.697782,-0.402122,0.000000,0.402122,0.022995,-0.001250,0.030969,0.030969,0.007973,0.056013,0.057263,0.032170,0.026707,0.000063,0.055813,0.000200,1.259783,0.000000,1.259783,1.259783,1.259783,0.629891,0.629891,0,0,1,0,0.000000,0.080000,0.008000,0.001000,7.000000,0.160000,22.000000,0.025000,0.000000
10.375000,0.500000,0.640000,-3.699824,-0.000000,-3.699824,-0.402438,0.000000,0.402438,0.022982,-0.001268,0.030969,0.030969,0.007987,0.056109,0.057377,0.032195,0.026723,0.000063,0.055906,0.000203,1.262291,0.000570,1.262861,1.262861,1.262861,0.631431,0.631431,0,0,1,0,0.000000,0.080000,0.008000,0.001000,7.000000,0.160000,22.000000,0.025000,0.000000
10.380000,0.500000,0.640000,-3.701867,-0.000000,-3.701867,-0.402755,0.000000,0.402755,0.022982,-0.001268,0.030969,0.030969,0.007987,0.056109,0.057377,0.032220,0.026739,0.000063,0.055906,0.000203,1.262291,0.000000,1.262291,1.262291,1.262291,0.631146,0.631146,0,0,1,0,0.000000,0.080000,0.008000,0.001000,7.000000,0.160000,22.000000,0.025000,0.000000
10.389000,0.500000,0.640000,-3.705958,-0.000000,-3.705958,-0.403390,0.000000,0.403390,0.022969,-0.001281,0.030969,0.030969,0.008000,0.056205,0.057487,0.032271,0.026768,0.000071,0.056000,0.000205,1.264707,0.000305,1.265012,1.265012,1.265012,0.632506,0.632506,0,0,1,0,0.000000,0.080000,0.008000,0.001000,7.000000,0.160000,22.000000,0.025000,0.000000
10.394000,0.500000,0.640000,-3.708006,-0.000000,-3.708006,-0.403708,0.000000,0.403708,0.022955,-0.001297,0.030969,0.030969,0.008013,0.056302,0.057599,0.032297,0.026784,0.000064,0.056094,0.000208,1.267177,0.000561,1.267738,1.267738,1.267738,0.633869,0.633869,0,0,1,0,0.000000,0.080000,0.008000,0.001000,7.000000,0.160000,22.000000,0.025000,0.000000
10.399000,0.500000,0.640000,-3.710056,-0.000000,-3.710056,-0.404026,0.000000,0.404026,0.022955,-0.001297,0.030969,0.030969,0.008013,0.056302,0.057599,0.032322,0.026801,0.000064,0.056094,0.000208,1.267177,0.000000,1.267177,1.267177,1.267177,0.633588,0.633588,0,0,1,0,0.000000,0.080000,0.008000,0.001000,7.000000,0.160000,22.000000,0.025000,0.000000
10.404000,0.500000,0.640000,-3.712107,-0.000000,-3.712107,-0.404346,0.000000,0.404346,0.022942,-0.001301,0.030969,0.030969,0.008027,0.056397,0.057698,0.032348,0.026817,0.000064,0.056189,0.000208,1.269359,0.000496,1.269854,1.269854,1.269854,0.634927,0.634927,0,0,1,0,0.000000,0.080000,0.008000,0.001000,7.000000,0.160000,22.000000,0.025000,0.000000
10.409000,0.500000,0.640000,-3.714161,-0.000000,-3.714161,-0.404667,0.000000,0.404667,0.022942,-0.001301,0.030969,0.030969,0.008027,0.056397,0.057698,0.032373,0.026833,0.000064,0.056189,0.000208,1.269359,0.000000,1.269359,1.269359,1.269359,0.634679,0.634679,0,0,1,0,0.000000,0.080000,0.008000,0.001000,7.000000,0.160000,22.000000,0.025000,0.000000
10.414000,0.500000,0.640000,-3.716215,-0.000000,-3.716215,-0.404989,0.000000,0.404989,0.022929,-0.001296,0.030969,0.030969,0.008040,0.056487,0.057783,0.032399,0.026849,0.000064,0.056280,0.000207,1.271234,0.000426,1.271661,1.271661,1.271661,0.635830,0.635830,0,0,1,0,0.000000,0.080000,0.008000,0.001000,7.000000,0.160000,22.000000,0.025000,0.000000
10.419000,0.500000,0.640000,-3.718272,-0.000000,-3.718272,-0.405311,0.000000,0.405311,0.022929,-0.001296,0.030969,0.030969,0.008040,0.056487,0.057783,0.032425,0.026865,0.000065,0.056280,0.000207,1.271234,0.000000,1.271234,1.271234,1.271234,0.635617,0.635617,0,0,1,0,0.000000,0.080000,0.008000,0.001000,7.000000,0.160000,22.000000,0.025000,0.000000
10.424000,0.500000,0.640000,-3.720330,-0.000000,-3.720330,-0.405635,0.000000,0.405635,0.022916,-0.001284,0.030969,0.030969,0.008053,0.056573,0.057858,0.032451,0.026882,0.000065,0.056368,0.000206,1.272866,0.000371,1.273237,1.273237,1.273237,0.636618,0.636618,0,0,1,0,0.000000,0.080000,0.008000,0.001000,7.000000,0.160000,22.000000,0.025000,0.000000
10.429000,0.500000,0.640000,-3.722390,-0.000000,-3.722390,-0.405959,0.000000,0.405959,0.022916,-0.001284,0.030969,0.030969,0.008053,0.056573,0.057858,0.032477,0.026898,0.000065,0.056368,0.000206,1.272866,0.000000,1.272866,1.272866,1.272866,0.636433,0.636433,0,0,1,0,0.000000,0.080000,0.008000,0.001000,7.000000,0.160000,22.000000,0.025000,0.000000
10.439000,0.500000,0.640000,-3.726515,-0.000000,-3.726515,-0.406610,0.000000,0.406610,0.022904,-0.001269,0.030969,0.030969,0.008065,0.056656,0.057925,0.032529,0.026930,0.000065,0.056453,0.000203,1.274358,0.000170,1.274527,1.274527,1.274527,0.637264,0.637264,0,0,1,0,0.000000,0.080000,0.008000,0.001000,7.000000,0.160000,22.000000,0.025000,0.000000
10.448000,0.500000,0.640000,-3.730646,-0.000000,-3.730646,-0.407259,0.000000,0.407259,0.022892,-0.001260,0.030969,0.030969,0.008077,0.056739,0.058000,0.032581,0.026960,0.000072,0.056538,0.000202,1.275991,0.000206,1.276197,1.276197,1.276197,0.638098,0.638098,0,0,1,0,0.000000,0.080000,0.008000,0.001000,7.000000,0.160000,22.000000,0.025000,0.000000
10.453000,0.500000,0.640000,-3.732715,-0.000000,-3.732715,-0.407583,0.000000,0.407583,0.022880,-0.001258,0.030969,0.030969,0.008089,0.056825,0.058084,0.032607,0.026976,0.000065,0.056624,0.000201,1.277840,0.000420,1.278260,1.278260,1.278260,0.639130,0.639130,0,0,1,0,0.000000,0.080000,0.008000,0.001000,7.000000,0.160000,22.000000,0.025000,0.000000
10.458000,0.500000,0.640000,-3.734784,-0.000000,-3.734784,-0.407908,0.000000,0.407908,0.022880,-0.001258,0.030969,0.030969,0.008089,0.056825,0.058084,0.032633,0.026992,0.000065,0.056624,0.000201,1.277840,0.000000,1.277840,1.277840,1.277840,0.638920,0.638920,0,0,1,0,0.000000,0.080000,0.008000,0.001000,7.000000,0.160000,22.000000,0.025000,0.000000
10.463000,0.500000,0.640000,-3.736856,-0.000000,-3.736856,-0.408232,0.000000,0.408232,0.022867,-0.001258,0.030969,0.030969,0.008102,0.056913,0.058171,0.032659,0.027009,0.000065,0.056712,0.000201,1.279755,0.000435,1.280190,1.280190,1.280190,0.640095,0.640095,0,0,1,0,0.000000,0.080000,0.008000,0.001000,7.000000,0.160000,22.000000,0.025000,0.000000
10.468000,0.500000,0.640000,-3.738929,-0.000000,-3.738929,-0.408557,0.000000,0.408557,0.022867,-0.001258,0.030969,0.030969,0.008102,0.056913,0.058171,0.032685,0.027025,0.000065,0.056712,0.000201,1.279755,0.000000,1.279755,1.279755,1.279755,0.639877,0.639877,0,0,1,0,0.000000,0.080000,0.008000,0.001000,7.000000,0.160000,22.000000,0.025000,0.000000
10.473000,0.500000,0.640000,-3.741003,-0.000000,-3.741003,-0.408882,0.000000,0.408882,0.022854,-0.001259,0.030969,0.030969,0.008114,0.057002,0.058261,0.032711,0.027041,0.000065,0.056800,0.000201,1.281745,0.000452,1.282198,1.282198,1.282198,0.641099,0.641099,0,0,1,0,0.000000,0.080000,0.008000,0.001000,7.000000,0.160000,22.000000,0.025000,0.000000
10.478000,0.500000,0.640000,-3.743079,-0.000000,-3.743079,-0.409206,0.000000,0.409206,0.022854,-0.001259,0.030969,0.030969,0.008114,0.057002,0.058261,0.032736,0.027058,0.000065,0.056800,0.000201,1.281745,0.000000,1.281745,1.281745,1.281745,0.640873,0.640873,0,0,1,0,0.000000,0.080000,0.008000,0.001000,7.000000,0.160000,22.000000,0.025000,0.000000
10.487000,0.500000,0.640000,-3.747237,-0.000000,-3.747237,-0.409856,0.000000,0.409856,0.022842,-0.001263,0.030969,0.030969,0.008127,0.057092,0.058355,0.032788,0.027087,0.000072,0.056890,0.000202,1.283813,0.000261,1.284074,1.284074,1.284074,0.642037,0.642037,0,0,1,0,0.000000,0.080000,0.008000,0.001000,7.000000,0.160000,22.000000,0.025000,0.000000
10.492000,0.500000,0.640000,-3.749318,-0.000000,-3.749318,-0.410179,0.000000,0.410179,0.022829,-0.001277,0.030969,0.030969,0.008140,0.057185,0.058462,0.032814,0.027104,0.000065,0.056981,0.000204,1.286165,0.000535,1.286699,1.286699,1.286699,0.643350,0.643350,0,0,1,0,0.000000,0.080000,0.008000,0.001000,7.000000,0.160000,22.000000,0.025000,0.000000
10.497000,0.500000,0.640000,-3.751400,-0.000000,-3.751400,-0.410503,0.000000,0.410503,0.022829,-0.001277,0.030969,0.030969,0.008140,0.057185,0.058462,0.032840,0.027104,0.000065,0.056981,0.000204,1.286165,0.000000,1.286165,1.286165,1.286165,0.643082,0.643082,0,0,1,0,0.000000,0.080000,0.008000,0.001000,7.000000,0.160000,22.000000,0.025000,0.000000
10.502000,0.500000,0.640000,-3.753485,-0.000000,-3.753485,-0.410828,0.000000,0.410828,0.022815,-0.001287,0.030969,0.030969,0.008154,0.057281,0.058568,0.032866,0.027104,0.000065,0.057075,0.000206,1.288500,0.000531,1.289030,1.289030,1.289030,0.644515,0.644515,0,0,1,0,0.000000,0.080000,0.008000,0.001000,7.000000,0.160000,22.000000,0.025000,0.000000
10.507000,0.500000,0.640000,-3.755571,-0.000000,-3.755571,-0.411152,0.000000,0.411152,0.022815,-0.001287,0.030969,0.030969,0.008154,0.057281,0.058568,0.032892,0.027104,0.000065,0.057075,0.000206,1.288500,0.000000,1.288500,1.288500,1.288500,0.644250,0.644250,0,0,1,0,0.000000,0.080000,0.008000,0.001000,7.000000,0.160000,22.000000,0.025000,0.000000
10.512000,0.500000,0.640000,-3.757658,-0.000000,-3.757658,-0.411478,0.000000,0.411478,0.022802,-0.001295,0.030969,0.030969,0.008167,0.057375,0.058670,0.032918,0.027104,0.000065,0.057168,0.000207,1.290748,0.000511,1.291259,1.291259,1.291259,0.645630,0.645630,0,0,1,0,0.000000,0.080000,0.008000,0.001000,7.000000,0.160000,22.000000,0.025000,0.000000
10.517000,0.500000,0.640000,-3.759748,-0.000000,-3.759748,-0.411804,0.000000,0.411804,0.022802,-0.001295,0.030969,0.030969,0.008167,0.057375,0.058670,0.032944,0.027104,0.000065,0.057168,0.000207,1.290748,0.000000,1.290748,1.290748,1.290748,0.645374,0.645374,0,0,1,0,0.000000,0.080000,0.008000,0.001000,7.000000,0.160000,22.000000,0.025000,0.000000
10.522000,0.500000,0.640000,-3.761839,-0.000000,-3.761839,-0.412130,0.000000,0.412130,0.022789,-0.001298,0.030969,0.030969,0.008180,0.057469,0.058767,0.032970,0.027104,0.000065,0.057261,0.000208,1.292881,0.000485,1.293365,1.293365,1.293365,0.646683,0.646683,0,0,1,0,0.000000,0.080000,0.008000,0.001000,7.000000,0.160000,22.000000,0.025000,0.000000
10.527000,0.500000,0.640000,-3.763931,-0.000000,-3.763931,-0.412457,0.000000,0.412457,0.022789,-0.001298,0.030969,0.030969,0.008180,0.057469,0.058767,0.032997,0.027104,0.000065,0.057261,0.000208,1.292881,0.000000,1.292881,1.292881,1.292881,0.646440,0.646440,0,0,1,0,0.000000,0.080000,0.008000,0.001000,7.000000,0.160000,22.000000,0.025000,0.000000
10.536000,0.500000,0.640000,-3.768122,-0.000000,-3.768122,-0.413113,0.000000,0.413113,0.022775,-0.001298,0.030969,0.030969,0.008193,0.057561,0.058859,0.033049,0.027104,0.000073,0.057353,0.000208,1.294893,0.000254,1.295147,1.295147,1.295147,0.647574,0.647574,0,0,1,0,0.000000,0.080000,0.008000,0.001000,7.000000,0.160000,22.000000,0.025000,0.000000
10.541000,0.500000,0.640000,-3.770219,-0.000000,-3.770219,-0.413440,0.000000,0.413440,0.022762,-0.001303,0.030969,0.030969,0.008206,0.057653,0.058956,0.033075,0.027104,0.000066,0.057444,0.000208,1.297022,0.000484,1.297506,1.297506,1.297506,0.648753,0.648753,0,0,1,0,0.000000,0.080000,0.008000,0.001000,7.000000,0.160000,22.000000,0.025000,0.000000
10.546000,0.500000,0.640000,-3.772319,-0.000000,-3.772319,-0.413768,0.000000,0.413768,0.022762,-0.001303,0.030969,0.030969,0.008206,0.057653,0.058956,0.033101,0.027104,0.000066,0.057444,0.000208,1.297022,0.000000,1.297022,1.297022,1.297022,0.648511,0.648511,0,0,1,0,0.000000,0.080000,0.008000,0.001000,7.000000,0.160000,22.000000,0.025000,0.000000
10.551000,0.500000,0.640000,-3.774420,-0.000000,-3.774420,-0.414097,0.000000,0.414097,0.022749,-0.001303,0.030969,0.030969,0.008219,0.057745,0.059047,0.033128,0.027104,0.000066,0.057536,0.000208,1.299038,0.000458,1.299496,1.299496,1.299496,0.649748,0.649748,0,0,1,0,0.000000,0.080000,0.008000,0.001000,7.000000,0.160000,22.000000,0.025000,0.000000
10.556000,0.500000,0.640000,-3.776523,-0.000000,-3.776523,-0.414426,0.000000,0.414426,0.022749,-0.001303,0.030969,0.030969,0.008219,0.057745,0.059047,0.033154,0.027104,0.000066,0.057536,0.000208,1.299038,0.000000,1.299038,1.299038,1.299038,0.649519,0.649519,0,0,1,0,0.000000,0.080000,0.008000,0.001000,7.000000,0.160000,22.000000,0.025000,0.000000
10.561000,0.500000,0.640000,-3.778627,-0.000000,-3.778627,-0.414756,0.000000,0.414756,0.022736,-0.001299,0.030969,0.030969,0.008232,0.057835,0.059134,0.033180,0.027104,0.000066,0.057627,0.000208,1.300949,0.000434,1.301383,1.301383,1.301383,0.650692,0.650692,0,0,1,0,0.000000,0.080000,0.008000,0.001000,7.000000,0.160000,22.000000,0.025000,0.000000
10.566000,0.500000,0.640000,-3.780733,-0.000000,-3.780733,-0.415086,0.000000,0.415086,0.022736,-0.001299,0.030969,0.030969,0.008232,0.057835,0.059134,0.033207,0.027104,0.000066,0.057627,0.000208,1.300949,0.000000,1.300949,1.300949,1.300949,0.650474,0.650474,0,0,1,0,0.000000,0.080000,0.008000,0.001000,7.000000,0.160000,22.000000,0.025000,0.000000
10.571000,0.500000,0.640000,-3.782841,-0.000000,-3.782841,-0.415417,0.000000,0.415417,0.022723,-0.001294,0.030969,0.030969,0.008245,0.057924,0.059218,0.033233,0.027104,0.000066,0.057717,0.000207,1.302799,0.000420,1.303220,1.303220,1.303220,0.651610,0.651610,0,0,1,0,0.000000,0.080000,0.008000,0.001000,7.000000,0.160000,22.000000,0.025000,0.000000
10.576000,0.500000,0.640000,-3.784950,-0.000000,-3.784950,-0.415748,0.000000,0.415748,0.022723,-0.001294,0.030969,0.030969,0.008245,0.057924,0.059218,0.033260,0.027104,0.000066,0.057717,0.000207,1.302799,0.000000,1.302799,1.302799,1.302799,0.651400,0.651400,0,0,1,0,0.000000,0.080000,0.008000,0.001000,7.000000,0.160000,22.000000,0.025000,0.000000
10.581000,0.500000,0.640000,-3.787062,-0.000000,-3.787062,-0.416079,0.000000,0.416079,0.022711,-0.001289,0.030969,0.030969,0.008258,0.058012,0.059302,0.033286,0.027104,0.000066,0.057806,0.000206,1.304639,0.000418,1.305057,1.305057,1.305057,0.652528,0.652528,0,0,1,0,0.000000,0.080000,0.008000,0.001000,7.000000,0.160000,22.000000,0.025000,0.000000
10.590000,0.500000,0.640000,-3.791289,-0.000000,-3.791289,-0.416742,0.000000,0.416742,0.022698,-0.001286,0.030969,0.030969,0.008271,0.058101,0.059387,0.033339,0.027104,0.000074,0.057895,0.000206,1.306515,0.000237,1.306752,1.306752,1.306752,0.653376,0.653376,0,0,1,0,0.000000,0.080000,0.008000,0.001000,7.000000,0.160000,22.000000,0.025000,0.000000
10.595000,0.500000,0.640000,-3.793405,-0.000000,-3.793405,-0.417074,0.000000,0.417074,0.022698,-0.001286,0.030969,0.030969,0.008271,0.058101,0.059387,0.033366,0.027104,0.000066,0.057895,0.000206,1.306515,0.000000,1.306515,1.306515,1.306515,0.653258,0.653258,0,0,1,0,0.000000,0.080000,0.008000,0.001000,7.000000,0.160000,22.000000,0.025000,0.000000
10.600000,0.500000,0.640000,-3.795523,-0.000000,-3.795523,-0.417406,0.000000,0.417406,0.022685,-0.001285,0.030969,0.030969,0.008284,0.058190,0.059475,0.033392,0.027104,0.000066,0.057985,0.000206,1.308440,0.000438,1.308878,1.308878,1.308878,0.654439,0.654439,0,0,1,0,0.000000,0.080000,0.008000,0.001000,7.000000,0.160000,22.000000,0.025000,0.000000
10.605000,0.500000,0.640000,-3.795523,-0.000000,-3.795523,-0.417406,0.000000,0.417406,0.022685,-0.001285,0.030969,0.030969,0.008284,0.058190,0.059475,0.033392,0.027104,0.000000,0.057985,0.000206,1.308440,0.000000,1.308440,1.308440,1.308440,0.654220,0.654220,0,0,1,0,0.000000,0.080000,0.008000,0.001000,7.000000,0.160000,22.000000,0.025000,0.000000
10.610000,0.500000,0.640000,-3.797643,-0.000000,-3.797643,-0.417738,0.000000,0.417738,0.022685,-0.001285,0.030969,0.030969,0.008284,0.058190,0.059475,0.033419,0.027104,0.000066,0.057985,0.000206,1.308440,0.000000,1.308440,1.308440,1.308440,0.654220,0.654220,0,0,1,0,0.000000,0.080000,0.008000,0.001000,7.000000,0.160000,22.000000,0.025000,0.000000
10.615000,0.500000,0.640000,-3.799764,-0.000000,-3.799764,-0.418070,0.000000,0.418070,0.022672,-0.001286,0.030969,0.030969,0.008296,0.058281,0.059567,0.033446,0.027104,0.000066,0.058075,0.000206,1.310465,0.000460,1.310926,1.310926,1.310926,0.655463,0.655463,0,0,1,0,0.000000,0.080000,0.008000,0.001000,7.000000,0.160000,22.000000,0.025000,0.000000
10.620000,0.500000,0.640000,-3.801887,-0.000000,-3.801887,-0.418402,0.000000,0.418402,0.022672,-0.001286,0.030969,0.030969,0.008296,0.058281,0.059567,0.033472,0.027104,0.000066,0.058075,0.000206,1.310465,0.000000,1.310465,1.310465,1.310465,0.655233,0.655233,0,0,1,0,0.000000,0.080000,0.008000,0.001000,7.000000,0.160000,22.000000,0.025000,0.000000
10.625000,0.500000,0.640000,-3.804011,-0.000000,-3.804011,-0.418733,0.000000,0.418733,0.022659,-0.001298,0.030969,0.030969,0.008310,0.058375,0.059673,0.033499,0.027104,0.000066,0.058167,0.000208,1.312806,0.000532,1.313338,1.313338,1.313338,0.656669,0.656669,0,0,1,0,0.000000,0.080000,0.008000,0.001000,7.000000,0.160000,22.000000,0.025000,0.000000
10.630000,0.500000,0.640000,-3.806137,-0.000000,-3.806137,-0.419064,0.000000,0.419064,0.022659,-0.001298,0.030969,0.030969,0.008310,0.058375,0.059673,0.033525,0.027104,0.000066,0.058167,0.000208,1.312806,0.000000,1.312806,1.312806,1.312806,0.656403,0.656403,0,0,1,0,0.000000,0.080000,0.008000,0.001000,7.000000,0.160000,22.000000,0.025000,0.000000
10.635000,0.500000,0.640000,-3.808265,-0.000000,-3.808265,-0.419395,0.000000,0.419395,0.022646,-0.001308,0.030969,0.030969,0.008323,0.058471,0.059780,0.033552,0.027104,0.000066,0.058262,0.000209,1.315153,0.000533,1.315687,1.315687,1.315687,0.657843,0.657843,0,0,1,0,0.000000,0.080000,0.008000,0.001000,7.000000,0.160000,22.000000,0.025000,0.000000
10.644000,0.500000,0.640000,-3.812526,-0.000000,-3.812526,-0.420059,0.000000,0.420059,0.022632,-0.001317,0.030969,0.030969,0.008337,0.058568,0.059885,0.033605,0.027104,0.000074,0.058357,0.000211,1.317460,0.000291,1.317751,1.317751,1.317751,0.658876,0.658876,0,0,1,0,0.000000,0.080000,0.008000,0.001000,7.000000,0.160000,22.000000,0.025000,0.000000
10.649000,0.500000,0.640000,-3.814659,-0.000000,-3.814659,-0.420392,0.000000,0.420392,0.022632,-0.001317,0.030969,0.030969,0.008337,0.058568,0.059885,0.033631,0.027104,0.000067,0.058357,0.000211,1.317460,0.000000,1.317460,1.317460,1.317460,0.658730,0.658730,0,0,1,0,0.000000,0.080000,0.008000,0.001000,7.000000,0.160000,22.000000,0.025000,0.000000
10.654000,0.500000,0.640000,-3.816793,-0.000000,-3.816793,-0.420725,0.000000,0.420725,0.022619,-0.001321,0.030969,0.030969,0.008350,0.058663,0.059984,0.033658,0.027104,0.000067,0.058452,0.000211,1.319659,0.000500,1.320158,1.320158,1.320158,0.660079,0.660079,0,0,1,0,0.000000,0.080000,0.008000,0.001000,7.000000,0.160000,22.000000,0.025000,0.000000
10.659000,0.500000,0.640000,-3.818930,-0.000000,-3.818930,-0.421059,0.000000,0.421059,0.022619,-0.001321,0.030969,0.030969,0.008350,0.058663,0.059984,0.033685,0.027104,0.000067,0.058452,0.000211,1.319659,0.000000,1.319659,1.319659,1.319659,0.659829,0.659829,0,0,1,0,0.000000,0.080000,0.008000,0.001000,7.000000,0.160000,22.000000,0.025000,0.000000
10.664000,0.500000,0.640000,-3.821068,-0.000000,-3.821068,-0.421393,0.000000,0.421393,0.022605,-0.001323,0.030969,0.030969,0.008364,0.058757,0.060081,0.033711,0.027104,0.000067,0.058545,0.000212,1.321772,0.000480,1.322252,1.322252,1.322252,0.661126,0.661126,0,0,1,0,0.000000,0.080000,0.008000,0.001000,7.000000,0.160000,22.000000,0.025000,0.000000
10.669000,0.500000,0.640000,-3.823207,-0.000000,-3.823207,-0.421727,0.000000,0.421727,0.022605,-0.001323,0.030969,0.030969,0.008364,0.058757,0.060081,0.033738,0.027104,0.000067,0.058545,0.000212,1.321772,0.000000,1.321772,1.321772,1.321772,0.660886,0.660886,0,0,1,0,0.000000,0.080000,0.008000,0.001000,7.000000,0.160000,22.000000,0.025000,0.000000
10.674000,0.500000,0.640000,-3.825349,-0.000000,-3.825349,-0.422063,0.000000,0.422063,0.022592,-0.001323,0.030969,0.030969,0.008377,0.058850,0.060173,0.033765,0.027104,0.000067,0.058639,0.000212,1.323804,0.000462,1.324266,1.324266,1.324266,0.662133,0.662133,0,0,1,0,0.000000,0.080000,0.008000,0.001000,7.000000,0.160000,22.000000,0.025000,0.000000
10.679000,0.500000,0.640000,-3.827492,-0.000000,-3.827492,-0.422398,0.000000,0.422398,0.022592,-0.001323,0.030969,0.030969,0.008377,0.058850,0.060173,0.033792,0.027104,0.000067,0.058639,0.000212,1.323804,0.000000,1.323804,1.323804,1.323804,0.661902,0.661902,0,0,1,0,0.000000,0.080000,0.008000,0.001000,7.000000,0.160000,22.000000,0.025000,0.000000
10.684000,0.500000,0.640000,-3.829637,-0.000000,-3.829637,-0.422734,0.000000,0.422734,0.022579,-0.001320,0.030969,0.030969,0.008390,0.058942,0.060263,0.033819,0.027104,0.000067,0.058731,0.000211,1.325779,0.000449,1.326228,1.326228,1.326228,0.663114,0.663114,0,0,1,0,0.000000,0.080000,0.008000,0.001000,7.000000,0.160000,22.000000,0.025000,0.000000
10.693000,0.500000,0.640000,-3.833932,-0.000000,-3.833932,-0.423407,0.000000,0.423407,0.022565,-0.001318,0.030969,0.030969,0.008403,0.059034,0.060351,0.033873,0.027104,0.000075,0.058823,0.000211,1.327729,0.000246,1.327975,1.327975,1.327975,0.663988,0.663988,0,0,1,0,0.000000,0.080000,0.008000,0.001000,7.000000,0.160000,22.000000,0.025000,0.000000
10.698000,0.500000,0.640000,-3.836082,-0.000000,-3.836082,-0.423744,0.000000,0.423744,0.022565,-0.001318,0.030969,0.030969,0.008403,0.059034,0.060351,0.033900,0.027104,0.000067,0.058823,0.000211,1.327729,0.000000,1.327729,1.327729,1.327729,0.663864,0.663864,0,0,1,0,0.000000,0.080000,0.008000,0.001000,7.000000,0.160000,22.000000,0.025000,0.000000
10.703000,0.500000,0.640000,-3.838234,-0.000000,-3.838234,-0.424082,0.000000,0.424082,0.022552,-0.001315,0.030969,0.030969,0.008416,0.059124,0.060439,0.033927,0.027104,0.000068,0.058914,0.000210,1.329661,0.000439,1.330100,1.330100,1.330100,0.665050,0.665050,0,0,1,0,0.000000,0.080000,0.008000,0.001000,7.000000,0.160000,22.000000,0.025000,0.000000
10.708000,0.500000,0.640000,-3.840387,-0.000000,-3.840387,-0.424419,0.000000,0.424419,0.022552,-0.001315,0.030969,0.030969,0.008416,0.059124,0.060439,0.033954,0.027104,0.000067,0.058914,0.000210,1.329661,0.000000,1.329661,1.329661,1.329661,0.664831,0.664831,0,0,1,0,0.000000,0.080000,0.008000,0.001000,7.000000,0.160000,22.000000,0.025000,0.000000
10.713000,0.500000,0.640000,-3.842542,-0.000000,-3.842542,-0.424757,0.000000,0.424757,0.022539,-0.001313,0.030969,0.030969,0.008429,0.059216,0.060529,0.033981,0.027104,0.000068,0.059006,0.000210,1.331641,0.000450,1.332092,1.332092,1.332092,0.666046,0.666046,0,0,1,0,0.000000,0.080000,0.008000,0.001000,7.000000,0.160000,22.000000,0.025000,0.000000
10.718000,0.500000,0.640000,-3.844699,-0.000000,-3.844699,-0.425094,0.000000,0.425094,0.022539,-0.001313,0.030969,0.030969,0.008429,0.059216,0.060529,0.034008,0.027104,0.000068,0.059006,0.000210,1.331641,0.000000,1.331641,1.331641,1.331641,0.665821,0.665821,0,0,1,0,0.000000,0.080000,0.008000,0.001000,7.000000,0.160000,22.000000,0.025000,0.000000
10.723000,0.500000,0.640000,-3.846858,-0.000000,-3.846858,-0.425433,0.000000,0.425433,0.022526,-0.001314,0.030969,0.030969,0.008443,0.059308,0.060622,0.034035,0.027104,0.000068,0.059098,0.000210,1.333691,0.000466,1.334157,1.334157,1.334157,0.667078,0.667078,0,0,1,0,0.000000,0.080000,0.008000,0.001000,7.000000,0.160000,22.000000,0.025000,0.000000
10.728000,0.500000,0.640000,-3.849018,-0.000000,-3.849018,-0.425770,0.000000,0.425770,0.022526,-0.001314,0.030969,0.030969,0.008443,0.059308,0.060622,0.034062,0.027104,0.000068,0.059098,0.000210,1.333691,0.000000,1.333691,1.333691,1.333691,0.666845,0.666845,0,0,1,0,0.000000,0.080000,0.008000,0.001000,7.000000,0.160000,22.000000,0.025000,0.000000
10.733000,0.500000,0.640000,-3.851180,-0.000000,-3.851180,-0.426109,0.000000,0.426109,0.022513,-0.001317,0.030969,0.030969,0.008456,0.059402,0.060719,0.034089,0.027104,0.000068,0.059191,0.000211,1.335816,0.000483,1.336299,1.336299,1.336299,0.668149,0.668149,0,0,1,0,0.000000,0.080000,0.008000,0.001000,7.000000,0.160000,22.000000,0.025000,0.000000
10.738000,0.500000,0.640000,-3.853344,-0.000000,-3.853344,-0.426446,0.000000,0.426446,0.022513,-0.001317,0.030969,0.030969,0.008456,0.059402,0.060719,0.034116,0.027104,0.000068,0.059191,0.000211,1.335816,0.000000,1.335816,1.335816,1.335816,0.667908,0.667908,0,0,1,0,0.000000,0.080000,0.008000,0.001000,7.000000,0.160000,22.000000,0.025000,0.000000
10.743000,0.500000,0.640000,-3.855509,-0.000000,-3.855509,-0.426785,0.000000,0.426785,0.022499,-0.001322,0.030969,0.030969,0.008469,0.059497,0.060819,0.034143,0.027104,0.000068,0.059285,0.000212,1.338008,0.000498,1.338506,1.338506,1.338506,0.669253,0.669253,0,0,1,0,0.000000,0.080000,0.008000,0.001000,7.000000,0.160000,22.000000,0.025000,0.000000
10.752000,0.500000,0.640000,-3.859845,-0.000000,-3.859845,-0.427462,0.000000,0.427462,0.022486,-0.001328,0.030969,0.030969,0.008483,0.059592,0.060920,0.034197,0.027104,0.000075,0.059380,0.000212,1.340247,0.000283,1.340529,1.340529,1.340529,0.670265,0.670265,0,0,1,0,0.000000,0.080000,0.008000,0.001000,7.000000,0.160000,22.000000,0.025000,0.000000
10.757000,0.500000,0.640000,-3.862016,-0.000000,-3.862016,-0.427801,0.000000,0.427801,0.022486,-0.001328,0.030969,0.030969,0.008483,0.059592,0.060920,0.034224,0.027104,0.000068,0.059380,0.000212,1.340247,0.000000,1.340247,1.340247,1.340247,0.670123,0.670123,0,0,1,0,0.000000,0.080000,0.008000,0.001000,7.000000,0.160000,22.000000,0.025000,0.000000
10.762000,0.500000,0.640000,-3.864188,-0.000000,-3.864188,-0.428140,0.000000,0.428140,0.022472,-0.001333,0.030969,0.030969,0.008496,0.059688,0.061022,0.034251,0.027104,0.000068,0.059475,0.000213,1.342476,0.000507,1.342983,1.342983,1.342983,0.671491,0.671491,0,0,1,0,0.000000,0.080000,0.008000,0.001000,7.000000,0.160000,22.000000,0.025000,0.000000
10.767000,0.500000,0.640000,-3.866362,-0.000000,-3.866362,-0.428479,0.000000,0.428479,0.022472,-0.001333,0.030969,0.030969,0.008496,0.059688,0.061022,0.034278,0.027104,0.000068,0.059475,0.000213,1.342476,0.000000,1.342476,1.342476,1.342476,0.671238,0.671238,0,0,1,0,0.000000,0.080000,0.008000,0.001000,7.000000,0.160000,22.000000,0.025000,0.000000
10.772000,0.500000,0.640000,-3.868538,-0.000000,-3.868538,-0.428819,0.000000,0.428819,0.022459,-0.001339,0.030969,0.030969,0.008510,0.059784,0.061123,0.034306,0.027104,0.000068,0.059570,0.000214,1.344707,0.000507,1.345214,1.345214,1.345214,0.672607,0.672607,0,0,1,0,0.000000,0.080000,0.008000,0.001000,7.000000,0.160000,22.000000,0.025000,0.000000
10.777000,0.500000,0.640000,-3.870715,-0.000000,-3.870715,-0.429159,0.000000,0.429159,0.022459,-0.001339,0.030969,0.030969,0.008510,0.059784,0.061123,0.034333,0.027104,0.000068,0.059570,0.000214,1.344707,0.000000,1.344707,1.344707,1.344707,0.672354,0.672354,0,0,1,0,0.000000,0.080000,0.008000,0.001000,7.000000,0.160000,22.000000,0.025000,0.000000
10.782000,0.500000,0.640000,-3.872894,-0.000000,-3.872894,-0.429499,0.000000,0.429499,0.022445,-0.001343,0.030969,0.030969,0.008524,0.059881,0.061224,0.034360,0.027104,0.000068,0.059666,0.000215,1.346920,0.000503,1.347423,1.347423,1.347423,0.673711,0.673711,0,0,1,0,0.000000,0.080000,0.008000,0.001000,7.000000,0.160000,22.000000,0.025000,0.000000
10.787000,0.500000,0.640000,-3.875075,-0.000000,-3.875075,-0.429840,0.000000,0.429840,0.022445,-0.001343,0.030969,0.030969,0.008524,0.059881,0.061224,0.034387,0.027104,0.000068,0.059666,0.000215,1.346920,0.000000,1.346920,1.346920,1.346920,0.673460,0.673460,0,0,1,0,0.000000,0.080000,0.008000,0.001000,7.000000,0.160000,22.000000,0.025000,0.000000
10.792000,0.500000,0.640000,-3.877258,-0.000000,-3.877258,-0.430181,0.000000,0.430181,0.022431,-0.001346,0.030969,0.030969,0.008537,0.059977,0.061323,0.034414,0.027104,0.000068,0.059762,0.000215,1.349101,0.000496,1.349597,1.349597,1.349597,0.674798,0.674798,0,0,1,0,0.000000,0.080000,0.008000,0.001000,7.000000,0.160000,22.000000,0.025000,0.000000
10.797000,0.500000,0.640000,-3.879442,-0.000000,-3.879442,-0.430522,0.000000,0.430522,0.022431,-0.001346,0.030969,0.030969,0.008537,0.059977,0.061323,0.034442,0.027104,0.000068,0.059762,0.000215,1.349101,0.000000,1.349101,1.349101,1.349101,0.674551,0.674551,0,0,1,0,0.000000,0.080000,0.008000,0.001000,7.000000,0.160000,22.000000,0.025000,0.000000
10.802000,0.500000,0.640000,-3.881628,-0.000000,-3.881628,-0.430864,0.000000,0.430864,0.022418,-0.001348,0.030969,0.030969,0.008551,0.060073,0.061420,0.034469,0.027104,0.000068,0.059857,0.000216,1.351247,0.000488,1.351734,1.351734,1.351734,0.675867,0.675867,0,0,1,0,0.000000,0.080000,0.008000,0.001000,7.000000,0.160000,22.000000,0.025000,0.000000
10.811000,0.500000,0.640000,-3.886005,-0.000000,-3.886005,-0.431549,0.000000,0.431549,0.022404,-0.001349,0.030969,0.030969,0.008565,0.060168,0.061516,0.034524,0.027104,0.000076,0.059952,0.000216,1.353360,0.000267,1.353627,1.353627,1.353627,0.676813,0.676813,0,0,1,0,0.000000,0.080000,0.008000,0.001000,7.000000,0.160000,22.000000,0.025000,0.000000
10.816000,0.500000,0.640000,-3.888197,-0.000000,-3.888197,-0.431892,0.000000,0.431892,0.022404,-0.001349,0.030969,0.030969,0.008565,0.060168,0.061516,0.034551,0.027104,0.000069,0.059952,0.000216,1.353360,0.000000,1.353360,1.353360,1.353360,0.676680,0.676680,0,0,1,0,0.000000,0.080000,0.008000,0.001000,7.000000,0.160000,22.000000,0.025000,0.000000
10.821000,0.500000,0.640000,-3.890390,-0.000000,-3.890390,-0.432235,0.000000,0.432235,0.022391,-0.001348,0.030969,0.030969,0.008578,0.060262,0.061610,0.034579,0.027104,0.000069,0.060047,0.000216,1.355423,0.000469,1.355892,1.355892,1.355892,0.677946,0.677946,0,0,1,0,0.000000,0.080000,0.008000,0.001000,7.000000,0.160000,22.000000,0.025000,0.000000
10.826000,0.500000,0.640000,-3.892585,-0.000000,-3.892585,-0.432579,0.000000,0.432579,0.022391,-0.001348,0.030969,0.030969,0.008578,0.060262,0.061610,0.034606,0.027104,0.000069,0.060047,0.000216,1.355423,0.000000,1.355423,1.355423,1.355423,0.677712,0.677712,0,0,1,0,0.000000,0.080000,0.008000,0.001000,7.000000,0.160000,22.000000,0.025000,0.000000
10.831000,0.500000,0.640000,-3.894781,-0.000000,-3.894781,-0.432923,0.000000,0.432923,0.022377,-0.001347,0.030969,0.030969,0.008592,0.060357,0.061704,0.034634,0.027104,0.000069,0.060141,0.000216,1.357490,0.000470,1.357960,1.357960,1.357960,0.678980,0.678980,0,0,1,0,0.000000,0.080000,0.008000,0.001000,7.000000,0.160000,22.000000,0.025000,0.000000
10.836000,0.500000,0.640000,-3.896980,-0.000000,-3.896980,-0.433267,0.000000,0.433267,0.022377,-0.001347,0.030969,0.030969,0.008592,0.060357,0.061704,0.034661,0.027104,0.000069,0.060141,0.000216,1.357490,0.000000,1.357490,1.357490,1.357490,0.678745,0.678745,0,0,1,0,0.000000,0.080000,0.008000,0.001000,7.000000,0.160000,22.000000,0.025000,0.000000
10.841000,0.500000,0.640000,-3.899180,-0.000000,-3.899180,-0.433612,0.000000,0.433612,0.022364,-0.001348,0.030969,0.030969,0.008605,0.060451,0.061799,0.034689,0.027104,0.000069,0.060236,0.000216,1.359576,0.000474,1.360050,1.360050,1.360050,0.680025,0.680025,0,0,1,0,0.000000,0.080000,0.008000,0.001000,7.000000,0.160000,22.000000,0.025000,0.000000
10.846000,0.500000,0.640000,-3.901382,-0.000000,-3.901382,-0.433956,0.000000,0.433956,0.022364,-0.001348,0.030969,0.030969,0.008605,0.060451,0.061799,0.034716,0.027104,0.000069,0.060236,0.000216,1.359576,0.000000,1.359576,1.359576,1.359576,0.679788,0.679788,0,0,1,0,0.000000,0.080000,0.008000,0.001000,7.000000,0.160000,22.000000,0.025000,0.000000
10.851000,0.500000,0.640000,-3.903585,-0.000000,-3.903585,-0.434301,0.000000,0.434301,0.022350,-0.001349,0.030969,0.030969,0.008619,0.060546,0.061895,0.034744,0.027104,0.000069,0.060331,0.000216,1.361695,0.000482,1.362176,1.362176,1.362176,0.681088,0.681088,0,0,1,0,0.000000,0.080000,0.008000,0.001000,7.000000,0.160000,22.000000,0.025000,0.000000
10.856000,0.500000,0.640000,-3.905790,-0.000000,-3.905790,-0.434646,0.000000,0.434646,0.022350,-0.001349,0.030969,0.030969,0.008619,0.060546,0.061895,0.034772,0.027104,0.000069,0.060331,0.000216,1.361695,0.000000,1.361695,1.361695,1.361695,0.680847,0.680847,0,0,1,0,0.000000,0.080000,0.008000,0.001000,7.000000,0.160000,22.000000,0.025000,0.000000
10.861000,0.500000,0.640000,-3.907998,-0.000000,-3.907998,-0.434991,0.000000,0.434991,0.022336,-0.001351,0.030969,0.030969,0.008632,0.060642,0.061993,0.034799,0.027104,0.000069,0.060426,0.000216,1.363851,0.000490,1.364342,1.364342,1.364342,0.682171,0.682171,0,0,1,0,0.000000,0.080000,0.008000,0.001000,7.000000,0.160000,22.000000,0.025000,0.000000
10.870000,0.500000,0.640000,-3.912417,-0.000000,-3.912417,-0.435682,0.000000,0.435682,0.022323,-0.001354,0.030969,0.030969,0.008646,0.060739,0.062093,0.034855,0.027104,0.000077,0.060522,0.000217,1.366044,0.000277,1.366321,1.366321,1.366321,0.683160,0.683160,0,0,1,0,0.000000,0.080000,0.008000,0.001000,7.000000,0.160000,22.000000,0.025000,0.000000
10.875000,0.500000,0.640000,-3.912417,-0.000000,-3.912417,-0.435682,0.000000,0.435682,0.022323,-0.001354,0.030969,0.030969,0.008646,0.060739,0.062093,0.034855,0.027104,0.000000,0.060522,0.000217,1.366044,0.000000,1.366044,1.366044,1.366044,0.683022,0.683022,0,0,1,0,0.000000,0.080000,0.008000,0.001000,7.000000,0.160000,22.000000,0.025000,0.000000
10.880000,0.500000,0.640000,-3.916843,-0.000000,-3.916843,-0.436374,0.000000,0.436374,0.022323,-0.001354,0.030969,0.030969,0.008646,0.060739,0.062093,0.034910,0.027104,0.000138,0.060522,0.000217,1.366044,0.000000,1.366044,1.366044,1.366044,0.683022,0.683022,0,0,1,0,0.000000,0.080000,0.008000,0.001000,7.000000,0.160000,22.000000,0.025000,0.000000
10.885000,0.500000,0.640000,-3.916843,-0.000000,-3.916843,-0.436374,0.000000,0.436374,0.022309,-0.001357,0.030969,0.030969,0.008660,0.060835,0.062193,0.034910,0.027104,0.000000,0.060618,0.000217,1.368236,0.000498,1.368734,1.368734,1.368734,0.684367,0.684367,0,0,1,0,0.000000,0.080000,0.008000,0.001000,7.000000,0.160000,22.000000,0.025000,0.000000
10.890000,0.500000,0.640000,-3.919059,-0.000000,-3.919059,-0.436720,0.000000,0.436720,0.022309,-0.001357,0.030969,0.030969,0.008660,0.060835,0.062193,0.034938,0.027104,0.000069,0.060618,0.000217,1.368236,0.000000,1.368236,1.368236,1.368236,0.684118,0.684118,0,0,1,0,0.000000,0.080000,0.008000,0.001000,7.000000,0.160000,22.000000,0.025000,0.000000
10.895000,0.500000,0.640000,-3.921276,-0.000000,-3.921276,-0.437066,0.000000,0.437066,0.022295,-0.001369,0.030969,0.030969,0.008674,0.060934,0.062304,0.034965,0.027104,0.000069,0.060715,0.000219,1.370687,0.000557,1.371244,1.371244,1.371244,0.685622,0.685622,0,0,1,0,0.000000,0.080000,0.008000,0.001000,7.000000,0.160000,22.000000,0.025000,0.000000
10.900000,0.500000,0.640000,-3.923496,-0.000000,-3.923496,-0.437411,0.000000,0.437411,0.022295,-0.001369,0.030969,0.030969,0.008674,0.060934,0.062304,0.034993,0.027104,0.000069,0.060715,0.000219,1.370687,0.000000,1.370687,1.370687,1.370687,0.685343,0.685343,0,0,1,0,0.000000,0.080000,0.008000,0.001000,7.000000,0.160000,22.000000,0.025000,0.000000
10.905000,0.500000,0.640000,-3.925717,-0.000000,-3.925717,-0.437758,0.000000,0.437758,0.022281,-0.001377,0.030969,0.030969,0.008688,0.061035,0.062412,0.035021,0.027104,0.000069,0.060815,0.000220,1.373071,0.000542,1.373612,1.373612,1.373612,0.686806,0.686806,0,0,1,0,0.000000,0.080000,0.008000,0.001000,7.000000,0.160000,22.000000,0.025000,0.000000
10.914000,0.500000,0.640000,-3.930164,-0.000000,-3.930164,-0.438452,0.000000,0.438452,0.022267,-0.001382,0.030969,0.030969,0.008702,0.061135,0.062516,0.035076,0.027104,0.000077,0.060914,0.000221,1.375360,0.000289,1.375649,1.375649,1.375649,0.687825,0.687825,0,0,1,0,0.000000,0.080000,0.008000,0.001000,7.000000,0.160000,22.000000,0.025000,0.000000
10.919000,0.500000,0.640000,-3.932390,-0.000000,-3.932390,-0.438800,0.000000,0.438800,0.022267,-0.001382,0.030969,0.030969,0.008702,0.061135,0.062516,0.035104,0.027104,0.000070,0.060914,0.000221,1.375360,0.000000,1.375360,1.375360,1.375360,0.687680,0.687680,0,0,1,0,0.000000,0.080000,0.008000,0.001000,7.000000,0.160000,22.000000,0.025000,0.000000
10.924000,0.500000,0.640000,-3.934618,-0.000000,-3.934618,-0.439148,0.000000,0.439148,0.022253,-0.001382,0.030969,0.030969,0.008716,0.061232,0.062614,0.035132,0.027104,0.000070,0.061011,0.000221,1.377514,0.000490,1.378004,1.378004,1.378004,0.689002,0.689002,0,0,1,0,0.000000,0.080000,0.008000,0.001000,7.000000,0.160000,22.000000,0.025000,0.000000
10.929000,0.500000,0.640000,-3.936848,-0.000000,-3.936848,-0.439497,0.000000,0.439497,0.022253,-0.001382,0.030969,0.030969,0.008716,0.061232,0.062614,0.035160,0.027104,0.000070,0.061011,0.000221,1.377514,0.000000,1.377514,1.377514,1.377514,0.688757,0.688757,0,0,1,0,0.000000,0.080000,0.008000,0.001000,7.000000,0.160000,22.000000,0.025000,0.000000
10.934000,0.500000,0.640000,-3.939080,-0.000000,-3.939080,-0.439847,0.000000,0.439847,0.022239,-0.001380,0.030969,0.030969,0.008730,0.061329,0.062709,0.035188,0.027104,0.000070,0.061108,0.000221,1.379587,0.000471,1.380058,1.380058,1.380058,0.690029,0.690029,0,0,1,0,0.000000,0.080000,0.008000,0.001000,7.000000,0.160000,22.000000,0.025000,0.000000
10.939000,0.500000,0.640000,-3.941314,-0.000000,-3.941314,-0.440197,0.000000,0.440197,0.022239,-0.001380,0.030969,0.030969,0.008730,0.061329,0.062709,0.035216,0.027104,0.000070,0.061108,0.000221,1.379587,0.000000,1.379587,1.379587,1.379587,0.689794,0.689794,0,0,1,0,0.000000,0.080000,0.008000,0.001000,7.000000,0.160000,22.000000,0.025000,0.000000
10.944000,0.500000,0.640000,-3.943549,-0.000000,-3.943549,-0.440547,0.000000,0.440547,0.022225,-0.001377,0.030969,0.030969,0.008743,0.061424,0.062800,0.035244,0.027104,0.000070,0.061204,0.000220,1.381611,0.000460,1.382070,1.382070,1.382070,0.691035,0.691035,0,0,1,0,0.000000,0.080000,0.008000,0.001000,7.000000,0.160000,22.000000,0.025000,0.000000
10.949000,0.500000,0.640000,-3.945786,-0.000000,-3.945786,-0.440898,0.000000,0.440898,0.022225,-0.001377,0.030969,0.030969,0.008743,0.061424,0.062800,0.035272,0.027104,0.000070,0.061204,0.000220,1.381611,0.000000,1.381611,1.381611,1.381611,0.690805,0.690805,0,0,1,0,0.000000,0.080000,0.008000,0.001000,7.000000,0.160000,22.000000,0.025000,0.000000
10.958000,0.500000,0.640000,-3.950266,-0.000000,-3.950266,-0.441600,0.000000,0.441600,0.022212,-0.001373,0.030969,0.030969,0.008757,0.061519,0.062892,0.035328,0.027104,0.000078,0.061299,0.000220,1.383624,0.000254,1.383878,1.383878,1.383878,0.691939,0.691939,0,0,1,0,0.000000,0.080000,0.008000,0.001000,7.000000,0.160000,22.000000,0.025000,0.000000
10.963000,0.500000,0.640000,-3.952508,-0.000000,-3.952508,-0.441951,0.000000,0.441951,0.022198,-0.001378,0.030969,0.030969,0.008771,0.061616,0.062995,0.035356,0.027104,0.000070,0.061396,0.000221,1.385881,0.000513,1.386394,1.386394,1.386394,0.693197,0.693197,0,0,1,0,0.000000,0.080000,0.008000,0.001000,7.000000,0.160000,22.000000,0.025000,0.000000
10.968000,0.500000,0.640000,-3.954752,-0.000000,-3.954752,-0.442301,0.000000,0.442301,0.022198,-0.001378,0.030969,0.030969,0.008771,0.061616,0.062995,0.035384,0.027104,0.000070,0.061396,0.000221,1.385881,0.000000,1.385881,1.385881,1.385881,0.692940,0.692940,0,0,1,0,0.000000,0.080000,0.008000,0.001000,7.000000,0.160000,22.000000,0.025000,0.000000
10.973000,0.500000,0.640000,-3.956998,-0.000000,-3.956998,-0.442652,0.000000,0.442652,0.022184,-0.001382,0.030969,0.030969,0.008785,0.061715,0.063097,0.035412,0.027104,0.000070,0.061494,0.000221,1.388141,0.000514,1.388654,1.388654,1.388654,0.694327,0.694327,0,0,1,0,0.000000,0.080000,0.008000,0.001000,7.000000,0.160000,22.000000,0.025000,0.000000
10.978000,0.500000,0.640000,-3.959246,-0.000000,-3.959246,-0.443003,0.000000,0.443003,0.022184,-0.001382,0.030969,0.030969,0.008785,0.061715,0.063097,0.035440,0.027104,0.000070,0.061494,0.000221,1.388141,0.000000,1.388141,1.388141,1.388141,0.694070,0.694070,0,0,1,0,0.000000,0.080000,0.008000,0.001000,7.000000,0.160000,22.000000,0.025000,0.000000
10.983000,0.500000,0.640000,-3.961495,-0.000000,-3.961495,-0.443355,0.000000,0.443355,0.022170,-0.001385,0.030969,0.030969,0.008799,0.061814,0.063199,0.035468,0.027104,0.000070,0.061592,0.000222,1.390380,0.000509,1.390889,1.390889,1.390889,0.695444,0.695444,0,0,1,0,0.000000,0.080000,0.008000,0.001000,7.000000,0.160000,22.000000,0.025000,0.000000
10.988000,0.500000,0.640000,-3.963746,-0.000000,-3.963746,-0.443707,0.000000,0.443707,0.022170,-0.001385,0.030969,0.030969,0.008799,0.061814,0.063199,0.035497,0.027104,0.000070,0.061592,0.000222,1.390380,0.000000,1.390380,1.390380,1.390380,0.695190,0.695190,0,0,1,0,0.000000,0.080000,0.008000,0.001000,7.000000,0.160000,22.000000,0.025000,0.000000
10.993000,0.500000,0.640000,-3.965999,-0.000000,-3.965999,-0.444059,0.000000,0.444059,0.022156,-0.001387,0.030969,0.030969,0.008813,0.061912,0.063300,0.035525,0.027104,0.000071,0.061690,0.000222,1.392596,0.000504,1.393099,1.393099,1.393099,0.696550,0.696550,0,0,1,0,0.000000,0.080000,0.008000,0.001000,7.000000,0.160000,22.000000,0.025000,0.000000
10.998000,0.500000,0.640000,-3.968254,-0.000000,-3.968254,-0.444412,0.000000,0.444412,0.022156,-0.001387,0.030969,0.030969,0.008813,0.061912,0.063300,0.035553,0.027104,0.000070,0.061690,0.000222,1.392596,0.000000,1.392596,1.392596,1.392596,0.696298,0.696298,0,0,1,0,0.000000,0.080000,0.008000,0.001000,7.000000,0.160000,22.000000,0.025000,0.000000
11.003000,0.500000,0.640000,-3.970511,-0.000000,-3.970511,-0.444765,0.000000,0.444765,0.022142,-0.001389,0.030969,0.030969,0.008827,0.062011,0.063400,0.035581,0.027104,0.000071,0.061788,0.000222,1.394790,0.000499,1.395288,1.395288,1.395288,0.697644,0.697644,0,0,1,0,0.000000,0.080000,0.008000,0.001000,7.000000,0.160000,22.000000,0.025000,0.000000
11.008000,0.500000,0.640000,-3.972769,-0.000000,-3.972769,-0.445118,0.000000,0.445118,0.022142,-0.001389,0.030969,0.030969,0.008827,0.062011,0.063400,0.035609,0.027104,0.000071,0.061788,0.000222,1.394790,0.000000,1.394790,1.394790,1.394790,0.697395,0.697395,0,0,1,0,0.000000,0.080000,0.008000,0.001000,7.000000,0.160000,22.000000,0.025000,0.000000
11.013000,0.500000,0.640000,-3.975030,-0.000000,-3.975030,-0.445472,0.000000,0.445472,0.022128,-0.001390,0.030969,0.030969,0.008841,0.062109,0.063499,0.035638,0.027104,0.000071,0.061886,0.000222,1.396969,0.000495,1.397464,1.397464,1.397464,0.698732,0.698732,0,0,1,0,0.000000,0.080000,0.008000,0.001000,7.000000,0.160000,22.000000,0.025000,0.000000
11.022000,0.500000,0.640000,-3.979556,-0.000000,-3.979556,-0.446181,0.000000,0.446181,0.022114,-0.001391,0.030969,0.030969,0.008855,0.062207,0.063597,0.035694,0.027104,0.000079,0.061984,0.000222,1.399142,0.000274,1.399417,1.399417,1.399417,0.699708,0.699708,0,0,1,0,0.000000,0.080000,0.008000,0.001000,7.000000,0.160000,22.000000,0.025000,0.000000
11.027000,0.500000,0.640000,-3.981821,-0.000000,-3.981821,-0.446535,0.000000,0.446535,0.022114,-0.001391,0.030969,0.030969,0.008855,0.062207,0.063597,0.035723,0.027104,0.000071,0.061984,0.000222,1.399142,0.000000,1.399142,1.399142,1.399142,0.699571,0.699571,0,0,1,0,0.000000,0.080000,0.008000,0.001000,7.000000,0.160000,22.000000,0.025000,0.000000
11.032000,0.500000,0.640000,-3.984089,-0.000000,-3.984089,-0.446890,0.000000,0.446890,0.022100,-0.001391,0.030969,0.030969,0.008869,0.062304,0.063695,0.035751,0.027104,0.000071,0.062082,0.000223,1.401292,0.000489,1.401781,1.401781,1.401781,0.700890,0.700890,0,0,1,0,0.000000,0.080000,0.008000,0.001000,7.000000,0.160000,22.000000,0.025000,0.000000
11.037000,0.500000,0.640000,-3.986358,-0.000000,-3.986358,-0.447246,0.000000,0.447246,0.022100,-0.001391,0.030969,0.030969,0.008869,0.062304,0.063695,0.035780,0.027104,0.000071,0.062082,0.000223,1.401292,0.000000,1.401292,1.401292,1.401292,0.700646,0.700646,0,0,1,0,0.000000,0.080000,0.008000,0.001000,7.000000,0.160000,22.000000,0.025000,0.000000
11.042000,0.500000,0.640000,-3.988629,-0.000000,-3.988629,-0.447601,0.000000,0.447601,0.022086,-0.001392,0.030969,0.030969,0.008883,0.062402,0.063794,0.035808,0.027104,0.000071,0.062180,0.000223,1.403466,0.000494,1.403960,1.403960,1.403960,0.701980,0.701980,0,0,1,0,0.000000,0.080000,0.008000,0.001000,7.000000,0.160000,22.000000,0.025000,0.000000
11.047000,0.500000,0.640000,-3.990902,-0.000000,-3.990902,-0.447957,0.000000,0.447957,0.022086,-0.001392,0.030969,0.030969,0.008883,0.062402,0.063794,0.035837,0.027104,0.000071,0.062180,0.000223,1.403466,0.000000,1.403466,1.403466,1.403466,0.701733,0.701733,0,0,1,0,0.000000,0.080000,0.008000,0.001000,7.000000,0.160000,22.000000,0.025000,0.000000
11.052000,0.500000,0.640000,-3.993176,-0.000000,-3.993176,-0.448313,0.000000,0.448313,0.022072,-0.001393,0.030969,0.030969,0.008897,0.062501,0.063894,0.035865,0.027104,0.000071,0.062278,0.000223,1.405672,0.000501,1.406173,1.406173,1.406173,0.703086,0.703086,0,0,1,0,0.000000,0.080000,0.008000,0.001000,7.000000,0.160000,22.000000,0.025000,0.000000
11.057000,0.500000,0.640000,-3.995453,-0.000000,-3.995453,-0.448669,0.000000,0.448669,0.022072,-0.001393,0.030969,0.030969,0.008897,0.062501,0.063894,0.035894,0.027104,0.000071,0.062278,0.000223,1.405672,0.000000,1.405672,1.405672,1.405672,0.702836,0.702836,0,0,1,0,0.000000,0.080000,0.008000,0.001000,7.000000,0.160000,22.000000,0.025000,0.000000
11.062000,0.500000,0.640000,-3.997731,-0.000000,-3.997731,-0.449025,0.000000,0.449025,0.022058,-0.001396,0.030969,0.030969,0.008911,0.062600,0.063996,0.035922,0.027104,0.000071,0.062377,0.000223,1.407911,0.000509,1.408420,1.408420,1.408420,0.704210,0.704210,0,0,1,0,0.000000,0.080000,0.008000,0.001000,7.000000,0.160000,22.000000,0.025000,0.000000
11.067000,0.500000,0.640000,-4.000011,-0.000000,-4.000011,-0.449382,0.000000,0.449382,0.022058,-0.001396,0.030969,0.030969,0.008911,0.062600,0.063996,0.035951,0.027104,0.000071,0.062377,0.000223,1.407911,0.000000,1.407911,1.407911,1.407911,0.703956,0.703956,0,0,1,0,0.000000,0.080000,0.008000,0.001000,7.000000,0.160000,22.000000,0.025000,0.000000
11.076000,0.500000,0.640000,-4.004577,-0.000000,-4.004577,-0.450095,0.000000,0.450095,0.022044,-0.001399,0.030969,0.030969,0.008925,0.062700,0.064099,0.036008,0.027104,0.000079,0.062476,0.000224,1.410180,0.000287,1.410467,1.410467,1.410467,0.705233,0.705233,0,0,1,0,0.000000,0.080000,0.008000,0.001000,7.000000,0.160000,22.000000,0.025000,0.000000
11.081000,0.500000,0.640000,-4.006862,-0.000000,-4.006862,-0.450451,0.000000,0.450451,0.022029,-0.001412,0.030969,0.030969,0.008939,0.062802,0.064214,0.036036,0.027104,0.000071,0.062576,0.000226,1.412713,0.000576,1.413289,1.413289,1.413289,0.706644,0.706644,0,0,1,0,0.000000,0.080000,0.008000,0.001000,7.000000,0.160000,22.000000,0.025000,0.000000
11.086000,0.500000,0.640000,-4.009149,-0.000000,-4.009149,-0.450808,0.000000,0.450808,0.022029,-0.001412,0.030969,0.030969,0.008939,0.062802,0.064214,0.036065,0.027104,0.000071,0.062576,0.000226,1.412713,0.000000,1.412713,1.412713,1.412713,0.706357,0.706357,0,0,1,0,0.000000,0.080000,0.008000,0.001000,7.000000,0.160000,22.000000,0.025000,0.000000
11.091000,0.500000,0.640000,-4.011438,-0.000000,-4.011438,-0.451165,0.000000,0.451165,0.022015,-0.001421,0.030969,0.030969,0.008954,0.062906,0.064327,0.036093,0.027104,0.000071,0.062679,0.000227,1.415194,0.000564,1.415758,1.415758,1.415758,0.707879,0.707879,0,0,1,0,0.000000,0.080000,0.008000,0.001000,7.000000,0.160000,22.000000,0.025000,0.000000
11.096000,0.500000,0.640000,-4.013729,-0.000000,-4.013729,-0.451522,0.000000,0.451522,0.022015,-0.001421,0.030969,0.030969,0.008954,0.062906,0.064327,0.036122,0.027104,0.000071,0.062679,0.000227,1.415194,0.000000,1.415194,1.415194,1.415194,0.707597,0.707597,0,0,1,0,0.000000,0.080000,0.008000,0.001000,7.000000,0.160000,22.000000,0.025000,0.000000
11.101000,0.500000,0.640000,-4.016022,-0.000000,-4.016022,-0.451880,0.000000,0.451880,0.022000,-0.001426,0.030969,0.030969,0.008969,0.063009,0.064435,0.036150,0.027104,0.000072,0.062781,0.000228,1.417568,0.000539,1.418107,1.418107,1.418107,0.709054,0.709054,0,0,1,0,0.000000,0.080000,0.008000,0.001000,7.000000,0.160000,22.000000,0.025000,0.000000
11.106000,0.500000,0.640000,-4.018316,-0.000000,-4.018316,-0.452238,0.000000,0.452238,0.022000,-0.001426,0.030969,0.030969,0.008969,0.063009,0.064435,0.036179,0.027104,0.000072,0.062781,0.000228,1.417568,0.000000,1.417568,1.417568,1.417568,0.708784,0.708784,0,0,1,0,0.000000,0.080000,0.008000,0.001000,7.000000,0.160000,22.000000,0.025000,0.000000
11.111000,0.500000,0.640000,-4.020613,-0.000000,-4.020613,-0.452598,0.000000,0.452598,0.021986,-0.001427,0.030969,0.030969,0.008983,0.063111,0.064537,0.036208,0.027104,0.000072,0.062882,0.000228,1.419823,0.000512,1.420335,1.420335,1.420335,0.710167,0.710167,0,0,1,0,0.000000,0.080000,0.008000,0.001000,7.000000,0.160000,22.000000,0.025000,0.000000
11.116000,0.500000,0.640000,-4.022911,-0.000000,-4.022911,-0.452957,0.000000,0.452957,0.021986,-0.001427,0.030969,0.030969,0.008983,0.063111,0.064537,0.036237,0.027104,0.000072,0.062882,0.000228,1.419823,0.000000,1.419823,1.419823,1.419823,0.709911,0.709911,0,0,1,0,0.000000,0.080000,0.008000,0.001000,7.000000,0.160000,22.000000,0.025000,0.000000
11.121000,0.500000,0.640000,-4.022911,-0.000000,-4.022911,-0.452957,0.000000,0.452957,0.021971,-0.001425,0.030969,0.030969,0.008997,0.063210,0.064635,0.036237,0.027104,0.000000,0.062982,0.000228,1.421971,0.000488,1.422459,1.422459,1.422459,0.711230,0.711230,0,0,1,0,0.000000,0.080000,0.008000,0.001000,7.000000,0.160000,22.000000,0.025000,0.000000
11.130000,0.500000,0.640000,-4.029817,-0.000000,-4.029817,-0.454040,0.000000,0.454040,0.021957,-0.001421,0.030969,0.030969,0.009012,0.063309,0.064729,0.036323,0.027104,0.000120,0.063081,0.000227,1.424046,0.000262,1.424308,1.424308,1.424308,0.712154,0.712154,0,0,1,0,0.000000,0.080000,0.008000,0.001000,7.000000,0.160000,22.000000,0.025000,0.000000
11.135000,0.500000,0.640000,-4.032122,-0.000000,-4.032122,-0.454401,0.000000,0.454401,0.021957,-0.001421,0.030969,0.030969,0.009012,0.063309,0.064729,0.036352,0.027104,0.000072,0.063081,0.000227,1.424046,0.000000,1.424046,1.424046,1.424046,0.712023,0.712023,0,0,1,0,0.000000,0.080000,0.008000,0.001000,7.000000,0.160000,22.000000,0.025000,0.000000
11.140000,0.500000,0.640000,-4.034430,-0.000000,-4.034430,-0.454764,0.000000,0.454764,0.021943,-0.001416,0.030969,0.030969,0.009026,0.063406,0.064821,0.036381,0.027104,0.000072,0.063179,0.000226,1.426065,0.000459,1.426524,1.426524,1.426524,0.713262,0.713262,0,0,1,0,0.000000,0.080000,0.008000,0.001000,7.000000,0.160000,22.000000,0.025000,0.000000
11.145000,0.500000,0.640000,-4.036739,-0.000000,-4.036739,-0.455126,0.000000,0.455126,0.021943,-0.001416,0.030969,0.030969,0.009026,0.063406,0.064821,0.036410,0.027104,0.000072,0.063179,0.000226,1.426065,0.000000,1.426065,1.426065,1.426065,0.713033,0.713033,0,0,1,0,0.000000,0.080000,0.008000,0.001000,7.000000,0.160000,22.000000,0.025000,0.000000
11.150000,0.500000,0.640000,-4.039050,-0.000000,-4.039050,-0.455489,0.000000,0.455489,0.021929,-0.001411,0.030969,0.030969,0.009040,0.063503,0.064914,0.036439,0.027104,0.000073,0.063277,0.000226,1.428113,0.000465,1.428579,1.428579,1.428579,0.714289,0.714289,0,0,1,0,0.000000,0.080000,0.008000,0.001000,7.000000,0.160000,22.000000,0.025000,0.000000
11.155000,0.500000,0.640000,-4.041363,-0.000000,-4.041363,-0.455851,0.000000,0.455851,0.021929,-0.001411,0.030969,0.030969,0.009040,0.063503,0.064914,0.036468,0.027104,0.000073,0.063277,0.000226,1.428113,0.000000,1.428113,1.428113,1.428113,0.714057,0.714057,0,0,1,0,0.000000,0.080000,0.008000,0.001000,7.000000,0.160000,22.000000,0.025000,0.000000
11.160000,0.500000,0.640000,-4.041363,-0.000000,-4.041363,-0.455851,0.000000,0.455851,0.021929,-0.001411,0.030969,0.030969,0.009040,0.063503,0.064914,0.036468,0.027104,0.000000,0.063277,0.000226,1.428113,0.000000,1.428113,1.428113,1.428113,0.714057,0.714057,0,0,1,0,0.000000,0.080000,0.008000,0.001000,7.000000,0.160000,22.000000,0.025000,0.000000
11.165000,0.500000,0.640000,-4.043678,-0.000000,-4.043678,-0.456215,0.000000,0.456215,0.021915,-0.001410,0.030969,0.030969,0.009054,0.063601,0.065010,0.036497,0.027104,0.000073,0.063375,0.000226,1.430231,0.000481,1.430712,1.430712,1.430712,0.715356,0.715356,0,0,1,0,0.000000,0.080000,0.008000,0.001000,7.000000,0.160000,22.000000,0.025000,0.000000
11.170000,0.500000,0.640000,-4.045995,-0.000000,-4.045995,-0.456577,0.000000,0.456577,0.021915,-0.001410,0.030969,0.030969,0.009054,0.063601,0.065010,0.036526,0.027104,0.000073,0.063375,0.000226,1.430231,0.000000,1.430231,1.430231,1.430231,0.715115,0.715115,0,0,1,0,0.000000,0.080000,0.008000,0.001000,7.000000,0.160000,22.000000,0.025000,0.000000
11.175000,0.500000,0.640000,-4.048313,-0.000000,-4.048313,-0.456939,0.000000,0.456939,0.021901,-0.001419,0.030969,0.030969,0.009068,0.063702,0.065121,0.036555,0.027104,0.000072,0.063475,0.000227,1.432668,0.000554,1.433222,1.433222,1.433222,0.716611,0.716611,0,0,1,0,0.000000,0.080000,0.008000,0.001000,7.000000,0.160000,22.000000,0.025000,0.000000
11.180000,0.500000,0.640000,-4.050633,-0.000000,-4.050633,-0.457301,0.000000,0.457301,0.021901,-0.001419,0.030969,0.030969,0.009068,0.063702,0.065121,0.036584,0.027104,0.000072,0.063475,0.000227,1.432668,0.000000,1.432668,1.432668,1.432668,0.716334,0.716334,0,0,1,0,0.000000,0.080000,0.008000,0.001000,7.000000,0.160000,22.000000,0.025000,0.000000
11.185000,0.500000,0.640000,-4.052955,-0.000000,-4.052955,-0.457664,0.000000,0.457664,0.021886,-0.001427,0.030969,0.030969,0.009083,0.063806,0.065233,0.036613,0.027104,0.000073,0.063578,0.000228,1.435124,0.000558,1.435683,1.435683,1.435683,0.717841,0.717841,0,0,1,0,0.000000,0.080000,0.008000,0.001000,7.000000,0.160000,22.000000,0.025000,0.000000
11.190000,0.500000,0.640000,-4.055279,-0.000000,-4.055279,-0.458026,0.000000,0.458026,0.021886,-0.001427,0.030969,0.030969,0.009083,0.063806,0.065233,0.036642,0.027104,0.000072,0.063578,0.000228,1.435124,0.000000,1.435124,1.435124,1.435124,0.717562,0.717562,0,0,1,0,0.000000,0.080000,0.008000,0.001000,7.000000,0.160000,22.000000,0.025000,0.000000
11.199000,0.500000,0.640000,-4.059933,-0.000000,-4.059933,-0.458753,0.000000,0.458753,0.021872,-0.001434,0.030969,0.030969,0.009097,0.063910,0.065344,0.036700,0.027104,0.000081,0.063680,0.000229,1.437569,0.000309,1.437877,1.437877,1.437877,0.718939,0.718939,0,0,1,0,0.000000,0.080000,0.008000,0.001000,7.000000,0.160000,22.000000,0.025000,0.000000
11.204000,0.500000,0.640000,-4.062262,-0.000000,-4.062262,-0.459115,0.000000,0.459115,0.021857,-0.001449,0.030969,0.030969,0.009112,0.064016,0.065465,0.036729,0.027104,0.000072,0.063784,0.000232,1.440233,0.000606,1.440839,1.440839,1.440839,0.720420,0.720420,0,0,1,0,0.000000,0.080000,0.008000,0.001000,7.000000,0.160000,22.000000,0.025000,0.000000
11.209000,0.500000,0.640000,-4.064593,-0.000000,-4.064593,-0.459478,0.000000,0.459478,0.021857,-0.001449,0.030969,0.030969,0.009112,0.064016,0.065465,0.036758,0.027104,0.000073,0.063784,0.000232,1.440233,0.000000,1.440233,1.440233,1.440233,0.720117,0.720117,0,0,1,0,0.000000,0.080000,0.008000,0.001000,7.000000,0.160000,22.000000,0.025000,0.000000
11.214000,0.500000,0.640000,-4.066926,-0.000000,-4.066926,-0.459842,0.000000,0.459842,0.021842,-0.001457,0.030969,0.030969,0.009127,0.064123,0.065581,0.036787,0.027104,0.000073,0.063890,0.000233,1.442772,0.000577,1.443349,1.443349,1.443349,0.721675,0.721675,0,0,1,0,0.000000,0.080000,0.008000,0.001000,7.000000,0.160000,22.000000,0.025000,0.000000
11.219000,0.500000,0.640000,-4.069261,-0.000000,-4.069261,-0.460206,0.000000,0.460206,0.021842,-0.001457,0.030969,0.030969,0.009127,0.064123,0.065581,0.036816,0.027104,0.000073,0.063890,0.000233,1.442772,0.000000,1.442772,1.442772,1.442772,0.721386,0.721386,0,0,1,0,0.000000,0.080000,0.008000,0.001000,7.000000,0.160000,22.000000,0.025000,0.000000
11.224000,0.500000,0.640000,-4.071598,-0.000000,-4.071598,-0.460571,0.000000,0.460571,0.021827,-0.001460,0.030969,0.030969,0.009142,0.064228,0.065688,0.036846,0.027104,0.000073,0.063994,0.000234,1.445134,0.000537,1.445671,1.445671,1.445671,0.722836,0.722836,0,0,1,0,0.000000,0.080000,0.008000,0.001000,7.000000,0.160000,22.000000,0.025000,0.000000
11.229000,0.500000,0.640000,-4.073936,-0.000000,-4.073936,-0.460937,0.000000,0.460937,0.021827,-0.001460,0.030969,0.030969,0.009142,0.064228,0.065688,0.036875,0.027104,0.000073,0.063994,0.000234,1.445134,0.000000,1.445134,1.445134,1.445134,0.722567,0.722567,0,0,1,0,0.000000,0.080000,0.008000,0.001000,7.000000,0.160000,22.000000,0.025000,0.000000
11.234000,0.500000,0.640000,-4.076277,-0.000000,-4.076277,-0.461304,0.000000,0.461304,0.021812,-0.001458,0.030969,0.030969,0.009157,0.064330,0.065788,0.036904,0.027104,0.000073,0.064097,0.000233,1.447326,0.000498,1.447824,1.447824,1.447824,0.723912,0.723912,0,0,1,0,0.000000,0.080000,0.008000,0.001000,7.000000,0.160000,22.000000,0.025000,0.000000
11.243000,0.500000,0.640000,-4.080964,-0.000000,-4.080964,-0.462039,0.000000,0.462039,0.021798,-0.001452,0.030969,0.030969,0.009171,0.064430,0.065881,0.036963,0.027104,0.000082,0.064197,0.000232,1.449386,0.000260,1.449647,1.449647,1.449647,0.724823,0.724823,0,0,1,0,0.000000,0.080000,0.008000,0.001000,7.000000,0.160000,22.000000,0.025000,0.000000
11.248000,0.500000,0.640000,-4.083310,-0.000000,-4.083310,-0.462407,0.000000,0.462407,0.021798,-0.001452,0.030969,0.030969,0.009171,0.064430,0.065881,0.036993,0.027104,0.000074,0.064197,0.000232,1.449386,0.000000,1.449386,1.449386,1.449386,0.724693,0.724693,0,0,1,0,0.000000,0.080000,0.008000,0.001000,7.000000,0.160000,22.000000,0.025000,0.000000
11.253000,0.500000,0.640000,-4.085658,-0.000000,-4.085658,-0.462777,0.000000,0.462777,0.021784,-0.001443,0.030969,0.030969,0.009185,0.064527,0.065970,0.037022,0.027104,0.000074,0.064296,0.000231,1.451349,0.000446,1.451795,1.451795,1.451795,0.725897,0.725897,0,0,1,0,0.000000,0.080000,0.008000,0.001000,7.000000,0.160000,22.000000,0.025000,0.000000
11.258000,0.500000,0.640000,-4.088008,-0.000000,-4.088008,-0.463146,0.000000,0.463146,0.021784,-0.001443,0.030969,0.030969,0.009185,0.064527,0.065970,0.037052,0.027104,0.000074,0.064296,0.000231,1.451349,0.000000,1.451349,1.451349,1.451349,0.725674,0.725674,0,0,1,0,0.000000,0.080000,0.008000,0.001000,7.000000,0.160000,22.000000,0.025000,0.000000
11.263000,0.500000,0.640000,-4.090360,-0.000000,-4.090360,-0.463516,0.000000,0.463516,0.021769,-0.001435,0.030969,0.030969,0.009199,0.064625,0.066060,0.037081,0.027104,0.000074,0.064395,0.000230,1.453323,0.000449,1.453772,1.453772,1.453772,0.726886,0.726886,0,0,1,0,0.000000,0.080000,0.008000,0.001000,7.000000,0.160000,22.000000,0.025000,0.000000
11.272000,0.500000,0.640000,-4.095070,-0.000000,-4.095070,-0.464255,0.000000,0.464255,0.021755,-0.001431,0.030969,0.030969,0.009213,0.064723,0.066153,0.037140,0.027104,0.000082,0.064494,0.000229,1.455376,0.000259,1.455635,1.455635,1.455635,0.727817,0.727817,0,0,1,0,0.000000,0.080000,0.008000,0.001000,7.000000,0.160000,22.000000,0.025000,0.000000
11.277000,0.500000,0.640000,-4.097427,-0.000000,-4.097427,-0.464625,0.000000,0.464625,0.021755,-0.001431,0.030969,0.030969,0.009213,0.064723,0.066153,0.037170,0.027104,0.000074,0.064494,0.000229,1.455376,0.000000,1.455376,1.455376,1.455376,0.727688,0.727688,0,0,1,0,0.000000,0.080000,0.008000,0.001000,7.000000,0.160000,22.000000,0.025000,0.000000
11.282000,0.500000,0.640000,-4.099787,-0.000000,-4.099787,-0.464996,0.000000,0.464996,0.021741,-0.001429,0.030969,0.030969,0.009228,0.064822,0.066251,0.037200,0.027104,0.000074,0.064593,0.000229,1.457524,0.000488,1.458012,1.458012,1.458012,0.729006,0.729006,0,0,1,0,0.000000,0.080000,0.008000,0.001000,7.000000,0.160000,22.000000,0.025000,0.000000
11.287000,0.500000,0.640000,-4.102148,-0.000000,-4.102148,-0.465365,0.000000,0.465365,0.021741,-0.001429,0.030969,0.030969,0.009228,0.064822,0.066251,0.037229,0.027104,0.000074,0.064593,0.000229,1.457524,0.000000,1.457524,1.457524,1.457524,0.728762,0.728762,0,0,1,0,0.000000,0.080000,0.008000,0.001000,7.000000,0.160000,22.000000,0.025000,0.000000
11.292000,0.500000,0.640000,-4.104511,-0.000000,-4.104511,-0.465736,0.000000,0.465736,0.021727,-0.001432,0.030969,0.030969,0.009242,0.064923,0.066355,0.037259,0.027104,0.000074,0.064694,0.000229,1.459818,0.000522,1.460340,1.460340,1.460340,0.730170,0.730170,0,0,1,0,0.000000,0.080000,0.008000,0.001000,7.000000,0.160000,22.000000,0.025000,0.000000
11.297000,0.500000,0.640000,-4.106876,-0.000000,-4.106876,-0.466105,0.000000,0.466105,0.021727,-0.001432,0.030969,0.030969,0.009242,0.064923,0.066355,0.037288,0.027104,0.000074,0.064694,0.000229,1.459818,0.000000,1.459818,1.459818,1.459818,0.729909,0.729909,0,0,1,0,0.000000,0.080000,0.008000,0.001000,7.000000,0.160000,22.000000,0.025000,0.000000
11.302000,0.500000,0.640000,-4.109243,-0.000000,-4.109243,-0.466475,0.000000,0.466475,0.021712,-0.001439,0.030969,0.030969,0.009257,0.065027,0.066466,0.037318,0.027104,0.000074,0.064796,0.000230,1.462248,0.000552,1.462800,1.462800,1.462800,0.731400,0.731400,0,0,1,0,0.000000,0.080000,0.008000,0.001000,7.000000,0.160000,22.000000,0.025000,0.000000
11.307000,0.500000,0.640000,-4.111611,-0.000000,-4.111611,-0.466845,0.000000,0.466845,0.021712,-0.001439,0.030969,0.030969,0.009257,0.065027,0.066466,0.037348,0.027104,0.000074,0.064796,0.000230,1.462248,0.000000,1.462248,1.462248,1.462248,0.731124,0.731124,0,0,1,0,0.000000,0.080000,0.008000,0.001000,7.000000,0.160000,22.000000,0.025000,0.000000
11.316000,0.500000,0.640000,-4.116354,-0.000000,-4.116354,-0.467585,0.000000,0.467585,0.021697,-0.001449,0.030969,0.030969,0.009271,0.065132,0.066581,0.037407,0.027104,0.000082,0.064900,0.000232,1.464777,0.000319,1.465096,1.465096,1.465096,0.732548,0.732548,0,0,1,0,0.000000,0.080000,0.008000,0.001000,7.000000,0.160000,22.000000,0.025000,0.000000
11.321000,0.500000,0.640000,-4.118728,-0.000000,-4.118728,-0.467954,0.000000,0.467954,0.021682,-0.001469,0.030969,0.030969,0.009287,0.065242,0.066710,0.037436,0.027104,0.000074,0.065007,0.000235,1.467625,0.000647,1.468272,1.468272,1.468272,0.734136,0.734136,0,0,1,0,0.000000,0.080000,0.008000,0.001000,7.000000,0.160000,22.000000,0.025000,0.000000
11.326000,0.500000,0.640000,-4.121104,-0.000000,-4.121104,-0.468322,0.000000,0.468322,0.021682,-0.001469,0.030969,0.030969,0.009287,0.065242,0.066710,0.037466,0.027104,0.000074,0.065007,0.000235,1.467625,0.000000,1.467625,1.467625,1.467625,0.733812,0.733812,0,0,1,0,0.000000,0.080000,0.008000,0.001000,7.000000,0.160000,22.000000,0.025000,0.000000
11.331000,0.500000,0.640000,-4.123482,-0.000000,-4.123482,-0.468692,0.000000,0.468692,0.021666,-0.001483,0.030969,0.030969,0.009302,0.065353,0.066836,0.037495,0.027104,0.000074,0.065116,0.000237,1.470398,0.000630,1.471029,1.471029,1.471029,0.735514,0.735514,0,0,1,0,0.000000,0.080000,0.008000,0.001000,7.000000,0.160000,22.000000,0.025000,0.000000
11.336000,0.500000,0.640000,-4.125862,-0.000000,-4.125862,-0.469063,0.000000,0.469063,0.021666,-0.001483,0.030969,0.030969,0.009302,0.065353,0.066836,0.037525,0.027104,0.000074,0.065116,0.000237,1.470398,0.000000,1.470398,1.470398,1.470398,0.735199,0.735199,0,0,1,0,0.000000,0.080000,0.008000,0.001000,7.000000,0.160000,22.000000,0.025000,0.000000
11.341000,0.500000,0.640000,-4.128244,-0.000000,-4.128244,-0.469434,0.000000,0.469434,0.021651,-0.001492,0.030969,0.030969,0.009318,0.065463,0.066955,0.037555,0.027104,0.000074,0.065224,0.000239,1.473002,0.000592,1.473593,1.473593,1.473593,0.736797,0.736797,0,0,1,0,0.000000,0.080000,0.008000,0.001000,7.000000,0.160000,22.000000,0.025000,0.000000
11.346000,0.500000,0.640000,-4.130627,-0.000000,-4.130627,-0.469806,0.000000,0.469806,0.021651,-0.001492,0.030969,0.030969,0.009318,0.065463,0.066955,0.037584,0.027104,0.000074,0.065224,0.000239,1.473002,0.000000,1.473002,1.473002,1.473002,0.736501,0.736501,0,0,1,0,0.000000,0.080000,0.008000,0.001000,7.000000,0.160000,22.000000,0.025000,0.000000
11.351000,0.500000,0.640000,-4.133013,-0.000000,-4.133013,-0.470179,0.000000,0.470179,0.021636,-0.001494,0.030969,0.030969,0.009333,0.065569,0.067064,0.037614,0.027104,0.000075,0.065330,0.000239,1.475401,0.000545,1.475947,1.475947,1.475947,0.737973,0.737973,0,0,1,0,0.000000,0.080000,0.008000,0.001000,7.000000,0.160000,22.000000,0.025000,0.000000
11.356000,0.500000,0.640000,-4.135400,-0.000000,-4.135400,-0.470552,0.000000,0.470552,0.021636,-0.001494,0.030969,0.030969,0.009333,0.065569,0.067064,0.037644,0.027104,0.000075,0.065330,0.000239,1.475401,0.000000,1.475401,1.475401,1.475401,0.737701,0.737701,0,0,1,0,0.000000,0.080000,0.008000,0.001000,7.000000,0.160000,22.000000,0.025000,0.000000
11.361000,0.500000,0.640000,-4.135400,-0.000000,-4.135400,-0.470552,0.000000,0.470552,0.021621,-0.001491,0.030969,0.030969,0.009348,0.065673,0.067164,0.037644,0.027104,0.000000,0.065435,0.000239,1.477608,0.000501,1.478109,1.478109,1.478109,0.739055,0.739055,0,0,1,0,0.000000,0.080000,0.008000,0.001000,7.000000,0.160000,22.000000,0.025000,0.000000
11.370000,0.500000,0.640000,-4.140181,-0.000000,-4.140181,-0.471302,0.000000,0.471302,0.021606,-0.001483,0.030969,0.030969,0.009362,0.065775,0.067258,0.037704,0.027104,0.000083,0.065537,0.000237,1.479670,0.000260,1.479930,1.479930,1.479930,0.739965,0.739965,0,0,1,0,0.000000,0.080000,0.008000,0.001000,7.000000,0.160000,22.000000,0.025000,0.000000
11.375000,0.500000,0.640000,-4.142574,-0.000000,-4.142574,-0.471678,0.000000,0.471678,0.021606,-0.001483,0.030969,0.030969,0.009362,0.065775,0.067258,0.037734,0.027104,0.000075,0.065537,0.000237,1.479670,0.000000,1.479670,1.479670,1.479670,0.739835,0.739835,0,0,1,0,0.000000,0.080000,0.008000,0.001000,7.000000,0.160000,22.000000,0.025000,0.000000
11.380000,0.500000,0.640000,-4.144970,-0.000000,-4.144970,-0.472054,0.000000,0.472054,0.021592,-0.001478,0.030969,0.030969,0.009377,0.065875,0.067352,0.037764,0.027104,0.000075,0.065638,0.000236,1.481752,0.000473,1.482225,1.482225,1.482225,0.741113,0.741113,0,0,1,0,0.000000,0.080000,0.008000,0.001000,7.000000,0.160000,22.000000,0.025000,0.000000
11.385000,0.500000,0.640000,-4.147367,-0.000000,-4.147367,-0.472432,0.000000,0.472432,0.021592,-0.001473,0.030969,0.030969,0.009377,0.065874,0.067347,0.037795,0.027104,0.000075,0.065638,0.000236,1.481630,-0.000028,1.481603,1.481603,1.481603,0.740801,0.740801,0,0,1,0,0.000000,0.080000,0.008000,0.001000,7.000000,0.160000,22.000000,0.025000,0.000000
11.390000,0.500000,0.640000,-4.149766,-0.000000,-4.149766,-0.472809,0.000000,0.472809,0.021592,-0.001473,0.030969,0.030969,0.009377,0.065874,0.067347,0.037825,0.027104,0.000075,0.065638,0.000236,1.481630,0.000000,1.481630,1.481630,1.481630,0.740815,0.740815,0,0,1,0,0.000000,0.080000,0.008000,0.001000,7.000000,0.160000,22.000000,0.025000,0.000000
11.395000,0.500000,0.640000,-4.152167,-0.000000,-4.152167,-0.473187,0.000000,0.473187,0.021578,-0.001464,0.030969,0.030969,0.009391,0.065973,0.067436,0.037855,0.027104,0.000076,0.065738,0.000234,1.483598,0.000447,1.484045,1.484045,1.484045,0.742022,0.742022,0,0,1,0,0.000000,0.080000,0.008000,0.001000,7.000000,0.160000,22.000000,0.025000,0.000000
11.400000,0.500000,0.640000,-4.154570,-0.000000,-4.154570,-0.473564,0.000000,0.473564,0.021578,-0.001464,0.030969,0.030969,0.009391,0.065973,0.067436,0.037885,0.027104,0.000076,0.065738,0.000234,1.483598,0.000000,1.483598,1.483598,1.483598,0.741799,0.741799,0,0,1,0,0.000000,0.080000,0.008000,0.001000,7.000000,0.160000,22.000000,0.025000,0.000000
11.405000,0.500000,0.640000,-4.156975,-0.000000,-4.156975,-0.473941,0.000000,0.473941,0.021563,-0.001466,0.030969,0.030969,0.009406,0.066074,0.067540,0.037915,0.027104,0.000075,0.065840,0.000234,1.485873,0.000517,1.486390,1.486390,1.486390,0.743195,0.743195,0,0,1,0,0.000000,0.080000,0.008000,0.001000,7.000000,0.160000,22.000000,0.025000,0.000000
11.410000,0.500000,0.640000,-4.159381,-0.000000,-4.159381,-0.474318,0.000000,0.474318,0.021563,-0.001466,0.030969,0.030969,0.009406,0.066074,0.067540,0.037945,0.027104,0.000075,0.065840,0.000234,1.485873,0.000000,1.485873,1.485873,1.485873,0.742936,0.742936,0,0,1,0,0.000000,0.080000,0.008000,0.001000,7.000000,0.160000,22.000000,0.025000,0.000000
11.415000,0.500000,0.640000,-4.161790,-0.000000,-4.161790,-0.474695,0.000000,0.474695,0.021548,-0.001470,0.030969,0.030969,0.009421,0.066179,0.067648,0.037976,0.027104,0.000075,0.065944,0.000235,1.488265,0.000544,1.488809,1.488809,1.488809,0.744405,0.744405,0,0,1,0,0.000000,0.080000,0.008000,0.001000,7.000000,0.160000,22.000000,0.025000,0.000000
11.424000,0.500000,0.640000,-4.166613,-0.000000,-4.166613,-0.475449,0.000000,0.475449,0.021533,-0.001475,0.030969,0.030969,0.009436,0.066285,0.067760,0.038036,0.027104,0.000084,0.066049,0.000236,1.490722,0.000310,1.491032,1.491032,1.491032,0.745516,0.745516,0,0,1,0,0.000000,0.080000,0.008000,0.001000,7.000000,0.160000,22.000000,0.025000,0.000000
11.429000,0.500000,0.640000,-4.169027,-0.000000,-4.169027,-0.475826,0.000000,0.475826,0.021533,-0.001475,0.030969,0.030969,0.009436,0.066285,0.067760,0.038066,0.027104,0.000075,0.066049,0.000236,1.490722,0.000000,1.490722,1.490722,1.490722,0.745361,0.745361,0,0,1,0,0.000000,0.080000,0.008000,0.001000,7.000000,0.160000,22.000000,0.025000,0.000000
11.434000,0.500000,0.640000,-4.171443,-0.000000,-4.171443,-0.476204,0.000000,0.476204,0.021518,-0.001481,0.030969,0.030969,0.009451,0.066391,0.067872,0.038096,0.027104,0.000076,0.066154,0.000237,1.493187,0.000560,1.493748,1.493748,1.493748,0.746874,0.746874,0,0,1,0,0.000000,0.080000,0.008000,0.001000,7.000000,0.160000,22.000000,0.025000,0.000000
11.439000,0.500000,0.640000,-4.173861,-0.000000,-4.173861,-0.476581,0.000000,0.476581,0.021518,-0.001481,0.030969,0.030969,0.009451,0.066391,0.067872,0.038126,0.027104,0.000076,0.066154,0.000237,1.493187,0.000000,1.493187,1.493187,1.493187,0.746594,0.746594,0,0,1,0,0.000000,0.080000,0.008000,0.001000,7.000000,0.160000,22.000000,0.025000,0.000000
11.444000,0.500000,0.640000,-4.176281,-0.000000,-4.176281,-0.476960,0.000000,0.476960,0.021503,-0.001487,0.030969,0.030969,0.009466,0.066498,0.067985,0.038157,0.027104,0.000076,0.066260,0.000238,1.495674,0.000565,1.496240,1.496240,1.496240,0.748120,0.748120,0,0,1,0,0.000000,0.080000,0.008000,0.001000,7.000000,0.160000,22.000000,0.025000,0.000000
11.449000,0.500000,0.640000,-4.178703,-0.000000,-4.178703,-0.477338,0.000000,0.477338,0.021503,-0.001487,0.030969,0.030969,0.009466,0.066498,0.067985,0.038187,0.027104,0.000076,0.066260,0.000238,1.495674,0.000000,1.495674,1.495674,1.495674,0.747837,0.747837,0,0,1,0,0.000000,0.080000,0.008000,0.001000,7.000000,0.160000,22.000000,0.025000,0.000000
11.454000,0.500000,0.640000,-4.181127,-0.000000,-4.181127,-0.477717,0.000000,0.477717,0.021488,-0.001493,0.030969,0.030969,0.009481,0.066605,0.068098,0.038217,0.027104,0.000076,0.066367,0.000239,1.498157,0.000564,1.498722,1.498722,1.498722,0.749361,0.749361,0,0,1,0,0.000000,0.080000,0.008000,0.001000,7.000000,0.160000,22.000000,0.025000,0.000000
11.459000,0.500000,0.640000,-4.183552,-0.000000,-4.183552,-0.478096,0.000000,0.478096,0.021488,-0.001493,0.030969,0.030969,0.009481,0.066605,0.068098,0.038248,0.027104,0.000076,0.066367,0.000239,1.498157,0.000000,1.498157,1.498157,1.498157,0.749079,0.749079,0,0,1,0,0.000000,0.080000,0.008000,0.001000,7.000000,0.160000,22.000000,0.025000,0.000000
11.464000,0.500000,0.640000,-4.185980,-0.000000,-4.185980,-0.478475,0.000000,0.478475,0.021473,-0.001497,0.030969,0.030969,0.009496,0.066713,0.068210,0.038278,0.027104,0.000076,0.066473,0.000240,1.500616,0.000559,1.501175,1.501175,1.501175,0.750587,0.750587,0,0,1,0,0.000000,0.080000,0.008000,0.001000,7.000000,0.160000,22.000000,0.025000,0.000000
11.469000,0.500000,0.640000,-4.188410,-0.000000,-4.188410,-0.478855,0.000000,0.478855,0.021473,-0.001497,0.030969,0.030969,0.009496,0.066713,0.068210,0.038308,0.027104,0.000076,0.066473,0.000240,1.500616,0.000000,1.500616,1.500616,1.500616,0.750308,0.750308,0,0,1,0,0.000000,0.080000,0.008000,0.001000,7.000000,0.160000,22.000000,0.025000,0.000000
11.478000,0.500000,0.640000,-4.193275,-0.000000,-4.193275,-0.479616,0.000000,0.479616,0.021457,-0.001500,0.030969,0.030969,0.009511,0.066820,0.068320,0.038369,0.027104,0.000085,0.066580,0.000240,1.503038,0.000306,1.503344,1.503344,1.503344,0.751672,0.751672,0,0,1,0,0.000000,0.080000,0.008000,0.001000,7.000000,0.160000,22.000000,0.025000,0.000000
11.483000,0.500000,0.640000,-4.195710,-0.000000,-4.195710,-0.479996,0.000000,0.479996,0.021442,-0.001511,0.030969,0.030969,0.009527,0.066929,0.068440,0.038400,0.027104,0.000076,0.066687,0.000242,1.505680,0.000600,1.506280,1.506280,1.506280,0.753140,0.753140,0,0,1,0,0.000000,0.080000,0.008000,0.001000,7.000000,0.160000,22.000000,0.025000,0.000000
11.488000,0.500000,0.640000,-4.198147,-0.000000,-4.198147,-0.480376,0.000000,0.480376,0.021442,-0.001511,0.030969,0.030969,0.009527,0.066929,0.068440,0.038430,0.027104,0.000076,0.066687,0.000242,1.505680,0.000000,1.505680,1.505680,1.505680,0.752840,0.752840,0,0,1,0,0.000000,0.080000,0.008000,0.001000,7.000000,0.160000,22.000000,0.025000,0.000000
11.493000,0.500000,0.640000,-4.200586,-0.000000,-4.200586,-0.480757,0.000000,0.480757,0.021426,-0.001517,0.030969,0.030969,0.009542,0.067038,0.068556,0.038461,0.027104,0.000076,0.066796,0.000243,1.508223,0.000578,1.508801,1.508801,1.508801,0.754401,0.754401,0,0,1,0,0.000000,0.080000,0.008000,0.001000,7.000000,0.160000,22.000000,0.025000,0.000000
11.498000,0.500000,0.640000,-4.203027,-0.000000,-4.203027,-0.481138,0.000000,0.481138,0.021426,-0.001517,0.030969,0.030969,0.009542,0.067038,0.068556,0.038491,0.027104,0.000076,0.066796,0.000243,1.508223,0.000000,1.508223,1.508223,1.508223,0.754112,0.754112,0,0,1,0,0.000000,0.080000,0.008000,0.001000,7.000000,0.160000,22.000000,0.025000,0.000000
11.503000,0.500000,0.640000,-4.205471,-0.000000,-4.205471,-0.481520,0.000000,0.481520,0.021411,-0.001519,0.030969,0.030969,0.009558,0.067146,0.068665,0.038522,0.027104,0.000076,0.066903,0.000243,1.510634,0.000548,1.511182,1.511182,1.511182,0.755591,0.755591,0,0,1,0,0.000000,0.080000,0.008000,0.001000,7.000000,0.160000,22.000000,0.025000,0.000000
11.508000,0.500000,0.640000,-4.207916,-0.000000,-4.207916,-0.481903,0.000000,0.481903,0.021411,-0.001519,0.030969,0.030969,0.009558,0.067146,0.068665,0.038552,0.027104,0.000077,0.066903,0.000243,1.510634,0.000000,1.510634,1.510634,1.510634,0.755317,0.755317,0,0,1,0,0.000000,0.080000,0.008000,0.001000,7.000000,0.160000,22.000000,0.025000,0.000000
11.513000,0.500000,0.640000,-4.210363,-0.000000,-4.210363,-0.482287,0.000000,0.482287,0.021396,-0.001517,0.030969,0.030969,0.009573,0.067253,0.068769,0.038583,0.027104,0.000077,0.067010,0.000243,1.512925,0.000521,1.513446,1.513446,1.513446,0.756723,0.756723,0,0,1,0,0.000000,0.080000,0.008000,0.001000,7.000000,0.160000,22.000000,0.025000,0.000000
11.522000,0.500000,0.640000,-4.215263,-0.000000,-4.215263,-0.483055,0.000000,0.483055,0.021381,-0.001512,0.030969,0.030969,0.009588,0.067357,0.068870,0.038644,0.027104,0.000085,0.067115,0.000242,1.515133,0.000279,1.515411,1.515411,1.515411,0.757706,0.757706,0,0,1,0,0.000000,0.080000,0.008000,0.001000,7.000000,0.160000,22.000000,0.025000,0.000000
11.527000,0.500000,0.640000,-4.217716,-0.000000,-4.217716,-0.483440,0.000000,0.483440,0.021381,-0.001512,0.030969,0.030969,0.009588,0.067357,0.068870,0.038675,0.027104,0.000077,0.067115,0.000242,1.515133,0.000000,1.515133,1.515133,1.515133,0.757566,0.757566,0,0,1,0,0.000000,0.080000,0.008000,0.001000,7.000000,0.160000,22.000000,0.025000,0.000000
11.532000,0.500000,0.640000,-4.220171,-0.000000,-4.220171,-0.483826,0.000000,0.483826,0.021366,-0.001506,0.030969,0.030969,0.009603,0.067461,0.068967,0.038706,0.027104,0.000077,0.067220,0.000241,1.517274,0.000487,1.517761,1.517761,1.517761,0.758880,0.758880,0,0,1,0,0.000000,0.080000,0.008000,0.001000,7.000000,0.160000,22.000000,0.025000,0.000000
11.537000,0.500000,0.640000,-4.222628,-0.000000,-4.222628,-0.484212,0.000000,0.484212,0.021366,-0.001506,0.030969,0.030969,0.009603,0.067461,0.068967,0.038737,0.027104,0.000077,0.067220,0.000241,1.517274,0.000000,1.517274,1.517274,1.517274,0.758637,0.758637,0,0,1,0,0.000000,0.080000,0.008000,0.001000,7.000000,0.160000,22.000000,0.025000,0.000000
11.542000,0.500000,0.640000,-4.225087,-0.000000,-4.225087,-0.484598,0.000000,0.484598,0.021351,-0.001502,0.030969,0.030969,0.009618,0.067564,0.069066,0.038768,0.027104,0.000077,0.067324,0.000240,1.519443,0.000493,1.519936,1.519936,1.519936,0.759968,0.759968,0,0,1,0,0.000000,0.080000,0.008000,0.001000,7.000000,0.160000,22.000000,0.025000,0.000000
11.547000,0.500000,0.640000,-4.227547,-0.000000,-4.227547,-0.484984,0.000000,0.484984,0.021351,-0.001502,0.030969,0.030969,0.009618,0.067564,0.069066,0.038799,0.027104,0.000077,0.067324,0.000240,1.519443,0.000000,1.519443,1.519443,1.519443,0.759722,0.759722,0,0,1,0,0.000000,0.080000,0.008000,0.001000,7.000000,0.160000,22.000000,0.025000,0.000000
11.552000,0.500000,0.640000,-4.230010,-0.000000,-4.230010,-0.485370,0.000000,0.485370,0.021336,-0.001500,0.030969,0.030969,0.009633,0.067668,0.069168,0.038830,0.027104,0.000077,0.067428,0.000240,1.521686,0.000510,1.522195,1.522195,1.522195,0.761098,0.761098,0,0,1,0,0.000000,0.080000,0.008000,0.001000,7.000000,0.160000,22.000000,0.025000,0.000000
11.557000,0.500000,0.640000,-4.232475,-0.000000,-4.232475,-0.485757,0.000000,0.485757,0.021336,-0.001500,0.030969,0.030969,0.009633,0.067668,0.069168,0.038861,0.027104,0.000077,0.067428,0.000240,1.521686,0.000000,1.521686,1.521686,1.521686,0.760843,0.760843,0,0,1,0,0.000000,0.080000,0.008000,0.001000,7.000000,0.160000,22.000000,0.025000,0.000000
11.562000,0.500000,0.640000,-4.234942,-0.000000,-4.234942,-0.486143,0.000000,0.486143,0.021321,-0.001501,0.030969,0.030969,0.009648,0.067773,0.069274,0.038891,0.027104,0.000077,0.067533,0.000240,1.524029,0.000533,1.524561,1.524561,1.524561,0.762281,0.762281,0,0,1,0,0.000000,0.080000,0.008000,0.001000,7.000000,0.160000,22.000000,0.025000,0.000000
11.571000,0.500000,0.640000,-4.239881,-0.000000,-4.239881,-0.486916,0.000000,0.486916,0.021306,-0.001505,0.030969,0.030969,0.009663,0.067880,0.069385,0.038953,0.027104,0.000086,0.067640,0.000241,1.526478,0.000309,1.526788,1.526788,1.526788,0.763394,0.763394,0,0,1,0,0.000000,0.080000,0.008000,0.001000,7.000000,0.160000,22.000000,0.025000,0.000000
11.576000,0.500000,0.640000,-4.242353,-0.000000,-4.242353,-0.487303,0.000000,0.487303,0.021306,-0.001505,0.030969,0.030969,0.009663,0.067880,0.069385,0.038984,0.027104,0.000077,0.067640,0.000241,1.526478,0.000000,1.526478,1.526478,1.526478,0.763239,0.763239,0,0,1,0,0.000000,0.080000,0.008000,0.001000,7.000000,0.160000,22.000000,0.025000,0.000000
11.581000,0.500000,0.640000,-4.244828,-0.000000,-4.244828,-0.487690,0.000000,0.487690,0.021291,-0.001511,0.030969,0.030969,0.009678,0.067989,0.069499,0.039015,0.027104,0.000077,0.067747,0.000242,1.528988,0.000570,1.529558,1.529558,1.529558,0.764779,0.764779,0,0,1,0,0.000000,0.080000,0.008000,0.001000,7.000000,0.160000,22.000000,0.025000,0.000000
11.586000,0.500000,0.640000,-4.247304,-0.000000,-4.247304,-0.488077,0.000000,0.488077,0.021291,-0.001511,0.030969,0.030969,0.009678,0.067989,0.069499,0.039046,0.027104,0.000077,0.067747,0.000242,1.528988,0.000000,1.528988,1.528988,1.528988,0.764494,0.764494,0,0,1,0,0.000000,0.080000,0.008000,0.001000,7.000000,0.160000,22.000000,0.025000,0.000000
11.591000,0.500000,0.640000,-4.249782,-0.000000,-4.249782,-0.488464,0.000000,0.488464,0.021275,-0.001518,0.030969,0.030969,0.009694,0.068098,0.069617,0.039077,0.027104,0.000077,0.067855,0.000243,1.531567,0.000586,1.532153,1.532153,1.532153,0.766077,0.766077,0,0,1,0,0.000000,0.080000,0.008000,0.001000,7.000000,0.160000,22.000000,0.025000,0.000000
11.596000,0.500000,0.640000,-4.252263,-0.000000,-4.252263,-0.488851,0.000000,0.488851,0.021275,-0.001518,0.030969,0.030969,0.009694,0.068098,0.069617,0.039108,0.027104,0.000077,0.067855,0.000243,1.531567,0.000000,1.531567,1.531567,1.531567,0.765783,0.765783,0,0,1,0,0.000000,0.080000,0.008000,0.001000,7.000000,0.160000,22.000000,0.025000,0.000000
11.601000,0.500000,0.640000,-4.254745,-0.000000,-4.254745,-0.489239,0.000000,0.489239,0.021259,-0.001526,0.030969,0.030969,0.009709,0.068209,0.069735,0.039139,0.027104,0.000078,0.067965,0.000244,1.534178,0.000593,1.534771,1.534771,1.534771,0.767385,0.767385,0,0,1,0,0.000000,0.080000,0.008000,0.001000,7.000000,0.160000,22.000000,0.025000,0.000000
11.606000,0.500000,0.640000,-4.257229,-0.000000,-4.257229,-0.489627,0.000000,0.489627,0.021259,-0.001526,0.030969,0.030969,0.009709,0.068209,0.069735,0.039170,0.027104,0.000078,0.067965,0.000244,1.534178,0.000000,1.534178,1.534178,1.534178,0.767089,0.767089,0,0,1,0,0.000000,0.080000,0.008000,0.001000,7.000000,0.160000,22.000000,0.025000,0.000000
11.611000,0.500000,0.640000,-4.259715,-0.000000,-4.259715,-0.490015,0.000000,0.490015,0.021244,-0.001534,0.030969,0.030969,0.009725,0.068320,0.069854,0.039201,0.027104,0.000078,0.068075,0.000245,1.536782,0.000592,1.537374,1.537374,1.537374,0.768687,0.768687,0,0,1,0,0.000000,0.080000,0.008000,0.001000,7.000000,0.160000,22.000000,0.025000,0.000000
11.620000,0.500000,0.640000,-4.264694,-0.000000,-4.264694,-0.490793,0.000000,0.490793,0.021228,-0.001539,0.030969,0.030969,0.009741,0.068431,0.069970,0.039263,0.027104,0.000086,0.068185,0.000246,1.539348,0.000324,1.539672,1.539672,1.539672,0.769836,0.769836,0,0,1,0,0.000000,0.080000,0.008000,0.001000,7.000000,0.160000,22.000000,0.025000,0.000000
11.625000,0.500000,0.640000,-4.267186,-0.000000,-4.267186,-0.491182,0.000000,0.491182,0.021228,-0.001539,0.030969,0.030969,0.009741,0.068431,0.069970,0.039295,0.027104,0.000078,0.068185,0.000246,1.539348,0.000000,1.539348,1.539348,1.539348,0.769674,0.769674,0,0,1,0,0.000000,0.080000,0.008000,0.001000,7.000000,0.160000,22.000000,0.025000,0.000000
11.630000,0.500000,0.640000,-4.267186,-0.000000,-4.267186,-0.491182,0.000000,0.491182,0.021212,-0.001542,0.030969,0.030969,0.009756,0.068541,0.070083,0.039295,0.027104,0.000000,0.068294,0.000247,1.541821,0.000562,1.542383,1.542383,1.542383,0.771192,0.771192,0,0,1,0,0.000000,0.080000,0.008000,0.001000,7.000000,0.160000,22.000000,0.025000,0.000000
11.635000,0.500000,0.640000,-4.269680,-0.000000,-4.269680,-0.491573,0.000000,0.491573,0.021212,-0.001542,0.030969,0.030969,0.009756,0.068541,0.070083,0.039326,0.027104,0.000078,0.068294,0.000247,1.541821,0.000000,1.541821,1.541821,1.541821,0.770911,0.770911,0,0,1,0,0.000000,0.080000,0.008000,0.001000,7.000000,0.160000,22.000000,0.025000,0.000000
11.640000,0.500000,0.640000,-4.272176,-0.000000,-4.272176,-0.491963,0.000000,0.491963,0.021197,-0.001543,0.030969,0.030969,0.009772,0.068650,0.070193,0.039357,0.027104,0.000078,0.068403,0.000247,1.544243,0.000550,1.544793,1.544793,1.544793,0.772396,0.772396,0,0,1,0,0.000000,0.080000,0.008000,0.001000,7.000000,0.160000,22.000000,0.025000,0.000000
11.645000,0.500000,0.640000,-4.274674,-0.000000,-4.274674,-0.492354,0.000000,0.492354,0.021197,-0.001543,0.030969,0.030969,0.009772,0.068650,0.070193,0.039388,0.027104,0.000078,0.068403,0.000247,1.544243,0.000000,1.544243,1.544243,1.544243,0.772121,0.772121,0,0,1,0,0.000000,0.080000,0.008000,0.001000,7.000000,0.160000,22.000000,0.025000,0.000000
11.650000,0.500000,0.640000,-4.277174,-0.000000,-4.277174,-0.492746,0.000000,0.492746,0.021197,-0.001543,0.030969,0.030969,0.009772,0.068650,0.070193,0.039420,0.027104,0.000078,0.068403,0.000247,1.544243,0.000000,1.544243,1.544243,1.544243,0.772121,0.772121,0,0,1,0,0.000000,0.080000,0.008000,0.001000,7.000000,0.160000,22.000000,0.025000,0.000000
11.655000,0.500000,0.640000,-4.279676,-0.000000,-4.279676,-0.493138,0.000000,0.493138,0.021181,-0.001543,0.030969,0.030969,0.009787,0.068758,0.070301,0.039451,0.027104,0.000078,0.068511,0.000247,1.546623,0.000541,1.547164,1.547164,1.547164,0.773582,0.773582,0,0,1,0,0.000000,0.080000,0.008000,0.001000,7.000000,0.160000,22.000000,0.025000,0.000000
11.660000,0.500000,0.640000,-4.282180,-0.000000,-4.282180,-0.493530,0.000000,0.493530,0.021181,-0.001543,0.030969,0.030969,0.009787,0.068758,0.070301,0.039482,0.027104,0.000078,0.068511,0.000247,1.546623,0.000000,1.546623,1.546623,1.546623,0.773312,0.773312,0,0,1,0,0.000000,0.080000,0.008000,0.001000,7.000000,0.160000,22.000000,0.025000,0.000000
11.665000,0.500000,0.640000,-4.284686,-0.000000,-4.284686,-0.493921,0.000000,0.493921,0.021166,-0.001551,0.030969,0.030969,0.009803,0.068869,0.070420,0.039514,0.027104,0.000078,0.068620,0.000248,1.549238,0.000594,1.549832,1.549832,1.549832,0.774916,0.774916,0,0,1,0,0.000000,0.080000,0.008000,0.001000,7.000000,0.160000,22.000000,0.025000,0.000000
11.670000,0.500000,0.640000,-4.287194,-0.000000,-4.287194,-0.494313,0.000000,0.494313,0.021166,-0.001551,0.030969,0.030969,0.009803,0.068869,0.070420,0.039545,0.027104,0.000078,0.068620,0.000248,1.549238,0.000000,1.549238,1.549238,1.549238,0.774619,0.774619,0,0,1,0,0.000000,0.080000,0.008000,0.001000,7.000000,0.160000,22.000000,0.025000,0.000000
11.679000,0.500000,0.640000,-4.292216,-0.000000,-4.292216,-0.495098,0.000000,0.495098,0.021150,-0.001556,0.030969,0.030969,0.009819,0.068981,0.070537,0.039608,0.027104,0.000087,0.068732,0.000249,1.551819,0.000326,1.552145,1.552145,1.552145,0.776073,0.776073,0,0,1,0,0.000000,0.080000,0.008000,0.001000,7.000000,0.160000,22.000000,0.025000,0.000000
11.684000,0.500000,0.640000,-4.294730,-0.000000,-4.294730,-0.495489,0.000000,0.495489,0.021134,-0.001568,0.030969,0.030969,0.009835,0.069094,0.070663,0.039639,0.027104,0.000078,0.068843,0.000251,1.554581,0.000628,1.555209,1.555209,1.555209,0.777604,0.777604,0,0,1,0,0.000000,0.080000,0.008000,0.001000,7.000000,0.160000,22.000000,0.025000,0.000000
11.689000,0.500000,0.640000,-4.297246,-0.000000,-4.297246,-0.495882,0.000000,0.495882,0.021134,-0.001568,0.030969,0.030969,0.009835,0.069094,0.070663,0.039671,0.027104,0.000078,0.068843,0.000251,1.554581,0.000000,1.554581,1.554581,1.554581,0.777291,0.777291,0,0,1,0,0.000000,0.080000,0.008000,0.001000,7.000000,0.160000,22.000000,0.025000,0.000000
11.694000,0.500000,0.640000,-4.299764,-0.000000,-4.299764,-0.496275,0.000000,0.496275,0.021118,-0.001573,0.030969,0.030969,0.009851,0.069208,0.070781,0.039702,0.027104,0.000079,0.068956,0.000252,1.557185,0.000592,1.557777,1.557777,1.557777,0.778889,0.778889,0,0,1,0,0.000000,0.080000,0.008000,0.001000,7.000000,0.160000,22.000000,0.025000,0.000000
11.699000,0.500000,0.640000,-4.302284,-0.000000,-4.302284,-0.496669,0.000000,0.496669,0.021118,-0.001573,0.030969,0.030969,0.009851,0.069208,0.070781,0.039734,0.027104,0.000079,0.068956,0.000252,1.557185,0.000000,1.557185,1.557185,1.557185,0.778593,0.778593,0,0,1,0,0.000000,0.080000,0.008000,0.001000,7.000000,0.160000,22.000000,0.025000,0.000000
11.704000,0.500000,0.640000,-4.304806,-0.000000,-4.304806,-0.497064,0.000000,0.497064,0.021102,-0.001572,0.030969,0.030969,0.009867,0.069319,0.070891,0.039765,0.027104,0.000079,0.069067,0.000252,1.559606,0.000550,1.560157,1.560157,1.560157,0.780078,0.780078,0,0,1,0,0.000000,0.080000,0.008000,0.001000,7.000000,0.160000,22.000000,0.025000,0.000000
11.709000,0.500000,0.640000,-4.307330,-0.000000,-4.307330,-0.497460,0.000000,0.497460,0.021102,-0.001572,0.030969,0.030969,0.009867,0.069319,0.070891,0.039797,0.027104,0.000079,0.069067,0.000252,1.559606,0.000000,1.559606,1.559606,1.559606,0.779803,0.779803,0,0,1,0,0.000000,0.080000,0.008000,0.001000,7.000000,0.160000,22.000000,0.025000,0.000000
11.714000,0.500000,0.640000,-4.309856,-0.000000,-4.309856,-0.497856,0.000000,0.497856,0.021086,-0.001567,0.030969,0.030969,0.009882,0.069427,0.070994,0.039829,0.027104,0.000079,0.069176,0.000251,1.561877,0.000516,1.562393,1.562393,1.562393,0.781196,0.781196,0,0,1,0,0.000000,0.080000,0.008000,0.001000,7.000000,0.160000,22.000000,0.025000,0.000000
11.723000,0.500000,0.640000,-4.314915,-0.000000,-4.314915,-0.498651,0.000000,0.498651,0.021071,-0.001560,0.030969,0.030969,0.009898,0.069534,0.071093,0.039892,0.027104,0.000088,0.069284,0.000250,1.564055,0.000275,1.564330,1.564330,1.564330,0.782165,0.782165,0,0,1,0,0.000000,0.080000,0.008000,0.001000,7.000000,0.160000,22.000000,0.025000,0.000000
11.728000,0.500000,0.640000,-4.317447,-0.000000,-4.317447,-0.499049,0.000000,0.499049,0.021071,-0.001560,0.030969,0.030969,0.009898,0.069534,0.071093,0.039924,0.027104,0.000080,0.069284,0.000250,1.564055,0.000000,1.564055,1.564055,1.564055,0.782027,0.782027,0,0,1,0,0.000000,0.080000,0.008000,0.001000,7.000000,0.160000,22.000000,0.025000,0.000000
11.733000,0.500000,0.640000,-4.319981,-0.000000,-4.319981,-0.499448,0.000000,0.499448,0.021056,-0.001551,0.030969,0.030969,0.009913,0.069639,0.071190,0.039956,0.027104,0.000080,0.069391,0.000248,1.566181,0.000483,1.566665,1.566665,1.566665,0.783332,0.783332,0,0,1,0,0.000000,0.080000,0.008000,0.001000,7.000000,0.160000,22.000000,0.025000,0.000000
11.738000,0.500000,0.640000,-4.322518,-0.000000,-4.322518,-0.499846,0.000000,0.499846,0.021056,-0.001551,0.030969,0.030969,0.009913,0.069639,0.071190,0.039988,0.027104,0.000080,0.069391,0.000248,1.566181,0.000000,1.566181,1.566181,1.566181,0.783091,0.783091,0,0,1,0,0.000000,0.080000,0.008000,0.001000,7.000000,0.160000,22.000000,0.025000,0.000000
11.743000,0.500000,0.640000,-4.325056,-0.000000,-4.325056,-0.500245,0.000000,0.500245,0.021041,-0.001545,0.030969,0.030969,0.009928,0.069744,0.071289,0.040020,0.027104,0.000080,0.069497,0.000247,1.568367,0.000497,1.568864,1.568864,1.568864,0.784432,0.784432,0,0,1,0,0.000000,0.080000,0.008000,0.001000,7.000000,0.160000,22.000000,0.025000,0.000000
11.748000,0.500000,0.640000,-4.327596,-0.000000,-4.327596,-0.500644,0.000000,0.500644,0.021041,-0.001545,0.030969,0.030969,0.009928,0.069744,0.071289,0.040052,0.027104,0.000080,0.069497,0.000247,1.568367,0.000000,1.568367,1.568367,1.568367,0.784184,0.784184,0,0,1,0,0.000000,0.080000,0.008000,0.001000,7.000000,0.160000,22.000000,0.025000,0.000000
11.757000,0.500000,0.640000,-4.332683,-0.000000,-4.332683,-0.501442,0.000000,0.501442,0.021025,-0.001543,0.030969,0.030969,0.009943,0.069851,0.071394,0.040115,0.027104,0.000089,0.069604,0.000247,1.570667,0.000290,1.570957,1.570957,1.570957,0.785479,0.785479,0,0,1,0,0.000000,0.080000,0.008000,0.001000,7.000000,0.160000,22.000000,0.025000,0.000000
11.762000,0.500000,0.640000,-4.335229,-0.000000,-4.335229,-0.501840,0.000000,0.501840,0.021010,-0.001554,0.030969,0.030969,0.009959,0.069962,0.071516,0.040147,0.027104,0.000080,0.069714,0.000249,1.573354,0.000611,1.573964,1.573964,1.573964,0.786982,0.786982,0,0,1,0,0.000000,0.080000,0.008000,0.001000,7.000000,0.160000,22.000000,0.025000,0.000000
11.767000,0.500000,0.640000,-4.337777,-0.000000,-4.337777,-0.502237,0.000000,0.502237,0.021010,-0.001554,0.030969,0.030969,0.009959,0.069962,0.071516,0.040179,0.027104,0.000079,0.069714,0.000249,1.573354,0.000000,1.573354,1.573354,1.573354,0.786677,0.786677,0,0,1,0,0.000000,0.080000,0.008000,0.001000,7.000000,0.160000,22.000000,0.025000,0.000000
11.772000,0.500000,0.640000,-4.340327,-0.000000,-4.340327,-0.502636,0.000000,0.502636,0.020993,-0.001565,0.030969,0.030969,0.009975,0.070077,0.071642,0.040211,0.027104,0.000080,0.069827,0.000250,1.576117,0.000628,1.576745,1.576745,1.576745,0.788372,0.788372,0,0,1,0,0.000000,0.080000,0.008000,0.001000,7.000000,0.160000,22.000000,0.025000,0.000000
11.777000,0.500000,0.640000,-4.342880,-0.000000,-4.342880,-0.503033,0.000000,0.503033,0.020993,-0.001565,0.030969,0.030969,0.009975,0.070077,0.071642,0.040243,0.027104,0.000080,0.069827,0.000250,1.576117,0.000000,1.576117,1.576117,1.576117,0.788058,0.788058,0,0,1,0,0.000000,0.080000,0.008000,0.001000,7.000000,0.160000,22.000000,0.025000,0.000000
11.782000,0.500000,0.640000,-4.345434,-0.000000,-4.345434,-0.503432,0.000000,0.503432,0.020977,-0.001575,0.030969,0.030969,0.009991,0.070192,0.071767,0.040275,0.027104,0.000080,0.069940,0.000252,1.578882,0.000629,1.579511,1.579511,1.579511,0.789755,0.789755,0,0,1,0,0.000000,0.080000,0.008000,0.001000,7.000000,0.160000,22.000000,0.025000,0.000000
11.787000,0.500000,0.640000,-4.347990,-0.000000,-4.347990,-0.503831,0.000000,0.503831,0.020977,-0.001575,0.030969,0.030969,0.009991,0.070192,0.071767,0.040306,0.027104,0.000080,0.069940,0.000252,1.578882,0.000000,1.578882,1.578882,1.578882,0.789441,0.789441,0,0,1,0,0.000000,0.080000,0.008000,0.001000,7.000000,0.160000,22.000000,0.025000,0.000000
11.792000,0.500000,0.640000,-4.350548,-0.000000,-4.350548,-0.504230,0.000000,0.504230,0.020961,-0.001583,0.030969,0.030969,0.010008,0.070308,0.071891,0.040338,0.027104,0.000080,0.070054,0.000253,1.581600,0.000618,1.582218,1.582218,1.582218,0.791109,0.791109,0,0,1,0,0.000000,0.080000,0.008000,0.001000,7.000000,0.160000,22.000000,0.025000,0.000000
11.797000,0.500000,0.640000,-4.353109,-0.000000,-4.353109,-0.504630,0.000000,0.504630,0.020961,-0.001583,0.030969,0.030969,0.010008,0.070308,0.071891,0.040370,0.027104,0.000080,0.070054,0.000253,1.581600,0.000000,1.581600,1.581600,1.581600,0.790800,0.790800,0,0,1,0,0.000000,0.080000,0.008000,0.001000,7.000000,0.160000,22.000000,0.025000,0.000000
11.802000,0.500000,0.640000,-4.355671,-0.000000,-4.355671,-0.505031,0.000000,0.505031,0.020945,-0.001589,0.030969,0.030969,0.010024,0.070422,0.072011,0.040402,0.027104,0.000080,0.070168,0.000254,1.584234,0.000599,1.584832,1.584832,1.584832,0.792416,0.792416,0,0,1,0,0.000000,0.080000,0.008000,0.001000,7.000000,0.160000,22.000000,0.025000,0.000000
11.811000,0.500000,0.640000,-4.360802,-0.000000,-4.360802,-0.505833,0.000000,0.505833,0.020929,-0.001591,0.030969,0.030969,0.010040,0.070535,0.072126,0.040467,0.027104,0.000089,0.070281,0.000255,1.586769,0.000320,1.587089,1.587089,1.587089,0.793545,0.793545,0,0,1,0,0.000000,0.080000,0.008000,0.001000,7.000000,0.160000,22.000000,0.025000,0.000000
11.816000,0.500000,0.640000,-4.363371,-0.000000,-4.363371,-0.506236,0.000000,0.506236,0.020929,-0.001591,0.030969,0.030969,0.010040,0.070535,0.072126,0.040499,0.027104,0.000080,0.070281,0.000255,1.586769,0.000000,1.586769,1.586769,1.586769,0.793385,0.793385,0,0,1,0,0.000000,0.080000,0.008000,0.001000,7.000000,0.160000,22.000000,0.025000,0.000000
11.821000,0.500000,0.640000,-4.365941,-0.000000,-4.365941,-0.506639,0.000000,0.506639,0.020913,-0.001589,0.030969,0.030969,0.010056,0.070646,0.072235,0.040531,0.027104,0.000081,0.070392,0.000254,1.589178,0.000548,1.589726,1.589726,1.589726,0.794863,0.794863,0,0,1,0,0.000000,0.080000,0.008000,0.001000,7.000000,0.160000,22.000000,0.025000,0.000000
11.826000,0.500000,0.640000,-4.368514,-0.000000,-4.368514,-0.507042,0.000000,0.507042,0.020913,-0.001589,0.030969,0.030969,0.010056,0.070646,0.072235,0.040563,0.027104,0.000081,0.070392,0.000254,1.589178,0.000000,1.589178,1.589178,1.589178,0.794589,0.794589,0,0,1,0,0.000000,0.080000,0.008000,0.001000,7.000000,0.160000,22.000000,0.025000,0.000000
11.831000,0.500000,0.640000,-4.371089,-0.000000,-4.371089,-0.507446,0.000000,0.507446,0.020897,-0.001586,0.030969,0.030969,0.010072,0.070756,0.072343,0.040596,0.027104,0.000081,0.070503,0.000254,1.591535,0.000536,1.592071,1.592071,1.592071,0.796035,0.796035,0,0,1,0,0.000000,0.080000,0.008000,0.001000,7.000000,0.160000,22.000000,0.025000,0.000000
11.836000,0.500000,0.640000,-4.373666,-0.000000,-4.373666,-0.507850,0.000000,0.507850,0.020897,-0.001586,0.030969,0.030969,0.010072,0.070756,0.072343,0.040628,0.027104,0.000081,0.070503,0.000254,1.591535,0.000000,1.591535,1.591535,1.591535,0.795768,0.795768,0,0,1,0,0.000000,0.080000,0.008000,0.001000,7.000000,0.160000,22.000000,0.025000,0.000000
11.841000,0.500000,0.640000,-4.376244,-0.000000,-4.376244,-0.508255,0.000000,0.508255,0.020881,-0.001583,0.030969,0.030969,0.010088,0.070866,0.072449,0.040660,0.027104,0.000081,0.070613,0.000253,1.593879,0.000533,1.594411,1.594411,1.594411,0.797206,0.797206,0,0,1,0,0.000000,0.080000,0.008000,0.001000,7.000000,0.160000,22.000000,0.025000,0.000000
11.850000,0.500000,0.640000,-4.381408,-0.000000,-4.381408,-0.509065,0.000000,0.509065,0.020865,-0.001581,0.030969,0.030969,0.010103,0.070976,0.072557,0.040725,0.027104,0.000090,0.070723,0.000253,1.596249,0.000299,1.596548,1.596548,1.596548,0.798274,0.798274,0,0,1,0,0.000000,0.080000,0.008000,0.001000,7.000000,0.160000,22.000000,0.025000,0.000000
11.855000,0.500000,0.640000,-4.381408,-0.000000,-4.381408,-0.509065,0.000000,0.509065,0.020865,-0.001581,0.030969,0.030969,0.010103,0.070976,0.072557,0.040725,0.027104,0.000000,0.070723,0.000253,1.596249,0.000000,1.596249,1.596249,1.596249,0.798124,0.798124,0,0,1,0,0.000000,0.080000,0.008000,0.001000,7.000000,0.160000,22.000000,0.025000,0.000000
11.860000,0.500000,0.640000,-4.383993,-0.000000,-4.383993,-0.509470,0.000000,0.509470,0.020865,-0.001581,0.030969,0.030969,0.010103,0.070976,0.072557,0.040758,0.027104,0.000081,0.070723,0.000253,1.596249,0.000000,1.596249,1.596249,1.596249,0.798124,0.798124,0,0,1,0,0.000000,0.080000,0.008000,0.001000,7.000000,0.160000,22.000000,0.025000,0.000000
11.865000,0.500000,0.640000,-4.386581,-0.000000,-4.386581,-0.509876,0.000000,0.509876,0.020850,-0.001580,0.030969,0.030969,0.010119,0.071086,0.072667,0.040790,0.027104,0.000081,0.070834,0.000253,1.598671,0.000551,1.599222,1.599222,1.599222,0.799611,0.799611,0,0,1,0,0.000000,0.080000,0.008000,0.001000,7.000000,0.160000,22.000000,0.025000,0.000000
11.870000,0.500000,0.640000,-4.389170,-0.000000,-4.389170,-0.510282,0.000000,0.510282,0.020850,-0.001580,0.030969,0.030969,0.010119,0.071086,0.072667,0.040823,0.027104,0.000081,0.070834,0.000253,1.598671,0.000000,1.598671,1.598671,1.598671,0.799336,0.799336,0,0,1,0,0.000000,0.080000,0.008000,0.001000,7.000000,0.160000,22.000000,0.025000,0.000000
11.875000,0.500000,0.640000,-4.391761,-0.000000,-4.391761,-0.510688,0.000000,0.510688,0.020834,-0.001582,0.030969,0.030969,0.010135,0.071198,0.072781,0.040855,0.027104,0.000081,0.070945,0.000253,1.601176,0.000569,1.601745,1.601745,1.601745,0.800872,0.800872,0,0,1,0,0.000000,0.080000,0.008000,0.001000,7.000000,0.160000,22.000000,0.025000,0.000000
11.884000,0.500000,0.640000,-4.396949,-0.000000,-4.396949,-0.511500,0.000000,0.511500,0.020818,-0.001587,0.030969,0.030969,0.010151,0.071311,0.072898,0.040920,0.027104,0.000090,0.071057,0.000254,1.603755,0.000326,1.604081,1.604081,1.604081,0.802041,0.802041,0,0,1,0,0.000000,0.080000,0.008000,0.001000,7.000000,0.160000,22.000000,0.025000,0.000000
11.889000,0.500000,0.640000,-4.399547,-0.000000,-4.399547,-0.511906,0.000000,0.511906,0.020818,-0.001587,0.030969,0.030969,0.010151,0.071311,0.072898,0.040952,0.027104,0.000081,0.071057,0.000254,1.603755,0.000000,1.603755,1.603755,1.603755,0.801878,0.801878,0,0,1,0,0.000000,0.080000,0.008000,0.001000,7.000000,0.160000,22.000000,0.025000,0.000000
11.894000,0.500000,0.640000,-4.402146,-0.000000,-4.402146,-0.512313,0.000000,0.512313,0.020802,-0.001592,0.030969,0.030969,0.010167,0.071425,0.073017,0.040985,0.027104,0.000081,0.071170,0.000255,1.606364,0.000593,1.606957,1.606957,1.606957,0.803479,0.803479,0,0,1,0,0.000000,0.080000,0.008000,0.001000,7.000000,0.160000,22.000000,0.025000,0.000000
11.899000,0.500000,0.640000,-4.404748,-0.000000,-4.404748,-0.512720,0.000000,0.512720,0.020802,-0.001592,0.030969,0.030969,0.010167,0.071425,0.073017,0.041018,0.027104,0.000081,0.071170,0.000255,1.606364,0.000000,1.606364,1.606364,1.606364,0.803182,0.803182,0,0,1,0,0.000000,0.080000,0.008000,0.001000,7.000000,0.160000,22.000000,0.025000,0.000000
11.904000,0.500000,0.640000,-4.407351,-0.000000,-4.407351,-0.513127,0.000000,0.513127,0.020785,-0.001598,0.030969,0.030969,0.010183,0.071540,0.073137,0.041050,0.027104,0.000081,0.071284,0.000256,1.609022,0.000604,1.609626,1.609626,1.609626,0.804813,0.804813,0,0,1,0,0.000000,0.080000,0.008000,0.001000,7.000000,0.160000,22.000000,0.025000,0.000000
11.909000,0.500000,0.640000,-4.409957,-0.000000,-4.409957,-0.513534,0.000000,0.513534,0.020785,-0.001598,0.030969,0.030969,0.010183,0.071540,0.073137,0.041083,0.027104,0.000081,0.071284,0.000256,1.609022,0.000000,1.609022,1.609022,1.609022,0.804511,0.804511,0,0,1,0,0.000000,0.080000,0.008000,0.001000,7.000000,0.160000,22.000000,0.025000,0.000000
11.914000,0.500000,0.640000,-4.412564,-0.000000,-4.412564,-0.513942,0.000000,0.513942,0.020769,-0.001604,0.030969,0.030969,0.010200,0.071655,0.073259,0.041115,0.027104,0.000082,0.071398,0.000257,1.611702,0.000609,1.612311,1.612311,1.612311,0.806156,0.806156,0,0,1,0,0.000000,0.080000,0.008000,0.001000,7.000000,0.160000,22.000000,0.025000,0.000000
11.919000,0.500000,0.640000,-4.415174,-0.000000,-4.415174,-0.514349,0.000000,0.514349,0.020769,-0.001604,0.030969,0.030969,0.010200,0.071655,0.073259,0.041148,0.027104,0.000082,0.071398,0.000257,1.611702,0.000000,1.611702,1.611702,1.611702,0.805851,0.805851,0,0,1,0,0.000000,0.080000,0.008000,0.001000,7.000000,0.160000,22.000000,0.025000,0.000000
11.924000,0.500000,0.640000,-4.417786,-0.000000,-4.417786,-0.514758,0.000000,0.514758,0.020753,-0.001610,0.030969,0.030969,0.010216,0.071771,0.073381,0.041181,0.027104,0.000082,0.071513,0.000258,1.614378,0.000608,1.614986,1.614986,1.614986,0.807493,0.807493,0,0,1,0,0.000000,0.080000,0.008000,0.001000,7.000000,0.160000,22.000000,0.025000,0.000000
11.929000,0.500000,0.640000,-4.420399,-0.000000,-4.420399,-0.515166,0.000000,0.515166,0.020753,-0.001610,0.030969,0.030969,0.010216,0.071771,0.073381,0.041213,0.027104,0.000082,0.071513,0.000258,1.614378,0.000000,1.614378,1.614378,1.614378,0.807189,0.807189,0,0,1,0,0.000000,0.080000,0.008000,0.001000,7.000000,0.160000,22.000000,0.025000,0.000000
11.938000,0.500000,0.640000,-4.425633,-0.000000,-4.425633,-0.515985,0.000000,0.515985,0.020736,-0.001615,0.030969,0.030969,0.010233,0.071886,0.073501,0.041279,0.027104,0.000091,0.071628,0.000258,1.617029,0.000335,1.617364,1.617364,1.617364,0.808682,0.808682,0,0,1,0,0.000000,0.080000,0.008000,0.001000,7.000000,0.160000,22.000000,0.025000,0.000000
11.943000,0.500000,0.640000,-4.428253,-0.000000,-4.428253,-0.516393,0.000000,0.516393,0.020720,-0.001628,0.030969,0.030969,0.010249,0.072005,0.073633,0.041311,0.027104,0.000082,0.071744,0.000261,1.619925,0.000658,1.620583,1.620583,1.620583,0.810291,0.810291,0,0,1,0,0.000000,0.080000,0.008000,0.001000,7.000000,0.160000,22.000000,0.025000,0.000000
11.948000,0.500000,0.640000,-4.430875,-0.000000,-4.430875,-0.516802,0.000000,0.516802,0.020720,-0.001628,0.030969,0.030969,0.010249,0.072005,0.073633,0.041344,0.027104,0.000082,0.071744,0.000261,1.619925,0.000000,1.619925,1.619925,1.619925,0.809962,0.809962,0,0,1,0,0.000000,0.080000,0.008000,0.001000,7.000000,0.160000,22.000000,0.025000,0.000000
11.953000,0.500000,0.640000,-4.433499,-0.000000,-4.433499,-0.517212,0.000000,0.517212,0.020703,-0.001636,0.030969,0.030969,0.010266,0.072124,0.073759,0.041377,0.027104,0.000082,0.071862,0.000262,1.622707,0.000632,1.623339,1.623339,1.623339,0.811670,0.811670,0,0,1,0,0.000000,0.080000,0.008000,0.001000,7.000000,0.160000,22.000000,0.025000,0.000000
11.958000,0.500000,0.640000,-4.436126,-0.000000,-4.436126,-0.517622,0.000000,0.517622,0.020703,-0.001636,0.030969,0.030969,0.010266,0.072124,0.073759,0.041410,0.027104,0.000082,0.071862,0.000262,1.622707,0.000000,1.622707,1.622707,1.622707,0.811353,0.811353,0,0,1,0,0.000000,0.080000,0.008000,0.001000,7.000000,0.160000,22.000000,0.025000,0.000000
11.963000,0.500000,0.640000,-4.438754,-0.000000,-4.438754,-0.518033,0.000000,0.518033,0.020686,-0.001638,0.030969,0.030969,0.010283,0.072240,0.073879,0.041443,0.027104,0.000082,0.071978,0.000262,1.625330,0.000596,1.625926,1.625926,1.625926,0.812963,0.812963,0,0,1,0,0.000000,0.080000,0.008000,0.001000,7.000000,0.160000,22.000000,0.025000,0.000000
11.968000,0.500000,0.640000,-4.441385,-0.000000,-4.441385,-0.518445,0.000000,0.518445,0.020686,-0.001638,0.030969,0.030969,0.010283,0.072240,0.073879,0.041476,0.027104,0.000082,0.071978,0.000262,1.625330,0.000000,1.625330,1.625330,1.625330,0.812665,0.812665,0,0,1,0,0.000000,0.080000,0.008000,0.001000,7.000000,0.160000,22.000000,0.025000,0.000000
11.977000,0.500000,0.640000,-4.446652,-0.000000,-4.446652,-0.519271,0.000000,0.519271,0.020670,-0.001636,0.030969,0.030969,0.010299,0.072355,0.073991,0.041542,0.027104,0.000092,0.072093,0.000262,1.627805,0.000312,1.628117,1.628117,1.628117,0.814059,0.814059,0,0,1,0,0.000000,0.080000,0.008000,0.001000,7.000000,0.160000,22.000000,0.025000,0.000000
11.982000,0.500000,0.640000,-4.449289,-0.000000,-4.449289,-0.519683,0.000000,0.519683,0.020653,-0.001640,0.030969,0.030969,0.010315,0.072470,0.074111,0.041575,0.027104,0.000083,0.072208,0.000262,1.630435,0.000598,1.631032,1.631032,1.631032,0.815516,0.815516,0,0,1,0,0.000000,0.080000,0.008000,0.001000,7.000000,0.160000,22.000000,0.025000,0.000000
11.987000,0.500000,0.640000,-4.451928,-0.000000,-4.451928,-0.520096,0.000000,0.520096,0.020653,-0.001640,0.030969,0.030969,0.010315,0.072470,0.074111,0.041608,0.027104,0.000083,0.072208,0.000262,1.630435,0.000000,1.630435,1.630435,1.630435,0.815217,0.815217,0,0,1,0,0.000000,0.080000,0.008000,0.001000,7.000000,0.160000,22.000000,0.025000,0.000000
11.992000,0.500000,0.640000,-4.454569,-0.000000,-4.454569,-0.520510,0.000000,0.520510,0.020637,-0.001639,0.030969,0.030969,0.010332,0.072586,0.074225,0.041641,0.027104,0.000083,0.072323,0.000262,1.632945,0.000570,1.633515,1.633515,1.633515,0.816758,0.816758,0,0,1,0,0.000000,0.080000,0.008000,0.001000,7.000000,0.160000,22.000000,0.025000,0.000000
11.997000,0.500000,0.640000,-4.457212,-0.000000,-4.457212,-0.520925,0.000000,0.520925,0.020637,-0.001639,0.030969,0.030969,0.010332,0.072586,0.074225,0.041674,0.027104,0.000083,0.072323,0.000262,1.632945,0.000000,1.632945,1.632945,1.632945,0.816472,0.816472,0,0,1,0,0.000000,0.080000,0.008000,0.001000,7.000000,0.160000,22.000000,0.025000,0.000000
12.002000,0.500000,0.640000,-4.459857,-0.000000,-4.459857,-0.521340,0.000000,0.521340,0.020621,-0.001635,0.030969,0.030969,0.010348,0.072699,0.074334,0.041707,0.027104,0.000083,0.072438,0.000262,1.635350,0.000547,1.635897,1.635897,1.635897,0.817948,0.817948,0,0,1,0,0.000000,0.080000,0.008000,0.001000,7.000000,0.160000,22.000000,0.025000,0.000000
12.007000,0.500000,0.640000,-4.462505,-0.000000,-4.462505,-0.521755,0.000000,0.521755,0.020621,-0.001635,0.030969,0.030969,0.010348,0.072699,0.074334,0.041740,0.027104,0.000083,0.072438,0.000262,1.635350,0.000000,1.635350,1.635350,1.635350,0.817675,0.817675,0,0,1,0,0.000000,0.080000,0.008000,0.001000,7.000000,0.160000,22.000000,0.025000,0.000000
12.012000,0.500000,0.640000,-4.465154,-0.000000,-4.465154,-0.522172,0.000000,0.522172,0.020604,-0.001630,0.030969,0.030969,0.010364,0.072811,0.074441,0.041774,0.027104,0.000083,0.072551,0.000261,1.637702,0.000535,1.638237,1.638237,1.638237,0.819118,0.819118,0,0,1,0,0.000000,0.080000,0.008000,0.001000,7.000000,0.160000,22.000000,0.025000,0.000000
12.017000,0.500000,0.640000,-4.467806,-0.000000,-4.467806,-0.522588,0.000000,0.522588,0.020604,-0.001630,0.030969,0.030969,0.010364,0.072811,0.074441,0.041807,0.027104,0.000083,0.072551,0.000261,1.637702,0.000000,1.637702,1.637702,1.637702,0.818851,0.818851,0,0,1,0,0.000000,0.080000,0.008000,0.001000,7.000000,0.160000,22.000000,0.025000,0.000000
12.022000,0.500000,0.640000,-4.470460,-0.000000,-4.470460,-0.523005,0.000000,0.523005,0.020588,-0.001625,0.030969,0.030969,0.010380,0.072923,0.074548,0.041840,0.027104,0.000083,0.072663,0.000260,1.640057,0.000535,1.640592,1.640592,1.640592,0.820296,0.820296,0,0,1,0,0.000000,0.080000,0.008000,0.001000,7.000000,0.160000,22.000000,0.025000,0.000000
12.027000,0.500000,0.640000,-4.473115,-0.000000,-4.473115,-0.523422,0.000000,0.523422,0.020588,-0.001625,0.030969,0.030969,0.010380,0.072923,0.074548,0.041874,0.027104,0.000083,0.072663,0.000260,1.640057,0.000000,1.640057,1.640057,1.640057,0.820029,0.820029,0,0,1,0,0.000000,0.080000,0.008000,0.001000,7.000000,0.160000,22.000000,0.025000,0.000000
12.032000,0.500000,0.640000,-4.475773,-0.000000,-4.475773,-0.523839,0.000000,0.523839,0.020572,-0.001622,0.030969,0.030969,0.010397,0.073036,0.074658,0.041907,0.027104,0.000083,0.072776,0.000259,1.642466,0.000547,1.643014,1.643014,1.643014,0.821507,0.821507,0,0,1,0,0.000000,0.080000,0.008000,0.001000,7.000000,0.160000,22.000000,0.025000,0.000000
12.041000,0.500000,0.640000,-4.481096,-0.000000,-4.481096,-0.524674,0.000000,0.524674,0.020556,-0.001622,0.030969,0.030969,0.010413,0.073149,0.074771,0.041974,0.027104,0.000093,0.072890,0.000259,1.644964,0.000315,1.645279,1.645279,1.645279,0.822640,0.822640,0,0,1,0,0.000000,0.080000,0.008000,0.001000,7.000000,0.160000,22.000000,0.025000,0.000000
12.046000,0.500000,0.640000,-4.483760,-0.000000,-4.483760,-0.525092,0.000000,0.525092,0.020556,-0.001622,0.030969,0.030969,0.010413,0.073149,0.074771,0.042007,0.027104,0.000084,0.072890,0.000259,1.644964,0.000000,1.644964,1.644964,1.644964,0.822482,0.822482,0,0,1,0,0.000000,0.080000,0.008000,0.001000,7.000000,0.160000,22.000000,0.025000,0.000000
12.051000,0.500000,0.640000,-4.486426,-0.000000,-4.486426,-0.525510,0.000000,0.525510,0.020540,-0.001624,0.030969,0.030969,0.010429,0.073264,0.074888,0.042041,0.027104,0.000084,0.073004,0.000260,1.647533,0.000584,1.648117,1.648117,1.648117,0.824059,0.824059,0,0,1,0,0.000000,0.080000,0.008000,0.001000,7.000000,0.160000,22.000000,0.025000,0.000000
12.056000,0.500000,0.640000,-4.489095,-0.000000,-4.489095,-0.525927,0.000000,0.525927,0.020540,-0.001624,0.030969,0.030969,0.010429,0.073264,0.074888,0.042074,0.027104,0.000084,0.073004,0.000260,1.647533,0.000000,1.647533,1.647533,1.647533,0.823767,0.823767,0,0,1,0,0.000000,0.080000,0.008000,0.001000,7.000000,0.160000,22.000000,0.025000,0.000000
12.061000,0.500000,0.640000,-4.491766,-0.000000,-4.491766,-0.526345,0.000000,0.526345,0.020523,-0.001629,0.030969,0.030969,0.010446,0.073380,0.075010,0.042108,0.027104,0.000084,0.073119,0.000261,1.650210,0.000608,1.650819,1.650819,1.650819,0.825409,0.825409,0,0,1,0,0.000000,0.080000,0.008000,0.001000,7.000000,0.160000,22.000000,0.025000,0.000000
12.066000,0.500000,0.640000,-4.494438,-0.000000,-4.494438,-0.526763,0.000000,0.526763,0.020523,-0.001629,0.030969,0.030969,0.010446,0.073380,0.075010,0.042141,0.027104,0.000084,0.073119,0.000261,1.650210,0.000000,1.650210,1.650210,1.650210,0.825105,0.825105,0,0,1,0,0.000000,0.080000,0.008000,0.001000,7.000000,0.160000,22.000000,0.025000,0.000000
12.071000,0.500000,0.640000,-4.497113,-0.000000,-4.497113,-0.527181,0.000000,0.527181,0.020506,-0.001637,0.030969,0.030969,0.010462,0.073498,0.075135,0.042175,0.027104,0.000084,0.073236,0.000262,1.652971,0.000627,1.653598,1.653598,1.653598,0.826799,0.826799,0,0,1,0,0.000000,0.080000,0.008000,0.001000,7.000000,0.160000,22.000000,0.025000,0.000000
12.076000,0.500000,0.640000,-4.499790,-0.000000,-4.499790,-0.527600,0.000000,0.527600,0.020506,-0.001637,0.030969,0.030969,0.010462,0.073498,0.075135,0.042208,0.027104,0.000084,0.073236,0.000262,1.652971,0.000000,1.652971,1.652971,1.652971,0.826485,0.826485,0,0,1,0,0.000000,0.080000,0.008000,0.001000,7.000000,0.160000,22.000000,0.025000,0.000000
12.081000,0.500000,0.640000,-4.502469,-0.000000,-4.502469,-0.528018,0.000000,0.528018,0.020490,-0.001645,0.030969,0.030969,0.010479,0.073617,0.075263,0.042241,0.027104,0.000084,0.073354,0.000263,1.655779,0.000638,1.656418,1.656418,1.656418,0.828209,0.828209,0,0,1,0,0.000000,0.080000,0.008000,0.001000,7.000000,0.160000,22.000000,0.025000,0.000000
12.086000,0.500000,0.640000,-4.505150,-0.000000,-4.505150,-0.528437,0.000000,0.528437,0.020490,-0.001645,0.030969,0.030969,0.010479,0.073617,0.075263,0.042275,0.027104,0.000084,0.073354,0.000263,1.655779,0.000000,1.655779,1.655779,1.655779,0.827890,0.827890,0,0,1,0,0.000000,0.080000,0.008000,0.001000,7.000000,0.160000,22.000000,0.025000,0.000000
12.091000,0.500000,0.640000,-4.507833,-0.000000,-4.507833,-0.528856,0.000000,0.528856,0.020473,-0.001654,0.030969,0.030969,0.010496,0.073737,0.075391,0.042309,0.027104,0.000084,0.073472,0.000265,1.658596,0.000640,1.659236,1.659236,1.659236,0.829618,0.829618,0,0,1,0,0.000000,0.080000,0.008000,0.001000,7.000000,0.160000,22.000000,0.025000,0.000000
12.100000,0.500000,0.640000,-4.513206,-0.000000,-4.513206,-0.529696,0.000000,0.529696,0.020456,-0.001661,0.030969,0.030969,0.010513,0.073857,0.075517,0.042376,0.027104,0.000093,0.073591,0.000266,1.661384,0.000352,1.661736,1.661736,1.661736,0.830868,0.830868,0,0,1,0,0.000000,0.080000,0.008000,0.001000,7.000000,0.160000,22.000000,0.025000,0.000000
12.105000,0.500000,0.640000,-4.515896,-0.000000,-4.515896,-0.530116,0.000000,0.530116,0.020456,-0.001661,0.030969,0.030969,0.010513,0.073857,0.075517,0.042409,0.027104,0.000084,0.073591,0.000266,1.661384,0.000000,1.661384,1.661384,1.661384,0.830692,0.830692,0,0,1,0,0.000000,0.080000,0.008000,0.001000,7.000000,0.160000,22.000000,0.025000,0.000000
12.110000,0.500000,0.640000,-4.515896,-0.000000,-4.515896,-0.530116,0.000000,0.530116,0.020439,-0.001663,0.030969,0.030969,0.010530,0.073975,0.075638,0.042409,0.027104,0.000000,0.073709,0.000266,1.664033,0.000602,1.664635,1.664635,1.664635,0.832318,0.832318,0,0,1,0,0.000000,0.080000,0.008000,0.001000,7.000000,0.160000,22.000000,0.025000,0.000000
12.115000,0.500000,0.640000,-4.518588,-0.000000,-4.518588,-0.530538,0.000000,0.530538,0.020439,-0.001664,0.030969,0.030969,0.010530,0.073976,0.075640,0.042443,0.027104,0.000084,0.073709,0.000266,1.664079,0.000010,1.664089,1.664089,1.664089,0.832044,0.832044,0,0,1,0,0.000000,0.080000,0.008000,0.001000,7.000000,0.160000,22.000000,0.025000,0.000000
12.120000,0.500000,0.640000,-4.521282,-0.000000,-4.521282,-0.530959,0.000000,0.530959,0.020439,-0.001664,0.030969,0.030969,0.010530,0.073976,0.075640,0.042477,0.027104,0.000084,0.073709,0.000266,1.664079,0.000000,1.664079,1.664079,1.664079,0.832039,0.832039,0,0,1,0,0.000000,0.080000,0.008000,0.001000,7.000000,0.160000,22.000000,0.025000,0.000000
12.125000,0.500000,0.640000,-4.523978,-0.000000,-4.523978,-0.531381,0.000000,0.531381,0.020422,-0.001666,0.030969,0.030969,0.010547,0.074094,0.075760,0.042511,0.027104,0.000084,0.073827,0.000267,1.666724,0.000601,1.667326,1.667326,1.667326,0.833663,0.833663,0,0,1,0,0.000000,0.080000,0.008000,0.001000,7.000000,0.160000,22.000000,0.025000,0.000000
12.130000,0.500000,0.640000,-4.526676,-0.000000,-4.526676,-0.531804,0.000000,0.531804,0.020422,-0.001666,0.030969,0.030969,0.010547,0.074094,0.075760,0.042544,0.027104,0.000084,0.073827,0.000267,1.666724,0.000000,1.666724,1.666724,1.666724,0.833362,0.833362,0,0,1,0,0.000000,0.080000,0.008000,0.001000,7.000000,0.160000,22.000000,0.025000,0.000000
12.135000,0.500000,0.640000,-4.529377,-0.000000,-4.529377,-0.532227,0.000000,0.532227,0.020405,-0.001667,0.030969,0.030969,0.010564,0.074211,0.075878,0.042578,0.027104,0.000085,0.073945,0.000267,1.669322,0.000590,1.669912,1.669912,1.669912,0.834956,0.834956,0,0,1,0,0.000000,0.080000,0.008000,0.001000,7.000000,0.160000,22.000000,0.025000,0.000000
12.140000,0.500000,0.640000,-4.532079,-0.000000,-4.532079,-0.532650,0.000000,0.532650,0.020405,-0.001667,0.030969,0.030969,0.010564,0.074211,0.075878,0.042612,0.027104,0.000085,0.073945,0.000267,1.669322,0.000000,1.669322,1.669322,1.669322,0.834661,0.834661,0,0,1,0,0.000000,0.080000,0.008000,0.001000,7.000000,0.160000,22.000000,0.025000,0.000000
12.149000,0.500000,0.640000,-4.537491,-0.000000,-4.537491,-0.533499,0.000000,0.533499,0.020388,-0.001666,0.030969,0.030969,0.010580,0.074328,0.075995,0.042680,0.027104,0.000094,0.074062,0.000267,1.671886,0.000324,1.672210,1.672210,1.672210,0.836105,0.836105,0,0,1,0,0.000000,0.080000,0.008000,0.001000,7.000000,0.160000,22.000000,0.025000,0.000000
12.154000,0.500000,0.640000,-4.540200,-0.000000,-4.540200,-0.533922,0.000000,0.533922,0.020372,-0.001676,0.030969,0.030969,0.010597,0.074448,0.076123,0.042714,0.027104,0.000085,0.074180,0.000268,1.674715,0.000643,1.675358,1.675358,1.675358,0.837679,0.837679,0,0,1,0,0.000000,0.080000,0.008000,0.001000,7.000000,0.160000,22.000000,0.025000,0.000000
12.159000,0.500000,0.640000,-4.542911,-0.000000,-4.542911,-0.534345,0.000000,0.534345,0.020372,-0.001676,0.030969,0.030969,0.010597,0.074448,0.076123,0.042748,0.027104,0.000085,0.074180,0.000268,1.674715,0.000000,1.674715,1.674715,1.674715,0.837357,0.837357,0,0,1,0,0.000000,0.080000,0.008000,0.001000,7.000000,0.160000,22.000000,0.025000,0.000000
12.164000,0.500000,0.640000,-4.545624,-0.000000,-4.545624,-0.534770,0.000000,0.534770,0.020354,-0.001681,0.030969,0.030969,0.010614,0.074569,0.076249,0.042782,0.027104,0.000085,0.074300,0.000269,1.677487,0.000630,1.678117,1.678117,1.678117,0.839059,0.839059,0,0,1,0,0.000000,0.080000,0.008000,0.001000,7.000000,0.160000,22.000000,0.025000,0.000000
12.169000,0.500000,0.640000,-4.548340,-0.000000,-4.548340,-0.535194,0.000000,0.535194,0.020354,-0.001681,0.030969,0.030969,0.010614,0.074569,0.076249,0.042816,0.027104,0.000085,0.074300,0.000269,1.677487,0.000000,1.677487,1.677487,1.677487,0.838744,0.838744,0,0,1,0,0.000000,0.080000,0.008000,0.001000,7.000000,0.160000,22.000000,0.025000,0.000000
12.174000,0.500000,0.640000,-4.551058,-0.000000,-4.551058,-0.535620,0.000000,0.535620,0.020337,-0.001683,0.030969,0.030969,0.010631,0.074688,0.076371,0.042850,0.027104,0.000085,0.074419,0.000269,1.680172,0.000610,1.680782,1.680782,1.680782,0.840391,0.840391,0,0,1,0,0.000000,0.080000,0.008000,0.001000,7.000000,0.160000,22.000000,0.025000,0.000000
12.183000,0.500000,0.640000,-4.556499,-0.000000,-4.556499,-0.536472,0.000000,0.536472,0.020321,-0.001683,0.030969,0.030969,0.010648,0.074807,0.076490,0.042918,0.027104,0.000095,0.074538,0.000269,1.682777,0.000329,1.683106,1.683106,1.683106,0.841553,0.841553,0,0,1,0,0.000000,0.080000,0.008000,0.001000,7.000000,0.160000,22.000000,0.025000,0.000000
12.188000,0.500000,0.640000,-4.559224,-0.000000,-4.559224,-0.536900,0.000000,0.536900,0.020321,-0.001683,0.030969,0.030969,0.010648,0.074807,0.076490,0.042952,0.027104,0.000085,0.074538,0.000269,1.682777,0.000000,1.682777,1.682777,1.682777,0.841388,0.841388,0,0,1,0,0.000000,0.080000,0.008000,0.001000,7.000000,0.160000,22.000000,0.025000,0.000000
12.193000,0.500000,0.640000,-4.561950,-0.000000,-4.561950,-0.537328,0.000000,0.537328,0.020304,-0.001680,0.030969,0.030969,0.010665,0.074924,0.076604,0.042986,0.027104,0.000086,0.074655,0.000269,1.685289,0.000571,1.685860,1.685860,1.685860,0.842930,0.842930,0,0,1,0,0.000000,0.080000,0.008000,0.001000,7.000000,0.160000,22.000000,0.025000,0.000000
12.198000,0.500000,0.640000,-4.564679,-0.000000,-4.564679,-0.537755,0.000000,0.537755,0.020304,-0.001680,0.030969,0.030969,0.010665,0.074924,0.076604,0.043020,0.027104,0.000086,0.074655,0.000269,1.685289,0.000000,1.685289,1.685289,1.685289,0.842645,0.842645,0,0,1,0,0.000000,0.080000,0.008000,0.001000,7.000000,0.160000,22.000000,0.025000,0.000000
12.203000,0.500000,0.640000,-4.567409,-0.000000,-4.567409,-0.538184,0.000000,0.538184,0.020287,-0.001677,0.030969,0.030969,0.010682,0.075040,0.076718,0.043055,0.027104,0.000086,0.074772,0.000268,1.687789,0.000568,1.688357,1.688357,1.688357,0.844179,0.844179,0,0,1,0,0.000000,0.080000,0.008000,0.001000,7.000000,0.160000,22.000000,0.025000,0.000000
12.208000,0.500000,0.640000,-4.570142,-0.000000,-4.570142,-0.538613,0.000000,0.538613,0.020287,-0.001677,0.030969,0.030969,0.010682,0.075040,0.076718,0.043089,0.027104,0.000086,0.074772,0.000268,1.687789,0.000000,1.687789,1.687789,1.687789,0.843895,0.843895,0,0,1,0,0.000000,0.080000,0.008000,0.001000,7.000000,0.160000,22.000000,0.025000,0.000000
12.213000,0.500000,0.640000,-4.572877,-0.000000,-4.572877,-0.539042,0.000000,0.539042,0.020270,-0.001675,0.030969,0.030969,0.010698,0.075157,0.076832,0.043123,0.027104,0.000086,0.074889,0.000268,1.690314,0.000574,1.690888,1.690888,1.690888,0.845444,0.845444,0,0,1,0,0.000000,0.080000,0.008000,0.001000,7.000000,0.160000,22.000000,0.025000,0.000000
12.218000,0.500000,0.640000,-4.575615,-0.000000,-4.575615,-0.539471,0.000000,0.539471,0.020270,-0.001675,0.030969,0.030969,0.010698,0.075157,0.076832,0.043158,0.027104,0.000086,0.074889,0.000268,1.690314,0.000000,1.690314,1.690314,1.690314,0.845157,0.845157,0,0,1,0,0.000000,0.080000,0.008000,0.001000,7.000000,0.160000,22.000000,0.025000,0.000000
12.223000,0.500000,0.640000,-4.578354,-0.000000,-4.578354,-0.539901,0.000000,0.539901,0.020254,-0.001675,0.030969,0.030969,0.010715,0.075274,0.076950,0.043192,0.027104,0.000086,0.075006,0.000268,1.692895,0.000586,1.693481,1.693481,1.693481,0.846741,0.846741,0,0,1,0,0.000000,0.080000,0.008000,0.001000,7.000000,0.160000,22.000000,0.025000,0.000000
12.228000,0.500000,0.640000,-4.581096,-0.000000,-4.581096,-0.540330,0.000000,0.540330,0.020254,-0.001675,0.030969,0.030969,0.010715,0.075274,0.076950,0.043226,0.027104,0.000086,0.075006,0.000268,1.692895,0.000000,1.692895,1.692895,1.692895,0.846447,0.846447,0,0,1,0,0.000000,0.080000,0.008000,0.001000,7.000000,0.160000,22.000000,0.025000,0.000000
12.233000,0.500000,0.640000,-4.583840,-0.000000,-4.583840,-0.540761,0.000000,0.540761,0.020237,-0.001677,0.030969,0.030969,0.010732,0.075393,0.077070,0.043261,0.027104,0.000086,0.075124,0.000268,1.695547,0.000603,1.696150,1.696150,1.696150,0.848075,0.848075,0,0,1,0,0.000000,0.080000,0.008000,0.001000,7.000000,0.160000,22.000000,0.025000,0.000000
12.242000,0.500000,0.640000,-4.589334,-0.000000,-4.589334,-0.541621,0.000000,0.541621,0.020220,-0.001682,0.030969,0.030969,0.010749,0.075513,0.077194,0.043330,0.027104,0.000096,0.075243,0.000269,1.698273,0.000344,1.698617,1.698617,1.698617,0.849308,0.849308,0,0,1,0,0.000000,0.080000,0.008000,0.001000,7.000000,0.160000,22.000000,0.025000,0.000000
12.247000,0.500000,0.640000,-4.592084,-0.000000,-4.592084,-0.542051,0.000000,0.542051,0.020220,-0.001682,0.030969,0.030969,0.010749,0.075513,0.077194,0.043364,0.027104,0.000086,0.075243,0.000269,1.698273,0.000000,1.698273,1.698273,1.698273,0.849136,0.849136,0,0,1,0,0.000000,0.080000,0.008000,0.001000,7.000000,0.160000,22.000000,0.025000,0.000000
12.252000,0.500000,0.640000,-4.594836,-0.000000,-4.594836,-0.542482,0.000000,0.542482,0.020203,-0.001687,0.030969,0.030969,0.010766,0.075633,0.077319,0.043399,0.027104,0.000086,0.075363,0.000270,1.701024,0.000625,1.701650,1.701650,1.701650,0.850825,0.850825,0,0,1,0,0.000000,0.080000,0.008000,0.001000,7.000000,0.160000,22.000000,0.025000,0.000000
12.257000,0.500000,0.640000,-4.597591,-0.000000,-4.597591,-0.542913,0.000000,0.542913,0.020203,-0.001687,0.030969,0.030969,0.010766,0.075633,0.077319,0.043433,0.027104,0.000086,0.075363,0.000270,1.701024,0.000000,1.701024,1.701024,1.701024,0.850512,0.850512,0,0,1,0,0.000000,0.080000,0.008000,0.001000,7.000000,0.160000,22.000000,0.025000,0.000000
12.262000,0.500000,0.640000,-4.600348,-0.000000,-4.600348,-0.543344,0.000000,0.543344,0.020185,-0.001693,0.030969,0.030969,0.010783,0.075754,0.077447,0.043468,0.027104,0.000086,0.075483,0.000271,1.703826,0.000637,1.704462,1.704462,1.704462,0.852231,0.852231,0,0,1,0,0.000000,0.080000,0.008000,0.001000,7.000000,0.160000,22.000000,0.025000,0.000000
12.267000,0.500000,0.640000,-4.603107,-0.000000,-4.603107,-0.543776,0.000000,0.543776,0.020185,-0.001693,0.030969,0.030969,0.010783,0.075754,0.077447,0.043502,0.027104,0.000086,0.075483,0.000271,1.703826,0.000000,1.703826,1.703826,1.703826,0.851913,0.851913,0,0,1,0,0.000000,0.080000,0.008000,0.001000,7.000000,0.160000,22.000000,0.025000,0.000000
12.272000,0.500000,0.640000,-4.605868,-0.000000,-4.605868,-0.544208,0.000000,0.544208,0.020168,-0.001699,0.030969,0.030969,0.010801,0.075876,0.077575,0.043537,0.027104,0.000086,0.075604,0.000272,1.706652,0.000642,1.707294,1.707294,1.707294,0.853647,0.853647,0,0,1,0,0.000000,0.080000,0.008000,0.001000,7.000000,0.160000,22.000000,0.025000,0.000000
12.277000,0.500000,0.640000,-4.608631,-0.000000,-4.608631,-0.544639,0.000000,0.544639,0.020168,-0.001699,0.030969,0.030969,0.010801,0.075876,0.077575,0.043571,0.027104,0.000086,0.075604,0.000272,1.706652,0.000000,1.706652,1.706652,1.706652,0.853326,0.853326,0,0,1,0,0.000000,0.080000,0.008000,0.001000,7.000000,0.160000,22.000000,0.025000,0.000000
12.282000,0.500000,0.640000,-4.611397,-0.000000,-4.611397,-0.545072,0.000000,0.545072,0.020151,-0.001705,0.030969,0.030969,0.010818,0.075999,0.077704,0.043606,0.027104,0.000087,0.075726,0.000273,1.709478,0.000642,1.710120,1.710120,1.710120,0.855060,0.855060,0,0,1,0,0.000000,0.080000,0.008000,0.001000,7.000000,0.160000,22.000000,0.025000,0.000000
12.291000,0.500000,0.640000,-4.616935,-0.000000,-4.616935,-0.545938,0.000000,0.545938,0.020133,-0.001710,0.030969,0.030969,0.010835,0.076121,0.077831,0.043675,0.027104,0.000096,0.075847,0.000274,1.712282,0.000354,1.712636,1.712636,1.712636,0.856318,0.856318,0,0,1,0,0.000000,0.080000,0.008000,0.001000,7.000000,0.160000,22.000000,0.025000,0.000000
12.296000,0.500000,0.640000,-4.619707,-0.000000,-4.619707,-0.546372,0.000000,0.546372,0.020133,-0.001710,0.030969,0.030969,0.010835,0.076121,0.077831,0.043710,0.027104,0.000087,0.075847,0.000274,1.712282,0.000000,1.712282,1.712282,1.712282,0.856141,0.856141,0,0,1,0,0.000000,0.080000,0.008000,0.001000,7.000000,0.160000,22.000000,0.025000,0.000000
12.301000,0.500000,0.640000,-4.622481,-0.000000,-4.622481,-0.546807,0.000000,0.546807,0.020116,-0.001713,0.030969,0.030969,0.010853,0.076243,0.077955,0.043745,0.027104,0.000087,0.075969,0.000274,1.715012,0.000621,1.715633,1.715633,1.715633,0.857816,0.857816,0,0,1,0,0.000000,0.080000,0.008000,0.001000,7.000000,0.160000,22.000000,0.025000,0.000000
12.306000,0.500000,0.640000,-4.625258,-0.000000,-4.625258,-0.547241,0.000000,0.547241,0.020116,-0.001713,0.030969,0.030969,0.010853,0.076243,0.077955,0.043779,0.027104,0.000087,0.075969,0.000274,1.715012,0.000000,1.715012,1.715012,1.715012,0.857506,0.857506,0,0,1,0,0.000000,0.080000,0.008000,0.001000,7.000000,0.160000,22.000000,0.025000,0.000000
12.311000,0.500000,0.640000,-4.628037,-0.000000,-4.628037,-0.547677,0.000000,0.547677,0.020099,-0.001714,0.030969,0.030969,0.010870,0.076364,0.078078,0.043814,0.027104,0.000087,0.076090,0.000274,1.717716,0.000614,1.718330,1.718330,1.718330,0.859165,0.859165,0,0,1,0,0.000000,0.080000,0.008000,0.001000,7.000000,0.160000,22.000000,0.025000,0.000000
12.316000,0.500000,0.640000,-4.630818,-0.000000,-4.630818,-0.548112,0.000000,0.548112,0.020099,-0.001714,0.030969,0.030969,0.010870,0.076364,0.078078,0.043849,0.027104,0.000087,0.076090,0.000274,1.717716,0.000000,1.717716,1.717716,1.717716,0.858858,0.858858,0,0,1,0,0.000000,0.080000,0.008000,0.001000,7.000000,0.160000,22.000000,0.025000,0.000000
12.321000,0.500000,0.640000,-4.633601,-0.000000,-4.633601,-0.548549,0.000000,0.548549,0.020082,-0.001715,0.030969,0.030969,0.010887,0.076485,0.078200,0.043884,0.027104,0.000087,0.076210,0.000274,1.720399,0.000610,1.721008,1.721008,1.721008,0.860504,0.860504,0,0,1,0,0.000000,0.080000,0.008000,0.001000,7.000000,0.160000,22.000000,0.025000,0.000000
12.326000,0.500000,0.640000,-4.633601,-0.000000,-4.633601,-0.548549,0.000000,0.548549,0.020082,-0.001715,0.030969,0.030969,0.010887,0.076485,0.078200,0.043884,0.027104,0.000000,0.076210,0.000274,1.720399,0.000000,1.720399,1.720399,1.720399,0.860199,0.860199,0,0,1,0,0.000000,0.080000,0.008000,0.001000,7.000000,0.160000,22.000000,0.025000,0.000000
12.335000,0.500000,0.640000,-4.639174,-0.000000,-4.639174,-0.549422,0.000000,0.549422,0.020064,-0.001716,0.030969,0.030969,0.010904,0.076606,0.078322,0.043954,0.027104,0.000097,0.076331,0.000275,1.723075,0.000338,1.723412,1.723412,1.723412,0.861706,0.861706,0,0,1,0,0.000000,0.080000,0.008000,0.001000,7.000000,0.160000,22.000000,0.025000,0.000000
12.340000,0.500000,0.640000,-4.641964,-0.000000,-4.641964,-0.549859,0.000000,0.549859,0.020047,-0.001727,0.030969,0.030969,0.010922,0.076729,0.078457,0.043989,0.027104,0.000087,0.076453,0.000276,1.726043,0.000675,1.726718,1.726718,1.726718,0.863359,0.863359,0,0,1,0,0.000000,0.080000,0.008000,0.001000,7.000000,0.160000,22.000000,0.025000,0.000000
12.345000,0.500000,0.640000,-4.644756,-0.000000,-4.644756,-0.550295,0.000000,0.550295,0.020047,-0.001727,0.030969,0.030969,0.010922,0.076729,0.078457,0.044024,0.027104,0.000087,0.076453,0.000276,1.726043,0.000000,1.726043,1.726043,1.726043,0.863022,0.863022,0,0,1,0,0.000000,0.080000,0.008000,0.001000,7.000000,0.160000,22.000000,0.025000,0.000000
12.350000,0.500000,0.640000,-4.647551,-0.000000,-4.647551,-0.550731,0.000000,0.550731,0.020029,-0.001731,0.030969,0.030969,0.010940,0.076854,0.078585,0.044058,0.027104,0.000087,0.076577,0.000277,1.728872,0.000643,1.729515,1.729515,1.729515,0.864758,0.864758,0,0,1,0,0.000000,0.080000,0.008000,0.001000,7.000000,0.160000,22.000000,0.025000,0.000000
12.355000,0.500000,0.640000,-4.650347,-0.000000,-4.650347,-0.551168,0.000000,0.551168,0.020029,-0.001734,0.030969,0.030969,0.010940,0.076855,0.078589,0.044093,0.027104,0.000087,0.076577,0.000277,1.728958,0.000019,1.728977,1.728977,1.728977,0.864489,0.864489,0,0,1,0,0.000000,0.080000,0.008000,0.001000,7.000000,0.160000,22.000000,0.025000,0.000000
12.360000,0.500000,0.640000,-4.653146,-0.000000,-4.653146,-0.551606,0.000000,0.551606,0.020029,-0.001734,0.030969,0.030969,0.010940,0.076855,0.078589,0.044128,0.027104,0.000087,0.076577,0.000277,1.728958,0.000000,1.728958,1.728958,1.728958,0.864479,0.864479,0,0,1,0,0.000000,0.080000,0.008000,0.001000,7.000000,0.160000,22.000000,0.025000,0.000000
12.365000,0.500000,0.640000,-4.655947,-0.000000,-4.655947,-0.552044,0.000000,0.552044,0.020011,-0.001738,0.030969,0.030969,0.010957,0.076979,0.078717,0.044164,0.027104,0.000088,0.076701,0.000278,1.731784,0.000642,1.732426,1.732426,1.732426,0.866213,0.866213,0,0,1,0,0.000000,0.080000,0.008000,0.001000,7.000000,0.160000,22.000000,0.025000,0.000000
12.370000,0.500000,0.640000,-4.658750,-0.000000,-4.658750,-0.552483,0.000000,0.552483,0.020011,-0.001738,0.030969,0.030969,0.010957,0.076979,0.078717,0.044199,0.027104,0.000088,0.076701,0.000278,1.731784,0.000000,1.731784,1.731784,1.731784,0.865892,0.865892,0,0,1,0,0.000000,0.080000,0.008000,0.001000,7.000000,0.160000,22.000000,0.025000,0.000000
12.375000,0.500000,0.640000,-4.661555,-0.000000,-4.661555,-0.552922,0.000000,0.552922,0.019994,-0.001739,0.030969,0.030969,0.010975,0.077102,0.078841,0.044234,0.027104,0.000088,0.076824,0.000278,1.734508,0.000619,1.735127,1.735127,1.735127,0.867564,0.867564,0,0,1,0,0.000000,0.080000,0.008000,0.001000,7.000000,0.160000,22.000000,0.025000,0.000000
12.380000,0.500000,0.640000,-4.664363,-0.000000,-4.664363,-0.553362,0.000000,0.553362,0.019994,-0.001739,0.030969,0.030969,0.010975,0.077102,0.078841,0.044269,0.027104,0.000088,0.076824,0.000278,1.734508,0.000000,1.734508,1.734508,1.734508,0.867254,0.867254,0,0,1,0,0.000000,0.080000,0.008000,0.001000,7.000000,0.160000,22.000000,0.025000,0.000000
12.385000,0.500000,0.640000,-4.667173,-0.000000,-4.667173,-0.553803,0.000000,0.553803,0.019976,-0.001737,0.030969,0.030969,0.010992,0.077224,0.078961,0.044304,0.027104,0.000088,0.076946,0.000278,1.737149,0.000600,1.737749,1.737749,1.737749,0.868874,0.868874,0,0,1,0,0.000000,0.080000,0.008000,0.001000,7.000000,0.160000,22.000000,0.025000,0.000000
12.390000,0.500000,0.640000,-4.669985,-0.000000,-4.669985,-0.554244,0.000000,0.554244,0.019976,-0.001737,0.030969,0.030969,0.010992,0.077224,0.078961,0.044340,0.027104,0.000088,0.076946,0.000278,1.737149,0.000000,1.737149,1.737149,1.737149,0.868574,0.868574,0,0,1,0,0.000000,0.080000,0.008000,0.001000,7.000000,0.160000,22.000000,0.025000,0.000000
12.399000,0.500000,0.640000,-4.675617,-0.000000,-4.675617,-0.555128,0.000000,0.555128,0.019959,-0.001734,0.030969,0.030969,0.011010,0.077345,0.079079,0.044410,0.027104,0.000098,0.077067,0.000278,1.739739,0.000327,1.740066,1.740066,1.740066,0.870033,0.870033,0,0,1,0,0.000000,0.080000,0.008000,0.001000,7.000000,0.160000,22.000000,0.025000,0.000000
12.404000,0.500000,0.640000,-4.678435,-0.000000,-4.678435,-0.555569,0.000000,0.555569,0.019942,-0.001741,0.030969,0.030969,0.011027,0.077468,0.079209,0.044445,0.027104,0.000088,0.077189,0.000279,1.742597,0.000649,1.743246,1.743246,1.743246,0.871623,0.871623,0,0,1,0,0.000000,0.080000,0.008000,0.001000,7.000000,0.160000,22.000000,0.025000,0.000000
12.409000,0.500000,0.640000,-4.681257,-0.000000,-4.681257,-0.556010,0.000000,0.556010,0.019942,-0.001741,0.030969,0.030969,0.011027,0.077468,0.079209,0.044481,0.027104,0.000088,0.077189,0.000279,1.742597,0.000000,1.742597,1.742597,1.742597,0.871298,0.871298,0,0,1,0,0.000000,0.080000,0.008000,0.001000,7.000000,0.160000,22.000000,0.025000,0.000000
12.414000,0.500000,0.640000,-4.684080,-0.000000,-4.684080,-0.556452,0.000000,0.556452,0.019924,-0.001745,0.030969,0.030969,0.011045,0.077592,0.079337,0.044516,0.027104,0.000088,0.077313,0.000279,1.745415,0.000640,1.746055,1.746055,1.746055,0.873027,0.873027,0,0,1,0,0.000000,0.080000,0.008000,0.001000,7.000000,0.160000,22.000000,0.025000,0.000000
12.419000,0.500000,0.640000,-4.686906,-0.000000,-4.686906,-0.556894,0.000000,0.556894,0.019924,-0.001745,0.030969,0.030969,0.011045,0.077592,0.079337,0.044552,0.027104,0.000088,0.077313,0.000279,1.745415,0.000000,1.745415,1.745415,1.745415,0.872707,0.872707,0,0,1,0,0.000000,0.080000,0.008000,0.001000,7.000000,0.160000,22.000000,0.025000,0.000000
12.424000,0.500000,0.640000,-4.689733,-0.000000,-4.689733,-0.557337,0.000000,0.557337,0.019906,-0.001747,0.030969,0.030969,0.011062,0.077716,0.079462,0.044587,0.027104,0.000089,0.077436,0.000279,1.748172,0.000627,1.748799,1.748799,1.748799,0.874400,0.874400,0,0,1,0,0.000000,0.080000,0.008000,0.001000,7.000000,0.160000,22.000000,0.025000,0.000000
12.429000,0.500000,0.640000,-4.692564,-0.000000,-4.692564,-0.557781,0.000000,0.557781,0.019906,-0.001747,0.030969,0.030969,0.011062,0.077716,0.079462,0.044622,0.027104,0.000089,0.077436,0.000279,1.748172,0.000000,1.748172,1.748172,1.748172,0.874086,0.874086,0,0,1,0,0.000000,0.080000,0.008000,0.001000,7.000000,0.160000,22.000000,0.025000,0.000000
12.434000,0.500000,0.640000,-4.695396,-0.000000,-4.695396,-0.558225,0.000000,0.558225,0.019889,-0.001747,0.030969,0.030969,0.011080,0.077839,0.079586,0.044658,0.027104,0.000089,0.077559,0.000279,1.750882,0.000616,1.751498,1.751498,1.751498,0.875749,0.875749,0,0,1,0,0.000000,0.080000,0.008000,0.001000,7.000000,0.160000,22.000000,0.025000,0.000000
12.439000,0.500000,0.640000,-4.698231,-0.000000,-4.698231,-0.558669,0.000000,0.558669,0.019889,-0.001747,0.030969,0.030969,0.011080,0.077839,0.079586,0.044694,0.027104,0.000089,0.077559,0.000279,1.750882,0.000000,1.750882,1.750882,1.750882,0.875441,0.875441,0,0,1,0,0.000000,0.080000,0.008000,0.001000,7.000000,0.160000,22.000000,0.025000,0.000000
12.448000,0.500000,0.640000,-4.703907,-0.000000,-4.703907,-0.559559,0.000000,0.559559,0.019871,-0.001746,0.030969,0.030969,0.011097,0.077961,0.079707,0.044765,0.027104,0.000099,0.077682,0.000279,1.753565,0.000339,1.753903,1.753903,1.753903,0.876952,0.876952,0,0,1,0,0.000000,0.080000,0.008000,0.001000,7.000000,0.160000,22.000000,0.025000,0.000000
12.453000,0.500000,0.640000,-4.706748,-0.000000,-4.706748,-0.560003,0.000000,0.560003,0.019854,-0.001756,0.030969,0.030969,0.011115,0.078086,0.079842,0.044800,0.027104,0.000089,0.077806,0.000281,1.756530,0.000674,1.757204,1.757204,1.757204,0.878602,0.878602,0,0,1,0,0.000000,0.080000,0.008000,0.001000,7.000000,0.160000,22.000000,0.025000,0.000000
12.458000,0.500000,0.640000,-4.709592,-0.000000,-4.709592,-0.560447,0.000000,0.560447,0.019854,-0.001756,0.030969,0.030969,0.011115,0.078086,0.079842,0.044836,0.027104,0.000089,0.077806,0.000281,1.756530,0.000000,1.756530,1.756530,1.756530,0.878265,0.878265,0,0,1,0,0.000000,0.080000,0.008000,0.001000,7.000000,0.160000,22.000000,0.025000,0.000000
12.463000,0.500000,0.640000,-4.712437,-0.000000,-4.712437,-0.560893,0.000000,0.560893,0.019836,-0.001762,0.030969,0.030969,0.011133,0.078213,0.079975,0.044871,0.027104,0.000089,0.077931,0.000282,1.759444,0.000662,1.760106,1.760106,1.760106,0.880053,0.880053,0,0,1,0,0.000000,0.080000,0.008000,0.001000,7.000000,0.160000,22.000000,0.025000,0.000000
12.468000,0.500000,0.640000,-4.715286,-0.000000,-4.715286,-0.561338,0.000000,0.561338,0.019836,-0.001762,0.030969,0.030969,0.011133,0.078213,0.079975,0.044907,0.027104,0.000089,0.077931,0.000282,1.759444,0.000000,1.759444,1.759444,1.759444,0.879722,0.879722,0,0,1,0,0.000000,0.080000,0.008000,0.001000,7.000000,0.160000,22.000000,0.025000,0.000000
12.473000,0.500000,0.640000,-4.718136,-0.000000,-4.718136,-0.561785,0.000000,0.561785,0.019818,-0.001764,0.030969,0.030969,0.011151,0.078339,0.080103,0.044943,0.027104,0.000089,0.078056,0.000282,1.762271,0.000643,1.762914,1.762914,1.762914,0.881457,0.881457,0,0,1,0,0.000000,0.080000,0.008000,0.001000,7.000000,0.160000,22.000000,0.025000,0.000000
12.478000,0.500000,0.640000,-4.720989,-0.000000,-4.720989,-0.562231,0.000000,0.562231,0.019818,-0.001764,0.030969,0.030969,0.011151,0.078339,0.080103,0.044979,0.027104,0.000089,0.078056,0.000282,1.762271,0.000000,1.762271,1.762271,1.762271,0.881136,0.881136,0,0,1,0,0.000000,0.080000,0.008000,0.001000,7.000000,0.160000,22.000000,0.025000,0.000000
12.483000,0.500000,0.640000,-4.723844,-0.000000,-4.723844,-0.562679,0.000000,0.562679,0.019800,-0.001765,0.030969,0.030969,0.011169,0.078463,0.080228,0.045014,0.027104,0.000090,0.078181,0.000282,1.765018,0.000624,1.765642,1.765642,1.765642,0.882821,0.882821,0,0,1,0,0.000000,0.080000,0.008000,0.001000,7.000000,0.160000,22.000000,0.025000,0.000000
12.488000,0.500000,0.640000,-4.726701,-0.000000,-4.726701,-0.563127,0.000000,0.563127,0.019800,-0.001765,0.030969,0.030969,0.011169,0.078463,0.080228,0.045050,0.027104,0.000090,0.078181,0.000282,1.765018,0.000000,1.765018,1.765018,1.765018,0.882509,0.882509,0,0,1,0,0.000000,0.080000,0.008000,0.001000,7.000000,0.160000,22.000000,0.025000,0.000000
12.497000,0.500000,0.640000,-4.732422,-0.000000,-4.732422,-0.564024,0.000000,0.564024,0.019782,-0.001763,0.030969,0.030969,0.011186,0.078587,0.080350,0.045122,0.027104,0.000100,0.078305,0.000282,1.767704,0.000339,1.768043,1.768043,1.768043,0.884022,0.884022,0,0,1,0,0.000000,0.080000,0.008000,0.001000,7.000000,0.160000,22.000000,0.025000,0.000000
12.502000,0.500000,0.640000,-4.735286,-0.000000,-4.735286,-0.564472,0.000000,0.564472,0.019765,-0.001772,0.030969,0.030969,0.011204,0.078712,0.080484,0.045158,0.027104,0.000090,0.078429,0.000283,1.770649,0.000669,1.771319,1.771319,1.771319,0.885659,0.885659,0,0,1,0,0.000000,0.080000,0.008000,0.001000,7.000000,0.160000,22.000000,0.025000,0.000000
12.507000,0.500000,0.640000,-4.738153,-0.000000,-4.738153,-0.564920,0.000000,0.564920,0.019765,-0.001772,0.030969,0.030969,0.011204,0.078712,0.080484,0.045194,0.027104,0.000090,0.078429,0.000283,1.770649,0.000000,1.770649,1.770649,1.770649,0.885325,0.885325,0,0,1,0,0.000000,0.080000,0.008000,0.001000,7.000000,0.160000,22.000000,0.025000,0.000000
12.512000,0.500000,0.640000,-4.741021,-0.000000,-4.741021,-0.565370,0.000000,0.565370,0.019747,-0.001776,0.030969,0.030969,0.011222,0.078839,0.080615,0.045230,0.027104,0.000090,0.078555,0.000284,1.773528,0.000654,1.774183,1.774183,1.774183,0.887091,0.887091,0,0,1,0,0.000000,0.080000,0.008000,0.001000,7.000000,0.160000,22.000000,0.025000,0.000000
12.517000,0.500000,0.640000,-4.743892,-0.000000,-4.743892,-0.565819,0.000000,0.565819,0.019747,-0.001776,0.030969,0.030969,0.011222,0.078839,0.080615,0.045266,0.027104,0.000090,0.078555,0.000284,1.773528,0.000000,1.773528,1.773528,1.773528,0.886764,0.886764,0,0,1,0,0.000000,0.080000,0.008000,0.001000,7.000000,0.160000,22.000000,0.025000,0.000000
12.522000,0.500000,0.640000,-4.746765,-0.000000,-4.746765,-0.566269,0.000000,0.566269,0.019729,-0.001777,0.030969,0.030969,0.011240,0.078965,0.080742,0.045302,0.027104,0.000090,0.078681,0.000284,1.776320,0.000634,1.776955,1.776955,1.776955,0.888477,0.888477,0,0,1,0,0.000000,0.080000,0.008000,0.001000,7.000000,0.160000,22.000000,0.025000,0.000000
12.527000,0.500000,0.640000,-4.749641,-0.000000,-4.749641,-0.566720,0.000000,0.566720,0.019729,-0.001777,0.030969,0.030969,0.011240,0.078965,0.080742,0.045338,0.027104,0.000090,0.078681,0.000284,1.776320,0.000000,1.776320,1.776320,1.776320,0.888160,0.888160,0,0,1,0,0.000000,0.080000,0.008000,0.001000,7.000000,0.160000,22.000000,0.025000,0.000000
12.532000,0.500000,0.640000,-4.752519,-0.000000,-4.752519,-0.567171,0.000000,0.567171,0.019711,-0.001776,0.030969,0.030969,0.011258,0.079090,0.080866,0.045374,0.027104,0.000090,0.078806,0.000284,1.779042,0.000619,1.779660,1.779660,1.779660,0.889830,0.889830,0,0,1,0,0.000000,0.080000,0.008000,0.001000,7.000000,0.160000,22.000000,0.025000,0.000000
