time,height,base_link_height,p,p_0,delta_p,v,v_ref,v_error,pitch,pitch_rate,theta_eq,theta_ref,theta_error,theta_dot_ref,theta_dot_error,v_p,v_i,v_d,theta_p,theta_d,rate_p,rate_d,u_raw,u_rate_limited,u_clamped,tau_left,tau_right,is_saturated,is_rate_limited,control_enabled,force_active,force_value,kp_v,ki_v,kd_v,kp_theta,kd_theta,kp_rate,kd_rate,k_x
0.011000,0.360000,0.500000,-0.000000,-0.000000,0.000000,0.000000,0.000000,-0.000000,-0.000000,-0.000000,0.061667,0.061667,0.061667,0.286753,0.286753,-0.000000,-0.000000,-0.000000,0.286753,0.000000,6.710011,0.908050,7.618061,7.618061,7.618061,3.809030,3.809030,0,0,1,0,0.000000,0.080000,0.008000,0.001000,4.650000,0.086000,23.400000,0.028500,0.000000
0.016000,0.360000,0.500000,0.000000,-0.000000,0.000000,0.000000,0.000000,-0.000000,-0.000000,-0.000000,0.061667,0.061667,0.061667,0.286753,0.286753,-0.000000,-0.000000,0.000000,0.286753,0.000000,6.710011,0.000000,6.710011,6.710011,6.710011,3.355005,3.355005,0,0,1,0,0.000000,0.080000,0.008000,0.001000,4.650000,0.086000,23.400000,0.028500,0.000000
0.025000,0.360000,0.500000,0.000000,-0.000000,0.000000,0.000000,0.000000,-0.000000,-0.000000,-0.000000,0.061667,0.061667,0.061667,0.286753,0.286753,-0.000000,-0.000000,0.000000,0.286753,0.000000,6.710011,0.000000,6.710011,6.710011,6.710011,3.355005,3.355005,0,0,1,0,0.000000,0.080000,0.008000,0.001000,4.650000,0.086000,23.400000,0.028500,0.000000
0.034000,0.360000,0.500000,0.000000,-0.000000,0.000000,0.000000,0.000000,-0.000000,-0.000000,-0.000000,0.061667,0.061667,0.061667,0.286753,0.286753,-0.000000,-0.000000,0.000000,0.286753,0.000000,6.710011,0.000000,6.710011,6.710011,6.710011,3.355005,3.355005,0,0,1,0,0.000000,0.080000,0.008000,0.001000,4.650000,0.086000,23.400000,0.028500,0.000000
0.042000,0.360000,0.500000,0.000000,-0.000000,0.000000,-0.000000,0.000000,0.000000,0.000642,-0.011560,0.061667,0.061667,0.061025,0.284761,0.296321,0.000000,0.000000,0.000000,0.283767,0.000994,6.933923,0.034089,6.968012,6.968012,6.968012,3.484006,3.484006,0,0,1,0,0.000000,0.080000,0.008000,0.001000,4.650000,0.086000,23.400000,0.028500,0.000000
0.047000,0.360000,0.500000,0.000000,-0.000000,0.000000,-0.000000,0.000000,0.000000,0.000642,-0.011560,0.061667,0.061667,0.061025,0.284761,0.296321,0.000000,0.000000,-0.000000,0.283767,0.000994,6.933923,0.000000,6.933923,6.933923,6.933923,3.466962,3.466962,0,0,1,0,0.000000,0.080000,0.008000,0.001000,4.650000,0.086000,23.400000,0.028500,0.000000
0.052000,0.360000,0.500000,0.000019,-0.000000,0.000019,0.000321,0.000000,-0.000321,-0.000095,-0.026651,0.061667,0.061667,0.061762,0.289487,0.316138,-0.000026,-0.000000,-0.000064,0.287195,0.002292,7.397625,0.112953,7.510578,7.510578,7.510578,3.755289,3.755289,0,0,1,0,0.000000,0.080000,0.008000,0.001000,4.650000,0.086000,23.400000,0.028500,0.000000
0.061000,0.360000,0.500000,-0.000649,-0.000000,-0.000649,-0.008896,0.000000,0.008896,0.000500,0.013511,0.061667,0.061667,0.061167,0.283265,0.269754,0.000712,0.000001,0.001024,0.284427,-0.001162,6.312242,-0.146882,6.165360,6.165360,6.165360,3.082680,3.082680,0,0,1,0,0.000000,0.080000,0.008000,0.001000,4.650000,0.086000,23.400000,0.028500,0.000000
0.066000,0.360000,0.500000,-0.001492,-0.000000,-0.001492,-0.018198,0.000000,0.018198,0.000500,0.013511,0.061667,0.061667,0.061167,0.283265,0.269754,0.001456,0.000001,0.001860,0.284427,-0.001162,6.312242,0.000000,6.312242,6.312242,6.312242,3.156121,3.156121,0,0,1,0,0.000000,0.080000,0.008000,0.001000,4.650000,0.086000,23.400000,0.028500,0.000000
0.071000,0.360000,0.500000,-0.001892,-0.000000,-0.001892,-0.023826,0.000000,0.023826,0.016783,0.548390,0.061667,0.061667,0.044884,0.161551,-0.386839,0.001906,0.000002,0.001126,0.208713,-0.047162,-9.052024,-3.742578,-12.794602,-12.794602,-12.794602,-6.397301,-6.397301,0,0,1,0,0.000000,0.080000,0.008000,0.001000,4.650000,0.086000,23.400000,0.028500,0.000000
0.076000,0.360000,0.500000,-0.003044,-0.000000,-0.003044,-0.036807,0.000000,0.036807,0.016783,0.548390,0.061667,0.061667,0.044884,0.161551,-0.386839,0.002945,0.000004,0.002596,0.208713,-0.047162,-9.052024,0.000000,-9.052024,-9.052024,-9.052024,-4.526012,-4.526012,0,0,1,0,0.000000,0.080000,0.008000,0.001000,4.650000,0.086000,23.400000,0.028500,0.000000
0.085000,0.360000,0.500000,-0.004341,-0.000000,-0.004341,-0.046559,0.000000,0.046559,0.033940,0.604229,0.061667,0.061667,0.027727,0.076969,-0.527260,0.003725,0.000007,0.001084,0.128933,-0.051964,-12.337887,-0.444668,-12.782555,-12.782555,-12.782555,-6.391278,-6.391278,0,0,1,0,0.000000,0.080000,0.008000,0.001000,4.650000,0.086000,23.400000,0.028500,0.000000
0.090000,0.360000,0.500000,-0.005499,-0.000000,-0.005499,-0.055281,0.000000,0.055281,0.033940,0.604229,0.061667,0.061667,0.027727,0.076969,-0.527260,0.004422,0.000009,0.001744,0.128933,-0.051964,-12.337887,0.000000,-12.337887,-12.337887,-12.337887,-6.168944,-6.168944,0,0,1,0,0.000000,0.080000,0.008000,0.001000,4.650000,0.086000,23.400000,0.028500,0.000000
0.095000,0.360000,0.500000,-0.006497,-0.000000,-0.006497,-0.060564,0.000000,0.060564,0.030622,0.323571,0.061667,0.061667,0.031045,0.116532,-0.207040,0.004845,0.000012,0.001057,0.144359,-0.027827,-4.844733,1.825255,-3.019478,-3.019478,-3.019478,-1.509739,-1.509739,0,0,1,0,0.000000,0.080000,0.008000,0.001000,4.650000,0.086000,23.400000,0.028500,0.000000
0.104000,0.360000,0.500000,-0.004877,-0.000000,-0.004877,-0.030998,0.000000,0.030998,0.021477,0.087864,0.061667,0.061667,0.040190,0.179328,0.091464,0.002480,0.000014,-0.003285,0.186884,-0.007556,2.140264,0.945263,3.085528,3.085528,3.085528,1.542764,1.542764,0,0,1,0,0.000000,0.080000,0.008000,0.001000,4.650000,0.086000,23.400000,0.028500,0.000000
0.109000,0.360000,0.500000,-0.003223,-0.000000,-0.003223,-0.011817,0.000000,0.011817,0.021477,0.087864,0.061667,0.061667,0.040190,0.179328,0.091464,0.000945,0.000014,-0.003836,0.186884,-0.007556,2.140264,0.000000,2.140264,2.140264,2.140264,1.070132,1.070132,0,0,1,0,0.000000,0.080000,0.008000,0.001000,4.650000,0.086000,23.400000,0.028500,0.000000
0.114000,0.360000,0.500000,-0.001718,-0.000000,-0.001718,0.001661,0.000000,-0.001661,0.012490,-0.093632,0.061667,0.061667,0.049177,0.236724,0.330357,-0.000133,0.000014,-0.002696,0.228672,0.008052,7.730345,1.361686,9.092032,9.092032,9.092032,4.546016,4.546016,0,0,1,0,0.000000,0.080000,0.008000,0.001000,4.650000,0.086000,23.400000,0.028500,0.000000
0.119000,0.360000,0.500000,-0.000598,-0.000000,-0.000598,0.011258,0.000000,-0.011258,0.012490,-0.093632,0.061667,0.061667,0.049177,0.236724,0.330357,-0.000901,0.000014,-0.001919,0.228672,0.008052,7.730345,0.000000,7.730345,7.730345,7.730345,3.865173,3.865173,0,0,1,0,0.000000,0.080000,0.008000,0.001000,4.650000,0.086000,23.400000,0.028500,0.000000
0.128000,0.360000,0.500000,-0.001137,-0.000000,-0.001137,-0.004050,0.000000,0.004050,0.004258,-0.222195,0.061667,0.061667,0.057410,0.286064,0.508259,0.000324,0.000014,0.001701,0.266955,0.019109,11.893264,0.563358,12.456622,12.456622,12.456622,6.228311,6.228311,0,0,1,0,0.000000,0.080000,0.008000,0.001000,4.650000,0.086000,23.400000,0.028500,0.000000
0.133000,0.360000,0.500000,-0.002842,-0.000000,-0.002842,-0.024552,0.000000,0.024552,-0.002900,-0.307774,0.061667,0.061667,0.064567,0.326705,0.634479,0.001964,0.000015,0.004100,0.300236,0.026469,14.846809,0.719453,15.566262,15.566262,15.566262,7.783131,7.783131,0,0,1,0,0.000000,0.080000,0.008000,0.001000,4.650000,0.086000,23.400000,0.028500,0.000000
0.138000,0.360000,0.500000,-0.005766,-0.000000,-0.005766,-0.058390,0.000000,0.058390,-0.002900,-0.307774,0.061667,0.061667,0.064567,0.326705,0.634479,0.004671,0.000018,0.006768,0.300236,0.026469,14.846809,0.000000,14.846809,14.846809,14.846809,7.423405,7.423405,0,0,1,0,0.000000,0.080000,0.008000,0.001000,4.650000,0.086000,23.400000,0.028500,0.000000
0.143000,0.360000,0.500000,-0.010311,-0.000000,-0.010311,-0.107923,0.000000,0.107923,-0.008859,-0.349628,0.061667,0.061667,0.070527,0.358016,0.707645,0.008634,0.000022,0.009907,0.327948,0.030068,16.558883,0.417044,16.975927,16.975927,16.975927,8.487963,8.487963,0,0,1,0,0.000000,0.080000,0.008000,0.001000,4.650000,0.086000,23.400000,0.028500,0.000000
0.148000,0.360000,0.500000,-0.016462,-0.000000,-0.016462,-0.170157,0.000000,0.170157,-0.008859,-0.349628,0.061667,0.061667,0.070527,0.358016,0.707645,0.013613,0.000029,0.012447,0.327948,0.030068,16.558883,0.000000,16.558883,16.558883,16.558883,8.279441,8.279441,0,0,1,0,0.000000,0.080000,0.008000,0.001000,4.650000,0.086000,23.400000,0.028500,0.000000
0.157000,0.360000,0.500000,-0.033586,-0.000000,-0.033586,-0.333386,0.000000,0.333386,-0.013396,-0.357293,0.061667,0.061667,0.075063,0.379770,0.737063,0.026671,0.000053,0.018137,0.349043,0.030727,17.247276,0.093159,17.340434,17.340434,17.340434,8.670217,8.670217,0,0,1,0,0.000000,0.080000,0.008000,0.001000,4.650000,0.086000,23.400000,0.028500,0.000000
0.162000,0.360000,0.500000,-0.044030,-0.000000,-0.044030,-0.421716,0.000000,0.421716,-0.016689,-0.347034,0.061667,0.061667,0.078356,0.394202,0.741237,0.033737,0.000070,0.017666,0.364357,0.029845,17.344936,0.023789,17.368725,17.368725,17.368725,8.684362,8.684362,0,0,1,0,0.000000,0.080000,0.008000,0.001000,4.650000,0.086000,23.400000,0.028500,0.000000
0.167000,0.360000,0.500000,-0.054530,-0.000000,-0.054530,-0.505631,0.000000,0.505631,-0.016689,-0.347034,0.061667,0.061667,0.078356,0.394202,0.741237,0.040450,0.000090,0.016783,0.364357,0.029845,17.344936,0.000000,17.344936,17.344936,17.344936,8.672468,8.672468,0,0,1,0,0.000000,0.080000,0.008000,0.001000,4.650000,0.086000,23.400000,0.028500,0.000000
0.172000,0.360000,0.500000,-0.065030,-0.000000,-0.065030,-0.585349,0.000000,0.585349,-0.019710,-0.338247,0.061667,0.061667,0.081377,0.407492,0.745740,0.046828,0.000090,0.015944,0.378403,0.029089,17.450311,0.025668,17.475979,17.475979,17.475979,8.737990,8.737990,0,0,1,0,0.000000,0.080000,0.008000,0.001000,4.650000,0.086000,23.400000,0.028500,0.000000
0.177000,0.360000,0.500000,-0.075530,-0.000000,-0.075530,-0.661082,0.000000,0.661082,-0.019710,-0.338247,0.061667,0.061667,0.081377,0.407492,0.745740,0.052887,0.000090,0.015147,0.378403,0.029089,17.450311,0.000000,17.450311,17.450311,17.450311,8.725156,8.725156,0,0,1,0,0.000000,0.080000,0.008000,0.001000,4.650000,0.086000,23.400000,0.028500,0.000000
0.182000,0.360000,0.500000,-0.086030,-0.000000,-0.086030,-0.733028,0.000000,0.733028,-0.022709,-0.330786,0.061667,0.061667,0.084376,0.420797,0.751583,0.058642,0.000090,0.014389,0.392350,0.028448,17.587046,0.033307,17.620353,17.620353,17.620353,8.810176,8.810176,0,0,1,0,0.000000,0.080000,0.008000,0.001000,4.650000,0.086000,23.400000,0.028500,0.000000
0.191000,0.360000,0.500000,-0.107030,-0.000000,-0.107030,-0.866307,0.000000,0.866307,-0.025693,-0.324490,0.061667,0.061667,0.087360,0.434131,0.758621,0.069305,0.000090,0.014809,0.406224,0.027906,17.751727,0.022286,17.774013,17.774013,17.774013,8.887006,8.887006,0,0,1,0,0.000000,0.080000,0.008000,0.001000,4.650000,0.086000,23.400000,0.028500,0.000000
0.196000,0.360000,0.500000,-0.117530,-0.000000,-0.117530,-0.927992,0.000000,0.927992,-0.025693,-0.324490,0.061667,0.061667,0.087360,0.434131,0.758621,0.074239,0.000090,0.012337,0.406224,0.027906,17.751727,0.000000,17.751727,17.751727,17.751727,8.875863,8.875863,0,0,1,0,0.000000,0.080000,0.008000,0.001000,4.650000,0.086000,23.400000,0.028500,0.000000
0.201000,0.360000,0.500000,-0.128030,-0.000000,-0.128030,-0.986592,0.000000,0.986592,-0.028665,-0.319205,0.061667,0.061667,0.090332,0.447497,0.766702,0.078927,0.000090,0.011720,0.420046,0.027452,17.940828,0.046063,17.986891,17.986891,17.986891,8.993446,8.993446,0,0,1,0,0.000000,0.080000,0.008000,0.001000,4.650000,0.086000,23.400000,0.028500,0.000000
0.206000,0.360000,0.500000,-0.138530,-0.000000,-0.138530,-1.042263,0.000000,1.042263,-0.028665,-0.319205,0.061667,0.061667,0.090332,0.447497,0.766702,0.083381,0.000090,0.011134,0.420046,0.027452,17.940828,0.000000,17.940828,17.940828,17.940828,8.970414,8.970414,0,0,1,0,0.000000,0.080000,0.008000,0.001000,4.650000,0.086000,23.400000,0.028500,0.000000
0.211000,0.360000,0.500000,-0.149030,-0.000000,-0.149030,-1.095150,0.000000,1.095150,-0.031629,-0.314784,0.061667,0.061667,0.093296,0.460898,0.775683,0.087612,0.000090,0.010577,0.433827,0.027071,18.150977,0.051190,18.202167,18.202167,18.202167,9.101084,9.101084,0,0,1,0,0.000000,0.080000,0.008000,0.001000,4.650000,0.086000,23.400000,0.028500,0.000000
0.220000,0.360000,0.500000,-0.159530,-0.000000,-0.159530,-1.145392,0.000000,1.145392,-0.034586,-0.311099,0.061667,0.061667,0.096253,0.474332,0.785431,0.091631,0.000090,0.005583,0.447578,0.026754,18.379086,0.030869,18.409955,18.409955,18.409955,9.204978,9.204978,0,0,1,0,0.000000,0.080000,0.008000,0.001000,4.650000,0.086000,23.400000,0.028500,0.000000
0.225000,0.360000,0.500000,-0.170030,-0.000000,-0.170030,-1.193123,0.000000,1.193123,-0.034586,-0.311099,0.061667,0.061667,0.096253,0.474332,0.785431,0.095450,0.000090,0.009546,0.447578,0.026754,18.379086,0.000000,18.379086,18.379086,18.379086,9.189543,9.189543,0,0,1,0,0.000000,0.080000,0.008000,0.001000,4.650000,0.086000,23.400000,0.028500,0.000000
0.230000,0.360000,0.500000,-0.180530,-0.000000,-0.180530,-1.238466,0.000000,1.238466,-0.034586,-0.311099,0.061667,0.061667,0.096253,0.474332,0.785431,0.099077,0.000090,0.009069,0.447578,0.026754,18.379086,0.000000,18.379086,18.379086,18.379086,9.189543,9.189543,0,0,1,0,0.000000,0.080000,0.008000,0.001000,4.650000,0.086000,23.400000,0.028500,0.000000
0.235000,0.360000,0.500000,-0.191030,-0.000000,-0.191030,-1.281543,0.000000,1.281543,-0.037538,-0.308033,0.061667,0.061667,0.099206,0.487797,0.795829,0.102523,0.000090,0.008615,0.461306,0.026491,18.622406,0.059270,18.681676,18.681676,18.681676,9.340838,9.340838,0,0,1,0,0.000000,0.080000,0.008000,0.001000,4.650000,0.086000,23.400000,0.028500,0.000000
0.240000,0.360000,0.500000,-0.201530,-0.000000,-0.201530,-1.322466,0.000000,1.322466,-0.037538,-0.308033,0.061667,0.061667,0.099206,0.487797,0.795829,0.105797,0.000090,0.008185,0.461306,0.026491,18.622406,0.000000,18.622406,18.622406,18.622406,9.311203,9.311203,0,0,1,0,0.000000,0.080000,0.008000,0.001000,4.650000,0.086000,23.400000,0.028500,0.000000
0.245000,0.360000,0.500000,-0.212030,-0.000000,-0.212030,-1.361343,0.000000,1.361343,-0.040487,-0.305487,0.061667,0.061667,0.102154,0.501288,0.806775,0.108907,0.000090,0.007775,0.475016,0.026272,18.878537,0.062391,18.940928,18.940928,18.940928,9.470464,9.470464,0,0,1,0,0.000000,0.080000,0.008000,0.001000,4.650000,0.086000,23.400000,0.028500,0.000000
0.254000,0.360000,0.500000,-0.233030,-0.000000,-0.233030,-1.433362,0.000000,1.433362,-0.043432,-0.303377,0.061667,0.061667,0.105099,0.514803,0.818180,0.114669,0.000090,0.008002,0.488713,0.026090,19.145412,0.036115,19.181527,19.181527,19.181527,9.590764,9.590764,0,0,1,0,0.000000,0.080000,0.008000,0.001000,4.650000,0.086000,23.400000,0.028500,0.000000
0.259000,0.360000,0.500000,-0.243530,-0.000000,-0.243530,-1.466694,0.000000,1.466694,-0.043432,-0.303377,0.061667,0.061667,0.105099,0.514803,0.818180,0.117335,0.000090,0.006666,0.488713,0.026090,19.145412,0.000000,19.145412,19.145412,19.145412,9.572706,9.572706,0,0,1,0,0.000000,0.080000,0.008000,0.001000,4.650000,0.086000,23.400000,0.028500,0.000000
0.264000,0.360000,0.500000,-0.254030,-0.000000,-0.254030,-1.498359,0.000000,1.498359,-0.046375,-0.301630,0.061667,0.061667,0.108043,0.528338,0.829969,0.119869,0.000090,0.006333,0.502398,0.025940,19.421263,0.067195,19.488458,19.488458,19.488458,9.744229,9.744229,0,0,1,0,0.000000,0.080000,0.008000,0.001000,4.650000,0.086000,23.400000,0.028500,0.000000
0.269000,0.360000,0.500000,-0.264530,-0.000000,-0.264530,-1.528441,0.000000,1.528441,-0.046375,-0.301630,0.061667,0.061667,0.108043,0.528338,0.829969,0.122275,0.000090,0.006016,0.502398,0.025940,19.421263,0.000000,19.421263,19.421263,19.421263,9.710632,9.710632,0,0,1,0,0.000000,0.080000,0.008000,0.001000,4.650000,0.086000,23.400000,0.028500,0.000000
0.274000,0.360000,0.500000,-0.270351,-0.000000,-0.270351,-1.481415,0.000000,1.481415,-0.043724,0.037376,0.061667,0.061667,0.105391,0.486853,0.449477,0.118513,0.000090,-0.009405,0.490068,-0.003214,10.517753,-2.168804,8.348950,8.348950,8.348950,4.174475,4.174475,0,0,1,0,0.000000,0.080000,0.008000,0.001000,4.650000,0.086000,23.400000,0.028500,0.000000
0.279000,0.360000,0.500000,-0.274017,-0.000000,-0.274017,-1.448317,0.000000,1.448317,-0.043724,0.037376,0.061667,0.061667,0.105391,0.486853,0.449477,0.115865,0.000090,-0.006620,0.490068,-0.003214,10.517753,0.000000,10.517753,10.517753,10.517753,5.258877,5.258877,0,0,1,0,0.000000,0.080000,0.008000,0.001000,4.650000,0.086000,23.400000,0.028500,0.000000
0.284000,0.360000,0.500000,-0.278283,-0.000000,-0.278283,-1.419655,0.000000,1.419655,-0.031392,0.270828,0.061667,0.061667,0.093059,0.409434,0.138606,0.113572,0.000090,-0.005732,0.432725,-0.023291,3.243379,-1.771963,1.471416,1.471416,1.471416,0.735708,0.735708,0,0,1,0,0.000000,0.080000,0.008000,0.001000,4.650000,0.086000,23.400000,0.028500,0.000000
0.289000,0.360000,0.500000,-0.282883,-0.000000,-0.282883,-1.396175,0.000000,1.396175,-0.031392,0.270828,0.061667,0.061667,0.093059,0.409434,0.138606,0.111694,0.000090,-0.004696,0.432725,-0.023291,3.243379,0.000000,3.243379,3.243379,3.243379,1.621690,1.621690,0,0,1,0,0.000000,0.080000,0.008000,0.001000,4.650000,0.086000,23.400000,0.028500,0.000000
0.298000,0.360000,0.500000,-0.292222,-0.000000,-0.292222,-1.350754,0.000000,1.350754,-0.017658,0.480253,0.061667,0.061667,0.079326,0.327562,-0.152691,0.108060,0.000090,-0.005047,0.368864,-0.041302,-3.572959,-0.922439,-4.495397,-4.495397,-4.495397,-2.247699,-2.247699,0,0,1,0,0.000000,0.080000,0.008000,0.001000,4.650000,0.086000,23.400000,0.028500,0.000000
0.303000,0.360000,0.500000,-0.296871,-0.000000,-0.296871,-1.329737,0.000000,1.329737,-0.003916,0.649728,0.061667,0.061667,0.065584,0.249087,-0.400641,0.106379,0.000090,-0.004203,0.304964,-0.055877,-9.374995,-1.413317,-10.788312,-10.788312,-10.788312,-5.394156,-5.394156,0,0,1,0,0.000000,0.080000,0.008000,0.001000,4.650000,0.086000,23.400000,0.028500,0.000000
0.308000,0.360000,0.500000,-0.301283,-0.000000,-0.301283,-1.305805,0.000000,1.305805,-0.003916,0.649728,0.061667,0.061667,0.065584,0.249087,-0.400641,0.104464,0.000090,-0.004786,0.304964,-0.055877,-9.374995,0.000000,-9.374995,-9.374995,-9.374995,-4.687497,-4.687497,0,0,1,0,0.000000,0.080000,0.008000,0.001000,4.650000,0.086000,23.400000,0.028500,0.000000
0.313000,0.360000,0.500000,-0.305107,-0.000000,-0.305107,-1.275979,0.000000,1.275979,0.007760,0.705457,0.061667,0.061667,0.053908,0.190002,-0.515456,0.102078,0.000090,-0.005965,0.250671,-0.060669,-12.061668,-0.654446,-12.716114,-12.716114,-12.716114,-6.358057,-6.358057,0,0,1,0,0.000000,0.080000,0.008000,0.001000,4.650000,0.086000,23.400000,0.028500,0.000000
0.318000,0.360000,0.500000,-0.308283,-0.000000,-0.308283,-1.241504,0.000000,1.241504,0.007760,0.705457,0.061667,0.061667,0.053908,0.190002,-0.515456,0.099320,0.000090,-0.006895,0.250671,-0.060669,-12.061668,0.000000,-12.061668,-12.061668,-12.061668,-6.030834,-6.030834,0,0,1,0,0.000000,0.080000,0.008000,0.001000,4.650000,0.086000,23.400000,0.028500,0.000000
0.323000,0.360000,0.500000,-0.310750,-0.000000,-0.310750,-1.201071,0.000000,1.201071,0.014397,0.648766,0.061667,0.061667,0.047270,0.164011,-0.484755,0.096086,0.000090,-0.008087,0.219805,-0.055794,-11.343274,0.174993,-11.168280,-11.168280,-11.168280,-5.584140,-5.584140,0,0,1,0,0.000000,0.080000,0.008000,0.001000,4.650000,0.086000,23.400000,0.028500,0.000000
0.328000,0.360000,0.500000,-0.312485,-0.000000,-0.312485,-1.155551,0.000000,1.155551,0.014397,0.648766,0.061667,0.061667,0.047270,0.164011,-0.484755,0.092444,0.000090,-0.009104,0.219805,-0.055794,-11.343274,0.000000,-11.343274,-11.343274,-11.343274,-5.671637,-5.671637,0,0,1,0,0.000000,0.080000,0.008000,0.001000,4.650000,0.086000,23.400000,0.028500,0.000000
0.337000,0.360000,0.500000,-0.313978,-0.000000,-0.313978,-1.052356,0.000000,1.052356,0.015517,0.503055,0.061667,0.061667,0.046150,0.171334,-0.331721,0.084188,0.000090,-0.011466,0.214597,-0.043263,-7.762266,0.484609,-7.277656,-7.277656,-7.277656,-3.638828,-3.638828,0,0,1,0,0.000000,0.080000,0.008000,0.001000,4.650000,0.086000,23.400000,0.028500,0.000000
0.342000,0.360000,0.500000,-0.313784,-0.000000,-0.313784,-0.995367,0.000000,0.995367,0.011654,0.292910,0.061667,0.061667,0.050013,0.207370,-0.085541,0.079629,0.000090,-0.011398,0.232560,-0.025190,-2.001649,1.403227,-0.598421,-0.598421,-0.598421,-0.299211,-0.299211,0,0,1,0,0.000000,0.080000,0.008000,0.001000,4.650000,0.086000,23.400000,0.028500,0.000000
0.347000,0.360000,0.500000,-0.313114,-0.000000,-0.313114,-0.937368,0.000000,0.937368,0.011654,0.292910,0.061667,0.061667,0.050013,0.207370,-0.085541,0.074989,0.000090,-0.011600,0.232560,-0.025190,-2.001649,0.000000,-2.001649,-2.001649,-2.001649,-1.000824,-1.000824,0,0,1,0,0.000000,0.080000,0.008000,0.001000,4.650000,0.086000,23.400000,0.028500,0.000000
0.352000,0.360000,0.500000,-0.312273,-0.000000,-0.312273,-0.881976,0.000000,0.881976,0.004383,0.091501,0.061667,0.061667,0.057285,0.258504,0.167003,0.070558,0.000125,-0.011078,0.266373,-0.007869,3.907881,1.439501,5.347381,5.347381,5.347381,2.673691,2.673691,0,0,1,0,0.000000,0.080000,0.008000,0.001000,4.650000,0.086000,23.400000,0.028500,0.000000
0.357000,0.360000,0.500000,-0.311358,-0.000000,-0.311358,-0.828330,0.000000,0.828330,0.004383,0.091501,0.061667,0.061667,0.057285,0.258504,0.167003,0.066266,0.000158,-0.010729,0.266373,-0.007869,3.907881,0.000000,3.907881,3.907881,3.907881,1.953940,1.953940,0,0,1,0,0.000000,0.080000,0.008000,0.001000,4.650000,0.086000,23.400000,0.028500,0.000000
0.362000,0.360000,0.500000,-0.310572,-0.000000,-0.310572,-0.780163,0.000000,0.780163,-0.003302,-0.059621,0.061667,0.061667,0.064969,0.307235,0.366856,0.062413,0.000189,-0.009633,0.302108,0.005127,8.584434,1.139160,9.723594,9.723594,9.723594,4.861797,4.861797,0,0,1,0,0.000000,0.080000,0.008000,0.001000,4.650000,0.086000,23.400000,0.028500,0.000000
0.367000,0.360000,0.500000,-0.310014,-0.000000,-0.310014,-0.736360,0.000000,0.736360,-0.003302,-0.059621,0.061667,0.061667,0.064969,0.307235,0.366856,0.058909,0.000219,-0.008761,0.302108,0.005127,8.584434,0.000000,8.584434,8.584434,8.584434,4.292217,4.292217,0,0,1,0,0.000000,0.080000,0.008000,0.001000,4.650000,0.086000,23.400000,0.028500,0.000000
0.372000,0.360000,0.500000,-0.309829,-0.000000,-0.309829,-0.699636,0.000000,0.699636,-0.009199,-0.133084,0.061667,0.061667,0.070866,0.340972,0.474056,0.055971,0.000247,-0.007345,0.329526,0.011445,11.092915,0.611040,11.703955,11.703955,11.703955,5.851978,5.851978,0,0,1,0,0.000000,0.080000,0.008000,0.001000,4.650000,0.086000,23.400000,0.028500,0.000000
0.377000,0.360000,0.500000,-0.310088,-0.000000,-0.310088,-0.668894,0.000000,0.668894,-0.009199,-0.133084,0.061667,0.061667,0.070866,0.340972,0.474056,0.053512,0.000274,-0.006148,0.329526,0.011445,11.092915,0.000000,11.092915,11.092915,11.092915,5.546457,5.546457,0,0,1,0,0.000000,0.080000,0.008000,0.001000,4.650000,0.086000,23.400000,0.028500,0.000000
0.382000,0.360000,0.500000,-0.310850,-0.000000,-0.310850,-0.645316,0.000000,0.645316,-0.011763,-0.122391,0.061667,0.061667,0.073431,0.351978,0.474370,0.051625,0.000299,-0.004716,0.341453,0.010526,11.100251,0.001787,11.102038,11.102038,11.102038,5.551019,5.551019,0,0,1,0,0.000000,0.080000,0.008000,0.001000,4.650000,0.086000,23.400000,0.028500,0.000000
0.387000,0.360000,0.500000,-0.312147,-0.000000,-0.312147,-0.628062,0.000000,0.628062,-0.011763,-0.122391,0.061667,0.061667,0.073431,0.351978,0.474370,0.050245,0.000325,-0.003451,0.341453,0.010526,11.100251,0.000000,11.100251,11.100251,11.100251,5.550125,5.550125,0,0,1,0,0.000000,0.080000,0.008000,0.001000,4.650000,0.086000,23.400000,0.028500,0.000000
0.392000,0.360000,0.500000,-0.313949,-0.000000,-0.313949,-0.616673,0.000000,0.616673,-0.010402,-0.040924,0.061667,0.061667,0.072070,0.338643,0.379567,0.049334,0.000349,-0.002278,0.335124,0.003519,8.881869,-0.540375,8.341494,8.341494,8.341494,4.170747,4.170747,0,0,1,0,0.000000,0.080000,0.008000,0.001000,4.650000,0.086000,23.400000,0.028500,0.000000
0.401000,0.360000,0.500000,-0.318929,-0.000000,-0.318929,-0.608363,0.000000,0.608363,-0.005495,0.083357,0.061667,0.061667,0.067163,0.305138,0.221781,0.048669,0.000393,-0.000923,0.312306,-0.007169,5.189677,-0.499656,4.690021,4.690021,4.690021,2.345011,2.345011,0,0,1,0,0.000000,0.080000,0.008000,0.001000,4.650000,0.086000,23.400000,0.028500,0.000000
0.406000,0.360000,0.500000,-0.321942,-0.000000,-0.321942,-0.609354,0.000000,0.609354,-0.005495,0.083357,0.061667,0.061667,0.067163,0.305138,0.221781,0.048748,0.000417,0.000198,0.312306,-0.007169,5.189677,0.000000,5.189677,5.189677,5.189677,2.594838,2.594838,0,0,1,0,0.000000,0.080000,0.008000,0.001000,4.650000,0.086000,23.400000,0.028500,0.000000
0.411000,0.360000,0.500000,-0.325163,-0.000000,-0.325163,-0.611553,0.000000,0.611553,0.001732,0.215335,0.061667,0.061667,0.059935,0.260180,0.044845,0.048924,0.000442,0.000440,0.278698,-0.018519,1.049374,-1.008535,0.040839,0.040839,0.040839,0.020420,0.020420,0,0,1,0,0.000000,0.080000,0.008000,0.001000,4.650000,0.086000,23.400000,0.028500,0.000000
0.416000,0.360000,0.500000,-0.328524,-0.000000,-0.328524,-0.615136,0.000000,0.615136,0.001732,0.215335,0.061667,0.061667,0.059935,0.260180,0.044845,0.049211,0.000466,0.000717,0.278698,-0.018519,1.049374,0.000000,1.049374,1.049374,1.049374,0.524687,0.524687,0,0,1,0,0.000000,0.080000,0.008000,0.001000,4.650000,0.086000,23.400000,0.028500,0.000000
0.421000,0.360000,0.500000,-0.331868,-0.000000,-0.331868,-0.617342,0.000000,0.617342,0.009789,0.322962,0.061667,0.061667,0.051878,0.213458,-0.109504,0.049387,0.000491,0.000441,0.241232,-0.027775,-2.562401,-0.879791,-3.442192,-3.442192,-3.442192,-1.721096,-1.721096,0,0,1,0,0.000000,0.080000,0.008000,0.001000,4.650000,0.086000,23.400000,0.028500,0.000000
0.426000,0.360000,0.500000,-0.335125,-0.000000,-0.335125,-0.618811,0.000000,0.618811,0.009789,0.322962,0.061667,0.061667,0.051878,0.213458,-0.109504,0.049505,0.000516,0.000294,0.241232,-0.027775,-2.562401,0.000000,-2.562401,-2.562401,-2.562401,-1.281200,-1.281200,0,0,1,0,0.000000,0.080000,0.008000,0.001000,4.650000,0.086000,23.400000,0.028500,0.000000
0.435000,0.360000,0.500000,-0.338175,-0.000000,-0.338175,-0.617285,0.000000,0.617285,0.017044,0.382795,0.061667,0.061667,0.044623,0.174577,-0.208219,0.049383,0.000560,-0.000170,0.207497,-0.032920,-4.872317,-0.312595,-5.184912,-5.184912,-5.184912,-2.592456,-2.592456,0,0,1,0,0.000000,0.080000,0.008000,0.001000,4.650000,0.086000,23.400000,0.028500,0.000000
0.440000,0.360000,0.500000,-0.340974,-0.000000,-0.340974,-0.613465,0.000000,0.613465,0.022389,0.395883,0.061667,0.061667,0.039278,0.148598,-0.247286,0.049077,0.000585,-0.000764,0.182643,-0.034046,-5.786486,-0.222682,-6.009169,-6.009169,-6.009169,-3.004584,-3.004584,0,0,1,0,0.000000,0.080000,0.008000,0.001000,4.650000,0.086000,23.400000,0.028500,0.000000
0.445000,0.360000,0.500000,-0.343540,-0.000000,-0.343540,-0.607544,0.000000,0.607544,0.022389,0.395883,0.061667,0.061667,0.039278,0.148598,-0.247286,0.048604,0.000609,-0.001184,0.182643,-0.034046,-5.786486,0.000000,-5.786486,-5.786486,-5.786486,-2.893243,-2.893243,0,0,1,0,0.000000,0.080000,0.008000,0.001000,4.650000,0.086000,23.400000,0.028500,0.000000
0.450000,0.360000,0.500000,-0.345799,-0.000000,-0.345799,-0.598342,0.000000,0.598342,0.022389,0.395883,0.061667,0.061667,0.039278,0.148598,-0.247286,0.047867,0.000633,-0.001840,0.182643,-0.034046,-5.786486,0.000000,-5.786486,-5.786486,-5.786486,-2.893243,-2.893243,0,0,1,0,0.000000,0.080000,0.008000,0.001000,4.650000,0.086000,23.400000,0.028500,0.000000
0.455000,0.360000,0.500000,-0.347682,-0.000000,-0.347682,-0.585706,0.000000,0.585706,0.025314,0.350554,0.061667,0.061667,0.036353,0.138894,-0.211660,0.046856,0.000657,-0.002527,0.169041,-0.030148,-4.952843,0.203067,-4.749777,-4.749777,-4.749777,-2.374888,-2.374888,0,0,1,0,0.000000,0.080000,0.008000,0.001000,4.650000,0.086000,23.400000,0.028500,0.000000
0.460000,0.360000,0.500000,-0.349190,-0.000000,-0.349190,-0.570041,0.000000,0.570041,0.025314,0.350554,0.061667,0.061667,0.036353,0.138894,-0.211660,0.045603,0.000679,-0.003133,0.169041,-0.030148,-4.952843,0.000000,-4.952843,-4.952843,-4.952843,-2.476422,-2.476422,0,0,1,0,0.000000,0.080000,0.008000,0.001000,4.650000,0.086000,23.400000,0.028500,0.000000
0.465000,0.360000,0.500000,-0.350338,-0.000000,-0.350338,-0.551608,0.000000,0.551608,0.025311,0.259847,0.061667,0.061667,0.036356,0.146709,-0.113138,0.044129,0.000701,-0.003687,0.169056,-0.022347,-2.647431,0.561575,-2.085856,-2.085856,-2.085856,-1.042928,-1.042928,0,0,1,0,0.000000,0.080000,0.008000,0.001000,4.650000,0.086000,23.400000,0.028500,0.000000
0.474000,0.360000,0.500000,-0.351798,-0.000000,-0.351798,-0.510345,0.000000,0.510345,0.022944,0.153358,0.061667,0.061667,0.038723,0.166874,0.013516,0.040828,0.000738,-0.004585,0.180063,-0.013189,0.316281,0.401072,0.717353,0.717353,0.717353,0.358676,0.358676,0,0,1,0,0.000000,0.080000,0.008000,0.001000,4.650000,0.086000,23.400000,0.028500,0.000000
0.479000,0.360000,0.500000,-0.352285,-0.000000,-0.352285,-0.489137,0.000000,0.489137,0.022944,0.153358,0.061667,0.061667,0.038723,0.166874,0.013516,0.039131,0.000758,-0.004241,0.180063,-0.013189,0.316281,0.000000,0.316281,0.316281,0.316281,0.158140,0.158140,0,0,1,0,0.000000,0.080000,0.008000,0.001000,4.650000,0.086000,23.400000,0.028500,0.000000
0.484000,0.360000,0.500000,-0.352722,-0.000000,-0.352722,-0.469074,0.000000,0.469074,0.019480,0.056276,0.061667,0.061667,0.042187,0.191330,0.135055,0.037526,0.000776,-0.004013,0.196170,-0.004840,3.160280,0.692769,3.853049,3.853049,3.853049,1.926524,1.926524,0,0,1,0,0.000000,0.080000,0.008000,0.001000,4.650000,0.086000,23.400000,0.028500,0.000000
0.489000,0.360000,0.500000,-0.353154,-0.000000,-0.353154,-0.449881,0.000000,0.449881,0.019480,0.056276,0.061667,0.061667,0.042187,0.191330,0.135055,0.035990,0.000794,-0.003839,0.196170,-0.004840,3.160280,0.000000,3.160280,3.160280,3.160280,1.580140,1.580140,0,0,1,0,0.000000,0.080000,0.008000,0.001000,4.650000,0.086000,23.400000,0.028500,0.000000
0.494000,0.360000,0.500000,-0.353682,-0.000000,-0.353682,-0.433346,0.000000,0.433346,0.016027,-0.012066,0.061667,0.061667,0.045641,0.213267,0.225333,0.034668,0.000812,-0.003307,0.212229,0.001038,5.272783,0.514584,5.787367,5.787367,5.787367,2.893683,2.893683,0,0,1,0,0.000000,0.080000,0.008000,0.001000,4.650000,0.086000,23.400000,0.028500,0.000000
0.499000,0.360000,0.500000,-0.354360,-0.000000,-0.354360,-0.418919,0.000000,0.418919,0.016027,-0.012066,0.061667,0.061667,0.045641,0.213267,0.225333,0.033514,0.000829,-0.002885,0.212229,0.001038,5.272783,0.000000,5.272783,5.272783,5.272783,2.636391,2.636391,0,0,1,0,0.000000,0.080000,0.008000,0.001000,4.650000,0.086000,23.400000,0.028500,0.000000
0.504000,0.360000,0.500000,-0.355240,-0.000000,-0.355240,-0.407815,0.000000,0.407815,0.013652,-0.040187,0.061667,0.061667,0.048015,0.226727,0.266914,0.032625,0.000845,-0.002221,0.223271,0.003456,6.245795,0.237016,6.482811,6.482811,6.482811,3.241405,3.241405,0,0,1,0,0.000000,0.080000,0.008000,0.001000,4.650000,0.086000,23.400000,0.028500,0.000000
0.509000,0.360000,0.500000,-0.356360,-0.000000,-0.356360,-0.399521,0.000000,0.399521,0.013652,-0.040187,0.061667,0.061667,0.048015,0.226727,0.266914,0.031962,0.000861,-0.001659,0.223271,0.003456,6.245795,0.000000,6.245795,6.245795,6.245795,3.122897,3.122897,0,0,1,0,0.000000,0.080000,0.008000,0.001000,4.650000,0.086000,23.400000,0.028500,0.000000
0.514000,0.360000,0.500000,-0.357740,-0.000000,-0.357740,-0.394455,0.000000,0.394455,0.013039,-0.027076,0.061667,0.061667,0.048628,0.228451,0.255527,0.031556,0.000877,-0.001013,0.226122,0.002329,5.979327,-0.064909,5.914418,5.914418,5.914418,2.957209,2.957209,0,0,1,0,0.000000,0.080000,0.008000,0.001000,4.650000,0.086000,23.400000,0.028500,0.000000
0.523000,0.360000,0.500000,-0.361282,-0.000000,-0.361282,-0.392518,0.000000,0.392518,0.014371,0.018712,0.061667,0.061667,0.047296,0.218317,0.199605,0.031401,0.000905,-0.000215,0.219927,-0.001609,4.670762,-0.177085,4.493677,4.493677,4.493677,2.246838,2.246838,0,0,1,0,0.000000,0.080000,0.008000,0.001000,4.650000,0.086000,23.400000,0.028500,0.000000
0.528000,0.360000,0.500000,-0.363408,-0.000000,-0.363408,-0.395068,0.000000,0.395068,0.014371,0.018712,0.061667,0.061667,0.047296,0.218317,0.199605,0.031605,0.000921,0.000510,0.219927,-0.001609,4.670762,0.000000,4.670762,4.670762,4.670762,2.335381,2.335381,0,0,1,0,0.000000,0.080000,0.008000,0.001000,4.650000,0.086000,23.400000,0.028500,0.000000
0.533000,0.360000,0.500000,-0.365716,-0.000000,-0.365716,-0.398989,0.000000,0.398989,0.017359,0.082388,0.061667,0.061667,0.044309,0.198950,0.116562,0.031919,0.000937,0.000784,0.206035,-0.007085,2.727552,-0.473346,2.254206,2.254206,2.254206,1.127103,1.127103,0,0,1,0,0.000000,0.080000,0.008000,0.001000,4.650000,0.086000,23.400000,0.028500,0.000000
0.538000,0.360000,0.500000,-0.368177,-0.000000,-0.368177,-0.404266,0.000000,0.404266,0.017359,0.082388,0.061667,0.061667,0.044309,0.198950,0.116562,0.032341,0.000953,0.001056,0.206035,-0.007085,2.727552,0.000000,2.727552,2.727552,2.727552,1.363776,1.363776,0,0,1,0,0.000000,0.080000,0.008000,0.001000,4.650000,0.086000,23.400000,0.028500,0.000000
0.543000,0.360000,0.500000,-0.370715,-0.000000,-0.370715,-0.409541,0.000000,0.409541,0.021373,0.146092,0.061667,0.061667,0.040294,0.174803,0.028712,0.032763,0.000969,0.001055,0.187367,-0.012564,0.671854,-0.500747,0.171107,0.171107,0.171107,0.085554,0.085554,0,0,1,0,0.000000,0.080000,0.008000,0.001000,4.650000,0.086000,23.400000,0.028500,0.000000
0.548000,0.360000,0.500000,-0.373294,-0.000000,-0.373294,-0.415059,0.000000,0.415059,0.021373,0.146092,0.061667,0.061667,0.040294,0.174803,0.028712,0.033205,0.000986,0.001104,0.187367,-0.012564,0.671854,0.000000,0.671854,0.671854,0.671854,0.335927,0.335927,0,0,1,0,0.000000,0.080000,0.008000,0.001000,4.650000,0.086000,23.400000,0.028500,0.000000
0.553000,0.360000,0.500000,-0.375844,-0.000000,-0.375844,-0.419475,0.000000,0.419475,0.025578,0.194249,0.061667,0.061667,0.036089,0.151107,-0.043142,0.033558,0.001003,0.000883,0.167813,-0.016705,-1.009530,-0.409568,-1.419099,-1.419099,-1.419099,-0.709549,-0.709549,0,0,1,0,0.000000,0.080000,0.008000,0.001000,4.650000,0.086000,23.400000,0.028500,0.000000
0.558000,0.360000,0.500000,-0.378328,-0.000000,-0.378328,-0.423135,0.000000,0.423135,0.025578,0.194249,0.061667,0.061667,0.036089,0.151107,-0.043142,0.033851,0.001020,0.000732,0.167813,-0.016705,-1.009530,0.000000,-1.009530,-1.009530,-1.009530,-0.504765,-0.504765,0,0,1,0,0.000000,0.080000,0.008000,0.001000,4.650000,0.086000,23.400000,0.028500,0.000000
0.567000,0.360000,0.500000,-0.382918,-0.000000,-0.382918,-0.425468,0.000000,0.425468,0.029194,0.216597,0.061667,0.061667,0.032473,0.132373,-0.084224,0.034037,0.001050,0.000259,0.151000,-0.018627,-1.970842,-0.130092,-2.100934,-2.100934,-2.100934,-1.050467,-1.050467,0,0,1,0,0.000000,0.080000,0.008000,0.001000,4.650000,0.086000,23.400000,0.028500,0.000000
0.572000,0.360000,0.500000,-0.385008,-0.000000,-0.385008,-0.424612,0.000000,0.424612,0.031726,0.214546,0.061667,0.061667,0.029941,0.120774,-0.093772,0.033969,0.001067,-0.000171,0.139225,-0.018451,-2.194264,-0.054423,-2.248688,-2.248688,-2.248688,-1.124344,-1.124344,0,0,1,0,0.000000,0.080000,0.008000,0.001000,4.650000,0.086000,23.400000,0.028500,0.000000
0.577000,0.360000,0.500000,-0.386940,-0.000000,-0.386940,-0.421986,0.000000,0.421986,0.031726,0.214546,0.061667,0.061667,0.029941,0.120774,-0.093772,0.033759,0.001084,-0.000525,0.139225,-0.018451,-2.194264,0.000000,-2.194264,-2.194264,-2.194264,-1.097132,-1.097132,0,0,1,0,0.000000,0.080000,0.008000,0.001000,4.650000,0.086000,23.400000,0.028500,0.000000
0.582000,0.360000,0.500000,-0.388690,-0.000000,-0.388690,-0.417657,0.000000,0.417657,0.032984,0.185232,0.061667,0.061667,0.028683,0.117447,-0.067786,0.033413,0.001101,-0.000866,0.133377,-0.015930,-1.586189,0.148121,-1.438068,-1.438068,-1.438068,-0.719034,-0.719034,0,0,1,0,0.000000,0.080000,0.008000,0.001000,4.650000,0.086000,23.400000,0.028500,0.000000
0.587000,0.360000,0.500000,-0.390262,-0.000000,-0.390262,-0.411795,0.000000,0.411795,0.032984,0.185232,0.061667,0.061667,0.028683,0.117447,-0.067786,0.032944,0.001117,-0.001172,0.133377,-0.015930,-1.586189,0.000000,-1.586189,-1.586189,-1.586189,-0.793095,-0.793095,0,0,1,0,0.000000,0.080000,0.008000,0.001000,4.650000,0.086000,23.400000,0.028500,0.000000
0.592000,0.360000,0.500000,-0.391685,-0.000000,-0.391685,-0.404921,0.000000,0.404921,0.032868,0.138205,0.061667,0.061667,0.028799,0.122029,-0.016176,0.032394,0.001133,-0.001375,0.133915,-0.011886,-0.378526,0.294174,-0.084352,-0.084352,-0.084352,-0.042176,-0.042176,0,0,1,0,0.000000,0.080000,0.008000,0.001000,4.650000,0.086000,23.400000,0.028500,0.000000
0.597000,0.360000,0.500000,-0.392976,-0.000000,-0.392976,-0.397047,0.000000,0.397047,0.032868,0.138205,0.061667,0.061667,0.028799,0.122029,-0.016176,0.031764,0.001149,-0.001575,0.133915,-0.011886,-0.378526,0.000000,-0.378526,-0.378526,-0.378526,-0.189263,-0.189263,0,0,1,0,0.000000,0.080000,0.008000,0.001000,4.650000,0.086000,23.400000,0.028500,0.000000
0.602000,0.360000,0.500000,-0.394181,-0.000000,-0.394181,-0.389040,0.000000,0.389040,0.031743,0.085521,0.061667,0.061667,0.029924,0.131791,0.046271,0.031123,0.001165,-0.001601,0.139146,-0.007355,1.082732,0.355947,1.438679,1.438679,1.438679,0.719339,0.719339,0,0,1,0,0.000000,0.080000,0.008000,0.001000,4.650000,0.086000,23.400000,0.028500,0.000000
0.607000,0.360000,0.500000,-0.395326,-0.000000,-0.395326,-0.380767,0.000000,0.380767,0.031743,0.085521,0.061667,0.061667,0.029924,0.131791,0.046271,0.030461,0.001180,-0.001655,0.139146,-0.007355,1.082732,0.000000,1.082732,1.082732,1.082732,0.541366,0.541366,0,0,1,0,0.000000,0.080000,0.008000,0.001000,4.650000,0.086000,23.400000,0.028500,0.000000
0.616000,0.360000,0.500000,-0.397615,-0.000000,-0.397615,-0.366115,0.000000,0.366115,0.030155,0.039238,0.061667,0.061667,0.031512,0.143156,0.103918,0.029289,0.001206,-0.001628,0.146531,-0.003374,2.431688,0.182551,2.614239,2.614239,2.614239,1.307120,1.307120,0,0,1,0,0.000000,0.080000,0.008000,0.001000,4.650000,0.086000,23.400000,0.028500,0.000000
0.621000,0.360000,0.500000,-0.398778,-0.000000,-0.398778,-0.359473,0.000000,0.359473,0.028589,0.002222,0.061667,0.061667,0.033078,0.153622,0.151400,0.028758,0.001221,-0.001328,0.153813,-0.000191,3.542758,0.270645,3.813403,3.813403,3.813403,1.906702,1.906702,0,0,1,0,0.000000,0.080000,0.008000,0.001000,4.650000,0.086000,23.400000,0.028500,0.000000
0.626000,0.360000,0.500000,-0.399997,-0.000000,-0.399997,-0.354045,0.000000,0.354045,0.028589,0.002222,0.061667,0.061667,0.033078,0.153622,0.151400,0.028324,0.001235,-0.001086,0.153813,-0.000191,3.542758,0.000000,3.542758,3.542758,3.542758,1.771379,1.771379,0,0,1,0,0.000000,0.080000,0.008000,0.001000,4.650000,0.086000,23.400000,0.028500,0.000000
0.631000,0.360000,0.500000,-0.401341,-0.000000,-0.401341,-0.350365,0.000000,0.350365,0.027451,-0.011389,0.061667,0.061667,0.034216,0.160084,0.171474,0.028029,0.001249,-0.000736,0.159105,0.000979,4.012487,0.114421,4.126908,4.126908,4.126908,2.063454,2.063454,0,0,1,0,0.000000,0.080000,0.008000,0.001000,4.650000,0.086000,23.400000,0.028500,0.000000
0.636000,0.360000,0.500000,-0.402821,-0.000000,-0.402821,-0.348159,0.000000,0.348159,0.027451,-0.011389,0.061667,0.061667,0.034216,0.160084,0.171474,0.027853,0.001263,-0.000441,0.159105,0.000979,4.012487,0.000000,4.012487,4.012487,4.012487,2.006243,2.006243,0,0,1,0,0.000000,0.080000,0.008000,0.001000,4.650000,0.086000,23.400000,0.028500,0.000000
0.641000,0.360000,0.500000,-0.404446,-0.000000,-0.404446,-0.347618,0.000000,0.347618,0.027310,-0.002481,0.061667,0.061667,0.034357,0.159976,0.162456,0.027809,0.001277,-0.000108,0.159762,0.000213,3.801482,-0.051399,3.750083,3.750083,3.750083,1.875041,1.875041,0,0,1,0,0.000000,0.080000,0.008000,0.001000,4.650000,0.086000,23.400000,0.028500,0.000000
0.646000,0.360000,0.500000,-0.406220,-0.000000,-0.406220,-0.348554,0.000000,0.348554,0.027310,-0.002481,0.061667,0.061667,0.034357,0.159976,0.162456,0.027884,0.001291,0.000187,0.159762,0.000213,3.801482,0.000000,3.801482,3.801482,3.801482,1.900741,1.900741,0,0,1,0,0.000000,0.080000,0.008000,0.001000,4.650000,0.086000,23.400000,0.028500,0.000000
0.651000,0.360000,0.500000,-0.408128,-0.000000,-0.408128,-0.350716,0.000000,0.350716,0.028234,0.023778,0.061667,0.061667,0.033433,0.153418,0.129641,0.028057,0.001305,0.000432,0.155463,-0.002045,3.033596,-0.187049,2.846547,2.846547,2.846547,1.423274,1.423274,0,0,1,0,0.000000,0.080000,0.008000,0.001000,4.650000,0.086000,23.400000,0.028500,0.000000
0.656000,0.360000,0.500000,-0.410163,-0.000000,-0.410163,-0.354034,0.000000,0.354034,0.028234,0.023778,0.061667,0.061667,0.033433,0.153418,0.129641,0.028323,0.001319,0.000664,0.155463,-0.002045,3.033596,0.000000,3.033596,3.033596,3.033596,1.516798,1.516798,0,0,1,0,0.000000,0.080000,0.008000,0.001000,4.650000,0.086000,23.400000,0.028500,0.000000
0.661000,0.360000,0.500000,-0.412293,-0.000000,-0.412293,-0.357920,0.000000,0.357920,0.030042,0.058805,0.061667,0.061667,0.031626,0.142002,0.083197,0.028634,0.001333,0.000777,0.147059,-0.005057,1.946820,-0.264728,1.682092,1.682092,1.682092,0.841046,0.841046,0,0,1,0,0.000000,0.080000,0.008000,0.001000,4.650000,0.086000,23.400000,0.028500,0.000000
0.666000,0.360000,0.500000,-0.414500,-0.000000,-0.414500,-0.362426,0.000000,0.362426,0.030042,0.058805,0.061667,0.061667,0.031626,0.142002,0.083197,0.028994,0.001348,0.000901,0.147059,-0.005057,1.946820,0.000000,1.946820,1.946820,1.946820,0.973410,0.973410,0,0,1,0,0.000000,0.080000,0.008000,0.001000,4.650000,0.086000,23.400000,0.028500,0.000000
0.675000,0.360000,0.500000,-0.419009,-0.000000,-0.419009,-0.371185,0.000000,0.371185,0.032360,0.092960,0.061667,0.061667,0.029307,0.128283,0.035324,0.029695,0.001374,0.000973,0.136278,-0.007995,0.826572,-0.151600,0.674972,0.674972,0.674972,0.337486,0.337486,0,0,1,0,0.000000,0.080000,0.008000,0.001000,4.650000,0.086000,23.400000,0.028500,0.000000
0.680000,0.360000,0.500000,-0.419009,-0.000000,-0.419009,-0.371185,0.000000,0.371185,0.032360,0.092960,0.061667,0.061667,0.029307,0.128283,0.035324,0.029695,0.001389,0.000000,0.136278,-0.007995,0.826572,0.000000,0.826572,0.826572,0.826572,0.413286,0.413286,0,0,1,0,0.000000,0.080000,0.008000,0.001000,4.650000,0.086000,23.400000,0.028500,0.000000
0.685000,0.360000,0.500000,-0.423565,-0.000000,-0.423565,-0.379324,0.000000,0.379324,0.034821,0.123207,0.061667,0.061667,0.026847,0.114241,-0.008965,0.030346,0.001405,0.001628,0.124837,-0.010596,-0.209784,-0.252446,-0.462230,-0.462230,-0.462230,-0.231115,-0.231115,0,0,1,0,0.000000,0.080000,0.008000,0.001000,4.650000,0.086000,23.400000,0.028500,0.000000
0.690000,0.360000,0.500000,-0.423565,-0.000000,-0.423565,-0.379324,0.000000,0.379324,0.034821,0.123207,0.061667,0.061667,0.026847,0.114241,-0.008965,0.030346,0.001420,0.000000,0.124837,-0.010596,-0.209784,0.000000,-0.209784,-0.209784,-0.209784,-0.104892,-0.104892,0,0,1,0,0.000000,0.080000,0.008000,0.001000,4.650000,0.086000,23.400000,0.028500,0.000000
0.695000,0.360000,0.500000,-0.425797,-0.000000,-0.425797,-0.382543,0.000000,0.382543,0.037146,0.141298,0.061667,0.061667,0.024521,0.101870,-0.039428,0.030603,0.001435,0.000644,0.114022,-0.012152,-0.922614,-0.173638,-1.096252,-1.096252,-1.096252,-0.548126,-0.548126,0,0,1,0,0.000000,0.080000,0.008000,0.001000,4.650000,0.086000,23.400000,0.028500,0.000000
0.700000,0.360000,0.500000,-0.427953,-0.000000,-0.427953,-0.384608,0.000000,0.384608,0.037146,0.141298,0.061667,0.061667,0.024521,0.101870,-0.039428,0.030769,0.001450,0.000413,0.114022,-0.012152,-0.922614,0.000000,-0.922614,-0.922614,-0.922614,-0.461307,-0.461307,0,0,1,0,0.000000,0.080000,0.008000,0.001000,4.650000,0.086000,23.400000,0.028500,0.000000
0.709000,0.360000,0.500000,-0.431915,-0.000000,-0.431915,-0.384760,0.000000,0.384760,0.038855,0.138487,0.061667,0.061667,0.022812,0.094168,-0.044319,0.030781,0.001478,0.000017,0.106077,-0.011910,-1.037072,-0.015489,-1.052562,-1.052562,-1.052562,-0.526281,-0.526281,0,0,1,0,0.000000,0.080000,0.008000,0.001000,4.650000,0.086000,23.400000,0.028500,0.000000
0.714000,0.360000,0.500000,-0.433722,-0.000000,-0.433722,-0.383143,0.000000,0.383143,0.039611,0.118784,0.061667,0.061667,0.022056,0.092347,-0.026437,0.030651,0.001493,-0.000323,0.102562,-0.010215,-0.618617,0.101931,-0.516686,-0.516686,-0.516686,-0.258343,-0.258343,0,0,1,0,0.000000,0.080000,0.008000,0.001000,4.650000,0.086000,23.400000,0.028500,0.000000
0.719000,0.360000,0.500000,-0.435415,-0.000000,-0.435415,-0.380450,0.000000,0.380450,0.039611,0.118784,0.061667,0.061667,0.022056,0.092347,-0.026437,0.030436,0.001509,-0.000539,0.102562,-0.010215,-0.618617,0.000000,-0.618617,-0.618617,-0.618617,-0.309309,-0.309309,0,0,1,0,0.000000,0.080000,0.008000,0.001000,4.650000,0.086000,23.400000,0.028500,0.000000
0.724000,0.360000,0.500000,-0.437010,-0.000000,-0.437010,-0.377048,0.000000,0.377048,0.039483,0.087479,0.061667,0.061667,0.022184,0.095632,0.008154,0.030164,0.001524,-0.000680,0.103155,-0.007523,0.190797,0.197165,0.387962,0.387962,0.387962,0.193981,0.193981,0,0,1,0,0.000000,0.080000,0.008000,0.001000,4.650000,0.086000,23.400000,0.028500,0.000000
0.729000,0.360000,0.500000,-0.438520,-0.000000,-0.438520,-0.372944,0.000000,0.372944,0.039483,0.087479,0.061667,0.061667,0.022184,0.095632,0.008154,0.029836,0.001539,-0.000821,0.103155,-0.007523,0.190797,0.000000,0.190797,0.190797,0.190797,0.095398,0.095398,0,0,1,0,0.000000,0.080000,0.008000,0.001000,4.650000,0.086000,23.400000,0.028500,0.000000
0.734000,0.360000,0.500000,-0.439975,-0.000000,-0.439975,-0.368720,0.000000,0.368720,0.038696,0.052667,0.061667,0.061667,0.022971,0.102285,0.049618,0.029498,0.001553,-0.000845,0.106814,-0.004529,1.161052,0.236344,1.397397,1.397397,1.397397,0.698698,0.698698,0,0,1,0,0.000000,0.080000,0.008000,0.001000,4.650000,0.086000,23.400000,0.028500,0.000000
0.739000,0.360000,0.500000,-0.441392,-0.000000,-0.441392,-0.364288,0.000000,0.364288,0.038696,0.052667,0.061667,0.061667,0.022971,0.102285,0.049618,0.029143,0.001568,-0.000886,0.106814,-0.004529,1.161052,0.000000,1.161052,1.161052,1.161052,0.580526,0.580526,0,0,1,0,0.000000,0.080000,0.008000,0.001000,4.650000,0.086000,23.400000,0.028500,0.000000
0.744000,0.360000,0.500000,-0.442806,-0.000000,-0.442806,-0.360295,0.000000,0.360295,0.037615,0.022313,0.061667,0.061667,0.024052,0.109924,0.087611,0.028824,0.001582,-0.000799,0.111843,-0.001919,2.050102,0.216563,2.266666,2.266666,2.266666,1.133333,1.133333,0,0,1,0,0.000000,0.080000,0.008000,0.001000,4.650000,0.086000,23.400000,0.028500,0.000000
0.749000,0.360000,0.500000,-0.444233,-0.000000,-0.444233,-0.356589,0.000000,0.356589,0.037615,0.022313,0.061667,0.061667,0.024052,0.109924,0.087611,0.028527,0.001597,-0.000741,0.111843,-0.001919,2.050102,0.000000,2.050102,2.050102,2.050102,1.025051,1.025051,0,0,1,0,0.000000,0.080000,0.008000,0.001000,4.650000,0.086000,23.400000,0.028500,0.000000
0.754000,0.360000,0.500000,-0.445703,-0.000000,-0.445703,-0.353724,0.000000,0.353724,0.036627,0.002486,0.061667,0.061667,0.025040,0.116222,0.113737,0.028298,0.001611,-0.000573,0.116436,-0.000214,2.661438,0.148915,2.810353,2.810353,2.810353,1.405176,1.405176,0,0,1,0,0.000000,0.080000,0.008000,0.001000,4.650000,0.086000,23.400000,0.028500,0.000000
0.763000,0.360000,0.500000,-0.448834,-0.000000,-0.448834,-0.350338,0.000000,0.350338,0.036053,-0.003829,0.061667,0.061667,0.025614,0.119435,0.123264,0.028027,0.001636,-0.000376,0.119106,0.000329,2.884389,0.030171,2.914561,2.914561,2.914561,1.457280,1.457280,0,0,1,0,0.000000,0.080000,0.008000,0.001000,4.650000,0.086000,23.400000,0.028500,0.000000
0.768000,0.360000,0.500000,-0.450526,-0.000000,-0.450526,-0.350084,0.000000,0.350084,0.036053,-0.003829,0.061667,0.061667,0.025614,0.119435,0.123264,0.028007,0.001650,-0.000051,0.119106,0.000329,2.884389,0.000000,2.884389,2.884389,2.884389,1.442195,1.442195,0,0,1,0,0.000000,0.080000,0.008000,0.001000,4.650000,0.086000,23.400000,0.028500,0.000000
0.773000,0.360000,0.500000,-0.452307,-0.000000,-0.452307,-0.350745,0.000000,0.350745,0.036100,0.003380,0.061667,0.061667,0.025567,0.118595,0.115216,0.028060,0.001664,0.000132,0.118886,-0.000291,2.696048,-0.045878,2.650170,2.650170,2.650170,1.325085,1.325085,0,0,1,0,0.000000,0.080000,0.008000,0.001000,4.650000,0.086000,23.400000,0.028500,0.000000
0.778000,0.360000,0.500000,-0.454175,-0.000000,-0.454175,-0.352233,0.000000,0.352233,0.036100,0.003380,0.061667,0.061667,0.025567,0.118595,0.115216,0.028179,0.001678,0.000298,0.118886,-0.000291,2.696048,0.000000,2.696048,2.696048,2.696048,1.348024,1.348024,0,0,1,0,0.000000,0.080000,0.008000,0.001000,4.650000,0.086000,23.400000,0.028500,0.000000
0.783000,0.360000,0.500000,-0.456120,-0.000000,-0.456120,-0.354361,0.000000,0.354361,0.036770,0.020071,0.061667,0.061667,0.024897,0.114044,0.093973,0.028349,0.001692,0.000426,0.115770,-0.001726,2.198964,-0.121085,2.077879,2.077879,2.077879,1.038940,1.038940,0,0,1,0,0.000000,0.080000,0.008000,0.001000,4.650000,0.086000,23.400000,0.028500,0.000000
0.788000,0.360000,0.500000,-0.458140,-0.000000,-0.458140,-0.357101,0.000000,0.357101,0.036770,0.020071,0.061667,0.061667,0.024897,0.114044,0.093973,0.028568,0.001707,0.000548,0.115770,-0.001726,2.198964,0.000000,2.198964,2.198964,2.198964,1.099482,1.099482,0,0,1,0,0.000000,0.080000,0.008000,0.001000,4.650000,0.086000,23.400000,0.028500,0.000000
0.793000,0.360000,0.500000,-0.460209,-0.000000,-0.460209,-0.360082,0.000000,0.360082,0.037927,0.040954,0.061667,0.061667,0.023740,0.106871,0.065917,0.028807,0.001721,0.000596,0.110393,-0.003522,1.542459,-0.159918,1.382541,1.382541,1.382541,0.691270,0.691270,0,0,1,0,0.000000,0.080000,0.008000,0.001000,4.650000,0.086000,23.400000,0.028500,0.000000
0.798000,0.360000,0.500000,-0.462318,-0.000000,-0.462318,-0.363347,0.000000,0.363347,0.037927,0.040954,0.061667,0.061667,0.023740,0.106871,0.065917,0.029068,0.001735,0.000653,0.110393,-0.003522,1.542459,0.000000,1.542459,1.542459,1.542459,0.771229,0.771229,0,0,1,0,0.000000,0.080000,0.008000,0.001000,4.650000,0.086000,23.400000,0.028500,0.000000
0.803000,0.360000,0.500000,-0.464445,-0.000000,-0.464445,-0.366447,0.000000,0.366447,0.039341,0.060373,0.061667,0.061667,0.022326,0.098624,0.038252,0.029316,0.001750,0.000620,0.103816,-0.005192,0.895088,-0.157693,0.737396,0.737396,0.737396,0.368698,0.368698,0,0,1,0,0.000000,0.080000,0.008000,0.001000,4.650000,0.086000,23.400000,0.028500,0.000000
0.812000,0.360000,0.500000,-0.468692,-0.000000,-0.468692,-0.372019,0.000000,0.372019,0.040742,0.073641,0.061667,0.061667,0.020926,0.090971,0.017330,0.029762,0.001777,0.000619,0.097304,-0.006333,0.405529,-0.066251,0.339278,0.339278,0.339278,0.169639,0.169639,0,0,1,0,0.000000,0.080000,0.008000,0.001000,4.650000,0.086000,23.400000,0.028500,0.000000
0.817000,0.360000,0.500000,-0.470774,-0.000000,-0.470774,-0.374114,0.000000,0.374114,0.040742,0.073641,0.061667,0.061667,0.020926,0.090971,0.017330,0.029929,0.001792,0.000419,0.097304,-0.006333,0.405529,0.000000,0.405529,0.405529,0.405529,0.202765,0.202765,0,0,1,0,0.000000,0.080000,0.008000,0.001000,4.650000,0.086000,23.400000,0.028500,0.000000
0.822000,0.360000,0.500000,-0.472813,-0.000000,-0.472813,-0.375588,0.000000,0.375588,0.041866,0.077635,0.061667,0.061667,0.019801,0.085397,0.007762,0.030047,0.001807,0.000295,0.092074,-0.006677,0.181639,-0.054537,0.127102,0.127102,0.127102,0.063551,0.063551,0,0,1,0,0.000000,0.080000,0.008000,0.001000,4.650000,0.086000,23.400000,0.028500,0.000000
0.827000,0.360000,0.500000,-0.474803,-0.000000,-0.474803,-0.376522,0.000000,0.376522,0.041866,0.077635,0.061667,0.061667,0.019801,0.085397,0.007762,0.030122,0.001822,0.000187,0.092074,-0.006677,0.181639,0.000000,0.181639,0.181639,0.181639,0.090820,0.090820,0,0,1,0,0.000000,0.080000,0.008000,0.001000,4.650000,0.086000,23.400000,0.028500,0.000000
0.832000,0.360000,0.500000,-0.476738,-0.000000,-0.476738,-0.376815,0.000000,0.376815,0.042583,0.072515,0.061667,0.061667,0.019084,0.082505,0.009990,0.030145,0.001837,0.000059,0.088741,-0.006236,0.233776,0.012700,0.246476,0.246476,0.246476,0.123238,0.123238,0,0,1,0,0.000000,0.080000,0.008000,0.001000,4.650000,0.086000,23.400000,0.028500,0.000000
0.837000,0.360000,0.500000,-0.478617,-0.000000,-0.478617,-0.376546,0.000000,0.376546,0.042583,0.072515,0.061667,0.061667,0.019084,0.082505,0.009990,0.030124,0.001852,-0.000054,0.088741,-0.006236,0.233776,0.000000,0.233776,0.233776,0.233776,0.116888,0.116888,0,0,1,0,0.000000,0.080000,0.008000,0.001000,4.650000,0.086000,23.400000,0.028500,0.000000
0.842000,0.360000,0.500000,-0.480444,-0.000000,-0.480444,-0.375793,0.000000,0.375793,0.042846,0.060137,0.061667,0.061667,0.018821,0.082346,0.022209,0.030063,0.001867,-0.000151,0.087517,-0.005172,0.519682,0.069644,0.589325,0.589325,0.589325,0.294663,0.294663,0,0,1,0,0.000000,0.080000,0.008000,0.001000,4.650000,0.086000,23.400000,0.028500,0.000000
0.847000,0.360000,0.500000,-0.482222,-0.000000,-0.482222,-0.374588,0.000000,0.374588,0.042846,0.060137,0.061667,0.061667,0.018821,0.082346,0.022209,0.029967,0.001882,-0.000241,0.087517,-0.005172,0.519682,0.000000,0.519682,0.519682,0.519682,0.259841,0.259841,0,0,1,0,0.000000,0.080000,0.008000,0.001000,4.650000,0.086000,23.400000,0.028500,0.000000
0.852000,0.360000,0.500000,-0.483963,-0.000000,-0.483963,-0.373154,0.000000,0.373154,0.042719,0.043842,0.061667,0.061667,0.018948,0.084339,0.040498,0.029852,0.001897,-0.000287,0.088110,-0.003770,0.947642,0.104247,1.051889,1.051889,1.051889,0.525945,0.525945,0,0,1,0,0.000000,0.080000,0.008000,0.001000,4.650000,0.086000,23.400000,0.028500,0.000000
0.857000,0.360000,0.500000,-0.485674,-0.000000,-0.485674,-0.371474,0.000000,0.371474,0.042719,0.043842,0.061667,0.061667,0.018948,0.084339,0.040498,0.029718,0.001912,-0.000336,0.088110,-0.003770,0.947642,0.000000,0.947642,0.947642,0.947642,0.473821,0.473821,0,0,1,0,0.000000,0.080000,0.008000,0.001000,4.650000,0.086000,23.400000,0.028500,0.000000
0.862000,0.360000,0.500000,-0.487370,-0.000000,-0.487370,-0.369846,0.000000,0.369846,0.042344,0.027517,0.061667,0.061667,0.019323,0.087485,0.059968,0.029588,0.001927,-0.000326,0.089851,-0.002366,1.403242,0.110979,1.514222,1.514222,1.514222,0.757111,0.757111,0,0,1,0,0.000000,0.080000,0.008000,0.001000,4.650000,0.086000,23.400000,0.028500,0.000000
0.871000,0.360000,0.500000,-0.490757,-0.000000,-0.490757,-0.366871,0.000000,0.366871,0.041905,0.014639,0.061667,0.061667,0.019762,0.090635,0.075996,0.029350,0.001953,-0.000331,0.091894,-0.001259,1.778304,0.050756,1.829060,1.829060,1.829060,0.914530,0.914530,0,0,1,0,0.000000,0.080000,0.008000,0.001000,4.650000,0.086000,23.400000,0.028500,0.000000
0.876000,0.360000,0.500000,-0.492476,-0.000000,-0.492476,-0.365799,0.000000,0.365799,0.041905,0.014639,0.061667,0.061667,0.019762,0.090635,0.075996,0.029264,0.001968,-0.000214,0.091894,-0.001259,1.778304,0.000000,1.778304,1.778304,1.778304,0.889152,0.889152,0,0,1,0,0.000000,0.080000,0.008000,0.001000,4.650000,0.086000,23.400000,0.028500,0.000000
0.881000,0.360000,0.500000,-0.494225,-0.000000,-0.494225,-0.365140,0.000000,0.365140,0.041591,0.007772,0.061667,0.061667,0.020076,0.092687,0.084915,0.029211,0.001982,-0.000132,0.093356,-0.000668,1.987002,0.050837,2.037839,2.037839,2.037839,1.018920,1.018920,0,0,1,0,0.000000,0.080000,0.008000,0.001000,4.650000,0.086000,23.400000,0.028500,0.000000
0.886000,0.360000,0.500000,-0.496008,-0.000000,-0.496008,-0.364837,0.000000,0.364837,0.041591,0.007772,0.061667,0.061667,0.020076,0.092687,0.084915,0.029187,0.001997,-0.000061,0.093356,-0.000668,1.987002,0.000000,1.987002,1.987002,1.987002,0.993501,0.993501,0,0,1,0,0.000000,0.080000,0.008000,0.001000,4.650000,0.086000,23.400000,0.028500,0.000000
0.891000,0.360000,0.500000,-0.497830,-0.000000,-0.497830,-0.364996,0.000000,0.364996,0.041511,0.007292,0.061667,0.061667,0.020156,0.093099,0.085806,0.029200,0.002012,0.000032,0.093726,-0.000627,2.007866,0.005082,2.012948,2.012948,2.012948,1.006474,1.006474,0,0,1,0,0.000000,0.080000,0.008000,0.001000,4.650000,0.086000,23.400000,0.028500,0.000000
0.896000,0.360000,0.500000,-0.499695,-0.000000,-0.499695,-0.365555,0.000000,0.365555,0.041511,0.007292,0.061667,0.061667,0.020156,0.093099,0.085806,0.029244,0.002026,0.000112,0.093726,-0.000627,2.007866,0.000000,2.007866,2.007866,2.007866,1.003933,1.003933,0,0,1,0,0.000000,0.080000,0.008000,0.001000,4.650000,0.086000,23.400000,0.028500,0.000000
0.901000,0.360000,0.500000,-0.501600,-0.000000,-0.501600,-0.366496,0.000000,0.366496,0.041721,0.012338,0.061667,0.061667,0.019946,0.091689,0.079351,0.029320,0.002041,0.000188,0.092750,-0.001061,1.856810,-0.036796,1.820014,1.820014,1.820014,0.910007,0.910007,0,0,1,0,0.000000,0.080000,0.008000,0.001000,4.650000,0.086000,23.400000,0.028500,0.000000
0.910000,0.360000,0.500000,-0.505525,-0.000000,-0.505525,-0.369297,0.000000,0.369297,0.042199,0.020875,0.061667,0.061667,0.019468,0.088732,0.067856,0.029544,0.002067,0.000311,0.090527,-0.001795,1.587841,-0.036399,1.551442,1.551442,1.551442,0.775721,0.775721,0,0,1,0,0.000000,0.080000,0.008000,0.001000,4.650000,0.086000,23.400000,0.028500,0.000000
0.915000,0.360000,0.500000,-0.505525,-0.000000,-0.505525,-0.369297,0.000000,0.369297,0.042199,0.020875,0.061667,0.061667,0.019468,0.088732,0.067856,0.029544,0.002082,0.000000,0.090527,-0.001795,1.587841,0.000000,1.587841,1.587841,1.587841,0.793921,0.793921,0,0,1,0,0.000000,0.080000,0.008000,0.001000,4.650000,0.086000,23.400000,0.028500,0.000000
0.920000,0.360000,0.500000,-0.507532,-0.000000,-0.507532,-0.371013,0.000000,0.371013,0.042858,0.030272,0.061667,0.061667,0.018809,0.084860,0.054588,0.029681,0.002097,0.000343,0.087463,-0.002603,1.277363,-0.075629,1.201734,1.201734,1.201734,0.600867,0.600867,0,0,1,0,0.000000,0.080000,0.008000,0.001000,4.650000,0.086000,23.400000,0.028500,0.000000
0.925000,0.360000,0.500000,-0.509558,-0.000000,-0.509558,-0.372775,0.000000,0.372775,0.042858,0.030272,0.061667,0.061667,0.018809,0.084860,0.054588,0.029822,0.002112,0.000353,0.087463,-0.002603,1.277363,0.000000,1.277363,1.277363,1.277363,0.638682,0.638682,0,0,1,0,0.000000,0.080000,0.008000,0.001000,4.650000,0.086000,23.400000,0.028500,0.000000
0.930000,0.360000,0.500000,-0.511598,-0.000000,-0.511598,-0.374599,0.000000,0.374599,0.043586,0.038048,0.061667,0.061667,0.018082,0.080807,0.042759,0.029968,0.002127,0.000365,0.084079,-0.003272,1.000570,-0.067424,0.933146,0.933146,0.933146,0.466573,0.466573,0,0,1,0,0.000000,0.080000,0.008000,0.001000,4.650000,0.086000,23.400000,0.028500,0.000000
0.935000,0.360000,0.500000,-0.513641,-0.000000,-0.513641,-0.376277,0.000000,0.376277,0.043586,0.038048,0.061667,0.061667,0.018082,0.080807,0.042759,0.030102,0.002142,0.000336,0.084079,-0.003272,1.000570,0.000000,1.000570,1.000570,1.000570,0.500285,0.500285,0,0,1,0,0.000000,0.080000,0.008000,0.001000,4.650000,0.086000,23.400000,0.028500,0.000000
0.940000,0.360000,0.500000,-0.515681,-0.000000,-0.515681,-0.377860,0.000000,0.377860,0.043586,0.038048,0.061667,0.061667,0.018082,0.080807,0.042759,0.030229,0.002157,0.000316,0.084079,-0.003272,1.000570,0.000000,1.000570,1.000570,1.000570,0.500285,0.500285,0,0,1,0,0.000000,0.080000,0.008000,0.001000,4.650000,0.086000,23.400000,0.028500,0.000000
0.945000,0.360000,0.500000,-0.517709,-0.000000,-0.517709,-0.379173,0.000000,0.379173,0.044257,0.042352,0.061667,0.061667,0.017410,0.077316,0.034964,0.030334,0.002172,0.000263,0.080958,-0.003642,0.818163,-0.044432,0.773730,0.773730,0.773730,0.386865,0.386865,0,0,1,0,0.000000,0.080000,0.008000,0.001000,4.650000,0.086000,23.400000,0.028500,0.000000
0.950000,0.360000,0.500000,-0.519721,-0.000000,-0.519721,-0.380273,0.000000,0.380273,0.044257,0.042352,0.061667,0.061667,0.017410,0.077316,0.034964,0.030422,0.002187,0.000220,0.080958,-0.003642,0.818163,0.000000,0.818163,0.818163,0.818163,0.409081,0.409081,0,0,1,0,0.000000,0.080000,0.008000,0.001000,4.650000,0.086000,23.400000,0.028500,0.000000
0.955000,0.360000,0.500000,-0.521718,-0.000000,-0.521718,-0.381176,0.000000,0.381176,0.044787,0.043213,0.061667,0.061667,0.016880,0.074776,0.031564,0.030494,0.002203,0.000181,0.078493,-0.003716,0.738590,-0.019383,0.719207,0.719207,0.719207,0.359603,0.359603,0,0,1,0,0.000000,0.080000,0.008000,0.001000,4.650000,0.086000,23.400000,0.028500,0.000000
0.964000,0.360000,0.500000,-0.525648,-0.000000,-0.525648,-0.382122,0.000000,0.382122,0.045138,0.039695,0.061667,0.061667,0.016529,0.073448,0.033753,0.030570,0.002230,0.000105,0.076862,-0.003414,0.789815,0.006932,0.796747,0.796747,0.796747,0.398374,0.398374,0,0,1,0,0.000000,0.080000,0.008000,0.001000,4.650000,0.086000,23.400000,0.028500,0.000000
0.969000,0.360000,0.500000,-0.527573,-0.000000,-0.527573,-0.382157,0.000000,0.382157,0.045138,0.039695,0.061667,0.061667,0.016529,0.073448,0.033753,0.030573,0.002246,0.000007,0.076862,-0.003414,0.789815,0.000000,0.789815,0.789815,0.789815,0.394908,0.394908,0,0,1,0,0.000000,0.080000,0.008000,0.001000,4.650000,0.086000,23.400000,0.028500,0.000000
0.974000,0.360000,0.500000,-0.529474,-0.000000,-0.529474,-0.381973,0.000000,0.381973,0.045263,0.032800,0.061667,0.061667,0.016404,0.073460,0.040660,0.030558,0.002261,-0.000037,0.076281,-0.002821,0.951448,0.039372,0.990820,0.990820,0.990820,0.495410,0.495410,0,0,1,0,0.000000,0.080000,0.008000,0.001000,4.650000,0.086000,23.400000,0.028500,0.000000
0.979000,0.360000,0.500000,-0.531353,-0.000000,-0.531353,-0.381582,0.000000,0.381582,0.045263,0.032800,0.061667,0.061667,0.016404,0.073460,0.040660,0.030527,0.002276,-0.000078,0.076281,-0.002821,0.951448,0.000000,0.951448,0.951448,0.951448,0.475724,0.475724,0,0,1,0,0.000000,0.080000,0.008000,0.001000,4.650000,0.086000,23.400000,0.028500,0.000000
0.984000,0.360000,0.500000,-0.533218,-0.000000,-0.533218,-0.381106,0.000000,0.381106,0.045204,0.024385,0.061667,0.061667,0.016463,0.074457,0.050072,0.030488,0.002291,-0.000095,0.076554,-0.002097,1.171676,0.053645,1.225322,1.225322,1.225322,0.612661,0.612661,0,0,1,0,0.000000,0.080000,0.008000,0.001000,4.650000,0.086000,23.400000,0.028500,0.000000
0.989000,0.360000,0.500000,-0.535071,-0.000000,-0.535071,-0.380531,0.000000,0.380531,0.045204,0.024385,0.061667,0.061667,0.016463,0.074457,0.050072,0.030443,0.002307,-0.000115,0.076554,-0.002097,1.171676,0.000000,1.171676,1.171676,1.171676,0.585838,0.585838,0,0,1,0,0.000000,0.080000,0.008000,0.001000,4.650000,0.086000,23.400000,0.028500,0.000000
0.994000,0.360000,0.500000,-0.536920,-0.000000,-0.536920,-0.380009,0.000000,0.380009,0.045040,0.016365,0.061667,0.061667,0.016627,0.075909,0.059544,0.030401,0.002322,-0.000105,0.077316,-0.001407,1.393324,0.053991,1.447315,1.447315,1.447315,0.723658,0.723658,0,0,1,0,0.000000,0.080000,0.008000,0.001000,4.650000,0.086000,23.400000,0.028500,0.000000
0.999000,0.360000,0.500000,-0.538770,-0.000000,-0.538770,-0.379507,0.000000,0.379507,0.045040,0.016365,0.061667,0.061667,0.016627,0.075909,0.059544,0.030361,0.002337,-0.000100,0.077316,-0.001407,1.393324,0.000000,1.393324,1.393324,1.393324,0.696662,0.696662,0,0,1,0,0.000000,0.080000,0.008000,0.001000,4.650000,0.086000,23.400000,0.028500,0.000000
1.004000,0.360500,0.500500,-0.540628,-0.000000,-0.540628,-0.379167,0.000000,0.379167,0.044862,0.010358,0.061545,0.061545,0.016683,0.076704,0.066347,0.030333,0.002352,-0.000068,0.077595,-0.000891,1.552178,0.038759,1.590937,1.590937,1.590937,0.795468,0.795468,0,0,1,0,0.000000,0.080000,0.008000,0.001000,4.651250,0.086050,23.395000,0.028487,0.000000
1.009000,0.361000,0.501000,-0.542498,-0.000000,-0.542498,-0.378950,0.000000,0.378950,0.044862,0.010358,0.061423,0.061423,0.016561,0.076157,0.065799,0.030316,0.002367,-0.000043,0.077049,-0.000892,1.539047,-0.003116,1.535931,1.535931,1.535931,0.767965,0.767965,0,0,1,0,0.000000,0.080000,0.008000,0.001000,4.652500,0.086100,23.390000,0.028475,0.000000
1.018000,0.361900,0.501900,-0.546318,-0.000000,-0.546318,-0.379390,0.000000,0.379390,0.044759,0.007517,0.061204,0.061204,0.016446,0.075902,0.068385,0.030351,0.002395,0.000049,0.076550,-0.000648,1.598902,0.008173,1.607076,1.607076,1.607076,0.803538,0.803538,0,0,1,0,0.000000,0.080000,0.008000,0.001000,4.654750,0.086190,23.381000,0.028452,0.000000
1.023000,0.362400,0.502400,-0.548255,-0.000000,-0.548255,-0.379858,0.000000,0.379858,0.044779,0.007296,0.061083,0.061083,0.016304,0.075282,0.067986,0.030389,0.002410,0.000094,0.075911,-0.000629,1.589237,-0.002269,1.586969,1.586969,1.586969,0.793484,0.793484,0,0,1,0,0.000000,0.080000,0.008000,0.001000,4.656000,0.086240,23.376000,0.028440,0.000000
1.028000,0.362900,0.502900,-0.550226,-0.000000,-0.550226,-0.380655,0.000000,0.380655,0.044779,0.007296,0.060962,0.060962,0.016183,0.074738,0.067442,0.030452,0.002425,0.000159,0.075368,-0.000630,1.576191,-0.003091,1.573100,1.573100,1.573100,0.786550,0.786550,0,0,1,0,0.000000,0.080000,0.008000,0.001000,4.657250,0.086290,23.371000,0.028427,0.000000
1.033000,0.363400,0.503400,-0.552222,-0.000000,-0.552222,-0.381648,0.000000,0.381648,0.044932,0.009841,0.060841,0.060841,0.015909,0.073260,0.063420,0.030532,0.002440,0.000199,0.074110,-0.000850,1.481860,-0.022861,1.458999,1.458999,1.458999,0.729500,0.729500,0,0,1,0,0.000000,0.080000,0.008000,0.001000,4.658500,0.086340,23.366000,0.028415,0.000000
1.038000,0.363900,0.503900,-0.554240,-0.000000,-0.554240,-0.382809,0.000000,0.382809,0.044932,0.009841,0.060720,0.060720,0.015788,0.072718,0.062877,0.030625,0.002456,0.000232,0.073568,-0.000850,1.468875,-0.003080,1.465794,1.465794,1.465794,0.732897,0.732897,0,0,1,0,0.000000,0.080000,0.008000,0.001000,4.659750,0.086390,23.361000,0.028403,0.000000
1.043000,0.364400,0.504400,-0.556276,-0.000000,-0.556276,-0.384058,0.000000,0.384058,0.045196,0.013535,0.060600,0.060600,0.015404,0.070629,0.057094,0.030725,0.002471,0.000250,0.071799,-0.001170,1.333486,-0.032837,1.300649,1.300649,1.300649,0.650324,0.650324,0,0,1,0,0.000000,0.080000,0.008000,0.001000,4.661000,0.086440,23.356000,0.028390,0.000000
1.048000,0.364900,0.504900,-0.558325,-0.000000,-0.558325,-0.385386,0.000000,0.385386,0.045196,0.013535,0.060480,0.060480,0.015284,0.070087,0.056553,0.030831,0.002486,0.000266,0.071258,-0.001171,1.320565,-0.003071,1.317494,1.317494,1.317494,0.658747,0.658747,0,0,1,0,0.000000,0.080000,0.008000,0.001000,4.662250,0.086490,23.351000,0.028377,0.000000
1.057000,0.365800,0.505800,-0.562446,-0.000000,-0.562446,-0.387991,0.000000,0.387991,0.045513,0.016985,0.060265,0.060265,0.014751,0.067337,0.050352,0.031039,0.002514,0.000289,0.068808,-0.001471,1.175323,-0.019535,1.155788,1.155788,1.155788,0.577894,0.577894,0,0,1,0,0.000000,0.080000,0.008000,0.001000,4.664500,0.086580,23.342000,0.028355,0.000000
1.062000,0.366300,0.506300,-0.564503,-0.000000,-0.564503,-0.389169,0.000000,0.389169,0.045823,0.019444,0.060145,0.060145,0.014323,0.065141,0.045697,0.031134,0.002530,0.000236,0.066826,-0.001684,1.066439,-0.026387,1.040052,1.040052,1.040052,0.520026,0.520026,0,0,1,0,0.000000,0.080000,0.008000,0.001000,4.665750,0.086630,23.337000,0.028342,0.000000
1.067000,0.366800,0.506800,-0.566569,-0.000000,-0.566569,-0.390340,0.000000,0.390340,0.045823,0.019444,0.060026,0.060026,0.014203,0.064602,0.045158,0.031227,0.002545,0.000234,0.066288,-0.001685,1.053635,-0.003054,1.050581,1.050581,1.050581,0.525290,0.525290,0,0,1,0,0.000000,0.080000,0.008000,0.001000,4.667000,0.086680,23.332000,0.028330,0.000000
1.072000,0.367300,0.507300,-0.568627,-0.000000,-0.568627,-0.391352,0.000000,0.391352,0.046089,0.019872,0.059907,0.059907,0.013818,0.062784,0.042911,0.031308,0.002561,0.000202,0.064507,-0.001724,1.000994,-0.012726,0.988269,0.988269,0.988269,0.494134,0.494134,0,0,1,0,0.000000,0.080000,0.008000,0.001000,4.668250,0.086730,23.327000,0.028317,0.000000
1.077000,0.367800,0.507800,-0.570675,-0.000000,-0.570675,-0.392218,0.000000,0.392218,0.046089,0.019872,0.059789,0.059789,0.013700,0.062246,0.042374,0.031377,0.002577,0.000173,0.063970,-0.001725,0.988240,-0.003044,0.985196,0.985196,0.985196,0.492598,0.492598,0,0,1,0,0.000000,0.080000,0.008000,0.001000,4.669500,0.086780,23.322000,0.028305,0.000000
1.082000,0.368300,0.508300,-0.572712,-0.000000,-0.572712,-0.392915,0.000000,0.392915,0.046243,0.017920,0.059670,0.059670,0.013427,0.061158,0.043237,0.031433,0.002593,0.000139,0.062714,-0.001556,1.008167,0.004887,1.013054,1.013054,1.013054,0.506527,0.506527,0,0,1,0,0.000000,0.080000,0.008000,0.001000,4.670750,0.086830,23.317000,0.028292,0.000000
1.087000,0.368800,0.508800,-0.574736,-0.000000,-0.574736,-0.393451,0.000000,0.393451,0.046243,0.017920,0.059552,0.059552,0.013309,0.060622,0.042701,0.031476,0.002608,0.000107,0.062179,-0.001557,0.995453,-0.003032,0.992420,0.992420,0.992420,0.496210,0.496210,0,0,1,0,0.000000,0.080000,0.008000,0.001000,4.672000,0.086880,23.312000,0.028280,0.000000
1.092000,0.369300,0.509300,-0.576748,-0.000000,-0.576748,-0.393852,0.000000,0.393852,0.046271,0.014000,0.059434,0.059434,0.013163,0.060299,0.046299,0.031508,0.002624,0.000080,0.061516,-0.001217,1.079085,0.020338,1.099423,1.099423,1.099423,0.549712,0.549712,0,0,1,0,0.000000,0.080000,0.008000,0.001000,4.673250,0.086930,23.307000,0.028267,0.000000
1.097000,0.369800,0.509800,-0.578749,-0.000000,-0.578749,-0.394114,0.000000,0.394114,0.046271,0.014000,0.059316,0.059316,0.013046,0.059764,0.045764,0.031529,0.002640,0.000052,0.060982,-0.001218,1.066403,-0.003019,1.063384,1.063384,1.063384,0.531692,0.531692,0,0,1,0,0.000000,0.080000,0.008000,0.001000,4.674500,0.086980,23.302000,0.028255,0.000000
1.102000,0.370300,0.510300,-0.580742,-0.000000,-0.580742,-0.394303,0.000000,0.394303,0.046184,0.008944,0.059199,0.059199,0.013015,0.060076,0.051132,0.031544,0.002656,0.000038,0.060855,-0.000778,1.191215,0.030317,1.221531,1.221531,1.221531,0.610766,0.610766,0,0,1,0,0.000000,0.080000,0.008000,0.001000,4.675750,0.087030,23.297000,0.028243,0.000000
1.111000,0.371200,0.511200,-0.584709,-0.000000,-0.584709,-0.394504,0.000000,0.394504,0.046019,0.003769,0.058988,0.058988,0.012969,0.060341,0.056573,0.031560,0.002684,0.000022,0.060670,-0.000328,1.317467,0.017061,1.334528,1.334528,1.334528,0.667264,0.667264,0,0,1,0,0.000000,0.080000,0.008000,0.001000,4.678000,0.087120,23.288000,0.028220,0.000000
1.116000,0.371700,0.511700,-0.586682,-0.000000,-0.586682,-0.394502,0.000000,0.394502,0.046019,0.003769,0.058872,0.058872,0.012852,0.059811,0.056042,0.031560,0.002700,-0.000000,0.060140,-0.000329,1.304836,-0.002992,1.301844,1.301844,1.301844,0.650922,0.650922,0,0,1,0,0.000000,0.080000,0.008000,0.001000,4.679250,0.087170,23.283000,0.028207,0.000000
1.121000,0.372200,0.512200,-0.588668,-0.000000,-0.588668,-0.394653,0.000000,0.394653,0.045823,-0.000475,0.058755,0.058755,0.012932,0.060568,0.061043,0.031572,0.002716,0.000030,0.060527,0.000041,1.420963,0.028199,1.449163,1.449163,1.449163,0.724581,0.724581,0,0,1,0,0.000000,0.080000,0.008000,0.001000,4.680500,0.087220,23.278000,0.028195,0.000000
1.126000,0.372700,0.512700,-0.590658,-0.000000,-0.590658,-0.394839,0.000000,0.394839,0.045823,-0.000475,0.058639,0.058639,0.012815,0.060040,0.060515,0.031587,0.002731,0.000037,0.059999,0.000041,1.408363,-0.002978,1.405385,1.405385,1.405385,0.702693,0.702693,0,0,1,0,0.000000,0.080000,0.008000,0.001000,4.681750,0.087270,23.273000,0.028182,0.000000
1.131000,0.373200,0.513200,-0.592658,-0.000000,-0.592658,-0.395133,0.000000,0.395133,0.045650,-0.003261,0.058523,0.058523,0.012873,0.060569,0.063830,0.031611,0.002747,0.000059,0.060284,0.000285,1.485192,0.018676,1.503869,1.503869,1.503869,0.751934,0.751934,0,0,1,0,0.000000,0.080000,0.008000,0.001000,4.683000,0.087320,23.268000,0.028170,0.000000
1.136000,0.373700,0.513700,-0.594667,-0.000000,-0.594667,-0.395501,0.000000,0.395501,0.045650,-0.003261,0.058407,0.058407,0.012757,0.060043,0.063303,0.031640,0.002763,0.000074,0.059758,0.000285,1.472629,-0.002964,1.469665,1.469665,1.469665,0.734832,0.734832,0,0,1,0,0.000000,0.080000,0.008000,0.001000,4.684250,0.087370,23.263000,0.028157,0.000000
1.141000,0.374200,0.514200,-0.596688,-0.000000,-0.596688,-0.395988,0.000000,0.395988,0.045527,-0.004355,0.058291,0.058291,0.012764,0.060185,0.064540,0.031679,0.002779,0.000097,0.059804,0.000381,1.501070,0.006960,1.508031,1.508031,1.508031,0.754015,0.754015,0,0,1,0,0.000000,0.080000,0.008000,0.001000,4.685500,0.087420,23.258000,0.028145,0.000000
1.146000,0.374700,0.514700,-0.598722,-0.000000,-0.598722,-0.396566,0.000000,0.396566,0.045527,-0.004355,0.058176,0.058176,0.012648,0.059660,0.064015,0.031725,0.002795,0.000116,0.059280,0.000381,1.488551,-0.002951,1.485600,1.485600,1.485600,0.742800,0.742800,0,0,1,0,0.000000,0.080000,0.008000,0.001000,4.686750,0.087470,23.253000,0.028132,0.000000
1.151000,0.375200,0.515200,-0.600767,-0.000000,-0.600767,-0.397247,0.000000,0.397247,0.045474,-0.003926,0.058061,0.058061,0.012587,0.059350,0.063277,0.031780,0.002811,0.000136,0.059007,0.000344,1.471057,-0.004155,1.466903,1.466903,1.466903,0.733451,0.733451,0,0,1,0,0.000000,0.080000,0.008000,0.001000,4.688000,0.087520,23.248000,0.028120,0.000000
1.160000,0.376100,0.516100,-0.602826,-0.000000,-0.602826,-0.398009,0.000000,0.398009,0.045487,-0.002460,0.057854,0.057854,0.012367,0.058222,0.060682,0.031841,0.002839,0.000085,0.058006,0.000216,1.410191,-0.008100,1.402091,1.402091,1.402091,0.701045,0.701045,0,0,1,0,0.000000,0.080000,0.008000,0.001000,4.690250,0.087610,23.239000,0.028097,0.000000
1.165000,0.376600,0.516600,-0.604894,-0.000000,-0.604894,-0.398834,0.000000,0.398834,0.045487,-0.002460,0.057740,0.057740,0.012253,0.057700,0.060161,0.031907,0.002855,0.000165,0.057484,0.000216,1.397770,-0.002930,1.394840,1.394840,1.394840,0.697420,0.697420,0,0,1,0,0.000000,0.080000,0.008000,0.001000,4.691500,0.087660,23.234000,0.028085,0.000000
1.170000,0.377100,0.517100,-0.606963,-0.000000,-0.606963,-0.399617,0.000000,0.399617,0.045543,-0.000548,0.057625,0.057625,0.012082,0.056748,0.057296,0.031969,0.002871,0.000156,0.056700,0.000048,1.330927,-0.016083,1.314843,1.314843,1.314843,0.657422,0.657422,0,0,1,0,0.000000,0.080000,0.008000,0.001000,4.692750,0.087710,23.229000,0.028073,0.000000
1.175000,0.377600,0.517600,-0.609049,-0.000000,-0.609049,-0.400517,0.000000,0.400517,0.045543,-0.000548,0.057511,0.057511,0.011968,0.056228,0.056776,0.032041,0.002887,0.000180,0.056180,0.000048,1.318560,-0.002919,1.315641,1.315641,1.315641,0.657821,0.657821,0,0,1,0,0.000000,0.080000,0.008000,0.001000,4.694000,0.087760,23.224000,0.028060,0.000000
1.180000,0.378100,0.518100,-0.611141,-0.000000,-0.611141,-0.401431,0.000000,0.401431,0.045626,0.000316,0.057397,0.057397,0.011772,0.055244,0.054928,0.032114,0.002903,0.000183,0.055272,-0.000028,1.275363,-0.010368,1.264995,1.264995,1.264995,0.632498,0.632498,0,0,1,0,0.000000,0.080000,0.008000,0.001000,4.695250,0.087810,23.219000,0.028047,0.000000
1.185000,0.378600,0.518600,-0.613236,-0.000000,-0.613236,-0.402314,0.000000,0.402314,0.045626,0.001094,0.057284,0.057284,0.011658,0.054657,0.053562,0.032185,0.002919,0.000177,0.054753,-0.000096,1.243400,-0.007654,1.235746,1.235746,1.235746,0.617873,0.617873,0,0,1,0,0.000000,0.080000,0.008000,0.001000,4.696500,0.087860,23.214000,0.028035,0.000000
1.190000,0.379100,0.519100,-0.615332,-0.000000,-0.615332,-0.403168,0.000000,0.403168,0.045626,0.001094,0.057170,0.057170,0.011545,0.054139,0.053045,0.032253,0.002935,0.000171,0.054235,-0.000096,1.231110,-0.002903,1.228207,1.228207,1.228207,0.614103,0.614103,0,0,1,0,0.000000,0.080000,0.008000,0.001000,4.697750,0.087910,23.209000,0.028022,0.000000
1.195000,0.379600,0.519600,-0.617438,-0.000000,-0.617438,-0.404055,0.000000,0.404055,0.045702,0.002149,0.057057,0.057057,0.011355,0.053170,0.051021,0.032324,0.002952,0.000177,0.053359,-0.000189,1.183883,-0.011338,1.172545,1.172545,1.172545,0.586273,0.586273,0,0,1,0,0.000000,0.080000,0.008000,0.001000,4.699000,0.087960,23.204000,0.028010,0.000000
1.200000,0.380100,0.520100,-0.619540,-0.000000,-0.619540,-0.404855,0.000000,0.404855,0.045702,0.002149,0.056944,0.056944,0.011243,0.052653,0.050504,0.032388,0.002968,0.000160,0.052843,-0.000189,1.171643,-0.002893,1.168751,1.168751,1.168751,0.584375,0.584375,0,0,1,0,0.000000,0.080000,0.008000,0.001000,4.700250,0.088010,23.199000,0.027997,0.000000
1.205000,0.380600,0.520600,-0.621636,-0.000000,-0.621636,-0.405547,0.000000,0.405547,0.045738,0.001898,0.056832,0.056832,0.011094,0.051990,0.050092,0.032444,0.002984,0.000138,0.052157,-0.000167,1.161829,-0.002307,1.159522,1.159522,1.159522,0.579761,0.579761,0,0,1,0,0.000000,0.080000,0.008000,0.001000,4.701500,0.088060,23.194000,0.027985,0.000000
1.210000,0.381100,0.521100,-0.623725,-0.000000,-0.623725,-0.406136,0.000000,0.406136,0.045738,0.001898,0.056719,0.056719,0.010981,0.051474,0.049577,0.032491,0.003000,0.000118,0.051642,-0.000167,1.149634,-0.002882,1.146753,1.146753,1.146753,0.573376,0.573376,0,0,1,0,0.000000,0.080000,0.008000,0.001000,4.702750,0.088110,23.189000,0.027972,0.000000
1.219000,0.382000,0.522000,-0.627882,-0.000000,-0.627882,-0.407018,0.000000,0.407018,0.045708,0.000401,0.056517,0.056517,0.010809,0.050821,0.050420,0.032561,0.003030,0.000098,0.050856,-0.000035,1.168735,0.002619,1.171353,1.171353,1.171353,0.585677,0.585677,0,0,1,0,0.000000,0.080000,0.008000,0.001000,4.705000,0.088200,23.180000,0.027950,0.000000
1.224000,0.382500,0.522500,-0.629940,-0.000000,-0.629940,-0.407217,0.000000,0.407217,0.045603,-0.002376,0.056406,0.056406,0.010803,0.051050,0.053426,0.032577,0.003046,0.000040,0.050840,0.000210,1.238150,0.016797,1.254947,1.254947,1.254947,0.627473,0.627473,0,0,1,0,0.000000,0.080000,0.008000,0.001000,4.706250,0.088250,23.175000,0.027937,0.000000
1.229000,0.383000,0.523000,-0.632001,-0.000000,-0.632001,-0.407448,0.000000,0.407448,0.045603,-0.002376,0.056294,0.056294,0.010691,0.050538,0.052914,0.032596,0.003062,0.000046,0.050329,0.000210,1.226024,-0.002858,1.223166,1.223166,1.223166,0.611583,0.611583,0,0,1,0,0.000000,0.080000,0.008000,0.001000,4.707500,0.088300,23.170000,0.027925,0.000000
1.234000,0.383500,0.523500,-0.634060,-0.000000,-0.634060,-0.407658,0.000000,0.407658,0.045445,-0.005168,0.056183,0.056183,0.010737,0.051015,0.056183,0.032613,0.003078,0.000042,0.050559,0.000457,1.301475,0.018247,1.319722,1.319722,1.319722,0.659861,0.659861,0,0,1,0,0.000000,0.080000,0.008000,0.001000,4.708750,0.088350,23.165000,0.027912,0.000000
1.239000,0.384000,0.524000,-0.636117,-0.000000,-0.636117,-0.407845,0.000000,0.407845,0.045445,-0.005168,0.056071,0.056071,0.010626,0.050505,0.055673,0.032628,0.003095,0.000037,0.050048,0.000457,1.289384,-0.002846,1.286538,1.286538,1.286538,0.643269,0.643269,0,0,1,0,0.000000,0.080000,0.008000,0.001000,4.710000,0.088400,23.160000,0.027900,0.000000
1.244000,0.384500,0.524500,-0.638174,-0.000000,-0.638174,-0.408039,0.000000,0.408039,0.045261,-0.007729,0.055960,0.055960,0.010700,0.051093,0.058822,0.032643,0.003111,0.000039,0.050409,0.000684,1.362021,0.017564,1.379584,1.379584,1.379584,0.689792,0.689792,0,0,1,0,0.000000,0.080000,0.008000,0.001000,4.711250,0.088450,23.155000,0.027887,0.000000
1.249000,0.385000,0.525000,-0.640233,-0.000000,-0.640233,-0.408233,0.000000,0.408233,0.045261,-0.007729,0.055850,0.055850,0.010589,0.050585,0.058314,0.032659,0.003127,0.000039,0.049901,0.000684,1.349964,-0.002833,1.347132,1.347132,1.347132,0.673566,0.673566,0,0,1,0,0.000000,0.080000,0.008000,0.001000,4.712500,0.088500,23.150000,0.027875,0.000000
1.254000,0.385500,0.525500,-0.642296,-0.000000,-0.642296,-0.408475,0.000000,0.408475,0.045074,-0.009649,0.055739,0.055739,0.010665,0.051128,0.060777,0.032678,0.003144,0.000048,0.050274,0.000854,1.406685,0.013727,1.420412,1.420412,1.420412,0.710206,0.710206,0,0,1,0,0.000000,0.080000,0.008000,0.001000,4.713750,0.088550,23.145000,0.027862,0.000000
1.259000,0.386000,0.526000,-0.644364,-0.000000,-0.644364,-0.408745,0.000000,0.408745,0.045074,-0.009649,0.055629,0.055629,0.010555,0.050622,0.060271,0.032700,0.003160,0.000054,0.049767,0.000855,1.394667,-0.002820,1.391847,1.391847,1.391847,0.695923,0.695923,0,0,1,0,0.000000,0.080000,0.008000,0.001000,4.715000,0.088600,23.140000,0.027850,0.000000
1.268000,0.386900,0.526900,-0.648519,-0.000000,-0.648519,-0.409453,0.000000,0.409453,0.044906,-0.010705,0.055431,0.055431,0.010525,0.050599,0.061303,0.032756,0.003190,0.000079,0.049649,0.000949,1.418010,0.003193,1.421203,1.421203,1.421203,0.710602,0.710602,0,0,1,0,0.000000,0.080000,0.008000,0.001000,4.717250,0.088690,23.131000,0.027827,0.000000
1.273000,0.387400,0.527400,-0.650595,-0.000000,-0.650595,-0.409765,0.000000,0.409765,0.044762,-0.011273,0.055321,0.055321,0.010559,0.050823,0.062096,0.032781,0.003206,0.000062,0.049822,0.001000,1.436027,0.004408,1.440435,1.440435,1.440435,0.720218,0.720218,0,0,1,0,0.000000,0.080000,0.008000,0.001000,4.718500,0.088740,23.126000,0.027815,0.000000
1.278000,0.387900,0.527900,-0.652687,-0.000000,-0.652687,-0.410230,0.000000,0.410230,0.044762,-0.011273,0.055212,0.055212,0.010449,0.050320,0.061593,0.032818,0.003222,0.000093,0.049319,0.001001,1.424088,-0.002797,1.421291,1.421291,1.421291,0.710645,0.710645,0,0,1,0,0.000000,0.080000,0.008000,0.001000,4.719750,0.088790,23.121000,0.027802,0.000000
1.283000,0.388400,0.528400,-0.654788,-0.000000,-0.654788,-0.410753,0.000000,0.410753,0.044658,-0.010757,0.055102,0.055102,0.010445,0.050265,0.061022,0.032860,0.003239,0.000105,0.049309,0.000956,1.410587,-0.003172,1.407415,1.407415,1.407415,0.703707,0.703707,0,0,1,0,0.000000,0.080000,0.008000,0.001000,4.721000,0.088840,23.116000,0.027790,0.000000
1.288000,0.388900,0.528900,-0.656895,-0.000000,-0.656895,-0.411319,0.000000,0.411319,0.044658,-0.010757,0.054993,0.054993,0.010336,0.049764,0.060521,0.032906,0.003255,0.000113,0.048807,0.000956,1.398694,-0.002786,1.395908,1.395908,1.395908,0.697954,0.697954,0,0,1,0,0.000000,0.080000,0.008000,0.001000,4.722250,0.088890,23.111000,0.027777,0.000000
1.293000,0.389400,0.529400,-0.659009,-0.000000,-0.659009,-0.411918,0.000000,0.411918,0.044590,-0.009758,0.054885,0.054885,0.010295,0.049496,0.059254,0.032953,0.003272,0.000120,0.048628,0.000868,1.369124,-0.007034,1.362090,1.362090,1.362090,0.681045,0.681045,0,0,1,0,0.000000,0.080000,0.008000,0.001000,4.723500,0.088940,23.106000,0.027765,0.000000
1.298000,0.389900,0.529900,-0.661129,-0.000000,-0.661129,-0.412540,0.000000,0.412540,0.044590,-0.009758,0.054776,0.054776,0.010186,0.048996,0.058754,0.033003,0.003288,0.000124,0.048128,0.000868,1.357279,-0.002775,1.354505,1.354505,1.354505,0.677252,0.677252,0,0,1,0,0.000000,0.080000,0.008000,0.001000,4.724750,0.088990,23.101000,0.027752,0.000000
1.303000,0.390400,0.530400,-0.663253,-0.000000,-0.663253,-0.413165,0.000000,0.413165,0.044544,-0.008668,0.054667,0.054667,0.010123,0.048614,0.057282,0.033053,0.003305,0.000125,0.047843,0.000772,1.322992,-0.008166,1.314826,1.314826,1.314826,0.657413,0.657413,0,0,1,0,0.000000,0.080000,0.008000,0.001000,4.726000,0.089040,23.096000,0.027740,0.000000
1.308000,0.390900,0.530900,-0.665380,-0.000000,-0.665380,-0.413788,0.000000,0.413788,0.044544,-0.008668,0.054559,0.054559,0.010015,0.048116,0.056784,0.033103,0.003321,0.000125,0.047344,0.000772,1.311196,-0.002764,1.308432,1.308432,1.308432,0.654216,0.654216,0,0,1,0,0.000000,0.080000,0.008000,0.001000,4.727250,0.089090,23.091000,0.027727,0.000000
1.313000,0.391400,0.531400,-0.667509,-0.000000,-0.667509,-0.414388,0.000000,0.414388,0.044504,-0.007848,0.054451,0.054451,0.009947,0.047736,0.055584,0.033151,0.003338,0.000120,0.047037,0.000700,1.283205,-0.006652,1.276553,1.276553,1.276553,0.638276,0.638276,0,0,1,0,0.000000,0.080000,0.008000,0.001000,4.728500,0.089140,23.086000,0.027715,0.000000
1.322000,0.392300,0.532300,-0.671767,-0.000000,-0.671767,-0.415499,0.000000,0.415499,0.044451,-0.007551,0.054257,0.054257,0.009807,0.047066,0.054617,0.033240,0.003368,0.000123,0.046392,0.000674,1.260401,-0.002974,1.257427,1.257427,1.257427,0.628713,0.628713,0,0,1,0,0.000000,0.080000,0.008000,0.001000,4.730750,0.089230,23.077000,0.027692,0.000000
1.327000,0.392800,0.532800,-0.673884,-0.000000,-0.673884,-0.415892,0.000000,0.415892,0.044451,-0.007551,0.054150,0.054150,0.009699,0.046570,0.054122,0.033271,0.003384,0.000079,0.045896,0.000674,1.248692,-0.002744,1.245948,1.245948,1.245948,0.622974,0.622974,0,0,1,0,0.000000,0.080000,0.008000,0.001000,4.732000,0.089280,23.072000,0.027680,0.000000
1.332000,0.393300,0.533300,-0.676009,-0.000000,-0.676009,-0.416342,0.000000,0.416342,0.044367,-0.007847,0.054043,0.054043,0.009676,0.046499,0.054346,0.033307,0.003401,0.000090,0.045798,0.000701,1.253608,0.001244,1.254852,1.254852,1.254852,0.627426,0.627426,0,0,1,0,0.000000,0.080000,0.008000,0.001000,4.733250,0.089330,23.067000,0.027667,0.000000
1.337000,0.393800,0.533800,-0.678132,-0.000000,-0.678132,-0.416747,0.000000,0.416747,0.044367,-0.007847,0.053936,0.053936,0.009569,0.046005,0.053852,0.033340,0.003418,0.000081,0.045304,0.000701,1.241941,-0.002733,1.239208,1.239208,1.239208,0.619604,0.619604,0,0,1,0,0.000000,0.080000,0.008000,0.001000,4.734500,0.089380,23.062000,0.027655,0.000000
1.342000,0.394300,0.534300,-0.680254,-0.000000,-0.680254,-0.417112,0.000000,0.417112,0.044257,-0.008707,0.053829,0.053829,0.009572,0.046109,0.054816,0.033369,0.003434,0.000073,0.045330,0.000779,1.263902,0.005330,1.269233,1.269233,1.269233,0.634616,0.634616,0,0,1,0,0.000000,0.080000,0.008000,0.001000,4.735750,0.089430,23.057000,0.027642,0.000000
1.347000,0.394800,0.534800,-0.682372,-0.000000,-0.682372,-0.417433,0.000000,0.417433,0.044257,-0.008707,0.053722,0.053722,0.009465,0.045617,0.054324,0.033395,0.003451,0.000064,0.044837,0.000779,1.252275,-0.002722,1.249554,1.249554,1.249554,0.624777,0.624777,0,0,1,0,0.000000,0.080000,0.008000,0.001000,4.737000,0.089480,23.052000,0.027630,0.000000
1.352000,0.395300,0.535300,-0.684490,-0.000000,-0.684490,-0.417729,0.000000,0.417729,0.044115,-0.009969,0.053616,0.053616,0.009501,0.045910,0.055879,0.033418,0.003468,0.000059,0.045018,0.000893,1.287840,0.008589,1.296429,1.296429,1.296429,0.648214,0.648214,0,0,1,0,0.000000,0.080000,0.008000,0.001000,4.738250,0.089530,23.047000,0.027617,0.000000
1.361000,0.396200,0.536200,-0.688720,-0.000000,-0.688720,-0.418245,0.000000,0.418245,0.043947,-0.011397,0.053425,0.053425,0.009478,0.045951,0.057348,0.033460,0.003498,0.000057,0.044929,0.001021,1.321182,0.004504,1.325687,1.325687,1.325687,0.662843,0.662843,0,0,1,0,0.000000,0.080000,0.008000,0.001000,4.740500,0.089620,23.038000,0.027595,0.000000
1.366000,0.396700,0.536700,-0.690825,-0.000000,-0.690825,-0.418385,0.000000,0.418385,0.043947,-0.011397,0.053319,0.053319,0.009372,0.045461,0.056859,0.033471,0.003515,0.000028,0.044439,0.001022,1.309625,-0.002699,1.306926,1.306926,1.306926,0.653463,0.653463,0,0,1,0,0.000000,0.080000,0.008000,0.001000,4.741750,0.089670,23.033000,0.027582,0.000000
1.371000,0.397200,0.537200,-0.692942,-0.000000,-0.692942,-0.418638,0.000000,0.418638,0.043761,-0.012681,0.053214,0.053214,0.009453,0.045971,0.058652,0.033491,0.003531,0.000051,0.044834,0.001138,1.350647,0.009891,1.360538,1.360538,1.360538,0.680269,0.680269,0,0,1,0,0.000000,0.080000,0.008000,0.001000,4.743000,0.089720,23.028000,0.027570,0.000000
1.376000,0.397700,0.537700,-0.695060,-0.000000,-0.695060,-0.418889,0.000000,0.418889,0.043761,-0.012681,0.053108,0.053108,0.009347,0.045484,0.058165,0.033511,0.003548,0.000050,0.044345,0.001138,1.339128,-0.002687,1.336440,1.336440,1.336440,0.668220,0.668220,0,0,1,0,0.000000,0.080000,0.008000,0.001000,4.744250,0.089770,23.023000,0.027557,0.000000
1.381000,0.398200,0.538200,-0.697181,-0.000000,-0.697181,-0.419167,0.000000,0.419167,0.043578,-0.013683,0.053003,0.053003,0.009425,0.045956,0.059639,0.033533,0.003565,0.000056,0.044727,0.001229,1.372777,0.008123,1.380901,1.380901,1.380901,0.690450,0.690450,0,0,1,0,0.000000,0.080000,0.008000,0.001000,4.745500,0.089820,23.018000,0.027545,0.000000
1.386000,0.398700,0.538700,-0.699305,-0.000000,-0.699305,-0.419456,0.000000,0.419456,0.043578,-0.013683,0.052898,0.052898,0.009320,0.045470,0.059153,0.033556,0.003582,0.000058,0.044240,0.001230,1.361296,-0.002676,1.358621,1.358621,1.358621,0.679310,0.679310,0,0,1,0,0.000000,0.080000,0.008000,0.001000,4.746750,0.089870,23.013000,0.027532,0.000000
1.391000,0.399200,0.539200,-0.701432,-0.000000,-0.701432,-0.419777,0.000000,0.419777,0.043402,-0.014299,0.052793,0.052793,0.009392,0.045878,0.060176,0.033582,0.003599,0.000064,0.044592,0.001286,1.384536,0.005630,1.390166,1.390166,1.390166,0.695083,0.695083,0,0,1,0,0.000000,0.080000,0.008000,0.001000,4.748000,0.089920,23.008000,0.027520,0.000000
1.396000,0.399700,0.539700,-0.703564,-0.000000,-0.703564,-0.420118,0.000000,0.420118,0.043402,-0.014299,0.052689,0.052689,0.009287,0.045393,0.059692,0.033609,0.003615,0.000068,0.044107,0.001286,1.373095,-0.002664,1.370430,1.370430,1.370430,0.685215,0.685215,0,0,1,0,0.000000,0.080000,0.008000,0.001000,4.749250,0.089970,23.003000,0.027507,0.000000
1.405000,0.400600,0.540600,-0.705700,-0.000000,-0.705700,-0.420510,0.000000,0.420510,0.043239,-0.014569,0.052483,0.052483,0.009244,0.045236,0.059805,0.033641,0.003646,0.000044,0.043924,0.001312,1.375160,0.000346,1.375506,1.375506,1.375506,0.687753,0.687753,0,0,1,0,0.000000,0.080000,0.008000,0.001000,4.751500,0.090060,22.994000,0.027485,0.000000
1.410000,0.401100,0.541100,-0.709974,-0.000000,-0.709974,-0.421203,0.000000,0.421203,0.043084,-0.014735,0.052364,0.052364,0.009279,0.045430,0.060165,0.033696,0.003662,0.000139,0.044102,0.001328,1.383135,0.001978,1.385113,1.385113,1.385113,0.692556,0.692556,0,0,1,0,0.000000,0.080000,0.008000,0.001000,4.752750,0.090110,22.989000,0.027472,0.000000
1.415000,0.401600,0.541600,-0.709974,-0.000000,-0.709974,-0.421203,0.000000,0.421203,0.043084,-0.014735,0.052245,0.052245,0.009160,0.044877,0.059612,0.033696,0.003679,0.000000,0.043548,0.001329,1.370127,-0.003037,1.367090,1.367090,1.367090,0.683545,0.683545,0,0,1,0,0.000000,0.080000,0.008000,0.001000,4.754000,0.090160,22.984000,0.027460,0.000000
1.420000,0.402100,0.542100,-0.712121,-0.000000,-0.712121,-0.421628,0.000000,0.421628,0.042948,-0.014551,0.052126,0.052126,0.009178,0.044954,0.059505,0.033730,0.003696,0.000085,0.043642,0.001313,1.367367,-0.000588,1.366779,1.366779,1.366779,0.683390,0.683390,0,0,1,0,0.000000,0.080000,0.008000,0.001000,4.755250,0.090210,22.979000,0.027447,0.000000
1.425000,0.402600,0.542600,-0.716427,-0.000000,-0.716427,-0.422534,0.000000,0.422534,0.042948,-0.014385,0.052008,0.052008,0.009059,0.044388,0.058773,0.033803,0.003713,0.000181,0.043090,0.001298,1.350249,-0.004017,1.346232,1.346232,1.346232,0.673116,0.673116,0,0,1,0,0.000000,0.080000,0.008000,0.001000,4.756500,0.090260,22.974000,0.027435,0.000000
1.430000,0.403100,0.543100,-0.716427,-0.000000,-0.716427,-0.422534,0.000000,0.422534,0.042948,-0.014385,0.051889,0.051889,0.008941,0.043838,0.058223,0.033803,0.003730,0.000000,0.042539,0.001299,1.337313,-0.003019,1.334294,1.334294,1.334294,0.667147,0.667147,0,0,1,0,0.000000,0.080000,0.008000,0.001000,4.757750,0.090310,22.969000,0.027422,0.000000
1.435000,0.403600,0.543600,-0.718585,-0.000000,-0.718585,-0.423001,0.000000,0.423001,0.042824,-0.013955,0.051771,0.051771,0.008948,0.043843,0.057798,0.033840,0.003747,0.000093,0.042582,0.001261,1.327264,-0.002330,1.324934,1.324934,1.324934,0.662467,0.662467,0,0,1,0,0.000000,0.080000,0.008000,0.001000,4.759000,0.090360,22.964000,0.027410,0.000000
1.440000,0.404100,0.544100,-0.720746,-0.000000,-0.720746,-0.423466,0.000000,0.423466,0.042824,-0.013955,0.051654,0.051654,0.008830,0.043294,0.057249,0.033877,0.003764,0.000093,0.042033,0.001262,1.314377,-0.003007,1.311370,1.311370,1.311370,0.655685,0.655685,0,0,1,0,0.000000,0.080000,0.008000,0.001000,4.760250,0.090410,22.959000,0.027397,0.000000
1.445000,0.404600,0.544600,-0.722919,-0.000000,-0.722919,-0.424024,0.000000,0.424024,0.042706,-0.013487,0.051536,0.051536,0.008830,0.043262,0.056749,0.033922,0.003781,0.000112,0.042042,0.001220,1.302625,-0.002736,1.299889,1.299889,1.299889,0.649945,0.649945,0,0,1,0,0.000000,0.080000,0.008000,0.001000,4.761500,0.090460,22.954000,0.027385,0.000000
1.454000,0.405500,0.545500,-0.727262,-0.000000,-0.727262,-0.425017,0.000000,0.425017,0.042580,-0.013500,0.051325,0.051325,0.008745,0.042882,0.056382,0.034001,0.003811,0.000110,0.041660,0.001222,1.293692,-0.001116,1.292576,1.292576,1.292576,0.646288,0.646288,0,0,1,0,0.000000,0.080000,0.008000,0.001000,4.763750,0.090550,22.945000,0.027362,0.000000
1.459000,0.406000,0.546000,-0.729420,-0.000000,-0.729420,-0.425345,0.000000,0.425345,0.042580,-0.013500,0.051208,0.051208,0.008628,0.042337,0.055837,0.034028,0.003828,0.000066,0.041114,0.001223,1.280895,-0.002984,1.277911,1.277911,1.277911,0.638956,0.638956,0,0,1,0,0.000000,0.080000,0.008000,0.001000,4.765000,0.090600,22.940000,0.027350,0.000000
1.464000,0.406500,0.546500,-0.731586,-0.000000,-0.731586,-0.425740,0.000000,0.425740,0.042425,-0.013943,0.051091,0.051091,0.008666,0.042568,0.056511,0.034059,0.003845,0.000079,0.041304,0.001264,1.296090,0.003689,1.299779,1.299779,1.299779,0.649889,0.649889,0,0,1,0,0.000000,0.080000,0.008000,0.001000,4.766250,0.090650,22.935000,0.027337,0.000000
1.469000,0.407000,0.547000,-0.733751,-0.000000,-0.733751,-0.426093,0.000000,0.426093,0.042425,-0.013943,0.050975,0.050975,0.008550,0.042024,0.055968,0.034087,0.003862,0.000071,0.040760,0.001265,1.283339,-0.002972,1.280367,1.280367,1.280367,0.640183,0.640183,0,0,1,0,0.000000,0.080000,0.008000,0.001000,4.767500,0.090700,22.930000,0.027325,0.000000
1.474000,0.407500,0.547500,-0.735914,-0.000000,-0.735914,-0.426418,0.000000,0.426418,0.042252,-0.014753,0.050859,0.050859,0.008606,0.042380,0.057133,0.034113,0.003880,0.000065,0.041041,0.001339,1.309767,0.006364,1.316132,1.316132,1.316132,0.658066,0.658066,0,0,1,0,0.000000,0.080000,0.008000,0.001000,4.768750,0.090750,22.925000,0.027312,0.000000
1.479000,0.408000,0.548000,-0.738076,-0.000000,-0.738076,-0.426708,0.000000,0.426708,0.042252,-0.014753,0.050743,0.050743,0.008490,0.041838,0.056591,0.034137,0.003897,0.000058,0.040498,0.001340,1.297059,-0.002959,1.294100,1.294100,1.294100,0.647050,0.647050,0,0,1,0,0.000000,0.080000,0.008000,0.001000,4.770000,0.090800,22.920000,0.027300,0.000000
1.484000,0.408500,0.548500,-0.740237,-0.000000,-0.740237,-0.426984,0.000000,0.426984,0.042058,-0.015770,0.050627,0.050627,0.008569,0.042318,0.058088,0.034159,0.003914,0.000055,0.040886,0.001433,1.331087,0.008171,1.339258,1.339258,1.339258,0.669629,0.669629,0,0,1,0,0.000000,0.080000,0.008000,0.001000,4.771250,0.090850,22.915000,0.027287,0.000000
1.489000,0.409000,0.549000,-0.742397,-0.000000,-0.742397,-0.427236,0.000000,0.427236,0.042058,-0.015770,0.050511,0.050511,0.008454,0.041778,0.057548,0.034179,0.003931,0.000050,0.040345,0.001433,1.318420,-0.002947,1.315473,1.315473,1.315473,0.657737,0.657737,0,0,1,0,0.000000,0.080000,0.008000,0.001000,4.772500,0.090900,22.910000,0.027275,0.000000
1.494000,0.409500,0.549500,-0.744558,-0.000000,-0.744558,-0.427489,0.000000,0.427489,0.041848,-0.016811,0.050396,0.050396,0.008548,0.042336,0.059147,0.034199,0.003948,0.000051,0.040807,0.001529,1.354751,0.008717,1.363468,1.363468,1.363468,0.681734,0.681734,0,0,1,0,0.000000,0.080000,0.008000,0.001000,4.773750,0.090950,22.905000,0.027262,0.000000
1.499000,0.410000,0.550000,-0.746720,-0.000000,-0.746720,-0.427731,0.000000,0.427731,0.041848,-0.016811,0.050281,0.050281,0.008433,0.041797,0.058608,0.034218,0.003965,0.000048,0.040267,0.001530,1.342126,-0.002934,1.339192,1.339192,1.339192,0.669596,0.669596,0,0,1,0,0.000000,0.080000,0.008000,0.001000,4.775000,0.091000,22.900000,0.027250,0.000000
1.508000,0.410900,0.550900,-0.751048,-0.000000,-0.751048,-0.428244,0.000000,0.428244,0.041631,-0.017709,0.050074,0.050074,0.008443,0.041947,0.059656,0.034259,0.003996,0.000057,0.040334,0.001613,1.365583,0.003170,1.368753,1.368753,1.368753,0.684376,0.684376,0,0,1,0,0.000000,0.080000,0.008000,0.001000,4.777250,0.091090,22.891000,0.027227,0.000000
1.513000,0.411400,0.551400,-0.753203,-0.000000,-0.753203,-0.428392,0.000000,0.428392,0.041407,-0.018718,0.049959,0.049959,0.008552,0.042571,0.061289,0.034271,0.004013,0.000030,0.040865,0.001706,1.402663,0.008890,1.411553,1.411553,1.411553,0.705776,0.705776,0,0,1,0,0.000000,0.080000,0.008000,0.001000,4.778500,0.091140,22.886000,0.027215,0.000000
1.518000,0.411900,0.551900,-0.755371,-0.000000,-0.755371,-0.428663,0.000000,0.428663,0.041407,-0.018718,0.049845,0.049845,0.008438,0.042036,0.060754,0.034293,0.004030,0.000054,0.040329,0.001707,1.390117,-0.002910,1.387207,1.387207,1.387207,0.693603,0.693603,0,0,1,0,0.000000,0.080000,0.008000,0.001000,4.779750,0.091190,22.881000,0.027202,0.000000
1.523000,0.412400,0.552400,-0.757544,-0.000000,-0.757544,-0.428971,0.000000,0.428971,0.041194,-0.019038,0.049731,0.049731,0.008537,0.042551,0.061589,0.034318,0.004047,0.000062,0.040814,0.001737,1.408911,0.004540,1.413451,1.413451,1.413451,0.706725,0.706725,0,0,1,0,0.000000,0.080000,0.008000,0.001000,4.781000,0.091240,22.876000,0.027190,0.000000
1.528000,0.412900,0.552900,-0.759720,-0.000000,-0.759720,-0.429301,0.000000,0.429301,0.041194,-0.019038,0.049617,0.049617,0.008423,0.042018,0.061056,0.034344,0.004064,0.000066,0.040280,0.001738,1.396409,-0.002898,1.393511,1.393511,1.393511,0.696756,0.696756,0,0,1,0,0.000000,0.080000,0.008000,0.001000,4.782250,0.091290,22.871000,0.027177,0.000000
1.533000,0.413400,0.553400,-0.761901,-0.000000,-0.761901,-0.429665,0.000000,0.429665,0.040998,-0.018969,0.049503,0.049503,0.008505,0.042416,0.061386,0.034373,0.004082,0.000073,0.040684,0.001733,1.403651,0.001793,1.405444,1.405444,1.405444,0.702722,0.702722,0,0,1,0,0.000000,0.080000,0.008000,0.001000,4.783500,0.091340,22.866000,0.027165,0.000000
1.538000,0.413900,0.553900,-0.764086,-0.000000,-0.764086,-0.430048,0.000000,0.430048,0.040998,-0.018969,0.049390,0.049390,0.008392,0.041885,0.060855,0.034404,0.004099,0.000077,0.040151,0.001734,1.391195,-0.002886,1.388309,1.388309,1.388309,0.694154,0.694154,0,0,1,0,0.000000,0.080000,0.008000,0.001000,4.784750,0.091390,22.861000,0.027152,0.000000
1.543000,0.414400,0.554400,-0.766276,-0.000000,-0.766276,-0.430455,0.000000,0.430455,0.040819,-0.018627,0.049276,0.049276,0.008458,0.042182,0.060809,0.034436,0.004116,0.000082,0.040479,0.001703,1.389854,-0.000246,1.389608,1.389608,1.389608,0.694804,0.694804,0,0,1,0,0.000000,0.080000,0.008000,0.001000,4.786000,0.091440,22.856000,0.027140,0.000000
1.548000,0.414900,0.554900,-0.768469,-0.000000,-0.768469,-0.430876,0.000000,0.430876,0.040819,-0.018627,0.049163,0.049163,0.008345,0.041652,0.060279,0.034470,0.004133,0.000084,0.039948,0.001704,1.377444,-0.002874,1.374569,1.374569,1.374569,0.687285,0.687285,0,0,1,0,0.000000,0.080000,0.008000,0.001000,4.787250,0.091490,22.851000,0.027127,0.000000
1.557000,0.415800,0.555800,-0.772864,-0.000000,-0.772864,-0.431744,0.000000,0.431744,0.040652,-0.018167,0.048960,0.048960,0.008308,0.041456,0.059623,0.034539,0.004164,0.000096,0.039792,0.001664,1.361898,-0.001978,1.359920,1.359920,1.359920,0.679960,0.679960,0,0,1,0,0.000000,0.080000,0.008000,0.001000,4.789500,0.091580,22.842000,0.027105,0.000000
1.562000,0.416300,0.556300,-0.775055,-0.000000,-0.775055,-0.432071,0.000000,0.432071,0.040486,-0.017944,0.048848,0.048848,0.008362,0.041704,0.059648,0.034566,0.004182,0.000066,0.040060,0.001644,1.362190,0.000140,1.362331,1.362331,1.362331,0.681165,0.681165,0,0,1,0,0.000000,0.080000,0.008000,0.001000,4.790750,0.091630,22.837000,0.027092,0.000000
1.567000,0.416800,0.556800,-0.777257,-0.000000,-0.777257,-0.432500,0.000000,0.432500,0.040486,-0.017944,0.048736,0.048736,0.008250,0.041178,0.059122,0.034600,0.004199,0.000086,0.039533,0.001645,1.349868,-0.002852,1.347015,1.347015,1.347015,0.673508,0.673508,0,0,1,0,0.000000,0.080000,0.008000,0.001000,4.792000,0.091680,22.832000,0.027080,0.000000
1.572000,0.417300,0.557300,-0.779462,-0.000000,-0.779462,-0.432925,0.000000,0.432925,0.040325,-0.017598,0.048624,0.048624,0.008298,0.041390,0.058988,0.034634,0.004216,0.000085,0.039775,0.001614,1.346512,-0.000726,1.345787,1.345787,1.345787,0.672893,0.672893,0,0,1,0,0.000000,0.080000,0.008000,0.001000,4.793250,0.091730,22.827000,0.027067,0.000000
1.577000,0.417800,0.557800,-0.781667,-0.000000,-0.781667,-0.433338,0.000000,0.433338,0.040325,-0.017598,0.048512,0.048512,0.008186,0.040865,0.058463,0.034667,0.004234,0.000083,0.039250,0.001615,1.334235,-0.002841,1.331394,1.331394,1.331394,0.665697,0.665697,0,0,1,0,0.000000,0.080000,0.008000,0.001000,4.794500,0.091780,22.822000,0.027055,0.000000
1.582000,0.418300,0.558300,-0.783874,-0.000000,-0.783874,-0.433739,0.000000,0.433739,0.040160,-0.017471,0.048400,0.048400,0.008241,0.041124,0.058595,0.034699,0.004251,0.000080,0.039520,0.001604,1.336966,0.000717,1.337683,1.337683,1.337683,0.668841,0.668841,0,0,1,0,0.000000,0.080000,0.008000,0.001000,4.795750,0.091830,22.817000,0.027042,0.000000
1.587000,0.418800,0.558800,-0.786081,-0.000000,-0.786081,-0.434120,0.000000,0.434120,0.040160,-0.017471,0.048289,0.048289,0.008129,0.040601,0.058072,0.034730,0.004268,0.000076,0.038995,0.001605,1.324733,-0.002830,1.321904,1.321904,1.321904,0.660952,0.660952,0,0,1,0,0.000000,0.080000,0.008000,0.001000,4.797000,0.091880,22.812000,0.027030,0.000000
1.592000,0.419300,0.559300,-0.788288,-0.000000,-0.788288,-0.434487,0.000000,0.434487,0.039983,-0.017607,0.048177,0.048177,0.008195,0.040938,0.058545,0.034759,0.004286,0.000073,0.039320,0.001619,1.335244,0.002559,1.337802,1.337802,1.337802,0.668901,0.668901,0,0,1,0,0.000000,0.080000,0.008000,0.001000,4.798250,0.091930,22.807000,0.027017,0.000000
1.597000,0.419800,0.559800,-0.790495,-0.000000,-0.790495,-0.434830,0.000000,0.434830,0.039983,-0.017607,0.048066,0.048066,0.008084,0.040417,0.058024,0.034786,0.004303,0.000069,0.038797,0.001619,1.323054,-0.002818,1.320236,1.320236,1.320236,0.660118,0.660118,0,0,1,0,0.000000,0.080000,0.008000,0.001000,4.799500,0.091980,22.802000,0.027005,0.000000
1.602000,0.420300,0.560300,-0.792702,-0.000000,-0.792702,-0.435161,0.000000,0.435161,0.039792,-0.017986,0.047956,0.047956,0.008163,0.040846,0.058831,0.034813,0.004320,0.000066,0.039190,0.001655,1.341180,0.004361,1.345542,1.345542,1.345542,0.672771,0.672771,0,0,1,0,0.000000,0.080000,0.008000,0.001000,4.800750,0.092030,22.797000,0.026992,0.000000
1.607000,0.420800,0.560800,-0.794909,-0.000000,-0.794909,-0.435470,0.000000,0.435470,0.039792,-0.017986,0.047845,0.047845,0.008053,0.040326,0.058311,0.034838,0.004338,0.000062,0.038669,0.001656,1.329032,-0.002806,1.326226,1.326226,1.326226,0.663113,0.663113,0,0,1,0,0.000000,0.080000,0.008000,0.001000,4.802000,0.092080,22.792000,0.026980,0.000000
1.612000,0.421300,0.561300,-0.797116,-0.000000,-0.797116,-0.435771,0.000000,0.435771,0.039588,-0.018538,0.047735,0.047735,0.008147,0.040839,0.059377,0.034862,0.004355,0.000060,0.039132,0.001708,1.353023,0.005747,1.358770,1.358770,1.358770,0.679385,0.679385,0,0,1,0,0.000000,0.080000,0.008000,0.001000,4.803250,0.092130,22.787000,0.026967,0.000000
1.622000,0.422300,0.562300,-0.801532,-0.000000,-0.801532,-0.436340,0.000000,0.436340,0.039372,-0.019162,0.047514,0.047514,0.008142,0.040898,0.060060,0.034907,0.004390,0.000057,0.039131,0.001767,1.367996,0.001841,1.369838,1.369838,1.369838,0.684919,0.684919,0,0,1,0,0.000000,0.080000,0.008000,0.001000,4.805750,0.092230,22.777000,0.026942,0.000000
1.631000,0.423200,0.563200,-0.805943,-0.000000,-0.805943,-0.436824,0.000000,0.436824,0.039147,-0.019662,0.047317,0.047317,0.008169,0.041094,0.060756,0.034946,0.004422,0.000054,0.039279,0.001815,1.383287,0.002080,1.385366,1.385366,1.385366,0.692683,0.692683,0,0,1,0,0.000000,0.080000,0.008000,0.001000,4.808000,0.092320,22.768000,0.026920,0.000000
1.636000,0.423700,0.563700,-0.808147,-0.000000,-0.808147,-0.437024,0.000000,0.437024,0.039147,-0.019662,0.047207,0.047207,0.008060,0.040579,0.060241,0.034962,0.004439,0.000040,0.038763,0.001816,1.371257,-0.002772,1.368484,1.368484,1.368484,0.684242,0.684242,0,0,1,0,0.000000,0.080000,0.008000,0.001000,4.809250,0.092370,22.763000,0.026907,0.000000
1.641000,0.424200,0.564200,-0.810363,-0.000000,-0.810363,-0.437343,0.000000,0.437343,0.038924,-0.020033,0.047098,0.047098,0.008174,0.041174,0.061206,0.034987,0.004457,0.000064,0.039323,0.001851,1.392937,0.005195,1.398132,1.398132,1.398132,0.699066,0.699066,0,0,1,0,0.000000,0.080000,0.008000,0.001000,4.810500,0.092420,22.758000,0.026895,0.000000
1.646000,0.424700,0.564700,-0.812581,-0.000000,-0.812581,-0.437663,0.000000,0.437663,0.038924,-0.020033,0.046989,0.046989,0.008065,0.040660,0.060693,0.035013,0.004474,0.000064,0.038808,0.001852,1.380948,-0.002761,1.378188,1.378188,1.378188,0.689094,0.689094,0,0,1,0,0.000000,0.080000,0.008000,0.001000,4.811750,0.092470,22.753000,0.026882,0.000000
1.651000,0.425200,0.565200,-0.814802,-0.000000,-0.814802,-0.437998,0.000000,0.437998,0.038708,-0.020270,0.046880,0.046880,0.008172,0.041209,0.061479,0.035040,0.004492,0.000067,0.039334,0.001875,1.398531,0.004225,1.402756,1.402756,1.402756,0.701378,0.701378,0,0,1,0,0.000000,0.080000,0.008000,0.001000,4.813000,0.092520,22.748000,0.026870,0.000000
1.656000,0.425700,0.565700,-0.817025,-0.000000,-0.817025,-0.438337,0.000000,0.438337,0.038708,-0.020270,0.046772,0.046772,0.008064,0.040698,0.060967,0.035067,0.004509,0.000068,0.038821,0.001876,1.386583,-0.002749,1.383834,1.383834,1.383834,0.691917,0.691917,0,0,1,0,0.000000,0.080000,0.008000,0.001000,4.814250,0.092570,22.743000,0.026857,0.000000
1.661000,0.426200,0.566200,-0.817025,-0.000000,-0.817025,-0.438337,0.000000,0.438337,0.038496,-0.020369,0.046663,0.046663,0.008167,0.041214,0.061583,0.035067,0.004527,0.000000,0.039327,0.001887,1.400265,0.003303,1.403567,1.403567,1.403567,0.701784,0.701784,0,0,1,0,0.000000,0.080000,0.008000,0.001000,4.815500,0.092620,22.738000,0.026845,0.000000
1.670000,0.427100,0.567100,-0.821479,-0.000000,-0.821479,-0.439050,0.000000,0.439050,0.038290,-0.020356,0.046468,0.046468,0.008179,0.041289,0.061645,0.035124,0.004558,0.000079,0.039402,0.001887,1.401130,0.000186,1.401316,1.401316,1.401316,0.700658,0.700658,0,0,1,0,0.000000,0.080000,0.008000,0.001000,4.817750,0.092710,22.729000,0.026822,0.000000
1.675000,0.427600,0.567600,-0.823711,-0.000000,-0.823711,-0.439422,0.000000,0.439422,0.038290,-0.020356,0.046361,0.046361,0.008071,0.040781,0.061136,0.035154,0.004576,0.000074,0.038892,0.001888,1.389263,-0.002728,1.386535,1.386535,1.386535,0.693267,0.693267,0,0,1,0,0.000000,0.080000,0.008000,0.001000,4.819000,0.092760,22.724000,0.026810,0.000000
1.680000,0.428100,0.568100,-0.825934,-0.000000,-0.825934,-0.439694,0.000000,0.439694,0.038085,-0.020213,0.046253,0.046253,0.008168,0.041247,0.061460,0.035176,0.004594,0.000054,0.039371,0.001876,1.396315,0.001736,1.398050,1.398050,1.398050,0.699025,0.699025,0,0,1,0,0.000000,0.080000,0.008000,0.001000,4.820250,0.092810,22.719000,0.026797,0.000000
1.685000,0.428600,0.568600,-0.828170,-0.000000,-0.828170,-0.440084,0.000000,0.440084,0.038085,-0.020213,0.046145,0.046145,0.008060,0.040740,0.060953,0.035207,0.004611,0.000078,0.038863,0.001877,1.384489,-0.002716,1.381773,1.381773,1.381773,0.690887,0.690887,0,0,1,0,0.000000,0.080000,0.008000,0.001000,4.821500,0.092860,22.714000,0.026785,0.000000
1.690000,0.429100,0.569100,-0.830409,-0.000000,-0.830409,-0.440476,0.000000,0.440476,0.038085,-0.020213,0.046038,0.046038,0.007953,0.040233,0.060447,0.035238,0.004629,0.000078,0.038355,0.001878,1.372685,-0.002712,1.369973,1.369973,1.369973,0.684987,0.684987,0,0,1,0,0.000000,0.080000,0.008000,0.001000,4.822750,0.092910,22.709000,0.026772,0.000000
1.695000,0.429600,0.569600,-0.832650,-0.000000,-0.832650,-0.440875,0.000000,0.440875,0.037890,-0.020052,0.045931,0.045931,0.008041,0.040655,0.060707,0.035270,0.004646,0.000080,0.038791,0.001864,1.378281,0.001391,1.379672,1.379672,1.379672,0.689836,0.689836,0,0,1,0,0.000000,0.080000,0.008000,0.001000,4.824000,0.092960,22.704000,0.026760,0.000000
1.700000,0.430100,0.570100,-0.834894,-0.000000,-0.834894,-0.441271,0.000000,0.441271,0.037890,-0.020052,0.045824,0.045824,0.007934,0.040150,0.060202,0.035302,0.004664,0.000079,0.038285,0.001865,1.366518,-0.002701,1.363818,1.363818,1.363818,0.681909,0.681909,0,0,1,0,0.000000,0.080000,0.008000,0.001000,4.825250,0.093010,22.699000,0.026747,0.000000
1.705000,0.430600,0.570600,-0.837150,-0.000000,-0.837150,-0.441775,0.000000,0.441775,0.037700,-0.019769,0.045717,0.045717,0.008017,0.040535,0.060304,0.035342,0.004682,0.000101,0.038695,0.001840,1.368530,0.000545,1.369075,1.369075,1.369075,0.684538,0.684538,0,0,1,0,0.000000,0.080000,0.008000,0.001000,4.826500,0.093060,22.694000,0.026735,0.000000
1.714000,0.431500,0.571500,-0.841661,-0.000000,-0.841661,-0.442690,0.000000,0.442690,0.037507,-0.019775,0.045526,0.045526,0.008019,0.040564,0.060338,0.035415,0.004714,0.000102,0.038722,0.001842,1.368776,0.000103,1.368879,1.368879,1.368879,0.684440,0.684440,0,0,1,0,0.000000,0.080000,0.008000,0.001000,4.828750,0.093150,22.685000,0.026712,0.000000
1.719000,0.432000,0.572000,-0.843905,-0.000000,-0.843905,-0.442996,0.000000,0.442996,0.037507,-0.019775,0.045420,0.045420,0.007913,0.040062,0.059837,0.035440,0.004731,0.000061,0.038219,0.001843,1.357093,-0.002680,1.354413,1.354413,1.354413,0.677206,0.677206,0,0,1,0,0.000000,0.080000,0.008000,0.001000,4.830000,0.093200,22.680000,0.026700,0.000000
1.724000,0.432500,0.572500,-0.846159,-0.000000,-0.846159,-0.443390,0.000000,0.443390,0.037297,-0.019984,0.045314,0.045314,0.008017,0.040595,0.060580,0.035471,0.004749,0.000079,0.038732,0.001864,1.373640,0.003966,1.377606,1.377606,1.377606,0.688803,0.688803,0,0,1,0,0.000000,0.080000,0.008000,0.001000,4.831250,0.093250,22.675000,0.026687,0.000000
1.729000,0.433000,0.573000,-0.848413,-0.000000,-0.848413,-0.443757,0.000000,0.443757,0.037297,-0.019984,0.045208,0.045208,0.007911,0.040095,0.060079,0.035501,0.004767,0.000073,0.038230,0.001865,1.361997,-0.002669,1.359328,1.359328,1.359328,0.679664,0.679664,0,0,1,0,0.000000,0.080000,0.008000,0.001000,4.832500,0.093300,22.670000,0.026675,0.000000
1.734000,0.433500,0.573500,-0.850667,-0.000000,-0.850667,-0.444111,0.000000,0.444111,0.037080,-0.020364,0.045102,0.045102,0.008022,0.040677,0.061041,0.035529,0.004785,0.000071,0.038776,0.001901,1.383491,0.005128,1.388619,1.388619,1.388619,0.694309,0.694309,0,0,1,0,0.000000,0.080000,0.008000,0.001000,4.833750,0.093350,22.665000,0.026662,0.000000
1.739000,0.434000,0.574000,-0.852921,-0.000000,-0.852921,-0.444445,0.000000,0.444445,0.037080,-0.020364,0.044997,0.044997,0.007916,0.040178,0.060542,0.035556,0.004802,0.000067,0.038276,0.001902,1.371887,-0.002658,1.369229,1.369229,1.369229,0.684614,0.684614,0,0,1,0,0.000000,0.080000,0.008000,0.001000,4.835000,0.093400,22.660000,0.026650,0.000000
1.744000,0.434500,0.574500,-0.855175,-0.000000,-0.855175,-0.444774,0.000000,0.444774,0.036854,-0.020822,0.044892,0.044892,0.008037,0.040816,0.061638,0.035582,0.004820,0.000066,0.038870,0.001946,1.396413,0.005839,1.402251,1.402251,1.402251,0.701126,0.701126,0,0,1,0,0.000000,0.080000,0.008000,0.001000,4.836250,0.093450,22.655000,0.026637,0.000000
1.753000,0.435400,0.575400,-0.859687,-0.000000,-0.859687,-0.445408,0.000000,0.445408,0.036623,-0.021265,0.044703,0.044703,0.008080,0.041084,0.062350,0.035633,0.004852,0.000070,0.039095,0.001989,1.411970,0.002104,1.414074,1.414074,1.414074,0.707037,0.707037,0,0,1,0,0.000000,0.080000,0.008000,0.001000,4.838500,0.093540,22.646000,0.026615,0.000000
1.758000,0.435900,0.575900,-0.861934,-0.000000,-0.861934,-0.445617,0.000000,0.445617,0.036623,-0.021265,0.044598,0.044598,0.007975,0.040589,0.061854,0.035649,0.004870,0.000042,0.038598,0.001990,1.400438,-0.002637,1.397802,1.397802,1.397802,0.698901,0.698901,0,0,1,0,0.000000,0.080000,0.008000,0.001000,4.839750,0.093590,22.641000,0.026602,0.000000
1.763000,0.436400,0.576400,-0.864194,-0.000000,-0.864194,-0.445947,0.000000,0.445947,0.036387,-0.021553,0.044493,0.044493,0.008107,0.041262,0.062815,0.035676,0.004888,0.000066,0.039244,0.002018,1.421890,0.005112,1.427003,1.427003,1.427003,0.713501,0.713501,0,0,1,0,0.000000,0.080000,0.008000,0.001000,4.841000,0.093640,22.636000,0.026590,0.000000
1.768000,0.436900,0.576900,-0.866456,-0.000000,-0.866456,-0.446277,0.000000,0.446277,0.036387,-0.021553,0.044389,0.044389,0.008002,0.040768,0.062321,0.035702,0.004906,0.000066,0.038749,0.002019,1.410398,-0.002626,1.407772,1.407772,1.407772,0.703886,0.703886,0,0,1,0,0.000000,0.080000,0.008000,0.001000,4.842250,0.093690,22.631000,0.026577,0.000000
1.773000,0.437400,0.577400,-0.868721,-0.000000,-0.868721,-0.446624,0.000000,0.446624,0.036160,-0.021698,0.044285,0.044285,0.008125,0.041388,0.063086,0.035730,0.004924,0.000069,0.039354,0.002034,1.427373,0.004059,1.431432,1.431432,1.431432,0.715716,0.715716,0,0,1,0,0.000000,0.080000,0.008000,0.001000,4.843500,0.093740,22.626000,0.026565,0.000000
1.778000,0.437900,0.577900,-0.870988,-0.000000,-0.870988,-0.446974,0.000000,0.446974,0.036160,-0.021698,0.044181,0.044181,0.008021,0.040896,0.062593,0.035758,0.004941,0.000070,0.038861,0.002035,1.415920,-0.002615,1.413305,1.413305,1.413305,0.706653,0.706653,0,0,1,0,0.000000,0.080000,0.008000,0.001000,4.844750,0.093790,22.621000,0.026552,0.000000
1.783000,0.438400,0.578400,-0.873259,-0.000000,-0.873259,-0.447357,0.000000,0.447357,0.035939,-0.021740,0.044077,0.044077,0.008139,0.041480,0.063219,0.035789,0.004959,0.000077,0.039440,0.002040,1.429769,0.003324,1.433093,1.433093,1.433093,0.716547,0.716547,0,0,1,0,0.000000,0.080000,0.008000,0.001000,4.846000,0.093840,22.616000,0.026540,0.000000
1.788000,0.438900,0.578900,-0.875532,-0.000000,-0.875532,-0.447727,0.000000,0.447727,0.035939,-0.021740,0.043974,0.043974,0.008035,0.040989,0.062729,0.035818,0.004977,0.000074,0.038948,0.002041,1.418356,-0.002604,1.415752,1.415752,1.415752,0.707876,0.707876,0,0,1,0,0.000000,0.080000,0.008000,0.001000,4.847250,0.093890,22.611000,0.026527,0.000000
1.797000,0.439800,0.579800,-0.880086,-0.000000,-0.880086,-0.448500,0.000000,0.448500,0.035724,-0.021610,0.043788,0.043788,0.008064,0.041135,0.062746,0.035880,0.005010,0.000086,0.039104,0.002031,1.418178,0.000050,1.418229,1.418229,1.418229,0.709114,0.709114,0,0,1,0,0.000000,0.080000,0.008000,0.001000,4.849500,0.093980,22.602000,0.026505,0.000000
1.802000,0.440300,0.580300,-0.882355,-0.000000,-0.882355,-0.448777,0.000000,0.448777,0.035509,-0.021655,0.043685,0.043685,0.008175,0.041693,0.063348,0.035902,0.005028,0.000055,0.039656,0.002036,1.431472,0.003191,1.434663,1.434663,1.434663,0.717332,0.717332,0,0,1,0,0.000000,0.080000,0.008000,0.001000,4.850750,0.094030,22.597000,0.026492,0.000000
1.807000,0.440800,0.580800,-0.884638,-0.000000,-0.884638,-0.449169,0.000000,0.449169,0.035509,-0.021655,0.043582,0.043582,0.008072,0.041205,0.062860,0.035934,0.005045,0.000078,0.039167,0.002037,1.420134,-0.002584,1.417550,1.417550,1.417550,0.708775,0.708775,0,0,1,0,0.000000,0.080000,0.008000,0.001000,4.852000,0.094080,22.592000,0.026480,0.000000
1.812000,0.441300,0.581300,-0.886923,-0.000000,-0.886923,-0.449574,0.000000,0.449574,0.035303,-0.021386,0.043479,0.043479,0.008176,0.041691,0.063078,0.035966,0.005063,0.000081,0.039678,0.002013,1.424736,0.001152,1.425888,1.425888,1.425888,0.712944,0.712944,0,0,1,0,0.000000,0.080000,0.008000,0.001000,4.853250,0.094130,22.587000,0.026467,0.000000
1.817000,0.441800,0.581800,-0.889210,-0.000000,-0.889210,-0.449980,0.000000,0.449980,0.035303,-0.021386,0.043377,0.043377,0.008073,0.041205,0.062591,0.035998,0.005081,0.000081,0.039191,0.002014,1.413438,-0.002573,1.410864,1.410864,1.410864,0.705432,0.705432,0,0,1,0,0.000000,0.080000,0.008000,0.001000,4.854500,0.094180,22.582000,0.026455,0.000000
1.822000,0.442300,0.582300,-0.891501,-0.000000,-0.891501,-0.450392,0.000000,0.450392,0.035102,-0.021112,0.043274,0.043274,0.008172,0.041671,0.062782,0.036031,0.005099,0.000082,0.039681,0.001989,1.417439,0.001011,1.418450,1.418450,1.418450,0.709225,0.709225,0,0,1,0,0.000000,0.080000,0.008000,0.001000,4.855750,0.094230,22.577000,0.026442,0.000000
1.827000,0.442800,0.582800,-0.893793,-0.000000,-0.893793,-0.450801,0.000000,0.450801,0.035102,-0.021112,0.043172,0.043172,0.008070,0.041186,0.062298,0.036064,0.005118,0.000082,0.039195,0.001990,1.406181,-0.002563,1.403618,1.403618,1.403618,0.701809,0.701809,0,0,1,0,0.000000,0.080000,0.008000,0.001000,4.857000,0.094280,22.572000,0.026430,0.000000
1.832000,0.443300,0.583300,-0.896087,-0.000000,-0.896087,-0.451210,0.000000,0.451210,0.034902,-0.020898,0.043070,0.043070,0.008168,0.041654,0.062552,0.036097,0.005136,0.000082,0.039683,0.001971,1.411607,0.001343,1.412951,1.412951,1.412951,0.706475,0.706475,0,0,1,0,0.000000,0.080000,0.008000,0.001000,4.858250,0.094330,22.567000,0.026417,0.000000
1.837000,0.443800,0.583800,-0.898383,-0.000000,-0.898383,-0.451612,0.000000,0.451612,0.034902,-0.020898,0.042968,0.042968,0.008066,0.041170,0.062068,0.036129,0.005154,0.000080,0.039198,0.001972,1.400389,-0.002553,1.397836,1.397836,1.397836,0.698918,0.698918,0,0,1,0,0.000000,0.080000,0.008000,0.001000,4.859500,0.094380,22.562000,0.026405,0.000000
1.842000,0.444300,0.584300,-0.900680,-0.000000,-0.900680,-0.452009,0.000000,0.452009,0.034700,-0.020790,0.042867,0.042867,0.008167,0.041661,0.062451,0.036161,0.005172,0.000080,0.039698,0.001963,1.408704,0.002018,1.410723,1.410723,1.410723,0.705361,0.705361,0,0,1,0,0.000000,0.080000,0.008000,0.001000,4.860750,0.094430,22.557000,0.026392,0.000000
1.851000,0.445200,0.585200,-0.905278,-0.000000,-0.905278,-0.452778,0.000000,0.452778,0.034493,-0.020804,0.042684,0.042684,0.008192,0.041802,0.062606,0.036222,0.005204,0.000085,0.039836,0.001966,1.411646,0.000455,1.412101,1.412101,1.412101,0.706050,0.706050,0,0,1,0,0.000000,0.080000,0.008000,0.001000,4.863000,0.094520,22.548000,0.026370,0.000000
1.856000,0.445700,0.585700,-0.907567,-0.000000,-0.907567,-0.453040,0.000000,0.453040,0.034493,-0.020804,0.042583,0.042583,0.008090,0.041321,0.062126,0.036243,0.005222,0.000052,0.039354,0.001967,1.400500,-0.002533,1.397967,1.397967,1.397967,0.698984,0.698984,0,0,1,0,0.000000,0.080000,0.008000,0.001000,4.864250,0.094570,22.543000,0.026357,0.000000
1.861000,0.446200,0.586200,-0.909869,-0.000000,-0.909869,-0.453411,0.000000,0.453411,0.034277,-0.020879,0.042482,0.042482,0.008206,0.041900,0.062779,0.036273,0.005241,0.000074,0.039924,0.001976,1.414909,0.003441,1.418351,1.418351,1.418351,0.709175,0.709175,0,0,1,0,0.000000,0.080000,0.008000,0.001000,4.865500,0.094620,22.538000,0.026345,0.000000
1.866000,0.446700,0.586700,-0.912172,-0.000000,-0.912172,-0.453771,0.000000,0.453771,0.034277,-0.020879,0.042381,0.042381,0.008105,0.041421,0.062300,0.036302,0.005259,0.000072,0.039444,0.001977,1.403802,-0.002523,1.401279,1.401279,1.401279,0.700640,0.700640,0,0,1,0,0.000000,0.080000,0.008000,0.001000,4.866750,0.094670,22.533000,0.026332,0.000000
1.871000,0.447200,0.587200,-0.914476,-0.000000,-0.914476,-0.454132,0.000000,0.454132,0.034061,-0.021029,0.042281,0.042281,0.008220,0.042006,0.063036,0.036331,0.005277,0.000072,0.040014,0.001992,1.420067,0.003873,1.423941,1.423941,1.423941,0.711970,0.711970,0,0,1,0,0.000000,0.080000,0.008000,0.001000,4.868000,0.094720,22.528000,0.026320,0.000000
1.876000,0.447700,0.587700,-0.916782,-0.000000,-0.916782,-0.454483,0.000000,0.454483,0.034061,-0.021029,0.042181,0.042181,0.008119,0.041529,0.062558,0.036359,0.005295,0.000070,0.039536,0.001993,1.408997,-0.002512,1.406485,1.406485,1.406485,0.703242,0.703242,0,0,1,0,0.000000,0.080000,0.008000,0.001000,4.869250,0.094770,22.523000,0.026307,0.000000
1.885000,0.448600,0.588600,-0.919089,-0.000000,-0.919089,-0.454837,0.000000,0.454837,0.033841,-0.021222,0.042000,0.042000,0.008159,0.041760,0.062983,0.036387,0.005328,0.000039,0.039747,0.002013,1.417992,0.001240,1.419232,1.419232,1.419232,0.709616,0.709616,0,0,1,0,0.000000,0.080000,0.008000,0.001000,4.871500,0.094860,22.514000,0.026285,0.000000
1.890000,0.449100,0.589100,-0.921398,-0.000000,-0.921398,-0.455184,0.000000,0.455184,0.033841,-0.021222,0.041900,0.041900,0.008059,0.041285,0.062507,0.036415,0.005346,0.000069,0.039271,0.002014,1.406974,-0.002499,1.404475,1.404475,1.404475,0.702238,0.702238,0,0,1,0,0.000000,0.080000,0.008000,0.001000,4.872750,0.094910,22.509000,0.026272,0.000000
1.895000,0.449600,0.589600,-0.923696,-0.000000,-0.923696,-0.455408,0.000000,0.455408,0.033611,-0.021698,0.041801,0.041801,0.008189,0.041975,0.063673,0.036433,0.005364,0.000045,0.039914,0.002060,1.432887,0.006121,1.439007,1.439007,1.439007,0.719504,0.719504,0,0,1,0,0.000000,0.080000,0.008000,0.001000,4.874000,0.094960,22.504000,0.026260,0.000000
1.900000,0.450100,0.590100,-0.926006,-0.000000,-0.926006,-0.455744,0.000000,0.455744,0.033611,-0.021698,0.041698,0.041698,0.008086,0.041484,0.063182,0.036460,0.005382,0.000067,0.039422,0.002062,1.421521,-0.002578,1.418943,1.418943,1.418943,0.709471,0.709471,0,0,1,0,0.000000,0.080000,0.008000,0.001000,4.875250,0.095010,22.499000,0.026247,0.000000
1.909000,0.451000,0.591000,-0.930655,-0.000000,-0.930655,-0.456649,0.000000,0.456649,0.033389,-0.021678,0.041487,0.041487,0.008098,0.041562,0.063239,0.036532,0.005415,0.000100,0.039500,0.002062,1.422250,0.000168,1.422419,1.422419,1.422419,0.711209,0.711209,0,0,1,0,0.000000,0.080000,0.008000,0.001000,4.877500,0.095100,22.490000,0.026225,0.000000
1.914000,0.451500,0.591500,-0.932968,-0.000000,-0.932968,-0.456953,0.000000,0.456953,0.033163,-0.021991,0.041371,0.041371,0.008208,0.042136,0.064127,0.036556,0.005434,0.000061,0.040044,0.002092,1.441895,0.004654,1.446549,1.446549,1.446549,0.723275,0.723275,0,0,1,0,0.000000,0.080000,0.008000,0.001000,4.878750,0.095150,22.485000,0.026212,0.000000
1.919000,0.452000,0.592000,-0.935293,-0.000000,-0.935293,-0.457355,0.000000,0.457355,0.033163,-0.021991,0.041255,0.041255,0.008092,0.041580,0.063571,0.036588,0.005452,0.000080,0.039487,0.002094,1.429077,-0.002913,1.426164,1.426164,1.426164,0.713082,0.713082,0,0,1,0,0.000000,0.080000,0.008000,0.001000,4.880000,0.095200,22.480000,0.026200,0.000000
1.924000,0.452500,0.592500,-0.937619,-0.000000,-0.937619,-0.457756,0.000000,0.457756,0.032938,-0.022079,0.041139,0.041139,0.008201,0.042134,0.064213,0.036621,0.005470,0.000080,0.040031,0.002103,1.443190,0.003363,1.446553,1.446553,1.446553,0.723277,0.723277,0,0,1,0,0.000000,0.080000,0.008000,0.001000,4.881250,0.095250,22.475000,0.026187,0.000000
1.929000,0.453000,0.593000,-0.939946,-0.000000,-0.939946,-0.458146,0.000000,0.458146,0.032938,-0.022079,0.041023,0.041023,0.008085,0.041580,0.063659,0.036652,0.005489,0.000078,0.039476,0.002104,1.430415,-0.002902,1.427513,1.427513,1.427513,0.713757,0.713757,0,0,1,0,0.000000,0.080000,0.008000,0.001000,4.882500,0.095300,22.470000,0.026175,0.000000
1.934000,0.453500,0.593500,-0.942275,-0.000000,-0.942275,-0.458536,0.000000,0.458536,0.032711,-0.022168,0.040907,0.040907,0.008196,0.042140,0.064309,0.036683,0.005507,0.000078,0.040026,0.002114,1.444694,0.003400,1.448094,1.448094,1.448094,0.724047,0.724047,0,0,1,0,0.000000,0.080000,0.008000,0.001000,4.883750,0.095350,22.465000,0.026162,0.000000
1.939000,0.454000,0.594000,-0.944605,-0.000000,-0.944605,-0.458916,0.000000,0.458916,0.032711,-0.022168,0.040792,0.040792,0.008080,0.041588,0.063756,0.036713,0.005525,0.000076,0.039473,0.002115,1.431961,-0.002890,1.429071,1.429071,1.429071,0.714536,0.714536,0,0,1,0,0.000000,0.080000,0.008000,0.001000,4.885000,0.095400,22.460000,0.026150,0.000000
1.944000,0.454500,0.594500,-0.946937,-0.000000,-0.946937,-0.459297,0.000000,0.459297,0.032484,-0.022258,0.040677,0.040677,0.008192,0.042155,0.064412,0.036744,0.005544,0.000076,0.040030,0.002124,1.446374,0.003430,1.449804,1.449804,1.449804,0.724902,0.724902,0,0,1,0,0.000000,0.080000,0.008000,0.001000,4.886250,0.095450,22.455000,0.026137,0.000000
1.953000,0.455400,0.595400,-0.951605,-0.000000,-0.951605,-0.460044,0.000000,0.460044,0.032256,-0.022345,0.040470,0.040470,0.008214,0.042287,0.064632,0.036804,0.005577,0.000083,0.040152,0.002135,1.450732,0.000638,1.451370,1.451370,1.451370,0.725685,0.725685,0,0,1,0,0.000000,0.080000,0.008000,0.001000,4.888500,0.095540,22.446000,0.026115,0.000000
1.958000,0.455900,0.595900,-0.953930,-0.000000,-0.953930,-0.460304,0.000000,0.460304,0.032256,-0.022345,0.040355,0.040355,0.008099,0.041737,0.064083,0.036824,0.005595,0.000052,0.039601,0.002136,1.438080,-0.002868,1.435212,1.435212,1.435212,0.717606,0.717606,0,0,1,0,0.000000,0.080000,0.008000,0.001000,4.889750,0.095590,22.441000,0.026102,0.000000
1.963000,0.456400,0.596400,-0.956268,-0.000000,-0.956268,-0.460680,0.000000,0.460680,0.032025,-0.022370,0.040240,0.040240,0.008216,0.042323,0.064693,0.036854,0.005614,0.000075,0.040183,0.002139,1.451442,0.003182,1.454625,1.454625,1.454625,0.727312,0.727312,0,0,1,0,0.000000,0.080000,0.008000,0.001000,4.891000,0.095640,22.436000,0.026090,0.000000
1.968000,0.456900,0.596900,-0.958608,-0.000000,-0.958608,-0.461052,0.000000,0.461052,0.032025,-0.022370,0.040126,0.040126,0.008101,0.041775,0.064145,0.036884,0.005632,0.000074,0.039634,0.002141,1.438833,-0.002857,1.435977,1.435977,1.435977,0.717988,0.717988,0,0,1,0,0.000000,0.080000,0.008000,0.001000,4.892250,0.095690,22.431000,0.026077,0.000000
1.973000,0.457400,0.597400,-0.960950,-0.000000,-0.960950,-0.461429,0.000000,0.461429,0.031799,-0.022390,0.040012,0.040012,0.008213,0.042335,0.064725,0.036914,0.005650,0.000075,0.040191,0.002144,1.451529,0.003026,1.454554,1.454554,1.454554,0.727277,0.727277,0,0,1,0,0.000000,0.080000,0.008000,0.001000,4.893500,0.095740,22.426000,0.026065,0.000000
1.978000,0.457900,0.597900,-0.963294,-0.000000,-0.963294,-0.461800,0.000000,0.461800,0.031799,-0.022390,0.039898,0.039898,0.008099,0.041789,0.064179,0.036944,0.005669,0.000074,0.039644,0.002145,1.438962,-0.002845,1.436116,1.436116,1.436116,0.718058,0.718058,0,0,1,0,0.000000,0.080000,0.008000,0.001000,4.894750,0.095790,22.421000,0.026052,0.000000
1.983000,0.458400,0.598400,-0.965640,-0.000000,-0.965640,-0.462175,0.000000,0.462175,0.031573,-0.022420,0.039784,0.039784,0.008212,0.042353,0.064773,0.036974,0.005687,0.000075,0.040205,0.002149,1.451954,0.003093,1.455047,1.455047,1.455047,0.727523,0.727523,0,0,1,0,0.000000,0.080000,0.008000,0.001000,4.896000,0.095840,22.416000,0.026040,0.000000
1.988000,0.458900,0.598900,-0.967987,-0.000000,-0.967987,-0.462557,0.000000,0.462557,0.031573,-0.022420,0.039671,0.039671,0.008098,0.041809,0.064229,0.037005,0.005706,0.000076,0.039659,0.002150,1.439429,-0.002834,1.436595,1.436595,1.436595,0.718298,0.718298,0,0,1,0,0.000000,0.080000,0.008000,0.001000,4.897250,0.095890,22.411000,0.026027,0.000000
1.997000,0.459800,0.599800,-0.972687,-0.000000,-0.972687,-0.463293,0.000000,0.463293,0.031345,-0.022468,0.039467,0.039467,0.008122,0.041949,0.064418,0.037063,0.005739,0.000082,0.039793,0.002157,1.443087,0.000546,1.443633,1.443633,1.443633,0.721816,0.721816,0,0,1,0,0.000000,0.080000,0.008000,0.001000,4.899500,0.095980,22.402000,0.026005,0.000000
2.002000,0.460300,0.600300,-0.975027,-0.000000,-0.975027,-0.463532,0.000000,0.463532,0.031110,-0.022795,0.039354,0.039354,0.008244,0.042592,0.065387,0.037083,0.005758,0.000048,0.040403,0.002189,1.464474,0.005039,1.469513,1.469513,1.469513,0.734756,0.734756,0,0,1,0,0.000000,0.080000,0.008000,0.001000,4.900750,0.096030,22.397000,0.025992,0.000000
2.007000,0.460800,0.600800,-0.977380,-0.000000,-0.977380,-0.463884,0.000000,0.463884,0.031110,-0.022795,0.039241,0.039241,0.008132,0.042051,0.064846,0.037111,0.005776,0.000070,0.039861,0.002190,1.452027,-0.002812,1.449215,1.449215,1.449215,0.724607,0.724607,0,0,1,0,0.000000,0.080000,0.008000,0.001000,4.902000,0.096080,22.392000,0.025980,0.000000
2.012000,0.461300,0.601300,-0.979734,-0.000000,-0.979734,-0.464247,0.000000,0.464247,0.030877,-0.022842,0.039129,0.039129,0.008251,0.042655,0.065497,0.037140,0.005795,0.000073,0.040459,0.002196,1.466280,0.003382,1.469662,1.469662,1.469662,0.734831,0.734831,0,0,1,0,0.000000,0.080000,0.008000,0.001000,4.903250,0.096130,22.387000,0.025967,0.000000
2.017000,0.461800,0.601800,-0.982091,-0.000000,-0.982091,-0.464610,0.000000,0.464610,0.030877,-0.022842,0.039017,0.039017,0.008139,0.042115,0.064957,0.037169,0.005814,0.000073,0.039918,0.002197,1.453875,-0.002801,1.451073,1.451073,1.451073,0.725537,0.725537,0,0,1,0,0.000000,0.080000,0.008000,0.001000,4.904500,0.096180,22.382000,0.025955,0.000000
2.022000,0.462300,0.602300,-0.984451,-0.000000,-0.984451,-0.464982,0.000000,0.464982,0.030647,-0.022851,0.038904,0.038904,0.008257,0.042708,0.065559,0.037199,0.005832,0.000074,0.040509,0.002199,1.467006,0.003120,1.470125,1.470125,1.470125,0.735063,0.735063,0,0,1,0,0.000000,0.080000,0.008000,0.001000,4.905750,0.096230,22.377000,0.025942,0.000000
2.027000,0.462800,0.602800,-0.986812,-0.000000,-0.986812,-0.465353,0.000000,0.465353,0.030647,-0.022851,0.038792,0.038792,0.008146,0.042170,0.065021,0.037228,0.005851,0.000074,0.039970,0.002200,1.454641,-0.002790,1.451851,1.451851,1.451851,0.725926,0.725926,0,0,1,0,0.000000,0.080000,0.008000,0.001000,4.907000,0.096280,22.372000,0.025930,0.000000
2.032000,0.463300,0.603300,-0.989176,-0.000000,-0.989176,-0.465732,0.000000,0.465732,0.030418,-0.022838,0.038681,0.038681,0.008263,0.042757,0.065595,0.037259,0.005869,0.000076,0.040557,0.002200,1.467165,0.002978,1.470143,1.470143,1.470143,0.735071,0.735071,0,0,1,0,0.000000,0.080000,0.008000,0.001000,4.908250,0.096330,22.367000,0.025917,0.000000
2.037000,0.463800,0.603800,-0.991541,-0.000000,-0.991541,-0.466107,0.000000,0.466107,0.030418,-0.022838,0.038569,0.038569,0.008151,0.042220,0.065059,0.037289,0.005888,0.000075,0.040019,0.002201,1.454842,-0.002779,1.452063,1.452063,1.452063,0.726032,0.726032,0,0,1,0,0.000000,0.080000,0.008000,0.001000,4.909500,0.096380,22.362000,0.025905,0.000000
2.042000,0.464300,0.604300,-0.993909,-0.000000,-0.993909,-0.466489,0.000000,0.466489,0.030189,-0.022825,0.038458,0.038458,0.008269,0.042806,0.065631,0.037319,0.005907,0.000076,0.040605,0.002201,1.467309,0.002963,1.470272,1.470272,1.470272,0.735136,0.735136,0,0,1,0,0.000000,0.080000,0.008000,0.001000,4.910750,0.096430,22.357000,0.025892,0.000000
2.047000,0.464800,0.604800,-0.996279,-0.000000,-0.996279,-0.466867,0.000000,0.466867,0.030189,-0.022825,0.038346,0.038346,0.008157,0.042271,0.065096,0.037349,0.005925,0.000075,0.040069,0.002202,1.455027,-0.002768,1.452259,1.452259,1.452259,0.726129,0.726129,0,0,1,0,0.000000,0.080000,0.008000,0.001000,4.912000,0.096480,22.352000,0.025880,0.000000
2.052000,0.465300,0.605300,-0.998651,-0.000000,-0.998651,-0.467249,0.000000,0.467249,0.029960,-0.022826,0.038235,0.038235,0.008276,0.042863,0.065689,0.037380,0.005944,0.000076,0.040660,0.002203,1.467954,0.003068,1.471021,1.471021,1.471021,0.735511,0.735511,0,0,1,0,0.000000,0.080000,0.008000,0.001000,4.913250,0.096530,22.347000,0.025867,0.000000
2.061000,0.466200,0.606200,-1.003400,-0.000000,-1.003400,-0.468006,0.000000,0.468006,0.029730,-0.022851,0.038036,0.038036,0.008306,0.043037,0.065888,0.037441,0.005978,0.000084,0.040829,0.002208,1.471810,0.000572,1.472381,1.472381,1.472381,0.736191,0.736191,0,0,1,0,0.000000,0.080000,0.008000,0.001000,4.915500,0.096620,22.338000,0.025845,0.000000
2.066000,0.466700,0.606700,-1.005765,-0.000000,-1.005765,-0.468270,0.000000,0.468270,0.029730,-0.022851,0.037926,0.037926,0.008196,0.042505,0.065356,0.037462,0.005996,0.000053,0.040296,0.002209,1.459605,-0.002747,1.456858,1.456858,1.456858,0.728429,0.728429,0,0,1,0,0.000000,0.080000,0.008000,0.001000,4.916750,0.096670,22.333000,0.025832,0.000000
2.071000,0.467200,0.607200,-1.008144,-0.000000,-1.008144,-0.468654,0.000000,0.468654,0.029496,-0.022846,0.037815,0.037815,0.008319,0.043125,0.065970,0.037492,0.006015,0.000077,0.040915,0.002210,1.472986,0.003170,1.476156,1.476156,1.476156,0.738078,0.738078,0,0,1,0,0.000000,0.080000,0.008000,0.001000,4.918000,0.096720,22.328000,0.025820,0.000000
2.076000,0.467700,0.607700,-1.010525,-0.000000,-1.010525,-0.469034,0.000000,0.469034,0.029496,-0.022846,0.037705,0.037705,0.008209,0.042595,0.065440,0.037523,0.006034,0.000076,0.040384,0.002211,1.460821,-0.002736,1.458085,1.458085,1.458085,0.729043,0.729043,0,0,1,0,0.000000,0.080000,0.008000,0.001000,4.919250,0.096770,22.323000,0.025807,0.000000
2.081000,0.468200,0.608200,-1.012908,-0.000000,-1.012908,-0.469419,0.000000,0.469419,0.029266,-0.022862,0.037595,0.037595,0.008329,0.043197,0.066059,0.037554,0.006053,0.000077,0.040983,0.002213,1.474300,0.003191,1.477491,1.477491,1.477491,0.738745,0.738745,0,0,1,0,0.000000,0.080000,0.008000,0.001000,4.920500,0.096820,22.318000,0.025795,0.000000
2.086000,0.468700,0.608700,-1.015292,-0.000000,-1.015292,-0.469798,0.000000,0.469798,0.029266,-0.022862,0.037485,0.037485,0.008219,0.042668,0.065530,0.037584,0.006072,0.000076,0.040454,0.002215,1.462176,-0.002726,1.459450,1.459450,1.459450,0.729725,0.729725,0,0,1,0,0.000000,0.080000,0.008000,0.001000,4.921750,0.096870,22.313000,0.025782,0.000000
2.091000,0.469200,0.609200,-1.017679,-0.000000,-1.017679,-0.470182,0.000000,0.470182,0.029035,-0.022904,0.037376,0.037376,0.008341,0.043283,0.066188,0.037615,0.006090,0.000077,0.041063,0.002220,1.476512,0.003388,1.479900,1.479900,1.479900,0.739950,0.739950,0,0,1,0,0.000000,0.080000,0.008000,0.001000,4.923000,0.096920,22.308000,0.025770,0.000000
2.100000,0.470100,0.610100,-1.020067,-0.000000,-1.020067,-0.470560,0.000000,0.470560,0.028802,-0.022940,0.037179,0.037179,0.008377,0.043485,0.066425,0.037645,0.006124,0.000042,0.041260,0.002225,1.481202,0.000678,1.481880,1.481880,1.481880,0.740940,0.740940,0,0,1,0,0.000000,0.080000,0.008000,0.001000,4.925250,0.097010,22.299000,0.025747,0.000000
2.105000,0.470600,0.610600,-1.022457,-0.000000,-1.022457,-0.470942,0.000000,0.470942,0.028802,-0.022971,0.037070,0.037070,0.008268,0.042963,0.065934,0.037675,0.006143,0.000076,0.040733,0.002230,1.469929,-0.002526,1.467403,1.467403,1.467403,0.733701,0.733701,0,0,1,0,0.000000,0.080000,0.008000,0.001000,4.926500,0.097060,22.294000,0.025735,0.000000
2.110000,0.471100,0.611100,-1.024838,-0.000000,-1.024838,-0.471207,0.000000,0.471207,0.028802,-0.022971,0.036961,0.036961,0.008159,0.042438,0.065409,0.037697,0.006162,0.000053,0.040207,0.002231,1.457900,-0.002700,1.455199,1.455199,1.455199,0.727600,0.727600,0,0,1,0,0.000000,0.080000,0.008000,0.001000,4.927750,0.097110,22.289000,0.025722,0.000000
2.115000,0.471600,0.611600,-1.027231,-0.000000,-1.027231,-0.471593,0.000000,0.471593,0.028565,-0.023000,0.036853,0.036853,0.008288,0.043085,0.066085,0.037727,0.006181,0.000077,0.040850,0.002235,1.472636,0.003476,1.476112,1.476112,1.476112,0.738056,0.738056,0,0,1,0,0.000000,0.080000,0.008000,0.001000,4.929000,0.097160,22.284000,0.025710,0.000000
2.120000,0.472100,0.612100,-1.029627,-0.000000,-1.029627,-0.471976,0.000000,0.471976,0.028565,-0.023000,0.036744,0.036744,0.008179,0.042561,0.065562,0.037758,0.006200,0.000077,0.040325,0.002236,1.460647,-0.002690,1.457957,1.457957,1.457957,0.728979,0.728979,0,0,1,0,0.000000,0.080000,0.008000,0.001000,4.930250,0.097210,22.279000,0.025697,0.000000
2.125000,0.472600,0.612600,-1.032024,-0.000000,-1.032024,-0.472349,0.000000,0.472349,0.028331,-0.023141,0.036636,0.036636,0.008305,0.043207,0.066348,0.037788,0.006219,0.000074,0.040956,0.002251,1.477831,0.004039,1.481869,1.481869,1.481869,0.740935,0.740935,0,0,1,0,0.000000,0.080000,0.008000,0.001000,4.931500,0.097260,22.274000,0.025685,0.000000
2.130000,0.473100,0.613100,-1.034423,-0.000000,-1.034423,-0.472722,0.000000,0.472722,0.028331,-0.023141,0.036528,0.036528,0.008197,0.042685,0.065826,0.037818,0.006237,0.000075,0.040433,0.002252,1.465880,-0.002679,1.463201,1.463201,1.463201,0.731600,0.731600,0,0,1,0,0.000000,0.080000,0.008000,0.001000,4.932750,0.097310,22.269000,0.025672,0.000000
2.135000,0.473600,0.613600,-1.036835,-0.000000,-1.036835,-0.473219,0.000000,0.473219,0.028098,-0.023087,0.036420,0.036420,0.008322,0.043309,0.066397,0.037858,0.006256,0.000100,0.041061,0.002248,1.478254,0.002928,1.481182,1.481182,1.481182,0.740591,0.740591,0,0,1,0,0.000000,0.080000,0.008000,0.001000,4.934000,0.097360,22.264000,0.025660,0.000000
2.144000,0.474500,0.614500,-1.041661,-0.000000,-1.041661,-0.474138,0.000000,0.474138,0.027863,-0.023191,0.036226,0.036226,0.008363,0.043540,0.066731,0.037931,0.006291,0.000102,0.041280,0.002260,1.485105,0.000953,1.486058,1.486058,1.486058,0.743029,0.743029,0,0,1,0,0.000000,0.080000,0.008000,0.001000,4.936250,0.097450,22.255000,0.025637,0.000000
2.149000,0.475000,0.615000,-1.044062,-0.000000,-1.044062,-0.474450,0.000000,0.474450,0.027863,-0.023191,0.036119,0.036119,0.008255,0.043021,0.066212,0.037956,0.006310,0.000063,0.040760,0.002261,1.473228,-0.002659,1.470569,1.470569,1.470569,0.735285,0.735285,0,0,1,0,0.000000,0.080000,0.008000,0.001000,4.937500,0.097500,22.250000,0.025625,0.000000
2.154000,0.475500,0.615500,-1.046476,-0.000000,-1.046476,-0.474871,0.000000,0.474871,0.027619,-0.023343,0.036011,0.036011,0.008392,0.043723,0.067066,0.037990,0.006329,0.000084,0.041446,0.002277,1.491873,0.004370,1.496242,1.496242,1.496242,0.748121,0.748121,0,0,1,0,0.000000,0.080000,0.008000,0.001000,4.938750,0.097550,22.245000,0.025612,0.000000
2.159000,0.476000,0.616000,-1.048890,-0.000000,-1.048890,-0.475274,0.000000,0.475274,0.027619,-0.023343,0.035904,0.035904,0.008285,0.043206,0.066548,0.038022,0.006348,0.000081,0.040927,0.002278,1.480034,-0.002648,1.477386,1.477386,1.477386,0.738693,0.738693,0,0,1,0,0.000000,0.080000,0.008000,0.001000,4.940000,0.097600,22.240000,0.025600,0.000000
2.164000,0.476500,0.616500,-1.051306,-0.000000,-1.051306,-0.475674,0.000000,0.475674,0.027376,-0.023534,0.035797,0.035797,0.008421,0.043910,0.067444,0.038054,0.006367,0.000080,0.041612,0.002298,1.499617,0.004584,1.504201,1.504201,1.504201,0.752101,0.752101,0,0,1,0,0.000000,0.080000,0.008000,0.001000,4.941250,0.097650,22.235000,0.025587,0.000000
2.169000,0.477000,0.617000,-1.053723,-0.000000,-1.053723,-0.476062,0.000000,0.476062,0.027376,-0.023534,0.035691,0.035691,0.008315,0.043394,0.066928,0.038085,0.006386,0.000078,0.041095,0.002299,1.487817,-0.002638,1.485179,1.485179,1.485179,0.742589,0.742589,0,0,1,0,0.000000,0.080000,0.008000,0.001000,4.942500,0.097700,22.230000,0.025575,0.000000
2.174000,0.477500,0.617500,-1.056141,-0.000000,-1.056141,-0.476452,0.000000,0.476452,0.027130,-0.023717,0.035584,0.035584,0.008454,0.044112,0.067829,0.038116,0.006405,0.000078,0.041794,0.002318,1.507500,0.004605,1.512105,1.512105,1.512105,0.756053,0.756053,0,0,1,0,0.000000,0.080000,0.008000,0.001000,4.943750,0.097750,22.225000,0.025562,0.000000
2.179000,0.478000,0.618000,-1.058561,-0.000000,-1.058561,-0.476835,0.000000,0.476835,0.027130,-0.023717,0.035478,0.035478,0.008348,0.043598,0.067315,0.038147,0.006424,0.000077,0.041279,0.002319,1.495737,-0.002627,1.493110,1.493110,1.493110,0.746555,0.746555,0,0,1,0,0.000000,0.080000,0.008000,0.001000,4.945000,0.097800,22.220000,0.025550,0.000000
2.184000,0.478500,0.618500,-1.060983,-0.000000,-1.060983,-0.477224,0.000000,0.477224,0.026884,-0.023854,0.035372,0.035372,0.008488,0.044316,0.068170,0.038178,0.006443,0.000078,0.041982,0.002334,1.514405,0.004369,1.518774,1.518774,1.518774,0.759387,0.759387,0,0,1,0,0.000000,0.080000,0.008000,0.001000,4.946250,0.097850,22.215000,0.025537,0.000000
2.189000,0.479000,0.619000,-1.063407,-0.000000,-1.063407,-0.477609,0.000000,0.477609,0.026884,-0.023854,0.035266,0.035266,0.008382,0.043804,0.067658,0.038209,0.006462,0.000077,0.041468,0.002335,1.502679,-0.002617,1.500062,1.500062,1.500062,0.750031,0.750031,0,0,1,0,0.000000,0.080000,0.008000,0.001000,4.947500,0.097900,22.210000,0.025525,0.000000
2.194000,0.479500,0.619500,-1.065834,-0.000000,-1.065834,-0.478003,0.000000,0.478003,0.026640,-0.023922,0.035160,0.035160,0.008520,0.044508,0.068430,0.038240,0.006481,0.000079,0.042165,0.002343,1.519481,0.003939,1.523420,1.523420,1.523420,0.761710,0.761710,0,0,1,0,0.000000,0.080000,0.008000,0.001000,4.948750,0.097950,22.205000,0.025512,0.000000
2.199000,0.480000,0.620000,-1.068262,-0.000000,-1.068262,-0.478396,0.000000,0.478396,0.026640,-0.023922,0.035054,0.035054,0.008415,0.043997,0.067919,0.038272,0.006500,0.000079,0.041653,0.002344,1.507794,-0.002606,1.505187,1.505187,1.505187,0.752594,0.752594,0,0,1,0,0.000000,0.080000,0.008000,0.001000,4.950000,0.098000,22.200000,0.025500,0.000000
2.208000,0.480900,0.620900,-1.073127,-0.000000,-1.073127,-0.479201,0.000000,0.479201,0.026398,-0.023913,0.034865,0.034865,0.008466,0.044273,0.068186,0.038336,0.006535,0.000090,0.041928,0.002346,1.513115,0.000757,1.513871,1.513871,1.513871,0.756936,0.756936,0,0,1,0,0.000000,0.080000,0.008000,0.001000,4.952250,0.098090,22.191000,0.025477,0.000000
2.213000,0.481400,0.621400,-1.075550,-0.000000,-1.075550,-0.479480,0.000000,0.479480,0.026154,-0.024081,0.034759,0.034759,0.008605,0.044988,0.069069,0.038358,0.006554,0.000056,0.042625,0.002363,1.532363,0.004497,1.536860,1.536860,1.536860,0.768430,0.768430,0,0,1,0,0.000000,0.080000,0.008000,0.001000,4.953500,0.098140,22.186000,0.025465,0.000000
2.218000,0.481900,0.621900,-1.077986,-0.000000,-1.077986,-0.479882,0.000000,0.479882,0.026154,-0.024081,0.034654,0.034654,0.008500,0.044480,0.068561,0.038391,0.006573,0.000080,0.042116,0.002364,1.520747,-0.002587,1.518160,1.518160,1.518160,0.759080,0.759080,0,0,1,0,0.000000,0.080000,0.008000,0.001000,4.954750,0.098190,22.181000,0.025452,0.000000
2.223000,0.482400,0.622400,-1.080426,-0.000000,-1.080426,-0.480301,0.000000,0.480301,0.025918,-0.023917,0.034550,0.034550,0.008631,0.045127,0.069044,0.038424,0.006592,0.000084,0.042777,0.002350,1.531116,0.002458,1.533574,1.533574,1.533574,0.766787,0.766787,0,0,1,0,0.000000,0.080000,0.008000,0.001000,4.956000,0.098240,22.176000,0.025440,0.000000
2.228000,0.482900,0.622900,-1.082869,-0.000000,-1.082869,-0.480739,0.000000,0.480739,0.025918,-0.023917,0.034445,0.034445,0.008527,0.044620,0.068537,0.038459,0.006611,0.000088,0.042269,0.002351,1.519538,-0.002577,1.516962,1.516962,1.516962,0.758481,0.758481,0,0,1,0,0.000000,0.080000,0.008000,0.001000,4.957250,0.098290,22.171000,0.025427,0.000000
2.233000,0.483400,0.623400,-1.085315,-0.000000,-1.085315,-0.481172,0.000000,0.481172,0.025688,-0.023684,0.034341,0.034341,0.008653,0.045233,0.068916,0.038494,0.006631,0.000087,0.042904,0.002329,1.527603,0.001928,1.529531,1.529531,1.529531,0.764765,0.764765,0,0,1,0,0.000000,0.080000,0.008000,0.001000,4.958500,0.098340,22.166000,0.025415,0.000000
2.238000,0.483900,0.623900,-1.087764,-0.000000,-1.087764,-0.481608,0.000000,0.481608,0.025688,-0.023684,0.034236,0.034236,0.008548,0.044728,0.068411,0.038529,0.006650,0.000087,0.042397,0.002330,1.516063,-0.002567,1.513497,1.513497,1.513497,0.756748,0.756748,0,0,1,0,0.000000,0.080000,0.008000,0.001000,4.959750,0.098390,22.161000,0.025402,0.000000
2.243000,0.484400,0.624400,-1.090215,-0.000000,-1.090215,-0.482050,0.000000,0.482050,0.025462,-0.023433,0.034132,0.034132,0.008670,0.045318,0.068751,0.038564,0.006669,0.000088,0.043011,0.002307,1.523240,0.001723,1.524964,1.524964,1.524964,0.762482,0.762482,0,0,1,0,0.000000,0.080000,0.008000,0.001000,4.961000,0.098440,22.156000,0.025390,0.000000
2.248000,0.484900,0.624900,-1.092668,-0.000000,-1.092668,-0.482490,0.000000,0.482490,0.025462,-0.023433,0.034028,0.034028,0.008566,0.044814,0.068247,0.038599,0.006689,0.000088,0.042507,0.002308,1.511739,-0.002557,1.509182,1.509182,1.509182,0.754591,0.754591,0,0,1,0,0.000000,0.080000,0.008000,0.001000,4.962250,0.098490,22.151000,0.025377,0.000000
2.253000,0.485400,0.625400,-1.095124,-0.000000,-1.095124,-0.482933,0.000000,0.482933,0.025239,-0.023212,0.033924,0.033924,0.008686,0.045400,0.068612,0.038635,0.006708,0.000089,0.043113,0.002287,1.519483,0.001852,1.521335,1.521335,1.521335,0.760668,0.760668,0,0,1,0,0.000000,0.080000,0.008000,0.001000,4.963500,0.098540,22.146000,0.025365,0.000000
2.258000,0.485900,0.625900,-1.097582,-0.000000,-1.097582,-0.483370,0.000000,0.483370,0.025239,-0.023212,0.033821,0.033821,0.008582,0.044898,0.068110,0.038670,0.006727,0.000087,0.042609,0.002288,1.508019,-0.002547,1.505473,1.505473,1.505473,0.752736,0.752736,0,0,1,0,0.000000,0.080000,0.008000,0.001000,4.964750,0.098590,22.141000,0.025352,0.000000
2.267000,0.486800,0.626800,-1.102503,-0.000000,-1.102503,-0.484235,0.000000,0.484235,0.025014,-0.023058,0.033635,0.033635,0.008620,0.045093,0.068151,0.038739,0.006762,0.000096,0.042818,0.002275,1.508324,0.000117,1.508441,1.508441,1.508441,0.754220,0.754220,0,0,1,0,0.000000,0.080000,0.008000,0.001000,4.967000,0.098680,22.132000,0.025330,0.000000
2.272000,0.487300,0.627300,-1.104953,-0.000000,-1.104953,-0.484529,0.000000,0.484529,0.024782,-0.023212,0.033532,0.033532,0.008749,0.045761,0.068973,0.038762,0.006781,0.000059,0.043469,0.002292,1.526162,0.004160,1.530322,1.530322,1.530322,0.765161,0.765161,0,0,1,0,0.000000,0.080000,0.008000,0.001000,4.968250,0.098730,22.127000,0.025317,0.000000
2.277000,0.487800,0.627800,-1.107417,-0.000000,-1.107417,-0.484939,0.000000,0.484939,0.024782,-0.023212,0.033429,0.033429,0.008647,0.045262,0.068473,0.038795,0.006801,0.000082,0.042969,0.002293,1.514769,-0.002528,1.512241,1.512241,1.512241,0.756120,0.756120,0,0,1,0,0.000000,0.080000,0.008000,0.001000,4.969500,0.098780,22.122000,0.025305,0.000000
2.282000,0.488300,0.628300,-1.109882,-0.000000,-1.109882,-0.485354,0.000000,0.485354,0.024551,-0.023177,0.033326,0.033326,0.008775,0.045907,0.069084,0.038828,0.006820,0.000083,0.043617,0.002291,1.527942,0.003091,1.531033,1.531033,1.531033,0.765517,0.765517,0,0,1,0,0.000000,0.080000,0.008000,0.001000,4.970750,0.098830,22.117000,0.025292,0.000000
2.287000,0.488800,0.628800,-1.112349,-0.000000,-1.112349,-0.485765,0.000000,0.485765,0.024551,-0.023177,0.033223,0.033223,0.008672,0.045409,0.068587,0.038861,0.006840,0.000082,0.043117,0.002292,1.516585,-0.002518,1.514067,1.514067,1.514067,0.757034,0.757034,0,0,1,0,0.000000,0.080000,0.008000,0.001000,4.972000,0.098880,22.112000,0.025280,0.000000
2.292000,0.489300,0.629300,-1.114819,-0.000000,-1.114819,-0.486180,0.000000,0.486180,0.024320,-0.023170,0.033121,0.033121,0.008801,0.046064,0.069233,0.038894,0.006859,0.000083,0.043771,0.002292,1.530535,0.003267,1.533802,1.533802,1.533802,0.766901,0.766901,0,0,1,0,0.000000,0.080000,0.008000,0.001000,4.973250,0.098930,22.107000,0.025267,0.000000
2.297000,0.489800,0.629800,-1.117290,-0.000000,-1.117290,-0.486589,0.000000,0.486589,0.024320,-0.023170,0.033019,0.033019,0.008699,0.045567,0.068737,0.038927,0.006879,0.000082,0.043274,0.002293,1.519214,-0.002508,1.516706,1.516706,1.516706,0.758353,0.758353,0,0,1,0,0.000000,0.080000,0.008000,0.001000,4.974500,0.098980,22.102000,0.025255,0.000000
2.302000,0.490300,0.630300,-1.119763,-0.000000,-1.119763,-0.487003,0.000000,0.487003,0.024087,-0.023185,0.032917,0.032917,0.008830,0.046231,0.069417,0.038960,0.006898,0.000083,0.043935,0.002296,1.533901,0.003434,1.537336,1.537336,1.537336,0.768668,0.768668,0,0,1,0,0.000000,0.080000,0.008000,0.001000,4.975750,0.099030,22.097000,0.025242,0.000000
2.307000,0.490800,0.630800,-1.122239,-0.000000,-1.122239,-0.487412,0.000000,0.487412,0.024087,-0.023185,0.032815,0.032815,0.008728,0.045736,0.068922,0.038993,0.006918,0.000082,0.043439,0.002297,1.522617,-0.002498,1.520119,1.520119,1.520119,0.760059,0.760059,0,0,1,0,0.000000,0.080000,0.008000,0.001000,4.977000,0.099080,22.092000,0.025230,0.000000
2.312000,0.491300,0.631300,-1.124716,-0.000000,-1.124716,-0.487825,0.000000,0.487825,0.023853,-0.023217,0.032713,0.032713,0.008860,0.046410,0.069627,0.039026,0.006937,0.000083,0.044109,0.002302,1.537853,0.003558,1.541410,1.541410,1.541410,0.770705,0.770705,0,0,1,0,0.000000,0.080000,0.008000,0.001000,4.978250,0.099130,22.087000,0.025217,0.000000
2.317000,0.491800,0.631800,-1.127196,-0.000000,-1.127196,-0.488234,0.000000,0.488234,0.023853,-0.023217,0.032611,0.032611,0.008759,0.045916,0.069133,0.039059,0.006957,0.000082,0.043614,0.002303,1.526604,-0.002488,1.524115,1.524115,1.524115,0.762058,0.762058,0,0,1,0,0.000000,0.080000,0.008000,0.001000,4.979500,0.099180,22.082000,0.025205,0.000000
2.322000,0.492300,0.632300,-1.129678,-0.000000,-1.129678,-0.488648,0.000000,0.488648,0.023618,-0.023255,0.032510,0.032510,0.008892,0.046598,0.069853,0.039092,0.006976,0.000083,0.044290,0.002308,1.542146,0.003626,1.545771,1.545771,1.545771,0.772886,0.772886,0,0,1,0,0.000000,0.080000,0.008000,0.001000,4.980750,0.099230,22.077000,0.025192,0.000000
2.331000,0.493200,0.633200,-1.134647,-0.000000,-1.134647,-0.489474,0.000000,0.489474,0.023382,-0.023289,0.032328,0.032328,0.008945,0.046888,0.070177,0.039158,0.007011,0.000092,0.044575,0.002313,1.548659,0.000905,1.549564,1.549564,1.549564,0.774782,0.774782,0,0,1,0,0.000000,0.080000,0.008000,0.001000,4.983000,0.099320,22.068000,0.025170,0.000000
2.336000,0.493700,0.633700,-1.137123,-0.000000,-1.137123,-0.489768,0.000000,0.489768,0.023382,-0.023289,0.032227,0.032227,0.008844,0.046397,0.069686,0.039181,0.007031,0.000059,0.044083,0.002314,1.537478,-0.002470,1.535008,1.535008,1.535008,0.767504,0.767504,0,0,1,0,0.000000,0.080000,0.008000,0.001000,4.984250,0.099370,22.063000,0.025157,0.000000
2.341000,0.494200,0.634200,-1.139613,-0.000000,-1.139613,-0.490193,0.000000,0.490193,0.023145,-0.023254,0.032126,0.032126,0.008981,0.047088,0.070342,0.039215,0.007051,0.000085,0.044776,0.002312,1.551599,0.003299,1.554899,1.554899,1.554899,0.777449,0.777449,0,0,1,0,0.000000,0.080000,0.008000,0.001000,4.985500,0.099420,22.058000,0.025145,0.000000
2.346000,0.494700,0.634700,-1.142106,-0.000000,-1.142106,-0.490617,0.000000,0.490617,0.023145,-0.023254,0.032025,0.032025,0.008881,0.046598,0.069852,0.039249,0.007070,0.000085,0.044285,0.002313,1.540454,-0.002460,1.537994,1.537994,1.537994,0.768997,0.768997,0,0,1,0,0.000000,0.080000,0.008000,0.001000,4.986750,0.099470,22.053000,0.025132,0.000000
2.351000,0.495200,0.635200,-1.144602,-0.000000,-1.144602,-0.491050,0.000000,0.491050,0.022914,-0.023200,0.031925,0.031925,0.009011,0.047258,0.070458,0.039284,0.007090,0.000087,0.044949,0.002309,1.553463,0.003044,1.556507,1.556507,1.556507,0.778254,0.778254,0,0,1,0,0.000000,0.080000,0.008000,0.001000,4.988000,0.099520,22.048000,0.025120,0.000000
2.356000,0.495700,0.635700,-1.147099,-0.000000,-1.147099,-0.491481,0.000000,0.491481,0.022914,-0.023200,0.031825,0.031825,0.008911,0.046770,0.069970,0.039318,0.007110,0.000086,0.044460,0.002310,1.542353,-0.002451,1.539903,1.539903,1.539903,0.769951,0.769951,0,0,1,0,0.000000,0.080000,0.008000,0.001000,4.989250,0.099570,22.043000,0.025107,0.000000
2.361000,0.496200,0.636200,-1.149599,-0.000000,-1.149599,-0.491919,0.000000,0.491919,0.022684,-0.023136,0.031725,0.031725,0.009041,0.047423,0.070559,0.039354,0.007129,0.000088,0.045119,0.002305,1.554983,0.002956,1.557938,1.557938,1.557938,0.778969,0.778969,0,0,1,0,0.000000,0.080000,0.008000,0.001000,4.990500,0.099620,22.038000,0.025095,0.000000
2.366000,0.496700,0.636700,-1.152102,-0.000000,-1.152102,-0.492354,0.000000,0.492354,0.022684,-0.023136,0.031625,0.031625,0.008941,0.046937,0.070073,0.039388,0.007149,0.000087,0.044631,0.002306,1.543908,-0.002441,1.541467,1.541467,1.541467,0.770734,0.770734,0,0,1,0,0.000000,0.080000,0.008000,0.001000,4.991750,0.099670,22.033000,0.025082,0.000000
2.371000,0.497200,0.637200,-1.154607,-0.000000,-1.154607,-0.492796,0.000000,0.492796,0.022455,-0.023071,0.031525,0.031525,0.009070,0.047588,0.070659,0.039424,0.007169,0.000088,0.045287,0.002301,1.556487,0.002943,1.559430,1.559430,1.559430,0.779715,0.779715,0,0,1,0,0.000000,0.080000,0.008000,0.001000,4.993000,0.099720,22.028000,0.025070,0.000000
2.380000,0.498100,0.638100,-1.157114,-0.000000,-1.157114,-0.493234,0.000000,0.493234,0.022455,-0.023071,0.031345,0.031345,0.008891,0.046715,0.069787,0.039459,0.007204,0.000049,0.044412,0.002303,1.536629,-0.002430,1.534200,1.534200,1.534200,0.767100,0.767100,0,0,1,0,0.000000,0.080000,0.008000,0.001000,4.995250,0.099810,22.019000,0.025047,0.000000
2.385000,0.498600,0.638600,-1.159624,-0.000000,-1.159624,-0.493677,0.000000,0.493677,0.022226,-0.023016,0.031246,0.031246,0.009020,0.047368,0.070384,0.039494,0.007224,0.000089,0.045070,0.002298,1.549440,0.002993,1.552433,1.552433,1.552433,0.776216,0.776216,0,0,1,0,0.000000,0.080000,0.008000,0.001000,4.996500,0.099860,22.014000,0.025035,0.000000
2.390000,0.499100,0.639100,-1.162123,-0.000000,-1.162123,-0.493995,0.000000,0.493995,0.022226,-0.023016,0.031147,0.031147,0.008921,0.046885,0.069901,0.039520,0.007244,0.000064,0.044585,0.002300,1.538449,-0.002419,1.536030,1.536030,1.536030,0.768015,0.768015,0,0,1,0,0.000000,0.080000,0.008000,0.001000,4.997750,0.099910,22.009000,0.025022,0.000000
2.395000,0.499600,0.639600,-1.164636,-0.000000,-1.164636,-0.494429,0.000000,0.494429,0.021993,-0.023007,0.031048,0.031048,0.009055,0.047564,0.070571,0.039554,0.007263,0.000087,0.045264,0.002300,1.552839,0.003351,1.556189,1.556189,1.556189,0.778095,0.778095,0,0,1,0,0.000000,0.080000,0.008000,0.001000,4.999000,0.099960,22.004000,0.025010,0.000000
2.400000,0.500000,0.640000,-1.167151,-0.000000,-1.167151,-0.494864,0.000000,0.494864,0.021993,-0.023007,0.030969,0.030969,0.008976,0.047178,0.070185,0.039589,0.007283,0.000087,0.044878,0.002301,1.544073,-0.001928,1.542145,1.542145,1.542145,0.771072,0.771072,0,0,1,0,0.000000,0.080000,0.008000,0.001000,5.000000,0.100000,22.000000,0.025000,0.000000
2.405000,0.500000,0.640000,-1.169667,-0.000000,-1.169667,-0.495290,0.000000,0.495290,0.021762,-0.023064,0.030969,0.030969,0.009207,0.048339,0.071404,0.039623,0.007303,0.000085,0.046033,0.002306,1.570886,0.006094,1.576980,1.576980,1.576980,0.788490,0.788490,0,0,1,0,0.000000,0.080000,0.008000,0.001000,5.000000,0.100000,22.000000,0.025000,0.000000
2.410000,0.500000,0.640000,-1.172196,-0.000000,-1.172196,-0.495815,0.000000,0.495815,0.021762,-0.023064,0.030969,0.030969,0.009207,0.048339,0.071404,0.039665,0.007323,0.000105,0.046033,0.002306,1.570886,0.000000,1.570886,1.570886,1.570886,0.785443,0.785443,0,0,1,0,0.000000,0.080000,0.008000,0.001000,5.000000,0.100000,22.000000,0.025000,0.000000
2.415000,0.500000,0.640000,-1.174713,-0.000000,-1.174713,-0.496204,0.000000,0.496204,0.021530,-0.023158,0.030969,0.030969,0.009439,0.049509,0.072667,0.039696,0.007343,0.000078,0.047193,0.002316,1.598674,0.006315,1.604989,1.604989,1.604989,0.802495,0.802495,0,0,1,0,0.000000,0.080000,0.008000,0.001000,5.000000,0.100000,22.000000,0.025000,0.000000
2.424000,0.500000,0.640000,-1.179720,-0.000000,-1.179720,-0.496673,0.000000,0.496673,0.021286,-0.023344,0.030969,0.030969,0.009683,0.050750,0.074094,0.039734,0.007378,0.000052,0.048415,0.002334,1.630058,0.003963,1.634021,1.634021,1.634021,0.817010,0.817010,0,0,1,0,0.000000,0.080000,0.008000,0.001000,5.000000,0.100000,22.000000,0.025000,0.000000
2.429000,0.500000,0.640000,-1.182214,-0.000000,-1.182214,-0.496808,0.000000,0.496808,0.021286,-0.023344,0.030969,0.030969,0.009683,0.050750,0.074094,0.039745,0.007398,0.000027,0.048415,0.002334,1.630058,0.000000,1.630058,1.630058,1.630058,0.815029,0.815029,0,0,1,0,0.000000,0.080000,0.008000,0.001000,5.000000,0.100000,22.000000,0.025000,0.000000
2.434000,0.500000,0.640000,-1.184706,-0.000000,-1.184706,-0.496911,0.000000,0.496911,0.021045,-0.023311,0.030969,0.030969,0.009924,0.051949,0.075260,0.039753,0.007418,0.000021,0.049618,0.002331,1.655729,0.005834,1.661564,1.661564,1.661564,0.830782,0.830782,0,0,1,0,0.000000,0.080000,0.008000,0.001000,5.000000,0.100000,22.000000,0.025000,0.000000
2.439000,0.500000,0.640000,-1.187196,-0.000000,-1.187196,-0.496993,0.000000,0.496993,0.021045,-0.023311,0.030969,0.030969,0.009924,0.051949,0.075260,0.039759,0.007438,0.000016,0.049618,0.002331,1.655729,0.000000,1.655729,1.655729,1.655729,0.827865,0.827865,0,0,1,0,0.000000,0.080000,0.008000,0.001000,5.000000,0.100000,22.000000,0.025000,0.000000
2.444000,0.500000,0.640000,-1.189687,-0.000000,-1.189687,-0.497079,0.000000,0.497079,0.020821,-0.022880,0.030969,0.030969,0.010148,0.053026,0.075905,0.039766,0.007458,0.000017,0.050738,0.002288,1.669916,0.003224,1.673140,1.673140,1.673140,0.836570,0.836570,0,0,1,0,0.000000,0.080000,0.008000,0.001000,5.000000,0.100000,22.000000,0.025000,0.000000
2.449000,0.500000,0.640000,-1.192178,-0.000000,-1.192178,-0.497171,0.000000,0.497171,0.020821,-0.022880,0.030969,0.030969,0.010148,0.053026,0.075905,0.039774,0.007478,0.000019,0.050738,0.002288,1.669916,0.000000,1.669916,1.669916,1.669916,0.834958,0.834958,0,0,1,0,0.000000,0.080000,0.008000,0.001000,5.000000,0.100000,22.000000,0.025000,0.000000
2.454000,0.500000,0.640000,-1.194672,-0.000000,-1.194672,-0.497286,0.000000,0.497286,0.020624,-0.021983,0.030969,0.030969,0.010345,0.053924,0.075908,0.039783,0.007498,0.000023,0.051726,0.002198,1.669971,0.000012,1.669983,1.669983,1.669983,0.834992,0.834992,0,0,1,0,0.000000,0.080000,0.008000,0.001000,5.000000,0.100000,22.000000,0.025000,0.000000
2.459000,0.500000,0.640000,-1.197169,-0.000000,-1.197169,-0.497425,0.000000,0.497425,0.020624,-0.021983,0.030969,0.030969,0.010345,0.053924,0.075908,0.039794,0.007518,0.000028,0.051726,0.002198,1.669971,0.000000,1.669971,1.669971,1.669971,0.834985,0.834985,0,0,1,0,0.000000,0.080000,0.008000,0.001000,5.000000,0.100000,22.000000,0.025000,0.000000
2.464000,0.500000,0.640000,-1.199670,-0.000000,-1.199670,-0.497591,0.000000,0.497591,0.020457,-0.020670,0.030969,0.030969,0.010511,0.054624,0.075294,0.039807,0.007538,0.000033,0.052557,0.002067,1.656470,-0.003068,1.653402,1.653402,1.653402,0.826701,0.826701,0,0,1,0,0.000000,0.080000,0.008000,0.001000,5.000000,0.100000,22.000000,0.025000,0.000000
2.469000,0.500000,0.640000,-1.202174,-0.000000,-1.202174,-0.497787,0.000000,0.497787,0.020457,-0.020670,0.030969,0.030969,0.010511,0.054624,0.075294,0.039823,0.007558,0.000039,0.052557,0.002067,1.656470,0.000000,1.656470,1.656470,1.656470,0.828235,0.828235,0,0,1,0,0.000000,0.080000,0.008000,0.001000,5.000000,0.100000,22.000000,0.025000,0.000000
2.478000,0.500000,0.640000,-1.207193,-0.000000,-1.207193,-0.498248,0.000000,0.498248,0.020321,-0.019076,0.030969,0.030969,0.010647,0.055145,0.074221,0.039860,0.007593,0.000051,0.053237,0.001908,1.632857,-0.002982,1.629875,1.629875,1.629875,0.814938,0.814938,0,0,1,0,0.000000,0.080000,0.008000,0.001000,5.000000,0.100000,22.000000,0.025000,0.000000
2.483000,0.500000,0.640000,-1.209709,-0.000000,-1.209709,-0.498518,0.000000,0.498518,0.020212,-0.017298,0.030969,0.030969,0.010757,0.055515,0.072813,0.039881,0.007613,0.000054,0.053785,0.001730,1.601884,-0.007039,1.594845,1.594845,1.594845,0.797423,0.797423,0,0,1,0,0.000000,0.080000,0.008000,0.001000,5.000000,0.100000,22.000000,0.025000,0.000000
2.488000,0.500000,0.640000,-1.212227,-0.000000,-1.212227,-0.498801,0.000000,0.498801,0.020212,-0.017298,0.030969,0.030969,0.010757,0.055515,0.072813,0.039904,0.007633,0.000057,0.053785,0.001730,1.601884,0.000000,1.601884,1.601884,1.601884,0.800942,0.800942,0,0,1,0,0.000000,0.080000,0.008000,0.001000,5.000000,0.100000,22.000000,0.025000,0.000000
2.493000,0.500000,0.640000,-1.214748,-0.000000,-1.214748,-0.499080,0.000000,0.499080,0.020121,-0.015657,0.030969,0.030969,0.010848,0.055805,0.071462,0.039926,0.007653,0.000056,0.054239,0.001566,1.572169,-0.006753,1.565415,1.565415,1.565415,0.782708,0.782708,0,0,1,0,0.000000,0.080000,0.008000,0.001000,5.000000,0.100000,22.000000,0.025000,0.000000
2.498000,0.500000,0.640000,-1.217270,-0.000000,-1.217270,-0.499362,0.000000,0.499362,0.020121,-0.015657,0.030969,0.030969,0.010848,0.055805,0.071462,0.039949,0.007673,0.000056,0.054239,0.001566,1.572169,0.000000,1.572169,1.572169,1.572169,0.786084,0.786084,0,0,1,0,0.000000,0.080000,0.008000,0.001000,5.000000,0.100000,22.000000,0.025000,0.000000
2.503000,0.500000,0.640000,-1.219793,-0.000000,-1.219793,-0.499628,0.000000,0.499628,0.020036,-0.014309,0.030969,0.030969,0.010933,0.056097,0.070406,0.039970,0.007693,0.000053,0.054666,0.001431,1.548923,-0.005283,1.543640,1.543640,1.543640,0.771820,0.771820,0,0,1,0,0.000000,0.080000,0.008000,0.001000,5.000000,0.100000,22.000000,0.025000,0.000000
2.508000,0.500000,0.640000,-1.222316,-0.000000,-1.222316,-0.499885,0.000000,0.499885,0.020036,-0.014309,0.030969,0.030969,0.010933,0.056097,0.070406,0.039991,0.007713,0.000051,0.054666,0.001431,1.548923,0.000000,1.548923,1.548923,1.548923,0.774462,0.774462,0,0,1,0,0.000000,0.080000,0.008000,0.001000,5.000000,0.100000,22.000000,0.025000,0.000000
2.513000,0.500000,0.640000,-1.224838,-0.000000,-1.224838,-0.500121,0.000000,0.500121,0.019947,-0.013354,0.030969,0.030969,0.011022,0.056446,0.069801,0.040010,0.007733,0.000047,0.055111,0.001335,1.535611,-0.003026,1.532586,1.532586,1.532586,0.766293,0.766293,0,0,1,0,0.000000,0.080000,0.008000,0.001000,5.000000,0.100000,22.000000,0.025000,0.000000
2.522000,0.500000,0.640000,-1.229882,-0.000000,-1.229882,-0.500537,0.000000,0.500537,0.019847,-0.012818,0.030969,0.030969,0.011122,0.056890,0.069708,0.040043,0.007769,0.000046,0.055608,0.001282,1.533580,-0.000256,1.533324,1.533324,1.533324,0.766662,0.766662,0,0,1,0,0.000000,0.080000,0.008000,0.001000,5.000000,0.100000,22.000000,0.025000,0.000000
2.527000,0.500000,0.640000,-1.232402,-0.000000,-1.232402,-0.500714,0.000000,0.500714,0.019847,-0.012818,0.030969,0.030969,0.011122,0.056890,0.069708,0.040057,0.007789,0.000035,0.055608,0.001282,1.533580,0.000000,1.533580,1.533580,1.533580,0.766790,0.766790,0,0,1,0,0.000000,0.080000,0.008000,0.001000,5.000000,0.100000,22.000000,0.025000,0.000000
2.532000,0.500000,0.640000,-1.234921,-0.000000,-1.234921,-0.500874,0.000000,0.500874,0.019733,-0.012662,0.030969,0.030969,0.011235,0.057443,0.070105,0.040070,0.007809,0.000032,0.056177,0.001266,1.542308,0.001984,1.544292,1.544292,1.544292,0.772146,0.772146,0,0,1,0,0.000000,0.080000,0.008000,0.001000,5.000000,0.100000,22.000000,0.025000,0.000000
2.537000,0.500000,0.640000,-1.237440,-0.000000,-1.237440,-0.501019,0.000000,0.501019,0.019733,-0.012662,0.030969,0.030969,0.011235,0.057443,0.070105,0.040081,0.007829,0.000029,0.056177,0.001266,1.542308,0.000000,1.542308,1.542308,1.542308,0.771154,0.771154,0,0,1,0,0.000000,0.080000,0.008000,0.001000,5.000000,0.100000,22.000000,0.025000,0.000000
2.542000,0.500000,0.640000,-1.239959,-0.000000,-1.239959,-0.501156,0.000000,0.501156,0.019606,-0.012771,0.030969,0.030969,0.011363,0.058092,0.070863,0.040092,0.007849,0.000027,0.056815,0.001277,1.558983,0.003790,1.562772,1.562772,1.562772,0.781386,0.781386,0,0,1,0,0.000000,0.080000,0.008000,0.001000,5.000000,0.100000,22.000000,0.025000,0.000000
2.547000,0.500000,0.640000,-1.242477,-0.000000,-1.242477,-0.501285,0.000000,0.501285,0.019606,-0.012771,0.030969,0.030969,0.011363,0.058092,0.070863,0.040103,0.007869,0.000026,0.056815,0.001277,1.558983,0.000000,1.558983,1.558983,1.558983,0.779491,0.779491,0,0,1,0,0.000000,0.080000,0.008000,0.001000,5.000000,0.100000,22.000000,0.025000,0.000000
2.556000,0.500000,0.640000,-1.247516,-0.000000,-1.247516,-0.501554,0.000000,0.501554,0.019468,-0.013013,0.030969,0.030969,0.011501,0.058805,0.071819,0.040124,0.007906,0.000030,0.057504,0.001301,1.580014,0.002656,1.582670,1.582670,1.582670,0.791335,0.791335,0,0,1,0,0.000000,0.080000,0.008000,0.001000,5.000000,0.100000,22.000000,0.025000,0.000000
2.561000,0.500000,0.640000,-1.250037,-0.000000,-1.250037,-0.501690,0.000000,0.501690,0.019324,-0.013334,0.030969,0.030969,0.011645,0.059559,0.072893,0.040135,0.007926,0.000027,0.058225,0.001333,1.603635,0.005368,1.609004,1.609004,1.609004,0.804502,0.804502,0,0,1,0,0.000000,0.080000,0.008000,0.001000,5.000000,0.100000,22.000000,0.025000,0.000000
2.566000,0.500000,0.640000,-1.252559,-0.000000,-1.252559,-0.501842,0.000000,0.501842,0.019324,-0.013334,0.030969,0.030969,0.011645,0.059559,0.072893,0.040147,0.007946,0.000030,0.058225,0.001333,1.603635,0.000000,1.603635,1.603635,1.603635,0.801818,0.801818,0,0,1,0,0.000000,0.080000,0.008000,0.001000,5.000000,0.100000,22.000000,0.025000,0.000000
2.571000,0.500000,0.640000,-1.255085,-0.000000,-1.255085,-0.502020,0.000000,0.502020,0.019178,-0.013504,0.030969,0.030969,0.011791,0.060303,0.073807,0.040162,0.007966,0.000036,0.058953,0.001350,1.623749,0.004571,1.628320,1.628320,1.628320,0.814160,0.814160,0,0,1,0,0.000000,0.080000,0.008000,0.001000,5.000000,0.100000,22.000000,0.025000,0.000000
2.576000,0.500000,0.640000,-1.257614,-0.000000,-1.257614,-0.502219,0.000000,0.502219,0.019178,-0.013504,0.030969,0.030969,0.011791,0.060303,0.073807,0.040178,0.007986,0.000040,0.058953,0.001350,1.623749,0.000000,1.623749,1.623749,1.623749,0.811874,0.811874,0,0,1,0,0.000000,0.080000,0.008000,0.001000,5.000000,0.100000,22.000000,0.025000,0.000000
2.581000,0.500000,0.640000,-1.260146,-0.000000,-1.260146,-0.502452,0.000000,0.502452,0.019040,-0.013454,0.030969,0.030969,0.011928,0.060988,0.074442,0.040196,0.008006,0.000047,0.059642,0.001345,1.637721,0.003176,1.640897,1.640897,1.640897,0.820448,0.820448,0,0,1,0,0.000000,0.080000,0.008000,0.001000,5.000000,0.100000,22.000000,0.025000,0.000000
2.586000,0.500000,0.640000,-1.262683,-0.000000,-1.262683,-0.502712,0.000000,0.502712,0.019040,-0.013454,0.030969,0.030969,0.011928,0.060988,0.074442,0.040217,0.008026,0.000052,0.059642,0.001345,1.637721,0.000000,1.637721,1.637721,1.637721,0.818861,0.818861,0,0,1,0,0.000000,0.080000,0.008000,0.001000,5.000000,0.100000,22.000000,0.025000,0.000000
2.591000,0.500000,0.640000,-1.265224,-0.000000,-1.265224,-0.503006,0.000000,0.503006,0.018915,-0.013161,0.030969,0.030969,0.012054,0.061587,0.074748,0.040241,0.008046,0.000059,0.060271,0.001316,1.644452,0.001530,1.645982,1.645982,1.645982,0.822991,0.822991,0,0,1,0,0.000000,0.080000,0.008000,0.001000,5.000000,0.100000,22.000000,0.025000,0.000000
2.596000,0.500000,0.640000,-1.267769,-0.000000,-1.267769,-0.503330,0.000000,0.503330,0.018915,-0.013161,0.030969,0.030969,0.012054,0.061587,0.074748,0.040266,0.008066,0.000065,0.060271,0.001316,1.644452,0.000000,1.644452,1.644452,1.644452,0.822226,0.822226,0,0,1,0,0.000000,0.080000,0.008000,0.001000,5.000000,0.100000,22.000000,0.025000,0.000000
2.601000,0.500000,0.640000,-1.270319,-0.000000,-1.270319,-0.503685,0.000000,0.503685,0.018803,-0.012649,0.030969,0.030969,0.012166,0.062093,0.074741,0.040295,0.008086,0.000071,0.060828,0.001265,1.644312,-0.000032,1.644280,1.644280,1.644280,0.822140,0.822140,0,0,1,0,0.000000,0.080000,0.008000,0.001000,5.000000,0.100000,22.000000,0.025000,0.000000
2.606000,0.500000,0.640000,-1.272874,-0.000000,-1.272874,-0.504067,0.000000,0.504067,0.018803,-0.012649,0.030969,0.030969,0.012166,0.062093,0.074741,0.040325,0.008107,0.000076,0.060828,0.001265,1.644312,0.000000,1.644312,1.644312,1.644312,0.822156,0.822156,0,0,1,0,0.000000,0.080000,0.008000,0.001000,5.000000,0.100000,22.000000,0.025000,0.000000
2.615000,0.500000,0.640000,-1.277997,-0.000000,-1.277997,-0.504902,0.000000,0.504902,0.018706,-0.011982,0.030969,0.030969,0.012263,0.062513,0.074495,0.040392,0.008143,0.000093,0.061314,0.001198,1.638888,-0.000685,1.638203,1.638203,1.638203,0.819102,0.819102,0,0,1,0,0.000000,0.080000,0.008000,0.001000,5.000000,0.100000,22.000000,0.025000,0.000000
2.620000,0.500000,0.640000,-1.280564,-0.000000,-1.280564,-0.505350,0.000000,0.505350,0.018621,-0.011228,0.030969,0.030969,0.012348,0.062863,0.074091,0.040428,0.008163,0.000090,0.061740,0.001123,1.629999,-0.002020,1.627978,1.627978,1.627978,0.813989,0.813989,0,0,1,0,0.000000,0.080000,0.008000,0.001000,5.000000,0.100000,22.000000,0.025000,0.000000
2.625000,0.500000,0.640000,-1.283136,-0.000000,-1.283136,-0.505812,0.000000,0.505812,0.018621,-0.011228,0.030969,0.030969,0.012348,0.062863,0.074091,0.040465,0.008183,0.000093,0.061740,0.001123,1.629999,0.000000,1.629999,1.629999,1.629999,0.814999,0.814999,0,0,1,0,0.000000,0.080000,0.008000,0.001000,5.000000,0.100000,22.000000,0.025000,0.000000
2.630000,0.500000,0.640000,-1.283136,-0.000000,-1.283136,-0.505812,0.000000,0.505812,0.018544,-0.010848,0.030969,0.030969,0.012424,0.063207,0.074055,0.040465,0.008204,0.000000,0.062122,0.001085,1.629208,-0.000180,1.629028,1.629028,1.629028,0.814514,0.814514,0,0,1,0,0.000000,0.080000,0.008000,0.001000,5.000000,0.100000,22.000000,0.025000,0.000000
2.635000,0.500000,0.640000,-1.285711,-0.000000,-1.285711,-0.506282,0.000000,0.506282,0.018544,-0.010506,0.030969,0.030969,0.012424,0.063173,0.073679,0.040503,0.008224,0.000094,0.062122,0.001051,1.620932,-0.001881,1.619051,1.619051,1.619051,0.809526,0.809526,0,0,1,0,0.000000,0.080000,0.008000,0.001000,5.000000,0.100000,22.000000,0.025000,0.000000
2.640000,0.500000,0.640000,-1.288288,-0.000000,-1.288288,-0.506759,0.000000,0.506759,0.018544,-0.010506,0.030969,0.030969,0.012424,0.063173,0.073679,0.040541,0.008244,0.000095,0.062122,0.001051,1.620932,0.000000,1.620932,1.620932,1.620932,0.810466,0.810466,0,0,1,0,0.000000,0.080000,0.008000,0.001000,5.000000,0.100000,22.000000,0.025000,0.000000
2.645000,0.500000,0.640000,-1.290869,-0.000000,-1.290869,-0.507240,0.000000,0.507240,0.018472,-0.009860,0.030969,0.030969,0.012497,0.063470,0.073330,0.040579,0.008264,0.000096,0.062484,0.000986,1.613256,-0.001745,1.611511,1.611511,1.611511,0.805755,0.805755,0,0,1,0,0.000000,0.080000,0.008000,0.001000,5.000000,0.100000,22.000000,0.025000,0.000000
2.650000,0.500000,0.640000,-1.293453,-0.000000,-1.293453,-0.507722,0.000000,0.507722,0.018472,-0.009860,0.030969,0.030969,0.012497,0.063470,0.073330,0.040618,0.008285,0.000096,0.062484,0.000986,1.613256,0.000000,1.613256,1.613256,1.613256,0.806628,0.806628,0,0,1,0,0.000000,0.080000,0.008000,0.001000,5.000000,0.100000,22.000000,0.025000,0.000000
2.655000,0.500000,0.640000,-1.296038,-0.000000,-1.296038,-0.508197,0.000000,0.508197,0.018400,-0.009382,0.030969,0.030969,0.012569,0.063782,0.073164,0.040656,0.008305,0.000095,0.062843,0.000938,1.609610,-0.000828,1.608782,1.608782,1.608782,0.804391,0.804391,0,0,1,0,0.000000,0.080000,0.008000,0.001000,5.000000,0.100000,22.000000,0.025000,0.000000
2.664000,0.500000,0.640000,-1.301214,-0.000000,-1.301214,-0.509130,0.000000,0.509130,0.018324,-0.009093,0.030969,0.030969,0.012645,0.064133,0.073226,0.040730,0.008342,0.000104,0.063224,0.000909,1.610964,0.000171,1.611134,1.611134,1.611134,0.805567,0.805567,0,0,1,0,0.000000,0.080000,0.008000,0.001000,5.000000,0.100000,22.000000,0.025000,0.000000
2.672000,0.500000,0.640000,-1.306397,-0.000000,-1.306397,-0.510031,0.000000,0.510031,0.018242,-0.008979,0.030969,0.030969,0.012727,0.064532,0.073511,0.040803,0.008374,0.000113,0.063634,0.000898,1.617234,0.000891,1.618124,1.618124,1.618124,0.809062,0.809062,0,0,1,0,0.000000,0.080000,0.008000,0.001000,5.000000,0.100000,22.000000,0.025000,0.000000
2.680000,0.500000,0.640000,-1.308990,-0.000000,-1.308990,-0.510471,0.000000,0.510471,0.018242,-0.008979,0.030969,0.030969,0.012727,0.064532,0.073511,0.040838,0.008407,0.000055,0.063634,0.000898,1.617234,0.000000,1.617234,1.617234,1.617234,0.808617,0.808617,0,0,1,0,0.000000,0.080000,0.008000,0.001000,5.000000,0.100000,22.000000,0.025000,0.000000
2.689000,0.500000,0.640000,-1.314182,-0.000000,-1.314182,-0.511338,0.000000,0.511338,0.018154,-0.008994,0.030969,0.030969,0.012815,0.064975,0.073969,0.040907,0.008444,0.000096,0.064076,0.000899,1.627327,0.001274,1.628601,1.628601,1.628601,0.814300,0.814300,0,0,1,0,0.000000,0.080000,0.008000,0.001000,5.000000,0.100000,22.000000,0.025000,0.000000
2.698000,0.500000,0.640000,-1.319381,-0.000000,-1.319381,-0.512190,0.000000,0.512190,0.018060,-0.009118,0.030969,0.030969,0.012909,0.065456,0.074574,0.040975,0.008481,0.000095,0.064544,0.000912,1.640623,0.001679,1.642302,1.642302,1.642302,0.821151,0.821151,0,0,1,0,0.000000,0.080000,0.008000,0.001000,5.000000,0.100000,22.000000,0.025000,0.000000
2.703000,0.500000,0.640000,-1.321984,-0.000000,-1.321984,-0.512616,0.000000,0.512616,0.017962,-0.009277,0.030969,0.030969,0.013007,0.065962,0.075239,0.041009,0.008501,0.000085,0.065035,0.000928,1.655260,0.003327,1.658586,1.658586,1.658586,0.829293,0.829293,0,0,1,0,0.000000,0.080000,0.008000,0.001000,5.000000,0.100000,22.000000,0.025000,0.000000
2.708000,0.500000,0.640000,-1.324589,-0.000000,-1.324589,-0.513048,0.000000,0.513048,0.017962,-0.009277,0.030969,0.030969,0.013007,0.065962,0.075239,0.041044,0.008522,0.000086,0.065035,0.000928,1.655260,0.000000,1.655260,1.655260,1.655260,0.827630,0.827630,0,0,1,0,0.000000,0.080000,0.008000,0.001000,5.000000,0.100000,22.000000,0.025000,0.000000
2.713000,0.500000,0.640000,-1.327198,-0.000000,-1.327198,-0.513493,0.000000,0.513493,0.017863,-0.009352,0.030969,0.030969,0.013105,0.066463,0.075815,0.041079,0.008542,0.000089,0.065527,0.000935,1.667920,0.002877,1.670797,1.670797,1.670797,0.835399,0.835399,0,0,1,0,0.000000,0.080000,0.008000,0.001000,5.000000,0.100000,22.000000,0.025000,0.000000
2.722000,0.500000,0.640000,-1.332424,-0.000000,-1.332424,-0.514417,0.000000,0.514417,0.017769,-0.009311,0.030969,0.030969,0.013200,0.066930,0.076240,0.041153,0.008579,0.000103,0.065999,0.000931,1.677288,0.001183,1.678471,1.678471,1.678471,0.839236,0.839236,0,0,1,0,0.000000,0.080000,0.008000,0.001000,5.000000,0.100000,22.000000,0.025000,0.000000
2.727000,0.500000,0.640000,-1.335043,-0.000000,-1.335043,-0.514901,0.000000,0.514901,0.017769,-0.009311,0.030969,0.030969,0.013200,0.066930,0.076240,0.041192,0.008600,0.000097,0.065999,0.000931,1.677288,0.000000,1.677288,1.677288,1.677288,0.838644,0.838644,0,0,1,0,0.000000,0.080000,0.008000,0.001000,5.000000,0.100000,22.000000,0.025000,0.000000
2.732000,0.500000,0.640000,-1.337666,-0.000000,-1.337666,-0.515401,0.000000,0.515401,0.017682,-0.009135,0.030969,0.030969,0.013287,0.067349,0.076484,0.041232,0.008621,0.000100,0.066436,0.000914,1.682656,0.001220,1.683876,1.683876,1.683876,0.841938,0.841938,0,0,1,0,0.000000,0.080000,0.008000,0.001000,5.000000,0.100000,22.000000,0.025000,0.000000
2.737000,0.500000,0.640000,-1.340293,-0.000000,-1.340293,-0.515914,0.000000,0.515914,0.017682,-0.009135,0.030969,0.030969,0.013287,0.067349,0.076484,0.041273,0.008641,0.000103,0.066436,0.000914,1.682656,0.000000,1.682656,1.682656,1.682656,0.841328,0.841328,0,0,1,0,0.000000,0.080000,0.008000,0.001000,5.000000,0.100000,22.000000,0.025000,0.000000
2.742000,0.500000,0.640000,-1.342924,-0.000000,-1.342924,-0.516442,0.000000,0.516442,0.017602,-0.008848,0.030969,0.030969,0.013367,0.067720,0.076567,0.041315,0.008662,0.000106,0.066835,0.000885,1.684480,0.000414,1.684894,1.684894,1.684894,0.842447,0.842447,0,0,1,0,0.000000,0.080000,0.008000,0.001000,5.000000,0.100000,22.000000,0.025000,0.000000
2.747000,0.500000,0.640000,-1.345558,-0.000000,-1.345558,-0.516981,0.000000,0.516981,0.017602,-0.008848,0.030969,0.030969,0.013367,0.067720,0.076567,0.041359,0.008683,0.000108,0.066835,0.000885,1.684480,0.000000,1.684480,1.684480,1.684480,0.842240,0.842240,0,0,1,0,0.000000,0.080000,0.008000,0.001000,5.000000,0.100000,22.000000,0.025000,0.000000
2.752000,0.500000,0.640000,-1.348197,-0.000000,-1.348197,-0.517532,0.000000,0.517532,0.017529,-0.008483,0.030969,0.030969,0.013439,0.068045,0.076528,0.041403,0.008703,0.000110,0.067197,0.000848,1.683622,-0.000195,1.683427,1.683427,1.683427,0.841714,0.841714,0,0,1,0,0.000000,0.080000,0.008000,0.001000,5.000000,0.100000,22.000000,0.025000,0.000000
2.761000,0.500000,0.640000,-1.353485,-0.000000,-1.353485,-0.518659,0.000000,0.518659,0.017463,-0.008087,0.030969,0.030969,0.013506,0.068336,0.076424,0.041493,0.008741,0.000125,0.067528,0.000809,1.681324,-0.000290,1.681034,1.681034,1.681034,0.840517,0.840517,0,0,1,0,0.000000,0.080000,0.008000,0.001000,5.000000,0.100000,22.000000,0.025000,0.000000
2.766000,0.500000,0.640000,-1.356134,-0.000000,-1.356134,-0.519232,0.000000,0.519232,0.017463,-0.008087,0.030969,0.030969,0.013506,0.068336,0.076424,0.041539,0.008761,0.000114,0.067528,0.000809,1.681324,0.000000,1.681324,1.681324,1.681324,0.840662,0.840662,0,0,1,0,0.000000,0.080000,0.008000,0.001000,5.000000,0.100000,22.000000,0.025000,0.000000
2.771000,0.500000,0.640000,-1.358787,-0.000000,-1.358787,-0.519807,0.000000,0.519807,0.017401,-0.007706,0.030969,0.030969,0.013568,0.068608,0.076315,0.041585,0.008782,0.000115,0.067838,0.000771,1.678925,-0.000545,1.678379,1.678379,1.678379,0.839190,0.839190,0,0,1,0,0.000000,0.080000,0.008000,0.001000,5.000000,0.100000,22.000000,0.025000,0.000000
2.776000,0.500000,0.640000,-1.361442,-0.000000,-1.361442,-0.520384,0.000000,0.520384,0.017401,-0.007706,0.030969,0.030969,0.013568,0.068608,0.076315,0.041631,0.008803,0.000115,0.067838,0.000771,1.678925,0.000000,1.678925,1.678925,1.678925,0.839462,0.839462,0,0,1,0,0.000000,0.080000,0.008000,0.001000,5.000000,0.100000,22.000000,0.025000,0.000000
2.781000,0.500000,0.640000,-1.364100,-0.000000,-1.364100,-0.520960,0.000000,0.520960,0.017341,-0.007379,0.030969,0.030969,0.013628,0.068876,0.076255,0.041677,0.008824,0.000115,0.068138,0.000738,1.677612,-0.000298,1.677313,1.677313,1.677313,0.838657,0.838657,0,0,1,0,0.000000,0.080000,0.008000,0.001000,5.000000,0.100000,22.000000,0.025000,0.000000
2.790000,0.500000,0.640000,-1.366762,-0.000000,-1.366762,-0.521534,0.000000,0.521534,0.017341,-0.007379,0.030969,0.030969,0.013628,0.068876,0.076255,0.041723,0.008861,0.000064,0.068138,0.000738,1.677612,0.000000,1.677612,1.677612,1.677612,0.838806,0.838806,0,0,1,0,0.000000,0.080000,0.008000,0.001000,5.000000,0.100000,22.000000,0.025000,0.000000
2.795000,0.500000,0.640000,-1.369425,-0.000000,-1.369425,-0.522106,0.000000,0.522106,0.017281,-0.007131,0.030969,0.030969,0.013688,0.069152,0.076283,0.041768,0.008882,0.000114,0.068439,0.000713,1.678223,0.000139,1.678362,1.678362,1.678362,0.839181,0.839181,0,0,1,0,0.000000,0.080000,0.008000,0.001000,5.000000,0.100000,22.000000,0.025000,0.000000
2.800000,0.500000,0.640000,-1.372092,-0.000000,-1.372092,-0.522673,0.000000,0.522673,0.017219,-0.006974,0.030969,0.030969,0.013750,0.069446,0.076419,0.041814,0.008903,0.000113,0.068748,0.000697,1.681226,0.000683,1.681909,1.681909,1.681909,0.840954,0.840954,0,0,1,0,0.000000,0.080000,0.008000,0.001000,5.000000,0.100000,22.000000,0.025000,0.000000
2.805000,0.500000,0.640000,-1.374760,-0.000000,-1.374760,-0.523236,0.000000,0.523236,0.017219,-0.006974,0.030969,0.030969,0.013750,0.069446,0.076419,0.041859,0.008924,0.000113,0.068748,0.000697,1.681226,0.000000,1.681226,1.681226,1.681226,0.840613,0.840613,0,0,1,0,0.000000,0.080000,0.008000,0.001000,5.000000,0.100000,22.000000,0.025000,0.000000
2.810000,0.500000,0.640000,-1.377431,-0.000000,-1.377431,-0.523794,0.000000,0.523794,0.017219,-0.006974,0.030969,0.030969,0.013750,0.069446,0.076419,0.041904,0.008945,0.000112,0.068748,0.000697,1.681226,0.000000,1.681226,1.681226,1.681226,0.840613,0.840613,0,0,1,0,0.000000,0.080000,0.008000,0.001000,5.000000,0.100000,22.000000,0.025000,0.000000
2.815000,0.500000,0.640000,-1.380105,-0.000000,-1.380105,-0.524349,0.000000,0.524349,0.017155,-0.006895,0.030969,0.030969,0.013814,0.069760,0.076655,0.041948,0.008966,0.000111,0.069071,0.000689,1.686416,0.001179,1.687596,1.687596,1.687596,0.843798,0.843798,0,0,1,0,0.000000,0.080000,0.008000,0.001000,5.000000,0.100000,22.000000,0.025000,0.000000
2.820000,0.500000,0.640000,-1.382781,-0.000000,-1.382781,-0.524900,0.000000,0.524900,0.017155,-0.006895,0.030969,0.030969,0.013814,0.069760,0.076655,0.041992,0.008987,0.000110,0.069071,0.000689,1.686416,0.000000,1.686416,1.686416,1.686416,0.843208,0.843208,0,0,1,0,0.000000,0.080000,0.008000,0.001000,5.000000,0.100000,22.000000,0.025000,0.000000
2.825000,0.500000,0.640000,-1.385459,-0.000000,-1.385459,-0.525448,0.000000,0.525448,0.017088,-0.006875,0.030969,0.030969,0.013881,0.070094,0.076969,0.042036,0.009008,0.000110,0.069406,0.000688,1.693311,0.001567,1.694878,1.694878,1.694878,0.847439,0.847439,0,0,1,0,0.000000,0.080000,0.008000,0.001000,5.000000,0.100000,22.000000,0.025000,0.000000
2.834000,0.500000,0.640000,-1.390823,-0.000000,-1.390823,-0.526540,0.000000,0.526540,0.017019,-0.006887,0.030969,0.030969,0.013950,0.070440,0.077326,0.042123,0.009046,0.000121,0.069751,0.000689,1.701180,0.000994,1.702173,1.702173,1.702173,0.851087,0.851087,0,0,1,0,0.000000,0.080000,0.008000,0.001000,5.000000,0.100000,22.000000,0.025000,0.000000
2.839000,0.500000,0.640000,-1.393510,-0.000000,-1.393510,-0.527085,0.000000,0.527085,0.017019,-0.006887,0.030969,0.030969,0.013950,0.070440,0.077326,0.042167,0.009067,0.000109,0.069751,0.000689,1.701180,0.000000,1.701180,1.701180,1.701180,0.850590,0.850590,0,0,1,0,0.000000,0.080000,0.008000,0.001000,5.000000,0.100000,22.000000,0.025000,0.000000
2.844000,0.500000,0.640000,-1.396199,-0.000000,-1.396199,-0.527633,0.000000,0.527633,0.016949,-0.006899,0.030969,0.030969,0.014020,0.070789,0.077688,0.042211,0.009088,0.000110,0.070099,0.000690,1.709136,0.001808,1.710944,1.710944,1.710944,0.855472,0.855472,0,0,1,0,0.000000,0.080000,0.008000,0.001000,5.000000,0.100000,22.000000,0.025000,0.000000
2.849000,0.500000,0.640000,-1.398891,-0.000000,-1.398891,-0.528182,0.000000,0.528182,0.016949,-0.006899,0.030969,0.030969,0.014020,0.070789,0.077688,0.042255,0.009109,0.000110,0.070099,0.000690,1.709136,0.000000,1.709136,1.709136,1.709136,0.854568,0.854568,0,0,1,0,0.000000,0.080000,0.008000,0.001000,5.000000,0.100000,22.000000,0.025000,0.000000
2.854000,0.500000,0.640000,-1.401586,-0.000000,-1.401586,-0.528736,0.000000,0.528736,0.016880,-0.006890,0.030969,0.030969,0.014089,0.071134,0.078025,0.042299,0.009130,0.000111,0.070445,0.000689,1.716540,0.001683,1.718222,1.718222,1.718222,0.859111,0.859111,0,0,1,0,0.000000,0.080000,0.008000,0.001000,5.000000,0.100000,22.000000,0.025000,0.000000
2.859000,0.500000,0.640000,-1.404284,-0.000000,-1.404284,-0.529292,0.000000,0.529292,0.016880,-0.006890,0.030969,0.030969,0.014089,0.071134,0.078025,0.042343,0.009152,0.000111,0.070445,0.000689,1.716540,0.000000,1.716540,1.716540,1.716540,0.858270,0.858270,0,0,1,0,0.000000,0.080000,0.008000,0.001000,5.000000,0.100000,22.000000,0.025000,0.000000
2.868000,0.500000,0.640000,-1.409690,-0.000000,-1.409690,-0.530420,0.000000,0.530420,0.016812,-0.006844,0.030969,0.030969,0.014157,0.071468,0.078312,0.042434,0.009190,0.000125,0.070784,0.000684,1.722856,0.000798,1.723654,1.723654,1.723654,0.861827,0.861827,0,0,1,0,0.000000,0.080000,0.008000,0.001000,5.000000,0.100000,22.000000,0.025000,0.000000
2.873000,0.500000,0.640000,-1.412397,-0.000000,-1.412397,-0.530989,0.000000,0.530989,0.016747,-0.006777,0.030969,0.030969,0.014222,0.071789,0.078566,0.042479,0.009211,0.000114,0.071111,0.000678,1.728446,0.001270,1.729716,1.729716,1.729716,0.864858,0.864858,0,0,1,0,0.000000,0.080000,0.008000,0.001000,5.000000,0.100000,22.000000,0.025000,0.000000
2.878000,0.500000,0.640000,-1.415108,-0.000000,-1.415108,-0.531562,0.000000,0.531562,0.016747,-0.006777,0.030969,0.030969,0.014222,0.071789,0.078566,0.042525,0.009232,0.000115,0.071111,0.000678,1.728446,0.000000,1.728446,1.728446,1.728446,0.864223,0.864223,0,0,1,0,0.000000,0.080000,0.008000,0.001000,5.000000,0.100000,22.000000,0.025000,0.000000
2.883000,0.500000,0.640000,-1.417823,-0.000000,-1.417823,-0.532143,0.000000,0.532143,0.016683,-0.006658,0.030969,0.030969,0.014285,0.072093,0.078751,0.042571,0.009254,0.000116,0.071427,0.000666,1.732515,0.000925,1.733440,1.733440,1.733440,0.866720,0.866720,0,0,1,0,0.000000,0.080000,0.008000,0.001000,5.000000,0.100000,22.000000,0.025000,0.000000
2.888000,0.500000,0.640000,-1.420541,-0.000000,-1.420541,-0.532728,0.000000,0.532728,0.016683,-0.006658,0.030969,0.030969,0.014285,0.072093,0.078751,0.042618,0.009275,0.000117,0.071427,0.000666,1.732515,0.000000,1.732515,1.732515,1.732515,0.866258,0.866258,0,0,1,0,0.000000,0.080000,0.008000,0.001000,5.000000,0.100000,22.000000,0.025000,0.000000
2.893000,0.500000,0.640000,-1.423262,-0.000000,-1.423262,-0.533319,0.000000,0.533319,0.016624,-0.006499,0.030969,0.030969,0.014345,0.072376,0.078875,0.042666,0.009296,0.000118,0.071726,0.000650,1.735250,0.000622,1.735872,1.735872,1.735872,0.867936,0.867936,0,0,1,0,0.000000,0.080000,0.008000,0.001000,5.000000,0.100000,22.000000,0.025000,0.000000
2.898000,0.500000,0.640000,-1.425987,-0.000000,-1.425987,-0.533914,0.000000,0.533914,0.016624,-0.006499,0.030969,0.030969,0.014345,0.072376,0.078875,0.042713,0.009318,0.000119,0.071726,0.000650,1.735250,0.000000,1.735250,1.735250,1.735250,0.867625,0.867625,0,0,1,0,0.000000,0.080000,0.008000,0.001000,5.000000,0.100000,22.000000,0.025000,0.000000
2.907000,0.500000,0.640000,-1.431446,-0.000000,-1.431446,-0.535115,0.000000,0.535115,0.016567,-0.006317,0.030969,0.030969,0.014402,0.072641,0.078958,0.042809,0.009356,0.000133,0.072009,0.000632,1.737070,0.000230,1.737300,1.737300,1.737300,0.868650,0.868650,0,0,1,0,0.000000,0.080000,0.008000,0.001000,5.000000,0.100000,22.000000,0.025000,0.000000
2.912000,0.500000,0.640000,-1.434181,-0.000000,-1.434181,-0.535719,0.000000,0.535719,0.016513,-0.006137,0.030969,0.030969,0.014456,0.072895,0.079031,0.042857,0.009378,0.000121,0.072281,0.000614,1.738686,0.000367,1.739053,1.739053,1.739053,0.869527,0.869527,0,0,1,0,0.000000,0.080000,0.008000,0.001000,5.000000,0.100000,22.000000,0.025000,0.000000
2.917000,0.500000,0.640000,-1.436919,-0.000000,-1.436919,-0.536324,0.000000,0.536324,0.016513,-0.006137,0.030969,0.030969,0.014456,0.072895,0.079031,0.042906,0.009399,0.000121,0.072281,0.000614,1.738686,0.000000,1.738686,1.738686,1.738686,0.869343,0.869343,0,0,1,0,0.000000,0.080000,0.008000,0.001000,5.000000,0.100000,22.000000,0.025000,0.000000
2.922000,0.500000,0.640000,-1.439660,-0.000000,-1.439660,-0.536930,0.000000,0.536930,0.016460,-0.005967,0.030969,0.030969,0.014509,0.073142,0.079109,0.042954,0.009420,0.000121,0.072546,0.000597,1.740396,0.000389,1.740784,1.740784,1.740784,0.870392,0.870392,0,0,1,0,0.000000,0.080000,0.008000,0.001000,5.000000,0.100000,22.000000,0.025000,0.000000
2.927000,0.500000,0.640000,-1.442404,-0.000000,-1.442404,-0.537536,0.000000,0.537536,0.016460,-0.005967,0.030969,0.030969,0.014509,0.073142,0.079109,0.043003,0.009442,0.000121,0.072546,0.000597,1.740396,0.000000,1.740396,1.740396,1.740396,0.870198,0.870198,0,0,1,0,0.000000,0.080000,0.008000,0.001000,5.000000,0.100000,22.000000,0.025000,0.000000
2.932000,0.500000,0.640000,-1.445151,-0.000000,-1.445151,-0.538142,0.000000,0.538142,0.016407,-0.005821,0.030969,0.030969,0.014561,0.073389,0.079210,0.043051,0.009463,0.000121,0.072806,0.000582,1.742616,0.000505,1.743120,1.743120,1.743120,0.871560,0.871560,0,0,1,0,0.000000,0.080000,0.008000,0.001000,5.000000,0.100000,22.000000,0.025000,0.000000
2.937000,0.500000,0.640000,-1.447901,-0.000000,-1.447901,-0.538747,0.000000,0.538747,0.016407,-0.005821,0.030969,0.030969,0.014561,0.073389,0.079210,0.043100,0.009485,0.000121,0.072806,0.000582,1.742616,0.000000,1.742616,1.742616,1.742616,0.871308,0.871308,0,0,1,0,0.000000,0.080000,0.008000,0.001000,5.000000,0.100000,22.000000,0.025000,0.000000
2.946000,0.500000,0.640000,-1.453410,-0.000000,-1.453410,-0.539953,0.000000,0.539953,0.016355,-0.005708,0.030969,0.030969,0.014613,0.073638,0.079346,0.043196,0.009524,0.000134,0.073067,0.000571,1.745621,0.000379,1.746001,1.746001,1.746001,0.873000,0.873000,0,0,1,0,0.000000,0.080000,0.008000,0.001000,5.000000,0.100000,22.000000,0.025000,0.000000
2.951000,0.500000,0.640000,-1.456169,-0.000000,-1.456169,-0.540553,0.000000,0.540553,0.016302,-0.005641,0.030969,0.030969,0.014666,0.073896,0.079537,0.043244,0.009546,0.000120,0.073332,0.000564,1.749807,0.000951,1.750759,1.750759,1.750759,0.875379,0.875379,0,0,1,0,0.000000,0.080000,0.008000,0.001000,5.000000,0.100000,22.000000,0.025000,0.000000
2.956000,0.500000,0.640000,-1.458930,-0.000000,-1.458930,-0.541151,0.000000,0.541151,0.016302,-0.005641,0.030969,0.030969,0.014666,0.073896,0.079537,0.043292,0.009567,0.000120,0.073332,0.000564,1.749807,0.000000,1.749807,1.749807,1.749807,0.874904,0.874904,0,0,1,0,0.000000,0.080000,0.008000,0.001000,5.000000,0.100000,22.000000,0.025000,0.000000
2.961000,0.500000,0.640000,-1.461694,-0.000000,-1.461694,-0.541749,0.000000,0.541749,0.016248,-0.005598,0.030969,0.030969,0.014720,0.074161,0.079760,0.043340,0.009589,0.000120,0.073601,0.000560,1.754714,0.001115,1.755830,1.755830,1.755830,0.877915,0.877915,0,0,1,0,0.000000,0.080000,0.008000,0.001000,5.000000,0.100000,22.000000,0.025000,0.000000
2.966000,0.500000,0.640000,-1.464462,-0.000000,-1.464462,-0.542345,0.000000,0.542345,0.016248,-0.005598,0.030969,0.030969,0.014720,0.074161,0.079760,0.043388,0.009611,0.000119,0.073601,0.000560,1.754714,0.000000,1.754714,1.754714,1.754714,0.877357,0.877357,0,0,1,0,0.000000,0.080000,0.008000,0.001000,5.000000,0.100000,22.000000,0.025000,0.000000
2.971000,0.500000,0.640000,-1.467232,-0.000000,-1.467232,-0.542941,0.000000,0.542941,0.016194,-0.005573,0.030969,0.030969,0.014775,0.074432,0.080004,0.043435,0.009632,0.000119,0.073874,0.000557,1.760098,0.001223,1.761321,1.761321,1.761321,0.880661,0.880661,0,0,1,0,0.000000,0.080000,0.008000,0.001000,5.000000,0.100000,22.000000,0.025000,0.000000
2.976000,0.500000,0.640000,-1.470005,-0.000000,-1.470005,-0.543537,0.000000,0.543537,0.016194,-0.005573,0.030969,0.030969,0.014775,0.074432,0.080004,0.043483,0.009654,0.000119,0.073874,0.000557,1.760098,0.000000,1.760098,1.760098,1.760098,0.880049,0.880049,0,0,1,0,0.000000,0.080000,0.008000,0.001000,5.000000,0.100000,22.000000,0.025000,0.000000
2.981000,0.500000,0.640000,-1.472781,-0.000000,-1.472781,-0.544134,0.000000,0.544134,0.016139,-0.005554,0.030969,0.030969,0.014830,0.074704,0.080258,0.043531,0.009676,0.000119,0.074149,0.000555,1.765666,0.001266,1.766932,1.766932,1.766932,0.883466,0.883466,0,0,1,0,0.000000,0.080000,0.008000,0.001000,5.000000,0.100000,22.000000,0.025000,0.000000
2.990000,0.500000,0.640000,-1.475560,-0.000000,-1.475560,-0.544731,0.000000,0.544731,0.016084,-0.005531,0.030969,0.030969,0.014884,0.074975,0.080506,0.043578,0.009715,0.000066,0.074422,0.000553,1.771131,0.000690,1.771821,1.771821,1.771821,0.885911,0.885911,0,0,1,0,0.000000,0.080000,0.008000,0.001000,5.000000,0.100000,22.000000,0.025000,0.000000
2.995000,0.500000,0.640000,-1.478342,-0.000000,-1.478342,-0.545330,0.000000,0.545330,0.016084,-0.005531,0.030969,0.030969,0.014884,0.074975,0.080506,0.043626,0.009737,0.000120,0.074422,0.000553,1.771131,0.000000,1.771131,1.771131,1.771131,0.885566,0.885566,0,0,1,0,0.000000,0.080000,0.008000,0.001000,5.000000,0.100000,22.000000,0.025000,0.000000
3.000000,0.500000,0.640000,-1.481128,-0.000000,-1.481128,-0.545930,0.000000,0.545930,0.016084,-0.005531,0.030969,0.030969,0.014884,0.074975,0.080506,0.043674,0.009759,0.000120,0.074422,0.000553,1.771131,0.000000,1.771131,1.771131,1.771131,0.885566,0.885566,0,0,1,0,0.000000,0.080000,0.008000,0.001000,5.000000,0.100000,22.000000,0.025000,0.000000
3.005000,0.500000,0.640000,-1.483917,-0.000000,-1.483917,-0.546533,0.000000,0.546533,0.016030,-0.005495,0.030969,0.030969,0.014938,0.075241,0.080736,0.043723,0.009780,0.000121,0.074692,0.000550,1.776197,0.001151,1.777348,1.777348,1.777348,0.888674,0.888674,0,0,1,0,0.000000,0.080000,0.008000,0.001000,5.000000,0.100000,22.000000,0.025000,0.000000
3.010000,0.500000,0.640000,-1.486708,-0.000000,-1.486708,-0.547137,0.000000,0.547137,0.016030,-0.005495,0.030969,0.030969,0.014938,0.075241,0.080736,0.043771,0.009802,0.000121,0.074692,0.000550,1.776197,0.000000,1.776197,1.776197,1.776197,0.888098,0.888098,0,0,1,0,0.000000,0.080000,0.008000,0.001000,5.000000,0.100000,22.000000,0.025000,0.000000
3.015000,0.500000,0.640000,-1.489503,-0.000000,-1.489503,-0.547741,0.000000,0.547741,0.015977,-0.005464,0.030969,0.030969,0.014992,0.075504,0.080969,0.043819,0.009824,0.000121,0.074958,0.000546,1.781312,0.001163,1.782475,1.782475,1.782475,0.891237,0.891237,0,0,1,0,0.000000,0.080000,0.008000,0.001000,5.000000,0.100000,22.000000,0.025000,0.000000
3.020000,0.500000,0.640000,-1.492301,-0.000000,-1.492301,-0.548348,0.000000,0.548348,0.015977,-0.005464,0.030969,0.030969,0.014992,0.075504,0.080969,0.043868,0.009846,0.000121,0.074958,0.000546,1.781312,0.000000,1.781312,1.781312,1.781312,0.890656,0.890656,0,0,1,0,0.000000,0.080000,0.008000,0.001000,5.000000,0.100000,22.000000,0.025000,0.000000
3.029000,0.500000,0.640000,-1.497907,-0.000000,-1.497907,-0.549569,0.000000,0.549569,0.015925,-0.005409,0.030969,0.030969,0.015044,0.075761,0.081171,0.043966,0.009886,0.000136,0.075221,0.000541,1.785753,0.000561,1.786314,1.786314,1.786314,0.893157,0.893157,0,0,1,0,0.000000,0.080000,0.008000,0.001000,5.000000,0.100000,22.000000,0.025000,0.000000
3.034000,0.500000,0.640000,-1.500715,-0.000000,-1.500715,-0.550181,0.000000,0.550181,0.015873,-0.005352,0.030969,0.030969,0.015095,0.076012,0.081365,0.044014,0.009908,0.000122,0.075477,0.000535,1.790023,0.000971,1.790994,1.790994,1.790994,0.895497,0.895497,0,0,1,0,0.000000,0.080000,0.008000,0.001000,5.000000,0.100000,22.000000,0.025000,0.000000
3.039000,0.500000,0.640000,-1.503526,-0.000000,-1.503526,-0.550795,0.000000,0.550795,0.015873,-0.005352,0.030969,0.030969,0.015095,0.076012,0.081365,0.044064,0.009930,0.000123,0.075477,0.000535,1.790023,0.000000,1.790023,1.790023,1.790023,0.895012,0.895012,0,0,1,0,0.000000,0.080000,0.008000,0.001000,5.000000,0.100000,22.000000,0.025000,0.000000
3.044000,0.500000,0.640000,-1.506341,-0.000000,-1.506341,-0.551413,0.000000,0.551413,0.015823,-0.005276,0.030969,0.030969,0.015146,0.076256,0.081531,0.044113,0.009952,0.000124,0.075728,0.000528,1.793693,0.000834,1.794526,1.794526,1.794526,0.897263,0.897263,0,0,1,0,0.000000,0.080000,0.008000,0.001000,5.000000,0.100000,22.000000,0.025000,0.000000
3.049000,0.500000,0.640000,-1.509158,-0.000000,-1.509158,-0.552033,0.000000,0.552033,0.015823,-0.005276,0.030969,0.030969,0.015146,0.076256,0.081531,0.044163,0.009974,0.000124,0.075728,0.000528,1.793693,0.000000,1.793693,1.793693,1.793693,0.896846,0.896846,0,0,1,0,0.000000,0.080000,0.008000,0.001000,5.000000,0.100000,22.000000,0.025000,0.000000
3.054000,0.500000,0.640000,-1.511979,-0.000000,-1.511979,-0.552655,0.000000,0.552655,0.015774,-0.005187,0.030969,0.030969,0.015194,0.076491,0.081678,0.044212,0.009996,0.000124,0.075972,0.000519,1.796915,0.000732,1.797647,1.797647,1.797647,0.898824,0.898824,0,0,1,0,0.000000,0.080000,0.008000,0.001000,5.000000,0.100000,22.000000,0.025000,0.000000
3.059000,0.500000,0.640000,-1.514804,-0.000000,-1.514804,-0.553278,0.000000,0.553278,0.015774,-0.005187,0.030969,0.030969,0.015194,0.076491,0.081678,0.044262,0.010018,0.000125,0.075972,0.000519,1.796915,0.000000,1.796915,1.796915,1.796915,0.898457,0.898457,0,0,1,0,0.000000,0.080000,0.008000,0.001000,5.000000,0.100000,22.000000,0.025000,0.000000
3.068000,0.500000,0.640000,-1.520462,-0.000000,-1.520462,-0.554529,0.000000,0.554529,0.015727,-0.005095,0.030969,0.030969,0.015242,0.076720,0.081814,0.044362,0.010058,0.000139,0.076210,0.000509,1.799917,0.000379,1.800296,1.800296,1.800296,0.900148,0.900148,0,0,1,0,0.000000,0.080000,0.008000,0.001000,5.000000,0.100000,22.000000,0.025000,0.000000
3.073000,0.500000,0.640000,-1.523296,-0.000000,-1.523296,-0.555155,0.000000,0.555155,0.015680,-0.005019,0.030969,0.030969,0.015289,0.076946,0.081965,0.044412,0.010080,0.000125,0.076444,0.000502,1.803235,0.000754,1.803988,1.803988,1.803988,0.901994,0.901994,0,0,1,0,0.000000,0.080000,0.008000,0.001000,5.000000,0.100000,22.000000,0.025000,0.000000
3.078000,0.500000,0.640000,-1.526133,-0.000000,-1.526133,-0.555780,0.000000,0.555780,0.015680,-0.005019,0.030969,0.030969,0.015289,0.076946,0.081965,0.044462,0.010103,0.000125,0.076444,0.000502,1.803235,0.000000,1.803235,1.803235,1.803235,0.901617,0.901617,0,0,1,0,0.000000,0.080000,0.008000,0.001000,5.000000,0.100000,22.000000,0.025000,0.000000
3.083000,0.500000,0.640000,-1.528973,-0.000000,-1.528973,-0.556407,0.000000,0.556407,0.015633,-0.004949,0.030969,0.030969,0.015336,0.077173,0.082122,0.044513,0.010125,0.000125,0.076678,0.000495,1.806686,0.000785,1.807471,1.807471,1.807471,0.903735,0.903735,0,0,1,0,0.000000,0.080000,0.008000,0.001000,5.000000,0.100000,22.000000,0.025000,0.000000
3.088000,0.500000,0.640000,-1.531817,-0.000000,-1.531817,-0.557033,0.000000,0.557033,0.015633,-0.004949,0.030969,0.030969,0.015336,0.077173,0.082122,0.044563,0.010147,0.000125,0.076678,0.000495,1.806686,0.000000,1.806686,1.806686,1.806686,0.903343,0.903343,0,0,1,0,0.000000,0.080000,0.008000,0.001000,5.000000,0.100000,22.000000,0.025000,0.000000
3.093000,0.500000,0.640000,-1.534664,-0.000000,-1.534664,-0.557660,0.000000,0.557660,0.015587,-0.004890,0.030969,0.030969,0.015382,0.077400,0.082290,0.044613,0.010169,0.000125,0.076911,0.000489,1.810378,0.000839,1.811218,1.811218,1.811218,0.905609,0.905609,0,0,1,0,0.000000,0.080000,0.008000,0.001000,5.000000,0.100000,22.000000,0.025000,0.000000
3.098000,0.500000,0.640000,-1.537513,-0.000000,-1.537513,-0.558286,0.000000,0.558286,0.015587,-0.004890,0.030969,0.030969,0.015382,0.077400,0.082290,0.044663,0.010192,0.000125,0.076911,0.000489,1.810378,0.000000,1.810378,1.810378,1.810378,0.905189,0.905189,0,0,1,0,0.000000,0.080000,0.008000,0.001000,5.000000,0.100000,22.000000,0.025000,0.000000
3.103000,0.500000,0.640000,-1.540366,-0.000000,-1.540366,-0.558913,0.000000,0.558913,0.015540,-0.004844,0.030969,0.030969,0.015429,0.077628,0.082471,0.044713,0.010214,0.000125,0.077143,0.000484,1.814367,0.000907,1.815274,1.815274,1.815274,0.907637,0.907637,0,0,1,0,0.000000,0.080000,0.008000,0.001000,5.000000,0.100000,22.000000,0.025000,0.000000
3.112000,0.500000,0.640000,-1.546081,-0.000000,-1.546081,-0.560167,0.000000,0.560167,0.015493,-0.004809,0.030969,0.030969,0.015475,0.077857,0.082666,0.044813,0.010254,0.000139,0.077376,0.000481,1.818648,0.000541,1.819189,1.819189,1.819189,0.909594,0.909594,0,0,1,0,0.000000,0.080000,0.008000,0.001000,5.000000,0.100000,22.000000,0.025000,0.000000
3.117000,0.500000,0.640000,-1.548943,-0.000000,-1.548943,-0.560793,0.000000,0.560793,0.015493,-0.004809,0.030969,0.030969,0.015475,0.077857,0.082666,0.044863,0.010277,0.000125,0.077376,0.000481,1.818648,0.000000,1.818648,1.818648,1.818648,0.909324,0.909324,0,0,1,0,0.000000,0.080000,0.008000,0.001000,5.000000,0.100000,22.000000,0.025000,0.000000
3.122000,0.500000,0.640000,-1.551809,-0.000000,-1.551809,-0.561421,0.000000,0.561421,0.015447,-0.004781,0.030969,0.030969,0.015522,0.078088,0.082869,0.044914,0.010299,0.000125,0.077610,0.000478,1.823121,0.001017,1.824138,1.824138,1.824138,0.912069,0.912069,0,0,1,0,0.000000,0.080000,0.008000,0.001000,5.000000,0.100000,22.000000,0.025000,0.000000
3.127000,0.500000,0.640000,-1.554677,-0.000000,-1.554677,-0.562047,0.000000,0.562047,0.015447,-0.004781,0.030969,0.030969,0.015522,0.078088,0.082869,0.044964,0.010322,0.000125,0.077610,0.000478,1.823121,0.000000,1.823121,1.823121,1.823121,0.911561,0.911561,0,0,1,0,0.000000,0.080000,0.008000,0.001000,5.000000,0.100000,22.000000,0.025000,0.000000
3.132000,0.500000,0.640000,-1.557549,-0.000000,-1.557549,-0.562675,0.000000,0.562675,0.015400,-0.004760,0.030969,0.030969,0.015569,0.078320,0.083080,0.045014,0.010344,0.000126,0.077844,0.000476,1.827755,0.001053,1.828808,1.828808,1.828808,0.914404,0.914404,0,0,1,0,0.000000,0.080000,0.008000,0.001000,5.000000,0.100000,22.000000,0.025000,0.000000
3.137000,0.500000,0.640000,-1.560424,-0.000000,-1.560424,-0.563303,0.000000,0.563303,0.015400,-0.004760,0.030969,0.030969,0.015569,0.078320,0.083080,0.045064,0.010367,0.000125,0.077844,0.000476,1.827755,0.000000,1.827755,1.827755,1.827755,0.913877,0.913877,0,0,1,0,0.000000,0.080000,0.008000,0.001000,5.000000,0.100000,22.000000,0.025000,0.000000
3.142000,0.500000,0.640000,-1.563302,-0.000000,-1.563302,-0.563932,0.000000,0.563932,0.015353,-0.004741,0.030969,0.030969,0.015615,0.078552,0.083293,0.045115,0.010389,0.000126,0.078077,0.000474,1.832447,0.001066,1.833514,1.833514,1.833514,0.916757,0.916757,0,0,1,0,0.000000,0.080000,0.008000,0.001000,5.000000,0.100000,22.000000,0.025000,0.000000
3.147000,0.500000,0.640000,-1.566183,-0.000000,-1.566183,-0.564560,0.000000,0.564560,0.015353,-0.004741,0.030969,0.030969,0.015615,0.078552,0.083293,0.045165,0.010412,0.000126,0.078077,0.000474,1.832447,0.000000,1.832447,1.832447,1.832447,0.916224,0.916224,0,0,1,0,0.000000,0.080000,0.008000,0.001000,5.000000,0.100000,22.000000,0.025000,0.000000
3.152000,0.500000,0.640000,-1.569068,-0.000000,-1.569068,-0.565191,0.000000,0.565191,0.015307,-0.004722,0.030969,0.030969,0.015662,0.078783,0.083505,0.045215,0.010435,0.000126,0.078311,0.000472,1.837101,0.001058,1.838159,1.838159,1.838159,0.919079,0.919079,0,0,1,0,0.000000,0.080000,0.008000,0.001000,5.000000,0.100000,22.000000,0.025000,0.000000
3.157000,0.500000,0.640000,-1.571956,-0.000000,-1.571956,-0.565822,0.000000,0.565822,0.015307,-0.004722,0.030969,0.030969,0.015662,0.078783,0.083505,0.045266,0.010457,0.000126,0.078311,0.000472,1.837101,0.000000,1.837101,1.837101,1.837101,0.918551,0.918551,0,0,1,0,0.000000,0.080000,0.008000,0.001000,5.000000,0.100000,22.000000,0.025000,0.000000
3.162000,0.500000,0.640000,-1.574847,-0.000000,-1.574847,-0.566454,0.000000,0.566454,0.015260,-0.004699,0.030969,0.030969,0.015708,0.079012,0.083711,0.045316,0.010480,0.000127,0.078542,0.000470,1.841640,0.001032,1.842672,1.842672,1.842672,0.921336,0.921336,0,0,1,0,0.000000,0.080000,0.008000,0.001000,5.000000,0.100000,22.000000,0.025000,0.000000
3.171000,0.500000,0.640000,-1.580639,-0.000000,-1.580639,-0.567723,0.000000,0.567723,0.015214,-0.004671,0.030969,0.030969,0.015754,0.079239,0.083910,0.045418,0.010521,0.000141,0.078771,0.000467,1.846020,0.000553,1.846573,1.846573,1.846573,0.923287,0.923287,0,0,1,0,0.000000,0.080000,0.008000,0.001000,5.000000,0.100000,22.000000,0.025000,0.000000
3.176000,0.500000,0.640000,-1.583540,-0.000000,-1.583540,-0.568359,0.000000,0.568359,0.015214,-0.004671,0.030969,0.030969,0.015754,0.079239,0.083910,0.045469,0.010543,0.000127,0.078771,0.000467,1.846020,0.000000,1.846020,1.846020,1.846020,0.923010,0.923010,0,0,1,0,0.000000,0.080000,0.008000,0.001000,5.000000,0.100000,22.000000,0.025000,0.000000
3.181000,0.500000,0.640000,-1.586444,-0.000000,-1.586444,-0.568997,0.000000,0.568997,0.015169,-0.004638,0.030969,0.030969,0.015800,0.079461,0.084099,0.045520,0.010566,0.000128,0.078998,0.000464,1.850178,0.000945,1.851123,1.851123,1.851123,0.925562,0.925562,0,0,1,0,0.000000,0.080000,0.008000,0.001000,5.000000,0.100000,22.000000,0.025000,0.000000
3.186000,0.500000,0.640000,-1.589351,-0.000000,-1.589351,-0.569635,0.000000,0.569635,0.015169,-0.004638,0.030969,0.030969,0.015800,0.079461,0.084099,0.045571,0.010589,0.000128,0.078998,0.000464,1.850178,0.000000,1.850178,1.850178,1.850178,0.925089,0.925089,0,0,1,0,0.000000,0.080000,0.008000,0.001000,5.000000,0.100000,22.000000,0.025000,0.000000
3.195000,0.500000,0.640000,-1.592262,-0.000000,-1.592262,-0.570275,0.000000,0.570275,0.015124,-0.004601,0.030969,0.030969,0.015844,0.079682,0.084282,0.045622,0.010630,0.000071,0.079221,0.000460,1.854211,0.000509,1.854720,1.854720,1.854720,0.927360,0.927360,0,0,1,0,0.000000,0.080000,0.008000,0.001000,5.000000,0.100000,22.000000,0.025000,0.000000
3.200000,0.500000,0.640000,-1.598094,-0.000000,-1.598094,-0.571555,0.000000,0.571555,0.015080,-0.004578,0.030969,0.030969,0.015889,0.079902,0.084480,0.045724,0.010653,0.000256,0.079444,0.000458,1.858569,0.000990,1.859559,1.859559,1.859559,0.929780,0.929780,0,0,1,0,0.000000,0.080000,0.008000,0.001000,5.000000,0.100000,22.000000,0.025000,0.000000
3.205000,0.500000,0.640000,-1.601014,-0.000000,-1.601014,-0.572195,0.000000,0.572195,0.015080,-0.004578,0.030969,0.030969,0.015889,0.079902,0.084480,0.045776,0.010676,0.000128,0.079444,0.000458,1.858569,0.000000,1.858569,1.858569,1.858569,0.929284,0.929284,0,0,1,0,0.000000,0.080000,0.008000,0.001000,5.000000,0.100000,22.000000,0.025000,0.000000
3.210000,0.500000,0.640000,-1.601014,-0.000000,-1.601014,-0.572195,0.000000,0.572195,0.015080,-0.004578,0.030969,0.030969,0.015889,0.079902,0.084480,0.045776,0.010699,0.000000,0.079444,0.000458,1.858569,0.000000,1.858569,1.858569,1.858569,0.929284,0.929284,0,0,1,0,0.000000,0.080000,0.008000,0.001000,5.000000,0.100000,22.000000,0.025000,0.000000
3.215000,0.500000,0.640000,-1.603938,-0.000000,-1.603938,-0.572838,0.000000,0.572838,0.015035,-0.004550,0.030969,0.030969,0.015933,0.080122,0.084673,0.045827,0.010722,0.000128,0.079667,0.000455,1.862797,0.000961,1.863758,1.863758,1.863758,0.931879,0.931879,0,0,1,0,0.000000,0.080000,0.008000,0.001000,5.000000,0.100000,22.000000,0.025000,0.000000
3.220000,0.500000,0.640000,-1.606865,-0.000000,-1.606865,-0.573480,0.000000,0.573480,0.015035,-0.004550,0.030969,0.030969,0.015933,0.080122,0.084673,0.045878,0.010745,0.000129,0.079667,0.000455,1.862797,0.000000,1.862797,1.862797,1.862797,0.931399,0.931399,0,0,1,0,0.000000,0.080000,0.008000,0.001000,5.000000,0.100000,22.000000,0.025000,0.000000
3.225000,0.500000,0.640000,-1.609796,-0.000000,-1.609796,-0.574122,0.000000,0.574122,0.014991,-0.004536,0.030969,0.030969,0.015978,0.080343,0.084879,0.045930,0.010768,0.000128,0.079889,0.000454,1.867328,0.001030,1.868357,1.868357,1.868357,0.934179,0.934179,0,0,1,0,0.000000,0.080000,0.008000,0.001000,5.000000,0.100000,22.000000,0.025000,0.000000
3.230000,0.500000,0.640000,-1.612729,-0.000000,-1.612729,-0.574765,0.000000,0.574765,0.014991,-0.004536,0.030969,0.030969,0.015978,0.080343,0.084879,0.045981,0.010791,0.000129,0.079889,0.000454,1.867328,0.000000,1.867328,1.867328,1.867328,0.933664,0.933664,0,0,1,0,0.000000,0.080000,0.008000,0.001000,5.000000,0.100000,22.000000,0.025000,0.000000
3.235000,0.500000,0.640000,-1.615666,-0.000000,-1.615666,-0.575407,0.000000,0.575407,0.014946,-0.004528,0.030969,0.030969,0.016023,0.080566,0.085094,0.046033,0.010814,0.000128,0.080113,0.000453,1.872073,0.001078,1.873151,1.873151,1.873151,0.936576,0.936576,0,0,1,0,0.000000,0.080000,0.008000,0.001000,5.000000,0.100000,22.000000,0.025000,0.000000
3.240000,0.500000,0.640000,-1.618606,-0.000000,-1.618606,-0.576049,0.000000,0.576049,0.014946,-0.004528,0.030969,0.030969,0.016023,0.080566,0.085094,0.046084,0.010837,0.000129,0.080113,0.000453,1.872073,0.000000,1.872073,1.872073,1.872073,0.936036,0.936036,0,0,1,0,0.000000,0.080000,0.008000,0.001000,5.000000,0.100000,22.000000,0.025000,0.000000
3.249000,0.500000,0.640000,-1.624496,-0.000000,-1.624496,-0.577341,0.000000,0.577341,0.014901,-0.004510,0.030969,0.030969,0.016067,0.080788,0.085298,0.046187,0.010878,0.000143,0.080337,0.000451,1.876555,0.000566,1.877121,1.877121,1.877121,0.938561,0.938561,0,0,1,0,0.000000,0.080000,0.008000,0.001000,5.000000,0.100000,22.000000,0.025000,0.000000
3.254000,0.500000,0.640000,-1.627446,-0.000000,-1.627446,-0.577987,0.000000,0.577987,0.014857,-0.004499,0.030969,0.030969,0.016112,0.081008,0.085507,0.046239,0.010901,0.000129,0.080558,0.000450,1.881160,0.001047,1.882207,1.882207,1.882207,0.941103,0.941103,0,0,1,0,0.000000,0.080000,0.008000,0.001000,5.000000,0.100000,22.000000,0.025000,0.000000
3.259000,0.500000,0.640000,-1.630399,-0.000000,-1.630399,-0.578634,0.000000,0.578634,0.014857,-0.004499,0.030969,0.030969,0.016112,0.081008,0.085507,0.046291,0.010924,0.000129,0.080558,0.000450,1.881160,0.000000,1.881160,1.881160,1.881160,0.940580,0.940580,0,0,1,0,0.000000,0.080000,0.008000,0.001000,5.000000,0.100000,22.000000,0.025000,0.000000
3.264000,0.500000,0.640000,-1.633356,-0.000000,-1.633356,-0.579284,0.000000,0.579284,0.014813,-0.004473,0.030969,0.030969,0.016156,0.081226,0.085699,0.046343,0.010948,0.000130,0.080779,0.000447,1.885376,0.000958,1.886335,1.886335,1.886335,0.943167,0.943167,0,0,1,0,0.000000,0.080000,0.008000,0.001000,5.000000,0.100000,22.000000,0.025000,0.000000
3.269000,0.500000,0.640000,-1.636316,-0.000000,-1.636316,-0.579935,0.000000,0.579935,0.014813,-0.004473,0.030969,0.030969,0.016156,0.081226,0.085699,0.046395,0.010971,0.000130,0.080779,0.000447,1.885376,0.000000,1.885376,1.885376,1.885376,0.942688,0.942688,0,0,1,0,0.000000,0.080000,0.008000,0.001000,5.000000,0.100000,22.000000,0.025000,0.000000
3.274000,0.500000,0.640000,-1.639280,-0.000000,-1.639280,-0.580588,0.000000,0.580588,0.014770,-0.004437,0.030969,0.030969,0.016199,0.081439,0.085875,0.046447,0.010994,0.000131,0.080995,0.000444,1.889258,0.000882,1.890140,1.890140,1.890140,0.945070,0.945070,0,0,1,0,0.000000,0.080000,0.008000,0.001000,5.000000,0.100000,22.000000,0.025000,0.000000
3.279000,0.500000,0.640000,-1.642247,-0.000000,-1.642247,-0.581242,0.000000,0.581242,0.014770,-0.004437,0.030969,0.030969,0.016199,0.081439,0.085875,0.046499,0.011017,0.000131,0.080995,0.000444,1.889258,0.000000,1.889258,1.889258,1.889258,0.944629,0.944629,0,0,1,0,0.000000,0.080000,0.008000,0.001000,5.000000,0.100000,22.000000,0.025000,0.000000
3.284000,0.500000,0.640000,-1.645217,-0.000000,-1.645217,-0.581898,0.000000,0.581898,0.014727,-0.004395,0.030969,0.030969,0.016242,0.081647,0.086042,0.046552,0.011041,0.000131,0.081208,0.000439,1.892924,0.000833,1.893757,1.893757,1.893757,0.946879,0.946879,0,0,1,0,0.000000,0.080000,0.008000,0.001000,5.000000,0.100000,22.000000,0.025000,0.000000
3.293000,0.500000,0.640000,-1.651169,-0.000000,-1.651169,-0.583213,0.000000,0.583213,0.014685,-0.004352,0.030969,0.030969,0.016284,0.081853,0.086205,0.046657,0.011083,0.000146,0.081418,0.000435,1.896518,0.000454,1.896972,1.896972,1.896972,0.948486,0.948486,0,0,1,0,0.000000,0.080000,0.008000,0.001000,5.000000,0.100000,22.000000,0.025000,0.000000
3.298000,0.500000,0.640000,-1.654149,-0.000000,-1.654149,-0.583872,0.000000,0.583872,0.014685,-0.004352,0.030969,0.030969,0.016284,0.081853,0.086205,0.046710,0.011106,0.000132,0.081418,0.000435,1.896518,0.000000,1.896518,1.896518,1.896518,0.948259,0.948259,0,0,1,0,0.000000,0.080000,0.008000,0.001000,5.000000,0.100000,22.000000,0.025000,0.000000
3.303000,0.500000,0.640000,-1.657133,-0.000000,-1.657133,-0.584532,0.000000,0.584532,0.014644,-0.004313,0.030969,0.030969,0.016325,0.082057,0.086370,0.046763,0.011129,0.000132,0.081626,0.000431,1.900135,0.000822,1.900957,1.900957,1.900957,0.950479,0.950479,0,0,1,0,0.000000,0.080000,0.008000,0.001000,5.000000,0.100000,22.000000,0.025000,0.000000
3.308000,0.500000,0.640000,-1.660120,-0.000000,-1.660120,-0.585192,0.000000,0.585192,0.014644,-0.004313,0.030969,0.030969,0.016325,0.082057,0.086370,0.046815,0.011153,0.000132,0.081626,0.000431,1.900135,0.000000,1.900135,1.900135,1.900135,0.950068,0.950068,0,0,1,0,0.000000,0.080000,0.008000,0.001000,5.000000,0.100000,22.000000,0.025000,0.000000
3.317000,0.500000,0.640000,-1.666105,-0.000000,-1.666105,-0.586512,0.000000,0.586512,0.014602,-0.004281,0.030969,0.030969,0.016367,0.082261,0.086543,0.046921,0.011195,0.000147,0.081833,0.000428,1.903944,0.000481,1.904425,1.904425,1.904425,0.952212,0.952212,0,0,1,0,0.000000,0.080000,0.008000,0.001000,5.000000,0.100000,22.000000,0.025000,0.000000
3.322000,0.500000,0.640000,-1.669102,-0.000000,-1.669102,-0.587171,0.000000,0.587171,0.014560,-0.004275,0.030969,0.030969,0.016409,0.082470,0.086745,0.046974,0.011218,0.000132,0.082043,0.000427,1.908389,0.001010,1.909400,1.909400,1.909400,0.954700,0.954700,0,0,1,0,0.000000,0.080000,0.008000,0.001000,5.000000,0.100000,22.000000,0.025000,0.000000
3.327000,0.500000,0.640000,-1.672103,-0.000000,-1.672103,-0.587829,0.000000,0.587829,0.014560,-0.004275,0.030969,0.030969,0.016409,0.082470,0.086745,0.047026,0.011242,0.000132,0.082043,0.000427,1.908389,0.000000,1.908389,1.908389,1.908389,0.954195,0.954195,0,0,1,0,0.000000,0.080000,0.008000,0.001000,5.000000,0.100000,22.000000,0.025000,0.000000
3.332000,0.500000,0.640000,-1.675106,-0.000000,-1.675106,-0.588488,0.000000,0.588488,0.014518,-0.004272,0.030969,0.030969,0.016451,0.082683,0.086954,0.047079,0.011265,0.000132,0.082256,0.000427,1.912999,0.001048,1.914046,1.914046,1.914046,0.957023,0.957023,0,0,1,0,0.000000,0.080000,0.008000,0.001000,5.000000,0.100000,22.000000,0.025000,0.000000
3.337000,0.500000,0.640000,-1.678113,-0.000000,-1.678113,-0.589146,0.000000,0.589146,0.014518,-0.004272,0.030969,0.030969,0.016451,0.082683,0.086954,0.047132,0.011289,0.000132,0.082256,0.000427,1.912999,0.000000,1.912999,1.912999,1.912999,0.956499,0.956499,0,0,1,0,0.000000,0.080000,0.008000,0.001000,5.000000,0.100000,22.000000,0.025000,0.000000
3.342000,0.500000,0.640000,-1.681124,-0.000000,-1.681124,-0.589806,0.000000,0.589806,0.014475,-0.004271,0.030969,0.030969,0.016494,0.082897,0.087168,0.047185,0.011313,0.000132,0.082470,0.000427,1.917695,0.001067,1.918762,1.918762,1.918762,0.959381,0.959381,0,0,1,0,0.000000,0.080000,0.008000,0.001000,5.000000,0.100000,22.000000,0.025000,0.000000
3.351000,0.500000,0.640000,-1.687154,-0.000000,-1.687154,-0.591128,0.000000,0.591128,0.014432,-0.004271,0.030969,0.030969,0.016537,0.083111,0.087382,0.047290,0.011355,0.000147,0.082684,0.000427,1.922405,0.000595,1.923000,1.923000,1.923000,0.961500,0.961500,0,0,1,0,0.000000,0.080000,0.008000,0.001000,5.000000,0.100000,22.000000,0.025000,0.000000
3.356000,0.500000,0.640000,-1.690175,-0.000000,-1.690175,-0.591789,0.000000,0.591789,0.014432,-0.004271,0.030969,0.030969,0.016537,0.083111,0.087382,0.047343,0.011379,0.000132,0.082684,0.000427,1.922405,0.000000,1.922405,1.922405,1.922405,0.961202,0.961202,0,0,1,0,0.000000,0.080000,0.008000,0.001000,5.000000,0.100000,22.000000,0.025000,0.000000
3.361000,0.500000,0.640000,-1.693199,-0.000000,-1.693199,-0.592453,0.000000,0.592453,0.014389,-0.004267,0.030969,0.030969,0.016579,0.083324,0.087591,0.047396,0.011403,0.000133,0.082897,0.000427,1.927008,0.001046,1.928054,1.928054,1.928054,0.964027,0.964027,0,0,1,0,0.000000,0.080000,0.008000,0.001000,5.000000,0.100000,22.000000,0.025000,0.000000
3.366000,0.500000,0.640000,-1.696226,-0.000000,-1.696226,-0.593116,0.000000,0.593116,0.014389,-0.004267,0.030969,0.030969,0.016579,0.083324,0.087591,0.047449,0.011426,0.000133,0.082897,0.000427,1.927008,0.000000,1.927008,1.927008,1.927008,0.963504,0.963504,0,0,1,0,0.000000,0.080000,0.008000,0.001000,5.000000,0.100000,22.000000,0.025000,0.000000
3.371000,0.500000,0.640000,-1.699257,-0.000000,-1.699257,-0.593782,0.000000,0.593782,0.014347,-0.004261,0.030969,0.030969,0.016622,0.083536,0.087797,0.047503,0.011450,0.000133,0.083110,0.000426,1.931532,0.001028,1.932560,1.932560,1.932560,0.966280,0.966280,0,0,1,0,0.000000,0.080000,0.008000,0.001000,5.000000,0.100000,22.000000,0.025000,0.000000
3.376000,0.500000,0.640000,-1.702291,-0.000000,-1.702291,-0.594447,0.000000,0.594447,0.014347,-0.004261,0.030969,0.030969,0.016622,0.083536,0.087797,0.047556,0.011474,0.000133,0.083110,0.000426,1.931532,0.000000,1.931532,1.931532,1.931532,0.965766,0.965766,0,0,1,0,0.000000,0.080000,0.008000,0.001000,5.000000,0.100000,22.000000,0.025000,0.000000
3.381000,0.500000,0.640000,-1.705329,-0.000000,-1.705329,-0.595115,0.000000,0.595115,0.014304,-0.004252,0.030969,0.030969,0.016664,0.083747,0.087998,0.047609,0.011498,0.000134,0.083321,0.000425,1.935958,0.001006,1.936964,1.936964,1.936964,0.968482,0.968482,0,0,1,0,0.000000,0.080000,0.008000,0.001000,5.000000,0.100000,22.000000,0.025000,0.000000
3.386000,0.500000,0.640000,-1.708370,-0.000000,-1.708370,-0.595783,0.000000,0.595783,0.014304,-0.004252,0.030969,0.030969,0.016664,0.083747,0.087998,0.047663,0.011521,0.000134,0.083321,0.000425,1.935958,0.000000,1.935958,1.935958,1.935958,0.967979,0.967979,0,0,1,0,0.000000,0.080000,0.008000,0.001000,5.000000,0.100000,22.000000,0.025000,0.000000
3.391000,0.500000,0.640000,-1.711414,-0.000000,-1.711414,-0.596452,0.000000,0.596452,0.014262,-0.004239,0.030969,0.030969,0.016706,0.083956,0.088195,0.047716,0.011545,0.000134,0.083532,0.000424,1.940290,0.000985,1.941275,1.941275,1.941275,0.970638,0.970638,0,0,1,0,0.000000,0.080000,0.008000,0.001000,5.000000,0.100000,22.000000,0.025000,0.000000
3.396000,0.500000,0.640000,-1.714462,-0.000000,-1.714462,-0.597122,0.000000,0.597122,0.014262,-0.004239,0.030969,0.030969,0.016706,0.083956,0.088195,0.047770,0.011569,0.000134,0.083532,0.000424,1.940290,0.000000,1.940290,1.940290,1.940290,0.970145,0.970145,0,0,1,0,0.000000,0.080000,0.008000,0.001000,5.000000,0.100000,22.000000,0.025000,0.000000
3.405000,0.500000,0.640000,-1.720568,-0.000000,-1.720568,-0.598465,0.000000,0.598465,0.014221,-0.004225,0.030969,0.030969,0.016748,0.084164,0.088389,0.047877,0.011612,0.000149,0.083741,0.000423,1.944553,0.000538,1.945091,1.945091,1.945091,0.972546,0.972546,0,0,1,0,0.000000,0.080000,0.008000,0.001000,5.000000,0.100000,22.000000,0.025000,0.000000
3.410000,0.500000,0.640000,-1.723626,-0.000000,-1.723626,-0.599136,0.000000,0.599136,0.014179,-0.004227,0.030969,0.030969,0.016790,0.084373,0.088600,0.047931,0.011636,0.000134,0.083951,0.000423,1.949202,0.001057,1.950259,1.950259,1.950259,0.975129,0.975129,0,0,1,0,0.000000,0.080000,0.008000,0.001000,5.000000,0.100000,22.000000,0.025000,0.000000
3.415000,0.500000,0.640000,-1.723626,-0.000000,-1.723626,-0.599136,0.000000,0.599136,0.014179,-0.004227,0.030969,0.030969,0.016790,0.084373,0.088600,0.047931,0.011660,0.000000,0.083951,0.000423,1.949202,0.000000,1.949202,1.949202,1.949202,0.974601,0.974601,0,0,1,0,0.000000,0.080000,0.008000,0.001000,5.000000,0.100000,22.000000,0.025000,0.000000
3.420000,0.500000,0.640000,-1.726688,-0.000000,-1.726688,-0.599807,0.000000,0.599807,0.014179,-0.004227,0.030969,0.030969,0.016790,0.084373,0.088600,0.047985,0.011684,0.000134,0.083951,0.000423,1.949202,0.000000,1.949202,1.949202,1.949202,0.974601,0.974601,0,0,1,0,0.000000,0.080000,0.008000,0.001000,5.000000,0.100000,22.000000,0.025000,0.000000
3.425000,0.500000,0.640000,-1.729753,-0.000000,-1.729753,-0.600480,0.000000,0.600480,0.014136,-0.004222,0.030969,0.030969,0.016832,0.084584,0.088806,0.048038,0.011708,0.000135,0.084162,0.000422,1.953730,0.001029,1.954759,1.954759,1.954759,0.977380,0.977380,0,0,1,0,0.000000,0.080000,0.008000,0.001000,5.000000,0.100000,22.000000,0.025000,0.000000
3.430000,0.500000,0.640000,-1.732821,-0.000000,-1.732821,-0.601154,0.000000,0.601154,0.014136,-0.004222,0.030969,0.030969,0.016832,0.084584,0.088806,0.048092,0.011732,0.000135,0.084162,0.000422,1.953730,0.000000,1.953730,1.953730,1.953730,0.976865,0.976865,0,0,1,0,0.000000,0.080000,0.008000,0.001000,5.000000,0.100000,22.000000,0.025000,0.000000
3.435000,0.500000,0.640000,-1.735893,-0.000000,-1.735893,-0.601827,0.000000,0.601827,0.014094,-0.004230,0.030969,0.030969,0.016875,0.084796,0.089026,0.048146,0.011732,0.000135,0.084373,0.000423,1.958573,0.001101,1.959674,1.959674,1.959674,0.979837,0.979837,0,0,1,0,0.000000,0.080000,0.008000,0.001000,5.000000,0.100000,22.000000,0.025000,0.000000
3.440000,0.500000,0.640000,-1.738968,-0.000000,-1.738968,-0.602500,0.000000,0.602500,0.014094,-0.004230,0.030969,0.030969,0.016875,0.084796,0.089026,0.048200,0.011732,0.000135,0.084373,0.000423,1.958573,0.000000,1.958573,1.958573,1.958573,0.979287,0.979287,0,0,1,0,0.000000,0.080000,0.008000,0.001000,5.000000,0.100000,22.000000,0.025000,0.000000
3.449000,0.500000,0.640000,-1.745128,-0.000000,-1.745128,-0.603847,0.000000,0.603847,0.014051,-0.004244,0.030969,0.030969,0.016917,0.085011,0.089255,0.048308,0.011732,0.000150,0.084587,0.000424,1.963617,0.000637,1.964254,1.964254,1.964254,0.982127,0.982127,0,0,1,0,0.000000,0.080000,0.008000,0.001000,5.000000,0.100000,22.000000,0.025000,0.000000
3.454000,0.500000,0.640000,-1.748214,-0.000000,-1.748214,-0.604520,0.000000,0.604520,0.014008,-0.004264,0.030969,0.030969,0.016960,0.085229,0.089493,0.048362,0.011732,0.000135,0.084802,0.000426,1.968838,0.001187,1.970024,1.970024,1.970024,0.985012,0.985012,0,0,1,0,0.000000,0.080000,0.008000,0.001000,5.000000,0.100000,22.000000,0.025000,0.000000
3.459000,0.500000,0.640000,-1.751302,-0.000000,-1.751302,-0.605195,0.000000,0.605195,0.014008,-0.004264,0.030969,0.030969,0.016960,0.085229,0.089493,0.048416,0.011732,0.000135,0.084802,0.000426,1.968838,0.000000,1.968838,1.968838,1.968838,0.984419,0.984419,0,0,1,0,0.000000,0.080000,0.008000,0.001000,5.000000,0.100000,22.000000,0.025000,0.000000
3.464000,0.500000,0.640000,-1.754395,-0.000000,-1.754395,-0.605874,0.000000,0.605874,0.013965,-0.004262,0.030969,0.030969,0.017004,0.085444,0.089706,0.048470,0.011732,0.000136,0.085018,0.000426,1.973523,0.001065,1.974588,1.974588,1.974588,0.987294,0.987294,0,0,1,0,0.000000,0.080000,0.008000,0.001000,5.000000,0.100000,22.000000,0.025000,0.000000
3.469000,0.500000,0.640000,-1.757491,-0.000000,-1.757491,-0.606553,0.000000,0.606553,0.013965,-0.004262,0.030969,0.030969,0.017004,0.085444,0.089706,0.048524,0.011732,0.000136,0.085018,0.000426,1.973523,0.000000,1.973523,1.973523,1.973523,0.986762,0.986762,0,0,1,0,0.000000,0.080000,0.008000,0.001000,5.000000,0.100000,22.000000,0.025000,0.000000
3.474000,0.500000,0.640000,-1.760590,-0.000000,-1.760590,-0.607236,0.000000,0.607236,0.013923,-0.004242,0.030969,0.030969,0.017046,0.085653,0.089895,0.048579,0.011732,0.000137,0.085228,0.000424,1.977691,0.000947,1.978638,1.978638,1.978638,0.989319,0.989319,0,0,1,0,0.000000,0.080000,0.008000,0.001000,5.000000,0.100000,22.000000,0.025000,0.000000
3.479000,0.500000,0.640000,-1.763693,-0.000000,-1.763693,-0.607920,0.000000,0.607920,0.013923,-0.004242,0.030969,0.030969,0.017046,0.085653,0.089895,0.048634,0.011732,0.000137,0.085228,0.000424,1.977691,0.000000,1.977691,1.977691,1.977691,0.988845,0.988845,0,0,1,0,0.000000,0.080000,0.008000,0.001000,5.000000,0.100000,22.000000,0.025000,0.000000
3.484000,0.500000,0.640000,-1.766800,-0.000000,-1.766800,-0.608607,0.000000,0.608607,0.013882,-0.004211,0.030969,0.030969,0.017087,0.085856,0.090066,0.048689,0.011732,0.000137,0.085434,0.000421,1.981463,0.000857,1.982320,1.982320,1.982320,0.991160,0.991160,0,0,1,0,0.000000,0.080000,0.008000,0.001000,5.000000,0.100000,22.000000,0.025000,0.000000
3.493000,0.500000,0.640000,-1.773025,-0.000000,-1.773025,-0.609985,0.000000,0.609985,0.013841,-0.004174,0.030969,0.030969,0.017127,0.086054,0.090228,0.048799,0.011732,0.000153,0.085637,0.000417,1.985017,0.000449,1.985466,1.985466,1.985466,0.992733,0.992733,0,0,1,0,0.000000,0.080000,0.008000,0.001000,5.000000,0.100000,22.000000,0.025000,0.000000
3.498000,0.500000,0.640000,-1.776142,-0.000000,-1.776142,-0.610676,0.000000,0.610676,0.013841,-0.004174,0.030969,0.030969,0.017127,0.086054,0.090228,0.048854,0.011732,0.000138,0.085637,0.000417,1.985017,0.000000,1.985017,1.985017,1.985017,0.992509,0.992509,0,0,1,0,0.000000,0.080000,0.008000,0.001000,5.000000,0.100000,22.000000,0.025000,0.000000
3.503000,0.500000,0.640000,-1.779263,-0.000000,-1.779263,-0.611368,0.000000,0.611368,0.013801,-0.004136,0.030969,0.082969,0.069167,0.346250,0.350387,0.048909,0.011732,0.000138,0.345837,0.000414,7.708504,1.300793,9.009297,9.009297,9.009297,4.504648,4.504648,0,0,1,0,0.000000,0.080000,0.008000,0.001000,5.000000,0.100000,22.000000,0.025000,0.000000
3.508000,0.500000,0.640000,-1.782388,-0.000000,-1.782388,-0.612060,0.000000,0.612060,0.013801,-0.004136,0.030969,0.082969,0.069167,0.346250,0.350387,0.048965,0.011732,0.000138,0.345837,0.000414,7.708504,0.000000,7.708504,7.708504,7.708504,3.854252,3.854252,0,0,1,0,0.000000,0.080000,0.008000,0.001000,5.000000,0.100000,22.000000,0.025000,0.000000
3.513000,0.500000,0.640000,-1.785736,-0.000000,-1.785736,-0.616410,0.000000,0.616410,0.014108,0.017754,0.030969,0.082969,0.068861,0.342528,0.324774,0.049313,0.011732,0.000870,0.344303,-0.001775,7.145022,-0.128064,7.016958,7.016958,7.016958,3.508479,3.508479,0,0,1,0,0.000000,0.080000,0.008000,0.001000,5.000000,0.100000,22.000000,0.025000,0.000000
3.522000,0.500000,0.640000,-1.793360,-0.000000,-1.793360,-0.632596,0.000000,0.632596,0.016158,0.067173,0.030969,0.082969,0.066811,0.327335,0.260162,0.050608,0.011732,0.001798,0.334053,-0.006717,5.723560,-0.179477,5.544083,5.544083,5.544083,2.772041,2.772041,0,0,1,0,0.000000,0.080000,0.008000,0.001000,5.000000,0.100000,22.000000,0.025000,0.000000
3.527000,0.500000,0.640000,-1.797536,-0.000000,-1.797536,-0.643687,0.000000,0.643687,0.016158,0.067173,0.030969,0.082969,0.066811,0.327335,0.260162,0.051495,0.011732,0.002218,0.334053,-0.006717,5.723560,0.000000,5.723560,5.723560,5.723560,2.861780,2.861780,0,0,1,0,0.000000,0.080000,0.008000,0.001000,5.000000,0.100000,22.000000,0.025000,0.000000
3.532000,0.500000,0.640000,-1.801903,-0.000000,-1.801903,-0.655790,0.000000,0.655790,0.019680,0.130572,0.030969,0.082969,0.063289,0.303388,0.172816,0.052463,0.011732,0.002421,0.316446,-0.013057,3.801952,-0.436729,3.365223,3.365223,3.365223,1.682611,1.682611,0,0,1,0,0.000000,0.080000,0.008000,0.001000,5.000000,0.100000,22.000000,0.025000,0.000000
3.537000,0.500000,0.640000,-1.806429,-0.000000,-1.806429,-0.668910,0.000000,0.668910,0.019680,0.130572,0.030969,0.082969,0.063289,0.303388,0.172816,0.053513,0.011732,0.002624,0.316446,-0.013057,3.801952,0.000000,3.801952,3.801952,3.801952,1.900976,1.900976,0,0,1,0,0.000000,0.080000,0.008000,0.001000,5.000000,0.100000,22.000000,0.025000,0.000000
3.542000,0.500000,0.640000,-1.811041,-0.000000,-1.811041,-0.681727,0.000000,0.681727,0.024123,0.193504,0.030969,0.082969,0.058846,0.274878,0.081374,0.054538,0.011732,0.002563,0.294228,-0.019350,1.790225,-0.457211,1.333014,1.333014,1.333014,0.666507,0.666507,0,0,1,0,0.000000,0.080000,0.008000,0.001000,5.000000,0.100000,22.000000,0.025000,0.000000
3.547000,0.500000,0.640000,-1.815702,-0.000000,-1.815702,-0.694483,0.000000,0.694483,0.024123,0.193504,0.030969,0.082969,0.058846,0.274878,0.081374,0.055559,0.011732,0.002551,0.294228,-0.019350,1.790225,0.000000,1.790225,1.790225,1.790225,0.895112,0.895112,0,0,1,0,0.000000,0.080000,0.008000,0.001000,5.000000,0.100000,22.000000,0.025000,0.000000
3.552000,0.500000,0.640000,-1.820343,-0.000000,-1.820343,-0.705888,0.000000,0.705888,0.028815,0.243561,0.030969,0.082969,0.054153,0.246410,0.002850,0.056471,0.011732,0.002281,0.270767,-0.024356,0.062690,-0.392622,-0.329931,-0.329931,-0.329931,-0.164966,-0.164966,0,0,1,0,0.000000,0.080000,0.008000,0.001000,5.000000,0.100000,22.000000,0.025000,0.000000
3.557000,0.500000,0.640000,-1.824929,-0.000000,-1.824929,-0.716276,0.000000,0.716276,0.028815,0.243561,0.030969,0.082969,0.054153,0.246410,0.002850,0.057302,0.011732,0.002078,0.270767,-0.024356,0.062690,0.000000,0.062690,0.062690,0.062690,0.031345,0.031345,0,0,1,0,0.000000,0.080000,0.008000,0.001000,5.000000,0.100000,22.000000,0.025000,0.000000
3.562000,0.500000,0.640000,-1.829405,-0.000000,-1.829405,-0.724616,0.000000,0.724616,0.033127,0.272305,0.030969,0.082969,0.049842,0.221977,-0.050328,0.057969,0.011732,0.001668,0.249208,-0.027231,-1.107211,-0.265887,-1.373097,-1.373097,-1.373097,-0.686549,-0.686549,0,0,1,0,0.000000,0.080000,0.008000,0.001000,5.000000,0.100000,22.000000,0.025000,0.000000
3.567000,0.500000,0.640000,-1.833744,-0.000000,-1.833744,-0.731269,0.000000,0.731269,0.033127,0.272305,0.030969,0.082969,0.049842,0.221977,-0.050328,0.058502,0.011732,0.001331,0.249208,-0.027231,-1.107211,0.000000,-1.107211,-1.107211,-1.107211,-0.553605,-0.553605,0,0,1,0,0.000000,0.080000,0.008000,0.001000,5.000000,0.100000,22.000000,0.025000,0.000000
3.576000,0.500000,0.640000,-1.841898,-0.000000,-1.841898,-0.737974,0.000000,0.737974,0.036571,0.276294,0.030969,0.082969,0.046398,0.204361,-0.071933,0.059038,0.011732,0.000745,0.231991,-0.027629,-1.582532,-0.060015,-1.642547,-1.642547,-1.642547,-0.821274,-0.821274,0,0,1,0,0.000000,0.080000,0.008000,0.001000,5.000000,0.100000,22.000000,0.025000,0.000000
3.581000,0.500000,0.640000,-1.845709,-0.000000,-1.845709,-0.738502,0.000000,0.738502,0.038900,0.258877,0.030969,0.082969,0.044069,0.194458,-0.064420,0.059080,0.011732,0.000106,0.220345,-0.025888,-1.417233,0.037568,-1.379665,-1.379665,-1.379665,-0.689832,-0.689832,0,0,1,0,0.000000,0.080000,0.008000,0.001000,5.000000,0.100000,22.000000,0.025000,0.000000
3.586000,0.500000,0.640000,-1.849335,-0.000000,-1.849335,-0.737067,0.000000,0.737067,0.038900,0.258877,0.030969,0.082969,0.044069,0.194458,-0.064420,0.058965,0.011732,-0.000287,0.220345,-0.025888,-1.417233,0.000000,-1.417233,-1.417233,-1.417233,-0.708616,-0.708616,0,0,1,0,0.000000,0.080000,0.008000,0.001000,5.000000,0.100000,22.000000,0.025000,0.000000
3.591000,0.500000,0.640000,-1.852779,-0.000000,-1.852779,-0.733965,0.000000,0.733965,0.040099,0.223010,0.030969,0.082969,0.042870,0.192048,-0.030962,0.058717,0.011732,-0.000621,0.214349,-0.022301,-0.681164,0.167288,-0.513876,-0.513876,-0.513876,-0.256938,-0.256938,0,0,1,0,0.000000,0.080000,0.008000,0.001000,5.000000,0.100000,22.000000,0.025000,0.000000
3.596000,0.500000,0.640000,-1.856051,-0.000000,-1.856051,-0.729311,0.000000,0.729311,0.040099,0.223010,0.030969,0.082969,0.042870,0.192048,-0.030962,0.058345,0.011732,-0.000931,0.214349,-0.022301,-0.681164,0.000000,-0.681164,-0.681164,-0.681164,-0.340582,-0.340582,0,0,1,0,0.000000,0.080000,0.008000,0.001000,5.000000,0.100000,22.000000,0.025000,0.000000
3.601000,0.500000,0.640000,-1.859184,-0.000000,-1.859184,-0.723707,0.000000,0.723707,0.040264,0.176917,0.030969,0.082969,0.042704,0.195829,0.018912,0.057897,0.011732,-0.001121,0.213521,-0.017692,0.416066,0.249371,0.665436,0.665436,0.665436,0.332718,0.332718,0,0,1,0,0.000000,0.080000,0.008000,0.001000,5.000000,0.100000,22.000000,0.025000,0.000000
3.606000,0.500000,0.640000,-1.862196,-0.000000,-1.862196,-0.717146,0.000000,0.717146,0.040264,0.176917,0.030969,0.082969,0.042704,0.195829,0.018912,0.057372,0.011732,-0.001312,0.213521,-0.017692,0.416066,0.000000,0.416066,0.416066,0.416066,0.208033,0.208033,0,0,1,0,0.000000,0.080000,0.008000,0.001000,5.000000,0.100000,22.000000,0.025000,0.000000
3.611000,0.500000,0.640000,-1.865128,-0.000000,-1.865128,-0.710415,0.000000,0.710415,0.039716,0.129439,0.030969,0.082969,0.043252,0.203317,0.073878,0.056833,0.011732,-0.001346,0.216261,-0.012944,1.625325,0.274832,1.900156,1.900156,1.900156,0.950078,0.950078,0,0,1,0,0.000000,0.080000,0.008000,0.001000,5.000000,0.100000,22.000000,0.025000,0.000000
3.620000,0.500000,0.640000,-1.870866,-0.000000,-1.870866,-0.696921,0.000000,0.696921,0.038854,0.088555,0.030969,0.082969,0.044114,0.211716,0.123161,0.055754,0.011732,-0.001499,0.220572,-0.008856,2.709538,0.136896,2.846433,2.846433,2.846433,1.423217,1.423217,0,0,1,0,0.000000,0.080000,0.008000,0.001000,5.000000,0.100000,22.000000,0.025000,0.000000
3.625000,0.500000,0.640000,-1.870866,-0.000000,-1.870866,-0.696921,0.000000,0.696921,0.038854,0.088555,0.030969,0.082969,0.044114,0.211716,0.123161,0.055754,0.011732,0.000000,0.220572,-0.008856,2.709538,0.000000,2.709538,2.709538,2.709538,1.354769,1.354769,0,0,1,0,0.000000,0.080000,0.008000,0.001000,5.000000,0.100000,22.000000,0.025000,0.000000
3.630000,0.500000,0.640000,-1.873744,-0.000000,-1.873744,-0.690929,0.000000,0.690929,0.038854,0.088555,0.030969,0.082969,0.044114,0.211716,0.123161,0.055274,0.011732,-0.001198,0.220572,-0.008856,2.709538,0.000000,2.709538,2.709538,2.709538,1.354769,1.354769,0,0,1,0,0.000000,0.080000,0.008000,0.001000,5.000000,0.100000,22.000000,0.025000,0.000000
3.635000,0.500000,0.640000,-1.876669,-0.000000,-1.876669,-0.685891,0.000000,0.685891,0.038107,0.060539,0.030969,0.082969,0.044862,0.218256,0.157717,0.054871,0.011732,-0.001008,0.224310,-0.006054,3.469766,0.172779,3.642545,3.642545,3.642545,1.821272,1.821272,0,0,1,0,0.000000,0.080000,0.008000,0.001000,5.000000,0.100000,22.000000,0.025000,0.000000
3.640000,0.500000,0.640000,-1.879654,-0.000000,-1.879654,-0.681667,0.000000,0.681667,0.038107,0.060539,0.030969,0.082969,0.044862,0.218256,0.157717,0.054533,0.011732,-0.000845,0.224310,-0.006054,3.469766,0.000000,3.469766,3.469766,3.469766,1.734883,1.734883,0,0,1,0,0.000000,0.080000,0.008000,0.001000,5.000000,0.100000,22.000000,0.025000,0.000000
3.645000,0.500000,0.640000,-1.882694,-0.000000,-1.882694,-0.678199,0.000000,0.678199,0.037716,0.044634,0.030969,0.082969,0.045253,0.221799,0.177165,0.054256,0.011732,-0.000694,0.226263,-0.004463,3.897637,0.097244,3.994881,3.994881,3.994881,1.997440,1.997440,0,0,1,0,0.000000,0.080000,0.008000,0.001000,5.000000,0.100000,22.000000,0.025000,0.000000
3.650000,0.500000,0.640000,-1.885816,-0.000000,-1.885816,-0.675919,0.000000,0.675919,0.037716,0.044634,0.030969,0.082969,0.045253,0.221799,0.177165,0.054073,0.011732,-0.000456,0.226263,-0.004463,3.897637,0.000000,3.897637,3.897637,3.897637,1.948819,1.948819,0,0,1,0,0.000000,0.080000,0.008000,0.001000,5.000000,0.100000,22.000000,0.025000,0.000000
3.655000,0.500000,0.640000,-1.889050,-0.000000,-1.889050,-0.674921,0.000000,0.674921,0.037856,0.044961,0.030969,0.082969,0.045113,0.221070,0.176109,0.053994,0.011732,-0.000200,0.225566,-0.004496,3.874388,-0.005284,3.869104,3.869104,3.869104,1.934552,1.934552,0,0,1,0,0.000000,0.080000,0.008000,0.001000,5.000000,0.100000,22.000000,0.025000,0.000000
3.660000,0.500000,0.640000,-1.892395,-0.000000,-1.892395,-0.675056,0.000000,0.675056,0.037856,0.044961,0.030969,0.082969,0.045113,0.221070,0.176109,0.054005,0.011732,0.000027,0.225566,-0.004496,3.874388,0.000000,3.874388,3.874388,3.874388,1.937194,1.937194,0,0,1,0,0.000000,0.080000,0.008000,0.001000,5.000000,0.100000,22.000000,0.025000,0.000000
3.669000,0.500000,0.640000,-1.899398,-0.000000,-1.899398,-0.678344,0.000000,0.678344,0.038696,0.058083,0.030969,0.082969,0.044273,0.215557,0.157474,0.054268,0.011732,0.000365,0.221366,-0.005808,3.464438,-0.051761,3.412677,3.412677,3.412677,1.706339,1.706339,0,0,1,0,0.000000,0.080000,0.008000,0.001000,5.000000,0.100000,22.000000,0.025000,0.000000
3.674000,0.500000,0.640000,-1.903051,-0.000000,-1.903051,-0.681343,0.000000,0.681343,0.040190,0.080853,0.030969,0.082969,0.042779,0.205809,0.124956,0.054507,0.011732,0.000600,0.213894,-0.008085,2.749023,-0.162594,2.586429,2.586429,2.586429,1.293214,1.293214,0,0,1,0,0.000000,0.080000,0.008000,0.001000,5.000000,0.100000,22.000000,0.025000,0.000000
3.679000,0.500000,0.640000,-1.906786,-0.000000,-1.906786,-0.684912,0.000000,0.684912,0.040190,0.080853,0.030969,0.082969,0.042779,0.205809,0.124956,0.054793,0.011732,0.000714,0.213894,-0.008085,2.749023,0.000000,2.749023,2.749023,2.749023,1.374512,1.374512,0,0,1,0,0.000000,0.080000,0.008000,0.001000,5.000000,0.100000,22.000000,0.025000,0.000000
3.684000,0.500000,0.640000,-1.910566,-0.000000,-1.910566,-0.688572,0.000000,0.688572,0.042183,0.105457,0.030969,0.082969,0.040786,0.193384,0.087927,0.055086,0.011732,0.000732,0.203930,-0.010546,1.934396,-0.185143,1.749253,1.749253,1.749253,0.874627,0.874627,0,0,1,0,0.000000,0.080000,0.008000,0.001000,5.000000,0.100000,22.000000,0.025000,0.000000
3.689000,0.500000,0.640000,-1.914378,-0.000000,-1.914378,-0.692401,0.000000,0.692401,0.042183,0.105457,0.030969,0.082969,0.040786,0.193384,0.087927,0.055392,0.011732,0.000766,0.203930,-0.010546,1.934396,0.000000,1.934396,1.934396,1.934396,0.967198,0.967198,0,0,1,0,0.000000,0.080000,0.008000,0.001000,5.000000,0.100000,22.000000,0.025000,0.000000
3.694000,0.500000,0.640000,-1.918193,-0.000000,-1.918193,-0.695863,0.000000,0.695863,0.044367,0.126738,0.030969,0.082969,0.038602,0.180337,0.053598,0.055669,0.011732,0.000692,0.193011,-0.012674,1.179167,-0.171643,1.007524,1.007524,1.007524,0.503762,0.503762,0,0,1,0,0.000000,0.080000,0.008000,0.001000,5.000000,0.100000,22.000000,0.025000,0.000000
3.699000,0.500000,0.640000,-1.921997,-0.000000,-1.921997,-0.699083,0.000000,0.699083,0.044367,0.126738,0.030969,0.082969,0.038602,0.180337,0.053598,0.055927,0.011732,0.000644,0.193011,-0.012674,1.179167,0.000000,1.179167,1.179167,1.179167,0.589583,0.589583,0,0,1,0,0.000000,0.080000,0.008000,0.001000,5.000000,0.100000,22.000000,0.025000,0.000000
3.704000,0.500000,0.640000,-1.925765,-0.000000,-1.925765,-0.701596,0.000000,0.701596,0.046482,0.140654,0.030969,0.082969,0.036487,0.168368,0.027715,0.056128,0.011732,0.000503,0.182434,-0.014065,0.609725,-0.129419,0.480306,0.480306,0.480306,0.240153,0.240153,0,0,1,0,0.000000,0.080000,0.008000,0.001000,5.000000,0.100000,22.000000,0.025000,0.000000
3.709000,0.500000,0.640000,-1.929485,-0.000000,-1.929485,-0.703548,0.000000,0.703548,0.046482,0.140654,0.030969,0.082969,0.036487,0.168368,0.027715,0.056284,0.011732,0.000390,0.182434,-0.014065,0.609725,0.000000,0.609725,0.609725,0.609725,0.304862,0.304862,0,0,1,0,0.000000,0.080000,0.008000,0.001000,5.000000,0.100000,22.000000,0.025000,0.000000
3.718000,0.500000,0.640000,-1.936725,-0.000000,-1.936725,-0.704946,0.000000,0.704946,0.048309,0.145041,0.030969,0.082969,0.034660,0.158795,0.013754,0.056396,0.011732,0.000155,0.173299,-0.014504,0.302579,-0.038781,0.263798,0.263798,0.263798,0.131899,0.131899,0,0,1,0,0.000000,0.080000,0.008000,0.001000,5.000000,0.100000,22.000000,0.025000,0.000000
3.723000,0.500000,0.640000,-1.940240,-0.000000,-1.940240,-0.704592,0.000000,0.704592,0.049722,0.140941,0.030969,0.082969,0.033246,0.152138,0.011197,0.056367,0.011732,-0.000071,0.166232,-0.014094,0.246334,-0.012783,0.233552,0.233552,0.233552,0.116776,0.116776,0,0,1,0,0.000000,0.080000,0.008000,0.001000,5.000000,0.100000,22.000000,0.025000,0.000000
3.728000,0.500000,0.640000,-1.943680,-0.000000,-1.943680,-0.703432,0.000000,0.703432,0.049722,0.140941,0.030969,0.082969,0.033246,0.152138,0.011197,0.056275,0.011732,-0.000232,0.166232,-0.014094,0.246334,0.000000,0.246334,0.246334,0.246334,0.123167,0.123167,0,0,1,0,0.000000,0.080000,0.008000,0.001000,5.000000,0.100000,22.000000,0.025000,0.000000
3.733000,0.500000,0.640000,-1.947038,-0.000000,-1.947038,-0.701517,0.000000,0.701517,0.050686,0.128315,0.030969,0.082969,0.032283,0.148582,0.020268,0.056121,0.011732,-0.000383,0.161414,-0.012831,0.445886,0.045353,0.491238,0.491238,0.491238,0.245619,0.245619,0,0,1,0,0.000000,0.080000,0.008000,0.001000,5.000000,0.100000,22.000000,0.025000,0.000000
3.738000,0.500000,0.640000,-1.950317,-0.000000,-1.950317,-0.698918,0.000000,0.698918,0.050686,0.128315,0.030969,0.082969,0.032283,0.148582,0.020268,0.055913,0.011732,-0.000520,0.161414,-0.012831,0.445886,0.000000,0.445886,0.445886,0.445886,0.222943,0.222943,0,0,1,0,0.000000,0.080000,0.008000,0.001000,5.000000,0.100000,22.000000,0.025000,0.000000
3.743000,0.500000,0.640000,-1.953527,-0.000000,-1.953527,-0.695821,0.000000,0.695821,0.051189,0.110161,0.030969,0.082969,0.031780,0.147884,0.037723,0.055666,0.011732,-0.000620,0.158900,-0.011016,0.829904,0.087277,0.917180,0.917180,0.917180,0.458590,0.458590,0,0,1,0,0.000000,0.080000,0.008000,0.001000,5.000000,0.100000,22.000000,0.025000,0.000000
3.748000,0.500000,0.640000,-1.956673,-0.000000,-1.956673,-0.692245,0.000000,0.692245,0.051189,0.110161,0.030969,0.082969,0.031780,0.147884,0.037723,0.055380,0.011732,-0.000715,0.158900,-0.011016,0.829904,0.000000,0.829904,0.829904,0.829904,0.414952,0.414952,0,0,1,0,0.000000,0.080000,0.008000,0.001000,5.000000,0.100000,22.000000,0.025000,0.000000
3.753000,0.500000,0.640000,-1.959773,-0.000000,-1.959773,-0.688481,0.000000,0.688481,0.051337,0.089975,0.030969,0.082969,0.031632,0.149163,0.059188,0.055078,0.011732,-0.000753,0.158161,-0.008998,1.302131,0.107325,1.409456,1.409456,1.409456,0.704728,0.704728,0,0,1,0,0.000000,0.080000,0.008000,0.001000,5.000000,0.100000,22.000000,0.025000,0.000000
3.762000,0.500000,0.640000,-1.965872,-0.000000,-1.965872,-0.680634,0.000000,0.680634,0.051280,0.071191,0.030969,0.082969,0.031688,0.151322,0.080132,0.054451,0.011732,-0.000872,0.158441,-0.007119,1.762894,0.058177,1.821071,1.821071,1.821071,0.910536,0.910536,0,0,1,0,0.000000,0.080000,0.008000,0.001000,5.000000,0.100000,22.000000,0.025000,0.000000
3.767000,0.500000,0.640000,-1.968903,-0.000000,-1.968903,-0.676873,0.000000,0.676873,0.051280,0.071191,0.030969,0.082969,0.031688,0.151322,0.080132,0.054150,0.011732,-0.000752,0.158441,-0.007119,1.762894,0.000000,1.762894,1.762894,1.762894,0.881447,0.881447,0,0,1,0,0.000000,0.080000,0.008000,0.001000,5.000000,0.100000,22.000000,0.025000,0.000000
3.772000,0.500000,0.640000,-1.971938,-0.000000,-1.971938,-0.673431,0.000000,0.673431,0.051197,0.056738,0.030969,0.082969,0.031772,0.153187,0.096449,0.053874,0.011732,-0.000688,0.158860,-0.005674,2.121869,0.081585,2.203454,2.203454,2.203454,1.101727,1.101727,0,0,1,0,0.000000,0.080000,0.008000,0.001000,5.000000,0.100000,22.000000,0.025000,0.000000
3.777000,0.500000,0.640000,-1.974984,-0.000000,-1.974984,-0.670257,0.000000,0.670257,0.051197,0.056738,0.030969,0.082969,0.031772,0.153187,0.096449,0.053621,0.011732,-0.000635,0.158860,-0.005674,2.121869,0.000000,2.121869,2.121869,2.121869,1.060934,1.060934,0,0,1,0,0.000000,0.080000,0.008000,0.001000,5.000000,0.100000,22.000000,0.025000,0.000000
3.782000,0.500000,0.640000,-1.978053,-0.000000,-1.978053,-0.667565,0.000000,0.667565,0.051217,0.048033,0.030969,0.082969,0.031752,0.153955,0.105921,0.053405,0.011732,-0.000538,0.158758,-0.004803,2.330269,0.047364,2.377632,2.377632,2.377632,1.188816,1.188816,0,0,1,0,0.000000,0.080000,0.008000,0.001000,5.000000,0.100000,22.000000,0.025000,0.000000
3.787000,0.500000,0.640000,-1.981151,-0.000000,-1.981151,-0.665278,0.000000,0.665278,0.051217,0.048033,0.030969,0.082969,0.031752,0.153955,0.105921,0.053222,0.011732,-0.000457,0.158758,-0.004803,2.330269,0.000000,2.330269,2.330269,2.330269,1.165134,1.165134,0,0,1,0,0.000000,0.080000,0.008000,0.001000,5.000000,0.100000,22.000000,0.025000,0.000000
3.792000,0.500000,0.640000,-1.984285,-0.000000,-1.984285,-0.663503,0.000000,0.663503,0.051447,0.045472,0.030969,0.082969,0.031522,0.153063,0.107591,0.053080,0.011732,-0.000355,0.157610,-0.004547,2.367010,0.008350,2.375361,2.375361,2.375361,1.187680,1.187680,0,0,1,0,0.000000,0.080000,0.008000,0.001000,5.000000,0.100000,22.000000,0.025000,0.000000
3.797000,0.500000,0.640000,-1.987455,-0.000000,-1.987455,-0.662177,0.000000,0.662177,0.051447,0.045472,0.030969,0.082969,0.031522,0.153063,0.107591,0.052974,0.011732,-0.000265,0.157610,-0.004547,2.367010,0.000000,2.367010,2.367010,2.367010,1.183505,1.183505,0,0,1,0,0.000000,0.080000,0.008000,0.001000,5.000000,0.100000,22.000000,0.025000,0.000000
3.802000,0.500000,0.640000,-1.990663,-0.000000,-1.990663,-0.661292,0.000000,0.661292,0.051933,0.048299,0.030969,0.082969,0.031036,0.150348,0.102048,0.052903,0.011732,-0.000177,0.155178,-0.004830,2.245067,-0.027714,2.217352,2.217352,2.217352,1.108676,1.108676,0,0,1,0,0.000000,0.080000,0.008000,0.001000,5.000000,0.100000,22.000000,0.025000,0.000000
3.807000,0.500000,0.640000,-1.993907,-0.000000,-1.993907,-0.660812,0.000000,0.660812,0.051933,0.048299,0.030969,0.082969,0.031036,0.150348,0.102048,0.052865,0.011732,-0.000096,0.155178,-0.004830,2.245067,0.000000,2.245067,2.245067,2.245067,1.122533,1.122533,0,0,1,0,0.000000,0.080000,0.008000,0.001000,5.000000,0.100000,22.000000,0.025000,0.000000
3.812000,0.500000,0.640000,-1.997182,-0.000000,-1.997182,-0.660629,0.000000,0.660629,0.052668,0.054896,0.030969,0.082969,0.030300,0.146012,0.091116,0.052850,0.011732,-0.000037,0.151502,-0.005490,2.004542,-0.054665,1.949877,1.949877,1.949877,0.974939,0.974939,0,0,1,0,0.000000,0.080000,0.008000,0.001000,5.000000,0.100000,22.000000,0.025000,0.000000
3.821000,0.500000,0.640000,-2.003805,-0.000000,-2.003805,-0.660959,0.000000,0.660959,0.053596,0.063184,0.030969,0.082969,0.029372,0.140543,0.077359,0.052877,0.011732,0.000037,0.146861,-0.006318,1.701890,-0.038214,1.663676,1.663676,1.663676,0.831838,0.831838,0,0,1,0,0.000000,0.080000,0.008000,0.001000,5.000000,0.100000,22.000000,0.025000,0.000000
3.826000,0.500000,0.640000,-2.007139,-0.000000,-2.007139,-0.661290,0.000000,0.661290,0.053596,0.063184,0.030969,0.082969,0.029372,0.140543,0.077359,0.052903,0.011732,0.000066,0.146861,-0.006318,1.701890,0.000000,1.701890,1.701890,1.701890,0.850945,0.850945,0,0,1,0,0.000000,0.080000,0.008000,0.001000,5.000000,0.100000,22.000000,0.025000,0.000000
3.831000,0.500000,0.640000,-2.010474,-0.000000,-2.010474,-0.661573,0.000000,0.661573,0.054625,0.070990,0.030969,0.082969,0.028344,0.134620,0.063630,0.052926,0.011732,0.000057,0.141719,-0.007099,1.399866,-0.068642,1.331224,1.331224,1.331224,0.665612,0.665612,0,0,1,0,0.000000,0.080000,0.008000,0.001000,5.000000,0.100000,22.000000,0.025000,0.000000
3.836000,0.500000,0.640000,-2.013809,-0.000000,-2.013809,-0.661833,0.000000,0.661833,0.054625,0.070990,0.030969,0.082969,0.028344,0.134620,0.063630,0.052947,0.011732,0.000052,0.141719,-0.007099,1.399866,0.000000,1.399866,1.399866,1.399866,0.699933,0.699933,0,0,1,0,0.000000,0.080000,0.008000,0.001000,5.000000,0.100000,22.000000,0.025000,0.000000
3.841000,0.500000,0.640000,-2.017128,-0.000000,-2.017128,-0.661883,0.000000,0.661883,0.055664,0.076672,0.030969,0.082969,0.027304,0.128855,0.052183,0.052951,0.011732,0.000010,0.136522,-0.007667,1.148023,-0.057237,1.090786,1.090786,1.090786,0.545393,0.545393,0,0,1,0,0.000000,0.080000,0.008000,0.001000,5.000000,0.100000,22.000000,0.025000,0.000000
3.846000,0.500000,0.640000,-2.020433,-0.000000,-2.020433,-0.661774,0.000000,0.661774,0.055664,0.076672,0.030969,0.082969,0.027304,0.128855,0.052183,0.052942,0.011732,-0.000022,0.136522,-0.007667,1.148023,0.000000,1.148023,1.148023,1.148023,0.574011,0.574011,0,0,1,0,0.000000,0.080000,0.008000,0.001000,5.000000,0.100000,22.000000,0.025000,0.000000
3.855000,0.500000,0.640000,-2.023713,-0.000000,-2.023713,-0.661362,0.000000,0.661362,0.056622,0.079114,0.030969,0.082969,0.026346,0.123820,0.044706,0.052909,0.011732,-0.000046,0.131731,-0.007911,0.983525,-0.020770,0.962755,0.962755,0.962755,0.481377,0.481377,0,0,1,0,0.000000,0.080000,0.008000,0.001000,5.000000,0.100000,22.000000,0.025000,0.000000
3.860000,0.500000,0.640000,-2.026965,-0.000000,-2.026965,-0.660702,0.000000,0.660702,0.056622,0.079114,0.030969,0.082969,0.026346,0.123820,0.044706,0.052856,0.011732,-0.000132,0.131731,-0.007911,0.983525,0.000000,0.983525,0.983525,0.983525,0.491762,0.491762,0,0,1,0,0.000000,0.080000,0.008000,0.001000,5.000000,0.100000,22.000000,0.025000,0.000000
3.865000,0.500000,0.640000,-2.030190,-0.000000,-2.030190,-0.659815,0.000000,0.659815,0.057444,0.078577,0.030969,0.082969,0.025525,0.119767,0.041189,0.052785,0.011732,-0.000177,0.127624,-0.007858,0.906167,-0.017581,0.888586,0.888586,0.888586,0.444293,0.444293,0,0,1,0,0.000000,0.080000,0.008000,0.001000,5.000000,0.100000,22.000000,0.025000,0.000000
3.870000,0.500000,0.640000,-2.033384,-0.000000,-2.033384,-0.658627,0.000000,0.658627,0.057444,0.078577,0.030969,0.082969,0.025525,0.119767,0.041189,0.052690,0.011732,-0.000238,0.127624,-0.007858,0.906167,0.000000,0.906167,0.906167,0.906167,0.453084,0.453084,0,0,1,0,0.000000,0.080000,0.008000,0.001000,5.000000,0.100000,22.000000,0.025000,0.000000
3.875000,0.500000,0.640000,-2.036544,-0.000000,-2.036544,-0.657175,0.000000,0.657175,0.058108,0.074797,0.030969,0.082969,0.024861,0.116825,0.042029,0.052574,0.011732,-0.000291,0.124305,-0.007480,0.924631,0.004196,0.928827,0.928827,0.928827,0.464414,0.464414,0,0,1,0,0.000000,0.080000,0.008000,0.001000,5.000000,0.100000,22.000000,0.025000,0.000000
3.880000,0.500000,0.640000,-2.039670,-0.000000,-2.039670,-0.655432,0.000000,0.655432,0.058108,0.074797,0.030969,0.082969,0.024861,0.116825,0.042029,0.052435,0.011732,-0.000348,0.124305,-0.007480,0.924631,0.000000,0.924631,0.924631,0.924631,0.462316,0.462316,0,0,1,0,0.000000,0.080000,0.008000,0.001000,5.000000,0.100000,22.000000,0.025000,0.000000
3.885000,0.500000,0.640000,-2.042762,-0.000000,-2.042762,-0.653448,0.000000,0.653448,0.058591,0.068272,0.030969,0.082969,0.024377,0.115060,0.046788,0.052276,0.011732,-0.000397,0.121887,-0.006827,1.029335,0.023796,1.053131,1.053131,1.053131,0.526565,0.526565,0,0,1,0,0.000000,0.080000,0.008000,0.001000,5.000000,0.100000,22.000000,0.025000,0.000000
3.894000,0.500000,0.640000,-2.048854,-0.000000,-2.048854,-0.648901,0.000000,0.648901,0.058912,0.060291,0.030969,0.082969,0.024057,0.114257,0.053965,0.051912,0.011732,-0.000505,0.120286,-0.006029,1.187235,0.019937,1.207172,1.207172,1.207172,0.603586,0.603586,0,0,1,0,0.000000,0.080000,0.008000,0.001000,5.000000,0.100000,22.000000,0.025000,0.000000
3.899000,0.500000,0.640000,-2.051861,-0.000000,-2.051861,-0.646442,0.000000,0.646442,0.058912,0.060291,0.030969,0.082969,0.024057,0.114257,0.053965,0.051715,0.011732,-0.000492,0.120286,-0.006029,1.187235,0.000000,1.187235,1.187235,1.187235,0.593618,0.593618,0,0,1,0,0.000000,0.080000,0.008000,0.001000,5.000000,0.100000,22.000000,0.025000,0.000000
3.904000,0.500000,0.640000,-2.054851,-0.000000,-2.054851,-0.643957,0.000000,0.643957,0.059121,0.052216,0.030969,0.082969,0.023848,0.114019,0.061803,0.051517,0.011732,-0.000497,0.119241,-0.005222,1.359656,0.039186,1.398842,1.398842,1.398842,0.699421,0.699421,0,0,1,0,0.000000,0.080000,0.008000,0.001000,5.000000,0.100000,22.000000,0.025000,0.000000
3.909000,0.500000,0.640000,-2.057826,-0.000000,-2.057826,-0.641442,0.000000,0.641442,0.059121,0.052216,0.030969,0.082969,0.023848,0.114019,0.061803,0.051315,0.011732,-0.000503,0.119241,-0.005222,1.359656,0.000000,1.359656,1.359656,1.359656,0.679828,0.679828,0,0,1,0,0.000000,0.080000,0.008000,0.001000,5.000000,0.100000,22.000000,0.025000,0.000000
3.914000,0.500000,0.640000,-2.060792,-0.000000,-2.060792,-0.639015,0.000000,0.639015,0.059276,0.045214,0.030969,0.082969,0.023693,0.113942,0.068728,0.051121,0.011732,-0.000486,0.118464,-0.004521,1.512025,0.034629,1.546654,1.546654,1.546654,0.773327,0.773327,0,0,1,0,0.000000,0.080000,0.008000,0.001000,5.000000,0.100000,22.000000,0.025000,0.000000
3.919000,0.500000,0.640000,-2.063752,-0.000000,-2.063752,-0.636650,0.000000,0.636650,0.059276,0.045214,0.030969,0.082969,0.023693,0.113942,0.068728,0.050932,0.011732,-0.000473,0.118464,-0.004521,1.512025,0.000000,1.512025,1.512025,1.512025,0.756012,0.756012,0,0,1,0,0.000000,0.080000,0.008000,0.001000,5.000000,0.100000,22.000000,0.025000,0.000000
3.924000,0.500000,0.640000,-2.066714,-0.000000,-2.066714,-0.634445,0.000000,0.634445,0.059439,0.040139,0.030969,0.082969,0.023530,0.113635,0.073496,0.050756,0.011732,-0.000441,0.117648,-0.004014,1.616908,0.023837,1.640745,1.640745,1.640745,0.820373,0.820373,0,0,1,0,0.000000,0.080000,0.008000,0.001000,5.000000,0.100000,22.000000,0.025000,0.000000
3.929000,0.500000,0.640000,-2.069678,-0.000000,-2.069678,-0.632373,0.000000,0.632373,0.059439,0.040139,0.030969,0.082969,0.023530,0.113635,0.073496,0.050590,0.011732,-0.000414,0.117648,-0.004014,1.616908,0.000000,1.616908,1.616908,1.616908,0.808454,0.808454,0,0,1,0,0.000000,0.080000,0.008000,0.001000,5.000000,0.100000,22.000000,0.025000,0.000000
3.938000,0.500000,0.640000,-2.075627,-0.000000,-2.075627,-0.628784,0.000000,0.628784,0.059658,0.037397,0.030969,0.082969,0.023310,0.112812,0.075415,0.050303,0.011732,-0.000399,0.116551,-0.003740,1.659132,0.005331,1.664464,1.664464,1.664464,0.832232,0.832232,0,0,1,0,0.000000,0.080000,0.008000,0.001000,5.000000,0.100000,22.000000,0.025000,0.000000
3.943000,0.500000,0.640000,-2.078612,-0.000000,-2.078612,-0.627232,0.000000,0.627232,0.059962,0.036766,0.030969,0.082969,0.023007,0.111359,0.074593,0.050179,0.011732,-0.000310,0.115035,-0.003677,1.641035,-0.004113,1.636922,1.636922,1.636922,0.818461,0.818461,0,0,1,0,0.000000,0.080000,0.008000,0.001000,5.000000,0.100000,22.000000,0.025000,0.000000
3.948000,0.500000,0.640000,-2.081607,-0.000000,-2.081607,-0.625855,0.000000,0.625855,0.059962,0.036766,0.030969,0.082969,0.023007,0.111359,0.074593,0.050068,0.011732,-0.000276,0.115035,-0.003677,1.641035,0.000000,1.641035,1.641035,1.641035,0.820518,0.820518,0,0,1,0,0.000000,0.080000,0.008000,0.001000,5.000000,0.100000,22.000000,0.025000,0.000000
3.953000,0.500000,0.640000,-2.084610,-0.000000,-2.084610,-0.624626,0.000000,0.624626,0.060355,0.038025,0.030969,0.082969,0.022614,0.109266,0.071242,0.049970,0.011732,-0.000246,0.113069,-0.003802,1.567316,-0.016754,1.550562,1.550562,1.550562,0.775281,0.775281,0,0,1,0,0.000000,0.080000,0.008000,0.001000,5.000000,0.100000,22.000000,0.025000,0.000000
3.958000,0.500000,0.640000,-2.087621,-0.000000,-2.087621,-0.623539,0.000000,0.623539,0.060355,0.038025,0.030969,0.082969,0.022614,0.109266,0.071242,0.049883,0.011732,-0.000217,0.113069,-0.003802,1.567316,0.000000,1.567316,1.567316,1.567316,0.783658,0.783658,0,0,1,0,0.000000,0.080000,0.008000,0.001000,5.000000,0.100000,22.000000,0.025000,0.000000
3.963000,0.500000,0.640000,-2.090638,-0.000000,-2.090638,-0.622539,0.000000,0.622539,0.060833,0.040444,0.030969,0.082969,0.022136,0.106633,0.066190,0.049803,0.011732,-0.000200,0.110678,-0.004044,1.456175,-0.025259,1.430915,1.430915,1.430915,0.715458,0.715458,0,0,1,0,0.000000,0.080000,0.008000,0.001000,5.000000,0.100000,22.000000,0.025000,0.000000
3.968000,0.500000,0.640000,-2.093658,-0.000000,-2.093658,-0.621630,0.000000,0.621630,0.060833,0.040444,0.030969,0.082969,0.022136,0.106633,0.066190,0.049730,0.011732,-0.000182,0.110678,-0.004044,1.456175,0.000000,1.456175,1.456175,1.456175,0.728087,0.728087,0,0,1,0,0.000000,0.080000,0.008000,0.001000,5.000000,0.100000,22.000000,0.025000,0.000000
3.973000,0.500000,0.640000,-2.096678,-0.000000,-2.096678,-0.620736,0.000000,0.620736,0.061369,0.043205,0.030969,0.082969,0.021599,0.103676,0.060471,0.049659,0.011732,-0.000179,0.107996,-0.004321,1.330351,-0.028596,1.301755,1.301755,1.301755,0.650878,0.650878,0,0,1,0,0.000000,0.080000,0.008000,0.001000,5.000000,0.100000,22.000000,0.025000,0.000000
3.978000,0.500000,0.640000,-2.099696,-0.000000,-2.099696,-0.619872,0.000000,0.619872,0.061369,0.043205,0.030969,0.082969,0.021599,0.103676,0.060471,0.049590,0.011732,-0.000173,0.107996,-0.004321,1.330351,0.000000,1.330351,1.330351,1.330351,0.665176,0.665176,0,0,1,0,0.000000,0.080000,0.008000,0.001000,5.000000,0.100000,22.000000,0.025000,0.000000
3.983000,0.500000,0.640000,-2.102707,-0.000000,-2.102707,-0.618958,0.000000,0.618958,0.061928,0.045543,0.030969,0.082969,0.021040,0.100648,0.055105,0.049517,0.011732,-0.000183,0.105202,-0.004554,1.212302,-0.026829,1.185473,1.185473,1.185473,0.592736,0.592736,0,0,1,0,0.000000,0.080000,0.008000,0.001000,5.000000,0.100000,22.000000,0.025000,0.000000
3.992000,0.500000,0.640000,-2.108702,-0.000000,-2.108702,-0.616970,0.000000,0.616970,0.062473,0.046876,0.030969,0.082969,0.020496,0.097793,0.050917,0.049358,0.011732,-0.000221,0.102481,-0.004688,1.120181,-0.011632,1.108549,1.108549,1.108549,0.554274,0.554274,0,0,1,0,0.000000,0.080000,0.008000,0.001000,5.000000,0.100000,22.000000,0.025000,0.000000
3.997000,0.500000,0.640000,-2.111679,-0.000000,-2.111679,-0.615837,0.000000,0.615837,0.062473,0.046876,0.030969,0.082969,0.020496,0.097793,0.050917,0.049267,0.011732,-0.000227,0.102481,-0.004688,1.120181,0.000000,1.120181,1.120181,1.120181,0.560090,0.560090,0,0,1,0,0.000000,0.080000,0.008000,0.001000,5.000000,0.100000,22.000000,0.025000,0.000000
4.002000,0.500000,0.640000,-2.114640,-0.000000,-2.114640,-0.614584,0.000000,0.614584,0.062968,0.046833,0.030969,0.082969,0.020001,0.095319,0.048486,0.049167,0.011732,-0.000251,0.100003,-0.004683,1.066697,-0.012155,1.054542,1.054542,1.054542,0.527271,0.527271,0,0,1,0,0.000000,0.080000,0.008000,0.001000,5.000000,0.100000,22.000000,0.025000,0.000000
4.007000,0.500000,0.640000,-2.117584,-0.000000,-2.117584,-0.613229,0.000000,0.613229,0.062968,0.046833,0.030969,0.082969,0.020001,0.095319,0.048486,0.049058,0.011732,-0.000271,0.100003,-0.004683,1.066697,0.000000,1.066697,1.066697,1.066697,0.533349,0.533349,0,0,1,0,0.000000,0.080000,0.008000,0.001000,5.000000,0.100000,22.000000,0.025000,0.000000
4.016000,0.500000,0.640000,-2.123418,-0.000000,-2.123418,-0.610165,0.000000,0.610165,0.063398,0.045457,0.030969,0.082969,0.019571,0.093308,0.047852,0.048813,0.011732,-0.000340,0.097854,-0.004546,1.052734,-0.001763,1.050971,1.050971,1.050971,0.525486,0.525486,0,0,1,0,0.000000,0.080000,0.008000,0.001000,5.000000,0.100000,22.000000,0.025000,0.000000
4.021000,0.500000,0.640000,-2.126307,-0.000000,-2.126307,-0.608486,0.000000,0.608486,0.063755,0.043031,0.030969,0.082969,0.019214,0.091765,0.048734,0.048679,0.011732,-0.000336,0.096068,-0.004303,1.072145,0.004412,1.076557,1.076557,1.076557,0.538279,0.538279,0,0,1,0,0.000000,0.080000,0.008000,0.001000,5.000000,0.100000,22.000000,0.025000,0.000000
4.026000,0.500000,0.640000,-2.129180,-0.000000,-2.129180,-0.606715,0.000000,0.606715,0.063755,0.043031,0.030969,0.082969,0.019214,0.091765,0.048734,0.048537,0.011757,-0.000354,0.096068,-0.004303,1.072145,0.000000,1.072145,1.072145,1.072145,0.536073,0.536073,0,0,1,0,0.000000,0.080000,0.008000,0.001000,5.000000,0.100000,22.000000,0.025000,0.000000
4.031000,0.500000,0.640000,-2.132036,-0.000000,-2.132036,-0.604876,0.000000,0.604876,0.064046,0.039885,0.030969,0.082969,0.018923,0.090624,0.050739,0.048390,0.011781,-0.000368,0.094613,-0.003988,1.116261,0.010026,1.126288,1.126288,1.126288,0.563144,0.563144,0,0,1,0,0.000000,0.080000,0.008000,0.001000,5.000000,0.100000,22.000000,0.025000,0.000000
4.036000,0.500000,0.640000,-2.134876,-0.000000,-2.134876,-0.602974,0.000000,0.602974,0.064046,0.039885,0.030969,0.082969,0.018923,0.090624,0.050739,0.048238,0.011805,-0.000380,0.094613,-0.003988,1.116261,0.000000,1.116261,1.116261,1.116261,0.558131,0.558131,0,0,1,0,0.000000,0.080000,0.008000,0.001000,5.000000,0.100000,22.000000,0.025000,0.000000
4.041000,0.500000,0.640000,-2.137703,-0.000000,-2.137703,-0.601048,0.000000,0.601048,0.064284,0.036510,0.030969,0.082969,0.018684,0.089771,0.053261,0.048084,0.011829,-0.000385,0.093422,-0.003651,1.171739,0.012609,1.184347,1.184347,1.184347,0.592174,0.592174,0,0,1,0,0.000000,0.080000,0.008000,0.001000,5.000000,0.100000,22.000000,0.025000,0.000000
4.046000,0.500000,0.640000,-2.140518,-0.000000,-2.140518,-0.599095,0.000000,0.599095,0.064284,0.036510,0.030969,0.082969,0.018684,0.089771,0.053261,0.047928,0.011853,-0.000390,0.093422,-0.003651,1.171739,0.000000,1.171739,1.171739,1.171739,0.585869,0.585869,0,0,1,0,0.000000,0.080000,0.008000,0.001000,5.000000,0.100000,22.000000,0.025000,0.000000
4.051000,0.500000,0.640000,-2.143323,-0.000000,-2.143323,-0.597159,0.000000,0.597159,0.064491,0.033376,0.030969,0.082969,0.018478,0.089052,0.055676,0.047773,0.011877,-0.000387,0.092390,-0.003338,1.224875,0.012076,1.236952,1.236952,1.236952,0.618476,0.618476,0,0,1,0,0.000000,0.080000,0.008000,0.001000,5.000000,0.100000,22.000000,0.025000,0.000000
4.056000,0.500000,0.640000,-2.146119,-0.000000,-2.146119,-0.595232,0.000000,0.595232,0.064491,0.033376,0.030969,0.082969,0.018478,0.089052,0.055676,0.047619,0.011901,-0.000385,0.092390,-0.003338,1.224875,0.000000,1.224875,1.224875,1.224875,0.612438,0.612438,0,0,1,0,0.000000,0.080000,0.008000,0.001000,5.000000,0.100000,22.000000,0.025000,0.000000
4.061000,0.500000,0.640000,-2.148910,-0.000000,-2.148910,-0.593353,0.000000,0.593353,0.064688,0.030854,0.030969,0.082969,0.018280,0.088317,0.057462,0.047468,0.011924,-0.000376,0.091402,-0.003085,1.264175,0.008932,1.273106,1.273106,1.273106,0.636553,0.636553,0,0,1,0,0.000000,0.080000,0.008000,0.001000,5.000000,0.100000,22.000000,0.025000,0.000000
4.070000,0.500000,0.640000,-2.154476,-0.000000,-2.154476,-0.589742,0.000000,0.589742,0.064897,0.029162,0.030969,0.082969,0.018071,0.087441,0.058279,0.047179,0.011967,-0.000401,0.090357,-0.002916,1.282140,0.002268,1.284409,1.284409,1.284409,0.642204,0.642204,0,0,1,0,0.000000,0.080000,0.008000,0.001000,5.000000,0.100000,22.000000,0.025000,0.000000
4.075000,0.500000,0.640000,-2.157255,-0.000000,-2.157255,-0.588032,0.000000,0.588032,0.064897,0.029162,0.030969,0.082969,0.018071,0.087441,0.058279,0.047043,0.011990,-0.000342,0.090357,-0.002916,1.282140,0.000000,1.282140,1.282140,1.282140,0.641070,0.641070,0,0,1,0,0.000000,0.080000,0.008000,0.001000,5.000000,0.100000,22.000000,0.025000,0.000000
4.080000,0.500000,0.640000,-2.157255,-0.000000,-2.157255,-0.588032,0.000000,0.588032,0.064897,0.029162,0.030969,0.082969,0.018071,0.087441,0.058279,0.047043,0.012014,0.000000,0.090357,-0.002916,1.282140,0.000000,1.282140,1.282140,1.282140,0.641070,0.641070,0,0,1,0,0.000000,0.080000,0.008000,0.001000,5.000000,0.100000,22.000000,0.025000,0.000000
4.085000,0.500000,0.640000,-2.160031,-0.000000,-2.160031,-0.586390,0.000000,0.586390,0.065133,0.028366,0.030969,0.082969,0.017836,0.086343,0.057976,0.046911,0.012037,-0.000328,0.089179,-0.002837,1.275480,-0.001514,1.273967,1.273967,1.273967,0.636983,0.636983,0,0,1,0,0.000000,0.080000,0.008000,0.001000,5.000000,0.100000,22.000000,0.025000,0.000000
4.090000,0.500000,0.640000,-2.162806,-0.000000,-2.162806,-0.584812,0.000000,0.584812,0.065133,0.028366,0.030969,0.082969,0.017836,0.086343,0.057976,0.046785,0.012061,-0.000316,0.089179,-0.002837,1.275480,0.000000,1.275480,1.275480,1.275480,0.637740,0.637740,0,0,1,0,0.000000,0.080000,0.008000,0.001000,5.000000,0.100000,22.000000,0.025000,0.000000
4.095000,0.500000,0.640000,-2.165579,-0.000000,-2.165579,-0.583295,0.000000,0.583295,0.065401,0.028351,0.030969,0.082969,0.017568,0.085005,0.056654,0.046664,0.012084,-0.000303,0.087840,-0.002835,1.246392,-0.006611,1.239781,1.239781,1.239781,0.619890,0.619890,0,0,1,0,0.000000,0.080000,0.008000,0.001000,5.000000,0.100000,22.000000,0.025000,0.000000
4.100000,0.500000,0.640000,-2.168351,-0.000000,-2.168351,-0.581834,0.000000,0.581834,0.065401,0.028351,0.030969,0.082969,0.017568,0.085005,0.056654,0.046547,0.012107,-0.000292,0.087840,-0.002835,1.246392,0.000000,1.246392,1.246392,1.246392,0.623196,0.623196,0,0,1,0,0.000000,0.080000,0.008000,0.001000,5.000000,0.100000,22.000000,0.025000,0.000000
4.105000,0.500000,0.640000,-2.171120,-0.000000,-2.171120,-0.580428,0.000000,0.580428,0.065701,0.028955,0.030969,0.082969,0.017268,0.083442,0.054487,0.046434,0.012130,-0.000281,0.086338,-0.002895,1.198725,-0.010833,1.187891,1.187891,1.187891,0.593946,0.593946,0,0,1,0,0.000000,0.080000,0.008000,0.001000,5.000000,0.100000,22.000000,0.025000,0.000000
4.110000,0.500000,0.640000,-2.173886,-0.000000,-2.173886,-0.579060,0.000000,0.579060,0.065701,0.028955,0.030969,0.082969,0.017268,0.083442,0.054487,0.046325,0.012154,-0.000274,0.086338,-0.002895,1.198725,0.000000,1.198725,1.198725,1.198725,0.599362,0.599362,0,0,1,0,0.000000,0.080000,0.008000,0.001000,5.000000,0.100000,22.000000,0.025000,0.000000
4.115000,0.500000,0.640000,-2.176648,-0.000000,-2.176648,-0.577699,0.000000,0.577699,0.066027,0.029741,0.030969,0.082969,0.016942,0.081733,0.051992,0.046216,0.012177,-0.000272,0.084708,-0.002974,1.143827,-0.012477,1.131350,1.131350,1.131350,0.565675,0.565675,0,0,1,0,0.000000,0.080000,0.008000,0.001000,5.000000,0.100000,22.000000,0.025000,0.000000
4.124000,0.500000,0.640000,-2.182153,-0.000000,-2.182153,-0.574989,0.000000,0.574989,0.066362,0.030413,0.030969,0.082969,0.016607,0.079994,0.049582,0.045999,0.012218,-0.000301,0.083036,-0.003041,1.090797,-0.006696,1.084101,1.084101,1.084101,0.542051,0.542051,0,0,1,0,0.000000,0.080000,0.008000,0.001000,5.000000,0.100000,22.000000,0.025000,0.000000
4.129000,0.500000,0.640000,-2.184893,-0.000000,-2.184893,-0.573611,0.000000,0.573611,0.066362,0.030413,0.030969,0.082969,0.016607,0.079994,0.049582,0.045889,0.012241,-0.000276,0.083036,-0.003041,1.090797,0.000000,1.090797,1.090797,1.090797,0.545398,0.545398,0,0,1,0,0.000000,0.080000,0.008000,0.001000,5.000000,0.100000,22.000000,0.025000,0.000000
4.134000,0.500000,0.640000,-2.187624,-0.000000,-2.187624,-0.572197,0.000000,0.572197,0.066689,0.030713,0.030969,0.082969,0.016280,0.078328,0.047615,0.045776,0.012264,-0.000283,0.081399,-0.003071,1.047519,-0.009836,1.037683,1.037683,1.037683,0.518842,0.518842,0,0,1,0,0.000000,0.080000,0.008000,0.001000,5.000000,0.100000,22.000000,0.025000,0.000000
4.139000,0.500000,0.640000,-2.190345,-0.000000,-2.190345,-0.570758,0.000000,0.570758,0.066689,0.030713,0.030969,0.082969,0.016280,0.078328,0.047615,0.045661,0.012287,-0.000288,0.081399,-0.003071,1.047519,0.000000,1.047519,1.047519,1.047519,0.523760,0.523760,0,0,1,0,0.000000,0.080000,0.008000,0.001000,5.000000,0.100000,22.000000,0.025000,0.000000
4.144000,0.500000,0.640000,-2.193055,-0.000000,-2.193055,-0.569269,0.000000,0.569269,0.066998,0.030536,0.030969,0.082969,0.015970,0.076798,0.046262,0.045542,0.012310,-0.000298,0.079852,-0.003054,1.017766,-0.006762,1.011004,1.011004,1.011004,0.505502,0.505502,0,0,1,0,0.000000,0.080000,0.008000,0.001000,5.000000,0.100000,22.000000,0.025000,0.000000
4.149000,0.500000,0.640000,-2.195753,-0.000000,-2.195753,-0.567744,0.000000,0.567744,0.066998,0.030536,0.030969,0.082969,0.015970,0.076798,0.046262,0.045420,0.012332,-0.000305,0.079852,-0.003054,1.017766,0.000000,1.017766,1.017766,1.017766,0.508883,0.508883,0,0,1,0,0.000000,0.080000,0.008000,0.001000,5.000000,0.100000,22.000000,0.025000,0.000000
4.154000,0.500000,0.640000,-2.198439,-0.000000,-2.198439,-0.566168,0.000000,0.566168,0.067282,0.029855,0.030969,0.082969,0.015687,0.075449,0.045594,0.045293,0.012355,-0.000315,0.078435,-0.002986,1.003069,-0.003340,0.999729,0.999729,0.999729,0.499864,0.499864,0,0,1,0,0.000000,0.080000,0.008000,0.001000,5.000000,0.100000,22.000000,0.025000,0.000000
4.159000,0.500000,0.640000,-2.201113,-0.000000,-2.201113,-0.564552,0.000000,0.564552,0.067282,0.029855,0.030969,0.082969,0.015687,0.075449,0.045594,0.045164,0.012377,-0.000323,0.078435,-0.002986,1.003069,0.000000,1.003069,1.003069,1.003069,0.501535,0.501535,0,0,1,0,0.000000,0.080000,0.008000,0.001000,5.000000,0.100000,22.000000,0.025000,0.000000
4.164000,0.500000,0.640000,-2.203775,-0.000000,-2.203775,-0.562893,0.000000,0.562893,0.067535,0.028746,0.030969,0.082969,0.015433,0.074292,0.045546,0.045031,0.012400,-0.000332,0.077167,-0.002875,1.002019,-0.000239,1.001781,1.001781,1.001781,0.500890,0.500890,0,0,1,0,0.000000,0.080000,0.008000,0.001000,5.000000,0.100000,22.000000,0.025000,0.000000
4.169000,0.500000,0.640000,-2.206425,-0.000000,-2.206425,-0.561199,0.000000,0.561199,0.067535,0.028746,0.030969,0.082969,0.015433,0.074292,0.045546,0.044896,0.012422,-0.000339,0.077167,-0.002875,1.002019,0.000000,1.002019,1.002019,1.002019,0.501010,0.501010,0,0,1,0,0.000000,0.080000,0.008000,0.001000,5.000000,0.100000,22.000000,0.025000,0.000000
4.174000,0.500000,0.640000,-2.209063,-0.000000,-2.209063,-0.559474,0.000000,0.559474,0.067761,0.027353,0.030969,0.082969,0.015208,0.073304,0.045951,0.044758,0.012445,-0.000345,0.076039,-0.002735,1.010922,0.002023,1.012946,1.012946,1.012946,0.506473,0.506473,0,0,1,0,0.000000,0.080000,0.008000,0.001000,5.000000,0.100000,22.000000,0.025000,0.000000
4.179000,0.500000,0.640000,-2.211689,-0.000000,-2.211689,-0.557725,0.000000,0.557725,0.067761,0.027353,0.030969,0.082969,0.015208,0.073304,0.045951,0.044618,0.012467,-0.000350,0.076039,-0.002735,1.010922,0.000000,1.010922,1.010922,1.010922,0.505461,0.505461,0,0,1,0,0.000000,0.080000,0.008000,0.001000,5.000000,0.100000,22.000000,0.025000,0.000000
4.184000,0.500000,0.640000,-2.214306,-0.000000,-2.214306,-0.555961,0.000000,0.555961,0.067964,0.025860,0.030969,0.082969,0.015005,0.072440,0.046580,0.044477,0.012489,-0.000353,0.075026,-0.002586,1.024762,0.003145,1.027907,1.027907,1.027907,0.513954,0.513954,0,0,1,0,0.000000,0.080000,0.008000,0.001000,5.000000,0.100000,22.000000,0.025000,0.000000
4.189000,0.500000,0.640000,-2.216912,-0.000000,-2.216912,-0.554187,0.000000,0.554187,0.067964,0.025860,0.030969,0.082969,0.015005,0.072440,0.046580,0.044335,0.012512,-0.000355,0.075026,-0.002586,1.024762,0.000000,1.024762,1.024762,1.024762,0.512381,0.512381,0,0,1,0,0.000000,0.080000,0.008000,0.001000,5.000000,0.100000,22.000000,0.025000,0.000000
4.194000,0.500000,0.640000,-2.219509,-0.000000,-2.219509,-0.552414,0.000000,0.552414,0.068152,0.024447,0.030969,0.082969,0.014817,0.071641,0.047195,0.044193,0.012534,-0.000355,0.074086,-0.002445,1.038280,0.003072,1.041352,1.041352,1.041352,0.520676,0.520676,0,0,1,0,0.000000,0.080000,0.008000,0.001000,5.000000,0.100000,22.000000,0.025000,0.000000
4.203000,0.500000,0.640000,-2.224678,-0.000000,-2.224678,-0.548890,0.000000,0.548890,0.068334,0.023261,0.030969,0.082969,0.014635,0.070850,0.047589,0.043911,0.012573,-0.000392,0.073176,-0.002326,1.046957,0.001096,1.048052,1.048052,1.048052,0.524026,0.524026,0,0,1,0,0.000000,0.080000,0.008000,0.001000,5.000000,0.100000,22.000000,0.025000,0.000000
4.208000,0.500000,0.640000,-2.227252,-0.000000,-2.227252,-0.547151,0.000000,0.547151,0.068334,0.023261,0.030969,0.082969,0.014635,0.070850,0.047589,0.043772,0.012595,-0.000348,0.073176,-0.002326,1.046957,0.000000,1.046957,1.046957,1.046957,0.523478,0.523478,0,0,1,0,0.000000,0.080000,0.008000,0.001000,5.000000,0.100000,22.000000,0.025000,0.000000
4.213000,0.500000,0.640000,-2.229818,-0.000000,-2.229818,-0.545433,0.000000,0.545433,0.068518,0.022399,0.030969,0.082969,0.014451,0.070014,0.047615,0.043635,0.012617,-0.000344,0.072254,-0.002240,1.047540,0.000132,1.047672,1.047672,1.047672,0.523836,0.523836,0,0,1,0,0.000000,0.080000,0.008000,0.001000,5.000000,0.100000,22.000000,0.025000,0.000000
4.218000,0.500000,0.640000,-2.232379,-0.000000,-2.232379,-0.543737,0.000000,0.543737,0.068518,0.022399,0.030969,0.082969,0.014451,0.070014,0.047615,0.043499,0.012639,-0.000339,0.072254,-0.002240,1.047540,0.000000,1.047540,1.047540,1.047540,0.523770,0.523770,0,0,1,0,0.000000,0.080000,0.008000,0.001000,5.000000,0.100000,22.000000,0.025000,0.000000
4.223000,0.500000,0.640000,-2.234932,-0.000000,-2.234932,-0.542066,0.000000,0.542066,0.068710,0.021876,0.030969,0.082969,0.014259,0.069106,0.047230,0.043365,0.012660,-0.000334,0.071294,-0.002188,1.039057,-0.001928,1.037129,1.037129,1.037129,0.518564,0.518564,0,0,1,0,0.000000,0.080000,0.008000,0.001000,5.000000,0.100000,22.000000,0.025000,0.000000
4.228000,0.500000,0.640000,-2.237480,-0.000000,-2.237480,-0.540418,0.000000,0.540418,0.068710,0.021876,0.030969,0.082969,0.014259,0.069106,0.047230,0.043233,0.012682,-0.000329,0.071294,-0.002188,1.039057,0.000000,1.039057,1.039057,1.039057,0.519528,0.519528,0,0,1,0,0.000000,0.080000,0.008000,0.001000,5.000000,0.100000,22.000000,0.025000,0.000000
4.233000,0.500000,0.640000,-2.240022,-0.000000,-2.240022,-0.538791,0.000000,0.538791,0.068913,0.021656,0.030969,0.082969,0.014056,0.068115,0.046459,0.043103,0.012703,-0.000325,0.070281,-0.002166,1.022108,-0.003852,1.018256,1.018256,1.018256,0.509128,0.509128,0,0,1,0,0.000000,0.080000,0.008000,0.001000,5.000000,0.100000,22.000000,0.025000,0.000000
4.238000,0.500000,0.640000,-2.242558,-0.000000,-2.242558,-0.537186,0.000000,0.537186,0.068913,0.021656,0.030969,0.082969,0.014056,0.068115,0.046459,0.042975,0.012725,-0.000321,0.070281,-0.002166,1.022108,0.000000,1.022108,1.022108,1.022108,0.511054,0.511054,0,0,1,0,0.000000,0.080000,0.008000,0.001000,5.000000,0.100000,22.000000,0.025000,0.000000
4.247000,0.500000,0.640000,-2.247610,-0.000000,-2.247610,-0.534019,0.000000,0.534019,0.069125,0.021654,0.030969,0.082969,0.013843,0.067051,0.045398,0.042721,0.012763,-0.000352,0.069217,-0.002165,0.998751,-0.002949,0.995802,0.995802,0.995802,0.497901,0.497901,0,0,1,0,0.000000,0.080000,0.008000,0.001000,5.000000,0.100000,22.000000,0.025000,0.000000
4.252000,0.500000,0.640000,-2.250127,-0.000000,-2.250127,-0.532461,0.000000,0.532461,0.069347,0.021849,0.030969,0.082969,0.013621,0.065922,0.044074,0.042597,0.012785,-0.000312,0.068107,-0.002185,0.969626,-0.006619,0.963006,0.963006,0.963006,0.481503,0.481503,0,0,1,0,0.000000,0.080000,0.008000,0.001000,5.000000,0.100000,22.000000,0.025000,0.000000
4.257000,0.500000,0.640000,-2.252637,-0.000000,-2.252637,-0.530909,0.000000,0.530909,0.069347,0.021849,0.030969,0.082969,0.013621,0.065922,0.044074,0.042473,0.012806,-0.000310,0.068107,-0.002185,0.969626,0.000000,0.969626,0.969626,0.969626,0.484813,0.484813,0,0,1,0,0.000000,0.080000,0.008000,0.001000,5.000000,0.100000,22.000000,0.025000,0.000000
4.262000,0.500000,0.640000,-2.255139,-0.000000,-2.255139,-0.529348,0.000000,0.529348,0.069575,0.022000,0.030969,0.082969,0.013394,0.064769,0.042769,0.042348,0.012827,-0.000312,0.066969,-0.002200,0.940913,-0.006526,0.934387,0.934387,0.934387,0.467194,0.467194,0,0,1,0,0.000000,0.080000,0.008000,0.001000,5.000000,0.100000,22.000000,0.025000,0.000000
4.267000,0.500000,0.640000,-2.257633,-0.000000,-2.257633,-0.527785,0.000000,0.527785,0.069575,0.022000,0.030969,0.082969,0.013394,0.064769,0.042769,0.042223,0.012848,-0.000313,0.066969,-0.002200,0.940913,0.000000,0.940913,0.940913,0.940913,0.470456,0.470456,0,0,1,0,0.000000,0.080000,0.008000,0.001000,5.000000,0.100000,22.000000,0.025000,0.000000
4.272000,0.500000,0.640000,-2.260117,-0.000000,-2.260117,-0.526204,0.000000,0.526204,0.069800,0.022021,0.030969,0.082969,0.013169,0.063644,0.041623,0.042096,0.012869,-0.000316,0.065846,-0.002202,0.915700,-0.005730,0.909970,0.909970,0.909970,0.454985,0.454985,0,0,1,0,0.000000,0.080000,0.008000,0.001000,5.000000,0.100000,22.000000,0.025000,0.000000
4.281000,0.500000,0.640000,-2.265059,-0.000000,-2.265059,-0.523001,0.000000,0.523001,0.070016,0.021851,0.030969,0.082969,0.012953,0.062578,0.040727,0.041840,0.012907,-0.000356,0.064763,-0.002185,0.895989,-0.002489,0.893500,0.893500,0.893500,0.446750,0.446750,0,0,1,0,0.000000,0.080000,0.008000,0.001000,5.000000,0.100000,22.000000,0.025000,0.000000
4.286000,0.500000,0.640000,-2.267514,-0.000000,-2.267514,-0.521370,0.000000,0.521370,0.070016,0.021851,0.030969,0.082969,0.012953,0.062578,0.040727,0.041710,0.012928,-0.000326,0.064763,-0.002185,0.895989,0.000000,0.895989,0.895989,0.895989,0.447995,0.447995,0,0,1,0,0.000000,0.080000,0.008000,0.001000,5.000000,0.100000,22.000000,0.025000,0.000000
4.291000,0.500000,0.640000,-2.269960,-0.000000,-2.269960,-0.519717,0.000000,0.519717,0.070221,0.021464,0.030969,0.082969,0.012748,0.061595,0.040131,0.041577,0.012949,-0.000331,0.063741,-0.002146,0.882875,-0.002981,0.879894,0.879894,0.879894,0.439947,0.439947,0,0,1,0,0.000000,0.080000,0.008000,0.001000,5.000000,0.100000,22.000000,0.025000,0.000000
4.296000,0.500000,0.640000,-2.272396,-0.000000,-2.272396,-0.518047,0.000000,0.518047,0.070221,0.021464,0.030969,0.082969,0.012748,0.061595,0.040131,0.041444,0.012969,-0.000334,0.063741,-0.002146,0.882875,0.000000,0.882875,0.882875,0.882875,0.441437,0.441437,0,0,1,0,0.000000,0.080000,0.008000,0.001000,5.000000,0.100000,22.000000,0.025000,0.000000
4.301000,0.500000,0.640000,-2.274821,-0.000000,-2.274821,-0.516357,0.000000,0.516357,0.070412,0.020902,0.030969,0.082969,0.012557,0.060695,0.039793,0.041309,0.012990,-0.000338,0.062785,-0.002090,0.875435,-0.001691,0.873745,0.873745,0.873745,0.436872,0.436872,0,0,1,0,0.000000,0.080000,0.008000,0.001000,5.000000,0.100000,22.000000,0.025000,0.000000
4.306000,0.500000,0.640000,-2.277236,-0.000000,-2.277236,-0.514653,0.000000,0.514653,0.070412,0.020902,0.030969,0.082969,0.012557,0.060695,0.039793,0.041172,0.013011,-0.000341,0.062785,-0.002090,0.875435,0.000000,0.875435,0.875435,0.875435,0.437718,0.437718,0,0,1,0,0.000000,0.080000,0.008000,0.001000,5.000000,0.100000,22.000000,0.025000,0.000000
4.311000,0.500000,0.640000,-2.279642,-0.000000,-2.279642,-0.512933,0.000000,0.512933,0.070590,0.020224,0.030969,0.082969,0.012378,0.059869,0.039645,0.041035,0.013031,-0.000344,0.061892,-0.002022,0.872187,-0.000738,0.871449,0.871449,0.871449,0.435725,0.435725,0,0,1,0,0.000000,0.080000,0.008000,0.001000,5.000000,0.100000,22.000000,0.025000,0.000000
4.316000,0.500000,0.640000,-2.282037,-0.000000,-2.282037,-0.511204,0.000000,0.511204,0.070590,0.020224,0.030969,0.082969,0.012378,0.059869,0.039645,0.040896,0.013051,-0.000346,0.061892,-0.002022,0.872187,0.000000,0.872187,0.872187,0.872187,0.436094,0.436094,0,0,1,0,0.000000,0.080000,0.008000,0.001000,5.000000,0.100000,22.000000,0.025000,0.000000
4.321000,0.500000,0.640000,-2.284423,-0.000000,-2.284423,-0.509465,0.000000,0.509465,0.070759,0.019506,0.030969,0.082969,0.012210,0.059100,0.039594,0.040757,0.013072,-0.000348,0.061051,-0.001951,0.871076,-0.000253,0.870824,0.870824,0.870824,0.435412,0.435412,0,0,1,0,0.000000,0.080000,0.008000,0.001000,5.000000,0.100000,22.000000,0.025000,0.000000
4.326000,0.500000,0.640000,-2.286800,-0.000000,-2.286800,-0.507722,0.000000,0.507722,0.070759,0.019506,0.030969,0.082969,0.012210,0.059100,0.039594,0.040618,0.013092,-0.000349,0.061051,-0.001951,0.871076,0.000000,0.871076,0.871076,0.871076,0.435538,0.435538,0,0,1,0,0.000000,0.080000,0.008000,0.001000,5.000000,0.100000,22.000000,0.025000,0.000000
4.331000,0.500000,0.640000,-2.289167,-0.000000,-2.289167,-0.505977,0.000000,0.505977,0.070920,0.018821,0.030969,0.082969,0.012049,0.058363,0.039542,0.040478,0.013112,-0.000349,0.060245,-0.001882,0.869926,-0.000261,0.869664,0.869664,0.869664,0.434832,0.434832,0,0,1,0,0.000000,0.080000,0.008000,0.001000,5.000000,0.100000,22.000000,0.025000,0.000000
4.340000,0.500000,0.640000,-2.291526,-0.000000,-2.291526,-0.504234,0.000000,0.504234,0.071078,0.018231,0.030969,0.082969,0.011891,0.057633,0.039402,0.040339,0.013149,-0.000194,0.059456,-0.001823,0.866848,-0.000389,0.866459,0.866459,0.866459,0.433230,0.433230,0,0,1,0,0.000000,0.080000,0.008000,0.001000,5.000000,0.100000,22.000000,0.025000,0.000000
4.345000,0.500000,0.640000,-2.293877,-0.000000,-2.293877,-0.502493,0.000000,0.502493,0.071078,0.018231,0.030969,0.082969,0.011891,0.057633,0.039402,0.040199,0.013169,-0.000348,0.059456,-0.001823,0.866848,0.000000,0.866848,0.866848,0.866848,0.433424,0.433424,0,0,1,0,0.000000,0.080000,0.008000,0.001000,5.000000,0.100000,22.000000,0.025000,0.000000
4.350000,0.500000,0.640000,-2.296219,-0.000000,-2.296219,-0.500758,0.000000,0.500758,0.071235,0.017991,0.030969,0.082969,0.011734,0.056869,0.038878,0.040061,0.013189,-0.000347,0.058668,-0.001799,0.855317,-0.002621,0.852696,0.852696,0.852696,0.426348,0.426348,0,0,1,0,0.000000,0.080000,0.008000,0.001000,5.000000,0.100000,22.000000,0.025000,0.000000
4.355000,0.500000,0.640000,-2.298553,-0.000000,-2.298553,-0.499031,0.000000,0.499031,0.071235,0.017775,0.030969,0.082969,0.011734,0.056890,0.039116,0.039922,0.013209,-0.000346,0.058668,-0.001777,0.860544,0.001188,0.861732,0.861732,0.861732,0.430866,0.430866,0,0,1,0,0.000000,0.080000,0.008000,0.001000,5.000000,0.100000,22.000000,0.025000,0.000000
4.360000,0.500000,0.640000,-2.300880,-0.000000,-2.300880,-0.497312,0.000000,0.497312,0.071235,0.017775,0.030969,0.082969,0.011734,0.056890,0.039116,0.039785,0.013229,-0.000344,0.058668,-0.001777,0.860544,0.000000,0.860544,0.860544,0.860544,0.430272,0.430272,0,0,1,0,0.000000,0.080000,0.008000,0.001000,5.000000,0.100000,22.000000,0.025000,0.000000
4.365000,0.500000,0.640000,-2.303198,-0.000000,-2.303198,-0.495597,0.000000,0.495597,0.071395,0.017444,0.030969,0.082969,0.011574,0.056125,0.038681,0.039648,0.013249,-0.000343,0.057869,-0.001744,0.850987,-0.002172,0.848815,0.848815,0.848815,0.424407,0.424407,0,0,1,0,0.000000,0.080000,0.008000,0.001000,5.000000,0.100000,22.000000,0.025000,0.000000
4.370000,0.500000,0.640000,-2.305509,-0.000000,-2.305509,-0.493894,0.000000,0.493894,0.071395,0.017444,0.030969,0.082969,0.011574,0.056125,0.038681,0.039512,0.013268,-0.000341,0.057869,-0.001744,0.850987,0.000000,0.850987,0.850987,0.850987,0.425493,0.425493,0,0,1,0,0.000000,0.080000,0.008000,0.001000,5.000000,0.100000,22.000000,0.025000,0.000000
4.375000,0.500000,0.640000,-2.307811,-0.000000,-2.307811,-0.492197,0.000000,0.492197,0.071558,0.017254,0.030969,0.082969,0.011411,0.055330,0.038076,0.039376,0.013288,-0.000339,0.057055,-0.001725,0.837672,-0.003026,0.834646,0.834646,0.834646,0.417323,0.417323,0,0,1,0,0.000000,0.080000,0.008000,0.001000,5.000000,0.100000,22.000000,0.025000,0.000000
4.380000,0.500000,0.640000,-2.310107,-0.000000,-2.310107,-0.490511,0.000000,0.490511,0.071558,0.017254,0.030969,0.082969,0.011411,0.055330,0.038076,0.039241,0.013308,-0.000337,0.057055,-0.001725,0.837672,0.000000,0.837672,0.837672,0.837672,0.418836,0.418836,0,0,1,0,0.000000,0.080000,0.008000,0.001000,5.000000,0.100000,22.000000,0.025000,0.000000
4.389000,0.500000,0.640000,-2.314674,-0.000000,-2.314674,-0.487152,0.000000,0.487152,0.071724,0.017167,0.030969,0.082969,0.011244,0.054505,0.037337,0.038972,0.013343,-0.000373,0.056221,-0.001717,0.821424,-0.002051,0.819373,0.819373,0.819373,0.409686,0.409686,0,0,1,0,0.000000,0.080000,0.008000,0.001000,5.000000,0.100000,22.000000,0.025000,0.000000
4.394000,0.500000,0.640000,-2.316946,-0.000000,-2.316946,-0.485487,0.000000,0.485487,0.071895,0.017200,0.030969,0.082969,0.011074,0.053648,0.036448,0.038839,0.013362,-0.000333,0.055368,-0.001720,0.801853,-0.004448,0.797406,0.797406,0.797406,0.398703,0.398703,0,0,1,0,0.000000,0.080000,0.008000,0.001000,5.000000,0.100000,22.000000,0.025000,0.000000
4.399000,0.500000,0.640000,-2.319210,-0.000000,-2.319210,-0.483824,0.000000,0.483824,0.071895,0.017200,0.030969,0.082969,0.011074,0.053648,0.036448,0.038706,0.013381,-0.000333,0.055368,-0.001720,0.801853,0.000000,0.801853,0.801853,0.801853,0.400927,0.400927,0,0,1,0,0.000000,0.080000,0.008000,0.001000,5.000000,0.100000,22.000000,0.025000,0.000000
4.404000,0.500000,0.640000,-2.321466,-0.000000,-2.321466,-0.482155,0.000000,0.482155,0.072069,0.017215,0.030969,0.082969,0.010900,0.052778,0.035564,0.038572,0.013401,-0.000334,0.054500,-0.001721,0.782399,-0.004421,0.777978,0.777978,0.777978,0.388989,0.388989,0,0,1,0,0.000000,0.080000,0.008000,0.001000,5.000000,0.100000,22.000000,0.025000,0.000000
4.409000,0.500000,0.640000,-2.323713,-0.000000,-2.323713,-0.480485,0.000000,0.480485,0.072069,0.017215,0.030969,0.082969,0.010900,0.052778,0.035564,0.038439,0.013420,-0.000334,0.054500,-0.001721,0.782399,0.000000,0.782399,0.782399,0.782399,0.391200,0.391200,0,0,1,0,0.000000,0.080000,0.008000,0.001000,5.000000,0.100000,22.000000,0.025000,0.000000
4.414000,0.500000,0.640000,-2.325951,-0.000000,-2.325951,-0.478805,0.000000,0.478805,0.072241,0.017173,0.030969,0.082969,0.010728,0.051923,0.034750,0.038304,0.013439,-0.000336,0.053640,-0.001717,0.764491,-0.004070,0.760421,0.760421,0.760421,0.380210,0.380210,0,0,1,0,0.000000,0.080000,0.008000,0.001000,5.000000,0.100000,22.000000,0.025000,0.000000
4.419000,0.500000,0.640000,-2.328180,-0.000000,-2.328180,-0.477121,0.000000,0.477121,0.072241,0.017173,0.030969,0.082969,0.010728,0.051923,0.034750,0.038170,0.013458,-0.000337,0.053640,-0.001717,0.764491,0.000000,0.764491,0.764491,0.764491,0.382245,0.382245,0,0,1,0,0.000000,0.080000,0.008000,0.001000,5.000000,0.100000,22.000000,0.025000,0.000000
4.428000,0.500000,0.640000,-2.332611,-0.000000,-2.332611,-0.473721,0.000000,0.473721,0.072409,0.017048,0.030969,0.082969,0.010560,0.051096,0.034048,0.037898,0.013492,-0.000378,0.052801,-0.001705,0.749053,-0.001949,0.747104,0.747104,0.747104,0.373552,0.373552,0,0,1,0,0.000000,0.080000,0.008000,0.001000,5.000000,0.100000,22.000000,0.025000,0.000000
4.433000,0.500000,0.640000,-2.334812,-0.000000,-2.334812,-0.472015,0.000000,0.472015,0.072572,0.016890,0.030969,0.082969,0.010397,0.050296,0.033406,0.037761,0.013511,-0.000341,0.051985,-0.001689,0.734923,-0.003211,0.731712,0.731712,0.731712,0.365856,0.365856,0,0,1,0,0.000000,0.080000,0.008000,0.001000,5.000000,0.100000,22.000000,0.025000,0.000000
4.438000,0.500000,0.640000,-2.337004,-0.000000,-2.337004,-0.470299,0.000000,0.470299,0.072572,0.016890,0.030969,0.082969,0.010397,0.050296,0.033406,0.037624,0.013530,-0.000343,0.051985,-0.001689,0.734923,0.000000,0.734923,0.734923,0.734923,0.367461,0.367461,0,0,1,0,0.000000,0.080000,0.008000,0.001000,5.000000,0.100000,22.000000,0.025000,0.000000
4.443000,0.500000,0.640000,-2.339187,-0.000000,-2.339187,-0.468570,0.000000,0.468570,0.072730,0.016627,0.030969,0.082969,0.010238,0.049530,0.032903,0.037486,0.013549,-0.000346,0.051192,-0.001663,0.723871,-0.002512,0.721359,0.721359,0.721359,0.360680,0.360680,0,0,1,0,0.000000,0.080000,0.008000,0.001000,5.000000,0.100000,22.000000,0.025000,0.000000
4.448000,0.500000,0.640000,-2.341360,-0.000000,-2.341360,-0.466833,0.000000,0.466833,0.072730,0.016627,0.030969,0.082969,0.010238,0.049530,0.032903,0.037347,0.013567,-0.000347,0.051192,-0.001663,0.723871,0.000000,0.723871,0.723871,0.723871,0.361936,0.361936,0,0,1,0,0.000000,0.080000,0.008000,0.001000,5.000000,0.100000,22.000000,0.025000,0.000000
4.453000,0.500000,0.640000,-2.343523,-0.000000,-2.343523,-0.465085,0.000000,0.465085,0.072882,0.016287,0.030969,0.082969,0.010087,0.048806,0.032519,0.037207,0.013586,-0.000350,0.050435,-0.001629,0.715415,-0.001922,0.713494,0.713494,0.713494,0.356747,0.356747,0,0,1,0,0.000000,0.080000,0.008000,0.001000,5.000000,0.100000,22.000000,0.025000,0.000000
4.458000,0.500000,0.640000,-2.345677,-0.000000,-2.345677,-0.463330,0.000000,0.463330,0.072882,0.016287,0.030969,0.082969,0.010087,0.048806,0.032519,0.037066,0.013605,-0.000351,0.050435,-0.001629,0.715415,0.000000,0.715415,0.715415,0.715415,0.357708,0.357708,0,0,1,0,0.000000,0.080000,0.008000,0.001000,5.000000,0.100000,22.000000,0.025000,0.000000
4.463000,0.500000,0.640000,-2.347821,-0.000000,-2.347821,-0.461567,0.000000,0.461567,0.073027,0.015906,0.030969,0.082969,0.009941,0.048117,0.032210,0.036925,0.013623,-0.000353,0.049707,-0.001591,0.708628,-0.001543,0.707086,0.707086,0.707086,0.353543,0.353543,0,0,1,0,0.000000,0.080000,0.008000,0.001000,5.000000,0.100000,22.000000,0.025000,0.000000
4.468000,0.500000,0.640000,-2.349956,-0.000000,-2.349956,-0.459800,0.000000,0.459800,0.073027,0.015906,0.030969,0.082969,0.009941,0.048117,0.032210,0.036784,0.013641,-0.000353,0.049707,-0.001591,0.708628,0.000000,0.708628,0.708628,0.708628,0.354314,0.354314,0,0,1,0,0.000000,0.080000,0.008000,0.001000,5.000000,0.100000,22.000000,0.025000,0.000000
4.473000,0.500000,0.640000,-2.352081,-0.000000,-2.352081,-0.458029,0.000000,0.458029,0.073168,0.015524,0.030969,0.082969,0.009801,0.047451,0.031927,0.036642,0.013660,-0.000354,0.049004,-0.001552,0.702404,-0.001415,0.700989,0.700989,0.700989,0.350494,0.350494,0,0,1,0,0.000000,0.080000,0.008000,0.001000,5.000000,0.100000,22.000000,0.025000,0.000000
4.478000,0.500000,0.640000,-2.354198,-0.000000,-2.354198,-0.456256,0.000000,0.456256,0.073168,0.015524,0.030969,0.082969,0.009801,0.047451,0.031927,0.036500,0.013678,-0.000354,0.049004,-0.001552,0.702404,0.000000,0.702404,0.702404,0.702404,0.351202,0.351202,0,0,1,0,0.000000,0.080000,0.008000,0.001000,5.000000,0.100000,22.000000,0.025000,0.000000
4.483000,0.500000,0.640000,-2.356305,-0.000000,-2.356305,-0.454482,0.000000,0.454482,0.073306,0.015176,0.030969,0.082969,0.009663,0.046797,0.031622,0.036359,0.013696,-0.000355,0.048315,-0.001518,0.695674,-0.001529,0.694144,0.694144,0.694144,0.347072,0.347072,0,0,1,0,0.000000,0.080000,0.008000,0.001000,5.000000,0.100000,22.000000,0.025000,0.000000
4.492000,0.500000,0.640000,-2.360494,-0.000000,-2.360494,-0.450938,0.000000,0.450938,0.073443,0.014888,0.030969,0.082969,0.009526,0.046142,0.031255,0.036075,0.013729,-0.000394,0.047631,-0.001489,0.687599,-0.001020,0.686580,0.686580,0.686580,0.343290,0.343290,0,0,1,0,0.000000,0.080000,0.008000,0.001000,5.000000,0.100000,22.000000,0.025000,0.000000
4.497000,0.500000,0.640000,-2.362575,-0.000000,-2.362575,-0.449169,0.000000,0.449169,0.073443,0.014888,0.030969,0.082969,0.009526,0.046142,0.031255,0.035934,0.013747,-0.000354,0.047631,-0.001489,0.687599,0.000000,0.687599,0.687599,0.687599,0.343800,0.343800,0,0,1,0,0.000000,0.080000,0.008000,0.001000,5.000000,0.100000,22.000000,0.025000,0.000000
4.502000,0.500000,0.640000,-2.364648,-0.000000,-2.364648,-0.447403,0.000000,0.447403,0.073580,0.014671,0.030969,0.030969,-0.042611,-0.214522,-0.229193,0.035792,0.013764,-0.000353,-0.213054,-0.001467,-5.042243,-1.302237,-6.344480,-6.344480,-6.344480,-3.172240,-3.172240,0,0,1,0,0.000000,0.080000,0.008000,0.001000,5.000000,0.100000,22.000000,0.025000,0.000000
4.507000,0.500000,0.640000,-2.366712,-0.000000,-2.366712,-0.445642,0.000000,0.445642,0.073580,0.014671,0.030969,0.030969,-0.042611,-0.214522,-0.229193,0.035651,0.013782,-0.000352,-0.213054,-0.001467,-5.042243,0.000000,-5.042243,-5.042243,-5.042243,-2.521122,-2.521122,0,0,1,0,0.000000,0.080000,0.008000,0.001000,5.000000,0.100000,22.000000,0.025000,0.000000
4.512000,0.500000,0.640000,-2.368548,-0.000000,-2.368548,-0.440233,0.000000,0.440233,0.073373,-0.007271,0.030969,0.030969,-0.042404,-0.211293,-0.204021,0.035219,0.013800,-0.001082,-0.212020,0.000727,-4.488471,0.125857,-4.362614,-4.362614,-4.362614,-2.181307,-2.181307,0,0,1,0,0.000000,0.080000,0.008000,0.001000,5.000000,0.100000,22.000000,0.025000,0.000000
4.517000,0.500000,0.640000,-2.370037,-0.000000,-2.370037,-0.432149,0.000000,0.432149,0.073373,-0.007271,0.030969,0.030969,-0.042404,-0.211293,-0.204021,0.034572,0.013817,-0.001617,-0.212020,0.000727,-4.488471,0.000000,-4.488471,-4.488471,-4.488471,-2.244236,-2.244236,0,0,1,0,0.000000,0.080000,0.008000,0.001000,5.000000,0.100000,22.000000,0.025000,0.000000
4.522000,0.500000,0.640000,-2.371279,-0.000000,-2.371279,-0.421956,0.000000,0.421956,0.071428,-0.056627,0.030969,0.030969,-0.040459,-0.196634,-0.140007,0.033756,0.013834,-0.002039,-0.202297,0.005663,-3.080160,0.320071,-2.760090,-2.760090,-2.760090,-1.380045,-1.380045,0,0,1,0,0.000000,0.080000,0.008000,0.001000,5.000000,0.100000,22.000000,0.025000,0.000000
4.527000,0.500000,0.640000,-2.372269,-0.000000,-2.372269,-0.409761,0.000000,0.409761,0.071428,-0.056627,0.030969,0.030969,-0.040459,-0.196634,-0.140007,0.032781,0.013850,-0.002439,-0.202297,0.005663,-3.080160,0.000000,-3.080160,-3.080160,-3.080160,-1.540080,-1.540080,0,0,1,0,0.000000,0.080000,0.008000,0.001000,5.000000,0.100000,22.000000,0.025000,0.000000
4.532000,0.500000,0.640000,-2.373066,-0.000000,-2.373066,-0.396631,0.000000,0.396631,0.068007,-0.119880,0.030969,0.030969,-0.037038,-0.173204,-0.053325,0.031730,0.013866,-0.002626,-0.185192,0.011988,-1.173139,0.433414,-0.739725,-0.739725,-0.739725,-0.369863,-0.369863,0,0,1,0,0.000000,0.080000,0.008000,0.001000,5.000000,0.100000,22.000000,0.025000,0.000000
4.537000,0.500000,0.640000,-2.373701,-0.000000,-2.373701,-0.382483,0.000000,0.382483,0.068007,-0.119880,0.030969,0.030969,-0.037038,-0.173204,-0.053325,0.030599,0.013882,-0.002830,-0.185192,0.011988,-1.173139,0.000000,-1.173139,-1.173139,-1.173139,-0.586570,-0.586570,0,0,1,0,0.000000,0.080000,0.008000,0.001000,5.000000,0.100000,22.000000,0.025000,0.000000
4.542000,0.500000,0.640000,-2.374245,-0.000000,-2.374245,-0.368626,0.000000,0.368626,0.063676,-0.182741,0.030969,0.030969,-0.032707,-0.145263,0.037478,0.029490,0.013896,-0.002771,-0.163537,0.018274,0.824515,0.454012,1.278528,1.278528,1.278528,0.639264,0.639264,0,0,1,0,0.000000,0.080000,0.008000,0.001000,5.000000,0.100000,22.000000,0.025000,0.000000
4.547000,0.500000,0.640000,-2.374733,-0.000000,-2.374733,-0.354823,0.000000,0.354823,0.063676,-0.182741,0.030969,0.030969,-0.032707,-0.145263,0.037478,0.028386,0.013911,-0.002761,-0.163537,0.018274,0.824515,0.000000,0.824515,0.824515,0.824515,0.412258,0.412258,0,0,1,0,0.000000,0.080000,0.008000,0.001000,5.000000,0.100000,22.000000,0.025000,0.000000
4.552000,0.500000,0.640000,-2.375235,-0.000000,-2.375235,-0.342357,0.000000,0.342357,0.059092,-0.232857,0.030969,0.030969,-0.028123,-0.117330,0.115527,0.027389,0.013924,-0.002493,-0.140615,0.023286,2.541601,0.390247,2.931847,2.931847,2.931847,1.465924,1.465924,0,0,1,0,0.000000,0.080000,0.008000,0.001000,5.000000,0.100000,22.000000,0.025000,0.000000
4.561000,0.500000,0.640000,-2.376439,-0.000000,-2.376439,-0.321471,0.000000,0.321471,0.054881,-0.261796,0.030969,0.030969,-0.023912,-0.093380,0.168416,0.025718,0.013947,-0.002321,-0.119560,0.026180,3.705158,0.146914,3.852072,3.852072,3.852072,1.926036,1.926036,0,0,1,0,0.000000,0.080000,0.008000,0.001000,5.000000,0.100000,22.000000,0.025000,0.000000
4.566000,0.500000,0.640000,-2.377236,-0.000000,-2.377236,-0.313925,0.000000,0.313925,0.054881,-0.261796,0.030969,0.030969,-0.023912,-0.093380,0.168416,0.025114,0.013960,-0.001509,-0.119560,0.026180,3.705158,0.000000,3.705158,3.705158,3.705158,1.852579,1.852579,0,0,1,0,0.000000,0.080000,0.008000,0.001000,5.000000,0.100000,22.000000,0.025000,0.000000
4.571000,0.500000,0.640000,-2.378200,-0.000000,-2.378200,-0.308597,0.000000,0.308597,0.051575,-0.265271,0.030969,0.030969,-0.020606,-0.076503,0.188768,0.024688,0.013972,-0.001066,-0.103031,0.026527,4.152887,0.101757,4.254643,4.254643,4.254643,2.127322,2.127322,0,0,1,0,0.000000,0.080000,0.008000,0.001000,5.000000,0.100000,22.000000,0.025000,0.000000
4.576000,0.500000,0.640000,-2.379339,-0.000000,-2.379339,-0.305239,0.000000,0.305239,0.051575,-0.265271,0.030969,0.030969,-0.020606,-0.076503,0.188768,0.024419,0.013985,-0.000672,-0.103031,0.026527,4.152887,0.000000,4.152887,4.152887,4.152887,2.076443,2.076443,0,0,1,0,0.000000,0.080000,0.008000,0.001000,5.000000,0.100000,22.000000,0.025000,0.000000
4.581000,0.500000,0.640000,-2.380663,-0.000000,-2.380663,-0.303983,0.000000,0.303983,0.049401,-0.245864,0.030969,0.030969,-0.018432,-0.067574,0.178290,0.024319,0.013997,-0.000251,-0.092160,0.024586,3.922389,-0.052386,3.870003,3.870003,3.870003,1.935002,1.935002,0,0,1,0,0.000000,0.080000,0.008000,0.001000,5.000000,0.100000,22.000000,0.025000,0.000000
4.586000,0.500000,0.640000,-2.382173,-0.000000,-2.382173,-0.304612,0.000000,0.304612,0.049401,-0.245864,0.030969,0.030969,-0.018432,-0.067574,0.178290,0.024369,0.014009,0.000126,-0.092160,0.024586,3.922389,0.000000,3.922389,3.922389,3.922389,1.961195,1.961195,0,0,1,0,0.000000,0.080000,0.008000,0.001000,5.000000,0.100000,22.000000,0.025000,0.000000
4.591000,0.500000,0.640000,-2.383854,-0.000000,-2.383854,-0.306826,0.000000,0.306826,0.048394,-0.209159,0.030969,0.030969,-0.017426,-0.066213,0.142946,0.024546,0.014021,0.000443,-0.087129,0.020916,3.144805,-0.176724,2.968081,2.968081,2.968081,1.484041,1.484041,0,0,1,0,0.000000,0.080000,0.008000,0.001000,5.000000,0.100000,22.000000,0.025000,0.000000
4.596000,0.500000,0.640000,-2.385694,-0.000000,-2.385694,-0.310525,0.000000,0.310525,0.048394,-0.209159,0.030969,0.030969,-0.017426,-0.066213,0.142946,0.024842,0.014034,0.000740,-0.087129,0.020916,3.144805,0.000000,3.144805,3.144805,3.144805,1.572403,1.572403,0,0,1,0,0.000000,0.080000,0.008000,0.001000,5.000000,0.100000,22.000000,0.025000,0.000000
4.605000,0.500000,0.640000,-2.387662,-0.000000,-2.387662,-0.315090,0.000000,0.315090,0.048382,-0.163188,0.030969,0.030969,-0.017413,-0.070746,0.092442,0.025207,0.014056,0.000507,-0.087065,0.016319,2.033721,-0.140288,1.893433,1.893433,1.893433,0.946716,0.946716,0,0,1,0,0.000000,0.080000,0.008000,0.001000,5.000000,0.100000,22.000000,0.025000,0.000000
4.610000,0.500000,0.640000,-2.389738,-0.000000,-2.389738,-0.320539,0.000000,0.320539,0.048382,-0.163188,0.030969,0.030969,-0.017413,-0.070746,0.092442,0.025643,0.014069,0.001090,-0.087065,0.016319,2.033721,0.000000,2.033721,2.033721,2.033721,1.016861,1.016861,0,0,1,0,0.000000,0.080000,0.008000,0.001000,5.000000,0.100000,22.000000,0.025000,0.000000
4.615000,0.500000,0.640000,-2.391923,-0.000000,-2.391923,-0.326796,0.000000,0.326796,0.049105,-0.112415,0.030969,0.030969,-0.018136,-0.079438,0.032977,0.026144,0.014082,0.001251,-0.090680,0.011241,0.725486,-0.297326,0.428160,0.428160,0.428160,0.214080,0.214080,0,0,1,0,0.000000,0.080000,0.008000,0.001000,5.000000,0.100000,22.000000,0.025000,0.000000
4.620000,0.500000,0.640000,-2.394175,-0.000000,-2.394175,-0.333139,0.000000,0.333139,0.050302,-0.065690,0.030969,0.030969,-0.019334,-0.090099,-0.024408,0.026651,0.014095,0.001268,-0.096668,0.006569,-0.536982,-0.286925,-0.823906,-0.823906,-0.823906,-0.411953,-0.411953,0,0,1,0,0.000000,0.080000,0.008000,0.001000,5.000000,0.100000,22.000000,0.025000,0.000000
4.625000,0.500000,0.640000,-2.396472,-0.000000,-2.396472,-0.339626,0.000000,0.339626,0.050302,-0.065690,0.030969,0.030969,-0.019334,-0.090099,-0.024408,0.027170,0.014109,0.001297,-0.096668,0.006569,-0.536982,0.000000,-0.536982,-0.536982,-0.536982,-0.268491,-0.268491,0,0,1,0,0.000000,0.080000,0.008000,0.001000,5.000000,0.100000,22.000000,0.025000,0.000000
4.630000,0.500000,0.640000,-2.398763,-0.000000,-2.398763,-0.345404,0.000000,0.345404,0.050302,-0.065690,0.030969,0.030969,-0.019334,-0.090099,-0.024408,0.027632,0.014123,0.001155,-0.096668,0.006569,-0.536982,0.000000,-0.536982,-0.536982,-0.536982,-0.268491,-0.268491,0,0,1,0,0.000000,0.080000,0.008000,0.001000,5.000000,0.100000,22.000000,0.025000,0.000000
4.635000,0.500000,0.640000,-2.400977,-0.000000,-2.400977,-0.349868,0.000000,0.349868,0.051457,-0.035778,0.030969,0.030969,-0.020488,-0.098864,-0.063086,0.027989,0.014137,0.000893,-0.102442,0.003578,-1.387893,-0.193389,-1.581282,-1.581282,-1.581282,-0.790641,-0.790641,0,0,1,0,0.000000,0.080000,0.008000,0.001000,5.000000,0.100000,22.000000,0.025000,0.000000
4.640000,0.500000,0.640000,-2.403100,-0.000000,-2.403100,-0.353267,0.000000,0.353267,0.051457,-0.035778,0.030969,0.030969,-0.020488,-0.098864,-0.063086,0.028261,0.014151,0.000680,-0.102442,0.003578,-1.387893,0.000000,-1.387893,-1.387893,-1.387893,-0.693947,-0.693947,0,0,1,0,0.000000,0.080000,0.008000,0.001000,5.000000,0.100000,22.000000,0.025000,0.000000
4.645000,0.500000,0.640000,-2.405140,-0.000000,-2.405140,-0.355681,0.000000,0.355681,0.052100,-0.020943,0.030969,0.030969,-0.021131,-0.103561,-0.082618,0.028455,0.014165,0.000483,-0.105655,0.002094,-1.817601,-0.097661,-1.915262,-1.915262,-1.915262,-0.957631,-0.957631,0,0,1,0,0.000000,0.080000,0.008000,0.001000,5.000000,0.100000,22.000000,0.025000,0.000000
4.650000,0.500000,0.640000,-2.407067,-0.000000,-2.407067,-0.356640,0.000000,0.356640,0.052100,-0.020943,0.030969,0.030969,-0.021131,-0.103561,-0.082618,0.028531,0.014179,0.000192,-0.105655,0.002094,-1.817601,0.000000,-1.817601,-1.817601,-1.817601,-0.908800,-0.908800,0,0,1,0,0.000000,0.080000,0.008000,0.001000,5.000000,0.100000,22.000000,0.025000,0.000000
4.655000,0.500000,0.640000,-2.408853,-0.000000,-2.408853,-0.356082,0.000000,0.356082,0.052062,-0.025156,0.030969,0.030969,-0.021094,-0.102953,-0.077797,0.028487,0.014194,-0.000112,-0.105469,0.002516,-1.711535,0.024106,-1.687429,-1.687429,-1.687429,-0.843714,-0.843714,0,0,1,0,0.000000,0.080000,0.008000,0.001000,5.000000,0.100000,22.000000,0.025000,0.000000
4.660000,0.500000,0.640000,-2.410497,-0.000000,-2.410497,-0.354177,0.000000,0.354177,0.052062,-0.025156,0.030969,0.030969,-0.021094,-0.102953,-0.077797,0.028334,0.014208,-0.000381,-0.105469,0.002516,-1.711535,0.000000,-1.711535,-1.711535,-1.711535,-0.855767,-0.855767,0,0,1,0,0.000000,0.080000,0.008000,0.001000,5.000000,0.100000,22.000000,0.025000,0.000000
4.665000,0.500000,0.640000,-2.412007,-0.000000,-2.412007,-0.351032,0.000000,0.351032,0.051173,-0.044258,0.030969,0.030969,-0.020204,-0.096596,-0.052338,0.028083,0.014222,-0.000629,-0.101022,0.004426,-1.151445,0.127293,-1.024151,-1.024151,-1.024151,-0.512076,-0.512076,0,0,1,0,0.000000,0.080000,0.008000,0.001000,5.000000,0.100000,22.000000,0.025000,0.000000
4.674000,0.500000,0.640000,-2.414669,-0.000000,-2.414669,-0.341928,0.000000,0.341928,0.049536,-0.071772,0.030969,0.030969,-0.018568,-0.085661,-0.013889,0.027354,0.014247,-0.001012,-0.092838,0.007177,-0.305555,0.106804,-0.198751,-0.198751,-0.198751,-0.099376,-0.099376,0,0,1,0,0.000000,0.080000,0.008000,0.001000,5.000000,0.100000,22.000000,0.025000,0.000000
4.679000,0.500000,0.640000,-2.415866,-0.000000,-2.415866,-0.336469,0.000000,0.336469,0.049536,-0.071772,0.030969,0.030969,-0.018568,-0.085661,-0.013889,0.026918,0.014260,-0.001092,-0.092838,0.007177,-0.305555,0.000000,-0.305555,-0.305555,-0.305555,-0.152778,-0.152778,0,0,1,0,0.000000,0.080000,0.008000,0.001000,5.000000,0.100000,22.000000,0.025000,0.000000
4.684000,0.500000,0.640000,-2.417007,-0.000000,-2.417007,-0.330904,0.000000,0.330904,0.047413,-0.100858,0.030969,0.030969,-0.016445,-0.072137,0.028721,0.026472,0.014273,-0.001113,-0.082223,0.010086,0.631862,0.213049,0.844911,0.844911,0.844911,0.422456,0.422456,0,0,1,0,0.000000,0.080000,0.008000,0.001000,5.000000,0.100000,22.000000,0.025000,0.000000
4.689000,0.500000,0.640000,-2.418107,-0.000000,-2.418107,-0.325187,0.000000,0.325187,0.047413,-0.100858,0.030969,0.030969,-0.016445,-0.072137,0.028721,0.026015,0.014286,-0.001143,-0.082223,0.010086,0.631862,0.000000,0.631862,0.631862,0.631862,0.315931,0.315931,0,0,1,0,0.000000,0.080000,0.008000,0.001000,5.000000,0.100000,22.000000,0.025000,0.000000
4.694000,0.500000,0.640000,-2.419200,-0.000000,-2.419200,-0.319935,0.000000,0.319935,0.045085,-0.125536,0.030969,0.030969,-0.014116,-0.058027,0.067509,0.025595,0.014299,-0.001050,-0.070580,0.012554,1.485204,0.193941,1.679145,1.679145,1.679145,0.839573,0.839573,0,0,1,0,0.000000,0.080000,0.008000,0.001000,5.000000,0.100000,22.000000,0.025000,0.000000
4.699000,0.500000,0.640000,-2.420305,-0.000000,-2.420305,-0.315003,0.000000,0.315003,0.045085,-0.125536,0.030969,0.030969,-0.014116,-0.058027,0.067509,0.025200,0.014312,-0.000986,-0.070580,0.012554,1.485204,0.000000,1.485204,1.485204,1.485204,0.742602,0.742602,0,0,1,0,0.000000,0.080000,0.008000,0.001000,5.000000,0.100000,22.000000,0.025000,0.000000
4.704000,0.500000,0.640000,-2.421447,-0.000000,-2.421447,-0.310914,0.000000,0.310914,0.042858,-0.141293,0.030969,0.030969,-0.011889,-0.045317,0.095976,0.024873,0.014324,-0.000818,-0.059447,0.014129,2.111468,0.142333,2.253801,2.253801,2.253801,1.126900,1.126900,0,0,1,0,0.000000,0.080000,0.008000,0.001000,5.000000,0.100000,22.000000,0.025000,0.000000
4.709000,0.500000,0.640000,-2.422642,-0.000000,-2.422642,-0.307504,0.000000,0.307504,0.042858,-0.141293,0.030969,0.030969,-0.011889,-0.045317,0.095976,0.024600,0.014336,-0.000682,-0.059447,0.014129,2.111468,0.000000,2.111468,2.111468,2.111468,1.055734,1.055734,0,0,1,0,0.000000,0.080000,0.008000,0.001000,5.000000,0.100000,22.000000,0.025000,0.000000
4.714000,0.500000,0.640000,-2.423907,-0.000000,-2.423907,-0.305121,0.000000,0.305121,0.040982,-0.145836,0.030969,0.030969,-0.010013,-0.035483,0.110353,0.024410,0.014349,-0.000477,-0.050067,0.014584,2.427759,0.071884,2.499643,2.499643,2.499643,1.249822,1.249822,0,0,1,0,0.000000,0.080000,0.008000,0.001000,5.000000,0.100000,22.000000,0.025000,0.000000
4.719000,0.500000,0.640000,-2.425252,-0.000000,-2.425252,-0.303610,0.000000,0.303610,0.040982,-0.145836,0.030969,0.030969,-0.010013,-0.035483,0.110353,0.024289,0.014361,-0.000302,-0.050067,0.014584,2.427759,0.000000,2.427759,2.427759,2.427759,1.213879,1.213879,0,0,1,0,0.000000,0.080000,0.008000,0.001000,5.000000,0.100000,22.000000,0.025000,0.000000
4.724000,0.500000,0.640000,-2.426682,-0.000000,-2.426682,-0.303105,0.000000,0.303105,0.039615,-0.139222,0.030969,0.030969,-0.008646,-0.029309,0.109913,0.024248,0.014373,-0.000101,-0.043231,0.013922,2.418089,-0.002198,2.415891,2.415891,2.415891,1.207946,1.207946,0,0,1,0,0.000000,0.080000,0.008000,0.001000,5.000000,0.100000,22.000000,0.025000,0.000000
4.733000,0.500000,0.640000,-2.429806,-0.000000,-2.429806,-0.304683,0.000000,0.304683,0.038807,-0.123547,0.030969,0.030969,-0.007838,-0.026836,0.096712,0.024375,0.014395,0.000175,-0.039190,0.012355,2.127661,-0.036670,2.090991,2.090991,2.090991,1.045496,1.045496,0,0,1,0,0.000000,0.080000,0.008000,0.001000,5.000000,0.100000,22.000000,0.025000,0.000000
4.738000,0.500000,0.640000,-2.431491,-0.000000,-2.431491,-0.306620,0.000000,0.306620,0.038807,-0.123547,0.030969,0.030969,-0.007838,-0.026836,0.096712,0.024530,0.014407,0.000388,-0.039190,0.012355,2.127661,0.000000,2.127661,2.127661,2.127661,1.063831,1.063831,0,0,1,0,0.000000,0.080000,0.008000,0.001000,5.000000,0.100000,22.000000,0.025000,0.000000
4.743000,0.500000,0.640000,-2.433245,-0.000000,-2.433245,-0.309071,0.000000,0.309071,0.038505,-0.102216,0.030969,0.030969,-0.007537,-0.027462,0.074754,0.024726,0.014419,0.000490,-0.037683,0.010222,1.644597,-0.109787,1.534809,1.534809,1.534809,0.767405,0.767405,0,0,1,0,0.000000,0.080000,0.008000,0.001000,5.000000,0.100000,22.000000,0.025000,0.000000
4.748000,0.500000,0.640000,-2.435060,-0.000000,-2.435060,-0.312009,0.000000,0.312009,0.038505,-0.102216,0.030969,0.030969,-0.007537,-0.027462,0.074754,0.024961,0.014432,0.000588,-0.037683,0.010222,1.644597,0.000000,1.644597,1.644597,1.644597,0.822298,0.822298,0,0,1,0,0.000000,0.080000,0.008000,0.001000,5.000000,0.100000,22.000000,0.025000,0.000000
4.753000,0.500000,0.640000,-2.436916,-0.000000,-2.436916,-0.315084,0.000000,0.315084,0.038579,-0.079410,0.030969,0.030969,-0.007610,-0.030109,0.049301,0.025207,0.014445,0.000615,-0.038050,0.007941,1.084630,-0.127265,0.957365,0.957365,0.957365,0.478683,0.478683,0,0,1,0,0.000000,0.080000,0.008000,0.001000,5.000000,0.100000,22.000000,0.025000,0.000000
4.758000,0.500000,0.640000,-2.438804,-0.000000,-2.438804,-0.318338,0.000000,0.318338,0.038579,-0.079410,0.030969,0.030969,-0.007610,-0.030109,0.049301,0.025467,0.014457,0.000651,-0.038050,0.007941,1.084630,0.000000,1.084630,1.084630,1.084630,0.542315,0.542315,0,0,1,0,0.000000,0.080000,0.008000,0.001000,5.000000,0.100000,22.000000,0.025000,0.000000
4.763000,0.500000,0.640000,-2.440702,-0.000000,-2.440702,-0.321394,0.000000,0.321394,0.038843,-0.058969,0.030969,0.030969,-0.007874,-0.033473,0.025496,0.025712,0.014470,0.000611,-0.039370,0.005897,0.560905,-0.119029,0.441876,0.441876,0.441876,0.220938,0.220938,0,0,1,0,0.000000,0.080000,0.008000,0.001000,5.000000,0.100000,22.000000,0.025000,0.000000
4.772000,0.500000,0.640000,-2.444484,-0.000000,-2.444484,-0.326817,0.000000,0.326817,0.039110,-0.043825,0.030969,0.030969,-0.008141,-0.036323,0.007502,0.026145,0.014494,0.000603,-0.040705,0.004383,0.165052,-0.049981,0.115071,0.115071,0.115071,0.057536,0.057536,0,0,1,0,0.000000,0.080000,0.008000,0.001000,5.000000,0.100000,22.000000,0.025000,0.000000
4.777000,0.500000,0.640000,-2.446337,-0.000000,-2.446337,-0.328886,0.000000,0.328886,0.039110,-0.043825,0.030969,0.030969,-0.008141,-0.036323,0.007502,0.026311,0.014507,0.000414,-0.040705,0.004383,0.165052,0.000000,0.165052,0.165052,0.165052,0.082526,0.082526,0,0,1,0,0.000000,0.080000,0.008000,0.001000,5.000000,0.100000,22.000000,0.025000,0.000000
4.782000,0.500000,0.640000,-2.448150,-0.000000,-2.448150,-0.330398,0.000000,0.330398,0.039206,-0.035824,0.030969,0.030969,-0.008237,-0.037604,-0.001781,0.026432,0.014520,0.000302,-0.041187,0.003582,-0.039176,-0.046415,-0.085591,-0.085591,-0.085591,-0.042796,-0.042796,0,0,1,0,0.000000,0.080000,0.008000,0.001000,5.000000,0.100000,22.000000,0.025000,0.000000
4.787000,0.500000,0.640000,-2.449921,-0.000000,-2.449921,-0.331419,0.000000,0.331419,0.039206,-0.035824,0.030969,0.030969,-0.008237,-0.037604,-0.001781,0.026514,0.014533,0.000204,-0.041187,0.003582,-0.039176,0.000000,-0.039176,-0.039176,-0.039176,-0.019588,-0.019588,0,0,1,0,0.000000,0.080000,0.008000,0.001000,5.000000,0.100000,22.000000,0.025000,0.000000
4.792000,0.500000,0.640000,-2.451643,-0.000000,-2.451643,-0.331856,0.000000,0.331856,0.039040,-0.034808,0.030969,0.030969,-0.008071,-0.036874,-0.002066,0.026548,0.014547,0.000087,-0.040355,0.003481,-0.045457,-0.001428,-0.046885,-0.046885,-0.046885,-0.023443,-0.023443,0,0,1,0,0.000000,0.080000,0.008000,0.001000,5.000000,0.100000,22.000000,0.025000,0.000000
4.801000,0.500000,0.640000,-2.454936,-0.000000,-2.454936,-0.331217,0.000000,0.331217,0.038570,-0.039637,0.030969,0.030969,-0.007602,-0.034044,0.005593,0.026497,0.014570,-0.000071,-0.038008,0.003964,0.123046,0.021276,0.144322,0.144322,0.144322,0.072161,0.072161,0,0,1,0,0.000000,0.080000,0.008000,0.001000,5.000000,0.100000,22.000000,0.025000,0.000000
4.806000,0.500000,0.640000,-2.456511,-0.000000,-2.456511,-0.330215,0.000000,0.330215,0.038570,-0.039637,0.030969,0.030969,-0.007602,-0.034044,0.005593,0.026417,0.014584,-0.000201,-0.038008,0.003964,0.123046,0.000000,0.123046,0.123046,0.123046,0.061523,0.061523,0,0,1,0,0.000000,0.080000,0.008000,0.001000,5.000000,0.100000,22.000000,0.025000,0.000000
4.811000,0.500000,0.640000,-2.458045,-0.000000,-2.458045,-0.328903,0.000000,0.328903,0.037821,-0.048329,0.030969,0.030969,-0.006852,-0.029427,0.018902,0.026312,0.014597,-0.000262,-0.034260,0.004833,0.415849,0.066546,0.482395,0.482395,0.482395,0.241198,0.241198,0,0,1,0,0.000000,0.080000,0.008000,0.001000,5.000000,0.100000,22.000000,0.025000,0.000000
4.816000,0.500000,0.640000,-2.459543,-0.000000,-2.459543,-0.327297,0.000000,0.327297,0.037821,-0.048329,0.030969,0.030969,-0.006852,-0.029427,0.018902,0.026184,0.014610,-0.000321,-0.034260,0.004833,0.415849,0.000000,0.415849,0.415849,0.415849,0.207925,0.207925,0,0,1,0,0.000000,0.080000,0.008000,0.001000,5.000000,0.100000,22.000000,0.025000,0.000000
4.821000,0.500000,0.640000,-2.461017,-0.000000,-2.461017,-0.325605,0.000000,0.325605,0.036865,-0.058354,0.030969,0.030969,-0.005896,-0.023646,0.034708,0.026048,0.014623,-0.000338,-0.029481,0.005835,0.763582,0.079030,0.842612,0.842612,0.842612,0.421306,0.421306,0,0,1,0,0.000000,0.080000,0.008000,0.001000,5.000000,0.100000,22.000000,0.025000,0.000000
4.826000,0.500000,0.640000,-2.462472,-0.000000,-2.462472,-0.323802,0.000000,0.323802,0.036865,-0.058354,0.030969,0.030969,-0.005896,-0.023646,0.034708,0.025904,0.014636,-0.000361,-0.029481,0.005835,0.763582,0.000000,0.763582,0.763582,0.763582,0.381791,0.381791,0,0,1,0,0.000000,0.080000,0.008000,0.001000,5.000000,0.100000,22.000000,0.025000,0.000000
4.835000,0.500000,0.640000,-2.463922,-0.000000,-2.463922,-0.322118,0.000000,0.322118,0.035811,-0.067341,0.030969,0.030969,-0.004843,-0.017479,0.049862,0.025769,0.014659,-0.000187,-0.024213,0.006734,1.096971,0.042095,1.139065,1.139065,1.139065,0.569533,0.569533,0,0,1,0,0.000000,0.080000,0.008000,0.001000,5.000000,0.100000,22.000000,0.025000,0.000000
4.840000,0.500000,0.640000,-2.465372,-0.000000,-2.465372,-0.320503,0.000000,0.320503,0.034753,-0.074700,0.030969,0.030969,-0.003784,-0.011450,0.063250,0.025640,0.014672,-0.000323,-0.018920,0.007470,1.391511,0.066941,1.458452,1.458452,1.458452,0.729226,0.729226,0,0,1,0,0.000000,0.080000,0.008000,0.001000,5.000000,0.100000,22.000000,0.025000,0.000000
4.845000,0.500000,0.640000,-2.466819,-0.000000,-2.466819,-0.318952,0.000000,0.318952,0.034753,-0.074700,0.030969,0.030969,-0.003784,-0.011450,0.063250,0.025516,0.014685,-0.000310,-0.018920,0.007470,1.391511,0.000000,1.391511,1.391511,1.391511,0.695755,0.695755,0,0,1,0,0.000000,0.080000,0.008000,0.001000,5.000000,0.100000,22.000000,0.025000,0.000000
4.850000,0.500000,0.640000,-2.468278,-0.000000,-2.468278,-0.317657,0.000000,0.317657,0.034753,-0.074700,0.030969,0.030969,-0.003784,-0.011450,0.063250,0.025413,0.014697,-0.000259,-0.018920,0.007470,1.391511,0.000000,1.391511,1.391511,1.391511,0.695755,0.695755,0,0,1,0,0.000000,0.080000,0.008000,0.001000,5.000000,0.100000,22.000000,0.025000,0.000000
4.855000,0.500000,0.640000,-2.469763,-0.000000,-2.469763,-0.316762,0.000000,0.316762,0.033771,-0.077507,0.030969,0.030969,-0.002802,-0.006261,0.071245,0.025341,0.014710,-0.000179,-0.014012,0.007751,1.567396,0.039974,1.607370,1.607370,1.607370,0.803685,0.803685,0,0,1,0,0.000000,0.080000,0.008000,0.001000,5.000000,0.100000,22.000000,0.025000,0.000000
4.860000,0.500000,0.640000,-2.471279,-0.000000,-2.471279,-0.316203,0.000000,0.316203,0.033771,-0.077507,0.030969,0.030969,-0.002802,-0.006261,0.071245,0.025296,0.014723,-0.000112,-0.014012,0.007751,1.567396,0.000000,1.567396,1.567396,1.567396,0.783698,0.783698,0,0,1,0,0.000000,0.080000,0.008000,0.001000,5.000000,0.100000,22.000000,0.025000,0.000000
4.865000,0.500000,0.640000,-2.472824,-0.000000,-2.472824,-0.315951,0.000000,0.315951,0.032978,-0.076316,0.030969,0.030969,-0.002009,-0.002414,0.073902,0.025276,0.014735,-0.000050,-0.010046,0.007632,1.625836,0.013282,1.639118,1.639118,1.639118,0.819559,0.819559,0,0,1,0,0.000000,0.080000,0.008000,0.001000,5.000000,0.100000,22.000000,0.025000,0.000000
4.870000,0.500000,0.640000,-2.474402,-0.000000,-2.474402,-0.316073,0.000000,0.316073,0.032978,-0.076316,0.030969,0.030969,-0.002009,-0.002414,0.073902,0.025286,0.014748,0.000024,-0.010046,0.007632,1.625836,0.000000,1.625836,1.625836,1.625836,0.812918,0.812918,0,0,1,0,0.000000,0.080000,0.008000,0.001000,5.000000,0.100000,22.000000,0.025000,0.000000
4.875000,0.500000,0.640000,-2.476017,-0.000000,-2.476017,-0.316576,0.000000,0.316576,0.032395,-0.070835,0.030969,0.030969,-0.001426,-0.000046,0.070789,0.025326,0.014761,0.000101,-0.007129,0.007083,1.557362,-0.015562,1.541800,1.541800,1.541800,0.770900,0.770900,0,0,1,0,0.000000,0.080000,0.008000,0.001000,5.000000,0.100000,22.000000,0.025000,0.000000
4.884000,0.500000,0.640000,-2.479356,-0.000000,-2.479356,-0.318536,0.000000,0.318536,0.032043,-0.062303,0.030969,0.030969,-0.001074,0.000859,0.063162,0.025483,0.014783,0.000218,-0.005371,0.006230,1.389558,-0.021187,1.368371,1.368371,1.368371,0.684186,0.684186,0,0,1,0,0.000000,0.080000,0.008000,0.001000,5.000000,0.100000,22.000000,0.025000,0.000000
4.889000,0.500000,0.640000,-2.481073,-0.000000,-2.481073,-0.319897,0.000000,0.319897,0.032043,-0.062303,0.030969,0.030969,-0.001074,0.000859,0.063162,0.025592,0.014796,0.000272,-0.005371,0.006230,1.389558,0.000000,1.389558,1.389558,1.389558,0.694779,0.694779,0,0,1,0,0.000000,0.080000,0.008000,0.001000,5.000000,0.100000,22.000000,0.025000,0.000000
4.894000,0.500000,0.640000,-2.482814,-0.000000,-2.482814,-0.321393,0.000000,0.321393,0.031880,-0.052351,0.030969,0.030969,-0.000911,0.000680,0.053031,0.025711,0.014809,0.000299,-0.004555,0.005235,1.166675,-0.050655,1.116019,1.116019,1.116019,0.558010,0.558010,0,0,1,0,0.000000,0.080000,0.008000,0.001000,5.000000,0.100000,22.000000,0.025000,0.000000
4.899000,0.500000,0.640000,-2.484575,-0.000000,-2.484575,-0.323021,0.000000,0.323021,0.031880,-0.052351,0.030969,0.030969,-0.000911,0.000680,0.053031,0.025842,0.014822,0.000326,-0.004555,0.005235,1.166675,0.000000,1.166675,1.166675,1.166675,0.583337,0.583337,0,0,1,0,0.000000,0.080000,0.008000,0.001000,5.000000,0.100000,22.000000,0.025000,0.000000
4.904000,0.500000,0.640000,-2.486349,-0.000000,-2.486349,-0.324626,0.000000,0.324626,0.031839,-0.042679,0.030969,0.030969,-0.000870,-0.000083,0.042596,0.025970,0.014835,0.000321,-0.004351,0.004268,0.937114,-0.052173,0.884941,0.884941,0.884941,0.442471,0.442471,0,0,1,0,0.000000,0.080000,0.008000,0.001000,5.000000,0.100000,22.000000,0.025000,0.000000
4.909000,0.500000,0.640000,-2.488129,-0.000000,-2.488129,-0.326234,0.000000,0.326234,0.031839,-0.042679,0.030969,0.030969,-0.000870,-0.000083,0.042596,0.026099,0.014848,0.000322,-0.004351,0.004268,0.937114,0.000000,0.937114,0.937114,0.937114,0.468557,0.468557,0,0,1,0,0.000000,0.080000,0.008000,0.001000,5.000000,0.100000,22.000000,0.025000,0.000000
4.918000,0.500000,0.640000,-2.491684,-0.000000,-2.491684,-0.329046,0.000000,0.329046,0.031840,-0.034723,0.030969,0.030969,-0.000871,-0.000883,0.033840,0.026324,0.014872,0.000312,-0.004355,0.003472,0.744475,-0.024323,0.720152,0.720152,0.720152,0.360076,0.360076,0,0,1,0,0.000000,0.080000,0.008000,0.001000,5.000000,0.100000,22.000000,0.025000,0.000000
4.923000,0.500000,0.640000,-2.493456,-0.000000,-2.493456,-0.330293,0.000000,0.330293,0.031820,-0.028693,0.030969,0.030969,-0.000851,-0.001385,0.027308,0.026423,0.014885,0.000249,-0.004255,0.002869,0.600769,-0.032660,0.568109,0.568109,0.568109,0.284054,0.284054,0,0,1,0,0.000000,0.080000,0.008000,0.001000,5.000000,0.100000,22.000000,0.025000,0.000000
4.928000,0.500000,0.640000,-2.495217,-0.000000,-2.495217,-0.331330,0.000000,0.331330,0.031820,-0.028693,0.030969,0.030969,-0.000851,-0.001385,0.027308,0.026506,0.014898,0.000207,-0.004255,0.002869,0.600769,0.000000,0.600769,0.600769,0.600769,0.300385,0.300385,0,0,1,0,0.000000,0.080000,0.008000,0.001000,5.000000,0.100000,22.000000,0.025000,0.000000
4.933000,0.500000,0.640000,-2.496958,-0.000000,-2.496958,-0.332092,0.000000,0.332092,0.031732,-0.026007,0.030969,0.030969,-0.000763,-0.001215,0.024791,0.026567,0.014912,0.000152,-0.003816,0.002601,0.545405,-0.012583,0.532822,0.532822,0.532822,0.266411,0.266411,0,0,1,0,0.000000,0.080000,0.008000,0.001000,5.000000,0.100000,22.000000,0.025000,0.000000
4.938000,0.500000,0.640000,-2.498679,-0.000000,-2.498679,-0.332616,0.000000,0.332616,0.031732,-0.026007,0.030969,0.030969,-0.000763,-0.001215,0.024791,0.026609,0.014925,0.000105,-0.003816,0.002601,0.545405,0.000000,0.545405,0.545405,0.545405,0.272702,0.272702,0,0,1,0,0.000000,0.080000,0.008000,0.001000,5.000000,0.100000,22.000000,0.025000,0.000000
4.943000,0.500000,0.640000,-2.500378,-0.000000,-2.500378,-0.332884,0.000000,0.332884,0.031515,-0.026379,0.030969,0.030969,-0.000546,-0.000093,0.026287,0.026631,0.014938,0.000054,-0.002731,0.002638,0.578304,0.007477,0.585781,0.585781,0.585781,0.292890,0.292890,0,0,1,0,0.000000,0.080000,0.008000,0.001000,5.000000,0.100000,22.000000,0.025000,0.000000
4.952000,0.500000,0.640000,-2.503712,-0.000000,-2.503712,-0.332768,0.000000,0.332768,0.031163,-0.029102,0.030969,0.030969,-0.000194,0.001939,0.031041,0.026621,0.014962,-0.000013,-0.000971,0.002910,0.682907,0.013208,0.696115,0.696115,0.696115,0.348057,0.348057,0,0,1,0,0.000000,0.080000,0.008000,0.001000,5.000000,0.100000,22.000000,0.025000,0.000000
4.957000,0.500000,0.640000,-2.505350,-0.000000,-2.505350,-0.332436,0.000000,0.332436,0.031163,-0.029102,0.030969,0.030969,-0.000194,0.001939,0.031041,0.026595,0.014975,-0.000066,-0.000971,0.002910,0.682907,0.000000,0.682907,0.682907,0.682907,0.341454,0.341454,0,0,1,0,0.000000,0.080000,0.008000,0.001000,5.000000,0.100000,22.000000,0.025000,0.000000
4.962000,0.500000,0.640000,-2.506973,-0.000000,-2.506973,-0.331998,0.000000,0.331998,0.030698,-0.033149,0.030969,0.030969,0.000271,0.004671,0.037820,0.026560,0.014989,-0.000088,0.001356,0.003315,0.832035,0.033893,0.865927,0.865927,0.865927,0.432964,0.432964,0,0,1,0,0.000000,0.080000,0.008000,0.001000,5.000000,0.100000,22.000000,0.025000,0.000000
4.967000,0.500000,0.640000,-2.508584,-0.000000,-2.508584,-0.331454,0.000000,0.331454,0.030698,-0.033149,0.030969,0.030969,0.000271,0.004671,0.037820,0.026516,0.015002,-0.000109,0.001356,0.003315,0.832035,0.000000,0.832035,0.832035,0.832035,0.416017,0.416017,0,0,1,0,0.000000,0.080000,0.008000,0.001000,5.000000,0.100000,22.000000,0.025000,0.000000
4.972000,0.500000,0.640000,-2.510188,-0.000000,-2.510188,-0.330908,0.000000,0.330908,0.030158,-0.037375,0.030969,0.030969,0.000810,0.007789,0.045164,0.026473,0.015015,-0.000109,0.004052,0.003737,0.993607,0.036721,1.030328,1.030328,1.030328,0.515164,0.515164,0,0,1,0,0.000000,0.080000,0.008000,0.001000,5.000000,0.100000,22.000000,0.025000,0.000000
4.977000,0.500000,0.640000,-2.511788,-0.000000,-2.511788,-0.330343,0.000000,0.330343,0.030158,-0.037375,0.030969,0.030969,0.000810,0.007789,0.045164,0.026427,0.015028,-0.000113,0.004052,0.003737,0.993607,0.000000,0.993607,0.993607,0.993607,0.496804,0.496804,0,0,1,0,0.000000,0.080000,0.008000,0.001000,5.000000,0.100000,22.000000,0.025000,0.000000
4.982000,0.500000,0.640000,-2.513389,-0.000000,-2.513389,-0.329862,0.000000,0.329862,0.029597,-0.040768,0.030969,0.030969,0.001371,0.010934,0.051702,0.026389,0.015042,-0.000096,0.006857,0.004077,1.137439,0.032689,1.170128,1.170128,1.170128,0.585064,0.585064,0,0,1,0,0.000000,0.080000,0.008000,0.001000,5.000000,0.100000,22.000000,0.025000,0.000000
4.991000,0.500000,0.640000,-2.516609,-0.000000,-2.516609,-0.329162,0.000000,0.329162,0.029064,-0.042606,0.030969,0.030969,0.001904,0.013782,0.056388,0.026333,0.015065,-0.000078,0.009522,0.004261,1.240536,0.013017,1.253554,1.253554,1.253554,0.626777,0.626777,0,0,1,0,0.000000,0.080000,0.008000,0.001000,5.000000,0.100000,22.000000,0.025000,0.000000
4.996000,0.500000,0.640000,-2.518236,-0.000000,-2.518236,-0.329018,0.000000,0.329018,0.029064,-0.042606,0.030969,0.030969,0.001904,0.013782,0.056388,0.026321,0.015078,-0.000029,0.009522,0.004261,1.240536,0.000000,1.240536,1.240536,1.240536,0.620268,0.620268,0,0,1,0,0.000000,0.080000,0.008000,0.001000,5.000000,0.100000,22.000000,0.025000,0.000000
5.001000,0.500000,0.640000,-2.519877,-0.000000,-2.519877,-0.329040,0.000000,0.329040,0.028604,-0.042483,0.030969,0.030969,0.002365,0.016073,0.058556,0.026323,0.015092,0.000004,0.011825,0.004248,1.288235,0.010841,1.299076,1.299076,1.299076,0.649538,0.649538,0,0,1,0,0.000000,0.080000,0.008000,0.001000,5.000000,0.100000,22.000000,0.025000,0.000000
5.006000,0.500000,0.640000,-2.521533,-0.000000,-2.521533,-0.329207,0.000000,0.329207,0.028604,-0.042483,0.030969,0.030969,0.002365,0.016073,0.058556,0.026337,0.015105,0.000033,0.011825,0.004248,1.288235,0.000000,1.288235,1.288235,1.288235,0.644118,0.644118,0,0,1,0,0.000000,0.080000,0.008000,0.001000,5.000000,0.100000,22.000000,0.025000,0.000000
5.011000,0.500000,0.640000,-2.523205,-0.000000,-2.523205,-0.329537,0.000000,0.329537,0.028236,-0.040545,0.030969,0.030969,0.002733,0.017720,0.058266,0.026363,0.015118,0.000066,0.013666,0.004055,1.281847,-0.001452,1.280395,1.280395,1.280395,0.640198,0.640198,0,0,1,0,0.000000,0.080000,0.008000,0.001000,5.000000,0.100000,22.000000,0.025000,0.000000
5.016000,0.500000,0.640000,-2.524894,-0.000000,-2.524894,-0.330011,0.000000,0.330011,0.028236,-0.040545,0.030969,0.030969,0.002733,0.017720,0.058266,0.026401,0.015131,0.000095,0.013666,0.004055,1.281847,0.000000,1.281847,1.281847,1.281847,0.640924,0.640924,0,0,1,0,0.000000,0.080000,0.008000,0.001000,5.000000,0.100000,22.000000,0.025000,0.000000
5.021000,0.500000,0.640000,-2.526598,-0.000000,-2.526598,-0.330612,0.000000,0.330612,0.027965,-0.037187,0.030969,0.030969,0.003003,0.018735,0.055922,0.026449,0.015144,0.000120,0.015017,0.003719,1.230287,-0.011718,1.218568,1.218568,1.218568,0.609284,0.609284,0,0,1,0,0.000000,0.080000,0.008000,0.001000,5.000000,0.100000,22.000000,0.025000,0.000000
5.026000,0.500000,0.640000,-2.528317,-0.000000,-2.528317,-0.331330,0.000000,0.331330,0.027965,-0.037187,0.030969,0.030969,0.003003,0.018735,0.055922,0.026506,0.015158,0.000143,0.015017,0.003719,1.230287,0.000000,1.230287,1.230287,1.230287,0.615143,0.615143,0,0,1,0,0.000000,0.080000,0.008000,0.001000,5.000000,0.100000,22.000000,0.025000,0.000000
5.035000,0.500000,0.640000,-2.531791,-0.000000,-2.531791,-0.332982,0.000000,0.332982,0.027782,-0.033015,0.030969,0.030969,0.003187,0.019236,0.052251,0.026639,0.015182,0.000184,0.015934,0.003301,1.149517,-0.010198,1.139319,1.139319,1.139319,0.569660,0.569660,0,0,1,0,0.000000,0.080000,0.008000,0.001000,5.000000,0.100000,22.000000,0.025000,0.000000
5.040000,0.500000,0.640000,-2.533544,-0.000000,-2.533544,-0.333909,0.000000,0.333909,0.027666,-0.028404,0.030969,0.030969,0.003303,0.019356,0.047760,0.026713,0.015195,0.000185,0.016516,0.002840,1.050722,-0.022454,1.028268,1.028268,1.028268,0.514134,0.514134,0,0,1,0,0.000000,0.080000,0.008000,0.001000,5.000000,0.100000,22.000000,0.025000,0.000000
5.045000,0.500000,0.640000,-2.533544,-0.000000,-2.533544,-0.333909,0.000000,0.333909,0.027666,-0.028404,0.030969,0.030969,0.003303,0.019356,0.047760,0.026713,0.015208,0.000000,0.016516,0.002840,1.050722,0.000000,1.050722,1.050722,1.050722,0.525361,0.525361,0,0,1,0,0.000000,0.080000,0.008000,0.001000,5.000000,0.100000,22.000000,0.025000,0.000000
5.050000,0.500000,0.640000,-2.535305,-0.000000,-2.535305,-0.334847,0.000000,0.334847,0.027590,-0.024425,0.030969,0.030969,0.003379,0.019337,0.043762,0.026788,0.015222,0.000188,0.016894,0.002443,0.962767,-0.019990,0.942777,0.942777,0.942777,0.471389,0.471389,0,0,1,0,0.000000,0.080000,0.008000,0.001000,5.000000,0.100000,22.000000,0.025000,0.000000
5.055000,0.500000,0.640000,-2.537068,-0.000000,-2.537068,-0.335734,0.000000,0.335734,0.027590,-0.024425,0.030969,0.030969,0.003379,0.019337,0.043762,0.026859,0.015235,0.000178,0.016894,0.002443,0.962767,0.000000,0.962767,0.962767,0.962767,0.481383,0.481383,0,0,1,0,0.000000,0.080000,0.008000,0.001000,5.000000,0.100000,22.000000,0.025000,0.000000
5.060000,0.500000,0.640000,-2.538832,-0.000000,-2.538832,-0.336587,0.000000,0.336587,0.027590,-0.024425,0.030969,0.030969,0.003379,0.019337,0.043762,0.026927,0.015249,0.000170,0.016894,0.002443,0.962767,0.000000,0.962767,0.962767,0.962767,0.481383,0.481383,0,0,1,0,0.000000,0.080000,0.008000,0.001000,5.000000,0.100000,22.000000,0.025000,0.000000
5.065000,0.500000,0.640000,-2.540594,-0.000000,-2.540594,-0.337359,0.000000,0.337359,0.027512,-0.021455,0.030969,0.030969,0.003457,0.019431,0.040887,0.026989,0.015262,0.000154,0.017286,0.002146,0.899507,-0.014377,0.885129,0.885129,0.885129,0.442565,0.442565,0,0,1,0,0.000000,0.080000,0.008000,0.001000,5.000000,0.100000,22.000000,0.025000,0.000000
5.074000,0.500000,0.640000,-2.544103,-0.000000,-2.544103,-0.338643,0.000000,0.338643,0.027405,-0.019806,0.030969,0.030969,0.003564,0.019800,0.039607,0.027091,0.015286,0.000143,0.017820,0.001981,0.871343,-0.003556,0.867787,0.867787,0.867787,0.433894,0.433894,0,0,1,0,0.000000,0.080000,0.008000,0.001000,5.000000,0.100000,22.000000,0.025000,0.000000
5.079000,0.500000,0.640000,-2.545848,-0.000000,-2.545848,-0.339126,0.000000,0.339126,0.027405,-0.019806,0.030969,0.030969,0.003564,0.019800,0.039607,0.027130,0.015300,0.000097,0.017820,0.001981,0.871343,0.000000,0.871343,0.871343,0.871343,0.435672,0.435672,0,0,1,0,0.000000,0.080000,0.008000,0.001000,5.000000,0.100000,22.000000,0.025000,0.000000
5.084000,0.500000,0.640000,-2.547585,-0.000000,-2.547585,-0.339503,0.000000,0.339503,0.027248,-0.019486,0.030969,0.030969,0.003721,0.020551,0.040037,0.027160,0.015314,0.000076,0.018603,0.001949,0.880817,0.002153,0.882970,0.882970,0.882970,0.441485,0.441485,0,0,1,0,0.000000,0.080000,0.008000,0.001000,5.000000,0.100000,22.000000,0.025000,0.000000
5.089000,0.500000,0.640000,-2.549313,-0.000000,-2.549313,-0.339785,0.000000,0.339785,0.027248,-0.019486,0.030969,0.030969,0.003721,0.020551,0.040037,0.027183,0.015327,0.000056,0.018603,0.001949,0.880817,0.000000,0.880817,0.880817,0.880817,0.440409,0.440409,0,0,1,0,0.000000,0.080000,0.008000,0.001000,5.000000,0.100000,22.000000,0.025000,0.000000
5.094000,0.500000,0.640000,-2.551035,-0.000000,-2.551035,-0.339983,0.000000,0.339983,0.027038,-0.020195,0.030969,0.030969,0.003930,0.021671,0.041866,0.027199,0.015341,0.000040,0.019652,0.002019,0.921056,0.009145,0.930201,0.930201,0.930201,0.465101,0.465101,0,0,1,0,0.000000,0.080000,0.008000,0.001000,5.000000,0.100000,22.000000,0.025000,0.000000
5.099000,0.500000,0.640000,-2.552749,-0.000000,-2.552749,-0.340102,0.000000,0.340102,0.027038,-0.020195,0.030969,0.030969,0.003930,0.021671,0.041866,0.027208,0.015354,0.000024,0.019652,0.002019,0.921056,0.000000,0.921056,0.921056,0.921056,0.460528,0.460528,0,0,1,0,0.000000,0.080000,0.008000,0.001000,5.000000,0.100000,22.000000,0.025000,0.000000
5.104000,0.500000,0.640000,-2.554459,-0.000000,-2.554459,-0.340174,0.000000,0.340174,0.026782,-0.021527,0.030969,0.030969,0.004187,0.023086,0.044613,0.027214,0.015368,0.000014,0.020933,0.002153,0.981481,0.013733,0.995213,0.995213,0.995213,0.497607,0.497607,0,0,1,0,0.000000,0.080000,0.008000,0.001000,5.000000,0.100000,22.000000,0.025000,0.000000
5.113000,0.500000,0.640000,-2.557866,-0.000000,-2.557866,-0.340211,0.000000,0.340211,0.026495,-0.023021,0.030969,0.030969,0.004474,0.024671,0.047692,0.027217,0.015393,0.000004,0.022369,0.002302,1.049218,0.008553,1.057771,1.057771,1.057771,0.528885,0.528885,0,0,1,0,0.000000,0.080000,0.008000,0.001000,5.000000,0.100000,22.000000,0.025000,0.000000
5.118000,0.500000,0.640000,-2.559568,-0.000000,-2.559568,-0.340219,0.000000,0.340219,0.026495,-0.023021,0.030969,0.030969,0.004474,0.024671,0.047692,0.027218,0.015406,0.000002,0.022369,0.002302,1.049218,0.000000,1.049218,1.049218,1.049218,0.524609,0.524609,0,0,1,0,0.000000,0.080000,0.008000,0.001000,5.000000,0.100000,22.000000,0.025000,0.000000
5.123000,0.500000,0.640000,-2.561272,-0.000000,-2.561272,-0.340252,0.000000,0.340252,0.026199,-0.024230,0.030969,0.030969,0.004770,0.026274,0.050503,0.027220,0.015420,0.000007,0.023851,0.002423,1.111073,0.014058,1.125131,1.125131,1.125131,0.562565,0.562565,0,0,1,0,0.000000,0.080000,0.008000,0.001000,5.000000,0.100000,22.000000,0.025000,0.000000
5.128000,0.500000,0.640000,-2.562977,-0.000000,-2.562977,-0.340302,0.000000,0.340302,0.026199,-0.024230,0.030969,0.030969,0.004770,0.026274,0.050503,0.027224,0.015433,0.000010,0.023851,0.002423,1.111073,0.000000,1.111073,1.111073,1.111073,0.555536,0.555536,0,0,1,0,0.000000,0.080000,0.008000,0.001000,5.000000,0.100000,22.000000,0.025000,0.000000
5.133000,0.500000,0.640000,-2.564687,-0.000000,-2.564687,-0.340409,0.000000,0.340409,0.025912,-0.024863,0.030969,0.030969,0.005057,0.027771,0.052634,0.027233,0.015447,0.000021,0.025284,0.002486,1.157938,0.010651,1.168590,1.168590,1.168590,0.584295,0.584295,0,0,1,0,0.000000,0.080000,0.008000,0.001000,5.000000,0.100000,22.000000,0.025000,0.000000
5.138000,0.500000,0.640000,-2.566402,-0.000000,-2.566402,-0.340558,0.000000,0.340558,0.025912,-0.024863,0.030969,0.030969,0.005057,0.027771,0.052634,0.027245,0.015461,0.000030,0.025284,0.002486,1.157938,0.000000,1.157938,1.157938,1.157938,0.578969,0.578969,0,0,1,0,0.000000,0.080000,0.008000,0.001000,5.000000,0.100000,22.000000,0.025000,0.000000
5.147000,0.500000,0.640000,-2.569853,-0.000000,-2.569853,-0.341052,0.000000,0.341052,0.025652,-0.024754,0.030969,0.030969,0.005317,0.029059,0.053813,0.027284,0.015485,0.000055,0.026583,0.002475,1.183889,0.003277,1.187166,1.187166,1.187166,0.593583,0.593583,0,0,1,0,0.000000,0.080000,0.008000,0.001000,5.000000,0.100000,22.000000,0.025000,0.000000
5.152000,0.500000,0.640000,-2.571588,-0.000000,-2.571588,-0.341380,0.000000,0.341380,0.025429,-0.023999,0.030969,0.030969,0.005540,0.030100,0.054098,0.027310,0.015499,0.000065,0.027700,0.002400,1.190161,0.001425,1.191586,1.191586,1.191586,0.595793,0.595793,0,0,1,0,0.000000,0.080000,0.008000,0.001000,5.000000,0.100000,22.000000,0.025000,0.000000
5.157000,0.500000,0.640000,-2.573331,-0.000000,-2.573331,-0.341769,0.000000,0.341769,0.025429,-0.023999,0.030969,0.030969,0.005540,0.030100,0.054098,0.027342,0.015512,0.000078,0.027700,0.002400,1.190161,0.000000,1.190161,1.190161,1.190161,0.595080,0.595080,0,0,1,0,0.000000,0.080000,0.008000,0.001000,5.000000,0.100000,22.000000,0.025000,0.000000
5.162000,0.500000,0.640000,-2.575081,-0.000000,-2.575081,-0.342218,0.000000,0.342218,0.025244,-0.022587,0.030969,0.030969,0.005724,0.030881,0.053468,0.027377,0.015526,0.000090,0.028622,0.002259,1.176295,-0.003151,1.173144,1.173144,1.173144,0.586572,0.586572,0,0,1,0,0.000000,0.080000,0.008000,0.001000,5.000000,0.100000,22.000000,0.025000,0.000000
5.167000,0.500000,0.640000,-2.576839,-0.000000,-2.576839,-0.342718,0.000000,0.342718,0.025244,-0.022587,0.030969,0.030969,0.005724,0.030881,0.053468,0.027417,0.015540,0.000100,0.028622,0.002259,1.176295,0.000000,1.176295,1.176295,1.176295,0.588148,0.588148,0,0,1,0,0.000000,0.080000,0.008000,0.001000,5.000000,0.100000,22.000000,0.025000,0.000000
5.172000,0.500000,0.640000,-2.578604,-0.000000,-2.578604,-0.343257,0.000000,0.343257,0.025099,-0.020760,0.030969,0.030969,0.005869,0.031423,0.052182,0.027461,0.015554,0.000108,0.029347,0.002076,1.148014,-0.006428,1.141587,1.141587,1.141587,0.570793,0.570793,0,0,1,0,0.000000,0.080000,0.008000,0.001000,5.000000,0.100000,22.000000,0.025000,0.000000
5.177000,0.500000,0.640000,-2.580376,-0.000000,-2.580376,-0.343831,0.000000,0.343831,0.025099,-0.020760,0.030969,0.030969,0.005869,0.031423,0.052182,0.027506,0.015567,0.000115,0.029347,0.002076,1.148014,0.000000,1.148014,1.148014,1.148014,0.574007,0.574007,0,0,1,0,0.000000,0.080000,0.008000,0.001000,5.000000,0.100000,22.000000,0.025000,0.000000
5.182000,0.500000,0.640000,-2.582152,-0.000000,-2.582152,-0.344420,0.000000,0.344420,0.024985,-0.018794,0.030969,0.030969,0.005983,0.031796,0.050590,0.027554,0.015581,0.000118,0.029917,0.001879,1.112972,-0.007964,1.105008,1.105008,1.105008,0.552504,0.552504,0,0,1,0,0.000000,0.080000,0.008000,0.001000,5.000000,0.100000,22.000000,0.025000,0.000000
5.187000,0.500000,0.640000,-2.583933,-0.000000,-2.583933,-0.345023,0.000000,0.345023,0.024985,-0.018794,0.030969,0.030969,0.005983,0.031796,0.050590,0.027602,0.015595,0.000121,0.029917,0.001879,1.112972,0.000000,1.112972,1.112972,1.112972,0.556486,0.556486,0,0,1,0,0.000000,0.080000,0.008000,0.001000,5.000000,0.100000,22.000000,0.025000,0.000000
5.196000,0.500000,0.640000,-2.587502,-0.000000,-2.587502,-0.346205,0.000000,0.346205,0.024890,-0.016959,0.030969,0.030969,0.006079,0.032089,0.049048,0.027696,0.015620,0.000131,0.030393,0.001696,1.079047,-0.004283,1.074764,1.074764,1.074764,0.537382,0.537382,0,0,1,0,0.000000,0.080000,0.008000,0.001000,5.000000,0.100000,22.000000,0.025000,0.000000
5.201000,0.500000,0.640000,-2.589290,-0.000000,-2.589290,-0.346786,0.000000,0.346786,0.024803,-0.015342,0.030969,0.030969,0.006166,0.032364,0.047706,0.027743,0.015634,0.000116,0.030830,0.001534,1.049526,-0.006709,1.042817,1.042817,1.042817,0.521409,0.521409,0,0,1,0,0.000000,0.080000,0.008000,0.001000,5.000000,0.100000,22.000000,0.025000,0.000000
5.206000,0.500000,0.640000,-2.591080,-0.000000,-2.591080,-0.347341,0.000000,0.347341,0.024803,-0.015342,0.030969,0.030969,0.006166,0.032364,0.047706,0.027787,0.015648,0.000111,0.030830,0.001534,1.049526,0.000000,1.049526,1.049526,1.049526,0.524763,0.524763,0,0,1,0,0.000000,0.080000,0.008000,0.001000,5.000000,0.100000,22.000000,0.025000,0.000000
5.211000,0.500000,0.640000,-2.592868,-0.000000,-2.592868,-0.347853,0.000000,0.347853,0.024713,-0.014257,0.030969,0.030969,0.006256,0.032704,0.046961,0.027828,0.015662,0.000102,0.031278,0.001426,1.033133,-0.003726,1.029407,1.029407,1.029407,0.514703,0.514703,0,0,1,0,0.000000,0.080000,0.008000,0.001000,5.000000,0.100000,22.000000,0.025000,0.000000
5.220000,0.500000,0.640000,-2.594656,-0.000000,-2.594656,-0.348329,0.000000,0.348329,0.024608,-0.013976,0.030969,0.030969,0.006361,0.033203,0.047180,0.027866,0.015687,0.000053,0.031806,0.001398,1.037952,0.000608,1.038560,1.038560,1.038560,0.519280,0.519280,0,0,1,0,0.000000,0.080000,0.008000,0.001000,5.000000,0.100000,22.000000,0.025000,0.000000
5.225000,0.500000,0.640000,-2.596441,-0.000000,-2.596441,-0.348759,0.000000,0.348759,0.024608,-0.013724,0.030969,0.030969,0.006361,0.033178,0.046902,0.027901,0.015701,0.000086,0.031806,0.001372,1.031844,-0.001388,1.030455,1.030455,1.030455,0.515228,0.515228,0,0,1,0,0.000000,0.080000,0.008000,0.001000,5.000000,0.100000,22.000000,0.025000,0.000000
5.230000,0.500000,0.640000,-2.598225,-0.000000,-2.598225,-0.349147,0.000000,0.349147,0.024608,-0.013724,0.030969,0.030969,0.006361,0.033178,0.046902,0.027932,0.015715,0.000078,0.031806,0.001372,1.031844,0.000000,1.031844,1.031844,1.031844,0.515922,0.515922,0,0,1,0,0.000000,0.080000,0.008000,0.001000,5.000000,0.100000,22.000000,0.025000,0.000000
5.235000,0.500000,0.640000,-2.600006,-0.000000,-2.600006,-0.349500,0.000000,0.349500,0.024482,-0.013667,0.030969,0.030969,0.006487,0.033801,0.047469,0.027960,0.015729,0.000071,0.032435,0.001367,1.044315,0.002834,1.047149,1.047149,1.047149,0.523575,0.523575,0,0,1,0,0.000000,0.080000,0.008000,0.001000,5.000000,0.100000,22.000000,0.025000,0.000000
5.240000,0.500000,0.640000,-2.601786,-0.000000,-2.601786,-0.349815,0.000000,0.349815,0.024482,-0.013667,0.030969,0.030969,0.006487,0.033801,0.047469,0.027985,0.015743,0.000063,0.032435,0.001367,1.044315,0.000000,1.044315,1.044315,1.044315,0.522157,0.522157,0,0,1,0,0.000000,0.080000,0.008000,0.001000,5.000000,0.100000,22.000000,0.025000,0.000000
5.245000,0.500000,0.640000,-2.603564,-0.000000,-2.603564,-0.350104,0.000000,0.350104,0.024337,-0.013964,0.030969,0.030969,0.006632,0.034555,0.048519,0.028008,0.015757,0.000058,0.033159,0.001396,1.067426,0.005253,1.072679,1.072679,1.072679,0.536339,0.536339,0,0,1,0,0.000000,0.080000,0.008000,0.001000,5.000000,0.100000,22.000000,0.025000,0.000000
5.250000,0.500000,0.640000,-2.605342,-0.000000,-2.605342,-0.350366,0.000000,0.350366,0.024337,-0.013964,0.030969,0.030969,0.006632,0.034555,0.048519,0.028029,0.015771,0.000052,0.033159,0.001396,1.067426,0.000000,1.067426,1.067426,1.067426,0.533713,0.533713,0,0,1,0,0.000000,0.080000,0.008000,0.001000,5.000000,0.100000,22.000000,0.025000,0.000000
5.255000,0.500000,0.640000,-2.607119,-0.000000,-2.607119,-0.350618,0.000000,0.350618,0.024177,-0.014425,0.030969,0.030969,0.006792,0.035401,0.049826,0.028049,0.015785,0.000050,0.033958,0.001443,1.096169,0.006533,1.102702,1.102702,1.102702,0.551351,0.551351,0,0,1,0,0.000000,0.080000,0.008000,0.001000,5.000000,0.100000,22.000000,0.025000,0.000000
5.264000,0.500000,0.640000,-2.610673,-0.000000,-2.610673,-0.351100,0.000000,0.351100,0.024010,-0.014865,0.030969,0.030969,0.006959,0.036281,0.051146,0.028088,0.015810,0.000054,0.034794,0.001486,1.125207,0.003666,1.128874,1.128874,1.128874,0.564437,0.564437,0,0,1,0,0.000000,0.080000,0.008000,0.001000,5.000000,0.100000,22.000000,0.025000,0.000000
5.269000,0.500000,0.640000,-2.612453,-0.000000,-2.612453,-0.351348,0.000000,0.351348,0.024010,-0.014865,0.030969,0.030969,0.006959,0.036281,0.051146,0.028108,0.015824,0.000050,0.034794,0.001486,1.125207,0.000000,1.125207,1.125207,1.125207,0.562604,0.562604,0,0,1,0,0.000000,0.080000,0.008000,0.001000,5.000000,0.100000,22.000000,0.025000,0.000000
5.274000,0.500000,0.640000,-2.614235,-0.000000,-2.614235,-0.351613,0.000000,0.351613,0.023845,-0.015117,0.030969,0.030969,0.007124,0.037133,0.052250,0.028129,0.015838,0.000053,0.035621,0.001512,1.149504,0.005522,1.155026,1.155026,1.155026,0.577513,0.577513,0,0,1,0,0.000000,0.080000,0.008000,0.001000,5.000000,0.100000,22.000000,0.025000,0.000000
5.279000,0.500000,0.640000,-2.616020,-0.000000,-2.616020,-0.351891,0.000000,0.351891,0.023845,-0.015117,0.030969,0.030969,0.007124,0.037133,0.052250,0.028151,0.015852,0.000056,0.035621,0.001512,1.149504,0.000000,1.149504,1.149504,1.149504,0.574752,0.574752,0,0,1,0,0.000000,0.080000,0.008000,0.001000,5.000000,0.100000,22.000000,0.025000,0.000000
5.284000,0.500000,0.640000,-2.617808,-0.000000,-2.617808,-0.352196,0.000000,0.352196,0.023688,-0.015096,0.030969,0.030969,0.007281,0.037913,0.053010,0.028176,0.015866,0.000061,0.036404,0.001510,1.166209,0.003797,1.170006,1.170006,1.170006,0.585003,0.585003,0,0,1,0,0.000000,0.080000,0.008000,0.001000,5.000000,0.100000,22.000000,0.025000,0.000000
5.289000,0.500000,0.640000,-2.619600,-0.000000,-2.619600,-0.352522,0.000000,0.352522,0.023688,-0.015096,0.030969,0.030969,0.007281,0.037913,0.053010,0.028202,0.015880,0.000065,0.036404,0.001510,1.166209,0.000000,1.166209,1.166209,1.166209,0.583105,0.583105,0,0,1,0,0.000000,0.080000,0.008000,0.001000,5.000000,0.100000,22.000000,0.025000,0.000000
5.294000,0.500000,0.640000,-2.621397,-0.000000,-2.621397,-0.352878,0.000000,0.352878,0.023546,-0.014768,0.030969,0.030969,0.007422,0.038589,0.053357,0.028230,0.015894,0.000071,0.037112,0.001477,1.173858,0.001738,1.175597,1.175597,1.175597,0.587798,0.587798,0,0,1,0,0.000000,0.080000,0.008000,0.001000,5.000000,0.100000,22.000000,0.025000,0.000000
5.299000,0.500000,0.640000,-2.623198,-0.000000,-2.623198,-0.353257,0.000000,0.353257,0.023546,-0.014768,0.030969,0.030969,0.007422,0.038589,0.053357,0.028261,0.015908,0.000076,0.037112,0.001477,1.173858,0.000000,1.173858,1.173858,1.173858,0.586929,0.586929,0,0,1,0,0.000000,0.080000,0.008000,0.001000,5.000000,0.100000,22.000000,0.025000,0.000000
5.304000,0.500000,0.640000,-2.625003,-0.000000,-2.625003,-0.353663,0.000000,0.353663,0.023422,-0.014162,0.030969,0.030969,0.007546,0.039149,0.053310,0.028293,0.015923,0.000081,0.037732,0.001416,1.172827,-0.000234,1.172593,1.172593,1.172593,0.586297,0.586297,0,0,1,0,0.000000,0.080000,0.008000,0.001000,5.000000,0.100000,22.000000,0.025000,0.000000
5.313000,0.500000,0.640000,-2.628626,-0.000000,-2.628626,-0.354540,0.000000,0.354540,0.023316,-0.013355,0.030969,0.030969,0.007653,0.039600,0.052955,0.028363,0.015948,0.000097,0.038265,0.001336,1.165017,-0.000986,1.164030,1.164030,1.164030,0.582015,0.582015,0,0,1,0,0.000000,0.080000,0.008000,0.001000,5.000000,0.100000,22.000000,0.025000,0.000000
5.318000,0.500000,0.640000,-2.630443,-0.000000,-2.630443,-0.355004,0.000000,0.355004,0.023316,-0.013355,0.030969,0.030969,0.007653,0.039600,0.052955,0.028400,0.015962,0.000093,0.038265,0.001336,1.165017,0.000000,1.165017,1.165017,1.165017,0.582508,0.582508,0,0,1,0,0.000000,0.080000,0.008000,0.001000,5.000000,0.100000,22.000000,0.025000,0.000000
5.323000,0.500000,0.640000,-2.632265,-0.000000,-2.632265,-0.355479,0.000000,0.355479,0.023224,-0.012454,0.030969,0.030969,0.007744,0.039967,0.052421,0.028438,0.015977,0.000095,0.038722,0.001245,1.153264,-0.002671,1.150593,1.150593,1.150593,0.575296,0.575296,0,0,1,0,0.000000,0.080000,0.008000,0.001000,5.000000,0.100000,22.000000,0.025000,0.000000
5.328000,0.500000,0.640000,-2.634089,-0.000000,-2.634089,-0.355964,0.000000,0.355964,0.023224,-0.012454,0.030969,0.030969,0.007744,0.039967,0.052421,0.028477,0.015991,0.000097,0.038722,0.001245,1.153264,0.000000,1.153264,1.153264,1.153264,0.576632,0.576632,0,0,1,0,0.000000,0.080000,0.008000,0.001000,5.000000,0.100000,22.000000,0.025000,0.000000
5.333000,0.500000,0.640000,-2.635916,-0.000000,-2.635916,-0.356448,0.000000,0.356448,0.023143,-0.011572,0.030969,0.030969,0.007825,0.040284,0.051856,0.028516,0.016005,0.000097,0.039127,0.001157,1.140833,-0.002825,1.138007,1.138007,1.138007,0.569004,0.569004,0,0,1,0,0.000000,0.080000,0.008000,0.001000,5.000000,0.100000,22.000000,0.025000,0.000000
5.338000,0.500000,0.640000,-2.637746,-0.000000,-2.637746,-0.356932,0.000000,0.356932,0.023143,-0.011572,0.030969,0.030969,0.007825,0.040284,0.051856,0.028555,0.016019,0.000097,0.039127,0.001157,1.140833,0.000000,1.140833,1.140833,1.140833,0.570416,0.570416,0,0,1,0,0.000000,0.080000,0.008000,0.001000,5.000000,0.100000,22.000000,0.025000,0.000000
5.343000,0.500000,0.640000,-2.639578,-0.000000,-2.639578,-0.357409,0.000000,0.357409,0.023067,-0.010806,0.030969,0.030969,0.007901,0.040587,0.051393,0.028593,0.016034,0.000095,0.039507,0.001081,1.130656,-0.002313,1.128344,1.128344,1.128344,0.564172,0.564172,0,0,1,0,0.000000,0.080000,0.008000,0.001000,5.000000,0.100000,22.000000,0.025000,0.000000
5.348000,0.500000,0.640000,-2.641411,-0.000000,-2.641411,-0.357878,0.000000,0.357878,0.023067,-0.010806,0.030969,0.030969,0.007901,0.040587,0.051393,0.028630,0.016048,0.000094,0.039507,0.001081,1.130656,0.000000,1.130656,1.130656,1.130656,0.565328,0.565328,0,0,1,0,0.000000,0.080000,0.008000,0.001000,5.000000,0.100000,22.000000,0.025000,0.000000
5.357000,0.500000,0.640000,-2.645081,-0.000000,-2.645081,-0.358776,0.000000,0.358776,0.022992,-0.010222,0.030969,0.030969,0.007977,0.040908,0.051130,0.028702,0.016074,0.000100,0.039886,0.001022,1.124871,-0.000731,1.124140,1.124140,1.124140,0.562070,0.562070,0,0,1,0,0.000000,0.080000,0.008000,0.001000,5.000000,0.100000,22.000000,0.025000,0.000000
5.362000,0.500000,0.640000,-2.646918,-0.000000,-2.646918,-0.359206,0.000000,0.359206,0.022912,-0.009824,0.030969,0.030969,0.008057,0.041265,0.051089,0.028736,0.016088,0.000086,0.040283,0.000982,1.123962,-0.000206,1.123756,1.123756,1.123756,0.561878,0.561878,0,0,1,0,0.000000,0.080000,0.008000,0.001000,5.000000,0.100000,22.000000,0.025000,0.000000
5.367000,0.500000,0.640000,-2.648755,-0.000000,-2.648755,-0.359621,0.000000,0.359621,0.022912,-0.009824,0.030969,0.030969,0.008057,0.041265,0.051089,0.028770,0.016103,0.000083,0.040283,0.000982,1.123962,0.000000,1.123962,1.123962,1.123962,0.561981,0.561981,0,0,1,0,0.000000,0.080000,0.008000,0.001000,5.000000,0.100000,22.000000,0.025000,0.000000
5.372000,0.500000,0.640000,-2.650593,-0.000000,-2.650593,-0.360021,0.000000,0.360021,0.022827,-0.009630,0.030969,0.030969,0.008142,0.041671,0.051300,0.028802,0.016117,0.000080,0.040708,0.000963,1.128603,0.001055,1.129658,1.129658,1.129658,0.564829,0.564829,0,0,1,0,0.000000,0.080000,0.008000,0.001000,5.000000,0.100000,22.000000,0.025000,0.000000
5.377000,0.500000,0.640000,-2.652431,-0.000000,-2.652431,-0.360405,0.000000,0.360405,0.022827,-0.009630,0.030969,0.030969,0.008142,0.041671,0.051300,0.028832,0.016131,0.000077,0.040708,0.000963,1.128603,0.000000,1.128603,1.128603,1.128603,0.564302,0.564302,0,0,1,0,0.000000,0.080000,0.008000,0.001000,5.000000,0.100000,22.000000,0.025000,0.000000
5.382000,0.500000,0.640000,-2.654270,-0.000000,-2.654270,-0.360779,0.000000,0.360779,0.022735,-0.009593,0.030969,0.030969,0.008233,0.042126,0.051719,0.028862,0.016146,0.000075,0.041166,0.000959,1.137818,0.002094,1.139913,1.139913,1.139913,0.569956,0.569956,0,0,1,0,0.000000,0.080000,0.008000,0.001000,5.000000,0.100000,22.000000,0.025000,0.000000
5.387000,0.500000,0.640000,-2.656110,-0.000000,-2.656110,-0.361140,0.000000,0.361140,0.022735,-0.009593,0.030969,0.030969,0.008233,0.042126,0.051719,0.028891,0.016160,0.000072,0.041166,0.000959,1.137818,0.000000,1.137818,1.137818,1.137818,0.568909,0.568909,0,0,1,0,0.000000,0.080000,0.008000,0.001000,5.000000,0.100000,22.000000,0.025000,0.000000
5.392000,0.500000,0.640000,-2.657951,-0.000000,-2.657951,-0.361496,0.000000,0.361496,0.022638,-0.009651,0.030969,0.030969,0.008331,0.042618,0.052269,0.028920,0.016175,0.000071,0.041653,0.000965,1.149913,0.002749,1.152662,1.152662,1.152662,0.576331,0.576331,0,0,1,0,0.000000,0.080000,0.008000,0.001000,5.000000,0.100000,22.000000,0.025000,0.000000
5.397000,0.500000,0.640000,-2.659793,-0.000000,-2.659793,-0.361845,0.000000,0.361845,0.022638,-0.009651,0.030969,0.030969,0.008331,0.042618,0.052269,0.028948,0.016189,0.000070,0.041653,0.000965,1.149913,0.000000,1.149913,1.149913,1.149913,0.574957,0.574957,0,0,1,0,0.000000,0.080000,0.008000,0.001000,5.000000,0.100000,22.000000,0.025000,0.000000
5.406000,0.500000,0.640000,-2.663481,-0.000000,-2.663481,-0.362541,0.000000,0.362541,0.022538,-0.009730,0.030969,0.030969,0.008431,0.043128,0.052859,0.029003,0.016215,0.000077,0.042155,0.000973,1.162888,0.001638,1.164526,1.164526,1.164526,0.582263,0.582263,0,0,1,0,0.000000,0.080000,0.008000,0.001000,5.000000,0.100000,22.000000,0.025000,0.000000
5.411000,0.500000,0.640000,-2.665328,-0.000000,-2.665328,-0.362886,0.000000,0.362886,0.022436,-0.009817,0.030969,0.030969,0.008532,0.043643,0.053460,0.029031,0.016230,0.000069,0.042661,0.000982,1.176127,0.003009,1.179136,1.179136,1.179136,0.589568,0.589568,0,0,1,0,0.000000,0.080000,0.008000,0.001000,5.000000,0.100000,22.000000,0.025000,0.000000
5.416000,0.500000,0.640000,-2.667176,-0.000000,-2.667176,-0.363236,0.000000,0.363236,0.022436,-0.009817,0.030969,0.030969,0.008532,0.043643,0.053460,0.029059,0.016244,0.000070,0.042661,0.000982,1.176127,0.000000,1.176127,1.176127,1.176127,0.588064,0.588064,0,0,1,0,0.000000,0.080000,0.008000,0.001000,5.000000,0.100000,22.000000,0.025000,0.000000
5.421000,0.500000,0.640000,-2.669027,-0.000000,-2.669027,-0.363597,0.000000,0.363597,0.022337,-0.009793,0.030969,0.030969,0.008632,0.044139,0.053932,0.029088,0.016259,0.000072,0.043160,0.000979,1.186497,0.002357,1.188853,1.188853,1.188853,0.594427,0.594427,0,0,1,0,0.000000,0.080000,0.008000,0.001000,5.000000,0.100000,22.000000,0.025000,0.000000
5.426000,0.500000,0.640000,-2.670881,-0.000000,-2.670881,-0.363966,0.000000,0.363966,0.022337,-0.009793,0.030969,0.030969,0.008632,0.044139,0.053932,0.029117,0.016273,0.000074,0.043160,0.000979,1.186497,0.000000,1.186497,1.186497,1.186497,0.593248,0.593248,0,0,1,0,0.000000,0.080000,0.008000,0.001000,5.000000,0.100000,22.000000,0.025000,0.000000
5.431000,0.500000,0.640000,-2.672738,-0.000000,-2.672738,-0.364348,0.000000,0.364348,0.022243,-0.009638,0.030969,0.030969,0.008725,0.044590,0.054228,0.029148,0.016288,0.000076,0.043626,0.000964,1.193020,0.001483,1.194503,1.194503,1.194503,0.597251,0.597251,0,0,1,0,0.000000,0.080000,0.008000,0.001000,5.000000,0.100000,22.000000,0.025000,0.000000
5.436000,0.500000,0.640000,-2.674598,-0.000000,-2.674598,-0.364741,0.000000,0.364741,0.022243,-0.009638,0.030969,0.030969,0.008725,0.044590,0.054228,0.029179,0.016303,0.000079,0.043626,0.000964,1.193020,0.000000,1.193020,1.193020,1.193020,0.596510,0.596510,0,0,1,0,0.000000,0.080000,0.008000,0.001000,5.000000,0.100000,22.000000,0.025000,0.000000
5.441000,0.500000,0.640000,-2.676461,-0.000000,-2.676461,-0.365147,0.000000,0.365147,0.022158,-0.009355,0.030969,0.030969,0.008811,0.044989,0.054344,0.029212,0.016317,0.000081,0.044054,0.000936,1.195575,0.000581,1.196156,1.196156,1.196156,0.598078,0.598078,0,0,1,0,0.000000,0.080000,0.008000,0.001000,5.000000,0.100000,22.000000,0.025000,0.000000
5.446000,0.500000,0.640000,-2.678327,-0.000000,-2.678327,-0.365563,0.000000,0.365563,0.022158,-0.009355,0.030969,0.030969,0.008811,0.044989,0.054344,0.029245,0.016332,0.000083,0.044054,0.000936,1.195575,0.000000,1.195575,1.195575,1.195575,0.597788,0.597788,0,0,1,0,0.000000,0.080000,0.008000,0.001000,5.000000,0.100000,22.000000,0.025000,0.000000
5.451000,0.500000,0.640000,-2.680196,-0.000000,-2.680196,-0.365989,0.000000,0.365989,0.022081,-0.008972,0.030969,0.030969,0.008888,0.045336,0.054308,0.029279,0.016346,0.000085,0.044439,0.000897,1.194769,-0.000183,1.194586,1.194586,1.194586,0.597293,0.597293,0,0,1,0,0.000000,0.080000,0.008000,0.001000,5.000000,0.100000,22.000000,0.025000,0.000000
5.460000,0.500000,0.640000,-2.682068,-0.000000,-2.682068,-0.366424,0.000000,0.366424,0.022081,-0.008972,0.030969,0.030969,0.008888,0.045336,0.054308,0.029314,0.016373,0.000048,0.044439,0.000897,1.194769,0.000000,1.194769,1.194769,1.194769,0.597385,0.597385,0,0,1,0,0.000000,0.080000,0.008000,0.001000,5.000000,0.100000,22.000000,0.025000,0.000000
5.465000,0.500000,0.640000,-2.683944,-0.000000,-2.683944,-0.366865,0.000000,0.366865,0.022012,-0.008531,0.030969,0.030969,0.008957,0.045639,0.054170,0.029349,0.016387,0.000088,0.044786,0.000853,1.191739,-0.000689,1.191050,1.191050,1.191050,0.595525,0.595525,0,0,1,0,0.000000,0.080000,0.008000,0.001000,5.000000,0.100000,22.000000,0.025000,0.000000
5.470000,0.500000,0.640000,-2.685821,-0.000000,-2.685821,-0.367312,0.000000,0.367312,0.022012,-0.008531,0.030969,0.030969,0.008957,0.045639,0.054170,0.029385,0.016402,0.000089,0.044786,0.000853,1.191739,0.000000,1.191739,1.191739,1.191739,0.595869,0.595869,0,0,1,0,0.000000,0.080000,0.008000,0.001000,5.000000,0.100000,22.000000,0.025000,0.000000
5.475000,0.500000,0.640000,-2.687702,-0.000000,-2.687702,-0.367763,0.000000,0.367763,0.021948,-0.008071,0.030969,0.030969,0.009021,0.045910,0.053981,0.029421,0.016417,0.000090,0.045103,0.000807,1.187593,-0.000942,1.186650,1.186650,1.186650,0.593325,0.593325,0,0,1,0,0.000000,0.080000,0.008000,0.001000,5.000000,0.100000,22.000000,0.025000,0.000000
5.480000,0.500000,0.640000,-2.689585,-0.000000,-2.689585,-0.368215,0.000000,0.368215,0.021948,-0.008071,0.030969,0.030969,0.009021,0.045910,0.053981,0.029457,0.016432,0.000090,0.045103,0.000807,1.187593,0.000000,1.187593,1.187593,1.187593,0.593796,0.593796,0,0,1,0,0.000000,0.080000,0.008000,0.001000,5.000000,0.100000,22.000000,0.025000,0.000000
5.485000,0.500000,0.640000,-2.691471,-0.000000,-2.691471,-0.368667,0.000000,0.368667,0.021889,-0.007640,0.030969,0.030969,0.009080,0.046164,0.053803,0.029493,0.016446,0.000090,0.045400,0.000764,1.183675,-0.000890,1.182785,1.182785,1.182785,0.591393,0.591393,0,0,1,0,0.000000,0.080000,0.008000,0.001000,5.000000,0.100000,22.000000,0.025000,0.000000
5.494000,0.500000,0.640000,-2.695247,-0.000000,-2.695247,-0.369561,0.000000,0.369561,0.021831,-0.007290,0.030969,0.030969,0.009138,0.046417,0.053707,0.029565,0.016473,0.000099,0.045688,0.000729,1.181559,-0.000267,1.181291,1.181291,1.181291,0.590646,0.590646,0,0,1,0,0.000000,0.080000,0.008000,0.001000,5.000000,0.100000,22.000000,0.025000,0.000000
5.499000,0.500000,0.640000,-2.697138,-0.000000,-2.697138,-0.370000,0.000000,0.370000,0.021831,-0.007290,0.030969,0.030969,0.009138,0.046417,0.053707,0.029600,0.016488,0.000088,0.045688,0.000729,1.181559,0.000000,1.181559,1.181559,1.181559,0.590779,0.590779,0,0,1,0,0.000000,0.080000,0.008000,0.001000,5.000000,0.100000,22.000000,0.025000,0.000000
5.504000,0.500000,0.640000,-2.699031,-0.000000,-2.699031,-0.370431,0.000000,0.370431,0.021772,-0.007043,0.030969,0.030969,0.009197,0.046687,0.053730,0.029635,0.016503,0.000086,0.045983,0.000704,1.182057,0.000113,1.182170,1.182170,1.182170,0.591085,0.591085,0,0,1,0,0.000000,0.080000,0.008000,0.001000,5.000000,0.100000,22.000000,0.025000,0.000000
5.509000,0.500000,0.640000,-2.700925,-0.000000,-2.700925,-0.370856,0.000000,0.370856,0.021772,-0.007043,0.030969,0.030969,0.009197,0.046687,0.053730,0.029668,0.016517,0.000085,0.045983,0.000704,1.182057,0.000000,1.182057,1.182057,1.182057,0.591028,0.591028,0,0,1,0,0.000000,0.080000,0.008000,0.001000,5.000000,0.100000,22.000000,0.025000,0.000000
5.514000,0.500000,0.640000,-2.702820,-0.000000,-2.702820,-0.371273,0.000000,0.371273,0.021711,-0.006895,0.030969,0.030969,0.009258,0.046979,0.053874,0.029702,0.016532,0.000083,0.046290,0.000689,1.185233,0.000722,1.185954,1.185954,1.185954,0.592977,0.592977,0,0,1,0,0.000000,0.080000,0.008000,0.001000,5.000000,0.100000,22.000000,0.025000,0.000000
5.519000,0.500000,0.640000,-2.704717,-0.000000,-2.704717,-0.371683,0.000000,0.371683,0.021711,-0.006895,0.030969,0.030969,0.009258,0.046979,0.053874,0.029735,0.016547,0.000082,0.046290,0.000689,1.185233,0.000000,1.185233,1.185233,1.185233,0.592616,0.592616,0,0,1,0,0.000000,0.080000,0.008000,0.001000,5.000000,0.100000,22.000000,0.025000,0.000000
5.524000,0.500000,0.640000,-2.706616,-0.000000,-2.706616,-0.372088,0.000000,0.372088,0.021646,-0.006829,0.030969,0.030969,0.009322,0.047294,0.054123,0.029767,0.016562,0.000081,0.046611,0.000683,1.190713,0.001246,1.191959,1.191959,1.191959,0.595979,0.595979,0,0,1,0,0.000000,0.080000,0.008000,0.001000,5.000000,0.100000,22.000000,0.025000,0.000000
5.529000,0.500000,0.640000,-2.708515,-0.000000,-2.708515,-0.372487,0.000000,0.372487,0.021646,-0.006829,0.030969,0.030969,0.009322,0.047294,0.054123,0.029799,0.016577,0.000080,0.046611,0.000683,1.190713,0.000000,1.190713,1.190713,1.190713,0.595356,0.595356,0,0,1,0,0.000000,0.080000,0.008000,0.001000,5.000000,0.100000,22.000000,0.025000,0.000000
5.534000,0.500000,0.640000,-2.710417,-0.000000,-2.710417,-0.372883,0.000000,0.372883,0.021580,-0.006816,0.030969,0.030969,0.009389,0.047627,0.054443,0.029831,0.016592,0.000079,0.046946,0.000682,1.197755,0.001600,1.199355,1.199355,1.199355,0.599678,0.599678,0,0,1,0,0.000000,0.080000,0.008000,0.001000,5.000000,0.100000,22.000000,0.025000,0.000000
5.539000,0.500000,0.640000,-2.712320,-0.000000,-2.712320,-0.373275,0.000000,0.373275,0.021580,-0.006816,0.030969,0.030969,0.009389,0.047627,0.054443,0.029862,0.016607,0.000078,0.046946,0.000682,1.197755,0.000000,1.197755,1.197755,1.197755,0.598877,0.598877,0,0,1,0,0.000000,0.080000,0.008000,0.001000,5.000000,0.100000,22.000000,0.025000,0.000000
5.548000,0.500000,0.640000,-2.716131,-0.000000,-2.716131,-0.374058,0.000000,0.374058,0.021511,-0.006822,0.030969,0.030969,0.009458,0.047970,0.054792,0.029925,0.016634,0.000087,0.047288,0.000682,1.205426,0.000969,1.206395,1.206395,1.206395,0.603197,0.603197,0,0,1,0,0.000000,0.080000,0.008000,0.001000,5.000000,0.100000,22.000000,0.025000,0.000000
5.553000,0.500000,0.640000,-2.718040,-0.000000,-2.718040,-0.374446,0.000000,0.374446,0.021442,-0.006845,0.030969,0.030969,0.009526,0.048317,0.055162,0.029956,0.016649,0.000078,0.047632,0.000685,1.213561,0.001849,1.215410,1.215410,1.215410,0.607705,0.607705,0,0,1,0,0.000000,0.080000,0.008000,0.001000,5.000000,0.100000,22.000000,0.025000,0.000000
5.558000,0.500000,0.640000,-2.719950,-0.000000,-2.719950,-0.374837,0.000000,0.374837,0.021442,-0.006845,0.030969,0.030969,0.009526,0.048317,0.055162,0.029987,0.016664,0.000078,0.047632,0.000685,1.213561,0.000000,1.213561,1.213561,1.213561,0.606781,0.606781,0,0,1,0,0.000000,0.080000,0.008000,0.001000,5.000000,0.100000,22.000000,0.025000,0.000000
5.563000,0.500000,0.640000,-2.721863,-0.000000,-2.721863,-0.375233,0.000000,0.375233,0.021374,-0.006818,0.030969,0.030969,0.009595,0.048656,0.055474,0.030019,0.016679,0.000079,0.047974,0.000682,1.220425,0.001560,1.221985,1.221985,1.221985,0.610992,0.610992,0,0,1,0,0.000000,0.080000,0.008000,0.001000,5.000000,0.100000,22.000000,0.025000,0.000000
5.568000,0.500000,0.640000,-2.723778,-0.000000,-2.723778,-0.375633,0.000000,0.375633,0.021374,-0.006818,0.030969,0.030969,0.009595,0.048656,0.055474,0.030051,0.016694,0.000080,0.047974,0.000682,1.220425,0.000000,1.220425,1.220425,1.220425,0.610212,0.610212,0,0,1,0,0.000000,0.080000,0.008000,0.001000,5.000000,0.100000,22.000000,0.025000,0.000000
5.573000,0.500000,0.640000,-2.725696,-0.000000,-2.725696,-0.376040,0.000000,0.376040,0.021309,-0.006729,0.030969,0.030969,0.009660,0.048974,0.055703,0.030083,0.016709,0.000081,0.048301,0.000673,1.225465,0.001146,1.226611,1.226611,1.226611,0.613305,0.613305,0,0,1,0,0.000000,0.080000,0.008000,0.001000,5.000000,0.100000,22.000000,0.025000,0.000000
5.578000,0.500000,0.640000,-2.727616,-0.000000,-2.727616,-0.376452,0.000000,0.376452,0.021309,-0.006729,0.030969,0.030969,0.009660,0.048974,0.055703,0.030116,0.016724,0.000082,0.048301,0.000673,1.225465,0.000000,1.225465,1.225465,1.225465,0.612733,0.612733,0,0,1,0,0.000000,0.080000,0.008000,0.001000,5.000000,0.100000,22.000000,0.025000,0.000000
5.583000,0.500000,0.640000,-2.729539,-0.000000,-2.729539,-0.376870,0.000000,0.376870,0.021247,-0.006578,0.030969,0.030969,0.009722,0.049265,0.055843,0.030150,0.016739,0.000084,0.048608,0.000658,1.228551,0.000701,1.229252,1.229252,1.229252,0.614626,0.614626,0,0,1,0,0.000000,0.080000,0.008000,0.001000,5.000000,0.100000,22.000000,0.025000,0.000000
5.588000,0.500000,0.640000,-2.731465,-0.000000,-2.731465,-0.377294,0.000000,0.377294,0.021247,-0.006578,0.030969,0.030969,0.009722,0.049265,0.055843,0.030184,0.016754,0.000085,0.048608,0.000658,1.228551,0.000000,1.228551,1.228551,1.228551,0.614275,0.614275,0,0,1,0,0.000000,0.080000,0.008000,0.001000,5.000000,0.100000,22.000000,0.025000,0.000000
5.593000,0.500000,0.640000,-2.733393,-0.000000,-2.733393,-0.377723,0.000000,0.377723,0.021190,-0.006375,0.030969,0.030969,0.009779,0.049530,0.055905,0.030218,0.016769,0.000086,0.048893,0.000638,1.229919,0.000311,1.230230,1.230230,1.230230,0.615115,0.615115,0,0,1,0,0.000000,0.080000,0.008000,0.001000,5.000000,0.100000,22.000000,0.025000,0.000000
5.602000,0.500000,0.640000,-2.737258,-0.000000,-2.737258,-0.378595,0.000000,0.378595,0.021137,-0.006141,0.030969,0.030969,0.009832,0.049772,0.055913,0.030288,0.016796,0.000097,0.049158,0.000614,1.230087,0.000021,1.230108,1.230108,1.230108,0.615054,0.615054,0,0,1,0,0.000000,0.080000,0.008000,0.001000,5.000000,0.100000,22.000000,0.025000,0.000000
5.607000,0.500000,0.640000,-2.739194,-0.000000,-2.739194,-0.379037,0.000000,0.379037,0.021137,-0.006141,0.030969,0.030969,0.009832,0.049772,0.055913,0.030323,0.016812,0.000088,0.049158,0.000614,1.230087,0.000000,1.230087,1.230087,1.230087,0.615043,0.615043,0,0,1,0,0.000000,0.080000,0.008000,0.001000,5.000000,0.100000,22.000000,0.025000,0.000000
5.612000,0.500000,0.640000,-2.741132,-0.000000,-2.741132,-0.379480,0.000000,0.379480,0.021087,-0.005898,0.030969,0.030969,0.009881,0.049997,0.055895,0.030358,0.016827,0.000089,0.049407,0.000590,1.229697,-0.000089,1.229608,1.229608,1.229608,0.614804,0.614804,0,0,1,0,0.000000,0.080000,0.008000,0.001000,5.000000,0.100000,22.000000,0.025000,0.000000
5.617000,0.500000,0.640000,-2.743073,-0.000000,-2.743073,-0.379924,0.000000,0.379924,0.021087,-0.005898,0.030969,0.030969,0.009881,0.049997,0.055895,0.030394,0.016842,0.000089,0.049407,0.000590,1.229697,0.000000,1.229697,1.229697,1.229697,0.614848,0.614848,0,0,1,0,0.000000,0.080000,0.008000,0.001000,5.000000,0.100000,22.000000,0.025000,0.000000
5.622000,0.500000,0.640000,-2.745017,-0.000000,-2.745017,-0.380368,0.000000,0.380368,0.021040,-0.005672,0.030969,0.030969,0.009929,0.050213,0.055885,0.030429,0.016857,0.000089,0.049645,0.000567,1.229459,-0.000054,1.229405,1.229405,1.229405,0.614703,0.614703,0,0,1,0,0.000000,0.080000,0.008000,0.001000,5.000000,0.100000,22.000000,0.025000,0.000000
5.627000,0.500000,0.640000,-2.746962,-0.000000,-2.746962,-0.380811,0.000000,0.380811,0.021040,-0.005672,0.030969,0.030969,0.009929,0.050213,0.055885,0.030465,0.016872,0.000089,0.049645,0.000567,1.229459,0.000000,1.229459,1.229459,1.229459,0.614730,0.614730,0,0,1,0,0.000000,0.080000,0.008000,0.001000,5.000000,0.100000,22.000000,0.025000,0.000000
5.632000,0.500000,0.640000,-2.748909,-0.000000,-2.748909,-0.381253,0.000000,0.381253,0.020993,-0.005479,0.030969,0.030969,0.009976,0.050427,0.055906,0.030500,0.016888,0.000088,0.049879,0.000548,1.229942,0.000110,1.230052,1.230052,1.230052,0.615026,0.615026,0,0,1,0,0.000000,0.080000,0.008000,0.001000,5.000000,0.100000,22.000000,0.025000,0.000000
5.637000,0.500000,0.640000,-2.750859,-0.000000,-2.750859,-0.381692,0.000000,0.381692,0.020993,-0.005479,0.030969,0.030969,0.009976,0.050427,0.055906,0.030535,0.016903,0.000088,0.049879,0.000548,1.229942,0.000000,1.229942,1.229942,1.229942,0.614971,0.614971,0,0,1,0,0.000000,0.080000,0.008000,0.001000,5.000000,0.100000,22.000000,0.025000,0.000000
5.646000,0.500000,0.640000,-2.754763,-0.000000,-2.754763,-0.382563,0.000000,0.382563,0.020946,-0.005332,0.030969,0.030969,0.010023,0.050646,0.055978,0.030605,0.016930,0.000097,0.050113,0.000533,1.231507,0.000198,1.231704,1.231704,1.231704,0.615852,0.615852,0,0,1,0,0.000000,0.080000,0.008000,0.001000,5.000000,0.100000,22.000000,0.025000,0.000000
5.651000,0.500000,0.640000,-2.756718,-0.000000,-2.756718,-0.382994,0.000000,0.382994,0.020899,-0.005236,0.030969,0.030969,0.010070,0.050875,0.056110,0.030639,0.016946,0.000086,0.050351,0.000524,1.234428,0.000664,1.235092,1.235092,1.235092,0.617546,0.617546,0,0,1,0,0.000000,0.080000,0.008000,0.001000,5.000000,0.100000,22.000000,0.025000,0.000000
5.656000,0.500000,0.640000,-2.758675,-0.000000,-2.758675,-0.383421,0.000000,0.383421,0.020899,-0.005236,0.030969,0.030969,0.010070,0.050875,0.056110,0.030674,0.016961,0.000085,0.050351,0.000524,1.234428,0.000000,1.234428,1.234428,1.234428,0.617214,0.617214,0,0,1,0,0.000000,0.080000,0.008000,0.001000,5.000000,0.100000,22.000000,0.025000,0.000000
5.661000,0.500000,0.640000,-2.760634,-0.000000,-2.760634,-0.383846,0.000000,0.383846,0.020850,-0.005177,0.030969,0.030969,0.010119,0.051113,0.056290,0.030708,0.016976,0.000085,0.050595,0.000518,1.238390,0.000900,1.239290,1.239290,1.239290,0.619645,0.619645,0,0,1,0,0.000000,0.080000,0.008000,0.001000,5.000000,0.100000,22.000000,0.025000,0.000000
5.666000,0.500000,0.640000,-2.762595,-0.000000,-2.762595,-0.384269,0.000000,0.384269,0.020850,-0.005177,0.030969,0.030969,0.010119,0.051113,0.056290,0.030742,0.016992,0.000085,0.050595,0.000518,1.238390,0.000000,1.238390,1.238390,1.238390,0.619195,0.619195,0,0,1,0,0.000000,0.080000,0.008000,0.001000,5.000000,0.100000,22.000000,0.025000,0.000000
5.671000,0.500000,0.640000,-2.764558,-0.000000,-2.764558,-0.384691,0.000000,0.384691,0.020800,-0.005144,0.030969,0.030969,0.010169,0.051359,0.056504,0.030775,0.017007,0.000084,0.050845,0.000514,1.243079,0.001066,1.244144,1.244144,1.244144,0.622072,0.622072,0,0,1,0,0.000000,0.080000,0.008000,0.001000,5.000000,0.100000,22.000000,0.025000,0.000000
5.676000,0.500000,0.640000,-2.766522,-0.000000,-2.766522,-0.385111,0.000000,0.385111,0.020800,-0.005144,0.030969,0.030969,0.010169,0.051359,0.056504,0.030809,0.017023,0.000084,0.050845,0.000514,1.243079,0.000000,1.243079,1.243079,1.243079,0.621539,0.621539,0,0,1,0,0.000000,0.080000,0.008000,0.001000,5.000000,0.100000,22.000000,0.025000,0.000000
5.681000,0.500000,0.640000,-2.768489,-0.000000,-2.768489,-0.385531,0.000000,0.385531,0.020749,-0.005123,0.030969,0.030969,0.010219,0.051609,0.056731,0.030842,0.017038,0.000084,0.051096,0.000512,1.248093,0.001140,1.249232,1.249232,1.249232,0.624616,0.624616,0,0,1,0,0.000000,0.080000,0.008000,0.001000,5.000000,0.100000,22.000000,0.025000,0.000000
5.690000,0.500000,0.640000,-2.770458,-0.000000,-2.770458,-0.385951,0.000000,0.385951,0.020749,-0.005123,0.030969,0.030969,0.010219,0.051609,0.056731,0.030876,0.017066,0.000047,0.051096,0.000512,1.248093,0.000000,1.248093,1.248093,1.248093,0.624046,0.624046,0,0,1,0,0.000000,0.080000,0.008000,0.001000,5.000000,0.100000,22.000000,0.025000,0.000000
5.695000,0.500000,0.640000,-2.772429,-0.000000,-2.772429,-0.386372,0.000000,0.386372,0.020699,-0.005098,0.030969,0.030969,0.010270,0.051858,0.056956,0.030910,0.017081,0.000084,0.051348,0.000510,1.253022,0.001120,1.254142,1.254142,1.254142,0.627071,0.627071,0,0,1,0,0.000000,0.080000,0.008000,0.001000,5.000000,0.100000,22.000000,0.025000,0.000000
5.700000,0.500000,0.640000,-2.774402,-0.000000,-2.774402,-0.386794,0.000000,0.386794,0.020699,-0.005098,0.030969,0.030969,0.010270,0.051858,0.056956,0.030944,0.017097,0.000084,0.051348,0.000510,1.253022,0.000000,1.253022,1.253022,1.253022,0.626511,0.626511,0,0,1,0,0.000000,0.080000,0.008000,0.001000,5.000000,0.100000,22.000000,0.025000,0.000000
5.705000,0.500000,0.640000,-2.776378,-0.000000,-2.776378,-0.387216,0.000000,0.387216,0.020649,-0.005074,0.030969,0.030969,0.010319,0.052104,0.057178,0.030977,0.017112,0.000084,0.051596,0.000507,1.257914,0.001112,1.259026,1.259026,1.259026,0.629513,0.629513,0,0,1,0,0.000000,0.080000,0.008000,0.001000,5.000000,0.100000,22.000000,0.025000,0.000000
5.710000,0.500000,0.640000,-2.778355,-0.000000,-2.778355,-0.387640,0.000000,0.387640,0.020649,-0.005074,0.030969,0.030969,0.010319,0.052104,0.057178,0.031011,0.017128,0.000085,0.051596,0.000507,1.257914,0.000000,1.257914,1.257914,1.257914,0.628957,0.628957,0,0,1,0,0.000000,0.080000,0.008000,0.001000,5.000000,0.100000,22.000000,0.025000,0.000000
5.719000,0.500000,0.640000,-2.782317,-0.000000,-2.782317,-0.388496,0.000000,0.388496,0.020601,-0.005021,0.030969,0.030969,0.010368,0.052343,0.057364,0.031080,0.017156,0.000095,0.051840,0.000502,1.262002,0.000516,1.262518,1.262518,1.262518,0.631259,0.631259,0,0,1,0,0.000000,0.080000,0.008000,0.001000,5.000000,0.100000,22.000000,0.025000,0.000000
5.724000,0.500000,0.640000,-2.784302,-0.000000,-2.784302,-0.388927,0.000000,0.388927,0.020553,-0.004956,0.030969,0.030969,0.010415,0.052572,0.057529,0.031114,0.017171,0.000086,0.052077,0.000496,1.265630,0.000825,1.266454,1.266454,1.266454,0.633227,0.633227,0,0,1,0,0.000000,0.080000,0.008000,0.001000,5.000000,0.100000,22.000000,0.025000,0.000000
5.729000,0.500000,0.640000,-2.786289,-0.000000,-2.786289,-0.389360,0.000000,0.389360,0.020553,-0.004956,0.030969,0.030969,0.010415,0.052572,0.057529,0.031149,0.017187,0.000087,0.052077,0.000496,1.265630,0.000000,1.265630,1.265630,1.265630,0.632815,0.632815,0,0,1,0,0.000000,0.080000,0.008000,0.001000,5.000000,0.100000,22.000000,0.025000,0.000000
5.738000,0.500000,0.640000,-2.790270,-0.000000,-2.790270,-0.390236,0.000000,0.390236,0.020508,-0.004861,0.030969,0.030969,0.010461,0.052791,0.057652,0.031219,0.017215,0.000097,0.052305,0.000486,1.268348,0.000343,1.268691,1.268691,1.268691,0.634346,0.634346,0,0,1,0,0.000000,0.080000,0.008000,0.001000,5.000000,0.100000,22.000000,0.025000,0.000000
5.743000,0.500000,0.640000,-2.792265,-0.000000,-2.792265,-0.390676,0.000000,0.390676,0.020464,-0.004755,0.030969,0.030969,0.010505,0.052999,0.057754,0.031254,0.017231,0.000088,0.052523,0.000476,1.270585,0.000508,1.271093,1.271093,1.271093,0.635546,0.635546,0,0,1,0,0.000000,0.080000,0.008000,0.001000,5.000000,0.100000,22.000000,0.025000,0.000000
5.748000,0.500000,0.640000,-2.794261,-0.000000,-2.794261,-0.391119,0.000000,0.391119,0.020464,-0.004755,0.030969,0.030969,0.010505,0.052999,0.057754,0.031290,0.017246,0.000089,0.052523,0.000476,1.270585,0.000000,1.270585,1.270585,1.270585,0.635292,0.635292,0,0,1,0,0.000000,0.080000,0.008000,0.001000,5.000000,0.100000,22.000000,0.025000,0.000000
5.753000,0.500000,0.640000,-2.796261,-0.000000,-2.796261,-0.391564,0.000000,0.391564,0.020422,-0.004634,0.030969,0.030969,0.010547,0.053197,0.057831,0.031325,0.017262,0.000089,0.052733,0.000463,1.272276,0.000384,1.272660,1.272660,1.272660,0.636330,0.636330,0,0,1,0,0.000000,0.080000,0.008000,0.001000,5.000000,0.100000,22.000000,0.025000,0.000000
5.758000,0.500000,0.640000,-2.798262,-0.000000,-2.798262,-0.392011,0.000000,0.392011,0.020422,-0.004634,0.030969,0.030969,0.010547,0.053197,0.057831,0.031361,0.017278,0.000089,0.052733,0.000463,1.272276,0.000000,1.272276,1.272276,1.272276,0.636138,0.636138,0,0,1,0,0.000000,0.080000,0.008000,0.001000,5.000000,0.100000,22.000000,0.025000,0.000000
5.767000,0.500000,0.640000,-2.802272,-0.000000,-2.802272,-0.392907,0.000000,0.392907,0.020382,-0.004510,0.030969,0.030969,0.010587,0.053386,0.057897,0.031433,0.017306,0.000100,0.052935,0.000451,1.273723,0.000183,1.273906,1.273906,1.273906,0.636953,0.636953,0,0,1,0,0.000000,0.080000,0.008000,0.001000,5.000000,0.100000,22.000000,0.025000,0.000000
5.772000,0.500000,0.640000,-2.804281,-0.000000,-2.804281,-0.393355,0.000000,0.393355,0.020342,-0.004400,0.030969,0.030969,0.010626,0.053572,0.057972,0.031468,0.017322,0.000090,0.053132,0.000440,1.275384,0.000377,1.275761,1.275761,1.275761,0.637881,0.637881,0,0,1,0,0.000000,0.080000,0.008000,0.001000,5.000000,0.100000,22.000000,0.025000,0.000000
5.777000,0.500000,0.640000,-2.806291,-0.000000,-2.806291,-0.393803,0.000000,0.393803,0.020342,-0.004400,0.030969,0.030969,0.010626,0.053572,0.057972,0.031504,0.017337,0.000090,0.053132,0.000440,1.275384,0.000000,1.275384,1.275384,1.275384,0.637692,0.637692,0,0,1,0,0.000000,0.080000,0.008000,0.001000,5.000000,0.100000,22.000000,0.025000,0.000000
5.782000,0.500000,0.640000,-2.808304,-0.000000,-2.808304,-0.394251,0.000000,0.394251,0.020303,-0.004303,0.030969,0.030969,0.010666,0.053758,0.058061,0.031540,0.017353,0.000090,0.053328,0.000430,1.277331,0.000443,1.277774,1.277774,1.277774,0.638887,0.638887,0,0,1,0,0.000000,0.080000,0.008000,0.001000,5.000000,0.100000,22.000000,0.025000,0.000000
5.787000,0.500000,0.640000,-2.810319,-0.000000,-2.810319,-0.394698,0.000000,0.394698,0.020303,-0.004303,0.030969,0.030969,0.010666,0.053758,0.058061,0.031576,0.017369,0.000089,0.053328,0.000430,1.277331,0.000000,1.277331,1.277331,1.277331,0.638666,0.638666,0,0,1,0,0.000000,0.080000,0.008000,0.001000,5.000000,0.100000,22.000000,0.025000,0.000000
5.792000,0.500000,0.640000,-2.812337,-0.000000,-2.812337,-0.395144,0.000000,0.395144,0.020264,-0.004224,0.030969,0.030969,0.010704,0.053945,0.058169,0.031612,0.017385,0.000089,0.053522,0.000422,1.279717,0.000542,1.280259,1.280259,1.280259,0.640130,0.640130,0,0,1,0,0.000000,0.080000,0.008000,0.001000,5.000000,0.100000,22.000000,0.025000,0.000000
5.797000,0.500000,0.640000,-2.814356,-0.000000,-2.814356,-0.395590,0.000000,0.395590,0.020264,-0.004224,0.030969,0.030969,0.010704,0.053945,0.058169,0.031647,0.017400,0.000089,0.053522,0.000422,1.279717,0.000000,1.279717,1.279717,1.279717,0.639859,0.639859,0,0,1,0,0.000000,0.080000,0.008000,0.001000,5.000000,0.100000,22.000000,0.025000,0.000000
5.806000,0.500000,0.640000,-2.818401,-0.000000,-2.818401,-0.396478,0.000000,0.396478,0.020225,-0.004166,0.030969,0.030969,0.010744,0.054134,0.058300,0.031718,0.017429,0.000099,0.053718,0.000417,1.282597,0.000364,1.282960,1.282960,1.282960,0.641480,0.641480,0,0,1,0,0.000000,0.080000,0.008000,0.001000,5.000000,0.100000,22.000000,0.025000,0.000000
5.811000,0.500000,0.640000,-2.820427,-0.000000,-2.820427,-0.396920,0.000000,0.396920,0.020186,-0.004135,0.030969,0.030969,0.010783,0.054329,0.058464,0.031754,0.017445,0.000088,0.053916,0.000414,1.286215,0.000822,1.287037,1.287037,1.287037,0.643518,0.643518,0,0,1,0,0.000000,0.080000,0.008000,0.001000,5.000000,0.100000,22.000000,0.025000,0.000000
5.816000,0.500000,0.640000,-2.822455,-0.000000,-2.822455,-0.397360,0.000000,0.397360,0.020186,-0.004135,0.030969,0.030969,0.010783,0.054329,0.058464,0.031789,0.017461,0.000088,0.053916,0.000414,1.286215,0.000000,1.286215,1.286215,1.286215,0.643107,0.643107,0,0,1,0,0.000000,0.080000,0.008000,0.001000,5.000000,0.100000,22.000000,0.025000,0.000000
5.825000,0.500000,0.640000,-2.824485,-0.000000,-2.824485,-0.397801,0.000000,0.397801,0.020145,-0.004112,0.030969,0.030969,0.010823,0.054528,0.058640,0.031824,0.017489,0.000049,0.054117,0.000411,1.290084,0.000489,1.290573,1.290573,1.290573,0.645286,0.645286,0,0,1,0,0.000000,0.080000,0.008000,0.001000,5.000000,0.100000,22.000000,0.025000,0.000000
5.830000,0.500000,0.640000,-2.826517,-0.000000,-2.826517,-0.398241,0.000000,0.398241,0.020145,-0.004112,0.030969,0.030969,0.010823,0.054528,0.058640,0.031859,0.017505,0.000088,0.054117,0.000411,1.290084,0.000000,1.290084,1.290084,1.290084,0.645042,0.645042,0,0,1,0,0.000000,0.080000,0.008000,0.001000,5.000000,0.100000,22.000000,0.025000,0.000000
5.835000,0.500000,0.640000,-2.828551,-0.000000,-2.828551,-0.398680,0.000000,0.398680,0.020105,-0.004107,0.030969,0.030969,0.010864,0.054729,0.058836,0.031894,0.017521,0.000088,0.054319,0.000411,1.294395,0.000980,1.295375,1.295375,1.295375,0.647687,0.647687,0,0,1,0,0.000000,0.080000,0.008000,0.001000,5.000000,0.100000,22.000000,0.025000,0.000000
5.840000,0.500000,0.640000,-2.830588,-0.000000,-2.830588,-0.399120,0.000000,0.399120,0.020105,-0.004107,0.030969,0.030969,0.010864,0.054729,0.058836,0.031930,0.017537,0.000088,0.054319,0.000411,1.294395,0.000000,1.294395,1.294395,1.294395,0.647198,0.647198,0,0,1,0,0.000000,0.080000,0.008000,0.001000,5.000000,0.100000,22.000000,0.025000,0.000000
5.845000,0.500000,0.640000,-2.832626,-0.000000,-2.832626,-0.399558,0.000000,0.399558,0.020064,-0.004107,0.030969,0.030969,0.010905,0.054934,0.059041,0.031965,0.017553,0.000088,0.054523,0.000411,1.298907,0.001025,1.299932,1.299932,1.299932,0.649966,0.649966,0,0,1,0,0.000000,0.080000,0.008000,0.001000,5.000000,0.100000,22.000000,0.025000,0.000000
5.850000,0.500000,0.640000,-2.834667,-0.000000,-2.834667,-0.399998,0.000000,0.399998,0.020064,-0.004107,0.030969,0.030969,0.010905,0.054934,0.059041,0.032000,0.017569,0.000088,0.054523,0.000411,1.298907,0.000000,1.298907,1.298907,1.298907,0.649453,0.649453,0,0,1,0,0.000000,0.080000,0.008000,0.001000,5.000000,0.100000,22.000000,0.025000,0.000000
5.855000,0.500000,0.640000,-2.836711,-0.000000,-2.836711,-0.400441,0.000000,0.400441,0.020024,-0.004086,0.030969,0.030969,0.010945,0.055135,0.059221,0.032035,0.017585,0.000089,0.054726,0.000409,1.302857,0.000898,1.303754,1.303754,1.303754,0.651877,0.651877,0,0,1,0,0.000000,0.080000,0.008000,0.001000,5.000000,0.100000,22.000000,0.025000,0.000000
5.860000,0.500000,0.640000,-2.838756,-0.000000,-2.838756,-0.400885,0.000000,0.400885,0.020024,-0.004086,0.030969,0.030969,0.010945,0.055135,0.059221,0.032071,0.017601,0.000089,0.054726,0.000409,1.302857,0.000000,1.302857,1.302857,1.302857,0.651428,0.651428,0,0,1,0,0.000000,0.080000,0.008000,0.001000,5.000000,0.100000,22.000000,0.025000,0.000000
5.869000,0.500000,0.640000,-2.842855,-0.000000,-2.842855,-0.401781,0.000000,0.401781,0.019984,-0.004044,0.030969,0.030969,0.010985,0.055327,0.059372,0.032142,0.017630,0.000100,0.054923,0.000404,1.306177,0.000419,1.306597,1.306597,1.306597,0.653298,0.653298,0,0,1,0,0.000000,0.080000,0.008000,0.001000,5.000000,0.100000,22.000000,0.025000,0.000000
5.874000,0.500000,0.640000,-2.844908,-0.000000,-2.844908,-0.402231,0.000000,0.402231,0.019946,-0.003997,0.030969,0.030969,0.011023,0.055513,0.059510,0.032178,0.017646,0.000090,0.055114,0.000400,1.309228,0.000693,1.309922,1.309922,1.309922,0.654961,0.654961,0,0,1,0,0.000000,0.080000,0.008000,0.001000,5.000000,0.100000,22.000000,0.025000,0.000000
5.879000,0.500000,0.640000,-2.846963,-0.000000,-2.846963,-0.402682,0.000000,0.402682,0.019946,-0.003997,0.030969,0.030969,0.011023,0.055513,0.059510,0.032215,0.017662,0.000090,0.055114,0.000400,1.309228,0.000000,1.309228,1.309228,1.309228,0.654614,0.654614,0,0,1,0,0.000000,0.080000,0.008000,0.001000,5.000000,0.100000,22.000000,0.025000,0.000000
5.884000,0.500000,0.640000,-2.849021,-0.000000,-2.849021,-0.403136,0.000000,0.403136,0.019909,-0.003931,0.030969,0.030969,0.011060,0.055693,0.059623,0.032251,0.017679,0.000091,0.055300,0.000393,1.311716,0.000565,1.312282,1.312282,1.312282,0.656141,0.656141,0,0,1,0,0.000000,0.080000,0.008000,0.001000,5.000000,0.100000,22.000000,0.025000,0.000000
5.889000,0.500000,0.640000,-2.851081,-0.000000,-2.851081,-0.403592,0.000000,0.403592,0.019909,-0.003931,0.030969,0.030969,0.011060,0.055693,0.059623,0.032287,0.017695,0.000091,0.055300,0.000393,1.311716,0.000000,1.311716,1.311716,1.311716,0.655858,0.655858,0,0,1,0,0.000000,0.080000,0.008000,0.001000,5.000000,0.100000,22.000000,0.025000,0.000000
5.894000,0.500000,0.640000,-2.853144,-0.000000,-2.853144,-0.404049,0.000000,0.404049,0.019873,-0.003854,0.030969,0.030969,0.011096,0.055864,0.059718,0.032324,0.017711,0.000092,0.055479,0.000385,1.313805,0.000475,1.314280,1.314280,1.314280,0.657140,0.657140,0,0,1,0,0.000000,0.080000,0.008000,0.001000,5.000000,0.100000,22.000000,0.025000,0.000000
5.903000,0.500000,0.640000,-2.857277,-0.000000,-2.857277,-0.404968,0.000000,0.404968,0.019838,-0.003775,0.030969,0.030969,0.011131,0.056030,0.059805,0.032397,0.017740,0.000102,0.055653,0.000377,1.315719,0.000242,1.315961,1.315961,1.315961,0.657980,0.657980,0,0,1,0,0.000000,0.080000,0.008000,0.001000,5.000000,0.100000,22.000000,0.025000,0.000000
5.908000,0.500000,0.640000,-2.859347,-0.000000,-2.859347,-0.405428,0.000000,0.405428,0.019838,-0.003775,0.030969,0.030969,0.011131,0.056030,0.059805,0.032434,0.017756,0.000092,0.055653,0.000377,1.315719,0.000000,1.315719,1.315719,1.315719,0.657860,0.657860,0,0,1,0,0.000000,0.080000,0.008000,0.001000,5.000000,0.100000,22.000000,0.025000,0.000000
5.913000,0.500000,0.640000,-2.861419,-0.000000,-2.861419,-0.405889,0.000000,0.405889,0.019804,-0.003700,0.030969,0.030969,0.011165,0.056193,0.059894,0.032471,0.017772,0.000092,0.055823,0.000370,1.317658,0.000441,1.318099,1.318099,1.318099,0.659049,0.659049,0,0,1,0,0.000000,0.080000,0.008000,0.001000,5.000000,0.100000,22.000000,0.025000,0.000000
5.918000,0.500000,0.640000,-2.863494,-0.000000,-2.863494,-0.406350,0.000000,0.406350,0.019804,-0.003700,0.030969,0.030969,0.011165,0.056193,0.059894,0.032508,0.017789,0.000092,0.055823,0.000370,1.317658,0.000000,1.317658,1.317658,1.317658,0.658829,0.658829,0,0,1,0,0.000000,0.080000,0.008000,0.001000,5.000000,0.100000,22.000000,0.025000,0.000000
5.923000,0.500000,0.640000,-2.865571,-0.000000,-2.865571,-0.406811,0.000000,0.406811,0.019770,-0.003637,0.030969,0.030969,0.011198,0.056356,0.059993,0.032545,0.017805,0.000092,0.055992,0.000364,1.319844,0.000497,1.320341,1.320341,1.320341,0.660171,0.660171,0,0,1,0,0.000000,0.080000,0.008000,0.001000,5.000000,0.100000,22.000000,0.025000,0.000000
5.928000,0.500000,0.640000,-2.867650,-0.000000,-2.867650,-0.407271,0.000000,0.407271,0.019770,-0.003637,0.030969,0.030969,0.011198,0.056356,0.059993,0.032582,0.017821,0.000092,0.055992,0.000364,1.319844,0.000000,1.319844,1.319844,1.319844,0.659922,0.659922,0,0,1,0,0.000000,0.080000,0.008000,0.001000,5.000000,0.100000,22.000000,0.025000,0.000000
5.933000,0.500000,0.640000,-2.869731,-0.000000,-2.869731,-0.407731,0.000000,0.407731,0.019737,-0.003589,0.030969,0.030969,0.011232,0.056520,0.060109,0.032618,0.017838,0.000092,0.056161,0.000359,1.322401,0.000581,1.322983,1.322983,1.322983,0.661491,0.661491,0,0,1,0,0.000000,0.080000,0.008000,0.001000,5.000000,0.100000,22.000000,0.025000,0.000000
5.938000,0.500000,0.640000,-2.871815,-0.000000,-2.871815,-0.408190,0.000000,0.408190,0.019737,-0.003589,0.030969,0.030969,0.011232,0.056520,0.060109,0.032655,0.017854,0.000092,0.056161,0.000359,1.322401,0.000000,1.322401,1.322401,1.322401,0.661201,0.661201,0,0,1,0,0.000000,0.080000,0.008000,0.001000,5.000000,0.100000,22.000000,0.025000,0.000000
5.943000,0.500000,0.640000,-2.873901,-0.000000,-2.873901,-0.408649,0.000000,0.408649,0.019702,-0.003557,0.030969,0.030969,0.011266,0.056687,0.060244,0.032692,0.017870,0.000092,0.056331,0.000356,1.325370,0.000675,1.326045,1.326045,1.326045,0.663022,0.663022,0,0,1,0,0.000000,0.080000,0.008000,0.001000,5.000000,0.100000,22.000000,0.025000,0.000000
5.948000,0.500000,0.640000,-2.875989,-0.000000,-2.875989,-0.409107,0.000000,0.409107,0.019702,-0.003557,0.030969,0.030969,0.011266,0.056687,0.060244,0.032729,0.017887,0.000092,0.056331,0.000356,1.325370,0.000000,1.325370,1.325370,1.325370,0.662685,0.662685,0,0,1,0,0.000000,0.080000,0.008000,0.001000,5.000000,0.100000,22.000000,0.025000,0.000000
5.957000,0.500000,0.640000,-2.880172,-0.000000,-2.880172,-0.410021,0.000000,0.410021,0.019668,-0.003538,0.030969,0.030969,0.011301,0.056858,0.060396,0.032802,0.017916,0.000102,0.056504,0.000354,1.328712,0.000422,1.329134,1.329134,1.329134,0.664567,0.664567,0,0,1,0,0.000000,0.080000,0.008000,0.001000,5.000000,0.100000,22.000000,0.025000,0.000000
5.962000,0.500000,0.640000,-2.882267,-0.000000,-2.882267,-0.410476,0.000000,0.410476,0.019633,-0.003542,0.030969,0.030969,0.011336,0.057033,0.060575,0.032838,0.017933,0.000091,0.056679,0.000354,1.332659,0.000897,1.333556,1.333556,1.333556,0.666778,0.666778,0,0,1,0,0.000000,0.080000,0.008000,0.001000,5.000000,0.100000,22.000000,0.025000,0.000000
5.967000,0.500000,0.640000,-2.884364,-0.000000,-2.884364,-0.410931,0.000000,0.410931,0.019633,-0.003542,0.030969,0.030969,0.011336,0.057033,0.060575,0.032874,0.017949,0.000091,0.056679,0.000354,1.332659,0.000000,1.332659,1.332659,1.332659,0.666330,0.666330,0,0,1,0,0.000000,0.080000,0.008000,0.001000,5.000000,0.100000,22.000000,0.025000,0.000000
5.972000,0.500000,0.640000,-2.886463,-0.000000,-2.886463,-0.411387,0.000000,0.411387,0.019597,-0.003545,0.030969,0.030969,0.011372,0.057212,0.060757,0.032911,0.017965,0.000091,0.056858,0.000354,1.336647,0.000906,1.337553,1.337553,1.337553,0.668777,0.668777,0,0,1,0,0.000000,0.080000,0.008000,0.001000,5.000000,0.100000,22.000000,0.025000,0.000000
5.977000,0.500000,0.640000,-2.888565,-0.000000,-2.888565,-0.411842,0.000000,0.411842,0.019597,-0.003545,0.030969,0.030969,0.011372,0.057212,0.060757,0.032947,0.017982,0.000091,0.056858,0.000354,1.336647,0.000000,1.336647,1.336647,1.336647,0.668323,0.668323,0,0,1,0,0.000000,0.080000,0.008000,0.001000,5.000000,0.100000,22.000000,0.025000,0.000000
5.982000,0.500000,0.640000,-2.890669,-0.000000,-2.890669,-0.412300,0.000000,0.412300,0.019562,-0.003542,0.030969,0.030969,0.011407,0.057389,0.060932,0.032984,0.017998,0.000091,0.057035,0.000354,1.340496,0.000875,1.341370,1.341370,1.341370,0.670685,0.670685,0,0,1,0,0.000000,0.080000,0.008000,0.001000,5.000000,0.100000,22.000000,0.025000,0.000000
5.987000,0.500000,0.640000,-2.892775,-0.000000,-2.892775,-0.412758,0.000000,0.412758,0.019562,-0.003542,0.030969,0.030969,0.011407,0.057389,0.060932,0.033021,0.018015,0.000092,0.057035,0.000354,1.340496,0.000000,1.340496,1.340496,1.340496,0.670248,0.670248,0,0,1,0,0.000000,0.080000,0.008000,0.001000,5.000000,0.100000,22.000000,0.025000,0.000000
5.992000,0.500000,0.640000,-2.894884,-0.000000,-2.894884,-0.413217,0.000000,0.413217,0.019527,-0.003531,0.030969,0.030969,0.011442,0.057564,0.061095,0.033057,0.018031,0.000092,0.057211,0.000353,1.344084,0.000815,1.344899,1.344899,1.344899,0.672450,0.672450,0,0,1,0,0.000000,0.080000,0.008000,0.001000,5.000000,0.100000,22.000000,0.025000,0.000000
6.001000,0.500000,0.640000,-2.899109,-0.000000,-2.899109,-0.414141,0.000000,0.414141,0.019492,-0.003509,0.030969,0.030969,0.011477,0.057735,0.061243,0.033131,0.018061,0.000103,0.057384,0.000351,1.347351,0.000413,1.347763,1.347763,1.347763,0.673882,0.673882,0,0,1,0,0.000000,0.080000,0.008000,0.001000,5.000000,0.100000,22.000000,0.025000,0.000000
6.006000,0.500000,0.640000,-2.901225,-0.000000,-2.901225,-0.414604,0.000000,0.414604,0.019492,-0.003509,0.030969,0.030969,0.011477,0.057735,0.061243,0.033168,0.018078,0.000093,0.057384,0.000351,1.347351,0.000000,1.347351,1.347351,1.347351,0.673675,0.673675,0,0,1,0,0.000000,0.080000,0.008000,0.001000,5.000000,0.100000,22.000000,0.025000,0.000000
6.011000,0.500000,0.640000,-2.903343,-0.000000,-2.903343,-0.415070,0.000000,0.415070,0.019458,-0.003476,0.030969,0.030969,0.011510,0.057900,0.061375,0.033206,0.018094,0.000093,0.057552,0.000348,1.350260,0.000661,1.350921,1.350921,1.350921,0.675460,0.675460,0,0,1,0,0.000000,0.080000,0.008000,0.001000,5.000000,0.100000,22.000000,0.025000,0.000000
6.016000,0.500000,0.640000,-2.905464,-0.000000,-2.905464,-0.415537,0.000000,0.415537,0.019458,-0.003476,0.030969,0.030969,0.011510,0.057900,0.061375,0.033243,0.018111,0.000093,0.057552,0.000348,1.350260,0.000000,1.350260,1.350260,1.350260,0.675130,0.675130,0,0,1,0,0.000000,0.080000,0.008000,0.001000,5.000000,0.100000,22.000000,0.025000,0.000000
6.021000,0.500000,0.640000,-2.907588,-0.000000,-2.907588,-0.416005,0.000000,0.416005,0.019425,-0.003436,0.030969,0.030969,0.011544,0.058061,0.061497,0.033280,0.018128,0.000094,0.057718,0.000344,1.352934,0.000608,1.353542,1.353542,1.353542,0.676771,0.676771,0,0,1,0,0.000000,0.080000,0.008000,0.001000,5.000000,0.100000,22.000000,0.025000,0.000000
6.026000,0.500000,0.640000,-2.909714,-0.000000,-2.909714,-0.416473,0.000000,0.416473,0.019425,-0.003436,0.030969,0.030969,0.011544,0.058061,0.061497,0.033318,0.018144,0.000094,0.057718,0.000344,1.352934,0.000000,1.352934,1.352934,1.352934,0.676467,0.676467,0,0,1,0,0.000000,0.080000,0.008000,0.001000,5.000000,0.100000,22.000000,0.025000,0.000000
6.031000,0.500000,0.640000,-2.911842,-0.000000,-2.911842,-0.416944,0.000000,0.416944,0.019393,-0.003394,0.030969,0.030969,0.011576,0.058219,0.061613,0.033355,0.018161,0.000094,0.057880,0.000339,1.355478,0.000578,1.356056,1.356056,1.356056,0.678028,0.678028,0,0,1,0,0.000000,0.080000,0.008000,0.001000,5.000000,0.100000,22.000000,0.025000,0.000000
6.036000,0.500000,0.640000,-2.913973,-0.000000,-2.913973,-0.417414,0.000000,0.417414,0.019393,-0.003394,0.030969,0.030969,0.011576,0.058219,0.061613,0.033393,0.018178,0.000094,0.057880,0.000339,1.355478,0.000000,1.355478,1.355478,1.355478,0.677739,0.677739,0,0,1,0,0.000000,0.080000,0.008000,0.001000,5.000000,0.100000,22.000000,0.025000,0.000000
6.045000,0.500000,0.640000,-2.918242,-0.000000,-2.918242,-0.418357,0.000000,0.418357,0.019361,-0.003353,0.030969,0.030969,0.011608,0.058375,0.061728,0.033469,0.018208,0.000105,0.058040,0.000335,1.358008,0.000319,1.358327,1.358327,1.358327,0.679164,0.679164,0,0,1,0,0.000000,0.080000,0.008000,0.001000,5.000000,0.100000,22.000000,0.025000,0.000000
6.050000,0.500000,0.640000,-2.918242,-0.000000,-2.918242,-0.418357,0.000000,0.418357,0.019329,-0.003326,0.030969,0.030969,0.011640,0.058532,0.061858,0.033469,0.018225,0.000000,0.058199,0.000333,1.360880,0.000653,1.361532,1.361532,1.361532,0.680766,0.680766,0,0,1,0,0.000000,0.080000,0.008000,0.001000,5.000000,0.100000,22.000000,0.025000,0.000000
6.055000,0.500000,0.640000,-2.920380,-0.000000,-2.920380,-0.418827,0.000000,0.418827,0.019329,-0.003326,0.030969,0.030969,0.011640,0.058532,0.061858,0.033506,0.018241,0.000094,0.058199,0.000333,1.360880,0.000000,1.360880,1.360880,1.360880,0.680440,0.680440,0,0,1,0,0.000000,0.080000,0.008000,0.001000,5.000000,0.100000,22.000000,0.025000,0.000000
6.060000,0.500000,0.640000,-2.922520,-0.000000,-2.922520,-0.419298,0.000000,0.419298,0.019329,-0.003326,0.030969,0.030969,0.011640,0.058532,0.061858,0.033544,0.018258,0.000094,0.058199,0.000333,1.360880,0.000000,1.360880,1.360880,1.360880,0.680440,0.680440,0,0,1,0,0.000000,0.080000,0.008000,0.001000,5.000000,0.100000,22.000000,0.025000,0.000000
6.065000,0.500000,0.640000,-2.924663,-0.000000,-2.924663,-0.419769,0.000000,0.419769,0.019297,-0.003305,0.030969,0.030969,0.011672,0.058690,0.061995,0.033582,0.018275,0.000094,0.058360,0.000330,1.363898,0.000686,1.364584,1.364584,1.364584,0.682292,0.682292,0,0,1,0,0.000000,0.080000,0.008000,0.001000,5.000000,0.100000,22.000000,0.025000,0.000000
6.070000,0.500000,0.640000,-2.926808,-0.000000,-2.926808,-0.420240,0.000000,0.420240,0.019297,-0.003305,0.030969,0.030969,0.011672,0.058690,0.061995,0.033619,0.018292,0.000094,0.058360,0.000330,1.363898,0.000000,1.363898,1.363898,1.363898,0.681949,0.681949,0,0,1,0,0.000000,0.080000,0.008000,0.001000,5.000000,0.100000,22.000000,0.025000,0.000000
6.075000,0.500000,0.640000,-2.928955,-0.000000,-2.928955,-0.420711,0.000000,0.420711,0.019265,-0.003287,0.030969,0.030969,0.011704,0.058850,0.062137,0.033657,0.018309,0.000094,0.058521,0.000329,1.367010,0.000707,1.367717,1.367717,1.367717,0.683859,0.683859,0,0,1,0,0.000000,0.080000,0.008000,0.001000,5.000000,0.100000,22.000000,0.025000,0.000000
6.084000,0.500000,0.640000,-2.933257,-0.000000,-2.933257,-0.421655,0.000000,0.421655,0.019232,-0.003273,0.030969,0.030969,0.011736,0.059009,0.062282,0.033732,0.018339,0.000105,0.058682,0.000327,1.370198,0.000402,1.370600,1.370600,1.370600,0.685300,0.685300,0,0,1,0,0.000000,0.080000,0.008000,0.001000,5.000000,0.100000,22.000000,0.025000,0.000000
6.089000,0.500000,0.640000,-2.935412,-0.000000,-2.935412,-0.422127,0.000000,0.422127,0.019232,-0.003273,0.030969,0.030969,0.011736,0.059009,0.062282,0.033770,0.018356,0.000094,0.058682,0.000327,1.370198,0.000000,1.370198,1.370198,1.370198,0.685099,0.685099,0,0,1,0,0.000000,0.080000,0.008000,0.001000,5.000000,0.100000,22.000000,0.025000,0.000000
6.094000,0.500000,0.640000,-2.937569,-0.000000,-2.937569,-0.422600,0.000000,0.422600,0.019200,-0.003259,0.030969,0.030969,0.011768,0.059168,0.062427,0.033808,0.018373,0.000095,0.058842,0.000326,1.373404,0.000729,1.374132,1.374132,1.374132,0.687066,0.687066,0,0,1,0,0.000000,0.080000,0.008000,0.001000,5.000000,0.100000,22.000000,0.025000,0.000000
6.099000,0.500000,0.640000,-2.939728,-0.000000,-2.939728,-0.423073,0.000000,0.423073,0.019200,-0.003259,0.030969,0.030969,0.011768,0.059168,0.062427,0.033846,0.018390,0.000095,0.058842,0.000326,1.373404,0.000000,1.373404,1.373404,1.373404,0.686702,0.686702,0,0,1,0,0.000000,0.080000,0.008000,0.001000,5.000000,0.100000,22.000000,0.025000,0.000000
6.104000,0.500000,0.640000,-2.941890,-0.000000,-2.941890,-0.423548,0.000000,0.423548,0.019168,-0.003248,0.030969,0.030969,0.011801,0.059327,0.062575,0.033884,0.018407,0.000095,0.059003,0.000325,1.376647,0.000737,1.377384,1.377384,1.377384,0.688692,0.688692,0,0,1,0,0.000000,0.080000,0.008000,0.001000,5.000000,0.100000,22.000000,0.025000,0.000000
6.109000,0.500000,0.640000,-2.944054,-0.000000,-2.944054,-0.424021,0.000000,0.424021,0.019168,-0.003248,0.030969,0.030969,0.011801,0.059327,0.062575,0.033922,0.018424,0.000095,0.059003,0.000325,1.376647,0.000000,1.376647,1.376647,1.376647,0.688324,0.688324,0,0,1,0,0.000000,0.080000,0.008000,0.001000,5.000000,0.100000,22.000000,0.025000,0.000000
6.114000,0.500000,0.640000,-2.946221,-0.000000,-2.946221,-0.424497,0.000000,0.424497,0.019136,-0.003237,0.030969,0.030969,0.011833,0.059486,0.062723,0.033960,0.018441,0.000095,0.059163,0.000324,1.379902,0.000740,1.380642,1.380642,1.380642,0.690321,0.690321,0,0,1,0,0.000000,0.080000,0.008000,0.001000,5.000000,0.100000,22.000000,0.025000,0.000000
6.119000,0.500000,0.640000,-2.948390,-0.000000,-2.948390,-0.424972,0.000000,0.424972,0.019136,-0.003237,0.030969,0.030969,0.011833,0.059486,0.062723,0.033998,0.018458,0.000095,0.059163,0.000324,1.379902,0.000000,1.379902,1.379902,1.379902,0.689951,0.689951,0,0,1,0,0.000000,0.080000,0.008000,0.001000,5.000000,0.100000,22.000000,0.025000,0.000000
6.124000,0.500000,0.640000,-2.950561,-0.000000,-2.950561,-0.425448,0.000000,0.425448,0.019104,-0.003225,0.030969,0.030969,0.011864,0.059645,0.062870,0.034036,0.018475,0.000095,0.059322,0.000323,1.383145,0.000737,1.383882,1.383882,1.383882,0.691941,0.691941,0,0,1,0,0.000000,0.080000,0.008000,0.001000,5.000000,0.100000,22.000000,0.025000,0.000000
6.129000,0.500000,0.640000,-2.952735,-0.000000,-2.952735,-0.425924,0.000000,0.425924,0.019104,-0.003225,0.030969,0.030969,0.011864,0.059645,0.062870,0.034074,0.018492,0.000095,0.059322,0.000323,1.383145,0.000000,1.383145,1.383145,1.383145,0.691572,0.691572,0,0,1,0,0.000000,0.080000,0.008000,0.001000,5.000000,0.100000,22.000000,0.025000,0.000000
6.134000,0.500000,0.640000,-2.954911,-0.000000,-2.954911,-0.426401,0.000000,0.426401,0.019072,-0.003214,0.030969,0.030969,0.011896,0.059803,0.063016,0.034112,0.018509,0.000095,0.059481,0.000321,1.386359,0.000731,1.387090,1.387090,1.387090,0.693545,0.693545,0,0,1,0,0.000000,0.080000,0.008000,0.001000,5.000000,0.100000,22.000000,0.025000,0.000000
6.143000,0.500000,0.640000,-2.959271,-0.000000,-2.959271,-0.427358,0.000000,0.427358,0.019041,-0.003201,0.030969,0.030969,0.011928,0.059959,0.063161,0.034189,0.018539,0.000106,0.059639,0.000320,1.389537,0.000401,1.389938,1.389938,1.389938,0.694969,0.694969,0,0,1,0,0.000000,0.080000,0.008000,0.001000,5.000000,0.100000,22.000000,0.025000,0.000000
6.148000,0.500000,0.640000,-2.961455,-0.000000,-2.961455,-0.427837,0.000000,0.427837,0.019041,-0.003201,0.030969,0.030969,0.011928,0.059959,0.063161,0.034227,0.018557,0.000096,0.059639,0.000320,1.389537,0.000000,1.389537,1.389537,1.389537,0.694768,0.694768,0,0,1,0,0.000000,0.080000,0.008000,0.001000,5.000000,0.100000,22.000000,0.025000,0.000000
6.153000,0.500000,0.640000,-2.963641,-0.000000,-2.963641,-0.428317,0.000000,0.428317,0.019009,-0.003187,0.030969,0.030969,0.011959,0.060115,0.063302,0.034265,0.018574,0.000096,0.059796,0.000319,1.392640,0.000705,1.393345,1.393345,1.393345,0.696673,0.696673,0,0,1,0,0.000000,0.080000,0.008000,0.001000,5.000000,0.100000,22.000000,0.025000,0.000000
6.158000,0.500000,0.640000,-2.965830,-0.000000,-2.965830,-0.428797,0.000000,0.428797,0.019009,-0.003187,0.030969,0.030969,0.011959,0.060115,0.063302,0.034304,0.018591,0.000096,0.059796,0.000319,1.392640,0.000000,1.392640,1.392640,1.392640,0.696320,0.696320,0,0,1,0,0.000000,0.080000,0.008000,0.001000,5.000000,0.100000,22.000000,0.025000,0.000000
6.163000,0.500000,0.640000,-2.968021,-0.000000,-2.968021,-0.429279,0.000000,0.429279,0.018978,-0.003172,0.030969,0.030969,0.011990,0.060270,0.063442,0.034342,0.018608,0.000096,0.059952,0.000317,1.395727,0.000702,1.396429,1.396429,1.396429,0.698214,0.698214,0,0,1,0,0.000000,0.080000,0.008000,0.001000,5.000000,0.100000,22.000000,0.025000,0.000000
6.168000,0.500000,0.640000,-2.970215,-0.000000,-2.970215,-0.429760,0.000000,0.429760,0.018978,-0.003172,0.030969,0.030969,0.011990,0.060270,0.063442,0.034381,0.018625,0.000096,0.059952,0.000317,1.395727,0.000000,1.395727,1.395727,1.395727,0.697864,0.697864,0,0,1,0,0.000000,0.080000,0.008000,0.001000,5.000000,0.100000,22.000000,0.025000,0.000000
6.173000,0.500000,0.640000,-2.972411,-0.000000,-2.972411,-0.430243,0.000000,0.430243,0.018947,-0.003159,0.030969,0.030969,0.012022,0.060424,0.063582,0.034419,0.018642,0.000097,0.060108,0.000316,1.398814,0.000701,1.399515,1.399515,1.399515,0.699758,0.699758,0,0,1,0,0.000000,0.080000,0.008000,0.001000,5.000000,0.100000,22.000000,0.025000,0.000000
6.178000,0.500000,0.640000,-2.974609,-0.000000,-2.974609,-0.430726,0.000000,0.430726,0.018947,-0.003159,0.030969,0.030969,0.012022,0.060424,0.063582,0.034458,0.018660,0.000097,0.060108,0.000316,1.398814,0.000000,1.398814,1.398814,1.398814,0.699407,0.699407,0,0,1,0,0.000000,0.080000,0.008000,0.001000,5.000000,0.100000,22.000000,0.025000,0.000000
6.183000,0.500000,0.640000,-2.976810,-0.000000,-2.976810,-0.431209,0.000000,0.431209,0.018916,-0.003146,0.030969,0.030969,0.012053,0.060578,0.063723,0.034497,0.018677,0.000097,0.060263,0.000315,1.401915,0.000705,1.402620,1.402620,1.402620,0.701310,0.701310,0,0,1,0,0.000000,0.080000,0.008000,0.001000,5.000000,0.100000,22.000000,0.025000,0.000000
6.188000,0.500000,0.640000,-2.979014,-0.000000,-2.979014,-0.431693,0.000000,0.431693,0.018916,-0.003146,0.030969,0.030969,0.012053,0.060578,0.063723,0.034535,0.018694,0.000097,0.060263,0.000315,1.401915,0.000000,1.401915,1.401915,1.401915,0.700958,0.700958,0,0,1,0,0.000000,0.080000,0.008000,0.001000,5.000000,0.100000,22.000000,0.025000,0.000000
6.197000,0.500000,0.640000,-2.983428,-0.000000,-2.983428,-0.432662,0.000000,0.432662,0.018885,-0.003134,0.030969,0.030969,0.012084,0.060731,0.063866,0.034613,0.018725,0.000108,0.060418,0.000313,1.405043,0.000395,1.405438,1.405438,1.405438,0.702719,0.702719,0,0,1,0,0.000000,0.080000,0.008000,0.001000,5.000000,0.100000,22.000000,0.025000,0.000000
6.202000,0.500000,0.640000,-2.985639,-0.000000,-2.985639,-0.433146,0.000000,0.433146,0.018854,-0.003136,0.030969,0.030969,0.012115,0.060887,0.064023,0.034652,0.018743,0.000097,0.060573,0.000314,1.408515,0.000789,1.409304,1.409304,1.409304,0.704652,0.704652,0,0,1,0,0.000000,0.080000,0.008000,0.001000,5.000000,0.100000,22.000000,0.025000,0.000000
6.207000,0.500000,0.640000,-2.987852,-0.000000,-2.987852,-0.433630,0.000000,0.433630,0.018854,-0.003136,0.030969,0.030969,0.012115,0.060887,0.064023,0.034690,0.018760,0.000097,0.060573,0.000314,1.408515,0.000000,1.408515,1.408515,1.408515,0.704257,0.704257,0,0,1,0,0.000000,0.080000,0.008000,0.001000,5.000000,0.100000,22.000000,0.025000,0.000000
6.212000,0.500000,0.640000,-2.990068,-0.000000,-2.990068,-0.434115,0.000000,0.434115,0.018823,-0.003135,0.030969,0.030969,0.012146,0.061044,0.064179,0.034729,0.018777,0.000097,0.060731,0.000313,1.411930,0.000776,1.412706,1.412706,1.412706,0.706353,0.706353,0,0,1,0,0.000000,0.080000,0.008000,0.001000,5.000000,0.100000,22.000000,0.025000,0.000000
6.217000,0.500000,0.640000,-2.992286,-0.000000,-2.992286,-0.434600,0.000000,0.434600,0.018823,-0.003135,0.030969,0.030969,0.012146,0.061044,0.064179,0.034768,0.018795,0.000097,0.060731,0.000313,1.411930,0.000000,1.411930,1.411930,1.411930,0.705965,0.705965,0,0,1,0,0.000000,0.080000,0.008000,0.001000,5.000000,0.100000,22.000000,0.025000,0.000000
6.222000,0.500000,0.640000,-2.994506,-0.000000,-2.994506,-0.435087,0.000000,0.435087,0.018791,-0.003130,0.030969,0.030969,0.012177,0.061200,0.064330,0.034807,0.018812,0.000097,0.060887,0.000313,1.415250,0.000755,1.416005,1.416005,1.416005,0.708002,0.708002,0,0,1,0,0.000000,0.080000,0.008000,0.001000,5.000000,0.100000,22.000000,0.025000,0.000000
6.227000,0.500000,0.640000,-2.996730,-0.000000,-2.996730,-0.435574,0.000000,0.435574,0.018791,-0.003130,0.030969,0.030969,0.012177,0.061200,0.064330,0.034846,0.018830,0.000097,0.060887,0.000313,1.415250,0.000000,1.415250,1.415250,1.415250,0.707625,0.707625,0,0,1,0,0.000000,0.080000,0.008000,0.001000,5.000000,0.100000,22.000000,0.025000,0.000000
6.232000,0.500000,0.640000,-2.998955,-0.000000,-2.998955,-0.436063,0.000000,0.436063,0.018760,-0.003122,0.030969,0.030969,0.012208,0.061354,0.064476,0.034885,0.018847,0.000098,0.061042,0.000312,1.418467,0.000731,1.419199,1.419199,1.419199,0.709599,0.709599,0,0,1,0,0.000000,0.080000,0.008000,0.001000,5.000000,0.100000,22.000000,0.025000,0.000000
6.237000,0.500000,0.640000,-3.001184,-0.000000,-3.001184,-0.436552,0.000000,0.436552,0.018760,-0.003122,0.030969,0.030969,0.012208,0.061354,0.064476,0.034924,0.018864,0.000098,0.061042,0.000312,1.418467,0.000000,1.418467,1.418467,1.418467,0.709234,0.709234,0,0,1,0,0.000000,0.080000,0.008000,0.001000,5.000000,0.100000,22.000000,0.025000,0.000000
6.246000,0.500000,0.640000,-3.005648,-0.000000,-3.005648,-0.437533,0.000000,0.437533,0.018730,-0.003111,0.030969,0.030969,0.012239,0.061507,0.064618,0.035003,0.018896,0.000109,0.061196,0.000311,1.421593,0.000395,1.421988,1.421988,1.421988,0.710994,0.710994,0,0,1,0,0.000000,0.080000,0.008000,0.001000,5.000000,0.100000,22.000000,0.025000,0.000000
6.251000,0.500000,0.640000,-3.007883,-0.000000,-3.007883,-0.438022,0.000000,0.438022,0.018699,-0.003110,0.030969,0.030969,0.012270,0.061661,0.064771,0.035042,0.018913,0.000098,0.061350,0.000311,1.424966,0.000766,1.425732,1.425732,1.425732,0.712866,0.712866,0,0,1,0,0.000000,0.080000,0.008000,0.001000,5.000000,0.100000,22.000000,0.025000,0.000000
6.256000,0.500000,0.640000,-3.010121,-0.000000,-3.010121,-0.438513,0.000000,0.438513,0.018699,-0.003110,0.030969,0.030969,0.012270,0.061661,0.064771,0.035081,0.018931,0.000098,0.061350,0.000311,1.424966,0.000000,1.424966,1.424966,1.424966,0.712483,0.712483,0,0,1,0,0.000000,0.080000,0.008000,0.001000,5.000000,0.100000,22.000000,0.025000,0.000000
6.261000,0.500000,0.640000,-3.012362,-0.000000,-3.012362,-0.439005,0.000000,0.439005,0.018668,-0.003104,0.030969,0.030969,0.012301,0.061815,0.064919,0.035120,0.018949,0.000098,0.061505,0.000310,1.428221,0.000740,1.428961,1.428961,1.428961,0.714481,0.714481,0,0,1,0,0.000000,0.080000,0.008000,0.001000,5.000000,0.100000,22.000000,0.025000,0.000000
6.266000,0.500000,0.640000,-3.012362,-0.000000,-3.012362,-0.439005,0.000000,0.439005,0.018668,-0.003104,0.030969,0.030969,0.012301,0.061815,0.064919,0.035120,0.018966,0.000000,0.061505,0.000310,1.428221,0.000000,1.428221,1.428221,1.428221,0.714111,0.714111,0,0,1,0,0.000000,0.080000,0.008000,0.001000,5.000000,0.100000,22.000000,0.025000,0.000000
6.271000,0.500000,0.640000,-3.014605,-0.000000,-3.014605,-0.439497,0.000000,0.439497,0.018637,-0.003094,0.030969,0.030969,0.012332,0.061968,0.065062,0.035160,0.018984,0.000098,0.061659,0.000309,1.431364,0.000714,1.432078,1.432078,1.432078,0.716039,0.716039,0,0,1,0,0.000000,0.080000,0.008000,0.001000,5.000000,0.100000,22.000000,0.025000,0.000000
6.280000,0.500000,0.640000,-3.019100,-0.000000,-3.019100,-0.440484,0.000000,0.440484,0.018607,-0.003082,0.030969,0.030969,0.012362,0.062119,0.065201,0.035239,0.019015,0.000110,0.061811,0.000308,1.434426,0.000387,1.434812,1.434812,1.434812,0.717406,0.717406,0,0,1,0,0.000000,0.080000,0.008000,0.001000,5.000000,0.100000,22.000000,0.025000,0.000000
6.285000,0.500000,0.640000,-3.021350,-0.000000,-3.021350,-0.440979,0.000000,0.440979,0.018607,-0.003082,0.030969,0.030969,0.012362,0.062119,0.065201,0.035278,0.019033,0.000099,0.061811,0.000308,1.434426,0.000000,1.434426,1.434426,1.434426,0.717213,0.717213,0,0,1,0,0.000000,0.080000,0.008000,0.001000,5.000000,0.100000,22.000000,0.025000,0.000000
6.290000,0.500000,0.640000,-3.023604,-0.000000,-3.023604,-0.441475,0.000000,0.441475,0.018576,-0.003068,0.030969,0.030969,0.012392,0.062269,0.065337,0.035318,0.019051,0.000099,0.061962,0.000307,1.437412,0.000679,1.438091,1.438091,1.438091,0.719045,0.719045,0,0,1,0,0.000000,0.080000,0.008000,0.001000,5.000000,0.100000,22.000000,0.025000,0.000000
6.295000,0.500000,0.640000,-3.025860,-0.000000,-3.025860,-0.441972,0.000000,0.441972,0.018576,-0.003068,0.030969,0.030969,0.012392,0.062269,0.065337,0.035358,0.019068,0.000099,0.061962,0.000307,1.437412,0.000000,1.437412,1.437412,1.437412,0.718706,0.718706,0,0,1,0,0.000000,0.080000,0.008000,0.001000,5.000000,0.100000,22.000000,0.025000,0.000000
6.300000,0.500000,0.640000,-3.028119,-0.000000,-3.028119,-0.442469,0.000000,0.442469,0.018576,-0.003068,0.030969,0.030969,0.012392,0.062269,0.065337,0.035398,0.019086,0.000099,0.061962,0.000307,1.437412,0.000000,1.437412,1.437412,1.437412,0.718706,0.718706,0,0,1,0,0.000000,0.080000,0.008000,0.001000,5.000000,0.100000,22.000000,0.025000,0.000000
6.305000,0.500000,0.640000,-3.030380,-0.000000,-3.030380,-0.442967,0.000000,0.442967,0.018546,-0.003055,0.030969,0.030969,0.012423,0.062418,0.065474,0.035437,0.019104,0.000100,0.062113,0.000306,1.440418,0.000683,1.441102,1.441102,1.441102,0.720551,0.720551,0,0,1,0,0.000000,0.080000,0.008000,0.001000,5.000000,0.100000,22.000000,0.025000,0.000000
6.310000,0.500000,0.640000,-3.032643,-0.000000,-3.032643,-0.443465,0.000000,0.443465,0.018546,-0.003055,0.030969,0.030969,0.012423,0.062418,0.065474,0.035477,0.019122,0.000100,0.062113,0.000306,1.440418,0.000000,1.440418,1.440418,1.440418,0.720209,0.720209,0,0,1,0,0.000000,0.080000,0.008000,0.001000,5.000000,0.100000,22.000000,0.025000,0.000000
6.315000,0.500000,0.640000,-3.034909,-0.000000,-3.034909,-0.443962,0.000000,0.443962,0.018516,-0.003057,0.030969,0.030969,0.012453,0.062570,0.065627,0.035517,0.019139,0.000099,0.062264,0.000306,1.443784,0.000765,1.444549,1.444549,1.444549,0.722274,0.722274,0,0,1,0,0.000000,0.080000,0.008000,0.001000,5.000000,0.100000,22.000000,0.025000,0.000000
6.323000,0.500000,0.640000,-3.039449,-0.000000,-3.039449,-0.444955,0.000000,0.444955,0.018485,-0.003071,0.030969,0.030969,0.012484,0.062725,0.065796,0.035596,0.019168,0.000124,0.062418,0.000307,1.447518,0.000530,1.448048,1.448048,1.448048,0.724024,0.724024,0,0,1,0,0.000000,0.080000,0.008000,0.001000,5.000000,0.100000,22.000000,0.025000,0.000000
6.328000,0.500000,0.640000,-3.041722,-0.000000,-3.041722,-0.445451,0.000000,0.445451,0.018485,-0.003071,0.030969,0.030969,0.012484,0.062725,0.065796,0.035636,0.019186,0.000099,0.062418,0.000307,1.447518,0.000000,1.447518,1.447518,1.447518,0.723759,0.723759,0,0,1,0,0.000000,0.080000,0.008000,0.001000,5.000000,0.100000,22.000000,0.025000,0.000000
6.333000,0.500000,0.640000,-3.043998,-0.000000,-3.043998,-0.445949,0.000000,0.445949,0.018454,-0.003078,0.030969,0.030969,0.012515,0.062882,0.065960,0.035676,0.019203,0.000100,0.062575,0.000308,1.451118,0.000818,1.451937,1.451937,1.451937,0.725968,0.725968,0,0,1,0,0.000000,0.080000,0.008000,0.001000,5.000000,0.100000,22.000000,0.025000,0.000000
6.338000,0.500000,0.640000,-3.046277,-0.000000,-3.046277,-0.446448,0.000000,0.446448,0.018454,-0.003078,0.030969,0.030969,0.012515,0.062882,0.065960,0.035716,0.019221,0.000100,0.062575,0.000308,1.451118,0.000000,1.451118,1.451118,1.451118,0.725559,0.725559,0,0,1,0,0.000000,0.080000,0.008000,0.001000,5.000000,0.100000,22.000000,0.025000,0.000000
6.343000,0.500000,0.640000,-3.048558,-0.000000,-3.048558,-0.446948,0.000000,0.446948,0.018423,-0.003078,0.030969,0.030969,0.012546,0.063037,0.066116,0.035756,0.019239,0.000100,0.062730,0.000308,1.454543,0.000778,1.455322,1.455322,1.455322,0.727661,0.727661,0,0,1,0,0.000000,0.080000,0.008000,0.001000,5.000000,0.100000,22.000000,0.025000,0.000000
6.348000,0.500000,0.640000,-3.050842,-0.000000,-3.050842,-0.447448,0.000000,0.447448,0.018423,-0.003078,0.030969,0.030969,0.012546,0.063037,0.066116,0.035796,0.019257,0.000100,0.062730,0.000308,1.454543,0.000000,1.454543,1.454543,1.454543,0.727272,0.727272,0,0,1,0,0.000000,0.080000,0.008000,0.001000,5.000000,0.100000,22.000000,0.025000,0.000000
6.353000,0.500000,0.640000,-3.053128,-0.000000,-3.053128,-0.447950,0.000000,0.447950,0.018392,-0.003073,0.030969,0.030969,0.012577,0.063190,0.066263,0.035836,0.019275,0.000100,0.062883,0.000307,1.457788,0.000737,1.458525,1.458525,1.458525,0.729262,0.729262,0,0,1,0,0.000000,0.080000,0.008000,0.001000,5.000000,0.100000,22.000000,0.025000,0.000000
6.362000,0.500000,0.640000,-3.057709,-0.000000,-3.057709,-0.448958,0.000000,0.448958,0.018362,-0.003062,0.030969,0.030969,0.012607,0.063341,0.066404,0.035917,0.019307,0.000112,0.063035,0.000306,1.460883,0.000391,1.461273,1.461273,1.461273,0.730637,0.730637,0,0,1,0,0.000000,0.080000,0.008000,0.001000,5.000000,0.100000,22.000000,0.025000,0.000000
6.367000,0.500000,0.640000,-3.060003,-0.000000,-3.060003,-0.449463,0.000000,0.449463,0.018362,-0.003062,0.030969,0.030969,0.012607,0.063341,0.066404,0.035957,0.019325,0.000101,0.063035,0.000306,1.460883,0.000000,1.460883,1.460883,1.460883,0.730441,0.730441,0,0,1,0,0.000000,0.080000,0.008000,0.001000,5.000000,0.100000,22.000000,0.025000,0.000000
6.372000,0.500000,0.640000,-3.062300,-0.000000,-3.062300,-0.449969,0.000000,0.449969,0.018332,-0.003048,0.030969,0.030969,0.012637,0.063490,0.066538,0.035998,0.019343,0.000101,0.063185,0.000305,1.463844,0.000673,1.464517,1.464517,1.464517,0.732259,0.732259,0,0,1,0,0.000000,0.080000,0.008000,0.001000,5.000000,0.100000,22.000000,0.025000,0.000000
6.377000,0.500000,0.640000,-3.064599,-0.000000,-3.064599,-0.450475,0.000000,0.450475,0.018332,-0.003048,0.030969,0.030969,0.012637,0.063490,0.066538,0.036038,0.019361,0.000101,0.063185,0.000305,1.463844,0.000000,1.463844,1.463844,1.463844,0.731922,0.731922,0,0,1,0,0.000000,0.080000,0.008000,0.001000,5.000000,0.100000,22.000000,0.025000,0.000000
6.382000,0.500000,0.640000,-3.066902,-0.000000,-3.066902,-0.450983,0.000000,0.450983,0.018302,-0.003034,0.030969,0.030969,0.012667,0.063638,0.066672,0.036079,0.019379,0.000102,0.063335,0.000303,1.466791,0.000670,1.467461,1.467461,1.467461,0.733730,0.733730,0,0,1,0,0.000000,0.080000,0.008000,0.001000,5.000000,0.100000,22.000000,0.025000,0.000000
6.387000,0.500000,0.640000,-3.069206,-0.000000,-3.069206,-0.451491,0.000000,0.451491,0.018302,-0.003034,0.030969,0.030969,0.012667,0.063638,0.066672,0.036119,0.019397,0.000102,0.063335,0.000303,1.466791,0.000000,1.466791,1.466791,1.466791,0.733396,0.733396,0,0,1,0,0.000000,0.080000,0.008000,0.001000,5.000000,0.100000,22.000000,0.025000,0.000000
6.392000,0.500000,0.640000,-3.071513,-0.000000,-3.071513,-0.451999,0.000000,0.451999,0.018272,-0.003023,0.030969,0.030969,0.012697,0.063786,0.066809,0.036160,0.019416,0.000102,0.063484,0.000302,1.469790,0.000682,1.470471,1.470471,1.470471,0.735236,0.735236,0,0,1,0,0.000000,0.080000,0.008000,0.001000,5.000000,0.100000,22.000000,0.025000,0.000000
6.401000,0.500000,0.640000,-3.076136,-0.000000,-3.076136,-0.453017,0.000000,0.453017,0.018242,-0.003015,0.030969,0.030969,0.012727,0.063934,0.066950,0.036241,0.019448,0.000113,0.063633,0.000302,1.472891,0.000392,1.473282,1.473282,1.473282,0.736641,0.736641,0,0,1,0,0.000000,0.080000,0.008000,0.001000,5.000000,0.100000,22.000000,0.025000,0.000000
6.406000,0.500000,0.640000,-3.078451,-0.000000,-3.078451,-0.453526,0.000000,0.453526,0.018242,-0.003015,0.030969,0.030969,0.012727,0.063934,0.066950,0.036282,0.019466,0.000102,0.063633,0.000302,1.472891,0.000000,1.472891,1.472891,1.472891,0.736445,0.736445,0,0,1,0,0.000000,0.080000,0.008000,0.001000,5.000000,0.100000,22.000000,0.025000,0.000000
6.411000,0.500000,0.640000,-3.080768,-0.000000,-3.080768,-0.454036,0.000000,0.454036,0.018212,-0.003011,0.030969,0.030969,0.012757,0.064084,0.067095,0.036323,0.019484,0.000102,0.063783,0.000301,1.476086,0.000726,1.476812,1.476812,1.476812,0.738406,0.738406,0,0,1,0,0.000000,0.080000,0.008000,0.001000,5.000000,0.100000,22.000000,0.025000,0.000000
6.416000,0.500000,0.640000,-3.083088,-0.000000,-3.083088,-0.454546,0.000000,0.454546,0.018212,-0.003011,0.030969,0.030969,0.012757,0.064084,0.067095,0.036364,0.019503,0.000102,0.063783,0.000301,1.476086,0.000000,1.476086,1.476086,1.476086,0.738043,0.738043,0,0,1,0,0.000000,0.080000,0.008000,0.001000,5.000000,0.100000,22.000000,0.025000,0.000000
6.421000,0.500000,0.640000,-3.085411,-0.000000,-3.085411,-0.455056,0.000000,0.455056,0.018182,-0.003012,0.030969,0.030969,0.012787,0.064234,0.067247,0.036404,0.019521,0.000102,0.063933,0.000301,1.479424,0.000759,1.480182,1.480182,1.480182,0.740091,0.740091,0,0,1,0,0.000000,0.080000,0.008000,0.001000,5.000000,0.100000,22.000000,0.025000,0.000000
6.426000,0.500000,0.640000,-3.087736,-0.000000,-3.087736,-0.455566,0.000000,0.455566,0.018182,-0.003012,0.030969,0.030969,0.012787,0.064234,0.067247,0.036445,0.019539,0.000102,0.063933,0.000301,1.479424,0.000000,1.479424,1.479424,1.479424,0.739712,0.739712,0,0,1,0,0.000000,0.080000,0.008000,0.001000,5.000000,0.100000,22.000000,0.025000,0.000000
6.435000,0.500000,0.640000,-3.092395,-0.000000,-3.092395,-0.456587,0.000000,0.456587,0.018152,-0.003017,0.030969,0.030969,0.012817,0.064387,0.067404,0.036527,0.019572,0.000113,0.064085,0.000302,1.482883,0.000437,1.483320,1.483320,1.483320,0.741660,0.741660,0,0,1,0,0.000000,0.080000,0.008000,0.001000,5.000000,0.100000,22.000000,0.025000,0.000000
6.440000,0.500000,0.640000,-3.094728,-0.000000,-3.094728,-0.457097,0.000000,0.457097,0.018121,-0.003038,0.030969,0.030969,0.012848,0.064543,0.067580,0.036568,0.019590,0.000102,0.064239,0.000304,1.486771,0.000884,1.487654,1.487654,1.487654,0.743827,0.743827,0,0,1,0,0.000000,0.080000,0.008000,0.001000,5.000000,0.100000,22.000000,0.025000,0.000000
6.445000,0.500000,0.640000,-3.094728,-0.000000,-3.094728,-0.457097,0.000000,0.457097,0.018121,-0.003038,0.030969,0.030969,0.012848,0.064543,0.067580,0.036568,0.019608,0.000000,0.064239,0.000304,1.486771,0.000000,1.486771,1.486771,1.486771,0.743385,0.743385,0,0,1,0,0.000000,0.080000,0.008000,0.001000,5.000000,0.100000,22.000000,0.025000,0.000000
6.450000,0.500000,0.640000,-3.097063,-0.000000,-3.097063,-0.457606,0.000000,0.457606,0.018121,-0.003038,0.030969,0.030969,0.012848,0.064543,0.067580,0.036608,0.019627,0.000102,0.064239,0.000304,1.486771,0.000000,1.486771,1.486771,1.486771,0.743385,0.743385,0,0,1,0,0.000000,0.080000,0.008000,0.001000,5.000000,0.100000,22.000000,0.025000,0.000000
6.455000,0.500000,0.640000,-3.099401,-0.000000,-3.099401,-0.458117,0.000000,0.458117,0.018090,-0.003054,0.030969,0.030969,0.012879,0.064701,0.067754,0.036649,0.019645,0.000102,0.064396,0.000305,1.490597,0.000870,1.491467,1.491467,1.491467,0.745733,0.745733,0,0,1,0,0.000000,0.080000,0.008000,0.001000,5.000000,0.100000,22.000000,0.025000,0.000000
6.460000,0.500000,0.640000,-3.101742,-0.000000,-3.101742,-0.458628,0.000000,0.458628,0.018090,-0.003054,0.030969,0.030969,0.012879,0.064701,0.067754,0.036690,0.019663,0.000102,0.064396,0.000305,1.490597,0.000000,1.490597,1.490597,1.490597,0.745298,0.745298,0,0,1,0,0.000000,0.080000,0.008000,0.001000,5.000000,0.100000,22.000000,0.025000,0.000000
6.465000,0.500000,0.640000,-3.104085,-0.000000,-3.104085,-0.459138,0.000000,0.459138,0.018058,-0.003078,0.030969,0.030969,0.012911,0.064861,0.067939,0.036731,0.019682,0.000102,0.064553,0.000308,1.494657,0.000923,1.495580,1.495580,1.495580,0.747790,0.747790,0,0,1,0,0.000000,0.080000,0.008000,0.001000,5.000000,0.100000,22.000000,0.025000,0.000000
6.470000,0.500000,0.640000,-3.106431,-0.000000,-3.106431,-0.459649,0.000000,0.459649,0.018058,-0.003078,0.030969,0.030969,0.012911,0.064861,0.067939,0.036772,0.019700,0.000102,0.064553,0.000308,1.494657,0.000000,1.494657,1.494657,1.494657,0.747329,0.747329,0,0,1,0,0.000000,0.080000,0.008000,0.001000,5.000000,0.100000,22.000000,0.025000,0.000000
6.475000,0.500000,0.640000,-3.108779,-0.000000,-3.108779,-0.460163,0.000000,0.460163,0.018026,-0.003091,0.030969,0.030969,0.012942,0.065021,0.068112,0.036813,0.019719,0.000103,0.064712,0.000309,1.498467,0.000866,1.499332,1.499332,1.499332,0.749666,0.749666,0,0,1,0,0.000000,0.080000,0.008000,0.001000,5.000000,0.100000,22.000000,0.025000,0.000000
6.484000,0.500000,0.640000,-3.113484,-0.000000,-3.113484,-0.461193,0.000000,0.461193,0.017995,-0.003092,0.030969,0.030969,0.012974,0.065177,0.068270,0.036895,0.019752,0.000114,0.064868,0.000309,1.501930,0.000437,1.502367,1.502367,1.502367,0.751183,0.751183,0,0,1,0,0.000000,0.080000,0.008000,0.001000,5.000000,0.100000,22.000000,0.025000,0.000000
6.489000,0.500000,0.640000,-3.115841,-0.000000,-3.115841,-0.461711,0.000000,0.461711,0.017995,-0.003092,0.030969,0.030969,0.012974,0.065177,0.068270,0.036937,0.019770,0.000104,0.064868,0.000309,1.501930,0.000000,1.501930,1.501930,1.501930,0.750965,0.750965,0,0,1,0,0.000000,0.080000,0.008000,0.001000,5.000000,0.100000,22.000000,0.025000,0.000000
6.494000,0.500000,0.640000,-3.118200,-0.000000,-3.118200,-0.462230,0.000000,0.462230,0.017964,-0.003081,0.030969,0.030969,0.013004,0.065329,0.068410,0.036978,0.019789,0.000104,0.065021,0.000308,1.505028,0.000704,1.505732,1.505732,1.505732,0.752866,0.752866,0,0,1,0,0.000000,0.080000,0.008000,0.001000,5.000000,0.100000,22.000000,0.025000,0.000000
6.499000,0.500000,0.640000,-3.120562,-0.000000,-3.120562,-0.462750,0.000000,0.462750,0.017964,-0.003081,0.030969,0.030969,0.013004,0.065329,0.068410,0.037020,0.019807,0.000104,0.065021,0.000308,1.505028,0.000000,1.505028,1.505028,1.505028,0.752514,0.752514,0,0,1,0,0.000000,0.080000,0.008000,0.001000,5.000000,0.100000,22.000000,0.025000,0.000000
6.504000,0.500000,0.640000,-3.122927,-0.000000,-3.122927,-0.463273,0.000000,0.463273,0.017934,-0.003063,0.030969,0.030969,0.013034,0.065478,0.068541,0.037062,0.019826,0.000104,0.065172,0.000306,1.507909,0.000655,1.508564,1.508564,1.508564,0.754282,0.754282,0,0,1,0,0.000000,0.080000,0.008000,0.001000,5.000000,0.100000,22.000000,0.025000,0.000000
6.509000,0.500000,0.640000,-3.125295,-0.000000,-3.125295,-0.463795,0.000000,0.463795,0.017934,-0.003063,0.030969,0.030969,0.013034,0.065478,0.068541,0.037104,0.019844,0.000105,0.065172,0.000306,1.507909,0.000000,1.507909,1.507909,1.507909,0.753954,0.753954,0,0,1,0,0.000000,0.080000,0.008000,0.001000,5.000000,0.100000,22.000000,0.025000,0.000000
6.514000,0.500000,0.640000,-3.127665,-0.000000,-3.127665,-0.464319,0.000000,0.464319,0.017905,-0.003043,0.030969,0.030969,0.013064,0.065625,0.068668,0.037146,0.019863,0.000105,0.065321,0.000304,1.510693,0.000633,1.511325,1.511325,1.511325,0.755663,0.755663,0,0,1,0,0.000000,0.080000,0.008000,0.001000,5.000000,0.100000,22.000000,0.025000,0.000000
6.519000,0.500000,0.640000,-3.130038,-0.000000,-3.130038,-0.464843,0.000000,0.464843,0.017905,-0.003043,0.030969,0.030969,0.013064,0.065625,0.068668,0.037187,0.019882,0.000105,0.065321,0.000304,1.510693,0.000000,1.510693,1.510693,1.510693,0.755346,0.755346,0,0,1,0,0.000000,0.080000,0.008000,0.001000,5.000000,0.100000,22.000000,0.025000,0.000000
6.524000,0.500000,0.640000,-3.132414,-0.000000,-3.132414,-0.465369,0.000000,0.465369,0.017875,-0.003025,0.030969,0.030969,0.013094,0.065771,0.068796,0.037229,0.019900,0.000105,0.065469,0.000302,1.513503,0.000639,1.514142,1.514142,1.514142,0.757071,0.757071,0,0,1,0,0.000000,0.080000,0.008000,0.001000,5.000000,0.100000,22.000000,0.025000,0.000000
6.529000,0.500000,0.640000,-3.134792,-0.000000,-3.134792,-0.465894,0.000000,0.465894,0.017875,-0.003025,0.030969,0.030969,0.013094,0.065771,0.068796,0.037272,0.019919,0.000105,0.065469,0.000302,1.513503,0.000000,1.513503,1.513503,1.513503,0.756752,0.756752,0,0,1,0,0.000000,0.080000,0.008000,0.001000,5.000000,0.100000,22.000000,0.025000,0.000000
6.534000,0.500000,0.640000,-3.137173,-0.000000,-3.137173,-0.466420,0.000000,0.466420,0.017845,-0.003012,0.030969,0.030969,0.013123,0.065918,0.068929,0.037314,0.019937,0.000105,0.065616,0.000301,1.516446,0.000669,1.517114,1.517114,1.517114,0.758557,0.758557,0,0,1,0,0.000000,0.080000,0.008000,0.001000,5.000000,0.100000,22.000000,0.025000,0.000000
6.539000,0.500000,0.640000,-3.139557,-0.000000,-3.139557,-0.466945,0.000000,0.466945,0.017845,-0.003012,0.030969,0.030969,0.013123,0.065918,0.068929,0.037356,0.019956,0.000105,0.065616,0.000301,1.516446,0.000000,1.516446,1.516446,1.516446,0.758223,0.758223,0,0,1,0,0.000000,0.080000,0.008000,0.001000,5.000000,0.100000,22.000000,0.025000,0.000000
6.544000,0.500000,0.640000,-3.141943,-0.000000,-3.141943,-0.467471,0.000000,0.467471,0.017816,-0.003006,0.030969,0.030969,0.013153,0.066066,0.069072,0.037398,0.019975,0.000105,0.065765,0.000301,1.519588,0.000714,1.520303,1.520303,1.520303,0.760151,0.760151,0,0,1,0,0.000000,0.080000,0.008000,0.001000,5.000000,0.100000,22.000000,0.025000,0.000000
6.553000,0.500000,0.640000,-3.146723,-0.000000,-3.146723,-0.468523,0.000000,0.468523,0.017786,-0.003009,0.030969,0.030969,0.013183,0.066217,0.069225,0.037482,0.020009,0.000117,0.065916,0.000301,1.522956,0.000425,1.523382,1.523382,1.523382,0.761691,0.761691,0,0,1,0,0.000000,0.080000,0.008000,0.001000,5.000000,0.100000,22.000000,0.025000,0.000000
6.558000,0.500000,0.640000,-3.149117,-0.000000,-3.149117,-0.469048,0.000000,0.469048,0.017786,-0.003009,0.030969,0.030969,0.013183,0.066217,0.069225,0.037524,0.020027,0.000105,0.065916,0.000301,1.522956,0.000000,1.522956,1.522956,1.522956,0.761478,0.761478,0,0,1,0,0.000000,0.080000,0.008000,0.001000,5.000000,0.100000,22.000000,0.025000,0.000000
6.563000,0.500000,0.640000,-3.151514,-0.000000,-3.151514,-0.469575,0.000000,0.469575,0.017755,-0.003017,0.030969,0.030969,0.013214,0.066369,0.069386,0.037566,0.020046,0.000105,0.066068,0.000302,1.526497,0.000805,1.527301,1.527301,1.527301,0.763651,0.763651,0,0,1,0,0.000000,0.080000,0.008000,0.001000,5.000000,0.100000,22.000000,0.025000,0.000000
6.568000,0.500000,0.640000,-3.153914,-0.000000,-3.153914,-0.470100,0.000000,0.470100,0.017755,-0.003017,0.030969,0.030969,0.013214,0.066369,0.069386,0.037608,0.020065,0.000105,0.066068,0.000302,1.526497,0.000000,1.526497,1.526497,1.526497,0.763248,0.763248,0,0,1,0,0.000000,0.080000,0.008000,0.001000,5.000000,0.100000,22.000000,0.025000,0.000000
6.573000,0.500000,0.640000,-3.156316,-0.000000,-3.156316,-0.470627,0.000000,0.470627,0.017724,-0.003030,0.030969,0.030969,0.013244,0.066525,0.069555,0.037650,0.020084,0.000105,0.066222,0.000303,1.530205,0.000843,1.531047,1.531047,1.531047,0.765524,0.765524,0,0,1,0,0.000000,0.080000,0.008000,0.001000,5.000000,0.100000,22.000000,0.025000,0.000000
6.578000,0.500000,0.640000,-3.158720,-0.000000,-3.158720,-0.471153,0.000000,0.471153,0.017724,-0.003030,0.030969,0.030969,0.013244,0.066525,0.069555,0.037692,0.020103,0.000105,0.066222,0.000303,1.530205,0.000000,1.530205,1.530205,1.530205,0.765102,0.765102,0,0,1,0,0.000000,0.080000,0.008000,0.001000,5.000000,0.100000,22.000000,0.025000,0.000000
6.583000,0.500000,0.640000,-3.161128,-0.000000,-3.161128,-0.471680,0.000000,0.471680,0.017693,-0.003046,0.030969,0.030969,0.013275,0.066682,0.069728,0.037734,0.020121,0.000105,0.066377,0.000305,1.534009,0.000865,1.534874,1.534874,1.534874,0.767437,0.767437,0,0,1,0,0.000000,0.080000,0.008000,0.001000,5.000000,0.100000,22.000000,0.025000,0.000000
6.588000,0.500000,0.640000,-3.163538,-0.000000,-3.163538,-0.472206,0.000000,0.472206,0.017693,-0.003046,0.030969,0.030969,0.013275,0.066682,0.069728,0.037777,0.020140,0.000105,0.066377,0.000305,1.534009,0.000000,1.534009,1.534009,1.534009,0.767005,0.767005,0,0,1,0,0.000000,0.080000,0.008000,0.001000,5.000000,0.100000,22.000000,0.025000,0.000000
6.597000,0.500000,0.640000,-3.168366,-0.000000,-3.168366,-0.473262,0.000000,0.473262,0.017662,-0.003062,0.030969,0.030969,0.013307,0.066840,0.069902,0.037861,0.020174,0.000117,0.066534,0.000306,1.537834,0.000483,1.538317,1.538317,1.538317,0.769158,0.769158,0,0,1,0,0.000000,0.080000,0.008000,0.001000,5.000000,0.100000,22.000000,0.025000,0.000000
6.602000,0.500000,0.640000,-3.170784,-0.000000,-3.170784,-0.473790,0.000000,0.473790,0.017630,-0.003089,0.030969,0.030969,0.013338,0.067001,0.070090,0.037903,0.020193,0.000105,0.066692,0.000309,1.541989,0.000944,1.542933,1.542933,1.542933,0.771467,0.771467,0,0,1,0,0.000000,0.080000,0.008000,0.001000,5.000000,0.100000,22.000000,0.025000,0.000000
6.607000,0.500000,0.640000,-3.173205,-0.000000,-3.173205,-0.474317,0.000000,0.474317,0.017630,-0.003089,0.030969,0.030969,0.013338,0.067001,0.070090,0.037945,0.020212,0.000106,0.066692,0.000309,1.541989,0.000000,1.541989,1.541989,1.541989,0.770994,0.770994,0,0,1,0,0.000000,0.080000,0.008000,0.001000,5.000000,0.100000,22.000000,0.025000,0.000000
6.612000,0.500000,0.640000,-3.175628,-0.000000,-3.175628,-0.474847,0.000000,0.474847,0.017598,-0.003107,0.030969,0.030969,0.013370,0.067163,0.070270,0.037988,0.020231,0.000106,0.066852,0.000311,1.545935,0.000897,1.546832,1.546832,1.546832,0.773416,0.773416,0,0,1,0,0.000000,0.080000,0.008000,0.001000,5.000000,0.100000,22.000000,0.025000,0.000000
6.617000,0.500000,0.640000,-3.178054,-0.000000,-3.178054,-0.475377,0.000000,0.475377,0.017598,-0.003107,0.030969,0.030969,0.013370,0.067163,0.070270,0.038030,0.020250,0.000106,0.066852,0.000311,1.545935,0.000000,1.545935,1.545935,1.545935,0.772968,0.772968,0,0,1,0,0.000000,0.080000,0.008000,0.001000,5.000000,0.100000,22.000000,0.025000,0.000000
6.622000,0.500000,0.640000,-3.180483,-0.000000,-3.180483,-0.475909,0.000000,0.475909,0.017567,-0.003114,0.030969,0.030969,0.013402,0.067322,0.070437,0.038073,0.020269,0.000106,0.067011,0.000311,1.549607,0.000834,1.550441,1.550441,1.550441,0.775221,0.775221,0,0,1,0,0.000000,0.080000,0.008000,0.001000,5.000000,0.100000,22.000000,0.025000,0.000000
6.627000,0.500000,0.640000,-3.182915,-0.000000,-3.182915,-0.476442,0.000000,0.476442,0.017567,-0.003114,0.030969,0.030969,0.013402,0.067322,0.070437,0.038115,0.020288,0.000107,0.067011,0.000311,1.549607,0.000000,1.549607,1.549607,1.549607,0.774803,0.774803,0,0,1,0,0.000000,0.080000,0.008000,0.001000,5.000000,0.100000,22.000000,0.025000,0.000000
6.632000,0.500000,0.640000,-3.185350,-0.000000,-3.185350,-0.476977,0.000000,0.476977,0.017535,-0.003113,0.030969,0.030969,0.013433,0.067479,0.070591,0.038158,0.020307,0.000107,0.067167,0.000311,1.553006,0.000772,1.553778,1.553778,1.553778,0.776889,0.776889,0,0,1,0,0.000000,0.080000,0.008000,0.001000,5.000000,0.100000,22.000000,0.025000,0.000000
6.641000,0.500000,0.640000,-3.190227,-0.000000,-3.190227,-0.478051,0.000000,0.478051,0.017504,-0.003103,0.030969,0.030969,0.013464,0.067632,0.070736,0.038244,0.020342,0.000119,0.067322,0.000310,1.556184,0.000401,1.556585,1.556585,1.556585,0.778292,0.778292,0,0,1,0,0.000000,0.080000,0.008000,0.001000,5.000000,0.100000,22.000000,0.025000,0.000000
6.646000,0.500000,0.640000,-3.192670,-0.000000,-3.192670,-0.478589,0.000000,0.478589,0.017504,-0.003103,0.030969,0.030969,0.013464,0.067632,0.070736,0.038287,0.020361,0.000108,0.067322,0.000310,1.556184,0.000000,1.556184,1.556184,1.556184,0.778092,0.778092,0,0,1,0,0.000000,0.080000,0.008000,0.001000,5.000000,0.100000,22.000000,0.025000,0.000000
6.651000,0.500000,0.640000,-3.195116,-0.000000,-3.195116,-0.479129,0.000000,0.479129,0.017474,-0.003089,0.030969,0.030969,0.013495,0.067783,0.070872,0.038330,0.020380,0.000108,0.067474,0.000309,1.559186,0.000682,1.559868,1.559868,1.559868,0.779934,0.779934,0,0,1,0,0.000000,0.080000,0.008000,0.001000,5.000000,0.100000,22.000000,0.025000,0.000000
6.656000,0.500000,0.640000,-3.197565,-0.000000,-3.197565,-0.479670,0.000000,0.479670,0.017474,-0.003089,0.030969,0.030969,0.013495,0.067783,0.070872,0.038374,0.020399,0.000108,0.067474,0.000309,1.559186,0.000000,1.559186,1.559186,1.559186,0.779593,0.779593,0,0,1,0,0.000000,0.080000,0.008000,0.001000,5.000000,0.100000,22.000000,0.025000,0.000000
6.661000,0.500000,0.640000,-3.200016,-0.000000,-3.200016,-0.480211,0.000000,0.480211,0.017444,-0.003075,0.030969,0.030969,0.013525,0.067933,0.071008,0.038417,0.020419,0.000108,0.067625,0.000307,1.562168,0.000678,1.562846,1.562846,1.562846,0.781423,0.781423,0,0,1,0,0.000000,0.080000,0.008000,0.001000,5.000000,0.100000,22.000000,0.025000,0.000000
6.666000,0.500000,0.640000,-3.202470,-0.000000,-3.202470,-0.480753,0.000000,0.480753,0.017444,-0.003075,0.030969,0.030969,0.013525,0.067933,0.071008,0.038460,0.020438,0.000108,0.067625,0.000307,1.562168,0.000000,1.562168,1.562168,1.562168,0.781084,0.781084,0,0,1,0,0.000000,0.080000,0.008000,0.001000,5.000000,0.100000,22.000000,0.025000,0.000000
6.671000,0.500000,0.640000,-3.204927,-0.000000,-3.204927,-0.481295,0.000000,0.481295,0.017413,-0.003064,0.030969,0.030969,0.013555,0.068083,0.071147,0.038504,0.020457,0.000108,0.067777,0.000306,1.565229,0.000696,1.565924,1.565924,1.565924,0.782962,0.782962,0,0,1,0,0.000000,0.080000,0.008000,0.001000,5.000000,0.100000,22.000000,0.025000,0.000000
6.676000,0.500000,0.640000,-3.207387,-0.000000,-3.207387,-0.481837,0.000000,0.481837,0.017413,-0.003064,0.030969,0.030969,0.013555,0.068083,0.071147,0.038547,0.020476,0.000108,0.067777,0.000306,1.565229,0.000000,1.565229,1.565229,1.565229,0.782614,0.782614,0,0,1,0,0.000000,0.080000,0.008000,0.001000,5.000000,0.100000,22.000000,0.025000,0.000000
6.681000,0.500000,0.640000,-3.209849,-0.000000,-3.209849,-0.482380,0.000000,0.482380,0.017383,-0.003059,0.030969,0.030969,0.013586,0.068234,0.071293,0.038590,0.020496,0.000109,0.067928,0.000306,1.568441,0.000730,1.569171,1.569171,1.569171,0.784585,0.784585,0,0,1,0,0.000000,0.080000,0.008000,0.001000,5.000000,0.100000,22.000000,0.025000,0.000000
6.686000,0.500000,0.640000,-3.212314,-0.000000,-3.212314,-0.482923,0.000000,0.482923,0.017383,-0.003059,0.030969,0.030969,0.013586,0.068234,0.071293,0.038634,0.020515,0.000108,0.067928,0.000306,1.568441,0.000000,1.568441,1.568441,1.568441,0.784220,0.784220,0,0,1,0,0.000000,0.080000,0.008000,0.001000,5.000000,0.100000,22.000000,0.025000,0.000000
6.691000,0.500000,0.640000,-3.214782,-0.000000,-3.214782,-0.483466,0.000000,0.483466,0.017352,-0.003060,0.030969,0.030969,0.013616,0.068387,0.071447,0.038677,0.020534,0.000109,0.068081,0.000306,1.571842,0.000773,1.572615,1.572615,1.572615,0.786308,0.786308,0,0,1,0,0.000000,0.080000,0.008000,0.001000,5.000000,0.100000,22.000000,0.025000,0.000000
6.696000,0.500000,0.640000,-3.214782,-0.000000,-3.214782,-0.483466,0.000000,0.483466,0.017352,-0.003060,0.030969,0.030969,0.013616,0.068387,0.071447,0.038677,0.020554,0.000000,0.068081,0.000306,1.571842,0.000000,1.571842,1.571842,1.571842,0.785921,0.785921,0,0,1,0,0.000000,0.080000,0.008000,0.001000,5.000000,0.100000,22.000000,0.025000,0.000000
6.705000,0.500000,0.640000,-3.219726,-0.000000,-3.219726,-0.484552,0.000000,0.484552,0.017322,-0.003068,0.030969,0.030969,0.013647,0.068543,0.071611,0.038764,0.020589,0.000121,0.068236,0.000307,1.575433,0.000453,1.575886,1.575886,1.575886,0.787943,0.787943,0,0,1,0,0.000000,0.080000,0.008000,0.001000,5.000000,0.100000,22.000000,0.025000,0.000000
6.710000,0.500000,0.640000,-3.222202,-0.000000,-3.222202,-0.485095,0.000000,0.485095,0.017290,-0.003082,0.030969,0.030969,0.013679,0.068702,0.071783,0.038808,0.020608,0.000109,0.068393,0.000308,1.579234,0.000864,1.580098,1.580098,1.580098,0.790049,0.790049,0,0,1,0,0.000000,0.080000,0.008000,0.001000,5.000000,0.100000,22.000000,0.025000,0.000000
6.715000,0.500000,0.640000,-3.224680,-0.000000,-3.224680,-0.485636,0.000000,0.485636,0.017290,-0.003094,0.030969,0.030969,0.013679,0.068703,0.071797,0.038851,0.020627,0.000108,0.068393,0.000309,1.579536,0.000069,1.579605,1.579605,1.579605,0.789802,0.789802,0,0,1,0,0.000000,0.080000,0.008000,0.001000,5.000000,0.100000,22.000000,0.025000,0.000000
6.720000,0.500000,0.640000,-3.227162,-0.000000,-3.227162,-0.486178,0.000000,0.486178,0.017290,-0.003094,0.030969,0.030969,0.013679,0.068703,0.071797,0.038894,0.020647,0.000108,0.068393,0.000309,1.579536,0.000000,1.579536,1.579536,1.579536,0.789768,0.789768,0,0,1,0,0.000000,0.080000,0.008000,0.001000,5.000000,0.100000,22.000000,0.025000,0.000000
6.725000,0.500000,0.640000,-3.229646,-0.000000,-3.229646,-0.486720,0.000000,0.486720,0.017258,-0.003118,0.030969,0.030969,0.013711,0.068866,0.071985,0.038938,0.020666,0.000109,0.068555,0.000312,1.583667,0.000939,1.584605,1.584605,1.584605,0.792303,0.792303,0,0,1,0,0.000000,0.080000,0.008000,0.001000,5.000000,0.100000,22.000000,0.025000,0.000000
6.730000,0.500000,0.640000,-3.232132,-0.000000,-3.232132,-0.487263,0.000000,0.487263,0.017258,-0.003118,0.030969,0.030969,0.013711,0.068866,0.071985,0.038981,0.020686,0.000109,0.068555,0.000312,1.583667,0.000000,1.583667,1.583667,1.583667,0.791833,0.791833,0,0,1,0,0.000000,0.080000,0.008000,0.001000,5.000000,0.100000,22.000000,0.025000,0.000000
6.735000,0.500000,0.640000,-3.234622,-0.000000,-3.234622,-0.487805,0.000000,0.487805,0.017225,-0.003153,0.030969,0.030969,0.013743,0.069033,0.072186,0.039024,0.020705,0.000108,0.068717,0.000315,1.588087,0.001005,1.589092,1.589092,1.589092,0.794546,0.794546,0,0,1,0,0.000000,0.080000,0.008000,0.001000,5.000000,0.100000,22.000000,0.025000,0.000000
6.744000,0.500000,0.640000,-3.239609,-0.000000,-3.239609,-0.488892,0.000000,0.488892,0.017192,-0.003175,0.030969,0.030969,0.013776,0.069200,0.072375,0.039111,0.020741,0.000121,0.068882,0.000318,1.592254,0.000526,1.592780,1.592780,1.592780,0.796390,0.796390,0,0,1,0,0.000000,0.080000,0.008000,0.001000,5.000000,0.100000,22.000000,0.025000,0.000000
6.749000,0.500000,0.640000,-3.242107,-0.000000,-3.242107,-0.489438,0.000000,0.489438,0.017192,-0.003175,0.030969,0.030969,0.013776,0.069200,0.072375,0.039155,0.020741,0.000109,0.068882,0.000318,1.592254,0.000000,1.592254,1.592254,1.592254,0.796127,0.796127,0,0,1,0,0.000000,0.080000,0.008000,0.001000,5.000000,0.100000,22.000000,0.025000,0.000000
6.754000,0.500000,0.640000,-3.244608,-0.000000,-3.244608,-0.489986,0.000000,0.489986,0.017160,-0.003182,0.030969,0.030969,0.013809,0.069363,0.072545,0.039199,0.020741,0.000110,0.069044,0.000318,1.595985,0.000848,1.596833,1.596833,1.596833,0.798417,0.798417,0,0,1,0,0.000000,0.080000,0.008000,0.001000,5.000000,0.100000,22.000000,0.025000,0.000000
6.759000,0.500000,0.640000,-3.247112,-0.000000,-3.247112,-0.490536,0.000000,0.490536,0.017160,-0.003182,0.030969,0.030969,0.013809,0.069363,0.072545,0.039243,0.020741,0.000110,0.069044,0.000318,1.595985,0.000000,1.595985,1.595985,1.595985,0.797993,0.797993,0,0,1,0,0.000000,0.080000,0.008000,0.001000,5.000000,0.100000,22.000000,0.025000,0.000000
6.764000,0.500000,0.640000,-3.249618,-0.000000,-3.249618,-0.491087,0.000000,0.491087,0.017128,-0.003177,0.030969,0.030969,0.013841,0.069521,0.072698,0.039287,0.020741,0.000110,0.069204,0.000318,1.599366,0.000768,1.600134,1.600134,1.600134,0.800067,0.800067,0,0,1,0,0.000000,0.080000,0.008000,0.001000,5.000000,0.100000,22.000000,0.025000,0.000000
6.769000,0.500000,0.640000,-3.252128,-0.000000,-3.252128,-0.491640,0.000000,0.491640,0.017128,-0.003177,0.030969,0.030969,0.013841,0.069521,0.072698,0.039331,0.020741,0.000110,0.069204,0.000318,1.599366,0.000000,1.599366,1.599366,1.599366,0.799683,0.799683,0,0,1,0,0.000000,0.080000,0.008000,0.001000,5.000000,0.100000,22.000000,0.025000,0.000000
6.774000,0.500000,0.640000,-3.254640,-0.000000,-3.254640,-0.492194,0.000000,0.492194,0.017097,-0.003163,0.030969,0.030969,0.013872,0.069677,0.072840,0.039376,0.020741,0.000111,0.069360,0.000316,1.602478,0.000707,1.603186,1.603186,1.603186,0.801593,0.801593,0,0,1,0,0.000000,0.080000,0.008000,0.001000,5.000000,0.100000,22.000000,0.025000,0.000000
6.779000,0.500000,0.640000,-3.257156,-0.000000,-3.257156,-0.492749,0.000000,0.492749,0.017097,-0.003163,0.030969,0.030969,0.013872,0.069677,0.072840,0.039420,0.020741,0.000111,0.069360,0.000316,1.602478,0.000000,1.602478,1.602478,1.602478,0.801239,0.801239,0,0,1,0,0.000000,0.080000,0.008000,0.001000,5.000000,0.100000,22.000000,0.025000,0.000000
6.784000,0.500000,0.640000,-3.259674,-0.000000,-3.259674,-0.493306,0.000000,0.493306,0.017066,-0.003145,0.030969,0.030969,0.013903,0.069830,0.072975,0.039464,0.020741,0.000111,0.069515,0.000315,1.605445,0.000674,1.606119,1.606119,1.606119,0.803060,0.803060,0,0,1,0,0.000000,0.080000,0.008000,0.001000,5.000000,0.100000,22.000000,0.025000,0.000000
6.789000,0.500000,0.640000,-3.262195,-0.000000,-3.262195,-0.493863,0.000000,0.493863,0.017066,-0.003145,0.030969,0.030969,0.013903,0.069830,0.072975,0.039509,0.020741,0.000111,0.069515,0.000315,1.605445,0.000000,1.605445,1.605445,1.605445,0.802723,0.802723,0,0,1,0,0.000000,0.080000,0.008000,0.001000,5.000000,0.100000,22.000000,0.025000,0.000000
6.798000,0.500000,0.640000,-3.267246,-0.000000,-3.267246,-0.494980,0.000000,0.494980,0.017035,-0.003128,0.030969,0.030969,0.013934,0.069981,0.073109,0.039598,0.020741,0.000124,0.069668,0.000313,1.608401,0.000373,1.608775,1.608775,1.608775,0.804387,0.804387,0,0,1,0,0.000000,0.080000,0.008000,0.001000,5.000000,0.100000,22.000000,0.025000,0.000000
6.803000,0.500000,0.640000,-3.269775,-0.000000,-3.269775,-0.495537,0.000000,0.495537,0.017004,-0.003127,0.030969,0.030969,0.013964,0.070135,0.073262,0.039643,0.020741,0.000111,0.069822,0.000313,1.611761,0.000764,1.612524,1.612524,1.612524,0.806262,0.806262,0,0,1,0,0.000000,0.080000,0.008000,0.001000,5.000000,0.100000,22.000000,0.025000,0.000000
6.808000,0.500000,0.640000,-3.272308,-0.000000,-3.272308,-0.496094,0.000000,0.496094,0.017004,-0.003127,0.030969,0.030969,0.013964,0.070135,0.073262,0.039688,0.020741,0.000111,0.069822,0.000313,1.611761,0.000000,1.611761,1.611761,1.611761,0.805880,0.805880,0,0,1,0,0.000000,0.080000,0.008000,0.001000,5.000000,0.100000,22.000000,0.025000,0.000000
6.813000,0.500000,0.640000,-3.274843,-0.000000,-3.274843,-0.496652,0.000000,0.496652,0.016973,-0.003128,0.030969,0.030969,0.013996,0.070292,0.073420,0.039732,0.020741,0.000112,0.069979,0.000313,1.615232,0.000789,1.616021,1.616021,1.616021,0.808011,0.808011,0,0,1,0,0.000000,0.080000,0.008000,0.001000,5.000000,0.100000,22.000000,0.025000,0.000000
6.818000,0.500000,0.640000,-3.277381,-0.000000,-3.277381,-0.497210,0.000000,0.497210,0.016973,-0.003128,0.030969,0.030969,0.013996,0.070292,0.073420,0.039777,0.020741,0.000112,0.069979,0.000313,1.615232,0.000000,1.615232,1.615232,1.615232,0.807616,0.807616,0,0,1,0,0.000000,0.080000,0.008000,0.001000,5.000000,0.100000,22.000000,0.025000,0.000000
6.823000,0.500000,0.640000,-3.279922,-0.000000,-3.279922,-0.497769,0.000000,0.497769,0.016941,-0.003133,0.030969,0.030969,0.014027,0.070450,0.073583,0.039822,0.020741,0.000112,0.070137,0.000313,1.618824,0.000816,1.619640,1.619640,1.619640,0.809820,0.809820,0,0,1,0,0.000000,0.080000,0.008000,0.001000,5.000000,0.100000,22.000000,0.025000,0.000000
6.828000,0.500000,0.640000,-3.282465,-0.000000,-3.282465,-0.498328,0.000000,0.498328,0.016941,-0.003133,0.030969,0.030969,0.014027,0.070450,0.073583,0.039866,0.020741,0.000112,0.070137,0.000313,1.618824,0.000000,1.618824,1.618824,1.618824,0.809412,0.809412,0,0,1,0,0.000000,0.080000,0.008000,0.001000,5.000000,0.100000,22.000000,0.025000,0.000000
6.833000,0.500000,0.640000,-3.285012,-0.000000,-3.285012,-0.498887,0.000000,0.498887,0.016910,-0.003142,0.030969,0.030969,0.014059,0.070610,0.073751,0.039911,0.020741,0.000112,0.070295,0.000314,1.622530,0.000842,1.623373,1.623373,1.623373,0.811686,0.811686,0,0,1,0,0.000000,0.080000,0.008000,0.001000,5.000000,0.100000,22.000000,0.025000,0.000000
6.838000,0.500000,0.640000,-3.287561,-0.000000,-3.287561,-0.499446,0.000000,0.499446,0.016910,-0.003142,0.030969,0.030969,0.014059,0.070610,0.073751,0.039956,0.020741,0.000112,0.070295,0.000314,1.622530,0.000000,1.622530,1.622530,1.622530,0.811265,0.811265,0,0,1,0,0.000000,0.080000,0.008000,0.001000,5.000000,0.100000,22.000000,0.025000,0.000000
6.843000,0.500000,0.640000,-3.290113,-0.000000,-3.290113,-0.500006,0.000000,0.500006,0.016878,-0.003153,0.030969,0.030969,0.014091,0.070771,0.073924,0.040001,0.020741,0.000112,0.070456,0.000315,1.626326,0.000863,1.627188,1.627188,1.627188,0.813594,0.813594,0,0,1,0,0.000000,0.080000,0.008000,0.001000,5.000000,0.100000,22.000000,0.025000,0.000000
6.848000,0.500000,0.640000,-3.292668,-0.000000,-3.292668,-0.500566,0.000000,0.500566,0.016878,-0.003153,0.030969,0.030969,0.014091,0.070771,0.073924,0.040045,0.020741,0.000112,0.070456,0.000315,1.626326,0.000000,1.626326,1.626326,1.626326,0.813163,0.813163,0,0,1,0,0.000000,0.080000,0.008000,0.001000,5.000000,0.100000,22.000000,0.025000,0.000000
6.857000,0.500000,0.640000,-3.297786,-0.000000,-3.297786,-0.501688,0.000000,0.501688,0.016845,-0.003166,0.030969,0.030969,0.014123,0.070933,0.074099,0.040135,0.020741,0.000125,0.070617,0.000317,1.630173,0.000486,1.630659,1.630659,1.630659,0.815330,0.815330,0,0,1,0,0.000000,0.080000,0.008000,0.001000,5.000000,0.100000,22.000000,0.025000,0.000000
6.862000,0.500000,0.640000,-3.300350,-0.000000,-3.300350,-0.502248,0.000000,0.502248,0.016813,-0.003193,0.030969,0.030969,0.014156,0.071099,0.074292,0.040180,0.020741,0.000112,0.070779,0.000319,1.634415,0.000964,1.635379,1.635379,1.635379,0.817689,0.817689,0,0,1,0,0.000000,0.080000,0.008000,0.001000,5.000000,0.100000,22.000000,0.025000,0.000000
6.867000,0.500000,0.640000,-3.302916,-0.000000,-3.302916,-0.502809,0.000000,0.502809,0.016813,-0.003193,0.030969,0.030969,0.014156,0.071099,0.074292,0.040225,0.020741,0.000112,0.070779,0.000319,1.634415,0.000000,1.634415,1.634415,1.634415,0.817207,0.817207,0,0,1,0,0.000000,0.080000,0.008000,0.001000,5.000000,0.100000,22.000000,0.025000,0.000000
6.872000,0.500000,0.640000,-3.305485,-0.000000,-3.305485,-0.503371,0.000000,0.503371,0.016780,-0.003212,0.030969,0.030969,0.014189,0.071266,0.074478,0.040270,0.020741,0.000112,0.070945,0.000321,1.638521,0.000933,1.639455,1.639455,1.639455,0.819727,0.819727,0,0,1,0,0.000000,0.080000,0.008000,0.001000,5.000000,0.100000,22.000000,0.025000,0.000000
6.877000,0.500000,0.640000,-3.308057,-0.000000,-3.308057,-0.503933,0.000000,0.503933,0.016780,-0.003212,0.030969,0.030969,0.014189,0.071266,0.074478,0.040315,0.020741,0.000113,0.070945,0.000321,1.638521,0.000000,1.638521,1.638521,1.638521,0.819261,0.819261,0,0,1,0,0.000000,0.080000,0.008000,0.001000,5.000000,0.100000,22.000000,0.025000,0.000000
6.882000,0.500000,0.640000,-3.310632,-0.000000,-3.310632,-0.504498,0.000000,0.504498,0.016747,-0.003224,0.030969,0.030969,0.014222,0.071432,0.074656,0.040360,0.020741,0.000113,0.071110,0.000322,1.642426,0.000887,1.643313,1.643313,1.643313,0.821656,0.821656,0,0,1,0,0.000000,0.080000,0.008000,0.001000,5.000000,0.100000,22.000000,0.025000,0.000000
6.887000,0.500000,0.640000,-3.313210,-0.000000,-3.313210,-0.505063,0.000000,0.505063,0.016747,-0.003224,0.030969,0.030969,0.014222,0.071432,0.074656,0.040405,0.020741,0.000113,0.071110,0.000322,1.642426,0.000000,1.642426,1.642426,1.642426,0.821213,0.821213,0,0,1,0,0.000000,0.080000,0.008000,0.001000,5.000000,0.100000,22.000000,0.025000,0.000000
6.892000,0.500000,0.640000,-3.315790,-0.000000,-3.315790,-0.505630,0.000000,0.505630,0.016714,-0.003228,0.030969,0.030969,0.014255,0.071596,0.074823,0.040450,0.020741,0.000113,0.071273,0.000323,1.646116,0.000839,1.646954,1.646954,1.646954,0.823477,0.823477,0,0,1,0,0.000000,0.080000,0.008000,0.001000,5.000000,0.100000,22.000000,0.025000,0.000000
6.897000,0.500000,0.640000,-3.318374,-0.000000,-3.318374,-0.506197,0.000000,0.506197,0.016714,-0.003228,0.030969,0.030969,0.014255,0.071596,0.074823,0.040496,0.020741,0.000114,0.071273,0.000323,1.646116,0.000000,1.646116,1.646116,1.646116,0.823058,0.823058,0,0,1,0,0.000000,0.080000,0.008000,0.001000,5.000000,0.100000,22.000000,0.025000,0.000000
6.902000,0.500000,0.640000,-3.320961,-0.000000,-3.320961,-0.506767,0.000000,0.506767,0.016682,-0.003225,0.030969,0.030969,0.014287,0.071757,0.074983,0.040541,0.020741,0.000114,0.071435,0.000323,1.649621,0.000797,1.650417,1.650417,1.650417,0.825209,0.825209,0,0,1,0,0.000000,0.080000,0.008000,0.001000,5.000000,0.100000,22.000000,0.025000,0.000000
6.911000,0.500000,0.640000,-3.326143,-0.000000,-3.326143,-0.507908,0.000000,0.507908,0.016650,-0.003219,0.030969,0.030969,0.014319,0.071917,0.075136,0.040633,0.020741,0.000127,0.071595,0.000322,1.653001,0.000427,1.653427,1.653427,1.653427,0.826714,0.826714,0,0,1,0,0.000000,0.080000,0.008000,0.001000,5.000000,0.100000,22.000000,0.025000,0.000000
6.916000,0.500000,0.640000,-3.328739,-0.000000,-3.328739,-0.508480,0.000000,0.508480,0.016650,-0.003219,0.030969,0.030969,0.014319,0.071917,0.075136,0.040678,0.020741,0.000114,0.071595,0.000322,1.653001,0.000000,1.653001,1.653001,1.653001,0.826500,0.826500,0,0,1,0,0.000000,0.080000,0.008000,0.001000,5.000000,0.100000,22.000000,0.025000,0.000000
6.921000,0.500000,0.640000,-3.331337,-0.000000,-3.331337,-0.509054,0.000000,0.509054,0.016618,-0.003210,0.030969,0.030969,0.014351,0.072076,0.075286,0.040724,0.020741,0.000115,0.071755,0.000321,1.656290,0.000748,1.657037,1.657037,1.657037,0.828519,0.828519,0,0,1,0,0.000000,0.080000,0.008000,0.001000,5.000000,0.100000,22.000000,0.025000,0.000000
6.926000,0.500000,0.640000,-3.333939,-0.000000,-3.333939,-0.509627,0.000000,0.509627,0.016618,-0.003210,0.030969,0.030969,0.014351,0.072076,0.075286,0.040770,0.020741,0.000115,0.071755,0.000321,1.656290,0.000000,1.656290,1.656290,1.656290,0.828145,0.828145,0,0,1,0,0.000000,0.080000,0.008000,0.001000,5.000000,0.100000,22.000000,0.025000,0.000000
6.931000,0.500000,0.640000,-3.336543,-0.000000,-3.336543,-0.510202,0.000000,0.510202,0.016586,-0.003203,0.030969,0.030969,0.014383,0.072234,0.075437,0.040816,0.020741,0.000115,0.071914,0.000320,1.659621,0.000757,1.660379,1.660379,1.660379,0.830189,0.830189,0,0,1,0,0.000000,0.080000,0.008000,0.001000,5.000000,0.100000,22.000000,0.025000,0.000000
6.936000,0.500000,0.640000,-3.339151,-0.000000,-3.339151,-0.510777,0.000000,0.510777,0.016586,-0.003203,0.030969,0.030969,0.014383,0.072234,0.075437,0.040862,0.020741,0.000115,0.071914,0.000320,1.659621,0.000000,1.659621,1.659621,1.659621,0.829811,0.829811,0,0,1,0,0.000000,0.080000,0.008000,0.001000,5.000000,0.100000,22.000000,0.025000,0.000000
6.941000,0.500000,0.640000,-3.341761,-0.000000,-3.341761,-0.511352,0.000000,0.511352,0.016554,-0.003201,0.030969,0.030969,0.014415,0.072393,0.075594,0.040908,0.020741,0.000115,0.072073,0.000320,1.663061,0.000782,1.663843,1.663843,1.663843,0.831921,0.831921,0,0,1,0,0.000000,0.080000,0.008000,0.001000,5.000000,0.100000,22.000000,0.025000,0.000000
6.946000,0.500000,0.640000,-3.344374,-0.000000,-3.344374,-0.511927,0.000000,0.511927,0.016554,-0.003201,0.030969,0.030969,0.014415,0.072393,0.075594,0.040954,0.020741,0.000115,0.072073,0.000320,1.663061,0.000000,1.663061,1.663061,1.663061,0.831531,0.831531,0,0,1,0,0.000000,0.080000,0.008000,0.001000,5.000000,0.100000,22.000000,0.025000,0.000000
6.955000,0.500000,0.640000,-3.349609,-0.000000,-3.349609,-0.513079,0.000000,0.513079,0.016522,-0.003203,0.030969,0.030969,0.014447,0.072554,0.075757,0.041046,0.020741,0.000128,0.072234,0.000320,1.666649,0.000453,1.667102,1.667102,1.667102,0.833551,0.833551,0,0,1,0,0.000000,0.080000,0.008000,0.001000,5.000000,0.100000,22.000000,0.025000,0.000000
6.960000,0.500000,0.640000,-3.349609,-0.000000,-3.349609,-0.513079,0.000000,0.513079,0.016522,-0.003203,0.030969,0.030969,0.014447,0.072554,0.075757,0.041046,0.020741,0.000000,0.072234,0.000320,1.666649,0.000000,1.666649,1.666649,1.666649,0.833324,0.833324,0,0,1,0,0.000000,0.080000,0.008000,0.001000,5.000000,0.100000,22.000000,0.025000,0.000000
6.965000,0.500000,0.640000,-3.352231,-0.000000,-3.352231,-0.513653,0.000000,0.513653,0.016489,-0.003224,0.030969,0.030969,0.014479,0.072719,0.075943,0.041092,0.020741,0.000115,0.072396,0.000322,1.670750,0.000932,1.671682,1.671682,1.671682,0.835841,0.835841,0,0,1,0,0.000000,0.080000,0.008000,0.001000,5.000000,0.100000,22.000000,0.025000,0.000000
6.970000,0.500000,0.640000,-3.354855,-0.000000,-3.354855,-0.514227,0.000000,0.514227,0.016489,-0.003224,0.030969,0.030969,0.014479,0.072719,0.075943,0.041138,0.020741,0.000115,0.072396,0.000322,1.670750,0.000000,1.670750,1.670750,1.670750,0.835375,0.835375,0,0,1,0,0.000000,0.080000,0.008000,0.001000,5.000000,0.100000,22.000000,0.025000,0.000000
6.979000,0.500000,0.640000,-3.360113,-0.000000,-3.360113,-0.515372,0.000000,0.515372,0.016456,-0.003261,0.030969,0.030969,0.014513,0.072891,0.076152,0.041230,0.020741,0.000127,0.072565,0.000326,1.675333,0.000579,1.675912,1.675912,1.675912,0.837956,0.837956,0,0,1,0,0.000000,0.080000,0.008000,0.001000,5.000000,0.100000,22.000000,0.025000,0.000000
6.984000,0.500000,0.640000,-3.362746,-0.000000,-3.362746,-0.515944,0.000000,0.515944,0.016421,-0.003307,0.030969,0.030969,0.014547,0.073068,0.076375,0.041276,0.020741,0.000114,0.072737,0.000331,1.680243,0.001116,1.681359,1.681359,1.681359,0.840680,0.840680,0,0,1,0,0.000000,0.080000,0.008000,0.001000,5.000000,0.100000,22.000000,0.025000,0.000000
6.989000,0.500000,0.640000,-3.365381,-0.000000,-3.365381,-0.516517,0.000000,0.516517,0.016421,-0.003307,0.030969,0.030969,0.014547,0.073068,0.076375,0.041321,0.020741,0.000115,0.072737,0.000331,1.680243,0.000000,1.680243,1.680243,1.680243,0.840122,0.840122,0,0,1,0,0.000000,0.080000,0.008000,0.001000,5.000000,0.100000,22.000000,0.025000,0.000000
6.994000,0.500000,0.640000,-3.368020,-0.000000,-3.368020,-0.517093,0.000000,0.517093,0.016386,-0.003334,0.030969,0.030969,0.014582,0.073245,0.076579,0.041367,0.020741,0.000115,0.072912,0.000333,1.684734,0.001021,1.685754,1.685754,1.685754,0.842877,0.842877,0,0,1,0,0.000000,0.080000,0.008000,0.001000,5.000000,0.100000,22.000000,0.025000,0.000000
6.999000,0.500000,0.640000,-3.370662,-0.000000,-3.370662,-0.517670,0.000000,0.517670,0.016386,-0.003334,0.030969,0.030969,0.014582,0.073245,0.076579,0.041414,0.020741,0.000115,0.072912,0.000333,1.684734,0.000000,1.684734,1.684734,1.684734,0.842367,0.842367,0,0,1,0,0.000000,0.080000,0.008000,0.001000,5.000000,0.100000,22.000000,0.025000,0.000000
7.004000,0.500000,0.640000,-3.373307,-0.000000,-3.373307,-0.518250,0.000000,0.518250,0.016352,-0.003343,0.030969,0.030969,0.014617,0.073417,0.076760,0.041460,0.020741,0.000116,0.073083,0.000334,1.688721,0.000906,1.689627,1.689627,1.689627,0.844813,0.844813,0,0,1,0,0.000000,0.080000,0.008000,0.001000,5.000000,0.100000,22.000000,0.025000,0.000000
7.009000,0.500000,0.640000,-3.375956,-0.000000,-3.375956,-0.518831,0.000000,0.518831,0.016352,-0.003343,0.030969,0.030969,0.014617,0.073417,0.076760,0.041506,0.020741,0.000116,0.073083,0.000334,1.688721,0.000000,1.688721,1.688721,1.688721,0.844360,0.844360,0,0,1,0,0.000000,0.080000,0.008000,0.001000,5.000000,0.100000,22.000000,0.025000,0.000000
7.014000,0.500000,0.640000,-3.378607,-0.000000,-3.378607,-0.519415,0.000000,0.519415,0.016319,-0.003336,0.030969,0.030969,0.014650,0.073584,0.076920,0.041553,0.020741,0.000117,0.073250,0.000334,1.692235,0.000799,1.693034,1.693034,1.693034,0.846517,0.846517,0,0,1,0,0.000000,0.080000,0.008000,0.001000,5.000000,0.100000,22.000000,0.025000,0.000000
7.023000,0.500000,0.640000,-3.383919,-0.000000,-3.383919,-0.520587,0.000000,0.520587,0.016286,-0.003317,0.030969,0.030969,0.014683,0.073746,0.077063,0.041647,0.020741,0.000130,0.073414,0.000332,1.695389,0.000398,1.695787,1.695787,1.695787,0.847894,0.847894,0,0,1,0,0.000000,0.080000,0.008000,0.001000,5.000000,0.100000,22.000000,0.025000,0.000000
7.028000,0.500000,0.640000,-3.386579,-0.000000,-3.386579,-0.521176,0.000000,0.521176,0.016286,-0.003317,0.030969,0.030969,0.014683,0.073746,0.077063,0.041694,0.020741,0.000118,0.073414,0.000332,1.695389,0.000000,1.695389,1.695389,1.695389,0.847694,0.847694,0,0,1,0,0.000000,0.080000,0.008000,0.001000,5.000000,0.100000,22.000000,0.025000,0.000000
7.033000,0.500000,0.640000,-3.389243,-0.000000,-3.389243,-0.521766,0.000000,0.521766,0.016254,-0.003292,0.030969,0.030969,0.014715,0.073904,0.077196,0.041741,0.020741,0.000118,0.073574,0.000329,1.698303,0.000662,1.698965,1.698965,1.698965,0.849483,0.849483,0,0,1,0,0.000000,0.080000,0.008000,0.001000,5.000000,0.100000,22.000000,0.025000,0.000000
7.038000,0.500000,0.640000,-3.391910,-0.000000,-3.391910,-0.522357,0.000000,0.522357,0.016254,-0.003292,0.030969,0.030969,0.014715,0.073904,0.077196,0.041789,0.020741,0.000118,0.073574,0.000329,1.698303,0.000000,1.698303,1.698303,1.698303,0.849151,0.849151,0,0,1,0,0.000000,0.080000,0.008000,0.001000,5.000000,0.100000,22.000000,0.025000,0.000000
7.043000,0.500000,0.640000,-3.394579,-0.000000,-3.394579,-0.522949,0.000000,0.522949,0.016222,-0.003268,0.030969,0.030969,0.014747,0.074060,0.077328,0.041836,0.020741,0.000118,0.073733,0.000327,1.701216,0.000662,1.701878,1.701878,1.701878,0.850939,0.850939,0,0,1,0,0.000000,0.080000,0.008000,0.001000,5.000000,0.100000,22.000000,0.025000,0.000000
7.048000,0.500000,0.640000,-3.397252,-0.000000,-3.397252,-0.523541,0.000000,0.523541,0.016222,-0.003268,0.030969,0.030969,0.014747,0.074060,0.077328,0.041883,0.020741,0.000118,0.073733,0.000327,1.701216,0.000000,1.701216,1.701216,1.701216,0.850608,0.850608,0,0,1,0,0.000000,0.080000,0.008000,0.001000,5.000000,0.100000,22.000000,0.025000,0.000000
7.057000,0.500000,0.640000,-3.402607,-0.000000,-3.402607,-0.524725,0.000000,0.524725,0.016190,-0.003251,0.030969,0.030969,0.014778,0.074217,0.077468,0.041978,0.020741,0.000132,0.073892,0.000325,1.704292,0.000388,1.704680,1.704680,1.704680,0.852340,0.852340,0,0,1,0,0.000000,0.080000,0.008000,0.001000,5.000000,0.100000,22.000000,0.025000,0.000000
7.062000,0.500000,0.640000,-3.405288,-0.000000,-3.405288,-0.525316,0.000000,0.525316,0.016158,-0.003255,0.030969,0.030969,0.014811,0.074379,0.077634,0.042025,0.020741,0.000118,0.074053,0.000326,1.707952,0.000832,1.708784,1.708784,1.708784,0.854392,0.854392,0,0,1,0,0.000000,0.080000,0.008000,0.001000,5.000000,0.100000,22.000000,0.025000,0.000000
7.067000,0.500000,0.640000,-3.407973,-0.000000,-3.407973,-0.525906,0.000000,0.525906,0.016158,-0.003255,0.030969,0.030969,0.014811,0.074379,0.077634,0.042072,0.020741,0.000118,0.074053,0.000326,1.707952,0.000000,1.707952,1.707952,1.707952,0.853976,0.853976,0,0,1,0,0.000000,0.080000,0.008000,0.001000,5.000000,0.100000,22.000000,0.025000,0.000000
7.072000,0.500000,0.640000,-3.410660,-0.000000,-3.410660,-0.526497,0.000000,0.526497,0.016125,-0.003267,0.030969,0.030969,0.014844,0.074545,0.077812,0.042120,0.020741,0.000118,0.074218,0.000327,1.711855,0.000887,1.712742,1.712742,1.712742,0.856371,0.856371,0,0,1,0,0.000000,0.080000,0.008000,0.001000,5.000000,0.100000,22.000000,0.025000,0.000000
7.077000,0.500000,0.640000,-3.413350,-0.000000,-3.413350,-0.527087,0.000000,0.527087,0.016125,-0.003267,0.030969,0.030969,0.014844,0.074545,0.077812,0.042167,0.020741,0.000118,0.074218,0.000327,1.711855,0.000000,1.711855,1.711855,1.711855,0.855927,0.855927,0,0,1,0,0.000000,0.080000,0.008000,0.001000,5.000000,0.100000,22.000000,0.025000,0.000000
7.082000,0.500000,0.640000,-3.416044,-0.000000,-3.416044,-0.527678,0.000000,0.527678,0.016092,-0.003284,0.030969,0.030969,0.014877,0.074714,0.077998,0.042214,0.020741,0.000118,0.074386,0.000328,1.715952,0.000931,1.716883,1.716883,1.716883,0.858442,0.858442,0,0,1,0,0.000000,0.080000,0.008000,0.001000,5.000000,0.100000,22.000000,0.025000,0.000000
7.087000,0.500000,0.640000,-3.418740,-0.000000,-3.418740,-0.528268,0.000000,0.528268,0.016092,-0.003284,0.030969,0.030969,0.014877,0.074714,0.077998,0.042261,0.020741,0.000118,0.074386,0.000328,1.715952,0.000000,1.715952,1.715952,1.715952,0.857976,0.857976,0,0,1,0,0.000000,0.080000,0.008000,0.001000,5.000000,0.100000,22.000000,0.025000,0.000000
7.092000,0.500000,0.640000,-3.421439,-0.000000,-3.421439,-0.528860,0.000000,0.528860,0.016058,-0.003304,0.030969,0.030969,0.014911,0.074886,0.078190,0.042309,0.020741,0.000118,0.074555,0.000330,1.720177,0.000960,1.721137,1.721137,1.721137,0.860568,0.860568,0,0,1,0,0.000000,0.080000,0.008000,0.001000,5.000000,0.100000,22.000000,0.025000,0.000000
7.097000,0.500000,0.640000,-3.424142,-0.000000,-3.424142,-0.529451,0.000000,0.529451,0.016058,-0.003304,0.030969,0.030969,0.014911,0.074886,0.078190,0.042356,0.020741,0.000118,0.074555,0.000330,1.720177,0.000000,1.720177,1.720177,1.720177,0.860088,0.860088,0,0,1,0,0.000000,0.080000,0.008000,0.001000,5.000000,0.100000,22.000000,0.025000,0.000000
7.102000,0.500000,0.640000,-3.426847,-0.000000,-3.426847,-0.530044,0.000000,0.530044,0.016024,-0.003326,0.030969,0.030969,0.014945,0.075058,0.078384,0.042404,0.020741,0.000119,0.074726,0.000333,1.724447,0.000970,1.725417,1.725417,1.725417,0.862709,0.862709,0,0,1,0,0.000000,0.080000,0.008000,0.001000,5.000000,0.100000,22.000000,0.025000,0.000000
7.111000,0.500000,0.640000,-3.432266,-0.000000,-3.432266,-0.531230,0.000000,0.531230,0.015989,-0.003345,0.030969,0.030969,0.014980,0.075232,0.078577,0.042498,0.020741,0.000132,0.074898,0.000334,1.728685,0.000535,1.729220,1.729220,1.729220,0.864610,0.864610,0,0,1,0,0.000000,0.080000,0.008000,0.001000,5.000000,0.100000,22.000000,0.025000,0.000000
7.116000,0.500000,0.640000,-3.434981,-0.000000,-3.434981,-0.531825,0.000000,0.531825,0.015989,-0.003345,0.030969,0.030969,0.014980,0.075232,0.078577,0.042546,0.020741,0.000119,0.074898,0.000334,1.728685,0.000000,1.728685,1.728685,1.728685,0.864342,0.864342,0,0,1,0,0.000000,0.080000,0.008000,0.001000,5.000000,0.100000,22.000000,0.025000,0.000000
7.121000,0.500000,0.640000,-3.437698,-0.000000,-3.437698,-0.532421,0.000000,0.532421,0.015955,-0.003358,0.030969,0.030969,0.015014,0.075405,0.078763,0.042594,0.020741,0.000119,0.075069,0.000336,1.732780,0.000931,1.733711,1.733711,1.733711,0.866855,0.866855,0,0,1,0,0.000000,0.080000,0.008000,0.001000,5.000000,0.100000,22.000000,0.025000,0.000000
7.126000,0.500000,0.640000,-3.440419,-0.000000,-3.440419,-0.533017,0.000000,0.533017,0.015955,-0.003358,0.030969,0.030969,0.015014,0.075405,0.078763,0.042641,0.020741,0.000119,0.075069,0.000336,1.732780,0.000000,1.732780,1.732780,1.732780,0.866390,0.866390,0,0,1,0,0.000000,0.080000,0.008000,0.001000,5.000000,0.100000,22.000000,0.025000,0.000000
7.131000,0.500000,0.640000,-3.443143,-0.000000,-3.443143,-0.533615,0.000000,0.533615,0.015921,-0.003367,0.030969,0.030969,0.015048,0.075577,0.078944,0.042689,0.020741,0.000120,0.075240,0.000337,1.736765,0.000906,1.737671,1.737671,1.737671,0.868836,0.868836,0,0,1,0,0.000000,0.080000,0.008000,0.001000,5.000000,0.100000,22.000000,0.025000,0.000000
7.140000,0.500000,0.640000,-3.448599,-0.000000,-3.448599,-0.534814,0.000000,0.534814,0.015887,-0.003372,0.030969,0.030969,0.015082,0.075748,0.079120,0.042785,0.020741,0.000133,0.075410,0.000337,1.740638,0.000489,1.741127,1.741127,1.741127,0.870564,0.870564,0,0,1,0,0.000000,0.080000,0.008000,0.001000,5.000000,0.100000,22.000000,0.025000,0.000000
7.145000,0.500000,0.640000,-3.448599,-0.000000,-3.448599,-0.534814,0.000000,0.534814,0.015887,-0.003372,0.030969,0.030969,0.015082,0.075748,0.079120,0.042785,0.020741,0.000000,0.075410,0.000337,1.740638,0.000000,1.740638,1.740638,1.740638,0.870319,0.870319,0,0,1,0,0.000000,0.080000,0.008000,0.001000,5.000000,0.100000,22.000000,0.025000,0.000000
7.150000,0.500000,0.640000,-3.451332,-0.000000,-3.451332,-0.535415,0.000000,0.535415,0.015853,-0.003373,0.030969,0.030969,0.015116,0.075917,0.079290,0.042833,0.020741,0.000120,0.075580,0.000337,1.744372,0.000849,1.745221,1.745221,1.745221,0.872610,0.872610,0,0,1,0,0.000000,0.080000,0.008000,0.001000,5.000000,0.100000,22.000000,0.025000,0.000000
7.155000,0.500000,0.640000,-3.454068,-0.000000,-3.454068,-0.536017,0.000000,0.536017,0.015853,-0.003373,0.030969,0.030969,0.015116,0.075917,0.079290,0.042881,0.020741,0.000120,0.075580,0.000337,1.744372,0.000000,1.744372,1.744372,1.744372,0.872186,0.872186,0,0,1,0,0.000000,0.080000,0.008000,0.001000,5.000000,0.100000,22.000000,0.025000,0.000000
7.160000,0.500000,0.640000,-3.456807,-0.000000,-3.456807,-0.536620,0.000000,0.536620,0.015853,-0.003373,0.030969,0.030969,0.015116,0.075917,0.079290,0.042930,0.020741,0.000120,0.075580,0.000337,1.744372,0.000000,1.744372,1.744372,1.744372,0.872186,0.872186,0,0,1,0,0.000000,0.080000,0.008000,0.001000,5.000000,0.100000,22.000000,0.025000,0.000000
7.165000,0.500000,0.640000,-3.459549,-0.000000,-3.459549,-0.537224,0.000000,0.537224,0.015819,-0.003372,0.030969,0.030969,0.015150,0.076086,0.079458,0.042978,0.020741,0.000121,0.075749,0.000337,1.748067,0.000840,1.748907,1.748907,1.748907,0.874453,0.874453,0,0,1,0,0.000000,0.080000,0.008000,0.001000,5.000000,0.100000,22.000000,0.025000,0.000000
7.170000,0.500000,0.640000,-3.462295,-0.000000,-3.462295,-0.537828,0.000000,0.537828,0.015819,-0.003372,0.030969,0.030969,0.015150,0.076086,0.079458,0.043026,0.020741,0.000121,0.075749,0.000337,1.748067,0.000000,1.748067,1.748067,1.748067,0.874033,0.874033,0,0,1,0,0.000000,0.080000,0.008000,0.001000,5.000000,0.100000,22.000000,0.025000,0.000000
7.179000,0.500000,0.640000,-3.467795,-0.000000,-3.467795,-0.539038,0.000000,0.539038,0.015785,-0.003371,0.030969,0.030969,0.015183,0.076255,0.079626,0.043123,0.020741,0.000135,0.075917,0.000337,1.751768,0.000467,1.752236,1.752236,1.752236,0.876118,0.876118,0,0,1,0,0.000000,0.080000,0.008000,0.001000,5.000000,0.100000,22.000000,0.025000,0.000000
7.184000,0.500000,0.640000,-3.470549,-0.000000,-3.470549,-0.539643,0.000000,0.539643,0.015751,-0.003387,0.030969,0.030969,0.015218,0.076426,0.079813,0.043171,0.020741,0.000121,0.076088,0.000339,1.755885,0.000936,1.756821,1.756821,1.756821,0.878410,0.878410,0,0,1,0,0.000000,0.080000,0.008000,0.001000,5.000000,0.100000,22.000000,0.025000,0.000000
7.189000,0.500000,0.640000,-3.473307,-0.000000,-3.473307,-0.540247,0.000000,0.540247,0.015751,-0.003387,0.030969,0.030969,0.015218,0.076426,0.079813,0.043220,0.020741,0.000121,0.076088,0.000339,1.755885,0.000000,1.755885,1.755885,1.755885,0.877942,0.877942,0,0,1,0,0.000000,0.080000,0.008000,0.001000,5.000000,0.100000,22.000000,0.025000,0.000000
7.194000,0.500000,0.640000,-3.476067,-0.000000,-3.476067,-0.540853,0.000000,0.540853,0.015717,-0.003398,0.030969,0.030969,0.015252,0.076600,0.079999,0.043268,0.020741,0.000121,0.076261,0.000340,1.759972,0.000929,1.760901,1.760901,1.760901,0.880451,0.880451,0,0,1,0,0.000000,0.080000,0.008000,0.001000,5.000000,0.100000,22.000000,0.025000,0.000000
7.199000,0.500000,0.640000,-3.478831,-0.000000,-3.478831,-0.541459,0.000000,0.541459,0.015717,-0.003398,0.030969,0.030969,0.015252,0.076600,0.079999,0.043317,0.020741,0.000121,0.076261,0.000340,1.759972,0.000000,1.759972,1.759972,1.759972,0.879986,0.879986,0,0,1,0,0.000000,0.080000,0.008000,0.001000,5.000000,0.100000,22.000000,0.025000,0.000000
7.204000,0.500000,0.640000,-3.481598,-0.000000,-3.481598,-0.542067,0.000000,0.542067,0.015682,-0.003408,0.030969,0.030969,0.015287,0.076774,0.080182,0.043365,0.020741,0.000122,0.076433,0.000341,1.764002,0.000916,1.764918,1.764918,1.764918,0.882459,0.882459,0,0,1,0,0.000000,0.080000,0.008000,0.001000,5.000000,0.100000,22.000000,0.025000,0.000000
7.213000,0.500000,0.640000,-3.487141,-0.000000,-3.487141,-0.543285,0.000000,0.543285,0.015647,-0.003415,0.030969,0.030969,0.015321,0.076948,0.080362,0.043463,0.020741,0.000135,0.076606,0.000341,1.767971,0.000501,1.768472,1.768472,1.768472,0.884236,0.884236,0,0,1,0,0.000000,0.080000,0.008000,0.001000,5.000000,0.100000,22.000000,0.025000,0.000000
7.218000,0.500000,0.640000,-3.489917,-0.000000,-3.489917,-0.543895,0.000000,0.543895,0.015647,-0.003415,0.030969,0.030969,0.015321,0.076948,0.080362,0.043512,0.020741,0.000122,0.076606,0.000341,1.767971,0.000000,1.767971,1.767971,1.767971,0.883986,0.883986,0,0,1,0,0.000000,0.080000,0.008000,0.001000,5.000000,0.100000,22.000000,0.025000,0.000000
7.223000,0.500000,0.640000,-3.492696,-0.000000,-3.492696,-0.544506,0.000000,0.544506,0.015613,-0.003418,0.030969,0.030969,0.015356,0.077120,0.080538,0.043561,0.020741,0.000122,0.076778,0.000342,1.771840,0.000879,1.772719,1.772719,1.772719,0.886360,0.886360,0,0,1,0,0.000000,0.080000,0.008000,0.001000,5.000000,0.100000,22.000000,0.025000,0.000000
7.228000,0.500000,0.640000,-3.495479,-0.000000,-3.495479,-0.545118,0.000000,0.545118,0.015613,-0.003418,0.030969,0.030969,0.015356,0.077120,0.080538,0.043609,0.020741,0.000122,0.076778,0.000342,1.771840,0.000000,1.771840,1.771840,1.771840,0.885920,0.885920,0,0,1,0,0.000000,0.080000,0.008000,0.001000,5.000000,0.100000,22.000000,0.025000,0.000000
7.233000,0.500000,0.640000,-3.498264,-0.000000,-3.498264,-0.545731,0.000000,0.545731,0.015579,-0.003421,0.030969,0.030969,0.015390,0.077292,0.080713,0.043658,0.020741,0.000123,0.076950,0.000342,1.775690,0.000875,1.776565,1.776565,1.776565,0.888283,0.888283,0,0,1,0,0.000000,0.080000,0.008000,0.001000,5.000000,0.100000,22.000000,0.025000,0.000000
7.238000,0.500000,0.640000,-3.501053,-0.000000,-3.501053,-0.546344,0.000000,0.546344,0.015579,-0.003421,0.030969,0.030969,0.015390,0.077292,0.080713,0.043708,0.020741,0.000123,0.076950,0.000342,1.775690,0.000000,1.775690,1.775690,1.775690,0.887845,0.887845,0,0,1,0,0.000000,0.080000,0.008000,0.001000,5.000000,0.100000,22.000000,0.025000,0.000000
7.243000,0.500000,0.640000,-3.503845,-0.000000,-3.503845,-0.546959,0.000000,0.546959,0.015544,-0.003424,0.030969,0.030969,0.015425,0.077465,0.080889,0.043757,0.020741,0.000123,0.077123,0.000342,1.779548,0.000877,1.780425,1.780425,1.780425,0.890213,0.890213,0,0,1,0,0.000000,0.080000,0.008000,0.001000,5.000000,0.100000,22.000000,0.025000,0.000000
7.248000,0.500000,0.640000,-3.506640,-0.000000,-3.506640,-0.547573,0.000000,0.547573,0.015544,-0.003424,0.030969,0.030969,0.015425,0.077465,0.080889,0.043806,0.020741,0.000123,0.077123,0.000342,1.779548,0.000000,1.779548,1.779548,1.779548,0.889774,0.889774,0,0,1,0,0.000000,0.080000,0.008000,0.001000,5.000000,0.100000,22.000000,0.025000,0.000000
7.257000,0.500000,0.640000,-3.512239,-0.000000,-3.512239,-0.548805,0.000000,0.548805,0.015510,-0.003428,0.030969,0.030969,0.015459,0.077638,0.081065,0.043904,0.020741,0.000137,0.077295,0.000343,1.783438,0.000491,1.783930,1.783930,1.783930,0.891965,0.891965,0,0,1,0,0.000000,0.080000,0.008000,0.001000,5.000000,0.100000,22.000000,0.025000,0.000000
7.262000,0.500000,0.640000,-3.515044,-0.000000,-3.515044,-0.549419,0.000000,0.549419,0.015475,-0.003448,0.030969,0.030969,0.015494,0.077814,0.081262,0.043954,0.020741,0.000123,0.077469,0.000345,1.787763,0.000983,1.788746,1.788746,1.788746,0.894373,0.894373,0,0,1,0,0.000000,0.080000,0.008000,0.001000,5.000000,0.100000,22.000000,0.025000,0.000000
7.267000,0.500000,0.640000,-3.517851,-0.000000,-3.517851,-0.550034,0.000000,0.550034,0.015475,-0.003448,0.030969,0.030969,0.015494,0.077814,0.081262,0.044003,0.020741,0.000123,0.077469,0.000345,1.787763,0.000000,1.787763,1.787763,1.787763,0.893882,0.893882,0,0,1,0,0.000000,0.080000,0.008000,0.001000,5.000000,0.100000,22.000000,0.025000,0.000000
7.272000,0.500000,0.640000,-3.520662,-0.000000,-3.520662,-0.550650,0.000000,0.550650,0.015439,-0.003463,0.030969,0.030969,0.015529,0.077993,0.081456,0.044052,0.020741,0.000123,0.077646,0.000346,1.792033,0.000970,1.793003,1.793003,1.793003,0.896501,0.896501,0,0,1,0,0.000000,0.080000,0.008000,0.001000,5.000000,0.100000,22.000000,0.025000,0.000000
7.277000,0.500000,0.640000,-3.523475,-0.000000,-3.523475,-0.551267,0.000000,0.551267,0.015439,-0.003463,0.030969,0.030969,0.015529,0.077993,0.081456,0.044101,0.020741,0.000123,0.077646,0.000346,1.792033,0.000000,1.792033,1.792033,1.792033,0.896016,0.896016,0,0,1,0,0.000000,0.080000,0.008000,0.001000,5.000000,0.100000,22.000000,0.025000,0.000000
7.282000,0.500000,0.640000,-3.526292,-0.000000,-3.526292,-0.551885,0.000000,0.551885,0.015404,-0.003475,0.030969,0.030969,0.015565,0.078171,0.081646,0.044151,0.020741,0.000124,0.077823,0.000347,1.796202,0.000947,1.797149,1.797149,1.797149,0.898575,0.898575,0,0,1,0,0.000000,0.080000,0.008000,0.001000,5.000000,0.100000,22.000000,0.025000,0.000000
7.287000,0.500000,0.640000,-3.529112,-0.000000,-3.529112,-0.552504,0.000000,0.552504,0.015404,-0.003475,0.030969,0.030969,0.015565,0.078171,0.081646,0.044200,0.020741,0.000124,0.077823,0.000347,1.796202,0.000000,1.796202,1.796202,1.796202,0.898101,0.898101,0,0,1,0,0.000000,0.080000,0.008000,0.001000,5.000000,0.100000,22.000000,0.025000,0.000000
7.296000,0.500000,0.640000,-3.534762,-0.000000,-3.534762,-0.553745,0.000000,0.553745,0.015369,-0.003482,0.030969,0.030969,0.015600,0.078348,0.081830,0.044300,0.020741,0.000138,0.077999,0.000348,1.800260,0.000512,1.800772,1.800772,1.800772,0.900386,0.900386,0,0,1,0,0.000000,0.080000,0.008000,0.001000,5.000000,0.100000,22.000000,0.025000,0.000000
7.301000,0.500000,0.640000,-3.537591,-0.000000,-3.537591,-0.554365,0.000000,0.554365,0.015333,-0.003502,0.030969,0.030969,0.015635,0.078527,0.082028,0.044349,0.020741,0.000124,0.078177,0.000350,1.804622,0.000991,1.805613,1.805613,1.805613,0.902807,0.902807,0,0,1,0,0.000000,0.080000,0.008000,0.001000,5.000000,0.100000,22.000000,0.025000,0.000000
7.306000,0.500000,0.640000,-3.540424,-0.000000,-3.540424,-0.554986,0.000000,0.554986,0.015333,-0.003502,0.030969,0.030969,0.015635,0.078527,0.082028,0.044399,0.020741,0.000124,0.078177,0.000350,1.804622,0.000000,1.804622,1.804622,1.804622,0.902311,0.902311,0,0,1,0,0.000000,0.080000,0.008000,0.001000,5.000000,0.100000,22.000000,0.025000,0.000000
7.311000,0.500000,0.640000,-3.543260,-0.000000,-3.543260,-0.555609,0.000000,0.555609,0.015298,-0.003512,0.030969,0.030969,0.015671,0.078707,0.082218,0.044449,0.020741,0.000125,0.078355,0.000351,1.808797,0.000949,1.809746,1.809746,1.809746,0.904873,0.904873,0,0,1,0,0.000000,0.080000,0.008000,0.001000,5.000000,0.100000,22.000000,0.025000,0.000000
7.316000,0.500000,0.640000,-3.546099,-0.000000,-3.546099,-0.556232,0.000000,0.556232,0.015298,-0.003512,0.030969,0.030969,0.015671,0.078707,0.082218,0.044499,0.020741,0.000125,0.078355,0.000351,1.808797,0.000000,1.808797,1.808797,1.808797,0.904398,0.904398,0,0,1,0,0.000000,0.080000,0.008000,0.001000,5.000000,0.100000,22.000000,0.025000,0.000000
7.321000,0.500000,0.640000,-3.548941,-0.000000,-3.548941,-0.556857,0.000000,0.556857,0.015262,-0.003515,0.030969,0.030969,0.015707,0.078884,0.082399,0.044549,0.020741,0.000125,0.078533,0.000351,1.812781,0.000905,1.813686,1.813686,1.813686,0.906843,0.906843,0,0,1,0,0.000000,0.080000,0.008000,0.001000,5.000000,0.100000,22.000000,0.025000,0.000000
7.326000,0.500000,0.640000,-3.551787,-0.000000,-3.551787,-0.557483,0.000000,0.557483,0.015262,-0.003515,0.030969,0.030969,0.015707,0.078884,0.082399,0.044599,0.020741,0.000125,0.078533,0.000351,1.812781,0.000000,1.812781,1.812781,1.812781,0.906390,0.906390,0,0,1,0,0.000000,0.080000,0.008000,0.001000,5.000000,0.100000,22.000000,0.025000,0.000000
7.331000,0.500000,0.640000,-3.554636,-0.000000,-3.554636,-0.558110,0.000000,0.558110,0.015227,-0.003513,0.030969,0.030969,0.015742,0.079060,0.082573,0.044649,0.020741,0.000126,0.078709,0.000351,1.816616,0.000872,1.817487,1.817487,1.817487,0.908744,0.908744,0,0,1,0,0.000000,0.080000,0.008000,0.001000,5.000000,0.100000,22.000000,0.025000,0.000000
7.336000,0.500000,0.640000,-3.557488,-0.000000,-3.557488,-0.558738,0.000000,0.558738,0.015227,-0.003513,0.030969,0.030969,0.015742,0.079060,0.082573,0.044699,0.020741,0.000126,0.078709,0.000351,1.816616,0.000000,1.816616,1.816616,1.816616,0.908308,0.908308,0,0,1,0,0.000000,0.080000,0.008000,0.001000,5.000000,0.100000,22.000000,0.025000,0.000000
7.341000,0.500000,0.640000,-3.557488,-0.000000,-3.557488,-0.558738,0.000000,0.558738,0.015192,-0.003509,0.030969,0.030969,0.015777,0.079235,0.082744,0.044699,0.020741,0.000000,0.078884,0.000351,1.820365,0.000852,1.821217,1.821217,1.821217,0.910608,0.910608,0,0,1,0,0.000000,0.080000,0.008000,0.001000,5.000000,0.100000,22.000000,0.025000,0.000000
7.350000,0.500000,0.640000,-3.563202,-0.000000,-3.563202,-0.559997,0.000000,0.559997,0.015157,-0.003504,0.030969,0.030969,0.015812,0.079410,0.082914,0.044800,0.020741,0.000140,0.079059,0.000350,1.824101,0.000472,1.824572,1.824572,1.824572,0.912286,0.912286,0,0,1,0,0.000000,0.080000,0.008000,0.001000,5.000000,0.100000,22.000000,0.025000,0.000000
7.355000,0.500000,0.640000,-3.566064,-0.000000,-3.566064,-0.560629,0.000000,0.560629,0.015157,-0.003504,0.030969,0.030969,0.015812,0.079410,0.082914,0.044850,0.020741,0.000126,0.079059,0.000350,1.824101,0.000000,1.824101,1.824101,1.824101,0.912050,0.912050,0,0,1,0,0.000000,0.080000,0.008000,0.001000,5.000000,0.100000,22.000000,0.025000,0.000000
7.360000,0.500000,0.640000,-3.568929,-0.000000,-3.568929,-0.561260,0.000000,0.561260,0.015157,-0.003504,0.030969,0.030969,0.015812,0.079410,0.082914,0.044901,0.020741,0.000126,0.079059,0.000350,1.824101,0.000000,1.824101,1.824101,1.824101,0.912050,0.912050,0,0,1,0,0.000000,0.080000,0.008000,0.001000,5.000000,0.100000,22.000000,0.025000,0.000000
7.365000,0.500000,0.640000,-3.571797,-0.000000,-3.571797,-0.561893,0.000000,0.561893,0.015122,-0.003500,0.030969,0.030969,0.015847,0.079584,0.083084,0.044951,0.020741,0.000127,0.079233,0.000350,1.827847,0.000851,1.828698,1.828698,1.828698,0.914349,0.914349,0,0,1,0,0.000000,0.080000,0.008000,0.001000,5.000000,0.100000,22.000000,0.025000,0.000000
7.370000,0.500000,0.640000,-3.574668,-0.000000,-3.574668,-0.562525,0.000000,0.562525,0.015087,-0.003508,0.030969,0.030969,0.015882,0.079761,0.083269,0.045002,0.020741,0.000126,0.079410,0.000351,1.831914,0.000924,1.832839,1.832839,1.832839,0.916419,0.916419,0,0,1,0,0.000000,0.080000,0.008000,0.001000,5.000000,0.100000,22.000000,0.025000,0.000000
7.375000,0.500000,0.640000,-3.577543,-0.000000,-3.577543,-0.563157,0.000000,0.563157,0.015087,-0.003515,0.030969,0.030969,0.015882,0.079761,0.083277,0.045053,0.020741,0.000126,0.079410,0.000352,1.832084,0.000039,1.832123,1.832123,1.832123,0.916062,0.916062,0,0,1,0,0.000000,0.080000,0.008000,0.001000,5.000000,0.100000,22.000000,0.025000,0.000000
7.380000,0.500000,0.640000,-3.580421,-0.000000,-3.580421,-0.563788,0.000000,0.563788,0.015087,-0.003515,0.030969,0.030969,0.015882,0.079761,0.083277,0.045103,0.020741,0.000126,0.079410,0.000352,1.832084,0.000000,1.832084,1.832084,1.832084,0.916042,0.916042,0,0,1,0,0.000000,0.080000,0.008000,0.001000,5.000000,0.100000,22.000000,0.025000,0.000000
7.385000,0.500000,0.640000,-3.583302,-0.000000,-3.583302,-0.564421,0.000000,0.564421,0.015051,-0.003528,0.030969,0.030969,0.015918,0.079942,0.083470,0.045154,0.020741,0.000127,0.079589,0.000353,1.836346,0.000968,1.837314,1.837314,1.837314,0.918657,0.918657,0,0,1,0,0.000000,0.080000,0.008000,0.001000,5.000000,0.100000,22.000000,0.025000,0.000000
7.390000,0.500000,0.640000,-3.586186,-0.000000,-3.586186,-0.565053,0.000000,0.565053,0.015051,-0.003528,0.030969,0.030969,0.015918,0.079942,0.083470,0.045204,0.020741,0.000127,0.079589,0.000353,1.836346,0.000000,1.836346,1.836346,1.836346,0.918173,0.918173,0,0,1,0,0.000000,0.080000,0.008000,0.001000,5.000000,0.100000,22.000000,0.025000,0.000000
7.399000,0.500000,0.640000,-3.591964,-0.000000,-3.591964,-0.566322,0.000000,0.566322,0.015015,-0.003541,0.030969,0.030969,0.015954,0.080123,0.083664,0.045306,0.020741,0.000141,0.079769,0.000354,1.840613,0.000539,1.841152,1.841152,1.841152,0.920576,0.920576,0,0,1,0,0.000000,0.080000,0.008000,0.001000,5.000000,0.100000,22.000000,0.025000,0.000000
7.404000,0.500000,0.640000,-3.594857,-0.000000,-3.594857,-0.566954,0.000000,0.566954,0.014979,-0.003569,0.030969,0.030969,0.015990,0.080308,0.083877,0.045356,0.020741,0.000127,0.079951,0.000357,1.845285,0.001062,1.846347,1.846347,1.846347,0.923173,0.923173,0,0,1,0,0.000000,0.080000,0.008000,0.001000,5.000000,0.100000,22.000000,0.025000,0.000000
7.409000,0.500000,0.640000,-3.597754,-0.000000,-3.597754,-0.567588,0.000000,0.567588,0.014979,-0.003569,0.030969,0.030969,0.015990,0.080308,0.083877,0.045407,0.020741,0.000127,0.079951,0.000357,1.845285,0.000000,1.845285,1.845285,1.845285,0.922642,0.922642,0,0,1,0,0.000000,0.080000,0.008000,0.001000,5.000000,0.100000,22.000000,0.025000,0.000000
7.414000,0.500000,0.640000,-3.600654,-0.000000,-3.600654,-0.568224,0.000000,0.568224,0.014942,-0.003588,0.030969,0.030969,0.016027,0.080494,0.084082,0.045458,0.020741,0.000127,0.080135,0.000359,1.849799,0.001026,1.850824,1.850824,1.850824,0.925412,0.925412,0,0,1,0,0.000000,0.080000,0.008000,0.001000,5.000000,0.100000,22.000000,0.025000,0.000000
7.419000,0.500000,0.640000,-3.603558,-0.000000,-3.603558,-0.568859,0.000000,0.568859,0.014942,-0.003588,0.030969,0.030969,0.016027,0.080494,0.084082,0.045509,0.020741,0.000127,0.080135,0.000359,1.849799,0.000000,1.849799,1.849799,1.849799,0.924899,0.924899,0,0,1,0,0.000000,0.080000,0.008000,0.001000,5.000000,0.100000,22.000000,0.025000,0.000000
7.424000,0.500000,0.640000,-3.606464,-0.000000,-3.606464,-0.569498,0.000000,0.569498,0.014905,-0.003599,0.030969,0.030969,0.016064,0.080679,0.084277,0.045560,0.020741,0.000128,0.080319,0.000360,1.854101,0.000978,1.855078,1.855078,1.855078,0.927539,0.927539,0,0,1,0,0.000000,0.080000,0.008000,0.001000,5.000000,0.100000,22.000000,0.025000,0.000000
7.429000,0.500000,0.640000,-3.609375,-0.000000,-3.609375,-0.570136,0.000000,0.570136,0.014905,-0.003599,0.030969,0.030969,0.016064,0.080679,0.084277,0.045611,0.020741,0.000128,0.080319,0.000360,1.854101,0.000000,1.854101,1.854101,1.854101,0.927050,0.927050,0,0,1,0,0.000000,0.080000,0.008000,0.001000,5.000000,0.100000,22.000000,0.025000,0.000000
7.434000,0.500000,0.640000,-3.612288,-0.000000,-3.612288,-0.570777,0.000000,0.570777,0.014869,-0.003602,0.030969,0.030969,0.016100,0.080861,0.084463,0.045662,0.020741,0.000128,0.080501,0.000360,1.858195,0.000930,1.859125,1.859125,1.859125,0.929563,0.929563,0,0,1,0,0.000000,0.080000,0.008000,0.001000,5.000000,0.100000,22.000000,0.025000,0.000000
7.443000,0.500000,0.640000,-3.618125,-0.000000,-3.618125,-0.572062,0.000000,0.572062,0.014832,-0.003601,0.030969,0.030969,0.016136,0.081041,0.084642,0.045765,0.020741,0.000143,0.080681,0.000360,1.862122,0.000496,1.862618,1.862618,1.862618,0.931309,0.931309,0,0,1,0,0.000000,0.080000,0.008000,0.001000,5.000000,0.100000,22.000000,0.025000,0.000000
7.448000,0.500000,0.640000,-3.621048,-0.000000,-3.621048,-0.572706,0.000000,0.572706,0.014832,-0.003601,0.030969,0.030969,0.016136,0.081041,0.084642,0.045816,0.020741,0.000129,0.080681,0.000360,1.862122,0.000000,1.862122,1.862122,1.862122,0.931061,0.931061,0,0,1,0,0.000000,0.080000,0.008000,0.001000,5.000000,0.100000,22.000000,0.025000,0.000000
7.453000,0.500000,0.640000,-3.623975,-0.000000,-3.623975,-0.573352,0.000000,0.573352,0.014797,-0.003594,0.030969,0.030969,0.016172,0.081220,0.084814,0.045868,0.020741,0.000129,0.080860,0.000359,1.865900,0.000859,1.866759,1.866759,1.866759,0.933380,0.933380,0,0,1,0,0.000000,0.080000,0.008000,0.001000,5.000000,0.100000,22.000000,0.025000,0.000000
7.458000,0.500000,0.640000,-3.626905,-0.000000,-3.626905,-0.573998,0.000000,0.573998,0.014797,-0.003594,0.030969,0.030969,0.016172,0.081220,0.084814,0.045920,0.020741,0.000129,0.080860,0.000359,1.865900,0.000000,1.865900,1.865900,1.865900,0.932950,0.932950,0,0,1,0,0.000000,0.080000,0.008000,0.001000,5.000000,0.100000,22.000000,0.025000,0.000000
7.463000,0.500000,0.640000,-3.629838,-0.000000,-3.629838,-0.574645,0.000000,0.574645,0.014761,-0.003588,0.030969,0.030969,0.016208,0.081398,0.084985,0.045972,0.020741,0.000129,0.081039,0.000359,1.869675,0.000858,1.870533,1.870533,1.870533,0.935266,0.935266,0,0,1,0,0.000000,0.080000,0.008000,0.001000,5.000000,0.100000,22.000000,0.025000,0.000000
7.468000,0.500000,0.640000,-3.632775,-0.000000,-3.632775,-0.575292,0.000000,0.575292,0.014761,-0.003588,0.030969,0.030969,0.016208,0.081398,0.084985,0.046023,0.020741,0.000129,0.081039,0.000359,1.869675,0.000000,1.869675,1.869675,1.869675,0.934838,0.934838,0,0,1,0,0.000000,0.080000,0.008000,0.001000,5.000000,0.100000,22.000000,0.025000,0.000000
7.473000,0.500000,0.640000,-3.635715,-0.000000,-3.635715,-0.575941,0.000000,0.575941,0.014725,-0.003584,0.030969,0.030969,0.016244,0.081576,0.085160,0.046075,0.020741,0.000130,0.081218,0.000358,1.873522,0.000874,1.874396,1.874396,1.874396,0.937198,0.937198,0,0,1,0,0.000000,0.080000,0.008000,0.001000,5.000000,0.100000,22.000000,0.025000,0.000000
7.478000,0.500000,0.640000,-3.638658,-0.000000,-3.638658,-0.576589,0.000000,0.576589,0.014725,-0.003584,0.030969,0.030969,0.016244,0.081576,0.085160,0.046127,0.020741,0.000130,0.081218,0.000358,1.873522,0.000000,1.873522,1.873522,1.873522,0.936761,0.936761,0,0,1,0,0.000000,0.080000,0.008000,0.001000,5.000000,0.100000,22.000000,0.025000,0.000000
7.487000,0.500000,0.640000,-3.644555,-0.000000,-3.644555,-0.577887,0.000000,0.577887,0.014689,-0.003585,0.030969,0.030969,0.016279,0.081756,0.085341,0.046231,0.020741,0.000144,0.081397,0.000359,1.877498,0.000502,1.878000,1.878000,1.878000,0.939000,0.939000,0,0,1,0,0.000000,0.080000,0.008000,0.001000,5.000000,0.100000,22.000000,0.025000,0.000000
7.492000,0.500000,0.640000,-3.647508,-0.000000,-3.647508,-0.578535,0.000000,0.578535,0.014653,-0.003607,0.030969,0.030969,0.016316,0.081940,0.085547,0.046283,0.020741,0.000130,0.081579,0.000361,1.882024,0.001029,1.883053,1.883053,1.883053,0.941526,0.941526,0,0,1,0,0.000000,0.080000,0.008000,0.001000,5.000000,0.100000,22.000000,0.025000,0.000000
7.497000,0.500000,0.640000,-3.650464,-0.000000,-3.650464,-0.579182,0.000000,0.579182,0.014653,-0.003607,0.030969,0.030969,0.016316,0.081940,0.085547,0.046335,0.020741,0.000129,0.081579,0.000361,1.882024,0.000000,1.882024,1.882024,1.882024,0.941012,0.941012,0,0,1,0,0.000000,0.080000,0.008000,0.001000,5.000000,0.100000,22.000000,0.025000,0.000000
7.502000,0.500000,0.640000,-3.653423,-0.000000,-3.653423,-0.579832,0.000000,0.579832,0.014616,-0.003627,0.030969,0.030969,0.016353,0.082127,0.085754,0.046387,0.020741,0.000130,0.081765,0.000363,1.886590,0.001038,1.887627,1.887627,1.887627,0.943814,0.943814,0,0,1,0,0.000000,0.080000,0.008000,0.001000,5.000000,0.100000,22.000000,0.025000,0.000000
7.507000,0.500000,0.640000,-3.656386,-0.000000,-3.656386,-0.580480,0.000000,0.580480,0.014616,-0.003627,0.030969,0.030969,0.016353,0.082127,0.085754,0.046438,0.020741,0.000130,0.081765,0.000363,1.886590,0.000000,1.886590,1.886590,1.886590,0.943295,0.943295,0,0,1,0,0.000000,0.080000,0.008000,0.001000,5.000000,0.100000,22.000000,0.025000,0.000000
7.512000,0.500000,0.640000,-3.659352,-0.000000,-3.659352,-0.581131,0.000000,0.581131,0.014579,-0.003645,0.030969,0.030969,0.016390,0.082316,0.085960,0.046490,0.020741,0.000130,0.081951,0.000364,1.891122,0.001030,1.892152,1.892152,1.892152,0.946076,0.946076,0,0,1,0,0.000000,0.080000,0.008000,0.001000,5.000000,0.100000,22.000000,0.025000,0.000000
7.517000,0.500000,0.640000,-3.662321,-0.000000,-3.662321,-0.581782,0.000000,0.581782,0.014579,-0.003645,0.030969,0.030969,0.016390,0.082316,0.085960,0.046543,0.020741,0.000130,0.081951,0.000364,1.891122,0.000000,1.891122,1.891122,1.891122,0.945561,0.945561,0,0,1,0,0.000000,0.080000,0.008000,0.001000,5.000000,0.100000,22.000000,0.025000,0.000000
7.526000,0.500000,0.640000,-3.668270,-0.000000,-3.668270,-0.583087,0.000000,0.583087,0.014541,-0.003659,0.030969,0.030969,0.016428,0.082504,0.086163,0.046647,0.020741,0.000145,0.082138,0.000366,1.895576,0.000562,1.896138,1.896138,1.896138,0.948069,0.948069,0,0,1,0,0.000000,0.080000,0.008000,0.001000,5.000000,0.100000,22.000000,0.025000,0.000000
7.531000,0.500000,0.640000,-3.671250,-0.000000,-3.671250,-0.583739,0.000000,0.583739,0.014504,-0.003686,0.030969,0.030969,0.016465,0.082694,0.086380,0.046699,0.020741,0.000130,0.082325,0.000369,1.900367,0.001089,1.901455,1.901455,1.901455,0.950728,0.950728,0,0,1,0,0.000000,0.080000,0.008000,0.001000,5.000000,0.100000,22.000000,0.025000,0.000000
7.536000,0.500000,0.640000,-3.674232,-0.000000,-3.674232,-0.584391,0.000000,0.584391,0.014504,-0.003686,0.030969,0.030969,0.016465,0.082694,0.086380,0.046751,0.020741,0.000131,0.082325,0.000369,1.900367,0.000000,1.900367,1.900367,1.900367,0.950183,0.950183,0,0,1,0,0.000000,0.080000,0.008000,0.001000,5.000000,0.100000,22.000000,0.025000,0.000000
7.541000,0.500000,0.640000,-3.677218,-0.000000,-3.677218,-0.585046,0.000000,0.585046,0.014466,-0.003702,0.030969,0.030969,0.016503,0.082885,0.086587,0.046804,0.020741,0.000131,0.082515,0.000370,1.904923,0.001036,1.905959,1.905959,1.905959,0.952979,0.952979,0,0,1,0,0.000000,0.080000,0.008000,0.001000,5.000000,0.100000,22.000000,0.025000,0.000000
7.546000,0.500000,0.640000,-3.680208,-0.000000,-3.680208,-0.585702,0.000000,0.585702,0.014466,-0.003702,0.030969,0.030969,0.016503,0.082885,0.086587,0.046856,0.020741,0.000131,0.082515,0.000370,1.904923,0.000000,1.904923,1.904923,1.904923,0.952462,0.952462,0,0,1,0,0.000000,0.080000,0.008000,0.001000,5.000000,0.100000,22.000000,0.025000,0.000000
7.551000,0.500000,0.640000,-3.683201,-0.000000,-3.683201,-0.586360,0.000000,0.586360,0.014428,-0.003708,0.030969,0.030969,0.016541,0.083074,0.086783,0.046909,0.020741,0.000132,0.082703,0.000371,1.909216,0.000976,1.910192,1.910192,1.910192,0.955096,0.955096,0,0,1,0,0.000000,0.080000,0.008000,0.001000,5.000000,0.100000,22.000000,0.025000,0.000000
7.556000,0.500000,0.640000,-3.686197,-0.000000,-3.686197,-0.587018,0.000000,0.587018,0.014428,-0.003708,0.030969,0.030969,0.016541,0.083074,0.086783,0.046961,0.020741,0.000132,0.082703,0.000371,1.909216,0.000000,1.909216,1.909216,1.909216,0.954608,0.954608,0,0,1,0,0.000000,0.080000,0.008000,0.001000,5.000000,0.100000,22.000000,0.025000,0.000000
7.561000,0.500000,0.640000,-3.689197,-0.000000,-3.689197,-0.587679,0.000000,0.587679,0.014391,-0.003707,0.030969,0.030969,0.016578,0.083260,0.086967,0.047014,0.020741,0.000132,0.082890,0.000371,1.913280,0.000924,1.914204,1.914204,1.914204,0.957102,0.957102,0,0,1,0,0.000000,0.080000,0.008000,0.001000,5.000000,0.100000,22.000000,0.025000,0.000000
7.566000,0.500000,0.640000,-3.692200,-0.000000,-3.692200,-0.588340,0.000000,0.588340,0.014391,-0.003707,0.030969,0.030969,0.016578,0.083260,0.086967,0.047067,0.020741,0.000132,0.082890,0.000371,1.913280,0.000000,1.913280,1.913280,1.913280,0.956640,0.956640,0,0,1,0,0.000000,0.080000,0.008000,0.001000,5.000000,0.100000,22.000000,0.025000,0.000000
7.575000,0.500000,0.640000,-3.695207,-0.000000,-3.695207,-0.589003,0.000000,0.589003,0.014354,-0.003701,0.030969,0.030969,0.016615,0.083444,0.087145,0.047120,0.020741,0.000074,0.083074,0.000370,1.917187,0.000493,1.917680,1.917680,1.917680,0.958840,0.958840,0,0,1,0,0.000000,0.080000,0.008000,0.001000,5.000000,0.100000,22.000000,0.025000,0.000000
7.580000,0.500000,0.640000,-3.698217,-0.000000,-3.698217,-0.589667,0.000000,0.589667,0.014354,-0.003701,0.030969,0.030969,0.016615,0.083444,0.087145,0.047173,0.020741,0.000133,0.083074,0.000370,1.917187,0.000000,1.917187,1.917187,1.917187,0.958593,0.958593,0,0,1,0,0.000000,0.080000,0.008000,0.001000,5.000000,0.100000,22.000000,0.025000,0.000000
7.585000,0.500000,0.640000,-3.701230,-0.000000,-3.701230,-0.590330,0.000000,0.590330,0.014317,-0.003707,0.030969,0.030969,0.016652,0.083630,0.087337,0.047226,0.020741,0.000133,0.083259,0.000371,1.921416,0.000961,1.922377,1.922377,1.922377,0.961189,0.961189,0,0,1,0,0.000000,0.080000,0.008000,0.001000,5.000000,0.100000,22.000000,0.025000,0.000000
7.590000,0.500000,0.640000,-3.704247,-0.000000,-3.704247,-0.590993,0.000000,0.590993,0.014317,-0.003707,0.030969,0.030969,0.016652,0.083630,0.087337,0.047279,0.020741,0.000133,0.083259,0.000371,1.921416,0.000000,1.921416,1.921416,1.921416,0.960708,0.960708,0,0,1,0,0.000000,0.080000,0.008000,0.001000,5.000000,0.100000,22.000000,0.025000,0.000000
7.595000,0.500000,0.640000,-3.707267,-0.000000,-3.707267,-0.591655,0.000000,0.591655,0.014279,-0.003725,0.030969,0.030969,0.016689,0.083820,0.087545,0.047332,0.020741,0.000132,0.083447,0.000373,1.925982,0.001038,1.927020,1.927020,1.927020,0.963510,0.963510,0,0,1,0,0.000000,0.080000,0.008000,0.001000,5.000000,0.100000,22.000000,0.025000,0.000000
7.600000,0.500000,0.640000,-3.710290,-0.000000,-3.710290,-0.592318,0.000000,0.592318,0.014279,-0.003725,0.030969,0.030969,0.016689,0.083820,0.087545,0.047385,0.020741,0.000133,0.083447,0.000373,1.925982,0.000000,1.925982,1.925982,1.925982,0.962991,0.962991,0,0,1,0,0.000000,0.080000,0.008000,0.001000,5.000000,0.100000,22.000000,0.025000,0.000000
7.609000,0.500000,0.640000,-3.716347,-0.000000,-3.716347,-0.593649,0.000000,0.593649,0.014241,-0.003736,0.030969,0.030969,0.016727,0.084011,0.087747,0.047492,0.020741,0.000148,0.083637,0.000374,1.930425,0.000561,1.930986,1.930986,1.930986,0.965493,0.965493,0,0,1,0,0.000000,0.080000,0.008000,0.001000,5.000000,0.100000,22.000000,0.025000,0.000000
7.614000,0.500000,0.640000,-3.719380,-0.000000,-3.719380,-0.594313,0.000000,0.594313,0.014203,-0.003757,0.030969,0.030969,0.016765,0.084203,0.087960,0.047545,0.020741,0.000133,0.083827,0.000376,1.935129,0.001069,1.936199,1.936199,1.936199,0.968099,0.968099,0,0,1,0,0.000000,0.080000,0.008000,0.001000,5.000000,0.100000,22.000000,0.025000,0.000000
7.619000,0.500000,0.640000,-3.722417,-0.000000,-3.722417,-0.594979,0.000000,0.594979,0.014203,-0.003757,0.030969,0.030969,0.016765,0.084203,0.087960,0.047598,0.020741,0.000133,0.083827,0.000376,1.935129,0.000000,1.935129,1.935129,1.935129,0.967565,0.967565,0,0,1,0,0.000000,0.080000,0.008000,0.001000,5.000000,0.100000,22.000000,0.025000,0.000000
7.624000,0.500000,0.640000,-3.725457,-0.000000,-3.725457,-0.595647,0.000000,0.595647,0.014165,-0.003766,0.030969,0.030969,0.016804,0.084396,0.088162,0.047652,0.020741,0.000134,0.084019,0.000377,1.939565,0.001008,1.940573,1.940573,1.940573,0.970287,0.970287,0,0,1,0,0.000000,0.080000,0.008000,0.001000,5.000000,0.100000,22.000000,0.025000,0.000000
7.629000,0.500000,0.640000,-3.728501,-0.000000,-3.728501,-0.596316,0.000000,0.596316,0.014165,-0.003766,0.030969,0.030969,0.016804,0.084396,0.088162,0.047705,0.020741,0.000134,0.084019,0.000377,1.939565,0.000000,1.939565,1.939565,1.939565,0.969783,0.969783,0,0,1,0,0.000000,0.080000,0.008000,0.001000,5.000000,0.100000,22.000000,0.025000,0.000000
7.634000,0.500000,0.640000,-3.731548,-0.000000,-3.731548,-0.596987,0.000000,0.596987,0.014127,-0.003766,0.030969,0.030969,0.016842,0.084586,0.088352,0.047759,0.020741,0.000134,0.084209,0.000377,1.943743,0.000950,1.944692,1.944692,1.944692,0.972346,0.972346,0,0,1,0,0.000000,0.080000,0.008000,0.001000,5.000000,0.100000,22.000000,0.025000,0.000000
7.639000,0.500000,0.640000,-3.734599,-0.000000,-3.734599,-0.597658,0.000000,0.597658,0.014127,-0.003766,0.030969,0.030969,0.016842,0.084586,0.088352,0.047813,0.020741,0.000134,0.084209,0.000377,1.943743,0.000000,1.943743,1.943743,1.943743,0.971871,0.971871,0,0,1,0,0.000000,0.080000,0.008000,0.001000,5.000000,0.100000,22.000000,0.025000,0.000000
7.644000,0.500000,0.640000,-3.737653,-0.000000,-3.737653,-0.598332,0.000000,0.598332,0.014089,-0.003760,0.030969,0.030969,0.016879,0.084773,0.088533,0.047867,0.020741,0.000135,0.084397,0.000376,1.947732,0.000907,1.948638,1.948638,1.948638,0.974319,0.974319,0,0,1,0,0.000000,0.080000,0.008000,0.001000,5.000000,0.100000,22.000000,0.025000,0.000000
7.649000,0.500000,0.640000,-3.740711,-0.000000,-3.740711,-0.599006,0.000000,0.599006,0.014089,-0.003760,0.030969,0.030969,0.016879,0.084773,0.088533,0.047921,0.020741,0.000135,0.084397,0.000376,1.947732,0.000000,1.947732,1.947732,1.947732,0.973866,0.973866,0,0,1,0,0.000000,0.080000,0.008000,0.001000,5.000000,0.100000,22.000000,0.025000,0.000000
7.654000,0.500000,0.640000,-3.743772,-0.000000,-3.743772,-0.599682,0.000000,0.599682,0.014052,-0.003752,0.030969,0.030969,0.016917,0.084959,0.088710,0.047975,0.020741,0.000135,0.084583,0.000375,1.951625,0.000885,1.952510,1.952510,1.952510,0.976255,0.976255,0,0,1,0,0.000000,0.080000,0.008000,0.001000,5.000000,0.100000,22.000000,0.025000,0.000000
7.659000,0.500000,0.640000,-3.746837,-0.000000,-3.746837,-0.600358,0.000000,0.600358,0.014052,-0.003752,0.030969,0.030969,0.016917,0.084959,0.088710,0.048029,0.020741,0.000135,0.084583,0.000375,1.951625,0.000000,1.951625,1.951625,1.951625,0.975813,0.975813,0,0,1,0,0.000000,0.080000,0.008000,0.001000,5.000000,0.100000,22.000000,0.025000,0.000000
7.668000,0.500000,0.640000,-3.752977,-0.000000,-3.752977,-0.601713,0.000000,0.601713,0.014015,-0.003744,0.030969,0.030969,0.016954,0.085144,0.088888,0.048137,0.020741,0.000151,0.084769,0.000374,1.955526,0.000492,1.956018,1.956018,1.956018,0.978009,0.978009,0,0,1,0,0.000000,0.080000,0.008000,0.001000,5.000000,0.100000,22.000000,0.025000,0.000000
7.673000,0.500000,0.640000,-3.756051,-0.000000,-3.756051,-0.602390,0.000000,0.602390,0.013977,-0.003754,0.030969,0.030969,0.016991,0.085332,0.089087,0.048191,0.020741,0.000135,0.084957,0.000375,1.959908,0.000996,1.960904,1.960904,1.960904,0.980452,0.980452,0,0,1,0,0.000000,0.080000,0.008000,0.001000,5.000000,0.100000,22.000000,0.025000,0.000000
7.678000,0.500000,0.640000,-3.759130,-0.000000,-3.759130,-0.603066,0.000000,0.603066,0.013977,-0.003754,0.030969,0.030969,0.016991,0.085332,0.089087,0.048245,0.020741,0.000135,0.084957,0.000375,1.959908,0.000000,1.959908,1.959908,1.959908,0.979954,0.979954,0,0,1,0,0.000000,0.080000,0.008000,0.001000,5.000000,0.100000,22.000000,0.025000,0.000000
7.683000,0.500000,0.640000,-3.762211,-0.000000,-3.762211,-0.603744,0.000000,0.603744,0.013939,-0.003764,0.030969,0.030969,0.017029,0.085524,0.089288,0.048300,0.020741,0.000136,0.085147,0.000376,1.964334,0.001006,1.965340,1.965340,1.965340,0.982670,0.982670,0,0,1,0,0.000000,0.080000,0.008000,0.001000,5.000000,0.100000,22.000000,0.025000,0.000000
7.688000,0.500000,0.640000,-3.765297,-0.000000,-3.765297,-0.604422,0.000000,0.604422,0.013939,-0.003764,0.030969,0.030969,0.017029,0.085524,0.089288,0.048354,0.020741,0.000136,0.085147,0.000376,1.964334,0.000000,1.964334,1.964334,1.964334,0.982167,0.982167,0,0,1,0,0.000000,0.080000,0.008000,0.001000,5.000000,0.100000,22.000000,0.025000,0.000000
7.693000,0.500000,0.640000,-3.768385,-0.000000,-3.768385,-0.605101,0.000000,0.605101,0.013901,-0.003774,0.030969,0.030969,0.017068,0.085716,0.089490,0.048408,0.020741,0.000136,0.085338,0.000377,1.968789,0.001013,1.969802,1.969802,1.969802,0.984901,0.984901,0,0,1,0,0.000000,0.080000,0.008000,0.001000,5.000000,0.100000,22.000000,0.025000,0.000000
7.698000,0.500000,0.640000,-3.771477,-0.000000,-3.771477,-0.605780,0.000000,0.605780,0.013901,-0.003774,0.030969,0.030969,0.017068,0.085716,0.089490,0.048462,0.020741,0.000136,0.085338,0.000377,1.968789,0.000000,1.968789,1.968789,1.968789,0.984395,0.984395,0,0,1,0,0.000000,0.080000,0.008000,0.001000,5.000000,0.100000,22.000000,0.025000,0.000000
7.703000,0.500000,0.640000,-3.774573,-0.000000,-3.774573,-0.606461,0.000000,0.606461,0.013863,-0.003785,0.030969,0.030969,0.017106,0.085909,0.089694,0.048517,0.020741,0.000136,0.085530,0.000379,1.973265,0.001017,1.974282,1.974282,1.974282,0.987141,0.987141,0,0,1,0,0.000000,0.080000,0.008000,0.001000,5.000000,0.100000,22.000000,0.025000,0.000000
7.708000,0.500000,0.640000,-3.777672,-0.000000,-3.777672,-0.607141,0.000000,0.607141,0.013863,-0.003785,0.030969,0.030969,0.017106,0.085909,0.089694,0.048571,0.020741,0.000136,0.085530,0.000379,1.973265,0.000000,1.973265,1.973265,1.973265,0.986632,0.986632,0,0,1,0,0.000000,0.080000,0.008000,0.001000,5.000000,0.100000,22.000000,0.025000,0.000000
7.713000,0.500000,0.640000,-3.780774,-0.000000,-3.780774,-0.607824,0.000000,0.607824,0.013824,-0.003796,0.030969,0.030969,0.017145,0.086102,0.089898,0.048626,0.020741,0.000136,0.085723,0.000380,1.977751,0.001020,1.978771,1.978771,1.978771,0.989385,0.989385,0,0,1,0,0.000000,0.080000,0.008000,0.001000,5.000000,0.100000,22.000000,0.025000,0.000000
7.722000,0.500000,0.640000,-3.786990,-0.000000,-3.786990,-0.609190,0.000000,0.609190,0.013786,-0.003806,0.030969,0.030969,0.017183,0.086296,0.090102,0.048735,0.020741,0.000152,0.085915,0.000381,1.982238,0.000567,1.982805,1.982805,1.982805,0.991402,0.991402,0,0,1,0,0.000000,0.080000,0.008000,0.001000,5.000000,0.100000,22.000000,0.025000,0.000000
7.727000,0.500000,0.640000,-3.790103,-0.000000,-3.790103,-0.609874,0.000000,0.609874,0.013786,-0.003806,0.030969,0.030969,0.017183,0.086296,0.090102,0.048790,0.020741,0.000137,0.085915,0.000381,1.982238,0.000000,1.982238,1.982238,1.982238,0.991119,0.991119,0,0,1,0,0.000000,0.080000,0.008000,0.001000,5.000000,0.100000,22.000000,0.025000,0.000000
7.732000,0.500000,0.640000,-3.793219,-0.000000,-3.793219,-0.610559,0.000000,0.610559,0.013747,-0.003814,0.030969,0.030969,0.017222,0.086489,0.090303,0.048845,0.020741,0.000137,0.086108,0.000381,1.986668,0.001007,1.987675,1.987675,1.987675,0.993837,0.993837,0,0,1,0,0.000000,0.080000,0.008000,0.001000,5.000000,0.100000,22.000000,0.025000,0.000000
7.737000,0.500000,0.640000,-3.796339,-0.000000,-3.796339,-0.611245,0.000000,0.611245,0.013747,-0.003814,0.030969,0.030969,0.017222,0.086489,0.090303,0.048900,0.020741,0.000137,0.086108,0.000381,1.986668,0.000000,1.986668,1.986668,1.986668,0.993334,0.993334,0,0,1,0,0.000000,0.080000,0.008000,0.001000,5.000000,0.100000,22.000000,0.025000,0.000000
7.742000,0.500000,0.640000,-3.799463,-0.000000,-3.799463,-0.611932,0.000000,0.611932,0.013709,-0.003822,0.030969,0.030969,0.017260,0.086683,0.090505,0.048955,0.020741,0.000137,0.086301,0.000382,1.991108,0.001009,1.992117,1.992117,1.992117,0.996059,0.996059,0,0,1,0,0.000000,0.080000,0.008000,0.001000,5.000000,0.100000,22.000000,0.025000,0.000000
7.747000,0.500000,0.640000,-3.802590,-0.000000,-3.802590,-0.612619,0.000000,0.612619,0.013709,-0.003822,0.030969,0.030969,0.017260,0.086683,0.090505,0.049010,0.020741,0.000137,0.086301,0.000382,1.991108,0.000000,1.991108,1.991108,1.991108,0.995554,0.995554,0,0,1,0,0.000000,0.080000,0.008000,0.001000,5.000000,0.100000,22.000000,0.025000,0.000000
7.752000,0.500000,0.640000,-3.805720,-0.000000,-3.805720,-0.613308,0.000000,0.613308,0.013670,-0.003830,0.030969,0.030969,0.017299,0.086878,0.090707,0.049065,0.020741,0.000138,0.086495,0.000383,1.995561,0.001012,1.996573,1.996573,1.996573,0.998287,0.998287,0,0,1,0,0.000000,0.080000,0.008000,0.001000,5.000000,0.100000,22.000000,0.025000,0.000000
7.757000,0.500000,0.640000,-3.808854,-0.000000,-3.808854,-0.613997,0.000000,0.613997,0.013670,-0.003830,0.030969,0.030969,0.017299,0.086878,0.090707,0.049120,0.020741,0.000138,0.086495,0.000383,1.995561,0.000000,1.995561,1.995561,1.995561,0.997781,0.997781,0,0,1,0,0.000000,0.080000,0.008000,0.001000,5.000000,0.100000,22.000000,0.025000,0.000000
7.766000,0.500000,0.640000,-3.815133,-0.000000,-3.815133,-0.615377,0.000000,0.615377,0.013631,-0.003838,0.030969,0.030969,0.017338,0.087072,0.090911,0.049230,0.020741,0.000153,0.086689,0.000384,2.000031,0.000564,2.000596,2.000596,2.000596,1.000298,1.000298,0,0,1,0,0.000000,0.080000,0.008000,0.001000,5.000000,0.100000,22.000000,0.025000,0.000000
7.771000,0.500000,0.640000,-3.818277,-0.000000,-3.818277,-0.616066,0.000000,0.616066,0.013592,-0.003864,0.030969,0.030969,0.017377,0.087271,0.091135,0.049285,0.020741,0.000138,0.086885,0.000386,2.004964,0.001121,2.006085,2.006085,2.006085,1.003042,1.003042,0,0,1,0,0.000000,0.080000,0.008000,0.001000,5.000000,0.100000,22.000000,0.025000,0.000000
7.776000,0.500000,0.640000,-3.821425,-0.000000,-3.821425,-0.616755,0.000000,0.616755,0.013592,-0.003864,0.030969,0.030969,0.017377,0.087271,0.091135,0.049340,0.020741,0.000138,0.086885,0.000386,2.004964,0.000000,2.004964,2.004964,2.004964,1.002482,1.002482,0,0,1,0,0.000000,0.080000,0.008000,0.001000,5.000000,0.100000,22.000000,0.025000,0.000000
7.781000,0.500000,0.640000,-3.821425,-0.000000,-3.821425,-0.616755,0.000000,0.616755,0.013552,-0.003882,0.030969,0.030969,0.017417,0.087472,0.091354,0.049340,0.020741,0.000000,0.087083,0.000388,2.009787,0.001096,2.010883,2.010883,2.010883,1.005441,1.005441,0,0,1,0,0.000000,0.080000,0.008000,0.001000,5.000000,0.100000,22.000000,0.025000,0.000000
7.786000,0.500000,0.640000,-3.824577,-0.000000,-3.824577,-0.617447,0.000000,0.617447,0.013552,-0.003882,0.030969,0.030969,0.017417,0.087472,0.091354,0.049396,0.020741,0.000138,0.087083,0.000388,2.009787,0.000000,2.009787,2.009787,2.009787,1.004893,1.004893,0,0,1,0,0.000000,0.080000,0.008000,0.001000,5.000000,0.100000,22.000000,0.025000,0.000000
7.795000,0.500000,0.640000,-3.830890,-0.000000,-3.830890,-0.618832,0.000000,0.618832,0.013512,-0.003895,0.030969,0.030969,0.017456,0.087671,0.091566,0.049507,0.020741,0.000154,0.087282,0.000389,2.014450,0.000589,2.015038,2.015038,2.015038,1.007519,1.007519,0,0,1,0,0.000000,0.080000,0.008000,0.001000,5.000000,0.100000,22.000000,0.025000,0.000000
7.800000,0.500000,0.640000,-3.834053,-0.000000,-3.834053,-0.619526,0.000000,0.619526,0.013512,-0.003895,0.030969,0.030969,0.017456,0.087671,0.091566,0.049562,0.020741,0.000139,0.087282,0.000389,2.014450,0.000000,2.014450,2.014450,2.014450,1.007225,1.007225,0,0,1,0,0.000000,0.080000,0.008000,0.001000,5.000000,0.100000,22.000000,0.025000,0.000000
7.805000,0.500000,0.640000,-3.837218,-0.000000,-3.837218,-0.620220,0.000000,0.620220,0.013473,-0.003919,0.030969,0.030969,0.017496,0.087872,0.091791,0.049618,0.020741,0.000139,0.087480,0.000392,2.019412,0.001128,2.020540,2.020540,2.020540,1.010270,1.010270,0,0,1,0,0.000000,0.080000,0.008000,0.001000,5.000000,0.100000,22.000000,0.025000,0.000000
7.810000,0.500000,0.640000,-3.840387,-0.000000,-3.840387,-0.620914,0.000000,0.620914,0.013473,-0.003919,0.030969,0.030969,0.017496,0.087872,0.091791,0.049673,0.020741,0.000139,0.087480,0.000392,2.019412,0.000000,2.019412,2.019412,2.019412,1.009706,1.009706,0,0,1,0,0.000000,0.080000,0.008000,0.001000,5.000000,0.100000,22.000000,0.025000,0.000000
7.815000,0.500000,0.640000,-3.843560,-0.000000,-3.843560,-0.621607,0.000000,0.621607,0.013432,-0.003950,0.030969,0.030969,0.017536,0.088077,0.092027,0.049729,0.020741,0.000139,0.087682,0.000395,2.024596,0.001178,2.025774,2.025774,2.025774,1.012887,1.012887,0,0,1,0,0.000000,0.080000,0.008000,0.001000,5.000000,0.100000,22.000000,0.025000,0.000000
7.824000,0.500000,0.640000,-3.849916,-0.000000,-3.849916,-0.623000,0.000000,0.623000,0.013392,-0.003964,0.030969,0.030969,0.017577,0.088282,0.092246,0.049840,0.020741,0.000155,0.087886,0.000396,2.029420,0.000609,2.030029,2.030029,2.030029,1.015015,1.015015,0,0,1,0,0.000000,0.080000,0.008000,0.001000,5.000000,0.100000,22.000000,0.025000,0.000000
7.829000,0.500000,0.640000,-3.853099,-0.000000,-3.853099,-0.623699,0.000000,0.623699,0.013392,-0.003964,0.030969,0.030969,0.017577,0.088282,0.092246,0.049896,0.020741,0.000140,0.087886,0.000396,2.029420,0.000000,2.029420,2.029420,2.029420,1.014710,1.014710,0,0,1,0,0.000000,0.080000,0.008000,0.001000,5.000000,0.100000,22.000000,0.025000,0.000000
7.834000,0.500000,0.640000,-3.856286,-0.000000,-3.856286,-0.624401,0.000000,0.624401,0.013352,-0.003962,0.030969,0.030969,0.017617,0.088481,0.092444,0.049952,0.020741,0.000140,0.088085,0.000396,2.033758,0.000986,2.034744,2.034744,2.034744,1.017372,1.017372,0,0,1,0,0.000000,0.080000,0.008000,0.001000,5.000000,0.100000,22.000000,0.025000,0.000000
7.839000,0.500000,0.640000,-3.859477,-0.000000,-3.859477,-0.625104,0.000000,0.625104,0.013352,-0.003962,0.030969,0.030969,0.017617,0.088481,0.092444,0.050008,0.020741,0.000141,0.088085,0.000396,2.033758,0.000000,2.033758,2.033758,2.033758,1.016879,1.016879,0,0,1,0,0.000000,0.080000,0.008000,0.001000,5.000000,0.100000,22.000000,0.025000,0.000000
7.844000,0.500000,0.640000,-3.862672,-0.000000,-3.862672,-0.625809,0.000000,0.625809,0.013312,-0.003950,0.030969,0.030969,0.017656,0.088677,0.092626,0.050065,0.020741,0.000141,0.088282,0.000395,2.037779,0.000914,2.038692,2.038692,2.038692,1.019346,1.019346,0,0,1,0,0.000000,0.080000,0.008000,0.001000,5.000000,0.100000,22.000000,0.025000,0.000000
7.849000,0.500000,0.640000,-3.865870,-0.000000,-3.865870,-0.626515,0.000000,0.626515,0.013312,-0.003950,0.030969,0.030969,0.017656,0.088677,0.092626,0.050121,0.020741,0.000141,0.088282,0.000395,2.037779,0.000000,2.037779,2.037779,2.037779,1.018889,1.018889,0,0,1,0,0.000000,0.080000,0.008000,0.001000,5.000000,0.100000,22.000000,0.025000,0.000000
7.854000,0.500000,0.640000,-3.869072,-0.000000,-3.869072,-0.627224,0.000000,0.627224,0.013274,-0.003932,0.030969,0.030969,0.017695,0.088869,0.092801,0.050178,0.020741,0.000142,0.088476,0.000393,2.041621,0.000873,2.042495,2.042495,2.042495,1.021247,1.021247,0,0,1,0,0.000000,0.080000,0.008000,0.001000,5.000000,0.100000,22.000000,0.025000,0.000000
7.859000,0.500000,0.640000,-3.872278,-0.000000,-3.872278,-0.627932,0.000000,0.627932,0.013274,-0.003932,0.030969,0.030969,0.017695,0.088869,0.092801,0.050235,0.020741,0.000142,0.088476,0.000393,2.041621,0.000000,2.041621,2.041621,2.041621,1.020811,1.020811,0,0,1,0,0.000000,0.080000,0.008000,0.001000,5.000000,0.100000,22.000000,0.025000,0.000000
7.868000,0.500000,0.640000,-3.878700,-0.000000,-3.878700,-0.629353,0.000000,0.629353,0.013235,-0.003915,0.030969,0.030969,0.017734,0.089060,0.092975,0.050348,0.020741,0.000158,0.088669,0.000391,2.045445,0.000483,2.045927,2.045927,2.045927,1.022964,1.022964,0,0,1,0,0.000000,0.080000,0.008000,0.001000,5.000000,0.100000,22.000000,0.025000,0.000000
7.873000,0.500000,0.640000,-3.881916,-0.000000,-3.881916,-0.630062,0.000000,0.630062,0.013196,-0.003917,0.030969,0.030969,0.017772,0.089254,0.093171,0.050405,0.020741,0.000142,0.088862,0.000392,2.049770,0.000983,2.050753,2.050753,2.050753,1.025376,1.025376,0,0,1,0,0.000000,0.080000,0.008000,0.001000,5.000000,0.100000,22.000000,0.025000,0.000000
7.878000,0.500000,0.640000,-3.885136,-0.000000,-3.885136,-0.630771,0.000000,0.630771,0.013196,-0.003917,0.030969,0.030969,0.017772,0.089254,0.093171,0.050462,0.020741,0.000142,0.088862,0.000392,2.049770,0.000000,2.049770,2.049770,2.049770,1.024885,1.024885,0,0,1,0,0.000000,0.080000,0.008000,0.001000,5.000000,0.100000,22.000000,0.025000,0.000000
7.883000,0.500000,0.640000,-3.888359,-0.000000,-3.888359,-0.631481,0.000000,0.631481,0.013157,-0.003922,0.030969,0.030969,0.017812,0.089452,0.093373,0.050518,0.020741,0.000142,0.089060,0.000392,2.054212,0.001010,2.055222,2.055222,2.055222,1.027611,1.027611,0,0,1,0,0.000000,0.080000,0.008000,0.001000,5.000000,0.100000,22.000000,0.025000,0.000000
7.888000,0.500000,0.640000,-3.891586,-0.000000,-3.891586,-0.632191,0.000000,0.632191,0.013157,-0.003922,0.030969,0.030969,0.017812,0.089452,0.093373,0.050575,0.020741,0.000142,0.089060,0.000392,2.054212,0.000000,2.054212,2.054212,2.054212,1.027106,1.027106,0,0,1,0,0.000000,0.080000,0.008000,0.001000,5.000000,0.100000,22.000000,0.025000,0.000000
7.893000,0.500000,0.640000,-3.894817,-0.000000,-3.894817,-0.632902,0.000000,0.632902,0.013117,-0.003930,0.030969,0.030969,0.017852,0.089651,0.093581,0.050632,0.020741,0.000142,0.089258,0.000393,2.058780,0.001038,2.059818,2.059818,2.059818,1.029909,1.029909,0,0,1,0,0.000000,0.080000,0.008000,0.001000,5.000000,0.100000,22.000000,0.025000,0.000000
7.898000,0.500000,0.640000,-3.898051,-0.000000,-3.898051,-0.633613,0.000000,0.633613,0.013117,-0.003930,0.030969,0.030969,0.017852,0.089651,0.093581,0.050689,0.020741,0.000142,0.089258,0.000393,2.058780,0.000000,2.058780,2.058780,2.058780,1.029390,1.029390,0,0,1,0,0.000000,0.080000,0.008000,0.001000,5.000000,0.100000,22.000000,0.025000,0.000000
7.903000,0.500000,0.640000,-3.901289,-0.000000,-3.901289,-0.634325,0.000000,0.634325,0.013077,-0.003942,0.030969,0.030969,0.017891,0.089852,0.093794,0.050746,0.020741,0.000142,0.089457,0.000394,2.063469,0.001066,2.064535,2.064535,2.064535,1.032268,1.032268,0,0,1,0,0.000000,0.080000,0.008000,0.001000,5.000000,0.100000,22.000000,0.025000,0.000000
7.908000,0.500000,0.640000,-3.904530,-0.000000,-3.904530,-0.635037,0.000000,0.635037,0.013077,-0.003942,0.030969,0.030969,0.017891,0.089852,0.093794,0.050803,0.020741,0.000142,0.089457,0.000394,2.063469,0.000000,2.063469,2.063469,2.063469,1.031735,1.031735,0,0,1,0,0.000000,0.080000,0.008000,0.001000,5.000000,0.100000,22.000000,0.025000,0.000000
7.917000,0.500000,0.640000,-3.911024,-0.000000,-3.911024,-0.636463,0.000000,0.636463,0.013037,-0.003957,0.030969,0.030969,0.017932,0.090054,0.094012,0.050917,0.020741,0.000158,0.089658,0.000396,2.068256,0.000604,2.068860,2.068860,2.068860,1.034430,1.034430,0,0,1,0,0.000000,0.080000,0.008000,0.001000,5.000000,0.100000,22.000000,0.025000,0.000000
7.922000,0.500000,0.640000,-3.914276,-0.000000,-3.914276,-0.637174,0.000000,0.637174,0.012996,-0.003992,0.030969,0.030969,0.017972,0.090261,0.094253,0.050974,0.020741,0.000142,0.089862,0.000399,2.073576,0.001209,2.074785,2.074785,2.074785,1.037392,1.037392,0,0,1,0,0.000000,0.080000,0.008000,0.001000,5.000000,0.100000,22.000000,0.025000,0.000000
7.927000,0.500000,0.640000,-3.917532,-0.000000,-3.917532,-0.637886,0.000000,0.637886,0.012996,-0.003992,0.030969,0.030969,0.017972,0.090261,0.094253,0.051031,0.020741,0.000142,0.089862,0.000399,2.073576,0.000000,2.073576,2.073576,2.073576,1.036788,1.036788,0,0,1,0,0.000000,0.080000,0.008000,0.001000,5.000000,0.100000,22.000000,0.025000,0.000000
7.932000,0.500000,0.640000,-3.920791,-0.000000,-3.920791,-0.638600,0.000000,0.638600,0.012955,-0.004018,0.030969,0.030969,0.018014,0.090471,0.094490,0.051088,0.020741,0.000143,0.090070,0.000402,2.078776,0.001182,2.079957,2.079957,2.079957,1.039979,1.039979,0,0,1,0,0.000000,0.080000,0.008000,0.001000,5.000000,0.100000,22.000000,0.025000,0.000000
7.937000,0.500000,0.640000,-3.924054,-0.000000,-3.924054,-0.639314,0.000000,0.639314,0.012955,-0.004018,0.030969,0.030969,0.018014,0.090471,0.094490,0.051145,0.020741,0.000143,0.090070,0.000402,2.078776,0.000000,2.078776,2.078776,2.078776,1.039388,1.039388,0,0,1,0,0.000000,0.080000,0.008000,0.001000,5.000000,0.100000,22.000000,0.025000,0.000000
7.942000,0.500000,0.640000,-3.927321,-0.000000,-3.927321,-0.640031,0.000000,0.640031,0.012913,-0.004037,0.030969,0.030969,0.018055,0.090680,0.094717,0.051202,0.020741,0.000143,0.090276,0.000404,2.083765,0.001134,2.084899,2.084899,2.084899,1.042449,1.042449,0,0,1,0,0.000000,0.080000,0.008000,0.001000,5.000000,0.100000,22.000000,0.025000,0.000000
7.947000,0.500000,0.640000,-3.930591,-0.000000,-3.930591,-0.640748,0.000000,0.640748,0.012913,-0.004037,0.030969,0.030969,0.018055,0.090680,0.094717,0.051260,0.020741,0.000143,0.090276,0.000404,2.083765,0.000000,2.083765,2.083765,2.083765,1.041882,1.041882,0,0,1,0,0.000000,0.080000,0.008000,0.001000,5.000000,0.100000,22.000000,0.025000,0.000000
7.952000,0.500000,0.640000,-3.933865,-0.000000,-3.933865,-0.641468,0.000000,0.641468,0.012872,-0.004046,0.030969,0.030969,0.018096,0.090886,0.094933,0.051317,0.020741,0.000144,0.090482,0.000405,2.088516,0.001080,2.089596,2.089596,2.089596,1.044798,1.044798,0,0,1,0,0.000000,0.080000,0.008000,0.001000,5.000000,0.100000,22.000000,0.025000,0.000000
7.957000,0.500000,0.640000,-3.937143,-0.000000,-3.937143,-0.642188,0.000000,0.642188,0.012872,-0.004046,0.030969,0.030969,0.018096,0.090886,0.094933,0.051375,0.020741,0.000144,0.090482,0.000405,2.088516,0.000000,2.088516,2.088516,2.088516,1.044258,1.044258,0,0,1,0,0.000000,0.080000,0.008000,0.001000,5.000000,0.100000,22.000000,0.025000,0.000000
7.966000,0.500000,0.640000,-3.943710,-0.000000,-3.943710,-0.643634,0.000000,0.643634,0.012832,-0.004048,0.030969,0.030969,0.018137,0.091091,0.095139,0.051491,0.020741,0.000161,0.090686,0.000405,2.093050,0.000572,2.093622,2.093622,2.093622,1.046811,1.046811,0,0,1,0,0.000000,0.080000,0.008000,0.001000,5.000000,0.100000,22.000000,0.025000,0.000000
7.971000,0.500000,0.640000,-3.946999,-0.000000,-3.946999,-0.644356,0.000000,0.644356,0.012791,-0.004062,0.030969,0.030969,0.018178,0.091296,0.095358,0.051549,0.020741,0.000144,0.090890,0.000406,2.097873,0.001096,2.098969,2.098969,2.098969,1.049485,1.049485,0,0,1,0,0.000000,0.080000,0.008000,0.001000,5.000000,0.100000,22.000000,0.025000,0.000000
7.976000,0.500000,0.640000,-3.950292,-0.000000,-3.950292,-0.645080,0.000000,0.645080,0.012791,-0.004062,0.030969,0.030969,0.018178,0.091296,0.095358,0.051606,0.020741,0.000145,0.090890,0.000406,2.097873,0.000000,2.097873,2.097873,2.097873,1.048937,1.048937,0,0,1,0,0.000000,0.080000,0.008000,0.001000,5.000000,0.100000,22.000000,0.025000,0.000000
7.981000,0.500000,0.640000,-3.953588,-0.000000,-3.953588,-0.645805,0.000000,0.645805,0.012750,-0.004066,0.030969,0.030969,0.018219,0.091502,0.095568,0.051664,0.020741,0.000145,0.091095,0.000407,2.102488,0.001049,2.103537,2.103537,2.103537,1.051769,1.051769,0,0,1,0,0.000000,0.080000,0.008000,0.001000,5.000000,0.100000,22.000000,0.025000,0.000000
7.986000,0.500000,0.640000,-3.956888,-0.000000,-3.956888,-0.646531,0.000000,0.646531,0.012750,-0.004066,0.030969,0.030969,0.018219,0.091502,0.095568,0.051723,0.020741,0.000145,0.091095,0.000407,2.102488,0.000000,2.102488,2.102488,2.102488,1.051244,1.051244,0,0,1,0,0.000000,0.080000,0.008000,0.001000,5.000000,0.100000,22.000000,0.025000,0.000000
7.991000,0.500000,0.640000,-3.960192,-0.000000,-3.960192,-0.647260,0.000000,0.647260,0.012709,-0.004064,0.030969,0.030969,0.018260,0.091706,0.095770,0.051781,0.020741,0.000146,0.091299,0.000406,2.106932,0.001010,2.107942,2.107942,2.107942,1.053971,1.053971,0,0,1,0,0.000000,0.080000,0.008000,0.001000,5.000000,0.100000,22.000000,0.025000,0.000000
7.996000,0.500000,0.640000,-3.963500,-0.000000,-3.963500,-0.647988,0.000000,0.647988,0.012709,-0.004064,0.030969,0.030969,0.018260,0.091706,0.095770,0.051839,0.020741,0.000146,0.091299,0.000406,2.106932,0.000000,2.106932,2.106932,2.106932,1.053466,1.053466,0,0,1,0,0.000000,0.080000,0.008000,0.001000,5.000000,0.100000,22.000000,0.025000,0.000000
8.001000,0.500000,0.640000,-3.966812,-0.000000,-3.966812,-0.648719,0.000000,0.648719,0.012668,-0.004059,0.030969,0.030969,0.018300,0.091908,0.095967,0.051898,0.020741,0.000146,0.091502,0.000406,2.111281,0.000988,2.112270,2.112270,2.112270,1.056135,1.056135,0,0,1,0,0.000000,0.080000,0.008000,0.001000,5.000000,0.100000,22.000000,0.025000,0.000000
8.006000,0.500000,0.640000,-3.970127,-0.000000,-3.970127,-0.649450,0.000000,0.649450,0.012668,-0.004059,0.030969,0.030969,0.018300,0.091908,0.095967,0.051956,0.020741,0.000146,0.091502,0.000406,2.111281,0.000000,2.111281,2.111281,2.111281,1.055641,1.055641,0,0,1,0,0.000000,0.080000,0.008000,0.001000,5.000000,0.100000,22.000000,0.025000,0.000000
8.011000,0.500000,0.640000,-3.973446,-0.000000,-3.973446,-0.650182,0.000000,0.650182,0.012628,-0.004055,0.030969,0.030969,0.018341,0.092110,0.096165,0.052015,0.020741,0.000146,0.091704,0.000405,2.115619,0.000986,2.116605,2.116605,2.116605,1.058303,1.058303,0,0,1,0,0.000000,0.080000,0.008000,0.001000,5.000000,0.100000,22.000000,0.025000,0.000000
8.016000,0.500000,0.640000,-3.976768,-0.000000,-3.976768,-0.650915,0.000000,0.650915,0.012628,-0.004055,0.030969,0.030969,0.018341,0.092110,0.096165,0.052073,0.020741,0.000146,0.091704,0.000405,2.115619,0.000000,2.115619,2.115619,2.115619,1.057810,1.057810,0,0,1,0,0.000000,0.080000,0.008000,0.001000,5.000000,0.100000,22.000000,0.025000,0.000000
8.025000,0.500000,0.640000,-3.980095,-0.000000,-3.980095,-0.651648,0.000000,0.651648,0.012587,-0.004053,0.030969,0.030969,0.018381,0.092312,0.096365,0.052132,0.020741,0.000082,0.091907,0.000405,2.120023,0.000556,2.120579,2.120579,2.120579,1.060290,1.060290,0,0,1,0,0.000000,0.080000,0.008000,0.001000,5.000000,0.100000,22.000000,0.025000,0.000000
8.030000,0.500000,0.640000,-3.983425,-0.000000,-3.983425,-0.652382,0.000000,0.652382,0.012587,-0.004053,0.030969,0.030969,0.018381,0.092312,0.096365,0.052191,0.020741,0.000147,0.091907,0.000405,2.120023,0.000000,2.120023,2.120023,2.120023,1.060012,1.060012,0,0,1,0,0.000000,0.080000,0.008000,0.001000,5.000000,0.100000,22.000000,0.025000,0.000000
8.035000,0.500000,0.640000,-3.986759,-0.000000,-3.986759,-0.653114,0.000000,0.653114,0.012546,-0.004072,0.030969,0.030969,0.018422,0.092519,0.096590,0.052249,0.020741,0.000146,0.092111,0.000407,2.124987,0.001128,2.126115,2.126115,2.126115,1.063057,1.063057,0,0,1,0,0.000000,0.080000,0.008000,0.001000,5.000000,0.100000,22.000000,0.025000,0.000000
8.040000,0.500000,0.640000,-3.990096,-0.000000,-3.990096,-0.653847,0.000000,0.653847,0.012546,-0.004072,0.030969,0.030969,0.018422,0.092519,0.096590,0.052308,0.020741,0.000146,0.092111,0.000407,2.124987,0.000000,2.124987,2.124987,2.124987,1.062493,1.062493,0,0,1,0,0.000000,0.080000,0.008000,0.001000,5.000000,0.100000,22.000000,0.025000,0.000000
8.045000,0.500000,0.640000,-3.993437,-0.000000,-3.993437,-0.654577,0.000000,0.654577,0.012504,-0.004107,0.030969,0.030969,0.018464,0.092732,0.096839,0.052366,0.020741,0.000146,0.092321,0.000411,2.130468,0.001246,2.131713,2.131713,2.131713,1.065857,1.065857,0,0,1,0,0.000000,0.080000,0.008000,0.001000,5.000000,0.100000,22.000000,0.025000,0.000000
8.050000,0.500000,0.640000,-3.996782,-0.000000,-3.996782,-0.655309,0.000000,0.655309,0.012504,-0.004107,0.030969,0.030969,0.018464,0.092732,0.096839,0.052425,0.020741,0.000146,0.092321,0.000411,2.130468,0.000000,2.130468,2.130468,2.130468,1.065234,1.065234,0,0,1,0,0.000000,0.080000,0.008000,0.001000,5.000000,0.100000,22.000000,0.025000,0.000000
8.055000,0.500000,0.640000,-4.000130,-0.000000,-4.000130,-0.656039,0.000000,0.656039,0.012462,-0.004153,0.030969,0.030969,0.018507,0.092951,0.097104,0.052483,0.020741,0.000146,0.092536,0.000415,2.136281,0.001321,2.137603,2.137603,2.137603,1.068801,1.068801,0,0,1,0,0.000000,0.080000,0.008000,0.001000,5.000000,0.100000,22.000000,0.025000,0.000000
8.060000,0.500000,0.640000,-4.003482,-0.000000,-4.003482,-0.656771,0.000000,0.656771,0.012462,-0.004153,0.030969,0.030969,0.018507,0.092951,0.097104,0.052542,0.020741,0.000146,0.092536,0.000415,2.136281,0.000000,2.136281,2.136281,2.136281,1.068141,1.068141,0,0,1,0,0.000000,0.080000,0.008000,0.001000,5.000000,0.100000,22.000000,0.025000,0.000000
8.069000,0.500000,0.640000,-4.010197,-0.000000,-4.010197,-0.658242,0.000000,0.658242,0.012418,-0.004178,0.030969,0.030969,0.018550,0.093170,0.097348,0.052659,0.020741,0.000163,0.092752,0.000418,2.141653,0.000678,2.142332,2.142332,2.142332,1.071166,1.071166,0,0,1,0,0.000000,0.080000,0.008000,0.001000,5.000000,0.100000,22.000000,0.025000,0.000000
8.074000,0.500000,0.640000,-4.013560,-0.000000,-4.013560,-0.658978,0.000000,0.658978,0.012375,-0.004208,0.030969,0.030969,0.018593,0.093388,0.097596,0.052718,0.020741,0.000147,0.092967,0.000421,2.147110,0.001240,2.148350,2.148350,2.148350,1.074175,1.074175,0,0,1,0,0.000000,0.080000,0.008000,0.001000,5.000000,0.100000,22.000000,0.025000,0.000000
8.079000,0.500000,0.640000,-4.016927,-0.000000,-4.016927,-0.659715,0.000000,0.659715,0.012375,-0.004208,0.030969,0.030969,0.018593,0.093388,0.097596,0.052777,0.020741,0.000147,0.092967,0.000421,2.147110,0.000000,2.147110,2.147110,2.147110,1.073555,1.073555,0,0,1,0,0.000000,0.080000,0.008000,0.001000,5.000000,0.100000,22.000000,0.025000,0.000000
8.084000,0.500000,0.640000,-4.020299,-0.000000,-4.020299,-0.660456,0.000000,0.660456,0.012332,-0.004215,0.030969,0.030969,0.018636,0.093603,0.097818,0.052836,0.020741,0.000148,0.093182,0.000422,2.152006,0.001113,2.153118,2.153118,2.153118,1.076559,1.076559,0,0,1,0,0.000000,0.080000,0.008000,0.001000,5.000000,0.100000,22.000000,0.025000,0.000000
8.089000,0.500000,0.640000,-4.023674,-0.000000,-4.023674,-0.661198,0.000000,0.661198,0.012332,-0.004215,0.030969,0.030969,0.018636,0.093603,0.097818,0.052896,0.020741,0.000148,0.093182,0.000422,2.152006,0.000000,2.152006,2.152006,2.152006,1.076003,1.076003,0,0,1,0,0.000000,0.080000,0.008000,0.001000,5.000000,0.100000,22.000000,0.025000,0.000000
8.094000,0.500000,0.640000,-4.027052,-0.000000,-4.027052,-0.661943,0.000000,0.661943,0.012290,-0.004205,0.030969,0.030969,0.018678,0.093813,0.098018,0.052955,0.020741,0.000149,0.093392,0.000420,2.156391,0.000997,2.157387,2.157387,2.157387,1.078694,1.078694,0,0,1,0,0.000000,0.080000,0.008000,0.001000,5.000000,0.100000,22.000000,0.025000,0.000000
8.099000,0.500000,0.640000,-4.030435,-0.000000,-4.030435,-0.662690,0.000000,0.662690,0.012290,-0.004205,0.030969,0.030969,0.018678,0.093813,0.098018,0.053015,0.020741,0.000149,0.093392,0.000420,2.156391,0.000000,2.156391,2.156391,2.156391,1.078195,1.078195,0,0,1,0,0.000000,0.080000,0.008000,0.001000,5.000000,0.100000,22.000000,0.025000,0.000000
8.104000,0.500000,0.640000,-4.033822,-0.000000,-4.033822,-0.663440,0.000000,0.663440,0.012249,-0.004183,0.030969,0.030969,0.018720,0.094017,0.098201,0.053075,0.020741,0.000150,0.093599,0.000418,2.160416,0.000915,2.161330,2.161330,2.161330,1.080665,1.080665,0,0,1,0,0.000000,0.080000,0.008000,0.001000,5.000000,0.100000,22.000000,0.025000,0.000000
8.109000,0.500000,0.640000,-4.037213,-0.000000,-4.037213,-0.664190,0.000000,0.664190,0.012249,-0.004183,0.030969,0.030969,0.018720,0.094017,0.098201,0.053135,0.020741,0.000150,0.093599,0.000418,2.160416,0.000000,2.160416,2.160416,2.160416,1.080208,1.080208,0,0,1,0,0.000000,0.080000,0.008000,0.001000,5.000000,0.100000,22.000000,0.025000,0.000000
8.114000,0.500000,0.640000,-4.040607,-0.000000,-4.040607,-0.664942,0.000000,0.664942,0.012208,-0.004158,0.030969,0.030969,0.018761,0.094218,0.098376,0.053195,0.020741,0.000150,0.093803,0.000416,2.164276,0.000877,2.165154,2.165154,2.165154,1.082577,1.082577,0,0,1,0,0.000000,0.080000,0.008000,0.001000,5.000000,0.100000,22.000000,0.025000,0.000000
8.123000,0.500000,0.640000,-4.047408,-0.000000,-4.047408,-0.666449,0.000000,0.666449,0.012168,-0.004135,0.030969,0.030969,0.018801,0.094419,0.098553,0.053316,0.020741,0.000167,0.094005,0.000413,2.168176,0.000492,2.168669,2.168669,2.168669,1.084334,1.084334,0,0,1,0,0.000000,0.080000,0.008000,0.001000,5.000000,0.100000,22.000000,0.025000,0.000000
8.128000,0.500000,0.640000,-4.050814,-0.000000,-4.050814,-0.667203,0.000000,0.667203,0.012168,-0.004135,0.030969,0.030969,0.018801,0.094419,0.098553,0.053376,0.020741,0.000151,0.094005,0.000413,2.168176,0.000000,2.168176,2.168176,2.168176,1.084088,1.084088,0,0,1,0,0.000000,0.080000,0.008000,0.001000,5.000000,0.100000,22.000000,0.025000,0.000000
8.133000,0.500000,0.640000,-4.054224,-0.000000,-4.054224,-0.667958,0.000000,0.667958,0.012127,-0.004119,0.030969,0.030969,0.018841,0.094619,0.098738,0.053437,0.020741,0.000151,0.094207,0.000412,2.172242,0.000924,2.173166,2.173166,2.173166,1.086583,1.086583,0,0,1,0,0.000000,0.080000,0.008000,0.001000,5.000000,0.100000,22.000000,0.025000,0.000000
8.138000,0.500000,0.640000,-4.057638,-0.000000,-4.057638,-0.668713,0.000000,0.668713,0.012127,-0.004119,0.030969,0.030969,0.018841,0.094619,0.098738,0.053497,0.020741,0.000151,0.094207,0.000412,2.172242,0.000000,2.172242,2.172242,2.172242,1.086121,1.086121,0,0,1,0,0.000000,0.080000,0.008000,0.001000,5.000000,0.100000,22.000000,0.025000,0.000000
8.143000,0.500000,0.640000,-4.061056,-0.000000,-4.061056,-0.669468,0.000000,0.669468,0.012086,-0.004115,0.030969,0.030969,0.018882,0.094823,0.098938,0.053557,0.020741,0.000151,0.094412,0.000412,2.176647,0.001001,2.177648,2.177648,2.177648,1.088824,1.088824,0,0,1,0,0.000000,0.080000,0.008000,0.001000,5.000000,0.100000,22.000000,0.025000,0.000000
8.148000,0.500000,0.640000,-4.064477,-0.000000,-4.064477,-0.670222,0.000000,0.670222,0.012086,-0.004115,0.030969,0.030969,0.018882,0.094823,0.098938,0.053618,0.020741,0.000151,0.094412,0.000412,2.176647,0.000000,2.176647,2.176647,2.176647,1.088323,1.088323,0,0,1,0,0.000000,0.080000,0.008000,0.001000,5.000000,0.100000,22.000000,0.025000,0.000000
8.153000,0.500000,0.640000,-4.067902,-0.000000,-4.067902,-0.670976,0.000000,0.670976,0.012045,-0.004125,0.030969,0.030969,0.018924,0.095031,0.099156,0.053678,0.020741,0.000151,0.094619,0.000412,2.181434,0.001088,2.182522,2.182522,2.182522,1.091261,1.091261,0,0,1,0,0.000000,0.080000,0.008000,0.001000,5.000000,0.100000,22.000000,0.025000,0.000000
8.158000,0.500000,0.640000,-4.071331,-0.000000,-4.071331,-0.671730,0.000000,0.671730,0.012045,-0.004125,0.030969,0.030969,0.018924,0.095031,0.099156,0.053738,0.020741,0.000151,0.094619,0.000412,2.181434,0.000000,2.181434,2.181434,2.181434,1.090717,1.090717,0,0,1,0,0.000000,0.080000,0.008000,0.001000,5.000000,0.100000,22.000000,0.025000,0.000000
8.167000,0.500000,0.640000,-4.078200,-0.000000,-4.078200,-0.673238,0.000000,0.673238,0.012003,-0.004146,0.030969,0.030969,0.018966,0.095244,0.099390,0.053859,0.020741,0.000168,0.094830,0.000415,2.186576,0.000649,2.187225,2.187225,2.187225,1.093613,1.093613,0,0,1,0,0.000000,0.080000,0.008000,0.001000,5.000000,0.100000,22.000000,0.025000,0.000000
8.172000,0.500000,0.640000,-4.081640,-0.000000,-4.081640,-0.673989,0.000000,0.673989,0.011960,-0.004194,0.030969,0.030969,0.019009,0.095465,0.099659,0.053919,0.020741,0.000150,0.095045,0.000419,2.192497,0.001346,2.193842,2.193842,2.193842,1.096921,1.096921,0,0,1,0,0.000000,0.080000,0.008000,0.001000,5.000000,0.100000,22.000000,0.025000,0.000000
8.177000,0.500000,0.640000,-4.085083,-0.000000,-4.085083,-0.674740,0.000000,0.674740,0.011960,-0.004194,0.030969,0.030969,0.019009,0.095465,0.099659,0.053979,0.020741,0.000150,0.095045,0.000419,2.192497,0.000000,2.192497,2.192497,2.192497,1.096248,1.096248,0,0,1,0,0.000000,0.080000,0.008000,0.001000,5.000000,0.100000,22.000000,0.025000,0.000000
8.182000,0.500000,0.640000,-4.088531,-0.000000,-4.088531,-0.675493,0.000000,0.675493,0.011915,-0.004238,0.030969,0.030969,0.019053,0.095690,0.099928,0.054039,0.020741,0.000151,0.095267,0.000424,2.198415,0.001345,2.199761,2.199761,2.199761,1.099880,1.099880,0,0,1,0,0.000000,0.080000,0.008000,0.001000,5.000000,0.100000,22.000000,0.025000,0.000000
8.187000,0.500000,0.640000,-4.091982,-0.000000,-4.091982,-0.676247,0.000000,0.676247,0.011915,-0.004238,0.030969,0.030969,0.019053,0.095690,0.099928,0.054100,0.020741,0.000151,0.095267,0.000424,2.198415,0.000000,2.198415,2.198415,2.198415,1.099208,1.099208,0,0,1,0,0.000000,0.080000,0.008000,0.001000,5.000000,0.100000,22.000000,0.025000,0.000000
8.192000,0.500000,0.640000,-4.095437,-0.000000,-4.095437,-0.677002,0.000000,0.677002,0.011871,-0.004273,0.030969,0.030969,0.019098,0.095916,0.100188,0.054160,0.020741,0.000151,0.095489,0.000427,2.204145,0.001302,2.205447,2.205447,2.205447,1.102723,1.102723,0,0,1,0,0.000000,0.080000,0.008000,0.001000,5.000000,0.100000,22.000000,0.025000,0.000000
8.197000,0.500000,0.640000,-4.098896,-0.000000,-4.098896,-0.677759,0.000000,0.677759,0.011871,-0.004273,0.030969,0.030969,0.019098,0.095916,0.100188,0.054221,0.020741,0.000151,0.095489,0.000427,2.204145,0.000000,2.204145,2.204145,2.204145,1.102072,1.102072,0,0,1,0,0.000000,0.080000,0.008000,0.001000,5.000000,0.100000,22.000000,0.025000,0.000000
8.202000,0.500000,0.640000,-4.102359,-0.000000,-4.102359,-0.678518,0.000000,0.678518,0.011827,-0.004296,0.030969,0.030969,0.019142,0.096139,0.100435,0.054281,0.020741,0.000152,0.095710,0.000430,2.209570,0.001233,2.210803,2.210803,2.210803,1.105401,1.105401,0,0,1,0,0.000000,0.080000,0.008000,0.001000,5.000000,0.100000,22.000000,0.025000,0.000000
8.207000,0.500000,0.640000,-4.105826,-0.000000,-4.105826,-0.679277,0.000000,0.679277,0.011827,-0.004296,0.030969,0.030969,0.019142,0.096139,0.100435,0.054342,0.020741,0.000152,0.095710,0.000430,2.209570,0.000000,2.209570,2.209570,2.209570,1.104785,1.104785,0,0,1,0,0.000000,0.080000,0.008000,0.001000,5.000000,0.100000,22.000000,0.025000,0.000000
8.212000,0.500000,0.640000,-4.109297,-0.000000,-4.109297,-0.680040,0.000000,0.680040,0.011783,-0.004306,0.030969,0.030969,0.019186,0.096360,0.100666,0.054403,0.020741,0.000153,0.095929,0.000431,2.214646,0.001154,2.215799,2.215799,2.215799,1.107900,1.107900,0,0,1,0,0.000000,0.080000,0.008000,0.001000,5.000000,0.100000,22.000000,0.025000,0.000000
8.217000,0.500000,0.640000,-4.112772,-0.000000,-4.112772,-0.680804,0.000000,0.680804,0.011783,-0.004306,0.030969,0.030969,0.019186,0.096360,0.100666,0.054464,0.020741,0.000153,0.095929,0.000431,2.214646,0.000000,2.214646,2.214646,2.214646,1.107323,1.107323,0,0,1,0,0.000000,0.080000,0.008000,0.001000,5.000000,0.100000,22.000000,0.025000,0.000000
8.222000,0.500000,0.640000,-4.116251,-0.000000,-4.116251,-0.681570,0.000000,0.681570,0.011740,-0.004306,0.030969,0.030969,0.019229,0.096576,0.100882,0.054526,0.020741,0.000153,0.096146,0.000431,2.219399,0.001080,2.220480,2.220480,2.220480,1.110240,1.110240,0,0,1,0,0.000000,0.080000,0.008000,0.001000,5.000000,0.100000,22.000000,0.025000,0.000000
8.231000,0.500000,0.640000,-4.123221,-0.000000,-4.123221,-0.683107,0.000000,0.683107,0.011697,-0.004297,0.030969,0.030969,0.019272,0.096790,0.101087,0.054649,0.020741,0.000171,0.096360,0.000430,2.223914,0.000570,2.224484,2.224484,2.224484,1.112242,1.112242,0,0,1,0,0.000000,0.080000,0.008000,0.001000,5.000000,0.100000,22.000000,0.025000,0.000000
8.236000,0.500000,0.640000,-4.126712,-0.000000,-4.126712,-0.683878,0.000000,0.683878,0.011697,-0.004297,0.030969,0.030969,0.019272,0.096790,0.101087,0.054710,0.020741,0.000154,0.096360,0.000430,2.223914,0.000000,2.223914,2.223914,2.223914,1.111957,1.111957,0,0,1,0,0.000000,0.080000,0.008000,0.001000,5.000000,0.100000,22.000000,0.025000,0.000000
8.241000,0.500000,0.640000,-4.130207,-0.000000,-4.130207,-0.684650,0.000000,0.684650,0.011654,-0.004283,0.030969,0.030969,0.019314,0.097001,0.101284,0.054772,0.020741,0.000155,0.096572,0.000428,2.228251,0.000986,2.229236,2.229236,2.229236,1.114618,1.114618,0,0,1,0,0.000000,0.080000,0.008000,0.001000,5.000000,0.100000,22.000000,0.025000,0.000000
8.246000,0.500000,0.640000,-4.133706,-0.000000,-4.133706,-0.685423,0.000000,0.685423,0.011654,-0.004283,0.030969,0.030969,0.019314,0.097001,0.101284,0.054834,0.020741,0.000155,0.096572,0.000428,2.228251,0.000000,2.228251,2.228251,2.228251,1.114125,1.114125,0,0,1,0,0.000000,0.080000,0.008000,0.001000,5.000000,0.100000,22.000000,0.025000,0.000000
8.251000,0.500000,0.640000,-4.137209,-0.000000,-4.137209,-0.686197,0.000000,0.686197,0.011612,-0.004271,0.030969,0.030969,0.019357,0.097211,0.101482,0.054896,0.020741,0.000155,0.096784,0.000427,2.232612,0.000991,2.233604,2.233604,2.233604,1.116802,1.116802,0,0,1,0,0.000000,0.080000,0.008000,0.001000,5.000000,0.100000,22.000000,0.025000,0.000000
8.256000,0.500000,0.640000,-4.140716,-0.000000,-4.140716,-0.686971,0.000000,0.686971,0.011612,-0.004271,0.030969,0.030969,0.019357,0.097211,0.101482,0.054958,0.020741,0.000155,0.096784,0.000427,2.232612,0.000000,2.232612,2.232612,2.232612,1.116306,1.116306,0,0,1,0,0.000000,0.080000,0.008000,0.001000,5.000000,0.100000,22.000000,0.025000,0.000000
8.261000,0.500000,0.640000,-4.144227,-0.000000,-4.144227,-0.687747,0.000000,0.687747,0.011570,-0.004265,0.030969,0.030969,0.019399,0.097422,0.101687,0.055020,0.020741,0.000155,0.096996,0.000426,2.237114,0.001023,2.238137,2.238137,2.238137,1.119068,1.119068,0,0,1,0,0.000000,0.080000,0.008000,0.001000,5.000000,0.100000,22.000000,0.025000,0.000000
8.266000,0.500000,0.640000,-4.147742,-0.000000,-4.147742,-0.688522,0.000000,0.688522,0.011570,-0.004265,0.030969,0.030969,0.019399,0.097422,0.101687,0.055082,0.020741,0.000155,0.096996,0.000426,2.237114,0.000000,2.237114,2.237114,2.237114,1.118557,1.118557,0,0,1,0,0.000000,0.080000,0.008000,0.001000,5.000000,0.100000,22.000000,0.025000,0.000000
8.271000,0.500000,0.640000,-4.151260,-0.000000,-4.151260,-0.689298,0.000000,0.689298,0.011527,-0.004266,0.030969,0.030969,0.019442,0.097636,0.101901,0.055144,0.020741,0.000155,0.097209,0.000427,2.241832,0.001072,2.242905,2.242905,2.242905,1.121452,1.121452,0,0,1,0,0.000000,0.080000,0.008000,0.001000,5.000000,0.100000,22.000000,0.025000,0.000000
8.276000,0.500000,0.640000,-4.154783,-0.000000,-4.154783,-0.690074,0.000000,0.690074,0.011527,-0.004266,0.030969,0.030969,0.019442,0.097636,0.101901,0.055206,0.020741,0.000155,0.097209,0.000427,2.241832,0.000000,2.241832,2.241832,2.241832,1.120916,1.120916,0,0,1,0,0.000000,0.080000,0.008000,0.001000,5.000000,0.100000,22.000000,0.025000,0.000000
8.281000,0.500000,0.640000,-4.158309,-0.000000,-4.158309,-0.690850,0.000000,0.690850,0.011484,-0.004275,0.030969,0.030969,0.019485,0.097852,0.102127,0.055268,0.020741,0.000155,0.097424,0.000428,2.246799,0.001129,2.247927,2.247927,2.247927,1.123964,1.123964,0,0,1,0,0.000000,0.080000,0.008000,0.001000,5.000000,0.100000,22.000000,0.025000,0.000000
8.286000,0.500000,0.640000,-4.161840,-0.000000,-4.161840,-0.691626,0.000000,0.691626,0.011484,-0.004275,0.030969,0.030969,0.019485,0.097852,0.102127,0.055330,0.020741,0.000155,0.097424,0.000428,2.246799,0.000000,2.246799,2.246799,2.246799,1.123399,1.123399,0,0,1,0,0.000000,0.080000,0.008000,0.001000,5.000000,0.100000,22.000000,0.025000,0.000000
8.295000,0.500000,0.640000,-4.165374,-0.000000,-4.165374,-0.692403,0.000000,0.692403,0.011440,-0.004292,0.030969,0.030969,0.019528,0.098071,0.102363,0.055392,0.020741,0.000086,0.097642,0.000429,2.251997,0.000656,2.252653,2.252653,2.252653,1.126327,1.126327,0,0,1,0,0.000000,0.080000,0.008000,0.001000,5.000000,0.100000,22.000000,0.025000,0.000000
8.300000,0.500000,0.640000,-4.168912,-0.000000,-4.168912,-0.693180,0.000000,0.693180,0.011396,-0.004334,0.030969,0.030969,0.019573,0.098297,0.102631,0.055454,0.020741,0.000155,0.097864,0.000433,2.257887,0.001339,2.259226,2.259226,2.259226,1.129613,1.129613,0,0,1,0,0.000000,0.080000,0.008000,0.001000,5.000000,0.100000,22.000000,0.025000,0.000000
8.305000,0.500000,0.640000,-4.172454,-0.000000,-4.172454,-0.693954,0.000000,0.693954,0.011396,-0.004334,0.030969,0.030969,0.019573,0.098297,0.102631,0.055516,0.020741,0.000155,0.097864,0.000433,2.257887,0.000000,2.257887,2.257887,2.257887,1.128944,1.128944,0,0,1,0,0.000000,0.080000,0.008000,0.001000,5.000000,0.100000,22.000000,0.025000,0.000000
8.310000,0.500000,0.640000,-4.176000,-0.000000,-4.176000,-0.694729,0.000000,0.694729,0.011396,-0.004334,0.030969,0.030969,0.019573,0.098297,0.102631,0.055578,0.020741,0.000155,0.097864,0.000433,2.257887,0.000000,2.257887,2.257887,2.257887,1.128944,1.128944,0,0,1,0,0.000000,0.080000,0.008000,0.001000,5.000000,0.100000,22.000000,0.025000,0.000000
8.315000,0.500000,0.640000,-4.179549,-0.000000,-4.179549,-0.695506,0.000000,0.695506,0.011351,-0.004370,0.030969,0.030969,0.019618,0.098527,0.102897,0.055640,0.020741,0.000155,0.098090,0.000437,2.263728,0.001327,2.265056,2.265056,2.265056,1.132528,1.132528,0,0,1,0,0.000000,0.080000,0.008000,0.001000,5.000000,0.100000,22.000000,0.025000,0.000000
8.320000,0.500000,0.640000,-4.183103,-0.000000,-4.183103,-0.696283,0.000000,0.696283,0.011351,-0.004370,0.030969,0.030969,0.019618,0.098527,0.102897,0.055703,0.020741,0.000155,0.098090,0.000437,2.263728,0.000000,2.263728,2.263728,2.263728,1.131864,1.131864,0,0,1,0,0.000000,0.080000,0.008000,0.001000,5.000000,0.100000,22.000000,0.025000,0.000000
8.325000,0.500000,0.640000,-4.186661,-0.000000,-4.186661,-0.697062,0.000000,0.697062,0.011305,-0.004397,0.030969,0.030969,0.019663,0.098757,0.103154,0.055765,0.020741,0.000156,0.098317,0.000440,2.269379,0.001284,2.270663,2.270663,2.270663,1.135332,1.135332,0,0,1,0,0.000000,0.080000,0.008000,0.001000,5.000000,0.100000,22.000000,0.025000,0.000000
8.330000,0.500000,0.640000,-4.190223,-0.000000,-4.190223,-0.697842,0.000000,0.697842,0.011305,-0.004397,0.030969,0.030969,0.019663,0.098757,0.103154,0.055827,0.020741,0.000156,0.098317,0.000440,2.269379,0.000000,2.269379,2.269379,2.269379,1.134689,1.134689,0,0,1,0,0.000000,0.080000,0.008000,0.001000,5.000000,0.100000,22.000000,0.025000,0.000000
8.339000,0.500000,0.640000,-4.197358,-0.000000,-4.197358,-0.699409,0.000000,0.699409,0.011260,-0.004414,0.030969,0.030969,0.019709,0.098984,0.103398,0.055953,0.020741,0.000174,0.098543,0.000441,2.274765,0.000680,2.275445,2.275445,2.275445,1.137723,1.137723,0,0,1,0,0.000000,0.080000,0.008000,0.001000,5.000000,0.100000,22.000000,0.025000,0.000000
8.344000,0.500000,0.640000,-4.200932,-0.000000,-4.200932,-0.700191,0.000000,0.700191,0.011215,-0.004442,0.030969,0.030969,0.019754,0.099213,0.103655,0.056015,0.020741,0.000157,0.098768,0.000444,2.280406,0.001282,2.281687,2.281687,2.281687,1.140844,1.140844,0,0,1,0,0.000000,0.080000,0.008000,0.001000,5.000000,0.100000,22.000000,0.025000,0.000000
8.349000,0.500000,0.640000,-4.204510,-0.000000,-4.204510,-0.700975,0.000000,0.700975,0.011215,-0.004442,0.030969,0.030969,0.019754,0.099213,0.103655,0.056078,0.020741,0.000157,0.098768,0.000444,2.280406,0.000000,2.280406,2.280406,2.280406,1.140203,1.140203,0,0,1,0,0.000000,0.080000,0.008000,0.001000,5.000000,0.100000,22.000000,0.025000,0.000000
8.354000,0.500000,0.640000,-4.208092,-0.000000,-4.208092,-0.701762,0.000000,0.701762,0.011170,-0.004453,0.030969,0.030969,0.019799,0.099440,0.103893,0.056141,0.020741,0.000157,0.098995,0.000445,2.285649,0.001192,2.286841,2.286841,2.286841,1.143421,1.143421,0,0,1,0,0.000000,0.080000,0.008000,0.001000,5.000000,0.100000,22.000000,0.025000,0.000000
8.359000,0.500000,0.640000,-4.211678,-0.000000,-4.211678,-0.702551,0.000000,0.702551,0.011170,-0.004453,0.030969,0.030969,0.019799,0.099440,0.103893,0.056204,0.020741,0.000158,0.098995,0.000445,2.285649,0.000000,2.285649,2.285649,2.285649,1.142825,1.142825,0,0,1,0,0.000000,0.080000,0.008000,0.001000,5.000000,0.100000,22.000000,0.025000,0.000000
8.364000,0.500000,0.640000,-4.215268,-0.000000,-4.215268,-0.703342,0.000000,0.703342,0.011125,-0.004450,0.030969,0.030969,0.019844,0.099664,0.104114,0.056267,0.020741,0.000158,0.099219,0.000445,2.290517,0.001106,2.291623,2.291623,2.291623,1.145812,1.145812,0,0,1,0,0.000000,0.080000,0.008000,0.001000,5.000000,0.100000,22.000000,0.025000,0.000000
8.369000,0.500000,0.640000,-4.218862,-0.000000,-4.218862,-0.704134,0.000000,0.704134,0.011125,-0.004450,0.030969,0.030969,0.019844,0.099664,0.104114,0.056331,0.020741,0.000158,0.099219,0.000445,2.290517,0.000000,2.290517,2.290517,2.290517,1.145259,1.145259,0,0,1,0,0.000000,0.080000,0.008000,0.001000,5.000000,0.100000,22.000000,0.025000,0.000000
8.374000,0.500000,0.640000,-4.222461,-0.000000,-4.222461,-0.704928,0.000000,0.704928,0.011081,-0.004439,0.030969,0.030969,0.019888,0.099884,0.104323,0.056394,0.020741,0.000159,0.099440,0.000444,2.295109,0.001044,2.296153,2.296153,2.296153,1.148077,1.148077,0,0,1,0,0.000000,0.080000,0.008000,0.001000,5.000000,0.100000,22.000000,0.025000,0.000000
8.379000,0.500000,0.640000,-4.226063,-0.000000,-4.226063,-0.705724,0.000000,0.705724,0.011081,-0.004439,0.030969,0.030969,0.019888,0.099884,0.104323,0.056458,0.020741,0.000159,0.099440,0.000444,2.295109,0.000000,2.295109,2.295109,2.295109,1.147555,1.147555,0,0,1,0,0.000000,0.080000,0.008000,0.001000,5.000000,0.100000,22.000000,0.025000,0.000000
8.388000,0.500000,0.640000,-4.233281,-0.000000,-4.233281,-0.707319,0.000000,0.707319,0.011037,-0.004424,0.030969,0.030969,0.019932,0.100102,0.104526,0.056586,0.020741,0.000177,0.099659,0.000442,2.299564,0.000562,2.300127,2.300127,2.300127,1.150063,1.150063,0,0,1,0,0.000000,0.080000,0.008000,0.001000,5.000000,0.100000,22.000000,0.025000,0.000000
8.393000,0.500000,0.640000,-4.236895,-0.000000,-4.236895,-0.708115,0.000000,0.708115,0.010993,-0.004427,0.030969,0.030969,0.019976,0.100322,0.104749,0.056649,0.020741,0.000159,0.099879,0.000443,2.304470,0.001115,2.305585,2.305585,2.305585,1.152793,1.152793,0,0,1,0,0.000000,0.080000,0.008000,0.001000,5.000000,0.100000,22.000000,0.025000,0.000000
8.398000,0.500000,0.640000,-4.240514,-0.000000,-4.240514,-0.708912,0.000000,0.708912,0.010993,-0.004427,0.030969,0.030969,0.019976,0.100322,0.104749,0.056713,0.020741,0.000159,0.099879,0.000443,2.304470,0.000000,2.304470,2.304470,2.304470,1.152235,1.152235,0,0,1,0,0.000000,0.080000,0.008000,0.001000,5.000000,0.100000,22.000000,0.025000,0.000000
8.403000,0.500000,0.640000,-4.244137,-0.000000,-4.244137,-0.709711,0.000000,0.709711,0.010948,-0.004428,0.030969,0.030969,0.020020,0.100544,0.104972,0.056777,0.020741,0.000160,0.100101,0.000443,2.309386,0.001117,2.310503,2.310503,2.310503,1.155251,1.155251,0,0,1,0,0.000000,0.080000,0.008000,0.001000,5.000000,0.100000,22.000000,0.025000,0.000000
8.408000,0.500000,0.640000,-4.247764,-0.000000,-4.247764,-0.710510,0.000000,0.710510,0.010948,-0.004428,0.030969,0.030969,0.020020,0.100544,0.104972,0.056841,0.020741,0.000160,0.100101,0.000443,2.309386,0.000000,2.309386,2.309386,2.309386,1.154693,1.154693,0,0,1,0,0.000000,0.080000,0.008000,0.001000,5.000000,0.100000,22.000000,0.025000,0.000000
8.413000,0.500000,0.640000,-4.251395,-0.000000,-4.251395,-0.711310,0.000000,0.711310,0.010904,-0.004431,0.030969,0.030969,0.020065,0.100767,0.105198,0.056905,0.020741,0.000160,0.100324,0.000443,2.314351,0.001128,2.315479,2.315479,2.315479,1.157740,1.157740,0,0,1,0,0.000000,0.080000,0.008000,0.001000,5.000000,0.100000,22.000000,0.025000,0.000000
8.422000,0.500000,0.640000,-4.258669,-0.000000,-4.258669,-0.712912,0.000000,0.712912,0.010859,-0.004437,0.030969,0.030969,0.020109,0.100991,0.105427,0.057033,0.020741,0.000178,0.100547,0.000444,2.319404,0.000638,2.320042,2.320042,2.320042,1.160021,1.160021,0,0,1,0,0.000000,0.080000,0.008000,0.001000,5.000000,0.100000,22.000000,0.025000,0.000000
8.427000,0.500000,0.640000,-4.262312,-0.000000,-4.262312,-0.713715,0.000000,0.713715,0.010859,-0.004437,0.030969,0.030969,0.020109,0.100991,0.105427,0.057097,0.020741,0.000160,0.100547,0.000444,2.319404,0.000000,2.319404,2.319404,2.319404,1.159702,1.159702,0,0,1,0,0.000000,0.080000,0.008000,0.001000,5.000000,0.100000,22.000000,0.025000,0.000000
8.432000,0.500000,0.640000,-4.265959,-0.000000,-4.265959,-0.714518,0.000000,0.714518,0.010815,-0.004444,0.030969,0.030969,0.020154,0.101215,0.105659,0.057161,0.020741,0.000161,0.100771,0.000444,2.324505,0.001159,2.325664,2.325664,2.325664,1.162832,1.162832,0,0,1,0,0.000000,0.080000,0.008000,0.001000,5.000000,0.100000,22.000000,0.025000,0.000000
8.437000,0.500000,0.640000,-4.269611,-0.000000,-4.269611,-0.715321,0.000000,0.715321,0.010815,-0.004444,0.030969,0.030969,0.020154,0.101215,0.105659,0.057226,0.020741,0.000161,0.100771,0.000444,2.324505,0.000000,2.324505,2.324505,2.324505,1.162253,1.162253,0,0,1,0,0.000000,0.080000,0.008000,0.001000,5.000000,0.100000,22.000000,0.025000,0.000000
8.442000,0.500000,0.640000,-4.273266,-0.000000,-4.273266,-0.716126,0.000000,0.716126,0.010770,-0.004456,0.030969,0.030969,0.020199,0.101441,0.105897,0.057290,0.020741,0.000161,0.100996,0.000446,2.329730,0.001188,2.330918,2.330918,2.330918,1.165459,1.165459,0,0,1,0,0.000000,0.080000,0.008000,0.001000,5.000000,0.100000,22.000000,0.025000,0.000000
8.447000,0.500000,0.640000,-4.276925,-0.000000,-4.276925,-0.716930,0.000000,0.716930,0.010770,-0.004456,0.030969,0.030969,0.020199,0.101441,0.105897,0.057354,0.020741,0.000161,0.100996,0.000446,2.329730,0.000000,2.329730,2.329730,2.329730,1.164865,1.164865,0,0,1,0,0.000000,0.080000,0.008000,0.001000,5.000000,0.100000,22.000000,0.025000,0.000000
8.452000,0.500000,0.640000,-4.280589,-0.000000,-4.280589,-0.717736,0.000000,0.717736,0.010724,-0.004470,0.030969,0.030969,0.020244,0.101669,0.106139,0.057419,0.020741,0.000161,0.101222,0.000447,2.335064,0.001212,2.336276,2.336276,2.336276,1.168138,1.168138,0,0,1,0,0.000000,0.080000,0.008000,0.001000,5.000000,0.100000,22.000000,0.025000,0.000000
8.457000,0.500000,0.640000,-4.284257,-0.000000,-4.284257,-0.718541,0.000000,0.718541,0.010724,-0.004470,0.030969,0.030969,0.020244,0.101669,0.106139,0.057483,0.020741,0.000161,0.101222,0.000447,2.335064,0.000000,2.335064,2.335064,2.335064,1.167532,1.167532,0,0,1,0,0.000000,0.080000,0.008000,0.001000,5.000000,0.100000,22.000000,0.025000,0.000000
8.462000,0.500000,0.640000,-4.287928,-0.000000,-4.287928,-0.719348,0.000000,0.719348,0.010679,-0.004486,0.030969,0.030969,0.020290,0.101899,0.106385,0.057548,0.020741,0.000161,0.101450,0.000449,2.340477,0.001230,2.341707,2.341707,2.341707,1.170853,1.170853,0,0,1,0,0.000000,0.080000,0.008000,0.001000,5.000000,0.100000,22.000000,0.025000,0.000000
8.467000,0.500000,0.640000,-4.291604,-0.000000,-4.291604,-0.720155,0.000000,0.720155,0.010679,-0.004486,0.030969,0.030969,0.020290,0.101899,0.106385,0.057612,0.020741,0.000161,0.101450,0.000449,2.340477,0.000000,2.340477,2.340477,2.340477,1.170238,1.170238,0,0,1,0,0.000000,0.080000,0.008000,0.001000,5.000000,0.100000,22.000000,0.025000,0.000000
8.472000,0.500000,0.640000,-4.295284,-0.000000,-4.295284,-0.720964,0.000000,0.720964,0.010633,-0.004504,0.030969,0.030969,0.020336,0.102130,0.106633,0.057677,0.020741,0.000162,0.101679,0.000450,2.345931,0.001240,2.347170,2.347170,2.347170,1.173585,1.173585,0,0,1,0,0.000000,0.080000,0.008000,0.001000,5.000000,0.100000,22.000000,0.025000,0.000000
8.477000,0.500000,0.640000,-4.298968,-0.000000,-4.298968,-0.721773,0.000000,0.721773,0.010633,-0.004504,0.030969,0.030969,0.020336,0.102130,0.106633,0.057742,0.020741,0.000162,0.101679,0.000450,2.345931,0.000000,2.345931,2.345931,2.345931,1.172965,1.172965,0,0,1,0,0.000000,0.080000,0.008000,0.001000,5.000000,0.100000,22.000000,0.025000,0.000000
8.482000,0.500000,0.640000,-4.302657,-0.000000,-4.302657,-0.722583,0.000000,0.722583,0.010587,-0.004520,0.030969,0.030969,0.020382,0.102361,0.106881,0.057807,0.020741,0.000162,0.101909,0.000452,2.351389,0.001240,2.352629,2.352629,2.352629,1.176315,1.176315,0,0,1,0,0.000000,0.080000,0.008000,0.001000,5.000000,0.100000,22.000000,0.025000,0.000000
8.491000,0.500000,0.640000,-4.310045,-0.000000,-4.310045,-0.724207,0.000000,0.724207,0.010541,-0.004535,0.030969,0.030969,0.020428,0.102593,0.107128,0.057937,0.020741,0.000180,0.102140,0.000454,2.356818,0.000686,2.357504,2.357504,2.357504,1.178752,1.178752,0,0,1,0,0.000000,0.080000,0.008000,0.001000,5.000000,0.100000,22.000000,0.025000,0.000000
8.496000,0.500000,0.640000,-4.313746,-0.000000,-4.313746,-0.725020,0.000000,0.725020,0.010541,-0.004535,0.030969,0.030969,0.020428,0.102593,0.107128,0.058002,0.020741,0.000163,0.102140,0.000454,2.356818,0.000000,2.356818,2.356818,2.356818,1.178409,1.178409,0,0,1,0,0.000000,0.080000,0.008000,0.001000,5.000000,0.100000,22.000000,0.025000,0.000000
8.501000,0.500000,0.640000,-4.317451,-0.000000,-4.317451,-0.725835,0.000000,0.725835,0.010495,-0.004546,0.030969,0.030969,0.020474,0.102824,0.107370,0.058067,0.020741,0.000163,0.102370,0.000455,2.362135,0.001208,2.363344,2.363344,2.363344,1.181672,1.181672,0,0,1,0,0.000000,0.080000,0.008000,0.001000,5.000000,0.100000,22.000000,0.025000,0.000000
8.506000,0.500000,0.640000,-4.321160,-0.000000,-4.321160,-0.726650,0.000000,0.726650,0.010495,-0.004546,0.030969,0.030969,0.020474,0.102824,0.107370,0.058132,0.020741,0.000163,0.102370,0.000455,2.362135,0.000000,2.362135,2.362135,2.362135,1.181068,1.181068,0,0,1,0,0.000000,0.080000,0.008000,0.001000,5.000000,0.100000,22.000000,0.025000,0.000000
8.511000,0.500000,0.640000,-4.324873,-0.000000,-4.324873,-0.727467,0.000000,0.727467,0.010449,-0.004555,0.030969,0.030969,0.020520,0.103055,0.107610,0.058197,0.020741,0.000163,0.102600,0.000455,2.367419,0.001201,2.368620,2.368620,2.368620,1.184310,1.184310,0,0,1,0,0.000000,0.080000,0.008000,0.001000,5.000000,0.100000,22.000000,0.025000,0.000000
8.516000,0.500000,0.640000,-4.328591,-0.000000,-4.328591,-0.728285,0.000000,0.728285,0.010449,-0.004555,0.030969,0.030969,0.020520,0.103055,0.107610,0.058263,0.020741,0.000163,0.102600,0.000455,2.367419,0.000000,2.367419,2.367419,2.367419,1.183710,1.183710,0,0,1,0,0.000000,0.080000,0.008000,0.001000,5.000000,0.100000,22.000000,0.025000,0.000000
8.525000,0.500000,0.640000,-4.332313,-0.000000,-4.332313,-0.729104,0.000000,0.729104,0.010403,-0.004563,0.030969,0.030969,0.020566,0.103286,0.107849,0.058328,0.020741,0.000091,0.102830,0.000456,2.372678,0.000664,2.373342,2.373342,2.373342,1.186671,1.186671,0,0,1,0,0.000000,0.080000,0.008000,0.001000,5.000000,0.100000,22.000000,0.025000,0.000000
8.530000,0.500000,0.640000,-4.336038,-0.000000,-4.336038,-0.729923,0.000000,0.729923,0.010356,-0.004577,0.030969,0.030969,0.020612,0.103520,0.108097,0.058394,0.020741,0.000164,0.103062,0.000458,2.378136,0.001240,2.379376,2.379376,2.379376,1.189688,1.189688,0,0,1,0,0.000000,0.080000,0.008000,0.001000,5.000000,0.100000,22.000000,0.025000,0.000000
8.535000,0.500000,0.640000,-4.339768,-0.000000,-4.339768,-0.730741,0.000000,0.730741,0.010356,-0.004590,0.030969,0.030969,0.020612,0.103521,0.108111,0.058459,0.020741,0.000164,0.103062,0.000459,2.378451,0.000072,2.378523,2.378523,2.378523,1.189261,1.189261,0,0,1,0,0.000000,0.080000,0.008000,0.001000,5.000000,0.100000,22.000000,0.025000,0.000000
8.540000,0.500000,0.640000,-4.343502,-0.000000,-4.343502,-0.731559,0.000000,0.731559,0.010356,-0.004590,0.030969,0.030969,0.020612,0.103521,0.108111,0.058525,0.020741,0.000164,0.103062,0.000459,2.378451,0.000000,2.378451,2.378451,2.378451,1.189225,1.189225,0,0,1,0,0.000000,0.080000,0.008000,0.001000,5.000000,0.100000,22.000000,0.025000,0.000000
8.545000,0.500000,0.640000,-4.347240,-0.000000,-4.347240,-0.732380,0.000000,0.732380,0.010309,-0.004610,0.030969,0.030969,0.020660,0.103759,0.108369,0.058590,0.020741,0.000164,0.103298,0.000461,2.384114,0.001287,2.385401,2.385401,2.385401,1.192700,1.192700,0,0,1,0,0.000000,0.080000,0.008000,0.001000,5.000000,0.100000,22.000000,0.025000,0.000000
8.550000,0.500000,0.640000,-4.350983,-0.000000,-4.350983,-0.733201,0.000000,0.733201,0.010309,-0.004610,0.030969,0.030969,0.020660,0.103759,0.108369,0.058656,0.020741,0.000164,0.103298,0.000461,2.384114,0.000000,2.384114,2.384114,2.384114,1.192057,1.192057,0,0,1,0,0.000000,0.080000,0.008000,0.001000,5.000000,0.100000,22.000000,0.025000,0.000000
8.555000,0.500000,0.640000,-4.354729,-0.000000,-4.354729,-0.734025,0.000000,0.734025,0.010262,-0.004623,0.030969,0.030969,0.020707,0.103995,0.108618,0.058722,0.020741,0.000165,0.103533,0.000462,2.389588,0.001244,2.390832,2.390832,2.390832,1.195416,1.195416,0,0,1,0,0.000000,0.080000,0.008000,0.001000,5.000000,0.100000,22.000000,0.025000,0.000000
8.564000,0.500000,0.640000,-4.362235,-0.000000,-4.362235,-0.735676,0.000000,0.735676,0.010215,-0.004629,0.030969,0.030969,0.020753,0.104229,0.108858,0.058854,0.020741,0.000183,0.103767,0.000463,2.394877,0.000668,2.395544,2.395544,2.395544,1.197772,1.197772,0,0,1,0,0.000000,0.080000,0.008000,0.001000,5.000000,0.100000,22.000000,0.025000,0.000000
8.569000,0.500000,0.640000,-4.365995,-0.000000,-4.365995,-0.736504,0.000000,0.736504,0.010215,-0.004629,0.030969,0.030969,0.020753,0.104229,0.108858,0.058920,0.020741,0.000166,0.103767,0.000463,2.394877,0.000000,2.394877,2.394877,2.394877,1.197438,1.197438,0,0,1,0,0.000000,0.080000,0.008000,0.001000,5.000000,0.100000,22.000000,0.025000,0.000000
8.574000,0.500000,0.640000,-4.369759,-0.000000,-4.369759,-0.737333,0.000000,0.737333,0.010169,-0.004627,0.030969,0.030969,0.020800,0.104461,0.109089,0.058987,0.020741,0.000166,0.103999,0.000463,2.399955,0.001154,2.401109,2.401109,2.401109,1.200555,1.200555,0,0,1,0,0.000000,0.080000,0.008000,0.001000,5.000000,0.100000,22.000000,0.025000,0.000000
8.579000,0.500000,0.640000,-4.373527,-0.000000,-4.373527,-0.738163,0.000000,0.738163,0.010169,-0.004627,0.030969,0.030969,0.020800,0.104461,0.109089,0.059053,0.020741,0.000166,0.103999,0.000463,2.399955,0.000000,2.399955,2.399955,2.399955,1.199978,1.199978,0,0,1,0,0.000000,0.080000,0.008000,0.001000,5.000000,0.100000,22.000000,0.025000,0.000000
8.584000,0.500000,0.640000,-4.377299,-0.000000,-4.377299,-0.738996,0.000000,0.738996,0.010123,-0.004625,0.030969,0.030969,0.020846,0.104693,0.109317,0.059120,0.020741,0.000166,0.104230,0.000462,2.404975,0.001141,2.406116,2.406116,2.406116,1.203058,1.203058,0,0,1,0,0.000000,0.080000,0.008000,0.001000,5.000000,0.100000,22.000000,0.025000,0.000000
8.589000,0.500000,0.640000,-4.381075,-0.000000,-4.381075,-0.739828,0.000000,0.739828,0.010123,-0.004625,0.030969,0.030969,0.020846,0.104693,0.109317,0.059186,0.020741,0.000166,0.104230,0.000462,2.404975,0.000000,2.404975,2.404975,2.404975,1.202488,1.202488,0,0,1,0,0.000000,0.080000,0.008000,0.001000,5.000000,0.100000,22.000000,0.025000,0.000000
8.594000,0.500000,0.640000,-4.384856,-0.000000,-4.384856,-0.740662,0.000000,0.740662,0.010076,-0.004622,0.030969,0.030969,0.020892,0.104924,0.109546,0.059253,0.020741,0.000167,0.104461,0.000462,2.410012,0.001145,2.411157,2.411157,2.411157,1.205579,1.205579,0,0,1,0,0.000000,0.080000,0.008000,0.001000,5.000000,0.100000,22.000000,0.025000,0.000000
8.603000,0.500000,0.640000,-4.392431,-0.000000,-4.392431,-0.742332,0.000000,0.742332,0.010030,-0.004624,0.030969,0.030969,0.020939,0.105155,0.109779,0.059387,0.020741,0.000186,0.104693,0.000462,2.415133,0.000647,2.415780,2.415780,2.415780,1.207890,1.207890,0,0,1,0,0.000000,0.080000,0.008000,0.001000,5.000000,0.100000,22.000000,0.025000,0.000000
8.608000,0.500000,0.640000,-4.396224,-0.000000,-4.396224,-0.743168,0.000000,0.743168,0.010030,-0.004624,0.030969,0.030969,0.020939,0.105155,0.109779,0.059453,0.020741,0.000167,0.104693,0.000462,2.415133,0.000000,2.415133,2.415133,2.415133,1.207567,1.207567,0,0,1,0,0.000000,0.080000,0.008000,0.001000,5.000000,0.100000,22.000000,0.025000,0.000000
8.613000,0.500000,0.640000,-4.400022,-0.000000,-4.400022,-0.744005,0.000000,0.744005,0.009984,-0.004627,0.030969,0.030969,0.020985,0.105388,0.110015,0.059520,0.020741,0.000167,0.104925,0.000463,2.420326,0.001180,2.421506,2.421506,2.421506,1.210753,1.210753,0,0,1,0,0.000000,0.080000,0.008000,0.001000,5.000000,0.100000,22.000000,0.025000,0.000000
8.618000,0.500000,0.640000,-4.403824,-0.000000,-4.403824,-0.744842,0.000000,0.744842,0.009984,-0.004627,0.030969,0.030969,0.020985,0.105388,0.110015,0.059587,0.020741,0.000167,0.104925,0.000463,2.420326,0.000000,2.420326,2.420326,2.420326,1.210163,1.210163,0,0,1,0,0.000000,0.080000,0.008000,0.001000,5.000000,0.100000,22.000000,0.025000,0.000000
8.623000,0.500000,0.640000,-4.407630,-0.000000,-4.407630,-0.745680,0.000000,0.745680,0.009937,-0.004636,0.030969,0.030969,0.021032,0.105622,0.110258,0.059654,0.020741,0.000168,0.105159,0.000464,2.425685,0.001218,2.426903,2.426903,2.426903,1.213452,1.213452,0,0,1,0,0.000000,0.080000,0.008000,0.001000,5.000000,0.100000,22.000000,0.025000,0.000000
8.628000,0.500000,0.640000,-4.411441,-0.000000,-4.411441,-0.746518,0.000000,0.746518,0.009937,-0.004636,0.030969,0.030969,0.021032,0.105622,0.110258,0.059721,0.020741,0.000168,0.105159,0.000464,2.425685,0.000000,2.425685,2.425685,2.425685,1.212843,1.212843,0,0,1,0,0.000000,0.080000,0.008000,0.001000,5.000000,0.100000,22.000000,0.025000,0.000000
8.633000,0.500000,0.640000,-4.415256,-0.000000,-4.415256,-0.747357,0.000000,0.747357,0.009890,-0.004650,0.030969,0.030969,0.021079,0.105859,0.110509,0.059789,0.020741,0.000168,0.105394,0.000465,2.431206,0.001255,2.432461,2.432461,2.432461,1.216230,1.216230,0,0,1,0,0.000000,0.080000,0.008000,0.001000,5.000000,0.100000,22.000000,0.025000,0.000000
8.638000,0.500000,0.640000,-4.419075,-0.000000,-4.419075,-0.748196,0.000000,0.748196,0.009890,-0.004650,0.030969,0.030969,0.021079,0.105859,0.110509,0.059856,0.020741,0.000168,0.105394,0.000465,2.431206,0.000000,2.431206,2.431206,2.431206,1.215603,1.215603,0,0,1,0,0.000000,0.080000,0.008000,0.001000,5.000000,0.100000,22.000000,0.025000,0.000000
8.643000,0.500000,0.640000,-4.422898,-0.000000,-4.422898,-0.749036,0.000000,0.749036,0.009843,-0.004668,0.030969,0.030969,0.021126,0.106098,0.110766,0.059923,0.020741,0.000168,0.105631,0.000467,2.436857,0.001284,2.438142,2.438142,2.438142,1.219071,1.219071,0,0,1,0,0.000000,0.080000,0.008000,0.001000,5.000000,0.100000,22.000000,0.025000,0.000000
8.652000,0.500000,0.640000,-4.430557,-0.000000,-4.430557,-0.750718,0.000000,0.750718,0.009795,-0.004688,0.030969,0.030969,0.021174,0.106339,0.111027,0.060057,0.020741,0.000187,0.105870,0.000469,2.442591,0.000724,2.443315,2.443315,2.443315,1.221658,1.221658,0,0,1,0,0.000000,0.080000,0.008000,0.001000,5.000000,0.100000,22.000000,0.025000,0.000000
8.657000,0.500000,0.640000,-4.434394,-0.000000,-4.434394,-0.751561,0.000000,0.751561,0.009795,-0.004688,0.030969,0.030969,0.021174,0.106339,0.111027,0.060125,0.020741,0.000168,0.105870,0.000469,2.442591,0.000000,2.442591,2.442591,2.442591,1.221296,1.221296,0,0,1,0,0.000000,0.080000,0.008000,0.001000,5.000000,0.100000,22.000000,0.025000,0.000000
8.662000,0.500000,0.640000,-4.438234,-0.000000,-4.438234,-0.752405,0.000000,0.752405,0.009747,-0.004706,0.030969,0.030969,0.021222,0.106580,0.111286,0.060192,0.020741,0.000169,0.106109,0.000471,2.448288,0.001295,2.449583,2.449583,2.449583,1.224791,1.224791,0,0,1,0,0.000000,0.080000,0.008000,0.001000,5.000000,0.100000,22.000000,0.025000,0.000000
8.667000,0.500000,0.640000,-4.442079,-0.000000,-4.442079,-0.753249,0.000000,0.753249,0.009747,-0.004706,0.030969,0.030969,0.021222,0.106580,0.111286,0.060260,0.020741,0.000169,0.106109,0.000471,2.448288,0.000000,2.448288,2.448288,2.448288,1.224144,1.224144,0,0,1,0,0.000000,0.080000,0.008000,0.001000,5.000000,0.100000,22.000000,0.025000,0.000000
8.672000,0.500000,0.640000,-4.445928,-0.000000,-4.445928,-0.754095,0.000000,0.754095,0.009699,-0.004723,0.030969,0.030969,0.021270,0.106822,0.111545,0.060328,0.020741,0.000169,0.106349,0.000472,2.453985,0.001295,2.455280,2.455280,2.455280,1.227640,1.227640,0,0,1,0,0.000000,0.080000,0.008000,0.001000,5.000000,0.100000,22.000000,0.025000,0.000000
8.677000,0.500000,0.640000,-4.449781,-0.000000,-4.449781,-0.754941,0.000000,0.754941,0.009699,-0.004723,0.030969,0.030969,0.021270,0.106822,0.111545,0.060395,0.020741,0.000169,0.106349,0.000472,2.453985,0.000000,2.453985,2.453985,2.453985,1.226992,1.226992,0,0,1,0,0.000000,0.080000,0.008000,0.001000,5.000000,0.100000,22.000000,0.025000,0.000000
8.682000,0.500000,0.640000,-4.453639,-0.000000,-4.453639,-0.755789,0.000000,0.755789,0.009651,-0.004738,0.030969,0.030969,0.021318,0.107064,0.111802,0.060463,0.020741,0.000170,0.106590,0.000474,2.459647,0.001287,2.460934,2.460934,2.460934,1.230467,1.230467,0,0,1,0,0.000000,0.080000,0.008000,0.001000,5.000000,0.100000,22.000000,0.025000,0.000000
8.687000,0.500000,0.640000,-4.457501,-0.000000,-4.457501,-0.756637,0.000000,0.756637,0.009651,-0.004738,0.030969,0.030969,0.021318,0.107064,0.111802,0.060531,0.020741,0.000170,0.106590,0.000474,2.459647,0.000000,2.459647,2.459647,2.459647,1.229824,1.229824,0,0,1,0,0.000000,0.080000,0.008000,0.001000,5.000000,0.100000,22.000000,0.025000,0.000000
8.692000,0.500000,0.640000,-4.461367,-0.000000,-4.461367,-0.757487,0.000000,0.757487,0.009603,-0.004751,0.030969,0.030969,0.021366,0.107306,0.112057,0.060599,0.020741,0.000170,0.106831,0.000475,2.465255,0.001275,2.466529,2.466529,2.466529,1.233265,1.233265,0,0,1,0,0.000000,0.080000,0.008000,0.001000,5.000000,0.100000,22.000000,0.025000,0.000000
8.697000,0.500000,0.640000,-4.465238,-0.000000,-4.465238,-0.758338,0.000000,0.758338,0.009603,-0.004751,0.030969,0.030969,0.021366,0.107306,0.112057,0.060667,0.020741,0.000170,0.106831,0.000475,2.465255,0.000000,2.465255,2.465255,2.465255,1.232627,1.232627,0,0,1,0,0.000000,0.080000,0.008000,0.001000,5.000000,0.100000,22.000000,0.025000,0.000000
8.702000,0.500000,0.640000,-4.469113,-0.000000,-4.469113,-0.759190,0.000000,0.759190,0.009554,-0.004761,0.030969,0.030969,0.021414,0.107548,0.112309,0.060735,0.020741,0.000171,0.107072,0.000476,2.470804,0.001261,2.472065,2.472065,2.472065,1.236032,1.236032,0,0,1,0,0.000000,0.080000,0.008000,0.001000,5.000000,0.100000,22.000000,0.025000,0.000000
8.711000,0.500000,0.640000,-4.476877,-0.000000,-4.476877,-0.760898,0.000000,0.760898,0.009506,-0.004770,0.030969,0.030969,0.021463,0.107790,0.112559,0.060872,0.020741,0.000190,0.107313,0.000477,2.476302,0.000694,2.476996,2.476996,2.476996,1.238498,1.238498,0,0,1,0,0.000000,0.080000,0.008000,0.001000,5.000000,0.100000,22.000000,0.025000,0.000000
8.716000,0.500000,0.640000,-4.480765,-0.000000,-4.480765,-0.761754,0.000000,0.761754,0.009506,-0.004770,0.030969,0.030969,0.021463,0.107790,0.112559,0.060940,0.020741,0.000171,0.107313,0.000477,2.476302,0.000000,2.476302,2.476302,2.476302,1.238151,1.238151,0,0,1,0,0.000000,0.080000,0.008000,0.001000,5.000000,0.100000,22.000000,0.025000,0.000000
8.721000,0.500000,0.640000,-4.484658,-0.000000,-4.484658,-0.762611,0.000000,0.762611,0.009458,-0.004774,0.030969,0.030969,0.021511,0.108030,0.112805,0.061009,0.020741,0.000172,0.107553,0.000477,2.481703,0.001228,2.482931,2.482931,2.482931,1.241465,1.241465,0,0,1,0,0.000000,0.080000,0.008000,0.001000,5.000000,0.100000,22.000000,0.025000,0.000000
8.726000,0.500000,0.640000,-4.488555,-0.000000,-4.488555,-0.763469,0.000000,0.763469,0.009458,-0.004774,0.030969,0.030969,0.021511,0.108030,0.112805,0.061078,0.020741,0.000171,0.107553,0.000477,2.481703,0.000000,2.481703,2.481703,2.481703,1.240852,1.240852,0,0,1,0,0.000000,0.080000,0.008000,0.001000,5.000000,0.100000,22.000000,0.025000,0.000000
8.731000,0.500000,0.640000,-4.492457,-0.000000,-4.492457,-0.764328,0.000000,0.764328,0.009410,-0.004780,0.030969,0.030969,0.021559,0.108271,0.113051,0.061146,0.020741,0.000172,0.107793,0.000478,2.487120,0.001231,2.488351,2.488351,2.488351,1.244175,1.244175,0,0,1,0,0.000000,0.080000,0.008000,0.001000,5.000000,0.100000,22.000000,0.025000,0.000000
8.736000,0.500000,0.640000,-4.496363,-0.000000,-4.496363,-0.765188,0.000000,0.765188,0.009410,-0.004780,0.030969,0.030969,0.021559,0.108271,0.113051,0.061215,0.020741,0.000172,0.107793,0.000478,2.487120,0.000000,2.487120,2.487120,2.487120,1.243560,1.243560,0,0,1,0,0.000000,0.080000,0.008000,0.001000,5.000000,0.100000,22.000000,0.025000,0.000000
8.741000,0.500000,0.640000,-4.500273,-0.000000,-4.500273,-0.766049,0.000000,0.766049,0.009362,-0.004786,0.030969,0.030969,0.021607,0.108513,0.113299,0.061284,0.020741,0.000172,0.108034,0.000479,2.492579,0.001241,2.493820,2.493820,2.493820,1.246910,1.246910,0,0,1,0,0.000000,0.080000,0.008000,0.001000,5.000000,0.100000,22.000000,0.025000,0.000000
8.746000,0.500000,0.640000,-4.504187,-0.000000,-4.504187,-0.766910,0.000000,0.766910,0.009362,-0.004786,0.030969,0.030969,0.021607,0.108513,0.113299,0.061353,0.020741,0.000172,0.108034,0.000479,2.492579,0.000000,2.492579,2.492579,2.492579,1.246290,1.246290,0,0,1,0,0.000000,0.080000,0.008000,0.001000,5.000000,0.100000,22.000000,0.025000,0.000000
8.751000,0.500000,0.640000,-4.508107,-0.000000,-4.508107,-0.767773,0.000000,0.767773,0.009313,-0.004795,0.030969,0.030969,0.021655,0.108756,0.113550,0.061422,0.020741,0.000173,0.108276,0.000479,2.498103,0.001255,2.499358,2.499358,2.499358,1.249679,1.249679,0,0,1,0,0.000000,0.080000,0.008000,0.001000,5.000000,0.100000,22.000000,0.025000,0.000000
8.756000,0.500000,0.640000,-4.512030,-0.000000,-4.512030,-0.768636,0.000000,0.768636,0.009313,-0.004795,0.030969,0.030969,0.021655,0.108756,0.113550,0.061491,0.020741,0.000173,0.108276,0.000479,2.498103,0.000000,2.498103,2.498103,2.498103,1.249051,1.249051,0,0,1,0,0.000000,0.080000,0.008000,0.001000,5.000000,0.100000,22.000000,0.025000,0.000000
8.765000,0.500000,0.640000,-4.515958,-0.000000,-4.515958,-0.769501,0.000000,0.769501,0.009265,-0.004805,0.030969,0.030969,0.021704,0.108999,0.113804,0.061560,0.020741,0.000096,0.108519,0.000481,2.503699,0.000707,2.504406,2.504406,2.504406,1.252203,1.252203,0,0,1,0,0.000000,0.080000,0.008000,0.001000,5.000000,0.100000,22.000000,0.025000,0.000000
8.770000,0.500000,0.640000,-4.519890,-0.000000,-4.519890,-0.770365,0.000000,0.770365,0.009216,-0.004823,0.030969,0.030969,0.021753,0.109247,0.114070,0.061629,0.020741,0.000173,0.108764,0.000482,2.509531,0.001325,2.510856,2.510856,2.510856,1.255428,1.255428,0,0,1,0,0.000000,0.080000,0.008000,0.001000,5.000000,0.100000,22.000000,0.025000,0.000000
8.775000,0.500000,0.640000,-4.523826,-0.000000,-4.523826,-0.771228,0.000000,0.771228,0.009216,-0.004839,0.030969,0.030969,0.021753,0.109248,0.114087,0.061698,0.020741,0.000173,0.108764,0.000484,2.509919,0.000088,2.510008,2.510008,2.510008,1.255004,1.255004,0,0,1,0,0.000000,0.080000,0.008000,0.001000,5.000000,0.100000,22.000000,0.025000,0.000000
8.780000,0.500000,0.640000,-4.527767,-0.000000,-4.527767,-0.772091,0.000000,0.772091,0.009216,-0.004839,0.030969,0.030969,0.021753,0.109248,0.114087,0.061767,0.020741,0.000173,0.108764,0.000484,2.509919,0.000000,2.509919,2.509919,2.509919,1.254960,1.254960,0,0,1,0,0.000000,0.080000,0.008000,0.001000,5.000000,0.100000,22.000000,0.025000,0.000000
8.785000,0.500000,0.640000,-4.531712,-0.000000,-4.531712,-0.772956,0.000000,0.772956,0.009166,-0.004866,0.030969,0.030969,0.021803,0.109501,0.114367,0.061836,0.020741,0.000173,0.109014,0.000487,2.516073,0.001399,2.517472,2.517472,2.517472,1.258736,1.258736,0,0,1,0,0.000000,0.080000,0.008000,0.001000,5.000000,0.100000,22.000000,0.025000,0.000000
8.790000,0.500000,0.640000,-4.535662,-0.000000,-4.535662,-0.773822,0.000000,0.773822,0.009166,-0.004866,0.030969,0.030969,0.021803,0.109501,0.114367,0.061906,0.020741,0.000173,0.109014,0.000487,2.516073,0.000000,2.516073,2.516073,2.516073,1.258037,1.258037,0,0,1,0,0.000000,0.080000,0.008000,0.001000,5.000000,0.100000,22.000000,0.025000,0.000000
8.799000,0.500000,0.640000,-4.543575,-0.000000,-4.543575,-0.775559,0.000000,0.775559,0.009116,-0.004886,0.030969,0.030969,0.021853,0.109752,0.114638,0.062045,0.020741,0.000193,0.109264,0.000489,2.522035,0.000753,2.522787,2.522787,2.522787,1.261394,1.261394,0,0,1,0,0.000000,0.080000,0.008000,0.001000,5.000000,0.100000,22.000000,0.025000,0.000000
8.804000,0.500000,0.640000,-4.547538,-0.000000,-4.547538,-0.776427,0.000000,0.776427,0.009066,-0.004920,0.030969,0.030969,0.021903,0.110006,0.114926,0.062114,0.020741,0.000174,0.109514,0.000492,2.528363,0.001438,2.529801,2.529801,2.529801,1.264901,1.264901,0,0,1,0,0.000000,0.080000,0.008000,0.001000,5.000000,0.100000,22.000000,0.025000,0.000000
8.809000,0.500000,0.640000,-4.551505,-0.000000,-4.551505,-0.777296,0.000000,0.777296,0.009066,-0.004920,0.030969,0.030969,0.021903,0.110006,0.114926,0.062184,0.020741,0.000174,0.109514,0.000492,2.528363,0.000000,2.528363,2.528363,2.528363,1.264181,1.264181,0,0,1,0,0.000000,0.080000,0.008000,0.001000,5.000000,0.100000,22.000000,0.025000,0.000000
8.814000,0.500000,0.640000,-4.555477,-0.000000,-4.555477,-0.778168,0.000000,0.778168,0.009015,-0.004936,0.030969,0.030969,0.021953,0.110260,0.115196,0.062253,0.020741,0.000174,0.109766,0.000494,2.534314,0.001353,2.535667,2.535667,2.535667,1.267833,1.267833,0,0,1,0,0.000000,0.080000,0.008000,0.001000,5.000000,0.100000,22.000000,0.025000,0.000000
8.819000,0.500000,0.640000,-4.559453,-0.000000,-4.559453,-0.779042,0.000000,0.779042,0.009015,-0.004936,0.030969,0.030969,0.021953,0.110260,0.115196,0.062323,0.020741,0.000175,0.109766,0.000494,2.534314,0.000000,2.534314,2.534314,2.534314,1.267157,1.267157,0,0,1,0,0.000000,0.080000,0.008000,0.001000,5.000000,0.100000,22.000000,0.025000,0.000000
8.824000,0.500000,0.640000,-4.563434,-0.000000,-4.563434,-0.779918,0.000000,0.779918,0.008966,-0.004939,0.030969,0.030969,0.022003,0.110510,0.115449,0.062393,0.020741,0.000175,0.110016,0.000494,2.539879,0.001265,2.541144,2.541144,2.541144,1.270572,1.270572,0,0,1,0,0.000000,0.080000,0.008000,0.001000,5.000000,0.100000,22.000000,0.025000,0.000000
8.829000,0.500000,0.640000,-4.567420,-0.000000,-4.567420,-0.780796,0.000000,0.780796,0.008966,-0.004939,0.030969,0.030969,0.022003,0.110510,0.115449,0.062464,0.020741,0.000176,0.110016,0.000494,2.539879,0.000000,2.539879,2.539879,2.539879,1.269939,1.269939,0,0,1,0,0.000000,0.080000,0.008000,0.001000,5.000000,0.100000,22.000000,0.025000,0.000000
8.834000,0.500000,0.640000,-4.571410,-0.000000,-4.571410,-0.781676,0.000000,0.781676,0.008916,-0.004932,0.030969,0.030969,0.022053,0.110756,0.115688,0.062534,0.020741,0.000176,0.110263,0.000493,2.545135,0.001194,2.546329,2.546329,2.546329,1.273165,1.273165,0,0,1,0,0.000000,0.080000,0.008000,0.001000,5.000000,0.100000,22.000000,0.025000,0.000000
8.839000,0.500000,0.640000,-4.575405,-0.000000,-4.575405,-0.782558,0.000000,0.782558,0.008916,-0.004932,0.030969,0.030969,0.022053,0.110756,0.115688,0.062605,0.020741,0.000176,0.110263,0.000493,2.545135,0.000000,2.545135,2.545135,2.545135,1.272567,1.272567,0,0,1,0,0.000000,0.080000,0.008000,0.001000,5.000000,0.100000,22.000000,0.025000,0.000000
8.844000,0.500000,0.640000,-4.579404,-0.000000,-4.579404,-0.783441,0.000000,0.783441,0.008867,-0.004919,0.030969,0.030969,0.022101,0.110999,0.115918,0.062675,0.020741,0.000177,0.110507,0.000492,2.550206,0.001152,2.551358,2.551358,2.551358,1.275679,1.275679,0,0,1,0,0.000000,0.080000,0.008000,0.001000,5.000000,0.100000,22.000000,0.025000,0.000000
8.849000,0.500000,0.640000,-4.583408,-0.000000,-4.583408,-0.784325,0.000000,0.784325,0.008867,-0.004919,0.030969,0.030969,0.022101,0.110999,0.115918,0.062746,0.020741,0.000177,0.110507,0.000492,2.550206,0.000000,2.550206,2.550206,2.550206,1.275103,1.275103,0,0,1,0,0.000000,0.080000,0.008000,0.001000,5.000000,0.100000,22.000000,0.025000,0.000000
8.858000,0.500000,0.640000,-4.591429,-0.000000,-4.591429,-0.786098,0.000000,0.786098,0.008819,-0.004906,0.030969,0.030969,0.022150,0.111241,0.116147,0.062888,0.020741,0.000197,0.110751,0.000491,2.555235,0.000635,2.555871,2.555871,2.555871,1.277935,1.277935,0,0,1,0,0.000000,0.080000,0.008000,0.001000,5.000000,0.100000,22.000000,0.025000,0.000000
8.863000,0.500000,0.640000,-4.595446,-0.000000,-4.595446,-0.786983,0.000000,0.786983,0.008770,-0.004916,0.030969,0.030969,0.022199,0.111487,0.116403,0.062959,0.020741,0.000177,0.110995,0.000492,2.560858,0.001278,2.562136,2.562136,2.562136,1.281068,1.281068,0,0,1,0,0.000000,0.080000,0.008000,0.001000,5.000000,0.100000,22.000000,0.025000,0.000000
8.868000,0.500000,0.640000,-4.599468,-0.000000,-4.599468,-0.787867,0.000000,0.787867,0.008770,-0.004916,0.030969,0.030969,0.022199,0.111487,0.116403,0.063029,0.020741,0.000177,0.110995,0.000492,2.560858,0.000000,2.560858,2.560858,2.560858,1.280429,1.280429,0,0,1,0,0.000000,0.080000,0.008000,0.001000,5.000000,0.100000,22.000000,0.025000,0.000000
8.873000,0.500000,0.640000,-4.603494,-0.000000,-4.603494,-0.788754,0.000000,0.788754,0.008720,-0.004924,0.030969,0.030969,0.022249,0.111736,0.116661,0.063100,0.020741,0.000177,0.111244,0.000492,2.566533,0.001290,2.567822,2.567822,2.567822,1.283911,1.283911,0,0,1,0,0.000000,0.080000,0.008000,0.001000,5.000000,0.100000,22.000000,0.025000,0.000000
8.878000,0.500000,0.640000,-4.607525,-0.000000,-4.607525,-0.789641,0.000000,0.789641,0.008720,-0.004924,0.030969,0.030969,0.022249,0.111736,0.116661,0.063171,0.020741,0.000177,0.111244,0.000492,2.566533,0.000000,2.566533,2.566533,2.566533,1.283266,1.283266,0,0,1,0,0.000000,0.080000,0.008000,0.001000,5.000000,0.100000,22.000000,0.025000,0.000000
8.883000,0.500000,0.640000,-4.611560,-0.000000,-4.611560,-0.790530,0.000000,0.790530,0.008670,-0.004935,0.030969,0.030969,0.022299,0.111986,0.116921,0.063242,0.020741,0.000178,0.111493,0.000493,2.572260,0.001302,2.573562,2.573562,2.573562,1.286781,1.286781,0,0,1,0,0.000000,0.080000,0.008000,0.001000,5.000000,0.100000,22.000000,0.025000,0.000000
8.888000,0.500000,0.640000,-4.615600,-0.000000,-4.615600,-0.791418,0.000000,0.791418,0.008670,-0.004935,0.030969,0.030969,0.022299,0.111986,0.116921,0.063313,0.020741,0.000178,0.111493,0.000493,2.572260,0.000000,2.572260,2.572260,2.572260,1.286130,1.286130,0,0,1,0,0.000000,0.080000,0.008000,0.001000,5.000000,0.100000,22.000000,0.025000,0.000000
8.893000,0.500000,0.640000,-4.619644,-0.000000,-4.619644,-0.792308,0.000000,0.792308,0.008620,-0.004946,0.030969,0.030969,0.022349,0.112238,0.117184,0.063385,0.020741,0.000178,0.111743,0.000495,2.578046,0.001315,2.579361,2.579361,2.579361,1.289680,1.289680,0,0,1,0,0.000000,0.080000,0.008000,0.001000,5.000000,0.100000,22.000000,0.025000,0.000000
8.902000,0.500000,0.640000,-4.627746,-0.000000,-4.627746,-0.794091,0.000000,0.794091,0.008570,-0.004959,0.030969,0.030969,0.022399,0.112490,0.117449,0.063527,0.020741,0.000198,0.111994,0.000496,2.583884,0.000737,2.584621,2.584621,2.584621,1.292311,1.292311,0,0,1,0,0.000000,0.080000,0.008000,0.001000,5.000000,0.100000,22.000000,0.025000,0.000000
8.907000,0.500000,0.640000,-4.631804,-0.000000,-4.631804,-0.794983,0.000000,0.794983,0.008570,-0.004959,0.030969,0.030969,0.022399,0.112490,0.117449,0.063599,0.020741,0.000179,0.111994,0.000496,2.583884,0.000000,2.583884,2.583884,2.583884,1.291942,1.291942,0,0,1,0,0.000000,0.080000,0.008000,0.001000,5.000000,0.100000,22.000000,0.025000,0.000000
8.912000,0.500000,0.640000,-4.635867,-0.000000,-4.635867,-0.795878,0.000000,0.795878,0.008520,-0.004971,0.030969,0.030969,0.022449,0.112742,0.117713,0.063670,0.020741,0.000179,0.112245,0.000497,2.589696,0.001321,2.591017,2.591017,2.591017,1.295509,1.295509,0,0,1,0,0.000000,0.080000,0.008000,0.001000,5.000000,0.100000,22.000000,0.025000,0.000000
8.917000,0.500000,0.640000,-4.639934,-0.000000,-4.639934,-0.796772,0.000000,0.796772,0.008520,-0.004971,0.030969,0.030969,0.022449,0.112742,0.117713,0.063742,0.020741,0.000179,0.112245,0.000497,2.589696,0.000000,2.589696,2.589696,2.589696,1.294848,1.294848,0,0,1,0,0.000000,0.080000,0.008000,0.001000,5.000000,0.100000,22.000000,0.025000,0.000000
8.922000,0.500000,0.640000,-4.644005,-0.000000,-4.644005,-0.797668,0.000000,0.797668,0.008469,-0.004984,0.030969,0.030969,0.022499,0.112996,0.117980,0.063813,0.020741,0.000179,0.112497,0.000498,2.595557,0.001332,2.596889,2.596889,2.596889,1.298444,1.298444,0,0,1,0,0.000000,0.080000,0.008000,0.001000,5.000000,0.100000,22.000000,0.025000,0.000000
8.927000,0.500000,0.640000,-4.648081,-0.000000,-4.648081,-0.798564,0.000000,0.798564,0.008469,-0.004984,0.030969,0.030969,0.022499,0.112996,0.117980,0.063885,0.020741,0.000179,0.112497,0.000498,2.595557,0.000000,2.595557,2.595557,2.595557,1.297778,1.297778,0,0,1,0,0.000000,0.080000,0.008000,0.001000,5.000000,0.100000,22.000000,0.025000,0.000000
8.932000,0.500000,0.640000,-4.652162,-0.000000,-4.652162,-0.799462,0.000000,0.799462,0.008419,-0.004998,0.030969,0.030969,0.022550,0.113250,0.118248,0.063957,0.020741,0.000180,0.112751,0.000500,2.601453,0.001340,2.602793,2.602793,2.602793,1.301396,1.301396,0,0,1,0,0.000000,0.080000,0.008000,0.001000,5.000000,0.100000,22.000000,0.025000,0.000000
8.937000,0.500000,0.640000,-4.656248,-0.000000,-4.656248,-0.800360,0.000000,0.800360,0.008419,-0.004998,0.030969,0.030969,0.022550,0.113250,0.118248,0.064029,0.020741,0.000180,0.112751,0.000500,2.601453,0.000000,2.601453,2.601453,2.601453,1.300726,1.300726,0,0,1,0,0.000000,0.080000,0.008000,0.001000,5.000000,0.100000,22.000000,0.025000,0.000000
8.942000,0.500000,0.640000,-4.660337,-0.000000,-4.660337,-0.801260,0.000000,0.801260,0.008368,-0.005011,0.030969,0.030969,0.022601,0.113506,0.118517,0.064101,0.020741,0.000180,0.113004,0.000501,2.607372,0.001345,2.608717,2.608717,2.608717,1.304358,1.304358,0,0,1,0,0.000000,0.080000,0.008000,0.001000,5.000000,0.100000,22.000000,0.025000,0.000000
8.947000,0.500000,0.640000,-4.664432,-0.000000,-4.664432,-0.802159,0.000000,0.802159,0.008368,-0.005011,0.030969,0.030969,0.022601,0.113506,0.118517,0.064173,0.020741,0.000180,0.113004,0.000501,2.607372,0.000000,2.607372,2.607372,2.607372,1.303686,1.303686,0,0,1,0,0.000000,0.080000,0.008000,0.001000,5.000000,0.100000,22.000000,0.025000,0.000000
8.956000,0.500000,0.640000,-4.672635,-0.000000,-4.672635,-0.803963,0.000000,0.803963,0.008317,-0.005025,0.030969,0.030969,0.022652,0.113761,0.118786,0.064317,0.020741,0.000200,0.113259,0.000502,2.613300,0.000749,2.614049,2.614049,2.614049,1.307024,1.307024,0,0,1,0,0.000000,0.080000,0.008000,0.001000,5.000000,0.100000,22.000000,0.025000,0.000000
8.961000,0.500000,0.640000,-4.676743,-0.000000,-4.676743,-0.804864,0.000000,0.804864,0.008266,-0.005061,0.030969,0.030969,0.022703,0.114022,0.119082,0.064389,0.020741,0.000180,0.113516,0.000506,2.619815,0.001481,2.621296,2.621296,2.621296,1.310648,1.310648,0,0,1,0,0.000000,0.080000,0.008000,0.001000,5.000000,0.100000,22.000000,0.025000,0.000000
8.966000,0.500000,0.640000,-4.680856,-0.000000,-4.680856,-0.805764,0.000000,0.805764,0.008266,-0.005061,0.030969,0.030969,0.022703,0.114022,0.119082,0.064461,0.020741,0.000180,0.113516,0.000506,2.619815,0.000000,2.619815,2.619815,2.619815,1.309907,1.309907,0,0,1,0,0.000000,0.080000,0.008000,0.001000,5.000000,0.100000,22.000000,0.025000,0.000000
8.971000,0.500000,0.640000,-4.684973,-0.000000,-4.684973,-0.806668,0.000000,0.806668,0.008213,-0.005085,0.030969,0.030969,0.022755,0.114285,0.119371,0.064533,0.020741,0.000181,0.113777,0.000509,2.626151,0.001440,2.627591,2.627591,2.627591,1.313796,1.313796,0,0,1,0,0.000000,0.080000,0.008000,0.001000,5.000000,0.100000,22.000000,0.025000,0.000000
8.976000,0.500000,0.640000,-4.689095,-0.000000,-4.689095,-0.807572,0.000000,0.807572,0.008213,-0.005085,0.030969,0.030969,0.022755,0.114285,0.119371,0.064606,0.020741,0.000181,0.113777,0.000509,2.626151,0.000000,2.626151,2.626151,2.626151,1.313076,1.313076,0,0,1,0,0.000000,0.080000,0.008000,0.001000,5.000000,0.100000,22.000000,0.025000,0.000000
8.981000,0.500000,0.640000,-4.693221,-0.000000,-4.693221,-0.808480,0.000000,0.808480,0.008161,-0.005101,0.030969,0.030969,0.022807,0.114546,0.119647,0.064678,0.020741,0.000181,0.114036,0.000510,2.632242,0.001384,2.633626,2.633626,2.633626,1.316813,1.316813,0,0,1,0,0.000000,0.080000,0.008000,0.001000,5.000000,0.100000,22.000000,0.025000,0.000000
8.986000,0.500000,0.640000,-4.697353,-0.000000,-4.697353,-0.809387,0.000000,0.809387,0.008161,-0.005101,0.030969,0.030969,0.022807,0.114546,0.119647,0.064751,0.020741,0.000182,0.114036,0.000510,2.632242,0.000000,2.632242,2.632242,2.632242,1.316121,1.316121,0,0,1,0,0.000000,0.080000,0.008000,0.001000,5.000000,0.100000,22.000000,0.025000,0.000000
8.991000,0.500000,0.640000,-4.701489,-0.000000,-4.701489,-0.810298,0.000000,0.810298,0.008110,-0.005108,0.030969,0.030969,0.022859,0.114805,0.119913,0.064824,0.020741,0.000182,0.114295,0.000511,2.638089,0.001329,2.639418,2.639418,2.639418,1.319709,1.319709,0,0,1,0,0.000000,0.080000,0.008000,0.001000,5.000000,0.100000,22.000000,0.025000,0.000000
8.996000,0.500000,0.640000,-4.705630,-0.000000,-4.705630,-0.811209,0.000000,0.811209,0.008110,-0.005108,0.030969,0.030969,0.022859,0.114805,0.119913,0.064897,0.020741,0.000182,0.114295,0.000511,2.638089,0.000000,2.638089,2.638089,2.638089,1.319045,1.319045,0,0,1,0,0.000000,0.080000,0.008000,0.001000,5.000000,0.100000,22.000000,0.025000,0.000000
9.001000,0.500000,0.640000,-4.709775,-0.000000,-4.709775,-0.812123,0.000000,0.812123,0.008058,-0.005108,0.030969,0.030969,0.022910,0.115062,0.120170,0.064970,0.020741,0.000183,0.114551,0.000511,2.643739,0.001284,2.645023,2.645023,2.645023,1.322512,1.322512,0,0,1,0,0.000000,0.080000,0.008000,0.001000,5.000000,0.100000,22.000000,0.025000,0.000000
9.010000,0.500000,0.640000,-4.713925,-0.000000,-4.713925,-0.813037,0.000000,0.813037,0.008058,-0.005108,0.030969,0.030969,0.022910,0.115062,0.120170,0.065043,0.020741,0.000102,0.114551,0.000511,2.643739,0.000000,2.643739,2.643739,2.643739,1.321869,1.321869,0,0,1,0,0.000000,0.080000,0.008000,0.001000,5.000000,0.100000,22.000000,0.025000,0.000000
9.015000,0.500000,0.640000,-4.718080,-0.000000,-4.718080,-0.813954,0.000000,0.813954,0.008007,-0.005104,0.030969,0.030969,0.022961,0.115317,0.120421,0.065116,0.020741,0.000183,0.114807,0.000510,2.649270,0.001257,2.650528,2.650528,2.650528,1.325264,1.325264,0,0,1,0,0.000000,0.080000,0.008000,0.001000,5.000000,0.100000,22.000000,0.025000,0.000000
9.020000,0.500000,0.640000,-4.722240,-0.000000,-4.722240,-0.814872,0.000000,0.814872,0.007956,-0.005111,0.030969,0.030969,0.023012,0.115574,0.120685,0.065190,0.020741,0.000184,0.115062,0.000511,2.655062,0.001316,2.656378,2.656378,2.656378,1.328189,1.328189,0,0,1,0,0.000000,0.080000,0.008000,0.001000,5.000000,0.100000,22.000000,0.025000,0.000000
9.025000,0.500000,0.640000,-4.726404,-0.000000,-4.726404,-0.815788,0.000000,0.815788,0.007956,-0.005117,0.030969,0.030969,0.023012,0.115574,0.120691,0.065263,0.020741,0.000183,0.115062,0.000512,2.655212,0.000034,2.655246,2.655246,2.655246,1.327623,1.327623,0,0,1,0,0.000000,0.080000,0.008000,0.001000,5.000000,0.100000,22.000000,0.025000,0.000000
9.030000,0.500000,0.640000,-4.730573,-0.000000,-4.730573,-0.816706,0.000000,0.816706,0.007956,-0.005117,0.030969,0.030969,0.023012,0.115574,0.120691,0.065336,0.020741,0.000183,0.115062,0.000512,2.655212,0.000000,2.655212,2.655212,2.655212,1.327606,1.327606,0,0,1,0,0.000000,0.080000,0.008000,0.001000,5.000000,0.100000,22.000000,0.025000,0.000000
9.035000,0.500000,0.640000,-4.734747,-0.000000,-4.734747,-0.817625,0.000000,0.817625,0.007905,-0.005124,0.030969,0.030969,0.023064,0.115833,0.120957,0.065410,0.020741,0.000184,0.115321,0.000512,2.661052,0.001327,2.662379,2.662379,2.662379,1.331189,1.331189,0,0,1,0,0.000000,0.080000,0.008000,0.001000,5.000000,0.100000,22.000000,0.025000,0.000000
9.040000,0.500000,0.640000,-4.738925,-0.000000,-4.738925,-0.818545,0.000000,0.818545,0.007905,-0.005124,0.030969,0.030969,0.023064,0.115833,0.120957,0.065484,0.020741,0.000184,0.115321,0.000512,2.661052,0.000000,2.661052,2.661052,2.661052,1.330526,1.330526,0,0,1,0,0.000000,0.080000,0.008000,0.001000,5.000000,0.100000,22.000000,0.025000,0.000000
9.045000,0.500000,0.640000,-4.743108,-0.000000,-4.743108,-0.819463,0.000000,0.819463,0.007853,-0.005151,0.030969,0.030969,0.023116,0.116096,0.121247,0.065557,0.020741,0.000184,0.115581,0.000515,2.667432,0.001450,2.668882,2.668882,2.668882,1.334441,1.334441,0,0,1,0,0.000000,0.080000,0.008000,0.001000,5.000000,0.100000,22.000000,0.025000,0.000000
9.050000,0.500000,0.640000,-4.747295,-0.000000,-4.747295,-0.820381,0.000000,0.820381,0.007853,-0.005151,0.030969,0.030969,0.023116,0.116096,0.121247,0.065630,0.020741,0.000184,0.115581,0.000515,2.667432,0.000000,2.667432,2.667432,2.667432,1.333716,1.333716,0,0,1,0,0.000000,0.080000,0.008000,0.001000,5.000000,0.100000,22.000000,0.025000,0.000000
9.059000,0.500000,0.640000,-4.755684,-0.000000,-4.755684,-0.822224,0.000000,0.822224,0.007800,-0.005171,0.030969,0.030969,0.023169,0.116362,0.121532,0.065778,0.020741,0.000205,0.115845,0.000517,2.673715,0.000793,2.674508,2.674508,2.674508,1.337254,1.337254,0,0,1,0,0.000000,0.080000,0.008000,0.001000,5.000000,0.100000,22.000000,0.025000,0.000000
9.064000,0.500000,0.640000,-4.759885,-0.000000,-4.759885,-0.823144,0.000000,0.823144,0.007747,-0.005207,0.030969,0.030969,0.023222,0.116630,0.121837,0.065852,0.020741,0.000184,0.116110,0.000521,2.680413,0.001522,2.681935,2.681935,2.681935,1.340967,1.340967,0,0,1,0,0.000000,0.080000,0.008000,0.001000,5.000000,0.100000,22.000000,0.025000,0.000000
9.069000,0.500000,0.640000,-4.764091,-0.000000,-4.764091,-0.824066,0.000000,0.824066,0.007747,-0.005207,0.030969,0.030969,0.023222,0.116630,0.121837,0.065925,0.020741,0.000184,0.116110,0.000521,2.680413,0.000000,2.680413,2.680413,2.680413,1.340206,1.340206,0,0,1,0,0.000000,0.080000,0.008000,0.001000,5.000000,0.100000,22.000000,0.025000,0.000000
9.074000,0.500000,0.640000,-4.768302,-0.000000,-4.768302,-0.824991,0.000000,0.824991,0.007693,-0.005225,0.030969,0.030969,0.023275,0.116899,0.122125,0.065999,0.020741,0.000185,0.116377,0.000523,2.686739,0.001438,2.688177,2.688177,2.688177,1.344089,1.344089,0,0,1,0,0.000000,0.080000,0.008000,0.001000,5.000000,0.100000,22.000000,0.025000,0.000000
9.079000,0.500000,0.640000,-4.772518,-0.000000,-4.772518,-0.825917,0.000000,0.825917,0.007693,-0.005225,0.030969,0.030969,0.023275,0.116899,0.122125,0.066073,0.020741,0.000185,0.116377,0.000523,2.686739,0.000000,2.686739,2.686739,2.686739,1.343370,1.343370,0,0,1,0,0.000000,0.080000,0.008000,0.001000,5.000000,0.100000,22.000000,0.025000,0.000000
9.084000,0.500000,0.640000,-4.776738,-0.000000,-4.776738,-0.826847,0.000000,0.826847,0.007640,-0.005230,0.030969,0.030969,0.023328,0.117164,0.122394,0.066148,0.020741,0.000186,0.116641,0.000523,2.692678,0.001350,2.694027,2.694027,2.694027,1.347014,1.347014,0,0,1,0,0.000000,0.080000,0.008000,0.001000,5.000000,0.100000,22.000000,0.025000,0.000000
9.089000,0.500000,0.640000,-4.780964,-0.000000,-4.780964,-0.827777,0.000000,0.827777,0.007640,-0.005230,0.030969,0.030969,0.023328,0.117164,0.122394,0.066222,0.020741,0.000186,0.116641,0.000523,2.692678,0.000000,2.692678,2.692678,2.692678,1.346339,1.346339,0,0,1,0,0.000000,0.080000,0.008000,0.001000,5.000000,0.100000,22.000000,0.025000,0.000000
9.094000,0.500000,0.640000,-4.785194,-0.000000,-4.785194,-0.828711,0.000000,0.828711,0.007588,-0.005225,0.030969,0.030969,0.023381,0.117425,0.122650,0.066297,0.020741,0.000187,0.116903,0.000522,2.698300,0.001278,2.699578,2.699578,2.699578,1.349789,1.349789,0,0,1,0,0.000000,0.080000,0.008000,0.001000,5.000000,0.100000,22.000000,0.025000,0.000000
9.099000,0.500000,0.640000,-4.789429,-0.000000,-4.789429,-0.829645,0.000000,0.829645,0.007588,-0.005225,0.030969,0.030969,0.023381,0.117425,0.122650,0.066372,0.020741,0.000187,0.116903,0.000522,2.698300,0.000000,2.698300,2.698300,2.698300,1.349150,1.349150,0,0,1,0,0.000000,0.080000,0.008000,0.001000,5.000000,0.100000,22.000000,0.025000,0.000000
9.104000,0.500000,0.640000,-4.793669,-0.000000,-4.793669,-0.830582,0.000000,0.830582,0.007536,-0.005213,0.030969,0.030969,0.023433,0.117684,0.122897,0.066447,0.020741,0.000187,0.117163,0.000521,2.703729,0.001234,2.704962,2.704962,2.704962,1.352481,1.352481,0,0,1,0,0.000000,0.080000,0.008000,0.001000,5.000000,0.100000,22.000000,0.025000,0.000000
9.113000,0.500000,0.640000,-4.802163,-0.000000,-4.802163,-0.832458,0.000000,0.832458,0.007485,-0.005200,0.030969,0.030969,0.023484,0.117941,0.123141,0.066597,0.020741,0.000209,0.117421,0.000520,2.709105,0.000679,2.709784,2.709784,2.709784,1.354892,1.354892,0,0,1,0,0.000000,0.080000,0.008000,0.001000,5.000000,0.100000,22.000000,0.025000,0.000000
9.118000,0.500000,0.640000,-4.806418,-0.000000,-4.806418,-0.833398,0.000000,0.833398,0.007485,-0.005200,0.030969,0.030969,0.023484,0.117941,0.123141,0.066672,0.020741,0.000188,0.117421,0.000520,2.709105,0.000000,2.709105,2.709105,2.709105,1.354553,1.354553,0,0,1,0,0.000000,0.080000,0.008000,0.001000,5.000000,0.100000,22.000000,0.025000,0.000000
9.123000,0.500000,0.640000,-4.810677,-0.000000,-4.810677,-0.834340,0.000000,0.834340,0.007433,-0.005189,0.030969,0.030969,0.023536,0.118197,0.123387,0.066747,0.020741,0.000188,0.117678,0.000519,2.714503,0.001227,2.715730,2.715730,2.715730,1.357865,1.357865,0,0,1,0,0.000000,0.080000,0.008000,0.001000,5.000000,0.100000,22.000000,0.025000,0.000000
9.132000,0.500000,0.640000,-4.819210,-0.000000,-4.819210,-0.836224,0.000000,0.836224,0.007381,-0.005186,0.030969,0.030969,0.023587,0.118455,0.123641,0.066898,0.020741,0.000209,0.117937,0.000519,2.720113,0.000708,2.720821,2.720821,2.720821,1.360411,1.360411,0,0,1,0,0.000000,0.080000,0.008000,0.001000,5.000000,0.100000,22.000000,0.025000,0.000000
9.137000,0.500000,0.640000,-4.823483,-0.000000,-4.823483,-0.837167,0.000000,0.837167,0.007381,-0.005186,0.030969,0.030969,0.023587,0.118455,0.123641,0.066973,0.020741,0.000189,0.117937,0.000519,2.720113,0.000000,2.720113,2.720113,2.720113,1.360056,1.360056,0,0,1,0,0.000000,0.080000,0.008000,0.001000,5.000000,0.100000,22.000000,0.025000,0.000000
9.142000,0.500000,0.640000,-4.827762,-0.000000,-4.827762,-0.838111,0.000000,0.838111,0.007329,-0.005191,0.030969,0.030969,0.023639,0.118716,0.123906,0.067049,0.020741,0.000189,0.118197,0.000519,2.725936,0.001324,2.727260,2.727260,2.727260,1.363630,1.363630,0,0,1,0,0.000000,0.080000,0.008000,0.001000,5.000000,0.100000,22.000000,0.025000,0.000000
9.147000,0.500000,0.640000,-4.832045,-0.000000,-4.832045,-0.839054,0.000000,0.839054,0.007329,-0.005191,0.030969,0.030969,0.023639,0.118716,0.123906,0.067124,0.020741,0.000189,0.118197,0.000519,2.725936,0.000000,2.725936,2.725936,2.725936,1.362968,1.362968,0,0,1,0,0.000000,0.080000,0.008000,0.001000,5.000000,0.100000,22.000000,0.025000,0.000000
9.156000,0.500000,0.640000,-4.840625,-0.000000,-4.840625,-0.840942,0.000000,0.840942,0.007277,-0.005205,0.030969,0.030969,0.023692,0.118980,0.124185,0.067275,0.020741,0.000210,0.118459,0.000520,2.732065,0.000774,2.732839,2.732839,2.732839,1.366420,1.366420,0,0,1,0,0.000000,0.080000,0.008000,0.001000,5.000000,0.100000,22.000000,0.025000,0.000000
9.161000,0.500000,0.640000,-4.844922,-0.000000,-4.844922,-0.841883,0.000000,0.841883,0.007223,-0.005251,0.030969,0.030969,0.023745,0.119252,0.124503,0.067351,0.020741,0.000188,0.118727,0.000525,2.739069,0.001592,2.740661,2.740661,2.740661,1.370331,1.370331,0,0,1,0,0.000000,0.080000,0.008000,0.001000,5.000000,0.100000,22.000000,0.025000,0.000000
9.166000,0.500000,0.640000,-4.849224,-0.000000,-4.849224,-0.842824,0.000000,0.842824,0.007223,-0.005251,0.030969,0.030969,0.023745,0.119252,0.124503,0.067426,0.020741,0.000188,0.118727,0.000525,2.739069,0.000000,2.739069,2.739069,2.739069,1.369535,1.369535,0,0,1,0,0.000000,0.080000,0.008000,0.001000,5.000000,0.100000,22.000000,0.025000,0.000000
9.171000,0.500000,0.640000,-4.853530,-0.000000,-4.853530,-0.843767,0.000000,0.843767,0.007169,-0.005292,0.030969,0.030969,0.023800,0.119530,0.124822,0.067501,0.020741,0.000189,0.119001,0.000529,2.746087,0.001595,2.747681,2.747681,2.747681,1.373841,1.373841,0,0,1,0,0.000000,0.080000,0.008000,0.001000,5.000000,0.100000,22.000000,0.025000,0.000000
9.176000,0.500000,0.640000,-4.857841,-0.000000,-4.857841,-0.844711,0.000000,0.844711,0.007169,-0.005292,0.030969,0.030969,0.023800,0.119530,0.124822,0.067577,0.020741,0.000189,0.119001,0.000529,2.746087,0.000000,2.746087,2.746087,2.746087,1.373043,1.373043,0,0,1,0,0.000000,0.080000,0.008000,0.001000,5.000000,0.100000,22.000000,0.025000,0.000000
9.181000,0.500000,0.640000,-4.862158,-0.000000,-4.862158,-0.845657,0.000000,0.845657,0.007114,-0.005326,0.030969,0.030969,0.023855,0.119808,0.125134,0.067653,0.020741,0.000189,0.119275,0.000533,2.752951,0.001560,2.754511,2.754511,2.754511,1.377255,1.377255,0,0,1,0,0.000000,0.080000,0.008000,0.001000,5.000000,0.100000,22.000000,0.025000,0.000000
9.186000,0.500000,0.640000,-4.866479,-0.000000,-4.866479,-0.846604,0.000000,0.846604,0.007114,-0.005326,0.030969,0.030969,0.023855,0.119808,0.125134,0.067728,0.020741,0.000189,0.119275,0.000533,2.752951,0.000000,2.752951,2.752951,2.752951,1.376475,1.376475,0,0,1,0,0.000000,0.080000,0.008000,0.001000,5.000000,0.100000,22.000000,0.025000,0.000000
9.191000,0.500000,0.640000,-4.870805,-0.000000,-4.870805,-0.847554,0.000000,0.847554,0.007059,-0.005351,0.030969,0.030969,0.023910,0.120084,0.125435,0.067804,0.020741,0.000190,0.119549,0.000535,2.759561,0.001502,2.761064,2.761064,2.761064,1.380532,1.380532,0,0,1,0,0.000000,0.080000,0.008000,0.001000,5.000000,0.100000,22.000000,0.025000,0.000000
9.200000,0.500000,0.640000,-4.875136,-0.000000,-4.875136,-0.848504,0.000000,0.848504,0.007004,-0.005364,0.030969,0.030969,0.023964,0.120358,0.125722,0.067880,0.020741,0.000106,0.119822,0.000536,2.765877,0.000797,2.766675,2.766675,2.766675,1.383337,1.383337,0,0,1,0,0.000000,0.080000,0.008000,0.001000,5.000000,0.100000,22.000000,0.025000,0.000000
9.205000,0.500000,0.640000,-4.883812,-0.000000,-4.883812,-0.850413,0.000000,0.850413,0.007004,-0.005364,0.030969,0.030969,0.023964,0.120358,0.125722,0.068033,0.020741,0.000382,0.119822,0.000536,2.765877,0.000000,2.765877,2.765877,2.765877,1.382939,1.382939,0,0,1,0,0.000000,0.080000,0.008000,0.001000,5.000000,0.100000,22.000000,0.025000,0.000000
9.210000,0.500000,0.640000,-4.883812,-0.000000,-4.883812,-0.850413,0.000000,0.850413,0.006950,-0.005365,0.030969,0.030969,0.024018,0.120628,0.125993,0.068033,0.020741,0.000000,0.120091,0.000536,2.771839,0.001355,2.773193,2.773193,2.773193,1.386597,1.386597,0,0,1,0,0.000000,0.080000,0.008000,0.001000,5.000000,0.100000,22.000000,0.025000,0.000000
9.215000,0.500000,0.640000,-4.888158,-0.000000,-4.888158,-0.851371,0.000000,0.851371,0.006950,-0.005365,0.030969,0.030969,0.024018,0.120628,0.125993,0.068110,0.020741,0.000192,0.120091,0.000536,2.771839,0.000000,2.771839,2.771839,2.771839,1.385919,1.385919,0,0,1,0,0.000000,0.080000,0.008000,0.001000,5.000000,0.100000,22.000000,0.025000,0.000000
9.220000,0.500000,0.640000,-4.892509,-0.000000,-4.892509,-0.852329,0.000000,0.852329,0.006950,-0.005365,0.030969,0.030969,0.024018,0.120628,0.125993,0.068186,0.020741,0.000192,0.120091,0.000536,2.771839,0.000000,2.771839,2.771839,2.771839,1.385919,1.385919,0,0,1,0,0.000000,0.080000,0.008000,0.001000,5.000000,0.100000,22.000000,0.025000,0.000000
9.225000,0.500000,0.640000,-4.896865,-0.000000,-4.896865,-0.853291,0.000000,0.853291,0.006897,-0.005360,0.030969,0.030969,0.024072,0.120896,0.126256,0.068263,0.020741,0.000192,0.120360,0.000536,2.777622,0.001314,2.778936,2.778936,2.778936,1.389468,1.389468,0,0,1,0,0.000000,0.080000,0.008000,0.001000,5.000000,0.100000,22.000000,0.025000,0.000000
9.230000,0.500000,0.640000,-4.901225,-0.000000,-4.901225,-0.854252,0.000000,0.854252,0.006897,-0.005360,0.030969,0.030969,0.024072,0.120896,0.126256,0.068340,0.020741,0.000192,0.120360,0.000536,2.777622,0.000000,2.777622,2.777622,2.777622,1.388811,1.388811,0,0,1,0,0.000000,0.080000,0.008000,0.001000,5.000000,0.100000,22.000000,0.025000,0.000000
9.235000,0.500000,0.640000,-4.905591,-0.000000,-4.905591,-0.855216,0.000000,0.855216,0.006843,-0.005353,0.030969,0.030969,0.024125,0.121162,0.126515,0.068417,0.020741,0.000193,0.120627,0.000535,2.783331,0.001298,2.784629,2.784629,2.784629,1.392315,1.392315,0,0,1,0,0.000000,0.080000,0.008000,0.001000,5.000000,0.100000,22.000000,0.025000,0.000000
9.244000,0.500000,0.640000,-4.914337,-0.000000,-4.914337,-0.857147,0.000000,0.857147,0.006790,-0.005348,0.030969,0.030969,0.024179,0.121428,0.126776,0.068572,0.020741,0.000214,0.120894,0.000535,2.789077,0.000725,2.789802,2.789802,2.789802,1.394901,1.394901,0,0,1,0,0.000000,0.080000,0.008000,0.001000,5.000000,0.100000,22.000000,0.025000,0.000000
9.249000,0.500000,0.640000,-4.918718,-0.000000,-4.918718,-0.858113,0.000000,0.858113,0.006790,-0.005348,0.030969,0.030969,0.024179,0.121428,0.126776,0.068649,0.020741,0.000193,0.120894,0.000535,2.789077,0.000000,2.789077,2.789077,2.789077,1.394538,1.394538,0,0,1,0,0.000000,0.080000,0.008000,0.001000,5.000000,0.100000,22.000000,0.025000,0.000000
9.254000,0.500000,0.640000,-4.923103,-0.000000,-4.923103,-0.859081,0.000000,0.859081,0.006737,-0.005345,0.030969,0.030969,0.024232,0.121695,0.127040,0.068727,0.020741,0.000194,0.121160,0.000535,2.794882,0.001319,2.796201,2.796201,2.796201,1.398101,1.398101,0,0,1,0,0.000000,0.080000,0.008000,0.001000,5.000000,0.100000,22.000000,0.025000,0.000000
9.259000,0.500000,0.640000,-4.927493,-0.000000,-4.927493,-0.860049,0.000000,0.860049,0.006737,-0.005345,0.030969,0.030969,0.024232,0.121695,0.127040,0.068804,0.020741,0.000194,0.121160,0.000535,2.794882,0.000000,2.794882,2.794882,2.794882,1.397441,1.397441,0,0,1,0,0.000000,0.080000,0.008000,0.001000,5.000000,0.100000,22.000000,0.025000,0.000000
9.264000,0.500000,0.640000,-4.931888,-0.000000,-4.931888,-0.861019,0.000000,0.861019,0.006683,-0.005350,0.030969,0.030969,0.024286,0.121964,0.127313,0.068881,0.020741,0.000194,0.121429,0.000535,2.800895,0.001367,2.802262,2.802262,2.802262,1.401131,1.401131,0,0,1,0,0.000000,0.080000,0.008000,0.001000,5.000000,0.100000,22.000000,0.025000,0.000000
9.269000,0.500000,0.640000,-4.936289,-0.000000,-4.936289,-0.861987,0.000000,0.861987,0.006683,-0.005350,0.030969,0.030969,0.024286,0.121964,0.127313,0.068959,0.020741,0.000194,0.121429,0.000535,2.800895,0.000000,2.800895,2.800895,2.800895,1.400448,1.400448,0,0,1,0,0.000000,0.080000,0.008000,0.001000,5.000000,0.100000,22.000000,0.025000,0.000000
9.274000,0.500000,0.640000,-4.940694,-0.000000,-4.940694,-0.862958,0.000000,0.862958,0.006629,-0.005362,0.030969,0.030969,0.024340,0.122235,0.127597,0.069037,0.020741,0.000194,0.121699,0.000536,2.807140,0.001419,2.808560,2.808560,2.808560,1.404280,1.404280,0,0,1,0,0.000000,0.080000,0.008000,0.001000,5.000000,0.100000,22.000000,0.025000,0.000000
9.279000,0.500000,0.640000,-4.945103,-0.000000,-4.945103,-0.863927,0.000000,0.863927,0.006629,-0.005362,0.030969,0.030969,0.024340,0.122235,0.127597,0.069114,0.020741,0.000194,0.121699,0.000536,2.807140,0.000000,2.807140,2.807140,2.807140,1.403570,1.403570,0,0,1,0,0.000000,0.080000,0.008000,0.001000,5.000000,0.100000,22.000000,0.025000,0.000000
9.284000,0.500000,0.640000,-4.949518,-0.000000,-4.949518,-0.864899,0.000000,0.864899,0.006574,-0.005381,0.030969,0.030969,0.024394,0.122510,0.127891,0.069192,0.020741,0.000194,0.121972,0.000538,2.813600,0.001468,2.815068,2.815068,2.815068,1.407534,1.407534,0,0,1,0,0.000000,0.080000,0.008000,0.001000,5.000000,0.100000,22.000000,0.025000,0.000000
9.293000,0.500000,0.640000,-4.958362,-0.000000,-4.958362,-0.866842,0.000000,0.866842,0.006519,-0.005405,0.030969,0.030969,0.024449,0.122787,0.128192,0.069347,0.020741,0.000216,0.122247,0.000540,2.820222,0.000836,2.821058,2.821058,2.821058,1.410529,1.410529,0,0,1,0,0.000000,0.080000,0.008000,0.001000,5.000000,0.100000,22.000000,0.025000,0.000000
9.298000,0.500000,0.640000,-4.962792,-0.000000,-4.962792,-0.867815,0.000000,0.867815,0.006519,-0.005405,0.030969,0.030969,0.024449,0.122787,0.128192,0.069425,0.020741,0.000195,0.122247,0.000540,2.820222,0.000000,2.820222,2.820222,2.820222,1.410111,1.410111,0,0,1,0,0.000000,0.080000,0.008000,0.001000,5.000000,0.100000,22.000000,0.025000,0.000000
9.303000,0.500000,0.640000,-4.967227,-0.000000,-4.967227,-0.868790,0.000000,0.868790,0.006464,-0.005428,0.030969,0.030969,0.024505,0.123066,0.128494,0.069503,0.020741,0.000195,0.122523,0.000543,2.826862,0.001509,2.828371,2.828371,2.828371,1.414186,1.414186,0,0,1,0,0.000000,0.080000,0.008000,0.001000,5.000000,0.100000,22.000000,0.025000,0.000000
9.308000,0.500000,0.640000,-4.971666,-0.000000,-4.971666,-0.869764,0.000000,0.869764,0.006464,-0.005428,0.030969,0.030969,0.024505,0.123066,0.128494,0.069581,0.020741,0.000195,0.122523,0.000543,2.826862,0.000000,2.826862,2.826862,2.826862,1.413431,1.413431,0,0,1,0,0.000000,0.080000,0.008000,0.001000,5.000000,0.100000,22.000000,0.025000,0.000000
9.313000,0.500000,0.640000,-4.976110,-0.000000,-4.976110,-0.870741,0.000000,0.870741,0.006409,-0.005451,0.030969,0.030969,0.024560,0.123346,0.128797,0.069659,0.020741,0.000195,0.122801,0.000545,2.833543,0.001518,2.835062,2.835062,2.835062,1.417531,1.417531,0,0,1,0,0.000000,0.080000,0.008000,0.001000,5.000000,0.100000,22.000000,0.025000,0.000000
9.318000,0.500000,0.640000,-4.980560,-0.000000,-4.980560,-0.871718,0.000000,0.871718,0.006409,-0.005451,0.030969,0.030969,0.024560,0.123346,0.128797,0.069737,0.020741,0.000195,0.122801,0.000545,2.833543,0.000000,2.833543,2.833543,2.833543,1.416772,1.416772,0,0,1,0,0.000000,0.080000,0.008000,0.001000,5.000000,0.100000,22.000000,0.025000,0.000000
9.323000,0.500000,0.640000,-4.985014,-0.000000,-4.985014,-0.872697,0.000000,0.872697,0.006353,-0.005473,0.030969,0.030969,0.024616,0.123627,0.129100,0.069816,0.020741,0.000196,0.123080,0.000547,2.840201,0.001513,2.841715,2.841715,2.841715,1.420857,1.420857,0,0,1,0,0.000000,0.080000,0.008000,0.001000,5.000000,0.100000,22.000000,0.025000,0.000000
9.332000,0.500000,0.640000,-4.993938,-0.000000,-4.993938,-0.874657,0.000000,0.874657,0.006297,-0.005491,0.030969,0.030969,0.024672,0.123908,0.129400,0.069973,0.020741,0.000218,0.123359,0.000549,2.846790,0.000832,2.847622,2.847622,2.847622,1.423811,1.423811,0,0,1,0,0.000000,0.080000,0.008000,0.001000,5.000000,0.100000,22.000000,0.025000,0.000000
9.337000,0.500000,0.640000,-4.998408,-0.000000,-4.998408,-0.875640,0.000000,0.875640,0.006297,-0.005491,0.030969,0.030969,0.024672,0.123908,0.129400,0.070051,0.020741,0.000197,0.123359,0.000549,2.846790,0.000000,2.846790,2.846790,2.846790,1.423395,1.423395,0,0,1,0,0.000000,0.080000,0.008000,0.001000,5.000000,0.100000,22.000000,0.025000,0.000000
9.342000,0.500000,0.640000,-5.002882,-0.000000,-5.002882,-0.876625,0.000000,0.876625,0.006241,-0.005503,0.030969,0.030969,0.024727,0.124188,0.129691,0.070130,0.020741,0.000197,0.123637,0.000550,2.853207,0.001458,2.854665,2.854665,2.854665,1.427333,1.427333,0,0,1,0,0.000000,0.080000,0.008000,0.001000,5.000000,0.100000,22.000000,0.025000,0.000000
9.347000,0.500000,0.640000,-5.007362,-0.000000,-5.007362,-0.877610,0.000000,0.877610,0.006241,-0.005503,0.030969,0.030969,0.024727,0.124188,0.129691,0.070209,0.020741,0.000197,0.123637,0.000550,2.853207,0.000000,2.853207,2.853207,2.853207,1.426604,1.426604,0,0,1,0,0.000000,0.080000,0.008000,0.001000,5.000000,0.100000,22.000000,0.025000,0.000000
9.352000,0.500000,0.640000,-5.011847,-0.000000,-5.011847,-0.878597,0.000000,0.878597,0.006186,-0.005513,0.030969,0.030969,0.024783,0.124467,0.129980,0.070288,0.020741,0.000198,0.123916,0.000551,2.859554,0.001442,2.860997,2.860997,2.860997,1.430498,1.430498,0,0,1,0,0.000000,0.080000,0.008000,0.001000,5.000000,0.100000,22.000000,0.025000,0.000000
9.357000,0.500000,0.640000,-5.016337,-0.000000,-5.016337,-0.879585,0.000000,0.879585,0.006186,-0.005513,0.030969,0.030969,0.024783,0.124467,0.129980,0.070367,0.020741,0.000198,0.123916,0.000551,2.859554,0.000000,2.859554,2.859554,2.859554,1.429777,1.429777,0,0,1,0,0.000000,0.080000,0.008000,0.001000,5.000000,0.100000,22.000000,0.025000,0.000000
9.362000,0.500000,0.640000,-5.020832,-0.000000,-5.020832,-0.880575,0.000000,0.880575,0.006130,-0.005520,0.030969,0.030969,0.024839,0.124746,0.130266,0.070446,0.020741,0.000198,0.124194,0.000552,2.865853,0.001432,2.867285,2.867285,2.867285,1.433642,1.433642,0,0,1,0,0.000000,0.080000,0.008000,0.001000,5.000000,0.100000,22.000000,0.025000,0.000000
9.367000,0.500000,0.640000,-5.025331,-0.000000,-5.025331,-0.881566,0.000000,0.881566,0.006130,-0.005520,0.030969,0.030969,0.024839,0.124746,0.130266,0.070525,0.020741,0.000198,0.124194,0.000552,2.865853,0.000000,2.865853,2.865853,2.865853,1.432927,1.432927,0,0,1,0,0.000000,0.080000,0.008000,0.001000,5.000000,0.100000,22.000000,0.025000,0.000000
9.376000,0.500000,0.640000,-5.034347,-0.000000,-5.034347,-0.883551,0.000000,0.883551,0.006074,-0.005527,0.030969,0.030969,0.024895,0.125025,0.130552,0.070684,0.020741,0.000221,0.124473,0.000553,2.872137,0.000793,2.872931,2.872931,2.872931,1.436465,1.436465,0,0,1,0,0.000000,0.080000,0.008000,0.001000,5.000000,0.100000,22.000000,0.025000,0.000000
9.381000,0.500000,0.640000,-5.038862,-0.000000,-5.038862,-0.884542,0.000000,0.884542,0.006018,-0.005558,0.030969,0.030969,0.024951,0.125309,0.130866,0.070763,0.020741,0.000198,0.124753,0.000556,2.879063,0.001574,2.880636,2.880636,2.880636,1.440318,1.440318,0,0,1,0,0.000000,0.080000,0.008000,0.001000,5.000000,0.100000,22.000000,0.025000,0.000000
9.386000,0.500000,0.640000,-5.043381,-0.000000,-5.043381,-0.885533,0.000000,0.885533,0.006018,-0.005558,0.030969,0.030969,0.024951,0.125309,0.130866,0.070843,0.020741,0.000198,0.124753,0.000556,2.879063,0.000000,2.879063,2.879063,2.879063,1.439531,1.439531,0,0,1,0,0.000000,0.080000,0.008000,0.001000,5.000000,0.100000,22.000000,0.025000,0.000000
9.391000,0.500000,0.640000,-5.047906,-0.000000,-5.047906,-0.886528,0.000000,0.886528,0.005961,-0.005579,0.030969,0.030969,0.025008,0.125596,0.131175,0.070922,0.020741,0.000199,0.125038,0.000558,2.885854,0.001544,2.887398,2.887398,2.887398,1.443699,1.443699,0,0,1,0,0.000000,0.080000,0.008000,0.001000,5.000000,0.100000,22.000000,0.025000,0.000000
9.400000,0.500000,0.640000,-5.056972,-0.000000,-5.056972,-0.888520,0.000000,0.888520,0.005904,-0.005594,0.030969,0.030969,0.025064,0.125881,0.131476,0.071082,0.020741,0.000221,0.125322,0.000559,2.892463,0.000834,2.893297,2.893297,2.893297,1.446649,1.446649,0,0,1,0,0.000000,0.080000,0.008000,0.001000,5.000000,0.100000,22.000000,0.025000,0.000000
9.405000,0.500000,0.640000,-5.056972,-0.000000,-5.056972,-0.888520,0.000000,0.888520,0.005904,-0.005594,0.030969,0.030969,0.025064,0.125881,0.131476,0.071082,0.020741,0.000000,0.125322,0.000559,2.892463,0.000000,2.892463,2.892463,2.892463,1.446231,1.446231,0,0,1,0,0.000000,0.080000,0.008000,0.001000,5.000000,0.100000,22.000000,0.025000,0.000000
9.410000,0.500000,0.640000,-5.061512,-0.000000,-5.061512,-0.889519,0.000000,0.889519,0.005904,-0.005594,0.030969,0.030969,0.025064,0.125881,0.131476,0.071162,0.020741,0.000200,0.125322,0.000559,2.892463,0.000000,2.892463,2.892463,2.892463,1.446231,1.446231,0,0,1,0,0.000000,0.080000,0.008000,0.001000,5.000000,0.100000,22.000000,0.025000,0.000000
9.415000,0.500000,0.640000,-5.066058,-0.000000,-5.066058,-0.890521,0.000000,0.890521,0.005848,-0.005600,0.030969,0.030969,0.025121,0.126164,0.131764,0.071242,0.020741,0.000200,0.125604,0.000560,2.898813,0.001443,2.900257,2.900257,2.900257,1.450128,1.450128,0,0,1,0,0.000000,0.080000,0.008000,0.001000,5.000000,0.100000,22.000000,0.025000,0.000000
9.420000,0.500000,0.640000,-5.070609,-0.000000,-5.070609,-0.891522,0.000000,0.891522,0.005848,-0.005600,0.030969,0.030969,0.025121,0.126164,0.131764,0.071322,0.020741,0.000200,0.125604,0.000560,2.898813,0.000000,2.898813,2.898813,2.898813,1.449407,1.449407,0,0,1,0,0.000000,0.080000,0.008000,0.001000,5.000000,0.100000,22.000000,0.025000,0.000000
9.425000,0.500000,0.640000,-5.075164,-0.000000,-5.075164,-0.892523,0.000000,0.892523,0.005791,-0.005626,0.030969,0.030969,0.025178,0.126450,0.132076,0.071402,0.020741,0.000200,0.125888,0.000563,2.905682,0.001561,2.907244,2.907244,2.907244,1.453622,1.453622,0,0,1,0,0.000000,0.080000,0.008000,0.001000,5.000000,0.100000,22.000000,0.025000,0.000000
9.430000,0.500000,0.640000,-5.079725,-0.000000,-5.079725,-0.893524,0.000000,0.893524,0.005791,-0.005626,0.030969,0.030969,0.025178,0.126450,0.132076,0.071482,0.020741,0.000200,0.125888,0.000563,2.905682,0.000000,2.905682,2.905682,2.905682,1.452841,1.452841,0,0,1,0,0.000000,0.080000,0.008000,0.001000,5.000000,0.100000,22.000000,0.025000,0.000000
9.439000,0.500000,0.640000,-5.088862,-0.000000,-5.088862,-0.895533,0.000000,0.895533,0.005734,-0.005643,0.030969,0.030969,0.025235,0.126739,0.132381,0.071643,0.020741,0.000223,0.126175,0.000564,2.912393,0.000847,2.913240,2.913240,2.913240,1.456620,1.456620,0,0,1,0,0.000000,0.080000,0.008000,0.001000,5.000000,0.100000,22.000000,0.025000,0.000000
9.444000,0.500000,0.640000,-5.093438,-0.000000,-5.093438,-0.896536,0.000000,0.896536,0.005676,-0.005676,0.030969,0.030969,0.025292,0.127030,0.132705,0.071723,0.020741,0.000201,0.126462,0.000568,2.919520,0.001620,2.921140,2.921140,2.921140,1.460570,1.460570,0,0,1,0,0.000000,0.080000,0.008000,0.001000,5.000000,0.100000,22.000000,0.025000,0.000000
9.449000,0.500000,0.640000,-5.098019,-0.000000,-5.098019,-0.897541,0.000000,0.897541,0.005676,-0.005676,0.030969,0.030969,0.025292,0.127030,0.132705,0.071803,0.020741,0.000201,0.126462,0.000568,2.919520,0.000000,2.919520,2.919520,2.919520,1.459760,1.459760,0,0,1,0,0.000000,0.080000,0.008000,0.001000,5.000000,0.100000,22.000000,0.025000,0.000000
9.454000,0.500000,0.640000,-5.102606,-0.000000,-5.102606,-0.898550,0.000000,0.898550,0.005618,-0.005691,0.030969,0.030969,0.025350,0.127321,0.133012,0.071884,0.020741,0.000202,0.126752,0.000569,2.926257,0.001531,2.927788,2.927788,2.927788,1.463894,1.463894,0,0,1,0,0.000000,0.080000,0.008000,0.001000,5.000000,0.100000,22.000000,0.025000,0.000000
9.459000,0.500000,0.640000,-5.107198,-0.000000,-5.107198,-0.899560,0.000000,0.899560,0.005618,-0.005691,0.030969,0.030969,0.025350,0.127321,0.133012,0.071965,0.020741,0.000202,0.126752,0.000569,2.926257,0.000000,2.926257,2.926257,2.926257,1.463129,1.463129,0,0,1,0,0.000000,0.080000,0.008000,0.001000,5.000000,0.100000,22.000000,0.025000,0.000000
9.464000,0.500000,0.640000,-5.111794,-0.000000,-5.111794,-0.900573,0.000000,0.900573,0.005561,-0.005692,0.030969,0.030969,0.025408,0.127608,0.133301,0.072046,0.020741,0.000203,0.127039,0.000569,2.932611,0.001444,2.934055,2.934055,2.934055,1.467028,1.467028,0,0,1,0,0.000000,0.080000,0.008000,0.001000,5.000000,0.100000,22.000000,0.025000,0.000000
9.473000,0.500000,0.640000,-5.121004,-0.000000,-5.121004,-0.902604,0.000000,0.902604,0.005504,-0.005684,0.030969,0.030969,0.025465,0.127892,0.133576,0.072208,0.020741,0.000226,0.127323,0.000568,2.938678,0.000766,2.939443,2.939443,2.939443,1.469722,1.469722,0,0,1,0,0.000000,0.080000,0.008000,0.001000,5.000000,0.100000,22.000000,0.025000,0.000000
9.478000,0.500000,0.640000,-5.125617,-0.000000,-5.125617,-0.903623,0.000000,0.903623,0.005504,-0.005684,0.030969,0.030969,0.025465,0.127892,0.133576,0.072290,0.020741,0.000204,0.127323,0.000568,2.938678,0.000000,2.938678,2.938678,2.938678,1.469339,1.469339,0,0,1,0,0.000000,0.080000,0.008000,0.001000,5.000000,0.100000,22.000000,0.025000,0.000000
9.483000,0.500000,0.640000,-5.130235,-0.000000,-5.130235,-0.904644,0.000000,0.904644,0.005448,-0.005670,0.030969,0.030969,0.025521,0.128172,0.133842,0.072372,0.020741,0.000204,0.127605,0.000567,2.944515,0.001327,2.945841,2.945841,2.945841,1.472921,1.472921,0,0,1,0,0.000000,0.080000,0.008000,0.001000,5.000000,0.100000,22.000000,0.025000,0.000000
9.488000,0.500000,0.640000,-5.134858,-0.000000,-5.134858,-0.905665,0.000000,0.905665,0.005448,-0.005670,0.030969,0.030969,0.025521,0.128172,0.133842,0.072453,0.020741,0.000204,0.127605,0.000567,2.944515,0.000000,2.944515,2.944515,2.944515,1.472257,1.472257,0,0,1,0,0.000000,0.080000,0.008000,0.001000,5.000000,0.100000,22.000000,0.025000,0.000000
9.493000,0.500000,0.640000,-5.139487,-0.000000,-5.139487,-0.906689,0.000000,0.906689,0.005392,-0.005656,0.030969,0.030969,0.025577,0.128451,0.134108,0.072535,0.020741,0.000205,0.127886,0.000566,2.950373,0.001331,2.951705,2.951705,2.951705,1.475852,1.475852,0,0,1,0,0.000000,0.080000,0.008000,0.001000,5.000000,0.100000,22.000000,0.025000,0.000000
9.502000,0.500000,0.640000,-5.148760,-0.000000,-5.148760,-0.908737,0.000000,0.908737,0.005335,-0.005649,0.030969,0.030969,0.025633,0.128732,0.134381,0.072699,0.020741,0.000228,0.128167,0.000565,2.956389,0.000760,2.957149,2.957149,2.957149,1.478574,1.478574,0,0,1,0,0.000000,0.080000,0.008000,0.001000,5.000000,0.100000,22.000000,0.025000,0.000000
9.507000,0.500000,0.640000,-5.153404,-0.000000,-5.153404,-0.909762,0.000000,0.909762,0.005335,-0.005649,0.030969,0.030969,0.025633,0.128732,0.134381,0.072781,0.020741,0.000205,0.128167,0.000565,2.956389,0.000000,2.956389,2.956389,2.956389,1.478195,1.478195,0,0,1,0,0.000000,0.080000,0.008000,0.001000,5.000000,0.100000,22.000000,0.025000,0.000000
9.512000,0.500000,0.640000,-5.158053,-0.000000,-5.158053,-0.910789,0.000000,0.910789,0.005279,-0.005649,0.030969,0.030969,0.025690,0.129014,0.134663,0.072863,0.020741,0.000205,0.128449,0.000565,2.962590,0.001409,2.963999,2.963999,2.963999,1.482000,1.482000,0,0,1,0,0.000000,0.080000,0.008000,0.001000,5.000000,0.100000,22.000000,0.025000,0.000000
9.517000,0.500000,0.640000,-5.162708,-0.000000,-5.162708,-0.911815,0.000000,0.911815,0.005279,-0.005649,0.030969,0.030969,0.025690,0.129014,0.134663,0.072945,0.020741,0.000205,0.128449,0.000565,2.962590,0.000000,2.962590,2.962590,2.962590,1.481295,1.481295,0,0,1,0,0.000000,0.080000,0.008000,0.001000,5.000000,0.100000,22.000000,0.025000,0.000000
9.522000,0.500000,0.640000,-5.167367,-0.000000,-5.167367,-0.912842,0.000000,0.912842,0.005222,-0.005660,0.030969,0.030969,0.025747,0.129300,0.134959,0.073027,0.020741,0.000205,0.128734,0.000566,2.969106,0.001481,2.970587,2.970587,2.970587,1.485293,1.485293,0,0,1,0,0.000000,0.080000,0.008000,0.001000,5.000000,0.100000,22.000000,0.025000,0.000000
9.527000,0.500000,0.640000,-5.172032,-0.000000,-5.172032,-0.913868,0.000000,0.913868,0.005222,-0.005660,0.030969,0.030969,0.025747,0.129300,0.134959,0.073109,0.020741,0.000205,0.128734,0.000566,2.969106,0.000000,2.969106,2.969106,2.969106,1.484553,1.484553,0,0,1,0,0.000000,0.080000,0.008000,0.001000,5.000000,0.100000,22.000000,0.025000,0.000000
9.532000,0.500000,0.640000,-5.176702,-0.000000,-5.176702,-0.914896,0.000000,0.914896,0.005164,-0.005680,0.030969,0.030969,0.025804,0.129589,0.135269,0.073192,0.020741,0.000206,0.129021,0.000568,2.975924,0.001550,2.977473,2.977473,2.977473,1.488737,1.488737,0,0,1,0,0.000000,0.080000,0.008000,0.001000,5.000000,0.100000,22.000000,0.025000,0.000000
9.537000,0.500000,0.640000,-5.181378,-0.000000,-5.181378,-0.915923,0.000000,0.915923,0.005164,-0.005680,0.030969,0.030969,0.025804,0.129589,0.135269,0.073274,0.020741,0.000205,0.129021,0.000568,2.975924,0.000000,2.975924,2.975924,2.975924,1.487962,1.487962,0,0,1,0,0.000000,0.080000,0.008000,0.001000,5.000000,0.100000,22.000000,0.025000,0.000000
9.546000,0.500000,0.640000,-5.190743,-0.000000,-5.190743,-0.917980,0.000000,0.917980,0.005106,-0.005707,0.030969,0.030969,0.025862,0.129883,0.135590,0.073438,0.020741,0.000229,0.129312,0.000571,2.982983,0.000891,2.983874,2.983874,2.983874,1.491937,1.491937,0,0,1,0,0.000000,0.080000,0.008000,0.001000,5.000000,0.100000,22.000000,0.025000,0.000000
9.551000,0.500000,0.640000,-5.195434,-0.000000,-5.195434,-0.919006,0.000000,0.919006,0.005047,-0.005765,0.030969,0.030969,0.025921,0.130184,0.135949,0.073521,0.020741,0.000205,0.129607,0.000577,2.990889,0.001797,2.992686,2.992686,2.992686,1.496343,1.496343,0,0,1,0,0.000000,0.080000,0.008000,0.001000,5.000000,0.100000,22.000000,0.025000,0.000000
9.556000,0.500000,0.640000,-5.200130,-0.000000,-5.200130,-0.920032,0.000000,0.920032,0.005047,-0.005765,0.030969,0.030969,0.025921,0.130184,0.135949,0.073603,0.020741,0.000205,0.129607,0.000577,2.990889,0.000000,2.990889,2.990889,2.990889,1.495444,1.495444,0,0,1,0,0.000000,0.080000,0.008000,0.001000,5.000000,0.100000,22.000000,0.025000,0.000000
9.561000,0.500000,0.640000,-5.204831,-0.000000,-5.204831,-0.921062,0.000000,0.921062,0.004987,-0.005811,0.030969,0.030969,0.025982,0.130490,0.136301,0.073685,0.020741,0.000206,0.129909,0.000581,2.998633,0.001760,3.000393,3.000393,3.000393,1.500196,1.500196,0,0,1,0,0.000000,0.080000,0.008000,0.001000,5.000000,0.100000,22.000000,0.025000,0.000000
9.566000,0.500000,0.640000,-5.209537,-0.000000,-5.209537,-0.922092,0.000000,0.922092,0.004987,-0.005811,0.030969,0.030969,0.025982,0.130490,0.136301,0.073767,0.020741,0.000206,0.129909,0.000581,2.998633,0.000000,2.998633,2.998633,2.998633,1.499316,1.499316,0,0,1,0,0.000000,0.080000,0.008000,0.001000,5.000000,0.100000,22.000000,0.025000,0.000000
9.571000,0.500000,0.640000,-5.214248,-0.000000,-5.214248,-0.923125,0.000000,0.923125,0.004927,-0.005844,0.030969,0.030969,0.026042,0.130794,0.136638,0.073850,0.020741,0.000207,0.130210,0.000584,3.006040,0.001683,3.007723,3.007723,3.007723,1.503862,1.503862,0,0,1,0,0.000000,0.080000,0.008000,0.001000,5.000000,0.100000,22.000000,0.025000,0.000000
9.576000,0.500000,0.640000,-5.214248,-0.000000,-5.214248,-0.923125,0.000000,0.923125,0.004927,-0.005844,0.030969,0.030969,0.026042,0.130794,0.136638,0.073850,0.020741,0.000000,0.130210,0.000584,3.006040,0.000000,3.006040,3.006040,3.006040,1.503020,1.503020,0,0,1,0,0.000000,0.080000,0.008000,0.001000,5.000000,0.100000,22.000000,0.025000,0.000000
9.585000,0.500000,0.640000,-5.223688,-0.000000,-5.223688,-0.925198,0.000000,0.925198,0.004867,-0.005862,0.030969,0.030969,0.026102,0.131095,0.136956,0.074016,0.020741,0.000230,0.130508,0.000586,3.013039,0.000884,3.013922,3.013922,3.013922,1.506961,1.506961,0,0,1,0,0.000000,0.080000,0.008000,0.001000,5.000000,0.100000,22.000000,0.025000,0.000000
9.590000,0.500000,0.640000,-5.228416,-0.000000,-5.228416,-0.926237,0.000000,0.926237,0.004807,-0.005892,0.030969,0.030969,0.026161,0.131396,0.137288,0.074099,0.020741,0.000208,0.130807,0.000589,3.020334,0.001658,3.021993,3.021993,3.021993,1.510996,1.510996,0,0,1,0,0.000000,0.080000,0.008000,0.001000,5.000000,0.100000,22.000000,0.025000,0.000000
9.595000,0.500000,0.640000,-5.233149,-0.000000,-5.233149,-0.927275,0.000000,0.927275,0.004807,-0.005892,0.030969,0.030969,0.026161,0.131396,0.137288,0.074182,0.020741,0.000208,0.130807,0.000589,3.020334,0.000000,3.020334,3.020334,3.020334,1.510167,1.510167,0,0,1,0,0.000000,0.080000,0.008000,0.001000,5.000000,0.100000,22.000000,0.025000,0.000000
9.600000,0.500000,0.640000,-5.237887,-0.000000,-5.237887,-0.928316,0.000000,0.928316,0.004807,-0.005892,0.030969,0.030969,0.026161,0.131396,0.137288,0.074265,0.020741,0.000208,0.130807,0.000589,3.020334,0.000000,3.020334,3.020334,3.020334,1.510167,1.510167,0,0,1,0,0.000000,0.080000,0.008000,0.001000,5.000000,0.100000,22.000000,0.025000,0.000000
9.605000,0.500000,0.640000,-5.242631,-0.000000,-5.242631,-0.929360,0.000000,0.929360,0.004748,-0.005900,0.030969,0.030969,0.026221,0.131696,0.137596,0.074349,0.020741,0.000209,0.131106,0.000590,3.027117,0.001542,3.028659,3.028659,3.028659,1.514329,1.514329,0,0,1,0,0.000000,0.080000,0.008000,0.001000,5.000000,0.100000,22.000000,0.025000,0.000000
9.610000,0.500000,0.640000,-5.247380,-0.000000,-5.247380,-0.930405,0.000000,0.930405,0.004748,-0.005900,0.030969,0.030969,0.026221,0.131696,0.137596,0.074432,0.020741,0.000209,0.131106,0.000590,3.027117,0.000000,3.027117,3.027117,3.027117,1.513559,1.513559,0,0,1,0,0.000000,0.080000,0.008000,0.001000,5.000000,0.100000,22.000000,0.025000,0.000000
9.615000,0.500000,0.640000,-5.252134,-0.000000,-5.252134,-0.931450,0.000000,0.931450,0.004688,-0.005919,0.030969,0.030969,0.026281,0.131996,0.137914,0.074516,0.020741,0.000209,0.131404,0.000592,3.034115,0.001590,3.035705,3.035705,3.035705,1.517853,1.517853,0,0,1,0,0.000000,0.080000,0.008000,0.001000,5.000000,0.100000,22.000000,0.025000,0.000000
9.620000,0.500000,0.640000,-5.256894,-0.000000,-5.256894,-0.932497,0.000000,0.932497,0.004688,-0.005919,0.030969,0.030969,0.026281,0.131996,0.137914,0.074600,0.020741,0.000209,0.131404,0.000592,3.034115,0.000000,3.034115,3.034115,3.034115,1.517057,1.517057,0,0,1,0,0.000000,0.080000,0.008000,0.001000,5.000000,0.100000,22.000000,0.025000,0.000000
9.625000,0.500000,0.640000,-5.261659,-0.000000,-5.261659,-0.933547,0.000000,0.933547,0.004628,-0.005919,0.030969,0.030969,0.026340,0.132294,0.138213,0.074684,0.020741,0.000210,0.131702,0.000592,3.040686,0.001493,3.042179,3.042179,3.042179,1.521090,1.521090,0,0,1,0,0.000000,0.080000,0.008000,0.001000,5.000000,0.100000,22.000000,0.025000,0.000000
9.634000,0.500000,0.640000,-5.271206,-0.000000,-5.271206,-0.935654,0.000000,0.935654,0.004569,-0.005906,0.030969,0.030969,0.026399,0.132588,0.138493,0.074852,0.020741,0.000234,0.131997,0.000591,3.046848,0.000778,3.047626,3.047626,3.047626,1.523813,1.523813,0,0,1,0,0.000000,0.080000,0.008000,0.001000,5.000000,0.100000,22.000000,0.025000,0.000000
9.639000,0.500000,0.640000,-5.275988,-0.000000,-5.275988,-0.936711,0.000000,0.936711,0.004569,-0.005906,0.030969,0.030969,0.026399,0.132588,0.138493,0.074937,0.020741,0.000211,0.131997,0.000591,3.046848,0.000000,3.046848,3.046848,3.046848,1.523424,1.523424,0,0,1,0,0.000000,0.080000,0.008000,0.001000,5.000000,0.100000,22.000000,0.025000,0.000000
9.644000,0.500000,0.640000,-5.280776,-0.000000,-5.280776,-0.937771,0.000000,0.937771,0.004511,-0.005883,0.030969,0.030969,0.026458,0.132876,0.138759,0.075022,0.020741,0.000212,0.132288,0.000588,3.052697,0.001329,3.054027,3.054027,3.054027,1.527013,1.527013,0,0,1,0,0.000000,0.080000,0.008000,0.001000,5.000000,0.100000,22.000000,0.025000,0.000000
9.649000,0.500000,0.640000,-5.285568,-0.000000,-5.285568,-0.938831,0.000000,0.938831,0.004511,-0.005883,0.030969,0.030969,0.026458,0.132876,0.138759,0.075106,0.020741,0.000212,0.132288,0.000588,3.052697,0.000000,3.052697,3.052697,3.052697,1.526349,1.526349,0,0,1,0,0.000000,0.080000,0.008000,0.001000,5.000000,0.100000,22.000000,0.025000,0.000000
9.654000,0.500000,0.640000,-5.290366,-0.000000,-5.290366,-0.939893,0.000000,0.939893,0.004453,-0.005861,0.030969,0.030969,0.026515,0.133163,0.139025,0.075191,0.020741,0.000212,0.132577,0.000586,3.058541,0.001328,3.059869,3.059869,3.059869,1.529935,1.529935,0,0,1,0,0.000000,0.080000,0.008000,0.001000,5.000000,0.100000,22.000000,0.025000,0.000000
9.659000,0.500000,0.640000,-5.295170,-0.000000,-5.295170,-0.940956,0.000000,0.940956,0.004453,-0.005861,0.030969,0.030969,0.026515,0.133163,0.139025,0.075276,0.020741,0.000212,0.132577,0.000586,3.058541,0.000000,3.058541,3.058541,3.058541,1.529271,1.529271,0,0,1,0,0.000000,0.080000,0.008000,0.001000,5.000000,0.100000,22.000000,0.025000,0.000000
9.664000,0.500000,0.640000,-5.299979,-0.000000,-5.299979,-0.942020,0.000000,0.942020,0.004395,-0.005847,0.030969,0.030969,0.026573,0.133451,0.139298,0.075362,0.020741,0.000213,0.132867,0.000585,3.064566,0.001369,3.065935,3.065935,3.065935,1.532968,1.532968,0,0,1,0,0.000000,0.080000,0.008000,0.001000,5.000000,0.100000,22.000000,0.025000,0.000000
9.669000,0.500000,0.640000,-5.304793,-0.000000,-5.304793,-0.943083,0.000000,0.943083,0.004395,-0.005847,0.030969,0.030969,0.026573,0.133451,0.139298,0.075447,0.020741,0.000213,0.132867,0.000585,3.064566,0.000000,3.064566,3.064566,3.064566,1.532283,1.532283,0,0,1,0,0.000000,0.080000,0.008000,0.001000,5.000000,0.100000,22.000000,0.025000,0.000000
9.674000,0.500000,0.640000,-5.309613,-0.000000,-5.309613,-0.944148,0.000000,0.944148,0.004337,-0.005844,0.030969,0.030969,0.026632,0.133742,0.139587,0.075532,0.020741,0.000213,0.133158,0.000584,3.070906,0.001441,3.072347,3.072347,3.072347,1.536174,1.536174,0,0,1,0,0.000000,0.080000,0.008000,0.001000,5.000000,0.100000,22.000000,0.025000,0.000000
9.683000,0.500000,0.640000,-5.319269,-0.000000,-5.319269,-0.946278,0.000000,0.946278,0.004278,-0.005855,0.030969,0.030969,0.026690,0.134038,0.139892,0.075702,0.020741,0.000237,0.133452,0.000585,3.077625,0.000848,3.078473,3.078473,3.078473,1.539237,1.539237,0,0,1,0,0.000000,0.080000,0.008000,0.001000,5.000000,0.100000,22.000000,0.025000,0.000000
9.688000,0.500000,0.640000,-5.324104,-0.000000,-5.324104,-0.947343,0.000000,0.947343,0.004278,-0.005855,0.030969,0.030969,0.026690,0.134038,0.139892,0.075787,0.020741,0.000213,0.133452,0.000585,3.077625,0.000000,3.077625,3.077625,3.077625,1.538812,1.538812,0,0,1,0,0.000000,0.080000,0.008000,0.001000,5.000000,0.100000,22.000000,0.025000,0.000000
9.693000,0.500000,0.640000,-5.328946,-0.000000,-5.328946,-0.948409,0.000000,0.948409,0.004219,-0.005874,0.030969,0.030969,0.026750,0.134336,0.140211,0.075873,0.020741,0.000213,0.133749,0.000587,3.084639,0.001594,3.086234,3.086234,3.086234,1.543117,1.543117,0,0,1,0,0.000000,0.080000,0.008000,0.001000,5.000000,0.100000,22.000000,0.025000,0.000000
9.698000,0.500000,0.640000,-5.333792,-0.000000,-5.333792,-0.949474,0.000000,0.949474,0.004219,-0.005874,0.030969,0.030969,0.026750,0.134336,0.140211,0.075958,0.020741,0.000213,0.133749,0.000587,3.084639,0.000000,3.084639,3.084639,3.084639,1.542320,1.542320,0,0,1,0,0.000000,0.080000,0.008000,0.001000,5.000000,0.100000,22.000000,0.025000,0.000000
9.703000,0.500000,0.640000,-5.338644,-0.000000,-5.338644,-0.950541,0.000000,0.950541,0.004159,-0.005904,0.030969,0.030969,0.026810,0.134640,0.140544,0.076043,0.020741,0.000213,0.134050,0.000590,3.091972,0.001667,3.093639,3.093639,3.093639,1.546820,1.546820,0,0,1,0,0.000000,0.080000,0.008000,0.001000,5.000000,0.100000,22.000000,0.025000,0.000000
9.708000,0.500000,0.640000,-5.343501,-0.000000,-5.343501,-0.951606,0.000000,0.951606,0.004159,-0.005904,0.030969,0.030969,0.026810,0.134640,0.140544,0.076129,0.020741,0.000213,0.134050,0.000590,3.091972,0.000000,3.091972,3.091972,3.091972,1.545986,1.545986,0,0,1,0,0.000000,0.080000,0.008000,0.001000,5.000000,0.100000,22.000000,0.025000,0.000000
9.713000,0.500000,0.640000,-5.348364,-0.000000,-5.348364,-0.952674,0.000000,0.952674,0.004098,-0.005939,0.030969,0.030969,0.026871,0.134948,0.140887,0.076214,0.020741,0.000214,0.134354,0.000594,3.099512,0.001714,3.101226,3.101226,3.101226,1.550613,1.550613,0,0,1,0,0.000000,0.080000,0.008000,0.001000,5.000000,0.100000,22.000000,0.025000,0.000000
9.718000,0.500000,0.640000,-5.353232,-0.000000,-5.353232,-0.953742,0.000000,0.953742,0.004098,-0.005939,0.030969,0.030969,0.026871,0.134948,0.140887,0.076299,0.020741,0.000213,0.134354,0.000594,3.099512,0.000000,3.099512,3.099512,3.099512,1.549756,1.549756,0,0,1,0,0.000000,0.080000,0.008000,0.001000,5.000000,0.100000,22.000000,0.025000,0.000000
9.723000,0.500000,0.640000,-5.358105,-0.000000,-5.358105,-0.954811,0.000000,0.954811,0.004037,-0.005975,0.030969,0.030969,0.026932,0.135258,0.141233,0.076385,0.020741,0.000214,0.134660,0.000598,3.107129,0.001731,3.108861,3.108861,3.108861,1.554430,1.554430,0,0,1,0,0.000000,0.080000,0.008000,0.001000,5.000000,0.100000,22.000000,0.025000,0.000000
9.732000,0.500000,0.640000,-5.367869,-0.000000,-5.367869,-0.956953,0.000000,0.956953,0.003975,-0.006008,0.030969,0.030969,0.026994,0.135569,0.141577,0.076556,0.020741,0.000238,0.134968,0.000601,3.114701,0.000956,3.115656,3.115656,3.115656,1.557828,1.557828,0,0,1,0,0.000000,0.080000,0.008000,0.001000,5.000000,0.100000,22.000000,0.025000,0.000000
9.737000,0.500000,0.640000,-5.372758,-0.000000,-5.372758,-0.958027,0.000000,0.958027,0.003975,-0.006008,0.030969,0.030969,0.026994,0.135569,0.141577,0.076642,0.020741,0.000215,0.134968,0.000601,3.114701,0.000000,3.114701,3.114701,3.114701,1.557350,1.557350,0,0,1,0,0.000000,0.080000,0.008000,0.001000,5.000000,0.100000,22.000000,0.025000,0.000000
9.742000,0.500000,0.640000,-5.377654,-0.000000,-5.377654,-0.959103,0.000000,0.959103,0.003914,-0.006032,0.030969,0.030969,0.027055,0.135879,0.141911,0.076728,0.020741,0.000215,0.135276,0.000603,3.122039,0.001668,3.123707,3.123707,3.123707,1.561854,1.561854,0,0,1,0,0.000000,0.080000,0.008000,0.001000,5.000000,0.100000,22.000000,0.025000,0.000000
9.747000,0.500000,0.640000,-5.382555,-0.000000,-5.382555,-0.960179,0.000000,0.960179,0.003914,-0.006032,0.030969,0.030969,0.027055,0.135879,0.141911,0.076814,0.020741,0.000215,0.135276,0.000603,3.122039,0.000000,3.122039,3.122039,3.122039,1.561020,1.561020,0,0,1,0,0.000000,0.080000,0.008000,0.001000,5.000000,0.100000,22.000000,0.025000,0.000000
9.752000,0.500000,0.640000,-5.387462,-0.000000,-5.387462,-0.961259,0.000000,0.961259,0.003852,-0.006049,0.030969,0.030969,0.027117,0.136188,0.142237,0.076901,0.020741,0.000216,0.135583,0.000605,3.129211,0.001630,3.130840,3.130840,3.130840,1.565420,1.565420,0,0,1,0,0.000000,0.080000,0.008000,0.001000,5.000000,0.100000,22.000000,0.025000,0.000000
9.757000,0.500000,0.640000,-5.392374,-0.000000,-5.392374,-0.962338,0.000000,0.962338,0.003852,-0.006049,0.030969,0.030969,0.027117,0.136188,0.142237,0.076987,0.020741,0.000216,0.135583,0.000605,3.129211,0.000000,3.129211,3.129211,3.129211,1.564605,1.564605,0,0,1,0,0.000000,0.080000,0.008000,0.001000,5.000000,0.100000,22.000000,0.025000,0.000000
9.762000,0.500000,0.640000,-5.397291,-0.000000,-5.397291,-0.963421,0.000000,0.963421,0.003791,-0.006060,0.030969,0.030969,0.027178,0.136495,0.142555,0.077074,0.020741,0.000217,0.135889,0.000606,3.136209,0.001590,3.137799,3.137799,3.137799,1.568900,1.568900,0,0,1,0,0.000000,0.080000,0.008000,0.001000,5.000000,0.100000,22.000000,0.025000,0.000000
9.767000,0.500000,0.640000,-5.402215,-0.000000,-5.402215,-0.964505,0.000000,0.964505,0.003791,-0.006060,0.030969,0.030969,0.027178,0.136495,0.142555,0.077160,0.020741,0.000217,0.135889,0.000606,3.136209,0.000000,3.136209,3.136209,3.136209,1.568104,1.568104,0,0,1,0,0.000000,0.080000,0.008000,0.001000,5.000000,0.100000,22.000000,0.025000,0.000000
9.776000,0.500000,0.640000,-5.412078,-0.000000,-5.412078,-0.966678,0.000000,0.966678,0.003730,-0.006065,0.030969,0.030969,0.027239,0.136802,0.142867,0.077334,0.020741,0.000241,0.136195,0.000607,3.143066,0.000866,3.143932,3.143932,3.143932,1.571966,1.571966,0,0,1,0,0.000000,0.080000,0.008000,0.001000,5.000000,0.100000,22.000000,0.025000,0.000000
9.781000,0.500000,0.640000,-5.417018,-0.000000,-5.417018,-0.967763,0.000000,0.967763,0.003668,-0.006094,0.030969,0.030969,0.027300,0.137111,0.143205,0.077421,0.020741,0.000217,0.136502,0.000609,3.150519,0.001694,3.152212,3.152212,3.152212,1.576106,1.576106,0,0,1,0,0.000000,0.080000,0.008000,0.001000,5.000000,0.100000,22.000000,0.025000,0.000000
9.786000,0.500000,0.640000,-5.421963,-0.000000,-5.421963,-0.968849,0.000000,0.968849,0.003668,-0.006094,0.030969,0.030969,0.027300,0.137111,0.143205,0.077508,0.020741,0.000217,0.136502,0.000609,3.150519,0.000000,3.150519,3.150519,3.150519,1.575259,1.575259,0,0,1,0,0.000000,0.080000,0.008000,0.001000,5.000000,0.100000,22.000000,0.025000,0.000000
9.791000,0.500000,0.640000,-5.426914,-0.000000,-5.426914,-0.969938,0.000000,0.969938,0.003606,-0.006111,0.030969,0.030969,0.027363,0.137424,0.143534,0.077595,0.020741,0.000218,0.136813,0.000611,3.157757,0.001645,3.159402,3.159402,3.159402,1.579701,1.579701,0,0,1,0,0.000000,0.080000,0.008000,0.001000,5.000000,0.100000,22.000000,0.025000,0.000000
9.796000,0.500000,0.640000,-5.431870,-0.000000,-5.431870,-0.971028,0.000000,0.971028,0.003606,-0.006111,0.030969,0.030969,0.027363,0.137424,0.143534,0.077682,0.020741,0.000218,0.136813,0.000611,3.157757,0.000000,3.157757,3.157757,3.157757,1.578879,1.578879,0,0,1,0,0.000000,0.080000,0.008000,0.001000,5.000000,0.100000,22.000000,0.025000,0.000000
9.801000,0.500000,0.640000,-5.436833,-0.000000,-5.436833,-0.972121,0.000000,0.972121,0.003544,-0.006119,0.030969,0.030969,0.027424,0.137734,0.143853,0.077770,0.020741,0.000219,0.137122,0.000612,3.164771,0.001594,3.166365,3.166365,3.166365,1.583182,1.583182,0,0,1,0,0.000000,0.080000,0.008000,0.001000,5.000000,0.100000,22.000000,0.025000,0.000000
9.806000,0.500000,0.640000,-5.441800,-0.000000,-5.441800,-0.973215,0.000000,0.973215,0.003544,-0.006119,0.030969,0.030969,0.027424,0.137734,0.143853,0.077857,0.020741,0.000219,0.137122,0.000612,3.164771,0.000000,3.164771,3.164771,3.164771,1.582385,1.582385,0,0,1,0,0.000000,0.080000,0.008000,0.001000,5.000000,0.100000,22.000000,0.025000,0.000000
9.811000,0.500000,0.640000,-5.441800,-0.000000,-5.441800,-0.973215,0.000000,0.973215,0.003483,-0.006122,0.030969,0.030969,0.027486,0.138042,0.144164,0.077857,0.020741,0.000000,0.137430,0.000612,3.171610,0.001554,3.173164,3.173164,3.173164,1.586582,1.586582,0,0,1,0,0.000000,0.080000,0.008000,0.001000,5.000000,0.100000,22.000000,0.025000,0.000000
9.820000,0.500000,0.640000,-5.451753,-0.000000,-5.451753,-0.975408,0.000000,0.975408,0.003421,-0.006121,0.030969,0.030969,0.027547,0.138349,0.144470,0.078033,0.020741,0.000244,0.137737,0.000612,3.178350,0.000851,3.179201,3.179201,3.179201,1.589601,1.589601,0,0,1,0,0.000000,0.080000,0.008000,0.001000,5.000000,0.100000,22.000000,0.025000,0.000000
9.825000,0.500000,0.640000,-5.456738,-0.000000,-5.456738,-0.976508,0.000000,0.976508,0.003421,-0.006121,0.030969,0.030969,0.027547,0.138349,0.144470,0.078121,0.020741,0.000220,0.137737,0.000612,3.178350,0.000000,3.178350,3.178350,3.178350,1.589175,1.589175,0,0,1,0,0.000000,0.080000,0.008000,0.001000,5.000000,0.100000,22.000000,0.025000,0.000000
9.830000,0.500000,0.640000,-5.461728,-0.000000,-5.461728,-0.977609,0.000000,0.977609,0.003360,-0.006118,0.030969,0.030969,0.027609,0.138655,0.144773,0.078209,0.020741,0.000220,0.138043,0.000612,3.184998,0.001511,3.186509,3.186509,3.186509,1.593254,1.593254,0,0,1,0,0.000000,0.080000,0.008000,0.001000,5.000000,0.100000,22.000000,0.025000,0.000000
9.835000,0.500000,0.640000,-5.466724,-0.000000,-5.466724,-0.978712,0.000000,0.978712,0.003360,-0.006118,0.030969,0.030969,0.027609,0.138655,0.144773,0.078297,0.020741,0.000221,0.138043,0.000612,3.184998,0.000000,3.184998,3.184998,3.184998,1.592499,1.592499,0,0,1,0,0.000000,0.080000,0.008000,0.001000,5.000000,0.100000,22.000000,0.025000,0.000000
9.840000,0.500000,0.640000,-5.471726,-0.000000,-5.471726,-0.979815,0.000000,0.979815,0.003360,-0.006118,0.030969,0.030969,0.027609,0.138655,0.144773,0.078385,0.020741,0.000221,0.138043,0.000612,3.184998,0.000000,3.184998,3.184998,3.184998,1.592499,1.592499,0,0,1,0,0.000000,0.080000,0.008000,0.001000,5.000000,0.100000,22.000000,0.025000,0.000000
9.845000,0.500000,0.640000,-5.476733,-0.000000,-5.476733,-0.980920,0.000000,0.980920,0.003299,-0.006118,0.030969,0.030969,0.027670,0.138961,0.145079,0.078474,0.020741,0.000221,0.138349,0.000612,3.191742,0.001533,3.193275,3.193275,3.193275,1.596637,1.596637,0,0,1,0,0.000000,0.080000,0.008000,0.001000,5.000000,0.100000,22.000000,0.025000,0.000000
9.850000,0.500000,0.640000,-5.481746,-0.000000,-5.481746,-0.982025,0.000000,0.982025,0.003299,-0.006118,0.030969,0.030969,0.027670,0.138961,0.145079,0.078562,0.020741,0.000221,0.138349,0.000612,3.191742,0.000000,3.191742,3.191742,3.191742,1.595871,1.595871,0,0,1,0,0.000000,0.080000,0.008000,0.001000,5.000000,0.100000,22.000000,0.025000,0.000000
9.855000,0.500000,0.640000,-5.486764,-0.000000,-5.486764,-0.983128,0.000000,0.983128,0.003237,-0.006150,0.030969,0.030969,0.027732,0.139274,0.145423,0.078650,0.020741,0.000221,0.138659,0.000615,3.199315,0.001721,3.201036,3.201036,3.201036,1.600518,1.600518,0,0,1,0,0.000000,0.080000,0.008000,0.001000,5.000000,0.100000,22.000000,0.025000,0.000000
9.860000,0.500000,0.640000,-5.491788,-0.000000,-5.491788,-0.984230,0.000000,0.984230,0.003237,-0.006150,0.030969,0.030969,0.027732,0.139274,0.145423,0.078738,0.020741,0.000220,0.138659,0.000615,3.199315,0.000000,3.199315,3.199315,3.199315,1.599657,1.599657,0,0,1,0,0.000000,0.080000,0.008000,0.001000,5.000000,0.100000,22.000000,0.025000,0.000000
9.865000,0.500000,0.640000,-5.496817,-0.000000,-5.496817,-0.985336,0.000000,0.985336,0.003174,-0.006179,0.030969,0.030969,0.027795,0.139592,0.145771,0.078827,0.020741,0.000221,0.138974,0.000618,3.206961,0.001738,3.208698,3.208698,3.208698,1.604349,1.604349,0,0,1,0,0.000000,0.080000,0.008000,0.001000,5.000000,0.100000,22.000000,0.025000,0.000000
9.874000,0.500000,0.640000,-5.506893,-0.000000,-5.506893,-0.987549,0.000000,0.987549,0.003111,-0.006203,0.030969,0.030969,0.027858,0.139911,0.146114,0.079004,0.020741,0.000246,0.139291,0.000620,3.214507,0.000953,3.215460,3.215460,3.215460,1.607730,1.607730,0,0,1,0,0.000000,0.080000,0.008000,0.001000,5.000000,0.100000,22.000000,0.025000,0.000000
9.879000,0.500000,0.640000,-5.511939,-0.000000,-5.511939,-0.988659,0.000000,0.988659,0.003111,-0.006203,0.030969,0.030969,0.027858,0.139911,0.146114,0.079093,0.020741,0.000222,0.139291,0.000620,3.214507,0.000000,3.214507,3.214507,3.214507,1.607254,1.607254,0,0,1,0,0.000000,0.080000,0.008000,0.001000,5.000000,0.100000,22.000000,0.025000,0.000000
9.884000,0.500000,0.640000,-5.516992,-0.000000,-5.516992,-0.989771,0.000000,0.989771,0.003048,-0.006219,0.030969,0.030969,0.027921,0.140228,0.146446,0.079182,0.020741,0.000222,0.139606,0.000622,3.221820,0.001662,3.223481,3.223481,3.223481,1.611741,1.611741,0,0,1,0,0.000000,0.080000,0.008000,0.001000,5.000000,0.100000,22.000000,0.025000,0.000000
9.889000,0.500000,0.640000,-5.522050,-0.000000,-5.522050,-0.990883,0.000000,0.990883,0.003048,-0.006219,0.030969,0.030969,0.027921,0.140228,0.146446,0.079271,0.020741,0.000222,0.139606,0.000622,3.221820,0.000000,3.221820,3.221820,3.221820,1.610910,1.610910,0,0,1,0,0.000000,0.080000,0.008000,0.001000,5.000000,0.100000,22.000000,0.025000,0.000000
9.894000,0.500000,0.640000,-5.527113,-0.000000,-5.527113,-0.991999,0.000000,0.991999,0.002985,-0.006230,0.030969,0.030969,0.027984,0.140544,0.146773,0.079360,0.020741,0.000223,0.139921,0.000623,3.229009,0.001634,3.230643,3.230643,3.230643,1.615321,1.615321,0,0,1,0,0.000000,0.080000,0.008000,0.001000,5.000000,0.100000,22.000000,0.025000,0.000000
9.899000,0.500000,0.640000,-5.532183,-0.000000,-5.532183,-0.993114,0.000000,0.993114,0.002985,-0.006230,0.030969,0.030969,0.027984,0.140544,0.146773,0.079449,0.020741,0.000223,0.139921,0.000623,3.229009,0.000000,3.229009,3.229009,3.229009,1.614504,1.614504,0,0,1,0,0.000000,0.080000,0.008000,0.001000,5.000000,0.100000,22.000000,0.025000,0.000000
9.904000,0.500000,0.640000,-5.537258,-0.000000,-5.537258,-0.994233,0.000000,0.994233,0.002922,-0.006237,0.030969,0.030969,0.028047,0.140859,0.147096,0.079539,0.020741,0.000224,0.140235,0.000624,3.236101,0.001612,3.237713,3.237713,3.237713,1.618857,1.618857,0,0,1,0,0.000000,0.080000,0.008000,0.001000,5.000000,0.100000,22.000000,0.025000,0.000000
9.909000,0.500000,0.640000,-5.542338,-0.000000,-5.542338,-0.995352,0.000000,0.995352,0.002922,-0.006237,0.030969,0.030969,0.028047,0.140859,0.147096,0.079628,0.020741,0.000224,0.140235,0.000624,3.236101,0.000000,3.236101,3.236101,3.236101,1.618051,1.618051,0,0,1,0,0.000000,0.080000,0.008000,0.001000,5.000000,0.100000,22.000000,0.025000,0.000000
9.914000,0.500000,0.640000,-5.547425,-0.000000,-5.547425,-0.996473,0.000000,0.996473,0.002859,-0.006242,0.030969,0.030969,0.028110,0.141173,0.147416,0.079718,0.020741,0.000224,0.140549,0.000624,3.243144,0.001601,3.244744,3.244744,3.244744,1.622372,1.622372,0,0,1,0,0.000000,0.080000,0.008000,0.001000,5.000000,0.100000,22.000000,0.025000,0.000000
9.923000,0.500000,0.640000,-5.557615,-0.000000,-5.557615,-0.998719,0.000000,0.998719,0.002796,-0.006248,0.030969,0.030969,0.028173,0.141488,0.147736,0.079898,0.020741,0.000250,0.140863,0.000625,3.250188,0.000889,3.251078,3.251078,3.251078,1.625539,1.625539,0,0,1,0,0.000000,0.080000,0.008000,0.001000,5.000000,0.100000,22.000000,0.025000,0.000000
9.928000,0.500000,0.640000,-5.562719,-0.000000,-5.562719,-0.999844,0.000000,0.999844,0.002796,-0.006248,0.030969,0.030969,0.028173,0.141488,0.147736,0.079988,0.020741,0.000225,0.140863,0.000625,3.250188,0.000000,3.250188,3.250188,3.250188,1.625094,1.625094,0,0,1,0,0.000000,0.080000,0.008000,0.001000,5.000000,0.100000,22.000000,0.025000,0.000000
9.933000,0.500000,0.640000,-5.567829,-0.000000,-5.567829,-1.000971,0.000000,1.000971,0.002733,-0.006252,0.030969,0.030969,0.028235,0.141802,0.148055,0.080078,0.020741,0.000225,0.141177,0.000625,3.257201,0.001594,3.258795,3.258795,3.258795,1.629397,1.629397,0,0,1,0,0.000000,0.080000,0.008000,0.001000,5.000000,0.100000,22.000000,0.025000,0.000000
9.938000,0.500000,0.640000,-5.572944,-0.000000,-5.572944,-1.002098,0.000000,1.002098,0.002733,-0.006252,0.030969,0.030969,0.028235,0.141802,0.148055,0.080168,0.020741,0.000225,0.141177,0.000625,3.257201,0.000000,3.257201,3.257201,3.257201,1.628601,1.628601,0,0,1,0,0.000000,0.080000,0.008000,0.001000,5.000000,0.100000,22.000000,0.025000,0.000000
9.943000,0.500000,0.640000,-5.578065,-0.000000,-5.578065,-1.003227,0.000000,1.003227,0.002670,-0.006260,0.030969,0.030969,0.028298,0.142118,0.148379,0.080258,0.020741,0.000226,0.141492,0.000626,3.264328,0.001620,3.265948,3.265948,3.265948,1.632974,1.632974,0,0,1,0,0.000000,0.080000,0.008000,0.001000,5.000000,0.100000,22.000000,0.025000,0.000000
9.948000,0.500000,0.640000,-5.583192,-0.000000,-5.583192,-1.004356,0.000000,1.004356,0.002670,-0.006260,0.030969,0.030969,0.028298,0.142118,0.148379,0.080348,0.020741,0.000226,0.141492,0.000626,3.264328,0.000000,3.264328,3.264328,3.264328,1.632164,1.632164,0,0,1,0,0.000000,0.080000,0.008000,0.001000,5.000000,0.100000,22.000000,0.025000,0.000000
9.953000,0.500000,0.640000,-5.588324,-0.000000,-5.588324,-1.005487,0.000000,1.005487,0.002607,-0.006273,0.030969,0.030969,0.028362,0.142436,0.148709,0.080439,0.020741,0.000226,0.141809,0.000627,3.271592,0.001651,3.273242,3.273242,3.273242,1.636621,1.636621,0,0,1,0,0.000000,0.080000,0.008000,0.001000,5.000000,0.100000,22.000000,0.025000,0.000000
9.958000,0.500000,0.640000,-5.593463,-0.000000,-5.593463,-1.006617,0.000000,1.006617,0.002607,-0.006273,0.030969,0.030969,0.028362,0.142436,0.148709,0.080529,0.020741,0.000226,0.141809,0.000627,3.271592,0.000000,3.271592,3.271592,3.271592,1.635796,1.635796,0,0,1,0,0.000000,0.080000,0.008000,0.001000,5.000000,0.100000,22.000000,0.025000,0.000000
9.963000,0.500000,0.640000,-5.598607,-0.000000,-5.598607,-1.007750,0.000000,1.007750,0.002543,-0.006289,0.030969,0.030969,0.028425,0.142756,0.149045,0.080620,0.020741,0.000227,0.142127,0.000629,3.278992,0.001682,3.280674,3.280674,3.280674,1.640337,1.640337,0,0,1,0,0.000000,0.080000,0.008000,0.001000,5.000000,0.100000,22.000000,0.025000,0.000000
9.968000,0.500000,0.640000,-5.603757,-0.000000,-5.603757,-1.008882,0.000000,1.008882,0.002543,-0.006289,0.030969,0.030969,0.028425,0.142756,0.149045,0.080711,0.020741,0.000226,0.142127,0.000629,3.278992,0.000000,3.278992,3.278992,3.278992,1.639496,1.639496,0,0,1,0,0.000000,0.080000,0.008000,0.001000,5.000000,0.100000,22.000000,0.025000,0.000000
9.977000,0.500000,0.640000,-5.614073,-0.000000,-5.614073,-1.011152,0.000000,1.011152,0.002479,-0.006309,0.030969,0.030969,0.028489,0.143077,0.149387,0.080892,0.020741,0.000252,0.142446,0.000631,3.286507,0.000949,3.287456,3.287456,3.287456,1.643728,1.643728,0,0,1,0,0.000000,0.080000,0.008000,0.001000,5.000000,0.100000,22.000000,0.025000,0.000000
9.982000,0.500000,0.640000,-5.619240,-0.000000,-5.619240,-1.012284,0.000000,1.012284,0.002415,-0.006360,0.030969,0.030969,0.028554,0.143406,0.149766,0.080983,0.020741,0.000226,0.142770,0.000636,3.294846,0.001895,3.296741,3.296741,3.296741,1.648370,1.648370,0,0,1,0,0.000000,0.080000,0.008000,0.001000,5.000000,0.100000,22.000000,0.025000,0.000000
9.991000,0.500000,0.640000,-5.629591,-0.000000,-5.629591,-1.014553,0.000000,1.014553,0.002349,-0.006397,0.030969,0.030969,0.028620,0.143739,0.150137,0.081164,0.020741,0.000252,0.143099,0.000640,3.303004,0.001030,3.304034,3.304034,3.304034,1.652017,1.652017,0,0,1,0,0.000000,0.080000,0.008000,0.001000,5.000000,0.100000,22.000000,0.025000,0.000000
9.996000,0.500000,0.640000,-5.634775,-0.000000,-5.634775,-1.015691,0.000000,1.015691,0.002349,-0.006397,0.030969,0.030969,0.028620,0.143739,0.150137,0.081255,0.020741,0.000228,0.143099,0.000640,3.303004,0.000000,3.303004,3.303004,3.303004,1.651502,1.651502,0,0,1,0,0.000000,0.080000,0.008000,0.001000,5.000000,0.100000,22.000000,0.025000,0.000000
10.001000,0.500000,0.640000,-5.639965,-0.000000,-5.639965,-1.016832,0.000000,1.016832,0.002283,-0.006420,0.030969,0.030969,0.028685,0.144069,0.150489,0.081347,0.020741,0.000228,0.143427,0.000642,3.310758,0.001762,3.312520,3.312520,3.312520,1.656260,1.656260,0,0,1,0,0.000000,0.080000,0.008000,0.001000,5.000000,0.100000,22.000000,0.025000,0.000000
10.006000,0.500000,0.640000,-5.645161,-0.000000,-5.645161,-1.017973,0.000000,1.017973,0.002283,-0.006420,0.030969,0.030969,0.028685,0.144069,0.150489,0.081438,0.020741,0.000228,0.143427,0.000642,3.310758,0.000000,3.310758,3.310758,3.310758,1.655379,1.655379,0,0,1,0,0.000000,0.080000,0.008000,0.001000,5.000000,0.100000,22.000000,0.025000,0.000000
10.011000,0.500000,0.640000,-5.650363,-0.000000,-5.650363,-1.019119,0.000000,1.019119,0.002218,-0.006432,0.030969,0.030969,0.028750,0.144396,0.150828,0.081530,0.020741,0.000229,0.143752,0.000643,3.318209,0.001693,3.319902,3.319902,3.319902,1.659951,1.659951,0,0,1,0,0.000000,0.080000,0.008000,0.001000,5.000000,0.100000,22.000000,0.025000,0.000000
10.016000,0.500000,0.640000,-5.655571,-0.000000,-5.655571,-1.020265,0.000000,1.020265,0.002218,-0.006432,0.030969,0.030969,0.028750,0.144396,0.150828,0.081621,0.020741,0.000229,0.143752,0.000643,3.318209,0.000000,3.318209,3.318209,3.318209,1.659104,1.659104,0,0,1,0,0.000000,0.080000,0.008000,0.001000,5.000000,0.100000,22.000000,0.025000,0.000000
10.021000,0.500000,0.640000,-5.660785,-0.000000,-5.660785,-1.021415,0.000000,1.021415,0.002153,-0.006434,0.030969,0.030969,0.028815,0.144720,0.151154,0.081713,0.020741,0.000230,0.144076,0.000643,3.325395,0.001633,3.327028,3.327028,3.327028,1.663514,1.663514,0,0,1,0,0.000000,0.080000,0.008000,0.001000,5.000000,0.100000,22.000000,0.025000,0.000000
10.026000,0.500000,0.640000,-5.666005,-0.000000,-5.666005,-1.022565,0.000000,1.022565,0.002153,-0.006434,0.030969,0.030969,0.028815,0.144720,0.151154,0.081805,0.020741,0.000230,0.144076,0.000643,3.325395,0.000000,3.325395,3.325395,3.325395,1.662697,1.662697,0,0,1,0,0.000000,0.080000,0.008000,0.001000,5.000000,0.100000,22.000000,0.025000,0.000000
10.035000,0.500000,0.640000,-5.671231,-0.000000,-5.671231,-1.023718,0.000000,1.023718,0.002089,-0.006431,0.030969,0.030969,0.028880,0.145042,0.151473,0.081897,0.020741,0.000128,0.144399,0.000643,3.332403,0.000885,3.333288,3.333288,3.333288,1.666644,1.666644,0,0,1,0,0.000000,0.080000,0.008000,0.001000,5.000000,0.100000,22.000000,0.025000,0.000000
10.040000,0.500000,0.640000,-5.681700,-0.000000,-5.681700,-1.026024,0.000000,1.026024,0.002024,-0.006453,0.030969,0.030969,0.028944,0.145367,0.151820,0.082082,0.020741,0.000461,0.144722,0.000645,3.340040,0.001736,3.341775,3.341775,3.341775,1.670888,1.670888,0,0,1,0,0.000000,0.080000,0.008000,0.001000,5.000000,0.100000,22.000000,0.025000,0.000000
10.045000,0.500000,0.640000,-5.681700,-0.000000,-5.681700,-1.026024,0.000000,1.026024,0.002024,-0.006453,0.030969,0.030969,0.028944,0.145367,0.151820,0.082082,0.020741,0.000000,0.144722,0.000645,3.340040,0.000000,3.340040,3.340040,3.340040,1.670020,1.670020,0,0,1,0,0.000000,0.080000,0.008000,0.001000,5.000000,0.100000,22.000000,0.025000,0.000000
10.050000,0.500000,0.640000,-5.686943,-0.000000,-5.686943,-1.027177,0.000000,1.027177,0.002024,-0.006453,0.030969,0.030969,0.028944,0.145367,0.151820,0.082174,0.020741,0.000231,0.144722,0.000645,3.340040,0.000000,3.340040,3.340040,3.340040,1.670020,1.670020,0,0,1,0,0.000000,0.080000,0.008000,0.001000,5.000000,0.100000,22.000000,0.025000,0.000000
10.055000,0.500000,0.640000,-5.692192,-0.000000,-5.692192,-1.028333,0.000000,1.028333,0.001959,-0.006464,0.030969,0.030969,0.029010,0.145696,0.152160,0.082267,0.020741,0.000231,0.145049,0.000646,3.347521,0.001700,3.349221,3.349221,3.349221,1.674610,1.674610,0,0,1,0,0.000000,0.080000,0.008000,0.001000,5.000000,0.100000,22.000000,0.025000,0.000000
10.060000,0.500000,0.640000,-5.697447,-0.000000,-5.697447,-1.029490,0.000000,1.029490,0.001959,-0.006464,0.030969,0.030969,0.029010,0.145696,0.152160,0.082359,0.020741,0.000231,0.145049,0.000646,3.347521,0.000000,3.347521,3.347521,3.347521,1.673760,1.673760,0,0,1,0,0.000000,0.080000,0.008000,0.001000,5.000000,0.100000,22.000000,0.025000,0.000000
10.065000,0.500000,0.640000,-5.702708,-0.000000,-5.702708,-1.030650,0.000000,1.030650,0.001894,-0.006471,0.030969,0.030969,0.029075,0.146022,0.152494,0.082452,0.020741,0.000232,0.145375,0.000647,3.354860,0.001668,3.356528,3.356528,3.356528,1.678264,1.678264,0,0,1,0,0.000000,0.080000,0.008000,0.001000,5.000000,0.100000,22.000000,0.025000,0.000000
10.074000,0.500000,0.640000,-5.713248,-0.000000,-5.713248,-1.032973,0.000000,1.032973,0.001829,-0.006475,0.030969,0.030969,0.029140,0.146348,0.152824,0.082638,0.020741,0.000258,0.145701,0.000648,3.362118,0.000916,3.363034,3.363034,3.363034,1.681517,1.681517,0,0,1,0,0.000000,0.080000,0.008000,0.001000,5.000000,0.100000,22.000000,0.025000,0.000000
10.079000,0.500000,0.640000,-5.718527,-0.000000,-5.718527,-1.034137,0.000000,1.034137,0.001829,-0.006475,0.030969,0.030969,0.029140,0.146348,0.152824,0.082731,0.020741,0.000233,0.145701,0.000648,3.362118,0.000000,3.362118,3.362118,3.362118,1.681059,1.681059,0,0,1,0,0.000000,0.080000,0.008000,0.001000,5.000000,0.100000,22.000000,0.025000,0.000000
10.084000,0.500000,0.640000,-5.723812,-0.000000,-5.723812,-1.035303,0.000000,1.035303,0.001764,-0.006476,0.030969,0.030969,0.029205,0.146673,0.153149,0.082824,0.020741,0.000233,0.146026,0.000648,3.369272,0.001626,3.370898,3.370898,3.370898,1.685449,1.685449,0,0,1,0,0.000000,0.080000,0.008000,0.001000,5.000000,0.100000,22.000000,0.025000,0.000000
10.089000,0.500000,0.640000,-5.729102,-0.000000,-5.729102,-1.036469,0.000000,1.036469,0.001764,-0.006476,0.030969,0.030969,0.029205,0.146673,0.153149,0.082918,0.020741,0.000233,0.146026,0.000648,3.369272,0.000000,3.369272,3.369272,3.369272,1.684636,1.684636,0,0,1,0,0.000000,0.080000,0.008000,0.001000,5.000000,0.100000,22.000000,0.025000,0.000000
10.094000,0.500000,0.640000,-5.734399,-0.000000,-5.734399,-1.037638,0.000000,1.037638,0.001699,-0.006479,0.030969,0.030969,0.029270,0.146998,0.153477,0.083011,0.020741,0.000234,0.146351,0.000648,3.376503,0.001643,3.378147,3.378147,3.378147,1.689073,1.689073,0,0,1,0,0.000000,0.080000,0.008000,0.001000,5.000000,0.100000,22.000000,0.025000,0.000000
10.099000,0.500000,0.640000,-5.739702,-0.000000,-5.739702,-1.038807,0.000000,1.038807,0.001699,-0.006479,0.030969,0.030969,0.029270,0.146998,0.153477,0.083105,0.020741,0.000234,0.146351,0.000648,3.376503,0.000000,3.376503,3.376503,3.376503,1.688252,1.688252,0,0,1,0,0.000000,0.080000,0.008000,0.001000,5.000000,0.100000,22.000000,0.025000,0.000000
10.104000,0.500000,0.640000,-5.745011,-0.000000,-5.745011,-1.039977,0.000000,1.039977,0.001633,-0.006487,0.030969,0.030969,0.029335,0.147325,0.153812,0.083198,0.020741,0.000234,0.146677,0.000649,3.383865,0.001673,3.385538,3.385538,3.385538,1.692769,1.692769,0,0,1,0,0.000000,0.080000,0.008000,0.001000,5.000000,0.100000,22.000000,0.025000,0.000000
10.109000,0.500000,0.640000,-5.750325,-0.000000,-5.750325,-1.041148,0.000000,1.041148,0.001633,-0.006487,0.030969,0.030969,0.029335,0.147325,0.153812,0.083292,0.020741,0.000234,0.146677,0.000649,3.383865,0.000000,3.383865,3.383865,3.383865,1.691932,1.691932,0,0,1,0,0.000000,0.080000,0.008000,0.001000,5.000000,0.100000,22.000000,0.025000,0.000000
10.118000,0.500000,0.640000,-5.760972,-0.000000,-5.760972,-1.043493,0.000000,1.043493,0.001568,-0.006499,0.030969,0.030969,0.029401,0.147654,0.154154,0.083479,0.020741,0.000261,0.147005,0.000650,3.391386,0.000950,3.392336,3.392336,3.392336,1.696168,1.696168,0,0,1,0,0.000000,0.080000,0.008000,0.001000,5.000000,0.100000,22.000000,0.025000,0.000000
10.123000,0.500000,0.640000,-5.766305,-0.000000,-5.766305,-1.044662,0.000000,1.044662,0.001501,-0.006546,0.030969,0.030969,0.029467,0.147991,0.154537,0.083573,0.020741,0.000234,0.147336,0.000655,3.399812,0.001915,3.401727,3.401727,3.401727,1.700863,1.700863,0,0,1,0,0.000000,0.080000,0.008000,0.001000,5.000000,0.100000,22.000000,0.025000,0.000000
10.128000,0.500000,0.640000,-5.771643,-0.000000,-5.771643,-1.045832,0.000000,1.045832,0.001501,-0.006546,0.030969,0.030969,0.029467,0.147991,0.154537,0.083667,0.020741,0.000234,0.147336,0.000655,3.399812,0.000000,3.399812,3.399812,3.399812,1.699906,1.699906,0,0,1,0,0.000000,0.080000,0.008000,0.001000,5.000000,0.100000,22.000000,0.025000,0.000000
10.133000,0.500000,0.640000,-5.776987,-0.000000,-5.776987,-1.047006,0.000000,1.047006,0.001434,-0.006583,0.030969,0.030969,0.029535,0.148333,0.154916,0.083760,0.020741,0.000235,0.147675,0.000658,3.408154,0.001896,3.410050,3.410050,3.410050,1.705025,1.705025,0,0,1,0,0.000000,0.080000,0.008000,0.001000,5.000000,0.100000,22.000000,0.025000,0.000000
10.138000,0.500000,0.640000,-5.782337,-0.000000,-5.782337,-1.048179,0.000000,1.048179,0.001434,-0.006583,0.030969,0.030969,0.029535,0.148333,0.154916,0.083854,0.020741,0.000235,0.147675,0.000658,3.408154,0.000000,3.408154,3.408154,3.408154,1.704077,1.704077,0,0,1,0,0.000000,0.080000,0.008000,0.001000,5.000000,0.100000,22.000000,0.025000,0.000000
10.143000,0.500000,0.640000,-5.787693,-0.000000,-5.787693,-1.049356,0.000000,1.049356,0.001366,-0.006612,0.030969,0.030969,0.029603,0.148674,0.155286,0.083948,0.020741,0.000235,0.148013,0.000661,3.416286,0.001848,3.418135,3.418135,3.418135,1.709067,1.709067,0,0,1,0,0.000000,0.080000,0.008000,0.001000,5.000000,0.100000,22.000000,0.025000,0.000000
10.148000,0.500000,0.640000,-5.793055,-0.000000,-5.793055,-1.050534,0.000000,1.050534,0.001366,-0.006612,0.030969,0.030969,0.029603,0.148674,0.155286,0.084043,0.020741,0.000236,0.148013,0.000661,3.416286,0.000000,3.416286,3.416286,3.416286,1.708143,1.708143,0,0,1,0,0.000000,0.080000,0.008000,0.001000,5.000000,0.100000,22.000000,0.025000,0.000000
10.157000,0.500000,0.640000,-5.803798,-0.000000,-5.803798,-1.052897,0.000000,1.052897,0.001299,-0.006631,0.030969,0.030969,0.029670,0.149013,0.155644,0.084232,0.020741,0.000263,0.148350,0.000663,3.424157,0.000994,3.425151,3.425151,3.425151,1.712576,1.712576,0,0,1,0,0.000000,0.080000,0.008000,0.001000,5.000000,0.100000,22.000000,0.025000,0.000000
10.162000,0.500000,0.640000,-5.809178,-0.000000,-5.809178,-1.054077,0.000000,1.054077,0.001231,-0.006670,0.030969,0.030969,0.029738,0.149355,0.156025,0.084326,0.020741,0.000236,0.148688,0.000667,3.432550,0.001907,3.434457,3.434457,3.434457,1.717229,1.717229,0,0,1,0,0.000000,0.080000,0.008000,0.001000,5.000000,0.100000,22.000000,0.025000,0.000000
10.167000,0.500000,0.640000,-5.814564,-0.000000,-5.814564,-1.055259,0.000000,1.055259,0.001231,-0.006670,0.030969,0.030969,0.029738,0.149355,0.156025,0.084421,0.020741,0.000236,0.148688,0.000667,3.432550,0.000000,3.432550,3.432550,3.432550,1.716275,1.716275,0,0,1,0,0.000000,0.080000,0.008000,0.001000,5.000000,0.100000,22.000000,0.025000,0.000000
10.172000,0.500000,0.640000,-5.819956,-0.000000,-5.819956,-1.056445,0.000000,1.056445,0.001163,-0.006689,0.030969,0.030969,0.029806,0.149697,0.156387,0.084516,0.020741,0.000237,0.149029,0.000669,3.440510,0.001809,3.442319,3.442319,3.442319,1.721160,1.721160,0,0,1,0,0.000000,0.080000,0.008000,0.001000,5.000000,0.100000,22.000000,0.025000,0.000000
10.177000,0.500000,0.640000,-5.825355,-0.000000,-5.825355,-1.057633,0.000000,1.057633,0.001163,-0.006689,0.030969,0.030969,0.029806,0.149697,0.156387,0.084611,0.020741,0.000237,0.149029,0.000669,3.440510,0.000000,3.440510,3.440510,3.440510,1.720255,1.720255,0,0,1,0,0.000000,0.080000,0.008000,0.001000,5.000000,0.100000,22.000000,0.025000,0.000000
10.182000,0.500000,0.640000,-5.830760,-0.000000,-5.830760,-1.058824,0.000000,1.058824,0.001095,-0.006693,0.030969,0.030969,0.029873,0.150036,0.156729,0.084706,0.020741,0.000238,0.149366,0.000669,3.448038,0.001711,3.449749,3.449749,3.449749,1.724874,1.724874,0,0,1,0,0.000000,0.080000,0.008000,0.001000,5.000000,0.100000,22.000000,0.025000,0.000000
10.187000,0.500000,0.640000,-5.836171,-0.000000,-5.836171,-1.060016,0.000000,1.060016,0.001095,-0.006693,0.030969,0.030969,0.029873,0.150036,0.156729,0.084801,0.020741,0.000238,0.149366,0.000669,3.448038,0.000000,3.448038,3.448038,3.448038,1.724019,1.724019,0,0,1,0,0.000000,0.080000,0.008000,0.001000,5.000000,0.100000,22.000000,0.025000,0.000000
10.192000,0.500000,0.640000,-5.841588,-0.000000,-5.841588,-1.061213,0.000000,1.061213,0.001028,-0.006686,0.030969,0.030969,0.029940,0.150370,0.157056,0.084897,0.020741,0.000239,0.149701,0.000669,3.455233,0.001635,3.456868,3.456868,3.456868,1.728434,1.728434,0,0,1,0,0.000000,0.080000,0.008000,0.001000,5.000000,0.100000,22.000000,0.025000,0.000000
10.201000,0.500000,0.640000,-5.852441,-0.000000,-5.852441,-1.063610,0.000000,1.063610,0.000962,-0.006674,0.030969,0.030969,0.030007,0.150701,0.157375,0.085089,0.020741,0.000266,0.150034,0.000667,3.462242,0.000885,3.463127,3.463127,3.463127,1.731564,1.731564,0,0,1,0,0.000000,0.080000,0.008000,0.001000,5.000000,0.100000,22.000000,0.025000,0.000000
10.206000,0.500000,0.640000,-5.857877,-0.000000,-5.857877,-1.064811,0.000000,1.064811,0.000962,-0.006674,0.030969,0.030969,0.030007,0.150701,0.157375,0.085185,0.020741,0.000240,0.150034,0.000667,3.462242,0.000000,3.462242,3.462242,3.462242,1.731121,1.731121,0,0,1,0,0.000000,0.080000,0.008000,0.001000,5.000000,0.100000,22.000000,0.025000,0.000000
10.211000,0.500000,0.640000,-5.863318,-0.000000,-5.863318,-1.066015,0.000000,1.066015,0.000896,-0.006658,0.030969,0.030969,0.030073,0.151030,0.157688,0.085281,0.020741,0.000241,0.150364,0.000666,3.469146,0.001569,3.470715,3.470715,3.470715,1.735358,1.735358,0,0,1,0,0.000000,0.080000,0.008000,0.001000,5.000000,0.100000,22.000000,0.025000,0.000000
10.216000,0.500000,0.640000,-5.868767,-0.000000,-5.868767,-1.067218,0.000000,1.067218,0.000896,-0.006658,0.030969,0.030969,0.030073,0.151030,0.157688,0.085377,0.020741,0.000241,0.150364,0.000666,3.469146,0.000000,3.469146,3.469146,3.469146,1.734573,1.734573,0,0,1,0,0.000000,0.080000,0.008000,0.001000,5.000000,0.100000,22.000000,0.025000,0.000000
10.221000,0.500000,0.640000,-5.874221,-0.000000,-5.874221,-1.068424,0.000000,1.068424,0.000830,-0.006649,0.030969,0.030969,0.030139,0.151360,0.158009,0.085474,0.020741,0.000241,0.150695,0.000665,3.476209,0.001605,3.477814,3.477814,3.477814,1.738907,1.738907,0,0,1,0,0.000000,0.080000,0.008000,0.001000,5.000000,0.100000,22.000000,0.025000,0.000000
10.226000,0.500000,0.640000,-5.879681,-0.000000,-5.879681,-1.069629,0.000000,1.069629,0.000830,-0.006649,0.030969,0.030969,0.030139,0.151360,0.158009,0.085570,0.020741,0.000241,0.150695,0.000665,3.476209,0.000000,3.476209,3.476209,3.476209,1.738104,1.738104,0,0,1,0,0.000000,0.080000,0.008000,0.001000,5.000000,0.100000,22.000000,0.025000,0.000000
10.231000,0.500000,0.640000,-5.885147,-0.000000,-5.885147,-1.070837,0.000000,1.070837,0.000763,-0.006650,0.030969,0.030969,0.030206,0.151693,0.158343,0.085667,0.020741,0.000241,0.151028,0.000665,3.483546,0.001667,3.485213,3.485213,3.485213,1.742607,1.742607,0,0,1,0,0.000000,0.080000,0.008000,0.001000,5.000000,0.100000,22.000000,0.025000,0.000000
10.236000,0.500000,0.640000,-5.890620,-0.000000,-5.890620,-1.072043,0.000000,1.072043,0.000763,-0.006650,0.030969,0.030969,0.030206,0.151693,0.158343,0.085763,0.020741,0.000241,0.151028,0.000665,3.483546,0.000000,3.483546,3.483546,3.483546,1.741773,1.741773,0,0,1,0,0.000000,0.080000,0.008000,0.001000,5.000000,0.100000,22.000000,0.025000,0.000000
10.241000,0.500000,0.640000,-5.896098,-0.000000,-5.896098,-1.073251,0.000000,1.073251,0.000696,-0.006662,0.030969,0.030969,0.030273,0.152029,0.158691,0.085860,0.020741,0.000242,0.151363,0.000666,3.491213,0.001743,3.492955,3.492955,3.492955,1.746478,1.746478,0,0,1,0,0.000000,0.080000,0.008000,0.001000,5.000000,0.100000,22.000000,0.025000,0.000000
10.246000,0.500000,0.640000,-5.901583,-0.000000,-5.901583,-1.074458,0.000000,1.074458,0.000696,-0.006662,0.030969,0.030969,0.030273,0.152029,0.158691,0.085957,0.020741,0.000241,0.151363,0.000666,3.491213,0.000000,3.491213,3.491213,3.491213,1.745606,1.745606,0,0,1,0,0.000000,0.080000,0.008000,0.001000,5.000000,0.100000,22.000000,0.025000,0.000000
10.251000,0.500000,0.640000,-5.907074,-0.000000,-5.907074,-1.075668,0.000000,1.075668,0.000628,-0.006685,0.030969,0.030969,0.030340,0.152370,0.159055,0.086053,0.020741,0.000242,0.151701,0.000668,3.499202,0.001816,3.501018,3.501018,3.501018,1.750509,1.750509,0,0,1,0,0.000000,0.080000,0.008000,0.001000,5.000000,0.100000,22.000000,0.025000,0.000000
10.256000,0.500000,0.640000,-5.912571,-0.000000,-5.912571,-1.076876,0.000000,1.076876,0.000628,-0.006685,0.030969,0.030969,0.030340,0.152370,0.159055,0.086150,0.020741,0.000242,0.151701,0.000668,3.499202,0.000000,3.499202,3.499202,3.499202,1.749601,1.749601,0,0,1,0,0.000000,0.080000,0.008000,0.001000,5.000000,0.100000,22.000000,0.025000,0.000000
10.265000,0.500000,0.640000,-5.918074,-0.000000,-5.918074,-1.078086,0.000000,1.078086,0.000560,-0.006715,0.030969,0.030969,0.030409,0.152714,0.159430,0.086247,0.020741,0.000135,0.152043,0.000672,3.507452,0.001042,3.508494,3.508494,3.508494,1.754247,1.754247,0,0,1,0,0.000000,0.080000,0.008000,0.001000,5.000000,0.100000,22.000000,0.025000,0.000000
10.270000,0.500000,0.640000,-5.923583,-0.000000,-5.923583,-1.079296,0.000000,1.079296,0.000491,-0.006781,0.030969,0.030969,0.030478,0.153068,0.159849,0.086344,0.020741,0.000242,0.152390,0.000678,3.516682,0.002098,3.518780,3.518780,3.518780,1.759390,1.759390,0,0,1,0,0.000000,0.080000,0.008000,0.001000,5.000000,0.100000,22.000000,0.025000,0.000000
10.275000,0.500000,0.640000,-5.929097,-0.000000,-5.929097,-1.080503,0.000000,1.080503,0.000491,-0.006781,0.030969,0.030969,0.030478,0.153068,0.159849,0.086440,0.020741,0.000241,0.152390,0.000678,3.516682,0.000000,3.516682,3.516682,3.516682,1.758341,1.758341,0,0,1,0,0.000000,0.080000,0.008000,0.001000,5.000000,0.100000,22.000000,0.025000,0.000000
10.280000,0.500000,0.640000,-5.934618,-0.000000,-5.934618,-1.081711,0.000000,1.081711,0.000491,-0.006781,0.030969,0.030969,0.030478,0.153068,0.159849,0.086537,0.020741,0.000241,0.152390,0.000678,3.516682,0.000000,3.516682,3.516682,3.516682,1.758341,1.758341,0,0,1,0,0.000000,0.080000,0.008000,0.001000,5.000000,0.100000,22.000000,0.025000,0.000000
10.285000,0.500000,0.640000,-5.940145,-0.000000,-5.940145,-1.082922,0.000000,1.082922,0.000420,-0.006833,0.030969,0.030969,0.030549,0.153427,0.160260,0.086634,0.020741,0.000242,0.152744,0.000683,3.525726,0.002055,3.527781,3.527781,3.527781,1.763890,1.763890,0,0,1,0,0.000000,0.080000,0.008000,0.001000,5.000000,0.100000,22.000000,0.025000,0.000000
10.290000,0.500000,0.640000,-5.945679,-0.000000,-5.945679,-1.084134,0.000000,1.084134,0.000420,-0.006833,0.030969,0.030969,0.030549,0.153427,0.160260,0.086731,0.020741,0.000242,0.152744,0.000683,3.525726,0.000000,3.525726,3.525726,3.525726,1.762863,1.762863,0,0,1,0,0.000000,0.080000,0.008000,0.001000,5.000000,0.100000,22.000000,0.025000,0.000000
10.295000,0.500000,0.640000,-5.951218,-0.000000,-5.951218,-1.085344,0.000000,1.085344,0.000349,-0.006904,0.030969,0.030969,0.030620,0.153790,0.160695,0.086828,0.020741,0.000242,0.153100,0.000690,3.535284,0.002172,3.537456,3.537456,3.537456,1.768728,1.768728,0,0,1,0,0.000000,0.080000,0.008000,0.001000,5.000000,0.100000,22.000000,0.025000,0.000000
10.300000,0.500000,0.640000,-5.956764,-0.000000,-5.956764,-1.086555,0.000000,1.086555,0.000349,-0.006904,0.030969,0.030969,0.030620,0.153790,0.160695,0.086924,0.020741,0.000242,0.153100,0.000690,3.535284,0.000000,3.535284,3.535284,3.535284,1.767642,1.767642,0,0,1,0,0.000000,0.080000,0.008000,0.001000,5.000000,0.100000,22.000000,0.025000,0.000000
10.309000,0.500000,0.640000,-5.967874,-0.000000,-5.967874,-1.088991,0.000000,1.088991,0.000277,-0.006947,0.030969,0.030969,0.030692,0.154154,0.161101,0.087119,0.020741,0.000271,0.153459,0.000695,3.544224,0.001129,3.545353,3.545353,3.545353,1.772677,1.772677,0,0,1,0,0.000000,0.080000,0.008000,0.001000,5.000000,0.100000,22.000000,0.025000,0.000000
10.314000,0.500000,0.640000,-5.973438,-0.000000,-5.973438,-1.090210,0.000000,1.090210,0.000205,-0.006994,0.030969,0.030969,0.030763,0.154516,0.161510,0.087217,0.020741,0.000244,0.153817,0.000699,3.553221,0.002045,3.555266,3.555266,3.555266,1.777633,1.777633,0,0,1,0,0.000000,0.080000,0.008000,0.001000,5.000000,0.100000,22.000000,0.025000,0.000000
10.319000,0.500000,0.640000,-5.979009,-0.000000,-5.979009,-1.091432,0.000000,1.091432,0.000205,-0.006994,0.030969,0.030969,0.030763,0.154516,0.161510,0.087315,0.020741,0.000244,0.153817,0.000699,3.553221,0.000000,3.553221,3.553221,3.553221,1.776611,1.776611,0,0,1,0,0.000000,0.080000,0.008000,0.001000,5.000000,0.100000,22.000000,0.025000,0.000000
10.324000,0.500000,0.640000,-5.984586,-0.000000,-5.984586,-1.092660,0.000000,1.092660,0.000134,-0.007001,0.030969,0.030969,0.030835,0.154873,0.161873,0.087413,0.020741,0.000246,0.154173,0.000700,3.561216,0.001817,3.563033,3.563033,3.563033,1.781517,1.781517,0,0,1,0,0.000000,0.080000,0.008000,0.001000,5.000000,0.100000,22.000000,0.025000,0.000000
10.329000,0.500000,0.640000,-5.990170,-0.000000,-5.990170,-1.093890,0.000000,1.093890,0.000134,-0.007001,0.030969,0.030969,0.030835,0.154873,0.161873,0.087511,0.020741,0.000246,0.154173,0.000700,3.561216,0.000000,3.561216,3.561216,3.561216,1.780608,1.780608,0,0,1,0,0.000000,0.080000,0.008000,0.001000,5.000000,0.100000,22.000000,0.025000,0.000000
10.334000,0.500000,0.640000,-5.995760,-0.000000,-5.995760,-1.095126,0.000000,1.095126,0.000065,-0.006978,0.030969,0.030969,0.030904,0.155219,0.162196,0.087610,0.020741,0.000247,0.154521,0.000698,3.568322,0.001615,3.569937,3.569937,3.569937,1.784968,1.784968,0,0,1,0,0.000000,0.080000,0.008000,0.001000,5.000000,0.100000,22.000000,0.025000,0.000000
10.339000,0.500000,0.640000,-6.001357,-0.000000,-6.001357,-1.096364,0.000000,1.096364,0.000065,-0.006978,0.030969,0.030969,0.030904,0.155219,0.162196,0.087709,0.020741,0.000248,0.154521,0.000698,3.568322,0.000000,3.568322,3.568322,3.568322,1.784161,1.784161,0,0,1,0,0.000000,0.080000,0.008000,0.001000,5.000000,0.100000,22.000000,0.025000,0.000000
10.344000,0.500000,0.640000,-6.006960,-0.000000,-6.006960,-1.097606,0.000000,1.097606,-0.000004,-0.006936,0.030969,0.030969,0.030972,0.155556,0.162492,0.087808,0.020741,0.000248,0.154862,0.000694,3.574822,0.001477,3.576300,3.576300,3.576300,1.788150,1.788150,0,0,1,0,0.000000,0.080000,0.008000,0.001000,5.000000,0.100000,22.000000,0.025000,0.000000
10.349000,0.500000,0.640000,-6.012570,-0.000000,-6.012570,-1.098850,0.000000,1.098850,-0.000004,-0.006936,0.030969,0.030969,0.030972,0.155556,0.162492,0.087908,0.020741,0.000249,0.154862,0.000694,3.574822,0.000000,3.574822,3.574822,3.574822,1.787411,1.787411,0,0,1,0,0.000000,0.080000,0.008000,0.001000,5.000000,0.100000,22.000000,0.025000,0.000000
10.354000,0.500000,0.640000,-6.018187,-0.000000,-6.018187,-1.100097,0.000000,1.100097,-0.000071,-0.006888,0.030969,0.030969,0.031040,0.155888,0.162776,0.088008,0.020741,0.000249,0.155199,0.000689,3.581074,0.001421,3.582495,3.582495,3.582495,1.791248,1.791248,0,0,1,0,0.000000,0.080000,0.008000,0.001000,5.000000,0.100000,22.000000,0.025000,0.000000
10.363000,0.500000,0.640000,-6.029439,-0.000000,-6.029439,-1.102595,0.000000,1.102595,-0.000138,-0.006847,0.030969,0.030969,0.031107,0.156218,0.163065,0.088208,0.020741,0.000277,0.155533,0.000685,3.587437,0.000803,3.588241,3.588241,3.588241,1.794120,1.794120,0,0,1,0,0.000000,0.080000,0.008000,0.001000,5.000000,0.100000,22.000000,0.025000,0.000000
10.368000,0.500000,0.640000,-6.035074,-0.000000,-6.035074,-1.103845,0.000000,1.103845,-0.000138,-0.006847,0.030969,0.030969,0.031107,0.156218,0.163065,0.088308,0.020741,0.000250,0.155533,0.000685,3.587437,0.000000,3.587437,3.587437,3.587437,1.793719,1.793719,0,0,1,0,0.000000,0.080000,0.008000,0.001000,5.000000,0.100000,22.000000,0.025000,0.000000
10.373000,0.500000,0.640000,-6.040716,-0.000000,-6.040716,-1.105096,0.000000,1.105096,-0.000205,-0.006820,0.030969,0.030969,0.031174,0.156550,0.163370,0.088408,0.020741,0.000250,0.155868,0.000682,3.594134,0.001522,3.595656,3.595656,3.595656,1.797828,1.797828,0,0,1,0,0.000000,0.080000,0.008000,0.001000,5.000000,0.100000,22.000000,0.025000,0.000000
10.378000,0.500000,0.640000,-6.046364,-0.000000,-6.046364,-1.106346,0.000000,1.106346,-0.000205,-0.006820,0.030969,0.030969,0.031174,0.156550,0.163370,0.088508,0.020741,0.000250,0.155868,0.000682,3.594134,0.000000,3.594134,3.594134,3.594134,1.797067,1.797067,0,0,1,0,0.000000,0.080000,0.008000,0.001000,5.000000,0.100000,22.000000,0.025000,0.000000
10.383000,0.500000,0.640000,-6.052018,-0.000000,-6.052018,-1.107597,0.000000,1.107597,-0.000272,-0.006815,0.030969,0.030969,0.031241,0.156887,0.163702,0.088608,0.020741,0.000250,0.156206,0.000681,3.601450,0.001663,3.603113,3.603113,3.603113,1.801556,1.801556,0,0,1,0,0.000000,0.080000,0.008000,0.001000,5.000000,0.100000,22.000000,0.025000,0.000000
10.388000,0.500000,0.640000,-6.057679,-0.000000,-6.057679,-1.108846,0.000000,1.108846,-0.000272,-0.006815,0.030969,0.030969,0.031241,0.156887,0.163702,0.088708,0.020741,0.000250,0.156206,0.000681,3.601450,0.000000,3.601450,3.601450,3.601450,1.800725,1.800725,0,0,1,0,0.000000,0.080000,0.008000,0.001000,5.000000,0.100000,22.000000,0.025000,0.000000
10.393000,0.500000,0.640000,-6.063345,-0.000000,-6.063345,-1.110096,0.000000,1.110096,-0.000341,-0.006833,0.030969,0.030969,0.031310,0.157233,0.164066,0.088808,0.020741,0.000250,0.156550,0.000683,3.609446,0.001817,3.611263,3.611263,3.611263,1.805631,1.805631,0,0,1,0,0.000000,0.080000,0.008000,0.001000,5.000000,0.100000,22.000000,0.025000,0.000000
10.398000,0.500000,0.640000,-6.069018,-0.000000,-6.069018,-1.111344,0.000000,1.111344,-0.000341,-0.006833,0.030969,0.030969,0.031310,0.157233,0.164066,0.088908,0.020741,0.000250,0.156550,0.000683,3.609446,0.000000,3.609446,3.609446,3.609446,1.804723,1.804723,0,0,1,0,0.000000,0.080000,0.008000,0.001000,5.000000,0.100000,22.000000,0.025000,0.000000
10.403000,0.500000,0.640000,-6.074697,-0.000000,-6.074697,-1.112593,0.000000,1.112593,-0.000411,-0.006871,0.030969,0.030969,0.031380,0.157586,0.164457,0.089007,0.020741,0.000250,0.156899,0.000687,3.618058,0.001957,3.620015,3.620015,3.620015,1.810008,1.810008,0,0,1,0,0.000000,0.080000,0.008000,0.001000,5.000000,0.100000,22.000000,0.025000,0.000000
10.408000,0.500000,0.640000,-6.080383,-0.000000,-6.080383,-1.113841,0.000000,1.113841,-0.000411,-0.006871,0.030969,0.030969,0.031380,0.157586,0.164457,0.089107,0.020741,0.000250,0.156899,0.000687,3.618058,0.000000,3.618058,3.618058,3.618058,1.809029,1.809029,0,0,1,0,0.000000,0.080000,0.008000,0.001000,5.000000,0.100000,22.000000,0.025000,0.000000
10.413000,0.500000,0.640000,-6.086074,-0.000000,-6.086074,-1.115090,0.000000,1.115090,-0.000482,-0.006922,0.030969,0.030969,0.031451,0.157947,0.164869,0.089207,0.020741,0.000250,0.157255,0.000692,3.627123,0.002060,3.629184,3.629184,3.629184,1.814592,1.814592,0,0,1,0,0.000000,0.080000,0.008000,0.001000,5.000000,0.100000,22.000000,0.025000,0.000000
10.422000,0.500000,0.640000,-6.097476,-0.000000,-6.097476,-1.117589,0.000000,1.117589,-0.000554,-0.006978,0.030969,0.030969,0.031523,0.158313,0.165292,0.089407,0.020741,0.000278,0.157616,0.000698,3.636420,0.001174,3.637594,3.637594,3.637594,1.818797,1.818797,0,0,1,0,0.000000,0.080000,0.008000,0.001000,5.000000,0.100000,22.000000,0.025000,0.000000
10.427000,0.500000,0.640000,-6.103187,-0.000000,-6.103187,-1.118840,0.000000,1.118840,-0.000554,-0.006978,0.030969,0.030969,0.031523,0.158313,0.165292,0.089507,0.020741,0.000250,0.157616,0.000698,3.636420,0.000000,3.636420,3.636420,3.636420,1.818210,1.818210,0,0,1,0,0.000000,0.080000,0.008000,0.001000,5.000000,0.100000,22.000000,0.025000,0.000000
10.432000,0.500000,0.640000,-6.108904,-0.000000,-6.108904,-1.120094,0.000000,1.120094,-0.000627,-0.007029,0.030969,0.030969,0.031596,0.158681,0.165710,0.089608,0.020741,0.000251,0.157978,0.000703,3.645613,0.002089,3.647703,3.647703,3.647703,1.823851,1.823851,0,0,1,0,0.000000,0.080000,0.008000,0.001000,5.000000,0.100000,22.000000,0.025000,0.000000
10.437000,0.500000,0.640000,-6.114627,-0.000000,-6.114627,-1.121348,0.000000,1.121348,-0.000627,-0.007029,0.030969,0.030969,0.031596,0.158681,0.165710,0.089708,0.020741,0.000251,0.157978,0.000703,3.645613,0.000000,3.645613,3.645613,3.645613,1.822807,1.822807,0,0,1,0,0.000000,0.080000,0.008000,0.001000,5.000000,0.100000,22.000000,0.025000,0.000000
10.442000,0.500000,0.640000,-6.120357,-0.000000,-6.120357,-1.122606,0.000000,1.122606,-0.000700,-0.007072,0.030969,0.030969,0.031668,0.159049,0.166120,0.089808,0.020741,0.000252,0.158341,0.000707,3.654644,0.002052,3.656696,3.656696,3.656696,1.828348,1.828348,0,0,1,0,0.000000,0.080000,0.008000,0.001000,5.000000,0.100000,22.000000,0.025000,0.000000
10.447000,0.500000,0.640000,-6.126093,-0.000000,-6.126093,-1.123864,0.000000,1.123864,-0.000700,-0.007072,0.030969,0.030969,0.031668,0.159049,0.166120,0.089909,0.020741,0.000252,0.158341,0.000707,3.654644,0.000000,3.654644,3.654644,3.654644,1.827322,1.827322,0,0,1,0,0.000000,0.080000,0.008000,0.001000,5.000000,0.100000,22.000000,0.025000,0.000000
10.452000,0.500000,0.640000,-6.131836,-0.000000,-6.131836,-1.125126,0.000000,1.125126,-0.000772,-0.007102,0.030969,0.030969,0.031741,0.159415,0.166517,0.090010,0.020741,0.000252,0.158705,0.000710,3.663383,0.001986,3.665369,3.665369,3.665369,1.832684,1.832684,0,0,1,0,0.000000,0.080000,0.008000,0.001000,5.000000,0.100000,22.000000,0.025000,0.000000
10.457000,0.500000,0.640000,-6.137586,-0.000000,-6.137586,-1.126388,0.000000,1.126388,-0.000772,-0.007102,0.030969,0.030969,0.031741,0.159415,0.166517,0.090111,0.020741,0.000253,0.158705,0.000710,3.663383,0.000000,3.663383,3.663383,3.663383,1.831691,1.831691,0,0,1,0,0.000000,0.080000,0.008000,0.001000,5.000000,0.100000,22.000000,0.025000,0.000000
10.466000,0.500000,0.640000,-6.149104,-0.000000,-6.149104,-1.128923,0.000000,1.128923,-0.000845,-0.007120,0.030969,0.030969,0.031813,0.159779,0.166899,0.090314,0.020741,0.000282,0.159067,0.000712,3.671777,0.001060,3.672837,3.672837,3.672837,1.836419,1.836419,0,0,1,0,0.000000,0.080000,0.008000,0.001000,5.000000,0.100000,22.000000,0.025000,0.000000
10.471000,0.500000,0.640000,-6.154873,-0.000000,-6.154873,-1.130189,0.000000,1.130189,-0.000917,-0.007159,0.030969,0.030969,0.031886,0.160145,0.167304,0.090415,0.020741,0.000253,0.159429,0.000716,3.680679,0.002023,3.682702,3.682702,3.682702,1.841351,1.841351,0,0,1,0,0.000000,0.080000,0.008000,0.001000,5.000000,0.100000,22.000000,0.025000,0.000000
10.476000,0.500000,0.640000,-6.160648,-0.000000,-6.160648,-1.131457,0.000000,1.131457,-0.000917,-0.007159,0.030969,0.030969,0.031886,0.160145,0.167304,0.090517,0.020741,0.000254,0.159429,0.000716,3.680679,0.000000,3.680679,3.680679,3.680679,1.840340,1.840340,0,0,1,0,0.000000,0.080000,0.008000,0.001000,5.000000,0.100000,22.000000,0.025000,0.000000
10.481000,0.500000,0.640000,-6.166430,-0.000000,-6.166430,-1.132730,0.000000,1.132730,-0.000990,-0.007175,0.030969,0.030969,0.031959,0.160511,0.167686,0.090618,0.020741,0.000255,0.159794,0.000717,3.689094,0.001913,3.691007,3.691007,3.691007,1.845504,1.845504,0,0,1,0,0.000000,0.080000,0.008000,0.001000,5.000000,0.100000,22.000000,0.025000,0.000000
10.486000,0.500000,0.640000,-6.172218,-0.000000,-6.172218,-1.134003,0.000000,1.134003,-0.000990,-0.007175,0.030969,0.030969,0.031959,0.160511,0.167686,0.090720,0.020741,0.000255,0.159794,0.000717,3.689094,0.000000,3.689094,3.689094,3.689094,1.844547,1.844547,0,0,1,0,0.000000,0.080000,0.008000,0.001000,5.000000,0.100000,22.000000,0.025000,0.000000
10.491000,0.500000,0.640000,-6.178013,-0.000000,-6.178013,-1.135282,0.000000,1.135282,-0.001062,-0.007175,0.030969,0.030969,0.032031,0.160872,0.168048,0.090823,0.020741,0.000256,0.160155,0.000718,3.697048,0.001808,3.698855,3.698855,3.698855,1.849428,1.849428,0,0,1,0,0.000000,0.080000,0.008000,0.001000,5.000000,0.100000,22.000000,0.025000,0.000000
10.496000,0.500000,0.640000,-6.183815,-0.000000,-6.183815,-1.136561,0.000000,1.136561,-0.001062,-0.007175,0.030969,0.030969,0.032031,0.160872,0.168048,0.090925,0.020741,0.000256,0.160155,0.000718,3.697048,0.000000,3.697048,3.697048,3.697048,1.848524,1.848524,0,0,1,0,0.000000,0.080000,0.008000,0.001000,5.000000,0.100000,22.000000,0.025000,0.000000
10.501000,0.500000,0.640000,-6.189624,-0.000000,-6.189624,-1.137844,0.000000,1.137844,-0.001134,-0.007165,0.030969,0.030969,0.032103,0.161229,0.168394,0.091028,0.020741,0.000257,0.160513,0.000716,3.704668,0.001732,3.706400,3.706400,3.706400,1.853200,1.853200,0,0,1,0,0.000000,0.080000,0.008000,0.001000,5.000000,0.100000,22.000000,0.025000,0.000000
10.506000,0.500000,0.640000,-6.189624,-0.000000,-6.189624,-1.137844,0.000000,1.137844,-0.001134,-0.007165,0.030969,0.030969,0.032103,0.161229,0.168394,0.091028,0.020741,0.000000,0.160513,0.000716,3.704668,0.000000,3.704668,3.704668,3.704668,1.852334,1.852334,0,0,1,0,0.000000,0.080000,0.008000,0.001000,5.000000,0.100000,22.000000,0.025000,0.000000
10.511000,0.500000,0.640000,-6.195439,-0.000000,-6.195439,-1.139128,0.000000,1.139128,-0.001205,-0.007149,0.030969,0.030969,0.032174,0.161584,0.168733,0.091130,0.020741,0.000257,0.160869,0.000715,3.712127,0.001695,3.713822,3.713822,3.713822,1.856911,1.856911,0,0,1,0,0.000000,0.080000,0.008000,0.001000,5.000000,0.100000,22.000000,0.025000,0.000000
10.520000,0.500000,0.640000,-6.207089,-0.000000,-6.207089,-1.141703,0.000000,1.141703,-0.001276,-0.007136,0.030969,0.030969,0.032245,0.161937,0.169073,0.091336,0.020741,0.000286,0.161224,0.000714,3.719608,0.000945,3.720552,3.720552,3.720552,1.860276,1.860276,0,0,1,0,0.000000,0.080000,0.008000,0.001000,5.000000,0.100000,22.000000,0.025000,0.000000
10.525000,0.500000,0.640000,-6.212924,-0.000000,-6.212924,-1.142994,0.000000,1.142994,-0.001276,-0.007136,0.030969,0.030969,0.032245,0.161937,0.169073,0.091439,0.020741,0.000258,0.161224,0.000714,3.719608,0.000000,3.719608,3.719608,3.719608,1.859804,1.859804,0,0,1,0,0.000000,0.080000,0.008000,0.001000,5.000000,0.100000,22.000000,0.025000,0.000000
10.530000,0.500000,0.640000,-6.218765,-0.000000,-6.218765,-1.144285,0.000000,1.144285,-0.001276,-0.007136,0.030969,0.030969,0.032245,0.161937,0.169073,0.091543,0.020741,0.000258,0.161224,0.000714,3.719608,0.000000,3.719608,3.719608,3.719608,1.859804,1.859804,0,0,1,0,0.000000,0.080000,0.008000,0.001000,5.000000,0.100000,22.000000,0.025000,0.000000
10.535000,0.500000,0.640000,-6.224613,-0.000000,-6.224613,-1.145578,0.000000,1.145578,-0.001347,-0.007127,0.030969,0.030969,0.032316,0.162291,0.169417,0.091646,0.020741,0.000259,0.161578,0.000713,3.727182,0.001721,3.728903,3.728903,3.728903,1.864451,1.864451,0,0,1,0,0.000000,0.080000,0.008000,0.001000,5.000000,0.100000,22.000000,0.025000,0.000000
10.540000,0.500000,0.640000,-6.230468,-0.000000,-6.230468,-1.146870,0.000000,1.146870,-0.001347,-0.007127,0.030969,0.030969,0.032316,0.162291,0.169417,0.091750,0.020741,0.000258,0.161578,0.000713,3.727182,0.000000,3.727182,3.727182,3.727182,1.863591,1.863591,0,0,1,0,0.000000,0.080000,0.008000,0.001000,5.000000,0.100000,22.000000,0.025000,0.000000
10.545000,0.500000,0.640000,-6.236329,-0.000000,-6.236329,-1.148160,0.000000,1.148160,-0.001419,-0.007158,0.030969,0.030969,0.032387,0.162653,0.169810,0.091853,0.020741,0.000258,0.161937,0.000716,3.735824,0.001964,3.737788,3.737788,3.737788,1.868894,1.868894,0,0,1,0,0.000000,0.080000,0.008000,0.001000,5.000000,0.100000,22.000000,0.025000,0.000000
10.550000,0.500000,0.640000,-6.242196,-0.000000,-6.242196,-1.149450,0.000000,1.149450,-0.001419,-0.007158,0.030969,0.030969,0.032387,0.162653,0.169810,0.091956,0.020741,0.000258,0.161937,0.000716,3.735824,0.000000,3.735824,3.735824,3.735824,1.867912,1.867912,0,0,1,0,0.000000,0.080000,0.008000,0.001000,5.000000,0.100000,22.000000,0.025000,0.000000
10.559000,0.500000,0.640000,-6.253950,-0.000000,-6.253950,-1.152035,0.000000,1.152035,-0.001492,-0.007186,0.030969,0.030969,0.032460,0.163021,0.170207,0.092163,0.020741,0.000287,0.162302,0.000719,3.744550,0.001102,3.745652,3.745652,3.745652,1.872826,1.872826,0,0,1,0,0.000000,0.080000,0.008000,0.001000,5.000000,0.100000,22.000000,0.025000,0.000000
10.564000,0.500000,0.640000,-6.259837,-0.000000,-6.259837,-1.153324,0.000000,1.153324,-0.001566,-0.007249,0.030969,0.030969,0.032534,0.163397,0.170646,0.092266,0.020741,0.000258,0.162672,0.000725,3.754208,0.002195,3.756403,3.756403,3.756403,1.878202,1.878202,0,0,1,0,0.000000,0.080000,0.008000,0.001000,5.000000,0.100000,22.000000,0.025000,0.000000
10.569000,0.500000,0.640000,-6.265730,-0.000000,-6.265730,-1.154614,0.000000,1.154614,-0.001566,-0.007249,0.030969,0.030969,0.032534,0.163397,0.170646,0.092369,0.020741,0.000258,0.162672,0.000725,3.754208,0.000000,3.754208,3.754208,3.754208,1.877104,1.877104,0,0,1,0,0.000000,0.080000,0.008000,0.001000,5.000000,0.100000,22.000000,0.025000,0.000000
10.574000,0.500000,0.640000,-6.271630,-0.000000,-6.271630,-1.155909,0.000000,1.155909,-0.001641,-0.007295,0.030969,0.030969,0.032610,0.163778,0.171073,0.092473,0.020741,0.000259,0.163049,0.000730,3.763617,0.002138,3.765755,3.765755,3.765755,1.882877,1.882877,0,0,1,0,0.000000,0.080000,0.008000,0.001000,5.000000,0.100000,22.000000,0.025000,0.000000
10.579000,0.500000,0.640000,-6.277536,-0.000000,-6.277536,-1.157204,0.000000,1.157204,-0.001641,-0.007295,0.030969,0.030969,0.032610,0.163778,0.171073,0.092576,0.020741,0.000259,0.163049,0.000730,3.763617,0.000000,3.763617,3.763617,3.763617,1.881808,1.881808,0,0,1,0,0.000000,0.080000,0.008000,0.001000,5.000000,0.100000,22.000000,0.025000,0.000000
10.584000,0.500000,0.640000,-6.283449,-0.000000,-6.283449,-1.158504,0.000000,1.158504,-0.001716,-0.007326,0.030969,0.030969,0.032685,0.164156,0.171483,0.092680,0.020741,0.000260,0.163424,0.000733,3.772619,0.002046,3.774665,3.774665,3.774665,1.887333,1.887333,0,0,1,0,0.000000,0.080000,0.008000,0.001000,5.000000,0.100000,22.000000,0.025000,0.000000
10.589000,0.500000,0.640000,-6.289369,-0.000000,-6.289369,-1.159804,0.000000,1.159804,-0.001716,-0.007326,0.030969,0.030969,0.032685,0.164156,0.171483,0.092784,0.020741,0.000260,0.163424,0.000733,3.772619,0.000000,3.772619,3.772619,3.772619,1.886310,1.886310,0,0,1,0,0.000000,0.080000,0.008000,0.001000,5.000000,0.100000,22.000000,0.025000,0.000000
10.594000,0.500000,0.640000,-6.295296,-0.000000,-6.295296,-1.161109,0.000000,1.161109,-0.001791,-0.007341,0.030969,0.030969,0.032759,0.164530,0.171872,0.092889,0.020741,0.000261,0.163796,0.000734,3.781179,0.001945,3.783124,3.783124,3.783124,1.891562,1.891562,0,0,1,0,0.000000,0.080000,0.008000,0.001000,5.000000,0.100000,22.000000,0.025000,0.000000
10.599000,0.500000,0.640000,-6.301229,-0.000000,-6.301229,-1.162415,0.000000,1.162415,-0.001791,-0.007341,0.030969,0.030969,0.032759,0.164530,0.171872,0.092993,0.020741,0.000261,0.163796,0.000734,3.781179,0.000000,3.781179,3.781179,3.781179,1.890589,1.890589,0,0,1,0,0.000000,0.080000,0.008000,0.001000,5.000000,0.100000,22.000000,0.025000,0.000000
10.604000,0.500000,0.640000,-6.307170,-0.000000,-6.307170,-1.163726,0.000000,1.163726,-0.001864,-0.007343,0.030969,0.030969,0.032833,0.164900,0.172243,0.093098,0.020741,0.000262,0.164166,0.000734,3.789342,0.001855,3.791197,3.791197,3.791197,1.895599,1.895599,0,0,1,0,0.000000,0.080000,0.008000,0.001000,5.000000,0.100000,22.000000,0.025000,0.000000
10.609000,0.500000,0.640000,-6.313117,-0.000000,-6.313117,-1.165037,0.000000,1.165037,-0.001864,-0.007343,0.030969,0.030969,0.032833,0.164900,0.172243,0.093203,0.020741,0.000262,0.164166,0.000734,3.789342,0.000000,3.789342,3.789342,3.789342,1.894671,1.894671,0,0,1,0,0.000000,0.080000,0.008000,0.001000,5.000000,0.100000,22.000000,0.025000,0.000000
10.614000,0.500000,0.640000,-6.319071,-0.000000,-6.319071,-1.166352,0.000000,1.166352,-0.001938,-0.007335,0.030969,0.030969,0.032907,0.165266,0.172601,0.093308,0.020741,0.000263,0.164533,0.000733,3.797226,0.001792,3.799017,3.799017,3.799017,1.899509,1.899509,0,0,1,0,0.000000,0.080000,0.008000,0.001000,5.000000,0.100000,22.000000,0.025000,0.000000
10.623000,0.500000,0.640000,-6.330999,-0.000000,-6.330999,-1.168987,0.000000,1.168987,-0.002011,-0.007323,0.030969,0.030969,0.032980,0.165630,0.172954,0.093519,0.020741,0.000293,0.164898,0.000732,3.804985,0.000980,3.805965,3.805965,3.805965,1.902983,1.902983,0,0,1,0,0.000000,0.080000,0.008000,0.001000,5.000000,0.100000,22.000000,0.025000,0.000000
10.628000,0.500000,0.640000,-6.336973,-0.000000,-6.336973,-1.170307,0.000000,1.170307,-0.002011,-0.007323,0.030969,0.030969,0.032980,0.165630,0.172954,0.093625,0.020741,0.000264,0.164898,0.000732,3.804985,0.000000,3.804985,3.804985,3.804985,1.902493,1.902493,0,0,1,0,0.000000,0.080000,0.008000,0.001000,5.000000,0.100000,22.000000,0.025000,0.000000
10.633000,0.500000,0.640000,-6.342954,-0.000000,-6.342954,-1.171630,0.000000,1.171630,-0.002084,-0.007311,0.030969,0.030969,0.033052,0.165993,0.173304,0.093730,0.020741,0.000265,0.165262,0.000731,3.812690,0.001751,3.814440,3.814440,3.814440,1.907220,1.907220,0,0,1,0,0.000000,0.080000,0.008000,0.001000,5.000000,0.100000,22.000000,0.025000,0.000000
10.638000,0.500000,0.640000,-6.348942,-0.000000,-6.348942,-1.172952,0.000000,1.172952,-0.002084,-0.007311,0.030969,0.030969,0.033052,0.165993,0.173304,0.093836,0.020741,0.000264,0.165262,0.000731,3.812690,0.000000,3.812690,3.812690,3.812690,1.906345,1.906345,0,0,1,0,0.000000,0.080000,0.008000,0.001000,5.000000,0.100000,22.000000,0.025000,0.000000
10.643000,0.500000,0.640000,-6.354937,-0.000000,-6.354937,-1.174277,0.000000,1.174277,-0.002157,-0.007307,0.030969,0.030969,0.033125,0.166357,0.173664,0.093942,0.020741,0.000265,0.165626,0.000731,3.820600,0.001798,3.822397,3.822397,3.822397,1.911199,1.911199,0,0,1,0,0.000000,0.080000,0.008000,0.001000,5.000000,0.100000,22.000000,0.025000,0.000000
10.648000,0.500000,0.640000,-6.360938,-0.000000,-6.360938,-1.175601,0.000000,1.175601,-0.002157,-0.007307,0.030969,0.030969,0.033125,0.166357,0.173664,0.094048,0.020741,0.000265,0.165626,0.000731,3.820600,0.000000,3.820600,3.820600,3.820600,1.910300,1.910300,0,0,1,0,0.000000,0.080000,0.008000,0.001000,5.000000,0.100000,22.000000,0.025000,0.000000
10.653000,0.500000,0.640000,-6.366946,-0.000000,-6.366946,-1.176927,0.000000,1.176927,-0.002230,-0.007313,0.030969,0.030969,0.033199,0.166724,0.174037,0.094154,0.020741,0.000265,0.165993,0.000731,3.828812,0.001866,3.830678,3.830678,3.830678,1.915339,1.915339,0,0,1,0,0.000000,0.080000,0.008000,0.001000,5.000000,0.100000,22.000000,0.025000,0.000000
10.658000,0.500000,0.640000,-6.372960,-0.000000,-6.372960,-1.178253,0.000000,1.178253,-0.002230,-0.007313,0.030969,0.030969,0.033199,0.166724,0.174037,0.094260,0.020741,0.000265,0.165993,0.000731,3.828812,0.000000,3.828812,3.828812,3.828812,1.914406,1.914406,0,0,1,0,0.000000,0.080000,0.008000,0.001000,5.000000,0.100000,22.000000,0.025000,0.000000
10.667000,0.500000,0.640000,-6.385010,-0.000000,-6.385010,-1.180907,0.000000,1.180907,-0.002304,-0.007330,0.030969,0.030969,0.033273,0.167096,0.174425,0.094473,0.020741,0.000295,0.166363,0.000733,3.837361,0.001079,3.838440,3.838440,3.838440,1.919220,1.919220,0,0,1,0,0.000000,0.080000,0.008000,0.001000,5.000000,0.100000,22.000000,0.025000,0.000000
10.672000,0.500000,0.640000,-6.391044,-0.000000,-6.391044,-1.182230,0.000000,1.182230,-0.002379,-0.007390,0.030969,0.030969,0.033348,0.167477,0.174867,0.094578,0.020741,0.000265,0.166738,0.000739,3.847066,0.002206,3.849272,3.849272,3.849272,1.924636,1.924636,0,0,1,0,0.000000,0.080000,0.008000,0.001000,5.000000,0.100000,22.000000,0.025000,0.000000
10.677000,0.500000,0.640000,-6.397085,-0.000000,-6.397085,-1.183553,0.000000,1.183553,-0.002379,-0.007390,0.030969,0.030969,0.033348,0.167477,0.174867,0.094684,0.020741,0.000265,0.166738,0.000739,3.847066,0.000000,3.847066,3.847066,3.847066,1.923533,1.923533,0,0,1,0,0.000000,0.080000,0.008000,0.001000,5.000000,0.100000,22.000000,0.025000,0.000000
10.682000,0.500000,0.640000,-6.403133,-0.000000,-6.403133,-1.184880,0.000000,1.184880,-0.002456,-0.007441,0.030969,0.030969,0.033424,0.167866,0.175307,0.094790,0.020741,0.000265,0.167122,0.000744,3.856759,0.002203,3.858962,3.858962,3.858962,1.929481,1.929481,0,0,1,0,0.000000,0.080000,0.008000,0.001000,5.000000,0.100000,22.000000,0.025000,0.000000
10.687000,0.500000,0.640000,-6.409187,-0.000000,-6.409187,-1.186207,0.000000,1.186207,-0.002456,-0.007441,0.030969,0.030969,0.033424,0.167866,0.175307,0.094897,0.020741,0.000265,0.167122,0.000744,3.856759,0.000000,3.856759,3.856759,3.856759,1.928379,1.928379,0,0,1,0,0.000000,0.080000,0.008000,0.001000,5.000000,0.100000,22.000000,0.025000,0.000000
10.692000,0.500000,0.640000,-6.415248,-0.000000,-6.415248,-1.187538,0.000000,1.187538,-0.002533,-0.007484,0.030969,0.030969,0.033501,0.168255,0.175738,0.095003,0.020741,0.000266,0.167506,0.000748,3.866241,0.002155,3.868396,3.868396,3.868396,1.934198,1.934198,0,0,1,0,0.000000,0.080000,0.008000,0.001000,5.000000,0.100000,22.000000,0.025000,0.000000
10.697000,0.500000,0.640000,-6.421316,-0.000000,-6.421316,-1.188870,0.000000,1.188870,-0.002533,-0.007484,0.030969,0.030969,0.033501,0.168255,0.175738,0.095110,0.020741,0.000266,0.167506,0.000748,3.866241,0.000000,3.866241,3.866241,3.866241,1.933120,1.933120,0,0,1,0,0.000000,0.080000,0.008000,0.001000,5.000000,0.100000,22.000000,0.025000,0.000000
10.702000,0.500000,0.640000,-6.427392,-0.000000,-6.427392,-1.190205,0.000000,1.190205,-0.002609,-0.007513,0.030969,0.030969,0.033578,0.168641,0.176155,0.095216,0.020741,0.000267,0.167890,0.000751,3.875400,0.002082,3.877482,3.877482,3.877482,1.938741,1.938741,0,0,1,0,0.000000,0.080000,0.008000,0.001000,5.000000,0.100000,22.000000,0.025000,0.000000
10.707000,0.500000,0.640000,-6.433474,-0.000000,-6.433474,-1.191542,0.000000,1.191542,-0.002609,-0.007513,0.030969,0.030969,0.033578,0.168641,0.176155,0.095323,0.020741,0.000267,0.167890,0.000751,3.875400,0.000000,3.875400,3.875400,3.875400,1.937700,1.937700,0,0,1,0,0.000000,0.080000,0.008000,0.001000,5.000000,0.100000,22.000000,0.025000,0.000000
10.712000,0.500000,0.640000,-6.439563,-0.000000,-6.439563,-1.192883,0.000000,1.192883,-0.002686,-0.007529,0.030969,0.030969,0.033654,0.169025,0.176554,0.095431,0.020741,0.000268,0.168272,0.000753,3.884199,0.002000,3.886199,3.886199,3.886199,1.943099,1.943099,0,0,1,0,0.000000,0.080000,0.008000,0.001000,5.000000,0.100000,22.000000,0.025000,0.000000
10.717000,0.500000,0.640000,-6.445658,-0.000000,-6.445658,-1.194224,0.000000,1.194224,-0.002686,-0.007529,0.030969,0.030969,0.033654,0.169025,0.176554,0.095538,0.020741,0.000268,0.168272,0.000753,3.884199,0.000000,3.884199,3.884199,3.884199,1.942099,1.942099,0,0,1,0,0.000000,0.080000,0.008000,0.001000,5.000000,0.100000,22.000000,0.025000,0.000000
10.722000,0.500000,0.640000,-6.451761,-0.000000,-6.451761,-1.195570,0.000000,1.195570,-0.002762,-0.007534,0.030969,0.030969,0.033730,0.169405,0.176940,0.095646,0.020741,0.000269,0.168652,0.000753,3.892672,0.001926,3.894598,3.894598,3.894598,1.947299,1.947299,0,0,1,0,0.000000,0.080000,0.008000,0.001000,5.000000,0.100000,22.000000,0.025000,0.000000
10.731000,0.500000,0.640000,-6.463988,-0.000000,-6.463988,-1.198267,0.000000,1.198267,-0.002837,-0.007532,0.030969,0.030969,0.033806,0.169783,0.177314,0.095861,0.020741,0.000300,0.169030,0.000753,3.900915,0.001041,3.901955,3.901955,3.901955,1.950978,1.950978,0,0,1,0,0.000000,0.080000,0.008000,0.001000,5.000000,0.100000,22.000000,0.025000,0.000000
10.736000,0.500000,0.640000,-6.470112,-0.000000,-6.470112,-1.199619,0.000000,1.199619,-0.002837,-0.007532,0.030969,0.030969,0.033806,0.169783,0.177314,0.095970,0.020741,0.000270,0.169030,0.000753,3.900915,0.000000,3.900915,3.900915,3.900915,1.950457,1.950457,0,0,1,0,0.000000,0.080000,0.008000,0.001000,5.000000,0.100000,22.000000,0.025000,0.000000
10.741000,0.500000,0.640000,-6.476242,-0.000000,-6.476242,-1.200974,0.000000,1.200974,-0.002912,-0.007522,0.030969,0.030969,0.033881,0.170157,0.177680,0.096078,0.020741,0.000271,0.169405,0.000752,3.908951,0.001826,3.910778,3.910778,3.910778,1.955389,1.955389,0,0,1,0,0.000000,0.080000,0.008000,0.001000,5.000000,0.100000,22.000000,0.025000,0.000000
10.746000,0.500000,0.640000,-6.482380,-0.000000,-6.482380,-1.202329,0.000000,1.202329,-0.002912,-0.007522,0.030969,0.030969,0.033881,0.170157,0.177680,0.096186,0.020741,0.000271,0.169405,0.000752,3.908951,0.000000,3.908951,3.908951,3.908951,1.954476,1.954476,0,0,1,0,0.000000,0.080000,0.008000,0.001000,5.000000,0.100000,22.000000,0.025000,0.000000
10.751000,0.500000,0.640000,-6.488525,-0.000000,-6.488525,-1.203687,0.000000,1.203687,-0.002987,-0.007516,0.030969,0.030969,0.033956,0.170532,0.178048,0.096295,0.020741,0.000272,0.169780,0.000752,3.917050,0.001841,3.918890,3.918890,3.918890,1.959445,1.959445,0,0,1,0,0.000000,0.080000,0.008000,0.001000,5.000000,0.100000,22.000000,0.025000,0.000000
10.756000,0.500000,0.640000,-6.494676,-0.000000,-6.494676,-1.205044,0.000000,1.205044,-0.002987,-0.007516,0.030969,0.030969,0.033956,0.170532,0.178048,0.096404,0.020741,0.000272,0.169780,0.000752,3.917050,0.000000,3.917050,3.917050,3.917050,1.958525,1.958525,0,0,1,0,0.000000,0.080000,0.008000,0.001000,5.000000,0.100000,22.000000,0.025000,0.000000
10.761000,0.500000,0.640000,-6.500835,-0.000000,-6.500835,-1.206404,0.000000,1.206404,-0.003062,-0.007516,0.030969,0.030969,0.034031,0.170908,0.178424,0.096512,0.020741,0.000272,0.170156,0.000752,3.925330,0.001882,3.927212,3.927212,3.927212,1.963606,1.963606,0,0,1,0,0.000000,0.080000,0.008000,0.001000,5.000000,0.100000,22.000000,0.025000,0.000000
10.770000,0.500000,0.640000,-6.507000,-0.000000,-6.507000,-1.207764,0.000000,1.207764,-0.003138,-0.007525,0.030969,0.030969,0.034107,0.171287,0.178812,0.096621,0.020741,0.000151,0.170534,0.000753,3.933869,0.001078,3.934947,3.934947,3.934947,1.967474,1.967474,0,0,1,0,0.000000,0.080000,0.008000,0.001000,5.000000,0.100000,22.000000,0.025000,0.000000
10.775000,0.500000,0.640000,-6.513172,-0.000000,-6.513172,-1.209126,0.000000,1.209126,-0.003138,-0.007525,0.030969,0.030969,0.034107,0.171287,0.178812,0.096730,0.020741,0.000272,0.170534,0.000753,3.933869,0.000000,3.933869,3.933869,3.933869,1.966935,1.966935,0,0,1,0,0.000000,0.080000,0.008000,0.001000,5.000000,0.100000,22.000000,0.025000,0.000000
10.780000,0.500000,0.640000,-6.519351,-0.000000,-6.519351,-1.210488,0.000000,1.210488,-0.003214,-0.007541,0.030969,0.030969,0.034183,0.171668,0.179209,0.096839,0.020741,0.000272,0.170914,0.000754,3.942597,0.001984,3.944580,3.944580,3.944580,1.972290,1.972290,0,0,1,0,0.000000,0.080000,0.008000,0.001000,5.000000,0.100000,22.000000,0.025000,0.000000
10.785000,0.500000,0.640000,-6.525537,-0.000000,-6.525537,-1.211852,0.000000,1.211852,-0.003214,-0.007541,0.030969,0.030969,0.034183,0.171668,0.179209,0.096948,0.020741,0.000273,0.170914,0.000754,3.942597,0.000000,3.942597,3.942597,3.942597,1.971298,1.971298,0,0,1,0,0.000000,0.080000,0.008000,0.001000,5.000000,0.100000,22.000000,0.025000,0.000000
10.790000,0.500000,0.640000,-6.531730,-0.000000,-6.531730,-1.213215,0.000000,1.213215,-0.003214,-0.007541,0.030969,0.030969,0.034183,0.171668,0.179209,0.097057,0.020741,0.000273,0.170914,0.000754,3.942597,0.000000,3.942597,3.942597,3.942597,1.971298,1.971298,0,0,1,0,0.000000,0.080000,0.008000,0.001000,5.000000,0.100000,22.000000,0.025000,0.000000
10.795000,0.500000,0.640000,-6.537930,-0.000000,-6.537930,-1.214581,0.000000,1.214581,-0.003291,-0.007565,0.030969,0.030969,0.034259,0.172054,0.179619,0.097166,0.020741,0.000273,0.171297,0.000757,3.951613,0.002049,3.953662,3.953662,3.953662,1.976831,1.976831,0,0,1,0,0.000000,0.080000,0.008000,0.001000,5.000000,0.100000,22.000000,0.025000,0.000000
10.800000,0.500000,0.640000,-6.544137,-0.000000,-6.544137,-1.215946,0.000000,1.215946,-0.003291,-0.007565,0.030969,0.030969,0.034259,0.172054,0.179619,0.097276,0.020741,0.000273,0.171297,0.000757,3.951613,0.000000,3.951613,3.951613,3.951613,1.975807,1.975807,0,0,1,0,0.000000,0.080000,0.008000,0.001000,5.000000,0.100000,22.000000,0.025000,0.000000
10.805000,0.500000,0.640000,-6.550350,-0.000000,-6.550350,-1.217307,0.000000,1.217307,-0.003368,-0.007631,0.030969,0.030969,0.034337,0.172449,0.180079,0.097385,0.020741,0.000272,0.171686,0.000763,3.961749,0.002304,3.964052,3.964052,3.964052,1.982026,1.982026,0,0,1,0,0.000000,0.080000,0.008000,0.001000,5.000000,0.100000,22.000000,0.025000,0.000000
10.810000,0.500000,0.640000,-6.556570,-0.000000,-6.556570,-1.218670,0.000000,1.218670,-0.003368,-0.007631,0.030969,0.030969,0.034337,0.172449,0.180079,0.097494,0.020741,0.000272,0.171686,0.000763,3.961749,0.000000,3.961749,3.961749,3.961749,1.980874,1.980874,0,0,1,0,0.000000,0.080000,0.008000,0.001000,5.000000,0.100000,22.000000,0.025000,0.000000
10.815000,0.500000,0.640000,-6.562797,-0.000000,-6.562797,-1.220030,0.000000,1.220030,-0.003448,-0.007720,0.030969,0.030969,0.034417,0.172857,0.180577,0.097602,0.020741,0.000272,0.172085,0.000772,3.972687,0.002486,3.975173,3.975173,3.975173,1.987586,1.987586,0,0,1,0,0.000000,0.080000,0.008000,0.001000,5.000000,0.100000,22.000000,0.025000,0.000000
10.820000,0.500000,0.640000,-6.569030,-0.000000,-6.569030,-1.221390,0.000000,1.221390,-0.003448,-0.007720,0.030969,0.030969,0.034417,0.172857,0.180577,0.097711,0.020741,0.000272,0.172085,0.000772,3.972687,0.000000,3.972687,3.972687,3.972687,1.986343,1.986343,0,0,1,0,0.000000,0.080000,0.008000,0.001000,5.000000,0.100000,22.000000,0.025000,0.000000
10.825000,0.500000,0.640000,-6.575271,-0.000000,-6.575271,-1.222757,0.000000,1.222757,-0.003529,-0.007784,0.030969,0.030969,0.034498,0.173269,0.181052,0.097821,0.020741,0.000273,0.172490,0.000778,3.983149,0.002378,3.985526,3.985526,3.985526,1.992763,1.992763,0,0,1,0,0.000000,0.080000,0.008000,0.001000,5.000000,0.100000,22.000000,0.025000,0.000000
10.834000,0.500000,0.640000,-6.587774,-0.000000,-6.587774,-1.225498,0.000000,1.225498,-0.003610,-0.007817,0.030969,0.030969,0.034578,0.173674,0.181491,0.098040,0.020741,0.000305,0.172892,0.000782,3.992801,0.001219,3.994020,3.994020,3.994020,1.997010,1.997010,0,0,1,0,0.000000,0.080000,0.008000,0.001000,5.000000,0.100000,22.000000,0.025000,0.000000
10.839000,0.500000,0.640000,-6.594036,-0.000000,-6.594036,-1.226875,0.000000,1.226875,-0.003610,-0.007817,0.030969,0.030969,0.034578,0.173674,0.181491,0.098150,0.020741,0.000275,0.172892,0.000782,3.992801,0.000000,3.992801,3.992801,3.992801,1.996401,1.996401,0,0,1,0,0.000000,0.080000,0.008000,0.001000,5.000000,0.100000,22.000000,0.025000,0.000000
10.844000,0.500000,0.640000,-6.600306,-0.000000,-6.600306,-1.228257,0.000000,1.228257,-0.003689,-0.007818,0.030969,0.030969,0.034657,0.174068,0.181886,0.098261,0.020741,0.000276,0.173287,0.000782,4.001498,0.001977,4.003475,4.003475,4.003475,2.001737,2.001737,0,0,1,0,0.000000,0.080000,0.008000,0.001000,5.000000,0.100000,22.000000,0.025000,0.000000
10.849000,0.500000,0.640000,-6.606583,-0.000000,-6.606583,-1.229642,0.000000,1.229642,-0.003689,-0.007818,0.030969,0.030969,0.034657,0.174068,0.181886,0.098371,0.020741,0.000277,0.173287,0.000782,4.001498,0.000000,4.001498,4.001498,4.001498,2.000749,2.000749,0,0,1,0,0.000000,0.080000,0.008000,0.001000,5.000000,0.100000,22.000000,0.025000,0.000000
10.854000,0.500000,0.640000,-6.612867,-0.000000,-6.612867,-1.231031,0.000000,1.231031,-0.003766,-0.007797,0.030969,0.030969,0.034735,0.174455,0.182252,0.098482,0.020741,0.000278,0.173675,0.000780,4.009549,0.001830,4.011378,4.011378,4.011378,2.005689,2.005689,0,0,1,0,0.000000,0.080000,0.008000,0.001000,5.000000,0.100000,22.000000,0.025000,0.000000
10.859000,0.500000,0.640000,-6.619158,-0.000000,-6.619158,-1.232422,0.000000,1.232422,-0.003766,-0.007797,0.030969,0.030969,0.034735,0.174455,0.182252,0.098594,0.020741,0.000278,0.173675,0.000780,4.009549,0.000000,4.009549,4.009549,4.009549,2.004774,2.004774,0,0,1,0,0.000000,0.080000,0.008000,0.001000,5.000000,0.100000,22.000000,0.025000,0.000000
10.864000,0.500000,0.640000,-6.625457,-0.000000,-6.625457,-1.233817,0.000000,1.233817,-0.003843,-0.007765,0.030969,0.030969,0.034812,0.174836,0.182600,0.098705,0.020741,0.000279,0.174059,0.000776,4.017208,0.001741,4.018949,4.018949,4.018949,2.009475,2.009475,0,0,1,0,0.000000,0.080000,0.008000,0.001000,5.000000,0.100000,22.000000,0.025000,0.000000
10.873000,0.500000,0.640000,-6.638076,-0.000000,-6.638076,-1.236612,0.000000,1.236612,-0.003919,-0.007731,0.030969,0.030969,0.034888,0.175213,0.182944,0.098929,0.020741,0.000311,0.174440,0.000773,4.024778,0.000956,4.025734,4.025734,4.025734,2.012867,2.012867,0,0,1,0,0.000000,0.080000,0.008000,0.001000,5.000000,0.100000,22.000000,0.025000,0.000000
10.878000,0.500000,0.640000,-6.644396,-0.000000,-6.644396,-1.238012,0.000000,1.238012,-0.003919,-0.007731,0.030969,0.030969,0.034888,0.175213,0.182944,0.099041,0.020741,0.000280,0.174440,0.000773,4.024778,0.000000,4.024778,4.024778,4.024778,2.012389,2.012389,0,0,1,0,0.000000,0.080000,0.008000,0.001000,5.000000,0.100000,22.000000,0.025000,0.000000
10.883000,0.500000,0.640000,-6.650724,-0.000000,-6.650724,-1.239414,0.000000,1.239414,-0.003995,-0.007703,0.030969,0.030969,0.034964,0.175590,0.183293,0.099153,0.020741,0.000280,0.174820,0.000770,4.032448,0.001743,4.034191,4.034191,4.034191,2.017096,2.017096,0,0,1,0,0.000000,0.080000,0.008000,0.001000,5.000000,0.100000,22.000000,0.025000,0.000000
10.888000,0.500000,0.640000,-6.657058,-0.000000,-6.657058,-1.240816,0.000000,1.240816,-0.003995,-0.007703,0.030969,0.030969,0.034964,0.175590,0.183293,0.099265,0.020741,0.000280,0.174820,0.000770,4.032448,0.000000,4.032448,4.032448,4.032448,2.016224,2.016224,0,0,1,0,0.000000,0.080000,0.008000,0.001000,5.000000,0.100000,22.000000,0.025000,0.000000
10.893000,0.500000,0.640000,-6.663400,-0.000000,-6.663400,-1.242219,0.000000,1.242219,-0.004072,-0.007691,0.030969,0.030969,0.035040,0.175970,0.183662,0.099378,0.020741,0.000281,0.175201,0.000769,4.040554,0.001842,4.042396,4.042396,4.042396,2.021198,2.021198,0,0,1,0,0.000000,0.080000,0.008000,0.001000,5.000000,0.100000,22.000000,0.025000,0.000000
10.898000,0.500000,0.640000,-6.669748,-0.000000,-6.669748,-1.243621,0.000000,1.243621,-0.004072,-0.007691,0.030969,0.030969,0.035040,0.175970,0.183662,0.099490,0.020741,0.000280,0.175201,0.000769,4.040554,0.000000,4.040554,4.040554,4.040554,2.020277,2.020277,0,0,1,0,0.000000,0.080000,0.008000,0.001000,5.000000,0.100000,22.000000,0.025000,0.000000
10.903000,0.500000,0.640000,-6.676104,-0.000000,-6.676104,-1.245025,0.000000,1.245025,-0.004149,-0.007699,0.030969,0.030969,0.035117,0.176357,0.184055,0.099602,0.020741,0.000281,0.175587,0.000770,4.049216,0.001969,4.051185,4.051185,4.051185,2.025593,2.025593,0,0,1,0,0.000000,0.080000,0.008000,0.001000,5.000000,0.100000,22.000000,0.025000,0.000000
10.908000,0.500000,0.640000,-6.682466,-0.000000,-6.682466,-1.246427,0.000000,1.246427,-0.004149,-0.007699,0.030969,0.030969,0.035117,0.176357,0.184055,0.099714,0.020741,0.000280,0.175587,0.000770,4.049216,0.000000,4.049216,4.049216,4.049216,2.024608,2.024608,0,0,1,0,0.000000,0.080000,0.008000,0.001000,5.000000,0.100000,22.000000,0.025000,0.000000
10.913000,0.500000,0.640000,-6.688836,-0.000000,-6.688836,-1.247830,0.000000,1.247830,-0.004227,-0.007725,0.030969,0.030969,0.035195,0.176750,0.184475,0.099826,0.020741,0.000281,0.175977,0.000773,4.058447,0.002098,4.060545,4.060545,4.060545,2.030272,2.030272,0,0,1,0,0.000000,0.080000,0.008000,0.001000,5.000000,0.100000,22.000000,0.025000,0.000000
10.918000,0.500000,0.640000,-6.695213,-0.000000,-6.695213,-1.249232,0.000000,1.249232,-0.004227,-0.007725,0.030969,0.030969,0.035195,0.176750,0.184475,0.099939,0.020741,0.000280,0.175977,0.000773,4.058447,0.000000,4.058447,4.058447,4.058447,2.029223,2.029223,0,0,1,0,0.000000,0.080000,0.008000,0.001000,5.000000,0.100000,22.000000,0.025000,0.000000
10.923000,0.500000,0.640000,-6.701596,-0.000000,-6.701596,-1.250637,0.000000,1.250637,-0.004306,-0.007766,0.030969,0.030969,0.035275,0.177150,0.184916,0.100051,0.020741,0.000281,0.176373,0.000777,4.068155,0.002207,4.070362,4.070362,4.070362,2.035181,2.035181,0,0,1,0,0.000000,0.080000,0.008000,0.001000,5.000000,0.100000,22.000000,0.025000,0.000000
10.932000,0.500000,0.640000,-6.714385,-0.000000,-6.714385,-1.253445,0.000000,1.253445,-0.004386,-0.007816,0.030969,0.030969,0.035355,0.177555,0.185372,0.100276,0.020741,0.000312,0.176774,0.000782,4.078182,0.001266,4.079448,4.079448,4.079448,2.039724,2.039724,0,0,1,0,0.000000,0.080000,0.008000,0.001000,5.000000,0.100000,22.000000,0.025000,0.000000
10.937000,0.500000,0.640000,-6.720790,-0.000000,-6.720790,-1.254850,0.000000,1.254850,-0.004386,-0.007816,0.030969,0.030969,0.035355,0.177555,0.185372,0.100388,0.020741,0.000281,0.176774,0.000782,4.078182,0.000000,4.078182,4.078182,4.078182,2.039091,2.039091,0,0,1,0,0.000000,0.080000,0.008000,0.001000,5.000000,0.100000,22.000000,0.025000,0.000000
10.942000,0.500000,0.640000,-6.727202,-0.000000,-6.727202,-1.256259,0.000000,1.256259,-0.004467,-0.007865,0.030969,0.030969,0.035435,0.177964,0.185828,0.100501,0.020741,0.000282,0.177177,0.000786,4.088221,0.002282,4.090503,4.090503,4.090503,2.045251,2.045251,0,0,1,0,0.000000,0.080000,0.008000,0.001000,5.000000,0.100000,22.000000,0.025000,0.000000
10.947000,0.500000,0.640000,-6.733622,-0.000000,-6.733622,-1.257667,0.000000,1.257667,-0.004467,-0.007865,0.030969,0.030969,0.035435,0.177964,0.185828,0.100613,0.020741,0.000282,0.177177,0.000786,4.088221,0.000000,4.088221,4.088221,4.088221,2.044111,2.044111,0,0,1,0,0.000000,0.080000,0.008000,0.001000,5.000000,0.100000,22.000000,0.025000,0.000000
10.952000,0.500000,0.640000,-6.740048,-0.000000,-6.740048,-1.259078,0.000000,1.259078,-0.004548,-0.007910,0.030969,0.030969,0.035517,0.178374,0.186283,0.100726,0.020741,0.000282,0.177583,0.000791,4.098235,0.002276,4.100510,4.100510,4.100510,2.050255,2.050255,0,0,1,0,0.000000,0.080000,0.008000,0.001000,5.000000,0.100000,22.000000,0.025000,0.000000
10.957000,0.500000,0.640000,-6.746482,-0.000000,-6.746482,-1.260490,0.000000,1.260490,-0.004548,-0.007910,0.030969,0.030969,0.035517,0.178374,0.186283,0.100839,0.020741,0.000282,0.177583,0.000791,4.098235,0.000000,4.098235,4.098235,4.098235,2.049117,2.049117,0,0,1,0,0.000000,0.080000,0.008000,0.001000,5.000000,0.100000,22.000000,0.025000,0.000000
10.962000,0.500000,0.640000,-6.752923,-0.000000,-6.752923,-1.261905,0.000000,1.261905,-0.004629,-0.007947,0.030969,0.030969,0.035598,0.178784,0.186731,0.100952,0.020741,0.000283,0.177989,0.000795,4.108079,0.002237,4.110316,4.110316,4.110316,2.055158,2.055158,0,0,1,0,0.000000,0.080000,0.008000,0.001000,5.000000,0.100000,22.000000,0.025000,0.000000
10.967000,0.500000,0.640000,-6.759371,-0.000000,-6.759371,-1.263321,0.000000,1.263321,-0.004629,-0.007947,0.030969,0.030969,0.035598,0.178784,0.186731,0.101066,0.020741,0.000283,0.177989,0.000795,4.108079,0.000000,4.108079,4.108079,4.108079,2.054039,2.054039,0,0,1,0,0.000000,0.080000,0.008000,0.001000,5.000000,0.100000,22.000000,0.025000,0.000000
10.972000,0.500000,0.640000,-6.765827,-0.000000,-6.765827,-1.264742,0.000000,1.264742,-0.004710,-0.007974,0.030969,0.030969,0.035679,0.179193,0.187167,0.101179,0.020741,0.000284,0.178395,0.000797,4.117667,0.002179,4.119846,4.119846,4.119846,2.059923,2.059923,0,0,1,0,0.000000,0.080000,0.008000,0.001000,5.000000,0.100000,22.000000,0.025000,0.000000
10.981000,0.500000,0.640000,-6.778760,-0.000000,-6.778760,-1.267588,0.000000,1.267588,-0.004791,-0.007991,0.030969,0.030969,0.035760,0.179599,0.187590,0.101407,0.020741,0.000316,0.178800,0.000799,4.126975,0.001175,4.128150,4.128150,4.128150,2.064075,2.064075,0,0,1,0,0.000000,0.080000,0.008000,0.001000,5.000000,0.100000,22.000000,0.025000,0.000000
10.986000,0.500000,0.640000,-6.785238,-0.000000,-6.785238,-1.269015,0.000000,1.269015,-0.004791,-0.007991,0.030969,0.030969,0.035760,0.179599,0.187590,0.101521,0.020741,0.000285,0.178800,0.000799,4.126975,0.000000,4.126975,4.126975,4.126975,2.063487,2.063487,0,0,1,0,0.000000,0.080000,0.008000,0.001000,5.000000,0.100000,22.000000,0.025000,0.000000
10.991000,0.500000,0.640000,-6.791723,-0.000000,-6.791723,-1.270445,0.000000,1.270445,-0.004872,-0.007995,0.030969,0.030969,0.035840,0.180002,0.187996,0.101636,0.020741,0.000286,0.179202,0.000799,4.135919,0.002033,4.137952,4.137952,4.137952,2.068976,2.068976,0,0,1,0,0.000000,0.080000,0.008000,0.001000,5.000000,0.100000,22.000000,0.025000,0.000000
10.996000,0.500000,0.640000,-6.798215,-0.000000,-6.798215,-1.271876,0.000000,1.271876,-0.004872,-0.007995,0.030969,0.030969,0.035840,0.180002,0.187996,0.101750,0.020741,0.000286,0.179202,0.000799,4.135919,0.000000,4.135919,4.135919,4.135919,2.067959,2.067959,0,0,1,0,0.000000,0.080000,0.008000,0.001000,5.000000,0.100000,22.000000,0.025000,0.000000
11.001000,0.500000,0.640000,-6.804715,-0.000000,-6.804715,-1.273311,0.000000,1.273311,-0.004952,-0.007994,0.030969,0.030969,0.035921,0.180403,0.188397,0.101865,0.020741,0.000287,0.179603,0.000799,4.144730,0.002003,4.146733,4.146733,4.146733,2.073367,2.073367,0,0,1,0,0.000000,0.080000,0.008000,0.001000,5.000000,0.100000,22.000000,0.025000,0.000000
11.006000,0.500000,0.640000,-6.811222,-0.000000,-6.811222,-1.274746,0.000000,1.274746,-0.004952,-0.007994,0.030969,0.030969,0.035921,0.180403,0.188397,0.101980,0.020741,0.000287,0.179603,0.000799,4.144730,0.000000,4.144730,4.144730,4.144730,2.072365,2.072365,0,0,1,0,0.000000,0.080000,0.008000,0.001000,5.000000,0.100000,22.000000,0.025000,0.000000
11.011000,0.500000,0.640000,-6.817737,-0.000000,-6.817737,-1.276185,0.000000,1.276185,-0.005032,-0.007993,0.030969,0.030969,0.036001,0.180803,0.188796,0.102095,0.020741,0.000288,0.180004,0.000799,4.153517,0.001997,4.155513,4.155513,4.155513,2.077757,2.077757,0,0,1,0,0.000000,0.080000,0.008000,0.001000,5.000000,0.100000,22.000000,0.025000,0.000000
11.020000,0.500000,0.640000,-6.830788,-0.000000,-6.830788,-1.279064,0.000000,1.279064,-0.005112,-0.007995,0.030969,0.030969,0.036081,0.181204,0.189199,0.102325,0.020741,0.000320,0.180405,0.000800,4.162383,0.001119,4.163502,4.163502,4.163502,2.081751,2.081751,0,0,1,0,0.000000,0.080000,0.008000,0.001000,5.000000,0.100000,22.000000,0.025000,0.000000
11.025000,0.500000,0.640000,-6.830788,-0.000000,-6.830788,-1.279064,0.000000,1.279064,-0.005112,-0.007995,0.030969,0.030969,0.036081,0.181204,0.189199,0.102325,0.020741,0.000000,0.180405,0.000800,4.162383,0.000000,4.162383,4.162383,4.162383,2.081191,2.081191,0,0,1,0,0.000000,0.080000,0.008000,0.001000,5.000000,0.100000,22.000000,0.025000,0.000000
11.030000,0.500000,0.640000,-6.837325,-0.000000,-6.837325,-1.280507,0.000000,1.280507,-0.005192,-0.007997,0.030969,0.030969,0.036161,0.181605,0.189603,0.102441,0.020741,0.000288,0.180806,0.000800,4.171259,0.002017,4.173276,4.173276,4.173276,2.086638,2.086638,0,0,1,0,0.000000,0.080000,0.008000,0.001000,5.000000,0.100000,22.000000,0.025000,0.000000
11.035000,0.500000,0.640000,-6.843869,-0.000000,-6.843869,-1.281951,0.000000,1.281951,-0.005192,-0.007999,0.030969,0.030969,0.036161,0.181605,0.189605,0.102556,0.020741,0.000289,0.180806,0.000800,4.171308,0.000011,4.171319,4.171319,4.171319,2.085660,2.085660,0,0,1,0,0.000000,0.080000,0.008000,0.001000,5.000000,0.100000,22.000000,0.025000,0.000000
11.040000,0.500000,0.640000,-6.850420,-0.000000,-6.850420,-1.283395,0.000000,1.283395,-0.005192,-0.007999,0.030969,0.030969,0.036161,0.181605,0.189605,0.102672,0.020741,0.000289,0.180806,0.000800,4.171308,0.000000,4.171308,4.171308,4.171308,2.085654,2.085654,0,0,1,0,0.000000,0.080000,0.008000,0.001000,5.000000,0.100000,22.000000,0.025000,0.000000
11.045000,0.500000,0.640000,-6.856979,-0.000000,-6.856979,-1.284842,0.000000,1.284842,-0.005273,-0.008012,0.030969,0.030969,0.036242,0.182010,0.190022,0.102787,0.020741,0.000289,0.181209,0.000801,4.180479,0.002084,4.182564,4.182564,4.182564,2.091282,2.091282,0,0,1,0,0.000000,0.080000,0.008000,0.001000,5.000000,0.100000,22.000000,0.025000,0.000000
11.050000,0.500000,0.640000,-6.863545,-0.000000,-6.863545,-1.286288,0.000000,1.286288,-0.005273,-0.008012,0.030969,0.030969,0.036242,0.182010,0.190022,0.102903,0.020741,0.000289,0.181209,0.000801,4.180479,0.000000,4.180479,4.180479,4.180479,2.090240,2.090240,0,0,1,0,0.000000,0.080000,0.008000,0.001000,5.000000,0.100000,22.000000,0.025000,0.000000
11.055000,0.500000,0.640000,-6.870118,-0.000000,-6.870118,-1.287731,0.000000,1.287731,-0.005355,-0.008067,0.030969,0.030969,0.036323,0.182424,0.190491,0.103018,0.020741,0.000289,0.181617,0.000807,4.190808,0.002347,4.193155,4.193155,4.193155,2.096578,2.096578,0,0,1,0,0.000000,0.080000,0.008000,0.001000,5.000000,0.100000,22.000000,0.025000,0.000000
11.064000,0.500000,0.640000,-6.883285,-0.000000,-6.883285,-1.290620,0.000000,1.290620,-0.005438,-0.008117,0.030969,0.030969,0.036407,0.182846,0.190963,0.103250,0.020741,0.000321,0.182034,0.000812,4.201194,0.001311,4.202505,4.202505,4.202505,2.101253,2.101253,0,0,1,0,0.000000,0.080000,0.008000,0.001000,5.000000,0.100000,22.000000,0.025000,0.000000
11.069000,0.500000,0.640000,-6.889880,-0.000000,-6.889880,-1.292067,0.000000,1.292067,-0.005438,-0.008117,0.030969,0.030969,0.036407,0.182846,0.190963,0.103365,0.020741,0.000290,0.182034,0.000812,4.201194,0.000000,4.201194,4.201194,4.201194,2.100597,2.100597,0,0,1,0,0.000000,0.080000,0.008000,0.001000,5.000000,0.100000,22.000000,0.025000,0.000000
11.074000,0.500000,0.640000,-6.896483,-0.000000,-6.896483,-1.293519,0.000000,1.293519,-0.005521,-0.008153,0.030969,0.030969,0.036490,0.183266,0.191419,0.103482,0.020741,0.000290,0.182451,0.000815,4.211225,0.002280,4.213505,4.213505,4.213505,2.106753,2.106753,0,0,1,0,0.000000,0.080000,0.008000,0.001000,5.000000,0.100000,22.000000,0.025000,0.000000
11.079000,0.500000,0.640000,-6.903093,-0.000000,-6.903093,-1.294971,0.000000,1.294971,-0.005521,-0.008153,0.030969,0.030969,0.036490,0.183266,0.191419,0.103598,0.020741,0.000290,0.182451,0.000815,4.211225,0.000000,4.211225,4.211225,4.211225,2.105613,2.105613,0,0,1,0,0.000000,0.080000,0.008000,0.001000,5.000000,0.100000,22.000000,0.025000,0.000000
11.084000,0.500000,0.640000,-6.909710,-0.000000,-6.909710,-1.296427,0.000000,1.296427,-0.005605,-0.008178,0.030969,0.030969,0.036573,0.183685,0.191862,0.103714,0.020741,0.000291,0.182867,0.000818,4.220972,0.002215,4.223188,4.223188,4.223188,2.111594,2.111594,0,0,1,0,0.000000,0.080000,0.008000,0.001000,5.000000,0.100000,22.000000,0.025000,0.000000
11.089000,0.500000,0.640000,-6.916335,-0.000000,-6.916335,-1.297884,0.000000,1.297884,-0.005605,-0.008178,0.030969,0.030969,0.036573,0.183685,0.191862,0.103831,0.020741,0.000291,0.182867,0.000818,4.220972,0.000000,4.220972,4.220972,4.220972,2.110486,2.110486,0,0,1,0,0.000000,0.080000,0.008000,0.001000,5.000000,0.100000,22.000000,0.025000,0.000000
11.094000,0.500000,0.640000,-6.922968,-0.000000,-6.922968,-1.299346,0.000000,1.299346,-0.005688,-0.008191,0.030969,0.030969,0.036656,0.184100,0.192292,0.103948,0.020741,0.000292,0.183281,0.000819,4.230422,0.002148,4.232570,4.232570,4.232570,2.116285,2.116285,0,0,1,0,0.000000,0.080000,0.008000,0.001000,5.000000,0.100000,22.000000,0.025000,0.000000
11.099000,0.500000,0.640000,-6.929608,-0.000000,-6.929608,-1.300808,0.000000,1.300808,-0.005688,-0.008191,0.030969,0.030969,0.036656,0.184100,0.192292,0.104065,0.020741,0.000292,0.183281,0.000819,4.230422,0.000000,4.230422,4.230422,4.230422,2.115211,2.115211,0,0,1,0,0.000000,0.080000,0.008000,0.001000,5.000000,0.100000,22.000000,0.025000,0.000000
11.108000,0.500000,0.640000,-6.942910,-0.000000,-6.942910,-1.303741,0.000000,1.303741,-0.005770,-0.008197,0.030969,0.030969,0.036739,0.184514,0.192710,0.104299,0.020741,0.000326,0.183694,0.000820,4.239626,0.001162,4.240788,4.240788,4.240788,2.120394,2.120394,0,0,1,0,0.000000,0.080000,0.008000,0.001000,5.000000,0.100000,22.000000,0.025000,0.000000
11.113000,0.500000,0.640000,-6.949573,-0.000000,-6.949573,-1.305206,0.000000,1.305206,-0.005853,-0.008232,0.030969,0.030969,0.036822,0.184931,0.193163,0.104417,0.020741,0.000293,0.184108,0.000823,4.249588,0.002264,4.251852,4.251852,4.251852,2.125926,2.125926,0,0,1,0,0.000000,0.080000,0.008000,0.001000,5.000000,0.100000,22.000000,0.025000,0.000000
11.118000,0.500000,0.640000,-6.956242,-0.000000,-6.956242,-1.306673,0.000000,1.306673,-0.005853,-0.008232,0.030969,0.030969,0.036822,0.184931,0.193163,0.104534,0.020741,0.000293,0.184108,0.000823,4.249588,0.000000,4.249588,4.249588,4.249588,2.124794,2.124794,0,0,1,0,0.000000,0.080000,0.008000,0.001000,5.000000,0.100000,22.000000,0.025000,0.000000
11.123000,0.500000,0.640000,-6.962920,-0.000000,-6.962920,-1.308143,0.000000,1.308143,-0.005937,-0.008250,0.030969,0.030969,0.036905,0.185352,0.193602,0.104651,0.020741,0.000294,0.184527,0.000825,4.259245,0.002195,4.261440,4.261440,4.261440,2.130720,2.130720,0,0,1,0,0.000000,0.080000,0.008000,0.001000,5.000000,0.100000,22.000000,0.025000,0.000000
11.128000,0.500000,0.640000,-6.969605,-0.000000,-6.969605,-1.309615,0.000000,1.309615,-0.005937,-0.008250,0.030969,0.030969,0.036905,0.185352,0.193602,0.104769,0.020741,0.000294,0.184527,0.000825,4.259245,0.000000,4.259245,4.259245,4.259245,2.129623,2.129623,0,0,1,0,0.000000,0.080000,0.008000,0.001000,5.000000,0.100000,22.000000,0.025000,0.000000
11.133000,0.500000,0.640000,-6.976297,-0.000000,-6.976297,-1.311091,0.000000,1.311091,-0.006020,-0.008258,0.030969,0.030969,0.036989,0.185769,0.194028,0.104887,0.020741,0.000295,0.184943,0.000826,4.268605,0.002127,4.270733,4.270733,4.270733,2.135366,2.135366,0,0,1,0,0.000000,0.080000,0.008000,0.001000,5.000000,0.100000,22.000000,0.025000,0.000000
11.138000,0.500000,0.640000,-6.982997,-0.000000,-6.982997,-1.312567,0.000000,1.312567,-0.006020,-0.008258,0.030969,0.030969,0.036989,0.185769,0.194028,0.105005,0.020741,0.000295,0.184943,0.000826,4.268605,0.000000,4.268605,4.268605,4.268605,2.134303,2.134303,0,0,1,0,0.000000,0.080000,0.008000,0.001000,5.000000,0.100000,22.000000,0.025000,0.000000
11.143000,0.500000,0.640000,-6.989705,-0.000000,-6.989705,-1.314048,0.000000,1.314048,-0.006103,-0.008259,0.030969,0.030969,0.037072,0.186184,0.194443,0.105124,0.020741,0.000296,0.185358,0.000826,4.277755,0.002079,4.279834,4.279834,4.279834,2.139917,2.139917,0,0,1,0,0.000000,0.080000,0.008000,0.001000,5.000000,0.100000,22.000000,0.025000,0.000000
11.152000,0.500000,0.640000,-7.003144,-0.000000,-7.003144,-1.317014,0.000000,1.317014,-0.006186,-0.008257,0.030969,0.030969,0.037154,0.186598,0.194855,0.105361,0.020741,0.000330,0.185772,0.000826,4.286808,0.001143,4.287951,4.287951,4.287951,2.143975,2.143975,0,0,1,0,0.000000,0.080000,0.008000,0.001000,5.000000,0.100000,22.000000,0.025000,0.000000
11.157000,0.500000,0.640000,-7.009874,-0.000000,-7.009874,-1.318500,0.000000,1.318500,-0.006186,-0.008257,0.030969,0.030969,0.037154,0.186598,0.194855,0.105480,0.020741,0.000297,0.185772,0.000826,4.286808,0.000000,4.286808,4.286808,4.286808,2.143404,2.143404,0,0,1,0,0.000000,0.080000,0.008000,0.001000,5.000000,0.100000,22.000000,0.025000,0.000000
11.162000,0.500000,0.640000,-7.016613,-0.000000,-7.016613,-1.319989,0.000000,1.319989,-0.006268,-0.008253,0.030969,0.030969,0.037237,0.187010,0.195263,0.105599,0.020741,0.000298,0.186184,0.000825,4.295777,0.002038,4.297816,4.297816,4.297816,2.148908,2.148908,0,0,1,0,0.000000,0.080000,0.008000,0.001000,5.000000,0.100000,22.000000,0.025000,0.000000
11.167000,0.500000,0.640000,-7.023358,-0.000000,-7.023358,-1.321477,0.000000,1.321477,-0.006268,-0.008253,0.030969,0.030969,0.037237,0.187010,0.195263,0.105718,0.020741,0.000298,0.186184,0.000825,4.295777,0.000000,4.295777,4.295777,4.295777,2.147889,2.147889,0,0,1,0,0.000000,0.080000,0.008000,0.001000,5.000000,0.100000,22.000000,0.025000,0.000000
11.172000,0.500000,0.640000,-7.030112,-0.000000,-7.030112,-1.322969,0.000000,1.322969,-0.006351,-0.008255,0.030969,0.030969,0.037320,0.187423,0.195678,0.105838,0.020741,0.000298,0.186598,0.000825,4.304911,0.002076,4.306987,4.306987,4.306987,2.153494,2.153494,0,0,1,0,0.000000,0.080000,0.008000,0.001000,5.000000,0.100000,22.000000,0.025000,0.000000
11.177000,0.500000,0.640000,-7.036873,-0.000000,-7.036873,-1.324460,0.000000,1.324460,-0.006351,-0.008255,0.030969,0.030969,0.037320,0.187423,0.195678,0.105957,0.020741,0.000298,0.186598,0.000825,4.304911,0.000000,4.304911,4.304911,4.304911,2.152456,2.152456,0,0,1,0,0.000000,0.080000,0.008000,0.001000,5.000000,0.100000,22.000000,0.025000,0.000000
11.182000,0.500000,0.640000,-7.043641,-0.000000,-7.043641,-1.325954,0.000000,1.325954,-0.006434,-0.008264,0.030969,0.030969,0.037403,0.187840,0.196104,0.106076,0.020741,0.000299,0.187013,0.000826,4.314287,0.002131,4.316417,4.316417,4.316417,2.158209,2.158209,0,0,1,0,0.000000,0.080000,0.008000,0.001000,5.000000,0.100000,22.000000,0.025000,0.000000
11.187000,0.500000,0.640000,-7.050418,-0.000000,-7.050418,-1.327447,0.000000,1.327447,-0.006434,-0.008264,0.030969,0.030969,0.037403,0.187840,0.196104,0.106196,0.020741,0.000299,0.187013,0.000826,4.314287,0.000000,4.314287,4.314287,4.314287,2.157143,2.157143,0,0,1,0,0.000000,0.080000,0.008000,0.001000,5.000000,0.100000,22.000000,0.025000,0.000000
11.192000,0.500000,0.640000,-7.057201,-0.000000,-7.057201,-1.328942,0.000000,1.328942,-0.006517,-0.008283,0.030969,0.030969,0.037486,0.188259,0.196542,0.106315,0.020741,0.000299,0.187431,0.000828,4.323934,0.002193,4.326127,4.326127,4.326127,2.163063,2.163063,0,0,1,0,0.000000,0.080000,0.008000,0.001000,5.000000,0.100000,22.000000,0.025000,0.000000
11.197000,0.500000,0.640000,-7.063993,-0.000000,-7.063993,-1.330437,0.000000,1.330437,-0.006517,-0.008283,0.030969,0.030969,0.037486,0.188259,0.196542,0.106435,0.020741,0.000299,0.187431,0.000828,4.323934,0.000000,4.323934,4.323934,4.323934,2.161967,2.161967,0,0,1,0,0.000000,0.080000,0.008000,0.001000,5.000000,0.100000,22.000000,0.025000,0.000000
11.206000,0.500000,0.640000,-7.077598,-0.000000,-7.077598,-1.333432,0.000000,1.333432,-0.006602,-0.008310,0.030969,0.030969,0.037570,0.188683,0.196992,0.106675,0.020741,0.000333,0.187852,0.000831,4.333835,0.001250,4.335085,4.335085,4.335085,2.167542,2.167542,0,0,1,0,0.000000,0.080000,0.008000,0.001000,5.000000,0.100000,22.000000,0.025000,0.000000
11.211000,0.500000,0.640000,-7.084412,-0.000000,-7.084412,-1.334926,0.000000,1.334926,-0.006687,-0.008379,0.030969,0.030969,0.037656,0.189117,0.197496,0.106794,0.020741,0.000299,0.188279,0.000838,4.344910,0.002517,4.347427,4.347427,4.347427,2.173713,2.173713,0,0,1,0,0.000000,0.080000,0.008000,0.001000,5.000000,0.100000,22.000000,0.025000,0.000000
11.216000,0.500000,0.640000,-7.091233,-0.000000,-7.091233,-1.336420,0.000000,1.336420,-0.006687,-0.008379,0.030969,0.030969,0.037656,0.189117,0.197496,0.106914,0.020741,0.000299,0.188279,0.000838,4.344910,0.000000,4.344910,4.344910,4.344910,2.172455,2.172455,0,0,1,0,0.000000,0.080000,0.008000,0.001000,5.000000,0.100000,22.000000,0.025000,0.000000
11.221000,0.500000,0.640000,-7.098062,-0.000000,-7.098062,-1.337919,0.000000,1.337919,-0.006774,-0.008434,0.030969,0.030969,0.037743,0.189557,0.197992,0.107034,0.020741,0.000300,0.188714,0.000843,4.355813,0.002478,4.358291,4.358291,4.358291,2.179146,2.179146,0,0,1,0,0.000000,0.080000,0.008000,0.001000,5.000000,0.100000,22.000000,0.025000,0.000000
11.226000,0.500000,0.640000,-7.104898,-0.000000,-7.104898,-1.339418,0.000000,1.339418,-0.006774,-0.008434,0.030969,0.030969,0.037743,0.189557,0.197992,0.107153,0.020741,0.000300,0.188714,0.000843,4.355813,0.000000,4.355813,4.355813,4.355813,2.177907,2.177907,0,0,1,0,0.000000,0.080000,0.008000,0.001000,5.000000,0.100000,22.000000,0.025000,0.000000
11.231000,0.500000,0.640000,-7.111742,-0.000000,-7.111742,-1.340922,0.000000,1.340922,-0.006861,-0.008475,0.030969,0.030969,0.037830,0.189995,0.198470,0.107274,0.020741,0.000301,0.189148,0.000847,4.366348,0.002394,4.368743,4.368743,4.368743,2.184371,2.184371,0,0,1,0,0.000000,0.080000,0.008000,0.001000,5.000000,0.100000,22.000000,0.025000,0.000000
11.236000,0.500000,0.640000,-7.118594,-0.000000,-7.118594,-1.342427,0.000000,1.342427,-0.006861,-0.008475,0.030969,0.030969,0.037830,0.189995,0.198470,0.107394,0.020741,0.000301,0.189148,0.000847,4.366348,0.000000,4.366348,4.366348,4.366348,2.183174,2.183174,0,0,1,0,0.000000,0.080000,0.008000,0.001000,5.000000,0.100000,22.000000,0.025000,0.000000
11.241000,0.500000,0.640000,-7.125454,-0.000000,-7.125454,-1.343937,0.000000,1.343937,-0.006947,-0.008499,0.030969,0.030969,0.037916,0.190430,0.198929,0.107515,0.020741,0.000302,0.189580,0.000850,4.376438,0.002293,4.378731,4.378731,4.378731,2.189366,2.189366,0,0,1,0,0.000000,0.080000,0.008000,0.001000,5.000000,0.100000,22.000000,0.025000,0.000000
11.250000,0.500000,0.640000,-7.139198,-0.000000,-7.139198,-1.346964,0.000000,1.346964,-0.007033,-0.008507,0.030969,0.030969,0.038002,0.190861,0.199368,0.107757,0.020741,0.000336,0.190010,0.000851,4.386096,0.001219,4.387316,4.387316,4.387316,2.193658,2.193658,0,0,1,0,0.000000,0.080000,0.008000,0.001000,5.000000,0.100000,22.000000,0.025000,0.000000
11.255000,0.500000,0.640000,-7.146081,-0.000000,-7.146081,-1.348482,0.000000,1.348482,-0.007033,-0.008507,0.030969,0.030969,0.038002,0.190861,0.199368,0.107879,0.020741,0.000304,0.190010,0.000851,4.386096,0.000000,4.386096,4.386096,4.386096,2.193048,2.193048,0,0,1,0,0.000000,0.080000,0.008000,0.001000,5.000000,0.100000,22.000000,0.025000,0.000000
11.260000,0.500000,0.640000,-7.146081,-0.000000,-7.146081,-1.348482,0.000000,1.348482,-0.007033,-0.008507,0.030969,0.030969,0.038002,0.190861,0.199368,0.107879,0.020741,0.000000,0.190010,0.000851,4.386096,0.000000,4.386096,4.386096,4.386096,2.193048,2.193048,0,0,1,0,0.000000,0.080000,0.008000,0.001000,5.000000,0.100000,22.000000,0.025000,0.000000
11.265000,0.500000,0.640000,-7.152973,-0.000000,-7.152973,-1.350005,0.000000,1.350005,-0.007118,-0.008500,0.030969,0.030969,0.038087,0.191286,0.199786,0.108000,0.020741,0.000304,0.190436,0.000850,4.395295,0.002091,4.397386,4.397386,4.397386,2.198693,2.198693,0,0,1,0,0.000000,0.080000,0.008000,0.001000,5.000000,0.100000,22.000000,0.025000,0.000000
11.270000,0.500000,0.640000,-7.159872,-0.000000,-7.159872,-1.351527,0.000000,1.351527,-0.007118,-0.008500,0.030969,0.030969,0.038087,0.191286,0.199786,0.108122,0.020741,0.000305,0.190436,0.000850,4.395295,0.000000,4.395295,4.395295,4.395295,2.197648,2.197648,0,0,1,0,0.000000,0.080000,0.008000,0.001000,5.000000,0.100000,22.000000,0.025000,0.000000
11.275000,0.500000,0.640000,-7.166779,-0.000000,-7.166779,-1.353048,0.000000,1.353048,-0.007204,-0.008524,0.030969,0.030969,0.038172,0.191715,0.200239,0.108244,0.020741,0.000304,0.190862,0.000852,4.405255,0.002264,4.407518,4.407518,4.407518,2.203759,2.203759,0,0,1,0,0.000000,0.080000,0.008000,0.001000,5.000000,0.100000,22.000000,0.025000,0.000000
11.280000,0.500000,0.640000,-7.173693,-0.000000,-7.173693,-1.354571,0.000000,1.354571,-0.007204,-0.008524,0.030969,0.030969,0.038172,0.191715,0.200239,0.108366,0.020741,0.000305,0.190862,0.000852,4.405255,0.000000,4.405255,4.405255,4.405255,2.202627,2.202627,0,0,1,0,0.000000,0.080000,0.008000,0.001000,5.000000,0.100000,22.000000,0.025000,0.000000
11.285000,0.500000,0.640000,-7.180615,-0.000000,-7.180615,-1.356092,0.000000,1.356092,-0.007290,-0.008569,0.030969,0.030969,0.038259,0.192152,0.200722,0.108487,0.020741,0.000304,0.191295,0.000857,4.415877,0.002414,4.418291,4.418291,4.418291,2.209145,2.209145,0,0,1,0,0.000000,0.080000,0.008000,0.001000,5.000000,0.100000,22.000000,0.025000,0.000000
11.290000,0.500000,0.640000,-7.187545,-0.000000,-7.187545,-1.357614,0.000000,1.357614,-0.007290,-0.008569,0.030969,0.030969,0.038259,0.192152,0.200722,0.108609,0.020741,0.000304,0.191295,0.000857,4.415877,0.000000,4.415877,4.415877,4.415877,2.207938,2.207938,0,0,1,0,0.000000,0.080000,0.008000,0.001000,5.000000,0.100000,22.000000,0.025000,0.000000
11.295000,0.500000,0.640000,-7.194482,-0.000000,-7.194482,-1.359140,0.000000,1.359140,-0.007378,-0.008596,0.030969,0.030969,0.038347,0.192593,0.201189,0.108731,0.020741,0.000305,0.191733,0.000860,4.426155,0.002336,4.428491,4.428491,4.428491,2.214246,2.214246,0,0,1,0,0.000000,0.080000,0.008000,0.001000,5.000000,0.100000,22.000000,0.025000,0.000000
11.304000,0.500000,0.640000,-7.208381,-0.000000,-7.208381,-1.362202,0.000000,1.362202,-0.007465,-0.008606,0.030969,0.030969,0.038434,0.193029,0.201634,0.108976,0.020741,0.000340,0.192168,0.000861,4.435957,0.001238,4.437195,4.437195,4.437195,2.218597,2.218597,0,0,1,0,0.000000,0.080000,0.008000,0.001000,5.000000,0.100000,22.000000,0.025000,0.000000
11.309000,0.500000,0.640000,-7.215343,-0.000000,-7.215343,-1.363737,0.000000,1.363737,-0.007465,-0.008606,0.030969,0.030969,0.038434,0.193029,0.201634,0.109099,0.020741,0.000307,0.192168,0.000861,4.435957,0.000000,4.435957,4.435957,4.435957,2.217979,2.217979,0,0,1,0,0.000000,0.080000,0.008000,0.001000,5.000000,0.100000,22.000000,0.025000,0.000000
11.314000,0.500000,0.640000,-7.222312,-0.000000,-7.222312,-1.365277,0.000000,1.365277,-0.007551,-0.008598,0.030969,0.030969,0.038520,0.193459,0.202057,0.109222,0.020741,0.000308,0.192599,0.000860,4.445253,0.002113,4.447366,4.447366,4.447366,2.223683,2.223683,0,0,1,0,0.000000,0.080000,0.008000,0.001000,5.000000,0.100000,22.000000,0.025000,0.000000
11.319000,0.500000,0.640000,-7.229289,-0.000000,-7.229289,-1.366817,0.000000,1.366817,-0.007551,-0.008598,0.030969,0.030969,0.038520,0.193459,0.202057,0.109345,0.020741,0.000308,0.192599,0.000860,4.445253,0.000000,4.445253,4.445253,4.445253,2.222627,2.222627,0,0,1,0,0.000000,0.080000,0.008000,0.001000,5.000000,0.100000,22.000000,0.025000,0.000000
11.324000,0.500000,0.640000,-7.236275,-0.000000,-7.236275,-1.368362,0.000000,1.368362,-0.007637,-0.008585,0.030969,0.030969,0.038605,0.193886,0.202471,0.109469,0.020741,0.000309,0.193027,0.000859,4.454363,0.002071,4.456434,4.456434,4.456434,2.228217,2.228217,0,0,1,0,0.000000,0.080000,0.008000,0.001000,5.000000,0.100000,22.000000,0.025000,0.000000
11.329000,0.500000,0.640000,-7.243268,-0.000000,-7.243268,-1.369906,0.000000,1.369906,-0.007637,-0.008585,0.030969,0.030969,0.038605,0.193886,0.202471,0.109592,0.020741,0.000309,0.193027,0.000859,4.454363,0.000000,4.454363,4.454363,4.454363,2.227182,2.227182,0,0,1,0,0.000000,0.080000,0.008000,0.001000,5.000000,0.100000,22.000000,0.025000,0.000000
11.334000,0.500000,0.640000,-7.250269,-0.000000,-7.250269,-1.371455,0.000000,1.371455,-0.007722,-0.008573,0.030969,0.030969,0.038691,0.194312,0.202885,0.109716,0.020741,0.000310,0.193454,0.000857,4.463474,0.002071,4.465545,4.465545,4.465545,2.232773,2.232773,0,0,1,0,0.000000,0.080000,0.008000,0.001000,5.000000,0.100000,22.000000,0.025000,0.000000
11.339000,0.500000,0.640000,-7.257278,-0.000000,-7.257278,-1.373003,0.000000,1.373003,-0.007722,-0.008573,0.030969,0.030969,0.038691,0.194312,0.202885,0.109840,0.020741,0.000310,0.193454,0.000857,4.463474,0.000000,4.463474,4.463474,4.463474,2.231737,2.231737,0,0,1,0,0.000000,0.080000,0.008000,0.001000,5.000000,0.100000,22.000000,0.025000,0.000000
11.344000,0.500000,0.640000,-7.264295,-0.000000,-7.264295,-1.374554,0.000000,1.374554,-0.007808,-0.008568,0.030969,0.030969,0.038776,0.194739,0.203307,0.109964,0.020741,0.000310,0.193882,0.000857,4.472756,0.002109,4.474865,4.474865,4.474865,2.237433,2.237433,0,0,1,0,0.000000,0.080000,0.008000,0.001000,5.000000,0.100000,22.000000,0.025000,0.000000
11.353000,0.500000,0.640000,-7.278352,-0.000000,-7.278352,-1.377658,0.000000,1.377658,-0.007894,-0.008573,0.030969,0.030969,0.038862,0.195169,0.203742,0.110213,0.020741,0.000345,0.194312,0.000857,4.482329,0.001209,4.483538,4.483538,4.483538,2.241769,2.241769,0,0,1,0,0.000000,0.080000,0.008000,0.001000,5.000000,0.100000,22.000000,0.025000,0.000000
11.358000,0.500000,0.640000,-7.285393,-0.000000,-7.285393,-1.379211,0.000000,1.379211,-0.007894,-0.008573,0.030969,0.030969,0.038862,0.195169,0.203742,0.110337,0.020741,0.000311,0.194312,0.000857,4.482329,0.000000,4.482329,4.482329,4.482329,2.241165,2.241165,0,0,1,0,0.000000,0.080000,0.008000,0.001000,5.000000,0.100000,22.000000,0.025000,0.000000
11.363000,0.500000,0.640000,-7.292441,-0.000000,-7.292441,-1.380767,0.000000,1.380767,-0.007980,-0.008586,0.030969,0.030969,0.038949,0.195602,0.204188,0.110461,0.020741,0.000311,0.194743,0.000859,4.492145,0.002231,4.494376,4.494376,4.494376,2.247188,2.247188,0,0,1,0,0.000000,0.080000,0.008000,0.001000,5.000000,0.100000,22.000000,0.025000,0.000000
11.368000,0.500000,0.640000,-7.299498,-0.000000,-7.299498,-1.382321,0.000000,1.382321,-0.007980,-0.008586,0.030969,0.030969,0.038949,0.195602,0.204188,0.110586,0.020741,0.000311,0.194743,0.000859,4.492145,0.000000,4.492145,4.492145,4.492145,2.246073,2.246073,0,0,1,0,0.000000,0.080000,0.008000,0.001000,5.000000,0.100000,22.000000,0.025000,0.000000
11.373000,0.500000,0.640000,-7.306562,-0.000000,-7.306562,-1.383878,0.000000,1.383878,-0.008067,-0.008612,0.030969,0.030969,0.039036,0.196040,0.204652,0.110710,0.020741,0.000311,0.195179,0.000861,4.502336,0.002316,4.504652,4.504652,4.504652,2.252326,2.252326,0,0,1,0,0.000000,0.080000,0.008000,0.001000,5.000000,0.100000,22.000000,0.025000,0.000000
11.378000,0.500000,0.640000,-7.313634,-0.000000,-7.313634,-1.385434,0.000000,1.385434,-0.008067,-0.008612,0.030969,0.030969,0.039036,0.196040,0.204652,0.110835,0.020741,0.000311,0.195179,0.000861,4.502336,0.000000,4.502336,4.502336,4.502336,2.251168,2.251168,0,0,1,0,0.000000,0.080000,0.008000,0.001000,5.000000,0.100000,22.000000,0.025000,0.000000
11.383000,0.500000,0.640000,-7.320713,-0.000000,-7.320713,-1.386993,0.000000,1.386993,-0.008155,-0.008647,0.030969,0.030969,0.039124,0.196483,0.205129,0.110959,0.020741,0.000312,0.195618,0.000865,4.512841,0.002387,4.515228,4.515228,4.515228,2.257614,2.257614,0,0,1,0,0.000000,0.080000,0.008000,0.001000,5.000000,0.100000,22.000000,0.025000,0.000000
11.388000,0.500000,0.640000,-7.327801,-0.000000,-7.327801,-1.388551,0.000000,1.388551,-0.008155,-0.008647,0.030969,0.030969,0.039124,0.196483,0.205129,0.111084,0.020741,0.000312,0.195618,0.000865,4.512841,0.000000,4.512841,4.512841,4.512841,2.256421,2.256421,0,0,1,0,0.000000,0.080000,0.008000,0.001000,5.000000,0.100000,22.000000,0.025000,0.000000
11.393000,0.500000,0.640000,-7.334897,-0.000000,-7.334897,-1.390112,0.000000,1.390112,-0.008243,-0.008687,0.030969,0.030969,0.039212,0.196929,0.205616,0.111209,0.020741,0.000312,0.196061,0.000869,4.523557,0.002436,4.525993,4.525993,4.525993,2.262996,2.262996,0,0,1,0,0.000000,0.080000,0.008000,0.001000,5.000000,0.100000,22.000000,0.025000,0.000000
11.398000,0.500000,0.640000,-7.342000,-0.000000,-7.342000,-1.391672,0.000000,1.391672,-0.008243,-0.008687,0.030969,0.030969,0.039212,0.196929,0.205616,0.111334,0.020741,0.000312,0.196061,0.000869,4.523557,0.000000,4.523557,4.523557,4.523557,2.261779,2.261779,0,0,1,0,0.000000,0.080000,0.008000,0.001000,5.000000,0.100000,22.000000,0.025000,0.000000
11.407000,0.500000,0.640000,-7.356231,-0.000000,-7.356231,-1.394800,0.000000,1.394800,-0.008333,-0.008728,0.030969,0.030969,0.039301,0.197379,0.206107,0.111584,0.020741,0.000348,0.196506,0.000873,4.534362,0.001364,4.535727,4.535727,4.535727,2.267863,2.267863,0,0,1,0,0.000000,0.080000,0.008000,0.001000,5.000000,0.100000,22.000000,0.025000,0.000000
11.412000,0.500000,0.640000,-7.363358,-0.000000,-7.363358,-1.396361,0.000000,1.396361,-0.008423,-0.008808,0.030969,0.030969,0.039391,0.197838,0.206646,0.111709,0.020741,0.000312,0.196957,0.000881,4.546205,0.002692,4.548897,4.548897,4.548897,2.274448,2.274448,0,0,1,0,0.000000,0.080000,0.008000,0.001000,5.000000,0.100000,22.000000,0.025000,0.000000
11.417000,0.500000,0.640000,-7.370493,-0.000000,-7.370493,-1.397923,0.000000,1.397923,-0.008423,-0.008808,0.030969,0.030969,0.039391,0.197838,0.206646,0.111834,0.020741,0.000312,0.196957,0.000881,4.546205,0.000000,4.546205,4.546205,4.546205,2.273103,2.273103,0,0,1,0,0.000000,0.080000,0.008000,0.001000,5.000000,0.100000,22.000000,0.025000,0.000000
11.422000,0.500000,0.640000,-7.377636,-0.000000,-7.377636,-1.399491,0.000000,1.399491,-0.008514,-0.008864,0.030969,0.030969,0.039483,0.198301,0.207164,0.111959,0.020741,0.000314,0.197414,0.000886,4.557613,0.002593,4.560206,4.560206,4.560206,2.280103,2.280103,0,0,1,0,0.000000,0.080000,0.008000,0.001000,5.000000,0.100000,22.000000,0.025000,0.000000
11.427000,0.500000,0.640000,-7.384788,-0.000000,-7.384788,-1.401060,0.000000,1.401060,-0.008514,-0.008864,0.030969,0.030969,0.039483,0.198301,0.207164,0.112085,0.020741,0.000314,0.197414,0.000886,4.557613,0.000000,4.557613,4.557613,4.557613,2.278807,2.278807,0,0,1,0,0.000000,0.080000,0.008000,0.001000,5.000000,0.100000,22.000000,0.025000,0.000000
11.432000,0.500000,0.640000,-7.391947,-0.000000,-7.391947,-1.402634,0.000000,1.402634,-0.008605,-0.008896,0.030969,0.030969,0.039574,0.198759,0.207655,0.112211,0.020741,0.000315,0.197869,0.000890,4.568412,0.002454,4.570867,4.570867,4.570867,2.285433,2.285433,0,0,1,0,0.000000,0.080000,0.008000,0.001000,5.000000,0.100000,22.000000,0.025000,0.000000
11.437000,0.500000,0.640000,-7.399115,-0.000000,-7.399115,-1.404210,0.000000,1.404210,-0.008605,-0.008896,0.030969,0.030969,0.039574,0.198759,0.207655,0.112337,0.020741,0.000315,0.197869,0.000890,4.568412,0.000000,4.568412,4.568412,4.568412,2.284206,2.284206,0,0,1,0,0.000000,0.080000,0.008000,0.001000,5.000000,0.100000,22.000000,0.025000,0.000000
11.442000,0.500000,0.640000,-7.406290,-0.000000,-7.406290,-1.405792,0.000000,1.405792,-0.008695,-0.008907,0.030969,0.030969,0.039664,0.199211,0.208118,0.112463,0.020741,0.000316,0.198320,0.000891,4.578591,0.002313,4.580904,4.580904,4.580904,2.290452,2.290452,0,0,1,0,0.000000,0.080000,0.008000,0.001000,5.000000,0.100000,22.000000,0.025000,0.000000
11.447000,0.500000,0.640000,-7.413474,-0.000000,-7.413474,-1.407375,0.000000,1.407375,-0.008695,-0.008907,0.030969,0.030969,0.039664,0.199211,0.208118,0.112590,0.020741,0.000317,0.198320,0.000891,4.578591,0.000000,4.578591,4.578591,4.578591,2.289296,2.289296,0,0,1,0,0.000000,0.080000,0.008000,0.001000,5.000000,0.100000,22.000000,0.025000,0.000000
11.456000,0.500000,0.640000,-7.427867,-0.000000,-7.427867,-1.410553,0.000000,1.410553,-0.008785,-0.008900,0.030969,0.030969,0.039753,0.199656,0.208557,0.112844,0.020741,0.000353,0.198766,0.000890,4.588252,0.001220,4.589472,4.589472,4.589472,2.294736,2.294736,0,0,1,0,0.000000,0.080000,0.008000,0.001000,5.000000,0.100000,22.000000,0.025000,0.000000
11.461000,0.500000,0.640000,-7.435076,-0.000000,-7.435076,-1.412141,0.000000,1.412141,-0.008874,-0.008920,0.030969,0.030969,0.039842,0.200104,0.209024,0.112971,0.020741,0.000318,0.199212,0.000892,4.598538,0.002338,4.600876,4.600876,4.600876,2.300438,2.300438,0,0,1,0,0.000000,0.080000,0.008000,0.001000,5.000000,0.100000,22.000000,0.025000,0.000000
11.466000,0.500000,0.640000,-7.442292,-0.000000,-7.442292,-1.413730,0.000000,1.413730,-0.008874,-0.008920,0.030969,0.030969,0.039842,0.200104,0.209024,0.113098,0.020741,0.000318,0.199212,0.000892,4.598538,0.000000,4.598538,4.598538,4.598538,2.299269,2.299269,0,0,1,0,0.000000,0.080000,0.008000,0.001000,5.000000,0.100000,22.000000,0.025000,0.000000
11.471000,0.500000,0.640000,-7.449517,-0.000000,-7.449517,-1.415325,0.000000,1.415325,-0.008964,-0.008921,0.030969,0.030969,0.039932,0.200553,0.209475,0.113226,0.020741,0.000319,0.199661,0.000892,4.608443,0.002251,4.610694,4.610694,4.610694,2.305347,2.305347,0,0,1,0,0.000000,0.080000,0.008000,0.001000,5.000000,0.100000,22.000000,0.025000,0.000000
11.476000,0.500000,0.640000,-7.456750,-0.000000,-7.456750,-1.416921,0.000000,1.416921,-0.008964,-0.008921,0.030969,0.030969,0.039932,0.200553,0.209475,0.113354,0.020741,0.000319,0.199661,0.000892,4.608443,0.000000,4.608443,4.608443,4.608443,2.304222,2.304222,0,0,1,0,0.000000,0.080000,0.008000,0.001000,5.000000,0.100000,22.000000,0.025000,0.000000
11.481000,0.500000,0.640000,-7.463991,-0.000000,-7.463991,-1.418521,0.000000,1.418521,-0.009053,-0.008914,0.030969,0.030969,0.040021,0.200999,0.209913,0.113482,0.020741,0.000320,0.200107,0.000891,4.618082,0.002191,4.620272,4.620272,4.620272,2.310136,2.310136,0,0,1,0,0.000000,0.080000,0.008000,0.001000,5.000000,0.100000,22.000000,0.025000,0.000000
11.486000,0.500000,0.640000,-7.463991,-0.000000,-7.463991,-1.418521,0.000000,1.418521,-0.009053,-0.008914,0.030969,0.030969,0.040021,0.200999,0.209913,0.113482,0.020741,0.000000,0.200107,0.000891,4.618082,0.000000,4.618082,4.618082,4.618082,2.309041,2.309041,0,0,1,0,0.000000,0.080000,0.008000,0.001000,5.000000,0.100000,22.000000,0.025000,0.000000
11.491000,0.500000,0.640000,-7.471241,-0.000000,-7.471241,-1.420122,0.000000,1.420122,-0.009142,-0.008904,0.030969,0.030969,0.040110,0.201443,0.210347,0.113610,0.020741,0.000320,0.200552,0.000890,4.627629,0.002170,4.629799,4.629799,4.629799,2.314899,2.314899,0,0,1,0,0.000000,0.080000,0.008000,0.001000,5.000000,0.100000,22.000000,0.025000,0.000000
11.500000,0.500000,0.640000,-7.485764,-0.000000,-7.485764,-1.423331,0.000000,1.423331,-0.009231,-0.008898,0.030969,0.030969,0.040199,0.201886,0.210784,0.113866,0.020741,0.000357,0.200996,0.000890,4.637254,0.001215,4.638469,4.638469,4.638469,2.319235,2.319235,0,0,1,0,0.000000,0.080000,0.008000,0.001000,5.000000,0.100000,22.000000,0.025000,0.000000
11.505000,0.500000,0.640000,-7.493039,-0.000000,-7.493039,-1.424939,0.000000,1.424939,-0.009231,-0.008898,0.030969,0.030969,0.040199,0.201886,0.210784,0.113995,0.020741,0.000322,0.200996,0.000890,4.637254,0.000000,4.637254,4.637254,4.637254,2.318627,2.318627,0,0,1,0,0.000000,0.080000,0.008000,0.001000,5.000000,0.100000,22.000000,0.025000,0.000000
11.510000,0.500000,0.640000,-7.500321,-0.000000,-7.500321,-1.426548,0.000000,1.426548,-0.009319,-0.008896,0.030969,0.030969,0.040288,0.202330,0.211227,0.114124,0.020741,0.000322,0.201441,0.000890,4.646984,0.002211,4.649196,4.649196,4.649196,2.324598,2.324598,0,0,1,0,0.000000,0.080000,0.008000,0.001000,5.000000,0.100000,22.000000,0.025000,0.000000
11.515000,0.500000,0.640000,-7.507611,-0.000000,-7.507611,-1.428159,0.000000,1.428159,-0.009319,-0.008896,0.030969,0.030969,0.040288,0.202330,0.211227,0.114253,0.020741,0.000322,0.201441,0.000890,4.646984,0.000000,4.646984,4.646984,4.646984,2.323492,2.323492,0,0,1,0,0.000000,0.080000,0.008000,0.001000,5.000000,0.100000,22.000000,0.025000,0.000000
11.520000,0.500000,0.640000,-7.514910,-0.000000,-7.514910,-1.429769,0.000000,1.429769,-0.009319,-0.008896,0.030969,0.030969,0.040288,0.202330,0.211227,0.114382,0.020741,0.000322,0.201441,0.000890,4.646984,0.000000,4.646984,4.646984,4.646984,2.323492,2.323492,0,0,1,0,0.000000,0.080000,0.008000,0.001000,5.000000,0.100000,22.000000,0.025000,0.000000
11.525000,0.500000,0.640000,-7.522217,-0.000000,-7.522217,-1.431383,0.000000,1.431383,-0.009409,-0.008906,0.030969,0.030969,0.040378,0.202779,0.211684,0.114511,0.020741,0.000323,0.201888,0.000891,4.657053,0.002288,4.659342,4.659342,4.659342,2.329671,2.329671,0,0,1,0,0.000000,0.080000,0.008000,0.001000,5.000000,0.100000,22.000000,0.025000,0.000000
11.530000,0.500000,0.640000,-7.529532,-0.000000,-7.529532,-1.432995,0.000000,1.432995,-0.009409,-0.008906,0.030969,0.030969,0.040378,0.202779,0.211684,0.114640,0.020741,0.000322,0.201888,0.000891,4.657053,0.000000,4.657053,4.657053,4.657053,2.328527,2.328527,0,0,1,0,0.000000,0.080000,0.008000,0.001000,5.000000,0.100000,22.000000,0.025000,0.000000
11.535000,0.500000,0.640000,-7.536855,-0.000000,-7.536855,-1.434604,0.000000,1.434604,-0.009500,-0.008966,0.030969,0.030969,0.040468,0.203238,0.212204,0.114768,0.020741,0.000322,0.202341,0.000897,4.668486,0.002598,4.671084,4.671084,4.671084,2.335542,2.335542,0,0,1,0,0.000000,0.080000,0.008000,0.001000,5.000000,0.100000,22.000000,0.025000,0.000000
11.540000,0.500000,0.640000,-7.544185,-0.000000,-7.544185,-1.436213,0.000000,1.436213,-0.009500,-0.008966,0.030969,0.030969,0.040468,0.203238,0.212204,0.114897,0.020741,0.000322,0.202341,0.000897,4.668486,0.000000,4.668486,4.668486,4.668486,2.334243,2.334243,0,0,1,0,0.000000,0.080000,0.008000,0.001000,5.000000,0.100000,22.000000,0.025000,0.000000
11.545000,0.500000,0.640000,-7.551524,-0.000000,-7.551524,-1.437826,0.000000,1.437826,-0.009592,-0.009016,0.030969,0.030969,0.040561,0.203705,0.212722,0.115026,0.020741,0.000323,0.202804,0.000902,4.679874,0.002588,4.682462,4.682462,4.682462,2.341231,2.341231,0,0,1,0,0.000000,0.080000,0.008000,0.001000,5.000000,0.100000,22.000000,0.025000,0.000000
11.550000,0.500000,0.640000,-7.558872,-0.000000,-7.558872,-1.439439,0.000000,1.439439,-0.009592,-0.009016,0.030969,0.030969,0.040561,0.203705,0.212722,0.115155,0.020741,0.000323,0.202804,0.000902,4.679874,0.000000,4.679874,4.679874,4.679874,2.339937,2.339937,0,0,1,0,0.000000,0.080000,0.008000,0.001000,5.000000,0.100000,22.000000,0.025000,0.000000
11.559000,0.500000,0.640000,-7.573591,-0.000000,-7.573591,-1.442674,0.000000,1.442674,-0.009685,-0.009060,0.030969,0.030969,0.040653,0.204173,0.213233,0.115414,0.020741,0.000359,0.203267,0.000906,4.691135,0.001422,4.692557,4.692557,4.692557,2.346278,2.346278,0,0,1,0,0.000000,0.080000,0.008000,0.001000,5.000000,0.100000,22.000000,0.025000,0.000000
11.564000,0.500000,0.640000,-7.580963,-0.000000,-7.580963,-1.444289,0.000000,1.444289,-0.009778,-0.009137,0.030969,0.030969,0.040747,0.204648,0.213785,0.115543,0.020741,0.000323,0.203734,0.000914,4.703279,0.002760,4.706039,4.706039,4.706039,2.353020,2.353020,0,0,1,0,0.000000,0.080000,0.008000,0.001000,5.000000,0.100000,22.000000,0.025000,0.000000
11.569000,0.500000,0.640000,-7.588343,-0.000000,-7.588343,-1.445906,0.000000,1.445906,-0.009778,-0.009137,0.030969,0.030969,0.040747,0.204648,0.213785,0.115672,0.020741,0.000323,0.203734,0.000914,4.703279,0.000000,4.703279,4.703279,4.703279,2.351640,2.351640,0,0,1,0,0.000000,0.080000,0.008000,0.001000,5.000000,0.100000,22.000000,0.025000,0.000000
11.574000,0.500000,0.640000,-7.595731,-0.000000,-7.595731,-1.447529,0.000000,1.447529,-0.009873,-0.009185,0.030969,0.030969,0.040841,0.205125,0.214310,0.115802,0.020741,0.000325,0.204207,0.000918,4.714818,0.002623,4.717441,4.717441,4.717441,2.358720,2.358720,0,0,1,0,0.000000,0.080000,0.008000,0.001000,5.000000,0.100000,22.000000,0.025000,0.000000
11.579000,0.500000,0.640000,-7.603128,-0.000000,-7.603128,-1.449153,0.000000,1.449153,-0.009873,-0.009185,0.030969,0.030969,0.040841,0.205125,0.214310,0.115932,0.020741,0.000325,0.204207,0.000918,4.714818,0.000000,4.714818,4.714818,4.714818,2.357409,2.357409,0,0,1,0,0.000000,0.080000,0.008000,0.001000,5.000000,0.100000,22.000000,0.025000,0.000000
11.584000,0.500000,0.640000,-7.610533,-0.000000,-7.610533,-1.450784,0.000000,1.450784,-0.009966,-0.009206,0.030969,0.030969,0.040935,0.205596,0.214802,0.116063,0.020741,0.000326,0.204675,0.000921,4.725640,0.002459,4.728099,4.728099,4.728099,2.364050,2.364050,0,0,1,0,0.000000,0.080000,0.008000,0.001000,5.000000,0.100000,22.000000,0.025000,0.000000
11.593000,0.500000,0.640000,-7.625370,-0.000000,-7.625370,-1.454054,0.000000,1.454054,-0.010059,-0.009205,0.030969,0.030969,0.041028,0.206059,0.215264,0.116324,0.020741,0.000363,0.205139,0.000920,4.735807,0.001284,4.737090,4.737090,4.737090,2.368545,2.368545,0,0,1,0,0.000000,0.080000,0.008000,0.001000,5.000000,0.100000,22.000000,0.025000,0.000000
11.598000,0.500000,0.640000,-7.632801,-0.000000,-7.632801,-1.455695,0.000000,1.455695,-0.010059,-0.009205,0.030969,0.030969,0.041028,0.206059,0.215264,0.116456,0.020741,0.000328,0.205139,0.000920,4.735807,0.000000,4.735807,4.735807,4.735807,2.367903,2.367903,0,0,1,0,0.000000,0.080000,0.008000,0.001000,5.000000,0.100000,22.000000,0.025000,0.000000
11.603000,0.500000,0.640000,-7.640240,-0.000000,-7.640240,-1.457341,0.000000,1.457341,-0.010150,-0.009184,0.030969,0.030969,0.041119,0.206514,0.215698,0.116587,0.020741,0.000329,0.205596,0.000918,4.745360,0.002171,4.747531,4.747531,4.747531,2.373765,2.373765,0,0,1,0,0.000000,0.080000,0.008000,0.001000,5.000000,0.100000,22.000000,0.025000,0.000000
11.608000,0.500000,0.640000,-7.647688,-0.000000,-7.647688,-1.458988,0.000000,1.458988,-0.010150,-0.009184,0.030969,0.030969,0.041119,0.206514,0.215698,0.116719,0.020741,0.000329,0.205596,0.000918,4.745360,0.000000,4.745360,4.745360,4.745360,2.372680,2.372680,0,0,1,0,0.000000,0.080000,0.008000,0.001000,5.000000,0.100000,22.000000,0.025000,0.000000
11.613000,0.500000,0.640000,-7.655145,-0.000000,-7.655145,-1.460639,0.000000,1.460639,-0.010241,-0.009158,0.030969,0.030969,0.041210,0.206966,0.216124,0.116851,0.020741,0.000330,0.206050,0.000916,4.754718,0.002127,4.756844,4.756844,4.756844,2.378422,2.378422,0,0,1,0,0.000000,0.080000,0.008000,0.001000,5.000000,0.100000,22.000000,0.025000,0.000000
11.618000,0.500000,0.640000,-7.662610,-0.000000,-7.662610,-1.462290,0.000000,1.462290,-0.010241,-0.009158,0.030969,0.030969,0.041210,0.206966,0.216124,0.116983,0.020741,0.000330,0.206050,0.000916,4.754718,0.000000,4.754718,4.754718,4.754718,2.377359,2.377359,0,0,1,0,0.000000,0.080000,0.008000,0.001000,5.000000,0.100000,22.000000,0.025000,0.000000
11.623000,0.500000,0.640000,-7.670083,-0.000000,-7.670083,-1.463945,0.000000,1.463945,-0.010332,-0.009135,0.030969,0.030969,0.041301,0.207417,0.216552,0.117116,0.020741,0.000331,0.206503,0.000914,4.764145,0.002143,4.766288,4.766288,4.766288,2.383144,2.383144,0,0,1,0,0.000000,0.080000,0.008000,0.001000,5.000000,0.100000,22.000000,0.025000,0.000000
11.628000,0.500000,0.640000,-7.677565,-0.000000,-7.677565,-1.465599,0.000000,1.465599,-0.010332,-0.009135,0.030969,0.030969,0.041301,0.207417,0.216552,0.117248,0.020741,0.000331,0.206503,0.000914,4.764145,0.000000,4.764145,4.764145,4.764145,2.382073,2.382073,0,0,1,0,0.000000,0.080000,0.008000,0.001000,5.000000,0.100000,22.000000,0.025000,0.000000
11.633000,0.500000,0.640000,-7.685055,-0.000000,-7.685055,-1.467256,0.000000,1.467256,-0.010423,-0.009124,0.030969,0.030969,0.041391,0.207870,0.216994,0.117380,0.020741,0.000331,0.206957,0.000912,4.773870,0.002210,4.776080,4.776080,4.776080,2.388040,2.388040,0,0,1,0,0.000000,0.080000,0.008000,0.001000,5.000000,0.100000,22.000000,0.025000,0.000000
11.642000,0.500000,0.640000,-7.700061,-0.000000,-7.700061,-1.470571,0.000000,1.470571,-0.010514,-0.009129,0.030969,0.030969,0.041483,0.208327,0.217456,0.117646,0.020741,0.000368,0.207414,0.000913,4.784038,0.001284,4.785322,4.785322,4.785322,2.392661,2.392661,0,0,1,0,0.000000,0.080000,0.008000,0.001000,5.000000,0.100000,22.000000,0.025000,0.000000
11.647000,0.500000,0.640000,-7.707577,-0.000000,-7.707577,-1.472229,0.000000,1.472229,-0.010514,-0.009129,0.030969,0.030969,0.041483,0.208327,0.217456,0.117778,0.020741,0.000332,0.207414,0.000913,4.784038,0.000000,4.784038,4.784038,4.784038,2.392019,2.392019,0,0,1,0,0.000000,0.080000,0.008000,0.001000,5.000000,0.100000,22.000000,0.025000,0.000000
11.652000,0.500000,0.640000,-7.715100,-0.000000,-7.715100,-1.473890,0.000000,1.473890,-0.010606,-0.009147,0.030969,0.030969,0.041575,0.208789,0.217936,0.117911,0.020741,0.000332,0.207874,0.000915,4.794594,0.002399,4.796993,4.796993,4.796993,2.398497,2.398497,0,0,1,0,0.000000,0.080000,0.008000,0.001000,5.000000,0.100000,22.000000,0.025000,0.000000
11.657000,0.500000,0.640000,-7.722632,-0.000000,-7.722632,-1.475548,0.000000,1.475548,-0.010606,-0.009147,0.030969,0.030969,0.041575,0.208789,0.217936,0.118044,0.020741,0.000332,0.207874,0.000915,4.794594,0.000000,4.794594,4.794594,4.794594,2.397297,2.397297,0,0,1,0,0.000000,0.080000,0.008000,0.001000,5.000000,0.100000,22.000000,0.025000,0.000000
11.662000,0.500000,0.640000,-7.730173,-0.000000,-7.730173,-1.477210,0.000000,1.477210,-0.010699,-0.009181,0.030969,0.030969,0.041668,0.209257,0.218438,0.118177,0.020741,0.000332,0.208339,0.000918,4.805645,0.002512,4.808157,4.808157,4.808157,2.404079,2.404079,0,0,1,0,0.000000,0.080000,0.008000,0.001000,5.000000,0.100000,22.000000,0.025000,0.000000
11.667000,0.500000,0.640000,-7.737722,-0.000000,-7.737722,-1.478870,0.000000,1.478870,-0.010699,-0.009181,0.030969,0.030969,0.041668,0.209257,0.218438,0.118310,0.020741,0.000332,0.208339,0.000918,4.805645,0.000000,4.805645,4.805645,4.805645,2.402823,2.402823,0,0,1,0,0.000000,0.080000,0.008000,0.001000,5.000000,0.100000,22.000000,0.025000,0.000000
11.672000,0.500000,0.640000,-7.745279,-0.000000,-7.745279,-1.480533,0.000000,1.480533,-0.010793,-0.009226,0.030969,0.030969,0.041762,0.209732,0.218958,0.118443,0.020741,0.000333,0.208810,0.000923,4.817083,0.002599,4.819683,4.819683,4.819683,2.409841,2.409841,0,0,1,0,0.000000,0.080000,0.008000,0.001000,5.000000,0.100000,22.000000,0.025000,0.000000
11.677000,0.500000,0.640000,-7.752845,-0.000000,-7.752845,-1.482195,0.000000,1.482195,-0.010793,-0.009226,0.030969,0.030969,0.041762,0.209732,0.218958,0.118576,0.020741,0.000332,0.208810,0.000923,4.817083,0.000000,4.817083,4.817083,4.817083,2.408542,2.408542,0,0,1,0,0.000000,0.080000,0.008000,0.001000,5.000000,0.100000,22.000000,0.025000,0.000000
11.682000,0.500000,0.640000,-7.760419,-0.000000,-7.760419,-1.483860,0.000000,1.483860,-0.010888,-0.009277,0.030969,0.030969,0.041857,0.210212,0.219489,0.118709,0.020741,0.000333,0.209284,0.000928,4.828751,0.002652,4.831403,4.831403,4.831403,2.415702,2.415702,0,0,1,0,0.000000,0.080000,0.008000,0.001000,5.000000,0.100000,22.000000,0.025000,0.000000
11.691000,0.500000,0.640000,-7.775592,-0.000000,-7.775592,-1.487193,0.000000,1.487193,-0.010984,-0.009327,0.030969,0.030969,0.041952,0.210694,0.220022,0.118975,0.020741,0.000370,0.209762,0.000933,4.840477,0.001480,4.841957,4.841957,4.841957,2.420979,2.420979,0,0,1,0,0.000000,0.080000,0.008000,0.001000,5.000000,0.100000,22.000000,0.025000,0.000000
11.696000,0.500000,0.640000,-7.783192,-0.000000,-7.783192,-1.488863,0.000000,1.488863,-0.010984,-0.009327,0.030969,0.030969,0.041952,0.210694,0.220022,0.119109,0.020741,0.000334,0.209762,0.000933,4.840477,0.000000,4.840477,4.840477,4.840477,2.420238,2.420238,0,0,1,0,0.000000,0.080000,0.008000,0.001000,5.000000,0.100000,22.000000,0.025000,0.000000
11.701000,0.500000,0.640000,-7.790800,-0.000000,-7.790800,-1.490537,0.000000,1.490537,-0.011079,-0.009368,0.030969,0.030969,0.042048,0.211176,0.220544,0.119243,0.020741,0.000335,0.210239,0.000937,4.851967,0.002611,4.854578,4.854578,4.854578,2.427289,2.427289,0,0,1,0,0.000000,0.080000,0.008000,0.001000,5.000000,0.100000,22.000000,0.025000,0.000000
11.706000,0.500000,0.640000,-7.798417,-0.000000,-7.798417,-1.492211,0.000000,1.492211,-0.011079,-0.009368,0.030969,0.030969,0.042048,0.211176,0.220544,0.119377,0.020741,0.000335,0.210239,0.000937,4.851967,0.000000,4.851967,4.851967,4.851967,2.425984,2.425984,0,0,1,0,0.000000,0.080000,0.008000,0.001000,5.000000,0.100000,22.000000,0.025000,0.000000
11.711000,0.500000,0.640000,-7.806042,-0.000000,-7.806042,-1.493889,0.000000,1.493889,-0.011175,-0.009401,0.030969,0.030969,0.042144,0.211658,0.221059,0.119511,0.020741,0.000336,0.210718,0.000940,4.863290,0.002573,4.865863,4.865863,4.865863,2.432932,2.432932,0,0,1,0,0.000000,0.080000,0.008000,0.001000,5.000000,0.100000,22.000000,0.025000,0.000000
11.716000,0.500000,0.640000,-7.813676,-0.000000,-7.813676,-1.495568,0.000000,1.495568,-0.011175,-0.009401,0.030969,0.030969,0.042144,0.211658,0.221059,0.119645,0.020741,0.000336,0.210718,0.000940,4.863290,0.000000,4.863290,4.863290,4.863290,2.431645,2.431645,0,0,1,0,0.000000,0.080000,0.008000,0.001000,5.000000,0.100000,22.000000,0.025000,0.000000
11.721000,0.500000,0.640000,-7.821319,-0.000000,-7.821319,-1.497252,0.000000,1.497252,-0.011270,-0.009425,0.030969,0.030969,0.042239,0.212138,0.221563,0.119780,0.020741,0.000337,0.211196,0.000943,4.874395,0.002524,4.876918,4.876918,4.876918,2.438459,2.438459,0,0,1,0,0.000000,0.080000,0.008000,0.001000,5.000000,0.100000,22.000000,0.025000,0.000000
11.726000,0.500000,0.640000,-7.828970,-0.000000,-7.828970,-1.498935,0.000000,1.498935,-0.011270,-0.009425,0.030969,0.030969,0.042239,0.212138,0.221563,0.119915,0.020741,0.000337,0.211196,0.000943,4.874395,0.000000,4.874395,4.874395,4.874395,2.437197,2.437197,0,0,1,0,0.000000,0.080000,0.008000,0.001000,5.000000,0.100000,22.000000,0.025000,0.000000
11.731000,0.500000,0.640000,-7.828970,-0.000000,-7.828970,-1.498935,0.000000,1.498935,-0.011366,-0.009441,0.030969,0.030969,0.042335,0.212617,0.222058,0.119915,0.020741,0.000000,0.211673,0.000944,4.885286,0.002475,4.887762,4.887762,4.887762,2.443881,2.443881,0,0,1,0,0.000000,0.080000,0.008000,0.001000,5.000000,0.100000,22.000000,0.025000,0.000000
11.740000,0.500000,0.640000,-7.844299,-0.000000,-7.844299,-1.502313,0.000000,1.502313,-0.011461,-0.009451,0.030969,0.030969,0.042430,0.213095,0.222546,0.120185,0.020741,0.000375,0.212149,0.000945,4.896012,0.001354,4.897366,4.897366,4.897366,2.448683,2.448683,0,0,1,0,0.000000,0.080000,0.008000,0.001000,5.000000,0.100000,22.000000,0.025000,0.000000
11.745000,0.500000,0.640000,-7.851976,-0.000000,-7.851976,-1.504007,0.000000,1.504007,-0.011461,-0.009451,0.030969,0.030969,0.042430,0.213095,0.222546,0.120321,0.020741,0.000339,0.212149,0.000945,4.896012,0.000000,4.896012,4.896012,4.896012,2.448006,2.448006,0,0,1,0,0.000000,0.080000,0.008000,0.001000,5.000000,0.100000,22.000000,0.025000,0.000000
11.750000,0.500000,0.640000,-7.859662,-0.000000,-7.859662,-1.505702,0.000000,1.505702,-0.011556,-0.009453,0.030969,0.030969,0.042525,0.213569,0.223022,0.120456,0.020741,0.000339,0.212624,0.000945,4.906485,0.002380,4.908866,4.908866,4.908866,2.454433,2.454433,0,0,1,0,0.000000,0.080000,0.008000,0.001000,5.000000,0.100000,22.000000,0.025000,0.000000
11.755000,0.500000,0.640000,-7.867357,-0.000000,-7.867357,-1.507401,0.000000,1.507401,-0.011556,-0.009454,0.030969,0.030969,0.042525,0.213569,0.223024,0.120592,0.020741,0.000340,0.212624,0.000945,4.906518,0.000007,4.906525,4.906525,4.906525,2.453263,2.453263,0,0,1,0,0.000000,0.080000,0.008000,0.001000,5.000000,0.100000,22.000000,0.025000,0.000000
11.760000,0.500000,0.640000,-7.875061,-0.000000,-7.875061,-1.509100,0.000000,1.509100,-0.011556,-0.009454,0.030969,0.030969,0.042525,0.213569,0.223024,0.120728,0.020741,0.000340,0.212624,0.000945,4.906518,0.000000,4.906518,4.906518,4.906518,2.453259,2.453259,0,0,1,0,0.000000,0.080000,0.008000,0.001000,5.000000,0.100000,22.000000,0.025000,0.000000
11.765000,0.500000,0.640000,-7.882773,-0.000000,-7.882773,-1.510803,0.000000,1.510803,-0.011651,-0.009459,0.030969,0.030969,0.042620,0.214044,0.223503,0.120864,0.020741,0.000341,0.213099,0.000946,4.917066,0.002397,4.919464,4.919464,4.919464,2.459732,2.459732,0,0,1,0,0.000000,0.080000,0.008000,0.001000,5.000000,0.100000,22.000000,0.025000,0.000000
11.770000,0.500000,0.640000,-7.890494,-0.000000,-7.890494,-1.512505,0.000000,1.512505,-0.011651,-0.009459,0.030969,0.030969,0.042620,0.214044,0.223503,0.121000,0.020741,0.000341,0.213099,0.000946,4.917066,0.000000,4.917066,4.917066,4.917066,2.458533,2.458533,0,0,1,0,0.000000,0.080000,0.008000,0.001000,5.000000,0.100000,22.000000,0.025000,0.000000
11.775000,0.500000,0.640000,-7.898223,-0.000000,-7.898223,-1.514205,0.000000,1.514205,-0.011747,-0.009507,0.030969,0.030969,0.042716,0.214528,0.224036,0.121136,0.020741,0.000340,0.213578,0.000951,4.928782,0.002663,4.931445,4.931445,4.931445,2.465723,2.465723,0,0,1,0,0.000000,0.080000,0.008000,0.001000,5.000000,0.100000,22.000000,0.025000,0.000000
11.784000,0.500000,0.640000,-7.913707,-0.000000,-7.913707,-1.517609,0.000000,1.517609,-0.011844,-0.009548,0.030969,0.030969,0.042813,0.215020,0.224568,0.121409,0.020741,0.000378,0.214065,0.000955,4.940497,0.001479,4.941977,4.941977,4.941977,2.470988,2.470988,0,0,1,0,0.000000,0.080000,0.008000,0.001000,5.000000,0.100000,22.000000,0.025000,0.000000
11.789000,0.500000,0.640000,-7.921462,-0.000000,-7.921462,-1.519315,0.000000,1.519315,-0.011844,-0.009548,0.030969,0.030969,0.042813,0.215020,0.224568,0.121545,0.020741,0.000341,0.214065,0.000955,4.940497,0.000000,4.940497,4.940497,4.940497,2.470249,2.470249,0,0,1,0,0.000000,0.080000,0.008000,0.001000,5.000000,0.100000,22.000000,0.025000,0.000000
11.794000,0.500000,0.640000,-7.929226,-0.000000,-7.929226,-1.521025,0.000000,1.521025,-0.011941,-0.009575,0.030969,0.030969,0.042910,0.215508,0.225083,0.121682,0.020741,0.000342,0.214551,0.000958,4.951835,0.002577,4.954412,4.954412,4.954412,2.477206,2.477206,0,0,1,0,0.000000,0.080000,0.008000,0.001000,5.000000,0.100000,22.000000,0.025000,0.000000
11.799000,0.500000,0.640000,-7.936999,-0.000000,-7.936999,-1.522735,0.000000,1.522735,-0.011941,-0.009575,0.030969,0.030969,0.042910,0.215508,0.225083,0.121819,0.020741,0.000342,0.214551,0.000958,4.951835,0.000000,4.951835,4.951835,4.951835,2.475918,2.475918,0,0,1,0,0.000000,0.080000,0.008000,0.001000,5.000000,0.100000,22.000000,0.025000,0.000000
11.804000,0.500000,0.640000,-7.944781,-0.000000,-7.944781,-1.524451,0.000000,1.524451,-0.012038,-0.009593,0.030969,0.030969,0.043007,0.215995,0.225589,0.121956,0.020741,0.000343,0.215036,0.000959,4.962951,0.002526,4.965477,4.965477,4.965477,2.482738,2.482738,0,0,1,0,0.000000,0.080000,0.008000,0.001000,5.000000,0.100000,22.000000,0.025000,0.000000
11.813000,0.500000,0.640000,-7.960370,-0.000000,-7.960370,-1.527887,0.000000,1.527887,-0.012135,-0.009604,0.030969,0.030969,0.043104,0.216481,0.226085,0.122231,0.020741,0.000382,0.215520,0.000960,4.973879,0.001380,4.975259,4.975259,4.975259,2.487629,2.487629,0,0,1,0,0.000000,0.080000,0.008000,0.001000,5.000000,0.100000,22.000000,0.025000,0.000000
11.818000,0.500000,0.640000,-7.968178,-0.000000,-7.968178,-1.529609,0.000000,1.529609,-0.012135,-0.009604,0.030969,0.030969,0.043104,0.216481,0.226085,0.122369,0.020741,0.000344,0.215520,0.000960,4.973879,0.000000,4.973879,4.973879,4.973879,2.486939,2.486939,0,0,1,0,0.000000,0.080000,0.008000,0.001000,5.000000,0.100000,22.000000,0.025000,0.000000
11.823000,0.500000,0.640000,-7.975996,-0.000000,-7.975996,-1.531335,0.000000,1.531335,-0.012232,-0.009608,0.030969,0.030969,0.043201,0.216963,0.226571,0.122507,0.020741,0.000345,0.216003,0.000961,4.984562,0.002428,4.986990,4.986990,4.986990,2.493495,2.493495,0,0,1,0,0.000000,0.080000,0.008000,0.001000,5.000000,0.100000,22.000000,0.025000,0.000000
11.828000,0.500000,0.640000,-7.983821,-0.000000,-7.983821,-1.533061,0.000000,1.533061,-0.012232,-0.009608,0.030969,0.030969,0.043201,0.216963,0.226571,0.122645,0.020741,0.000345,0.216003,0.000961,4.984562,0.000000,4.984562,4.984562,4.984562,2.492281,2.492281,0,0,1,0,0.000000,0.080000,0.008000,0.001000,5.000000,0.100000,22.000000,0.025000,0.000000
11.833000,0.500000,0.640000,-7.991656,-0.000000,-7.991656,-1.534791,0.000000,1.534791,-0.012328,-0.009611,0.030969,0.030969,0.043297,0.217446,0.227057,0.122783,0.020741,0.000346,0.216485,0.000961,4.995264,0.002432,4.997696,4.997696,4.997696,2.498848,2.498848,0,0,1,0,0.000000,0.080000,0.008000,0.001000,5.000000,0.100000,22.000000,0.025000,0.000000
11.838000,0.500000,0.640000,-7.999500,-0.000000,-7.999500,-1.536521,0.000000,1.536521,-0.012328,-0.009611,0.030969,0.030969,0.043297,0.217446,0.227057,0.122922,0.020741,0.000346,0.216485,0.000961,4.995264,0.000000,4.995264,4.995264,4.995264,2.497632,2.497632,0,0,1,0,0.000000,0.080000,0.008000,0.001000,5.000000,0.100000,22.000000,0.025000,0.000000
11.843000,0.500000,0.640000,-8.007352,-0.000000,-8.007352,-1.538255,0.000000,1.538255,-0.012425,-0.009619,0.030969,0.030969,0.043394,0.217930,0.227549,0.123060,0.020741,0.000347,0.216968,0.000962,5.006078,0.002458,5.008535,5.008535,5.008535,2.504268,2.504268,0,0,1,0,0.000000,0.080000,0.008000,0.001000,5.000000,0.100000,22.000000,0.025000,0.000000
11.848000,0.500000,0.640000,-8.015213,-0.000000,-8.015213,-1.539988,0.000000,1.539988,-0.012425,-0.009619,0.030969,0.030969,0.043394,0.217930,0.227549,0.123199,0.020741,0.000347,0.216968,0.000962,5.006078,0.000000,5.006078,5.006078,5.006078,2.503039,2.503039,0,0,1,0,0.000000,0.080000,0.008000,0.001000,5.000000,0.100000,22.000000,0.025000,0.000000
11.853000,0.500000,0.640000,-8.023083,-0.000000,-8.023083,-1.541724,0.000000,1.541724,-0.012522,-0.009632,0.030969,0.030969,0.043491,0.218416,0.228049,0.123338,0.020741,0.000347,0.217453,0.000963,5.017072,0.002499,5.019571,5.019571,5.019571,2.509786,2.509786,0,0,1,0,0.000000,0.080000,0.008000,0.001000,5.000000,0.100000,22.000000,0.025000,0.000000
11.862000,0.500000,0.640000,-8.038850,-0.000000,-8.038850,-1.545200,0.000000,1.545200,-0.012619,-0.009653,0.030969,0.030969,0.043588,0.218906,0.228558,0.123616,0.020741,0.000386,0.217940,0.000965,5.028280,0.001415,5.029695,5.029695,5.029695,2.514848,2.514848,0,0,1,0,0.000000,0.080000,0.008000,0.001000,5.000000,0.100000,22.000000,0.025000,0.000000
11.867000,0.500000,0.640000,-8.046746,-0.000000,-8.046746,-1.546940,0.000000,1.546940,-0.012619,-0.009653,0.030969,0.030969,0.043588,0.218906,0.228558,0.123755,0.020741,0.000348,0.217940,0.000965,5.028280,0.000000,5.028280,5.028280,5.028280,2.514140,2.514140,0,0,1,0,0.000000,0.080000,0.008000,0.001000,5.000000,0.100000,22.000000,0.025000,0.000000
11.872000,0.500000,0.640000,-8.054652,-0.000000,-8.054652,-1.548683,0.000000,1.548683,-0.012717,-0.009675,0.030969,0.030969,0.043686,0.219396,0.229071,0.123895,0.020741,0.000349,0.218429,0.000968,5.039568,0.002565,5.042134,5.042134,5.042134,2.521067,2.521067,0,0,1,0,0.000000,0.080000,0.008000,0.001000,5.000000,0.100000,22.000000,0.025000,0.000000
11.877000,0.500000,0.640000,-8.062566,-0.000000,-8.062566,-1.550426,0.000000,1.550426,-0.012717,-0.009675,0.030969,0.030969,0.043686,0.219396,0.229071,0.124034,0.020741,0.000348,0.218429,0.000968,5.039568,0.000000,5.039568,5.039568,5.039568,2.519784,2.519784,0,0,1,0,0.000000,0.080000,0.008000,0.001000,5.000000,0.100000,22.000000,0.025000,0.000000
11.882000,0.500000,0.640000,-8.070489,-0.000000,-8.070489,-1.552172,0.000000,1.552172,-0.012815,-0.009704,0.030969,0.030969,0.043784,0.219890,0.229594,0.124174,0.020741,0.000349,0.218920,0.000970,5.051068,0.002614,5.053682,5.053682,5.053682,2.526841,2.526841,0,0,1,0,0.000000,0.080000,0.008000,0.001000,5.000000,0.100000,22.000000,0.025000,0.000000
11.887000,0.500000,0.640000,-8.078421,-0.000000,-8.078421,-1.553917,0.000000,1.553917,-0.012815,-0.009704,0.030969,0.030969,0.043784,0.219890,0.229594,0.124313,0.020741,0.000349,0.218920,0.000970,5.051068,0.000000,5.051068,5.051068,5.051068,2.525534,2.525534,0,0,1,0,0.000000,0.080000,0.008000,0.001000,5.000000,0.100000,22.000000,0.025000,0.000000
11.892000,0.500000,0.640000,-8.086362,-0.000000,-8.086362,-1.555666,0.000000,1.555666,-0.012914,-0.009736,0.030969,0.030969,0.043883,0.220388,0.230124,0.124453,0.020741,0.000350,0.219414,0.000974,5.062726,0.002650,5.065376,5.065376,5.065376,2.532688,2.532688,0,0,1,0,0.000000,0.080000,0.008000,0.001000,5.000000,0.100000,22.000000,0.025000,0.000000
11.897000,0.500000,0.640000,-8.094312,-0.000000,-8.094312,-1.557415,0.000000,1.557415,-0.012914,-0.009736,0.030969,0.030969,0.043883,0.220388,0.230124,0.124593,0.020741,0.000350,0.219414,0.000974,5.062726,0.000000,5.062726,5.062726,5.062726,2.531363,2.531363,0,0,1,0,0.000000,0.080000,0.008000,0.001000,5.000000,0.100000,22.000000,0.025000,0.000000
11.906000,0.500000,0.640000,-8.110238,-0.000000,-8.110238,-1.560920,0.000000,1.560920,-0.013013,-0.009771,0.030969,0.030969,0.043982,0.220887,0.230658,0.124874,0.020741,0.000389,0.219910,0.000977,5.074476,0.001484,5.075960,5.075960,5.075960,2.537980,2.537980,0,0,1,0,0.000000,0.080000,0.008000,0.001000,5.000000,0.100000,22.000000,0.025000,0.000000
11.911000,0.500000,0.640000,-8.118214,-0.000000,-8.118214,-1.562669,0.000000,1.562669,-0.013114,-0.009849,0.030969,0.030969,0.044082,0.221397,0.231246,0.125014,0.020741,0.000350,0.220412,0.000985,5.087410,0.002939,5.090349,5.090349,5.090349,2.545175,2.545175,0,0,1,0,0.000000,0.080000,0.008000,0.001000,5.000000,0.100000,22.000000,0.025000,0.000000
11.916000,0.500000,0.640000,-8.126199,-0.000000,-8.126199,-1.564419,0.000000,1.564419,-0.013114,-0.009849,0.030969,0.030969,0.044082,0.221397,0.231246,0.125154,0.020741,0.000350,0.220412,0.000985,5.087410,0.000000,5.087410,5.087410,5.087410,2.543705,2.543705,0,0,1,0,0.000000,0.080000,0.008000,0.001000,5.000000,0.100000,22.000000,0.025000,0.000000
11.921000,0.500000,0.640000,-8.134193,-0.000000,-8.134193,-1.566175,0.000000,1.566175,-0.013216,-0.009905,0.030969,0.030969,0.044184,0.221912,0.231817,0.125294,0.020741,0.000351,0.220921,0.000990,5.099968,0.002854,5.102822,5.102822,5.102822,2.551411,2.551411,0,0,1,0,0.000000,0.080000,0.008000,0.001000,5.000000,0.100000,22.000000,0.025000,0.000000
11.926000,0.500000,0.640000,-8.142196,-0.000000,-8.142196,-1.567932,0.000000,1.567932,-0.013216,-0.009905,0.030969,0.030969,0.044184,0.221912,0.231817,0.125435,0.020741,0.000351,0.220921,0.000990,5.099968,0.000000,5.099968,5.099968,5.099968,2.549984,2.549984,0,0,1,0,0.000000,0.080000,0.008000,0.001000,5.000000,0.100000,22.000000,0.025000,0.000000
11.931000,0.500000,0.640000,-8.150208,-0.000000,-8.150208,-1.569695,0.000000,1.569695,-0.013317,-0.009940,0.030969,0.030969,0.044286,0.222423,0.232363,0.125576,0.020741,0.000353,0.221429,0.000994,5.111981,0.002730,5.114711,5.114711,5.114711,2.557355,2.557355,0,0,1,0,0.000000,0.080000,0.008000,0.001000,5.000000,0.100000,22.000000,0.025000,0.000000
11.940000,0.500000,0.640000,-8.166260,-0.000000,-8.166260,-1.573229,0.000000,1.573229,-0.013418,-0.009955,0.030969,0.030969,0.044387,0.222928,0.232883,0.125858,0.020741,0.000393,0.221933,0.000996,5.123432,0.001446,5.124878,5.124878,5.124878,2.562439,2.562439,0,0,1,0,0.000000,0.080000,0.008000,0.001000,5.000000,0.100000,22.000000,0.025000,0.000000
11.945000,0.500000,0.640000,-8.174300,-0.000000,-8.174300,-1.575002,0.000000,1.575002,-0.013418,-0.009955,0.030969,0.030969,0.044387,0.222928,0.232883,0.126000,0.020741,0.000355,0.221933,0.000996,5.123432,0.000000,5.123432,5.123432,5.123432,2.561716,2.561716,0,0,1,0,0.000000,0.080000,0.008000,0.001000,5.000000,0.100000,22.000000,0.025000,0.000000
11.950000,0.500000,0.640000,-8.182349,-0.000000,-8.182349,-1.576780,0.000000,1.576780,-0.013518,-0.009949,0.030969,0.030969,0.044486,0.223427,0.233376,0.126142,0.020741,0.000356,0.222432,0.000995,5.134264,0.002462,5.136726,5.136726,5.136726,2.568363,2.568363,0,0,1,0,0.000000,0.080000,0.008000,0.001000,5.000000,0.100000,22.000000,0.025000,0.000000
11.955000,0.500000,0.640000,-8.182349,-0.000000,-8.182349,-1.576780,0.000000,1.576780,-0.013518,-0.009949,0.030969,0.030969,0.044486,0.223427,0.233376,0.126142,0.020741,0.000000,0.222432,0.000995,5.134264,0.000000,5.134264,5.134264,5.134264,2.567132,2.567132,0,0,1,0,0.000000,0.080000,0.008000,0.001000,5.000000,0.100000,22.000000,0.025000,0.000000
11.960000,0.500000,0.640000,-8.190407,-0.000000,-8.190407,-1.578559,0.000000,1.578559,-0.013518,-0.009949,0.030969,0.030969,0.044486,0.223427,0.233376,0.126285,0.020741,0.000356,0.222432,0.000995,5.134264,0.000000,5.134264,5.134264,5.134264,2.567132,2.567132,0,0,1,0,0.000000,0.080000,0.008000,0.001000,5.000000,0.100000,22.000000,0.025000,0.000000
11.965000,0.500000,0.640000,-8.198475,-0.000000,-8.198475,-1.580343,0.000000,1.580343,-0.013617,-0.009935,0.030969,0.030969,0.044586,0.223921,0.233856,0.126427,0.020741,0.000357,0.222928,0.000994,5.144836,0.002403,5.147239,5.147239,5.147239,2.573620,2.573620,0,0,1,0,0.000000,0.080000,0.008000,0.001000,5.000000,0.100000,22.000000,0.025000,0.000000
11.970000,0.500000,0.640000,-8.206551,-0.000000,-8.206551,-1.582127,0.000000,1.582127,-0.013617,-0.009935,0.030969,0.030969,0.044586,0.223921,0.233856,0.126570,0.020741,0.000357,0.222928,0.000994,5.144836,0.000000,5.144836,5.144836,5.144836,2.572418,2.572418,0,0,1,0,0.000000,0.080000,0.008000,0.001000,5.000000,0.100000,22.000000,0.025000,0.000000
11.975000,0.500000,0.640000,-8.214637,-0.000000,-8.214637,-1.583916,0.000000,1.583916,-0.013716,-0.009921,0.030969,0.030969,0.044684,0.224414,0.234335,0.126713,0.020741,0.000358,0.223422,0.000992,5.155362,0.002392,5.157754,5.157754,5.157754,2.578877,2.578877,0,0,1,0,0.000000,0.080000,0.008000,0.001000,5.000000,0.100000,22.000000,0.025000,0.000000
11.980000,0.500000,0.640000,-8.222732,-0.000000,-8.222732,-1.585704,0.000000,1.585704,-0.013716,-0.009921,0.030969,0.030969,0.044684,0.224414,0.234335,0.126856,0.020741,0.000358,0.223422,0.000992,5.155362,0.000000,5.155362,5.155362,5.155362,2.577681,2.577681,0,0,1,0,0.000000,0.080000,0.008000,0.001000,5.000000,0.100000,22.000000,0.025000,0.000000
11.989000,0.500000,0.640000,-8.238949,-0.000000,-8.238949,-1.589287,0.000000,1.589287,-0.013815,-0.009912,0.030969,0.030969,0.044783,0.224908,0.234820,0.127143,0.020741,0.000398,0.223917,0.000991,5.166043,0.001349,5.167392,5.167392,5.167392,2.583696,2.583696,0,0,1,0,0.000000,0.080000,0.008000,0.001000,5.000000,0.100000,22.000000,0.025000,0.000000
11.994000,0.500000,0.640000,-8.247071,-0.000000,-8.247071,-1.591075,0.000000,1.591075,-0.013915,-0.009956,0.030969,0.030969,0.044883,0.225412,0.235368,0.127286,0.020741,0.000358,0.224416,0.000996,5.178089,0.002738,5.180826,5.180826,5.180826,2.590413,2.590413,0,0,1,0,0.000000,0.080000,0.008000,0.001000,5.000000,0.100000,22.000000,0.025000,0.000000
11.999000,0.500000,0.640000,-8.255201,-0.000000,-8.255201,-1.592863,0.000000,1.592863,-0.013915,-0.009956,0.030969,0.030969,0.044883,0.225412,0.235368,0.127429,0.020741,0.000358,0.224416,0.000996,5.178089,0.000000,5.178089,5.178089,5.178089,2.589044,2.589044,0,0,1,0,0.000000,0.080000,0.008000,0.001000,5.000000,0.100000,22.000000,0.025000,0.000000
12.004000,0.500000,0.640000,-8.263341,-0.000000,-8.263341,-1.594656,0.000000,1.594656,-0.014016,-0.009995,0.030969,0.030969,0.044985,0.225924,0.235919,0.127572,0.020741,0.000358,0.224925,0.000999,5.190218,0.002757,5.192975,5.192975,5.192975,2.596487,2.596487,0,0,1,0,0.000000,0.080000,0.008000,0.001000,5.000000,0.100000,22.000000,0.025000,0.000000
12.009000,0.500000,0.640000,-8.271490,-0.000000,-8.271490,-1.596448,0.000000,1.596448,-0.014016,-0.009995,0.030969,0.030969,0.044985,0.225924,0.235919,0.127716,0.020741,0.000358,0.224925,0.000999,5.190218,0.000000,5.190218,5.190218,5.190218,2.595109,2.595109,0,0,1,0,0.000000,0.080000,0.008000,0.001000,5.000000,0.100000,22.000000,0.025000,0.000000
12.014000,0.500000,0.640000,-8.279648,-0.000000,-8.279648,-1.598244,0.000000,1.598244,-0.014118,-0.010031,0.030969,0.030969,0.045087,0.226438,0.236469,0.127860,0.020741,0.000359,0.225435,0.001003,5.202320,0.002750,5.205070,5.205070,5.205070,2.602535,2.602535,0,0,1,0,0.000000,0.080000,0.008000,0.001000,5.000000,0.100000,22.000000,0.025000,0.000000
12.019000,0.500000,0.640000,-8.287815,-0.000000,-8.287815,-1.600041,0.000000,1.600041,-0.014118,-0.010031,0.030969,0.030969,0.045087,0.226438,0.236469,0.128003,0.020741,0.000359,0.225435,0.001003,5.202320,0.000000,5.202320,5.202320,5.202320,2.601160,2.601160,0,0,1,0,0.000000,0.080000,0.008000,0.001000,5.000000,0.100000,22.000000,0.025000,0.000000
12.024000,0.500000,0.640000,-8.295992,-0.000000,-8.295992,-1.601842,0.000000,1.601842,-0.014221,-0.010063,0.030969,0.030969,0.045189,0.226952,0.237015,0.128147,0.020741,0.000360,0.225946,0.001006,5.214332,0.002730,5.217062,5.217062,5.217062,2.608531,2.608531,0,0,1,0,0.000000,0.080000,0.008000,0.001000,5.000000,0.100000,22.000000,0.025000,0.000000
12.029000,0.500000,0.640000,-8.304178,-0.000000,-8.304178,-1.603643,0.000000,1.603643,-0.014221,-0.010063,0.030969,0.030969,0.045189,0.226952,0.237015,0.128291,0.020741,0.000360,0.225946,0.001006,5.214332,0.000000,5.214332,5.214332,5.214332,2.607166,2.607166,0,0,1,0,0.000000,0.080000,0.008000,0.001000,5.000000,0.100000,22.000000,0.025000,0.000000
12.038000,0.500000,0.640000,-8.320577,-0.000000,-8.320577,-1.607255,0.000000,1.607255,-0.014323,-0.010089,0.030969,0.030969,0.045292,0.227466,0.237555,0.128580,0.020741,0.000401,0.226458,0.001009,5.226218,0.001501,5.227718,5.227718,5.227718,2.613859,2.613859,0,0,1,0,0.000000,0.080000,0.008000,0.001000,5.000000,0.100000,22.000000,0.025000,0.000000
12.043000,0.500000,0.640000,-8.328790,-0.000000,-8.328790,-1.609059,0.000000,1.609059,-0.014426,-0.010155,0.030969,0.030969,0.045395,0.227988,0.238143,0.128725,0.020741,0.000361,0.226973,0.001015,5.239147,0.002938,5.242085,5.242085,5.242085,2.621043,2.621043,0,0,1,0,0.000000,0.080000,0.008000,0.001000,5.000000,0.100000,22.000000,0.025000,0.000000
12.048000,0.500000,0.640000,-8.337012,-0.000000,-8.337012,-1.610863,0.000000,1.610863,-0.014426,-0.010155,0.030969,0.030969,0.045395,0.227988,0.238143,0.128869,0.020741,0.000361,0.226973,0.001015,5.239147,0.000000,5.239147,5.239147,5.239147,2.619573,2.619573,0,0,1,0,0.000000,0.080000,0.008000,0.001000,5.000000,0.100000,22.000000,0.025000,0.000000
12.053000,0.500000,0.640000,-8.345244,-0.000000,-8.345244,-1.612674,0.000000,1.612674,-0.014530,-0.010197,0.030969,0.030969,0.045499,0.228514,0.238710,0.129014,0.020741,0.000362,0.227494,0.001020,5.251628,0.002837,5.254465,5.254465,5.254465,2.627232,2.627232,0,0,1,0,0.000000,0.080000,0.008000,0.001000,5.000000,0.100000,22.000000,0.025000,0.000000
12.058000,0.500000,0.640000,-8.353485,-0.000000,-8.353485,-1.614486,0.000000,1.614486,-0.014530,-0.010197,0.030969,0.030969,0.045499,0.228514,0.238710,0.129159,0.020741,0.000362,0.227494,0.001020,5.251628,0.000000,5.251628,5.251628,5.251628,2.625814,2.625814,0,0,1,0,0.000000,0.080000,0.008000,0.001000,5.000000,0.100000,22.000000,0.025000,0.000000
12.063000,0.500000,0.640000,-8.361735,-0.000000,-8.361735,-1.616304,0.000000,1.616304,-0.014634,-0.010219,0.030969,0.030969,0.045603,0.229035,0.239253,0.129304,0.020741,0.000364,0.228013,0.001022,5.263577,0.002716,5.266292,5.266292,5.266292,2.633146,2.633146,0,0,1,0,0.000000,0.080000,0.008000,0.001000,5.000000,0.100000,22.000000,0.025000,0.000000
12.068000,0.500000,0.640000,-8.369995,-0.000000,-8.369995,-1.618124,0.000000,1.618124,-0.014634,-0.010219,0.030969,0.030969,0.045603,0.229035,0.239253,0.129450,0.020741,0.000364,0.228013,0.001022,5.263577,0.000000,5.263577,5.263577,5.263577,2.631788,2.631788,0,0,1,0,0.000000,0.080000,0.008000,0.001000,5.000000,0.100000,22.000000,0.025000,0.000000
12.073000,0.500000,0.640000,-8.378264,-0.000000,-8.378264,-1.619949,0.000000,1.619949,-0.014737,-0.010225,0.030969,0.030969,0.045706,0.229550,0.239775,0.129596,0.020741,0.000365,0.228528,0.001022,5.275048,0.002607,5.277655,5.277655,5.277655,2.638827,2.638827,0,0,1,0,0.000000,0.080000,0.008000,0.001000,5.000000,0.100000,22.000000,0.025000,0.000000
12.082000,0.500000,0.640000,-8.394831,-0.000000,-8.394831,-1.623606,0.000000,1.623606,-0.014839,-0.010219,0.030969,0.030969,0.045808,0.230062,0.240281,0.129888,0.020741,0.000406,0.229040,0.001022,5.286177,0.001405,5.287582,5.287582,5.287582,2.643791,2.643791,0,0,1,0,0.000000,0.080000,0.008000,0.001000,5.000000,0.100000,22.000000,0.025000,0.000000
12.087000,0.500000,0.640000,-8.403129,-0.000000,-8.403129,-1.625439,0.000000,1.625439,-0.014839,-0.010219,0.030969,0.030969,0.045808,0.230062,0.240281,0.130035,0.020741,0.000367,0.229040,0.001022,5.286177,0.000000,5.286177,5.286177,5.286177,2.643088,2.643088,0,0,1,0,0.000000,0.080000,0.008000,0.001000,5.000000,0.100000,22.000000,0.025000,0.000000
12.092000,0.500000,0.640000,-8.411436,-0.000000,-8.411436,-1.627277,0.000000,1.627277,-0.014941,-0.010204,0.030969,0.030969,0.045910,0.230569,0.240773,0.130182,0.020741,0.000367,0.229549,0.001020,5.297011,0.002462,5.299473,5.299473,5.299473,2.649737,2.649737,0,0,1,0,0.000000,0.080000,0.008000,0.001000,5.000000,0.100000,22.000000,0.025000,0.000000
12.097000,0.500000,0.640000,-8.419752,-0.000000,-8.419752,-1.629114,0.000000,1.629114,-0.014941,-0.010204,0.030969,0.030969,0.045910,0.230569,0.240773,0.130329,0.020741,0.000368,0.229549,0.001020,5.297011,0.000000,5.297011,5.297011,5.297011,2.648505,2.648505,0,0,1,0,0.000000,0.080000,0.008000,0.001000,5.000000,0.100000,22.000000,0.025000,0.000000
12.102000,0.500000,0.640000,-8.428078,-0.000000,-8.428078,-1.630956,0.000000,1.630956,-0.015043,-0.010193,0.030969,0.030969,0.046011,0.231076,0.241269,0.130476,0.020741,0.000368,0.230057,0.001019,5.307926,0.002481,5.310407,5.310407,5.310407,2.655204,2.655204,0,0,1,0,0.000000,0.080000,0.008000,0.001000,5.000000,0.100000,22.000000,0.025000,0.000000
12.107000,0.500000,0.640000,-8.436414,-0.000000,-8.436414,-1.632797,0.000000,1.632797,-0.015043,-0.010193,0.030969,0.030969,0.046011,0.231076,0.241269,0.130624,0.020741,0.000368,0.230057,0.001019,5.307926,0.000000,5.307926,5.307926,5.307926,2.653963,2.653963,0,0,1,0,0.000000,0.080000,0.008000,0.001000,5.000000,0.100000,22.000000,0.025000,0.000000
12.112000,0.500000,0.640000,-8.444758,-0.000000,-8.444758,-1.634642,0.000000,1.634642,-0.015145,-0.010191,0.030969,0.030969,0.046113,0.231586,0.241777,0.130771,0.020741,0.000369,0.230567,0.001019,5.319097,0.002539,5.321636,5.321636,5.321636,2.660818,2.660818,0,0,1,0,0.000000,0.080000,0.008000,0.001000,5.000000,0.100000,22.000000,0.025000,0.000000
12.117000,0.500000,0.640000,-8.453112,-0.000000,-8.453112,-1.636485,0.000000,1.636485,-0.015145,-0.010191,0.030969,0.030969,0.046113,0.231586,0.241777,0.130919,0.020741,0.000369,0.230567,0.001019,5.319097,0.000000,5.319097,5.319097,5.319097,2.659548,2.659548,0,0,1,0,0.000000,0.080000,0.008000,0.001000,5.000000,0.100000,22.000000,0.025000,0.000000
12.122000,0.500000,0.640000,-8.461476,-0.000000,-8.461476,-1.638332,0.000000,1.638332,-0.015247,-0.010203,0.030969,0.030969,0.046216,0.232099,0.242302,0.131067,0.020741,0.000369,0.231079,0.001020,5.330637,0.002623,5.333260,5.333260,5.333260,2.666630,2.666630,0,0,1,0,0.000000,0.080000,0.008000,0.001000,5.000000,0.100000,22.000000,0.025000,0.000000
12.127000,0.500000,0.640000,-8.469848,-0.000000,-8.469848,-1.640178,0.000000,1.640178,-0.015247,-0.010203,0.030969,0.030969,0.046216,0.232099,0.242302,0.131214,0.020741,0.000369,0.231079,0.001020,5.330637,0.000000,5.330637,5.330637,5.330637,2.665318,2.665318,0,0,1,0,0.000000,0.080000,0.008000,0.001000,5.000000,0.100000,22.000000,0.025000,0.000000
12.136000,0.500000,0.640000,-8.486621,-0.000000,-8.486621,-1.643875,0.000000,1.643875,-0.015350,-0.010227,0.030969,0.030969,0.046319,0.232618,0.242845,0.131510,0.020741,0.000411,0.231595,0.001023,5.342584,0.001508,5.344092,5.344092,5.344092,2.672046,2.672046,0,0,1,0,0.000000,0.080000,0.008000,0.001000,5.000000,0.100000,22.000000,0.025000,0.000000
12.141000,0.500000,0.640000,-8.495022,-0.000000,-8.495022,-1.645719,0.000000,1.645719,-0.015455,-0.010309,0.030969,0.030969,0.046424,0.233150,0.243458,0.131657,0.020741,0.000369,0.232119,0.001031,5.356082,0.003068,5.359149,5.359149,5.359149,2.679575,2.679575,0,0,1,0,0.000000,0.080000,0.008000,0.001000,5.000000,0.100000,22.000000,0.025000,0.000000
12.146000,0.500000,0.640000,-8.503431,-0.000000,-8.503431,-1.647563,0.000000,1.647563,-0.015455,-0.010309,0.030969,0.030969,0.046424,0.233150,0.243458,0.131805,0.020741,0.000369,0.232119,0.001031,5.356082,0.000000,5.356082,5.356082,5.356082,2.678041,2.678041,0,0,1,0,0.000000,0.080000,0.008000,0.001000,5.000000,0.100000,22.000000,0.025000,0.000000
12.151000,0.500000,0.640000,-8.511850,-0.000000,-8.511850,-1.649411,0.000000,1.649411,-0.015562,-0.010378,0.030969,0.030969,0.046531,0.233691,0.244069,0.131953,0.020741,0.000370,0.232654,0.001038,5.369514,0.003053,5.372567,5.372567,5.372567,2.686284,2.686284,0,0,1,0,0.000000,0.080000,0.008000,0.001000,5.000000,0.100000,22.000000,0.025000,0.000000
12.156000,0.500000,0.640000,-8.520278,-0.000000,-8.520278,-1.651261,0.000000,1.651261,-0.015562,-0.010378,0.030969,0.030969,0.046531,0.233691,0.244069,0.132101,0.020741,0.000370,0.232654,0.001038,5.369514,0.000000,5.369514,5.369514,5.369514,2.684757,2.684757,0,0,1,0,0.000000,0.080000,0.008000,0.001000,5.000000,0.100000,22.000000,0.025000,0.000000
12.161000,0.500000,0.640000,-8.528716,-0.000000,-8.528716,-1.653115,0.000000,1.653115,-0.015669,-0.010433,0.030969,0.030969,0.046638,0.234232,0.244665,0.132249,0.020741,0.000371,0.233189,0.001043,5.382624,0.002979,5.385603,5.385603,5.385603,2.692802,2.692802,0,0,1,0,0.000000,0.080000,0.008000,0.001000,5.000000,0.100000,22.000000,0.025000,0.000000
12.170000,0.500000,0.640000,-8.545620,-0.000000,-8.545620,-1.656832,0.000000,1.656832,-0.015776,-0.010452,0.030969,0.030969,0.046745,0.234768,0.245220,0.132547,0.020741,0.000413,0.233723,0.001045,5.394849,0.001544,5.396392,5.396392,5.396392,2.698196,2.698196,0,0,1,0,0.000000,0.080000,0.008000,0.001000,5.000000,0.100000,22.000000,0.025000,0.000000
12.175000,0.500000,0.640000,-8.554087,-0.000000,-8.554087,-1.658696,0.000000,1.658696,-0.015776,-0.010470,0.030969,0.030969,0.046745,0.234770,0.245240,0.132696,0.020741,0.000373,0.233723,0.001047,5.395278,0.000098,5.395375,5.395375,5.395375,2.697688,2.697688,0,0,1,0,0.000000,0.080000,0.008000,0.001000,5.000000,0.100000,22.000000,0.025000,0.000000
12.180000,0.500000,0.640000,-8.562564,-0.000000,-8.562564,-1.660565,0.000000,1.660565,-0.015882,-0.010486,0.030969,0.030969,0.046851,0.235301,0.245788,0.132845,0.020741,0.000374,0.234253,0.001049,5.407325,0.002738,5.410063,5.410063,5.410063,2.705032,2.705032,0,0,1,0,0.000000,0.080000,0.008000,0.001000,5.000000,0.100000,22.000000,0.025000,0.000000
12.185000,0.500000,0.640000,-8.571050,-0.000000,-8.571050,-1.662435,0.000000,1.662435,-0.015882,-0.010486,0.030969,0.030969,0.046851,0.235301,0.245788,0.132995,0.020741,0.000374,0.234253,0.001049,5.407325,0.000000,5.407325,5.407325,5.407325,2.703663,2.703663,0,0,1,0,0.000000,0.080000,0.008000,0.001000,5.000000,0.100000,22.000000,0.025000,0.000000
12.190000,0.500000,0.640000,-8.571050,-0.000000,-8.571050,-1.662435,0.000000,1.662435,-0.015882,-0.010486,0.030969,0.030969,0.046851,0.235301,0.245788,0.132995,0.020741,0.000000,0.234253,0.001049,5.407325,0.000000,5.407325,5.407325,5.407325,2.703663,2.703663,0,0,1,0,0.000000,0.080000,0.008000,0.001000,5.000000,0.100000,22.000000,0.025000,0.000000
12.195000,0.500000,0.640000,-8.579546,-0.000000,-8.579546,-1.664311,0.000000,1.664311,-0.015987,-0.010488,0.030969,0.030969,0.046956,0.235829,0.246318,0.133145,0.020741,0.000375,0.234780,0.001049,5.418986,0.002650,5.421636,5.421636,5.421636,2.710818,2.710818,0,0,1,0,0.000000,0.080000,0.008000,0.001000,5.000000,0.100000,22.000000,0.025000,0.000000
12.200000,0.500000,0.640000,-8.588051,-0.000000,-8.588051,-1.666188,0.000000,1.666188,-0.015987,-0.010488,0.030969,0.030969,0.046956,0.235829,0.246318,0.133295,0.020741,0.000375,0.234780,0.001049,5.418986,0.000000,5.418986,5.418986,5.418986,2.709493,2.709493,0,0,1,0,0.000000,0.080000,0.008000,0.001000,5.000000,0.100000,22.000000,0.025000,0.000000
12.205000,0.500000,0.640000,-8.596566,-0.000000,-8.596566,-1.668069,0.000000,1.668069,-0.016092,-0.010483,0.030969,0.030969,0.047061,0.236354,0.246837,0.133446,0.020741,0.000376,0.235305,0.001048,5.430407,0.002596,5.433002,5.433002,5.433002,2.716501,2.716501,0,0,1,0,0.000000,0.080000,0.008000,0.001000,5.000000,0.100000,22.000000,0.025000,0.000000
12.214000,0.500000,0.640000,-8.613626,-0.000000,-8.613626,-1.671838,0.000000,1.671838,-0.016197,-0.010476,0.030969,0.030969,0.047166,0.236877,0.247353,0.133747,0.020741,0.000419,0.235829,0.001048,5.441765,0.001434,5.443199,5.443199,5.443199,2.721599,2.721599,0,0,1,0,0.000000,0.080000,0.008000,0.001000,5.000000,0.100000,22.000000,0.025000,0.000000
12.219000,0.500000,0.640000,-8.622170,-0.000000,-8.622170,-1.673726,0.000000,1.673726,-0.016197,-0.010476,0.030969,0.030969,0.047166,0.236877,0.247353,0.133898,0.020741,0.000378,0.235829,0.001048,5.441765,0.000000,5.441765,5.441765,5.441765,2.720882,2.720882,0,0,1,0,0.000000,0.080000,0.008000,0.001000,5.000000,0.100000,22.000000,0.025000,0.000000
12.224000,0.500000,0.640000,-8.630724,-0.000000,-8.630724,-1.675617,0.000000,1.675617,-0.016302,-0.010469,0.030969,0.030969,0.047270,0.237399,0.247868,0.134049,0.020741,0.000378,0.236352,0.001047,5.453097,0.002576,5.455673,5.455673,5.455673,2.727836,2.727836,0,0,1,0,0.000000,0.080000,0.008000,0.001000,5.000000,0.100000,22.000000,0.025000,0.000000
12.229000,0.500000,0.640000,-8.639287,-0.000000,-8.639287,-1.677508,0.000000,1.677508,-0.016302,-0.010469,0.030969,0.030969,0.047270,0.237399,0.247868,0.134201,0.020741,0.000378,0.236352,0.001047,5.453097,0.000000,5.453097,5.453097,5.453097,2.726549,2.726549,0,0,1,0,0.000000,0.080000,0.008000,0.001000,5.000000,0.100000,22.000000,0.025000,0.000000
12.234000,0.500000,0.640000,-8.647860,-0.000000,-8.647860,-1.679402,0.000000,1.679402,-0.016407,-0.010473,0.030969,0.030969,0.047375,0.237924,0.248396,0.134352,0.020741,0.000379,0.236876,0.001047,5.464717,0.002641,5.467358,5.467358,5.467358,2.733679,2.733679,0,0,1,0,0.000000,0.080000,0.008000,0.001000,5.000000,0.100000,22.000000,0.025000,0.000000
12.239000,0.500000,0.640000,-8.656443,-0.000000,-8.656443,-1.681296,0.000000,1.681296,-0.016407,-0.010473,0.030969,0.030969,0.047375,0.237924,0.248396,0.134504,0.020741,0.000379,0.236876,0.001047,5.464717,0.000000,5.464717,5.464717,5.464717,2.732359,2.732359,0,0,1,0,0.000000,0.080000,0.008000,0.001000,5.000000,0.100000,22.000000,0.025000,0.000000
12.244000,0.500000,0.640000,-8.665035,-0.000000,-8.665035,-1.683193,0.000000,1.683193,-0.016512,-0.010489,0.030969,0.030969,0.047481,0.238453,0.248941,0.134655,0.020741,0.000379,0.237404,0.001049,5.476708,0.002725,5.479433,5.479433,5.479433,2.739717,2.739717,0,0,1,0,0.000000,0.080000,0.008000,0.001000,5.000000,0.100000,22.000000,0.025000,0.000000
12.249000,0.500000,0.640000,-8.673637,-0.000000,-8.673637,-1.685088,0.000000,1.685088,-0.016512,-0.010489,0.030969,0.030969,0.047481,0.238453,0.248941,0.134807,0.020741,0.000379,0.237404,0.001049,5.476708,0.000000,5.476708,5.476708,5.476708,2.738354,2.738354,0,0,1,0,0.000000,0.080000,0.008000,0.001000,5.000000,0.100000,22.000000,0.025000,0.000000
12.254000,0.500000,0.640000,-8.682248,-0.000000,-8.682248,-1.686987,0.000000,1.686987,-0.016618,-0.010517,0.030969,0.030969,0.047587,0.238987,0.249504,0.134959,0.020741,0.000380,0.237935,0.001052,5.489086,0.002813,5.491899,5.491899,5.491899,2.745949,2.745949,0,0,1,0,0.000000,0.080000,0.008000,0.001000,5.000000,0.100000,22.000000,0.025000,0.000000
12.259000,0.500000,0.640000,-8.690869,-0.000000,-8.690869,-1.688885,0.000000,1.688885,-0.016618,-0.010517,0.030969,0.030969,0.047587,0.238987,0.249504,0.135111,0.020741,0.000380,0.237935,0.001052,5.489086,0.000000,5.489086,5.489086,5.489086,2.744543,2.744543,0,0,1,0,0.000000,0.080000,0.008000,0.001000,5.000000,0.100000,22.000000,0.025000,0.000000
12.268000,0.500000,0.640000,-8.708140,-0.000000,-8.708140,-1.692687,0.000000,1.692687,-0.016725,-0.010555,0.030969,0.030969,0.047694,0.239526,0.250082,0.135415,0.020741,0.000422,0.238471,0.001056,5.501798,0.001605,5.503403,5.503403,5.503403,2.751702,2.751702,0,0,1,0,0.000000,0.080000,0.008000,0.001000,5.000000,0.100000,22.000000,0.025000,0.000000
12.273000,0.500000,0.640000,-8.716790,-0.000000,-8.716790,-1.694584,0.000000,1.694584,-0.016834,-0.010648,0.030969,0.030969,0.047803,0.240079,0.250727,0.135567,0.020741,0.000379,0.239014,0.001065,5.516002,0.003228,5.519230,5.519230,5.519230,2.759615,2.759615,0,0,1,0,0.000000,0.080000,0.008000,0.001000,5.000000,0.100000,22.000000,0.025000,0.000000
12.278000,0.500000,0.640000,-8.725448,-0.000000,-8.725448,-1.696481,0.000000,1.696481,-0.016834,-0.010648,0.030969,0.030969,0.047803,0.240079,0.250727,0.135718,0.020741,0.000379,0.239014,0.001065,5.516002,0.000000,5.516002,5.516002,5.516002,2.758001,2.758001,0,0,1,0,0.000000,0.080000,0.008000,0.001000,5.000000,0.100000,22.000000,0.025000,0.000000
12.283000,0.500000,0.640000,-8.734117,-0.000000,-8.734117,-1.698384,0.000000,1.698384,-0.016945,-0.010722,0.030969,0.030969,0.047914,0.240640,0.251361,0.135871,0.020741,0.000381,0.239568,0.001072,5.529950,0.003170,5.533120,5.533120,5.533120,2.766560,2.766560,0,0,1,0,0.000000,0.080000,0.008000,0.001000,5.000000,0.100000,22.000000,0.025000,0.000000
12.288000,0.500000,0.640000,-8.742796,-0.000000,-8.742796,-1.700287,0.000000,1.700287,-0.016945,-0.010722,0.030969,0.030969,0.047914,0.240640,0.251361,0.136023,0.020741,0.000381,0.239568,0.001072,5.529950,0.000000,5.529950,5.529950,5.529950,2.764975,2.764975,0,0,1,0,0.000000,0.080000,0.008000,0.001000,5.000000,0.100000,22.000000,0.025000,0.000000
12.297000,0.500000,0.640000,-8.760182,-0.000000,-8.760182,-1.704109,0.000000,1.704109,-0.017055,-0.010774,0.030969,0.030969,0.048024,0.241198,0.251972,0.136329,0.020741,0.000425,0.240120,0.001077,5.543382,0.001696,5.545077,5.545077,5.545077,2.772539,2.772539,0,0,1,0,0.000000,0.080000,0.008000,0.001000,5.000000,0.100000,22.000000,0.025000,0.000000
12.302000,0.500000,0.640000,-8.768890,-0.000000,-8.768890,-1.706018,0.000000,1.706018,-0.017166,-0.010855,0.030969,0.030969,0.048135,0.241760,0.252615,0.136481,0.020741,0.000382,0.240674,0.001086,5.557522,0.003214,5.560736,5.560736,5.560736,2.780368,2.780368,0,0,1,0,0.000000,0.080000,0.008000,0.001000,5.000000,0.100000,22.000000,0.025000,0.000000
12.307000,0.500000,0.640000,-8.777607,-0.000000,-8.777607,-1.707930,0.000000,1.707930,-0.017166,-0.010855,0.030969,0.030969,0.048135,0.241760,0.252615,0.136634,0.020741,0.000382,0.240674,0.001086,5.557522,0.000000,5.557522,5.557522,5.557522,2.778761,2.778761,0,0,1,0,0.000000,0.080000,0.008000,0.001000,5.000000,0.100000,22.000000,0.025000,0.000000
12.312000,0.500000,0.640000,-8.786335,-0.000000,-8.786335,-1.709850,0.000000,1.709850,-0.017278,-0.010892,0.030969,0.030969,0.048246,0.242321,0.253213,0.136788,0.020741,0.000384,0.241231,0.001089,5.570685,0.002992,5.573676,5.573676,5.573676,2.786838,2.786838,0,0,1,0,0.000000,0.080000,0.008000,0.001000,5.000000,0.100000,22.000000,0.025000,0.000000
12.317000,0.500000,0.640000,-8.795073,-0.000000,-8.795073,-1.711773,0.000000,1.711773,-0.017278,-0.010892,0.030969,0.030969,0.048246,0.242321,0.253213,0.136942,0.020741,0.000385,0.241231,0.001089,5.570685,0.000000,5.570685,5.570685,5.570685,2.785342,2.785342,0,0,1,0,0.000000,0.080000,0.008000,0.001000,5.000000,0.100000,22.000000,0.025000,0.000000
12.322000,0.500000,0.640000,-8.803820,-0.000000,-8.803820,-1.713703,0.000000,1.713703,-0.017388,-0.010895,0.030969,0.030969,0.048356,0.242871,0.253766,0.137096,0.020741,0.000386,0.241782,0.001090,5.582856,0.002766,5.585623,5.585623,5.585623,2.792811,2.792811,0,0,1,0,0.000000,0.080000,0.008000,0.001000,5.000000,0.100000,22.000000,0.025000,0.000000
12.327000,0.500000,0.640000,-8.812578,-0.000000,-8.812578,-1.715636,0.000000,1.715636,-0.017388,-0.010895,0.030969,0.030969,0.048356,0.242871,0.253766,0.137251,0.020741,0.000387,0.241782,0.001090,5.582856,0.000000,5.582856,5.582856,5.582856,2.791428,2.791428,0,0,1,0,0.000000,0.080000,0.008000,0.001000,5.000000,0.100000,22.000000,0.025000,0.000000
12.332000,0.500000,0.640000,-8.821346,-0.000000,-8.821346,-1.717575,0.000000,1.717575,-0.017496,-0.010872,0.030969,0.030969,0.048465,0.243412,0.254284,0.137406,0.020741,0.000388,0.242325,0.001087,5.594241,0.002587,5.596828,5.596828,5.596828,2.798414,2.798414,0,0,1,0,0.000000,0.080000,0.008000,0.001000,5.000000,0.100000,22.000000,0.025000,0.000000
12.341000,0.500000,0.640000,-8.838912,-0.000000,-8.838912,-1.721463,0.000000,1.721463,-0.017604,-0.010835,0.030969,0.030969,0.048572,0.243945,0.254780,0.137717,0.020741,0.000432,0.242862,0.001083,5.605159,0.001379,5.606537,5.606537,5.606537,2.803269,2.803269,0,0,1,0,0.000000,0.080000,0.008000,0.001000,5.000000,0.100000,22.000000,0.025000,0.000000
12.346000,0.500000,0.640000,-8.847711,-0.000000,-8.847711,-1.723412,0.000000,1.723412,-0.017604,-0.010835,0.030969,0.030969,0.048572,0.243945,0.254780,0.137873,0.020741,0.000390,0.242862,0.001083,5.605159,0.000000,5.605159,5.605159,5.605159,2.802579,2.802579,0,0,1,0,0.000000,0.080000,0.008000,0.001000,5.000000,0.100000,22.000000,0.025000,0.000000
12.351000,0.500000,0.640000,-8.856519,-0.000000,-8.856519,-1.725365,0.000000,1.725365,-0.017710,-0.010792,0.030969,0.030969,0.048679,0.244473,0.255266,0.138029,0.020741,0.000391,0.243394,0.001079,5.615842,0.002428,5.618270,5.618270,5.618270,2.809135,2.809135,0,0,1,0,0.000000,0.080000,0.008000,0.001000,5.000000,0.100000,22.000000,0.025000,0.000000
12.356000,0.500000,0.640000,-8.865337,-0.000000,-8.865337,-1.727318,0.000000,1.727318,-0.017710,-0.010792,0.030969,0.030969,0.048679,0.244473,0.255266,0.138185,0.020741,0.000391,0.243394,0.001079,5.615842,0.000000,5.615842,5.615842,5.615842,2.807921,2.807921,0,0,1,0,0.000000,0.080000,0.008000,0.001000,5.000000,0.100000,22.000000,0.025000,0.000000
12.361000,0.500000,0.640000,-8.874166,-0.000000,-8.874166,-1.729275,0.000000,1.729275,-0.017817,-0.010762,0.030969,0.030969,0.048785,0.245002,0.255764,0.138342,0.020741,0.000391,0.243926,0.001076,5.626816,0.002494,5.629310,5.629310,5.629310,2.814655,2.814655,0,0,1,0,0.000000,0.080000,0.008000,0.001000,5.000000,0.100000,22.000000,0.025000,0.000000
12.366000,0.500000,0.640000,-8.883004,-0.000000,-8.883004,-1.731230,0.000000,1.731230,-0.017817,-0.010762,0.030969,0.030969,0.048785,0.245002,0.255764,0.138498,0.020741,0.000391,0.243926,0.001076,5.626816,0.000000,5.626816,5.626816,5.626816,2.813408,2.813408,0,0,1,0,0.000000,0.080000,0.008000,0.001000,5.000000,0.100000,22.000000,0.025000,0.000000
12.371000,0.500000,0.640000,-8.891852,-0.000000,-8.891852,-1.733189,0.000000,1.733189,-0.017923,-0.010752,0.030969,0.030969,0.048892,0.245536,0.256289,0.138655,0.020741,0.000392,0.244461,0.001075,5.638348,0.002621,5.640969,5.640969,5.640969,2.820484,2.820484,0,0,1,0,0.000000,0.080000,0.008000,0.001000,5.000000,0.100000,22.000000,0.025000,0.000000
12.376000,0.500000,0.640000,-8.900709,-0.000000,-8.900709,-1.735145,0.000000,1.735145,-0.017923,-0.010752,0.030969,0.030969,0.048892,0.245536,0.256289,0.138812,0.020741,0.000391,0.244461,0.001075,5.638348,0.000000,5.638348,5.638348,5.638348,2.819174,2.819174,0,0,1,0,0.000000,0.080000,0.008000,0.001000,5.000000,0.100000,22.000000,0.025000,0.000000
12.381000,0.500000,0.640000,-8.909577,-0.000000,-8.909577,-1.737104,0.000000,1.737104,-0.018031,-0.010767,0.030969,0.030969,0.049000,0.246078,0.256844,0.138968,0.020741,0.000392,0.245001,0.001077,5.650578,0.002780,5.653358,5.653358,5.653358,2.826679,2.826679,0,0,1,0,0.000000,0.080000,0.008000,0.001000,5.000000,0.100000,22.000000,0.025000,0.000000
12.390000,0.500000,0.640000,-8.918454,-0.000000,-8.918454,-1.739061,0.000000,1.739061,-0.018031,-0.010767,0.030969,0.030969,0.049000,0.246078,0.256844,0.139125,0.020741,0.000217,0.245001,0.001077,5.650578,0.000000,5.650578,5.650578,5.650578,2.825289,2.825289,0,0,1,0,0.000000,0.080000,0.008000,0.001000,5.000000,0.100000,22.000000,0.025000,0.000000
12.395000,0.500000,0.640000,-8.936239,-0.000000,-8.936239,-1.742980,0.000000,1.742980,-0.018141,-0.010804,0.030969,0.030969,0.049110,0.246628,0.257432,0.139438,0.020741,0.000784,0.245548,0.001080,5.663508,0.002939,5.666446,5.666446,5.666446,2.833223,2.833223,0,0,1,0,0.000000,0.080000,0.008000,0.001000,5.000000,0.100000,22.000000,0.025000,0.000000
12.400000,0.500000,0.640000,-8.945145,-0.000000,-8.945145,-1.744934,0.000000,1.744934,-0.018252,-0.010900,0.030969,0.030969,0.049221,0.247193,0.258093,0.139595,0.020741,0.000391,0.246103,0.001090,5.678052,0.003305,5.681357,5.681357,5.681357,2.840679,2.840679,0,0,1,0,0.000000,0.080000,0.008000,0.001000,5.000000,0.100000,22.000000,0.025000,0.000000
12.405000,0.500000,0.640000,-8.945145,-0.000000,-8.945145,-1.744934,0.000000,1.744934,-0.018252,-0.010900,0.030969,0.030969,0.049221,0.247193,0.258093,0.139595,0.020741,0.000000,0.246103,0.001090,5.678052,0.000000,5.678052,5.678052,5.678052,2.839026,2.839026,0,0,1,0,0.000000,0.080000,0.008000,0.001000,5.000000,0.100000,22.000000,0.025000,0.000000
12.410000,0.500000,0.640000,-8.954062,-0.000000,-8.954062,-1.746888,0.000000,1.746888,-0.018252,-0.010900,0.030969,0.030969,0.049221,0.247193,0.258093,0.139751,0.020741,0.000391,0.246103,0.001090,5.678052,0.000000,5.678052,5.678052,5.678052,2.839026,2.839026,0,0,1,0,0.000000,0.080000,0.008000,0.001000,5.000000,0.100000,22.000000,0.025000,0.000000
12.415000,0.500000,0.640000,-8.962988,-0.000000,-8.962988,-1.748848,0.000000,1.748848,-0.018365,-0.010983,0.030969,0.030969,0.049334,0.247769,0.258752,0.139908,0.020741,0.000392,0.246671,0.001098,5.692553,0.003296,5.695849,5.695849,5.695849,2.847924,2.847924,0,0,1,0,0.000000,0.080000,0.008000,0.001000,5.000000,0.100000,22.000000,0.025000,0.000000
12.420000,0.500000,0.640000,-8.971924,-0.000000,-8.971924,-1.750807,0.000000,1.750807,-0.018365,-0.010983,0.030969,0.030969,0.049334,0.247769,0.258752,0.140065,0.020741,0.000392,0.246671,0.001098,5.692553,0.000000,5.692553,5.692553,5.692553,2.846276,2.846276,0,0,1,0,0.000000,0.080000,0.008000,0.001000,5.000000,0.100000,22.000000,0.025000,0.000000
12.425000,0.500000,0.640000,-8.980871,-0.000000,-8.980871,-1.752771,0.000000,1.752771,-0.018479,-0.011055,0.030969,0.030969,0.049448,0.248346,0.259400,0.140222,0.020741,0.000393,0.247240,0.001105,5.706805,0.003239,5.710044,5.710044,5.710044,2.855022,2.855022,0,0,1,0,0.000000,0.080000,0.008000,0.001000,5.000000,0.100000,22.000000,0.025000,0.000000
12.430000,0.500000,0.640000,-8.989827,-0.000000,-8.989827,-1.754737,0.000000,1.754737,-0.018479,-0.011055,0.030969,0.030969,0.049448,0.248346,0.259400,0.140379,0.020741,0.000393,0.247240,0.001105,5.706805,0.000000,5.706805,5.706805,5.706805,2.853403,2.853403,0,0,1,0,0.000000,0.080000,0.008000,0.001000,5.000000,0.100000,22.000000,0.025000,0.000000
12.439000,0.500000,0.640000,-9.007771,-0.000000,-9.007771,-1.758681,0.000000,1.758681,-0.018593,-0.011107,0.030969,0.030969,0.049562,0.248920,0.260027,0.140695,0.020741,0.000438,0.247809,0.001111,5.720596,0.001741,5.722337,5.722337,5.722337,2.861169,2.861169,0,0,1,0,0.000000,0.080000,0.008000,0.001000,5.000000,0.100000,22.000000,0.025000,0.000000
12.444000,0.500000,0.640000,-9.016757,-0.000000,-9.016757,-1.760652,0.000000,1.760652,-0.018707,-0.011191,0.030969,0.030969,0.049676,0.249499,0.260690,0.140852,0.020741,0.000394,0.248380,0.001119,5.735183,0.003315,5.738499,5.738499,5.738499,2.869249,2.869249,0,0,1,0,0.000000,0.080000,0.008000,0.001000,5.000000,0.100000,22.000000,0.025000,0.000000
12.449000,0.500000,0.640000,-9.025754,-0.000000,-9.025754,-1.762625,0.000000,1.762625,-0.018707,-0.011191,0.030969,0.030969,0.049676,0.249499,0.260690,0.141010,0.020741,0.000395,0.248380,0.001119,5.735183,0.000000,5.735183,5.735183,5.735183,2.867592,2.867592,0,0,1,0,0.000000,0.080000,0.008000,0.001000,5.000000,0.100000,22.000000,0.025000,0.000000
12.454000,0.500000,0.640000,-9.034761,-0.000000,-9.034761,-1.764607,0.000000,1.764607,-0.018822,-0.011232,0.030969,0.030969,0.049791,0.250078,0.261310,0.141169,0.020741,0.000396,0.248955,0.001123,5.748826,0.003101,5.751926,5.751926,5.751926,2.875963,2.875963,0,0,1,0,0.000000,0.080000,0.008000,0.001000,5.000000,0.100000,22.000000,0.025000,0.000000
12.459000,0.500000,0.640000,-9.043778,-0.000000,-9.043778,-1.766591,0.000000,1.766591,-0.018822,-0.011232,0.030969,0.030969,0.049791,0.250078,0.261310,0.141327,0.020741,0.000397,0.248955,0.001123,5.748826,0.000000,5.748826,5.748826,5.748826,2.874413,2.874413,0,0,1,0,0.000000,0.080000,0.008000,0.001000,5.000000,0.100000,22.000000,0.025000,0.000000
12.464000,0.500000,0.640000,-9.052806,-0.000000,-9.052806,-1.768582,0.000000,1.768582,-0.018936,-0.011239,0.030969,0.030969,0.049905,0.250647,0.261886,0.141487,0.020741,0.000398,0.249523,0.001124,5.761491,0.002879,5.764370,5.764370,5.764370,2.882185,2.882185,0,0,1,0,0.000000,0.080000,0.008000,0.001000,5.000000,0.100000,22.000000,0.025000,0.000000
12.469000,0.500000,0.640000,-9.061844,-0.000000,-9.061844,-1.770576,0.000000,1.770576,-0.018936,-0.011239,0.030969,0.030969,0.049905,0.250647,0.261886,0.141646,0.020741,0.000399,0.249523,0.001124,5.761491,0.000000,5.761491,5.761491,5.761491,2.880746,2.880746,0,0,1,0,0.000000,0.080000,0.008000,0.001000,5.000000,0.100000,22.000000,0.025000,0.000000
12.474000,0.500000,0.640000,-9.070893,-0.000000,-9.070893,-1.772577,0.000000,1.772577,-0.019048,-0.011219,0.030969,0.030969,0.050017,0.251206,0.262426,0.141806,0.020741,0.000400,0.250084,0.001122,5.773366,0.002699,5.776065,5.776065,5.776065,2.888033,2.888033,0,0,1,0,0.000000,0.080000,0.008000,0.001000,5.000000,0.100000,22.000000,0.025000,0.000000
12.479000,0.500000,0.640000,-9.079952,-0.000000,-9.079952,-1.774580,0.000000,1.774580,-0.019048,-0.011219,0.030969,0.030969,0.050017,0.251206,0.262426,0.141966,0.020741,0.000401,0.250084,0.001122,5.773366,0.000000,5.773366,5.773366,5.773366,2.886683,2.886683,0,0,1,0,0.000000,0.080000,0.008000,0.001000,5.000000,0.100000,22.000000,0.025000,0.000000
12.484000,0.500000,0.640000,-9.089022,-0.000000,-9.089022,-1.776588,0.000000,1.776588,-0.019159,-0.011185,0.030969,0.030969,0.050128,0.251758,0.262943,0.142127,0.020741,0.000402,0.250640,0.001119,5.784756,0.002589,5.787344,5.787344,5.787344,2.893672,2.893672,0,0,1,0,0.000000,0.080000,0.008000,0.001000,5.000000,0.100000,22.000000,0.025000,0.000000
12.489000,0.500000,0.640000,-9.098102,-0.000000,-9.098102,-1.778598,0.000000,1.778598,-0.019159,-0.011185,0.030969,0.030969,0.050128,0.251758,0.262943,0.142288,0.020741,0.000402,0.250640,0.001119,5.784756,0.000000,5.784756,5.784756,5.784756,2.892378,2.892378,0,0,1,0,0.000000,0.080000,0.008000,0.001000,5.000000,0.100000,22.000000,0.025000,0.000000
