time,height,base_link_height,p,p_0,delta_p,v,v_ref,v_error,pitch,pitch_rate,theta_eq,theta_ref,theta_error,theta_dot_ref,theta_dot_error,v_p,v_i,v_d,theta_p,theta_d,rate_p,rate_d,u_raw,u_rate_limited,u_clamped,tau_left,tau_right,is_saturated,is_rate_limited,control_enabled,force_active,force_value,kp_v,ki_v,kd_v,kp_theta,kd_theta,kp_rate,kd_rate,k_x
0.016000,0.360000,0.500000,0.000000,0.000000,0.000000,0.000000,0.000000,-0.000000,-0.000000,-0.000000,0.061667,0.061667,0.061667,0.296003,0.296003,-0.000000,-0.000000,-0.000000,0.296003,0.000000,6.926463,0.937342,7.863805,7.863805,7.863805,3.931902,3.931902,0,0,1,0,0.000000,0.080000,0.008000,0.001000,4.800000,0.086000,23.400000,0.028500,0.000000
0.025000,0.360000,0.500000,0.000000,0.000000,0.000000,0.000000,0.000000,-0.000000,-0.000000,-0.000000,0.061667,0.061667,0.061667,0.296003,0.296003,-0.000000,-0.000000,0.000000,0.296003,0.000000,6.926463,0.000000,6.926463,6.926463,6.926463,3.463231,3.463231,0,0,1,0,0.000000,0.080000,0.008000,0.001000,4.800000,0.086000,23.400000,0.028500,0.000000
0.030000,0.360000,0.500000,0.000000,0.000000,0.000000,0.000000,0.000000,-0.000000,-0.000000,-0.000000,0.061667,0.061667,0.061667,0.296003,0.296003,-0.000000,-0.000000,0.000000,0.296003,0.000000,6.926463,0.000000,6.926463,6.926463,6.926463,3.463231,3.463231,0,0,1,0,0.000000,0.080000,0.008000,0.001000,4.800000,0.086000,23.400000,0.028500,0.000000
0.039000,0.360000,0.500000,0.000000,0.000000,0.000000,-0.000000,0.000000,0.000000,-0.000000,-0.000000,0.061667,0.061667,0.061667,0.296003,0.296003,0.000000,0.000000,0.000000,0.296003,0.000000,6.926463,0.000000,6.926463,6.926463,6.926463,3.463231,3.463231,0,0,1,0,0.000000,0.080000,0.008000,0.001000,4.800000,0.086000,23.400000,0.028500,0.000000
0.048000,0.360000,0.500000,0.000000,0.000000,0.000000,-0.000000,0.000000,0.000000,0.000642,-0.011560,0.061667,0.061667,0.061025,0.293915,0.305475,0.000000,0.000000,-0.000000,0.292921,0.000994,7.148121,0.029997,7.178118,7.178118,7.178118,3.589059,3.589059,0,0,1,0,0.000000,0.080000,0.008000,0.001000,4.800000,0.086000,23.400000,0.028500,0.000000
0.053000,0.360000,0.500000,0.000000,0.000000,0.000000,-0.000000,0.000000,0.000000,-0.000154,-0.027764,0.061667,0.061667,0.061821,0.299129,0.326893,0.000000,0.000000,-0.000000,0.296741,0.002388,7.649303,0.122083,7.771386,7.771386,7.771386,3.885693,3.885693,0,0,1,0,0.000000,0.080000,0.008000,0.001000,4.800000,0.086000,23.400000,0.028500,0.000000
0.062000,0.360000,0.500000,-0.000303,0.000000,-0.000303,-0.004402,0.000000,0.004402,0.022762,0.283107,0.061667,0.061667,0.038905,0.162399,-0.120708,0.000352,0.000000,0.000489,0.186746,-0.024347,-2.824562,-1.417403,-4.241965,-4.241965,-4.241965,-2.120982,-2.120982,0,0,1,0,0.000000,0.080000,0.008000,0.001000,4.800000,0.086000,23.400000,0.028500,0.000000
0.071000,0.360000,0.500000,-0.002040,0.000000,-0.002040,-0.022673,0.000000,0.022673,0.027716,0.181164,0.061667,0.061667,0.033951,0.147386,-0.033778,0.001814,0.000002,0.002030,0.162966,-0.015580,-0.790407,0.275277,-0.515130,-0.515130,-0.515130,-0.257565,-0.257565,0,0,1,0,0.000000,0.080000,0.008000,0.001000,4.800000,0.086000,23.400000,0.028500,0.000000
0.076000,0.360000,0.500000,-0.003106,0.000000,-0.003106,-0.031182,0.000000,0.031182,0.027716,0.181164,0.061667,0.061667,0.033951,0.147386,-0.033778,0.002495,0.000003,0.001702,0.162966,-0.015580,-0.790407,0.000000,-0.790407,-0.790407,-0.790407,-0.395204,-0.395204,0,0,1,0,0.000000,0.080000,0.008000,0.001000,4.800000,0.086000,23.400000,0.028500,0.000000
0.081000,0.360000,0.500000,-0.003897,0.000000,-0.003897,-0.037046,0.000000,0.037046,0.020403,0.005327,0.061667,0.061667,0.041264,0.197609,0.192283,0.002964,0.000005,0.001173,0.198067,-0.000458,4.499413,1.288546,5.787958,5.787958,5.787958,2.893979,2.893979,0,0,1,0,0.000000,0.080000,0.008000,0.001000,4.800000,0.086000,23.400000,0.028500,0.000000
0.090000,0.360000,0.500000,-0.004462,0.000000,-0.004462,-0.040272,0.000000,0.040272,0.020403,0.005327,0.061667,0.061667,0.041264,0.197609,0.192283,0.003222,0.000008,0.000358,0.198067,-0.000458,4.499413,0.000000,4.499413,4.499413,4.499413,2.249706,2.249706,0,0,1,0,0.000000,0.080000,0.008000,0.001000,4.800000,0.086000,23.400000,0.028500,0.000000
0.095000,0.360000,0.500000,-0.005333,0.000000,-0.005333,-0.049848,0.000000,0.049848,0.013206,-0.125237,0.061667,0.061667,0.048461,0.243383,0.368620,0.003988,0.000010,0.001915,0.232612,0.010770,8.625702,1.005122,9.630824,9.630824,9.630824,4.815412,4.815412,0,0,1,0,0.000000,0.080000,0.008000,0.001000,4.800000,0.086000,23.400000,0.028500,0.000000
0.100000,0.360000,0.500000,-0.006832,0.000000,-0.006832,-0.065030,0.000000,0.065030,0.013206,-0.125237,0.061667,0.061667,0.048461,0.243383,0.368620,0.005202,0.000012,0.003036,0.232612,0.010770,8.625702,0.000000,8.625702,8.625702,8.625702,4.312851,4.312851,0,0,1,0,0.000000,0.080000,0.008000,0.001000,4.800000,0.086000,23.400000,0.028500,0.000000
0.109000,0.360000,0.500000,-0.011515,0.000000,-0.011515,-0.110106,0.000000,0.110106,0.006814,-0.217087,0.061667,0.061667,0.054854,0.281967,0.499054,0.008808,0.000020,0.005008,0.263297,0.018669,11.677860,0.413041,12.090902,12.090902,12.090902,6.045451,6.045451,0,0,1,0,0.000000,0.080000,0.008000,0.001000,4.800000,0.086000,23.400000,0.028500,0.000000
0.114000,0.360000,0.500000,-0.015093,0.000000,-0.015093,-0.143937,0.000000,0.143937,0.001251,-0.273600,0.061667,0.061667,0.060416,0.313529,0.587128,0.011515,0.000026,0.006766,0.289999,0.023530,13.738800,0.502024,14.240823,14.240823,14.240823,7.120412,7.120412,0,0,1,0,0.000000,0.080000,0.008000,0.001000,4.800000,0.086000,23.400000,0.028500,0.000000
0.119000,0.360000,0.500000,-0.019762,0.000000,-0.019762,-0.188526,0.000000,0.188526,0.001251,-0.273600,0.061667,0.061667,0.060416,0.313529,0.587128,0.015082,0.000033,0.008918,0.289999,0.023530,13.738800,0.000000,13.738800,13.738800,13.738800,6.869400,6.869400,0,0,1,0,0.000000,0.080000,0.008000,0.001000,4.800000,0.086000,23.400000,0.028500,0.000000
0.124000,0.360000,0.500000,-0.025795,0.000000,-0.025795,-0.245253,0.000000,0.245253,-0.003237,-0.295944,0.061667,0.061667,0.064904,0.336989,0.632933,0.019620,0.000043,0.011345,0.311538,0.025451,14.810631,0.261087,15.071718,15.071718,15.071718,7.535859,7.535859,0,0,1,0,0.000000,0.080000,0.008000,0.001000,4.800000,0.086000,23.400000,0.028500,0.000000
0.133000,0.360000,0.500000,-0.041850,0.000000,-0.041850,-0.388546,0.000000,0.388546,-0.006535,-0.292487,0.061667,0.061667,0.068202,0.352522,0.645009,0.031084,0.000071,0.015921,0.327368,0.025154,15.093220,0.038242,15.131462,15.131462,15.131462,7.565731,7.565731,0,0,1,0,0.000000,0.080000,0.008000,0.001000,4.800000,0.086000,23.400000,0.028500,0.000000
0.138000,0.360000,0.500000,-0.051828,0.000000,-0.051828,-0.473959,0.000000,0.473959,-0.006535,-0.292487,0.061667,0.061667,0.068202,0.352522,0.645009,0.037917,0.000090,0.017083,0.327368,0.025154,15.093220,0.000000,15.093220,15.093220,15.093220,7.546610,7.546610,0,0,1,0,0.000000,0.080000,0.008000,0.001000,4.800000,0.086000,23.400000,0.028500,0.000000
0.143000,0.360000,0.500000,-0.062328,0.000000,-0.062328,-0.555261,0.000000,0.555261,-0.008889,-0.279376,0.061667,0.061667,0.070557,0.362698,0.642074,0.044421,0.000090,0.016260,0.338672,0.024026,15.024533,-0.016731,15.007802,15.007802,15.007802,7.503901,7.503901,0,0,1,0,0.000000,0.080000,0.008000,0.001000,4.800000,0.086000,23.400000,0.028500,0.000000
0.148000,0.360000,0.500000,-0.072828,0.000000,-0.072828,-0.632498,0.000000,0.632498,-0.008889,-0.279376,0.061667,0.061667,0.070557,0.362698,0.642074,0.050600,0.000090,0.015447,0.338672,0.024026,15.024533,0.000000,15.024533,15.024533,15.024533,7.512267,7.512267,0,0,1,0,0.000000,0.080000,0.008000,0.001000,4.800000,0.086000,23.400000,0.028500,0.000000
0.153000,0.360000,0.500000,-0.083328,0.000000,-0.083328,-0.705873,0.000000,0.705873,-0.011118,-0.268446,0.061667,0.061667,0.072785,0.372455,0.640901,0.056470,0.000090,0.014675,0.349368,0.023086,14.997078,-0.006688,14.990390,14.990390,14.990390,7.495195,7.495195,0,0,1,0,0.000000,0.080000,0.008000,0.001000,4.800000,0.086000,23.400000,0.028500,0.000000
0.162000,0.360000,0.500000,-0.104328,0.000000,-0.104328,-0.841800,0.000000,0.841800,-0.013333,-0.259394,0.061667,0.061667,0.075000,0.382309,0.641703,0.067344,0.000090,0.015103,0.360001,0.022308,15.015839,0.002539,15.018378,15.018378,15.018378,7.509189,7.509189,0,0,1,0,0.000000,0.080000,0.008000,0.001000,4.800000,0.086000,23.400000,0.028500,0.000000
0.167000,0.360000,0.500000,-0.114828,0.000000,-0.114828,-0.904710,0.000000,0.904710,-0.013333,-0.259394,0.061667,0.061667,0.075000,0.382309,0.641703,0.072377,0.000090,0.012582,0.360001,0.022308,15.015839,0.000000,15.015839,15.015839,15.015839,7.507920,7.507920,0,0,1,0,0.000000,0.080000,0.008000,0.001000,4.800000,0.086000,23.400000,0.028500,0.000000
0.172000,0.360000,0.500000,-0.125328,0.000000,-0.125328,-0.964475,0.000000,0.964475,-0.015539,-0.251933,0.061667,0.061667,0.077207,0.392258,0.644191,0.077158,0.000090,0.011953,0.370592,0.021666,15.074071,0.014185,15.088256,15.088256,15.088256,7.544128,7.544128,0,0,1,0,0.000000,0.080000,0.008000,0.001000,4.800000,0.086000,23.400000,0.028500,0.000000
0.177000,0.360000,0.500000,-0.135828,0.000000,-0.135828,-1.021251,0.000000,1.021251,-0.015539,-0.251933,0.061667,0.061667,0.077207,0.392258,0.644191,0.081700,0.000090,0.011355,0.370592,0.021666,15.074071,0.000000,15.074071,15.074071,15.074071,7.537036,7.537036,0,0,1,0,0.000000,0.080000,0.008000,0.001000,4.800000,0.086000,23.400000,0.028500,0.000000
0.182000,0.360000,0.500000,-0.146328,0.000000,-0.146328,-1.075189,0.000000,1.075189,-0.017740,-0.245807,0.061667,0.061667,0.079407,0.402295,0.648102,0.086015,0.000090,0.010787,0.381156,0.021139,15.165586,0.022292,15.187878,15.187878,15.187878,7.593939,7.593939,0,0,1,0,0.000000,0.080000,0.008000,0.001000,4.800000,0.086000,23.400000,0.028500,0.000000
0.187000,0.360000,0.500000,-0.156828,0.000000,-0.156828,-1.126429,0.000000,1.126429,-0.017740,-0.245807,0.061667,0.061667,0.079407,0.402295,0.648102,0.090114,0.000090,0.010248,0.381156,0.021139,15.165586,0.000000,15.165586,15.165586,15.165586,7.582793,7.582793,0,0,1,0,0.000000,0.080000,0.008000,0.001000,4.800000,0.086000,23.400000,0.028500,0.000000
0.196000,0.360000,0.500000,-0.177828,0.000000,-0.177828,-1.221352,0.000000,1.221352,-0.019937,-0.240792,0.061667,0.061667,0.081604,0.412409,0.653201,0.097708,0.000090,0.010547,0.391701,0.020708,15.284904,0.016147,15.301051,15.301051,15.301051,7.650525,7.650525,0,0,1,0,0.000000,0.080000,0.008000,0.001000,4.800000,0.086000,23.400000,0.028500,0.000000
0.201000,0.360000,0.500000,-0.188328,0.000000,-0.188328,-1.265285,0.000000,1.265285,-0.022132,-0.236695,0.061667,0.061667,0.083799,0.422590,0.659286,0.101223,0.000090,0.008786,0.402235,0.020356,15.427289,0.034684,15.461973,15.461973,15.461973,7.730986,7.730986,0,0,1,0,0.000000,0.080000,0.008000,0.001000,4.800000,0.086000,23.400000,0.028500,0.000000
0.206000,0.360000,0.500000,-0.198828,0.000000,-0.198828,-1.307020,0.000000,1.307020,-0.022132,-0.236695,0.061667,0.061667,0.083799,0.422590,0.659286,0.104562,0.000090,0.008347,0.402235,0.020356,15.427289,0.000000,15.427289,15.427289,15.427289,7.713645,7.713645,0,0,1,0,0.000000,0.080000,0.008000,0.001000,4.800000,0.086000,23.400000,0.028500,0.000000
0.211000,0.360000,0.500000,-0.209328,0.000000,-0.209328,-1.346669,0.000000,1.346669,-0.024324,-0.233355,0.061667,0.061667,0.085992,0.432829,0.666184,0.107734,0.000090,0.007930,0.412760,0.020069,15.588712,0.039321,15.628033,15.628033,15.628033,7.814016,7.814016,0,0,1,0,0.000000,0.080000,0.008000,0.001000,4.800000,0.086000,23.400000,0.028500,0.000000
0.216000,0.360000,0.500000,-0.219828,0.000000,-0.219828,-1.384336,0.000000,1.384336,-0.024324,-0.233355,0.061667,0.061667,0.085992,0.432829,0.666184,0.110747,0.000090,0.007533,0.412760,0.020069,15.588712,0.000000,15.588712,15.588712,15.588712,7.794356,7.794356,0,0,1,0,0.000000,0.080000,0.008000,0.001000,4.800000,0.086000,23.400000,0.028500,0.000000
0.225000,0.360000,0.500000,-0.230328,0.000000,-0.230328,-1.420119,0.000000,1.420119,-0.026516,-0.230636,0.061667,0.061667,0.088183,0.443115,0.673751,0.113610,0.000090,0.003976,0.423280,0.019835,15.765782,0.023962,15.789744,15.789744,15.789744,7.894872,7.894872,0,0,1,0,0.000000,0.080000,0.008000,0.001000,4.800000,0.086000,23.400000,0.028500,0.000000
0.230000,0.360000,0.500000,-0.240828,0.000000,-0.240828,-1.454113,0.000000,1.454113,-0.026516,-0.230636,0.061667,0.061667,0.088183,0.443115,0.673751,0.116329,0.000090,0.006799,0.423280,0.019835,15.765782,0.000000,15.765782,15.765782,15.765782,7.882891,7.882891,0,0,1,0,0.000000,0.080000,0.008000,0.001000,4.800000,0.086000,23.400000,0.028500,0.000000
0.235000,0.360000,0.500000,-0.251328,0.000000,-0.251328,-1.486408,0.000000,1.486408,-0.028707,-0.228425,0.061667,0.061667,0.090374,0.453442,0.681866,0.118913,0.000090,0.006459,0.433797,0.019645,15.955674,0.046256,16.001929,16.001929,16.001929,8.000965,8.000965,0,0,1,0,0.000000,0.080000,0.008000,0.001000,4.800000,0.086000,23.400000,0.028500,0.000000
0.240000,0.360000,0.500000,-0.261828,0.000000,-0.261828,-1.517087,0.000000,1.517087,-0.028707,-0.228425,0.061667,0.061667,0.090374,0.453442,0.681866,0.121367,0.000090,0.006136,0.433797,0.019645,15.955674,0.000000,15.955674,15.955674,15.955674,7.977837,7.977837,0,0,1,0,0.000000,0.080000,0.008000,0.001000,4.800000,0.086000,23.400000,0.028500,0.000000
0.245000,0.360000,0.500000,-0.272328,0.000000,-0.272328,-1.546233,0.000000,1.546233,-0.030898,-0.226628,0.061667,0.061667,0.092565,0.463801,0.690429,0.123699,0.000090,0.005829,0.444311,0.019490,16.156046,0.048809,16.204854,16.204854,16.204854,8.102427,8.102427,0,0,1,0,0.000000,0.080000,0.008000,0.001000,4.800000,0.086000,23.400000,0.028500,0.000000
0.250000,0.360000,0.500000,-0.282828,0.000000,-0.282828,-1.573921,0.000000,1.573921,-0.030898,-0.226628,0.061667,0.061667,0.092565,0.463801,0.690429,0.125914,0.000090,0.005538,0.444311,0.019490,16.156046,0.000000,16.156046,16.156046,16.156046,8.078023,8.078023,0,0,1,0,0.000000,0.080000,0.008000,0.001000,4.800000,0.086000,23.400000,0.028500,0.000000
0.255000,0.360000,0.500000,-0.293328,0.000000,-0.293328,-1.600225,0.000000,1.600225,-0.033088,-0.225169,0.061667,0.061667,0.094755,0.474188,0.699358,0.128018,0.000090,0.005261,0.454824,0.019365,16.364967,0.050891,16.415858,16.415858,16.415858,8.207929,8.207929,0,0,1,0,0.000000,0.080000,0.008000,0.001000,4.800000,0.086000,23.400000,0.028500,0.000000
0.264000,0.360000,0.500000,-0.301624,0.000000,-0.301624,-1.517034,0.000000,1.517034,-0.020971,0.053218,0.061667,0.061667,0.082638,0.392085,0.338867,0.121363,0.000090,-0.009243,0.396662,-0.004577,7.929491,-1.141553,6.787938,6.787938,6.787938,3.393969,3.393969,0,0,1,0,0.000000,0.080000,0.008000,0.001000,4.800000,0.086000,23.400000,0.028500,0.000000
0.269000,0.360000,0.500000,-0.306241,0.000000,-0.306241,-1.490110,0.000000,1.490110,-0.020971,0.053218,0.061667,0.061667,0.082638,0.392085,0.338867,0.119209,0.000090,-0.005385,0.396662,-0.004577,7.929491,0.000000,7.929491,7.929491,7.929491,3.964746,3.964746,0,0,1,0,0.000000,0.080000,0.008000,0.001000,4.800000,0.086000,23.400000,0.028500,0.000000
0.274000,0.360000,0.500000,-0.311237,0.000000,-0.311237,-1.466286,0.000000,1.466286,-0.006286,0.340902,0.061667,0.061667,0.067953,0.296858,-0.044044,0.117303,0.000090,-0.004765,0.326176,-0.029318,-1.030625,-2.182592,-3.213218,-3.213218,-3.213218,-1.606609,-1.606609,0,0,1,0,0.000000,0.080000,0.008000,0.001000,4.800000,0.086000,23.400000,0.028500,0.000000
0.279000,0.360000,0.500000,-0.316443,0.000000,-0.316443,-1.445980,0.000000,1.445980,-0.006286,0.340902,0.061667,0.061667,0.067953,0.296858,-0.044044,0.115678,0.000090,-0.004061,0.326176,-0.029318,-1.030625,0.000000,-1.030625,-1.030625,-1.030625,-0.515313,-0.515313,0,0,1,0,0.000000,0.080000,0.008000,0.001000,4.800000,0.086000,23.400000,0.028500,0.000000
0.284000,0.360000,0.500000,-0.321507,0.000000,-0.321507,-1.422789,0.000000,1.422789,0.009755,0.567313,0.061667,0.061667,0.051912,0.200388,-0.366924,0.113823,0.000090,-0.004638,0.249177,-0.048789,-8.586029,-1.840419,-10.426447,-10.426447,-10.426447,-5.213224,-5.213224,0,0,1,0,0.000000,0.080000,0.008000,0.001000,4.800000,0.086000,23.400000,0.028500,0.000000
0.289000,0.360000,0.500000,-0.326315,0.000000,-0.326315,-1.398973,0.000000,1.398973,0.009755,0.567313,0.061667,0.061667,0.051912,0.200388,-0.366924,0.111918,0.000090,-0.004763,0.249177,-0.048789,-8.586029,0.000000,-8.586029,-8.586029,-8.586029,-4.293014,-4.293014,0,0,1,0,0.000000,0.080000,0.008000,0.001000,4.800000,0.086000,23.400000,0.028500,0.000000
0.294000,0.360000,0.500000,-0.330559,0.000000,-0.330559,-1.368448,0.000000,1.368448,0.023587,0.684841,0.061667,0.061667,0.038080,0.123887,-0.560954,0.109476,0.000090,-0.006105,0.182783,-0.058896,-13.126326,-1.105970,-14.232296,-14.232296,-14.232296,-7.116148,-7.116148,0,0,1,0,0.000000,0.080000,0.008000,0.001000,4.800000,0.086000,23.400000,0.028500,0.000000
0.299000,0.360000,0.500000,-0.334218,0.000000,-0.334218,-1.333769,0.000000,1.333769,0.023587,0.684841,0.061667,0.061667,0.038080,0.123887,-0.560954,0.106702,0.000090,-0.006936,0.182783,-0.058896,-13.126326,0.000000,-13.126326,-13.126326,-13.126326,-6.563163,-6.563163,0,0,1,0,0.000000,0.080000,0.008000,0.001000,4.800000,0.086000,23.400000,0.028500,0.000000
0.304000,0.360000,0.500000,-0.337066,0.000000,-0.337066,-1.292523,0.000000,1.292523,0.032593,0.673186,0.061667,0.061667,0.029074,0.081661,-0.591525,0.103402,0.000090,-0.008249,0.139555,-0.057894,-13.841680,-0.174253,-14.015933,-14.015933,-14.015933,-7.007966,-7.007966,0,0,1,0,0.000000,0.080000,0.008000,0.001000,4.800000,0.086000,23.400000,0.028500,0.000000
0.313000,0.360000,0.500000,-0.340522,0.000000,-0.340522,-1.194088,0.000000,1.194088,0.035439,0.546796,0.061667,0.061667,0.026229,0.078873,-0.467923,0.095527,0.000090,-0.010937,0.125897,-0.047024,-10.949403,0.391405,-10.557998,-10.557998,-10.557998,-5.278999,-5.278999,0,0,1,0,0.000000,0.080000,0.008000,0.001000,4.800000,0.086000,23.400000,0.028500,0.000000
0.318000,0.360000,0.500000,-0.341082,0.000000,-0.341082,-1.136929,0.000000,1.136929,0.035439,0.546796,0.061667,0.061667,0.026229,0.078873,-0.467923,0.090954,0.000090,-0.011432,0.125897,-0.047024,-10.949403,0.000000,-10.949403,-10.949403,-10.949403,-5.474701,-5.474701,0,0,1,0,0.000000,0.080000,0.008000,0.001000,4.800000,0.086000,23.400000,0.028500,0.000000
0.323000,0.360000,0.500000,-0.340992,0.000000,-0.340992,-1.076929,0.000000,1.076929,0.032472,0.345897,0.061667,0.061667,0.029195,0.110388,-0.235509,0.086154,0.000090,-0.012000,0.140135,-0.029747,-5.510911,1.324761,-4.186151,-4.186151,-4.186151,-2.093075,-2.093075,0,0,1,0,0.000000,0.080000,0.008000,0.001000,4.800000,0.086000,23.400000,0.028500,0.000000
0.328000,0.360000,0.500000,-0.340331,0.000000,-0.340331,-1.014192,0.000000,1.014192,0.032472,0.345897,0.061667,0.061667,0.029195,0.110388,-0.235509,0.081135,0.000090,-0.012547,0.140135,-0.029747,-5.510911,0.000000,-5.510911,-5.510911,-5.510911,-2.755456,-2.755456,0,0,1,0,0.000000,0.080000,0.008000,0.001000,4.800000,0.086000,23.400000,0.028500,0.000000
0.333000,0.360000,0.500000,-0.339307,0.000000,-0.339307,-0.952533,0.000000,0.952533,0.025363,0.125785,0.061667,0.061667,0.036304,0.163441,0.037656,0.076203,0.000090,-0.012332,0.174259,-0.010818,0.881151,1.557041,2.438192,2.438192,2.438192,1.219096,1.219096,0,0,1,0,0.000000,0.080000,0.008000,0.001000,4.800000,0.086000,23.400000,0.028500,0.000000
0.338000,0.360000,0.500000,-0.338049,0.000000,-0.338049,-0.891258,0.000000,0.891258,0.025363,0.125785,0.061667,0.061667,0.036304,0.163441,0.037656,0.071301,0.000126,-0.012255,0.174259,-0.010818,0.881151,0.000000,0.881151,0.881151,0.881151,0.440576,0.440576,0,0,1,0,0.000000,0.080000,0.008000,0.001000,4.800000,0.086000,23.400000,0.028500,0.000000
0.343000,0.360000,0.500000,-0.336778,0.000000,-0.336778,-0.834537,0.000000,0.834537,0.016566,-0.061788,0.061667,0.061667,0.045102,0.221801,0.283589,0.066763,0.000159,-0.011344,0.216487,0.005314,6.635985,1.401818,8.037803,8.037803,8.037803,4.018902,4.018902,0,0,1,0,0.000000,0.080000,0.008000,0.001000,4.800000,0.086000,23.400000,0.028500,0.000000
0.352000,0.360000,0.500000,-0.334707,0.000000,-0.334707,-0.734980,0.000000,0.734980,0.008628,-0.178273,0.061667,0.061667,0.053039,0.269919,0.448191,0.058798,0.000212,-0.011062,0.254587,0.015331,10.487681,0.521241,11.008921,11.008921,11.008921,5.504461,5.504461,0,0,1,0,0.000000,0.080000,0.008000,0.001000,4.800000,0.086000,23.400000,0.028500,0.000000
0.357000,0.360000,0.500000,-0.334234,0.000000,-0.334234,-0.695157,0.000000,0.695157,0.008628,-0.178273,0.061667,0.061667,0.053039,0.269919,0.448191,0.055613,0.000240,-0.007965,0.254587,0.015331,10.487681,0.000000,10.487681,10.487681,10.487681,5.243840,5.243840,0,0,1,0,0.000000,0.080000,0.008000,0.001000,4.800000,0.086000,23.400000,0.028500,0.000000
0.362000,0.360000,0.500000,-0.334278,0.000000,-0.334278,-0.662882,0.000000,0.662882,0.003775,-0.202283,0.061667,0.061667,0.057892,0.295277,0.497559,0.053031,0.000266,-0.006455,0.277881,0.017396,11.642891,0.281397,11.924288,11.924288,11.924288,5.962144,5.962144,0,0,1,0,0.000000,0.080000,0.008000,0.001000,4.800000,0.086000,23.400000,0.028500,0.000000
0.367000,0.360000,0.500000,-0.334835,0.000000,-0.334835,-0.637342,0.000000,0.637342,0.003775,-0.202283,0.061667,0.061667,0.057892,0.295277,0.497559,0.050987,0.000292,-0.005108,0.277881,0.017396,11.642891,0.000000,11.642891,11.642891,11.642891,5.821445,5.821445,0,0,1,0,0.000000,0.080000,0.008000,0.001000,4.800000,0.086000,23.400000,0.028500,0.000000
0.372000,0.360000,0.500000,-0.335939,0.000000,-0.335939,-0.618791,0.000000,0.618791,0.002948,-0.143393,0.061667,0.061667,0.058719,0.294183,0.437577,0.049503,0.000317,-0.003710,0.281852,0.012332,10.239299,-0.341900,9.897399,9.897399,9.897399,4.948699,4.948699,0,0,1,0,0.000000,0.080000,0.008000,0.001000,4.800000,0.086000,23.400000,0.028500,0.000000
0.377000,0.360000,0.500000,-0.337595,0.000000,-0.337595,-0.606568,0.000000,0.606568,0.002948,-0.143393,0.061667,0.061667,0.058719,0.294183,0.437577,0.048525,0.000341,-0.002445,0.281852,0.012332,10.239299,0.000000,10.239299,10.239299,10.239299,5.119650,5.119650,0,0,1,0,0.000000,0.080000,0.008000,0.001000,4.800000,0.086000,23.400000,0.028500,0.000000
0.382000,0.360000,0.500000,-0.339729,0.000000,-0.339729,-0.599301,0.000000,0.599301,0.006168,-0.025401,0.061667,0.061667,0.055499,0.268581,0.293982,0.047944,0.000365,-0.001453,0.266396,0.002185,6.879180,-0.818491,6.060689,6.060689,6.060689,3.030344,3.030344,0,0,1,0,0.000000,0.080000,0.008000,0.001000,4.800000,0.086000,23.400000,0.028500,0.000000
0.387000,0.360000,0.500000,-0.342313,0.000000,-0.342313,-0.596802,0.000000,0.596802,0.006168,-0.025401,0.061667,0.061667,0.055499,0.268581,0.293982,0.047744,0.000389,-0.000500,0.266396,0.002185,6.879180,0.000000,6.879180,6.879180,6.879180,3.439590,3.439590,0,0,1,0,0.000000,0.080000,0.008000,0.001000,4.800000,0.086000,23.400000,0.028500,0.000000
0.396000,0.360000,0.500000,-0.348297,0.000000,-0.348297,-0.598824,0.000000,0.598824,0.012509,0.116893,0.061667,0.061667,0.049158,0.225907,0.109014,0.047906,0.000432,0.000225,0.235959,-0.010053,2.550928,-0.585732,1.965196,1.965196,1.965196,0.982598,0.982598,0,0,1,0,0.000000,0.080000,0.008000,0.001000,4.800000,0.086000,23.400000,0.028500,0.000000
0.401000,0.360000,0.500000,-0.351662,0.000000,-0.351662,-0.603428,0.000000,0.603428,0.020766,0.267427,0.061667,0.061667,0.040901,0.173325,-0.094101,0.048274,0.000456,0.000921,0.196324,-0.022999,-2.201972,-1.157758,-3.359730,-3.359730,-3.359730,-1.679865,-1.679865,0,0,1,0,0.000000,0.080000,0.008000,0.001000,4.800000,0.086000,23.400000,0.028500,0.000000
0.406000,0.360000,0.500000,-0.355107,0.000000,-0.355107,-0.607645,0.000000,0.607645,0.020766,0.267427,0.061667,0.061667,0.040901,0.173325,-0.094101,0.048612,0.000480,0.000844,0.196324,-0.022999,-2.201972,0.000000,-2.201972,-2.201972,-2.201972,-1.100986,-1.100986,0,0,1,0,0.000000,0.080000,0.008000,0.001000,4.800000,0.086000,23.400000,0.028500,0.000000
0.411000,0.360000,0.500000,-0.358363,0.000000,-0.358363,-0.608755,0.000000,0.608755,0.029452,0.365985,0.061667,0.061667,0.032215,0.123157,-0.242828,0.048700,0.000505,0.000222,0.154632,-0.031475,-5.682176,-0.847742,-6.529918,-6.529918,-6.529918,-3.264959,-3.264959,0,0,1,0,0.000000,0.080000,0.008000,0.001000,4.800000,0.086000,23.400000,0.028500,0.000000
0.416000,0.360000,0.500000,-0.361374,0.000000,-0.361374,-0.607611,0.000000,0.607611,0.029452,0.365985,0.061667,0.061667,0.032215,0.123157,-0.242828,0.048609,0.000529,-0.000229,0.154632,-0.031475,-5.682176,0.000000,-5.682176,-5.682176,-5.682176,-2.841088,-2.841088,0,0,1,0,0.000000,0.080000,0.008000,0.001000,4.800000,0.086000,23.400000,0.028500,0.000000
0.421000,0.360000,0.500000,-0.364040,0.000000,-0.364040,-0.602154,0.000000,0.602154,0.036107,0.396789,0.061667,0.061667,0.025560,0.088566,-0.308223,0.048172,0.000553,-0.001091,0.122690,-0.034124,-7.212408,-0.372749,-7.585156,-7.585156,-7.585156,-3.792578,-3.792578,0,0,1,0,0.000000,0.080000,0.008000,0.001000,4.800000,0.086000,23.400000,0.028500,0.000000
0.426000,0.360000,0.500000,-0.366304,0.000000,-0.366304,-0.593178,0.000000,0.593178,0.036107,0.396789,0.061667,0.061667,0.025560,0.088566,-0.308223,0.047454,0.000577,-0.001795,0.122690,-0.034124,-7.212408,0.000000,-7.212408,-7.212408,-7.212408,-3.606204,-3.606204,0,0,1,0,0.000000,0.080000,0.008000,0.001000,4.800000,0.086000,23.400000,0.028500,0.000000
0.431000,0.360000,0.500000,-0.368136,0.000000,-0.368136,-0.579989,0.000000,0.579989,0.039652,0.358977,0.061667,0.061667,0.022016,0.074803,-0.284174,0.046399,0.000600,-0.002638,0.105675,-0.030872,-6.649669,0.137077,-6.512592,-6.512592,-6.512592,-3.256296,-3.256296,0,0,1,0,0.000000,0.080000,0.008000,0.001000,4.800000,0.086000,23.400000,0.028500,0.000000
0.436000,0.360000,0.500000,-0.369522,0.000000,-0.369522,-0.563133,0.000000,0.563133,0.039652,0.358977,0.061667,0.061667,0.022016,0.074803,-0.284174,0.045051,0.000623,-0.003371,0.105675,-0.030872,-6.649669,0.000000,-6.649669,-6.649669,-6.649669,-3.324835,-3.324835,0,0,1,0,0.000000,0.080000,0.008000,0.001000,4.800000,0.086000,23.400000,0.028500,0.000000
0.441000,0.360000,0.500000,-0.370506,0.000000,-0.370506,-0.543287,0.000000,0.543287,0.039826,0.267797,0.061667,0.061667,0.021842,0.081809,-0.185988,0.043463,0.000644,-0.003969,0.104840,-0.023031,-4.352115,0.559661,-3.792454,-3.792454,-3.792454,-1.896227,-1.896227,0,0,1,0,0.000000,0.080000,0.008000,0.001000,4.800000,0.086000,23.400000,0.028500,0.000000
0.450000,0.360000,0.500000,-0.371428,0.000000,-0.371428,-0.496930,0.000000,0.496930,0.037168,0.149290,0.061667,0.061667,0.024499,0.104758,-0.044532,0.039754,0.000680,-0.005151,0.117597,-0.012839,-1.042041,0.447945,-0.594096,-0.594096,-0.594096,-0.297048,-0.297048,0,0,1,0,0.000000,0.080000,0.008000,0.001000,4.800000,0.086000,23.400000,0.028500,0.000000
0.455000,0.360000,0.500000,-0.371428,0.000000,-0.371428,-0.496930,0.000000,0.496930,0.037168,0.149290,0.061667,0.061667,0.024499,0.104758,-0.044532,0.039754,0.000700,0.000000,0.117597,-0.012839,-1.042041,0.000000,-1.042041,-1.042041,-1.042041,-0.521020,-0.521020,0,0,1,0,0.000000,0.080000,0.008000,0.001000,4.800000,0.086000,23.400000,0.028500,0.000000
0.460000,0.360000,0.500000,-0.371518,0.000000,-0.371518,-0.448412,0.000000,0.448412,0.032882,0.088492,0.061667,0.061667,0.028785,0.130557,0.042065,0.035873,0.000718,-0.009703,0.138168,-0.007610,0.984330,0.493603,1.477933,1.477933,1.477933,0.738966,0.738966,0,0,1,0,0.000000,0.080000,0.008000,0.001000,4.800000,0.086000,23.400000,0.028500,0.000000
0.465000,0.360000,0.500000,-0.371518,0.000000,-0.371518,-0.448412,0.000000,0.448412,0.032882,0.033774,0.061667,0.061667,0.028785,0.135263,0.101489,0.035873,0.000736,0.000000,0.138168,-0.002905,2.374854,0.338717,2.713571,2.713571,2.713571,1.356785,1.356785,0,0,1,0,0.000000,0.080000,0.008000,0.001000,4.800000,0.086000,23.400000,0.028500,0.000000
0.470000,0.360000,0.500000,-0.371455,0.000000,-0.371455,-0.425102,0.000000,0.425102,0.032882,0.033774,0.061667,0.061667,0.028785,0.135263,0.101489,0.034008,0.000753,-0.004662,0.138168,-0.002905,2.374854,0.000000,2.374854,2.374854,2.374854,1.187427,1.187427,0,0,1,0,0.000000,0.080000,0.008000,0.001000,4.800000,0.086000,23.400000,0.028500,0.000000
0.475000,0.360000,0.500000,-0.371409,0.000000,-0.371409,-0.403625,0.000000,0.403625,0.028146,-0.060505,0.061667,0.061667,0.033521,0.166103,0.226609,0.032290,0.000769,-0.004295,0.160900,0.005203,5.302640,0.713179,6.015819,6.015819,6.015819,3.007909,3.007909,0,0,1,0,0.000000,0.080000,0.008000,0.001000,4.800000,0.086000,23.400000,0.028500,0.000000
0.480000,0.360000,0.500000,-0.371464,0.000000,-0.371464,-0.384504,0.000000,0.384504,0.028146,-0.060505,0.061667,0.061667,0.033521,0.166103,0.226609,0.030760,0.000784,-0.003824,0.160900,0.005203,5.302640,0.000000,5.302640,5.302640,5.302640,2.651320,2.651320,0,0,1,0,0.000000,0.080000,0.008000,0.001000,4.800000,0.086000,23.400000,0.028500,0.000000
0.489000,0.360000,0.500000,-0.372299,0.000000,-0.372299,-0.357322,0.000000,0.357322,0.024236,-0.106730,0.061667,0.061667,0.037431,0.188847,0.295578,0.028586,0.000810,-0.003020,0.179669,0.009179,6.916519,0.218402,7.134922,7.134922,7.134922,3.567461,3.567461,0,0,1,0,0.000000,0.080000,0.008000,0.001000,4.800000,0.086000,23.400000,0.028500,0.000000
0.494000,0.360000,0.500000,-0.373093,0.000000,-0.373093,-0.348360,0.000000,0.348360,0.022219,-0.109268,0.061667,0.061667,0.039448,0.198748,0.308016,0.027869,0.000824,-0.001792,0.189350,0.009397,7.207567,0.070896,7.278463,7.278463,7.278463,3.639231,3.639231,0,0,1,0,0.000000,0.080000,0.008000,0.001000,4.800000,0.086000,23.400000,0.028500,0.000000
0.499000,0.360000,0.500000,-0.374182,0.000000,-0.374182,-0.343130,0.000000,0.343130,0.022219,-0.109268,0.061667,0.061667,0.039448,0.198748,0.308016,0.027450,0.000838,-0.001046,0.189350,0.009397,7.207567,0.000000,7.207567,7.207567,7.207567,3.603783,3.603783,0,0,1,0,0.000000,0.080000,0.008000,0.001000,4.800000,0.086000,23.400000,0.028500,0.000000
0.504000,0.360000,0.500000,-0.375597,0.000000,-0.375597,-0.341425,0.000000,0.341425,0.022385,-0.064301,0.061667,0.061667,0.039282,0.194085,0.258386,0.027314,0.000851,-0.000341,0.188555,0.005530,6.046226,-0.282891,5.763336,5.763336,5.763336,2.881668,2.881668,0,0,1,0,0.000000,0.080000,0.008000,0.001000,4.800000,0.086000,23.400000,0.028500,0.000000
0.509000,0.360000,0.500000,-0.377331,0.000000,-0.377331,-0.342936,0.000000,0.342936,0.022385,-0.064301,0.061667,0.061667,0.039282,0.194085,0.258386,0.027435,0.000865,0.000302,0.188555,0.005530,6.046226,0.000000,6.046226,6.046226,6.046226,3.023113,3.023113,0,0,1,0,0.000000,0.080000,0.008000,0.001000,4.800000,0.086000,23.400000,0.028500,0.000000
0.514000,0.360000,0.500000,-0.379327,0.000000,-0.379327,-0.346666,0.000000,0.346666,0.024866,0.010932,0.061667,0.061667,0.036802,0.175707,0.164776,0.027733,0.000879,0.000746,0.176648,-0.000940,3.855750,-0.533578,3.322172,3.322172,3.322172,1.661086,1.661086,0,0,1,0,0.000000,0.080000,0.008000,0.001000,4.800000,0.086000,23.400000,0.028500,0.000000
0.519000,0.360000,0.500000,-0.381558,0.000000,-0.381558,-0.352589,0.000000,0.352589,0.024866,0.010932,0.061667,0.061667,0.036802,0.175707,0.164776,0.028207,0.000893,0.001185,0.176648,-0.000940,3.855750,0.000000,3.855750,3.855750,3.855750,1.927875,1.927875,0,0,1,0,0.000000,0.080000,0.008000,0.001000,4.800000,0.086000,23.400000,0.028500,0.000000
0.524000,0.360000,0.500000,-0.383938,0.000000,-0.383938,-0.359120,0.000000,0.359120,0.028996,0.095023,0.061667,0.061667,0.032671,0.148649,0.053626,0.028730,0.000907,0.001306,0.156821,-0.008172,1.254842,-0.633554,0.621288,0.621288,0.621288,0.310644,0.310644,0,0,1,0,0.000000,0.080000,0.008000,0.001000,4.800000,0.086000,23.400000,0.028500,0.000000
0.529000,0.360000,0.500000,-0.386428,0.000000,-0.386428,-0.366486,0.000000,0.366486,0.028996,0.095023,0.061667,0.061667,0.032671,0.148649,0.053626,0.029319,0.000922,0.001473,0.156821,-0.008172,1.254842,0.000000,1.254842,1.254842,1.254842,0.627421,0.627421,0,0,1,0,0.000000,0.080000,0.008000,0.001000,4.800000,0.086000,23.400000,0.028500,0.000000
0.534000,0.360000,0.500000,-0.388926,0.000000,-0.388926,-0.372894,0.000000,0.372894,0.033800,0.167033,0.061667,0.061667,0.027867,0.119396,-0.047637,0.029832,0.000937,0.001282,0.133761,-0.014365,-1.114697,-0.577195,-1.691892,-1.691892,-1.691892,-0.845946,-0.845946,0,0,1,0,0.000000,0.080000,0.008000,0.001000,4.800000,0.086000,23.400000,0.028500,0.000000
0.543000,0.360000,0.500000,-0.393749,0.000000,-0.393749,-0.382787,0.000000,0.382787,0.038251,0.210500,0.061667,0.061667,0.023417,0.094296,-0.116204,0.030623,0.000965,0.001099,0.112399,-0.018103,-2.719171,-0.217130,-2.936301,-2.936301,-2.936301,-1.468150,-1.468150,0,0,1,0,0.000000,0.080000,0.008000,0.001000,4.800000,0.086000,23.400000,0.028500,0.000000
0.548000,0.360000,0.500000,-0.395939,0.000000,-0.395939,-0.384887,0.000000,0.384887,0.038251,0.210500,0.061667,0.061667,0.023417,0.094296,-0.116204,0.030791,0.000980,0.000420,0.112399,-0.018103,-2.719171,0.000000,-2.719171,-2.719171,-2.719171,-1.359585,-1.359585,0,0,1,0,0.000000,0.080000,0.008000,0.001000,4.800000,0.086000,23.400000,0.028500,0.000000
0.553000,0.360000,0.500000,-0.397928,0.000000,-0.397928,-0.384643,0.000000,0.384643,0.041418,0.216499,0.061667,0.061667,0.020249,0.078576,-0.137923,0.030771,0.000995,-0.000049,0.097195,-0.018619,-3.227403,-0.123800,-3.351203,-3.351203,-3.351203,-1.675601,-1.675601,0,0,1,0,0.000000,0.080000,0.008000,0.001000,4.800000,0.086000,23.400000,0.028500,0.000000
0.558000,0.360000,0.500000,-0.399704,0.000000,-0.399704,-0.382355,0.000000,0.382355,0.041418,0.216499,0.061667,0.061667,0.020249,0.078576,-0.137923,0.030588,0.001011,-0.000458,0.097195,-0.018619,-3.227403,0.000000,-3.227403,-3.227403,-3.227403,-1.613701,-1.613701,0,0,1,0,0.000000,0.080000,0.008000,0.001000,4.800000,0.086000,23.400000,0.028500,0.000000
0.563000,0.360000,0.500000,-0.401259,0.000000,-0.401259,-0.377862,0.000000,0.377862,0.042915,0.188622,0.061667,0.061667,0.018753,0.073791,-0.114831,0.030229,0.001026,-0.000899,0.090012,-0.016221,-2.687047,0.131625,-2.555421,-2.555421,-2.555421,-1.277711,-1.277711,0,0,1,0,0.000000,0.080000,0.008000,0.001000,4.800000,0.086000,23.400000,0.028500,0.000000
0.568000,0.360000,0.500000,-0.402589,0.000000,-0.402589,-0.371407,0.000000,0.371407,0.042915,0.188622,0.061667,0.061667,0.018753,0.073791,-0.114831,0.029713,0.001041,-0.001291,0.090012,-0.016221,-2.687047,0.000000,-2.687047,-2.687047,-2.687047,-1.343523,-1.343523,0,0,1,0,0.000000,0.080000,0.008000,0.001000,4.800000,0.086000,23.400000,0.028500,0.000000
0.573000,0.360000,0.500000,-0.403726,0.000000,-0.403726,-0.363504,0.000000,0.363504,0.042713,0.136403,0.061667,0.061667,0.018955,0.079252,-0.057151,0.029080,0.001055,-0.001581,0.090982,-0.011731,-1.337335,0.328776,-1.008559,-1.008559,-1.008559,-0.504279,-0.504279,0,0,1,0,0.000000,0.080000,0.008000,0.001000,4.800000,0.086000,23.400000,0.028500,0.000000
0.578000,0.360000,0.500000,-0.404685,0.000000,-0.404685,-0.354207,0.000000,0.354207,0.042713,0.136403,0.061667,0.061667,0.018955,0.079252,-0.057151,0.028337,0.001069,-0.001859,0.090982,-0.011731,-1.337335,0.000000,-1.337335,-1.337335,-1.337335,-0.668667,-0.668667,0,0,1,0,0.000000,0.080000,0.008000,0.001000,4.800000,0.086000,23.400000,0.028500,0.000000
0.583000,0.360000,0.500000,-0.405521,0.000000,-0.405521,-0.344509,0.000000,0.344509,0.041179,0.074020,0.061667,0.061667,0.020488,0.091979,0.017959,0.027561,0.001083,-0.001940,0.098345,-0.006366,0.420242,0.428128,0.848369,0.848369,0.848369,0.424185,0.424185,0,0,1,0,0.000000,0.080000,0.008000,0.001000,4.800000,0.086000,23.400000,0.028500,0.000000
0.592000,0.360000,0.500000,-0.406970,0.000000,-0.406970,-0.324712,0.000000,0.324712,0.038945,0.016496,0.061667,0.061667,0.022723,0.107650,0.091154,0.025977,0.001106,-0.002200,0.109069,-0.001419,2.133015,0.231786,2.364801,2.364801,2.364801,1.182400,1.182400,0,0,1,0,0.000000,0.080000,0.008000,0.001000,4.800000,0.086000,23.400000,0.028500,0.000000
0.597000,0.360000,0.500000,-0.407693,0.000000,-0.407693,-0.315760,0.000000,0.315760,0.038945,0.016496,0.061667,0.061667,0.022723,0.107650,0.091154,0.025261,0.001119,-0.001790,0.109069,-0.001419,2.133015,0.000000,2.133015,2.133015,2.133015,1.066508,1.066508,0,0,1,0,0.000000,0.080000,0.008000,0.001000,4.800000,0.086000,23.400000,0.028500,0.000000
0.602000,0.360000,0.500000,-0.408476,0.000000,-0.408476,-0.308173,0.000000,0.308173,0.036788,-0.023007,0.061667,0.061667,0.024879,0.121399,0.144406,0.024654,0.001131,-0.001517,0.119420,0.001979,3.379100,0.303533,3.682633,3.682633,3.682633,1.841317,1.841317,0,0,1,0,0.000000,0.080000,0.008000,0.001000,4.800000,0.086000,23.400000,0.028500,0.000000
0.607000,0.360000,0.500000,-0.409343,0.000000,-0.409343,-0.301733,0.000000,0.301733,0.036788,-0.023007,0.061667,0.061667,0.024879,0.121399,0.144406,0.024139,0.001143,-0.001288,0.119420,0.001979,3.379100,0.000000,3.379100,3.379100,3.379100,1.689550,1.689550,0,0,1,0,0.000000,0.080000,0.008000,0.001000,4.800000,0.086000,23.400000,0.028500,0.000000
0.612000,0.360000,0.500000,-0.410333,0.000000,-0.410333,-0.297161,0.000000,0.297161,0.035271,-0.038730,0.061667,0.061667,0.026396,0.130033,0.168763,0.023773,0.001155,-0.000914,0.126702,0.003331,3.949053,0.138835,4.087888,4.087888,4.087888,2.043944,2.043944,0,0,1,0,0.000000,0.080000,0.008000,0.001000,4.800000,0.086000,23.400000,0.028500,0.000000
0.617000,0.360000,0.500000,-0.411465,0.000000,-0.411465,-0.294158,0.000000,0.294158,0.035271,-0.038730,0.061667,0.061667,0.026396,0.130033,0.168763,0.023533,0.001167,-0.000601,0.126702,0.003331,3.949053,0.000000,3.949053,3.949053,3.949053,1.974527,1.974527,0,0,1,0,0.000000,0.080000,0.008000,0.001000,4.800000,0.086000,23.400000,0.028500,0.000000
0.622000,0.360000,0.500000,-0.412751,0.000000,-0.412751,-0.292972,0.000000,0.292972,0.034801,-0.030110,0.061667,0.061667,0.026866,0.131546,0.161656,0.023438,0.001179,-0.000237,0.128956,0.002589,3.782750,-0.040510,3.742240,3.742240,3.742240,1.871120,1.871120,0,0,1,0,0.000000,0.080000,0.008000,0.001000,4.800000,0.086000,23.400000,0.028500,0.000000
0.631000,0.360000,0.500000,-0.415787,0.000000,-0.415787,-0.295185,0.000000,0.295185,0.035487,-0.002270,0.061667,0.061667,0.026180,0.125858,0.128128,0.023615,0.001200,0.000246,0.125663,0.000195,2.998193,-0.106172,2.892021,2.892021,2.892021,1.446010,1.446010,0,0,1,0,0.000000,0.080000,0.008000,0.001000,4.800000,0.086000,23.400000,0.028500,0.000000
0.636000,0.360000,0.500000,-0.417515,0.000000,-0.417515,-0.298244,0.000000,0.298244,0.035487,-0.002270,0.061667,0.061667,0.026180,0.125858,0.128128,0.023860,0.001212,0.000612,0.125663,0.000195,2.998193,0.000000,2.998193,2.998193,2.998193,1.499097,1.499097,0,0,1,0,0.000000,0.080000,0.008000,0.001000,4.800000,0.086000,23.400000,0.028500,0.000000
0.641000,0.360000,0.500000,-0.419350,0.000000,-0.419350,-0.302026,0.000000,0.302026,0.037153,0.035958,0.061667,0.061667,0.024515,0.114578,0.078620,0.024162,0.001224,0.000756,0.117670,-0.003092,1.839700,-0.282197,1.557503,1.557503,1.557503,0.778752,0.778752,0,0,1,0,0.000000,0.080000,0.008000,0.001000,4.800000,0.086000,23.400000,0.028500,0.000000
0.646000,0.360000,0.500000,-0.421277,0.000000,-0.421277,-0.306527,0.000000,0.306527,0.037153,0.035958,0.061667,0.061667,0.024515,0.114578,0.078620,0.024522,0.001236,0.000900,0.117670,-0.003092,1.839700,0.000000,1.839700,1.839700,1.839700,0.919850,0.919850,0,0,1,0,0.000000,0.080000,0.008000,0.001000,4.800000,0.086000,23.400000,0.028500,0.000000
0.651000,0.360000,0.500000,-0.423245,0.000000,-0.423245,-0.310941,0.000000,0.310941,0.039417,0.073944,0.061667,0.061667,0.022250,0.100441,0.026497,0.024875,0.001249,0.000883,0.106800,-0.006359,0.620025,-0.297100,0.322924,0.322924,0.322924,0.161462,0.161462,0,0,1,0,0.000000,0.080000,0.008000,0.001000,4.800000,0.086000,23.400000,0.028500,0.000000
0.656000,0.360000,0.500000,-0.425236,0.000000,-0.425236,-0.315420,0.000000,0.315420,0.039417,0.073944,0.061667,0.061667,0.022250,0.100441,0.026497,0.025234,0.001261,0.000896,0.106800,-0.006359,0.620025,0.000000,0.620025,0.620025,0.620025,0.310012,0.310012,0,0,1,0,0.000000,0.080000,0.008000,0.001000,4.800000,0.086000,23.400000,0.028500,0.000000
0.661000,0.360000,0.500000,-0.427208,0.000000,-0.427208,-0.319119,0.000000,0.319119,0.041788,0.102673,0.061667,0.061667,0.019879,0.086589,-0.016084,0.025530,0.001274,0.000740,0.095418,-0.008830,-0.376370,-0.242712,-0.619082,-0.619082,-0.619082,-0.309541,-0.309541,0,0,1,0,0.000000,0.080000,0.008000,0.001000,4.800000,0.086000,23.400000,0.028500,0.000000
0.666000,0.360000,0.500000,-0.429139,0.000000,-0.429139,-0.322349,0.000000,0.322349,0.041788,0.102673,0.061667,0.061667,0.019879,0.086589,-0.016084,0.025788,0.001287,0.000646,0.095418,-0.008830,-0.376370,0.000000,-0.376370,-0.376370,-0.376370,-0.188185,-0.188185,0,0,1,0,0.000000,0.080000,0.008000,0.001000,4.800000,0.086000,23.400000,0.028500,0.000000
0.671000,0.360000,0.500000,-0.431000,0.000000,-0.431000,-0.324454,0.000000,0.324454,0.043798,0.115662,0.061667,0.061667,0.017870,0.075827,-0.039834,0.025956,0.001300,0.000421,0.085774,-0.009947,-0.932126,-0.135377,-1.067503,-1.067503,-1.067503,-0.533751,-0.533751,0,0,1,0,0.000000,0.080000,0.008000,0.001000,4.800000,0.086000,23.400000,0.028500,0.000000
0.680000,0.360000,0.500000,-0.432774,0.000000,-0.432774,-0.325648,0.000000,0.325648,0.043798,0.115662,0.061667,0.061667,0.017870,0.075827,-0.039834,0.026052,0.001324,0.000133,0.085774,-0.009947,-0.932126,0.000000,-0.932126,-0.932126,-0.932126,-0.466063,-0.466063,0,0,1,0,0.000000,0.080000,0.008000,0.001000,4.800000,0.086000,23.400000,0.028500,0.000000
0.685000,0.360000,0.500000,-0.434447,0.000000,-0.434447,-0.325644,0.000000,0.325644,0.045111,0.111390,0.061667,0.061667,0.016556,0.069891,-0.041498,0.026052,0.001337,-0.000001,0.079471,-0.009580,-0.971057,-0.009483,-0.980541,-0.980541,-0.980541,-0.490270,-0.490270,0,0,1,0,0.000000,0.080000,0.008000,0.001000,4.800000,0.086000,23.400000,0.028500,0.000000
0.690000,0.360000,0.500000,-0.436008,0.000000,-0.436008,-0.324537,0.000000,0.324537,0.045111,0.111390,0.061667,0.061667,0.016556,0.069891,-0.041498,0.025963,0.001350,-0.000221,0.079471,-0.009580,-0.971057,0.000000,-0.971057,-0.971057,-0.971057,-0.485529,-0.485529,0,0,1,0,0.000000,0.080000,0.008000,0.001000,4.800000,0.086000,23.400000,0.028500,0.000000
0.695000,0.360000,0.500000,-0.437464,0.000000,-0.437464,-0.322462,0.000000,0.322462,0.045567,0.091818,0.061667,0.061667,0.016100,0.069382,-0.022436,0.025797,0.001362,-0.000415,0.077279,-0.007896,-0.524999,0.108655,-0.416344,-0.416344,-0.416344,-0.208172,-0.208172,0,0,1,0,0.000000,0.080000,0.008000,0.001000,4.800000,0.086000,23.400000,0.028500,0.000000
0.700000,0.360000,0.500000,-0.438819,0.000000,-0.438819,-0.319497,0.000000,0.319497,0.045567,0.091818,0.061667,0.061667,0.016100,0.069382,-0.022436,0.025560,0.001375,-0.000593,0.077279,-0.007896,-0.524999,0.000000,-0.524999,-0.524999,-0.524999,-0.262500,-0.262500,0,0,1,0,0.000000,0.080000,0.008000,0.001000,4.800000,0.086000,23.400000,0.028500,0.000000
0.705000,0.360000,0.500000,-0.440077,0.000000,-0.440077,-0.315721,0.000000,0.315721,0.045218,0.061137,0.061667,0.061667,0.016449,0.073699,0.012562,0.025258,0.001388,-0.000755,0.078957,-0.005258,0.293955,0.199489,0.493444,0.493444,0.493444,0.246722,0.246722,0,0,1,0,0.000000,0.080000,0.008000,0.001000,4.800000,0.086000,23.400000,0.028500,0.000000
0.714000,0.360000,0.500000,-0.442396,0.000000,-0.442396,-0.307209,0.000000,0.307209,0.044273,0.029533,0.061667,0.061667,0.017395,0.080955,0.051422,0.024577,0.001410,-0.000946,0.083495,-0.002540,1.203268,0.123055,1.326323,1.326323,1.326323,0.663161,0.663161,0,0,1,0,0.000000,0.080000,0.008000,0.001000,4.800000,0.086000,23.400000,0.028500,0.000000
0.719000,0.360000,0.500000,-0.443521,0.000000,-0.443521,-0.303046,0.000000,0.303046,0.044273,0.029533,0.061667,0.061667,0.017395,0.080955,0.051422,0.024244,0.001422,-0.000833,0.083495,-0.002540,1.203268,0.000000,1.203268,1.203268,1.203268,0.601634,0.601634,0,0,1,0,0.000000,0.080000,0.008000,0.001000,4.800000,0.086000,23.400000,0.028500,0.000000
0.724000,0.360000,0.500000,-0.444658,0.000000,-0.444658,-0.299377,0.000000,0.299377,0.043193,0.004426,0.061667,0.061667,0.018474,0.088296,0.083870,0.023950,0.001434,-0.000734,0.088677,-0.000381,1.962565,0.184957,2.147521,2.147521,2.147521,1.073761,1.073761,0,0,1,0,0.000000,0.080000,0.008000,0.001000,4.800000,0.086000,23.400000,0.028500,0.000000
0.729000,0.360000,0.500000,-0.445819,0.000000,-0.445819,-0.296104,0.000000,0.296104,0.043193,0.004426,0.061667,0.061667,0.018474,0.088296,0.083870,0.023688,0.001446,-0.000655,0.088677,-0.000381,1.962565,0.000000,1.962565,1.962565,1.962565,0.981282,0.981282,0,0,1,0,0.000000,0.080000,0.008000,0.001000,4.800000,0.086000,23.400000,0.028500,0.000000
0.734000,0.360000,0.500000,-0.447031,0.000000,-0.447031,-0.293688,0.000000,0.293688,0.042298,-0.009791,0.061667,0.061667,0.019369,0.093815,0.103606,0.023495,0.001458,-0.000483,0.092973,0.000842,2.424385,0.112495,2.536880,2.536880,2.536880,1.268440,1.268440,0,0,1,0,0.000000,0.080000,0.008000,0.001000,4.800000,0.086000,23.400000,0.028500,0.000000
0.739000,0.360000,0.500000,-0.448305,0.000000,-0.448305,-0.291970,0.000000,0.291970,0.042298,-0.009791,0.061667,0.061667,0.019369,0.093815,0.103606,0.023358,0.001469,-0.000344,0.092973,0.000842,2.424385,0.000000,2.424385,2.424385,2.424385,1.212193,1.212193,0,0,1,0,0.000000,0.080000,0.008000,0.001000,4.800000,0.086000,23.400000,0.028500,0.000000
0.744000,0.360000,0.500000,-0.449653,0.000000,-0.449653,-0.291194,0.000000,0.291194,0.041856,-0.011331,0.061667,0.061667,0.019811,0.096067,0.107399,0.023296,0.001481,-0.000155,0.095093,0.000974,2.513131,0.021618,2.534748,2.534748,2.534748,1.267374,1.267374,0,0,1,0,0.000000,0.080000,0.008000,0.001000,4.800000,0.086000,23.400000,0.028500,0.000000
0.749000,0.360000,0.500000,-0.451082,0.000000,-0.451082,-0.291229,0.000000,0.291229,0.041856,-0.011331,0.061667,0.061667,0.019811,0.096067,0.107399,0.023298,0.001493,0.000007,0.095093,0.000974,2.513131,0.000000,2.513131,2.513131,2.513131,1.256565,1.256565,0,0,1,0,0.000000,0.080000,0.008000,0.001000,4.800000,0.086000,23.400000,0.028500,0.000000
0.754000,0.360000,0.500000,-0.452590,0.000000,-0.452590,-0.292070,0.000000,0.292070,0.041994,-0.001531,0.061667,0.061667,0.019673,0.094561,0.096092,0.023366,0.001504,0.000168,0.094430,0.000132,2.248556,-0.064448,2.184108,2.184108,2.184108,1.092054,1.092054,0,0,1,0,0.000000,0.080000,0.008000,0.001000,4.800000,0.086000,23.400000,0.028500,0.000000
0.759000,0.360000,0.500000,-0.454176,0.000000,-0.454176,-0.293642,0.000000,0.293642,0.041994,-0.001531,0.061667,0.061667,0.019673,0.094561,0.096092,0.023491,0.001516,0.000314,0.094430,0.000132,2.248556,0.000000,2.248556,2.248556,2.248556,1.124278,1.124278,0,0,1,0,0.000000,0.080000,0.008000,0.001000,4.800000,0.086000,23.400000,0.028500,0.000000
0.768000,0.360000,0.500000,-0.457540,0.000000,-0.457540,-0.298282,0.000000,0.298282,0.042688,0.015798,0.061667,0.061667,0.018979,0.089742,0.073944,0.023863,0.001538,0.000516,0.091101,-0.001359,1.730289,-0.070136,1.660153,1.660153,1.660153,0.830076,0.830076,0,0,1,0,0.000000,0.080000,0.008000,0.001000,4.800000,0.086000,23.400000,0.028500,0.000000
0.773000,0.360000,0.500000,-0.459311,0.000000,-0.459311,-0.301304,0.000000,0.301304,0.043822,0.037985,0.061667,0.061667,0.017845,0.082388,0.044403,0.024104,0.001550,0.000604,0.085655,-0.003267,1.039033,-0.168383,0.870650,0.870650,0.870650,0.435325,0.435325,0,0,1,0,0.000000,0.080000,0.008000,0.001000,4.800000,0.086000,23.400000,0.028500,0.000000
0.778000,0.360000,0.500000,-0.461120,0.000000,-0.461120,-0.304436,0.000000,0.304436,0.043822,0.037985,0.061667,0.061667,0.017845,0.082388,0.044403,0.024355,0.001562,0.000626,0.085655,-0.003267,1.039033,0.000000,1.039033,1.039033,1.039033,0.519516,0.519516,0,0,1,0,0.000000,0.080000,0.008000,0.001000,4.800000,0.086000,23.400000,0.028500,0.000000
0.783000,0.360000,0.500000,-0.462931,0.000000,-0.462931,-0.307258,0.000000,0.307258,0.045197,0.056255,0.061667,0.061667,0.016470,0.074220,0.017965,0.024581,0.001574,0.000564,0.079058,-0.004838,0.420378,-0.150698,0.269680,0.269680,0.269680,0.134840,0.134840,0,0,1,0,0.000000,0.080000,0.008000,0.001000,4.800000,0.086000,23.400000,0.028500,0.000000
0.788000,0.360000,0.500000,-0.464731,0.000000,-0.464731,-0.309879,0.000000,0.309879,0.045197,0.056255,0.061667,0.061667,0.016470,0.074220,0.017965,0.024790,0.001586,0.000524,0.079058,-0.004838,0.420378,0.000000,0.420378,0.420378,0.420378,0.210189,0.210189,0,0,1,0,0.000000,0.080000,0.008000,0.001000,4.800000,0.086000,23.400000,0.028500,0.000000
0.793000,0.360000,0.500000,-0.466502,0.000000,-0.466502,-0.311915,0.000000,0.311915,0.046453,0.066816,0.061667,0.061667,0.015214,0.067280,0.000464,0.024953,0.001599,0.000407,0.073026,-0.005746,0.010853,-0.099756,-0.088904,-0.088904,-0.088904,-0.044452,-0.044452,0,0,1,0,0.000000,0.080000,0.008000,0.001000,4.800000,0.086000,23.400000,0.028500,0.000000
0.802000,0.360000,0.500000,-0.469914,0.000000,-0.469914,-0.314369,0.000000,0.314369,0.047376,0.067782,0.061667,0.061667,0.014291,0.062769,-0.005013,0.025150,0.001622,0.000273,0.068598,-0.005829,-0.117299,-0.017342,-0.134642,-0.134642,-0.134642,-0.067321,-0.067321,0,0,1,0,0.000000,0.080000,0.008000,0.001000,4.800000,0.086000,23.400000,0.028500,0.000000
0.807000,0.360000,0.500000,-0.471533,0.000000,-0.471533,-0.314613,0.000000,0.314613,0.047376,0.067782,0.061667,0.061667,0.014291,0.062769,-0.005013,0.025169,0.001634,0.000049,0.068598,-0.005829,-0.117299,0.000000,-0.117299,-0.117299,-0.117299,-0.058650,-0.058650,0,0,1,0,0.000000,0.080000,0.008000,0.001000,4.800000,0.086000,23.400000,0.028500,0.000000
0.812000,0.360000,0.500000,-0.473093,0.000000,-0.473093,-0.314246,0.000000,0.314246,0.047829,0.059390,0.061667,0.061667,0.013838,0.061315,0.001925,0.025140,0.001647,-0.000073,0.066423,-0.005108,0.045055,0.039548,0.084602,0.084602,0.084602,0.042301,0.042301,0,0,1,0,0.000000,0.080000,0.008000,0.001000,4.800000,0.086000,23.400000,0.028500,0.000000
0.817000,0.360000,0.500000,-0.474595,0.000000,-0.474595,-0.313326,0.000000,0.313326,0.047829,0.059390,0.061667,0.061667,0.013838,0.061315,0.001925,0.025066,0.001659,-0.000184,0.066423,-0.005108,0.045055,0.000000,0.045055,0.045055,0.045055,0.022527,0.022527,0,0,1,0,0.000000,0.080000,0.008000,0.001000,4.800000,0.086000,23.400000,0.028500,0.000000
0.822000,0.360000,0.500000,-0.476048,0.000000,-0.476048,-0.312002,0.000000,0.312002,0.047824,0.044685,0.061667,0.061667,0.013843,0.062604,0.017919,0.024960,0.001672,-0.000265,0.066447,-0.003843,0.419311,0.091165,0.510476,0.510476,0.510476,0.255238,0.255238,0,0,1,0,0.000000,0.080000,0.008000,0.001000,4.800000,0.086000,23.400000,0.028500,0.000000
0.827000,0.360000,0.500000,-0.477454,0.000000,-0.477454,-0.310287,0.000000,0.310287,0.047824,0.044685,0.061667,0.061667,0.013843,0.062604,0.017919,0.024823,0.001684,-0.000343,0.066447,-0.003843,0.419311,0.000000,0.419311,0.419311,0.419311,0.209656,0.209656,0,0,1,0,0.000000,0.080000,0.008000,0.001000,4.800000,0.086000,23.400000,0.028500,0.000000
0.832000,0.360000,0.500000,-0.478831,0.000000,-0.478831,-0.308456,0.000000,0.308456,0.047467,0.027523,0.061667,0.061667,0.014200,0.065793,0.038271,0.024676,0.001696,-0.000366,0.068160,-0.002367,0.895533,0.116003,1.011535,1.011535,1.011535,0.505768,0.505768,0,0,1,0,0.000000,0.080000,0.008000,0.001000,4.800000,0.086000,23.400000,0.028500,0.000000
0.837000,0.360000,0.500000,-0.480184,0.000000,-0.480184,-0.306472,0.000000,0.306472,0.047467,0.027523,0.061667,0.061667,0.014200,0.065793,0.038271,0.024518,0.001709,-0.000397,0.068160,-0.002367,0.895533,0.000000,0.895533,0.895533,0.895533,0.447766,0.447766,0,0,1,0,0.000000,0.080000,0.008000,0.001000,4.800000,0.086000,23.400000,0.028500,0.000000
0.842000,0.360000,0.500000,-0.481532,0.000000,-0.481532,-0.304657,0.000000,0.304657,0.046931,0.011922,0.061667,0.061667,0.014736,0.069708,0.057786,0.024373,0.001721,-0.000363,0.070733,-0.001025,1.352202,0.111240,1.463442,1.463442,1.463442,0.731721,0.731721,0,0,1,0,0.000000,0.080000,0.008000,0.001000,4.800000,0.086000,23.400000,0.028500,0.000000
0.847000,0.360000,0.500000,-0.482884,0.000000,-0.482884,-0.302940,0.000000,0.302940,0.046931,0.011922,0.061667,0.061667,0.014736,0.069708,0.057786,0.024235,0.001733,-0.000344,0.070733,-0.001025,1.352202,0.000000,1.352202,1.352202,1.352202,0.676101,0.676101,0,0,1,0,0.000000,0.080000,0.008000,0.001000,4.800000,0.086000,23.400000,0.028500,0.000000
0.856000,0.360000,0.500000,-0.485649,0.000000,-0.485649,-0.300576,0.000000,0.300576,0.046410,0.001109,0.061667,0.061667,0.015257,0.073140,0.072031,0.024046,0.001755,-0.000263,0.073235,-0.000095,1.685516,0.045107,1.730623,1.730623,1.730623,0.865311,0.865311,0,0,1,0,0.000000,0.080000,0.008000,0.001000,4.800000,0.086000,23.400000,0.028500,0.000000
0.861000,0.360000,0.500000,-0.487067,0.000000,-0.487067,-0.299821,0.000000,0.299821,0.046046,-0.004725,0.061667,0.061667,0.015622,0.075390,0.080115,0.023986,0.001767,-0.000151,0.074984,0.000406,1.874693,0.046082,1.920775,1.920775,1.920775,0.960388,0.960388,0,0,1,0,0.000000,0.080000,0.008000,0.001000,4.800000,0.086000,23.400000,0.028500,0.000000
0.866000,0.360000,0.500000,-0.488520,0.000000,-0.488520,-0.299518,0.000000,0.299518,0.046046,-0.004725,0.061667,0.061667,0.015622,0.075390,0.080115,0.023961,0.001779,-0.000061,0.074984,0.000406,1.874693,0.000000,1.874693,1.874693,1.874693,0.937347,0.937347,0,0,1,0,0.000000,0.080000,0.008000,0.001000,4.800000,0.086000,23.400000,0.028500,0.000000
0.871000,0.360000,0.500000,-0.490018,0.000000,-0.490018,-0.299731,0.000000,0.299731,0.045924,-0.003169,0.061667,0.061667,0.015744,0.075842,0.079011,0.023978,0.001791,0.000043,0.075569,0.000273,1.848853,-0.006294,1.842559,1.842559,1.842559,0.921280,0.921280,0,0,1,0,0.000000,0.080000,0.008000,0.001000,4.800000,0.086000,23.400000,0.028500,0.000000
0.876000,0.360000,0.500000,-0.491565,0.000000,-0.491565,-0.300395,0.000000,0.300395,0.045924,-0.003169,0.061667,0.061667,0.015744,0.075842,0.079011,0.024032,0.001803,0.000133,0.075569,0.000273,1.848853,0.000000,1.848853,1.848853,1.848853,0.924427,0.924427,0,0,1,0,0.000000,0.080000,0.008000,0.001000,4.800000,0.086000,23.400000,0.028500,0.000000
0.881000,0.360000,0.500000,-0.493156,0.000000,-0.493156,-0.301459,0.000000,0.301459,0.046139,0.004218,0.061667,0.061667,0.015528,0.074173,0.069956,0.024117,0.001815,0.000213,0.074536,-0.000363,1.636960,-0.051615,1.585345,1.585345,1.585345,0.792672,0.792672,0,0,1,0,0.000000,0.080000,0.008000,0.001000,4.800000,0.086000,23.400000,0.028500,0.000000
0.886000,0.360000,0.500000,-0.494790,0.000000,-0.494790,-0.302892,0.000000,0.302892,0.046139,0.004218,0.061667,0.061667,0.015528,0.074173,0.069956,0.024231,0.001827,0.000287,0.074536,-0.000363,1.636960,0.000000,1.636960,1.636960,1.636960,0.818480,0.818480,0,0,1,0,0.000000,0.080000,0.008000,0.001000,4.800000,0.086000,23.400000,0.028500,0.000000
0.891000,0.360000,0.500000,-0.496457,0.000000,-0.496457,-0.304529,0.000000,0.304529,0.046646,0.014893,0.061667,0.061667,0.015021,0.070819,0.055927,0.024362,0.001839,0.000327,0.072100,-0.001281,1.308680,-0.079966,1.228715,1.228715,1.228715,0.614357,0.614357,0,0,1,0,0.000000,0.080000,0.008000,0.001000,4.800000,0.086000,23.400000,0.028500,0.000000
0.900000,0.360000,0.500000,-0.499865,0.000000,-0.499865,-0.308209,0.000000,0.308209,0.047338,0.025831,0.061667,0.061667,0.014329,0.066558,0.040727,0.024657,0.001861,0.000409,0.068780,-0.002222,0.953009,-0.048132,0.904877,0.904877,0.904877,0.452439,0.452439,0,0,1,0,0.000000,0.080000,0.008000,0.001000,4.800000,0.086000,23.400000,0.028500,0.000000
0.905000,0.360000,0.500000,-0.501585,0.000000,-0.501585,-0.310023,0.000000,0.310023,0.047338,0.025831,0.061667,0.061667,0.014329,0.066558,0.040727,0.024802,0.001874,0.000363,0.068780,-0.002222,0.953009,0.000000,0.953009,0.953009,0.953009,0.476505,0.476505,0,0,1,0,0.000000,0.080000,0.008000,0.001000,4.800000,0.086000,23.400000,0.028500,0.000000
0.910000,0.360000,0.500000,-0.503301,0.000000,-0.503301,-0.311651,0.000000,0.311651,0.047338,0.025831,0.061667,0.061667,0.014329,0.066558,0.040727,0.024932,0.001886,0.000326,0.068780,-0.002222,0.953009,0.000000,0.953009,0.953009,0.953009,0.476505,0.476505,0,0,1,0,0.000000,0.080000,0.008000,0.001000,4.800000,0.086000,23.400000,0.028500,0.000000
0.915000,0.360000,0.500000,-0.503301,0.000000,-0.503301,-0.311651,0.000000,0.311651,0.048063,0.034132,0.061667,0.061667,0.013604,0.062366,0.028234,0.024932,0.001899,0.000000,0.065301,-0.002935,0.660665,-0.071212,0.589452,0.589452,0.589452,0.294726,0.294726,0,0,1,0,0.000000,0.080000,0.008000,0.001000,4.800000,0.086000,23.400000,0.028500,0.000000
0.920000,0.360000,0.500000,-0.505010,0.000000,-0.505010,-0.313132,0.000000,0.313132,0.048063,0.034132,0.061667,0.061667,0.013604,0.062366,0.028234,0.025051,0.001911,0.000296,0.065301,-0.002935,0.660665,0.000000,0.660665,0.660665,0.660665,0.330332,0.330332,0,0,1,0,0.000000,0.080000,0.008000,0.001000,4.800000,0.086000,23.400000,0.028500,0.000000
0.925000,0.360000,0.500000,-0.506713,0.000000,-0.506713,-0.314475,0.000000,0.314475,0.048719,0.039526,0.061667,0.061667,0.012948,0.058752,0.019226,0.025158,0.001924,0.000269,0.062152,-0.003399,0.449897,-0.051341,0.398556,0.398556,0.398556,0.199278,0.199278,0,0,1,0,0.000000,0.080000,0.008000,0.001000,4.800000,0.086000,23.400000,0.028500,0.000000
0.930000,0.360000,0.500000,-0.508400,0.000000,-0.508400,-0.315540,0.000000,0.315540,0.048719,0.039526,0.061667,0.061667,0.012948,0.058752,0.019226,0.025243,0.001936,0.000213,0.062152,-0.003399,0.449897,0.000000,0.449897,0.449897,0.449897,0.224949,0.224949,0,0,1,0,0.000000,0.080000,0.008000,0.001000,4.800000,0.086000,23.400000,0.028500,0.000000
0.935000,0.360000,0.500000,-0.510067,0.000000,-0.510067,-0.316347,0.000000,0.316347,0.049244,0.040468,0.061667,0.061667,0.012423,0.056151,0.015683,0.025308,0.001949,0.000161,0.059632,-0.003480,0.366989,-0.020196,0.346794,0.346794,0.346794,0.173397,0.173397,0,0,1,0,0.000000,0.080000,0.008000,0.001000,4.800000,0.086000,23.400000,0.028500,0.000000
0.940000,0.360000,0.500000,-0.511705,0.000000,-0.511705,-0.316780,0.000000,0.316780,0.049244,0.040468,0.061667,0.061667,0.012423,0.056151,0.015683,0.025342,0.001962,0.000087,0.059632,-0.003480,0.366989,0.000000,0.366989,0.366989,0.366989,0.183495,0.183495,0,0,1,0,0.000000,0.080000,0.008000,0.001000,4.800000,0.086000,23.400000,0.028500,0.000000
0.949000,0.360000,0.500000,-0.514888,0.000000,-0.514888,-0.316674,0.000000,0.316674,0.049540,0.036241,0.061667,0.061667,0.012127,0.055092,0.018851,0.025334,0.001984,-0.000012,0.058209,-0.003117,0.441117,0.010032,0.451149,0.451149,0.451149,0.225574,0.225574,0,0,1,0,0.000000,0.080000,0.008000,0.001000,4.800000,0.086000,23.400000,0.028500,0.000000
0.954000,0.360000,0.500000,-0.516431,0.000000,-0.516431,-0.316143,0.000000,0.316143,0.049573,0.027679,0.061667,0.061667,0.012095,0.055674,0.027995,0.025291,0.001997,-0.000106,0.058054,-0.002380,0.655085,0.052120,0.707205,0.707205,0.707205,0.353602,0.353602,0,0,1,0,0.000000,0.080000,0.008000,0.001000,4.800000,0.086000,23.400000,0.028500,0.000000
0.959000,0.360000,0.500000,-0.517945,0.000000,-0.517945,-0.315371,0.000000,0.315371,0.049573,0.027679,0.061667,0.061667,0.012095,0.055674,0.027995,0.025230,0.002010,-0.000154,0.058054,-0.002380,0.655085,0.000000,0.655085,0.655085,0.655085,0.327542,0.327542,0,0,1,0,0.000000,0.080000,0.008000,0.001000,4.800000,0.086000,23.400000,0.028500,0.000000
0.964000,0.360000,0.500000,-0.519441,0.000000,-0.519441,-0.314511,0.000000,0.314511,0.049377,0.017493,0.061667,0.061667,0.012291,0.057491,0.039998,0.025161,0.002022,-0.000172,0.058995,-0.001504,0.935956,0.068417,1.004373,1.004373,1.004373,0.502187,0.502187,0,0,1,0,0.000000,0.080000,0.008000,0.001000,4.800000,0.086000,23.400000,0.028500,0.000000
0.969000,0.360000,0.500000,-0.520922,0.000000,-0.520922,-0.313543,0.000000,0.313543,0.049377,0.017493,0.061667,0.061667,0.012291,0.057491,0.039998,0.025083,0.002035,-0.000194,0.058995,-0.001504,0.935956,0.000000,0.935956,0.935956,0.935956,0.467978,0.467978,0,0,1,0,0.000000,0.080000,0.008000,0.001000,4.800000,0.086000,23.400000,0.028500,0.000000
0.974000,0.360000,0.500000,-0.522400,0.000000,-0.522400,-0.312659,0.000000,0.312659,0.049064,0.008034,0.061667,0.061667,0.012603,0.059803,0.051770,0.025013,0.002047,-0.000177,0.060494,-0.000691,1.211415,0.067099,1.278514,1.278514,1.278514,0.639257,0.639257,0,0,1,0,0.000000,0.080000,0.008000,0.001000,4.800000,0.086000,23.400000,0.028500,0.000000
0.979000,0.360000,0.500000,-0.523879,0.000000,-0.523879,-0.311816,0.000000,0.311816,0.049064,0.008034,0.061667,0.061667,0.012603,0.059803,0.051770,0.024945,0.002060,-0.000169,0.060494,-0.000691,1.211415,0.000000,1.211415,1.211415,1.211415,0.605707,0.605707,0,0,1,0,0.000000,0.080000,0.008000,0.001000,4.800000,0.086000,23.400000,0.028500,0.000000
0.984000,0.360000,0.500000,-0.525369,0.000000,-0.525369,-0.311191,0.000000,0.311191,0.048750,0.001276,0.061667,0.061667,0.012917,0.061891,0.060615,0.024895,0.002072,-0.000125,0.062000,-0.000110,1.418383,0.050415,1.468798,1.468798,1.468798,0.734399,0.734399,0,0,1,0,0.000000,0.080000,0.008000,0.001000,4.800000,0.086000,23.400000,0.028500,0.000000
0.989000,0.360000,0.500000,-0.526874,0.000000,-0.526874,-0.310732,0.000000,0.310732,0.048750,0.001276,0.061667,0.061667,0.012917,0.061891,0.060615,0.024859,0.002085,-0.000092,0.062000,-0.000110,1.418383,0.000000,1.418383,1.418383,1.418383,0.709191,0.709191,0,0,1,0,0.000000,0.080000,0.008000,0.001000,4.800000,0.086000,23.400000,0.028500,0.000000
0.998000,0.360000,0.500000,-0.529950,0.000000,-0.529950,-0.310625,0.000000,0.310625,0.048537,-0.001640,0.061667,0.061667,0.013130,0.063167,0.064807,0.024850,0.002107,-0.000012,0.063026,0.000141,1.516489,0.013276,1.529765,1.529765,1.529765,0.764883,0.764883,0,0,1,0,0.000000,0.080000,0.008000,0.001000,4.800000,0.086000,23.400000,0.028500,0.000000
1.003000,0.360000,0.500000,-0.531523,0.000000,-0.531523,-0.310911,0.000000,0.310911,0.048482,-0.001054,0.061667,0.061667,0.013185,0.063378,0.064432,0.024873,0.002119,0.000057,0.063287,0.000091,1.507714,-0.002138,1.505576,1.505576,1.505576,0.752788,0.752788,0,0,1,0,0.000000,0.080000,0.008000,0.001000,4.800000,0.086000,23.400000,0.028500,0.000000
1.008000,0.360500,0.500500,-0.533121,0.000000,-0.533121,-0.311456,0.000000,0.311456,0.048482,-0.001054,0.061545,0.061545,0.013063,0.062824,0.063878,0.024916,0.002132,0.000109,0.062733,0.000091,1.494430,-0.003157,1.491273,1.491273,1.491273,0.745637,0.745637,0,0,1,0,0.000000,0.080000,0.008000,0.001000,4.802500,0.086050,23.395000,0.028487,0.000000
1.013000,0.361000,0.501000,-0.534745,0.000000,-0.534745,-0.312228,0.000000,0.312228,0.048600,0.002923,0.061423,0.061423,0.012823,0.061361,0.058438,0.024978,0.002144,0.000154,0.061613,-0.000252,1.366862,-0.030982,1.335880,1.335880,1.335880,0.667940,0.667940,0,0,1,0,0.000000,0.080000,0.008000,0.001000,4.805000,0.086100,23.390000,0.028475,0.000000
1.018000,0.361500,0.501500,-0.536404,0.000000,-0.536404,-0.313300,0.000000,0.313300,0.048600,0.002923,0.061301,0.061301,0.012701,0.060808,0.057885,0.025064,0.002157,0.000214,0.061059,-0.000252,1.353630,-0.003150,1.350480,1.350480,1.350480,0.675240,0.675240,0,0,1,0,0.000000,0.080000,0.008000,0.001000,4.807500,0.086150,23.385000,0.028462,0.000000
1.023000,0.362000,0.502000,-0.538091,0.000000,-0.538091,-0.314557,0.000000,0.314557,0.048899,0.009101,0.061180,0.061180,0.012280,0.058284,0.049183,0.025165,0.002169,0.000251,0.059068,-0.000784,1.149904,-0.049510,1.100394,1.100394,1.100394,0.550197,0.550197,0,0,1,0,0.000000,0.080000,0.008000,0.001000,4.810000,0.086200,23.380000,0.028450,0.000000
1.028000,0.362500,0.502500,-0.539800,0.000000,-0.539800,-0.315983,0.000000,0.315983,0.048899,0.009101,0.061059,0.061059,0.012159,0.057731,0.048630,0.025279,0.002182,0.000285,0.058516,-0.000785,1.136727,-0.003146,1.133581,1.133581,1.133581,0.566790,0.566790,0,0,1,0,0.000000,0.080000,0.008000,0.001000,4.812500,0.086250,23.375000,0.028438,0.000000
1.033000,0.363000,0.503000,-0.541524,0.000000,-0.541524,-0.317424,0.000000,0.317424,0.049307,0.015330,0.060938,0.060938,0.011630,0.054677,0.039347,0.025394,0.002195,0.000288,0.056000,-0.001323,0.919536,-0.052775,0.866762,0.866762,0.866762,0.433381,0.433381,0,0,1,0,0.000000,0.080000,0.008000,0.001000,4.815000,0.086300,23.370000,0.028425,0.000000
1.038000,0.363500,0.503500,-0.543256,0.000000,-0.543256,-0.318890,0.000000,0.318890,0.049307,0.015330,0.060817,0.060817,0.011510,0.054124,0.038794,0.025511,0.002208,0.000293,0.055448,-0.001324,0.906411,-0.003144,0.903266,0.903266,0.903266,0.451633,0.451633,0,0,1,0,0.000000,0.080000,0.008000,0.001000,4.817500,0.086350,23.365000,0.028413,0.000000
1.047000,0.364400,0.504400,-0.546718,0.000000,-0.546718,-0.321471,0.000000,0.321471,0.049725,0.019738,0.060600,0.060600,0.010875,0.050734,0.030996,0.025718,0.002231,0.000287,0.052440,-0.001706,0.723942,-0.024597,0.699345,0.699345,0.699345,0.349673,0.349673,0,0,1,0,0.000000,0.080000,0.008000,0.001000,4.822000,0.086440,23.356000,0.028390,0.000000
1.052000,0.364900,0.504900,-0.548432,0.000000,-0.548432,-0.322508,0.000000,0.322508,0.050066,0.021672,0.060480,0.060480,0.010414,0.048368,0.026696,0.025801,0.002244,0.000207,0.050243,-0.001874,0.623383,-0.024403,0.598980,0.598980,0.598980,0.299490,0.299490,0,0,1,0,0.000000,0.080000,0.008000,0.001000,4.824500,0.086490,23.351000,0.028377,0.000000
1.057000,0.365400,0.505400,-0.550146,0.000000,-0.550146,-0.323440,0.000000,0.323440,0.050066,0.021672,0.060360,0.060360,0.010294,0.047815,0.026143,0.025875,0.002257,0.000186,0.049691,-0.001876,0.610332,-0.003139,0.607193,0.607193,0.607193,0.303596,0.303596,0,0,1,0,0.000000,0.080000,0.008000,0.001000,4.827000,0.086540,23.346000,0.028365,0.000000
1.062000,0.365900,0.505900,-0.551841,0.000000,-0.551841,-0.324127,0.000000,0.324127,0.050290,0.020218,0.060241,0.060241,0.009951,0.046305,0.026088,0.025930,0.002270,0.000138,0.048056,-0.001751,0.608916,-0.000312,0.608604,0.608604,0.608604,0.304302,0.304302,0,0,1,0,0.000000,0.080000,0.008000,0.001000,4.829500,0.086590,23.341000,0.028352,0.000000
1.067000,0.366400,0.506400,-0.553517,0.000000,-0.553517,-0.324590,0.000000,0.324590,0.050290,0.020218,0.060121,0.060121,0.009831,0.045753,0.025535,0.025967,0.002283,0.000092,0.047504,-0.001752,0.595889,-0.003132,0.592757,0.592757,0.592757,0.296378,0.296378,0,0,1,0,0.000000,0.080000,0.008000,0.001000,4.832000,0.086640,23.336000,0.028340,0.000000
1.072000,0.366900,0.506900,-0.555174,0.000000,-0.555174,-0.324841,0.000000,0.324841,0.050332,0.015614,0.060002,0.060002,0.009670,0.045397,0.029783,0.025987,0.002295,0.000050,0.046750,-0.001354,0.694862,0.024065,0.718927,0.718927,0.718927,0.359463,0.359463,0,0,1,0,0.000000,0.080000,0.008000,0.001000,4.834500,0.086690,23.331000,0.028327,0.000000
1.077000,0.367400,0.507400,-0.556812,0.000000,-0.556812,-0.324887,0.000000,0.324887,0.050332,0.015614,0.059884,0.059884,0.009551,0.044845,0.029231,0.025991,0.002308,0.000009,0.046200,-0.001354,0.681852,-0.003122,0.678730,0.678730,0.678730,0.339365,0.339365,0,0,1,0,0.000000,0.080000,0.008000,0.001000,4.837000,0.086740,23.326000,0.028315,0.000000
1.082000,0.367900,0.507900,-0.558434,0.000000,-0.558434,-0.324806,0.000000,0.324806,0.050202,0.008980,0.059765,0.059765,0.009563,0.045498,0.036519,0.025984,0.002321,-0.000016,0.046278,-0.000779,0.851652,0.041249,0.892901,0.892901,0.892901,0.446451,0.446451,0,0,1,0,0.000000,0.080000,0.008000,0.001000,4.839500,0.086790,23.321000,0.028302,0.000000
1.087000,0.368400,0.508400,-0.560043,0.000000,-0.560043,-0.324585,0.000000,0.324585,0.050202,0.008980,0.059647,0.059647,0.009444,0.044949,0.035969,0.025967,0.002334,-0.000044,0.045729,-0.000780,0.838656,-0.003109,0.835546,0.835546,0.835546,0.417773,0.417773,0,0,1,0,0.000000,0.080000,0.008000,0.001000,4.842000,0.086840,23.316000,0.028290,0.000000
1.092000,0.368900,0.508900,-0.561644,0.000000,-0.561644,-0.324343,0.000000,0.324343,0.049947,0.001800,0.059528,0.059528,0.009581,0.046261,0.044461,0.025947,0.002347,-0.000048,0.046417,-0.000156,1.036440,0.048028,1.084469,1.084469,1.084469,0.542234,0.542234,0,0,1,0,0.000000,0.080000,0.008000,0.001000,4.844500,0.086890,23.311000,0.028278,0.000000
1.097000,0.369400,0.509400,-0.563240,0.000000,-0.563240,-0.324051,0.000000,0.324051,0.049947,0.001800,0.059411,0.059411,0.009464,0.045714,0.043914,0.025924,0.002360,-0.000058,0.045870,-0.000156,1.023460,-0.003095,1.020365,1.020365,1.020365,0.510183,0.510183,0,0,1,0,0.000000,0.080000,0.008000,0.001000,4.847000,0.086940,23.306000,0.028265,0.000000
1.106000,0.370300,0.510300,-0.566438,0.000000,-0.566438,-0.323669,0.000000,0.323669,0.049634,-0.004465,0.059199,0.059199,0.009565,0.046792,0.051258,0.025894,0.002384,-0.000042,0.046404,0.000389,1.194155,0.023046,1.217201,1.217201,1.217201,0.608600,0.608600,0,0,1,0,0.000000,0.080000,0.008000,0.001000,4.851500,0.087030,23.297000,0.028243,0.000000
1.111000,0.370800,0.510800,-0.568032,0.000000,-0.568032,-0.323430,0.000000,0.323430,0.049315,-0.009826,0.059082,0.059082,0.009766,0.048262,0.058087,0.025874,0.002397,-0.000048,0.047406,0.000856,1.352968,0.038558,1.391527,1.391527,1.391527,0.695763,0.695763,0,0,1,0,0.000000,0.080000,0.008000,0.001000,4.854000,0.087080,23.292000,0.028230,0.000000
1.116000,0.371300,0.511300,-0.569645,0.000000,-0.569645,-0.323426,0.000000,0.323426,0.049315,-0.009826,0.058965,0.058965,0.009649,0.047719,0.057544,0.025874,0.002410,-0.000001,0.046862,0.000856,1.340030,-0.003065,1.336965,1.336965,1.336965,0.668483,0.668483,0,0,1,0,0.000000,0.080000,0.008000,0.001000,4.856500,0.087130,23.287000,0.028217,0.000000
1.121000,0.371800,0.511800,-0.571275,0.000000,-0.571275,-0.323635,0.000000,0.323635,0.049053,-0.011881,0.058848,0.058848,0.009795,0.048631,0.060511,0.025891,0.002423,0.000042,0.047595,0.001036,1.408824,0.016738,1.425562,1.425562,1.425562,0.712781,0.712781,0,0,1,0,0.000000,0.080000,0.008000,0.001000,4.859000,0.087180,23.282000,0.028205,0.000000
1.126000,0.372300,0.512300,-0.572924,0.000000,-0.572924,-0.324011,0.000000,0.324011,0.049053,-0.011881,0.058732,0.058732,0.009679,0.048090,0.059970,0.025921,0.002435,0.000075,0.047053,0.001036,1.395924,-0.003052,1.392872,1.392872,1.392872,0.696436,0.696436,0,0,1,0,0.000000,0.080000,0.008000,0.001000,4.861500,0.087230,23.277000,0.028192,0.000000
1.131000,0.372800,0.512800,-0.574593,0.000000,-0.574593,-0.324586,0.000000,0.324586,0.048914,-0.011094,0.058615,0.058615,0.009701,0.048155,0.059249,0.025967,0.002448,0.000115,0.047187,0.000968,1.378837,-0.004065,1.374772,1.374772,1.374772,0.687386,0.687386,0,0,1,0,0.000000,0.080000,0.008000,0.001000,4.864000,0.087280,23.272000,0.028180,0.000000
1.136000,0.373300,0.513300,-0.576283,0.000000,-0.576283,-0.325326,0.000000,0.325326,0.048914,-0.011094,0.058499,0.058499,0.009585,0.047615,0.058709,0.026026,0.002461,0.000148,0.046647,0.000969,1.365982,-0.003041,1.362941,1.362941,1.362941,0.681470,0.681470,0,0,1,0,0.000000,0.080000,0.008000,0.001000,4.866500,0.087330,23.267000,0.028167,0.000000
1.141000,0.373800,0.513800,-0.577991,0.000000,-0.577991,-0.326205,0.000000,0.326205,0.048905,-0.008169,0.058384,0.058384,0.009479,0.046866,0.055035,0.026096,0.002475,0.000176,0.046152,0.000714,1.280213,-0.020691,1.259522,1.259522,1.259522,0.629761,0.629761,0,0,1,0,0.000000,0.080000,0.008000,0.001000,4.869000,0.087380,23.262000,0.028155,0.000000
1.146000,0.374300,0.514300,-0.579716,0.000000,-0.579716,-0.327207,0.000000,0.327207,0.048905,-0.008169,0.058268,0.058268,0.009363,0.046327,0.054496,0.026177,0.002488,0.000200,0.045613,0.000714,1.267406,-0.003033,1.264374,1.264374,1.264374,0.632187,0.632187,0,0,1,0,0.000000,0.080000,0.008000,0.001000,4.871500,0.087430,23.257000,0.028142,0.000000
1.151000,0.374800,0.514800,-0.581454,0.000000,-0.581454,-0.328266,0.000000,0.328266,0.049000,-0.004209,0.058153,0.058153,0.009153,0.044980,0.049189,0.026261,0.002501,0.000212,0.044612,0.000368,1.143744,-0.029855,1.113889,1.113889,1.113889,0.556945,0.556945,0,0,1,0,0.000000,0.080000,0.008000,0.001000,4.874000,0.087480,23.252000,0.028130,0.000000
1.156000,0.375300,0.515300,-0.583202,0.000000,-0.583202,-0.329377,0.000000,0.329377,0.049000,-0.004209,0.058038,0.058038,0.009038,0.044442,0.048651,0.026350,0.002514,0.000222,0.044074,0.000368,1.130988,-0.003026,1.127962,1.127962,1.127962,0.563981,0.563981,0,0,1,0,0.000000,0.080000,0.008000,0.001000,4.876500,0.087530,23.247000,0.028118,0.000000
1.165000,0.376200,0.516200,-0.584956,0.000000,-0.584956,-0.330459,0.000000,0.330459,0.049151,-0.000419,0.057831,0.057831,0.008680,0.042404,0.042823,0.026437,0.002538,0.000120,0.042367,0.000037,0.995117,-0.018193,0.976924,0.976924,0.976924,0.488462,0.488462,0,0,1,0,0.000000,0.080000,0.008000,0.001000,4.881000,0.087620,23.238000,0.028095,0.000000
1.170000,0.376700,0.516700,-0.586714,0.000000,-0.586714,-0.331518,0.000000,0.331518,0.049305,0.002515,0.057717,0.057717,0.008412,0.040859,0.038344,0.026521,0.002551,0.000212,0.041079,-0.000220,0.890845,-0.025156,0.865690,0.865690,0.865690,0.432845,0.432845,0,0,1,0,0.000000,0.080000,0.008000,0.001000,4.883500,0.087670,23.233000,0.028082,0.000000
1.175000,0.377200,0.517200,-0.588463,0.000000,-0.588463,-0.332451,0.000000,0.332451,0.049305,0.002515,0.057602,0.057602,0.008298,0.040321,0.037807,0.026596,0.002564,0.000187,0.040542,-0.000221,0.878176,-0.003016,0.875161,0.875161,0.875161,0.437580,0.437580,0,0,1,0,0.000000,0.080000,0.008000,0.001000,4.886000,0.087720,23.228000,0.028070,0.000000
1.180000,0.377700,0.517700,-0.590221,0.000000,-0.590221,-0.333386,0.000000,0.333386,0.049305,0.002515,0.057488,0.057488,0.008184,0.039785,0.037270,0.026671,0.002578,0.000187,0.040005,-0.000221,0.865525,-0.003011,0.862514,0.862514,0.862514,0.431257,0.431257,0,0,1,0,0.000000,0.080000,0.008000,0.001000,4.888500,0.087770,23.223000,0.028057,0.000000
1.185000,0.378200,0.518200,-0.591971,0.000000,-0.591971,-0.334171,0.000000,0.334171,0.049432,0.003708,0.057375,0.057375,0.007943,0.038524,0.034817,0.026734,0.002591,0.000157,0.038850,-0.000326,0.808370,-0.013763,0.794607,0.794607,0.794607,0.397304,0.397304,0,0,1,0,0.000000,0.080000,0.008000,0.001000,4.891000,0.087820,23.218000,0.028045,0.000000
1.190000,0.378700,0.518700,-0.593711,0.000000,-0.593711,-0.334823,0.000000,0.334823,0.049432,0.003708,0.057261,0.057261,0.007830,0.037988,0.034281,0.026786,0.002604,0.000130,0.038314,-0.000326,0.795755,-0.003005,0.792751,0.792751,0.792751,0.396375,0.396375,0,0,1,0,0.000000,0.080000,0.008000,0.001000,4.893500,0.087870,23.213000,0.028032,0.000000
1.195000,0.379200,0.519200,-0.595441,0.000000,-0.595441,-0.335343,0.000000,0.335343,0.049470,0.002964,0.057148,0.057148,0.007678,0.037330,0.034366,0.026827,0.002618,0.000104,0.037590,-0.000261,0.797558,0.000477,0.798035,0.798035,0.798035,0.399018,0.399018,0,0,1,0,0.000000,0.080000,0.008000,0.001000,4.896000,0.087920,23.208000,0.028020,0.000000
1.200000,0.379700,0.519700,-0.597160,0.000000,-0.597160,-0.335706,0.000000,0.335706,0.049470,0.002964,0.057035,0.057035,0.007565,0.036795,0.033831,0.026856,0.002631,0.000073,0.037056,-0.000261,0.784975,-0.002996,0.781979,0.781979,0.781979,0.390989,0.390989,0,0,1,0,0.000000,0.080000,0.008000,0.001000,4.898500,0.087970,23.203000,0.028007,0.000000
1.209000,0.380600,0.520600,-0.600578,0.000000,-0.600578,-0.336191,0.000000,0.336191,0.049412,0.000446,0.056832,0.056832,0.007420,0.036342,0.035896,0.026895,0.002655,0.000054,0.036381,-0.000039,0.832571,0.006422,0.838992,0.838992,0.838992,0.419496,0.419496,0,0,1,0,0.000000,0.080000,0.008000,0.001000,4.903000,0.088060,23.194000,0.027985,0.000000
1.214000,0.381100,0.521100,-0.602255,0.000000,-0.602255,-0.336102,0.000000,0.336102,0.049237,-0.004041,0.056719,0.056719,0.007482,0.037061,0.041102,0.026888,0.002669,-0.000018,0.036705,0.000356,0.953115,0.029125,0.982241,0.982241,0.982241,0.491120,0.491120,0,0,1,0,0.000000,0.080000,0.008000,0.001000,4.905500,0.088110,23.189000,0.027972,0.000000
1.219000,0.381600,0.521600,-0.603930,0.000000,-0.603930,-0.336012,0.000000,0.336012,0.049237,-0.004041,0.056607,0.056607,0.007370,0.036529,0.040570,0.026881,0.002682,-0.000018,0.036173,0.000356,0.940577,-0.002975,0.937603,0.937603,0.937603,0.468801,0.468801,0,0,1,0,0.000000,0.080000,0.008000,0.001000,4.908000,0.088160,23.184000,0.027960,0.000000
1.224000,0.382100,0.522100,-0.605600,0.000000,-0.605600,-0.335902,0.000000,0.335902,0.048977,-0.008549,0.056495,0.056495,0.007518,0.037669,0.046218,0.026872,0.002696,-0.000022,0.036915,0.000754,1.071283,0.031568,1.102851,1.102851,1.102851,0.551426,0.551426,0,0,1,0,0.000000,0.080000,0.008000,0.001000,4.910500,0.088210,23.179000,0.027948,0.000000
1.229000,0.382600,0.522600,-0.607266,0.000000,-0.607266,-0.335751,0.000000,0.335751,0.048977,-0.008549,0.056383,0.056383,0.007406,0.037139,0.045688,0.026860,0.002709,-0.000030,0.036385,0.000755,1.058770,-0.002961,1.055809,1.055809,1.055809,0.527904,0.527904,0,0,1,0,0.000000,0.080000,0.008000,0.001000,4.913000,0.088260,23.174000,0.027935,0.000000
1.234000,0.383100,0.523100,-0.608933,0.000000,-0.608933,-0.335649,0.000000,0.335649,0.048684,-0.012445,0.056272,0.056272,0.007588,0.038396,0.050842,0.026852,0.002723,-0.000020,0.037297,0.001099,1.177954,0.028783,1.206737,1.206737,1.206737,0.603369,0.603369,0,0,1,0,0.000000,0.080000,0.008000,0.001000,4.915500,0.088310,23.169000,0.027922,0.000000
1.239000,0.383600,0.523600,-0.610603,0.000000,-0.610603,-0.335568,0.000000,0.335568,0.048684,-0.012445,0.056160,0.056160,0.007476,0.037868,0.050314,0.026845,0.002736,-0.000016,0.036769,0.001100,1.165469,-0.002947,1.162521,1.162521,1.162521,0.581261,0.581261,0,0,1,0,0.000000,0.080000,0.008000,0.001000,4.918000,0.088360,23.164000,0.027910,0.000000
1.244000,0.384100,0.524100,-0.612278,0.000000,-0.612278,-0.335586,0.000000,0.335586,0.048402,-0.015034,0.056049,0.056049,0.007647,0.038957,0.053991,0.026847,0.002749,0.000003,0.037628,0.001329,1.250374,0.020516,1.270889,1.270889,1.270889,0.635445,0.635445,0,0,1,0,0.000000,0.080000,0.008000,0.001000,4.920500,0.088410,23.159000,0.027897,0.000000
1.249000,0.384600,0.524600,-0.613962,0.000000,-0.613962,-0.335671,0.000000,0.335671,0.048402,-0.015034,0.055938,0.055938,0.007536,0.038431,0.053465,0.026854,0.002763,0.000017,0.037101,0.001330,1.237921,-0.002934,1.234987,1.234987,1.234987,0.617493,0.617493,0,0,1,0,0.000000,0.080000,0.008000,0.001000,4.923000,0.088460,23.154000,0.027885,0.000000
1.254000,0.385100,0.525100,-0.615656,0.000000,-0.615656,-0.335875,0.000000,0.335875,0.048169,-0.015990,0.055828,0.055828,0.007659,0.039138,0.055128,0.026870,0.002776,0.000041,0.037723,0.001415,1.276165,0.009274,1.285438,1.285438,1.285438,0.642719,0.642719,0,0,1,0,0.000000,0.080000,0.008000,0.001000,4.925500,0.088510,23.149000,0.027872,0.000000
1.263000,0.386000,0.526000,-0.619077,0.000000,-0.619077,-0.336576,0.000000,0.336576,0.048006,-0.015392,0.055629,0.055629,0.007623,0.038947,0.054339,0.026926,0.002801,0.000078,0.037583,0.001364,1.257395,-0.002444,1.254951,1.254951,1.254951,0.627475,0.627475,0,0,1,0,0.000000,0.080000,0.008000,0.001000,4.930000,0.088600,23.140000,0.027850,0.000000
1.268000,0.386500,0.526500,-0.620795,0.000000,-0.620795,-0.336976,0.000000,0.336976,0.048006,-0.015392,0.055519,0.055519,0.007513,0.038424,0.053815,0.026958,0.002814,0.000080,0.037059,0.001364,1.245019,-0.002913,1.242106,1.242106,1.242106,0.621053,0.621053,0,0,1,0,0.000000,0.080000,0.008000,0.001000,4.932500,0.088650,23.135000,0.027837,0.000000
1.273000,0.387000,0.527000,-0.622534,0.000000,-0.622534,-0.337558,0.000000,0.337558,0.047911,-0.013560,0.055409,0.055409,0.007498,0.038204,0.051764,0.027005,0.002828,0.000116,0.037002,0.001203,1.197312,-0.011413,1.185899,1.185899,1.185899,0.592950,0.592950,0,0,1,0,0.000000,0.080000,0.008000,0.001000,4.935000,0.088700,23.130000,0.027825,0.000000
1.278000,0.387500,0.527500,-0.624283,0.000000,-0.624283,-0.338205,0.000000,0.338205,0.047911,-0.013560,0.055299,0.055299,0.007388,0.037682,0.051242,0.027056,0.002841,0.000129,0.036479,0.001203,1.184982,-0.002904,1.182079,1.182079,1.182079,0.591039,0.591039,0,0,1,0,0.000000,0.080000,0.008000,0.001000,4.937500,0.088750,23.125000,0.027812,0.000000
1.283000,0.388000,0.528000,-0.626039,0.000000,-0.626039,-0.338882,0.000000,0.338882,0.047881,-0.011214,0.055190,0.055190,0.007309,0.037100,0.048315,0.027111,0.002855,0.000135,0.036104,0.000996,1.117036,-0.016278,1.100757,1.100757,1.100757,0.550379,0.550379,0,0,1,0,0.000000,0.080000,0.008000,0.001000,4.940000,0.088800,23.120000,0.027800,0.000000
1.288000,0.388500,0.528500,-0.627801,0.000000,-0.627801,-0.339585,0.000000,0.339585,0.047881,-0.011214,0.055081,0.055081,0.007199,0.036579,0.047794,0.027167,0.002868,0.000141,0.035583,0.000996,1.104751,-0.002896,1.101855,1.101855,1.101855,0.550927,0.550927,0,0,1,0,0.000000,0.080000,0.008000,0.001000,4.942500,0.088850,23.115000,0.027787,0.000000
1.293000,0.389000,0.529000,-0.629567,0.000000,-0.629567,-0.340268,0.000000,0.340268,0.047881,-0.009033,0.054972,0.054972,0.007091,0.035866,0.044899,0.027221,0.002882,0.000137,0.035063,0.000803,1.037608,-0.016082,1.021527,1.021527,1.021527,0.510763,0.510763,0,0,1,0,0.000000,0.080000,0.008000,0.001000,4.945000,0.088900,23.110000,0.027775,0.000000
1.298000,0.389500,0.529500,-0.631334,0.000000,-0.631334,-0.340934,0.000000,0.340934,0.047881,-0.009033,0.054863,0.054863,0.006982,0.035346,0.044379,0.027275,0.002895,0.000133,0.034542,0.000803,1.025366,-0.002888,1.022478,1.022478,1.022478,0.511239,0.511239,0,0,1,0,0.000000,0.080000,0.008000,0.001000,4.947500,0.088950,23.105000,0.027762,0.000000
1.307000,0.390400,0.530400,-0.634865,0.000000,-0.634865,-0.342093,0.000000,0.342093,0.047878,-0.007575,0.054667,0.054667,0.006789,0.034295,0.041870,0.027367,0.002920,0.000129,0.033620,0.000675,0.967034,-0.007731,0.959302,0.959302,0.959302,0.479651,0.479651,0,0,1,0,0.000000,0.080000,0.008000,0.001000,4.952000,0.089040,23.096000,0.027740,0.000000
1.312000,0.390900,0.530900,-0.636615,0.000000,-0.636615,-0.342489,0.000000,0.342489,0.047841,-0.007201,0.054559,0.054559,0.006718,0.033926,0.041127,0.027399,0.002934,0.000079,0.033284,0.000641,0.949653,-0.004124,0.945529,0.945529,0.945529,0.472764,0.472764,0,0,1,0,0.000000,0.080000,0.008000,0.001000,4.954500,0.089090,23.091000,0.027727,0.000000
1.317000,0.391400,0.531400,-0.638372,0.000000,-0.638372,-0.342909,0.000000,0.342909,0.047841,-0.007201,0.054451,0.054451,0.006610,0.033408,0.040608,0.027433,0.002947,0.000084,0.032766,0.000642,0.937484,-0.002872,0.934612,0.934612,0.934612,0.467306,0.467306,0,0,1,0,0.000000,0.080000,0.008000,0.001000,4.957000,0.089140,23.086000,0.027715,0.000000
1.322000,0.391900,0.531900,-0.640123,0.000000,-0.640123,-0.343250,0.000000,0.343250,0.047768,-0.007696,0.054343,0.054343,0.006576,0.033299,0.040994,0.027460,0.002961,0.000068,0.032612,0.000686,0.946189,0.002138,0.948327,0.948327,0.948327,0.474164,0.474164,0,0,1,0,0.000000,0.080000,0.008000,0.001000,4.959500,0.089190,23.081000,0.027702,0.000000
1.327000,0.392400,0.532400,-0.641868,0.000000,-0.641868,-0.343511,0.000000,0.343511,0.047768,-0.007696,0.054236,0.054236,0.006468,0.032782,0.040477,0.027481,0.002975,0.000052,0.032095,0.000687,0.934054,-0.002863,0.931191,0.931191,0.931191,0.465595,0.465595,0,0,1,0,0.000000,0.080000,0.008000,0.001000,4.962000,0.089240,23.076000,0.027690,0.000000
1.332000,0.392900,0.532900,-0.643607,0.000000,-0.643607,-0.343706,0.000000,0.343706,0.047638,-0.009144,0.054129,0.054129,0.006490,0.033038,0.042182,0.027497,0.002989,0.000039,0.032221,0.000816,0.973182,0.009437,0.982619,0.982619,0.982619,0.491310,0.491310,0,0,1,0,0.000000,0.080000,0.008000,0.001000,4.964500,0.089290,23.071000,0.027677,0.000000
1.337000,0.393400,0.533400,-0.645341,0.000000,-0.645341,-0.343831,0.000000,0.343831,0.047638,-0.009144,0.054021,0.054021,0.006383,0.032522,0.041666,0.027507,0.003002,0.000025,0.031705,0.000817,0.961078,-0.002853,0.958226,0.958226,0.958226,0.479113,0.479113,0,0,1,0,0.000000,0.080000,0.008000,0.001000,4.967000,0.089340,23.066000,0.027665,0.000000
1.342000,0.393900,0.533900,-0.647070,0.000000,-0.647070,-0.343918,0.000000,0.343918,0.047457,-0.011194,0.053914,0.053914,0.006458,0.033093,0.044287,0.027513,0.003016,0.000017,0.032092,0.001001,1.021306,0.014494,1.035800,1.035800,1.035800,0.517900,0.517900,0,0,1,0,0.000000,0.080000,0.008000,0.001000,4.969500,0.089390,23.061000,0.027652,0.000000
1.347000,0.394400,0.534400,-0.648795,0.000000,-0.648795,-0.343957,0.000000,0.343957,0.047457,-0.011194,0.053808,0.053808,0.006351,0.032579,0.043773,0.027517,0.003030,0.000008,0.031577,0.001001,1.009232,-0.002842,1.006390,1.006390,1.006390,0.503195,0.503195,0,0,1,0,0.000000,0.080000,0.008000,0.001000,4.972000,0.089440,23.056000,0.027640,0.000000
1.352000,0.394900,0.534900,-0.650519,0.000000,-0.650519,-0.343992,0.000000,0.343992,0.047237,-0.013398,0.053701,0.053701,0.006464,0.033353,0.046751,0.027519,0.003044,0.000007,0.032154,0.001199,1.077664,0.016456,1.094121,1.094121,1.094121,0.547060,0.547060,0,0,1,0,0.000000,0.080000,0.008000,0.001000,4.974500,0.089490,23.051000,0.027627,0.000000
1.357000,0.395400,0.535400,-0.652241,0.000000,-0.652241,-0.344007,0.000000,0.344007,0.047237,-0.013398,0.053595,0.053595,0.006357,0.032840,0.046239,0.027521,0.003057,0.000003,0.031641,0.001200,1.065621,-0.002830,1.062791,1.062791,1.062791,0.531396,0.531396,0,0,1,0,0.000000,0.080000,0.008000,0.001000,4.977000,0.089540,23.046000,0.027615,0.000000
1.362000,0.395900,0.535900,-0.653964,0.000000,-0.653964,-0.344051,0.000000,0.344051,0.047001,-0.015323,0.053489,0.053489,0.006488,0.033679,0.049002,0.027524,0.003071,0.000009,0.032306,0.001373,1.129058,0.015254,1.144313,1.144313,1.144313,0.572156,0.572156,0,0,1,0,0.000000,0.080000,0.008000,0.001000,4.979500,0.089590,23.041000,0.027602,0.000000
1.371000,0.396800,0.536800,-0.657419,0.000000,-0.657419,-0.344207,0.000000,0.344207,0.046768,-0.016647,0.053298,0.053298,0.006530,0.034039,0.050686,0.027537,0.003096,0.000017,0.032546,0.001493,1.167406,0.005161,1.172567,1.172567,1.172567,0.586283,0.586283,0,0,1,0,0.000000,0.080000,0.008000,0.001000,4.984000,0.089680,23.032000,0.027580,0.000000
1.376000,0.397300,0.537300,-0.659142,0.000000,-0.659142,-0.344250,0.000000,0.344250,0.046768,-0.016647,0.053193,0.053193,0.006425,0.033530,0.050177,0.027540,0.003110,0.000008,0.032036,0.001494,1.155426,-0.002808,1.152618,1.152618,1.152618,0.576309,0.576309,0,0,1,0,0.000000,0.080000,0.008000,0.001000,4.986500,0.089730,23.027000,0.027567,0.000000
1.381000,0.397800,0.537800,-0.660881,0.000000,-0.660881,-0.344455,0.000000,0.344455,0.046554,-0.017124,0.053087,0.053087,0.006533,0.034129,0.051253,0.027556,0.003124,0.000041,0.032592,0.001537,1.179944,0.005929,1.185873,1.185873,1.185873,0.592936,0.592936,0,0,1,0,0.000000,0.080000,0.008000,0.001000,4.989000,0.089780,23.022000,0.027555,0.000000
1.386000,0.398300,0.538300,-0.662626,0.000000,-0.662626,-0.344705,0.000000,0.344705,0.046554,-0.017124,0.052982,0.052982,0.006428,0.033621,0.050745,0.027576,0.003137,0.000050,0.032083,0.001538,1.168001,-0.002797,1.165204,1.165204,1.165204,0.582602,0.582602,0,0,1,0,0.000000,0.080000,0.008000,0.001000,4.991500,0.089830,23.017000,0.027542,0.000000
1.391000,0.398800,0.538800,-0.664378,0.000000,-0.664378,-0.345012,0.000000,0.345012,0.046380,-0.016876,0.052877,0.052877,0.006497,0.033965,0.050841,0.027601,0.003151,0.000061,0.032448,0.001517,1.169947,0.000526,1.170474,1.170474,1.170474,0.585237,0.585237,0,0,1,0,0.000000,0.080000,0.008000,0.001000,4.994000,0.089880,23.012000,0.027530,0.000000
1.396000,0.399300,0.539300,-0.666135,0.000000,-0.666135,-0.345360,0.000000,0.345360,0.046380,-0.016876,0.052772,0.052772,0.006393,0.033459,0.050334,0.027629,0.003165,0.000070,0.031941,0.001518,1.158044,-0.002787,1.155257,1.155257,1.155257,0.577629,0.577629,0,0,1,0,0.000000,0.080000,0.008000,0.001000,4.996500,0.089930,23.007000,0.027517,0.000000
1.401000,0.399800,0.539800,-0.667899,0.000000,-0.667899,-0.345749,0.000000,0.345749,0.046238,-0.016102,0.052668,0.052668,0.006430,0.033592,0.049694,0.027660,0.003179,0.000078,0.032144,0.001449,1.143070,-0.003521,1.139549,1.139549,1.139549,0.569774,0.569774,0,0,1,0,0.000000,0.080000,0.008000,0.001000,4.999000,0.089980,23.002000,0.027505,0.000000
1.406000,0.400300,0.540300,-0.669668,0.000000,-0.669668,-0.346167,0.000000,0.346167,0.046238,-0.016102,0.052554,0.052554,0.006317,0.033042,0.049144,0.027693,0.003193,0.000084,0.031592,0.001450,1.130162,-0.003027,1.127136,1.127136,1.127136,0.563568,0.563568,0,0,1,0,0.000000,0.080000,0.008000,0.001000,5.001500,0.090030,22.997000,0.027492,0.000000
1.411000,0.400800,0.540800,-0.671441,0.000000,-0.671441,-0.346603,0.000000,0.346603,0.046121,-0.015092,0.052435,0.052435,0.006314,0.032953,0.048044,0.027728,0.003207,0.000087,0.031593,0.001359,1.104636,-0.006043,1.098593,1.098593,1.098593,0.549297,0.549297,0,0,1,0,0.000000,0.080000,0.008000,0.001000,5.004000,0.090080,22.992000,0.027480,0.000000
1.420000,0.401700,0.541700,-0.673217,0.000000,-0.673217,-0.347049,0.000000,0.347049,0.046121,-0.015092,0.052221,0.052221,0.006099,0.031910,0.047002,0.027764,0.003232,0.000050,0.030549,0.001361,1.080243,-0.003181,1.077063,1.077063,1.077063,0.538531,0.538531,0,0,1,0,0.000000,0.080000,0.008000,0.001000,5.008500,0.090170,22.983000,0.027457,0.000000
1.425000,0.402200,0.542200,-0.674996,0.000000,-0.674996,-0.347488,0.000000,0.347488,0.046018,-0.014166,0.052102,0.052102,0.006084,0.031767,0.045933,0.027799,0.003245,0.000088,0.030489,0.001278,1.055442,-0.005868,1.049573,1.049573,1.049573,0.524787,0.524787,0,0,1,0,0.000000,0.080000,0.008000,0.001000,5.011000,0.090220,22.978000,0.027445,0.000000
1.430000,0.402700,0.542700,-0.676765,0.000000,-0.676765,-0.347811,0.000000,0.347811,0.046018,-0.014166,0.051984,0.051984,0.005966,0.031189,0.045355,0.027825,0.003259,0.000065,0.029911,0.001279,1.041941,-0.003169,1.038772,1.038772,1.038772,0.519386,0.519386,0,0,1,0,0.000000,0.080000,0.008000,0.001000,5.013500,0.090270,22.973000,0.027432,0.000000
1.435000,0.403200,0.543200,-0.678545,0.000000,-0.678545,-0.348224,0.000000,0.348224,0.045908,-0.013499,0.051866,0.051866,0.005958,0.031105,0.044604,0.027858,0.003273,0.000083,0.029885,0.001219,1.024455,-0.004121,1.020334,1.020334,1.020334,0.510167,0.510167,0,0,1,0,0.000000,0.080000,0.008000,0.001000,5.016000,0.090320,22.968000,0.027420,0.000000
1.440000,0.403700,0.543700,-0.680325,0.000000,-0.680325,-0.348607,0.000000,0.348607,0.045908,-0.013499,0.051748,0.051748,0.005840,0.030528,0.044027,0.027889,0.003287,0.000077,0.029308,0.001220,1.010998,-0.003159,1.007838,1.007838,1.007838,0.503919,0.503919,0,0,1,0,0.000000,0.080000,0.008000,0.001000,5.018500,0.090370,22.963000,0.027407,0.000000
1.445000,0.404200,0.544200,-0.682103,0.000000,-0.682103,-0.348957,0.000000,0.348957,0.045790,-0.013342,0.051630,0.051630,0.005840,0.030528,0.043870,0.027917,0.003301,0.000070,0.029321,0.001206,1.007167,-0.000862,1.006306,1.006306,1.006306,0.503153,0.503153,0,0,1,0,0.000000,0.080000,0.008000,0.001000,5.021000,0.090420,22.958000,0.027395,0.000000
1.450000,0.404700,0.544700,-0.683880,0.000000,-0.683880,-0.349266,0.000000,0.349266,0.045790,-0.013342,0.051513,0.051513,0.005722,0.029953,0.043295,0.027941,0.003315,0.000062,0.028746,0.001207,0.993750,-0.003149,0.990601,0.990601,0.990601,0.495301,0.495301,0,0,1,0,0.000000,0.080000,0.008000,0.001000,5.023500,0.090470,22.953000,0.027382,0.000000
1.459000,0.405600,0.545600,-0.687436,0.000000,-0.687436,-0.349853,0.000000,0.349853,0.045647,-0.013794,0.051302,0.051302,0.005655,0.029680,0.043475,0.027988,0.003340,0.000065,0.028431,0.001249,0.997480,0.000546,0.998026,0.998026,0.998026,0.499013,0.499013,0,0,1,0,0.000000,0.080000,0.008000,0.001000,5.028000,0.090560,22.944000,0.027360,0.000000
1.464000,0.406100,0.546100,-0.689201,0.000000,-0.689201,-0.350000,0.000000,0.350000,0.045474,-0.014920,0.051185,0.051185,0.005711,0.030081,0.045001,0.028000,0.003354,0.000029,0.028729,0.001352,1.032276,0.008348,1.040624,1.040624,1.040624,0.520312,0.520312,0,0,1,0,0.000000,0.080000,0.008000,0.001000,5.030500,0.090610,22.939000,0.027347,0.000000
1.469000,0.406600,0.546600,-0.690972,0.000000,-0.690972,-0.350198,0.000000,0.350198,0.045474,-0.014920,0.051068,0.051068,0.005594,0.029509,0.044429,0.028016,0.003368,0.000040,0.028156,0.001353,1.018930,-0.003128,1.015803,1.015803,1.015803,0.507901,0.507901,0,0,1,0,0.000000,0.080000,0.008000,0.001000,5.033000,0.090660,22.934000,0.027335,0.000000
1.474000,0.407100,0.547100,-0.692741,0.000000,-0.692741,-0.350368,0.000000,0.350368,0.045270,-0.016149,0.050952,0.050952,0.005682,0.030075,0.046224,0.028029,0.003382,0.000034,0.028610,0.001465,1.059867,0.009809,1.069676,1.069676,1.069676,0.534838,0.534838,0,0,1,0,0.000000,0.080000,0.008000,0.001000,5.035500,0.090710,22.929000,0.027322,0.000000
1.479000,0.407600,0.547600,-0.694507,0.000000,-0.694507,-0.350500,0.000000,0.350500,0.045270,-0.016149,0.050835,0.050835,0.005565,0.029505,0.045653,0.028040,0.003396,0.000026,0.028039,0.001466,1.046558,-0.003116,1.043442,1.043442,1.043442,0.521721,0.521721,0,0,1,0,0.000000,0.080000,0.008000,0.001000,5.038000,0.090760,22.924000,0.027310,0.000000
1.484000,0.408100,0.548100,-0.696272,0.000000,-0.696272,-0.350625,0.000000,0.350625,0.045043,-0.017485,0.050719,0.050719,0.005676,0.030200,0.047685,0.028050,0.003410,0.000025,0.028612,0.001588,1.092900,0.011093,1.103994,1.103994,1.103994,0.551997,0.551997,0,0,1,0,0.000000,0.080000,0.008000,0.001000,5.040500,0.090810,22.919000,0.027297,0.000000
1.489000,0.408600,0.548600,-0.698036,0.000000,-0.698036,-0.350731,0.000000,0.350731,0.045043,-0.017485,0.050604,0.050604,0.005561,0.029631,0.047117,0.028058,0.003424,0.000021,0.028043,0.001589,1.079629,-0.003104,1.076525,1.076525,1.076525,0.538262,0.538262,0,0,1,0,0.000000,0.080000,0.008000,0.001000,5.043000,0.090860,22.914000,0.027285,0.000000
1.494000,0.409100,0.549100,-0.699801,0.000000,-0.699801,-0.350850,0.000000,0.350850,0.044805,-0.018673,0.050488,0.050488,0.005683,0.030373,0.049047,0.028068,0.003438,0.000024,0.028676,0.001698,1.123607,0.010527,1.134134,1.134134,1.134134,0.567067,0.567067,0,0,1,0,0.000000,0.080000,0.008000,0.001000,5.045500,0.090910,22.909000,0.027272,0.000000
1.499000,0.409600,0.549600,-0.701566,0.000000,-0.701566,-0.350968,0.000000,0.350968,0.044805,-0.018673,0.050373,0.050373,0.005568,0.029806,0.048479,0.028077,0.003452,0.000024,0.028108,0.001699,1.110373,-0.003092,1.107281,1.107281,1.107281,0.553640,0.553640,0,0,1,0,0.000000,0.080000,0.008000,0.001000,5.048000,0.090960,22.904000,0.027260,0.000000
1.504000,0.410100,0.550100,-0.703335,0.000000,-0.703335,-0.351116,0.000000,0.351116,0.044567,-0.019519,0.050258,0.050258,0.005690,0.030515,0.050034,0.028089,0.003467,0.000029,0.028739,0.001776,1.145733,0.008473,1.154205,1.154205,1.154205,0.577103,0.577103,0,0,1,0,0.000000,0.080000,0.008000,0.001000,5.050500,0.091010,22.899000,0.027247,0.000000
1.509000,0.410600,0.550600,-0.705106,0.000000,-0.705106,-0.351276,0.000000,0.351276,0.044567,-0.019519,0.050143,0.050143,0.005575,0.029950,0.049469,0.028102,0.003481,0.000032,0.028173,0.001777,1.132538,-0.003080,1.129458,1.129458,1.129458,0.564729,0.564729,0,0,1,0,0.000000,0.080000,0.008000,0.001000,5.053000,0.091060,22.894000,0.027235,0.000000
1.514000,0.411100,0.551100,-0.706880,0.000000,-0.706880,-0.351472,0.000000,0.351472,0.044341,-0.019923,0.050028,0.050028,0.005687,0.030564,0.050487,0.028118,0.003495,0.000039,0.028749,0.001815,1.155602,0.005545,1.161147,1.161147,1.161147,0.580574,0.580574,0,0,1,0,0.000000,0.080000,0.008000,0.001000,5.055500,0.091110,22.889000,0.027222,0.000000
1.523000,0.412000,0.552000,-0.710439,0.000000,-0.710439,-0.351942,0.000000,0.351942,0.044134,-0.019893,0.049822,0.049822,0.005689,0.030599,0.050492,0.028155,0.003520,0.000052,0.028784,0.001814,1.155257,0.000014,1.155272,1.155272,1.155272,0.577636,0.577636,0,0,1,0,0.000000,0.080000,0.008000,0.001000,5.060000,0.091200,22.880000,0.027200,0.000000
1.528000,0.412500,0.552500,-0.712215,0.000000,-0.712215,-0.352117,0.000000,0.352117,0.044134,-0.019893,0.049708,0.049708,0.005575,0.030036,0.049930,0.028169,0.003534,0.000035,0.028221,0.001815,1.142141,-0.003058,1.139083,1.139083,1.139083,0.569542,0.569542,0,0,1,0,0.000000,0.080000,0.008000,0.001000,5.062500,0.091250,22.875000,0.027187,0.000000
1.533000,0.413000,0.553000,-0.714005,0.000000,-0.714005,-0.352427,0.000000,0.352427,0.043942,-0.019454,0.049594,0.049594,0.005652,0.030406,0.049860,0.028194,0.003548,0.000062,0.028630,0.001776,1.140302,-0.000378,1.139924,1.139924,1.139924,0.569962,0.569962,0,0,1,0,0.000000,0.080000,0.008000,0.001000,5.065000,0.091300,22.870000,0.027175,0.000000
1.538000,0.413500,0.553500,-0.715798,0.000000,-0.715798,-0.352755,0.000000,0.352755,0.043942,-0.019454,0.049481,0.049481,0.005539,0.029845,0.049299,0.028220,0.003562,0.000066,0.028068,0.001777,1.127228,-0.003047,1.124181,1.124181,1.124181,0.562090,0.562090,0,0,1,0,0.000000,0.080000,0.008000,0.001000,5.067500,0.091350,22.865000,0.027162,0.000000
1.543000,0.414000,0.554000,-0.717595,0.000000,-0.717595,-0.353100,0.000000,0.353100,0.043773,-0.018838,0.049367,0.049367,0.005594,0.030083,0.048920,0.028248,0.003576,0.000069,0.028361,0.001722,1.118317,-0.002058,1.116259,1.116259,1.116259,0.558130,0.558130,0,0,1,0,0.000000,0.080000,0.008000,0.001000,5.070000,0.091400,22.860000,0.027150,0.000000
1.548000,0.414500,0.554500,-0.719395,0.000000,-0.719395,-0.353451,0.000000,0.353451,0.043773,-0.018838,0.049254,0.049254,0.005481,0.029523,0.048361,0.028276,0.003591,0.000070,0.027800,0.001723,1.105286,-0.003037,1.102249,1.102249,1.102249,0.551125,0.551125,0,0,1,0,0.000000,0.080000,0.008000,0.001000,5.072500,0.091450,22.855000,0.027137,0.000000
1.553000,0.415000,0.555000,-0.721197,0.000000,-0.721197,-0.353803,0.000000,0.353803,0.043614,-0.018235,0.049141,0.049141,0.005527,0.029716,0.047950,0.028304,0.003605,0.000071,0.028047,0.001668,1.095668,-0.002226,1.093441,1.093441,1.093441,0.546721,0.546721,0,0,1,0,0.000000,0.080000,0.008000,0.001000,5.075000,0.091500,22.850000,0.027125,0.000000
1.562000,0.415900,0.555900,-0.724804,0.000000,-0.724804,-0.354485,0.000000,0.354485,0.043456,-0.017811,0.048938,0.048938,0.005482,0.029477,0.047288,0.028359,0.003630,0.000076,0.027846,0.001631,1.080114,-0.001994,1.078121,1.078121,1.078121,0.539060,0.539060,0,0,1,0,0.000000,0.080000,0.008000,0.001000,5.079500,0.091590,22.841000,0.027102,0.000000
1.567000,0.416400,0.556400,-0.726597,0.000000,-0.726597,-0.354699,0.000000,0.354699,0.043456,-0.017811,0.048825,0.048825,0.005370,0.028920,0.046732,0.028376,0.003644,0.000043,0.027288,0.001632,1.067163,-0.003017,1.064146,1.064146,1.064146,0.532073,0.532073,0,0,1,0,0.000000,0.080000,0.008000,0.001000,5.082000,0.091640,22.836000,0.027090,0.000000
1.572000,0.416900,0.556900,-0.728401,0.000000,-0.728401,-0.355004,0.000000,0.355004,0.043286,-0.017622,0.048713,0.048713,0.005428,0.029212,0.046834,0.028400,0.003659,0.000061,0.027596,0.001616,1.069259,0.000553,1.069811,1.069811,1.069811,0.534906,0.534906,0,0,1,0,0.000000,0.080000,0.008000,0.001000,5.084500,0.091690,22.831000,0.027077,0.000000
1.577000,0.417400,0.557400,-0.730205,0.000000,-0.730205,-0.355287,0.000000,0.355287,0.043286,-0.017622,0.048601,0.048601,0.005315,0.028657,0.046278,0.028423,0.003673,0.000057,0.027040,0.001617,1.056347,-0.003006,1.053340,1.053340,1.053340,0.526670,0.526670,0,0,1,0,0.000000,0.080000,0.008000,0.001000,5.087000,0.091740,22.826000,0.027065,0.000000
1.582000,0.417900,0.557900,-0.732008,0.000000,-0.732008,-0.355552,0.000000,0.355552,0.043109,-0.017740,0.048489,0.048489,0.005380,0.029011,0.046751,0.028444,0.003687,0.000053,0.027383,0.001628,1.066913,0.002560,1.069473,1.069473,1.069473,0.534736,0.534736,0,0,1,0,0.000000,0.080000,0.008000,0.001000,5.089500,0.091790,22.821000,0.027052,0.000000
1.587000,0.418400,0.558400,-0.733810,0.000000,-0.733810,-0.355791,0.000000,0.355791,0.043109,-0.017740,0.048378,0.048378,0.005269,0.028457,0.046197,0.028463,0.003701,0.000048,0.026828,0.001629,1.054040,-0.002996,1.051044,1.051044,1.051044,0.525522,0.525522,0,0,1,0,0.000000,0.080000,0.008000,0.001000,5.092000,0.091840,22.816000,0.027040,0.000000
1.592000,0.418900,0.558900,-0.735612,0.000000,-0.735612,-0.356014,0.000000,0.356014,0.042917,-0.018139,0.048266,0.048266,0.005349,0.028920,0.047059,0.028481,0.003716,0.000045,0.027253,0.001667,1.073453,0.004655,1.078108,1.078108,1.078108,0.539054,0.539054,0,0,1,0,0.000000,0.080000,0.008000,0.001000,5.094500,0.091890,22.811000,0.027027,0.000000
1.597000,0.419400,0.559400,-0.737412,0.000000,-0.737412,-0.356213,0.000000,0.356213,0.042917,-0.018139,0.048155,0.048155,0.005238,0.028367,0.046506,0.028497,0.003730,0.000040,0.026699,0.001668,1.060618,-0.002985,1.057633,1.057633,1.057633,0.528817,0.528817,0,0,1,0,0.000000,0.080000,0.008000,0.001000,5.097000,0.091940,22.806000,0.027015,0.000000
1.602000,0.419900,0.559900,-0.739213,0.000000,-0.739213,-0.356403,0.000000,0.356403,0.042709,-0.018733,0.048044,0.048044,0.005335,0.028929,0.047662,0.028512,0.003744,0.000038,0.027206,0.001723,1.086748,0.006244,1.092992,1.092992,1.092992,0.546496,0.546496,0,0,1,0,0.000000,0.080000,0.008000,0.001000,5.099500,0.091990,22.801000,0.027002,0.000000
1.607000,0.420400,0.560400,-0.741012,0.000000,-0.741012,-0.356574,0.000000,0.356574,0.042709,-0.018733,0.047933,0.047933,0.005224,0.028378,0.047111,0.028526,0.003758,0.000034,0.026654,0.001724,1.073950,-0.002974,1.070976,1.070976,1.070976,0.535488,0.535488,0,0,1,0,0.000000,0.080000,0.008000,0.001000,5.102000,0.092040,22.796000,0.026990,0.000000
1.612000,0.420900,0.560900,-0.742812,0.000000,-0.742812,-0.356745,0.000000,0.356745,0.042489,-0.019405,0.047823,0.047823,0.005334,0.029013,0.048418,0.028540,0.003773,0.000034,0.027226,0.001787,1.103487,0.007048,1.110536,1.110536,1.110536,0.555268,0.555268,0,0,1,0,0.000000,0.080000,0.008000,0.001000,5.104500,0.092090,22.791000,0.026977,0.000000
1.617000,0.421400,0.561400,-0.744612,0.000000,-0.744612,-0.356906,0.000000,0.356906,0.042489,-0.019405,0.047712,0.047712,0.005223,0.028464,0.047868,0.028552,0.003787,0.000032,0.026676,0.001788,1.090727,-0.002963,1.087765,1.087765,1.087765,0.543882,0.543882,0,0,1,0,0.000000,0.080000,0.008000,0.001000,5.107000,0.092140,22.786000,0.026965,0.000000
1.622000,0.421900,0.561900,-0.746413,0.000000,-0.746413,-0.357076,0.000000,0.357076,0.042262,-0.020032,0.047602,0.047602,0.005340,0.029133,0.049165,0.028566,0.003801,0.000034,0.027287,0.001847,1.120033,0.006991,1.127024,1.127024,1.127024,0.563512,0.563512,0,0,1,0,0.000000,0.080000,0.008000,0.001000,5.109500,0.092190,22.781000,0.026952,0.000000
1.627000,0.422400,0.562400,-0.748215,0.000000,-0.748215,-0.357243,0.000000,0.357243,0.042262,-0.020032,0.047492,0.047492,0.005230,0.028585,0.048617,0.028579,0.003815,0.000033,0.026738,0.001848,1.107310,-0.002952,1.104359,1.104359,1.104359,0.552179,0.552179,0,0,1,0,0.000000,0.080000,0.008000,0.001000,5.112000,0.092240,22.776000,0.026940,0.000000
1.632000,0.422900,0.562900,-0.750019,0.000000,-0.750019,-0.357440,0.000000,0.357440,0.042033,-0.020555,0.047383,0.047383,0.005349,0.029256,0.049812,0.028595,0.003830,0.000039,0.027359,0.001897,1.134262,0.006432,1.140693,1.140693,1.140693,0.570347,0.570347,0,0,1,0,0.000000,0.080000,0.008000,0.001000,5.114500,0.092290,22.771000,0.026927,0.000000
1.641000,0.423800,0.563800,-0.753632,0.000000,-0.753632,-0.357837,0.000000,0.357837,0.041809,-0.020825,0.047186,0.047186,0.005377,0.029447,0.050272,0.028627,0.003855,0.000044,0.027523,0.001924,1.144284,0.001375,1.145659,1.145659,1.145659,0.572830,0.572830,0,0,1,0,0.000000,0.080000,0.008000,0.001000,5.119000,0.092380,22.762000,0.026905,0.000000
1.646000,0.424300,0.564300,-0.755432,0.000000,-0.755432,-0.357954,0.000000,0.357954,0.041809,-0.020825,0.047076,0.047076,0.005267,0.028902,0.049727,0.028636,0.003870,0.000023,0.026977,0.001925,1.131635,-0.002930,1.128705,1.128705,1.128705,0.564352,0.564352,0,0,1,0,0.000000,0.080000,0.008000,0.001000,5.121500,0.092430,22.757000,0.026892,0.000000
1.651000,0.424800,0.564800,-0.757245,0.000000,-0.757245,-0.358203,0.000000,0.358203,0.041590,-0.020808,0.046967,0.046967,0.005378,0.029480,0.050288,0.028656,0.003884,0.000050,0.027555,0.001924,1.144148,0.003015,1.147163,1.147163,1.147163,0.573582,0.573582,0,0,1,0,0.000000,0.080000,0.008000,0.001000,5.124000,0.092480,22.752000,0.026880,0.000000
1.656000,0.425300,0.565300,-0.759061,0.000000,-0.759061,-0.358463,0.000000,0.358463,0.041590,-0.020808,0.046859,0.046859,0.005269,0.028936,0.049744,0.028677,0.003898,0.000052,0.027011,0.001925,1.131538,-0.002919,1.128619,1.128619,1.128619,0.564309,0.564309,0,0,1,0,0.000000,0.080000,0.008000,0.001000,5.126500,0.092530,22.747000,0.026867,0.000000
1.661000,0.425800,0.565800,-0.760880,0.000000,-0.760880,-0.358742,0.000000,0.358742,0.041387,-0.020612,0.046750,0.046750,0.005363,0.029417,0.050029,0.028699,0.003913,0.000056,0.027509,0.001908,1.137758,0.001528,1.139286,1.139286,1.139286,0.569643,0.569643,0,0,1,0,0.000000,0.080000,0.008000,0.001000,5.129000,0.092580,22.742000,0.026855,0.000000
1.666000,0.426300,0.566300,-0.762702,0.000000,-0.762702,-0.359029,0.000000,0.359029,0.041387,-0.020612,0.046642,0.046642,0.005255,0.028875,0.049487,0.028722,0.003927,0.000057,0.026966,0.001909,1.125188,-0.002909,1.122279,1.122279,1.122279,0.561140,0.561140,0,0,1,0,0.000000,0.080000,0.008000,0.001000,5.131500,0.092630,22.737000,0.026842,0.000000
1.671000,0.426800,0.566800,-0.764526,0.000000,-0.764526,-0.359329,0.000000,0.359329,0.041192,-0.020321,0.046533,0.046533,0.005341,0.029306,0.049627,0.028746,0.003942,0.000060,0.027422,0.001883,1.128117,0.000750,1.128866,1.128866,1.128866,0.564433,0.564433,0,0,1,0,0.000000,0.080000,0.008000,0.001000,5.134000,0.092680,22.732000,0.026830,0.000000
1.676000,0.427300,0.567300,-0.766353,0.000000,-0.766353,-0.359631,0.000000,0.359631,0.041192,-0.020321,0.046425,0.046425,0.005233,0.028765,0.049086,0.028770,0.003956,0.000060,0.026881,0.001884,1.115586,-0.002899,1.112688,1.112688,1.112688,0.556344,0.556344,0,0,1,0,0.000000,0.080000,0.008000,0.001000,5.136500,0.092730,22.727000,0.026817,0.000000
1.681000,0.427800,0.567800,-0.768181,0.000000,-0.768181,-0.359938,0.000000,0.359938,0.041002,-0.020030,0.046317,0.046317,0.005315,0.029174,0.049204,0.028795,0.003970,0.000061,0.027315,0.001858,1.118011,0.000630,1.118641,1.118641,1.118641,0.559321,0.559321,0,0,1,0,0.000000,0.080000,0.008000,0.001000,5.139000,0.092780,22.722000,0.026805,0.000000
1.686000,0.428300,0.568300,-0.768181,0.000000,-0.768181,-0.359938,0.000000,0.359938,0.041002,-0.020030,0.046210,0.046210,0.005208,0.028635,0.048665,0.028795,0.003985,0.000000,0.026775,0.001859,1.105520,-0.002888,1.102632,1.102632,1.102632,0.551316,0.551316,0,0,1,0,0.000000,0.080000,0.008000,0.001000,5.141500,0.092830,22.717000,0.026792,0.000000
1.695000,0.429200,0.569200,-0.771841,0.000000,-0.771841,-0.360541,0.000000,0.360541,0.040813,-0.019819,0.046017,0.046017,0.005204,0.028619,0.048438,0.028843,0.004011,0.000067,0.026777,0.001842,1.099939,-0.000674,1.099266,1.099266,1.099266,0.549633,0.549633,0,0,1,0,0.000000,0.080000,0.008000,0.001000,5.146000,0.092920,22.708000,0.026770,0.000000
1.700000,0.429700,0.569700,-0.773673,0.000000,-0.773673,-0.360831,0.000000,0.360831,0.040614,-0.019988,0.045910,0.045910,0.005295,0.029121,0.049109,0.028867,0.004025,0.000058,0.027263,0.001858,1.114931,0.003591,1.118522,1.118522,1.118522,0.559261,0.559261,0,0,1,0,0.000000,0.080000,0.008000,0.001000,5.148500,0.092970,22.703000,0.026757,0.000000
1.705000,0.430200,0.570200,-0.775493,0.000000,-0.775493,-0.360998,0.000000,0.360998,0.040614,-0.019988,0.045803,0.045803,0.005188,0.028585,0.048573,0.028880,0.004040,0.000033,0.026726,0.001859,1.102513,-0.002869,1.099645,1.099645,1.099645,0.549822,0.549822,0,0,1,0,0.000000,0.080000,0.008000,0.001000,5.151000,0.093020,22.698000,0.026745,0.000000
1.710000,0.430700,0.570700,-0.777325,0.000000,-0.777325,-0.361265,0.000000,0.361265,0.040614,-0.019988,0.045696,0.045696,0.005082,0.028049,0.048037,0.028901,0.004054,0.000053,0.026189,0.001860,1.090111,-0.002865,1.087246,1.087246,1.087246,0.543623,0.543623,0,0,1,0,0.000000,0.080000,0.008000,0.001000,5.153500,0.093070,22.693000,0.026732,0.000000
1.715000,0.431200,0.571200,-0.779158,0.000000,-0.779158,-0.361533,0.000000,0.361533,0.040415,-0.019987,0.045590,0.045590,0.005174,0.028540,0.048527,0.028923,0.004068,0.000054,0.026679,0.001861,1.100981,0.002617,1.103598,1.103598,1.103598,0.551799,0.551799,0,0,1,0,0.000000,0.080000,0.008000,0.001000,5.156000,0.093120,22.688000,0.026720,0.000000
1.720000,0.431700,0.571700,-0.780991,0.000000,-0.780991,-0.361791,0.000000,0.361791,0.040415,-0.019987,0.045483,0.045483,0.005068,0.028006,0.047993,0.028943,0.004083,0.000052,0.026144,0.001862,1.088617,-0.002854,1.085763,1.085763,1.085763,0.542881,0.542881,0,0,1,0,0.000000,0.080000,0.008000,0.001000,5.158500,0.093170,22.683000,0.026707,0.000000
1.725000,0.432200,0.572200,-0.782825,0.000000,-0.782825,-0.362034,0.000000,0.362034,0.040210,-0.020174,0.045377,0.045377,0.005167,0.028547,0.048720,0.028963,0.004097,0.000048,0.026666,0.001881,1.104878,0.003885,1.108763,1.108763,1.108763,0.554381,0.554381,0,0,1,0,0.000000,0.080000,0.008000,0.001000,5.161000,0.093220,22.678000,0.026695,0.000000
1.730000,0.432700,0.572700,-0.784658,0.000000,-0.784658,-0.362269,0.000000,0.362269,0.040210,-0.020174,0.045271,0.045271,0.005061,0.028014,0.048187,0.028982,0.004112,0.000047,0.026132,0.001882,1.092551,-0.002844,1.089707,1.089707,1.089707,0.544853,0.544853,0,0,1,0,0.000000,0.080000,0.008000,0.001000,5.163500,0.093270,22.673000,0.026682,0.000000
1.735000,0.433200,0.573200,-0.786504,0.000000,-0.786504,-0.362616,0.000000,0.362616,0.040003,-0.020211,0.045165,0.045165,0.005162,0.028555,0.048765,0.029009,0.004126,0.000069,0.026669,0.001886,1.105416,0.003084,1.108500,1.108500,1.108500,0.554250,0.554250,0,0,1,0,0.000000,0.080000,0.008000,0.001000,5.166000,0.093320,22.668000,0.026670,0.000000
1.740000,0.433700,0.573700,-0.788349,0.000000,-0.788349,-0.362929,0.000000,0.362929,0.040003,-0.020211,0.045060,0.045060,0.005057,0.028023,0.048234,0.029034,0.004141,0.000063,0.026136,0.001887,1.093127,-0.002834,1.090293,1.090293,1.090293,0.545146,0.545146,0,0,1,0,0.000000,0.080000,0.008000,0.001000,5.168500,0.093370,22.663000,0.026657,0.000000
1.749000,0.434600,0.574600,-0.792035,0.000000,-0.792035,-0.363483,0.000000,0.363483,0.039791,-0.020472,0.044870,0.044870,0.005079,0.028189,0.048661,0.029079,0.004167,0.000062,0.026275,0.001913,1.102361,0.001263,1.103624,1.103624,1.103624,0.551812,0.551812,0,0,1,0,0.000000,0.080000,0.008000,0.001000,5.173000,0.093460,22.654000,0.026635,0.000000
1.754000,0.435100,0.575100,-0.793865,0.000000,-0.793865,-0.363604,0.000000,0.363604,0.039561,-0.021173,0.044765,0.044765,0.005205,0.028917,0.050090,0.029088,0.004182,0.000024,0.026937,0.001980,1.134500,0.007613,1.142112,1.142112,1.142112,0.571056,0.571056,0,0,1,0,0.000000,0.080000,0.008000,0.001000,5.175500,0.093510,22.649000,0.026622,0.000000
1.759000,0.435600,0.575600,-0.795705,0.000000,-0.795705,-0.363822,0.000000,0.363822,0.039561,-0.021173,0.044661,0.044661,0.005100,0.028389,0.049562,0.029106,0.004196,0.000044,0.026408,0.001981,1.122279,-0.002813,1.119465,1.119465,1.119465,0.559733,0.559733,0,0,1,0,0.000000,0.080000,0.008000,0.001000,5.178000,0.093560,22.644000,0.026610,0.000000
1.764000,0.436100,0.576100,-0.797545,0.000000,-0.797545,-0.364047,0.000000,0.364047,0.039327,-0.021562,0.044556,0.044556,0.005229,0.029108,0.050670,0.029124,0.004211,0.000045,0.027089,0.002018,1.147120,0.005895,1.153015,1.153015,1.153015,0.576508,0.576508,0,0,1,0,0.000000,0.080000,0.008000,0.001000,5.180500,0.093610,22.639000,0.026597,0.000000
1.769000,0.436600,0.576600,-0.799387,0.000000,-0.799387,-0.364266,0.000000,0.364266,0.039327,-0.021562,0.044452,0.044452,0.005125,0.028581,0.050143,0.029141,0.004225,0.000044,0.026561,0.002020,1.134936,-0.002803,1.132133,1.132133,1.132133,0.566066,0.566066,0,0,1,0,0.000000,0.080000,0.008000,0.001000,5.183000,0.093660,22.634000,0.026585,0.000000
1.774000,0.437100,0.577100,-0.801231,0.000000,-0.801231,-0.364498,0.000000,0.364498,0.039095,-0.021821,0.044347,0.044347,0.005253,0.029284,0.051104,0.029160,0.004240,0.000046,0.027239,0.002045,1.156443,0.005110,1.161552,1.161552,1.161552,0.580776,0.580776,0,0,1,0,0.000000,0.080000,0.008000,0.001000,5.185500,0.093710,22.629000,0.026572,0.000000
1.779000,0.437600,0.577600,-0.803076,0.000000,-0.803076,-0.364730,0.000000,0.364730,0.039095,-0.021821,0.044243,0.044243,0.005149,0.028758,0.050579,0.029178,0.004254,0.000046,0.026712,0.002046,1.144295,-0.002792,1.141503,1.141503,1.141503,0.570751,0.570751,0,0,1,0,0.000000,0.080000,0.008000,0.001000,5.188000,0.093760,22.624000,0.026560,0.000000
1.788000,0.438500,0.578500,-0.806773,0.000000,-0.806773,-0.365231,0.000000,0.365231,0.038867,-0.021912,0.044056,0.044056,0.005189,0.029003,0.050914,0.029219,0.004281,0.000056,0.026946,0.002056,1.151425,0.000989,1.152414,1.152414,1.152414,0.576207,0.576207,0,0,1,0,0.000000,0.080000,0.008000,0.001000,5.192500,0.093850,22.615000,0.026537,0.000000
1.793000,0.439000,0.579000,-0.808612,0.000000,-0.808612,-0.365372,0.000000,0.365372,0.038640,-0.022131,0.043953,0.043953,0.005313,0.029680,0.051811,0.029230,0.004295,0.000028,0.027602,0.002078,1.171443,0.004757,1.176199,1.176199,1.176199,0.588100,0.588100,0,0,1,0,0.000000,0.080000,0.008000,0.001000,5.195000,0.093900,22.610000,0.026525,0.000000
1.798000,0.439500,0.579500,-0.810464,0.000000,-0.810464,-0.365635,0.000000,0.365635,0.038640,-0.022131,0.043850,0.043850,0.005210,0.029157,0.051288,0.029251,0.004310,0.000053,0.027078,0.002079,1.159366,-0.002772,1.156594,1.156594,1.156594,0.578297,0.578297,0,0,1,0,0.000000,0.080000,0.008000,0.001000,5.197500,0.093950,22.605000,0.026512,0.000000
1.803000,0.440000,0.580000,-0.812320,0.000000,-0.812320,-0.365920,0.000000,0.365920,0.038425,-0.021884,0.043746,0.043746,0.005321,0.029729,0.051613,0.029274,0.004325,0.000057,0.027671,0.002057,1.166448,0.001721,1.168169,1.168169,1.168169,0.584085,0.584085,0,0,1,0,0.000000,0.080000,0.008000,0.001000,5.200000,0.094000,22.600000,0.026500,0.000000
1.808000,0.440500,0.580500,-0.814178,0.000000,-0.814178,-0.366215,0.000000,0.366215,0.038425,-0.021884,0.043643,0.043643,0.005218,0.029207,0.051091,0.029297,0.004339,0.000059,0.027149,0.002058,1.154409,-0.002762,1.151647,1.151647,1.151647,0.575824,0.575824,0,0,1,0,0.000000,0.080000,0.008000,0.001000,5.202500,0.094050,22.595000,0.026487,0.000000
1.813000,0.441000,0.581000,-0.816039,0.000000,-0.816039,-0.366525,0.000000,0.366525,0.038221,-0.021504,0.043541,0.043541,0.005319,0.029711,0.051215,0.029322,0.004354,0.000062,0.027688,0.002024,1.156951,0.000656,1.157606,1.157606,1.157606,0.578803,0.578803,0,0,1,0,0.000000,0.080000,0.008000,0.001000,5.205000,0.094100,22.590000,0.026475,0.000000
1.818000,0.441500,0.581500,-0.817902,0.000000,-0.817902,-0.366839,0.000000,0.366839,0.038221,-0.021504,0.043438,0.043438,0.005217,0.029191,0.050695,0.029347,0.004369,0.000063,0.027167,0.002025,1.144950,-0.002752,1.142198,1.142198,1.142198,0.571099,0.571099,0,0,1,0,0.000000,0.080000,0.008000,0.001000,5.207500,0.094150,22.585000,0.026462,0.000000
1.823000,0.442000,0.582000,-0.819768,0.000000,-0.819768,-0.367161,0.000000,0.367161,0.038025,-0.021087,0.043336,0.043336,0.005311,0.029654,0.050741,0.029373,0.004383,0.000064,0.027668,0.001986,1.145739,0.000244,1.145983,1.145983,1.145983,0.572991,0.572991,0,0,1,0,0.000000,0.080000,0.008000,0.001000,5.210000,0.094200,22.580000,0.026450,0.000000
1.832000,0.442900,0.582900,-0.823504,0.000000,-0.823504,-0.367800,0.000000,0.367800,0.037832,-0.020726,0.043152,0.043152,0.005319,0.029692,0.050418,0.029424,0.004410,0.000071,0.027738,0.001954,1.137993,-0.000948,1.137045,1.137045,1.137045,0.568522,0.568522,0,0,1,0,0.000000,0.080000,0.008000,0.001000,5.214500,0.094290,22.571000,0.026427,0.000000
1.837000,0.443400,0.583400,-0.825362,0.000000,-0.825362,-0.368002,0.000000,0.368002,0.037832,-0.020726,0.043050,0.043050,0.005217,0.029175,0.049901,0.029440,0.004425,0.000040,0.027219,0.001955,1.126064,-0.002734,1.123331,1.123331,1.123331,0.561665,0.561665,0,0,1,0,0.000000,0.080000,0.008000,0.001000,5.217000,0.094340,22.566000,0.026415,0.000000
1.842000,0.443900,0.583900,-0.827233,0.000000,-0.827233,-0.368313,0.000000,0.368313,0.037635,-0.020438,0.042948,0.042948,0.005313,0.029662,0.050100,0.029465,0.004439,0.000062,0.027733,0.001929,1.130311,0.001052,1.131363,1.131363,1.131363,0.565682,0.565682,0,0,1,0,0.000000,0.080000,0.008000,0.001000,5.219500,0.094390,22.561000,0.026402,0.000000
1.847000,0.444400,0.584400,-0.829104,0.000000,-0.829104,-0.368613,0.000000,0.368613,0.037635,-0.020438,0.042846,0.042846,0.005212,0.029146,0.049584,0.029489,0.004454,0.000060,0.027215,0.001930,1.118419,-0.002724,1.115695,1.115695,1.115695,0.557848,0.557848,0,0,1,0,0.000000,0.080000,0.008000,0.001000,5.222000,0.094440,22.556000,0.026390,0.000000
1.852000,0.444900,0.584900,-0.830976,0.000000,-0.830976,-0.368906,0.000000,0.368906,0.037439,-0.020306,0.042745,0.042745,0.005306,0.029639,0.049945,0.029513,0.004469,0.000059,0.027720,0.001919,1.126310,0.001904,1.128213,1.128213,1.128213,0.564107,0.564107,0,0,1,0,0.000000,0.080000,0.008000,0.001000,5.224500,0.094490,22.551000,0.026377,0.000000
1.857000,0.445400,0.585400,-0.832849,0.000000,-0.832849,-0.369185,0.000000,0.369185,0.037439,-0.020306,0.042644,0.042644,0.005205,0.029124,0.049430,0.029535,0.004484,0.000056,0.027205,0.001920,1.114454,-0.002714,1.111740,1.111740,1.111740,0.555870,0.555870,0,0,1,0,0.000000,0.080000,0.008000,0.001000,5.227000,0.094540,22.546000,0.026365,0.000000
1.866000,0.446300,0.586300,-0.836595,0.000000,-0.836595,-0.369712,0.000000,0.369712,0.037237,-0.020338,0.042462,0.042462,0.005225,0.029260,0.049598,0.029577,0.004510,0.000058,0.027335,0.001925,1.117792,0.000491,1.118283,1.118283,1.118283,0.559141,0.559141,0,0,1,0,0.000000,0.080000,0.008000,0.001000,5.231500,0.094630,22.537000,0.026342,0.000000
1.871000,0.446800,0.586800,-0.838456,0.000000,-0.838456,-0.369834,0.000000,0.369834,0.037020,-0.020783,0.042361,0.042361,0.005341,0.029924,0.050707,0.029587,0.004525,0.000024,0.027956,0.001968,1.142530,0.005840,1.148369,1.148369,1.148369,0.574185,0.574185,0,0,1,0,0.000000,0.080000,0.008000,0.001000,5.234000,0.094680,22.532000,0.026330,0.000000
1.876000,0.447300,0.587300,-0.840327,0.000000,-0.840327,-0.370061,0.000000,0.370061,0.037020,-0.020783,0.042261,0.042261,0.005241,0.029412,0.050195,0.029605,0.004540,0.000045,0.027443,0.001969,1.130741,-0.002695,1.128046,1.128046,1.128046,0.564023,0.564023,0,0,1,0,0.000000,0.080000,0.008000,0.001000,5.236500,0.094730,22.527000,0.026317,0.000000
1.881000,0.447800,0.587800,-0.842201,0.000000,-0.842201,-0.370294,0.000000,0.370294,0.036801,-0.020996,0.042160,0.042160,0.005360,0.030069,0.051064,0.029624,0.004555,0.000047,0.028079,0.001990,1.150071,0.004574,1.154645,1.154645,1.154645,0.577323,0.577323,0,0,1,0,0.000000,0.080000,0.008000,0.001000,5.239000,0.094780,22.522000,0.026305,0.000000
1.886000,0.448300,0.588300,-0.844075,0.000000,-0.844075,-0.370522,0.000000,0.370522,0.036801,-0.020996,0.042060,0.042060,0.005259,0.029558,0.050554,0.029642,0.004569,0.000046,0.027567,0.001991,1.138317,-0.002685,1.135632,1.135632,1.135632,0.567816,0.567816,0,0,1,0,0.000000,0.080000,0.008000,0.001000,5.241500,0.094830,22.517000,0.026292,0.000000
1.891000,0.448800,0.588800,-0.845950,0.000000,-0.845950,-0.370760,0.000000,0.370760,0.036580,-0.021181,0.041960,0.041960,0.005380,0.030223,0.051403,0.029661,0.004584,0.000047,0.028213,0.002010,1.157188,0.004465,1.161653,1.161653,1.161653,0.580827,0.580827,0,0,1,0,0.000000,0.080000,0.008000,0.001000,5.244000,0.094880,22.512000,0.026280,0.000000
1.901000,0.449800,0.589800,-0.847827,0.000000,-0.847827,-0.370995,0.000000,0.370995,0.036360,-0.021306,0.041761,0.041761,0.005401,0.030373,0.051679,0.029680,0.004614,0.000024,0.028349,0.002024,1.162875,0.000723,1.163598,1.163598,1.163598,0.581799,0.581799,0,0,1,0,0.000000,0.080000,0.008000,0.001000,5.249000,0.094980,22.502000,0.026255,0.000000
1.910000,0.450700,0.590700,-0.851576,0.000000,-0.851576,-0.371378,0.000000,0.371378,0.036139,-0.021266,0.041557,0.041557,0.005418,0.030486,0.051753,0.029710,0.004641,0.000043,0.028465,0.002022,1.164071,0.000215,1.164287,1.164287,1.164287,0.582143,0.582143,0,0,1,0,0.000000,0.080000,0.008000,0.001000,5.253500,0.095070,22.493000,0.026232,0.000000
1.915000,0.451200,0.591200,-0.853460,0.000000,-0.853460,-0.371664,0.000000,0.371664,0.036139,-0.021266,0.041441,0.041441,0.005302,0.029888,0.051154,0.029733,0.004655,0.000057,0.027865,0.002023,1.150362,-0.003137,1.147225,1.147225,1.147225,0.573613,0.573613,0,0,1,0,0.000000,0.080000,0.008000,0.001000,5.256000,0.095120,22.488000,0.026220,0.000000
1.920000,0.451700,0.591700,-0.855335,0.000000,-0.855335,-0.371837,0.000000,0.371837,0.036139,-0.021266,0.041324,0.041324,0.005185,0.029291,0.050557,0.029747,0.004670,0.000035,0.027267,0.002024,1.136669,-0.003133,1.133537,1.133537,1.133537,0.566768,0.566768,0,0,1,0,0.000000,0.080000,0.008000,0.001000,5.258500,0.095170,22.483000,0.026207,0.000000
1.925000,0.452200,0.592200,-0.857223,0.000000,-0.857223,-0.372131,0.000000,0.372131,0.035925,-0.021151,0.041208,0.041208,0.005283,0.029810,0.050962,0.029771,0.004685,0.000059,0.027796,0.002014,1.145514,0.002120,1.147635,1.147635,1.147635,0.573817,0.573817,0,0,1,0,0.000000,0.080000,0.008000,0.001000,5.261000,0.095220,22.478000,0.026195,0.000000
1.930000,0.452700,0.592700,-0.859112,0.000000,-0.859112,-0.372422,0.000000,0.372422,0.035925,-0.021151,0.041092,0.041092,0.005167,0.029214,0.050365,0.029794,0.004700,0.000058,0.027199,0.002015,1.131863,-0.003122,1.128741,1.128741,1.128741,0.564370,0.564370,0,0,1,0,0.000000,0.080000,0.008000,0.001000,5.263500,0.095270,22.473000,0.026182,0.000000
1.935000,0.453200,0.593200,-0.861003,0.000000,-0.861003,-0.372703,0.000000,0.372703,0.035716,-0.021141,0.040977,0.040977,0.005260,0.029716,0.050856,0.029816,0.004715,0.000056,0.027701,0.002015,1.142643,0.002570,1.145213,1.145213,1.145213,0.572606,0.572606,0,0,1,0,0.000000,0.080000,0.008000,0.001000,5.266000,0.095320,22.468000,0.026170,0.000000
1.940000,0.453700,0.593700,-0.862893,0.000000,-0.862893,-0.372981,0.000000,0.372981,0.035716,-0.021141,0.040861,0.040861,0.005145,0.029121,0.050262,0.029838,0.004730,0.000056,0.027105,0.002016,1.129031,-0.003111,1.125920,1.125920,1.125920,0.562960,0.562960,0,0,1,0,0.000000,0.080000,0.008000,0.001000,5.268500,0.095370,22.463000,0.026157,0.000000
1.945000,0.454200,0.594200,-0.864785,0.000000,-0.864785,-0.373245,0.000000,0.373245,0.035503,-0.021236,0.040746,0.040746,0.005243,0.029660,0.050896,0.029860,0.004745,0.000053,0.027634,0.002026,1.143015,0.003314,1.146329,1.146329,1.146329,0.573165,0.573165,0,0,1,0,0.000000,0.080000,0.008000,0.001000,5.271000,0.095420,22.458000,0.026145,0.000000
1.950000,0.454700,0.594700,-0.866688,0.000000,-0.866688,-0.373616,0.000000,0.373616,0.035503,-0.021236,0.040630,0.040630,0.005127,0.029067,0.050303,0.029889,0.004760,0.000074,0.027040,0.002027,1.129443,-0.003100,1.126343,1.126343,1.126343,0.563171,0.563171,0,0,1,0,0.000000,0.080000,0.008000,0.001000,5.273500,0.095470,22.453000,0.026132,0.000000
1.955000,0.455200,0.595200,-0.868591,0.000000,-0.868591,-0.373972,0.000000,0.373972,0.035292,-0.021296,0.040516,0.040516,0.005224,0.029594,0.050889,0.029918,0.004775,0.000071,0.027559,0.002034,1.142358,0.003064,1.145422,1.145422,1.145422,0.572711,0.572711,0,0,1,0,0.000000,0.080000,0.008000,0.001000,5.276000,0.095520,22.448000,0.026120,0.000000
1.960000,0.455700,0.595700,-0.870493,0.000000,-0.870493,-0.374286,0.000000,0.374286,0.035292,-0.021296,0.040401,0.040401,0.005109,0.029002,0.050297,0.029943,0.004790,0.000063,0.026967,0.002035,1.128826,-0.003089,1.125736,1.125736,1.125736,0.562868,0.562868,0,0,1,0,0.000000,0.080000,0.008000,0.001000,5.278500,0.095570,22.443000,0.026107,0.000000
1.969000,0.456600,0.596600,-0.874293,0.000000,-0.874293,-0.374851,0.000000,0.374851,0.035071,-0.021511,0.040195,0.040195,0.005124,0.029127,0.050638,0.029988,0.004817,0.000063,0.027070,0.002058,1.136014,0.000987,1.137001,1.137001,1.137001,0.568501,0.568501,0,0,1,0,0.000000,0.080000,0.008000,0.001000,5.283000,0.095660,22.434000,0.026085,0.000000
1.974000,0.457100,0.597100,-0.876180,0.000000,-0.876180,-0.374975,0.000000,0.374975,0.034833,-0.022134,0.040080,0.040080,0.005247,0.029854,0.051988,0.029998,0.004832,0.000025,0.027735,0.002118,1.166042,0.007040,1.173082,1.173082,1.173082,0.586541,0.586541,0,0,1,0,0.000000,0.080000,0.008000,0.001000,5.285500,0.095710,22.429000,0.026072,0.000000
1.979000,0.457600,0.597600,-0.878078,0.000000,-0.878078,-0.375201,0.000000,0.375201,0.034833,-0.022134,0.039966,0.039966,0.005133,0.029265,0.051400,0.030016,0.004847,0.000045,0.027145,0.002120,1.152583,-0.003068,1.149515,1.149515,1.149515,0.574757,0.574757,0,0,1,0,0.000000,0.080000,0.008000,0.001000,5.288000,0.095760,22.424000,0.026060,0.000000
1.984000,0.458100,0.598100,-0.879976,0.000000,-0.879976,-0.375431,0.000000,0.375431,0.034593,-0.022474,0.039853,0.039853,0.005260,0.029981,0.052456,0.030035,0.004862,0.000046,0.027828,0.002153,1.176005,0.005502,1.181507,1.181507,1.181507,0.590754,0.590754,0,0,1,0,0.000000,0.080000,0.008000,0.001000,5.290500,0.095810,22.419000,0.026047,0.000000
1.989000,0.458600,0.598600,-0.881875,0.000000,-0.881875,-0.375655,0.000000,0.375655,0.034593,-0.022474,0.039739,0.039739,0.005146,0.029394,0.051869,0.030052,0.004877,0.000045,0.027240,0.002154,1.162584,-0.003057,1.159527,1.159527,1.159527,0.579764,0.579764,0,0,1,0,0.000000,0.080000,0.008000,0.001000,5.293000,0.095860,22.414000,0.026035,0.000000
1.994000,0.459100,0.599100,-0.883776,0.000000,-0.883776,-0.375890,0.000000,0.375890,0.034353,-0.022719,0.039626,0.039626,0.005273,0.030103,0.052821,0.030071,0.004892,0.000047,0.027924,0.002179,1.183673,0.004958,1.188631,1.188631,1.188631,0.594316,0.594316,0,0,1,0,0.000000,0.080000,0.008000,0.001000,5.295500,0.095910,22.409000,0.026022,0.000000
1.999000,0.459600,0.599600,-0.885678,0.000000,-0.885678,-0.376122,0.000000,0.376122,0.034353,-0.022719,0.039512,0.039512,0.005160,0.029517,0.052236,0.030090,0.004907,0.000046,0.027337,0.002180,1.170291,-0.003046,1.167245,1.167245,1.167245,0.583623,0.583623,0,0,1,0,0.000000,0.080000,0.008000,0.001000,5.298000,0.095960,22.404000,0.026010,0.000000
2.004000,0.460100,0.600100,-0.887582,0.000000,-0.887582,-0.376367,0.000000,0.376367,0.034116,-0.022839,0.039399,0.039399,0.005284,0.030199,0.053039,0.030109,0.004922,0.000049,0.028007,0.002193,1.188013,0.004174,1.192187,1.192187,1.192187,0.596094,0.596094,0,0,1,0,0.000000,0.080000,0.008000,0.001000,5.300500,0.096010,22.399000,0.025997,0.000000
2.009000,0.460600,0.600600,-0.889488,0.000000,-0.889488,-0.376614,0.000000,0.376614,0.034116,-0.022839,0.039287,0.039287,0.005171,0.029615,0.052455,0.030129,0.004937,0.000049,0.027422,0.002194,1.174670,-0.003035,1.171635,1.171635,1.171635,0.585818,0.585818,0,0,1,0,0.000000,0.080000,0.008000,0.001000,5.303000,0.096060,22.394000,0.025985,0.000000
2.014000,0.461100,0.601100,-0.891396,0.000000,-0.891396,-0.376874,0.000000,0.376874,0.033884,-0.022835,0.039174,0.039174,0.005290,0.030262,0.053097,0.030150,0.004952,0.000052,0.028067,0.002195,1.188800,0.003339,1.192139,1.192139,1.192139,0.596070,0.596070,0,0,1,0,0.000000,0.080000,0.008000,0.001000,5.305500,0.096110,22.389000,0.025972,0.000000
2.019000,0.461600,0.601600,-0.893306,0.000000,-0.893306,-0.377137,0.000000,0.377137,0.033884,-0.022835,0.039061,0.039061,0.005178,0.029680,0.052515,0.030171,0.004967,0.000052,0.027484,0.002196,1.175496,-0.003024,1.172472,1.172472,1.172472,0.586236,0.586236,0,0,1,0,0.000000,0.080000,0.008000,0.001000,5.308000,0.096160,22.384000,0.025960,0.000000
2.024000,0.462100,0.602100,-0.895218,0.000000,-0.895218,-0.377411,0.000000,0.377411,0.033657,-0.022731,0.038949,0.038949,0.005292,0.030290,0.053021,0.030193,0.004982,0.000055,0.028103,0.002187,1.186568,0.002628,1.189196,1.189196,1.189196,0.594598,0.594598,0,0,1,0,0.000000,0.080000,0.008000,0.001000,5.310500,0.096210,22.379000,0.025947,0.000000
2.033000,0.463000,0.603000,-0.899048,0.000000,-0.899048,-0.377971,0.000000,0.377971,0.033436,-0.022569,0.038748,0.038748,0.005312,0.030406,0.052975,0.030238,0.005009,0.000062,0.028233,0.002173,1.185050,-0.000134,1.184915,1.184915,1.184915,0.592458,0.592458,0,0,1,0,0.000000,0.080000,0.008000,0.001000,5.315000,0.096300,22.370000,0.025925,0.000000
2.038000,0.463500,0.603500,-0.900954,0.000000,-0.900954,-0.378143,0.000000,0.378143,0.033436,-0.022569,0.038636,0.038636,0.005200,0.029827,0.052395,0.030251,0.005025,0.000034,0.027652,0.002174,1.171822,-0.003004,1.168818,1.168818,1.168818,0.584409,0.584409,0,0,1,0,0.000000,0.080000,0.008000,0.001000,5.317500,0.096350,22.365000,0.025912,0.000000
2.043000,0.464000,0.604000,-0.902874,0.000000,-0.902874,-0.378438,0.000000,0.378438,0.033215,-0.022331,0.038524,0.038524,0.005310,0.030401,0.052733,0.030275,0.005040,0.000059,0.028249,0.002153,1.179105,0.001748,1.180853,1.180853,1.180853,0.590426,0.590426,0,0,1,0,0.000000,0.080000,0.008000,0.001000,5.320000,0.096400,22.360000,0.025900,0.000000
2.048000,0.464500,0.604500,-0.904795,0.000000,-0.904795,-0.378731,0.000000,0.378731,0.033215,-0.022331,0.038413,0.038413,0.005199,0.029823,0.052155,0.030298,0.005055,0.000059,0.027669,0.002154,1.165917,-0.002993,1.162924,1.162924,1.162924,0.581462,0.581462,0,0,1,0,0.000000,0.080000,0.008000,0.001000,5.322500,0.096450,22.355000,0.025887,0.000000
2.053000,0.465000,0.605000,-0.906718,0.000000,-0.906718,-0.379028,0.000000,0.379028,0.033001,-0.022124,0.038302,0.038302,0.005301,0.030363,0.052486,0.030322,0.005070,0.000059,0.028228,0.002135,1.173072,0.001717,1.174789,1.174789,1.174789,0.587395,0.587395,0,0,1,0,0.000000,0.080000,0.008000,0.001000,5.325000,0.096500,22.350000,0.025875,0.000000
2.058000,0.465500,0.605500,-0.908641,0.000000,-0.908641,-0.379318,0.000000,0.379318,0.033001,-0.022124,0.038191,0.038191,0.005190,0.029786,0.051910,0.030345,0.005085,0.000058,0.027650,0.002136,1.159923,-0.002983,1.156940,1.156940,1.156940,0.578470,0.578470,0,0,1,0,0.000000,0.080000,0.008000,0.001000,5.327500,0.096550,22.345000,0.025862,0.000000
2.067000,0.466400,0.606400,-0.912492,0.000000,-0.912492,-0.379887,0.000000,0.379887,0.032787,-0.021989,0.037992,0.037992,0.005205,0.029878,0.051867,0.030391,0.005113,0.000063,0.027752,0.002125,1.158497,-0.000123,1.158374,1.158374,1.158374,0.579187,0.579187,0,0,1,0,0.000000,0.080000,0.008000,0.001000,5.332000,0.096640,22.336000,0.025840,0.000000
2.072000,0.466900,0.606900,-0.914407,0.000000,-0.914407,-0.380035,0.000000,0.380035,0.032564,-0.022199,0.037881,0.037881,0.005318,0.030515,0.052714,0.030403,0.005128,0.000030,0.028368,0.002146,1.177149,0.004374,1.181523,1.181523,1.181523,0.590762,0.590762,0,0,1,0,0.000000,0.080000,0.008000,0.001000,5.334500,0.096690,22.331000,0.025827,0.000000
2.077000,0.467400,0.607400,-0.916333,0.000000,-0.916333,-0.380294,0.000000,0.380294,0.032564,-0.022199,0.037771,0.037771,0.005208,0.029941,0.052140,0.030424,0.005143,0.000052,0.027793,0.002148,1.164073,-0.002963,1.161110,1.161110,1.161110,0.580555,0.580555,0,0,1,0,0.000000,0.080000,0.008000,0.001000,5.337000,0.096740,22.326000,0.025815,0.000000
2.082000,0.467900,0.607900,-0.918260,0.000000,-0.918260,-0.380558,0.000000,0.380558,0.032341,-0.022206,0.037661,0.037661,0.005320,0.030557,0.052762,0.030445,0.005158,0.000053,0.028408,0.002149,1.177712,0.003213,1.180925,1.180925,1.180925,0.590463,0.590463,0,0,1,0,0.000000,0.080000,0.008000,0.001000,5.339500,0.096790,22.321000,0.025802,0.000000
2.087000,0.468400,0.608400,-0.920188,0.000000,-0.920188,-0.380816,0.000000,0.380816,0.032341,-0.022206,0.037551,0.037551,0.005210,0.029985,0.052190,0.030465,0.005173,0.000052,0.027834,0.002150,1.164674,-0.002953,1.161721,1.161721,1.161721,0.580861,0.580861,0,0,1,0,0.000000,0.080000,0.008000,0.001000,5.342000,0.096840,22.316000,0.025790,0.000000
2.096000,0.469300,0.609300,-0.924049,0.000000,-0.924049,-0.381334,0.000000,0.381334,0.032117,-0.022247,0.037354,0.037354,0.005238,0.030159,0.052405,0.030507,0.005201,0.000058,0.028002,0.002156,1.169006,0.000616,1.169623,1.169623,1.169623,0.584811,0.584811,0,0,1,0,0.000000,0.080000,0.008000,0.001000,5.346500,0.096930,22.307000,0.025767,0.000000
2.101000,0.469800,0.609800,-0.925968,0.000000,-0.925968,-0.381459,0.000000,0.381459,0.031884,-0.022584,0.037245,0.037245,0.005361,0.030866,0.053450,0.030517,0.005216,0.000025,0.028676,0.002190,1.192041,0.005381,1.197422,1.197422,1.197422,0.598711,0.598711,0,0,1,0,0.000000,0.080000,0.008000,0.001000,5.349000,0.096980,22.302000,0.025755,0.000000
2.106000,0.470300,0.610300,-0.927899,0.000000,-0.927899,-0.381703,0.000000,0.381703,0.031884,-0.022584,0.037136,0.037136,0.005252,0.030297,0.052880,0.030536,0.005231,0.000049,0.028105,0.002191,1.179074,-0.002932,1.176142,1.176142,1.176142,0.588071,0.588071,0,0,1,0,0.000000,0.080000,0.008000,0.001000,5.351500,0.097030,22.297000,0.025742,0.000000
2.111000,0.470800,0.610800,-0.929832,0.000000,-0.929832,-0.381959,0.000000,0.381959,0.031653,-0.022627,0.037027,0.037027,0.005373,0.030964,0.053592,0.030557,0.005247,0.000051,0.028768,0.002197,1.194671,0.003662,1.198333,1.198333,1.198333,0.599167,0.599167,0,0,1,0,0.000000,0.080000,0.008000,0.001000,5.354000,0.097080,22.292000,0.025730,0.000000
2.116000,0.471300,0.611300,-0.931767,0.000000,-0.931767,-0.382216,0.000000,0.382216,0.031653,-0.022627,0.036918,0.036918,0.005264,0.030396,0.053024,0.030577,0.005262,0.000051,0.028199,0.002198,1.181743,-0.002922,1.178821,1.178821,1.178821,0.589410,0.589410,0,0,1,0,0.000000,0.080000,0.008000,0.001000,5.356500,0.097130,22.287000,0.025717,0.000000
2.121000,0.471800,0.611800,-0.933705,0.000000,-0.933705,-0.382485,0.000000,0.382485,0.031426,-0.022620,0.036809,0.036809,0.005384,0.031050,0.053670,0.030599,0.005277,0.000054,0.028851,0.002198,1.195875,0.003322,1.199196,1.199196,1.199196,0.599598,0.599598,0,0,1,0,0.000000,0.080000,0.008000,0.001000,5.359000,0.097180,22.282000,0.025705,0.000000
2.126000,0.472300,0.612300,-0.935643,0.000000,-0.935643,-0.382753,0.000000,0.382753,0.031426,-0.022620,0.036701,0.036701,0.005275,0.030483,0.053103,0.030620,0.005293,0.000054,0.028284,0.002199,1.182983,-0.002912,1.180072,1.180072,1.180072,0.590036,0.590036,0,0,1,0,0.000000,0.080000,0.008000,0.001000,5.361500,0.097230,22.277000,0.025692,0.000000
2.131000,0.472800,0.612800,-0.937584,0.000000,-0.937584,-0.383031,0.000000,0.383031,0.031200,-0.022577,0.036593,0.036593,0.005393,0.031123,0.053701,0.030643,0.005308,0.000056,0.028927,0.002196,1.196018,0.003067,1.199085,1.199085,1.199085,0.599542,0.599542,0,0,1,0,0.000000,0.080000,0.008000,0.001000,5.364000,0.097280,22.272000,0.025680,0.000000
2.140000,0.473700,0.613700,-0.941471,0.000000,-0.941471,-0.383593,0.000000,0.383593,0.030976,-0.022545,0.036398,0.036398,0.005423,0.031306,0.053851,0.030687,0.005336,0.000062,0.029111,0.002195,1.198886,0.000429,1.199315,1.199315,1.199315,0.599657,0.599657,0,0,1,0,0.000000,0.080000,0.008000,0.001000,5.368500,0.097370,22.263000,0.025657,0.000000
2.145000,0.474200,0.614200,-0.941471,0.000000,-0.941471,-0.383593,0.000000,0.383593,0.030976,-0.022516,0.036291,0.036291,0.005315,0.030740,0.053255,0.030687,0.005351,0.000000,0.028546,0.002193,1.185358,-0.003055,1.182302,1.182302,1.182302,0.591151,0.591151,0,0,1,0,0.000000,0.080000,0.008000,0.001000,5.371000,0.097420,22.258000,0.025645,0.000000
2.150000,0.474700,0.614700,-0.943405,0.000000,-0.943405,-0.383760,0.000000,0.383760,0.030976,-0.022516,0.036183,0.036183,0.005207,0.030176,0.052692,0.030701,0.005366,0.000033,0.027982,0.002195,1.172554,-0.002888,1.169666,1.169666,1.169666,0.584833,0.584833,0,0,1,0,0.000000,0.080000,0.008000,0.001000,5.373500,0.097470,22.253000,0.025632,0.000000
2.155000,0.475200,0.615200,-0.945352,0.000000,-0.945352,-0.384055,0.000000,0.384055,0.030750,-0.022393,0.036076,0.036076,0.005326,0.030816,0.053209,0.030724,0.005382,0.000059,0.028633,0.002184,1.183797,0.002650,1.186447,1.186447,1.186447,0.593224,0.593224,0,0,1,0,0.000000,0.080000,0.008000,0.001000,5.376000,0.097520,22.248000,0.025620,0.000000
2.160000,0.475700,0.615700,-0.947302,0.000000,-0.947302,-0.384347,0.000000,0.384347,0.030750,-0.022393,0.035968,0.035968,0.005219,0.030254,0.052647,0.030748,0.005397,0.000058,0.028069,0.002185,1.171031,-0.002878,1.168153,1.168153,1.168153,0.584076,0.584076,0,0,1,0,0.000000,0.080000,0.008000,0.001000,5.378500,0.097570,22.243000,0.025607,0.000000
2.165000,0.476200,0.616200,-0.949265,0.000000,-0.949265,-0.384763,0.000000,0.384763,0.030535,-0.022133,0.035862,0.035862,0.005326,0.030822,0.052955,0.030781,0.005412,0.000083,0.028661,0.002161,1.177620,0.001577,1.179198,1.179198,1.179198,0.589599,0.589599,0,0,1,0,0.000000,0.080000,0.008000,0.001000,5.381000,0.097620,22.238000,0.025595,0.000000
2.170000,0.476700,0.616700,-0.951215,0.000000,-0.951215,-0.385031,0.000000,0.385031,0.030535,-0.022133,0.035755,0.035755,0.005220,0.030261,0.052395,0.030803,0.005428,0.000054,0.028100,0.002162,1.164892,-0.002868,1.162023,1.162023,1.162023,0.581012,0.581012,0,0,1,0,0.000000,0.080000,0.008000,0.001000,5.383500,0.097670,22.233000,0.025582,0.000000
2.175000,0.477200,0.617200,-0.953179,0.000000,-0.953179,-0.385422,0.000000,0.385422,0.030316,-0.022013,0.035648,0.035648,0.005332,0.030867,0.052881,0.030834,0.005443,0.000078,0.028716,0.002151,1.175437,0.002486,1.177924,1.177924,1.177924,0.588962,0.588962,0,0,1,0,0.000000,0.080000,0.008000,0.001000,5.386000,0.097720,22.228000,0.025570,0.000000
2.180000,0.477700,0.617700,-0.955142,0.000000,-0.955142,-0.385778,0.000000,0.385778,0.030316,-0.022013,0.035542,0.035542,0.005225,0.030308,0.052322,0.030862,0.005459,0.000071,0.028156,0.002152,1.162746,-0.002858,1.159888,1.159888,1.159888,0.579944,0.579944,0,0,1,0,0.000000,0.080000,0.008000,0.001000,5.388500,0.097770,22.223000,0.025557,0.000000
2.189000,0.478600,0.618600,-0.959065,0.000000,-0.959065,-0.386414,0.000000,0.386414,0.030094,-0.022128,0.035350,0.035350,0.005256,0.030514,0.052642,0.030913,0.005486,0.000071,0.028348,0.002165,1.169380,0.000907,1.170288,1.170288,1.170288,0.585144,0.585144,0,0,1,0,0.000000,0.080000,0.008000,0.001000,5.393000,0.097860,22.214000,0.025535,0.000000
2.194000,0.479100,0.619100,-0.961013,0.000000,-0.961013,-0.386565,0.000000,0.386565,0.029854,-0.022677,0.035244,0.035244,0.005390,0.031303,0.053980,0.030925,0.005502,0.000030,0.029082,0.002220,1.198849,0.006834,1.205682,1.205682,1.205682,0.602841,0.602841,0,0,1,0,0.000000,0.080000,0.008000,0.001000,5.395500,0.097910,22.209000,0.025522,0.000000
2.199000,0.479600,0.619600,-0.962971,0.000000,-0.962971,-0.386819,0.000000,0.386819,0.029854,-0.022677,0.035139,0.035139,0.005284,0.030746,0.053424,0.030945,0.005517,0.000051,0.028525,0.002221,1.186225,-0.002839,1.183386,1.183386,1.183386,0.591693,0.591693,0,0,1,0,0.000000,0.080000,0.008000,0.001000,5.398000,0.097960,22.204000,0.025510,0.000000
2.204000,0.480100,0.620100,-0.964930,0.000000,-0.964930,-0.387075,0.000000,0.387075,0.029610,-0.022997,0.035033,0.035033,0.005423,0.031539,0.054536,0.030966,0.005533,0.000051,0.029285,0.002254,1.210635,0.005669,1.216304,1.216304,1.216304,0.608152,0.608152,0,0,1,0,0.000000,0.080000,0.008000,0.001000,5.400500,0.098010,22.199000,0.025497,0.000000
2.209000,0.480600,0.620600,-0.966890,0.000000,-0.966890,-0.387321,0.000000,0.387321,0.029610,-0.022997,0.034928,0.034928,0.005317,0.030984,0.053981,0.030986,0.005548,0.000049,0.028729,0.002255,1.198047,-0.002828,1.195219,1.195219,1.195219,0.597609,0.597609,0,0,1,0,0.000000,0.080000,0.008000,0.001000,5.403000,0.098060,22.194000,0.025485,0.000000
2.214000,0.481100,0.621100,-0.968851,0.000000,-0.968851,-0.387576,0.000000,0.387576,0.029365,-0.023248,0.034822,0.034822,0.005457,0.031779,0.055027,0.031006,0.005564,0.000051,0.029498,0.002281,1.220987,0.005329,1.226316,1.226316,1.226316,0.613158,0.613158,0,0,1,0,0.000000,0.080000,0.008000,0.001000,5.405500,0.098110,22.189000,0.025472,0.000000
2.219000,0.481600,0.621600,-0.970813,0.000000,-0.970813,-0.387828,0.000000,0.387828,0.029365,-0.023248,0.034717,0.034717,0.005352,0.031225,0.054473,0.031026,0.005579,0.000050,0.028943,0.002282,1.208435,-0.002818,1.205616,1.205616,1.205616,0.602808,0.602808,0,0,1,0,0.000000,0.080000,0.008000,0.001000,5.408000,0.098160,22.184000,0.025460,0.000000
2.224000,0.482100,0.622100,-0.972778,0.000000,-0.972778,-0.388093,0.000000,0.388093,0.029123,-0.023384,0.034612,0.034612,0.005490,0.031999,0.055383,0.031047,0.005595,0.000053,0.029703,0.002296,1.228340,0.004630,1.232971,1.232971,1.232971,0.616485,0.616485,0,0,1,0,0.000000,0.080000,0.008000,0.001000,5.410500,0.098210,22.179000,0.025447,0.000000
2.233000,0.483000,0.623000,-0.976713,0.000000,-0.976713,-0.388640,0.000000,0.388640,0.028885,-0.023385,0.034424,0.034424,0.005539,0.032294,0.055680,0.031091,0.005623,0.000061,0.029996,0.002299,1.234418,0.000838,1.235256,1.235256,1.235256,0.617628,0.617628,0,0,1,0,0.000000,0.080000,0.008000,0.001000,5.415000,0.098300,22.170000,0.025425,0.000000
2.238000,0.483500,0.623500,-0.978672,0.000000,-0.978672,-0.388822,0.000000,0.388822,0.028885,-0.023385,0.034320,0.034320,0.005435,0.031744,0.055129,0.031106,0.005638,0.000036,0.029444,0.002300,1.221935,-0.002799,1.219136,1.219136,1.219136,0.609568,0.609568,0,0,1,0,0.000000,0.080000,0.008000,0.001000,5.417500,0.098350,22.165000,0.025412,0.000000
2.243000,0.484000,0.624000,-0.980646,0.000000,-0.980646,-0.389127,0.000000,0.389127,0.028650,-0.023201,0.034215,0.034215,0.005565,0.032445,0.055646,0.031130,0.005654,0.000061,0.030162,0.002283,1.233110,0.002625,1.235735,1.235735,1.235735,0.617868,0.617868,0,0,1,0,0.000000,0.080000,0.008000,0.001000,5.420000,0.098400,22.160000,0.025400,0.000000
2.248000,0.484500,0.624500,-0.982622,0.000000,-0.982622,-0.389438,0.000000,0.389438,0.028650,-0.023201,0.034111,0.034111,0.005461,0.031896,0.055097,0.031155,0.005670,0.000062,0.029612,0.002284,1.220664,-0.002789,1.217875,1.217875,1.217875,0.608938,0.608938,0,0,1,0,0.000000,0.080000,0.008000,0.001000,5.422500,0.098450,22.155000,0.025387,0.000000
2.253000,0.485000,0.625000,-0.984600,0.000000,-0.984600,-0.389762,0.000000,0.389762,0.028429,-0.022923,0.034007,0.034007,0.005578,0.032520,0.055443,0.031181,0.005685,0.000065,0.030262,0.002258,1.228073,0.001761,1.229833,1.229833,1.229833,0.614917,0.614917,0,0,1,0,0.000000,0.080000,0.008000,0.001000,5.425000,0.098500,22.150000,0.025375,0.000000
2.258000,0.485500,0.625500,-0.986581,0.000000,-0.986581,-0.390088,0.000000,0.390088,0.028429,-0.022923,0.033904,0.033904,0.005475,0.031972,0.054896,0.031207,0.005701,0.000065,0.029713,0.002259,1.215663,-0.002779,1.212884,1.212884,1.212884,0.606442,0.606442,0,0,1,0,0.000000,0.080000,0.008000,0.001000,5.427500,0.098550,22.145000,0.025362,0.000000
2.263000,0.486000,0.626000,-0.988564,0.000000,-0.988564,-0.390423,0.000000,0.390423,0.028213,-0.022613,0.033800,0.033800,0.005587,0.032565,0.055178,0.031234,0.005716,0.000067,0.030336,0.002230,1.221643,0.001432,1.223076,1.223076,1.223076,0.611538,0.611538,0,0,1,0,0.000000,0.080000,0.008000,0.001000,5.430000,0.098600,22.140000,0.025350,0.000000
2.268000,0.486500,0.626500,-0.990549,0.000000,-0.990549,-0.390756,0.000000,0.390756,0.028213,-0.022613,0.033697,0.033697,0.005483,0.032019,0.054632,0.031260,0.005732,0.000067,0.029788,0.002231,1.209271,-0.002769,1.206501,1.206501,1.206501,0.603251,0.603251,0,0,1,0,0.000000,0.080000,0.008000,0.001000,5.432500,0.098650,22.135000,0.025337,0.000000
2.277000,0.487400,0.627400,-0.994524,0.000000,-0.994524,-0.391422,0.000000,0.391422,0.028001,-0.022327,0.033511,0.033511,0.005510,0.032163,0.054490,0.031314,0.005760,0.000074,0.029959,0.002205,1.205653,-0.000397,1.205256,1.205256,1.205256,0.602628,0.602628,0,0,1,0,0.000000,0.080000,0.008000,0.001000,5.437000,0.098740,22.126000,0.025315,0.000000
2.282000,0.487900,0.627900,-0.996500,0.000000,-0.996500,-0.391618,0.000000,0.391618,0.027783,-0.022336,0.033408,0.033408,0.005625,0.032805,0.055141,0.031329,0.005776,0.000039,0.030598,0.002207,1.219777,0.003293,1.223070,1.223070,1.223070,0.611535,0.611535,0,0,1,0,0.000000,0.080000,0.008000,0.001000,5.439500,0.098790,22.121000,0.025302,0.000000
2.287000,0.488400,0.628400,-0.998489,0.000000,-0.998489,-0.391932,0.000000,0.391932,0.027783,-0.022336,0.033306,0.033306,0.005522,0.032261,0.054597,0.031355,0.005792,0.000063,0.030053,0.002208,1.207473,-0.002751,1.204721,1.204721,1.204721,0.602361,0.602361,0,0,1,0,0.000000,0.080000,0.008000,0.001000,5.442000,0.098840,22.116000,0.025290,0.000000
2.292000,0.488900,0.628900,-1.000480,0.000000,-1.000480,-0.392251,0.000000,0.392251,0.027568,-0.022159,0.033203,0.033203,0.005635,0.032869,0.055028,0.031380,0.005807,0.000064,0.030678,0.002191,1.216725,0.002178,1.218903,1.218903,1.218903,0.609452,0.609452,0,0,1,0,0.000000,0.080000,0.008000,0.001000,5.444500,0.098890,22.111000,0.025277,0.000000
2.297000,0.489400,0.629400,-1.002472,0.000000,-1.002472,-0.392563,0.000000,0.392563,0.027568,-0.022159,0.033101,0.033101,0.005532,0.032327,0.054486,0.031405,0.005823,0.000062,0.030134,0.002192,1.204457,-0.002742,1.201715,1.201715,1.201715,0.600858,0.600858,0,0,1,0,0.000000,0.080000,0.008000,0.001000,5.447000,0.098940,22.106000,0.025265,0.000000
2.302000,0.489900,0.629900,-1.004466,0.000000,-1.004466,-0.392876,0.000000,0.392876,0.027353,-0.022045,0.032998,0.032998,0.005646,0.032948,0.054993,0.031430,0.005839,0.000063,0.030766,0.002182,1.215401,0.002563,1.217964,1.217964,1.217964,0.608982,0.608982,0,0,1,0,0.000000,0.080000,0.008000,0.001000,5.449500,0.098990,22.101000,0.025252,0.000000
2.307000,0.490400,0.630400,-1.006461,0.000000,-1.006461,-0.393181,0.000000,0.393181,0.027353,-0.022045,0.032896,0.032896,0.005544,0.032407,0.054452,0.031455,0.005854,0.000061,0.030223,0.002183,1.203167,-0.002732,1.200435,1.200435,1.200435,0.600218,0.600218,0,0,1,0,0.000000,0.080000,0.008000,0.001000,5.452000,0.099040,22.096000,0.025240,0.000000
2.312000,0.490900,0.630900,-1.008456,0.000000,-1.008456,-0.393486,0.000000,0.393486,0.027135,-0.022005,0.032794,0.032794,0.005660,0.033051,0.055056,0.031479,0.005870,0.000061,0.030870,0.002180,1.216232,0.003046,1.219278,1.219278,1.219278,0.609639,0.609639,0,0,1,0,0.000000,0.080000,0.008000,0.001000,5.454500,0.099090,22.091000,0.025227,0.000000
2.317000,0.491400,0.631400,-1.010453,0.000000,-1.010453,-0.393782,0.000000,0.393782,0.027135,-0.022005,0.032693,0.032693,0.005558,0.032511,0.054516,0.031503,0.005886,0.000059,0.030329,0.002182,1.204033,-0.002723,1.201311,1.201311,1.201311,0.600655,0.600655,0,0,1,0,0.000000,0.080000,0.008000,0.001000,5.457000,0.099140,22.086000,0.025215,0.000000
2.322000,0.491900,0.631900,-1.012451,0.000000,-1.012451,-0.394078,0.000000,0.394078,0.026914,-0.022033,0.032591,0.032591,0.005677,0.033181,0.055214,0.031526,0.005902,0.000059,0.030995,0.002185,1.219175,0.003519,1.222694,1.222694,1.222694,0.611347,0.611347,0,0,1,0,0.000000,0.080000,0.008000,0.001000,5.459500,0.099190,22.081000,0.025202,0.000000
2.331000,0.492800,0.632800,-1.016450,0.000000,-1.016450,-0.394653,0.000000,0.394653,0.026690,-0.022112,0.032409,0.032409,0.005719,0.033445,0.055556,0.031572,0.005930,0.000064,0.031250,0.002195,1.226243,0.000959,1.227202,1.227202,1.227202,0.613601,0.613601,0,0,1,0,0.000000,0.080000,0.008000,0.001000,5.464000,0.099280,22.072000,0.025180,0.000000
2.336000,0.493300,0.633300,-1.018439,0.000000,-1.018439,-0.394812,0.000000,0.394812,0.026690,-0.022112,0.032308,0.032308,0.005618,0.032908,0.055019,0.031585,0.005946,0.000032,0.030711,0.002196,1.214110,-0.002704,1.211406,1.211406,1.211406,0.605703,0.605703,0,0,1,0,0.000000,0.080000,0.008000,0.001000,5.466500,0.099330,22.067000,0.025167,0.000000
2.341000,0.493800,0.633800,-1.020442,0.000000,-1.020442,-0.395102,0.000000,0.395102,0.026460,-0.022157,0.032207,0.032207,0.005747,0.033631,0.055788,0.031608,0.005962,0.000058,0.031429,0.002202,1.230796,0.003868,1.234664,1.234664,1.234664,0.617332,0.617332,0,0,1,0,0.000000,0.080000,0.008000,0.001000,5.469000,0.099380,22.062000,0.025155,0.000000
2.346000,0.494300,0.634300,-1.022446,0.000000,-1.022446,-0.395388,0.000000,0.395388,0.026460,-0.022157,0.032106,0.032106,0.005646,0.033095,0.055252,0.031631,0.005977,0.000057,0.030892,0.002203,1.218698,-0.002695,1.216003,1.216003,1.216003,0.608002,0.608002,0,0,1,0,0.000000,0.080000,0.008000,0.001000,5.471500,0.099430,22.057000,0.025142,0.000000
2.351000,0.494800,0.634800,-1.024451,0.000000,-1.024451,-0.395681,0.000000,0.395681,0.026235,-0.022197,0.032005,0.032005,0.005770,0.033793,0.055990,0.031655,0.005993,0.000059,0.031585,0.002208,1.234689,0.003708,1.238396,1.238396,1.238396,0.619198,0.619198,0,0,1,0,0.000000,0.080000,0.008000,0.001000,5.474000,0.099480,22.052000,0.025130,0.000000
2.356000,0.495300,0.635300,-1.026458,0.000000,-1.026458,-0.395971,0.000000,0.395971,0.026235,-0.022197,0.031905,0.031905,0.005670,0.033258,0.055455,0.031678,0.006009,0.000058,0.031049,0.002209,1.222624,-0.002685,1.219939,1.219939,1.219939,0.609970,0.609970,0,0,1,0,0.000000,0.080000,0.008000,0.001000,5.476500,0.099530,22.047000,0.025117,0.000000
2.361000,0.495800,0.635800,-1.028467,0.000000,-1.028467,-0.396269,0.000000,0.396269,0.026011,-0.022219,0.031805,0.031805,0.005794,0.033956,0.056175,0.031702,0.006025,0.000060,0.031743,0.002213,1.238201,0.003611,1.241813,1.241813,1.241813,0.620906,0.620906,0,0,1,0,0.000000,0.080000,0.008000,0.001000,5.479000,0.099580,22.042000,0.025105,0.000000
2.366000,0.496300,0.636300,-1.030478,0.000000,-1.030478,-0.396565,0.000000,0.396565,0.026011,-0.022219,0.031705,0.031705,0.005694,0.033423,0.055641,0.031725,0.006041,0.000059,0.031209,0.002214,1.226171,-0.002676,1.223496,1.223496,1.223496,0.611748,0.611748,0,0,1,0,0.000000,0.080000,0.008000,0.001000,5.481500,0.099630,22.037000,0.025092,0.000000
2.371000,0.496800,0.636800,-1.032490,0.000000,-1.032490,-0.396868,0.000000,0.396868,0.025787,-0.022217,0.031605,0.031605,0.005817,0.034116,0.056333,0.031749,0.006057,0.000061,0.031901,0.002215,1.241122,0.003467,1.244589,1.244589,1.244589,0.622295,0.622295,0,0,1,0,0.000000,0.080000,0.008000,0.001000,5.484000,0.099680,22.032000,0.025080,0.000000
2.376000,0.497300,0.637300,-1.034504,0.000000,-1.034504,-0.397169,0.000000,0.397169,0.025787,-0.022217,0.031505,0.031505,0.005717,0.033584,0.055801,0.031774,0.006073,0.000060,0.031368,0.002216,1.229126,-0.002666,1.226460,1.226460,1.226460,0.613230,0.613230,0,0,1,0,0.000000,0.080000,0.008000,0.001000,5.486500,0.099730,22.027000,0.025067,0.000000
2.385000,0.498200,0.638200,-1.038538,0.000000,-1.038538,-0.397785,0.000000,0.397785,0.025565,-0.022190,0.031326,0.031326,0.005760,0.033846,0.056036,0.031823,0.006101,0.000068,0.031631,0.002215,1.233798,0.000654,1.234452,1.234452,1.234452,0.617226,0.617226,0,0,1,0,0.000000,0.080000,0.008000,0.001000,5.491000,0.099820,22.018000,0.025045,0.000000
2.390000,0.498700,0.638700,-1.038538,0.000000,-1.038538,-0.397785,0.000000,0.397785,0.025565,-0.022190,0.031226,0.031226,0.005661,0.033315,0.055506,0.031823,0.006117,0.000000,0.031099,0.002216,1.221847,-0.002654,1.219193,1.219193,1.219193,0.609596,0.609596,0,0,1,0,0.000000,0.080000,0.008000,0.001000,5.493500,0.099870,22.013000,0.025032,0.000000
2.395000,0.499200,0.639200,-1.042563,0.000000,-1.042563,-0.398260,0.000000,0.398260,0.025338,-0.022391,0.031127,0.031127,0.005789,0.034053,0.056445,0.031861,0.006133,0.000095,0.031816,0.002237,1.242237,0.004699,1.246936,1.246936,1.246936,0.623468,0.623468,0,0,1,0,0.000000,0.080000,0.008000,0.001000,5.496000,0.099920,22.008000,0.025020,0.000000
2.400000,0.499700,0.639700,-1.044583,0.000000,-1.044583,-0.398556,0.000000,0.398556,0.025338,-0.022391,0.031028,0.031028,0.005690,0.033525,0.055916,0.031884,0.006149,0.000059,0.031286,0.002238,1.230319,-0.002645,1.227674,1.227674,1.227674,0.613837,0.613837,0,0,1,0,0.000000,0.080000,0.008000,0.001000,5.498500,0.099970,22.003000,0.025007,0.000000
2.405000,0.500000,0.640000,-1.044583,0.000000,-1.044583,-0.398556,0.000000,0.398556,0.025115,-0.022407,0.030969,0.030969,0.005854,0.034437,0.056844,0.031884,0.006165,0.000000,0.032196,0.002241,1.250566,0.004640,1.255206,1.255206,1.255206,0.627603,0.627603,0,0,1,0,0.000000,0.080000,0.008000,0.001000,5.500000,0.100000,22.000000,0.025000,0.000000
2.410000,0.500000,0.640000,-1.046606,0.000000,-1.046606,-0.398860,0.000000,0.398860,0.025115,-0.022407,0.030969,0.030969,0.005854,0.034437,0.056844,0.031909,0.006181,0.000061,0.032196,0.002241,1.250566,0.000000,1.250566,1.250566,1.250566,0.625283,0.625283,0,0,1,0,0.000000,0.080000,0.008000,0.001000,5.500000,0.100000,22.000000,0.025000,0.000000
2.415000,0.500000,0.640000,-1.048630,0.000000,-1.048630,-0.399162,0.000000,0.399162,0.024891,-0.022405,0.030969,0.030969,0.006078,0.035667,0.058073,0.031933,0.006197,0.000060,0.033427,0.002241,1.277596,0.006143,1.283739,1.283739,1.283739,0.641870,0.641870,0,0,1,0,0.000000,0.080000,0.008000,0.001000,5.500000,0.100000,22.000000,0.025000,0.000000
2.420000,0.500000,0.640000,-1.050651,0.000000,-1.050651,-0.399422,0.000000,0.399422,0.024891,-0.022405,0.030969,0.030969,0.006078,0.035667,0.058073,0.031954,0.006213,0.000052,0.033427,0.002241,1.277596,0.000000,1.277596,1.277596,1.277596,0.638798,0.638798,0,0,1,0,0.000000,0.080000,0.008000,0.001000,5.500000,0.100000,22.000000,0.025000,0.000000
2.425000,0.500000,0.640000,-1.052663,0.000000,-1.052663,-0.399583,0.000000,0.399583,0.024663,-0.022447,0.030969,0.030969,0.006306,0.036927,0.059374,0.031967,0.006229,0.000032,0.034682,0.002245,1.306230,0.006508,1.312738,1.312738,1.312738,0.656369,0.656369,0,0,1,0,0.000000,0.080000,0.008000,0.001000,5.500000,0.100000,22.000000,0.025000,0.000000
2.434000,0.500000,0.640000,-1.056666,0.000000,-1.056666,-0.399693,0.000000,0.399693,0.024434,-0.022376,0.030969,0.030969,0.006535,0.038178,0.060554,0.031975,0.006258,0.000012,0.035940,0.002238,1.332184,0.003277,1.335461,1.335461,1.335461,0.667730,0.667730,0,0,1,0,0.000000,0.080000,0.008000,0.001000,5.500000,0.100000,22.000000,0.025000,0.000000
2.439000,0.500000,0.640000,-1.058662,0.000000,-1.058662,-0.399692,0.000000,0.399692,0.024434,-0.022376,0.030969,0.030969,0.006535,0.038178,0.060554,0.031975,0.006274,-0.000000,0.035940,0.002238,1.332184,0.000000,1.332184,1.332184,1.332184,0.666092,0.666092,0,0,1,0,0.000000,0.080000,0.008000,0.001000,5.500000,0.100000,22.000000,0.025000,0.000000
2.444000,0.500000,0.640000,-1.060656,0.000000,-1.060656,-0.399681,0.000000,0.399681,0.024220,-0.021953,0.030969,0.030969,0.006749,0.039314,0.061266,0.031974,0.006290,-0.000002,0.037118,0.002195,1.347863,0.003563,1.351426,1.351426,1.351426,0.675713,0.675713,0,0,1,0,0.000000,0.080000,0.008000,0.001000,5.500000,0.100000,22.000000,0.025000,0.000000
2.449000,0.500000,0.640000,-1.062651,0.000000,-1.062651,-0.399667,0.000000,0.399667,0.024220,-0.021953,0.030969,0.030969,0.006749,0.039314,0.061266,0.031973,0.006306,-0.000003,0.037118,0.002195,1.347863,0.000000,1.347863,1.347863,1.347863,0.673931,0.673931,0,0,1,0,0.000000,0.080000,0.008000,0.001000,5.500000,0.100000,22.000000,0.025000,0.000000
2.454000,0.500000,0.640000,-1.064646,0.000000,-1.064646,-0.399668,0.000000,0.399668,0.024030,-0.021087,0.030969,0.030969,0.006938,0.040270,0.061357,0.031973,0.006322,0.000000,0.038161,0.002109,1.349864,0.000455,1.350318,1.350318,1.350318,0.675159,0.675159,0,0,1,0,0.000000,0.080000,0.008000,0.001000,5.500000,0.100000,22.000000,0.025000,0.000000
2.459000,0.500000,0.640000,-1.066643,0.000000,-1.066643,-0.399687,0.000000,0.399687,0.024030,-0.021087,0.030969,0.030969,0.006938,0.040270,0.061357,0.031975,0.006338,0.000004,0.038161,0.002109,1.349864,0.000000,1.349864,1.349864,1.349864,0.674932,0.674932,0,0,1,0,0.000000,0.080000,0.008000,0.001000,5.500000,0.100000,22.000000,0.025000,0.000000
2.464000,0.500000,0.640000,-1.068642,0.000000,-1.068642,-0.399730,0.000000,0.399730,0.023871,-0.019797,0.030969,0.030969,0.007097,0.041015,0.060812,0.031978,0.006354,0.000009,0.039036,0.001980,1.337866,-0.002727,1.335139,1.335139,1.335139,0.667569,0.667569,0,0,1,0,0.000000,0.080000,0.008000,0.001000,5.500000,0.100000,22.000000,0.025000,0.000000
2.469000,0.500000,0.640000,-1.070645,0.000000,-1.070645,-0.399799,0.000000,0.399799,0.023871,-0.019797,0.030969,0.030969,0.007097,0.041015,0.060812,0.031984,0.006370,0.000014,0.039036,0.001980,1.337866,0.000000,1.337866,1.337866,1.337866,0.668933,0.668933,0,0,1,0,0.000000,0.080000,0.008000,0.001000,5.500000,0.100000,22.000000,0.025000,0.000000
2.478000,0.500000,0.640000,-1.074658,0.000000,-1.074658,-0.400006,0.000000,0.400006,0.023744,-0.018196,0.030969,0.030969,0.007225,0.041558,0.059755,0.032001,0.006398,0.000023,0.039739,0.001820,1.314601,-0.002937,1.311664,1.311664,1.311664,0.655832,0.655832,0,0,1,0,0.000000,0.080000,0.008000,0.001000,5.500000,0.100000,22.000000,0.025000,0.000000
2.483000,0.500000,0.640000,-1.076670,0.000000,-1.076670,-0.400150,0.000000,0.400150,0.023644,-0.016374,0.030969,0.030969,0.007325,0.041924,0.058298,0.032012,0.006414,0.000029,0.040287,0.001637,1.282555,-0.007283,1.275272,1.275272,1.275272,0.637636,0.637636,0,0,1,0,0.000000,0.080000,0.008000,0.001000,5.500000,0.100000,22.000000,0.025000,0.000000
2.488000,0.500000,0.640000,-1.078684,0.000000,-1.078684,-0.400307,0.000000,0.400307,0.023644,-0.016374,0.030969,0.030969,0.007325,0.041924,0.058298,0.032025,0.006430,0.000032,0.040287,0.001637,1.282555,0.000000,1.282555,1.282555,1.282555,0.641277,0.641277,0,0,1,0,0.000000,0.080000,0.008000,0.001000,5.500000,0.100000,22.000000,0.025000,0.000000
2.493000,0.500000,0.640000,-1.080700,0.000000,-1.080700,-0.400462,0.000000,0.400462,0.023565,-0.014652,0.030969,0.030969,0.007403,0.042184,0.056835,0.032037,0.006446,0.000031,0.040718,0.001465,1.250379,-0.007313,1.243066,1.243066,1.243066,0.621533,0.621533,0,0,1,0,0.000000,0.080000,0.008000,0.001000,5.500000,0.100000,22.000000,0.025000,0.000000
2.498000,0.500000,0.640000,-1.082717,0.000000,-1.082717,-0.400620,0.000000,0.400620,0.023565,-0.014652,0.030969,0.030969,0.007403,0.042184,0.056835,0.032050,0.006462,0.000032,0.040718,0.001465,1.250379,0.000000,1.250379,1.250379,1.250379,0.625190,0.625190,0,0,1,0,0.000000,0.080000,0.008000,0.001000,5.500000,0.100000,22.000000,0.025000,0.000000
2.503000,0.500000,0.640000,-1.084734,0.000000,-1.084734,-0.400764,0.000000,0.400764,0.023495,-0.013197,0.030969,0.030969,0.007474,0.042426,0.055624,0.032061,0.006478,0.000029,0.041107,0.001320,1.223717,-0.006059,1.217658,1.217658,1.217658,0.608829,0.608829,0,0,1,0,0.000000,0.080000,0.008000,0.001000,5.500000,0.100000,22.000000,0.025000,0.000000
2.508000,0.500000,0.640000,-1.086750,0.000000,-1.086750,-0.400899,0.000000,0.400899,0.023495,-0.013197,0.030969,0.030969,0.007474,0.042426,0.055624,0.032072,0.006494,0.000027,0.041107,0.001320,1.223717,0.000000,1.223717,1.223717,1.223717,0.611859,0.611859,0,0,1,0,0.000000,0.080000,0.008000,0.001000,5.500000,0.100000,22.000000,0.025000,0.000000
2.513000,0.500000,0.640000,-1.088766,0.000000,-1.088766,-0.401012,0.000000,0.401012,0.023422,-0.012127,0.030969,0.030969,0.007546,0.042718,0.054845,0.032081,0.006511,0.000023,0.041505,0.001213,1.206594,-0.003892,1.202702,1.202702,1.202702,0.601351,0.601351,0,0,1,0,0.000000,0.080000,0.008000,0.001000,5.500000,0.100000,22.000000,0.025000,0.000000
2.518000,0.500000,0.640000,-1.090780,0.000000,-1.090780,-0.401109,0.000000,0.401109,0.023422,-0.012127,0.030969,0.030969,0.007546,0.042718,0.054845,0.032089,0.006527,0.000019,0.041505,0.001213,1.206594,0.000000,1.206594,1.206594,1.206594,0.603297,0.603297,0,0,1,0,0.000000,0.080000,0.008000,0.001000,5.500000,0.100000,22.000000,0.025000,0.000000
2.523000,0.500000,0.640000,-1.092793,0.000000,-1.092793,-0.401181,0.000000,0.401181,0.023340,-0.011484,0.030969,0.030969,0.007628,0.043104,0.054588,0.032095,0.006543,0.000014,0.041955,0.001148,1.200932,-0.001287,1.199645,1.199645,1.199645,0.599823,0.599823,0,0,1,0,0.000000,0.080000,0.008000,0.001000,5.500000,0.100000,22.000000,0.025000,0.000000
2.528000,0.500000,0.640000,-1.094804,0.000000,-1.094804,-0.401235,0.000000,0.401235,0.023340,-0.011484,0.030969,0.030969,0.007628,0.043104,0.054588,0.032099,0.006559,0.000011,0.041955,0.001148,1.200932,0.000000,1.200932,1.200932,1.200932,0.600466,0.600466,0,0,1,0,0.000000,0.080000,0.008000,0.001000,5.500000,0.100000,22.000000,0.025000,0.000000
2.537000,0.500000,0.640000,-1.098822,0.000000,-1.098822,-0.401284,0.000000,0.401284,0.023245,-0.011234,0.030969,0.030969,0.007724,0.043604,0.054837,0.032103,0.006588,0.000005,0.042480,0.001123,1.206423,0.000693,1.207116,1.207116,1.207116,0.603558,0.603558,0,0,1,0,0.000000,0.080000,0.008000,0.001000,5.500000,0.100000,22.000000,0.025000,0.000000
2.542000,0.500000,0.640000,-1.100829,0.000000,-1.100829,-0.401285,0.000000,0.401285,0.023135,-0.011302,0.030969,0.030969,0.007834,0.044215,0.055518,0.032103,0.006604,0.000000,0.043085,0.001130,1.221387,0.003401,1.224788,1.224788,1.224788,0.612394,0.612394,0,0,1,0,0.000000,0.080000,0.008000,0.001000,5.500000,0.100000,22.000000,0.025000,0.000000
2.547000,0.500000,0.640000,-1.102835,0.000000,-1.102835,-0.401277,0.000000,0.401277,0.023135,-0.011302,0.030969,0.030969,0.007834,0.044215,0.055518,0.032102,0.006620,-0.000002,0.043085,0.001130,1.221387,0.000000,1.221387,1.221387,1.221387,0.610694,0.610694,0,0,1,0,0.000000,0.080000,0.008000,0.001000,5.500000,0.100000,22.000000,0.025000,0.000000
2.552000,0.500000,0.640000,-1.104840,0.000000,-1.104840,-0.401270,0.000000,0.401270,0.023013,-0.011528,0.030969,0.030969,0.007956,0.044908,0.056437,0.032102,0.006636,-0.000001,0.043756,0.001153,1.241606,0.004595,1.246201,1.246201,1.246201,0.623100,0.623100,0,0,1,0,0.000000,0.080000,0.008000,0.001000,5.500000,0.100000,22.000000,0.025000,0.000000
2.557000,0.500000,0.640000,-1.106845,0.000000,-1.106845,-0.401262,0.000000,0.401262,0.023013,-0.011528,0.030969,0.030969,0.007956,0.044908,0.056437,0.032101,0.006652,-0.000001,0.043756,0.001153,1.241606,0.000000,1.241606,1.241606,1.241606,0.620803,0.620803,0,0,1,0,0.000000,0.080000,0.008000,0.001000,5.500000,0.100000,22.000000,0.025000,0.000000
2.562000,0.500000,0.640000,-1.108851,0.000000,-1.108851,-0.401268,0.000000,0.401268,0.022885,-0.011772,0.030969,0.030969,0.008083,0.045636,0.057409,0.032101,0.006668,0.000001,0.044459,0.001177,1.262992,0.004860,1.267852,1.267852,1.267852,0.633926,0.633926,0,0,1,0,0.000000,0.080000,0.008000,0.001000,5.500000,0.100000,22.000000,0.025000,0.000000
2.571000,0.500000,0.640000,-1.112868,0.000000,-1.112868,-0.401323,0.000000,0.401323,0.022758,-0.011912,0.030969,0.030969,0.008211,0.046352,0.058265,0.032106,0.006697,0.000006,0.045161,0.001191,1.281821,0.002377,1.284199,1.284199,1.284199,0.642099,0.642099,0,0,1,0,0.000000,0.080000,0.008000,0.001000,5.500000,0.100000,22.000000,0.025000,0.000000
2.576000,0.500000,0.640000,-1.114879,0.000000,-1.114879,-0.401384,0.000000,0.401384,0.022758,-0.011912,0.030969,0.030969,0.008211,0.046352,0.058265,0.032111,0.006713,0.000012,0.045161,0.001191,1.281821,0.000000,1.281821,1.281821,1.281821,0.640911,0.640911,0,0,1,0,0.000000,0.080000,0.008000,0.001000,5.500000,0.100000,22.000000,0.025000,0.000000
2.581000,0.500000,0.640000,-1.116894,0.000000,-1.116894,-0.401474,0.000000,0.401474,0.022637,-0.011855,0.030969,0.030969,0.008332,0.047011,0.058866,0.032118,0.006729,0.000018,0.045826,0.001186,1.295063,0.003009,1.298072,1.298072,1.298072,0.649036,0.649036,0,0,1,0,0.000000,0.080000,0.008000,0.001000,5.500000,0.100000,22.000000,0.025000,0.000000
2.586000,0.500000,0.640000,-1.118911,0.000000,-1.118911,-0.401589,0.000000,0.401589,0.022637,-0.011855,0.030969,0.030969,0.008332,0.047011,0.058866,0.032127,0.006745,0.000023,0.045826,0.001186,1.295063,0.000000,1.295063,1.295063,1.295063,0.647531,0.647531,0,0,1,0,0.000000,0.080000,0.008000,0.001000,5.500000,0.100000,22.000000,0.025000,0.000000
2.591000,0.500000,0.640000,-1.120932,0.000000,-1.120932,-0.401736,0.000000,0.401736,0.022527,-0.011578,0.030969,0.030969,0.008442,0.047589,0.059167,0.032139,0.006761,0.000029,0.046431,0.001158,1.301683,0.001505,1.303187,1.303187,1.303187,0.651594,0.651594,0,0,1,0,0.000000,0.080000,0.008000,0.001000,5.500000,0.100000,22.000000,0.025000,0.000000
2.596000,0.500000,0.640000,-1.122957,0.000000,-1.122957,-0.401910,0.000000,0.401910,0.022527,-0.011578,0.030969,0.030969,0.008442,0.047589,0.059167,0.032153,0.006777,0.000035,0.046431,0.001158,1.301683,0.000000,1.301683,1.301683,1.301683,0.650841,0.650841,0,0,1,0,0.000000,0.080000,0.008000,0.001000,5.500000,0.100000,22.000000,0.025000,0.000000
2.601000,0.500000,0.640000,-1.124985,0.000000,-1.124985,-0.402115,0.000000,0.402115,0.022430,-0.011096,0.030969,0.030969,0.008539,0.048074,0.059170,0.032169,0.006793,0.000041,0.046964,0.001110,1.301734,0.000012,1.301746,1.301746,1.301746,0.650873,0.650873,0,0,1,0,0.000000,0.080000,0.008000,0.001000,5.500000,0.100000,22.000000,0.025000,0.000000
2.606000,0.500000,0.640000,-1.124985,0.000000,-1.124985,-0.402115,0.000000,0.402115,0.022430,-0.011096,0.030969,0.030969,0.008539,0.048074,0.059170,0.032169,0.006809,0.000000,0.046964,0.001110,1.301734,0.000000,1.301734,1.301734,1.301734,0.650867,0.650867,0,0,1,0,0.000000,0.080000,0.008000,0.001000,5.500000,0.100000,22.000000,0.025000,0.000000
2.615000,0.500000,0.640000,-1.129053,0.000000,-1.129053,-0.402599,0.000000,0.402599,0.022346,-0.010463,0.030969,0.030969,0.008622,0.048469,0.058932,0.032208,0.006838,0.000054,0.047422,0.001046,1.296500,-0.000661,1.295839,1.295839,1.295839,0.647919,0.647919,0,0,1,0,0.000000,0.080000,0.008000,0.001000,5.500000,0.100000,22.000000,0.025000,0.000000
2.620000,0.500000,0.640000,-1.131092,0.000000,-1.131092,-0.402875,0.000000,0.402875,0.022346,-0.010463,0.030969,0.030969,0.008622,0.048469,0.058932,0.032230,0.006854,0.000055,0.047422,0.001046,1.296500,0.000000,1.296500,1.296500,1.296500,0.648250,0.648250,0,0,1,0,0.000000,0.080000,0.008000,0.001000,5.500000,0.100000,22.000000,0.025000,0.000000
2.625000,0.500000,0.640000,-1.133135,0.000000,-1.133135,-0.403171,0.000000,0.403171,0.022275,-0.009737,0.030969,0.030969,0.008694,0.048789,0.058526,0.032254,0.006870,0.000059,0.047815,0.000974,1.287571,-0.002029,1.285542,1.285542,1.285542,0.642771,0.642771,0,0,1,0,0.000000,0.080000,0.008000,0.001000,5.500000,0.100000,22.000000,0.025000,0.000000
2.630000,0.500000,0.640000,-1.135180,0.000000,-1.135180,-0.403482,0.000000,0.403482,0.022275,-0.009737,0.030969,0.030969,0.008694,0.048789,0.058526,0.032279,0.006887,0.000062,0.047815,0.000974,1.287571,0.000000,1.287571,1.287571,1.287571,0.643785,0.643785,0,0,1,0,0.000000,0.080000,0.008000,0.001000,5.500000,0.100000,22.000000,0.025000,0.000000
2.635000,0.500000,0.640000,-1.137229,0.000000,-1.137229,-0.403806,0.000000,0.403806,0.022213,-0.008997,0.030969,0.030969,0.008756,0.049056,0.058053,0.032304,0.006903,0.000065,0.048156,0.000900,1.277173,-0.002363,1.274810,1.274810,1.274810,0.637405,0.637405,0,0,1,0,0.000000,0.080000,0.008000,0.001000,5.500000,0.100000,22.000000,0.025000,0.000000
2.640000,0.500000,0.640000,-1.139280,0.000000,-1.139280,-0.404136,0.000000,0.404136,0.022213,-0.008997,0.030969,0.030969,0.008756,0.049056,0.058053,0.032331,0.006919,0.000066,0.048156,0.000900,1.277173,0.000000,1.277173,1.277173,1.277173,0.638587,0.638587,0,0,1,0,0.000000,0.080000,0.008000,0.001000,5.500000,0.100000,22.000000,0.025000,0.000000
2.645000,0.500000,0.640000,-1.141334,0.000000,-1.141334,-0.404473,0.000000,0.404473,0.022157,-0.008330,0.030969,0.030969,0.008812,0.049300,0.057629,0.032358,0.006935,0.000067,0.048467,0.000833,1.267845,-0.002120,1.265724,1.265724,1.265724,0.632862,0.632862,0,0,1,0,0.000000,0.080000,0.008000,0.001000,5.500000,0.100000,22.000000,0.025000,0.000000
2.654000,0.500000,0.640000,-1.145446,0.000000,-1.145446,-0.405140,0.000000,0.405140,0.022101,-0.007832,0.030969,0.030969,0.008868,0.049556,0.057388,0.032411,0.006964,0.000074,0.048773,0.000783,1.262536,-0.000670,1.261866,1.261866,1.261866,0.630933,0.630933,0,0,1,0,0.000000,0.080000,0.008000,0.001000,5.500000,0.100000,22.000000,0.025000,0.000000
2.659000,0.500000,0.640000,-1.147503,0.000000,-1.147503,-0.405464,0.000000,0.405464,0.022101,-0.007832,0.030969,0.030969,0.008868,0.049556,0.057388,0.032437,0.006980,0.000065,0.048773,0.000783,1.262536,0.000000,1.262536,1.262536,1.262536,0.631268,0.631268,0,0,1,0,0.000000,0.080000,0.008000,0.001000,5.500000,0.100000,22.000000,0.025000,0.000000
2.664000,0.500000,0.640000,-1.149562,0.000000,-1.149562,-0.405779,0.000000,0.405779,0.022041,-0.007533,0.030969,0.030969,0.008928,0.049855,0.057388,0.032462,0.006997,0.000063,0.049102,0.000753,1.262544,0.000002,1.262545,1.262545,1.262545,0.631273,0.631273,0,0,1,0,0.000000,0.080000,0.008000,0.001000,5.500000,0.100000,22.000000,0.025000,0.000000
2.669000,0.500000,0.640000,-1.151621,0.000000,-1.151621,-0.406086,0.000000,0.406086,0.022041,-0.007533,0.030969,0.030969,0.008928,0.049855,0.057388,0.032487,0.007013,0.000061,0.049102,0.000753,1.262544,0.000000,1.262544,1.262544,1.262544,0.631272,0.631272,0,0,1,0,0.000000,0.080000,0.008000,0.001000,5.500000,0.100000,22.000000,0.025000,0.000000
2.674000,0.500000,0.640000,-1.153681,0.000000,-1.153681,-0.406385,0.000000,0.406385,0.021975,-0.007412,0.030969,0.030969,0.008994,0.050207,0.057618,0.032511,0.007029,0.000060,0.049465,0.000741,1.267599,0.001149,1.268748,1.268748,1.268748,0.634374,0.634374,0,0,1,0,0.000000,0.080000,0.008000,0.001000,5.500000,0.100000,22.000000,0.025000,0.000000
2.679000,0.500000,0.640000,-1.155742,0.000000,-1.155742,-0.406677,0.000000,0.406677,0.021975,-0.007412,0.030969,0.030969,0.008994,0.050207,0.057618,0.032534,0.007045,0.000058,0.049465,0.000741,1.267599,0.000000,1.267599,1.267599,1.267599,0.633800,0.633800,0,0,1,0,0.000000,0.080000,0.008000,0.001000,5.500000,0.100000,22.000000,0.025000,0.000000
2.684000,0.500000,0.640000,-1.157803,0.000000,-1.157803,-0.406964,0.000000,0.406964,0.021903,-0.007425,0.030969,0.030969,0.009066,0.050606,0.058031,0.032557,0.007062,0.000057,0.049864,0.000742,1.276686,0.002065,1.278751,1.278751,1.278751,0.639376,0.639376,0,0,1,0,0.000000,0.080000,0.008000,0.001000,5.500000,0.100000,22.000000,0.025000,0.000000
2.689000,0.500000,0.640000,-1.159866,0.000000,-1.159866,-0.407245,0.000000,0.407245,0.021903,-0.007425,0.030969,0.030969,0.009066,0.050606,0.058031,0.032580,0.007078,0.000056,0.049864,0.000742,1.276686,0.000000,1.276686,1.276686,1.276686,0.638343,0.638343,0,0,1,0,0.000000,0.080000,0.008000,0.001000,5.500000,0.100000,22.000000,0.025000,0.000000
2.694000,0.500000,0.640000,-1.161930,0.000000,-1.161930,-0.407527,0.000000,0.407527,0.021825,-0.007512,0.030969,0.030969,0.009144,0.051041,0.058553,0.032602,0.007094,0.000056,0.050290,0.000751,1.288173,0.002611,1.290784,1.290784,1.290784,0.645392,0.645392,0,0,1,0,0.000000,0.080000,0.008000,0.001000,5.500000,0.100000,22.000000,0.025000,0.000000
2.699000,0.500000,0.640000,-1.163995,0.000000,-1.163995,-0.407808,0.000000,0.407808,0.021825,-0.007512,0.030969,0.030969,0.009144,0.051041,0.058553,0.032625,0.007111,0.000056,0.050290,0.000751,1.288173,0.000000,1.288173,1.288173,1.288173,0.644086,0.644086,0,0,1,0,0.000000,0.080000,0.008000,0.001000,5.500000,0.100000,22.000000,0.025000,0.000000
2.708000,0.500000,0.640000,-1.168131,0.000000,-1.168131,-0.408385,0.000000,0.408385,0.021745,-0.007608,0.030969,0.030969,0.009224,0.051491,0.059100,0.032671,0.007140,0.000064,0.050730,0.000761,1.300190,0.001517,1.301707,1.301707,1.301707,0.650853,0.650853,0,0,1,0,0.000000,0.080000,0.008000,0.001000,5.500000,0.100000,22.000000,0.025000,0.000000
2.713000,0.500000,0.640000,-1.170201,0.000000,-1.170201,-0.408677,0.000000,0.408677,0.021664,-0.007702,0.030969,0.030969,0.009304,0.051944,0.059646,0.032694,0.007156,0.000058,0.051173,0.000770,1.312202,0.002730,1.314932,1.314932,1.314932,0.657466,0.657466,0,0,1,0,0.000000,0.080000,0.008000,0.001000,5.500000,0.100000,22.000000,0.025000,0.000000
2.718000,0.500000,0.640000,-1.172274,0.000000,-1.172274,-0.408978,0.000000,0.408978,0.021664,-0.007702,0.030969,0.030969,0.009304,0.051944,0.059646,0.032718,0.007173,0.000060,0.051173,0.000770,1.312202,0.000000,1.312202,1.312202,1.312202,0.656101,0.656101,0,0,1,0,0.000000,0.080000,0.008000,0.001000,5.500000,0.100000,22.000000,0.025000,0.000000
2.723000,0.500000,0.640000,-1.174349,0.000000,-1.174349,-0.409294,0.000000,0.409294,0.021586,-0.007687,0.030969,0.030969,0.009383,0.052376,0.060063,0.032744,0.007189,0.000063,0.051607,0.000769,1.321379,0.002086,1.323465,1.323465,1.323465,0.661733,0.661733,0,0,1,0,0.000000,0.080000,0.008000,0.001000,5.500000,0.100000,22.000000,0.025000,0.000000
2.728000,0.500000,0.640000,-1.176427,0.000000,-1.176427,-0.409621,0.000000,0.409621,0.021586,-0.007687,0.030969,0.030969,0.009383,0.052376,0.060063,0.032770,0.007205,0.000065,0.051607,0.000769,1.321379,0.000000,1.321379,1.321379,1.321379,0.660690,0.660690,0,0,1,0,0.000000,0.080000,0.008000,0.001000,5.500000,0.100000,22.000000,0.025000,0.000000
2.733000,0.500000,0.640000,-1.178508,0.000000,-1.178508,-0.409963,0.000000,0.409963,0.021513,-0.007550,0.030969,0.030969,0.009456,0.052763,0.060313,0.032797,0.007222,0.000068,0.052008,0.000755,1.326890,0.001253,1.328143,1.328143,1.328143,0.664072,0.664072,0,0,1,0,0.000000,0.080000,0.008000,0.001000,5.500000,0.100000,22.000000,0.025000,0.000000
2.738000,0.500000,0.640000,-1.180592,0.000000,-1.180592,-0.410318,0.000000,0.410318,0.021513,-0.007550,0.030969,0.030969,0.009456,0.052763,0.060313,0.032825,0.007238,0.000071,0.052008,0.000755,1.326890,0.000000,1.326890,1.326890,1.326890,0.663445,0.663445,0,0,1,0,0.000000,0.080000,0.008000,0.001000,5.500000,0.100000,22.000000,0.025000,0.000000
2.743000,0.500000,0.640000,-1.182680,0.000000,-1.182680,-0.410688,0.000000,0.410688,0.021447,-0.007297,0.030969,0.030969,0.009522,0.053099,0.060397,0.032855,0.007255,0.000074,0.052370,0.000730,1.328725,0.000417,1.329142,1.329142,1.329142,0.664571,0.664571,0,0,1,0,0.000000,0.080000,0.008000,0.001000,5.500000,0.100000,22.000000,0.025000,0.000000
2.748000,0.500000,0.640000,-1.184770,0.000000,-1.184770,-0.411070,0.000000,0.411070,0.021447,-0.007297,0.030969,0.030969,0.009522,0.053099,0.060397,0.032886,0.007271,0.000076,0.052370,0.000730,1.328725,0.000000,1.328725,1.328725,1.328725,0.664362,0.664362,0,0,1,0,0.000000,0.080000,0.008000,0.001000,5.500000,0.100000,22.000000,0.025000,0.000000
2.757000,0.500000,0.640000,-1.188960,0.000000,-1.188960,-0.411866,0.000000,0.411866,0.021389,-0.006957,0.030969,0.030969,0.009580,0.053386,0.060343,0.032949,0.007301,0.000089,0.052690,0.000696,1.327546,-0.000149,1.327397,1.327397,1.327397,0.663699,0.663699,0,0,1,0,0.000000,0.080000,0.008000,0.001000,5.500000,0.100000,22.000000,0.025000,0.000000
2.762000,0.500000,0.640000,-1.191059,0.000000,-1.191059,-0.412278,0.000000,0.412278,0.021337,-0.006568,0.030969,0.030969,0.009632,0.053631,0.060199,0.032982,0.007317,0.000082,0.052974,0.000657,1.324372,-0.000721,1.323651,1.323651,1.323651,0.661825,0.661825,0,0,1,0,0.000000,0.080000,0.008000,0.001000,5.500000,0.100000,22.000000,0.025000,0.000000
2.767000,0.500000,0.640000,-1.193161,0.000000,-1.193161,-0.412696,0.000000,0.412696,0.021337,-0.006568,0.030969,0.030969,0.009632,0.053631,0.060199,0.033016,0.007334,0.000084,0.052974,0.000657,1.324372,0.000000,1.324372,1.324372,1.324372,0.662186,0.662186,0,0,1,0,0.000000,0.080000,0.008000,0.001000,5.500000,0.100000,22.000000,0.025000,0.000000
2.772000,0.500000,0.640000,-1.195266,0.000000,-1.195266,-0.413117,0.000000,0.413117,0.021290,-0.006182,0.030969,0.030969,0.009678,0.053850,0.060032,0.033049,0.007350,0.000084,0.053232,0.000618,1.320695,-0.000836,1.319860,1.319860,1.319860,0.659930,0.659930,0,0,1,0,0.000000,0.080000,0.008000,0.001000,5.500000,0.100000,22.000000,0.025000,0.000000
2.777000,0.500000,0.640000,-1.197373,0.000000,-1.197373,-0.413541,0.000000,0.413541,0.021290,-0.006182,0.030969,0.030969,0.009678,0.053850,0.060032,0.033083,0.007367,0.000085,0.053232,0.000618,1.320695,0.000000,1.320695,1.320695,1.320695,0.660348,0.660348,0,0,1,0,0.000000,0.080000,0.008000,0.001000,5.500000,0.100000,22.000000,0.025000,0.000000
2.782000,0.500000,0.640000,-1.199482,0.000000,-1.199482,-0.413964,0.000000,0.413964,0.021246,-0.005841,0.030969,0.030969,0.009723,0.054059,0.059900,0.033117,0.007383,0.000085,0.053475,0.000584,1.317805,-0.000657,1.317148,1.317148,1.317148,0.658574,0.658574,0,0,1,0,0.000000,0.080000,0.008000,0.001000,5.500000,0.100000,22.000000,0.025000,0.000000
2.787000,0.500000,0.640000,-1.201593,0.000000,-1.201593,-0.414386,0.000000,0.414386,0.021246,-0.005841,0.030969,0.030969,0.009723,0.054059,0.059900,0.033151,0.007400,0.000084,0.053475,0.000584,1.317805,0.000000,1.317805,1.317805,1.317805,0.658902,0.658902,0,0,1,0,0.000000,0.080000,0.008000,0.001000,5.500000,0.100000,22.000000,0.025000,0.000000
2.792000,0.500000,0.640000,-1.203706,0.000000,-1.203706,-0.414804,0.000000,0.414804,0.021202,-0.005575,0.030969,0.030969,0.009767,0.054274,0.059849,0.033184,0.007417,0.000084,0.053717,0.000557,1.316680,-0.000256,1.316424,1.316424,1.316424,0.658212,0.658212,0,0,1,0,0.000000,0.080000,0.008000,0.001000,5.500000,0.100000,22.000000,0.025000,0.000000
2.797000,0.500000,0.640000,-1.205821,0.000000,-1.205821,-0.415219,0.000000,0.415219,0.021202,-0.005575,0.030969,0.030969,0.009767,0.054274,0.059849,0.033218,0.007433,0.000083,0.053717,0.000557,1.316680,0.000000,1.316680,1.316680,1.316680,0.658340,0.658340,0,0,1,0,0.000000,0.080000,0.008000,0.001000,5.500000,0.100000,22.000000,0.025000,0.000000
2.802000,0.500000,0.640000,-1.207938,0.000000,-1.207938,-0.415630,0.000000,0.415630,0.021157,-0.005396,0.030969,0.030969,0.009812,0.054506,0.059902,0.033250,0.007450,0.000082,0.053966,0.000540,1.317854,0.000267,1.318121,1.318121,1.318121,0.659061,0.659061,0,0,1,0,0.000000,0.080000,0.008000,0.001000,5.500000,0.100000,22.000000,0.025000,0.000000
2.811000,0.500000,0.640000,-1.212176,0.000000,-1.212176,-0.416437,0.000000,0.416437,0.021109,-0.005303,0.030969,0.030969,0.009860,0.054760,0.060062,0.033315,0.007480,0.000090,0.054229,0.000530,1.321372,0.000444,1.321816,1.321816,1.321816,0.660908,0.660908,0,0,1,0,0.000000,0.080000,0.008000,0.001000,5.500000,0.100000,22.000000,0.025000,0.000000
2.816000,0.500000,0.640000,-1.214297,0.000000,-1.214297,-0.416833,0.000000,0.416833,0.021109,-0.005303,0.030969,0.030969,0.009860,0.054760,0.060062,0.033347,0.007496,0.000079,0.054229,0.000530,1.321372,0.000000,1.321372,1.321372,1.321372,0.660686,0.660686,0,0,1,0,0.000000,0.080000,0.008000,0.001000,5.500000,0.100000,22.000000,0.025000,0.000000
2.821000,0.500000,0.640000,-1.216420,0.000000,-1.216420,-0.417227,0.000000,0.417227,0.021058,-0.005276,0.030969,0.030969,0.009910,0.055035,0.060311,0.033378,0.007513,0.000079,0.054507,0.000528,1.326843,0.001243,1.328086,1.328086,1.328086,0.664043,0.664043,0,0,1,0,0.000000,0.080000,0.008000,0.001000,5.500000,0.100000,22.000000,0.025000,0.000000
2.826000,0.500000,0.640000,-1.218544,0.000000,-1.218544,-0.417616,0.000000,0.417616,0.021058,-0.005276,0.030969,0.030969,0.009910,0.055035,0.060311,0.033409,0.007530,0.000078,0.054507,0.000528,1.326843,0.000000,1.326843,1.326843,1.326843,0.663421,0.663421,0,0,1,0,0.000000,0.080000,0.008000,0.001000,5.500000,0.100000,22.000000,0.025000,0.000000
2.831000,0.500000,0.640000,-1.220670,0.000000,-1.220670,-0.418005,0.000000,0.418005,0.021005,-0.005289,0.030969,0.030969,0.009963,0.055327,0.060616,0.033440,0.007547,0.000078,0.054798,0.000529,1.333560,0.001527,1.335087,1.335087,1.335087,0.667543,0.667543,0,0,1,0,0.000000,0.080000,0.008000,0.001000,5.500000,0.100000,22.000000,0.025000,0.000000
2.836000,0.500000,0.640000,-1.222798,0.000000,-1.222798,-0.418392,0.000000,0.418392,0.021005,-0.005289,0.030969,0.030969,0.009963,0.055327,0.060616,0.033471,0.007563,0.000077,0.054798,0.000529,1.333560,0.000000,1.333560,1.333560,1.333560,0.666780,0.666780,0,0,1,0,0.000000,0.080000,0.008000,0.001000,5.500000,0.100000,22.000000,0.025000,0.000000
2.841000,0.500000,0.640000,-1.224928,0.000000,-1.224928,-0.418780,0.000000,0.418780,0.020951,-0.005313,0.030969,0.030969,0.010017,0.055627,0.060940,0.033502,0.007580,0.000078,0.055096,0.000531,1.340671,0.001616,1.342288,1.342288,1.342288,0.671144,0.671144,0,0,1,0,0.000000,0.080000,0.008000,0.001000,5.500000,0.100000,22.000000,0.025000,0.000000
2.846000,0.500000,0.640000,-1.227060,0.000000,-1.227060,-0.419169,0.000000,0.419169,0.020951,-0.005313,0.030969,0.030969,0.010017,0.055627,0.060940,0.033533,0.007597,0.000078,0.055096,0.000531,1.340671,0.000000,1.340671,1.340671,1.340671,0.670336,0.670336,0,0,1,0,0.000000,0.080000,0.008000,0.001000,5.500000,0.100000,22.000000,0.025000,0.000000
2.855000,0.500000,0.640000,-1.229194,0.000000,-1.229194,-0.419561,0.000000,0.419561,0.020897,-0.005319,0.030969,0.030969,0.010071,0.055925,0.061244,0.033565,0.007627,0.000044,0.055393,0.000532,1.347361,0.000845,1.348206,1.348206,1.348206,0.674103,0.674103,0,0,1,0,0.000000,0.080000,0.008000,0.001000,5.500000,0.100000,22.000000,0.025000,0.000000
2.860000,0.500000,0.640000,-1.233469,0.000000,-1.233469,-0.420352,0.000000,0.420352,0.020844,-0.005314,0.030969,0.030969,0.010124,0.056216,0.061530,0.033628,0.007644,0.000158,0.055685,0.000531,1.353659,0.001431,1.355090,1.355090,1.355090,0.677545,0.677545,0,0,1,0,0.000000,0.080000,0.008000,0.001000,5.500000,0.100000,22.000000,0.025000,0.000000
2.865000,0.500000,0.640000,-1.235610,0.000000,-1.235610,-0.420753,0.000000,0.420753,0.020844,-0.005314,0.030969,0.030969,0.010124,0.056216,0.061530,0.033660,0.007661,0.000080,0.055685,0.000531,1.353659,0.000000,1.353659,1.353659,1.353659,0.676829,0.676829,0,0,1,0,0.000000,0.080000,0.008000,0.001000,5.500000,0.100000,22.000000,0.025000,0.000000
2.870000,0.500000,0.640000,-1.235610,0.000000,-1.235610,-0.420753,0.000000,0.420753,0.020844,-0.005314,0.030969,0.030969,0.010124,0.056216,0.061530,0.033660,0.007678,0.000000,0.055685,0.000531,1.353659,0.000000,1.353659,1.353659,1.353659,0.676829,0.676829,0,0,1,0,0.000000,0.080000,0.008000,0.001000,5.500000,0.100000,22.000000,0.025000,0.000000
2.875000,0.500000,0.640000,-1.237754,0.000000,-1.237754,-0.421160,0.000000,0.421160,0.020793,-0.005251,0.030969,0.030969,0.010176,0.056492,0.061743,0.033693,0.007694,0.000081,0.055967,0.000525,1.358349,0.001066,1.359415,1.359415,1.359415,0.679707,0.679707,0,0,1,0,0.000000,0.080000,0.008000,0.001000,5.500000,0.100000,22.000000,0.025000,0.000000
2.880000,0.500000,0.640000,-1.239900,0.000000,-1.239900,-0.421572,0.000000,0.421572,0.020793,-0.005251,0.030969,0.030969,0.010176,0.056492,0.061743,0.033726,0.007711,0.000082,0.055967,0.000525,1.358349,0.000000,1.358349,1.358349,1.358349,0.679174,0.679174,0,0,1,0,0.000000,0.080000,0.008000,0.001000,5.500000,0.100000,22.000000,0.025000,0.000000
2.885000,0.500000,0.640000,-1.242048,0.000000,-1.242048,-0.421989,0.000000,0.421989,0.020745,-0.005150,0.030969,0.030969,0.010224,0.056748,0.061898,0.033759,0.007728,0.000083,0.056233,0.000515,1.361754,0.000774,1.362528,1.362528,1.362528,0.681264,0.681264,0,0,1,0,0.000000,0.080000,0.008000,0.001000,5.500000,0.100000,22.000000,0.025000,0.000000
2.890000,0.500000,0.640000,-1.244199,0.000000,-1.244199,-0.422411,0.000000,0.422411,0.020745,-0.005150,0.030969,0.030969,0.010224,0.056748,0.061898,0.033793,0.007745,0.000084,0.056233,0.000515,1.361754,0.000000,1.361754,1.361754,1.361754,0.680877,0.680877,0,0,1,0,0.000000,0.080000,0.008000,0.001000,5.500000,0.100000,22.000000,0.025000,0.000000
2.895000,0.500000,0.640000,-1.246353,0.000000,-1.246353,-0.422837,0.000000,0.422837,0.020699,-0.005008,0.030969,0.030969,0.010269,0.056983,0.061991,0.033827,0.007762,0.000085,0.056482,0.000501,1.363796,0.000464,1.364260,1.364260,1.364260,0.682130,0.682130,0,0,1,0,0.000000,0.080000,0.008000,0.001000,5.500000,0.100000,22.000000,0.025000,0.000000
2.900000,0.500000,0.640000,-1.248509,0.000000,-1.248509,-0.423268,0.000000,0.423268,0.020699,-0.005008,0.030969,0.030969,0.010269,0.056983,0.061991,0.033861,0.007779,0.000086,0.056482,0.000501,1.363796,0.000000,1.363796,1.363796,1.363796,0.681898,0.681898,0,0,1,0,0.000000,0.080000,0.008000,0.001000,5.500000,0.100000,22.000000,0.025000,0.000000
2.905000,0.500000,0.640000,-1.250668,0.000000,-1.250668,-0.423705,0.000000,0.423705,0.020657,-0.004826,0.030969,0.030969,0.010312,0.057196,0.062022,0.033896,0.007796,0.000087,0.056713,0.000483,1.364474,0.000154,1.364628,1.364628,1.364628,0.682314,0.682314,0,0,1,0,0.000000,0.080000,0.008000,0.001000,5.500000,0.100000,22.000000,0.025000,0.000000
2.914000,0.500000,0.640000,-1.254994,0.000000,-1.254994,-0.424588,0.000000,0.424588,0.020618,-0.004627,0.030969,0.030969,0.010351,0.057391,0.062018,0.033967,0.007826,0.000098,0.056928,0.000463,1.364395,-0.000010,1.364385,1.364385,1.364385,0.682193,0.682193,0,0,1,0,0.000000,0.080000,0.008000,0.001000,5.500000,0.100000,22.000000,0.025000,0.000000
2.919000,0.500000,0.640000,-1.257160,0.000000,-1.257160,-0.425033,0.000000,0.425033,0.020618,-0.004627,0.030969,0.030969,0.010351,0.057391,0.062018,0.034003,0.007843,0.000089,0.056928,0.000463,1.364395,0.000000,1.364395,1.364395,1.364395,0.682198,0.682198,0,0,1,0,0.000000,0.080000,0.008000,0.001000,5.500000,0.100000,22.000000,0.025000,0.000000
2.924000,0.500000,0.640000,-1.259329,0.000000,-1.259329,-0.425479,0.000000,0.425479,0.020581,-0.004435,0.030969,0.030969,0.010387,0.057574,0.062009,0.034038,0.007860,0.000089,0.057130,0.000444,1.364198,-0.000045,1.364153,1.364153,1.364153,0.682077,0.682077,0,0,1,0,0.000000,0.080000,0.008000,0.001000,5.500000,0.100000,22.000000,0.025000,0.000000
2.929000,0.500000,0.640000,-1.261500,0.000000,-1.261500,-0.425926,0.000000,0.425926,0.020581,-0.004435,0.030969,0.030969,0.010387,0.057574,0.062009,0.034074,0.007877,0.000089,0.057130,0.000444,1.364198,0.000000,1.364198,1.364198,1.364198,0.682099,0.682099,0,0,1,0,0.000000,0.080000,0.008000,0.001000,5.500000,0.100000,22.000000,0.025000,0.000000
2.934000,0.500000,0.640000,-1.263674,0.000000,-1.263674,-0.426372,0.000000,0.426372,0.020546,-0.004268,0.030969,0.030969,0.010423,0.057754,0.062022,0.034110,0.007895,0.000089,0.057327,0.000427,1.364488,0.000066,1.364554,1.364554,1.364554,0.682277,0.682277,0,0,1,0,0.000000,0.080000,0.008000,0.001000,5.500000,0.100000,22.000000,0.025000,0.000000
2.939000,0.500000,0.640000,-1.265849,0.000000,-1.265849,-0.426816,0.000000,0.426816,0.020546,-0.004268,0.030969,0.030969,0.010423,0.057754,0.062022,0.034145,0.007912,0.000089,0.057327,0.000427,1.364488,0.000000,1.364488,1.364488,1.364488,0.682244,0.682244,0,0,1,0,0.000000,0.080000,0.008000,0.001000,5.500000,0.100000,22.000000,0.025000,0.000000
2.944000,0.500000,0.640000,-1.268027,0.000000,-1.268027,-0.427259,0.000000,0.427259,0.020510,-0.004140,0.030969,0.030969,0.010459,0.057937,0.062077,0.034181,0.007929,0.000089,0.057523,0.000414,1.365694,0.000274,1.365969,1.365969,1.365969,0.682984,0.682984,0,0,1,0,0.000000,0.080000,0.008000,0.001000,5.500000,0.100000,22.000000,0.025000,0.000000
2.949000,0.500000,0.640000,-1.270206,0.000000,-1.270206,-0.427699,0.000000,0.427699,0.020510,-0.004140,0.030969,0.030969,0.010459,0.057937,0.062077,0.034216,0.007946,0.000088,0.057523,0.000414,1.365694,0.000000,1.365694,1.365694,1.365694,0.682847,0.682847,0,0,1,0,0.000000,0.080000,0.008000,0.001000,5.500000,0.100000,22.000000,0.025000,0.000000
2.958000,0.500000,0.640000,-1.274571,0.000000,-1.274571,-0.428573,0.000000,0.428573,0.020474,-0.004054,0.030969,0.030969,0.010495,0.058129,0.062183,0.034286,0.007977,0.000097,0.057724,0.000405,1.368023,0.000294,1.368317,1.368317,1.368317,0.684158,0.684158,0,0,1,0,0.000000,0.080000,0.008000,0.001000,5.500000,0.100000,22.000000,0.025000,0.000000
2.963000,0.500000,0.640000,-1.276756,0.000000,-1.276756,-0.429005,0.000000,0.429005,0.020436,-0.004016,0.030969,0.030969,0.010533,0.058333,0.062349,0.034320,0.007994,0.000086,0.057931,0.000402,1.371679,0.000831,1.372510,1.372510,1.372510,0.686255,0.686255,0,0,1,0,0.000000,0.080000,0.008000,0.001000,5.500000,0.100000,22.000000,0.025000,0.000000
2.968000,0.500000,0.640000,-1.278944,0.000000,-1.278944,-0.429434,0.000000,0.429434,0.020436,-0.004016,0.030969,0.030969,0.010533,0.058333,0.062349,0.034355,0.008011,0.000086,0.057931,0.000402,1.371679,0.000000,1.371679,1.371679,1.371679,0.685840,0.685840,0,0,1,0,0.000000,0.080000,0.008000,0.001000,5.500000,0.100000,22.000000,0.025000,0.000000
2.973000,0.500000,0.640000,-1.281133,0.000000,-1.281133,-0.429863,0.000000,0.429863,0.020397,-0.004005,0.030969,0.030969,0.010572,0.058547,0.062552,0.034389,0.008028,0.000086,0.058147,0.000400,1.376142,0.001014,1.377157,1.377157,1.377157,0.688578,0.688578,0,0,1,0,0.000000,0.080000,0.008000,0.001000,5.500000,0.100000,22.000000,0.025000,0.000000
2.978000,0.500000,0.640000,-1.283324,0.000000,-1.283324,-0.430290,0.000000,0.430290,0.020397,-0.004005,0.030969,0.030969,0.010572,0.058547,0.062552,0.034423,0.008045,0.000085,0.058147,0.000400,1.376142,0.000000,1.376142,1.376142,1.376142,0.688071,0.688071,0,0,1,0,0.000000,0.080000,0.008000,0.001000,5.500000,0.100000,22.000000,0.025000,0.000000
2.983000,0.500000,0.640000,-1.285517,0.000000,-1.285517,-0.430717,0.000000,0.430717,0.020357,-0.004006,0.030969,0.030969,0.010612,0.058768,0.062774,0.034457,0.008063,0.000085,0.058367,0.000401,1.381025,0.001110,1.382134,1.382134,1.382134,0.691067,0.691067,0,0,1,0,0.000000,0.080000,0.008000,0.001000,5.500000,0.100000,22.000000,0.025000,0.000000
2.988000,0.500000,0.640000,-1.287713,0.000000,-1.287713,-0.431144,0.000000,0.431144,0.020357,-0.004006,0.030969,0.030969,0.010612,0.058768,0.062774,0.034491,0.008080,0.000085,0.058367,0.000401,1.381025,0.000000,1.381025,1.381025,1.381025,0.690512,0.690512,0,0,1,0,0.000000,0.080000,0.008000,0.001000,5.500000,0.100000,22.000000,0.025000,0.000000
2.993000,0.500000,0.640000,-1.289910,0.000000,-1.289910,-0.431572,0.000000,0.431572,0.020316,-0.004007,0.030969,0.030969,0.010652,0.058989,0.062996,0.034526,0.008097,0.000086,0.058588,0.000401,1.385918,0.001112,1.387030,1.387030,1.387030,0.693515,0.693515,0,0,1,0,0.000000,0.080000,0.008000,0.001000,5.500000,0.100000,22.000000,0.025000,0.000000
2.998000,0.500000,0.640000,-1.292110,0.000000,-1.292110,-0.432000,0.000000,0.432000,0.020316,-0.004007,0.030969,0.030969,0.010652,0.058989,0.062996,0.034560,0.008114,0.000086,0.058588,0.000401,1.385918,0.000000,1.385918,1.385918,1.385918,0.692959,0.692959,0,0,1,0,0.000000,0.080000,0.008000,0.001000,5.500000,0.100000,22.000000,0.025000,0.000000
3.003000,0.500000,0.640000,-1.294312,0.000000,-1.294312,-0.432430,0.000000,0.432430,0.020276,-0.003995,0.030969,0.030969,0.010692,0.059207,0.063203,0.034594,0.008132,0.000086,0.058808,0.000400,1.390462,0.001033,1.391495,1.391495,1.391495,0.695747,0.695747,0,0,1,0,0.000000,0.080000,0.008000,0.001000,5.500000,0.100000,22.000000,0.025000,0.000000
3.012000,0.500000,0.640000,-1.298724,0.000000,-1.298724,-0.433297,0.000000,0.433297,0.020237,-0.003964,0.030969,0.030969,0.010731,0.059419,0.063382,0.034664,0.008163,0.000096,0.059022,0.000396,1.394405,0.000498,1.394903,1.394903,1.394903,0.697452,0.697452,0,0,1,0,0.000000,0.080000,0.008000,0.001000,5.500000,0.100000,22.000000,0.025000,0.000000
3.017000,0.500000,0.640000,-1.300933,0.000000,-1.300933,-0.433734,0.000000,0.433734,0.020237,-0.003964,0.030969,0.030969,0.010731,0.059419,0.063382,0.034699,0.008180,0.000087,0.059022,0.000396,1.394405,0.000000,1.394405,1.394405,1.394405,0.697203,0.697203,0,0,1,0,0.000000,0.080000,0.008000,0.001000,5.500000,0.100000,22.000000,0.025000,0.000000
3.022000,0.500000,0.640000,-1.303145,0.000000,-1.303145,-0.434175,0.000000,0.434175,0.020200,-0.003907,0.030969,0.030969,0.010769,0.059619,0.063526,0.034734,0.008198,0.000088,0.059228,0.000391,1.397579,0.000721,1.398300,1.398300,1.398300,0.699150,0.699150,0,0,1,0,0.000000,0.080000,0.008000,0.001000,5.500000,0.100000,22.000000,0.025000,0.000000
3.027000,0.500000,0.640000,-1.305359,0.000000,-1.305359,-0.434617,0.000000,0.434617,0.020200,-0.003907,0.030969,0.030969,0.010769,0.059619,0.063526,0.034769,0.008215,0.000088,0.059228,0.000391,1.397579,0.000000,1.397579,1.397579,1.397579,0.698790,0.698790,0,0,1,0,0.000000,0.080000,0.008000,0.001000,5.500000,0.100000,22.000000,0.025000,0.000000
3.032000,0.500000,0.640000,-1.307575,0.000000,-1.307575,-0.435062,0.000000,0.435062,0.020164,-0.003832,0.030969,0.030969,0.010805,0.059809,0.063641,0.034805,0.008232,0.000089,0.059426,0.000383,1.400098,0.000572,1.400670,1.400670,1.400670,0.700335,0.700335,0,0,1,0,0.000000,0.080000,0.008000,0.001000,5.500000,0.100000,22.000000,0.025000,0.000000
3.037000,0.500000,0.640000,-1.309794,0.000000,-1.309794,-0.435508,0.000000,0.435508,0.020164,-0.003832,0.030969,0.030969,0.010805,0.059809,0.063641,0.034841,0.008250,0.000089,0.059426,0.000383,1.400098,0.000000,1.400098,1.400098,1.400098,0.700049,0.700049,0,0,1,0,0.000000,0.080000,0.008000,0.001000,5.500000,0.100000,22.000000,0.025000,0.000000
3.042000,0.500000,0.640000,-1.312016,0.000000,-1.312016,-0.435957,0.000000,0.435957,0.020130,-0.003744,0.030969,0.030969,0.010839,0.059989,0.063733,0.034877,0.008267,0.000090,0.059615,0.000374,1.402121,0.000460,1.402580,1.402580,1.402580,0.701290,0.701290,0,0,1,0,0.000000,0.080000,0.008000,0.001000,5.500000,0.100000,22.000000,0.025000,0.000000
3.047000,0.500000,0.640000,-1.314240,0.000000,-1.314240,-0.436408,0.000000,0.436408,0.020130,-0.003744,0.030969,0.030969,0.010839,0.059989,0.063733,0.034913,0.008285,0.000090,0.059615,0.000374,1.402121,0.000000,1.402121,1.402121,1.402121,0.701060,0.701060,0,0,1,0,0.000000,0.080000,0.008000,0.001000,5.500000,0.100000,22.000000,0.025000,0.000000
3.052000,0.500000,0.640000,-1.316466,0.000000,-1.316466,-0.436859,0.000000,0.436859,0.020097,-0.003651,0.030969,0.030969,0.010872,0.060162,0.063813,0.034949,0.008302,0.000090,0.059797,0.000365,1.403881,0.000400,1.404281,1.404281,1.404281,0.702140,0.702140,0,0,1,0,0.000000,0.080000,0.008000,0.001000,5.500000,0.100000,22.000000,0.025000,0.000000
3.061000,0.500000,0.640000,-1.320926,0.000000,-1.320926,-0.437765,0.000000,0.437765,0.020064,-0.003563,0.030969,0.030969,0.010904,0.060330,0.063892,0.035021,0.008334,0.000101,0.059973,0.000356,1.405630,0.000221,1.405851,1.405851,1.405851,0.702926,0.702926,0,0,1,0,0.000000,0.080000,0.008000,0.001000,5.500000,0.100000,22.000000,0.025000,0.000000
3.066000,0.500000,0.640000,-1.323159,0.000000,-1.323159,-0.438219,0.000000,0.438219,0.020064,-0.003563,0.030969,0.030969,0.010904,0.060330,0.063892,0.035057,0.008351,0.000091,0.059973,0.000356,1.405630,0.000000,1.405630,1.405630,1.405630,0.702815,0.702815,0,0,1,0,0.000000,0.080000,0.008000,0.001000,5.500000,0.100000,22.000000,0.025000,0.000000
3.071000,0.500000,0.640000,-1.325394,0.000000,-1.325394,-0.438672,0.000000,0.438672,0.020033,-0.003485,0.030969,0.030969,0.010936,0.060496,0.063981,0.035094,0.008369,0.000091,0.060148,0.000348,1.407572,0.000441,1.408013,1.408013,1.408013,0.704007,0.704007,0,0,1,0,0.000000,0.080000,0.008000,0.001000,5.500000,0.100000,22.000000,0.025000,0.000000
3.076000,0.500000,0.640000,-1.327632,0.000000,-1.327632,-0.439125,0.000000,0.439125,0.020033,-0.003485,0.030969,0.030969,0.010936,0.060496,0.063981,0.035130,0.008386,0.000091,0.060148,0.000348,1.407572,0.000000,1.407572,1.407572,1.407572,0.703786,0.703786,0,0,1,0,0.000000,0.080000,0.008000,0.001000,5.500000,0.100000,22.000000,0.025000,0.000000
3.081000,0.500000,0.640000,-1.329872,0.000000,-1.329872,-0.439577,0.000000,0.439577,0.020001,-0.003423,0.030969,0.030969,0.010967,0.060663,0.064086,0.035166,0.008404,0.000091,0.060321,0.000342,1.409892,0.000527,1.410419,1.410419,1.410419,0.705210,0.705210,0,0,1,0,0.000000,0.080000,0.008000,0.001000,5.500000,0.100000,22.000000,0.025000,0.000000
3.086000,0.500000,0.640000,-1.332114,0.000000,-1.332114,-0.440029,0.000000,0.440029,0.020001,-0.003423,0.030969,0.030969,0.010967,0.060663,0.064086,0.035202,0.008422,0.000090,0.060321,0.000342,1.409892,0.000000,1.409892,1.409892,1.409892,0.704946,0.704946,0,0,1,0,0.000000,0.080000,0.008000,0.001000,5.500000,0.100000,22.000000,0.025000,0.000000
3.091000,0.500000,0.640000,-1.334359,0.000000,-1.334359,-0.440480,0.000000,0.440480,0.019969,-0.003378,0.030969,0.030969,0.010999,0.060834,0.064212,0.035238,0.008439,0.000090,0.060496,0.000338,1.412661,0.000629,1.413290,1.413290,1.413290,0.706645,0.706645,0,0,1,0,0.000000,0.080000,0.008000,0.001000,5.500000,0.100000,22.000000,0.025000,0.000000
3.096000,0.500000,0.640000,-1.336605,0.000000,-1.336605,-0.440930,0.000000,0.440930,0.019969,-0.003378,0.030969,0.030969,0.010999,0.060834,0.064212,0.035274,0.008457,0.000090,0.060496,0.000338,1.412661,0.000000,1.412661,1.412661,1.412661,0.706330,0.706330,0,0,1,0,0.000000,0.080000,0.008000,0.001000,5.500000,0.100000,22.000000,0.025000,0.000000
3.105000,0.500000,0.640000,-1.338854,0.000000,-1.338854,-0.441380,0.000000,0.441380,0.019937,-0.003349,0.030969,0.030969,0.011031,0.061008,0.064357,0.035310,0.008489,0.000050,0.060673,0.000335,1.415859,0.000404,1.416263,1.416263,1.416263,0.708131,0.708131,0,0,1,0,0.000000,0.080000,0.008000,0.001000,5.500000,0.100000,22.000000,0.025000,0.000000
3.110000,0.500000,0.640000,-1.341105,0.000000,-1.341105,-0.441828,0.000000,0.441828,0.019937,-0.003349,0.030969,0.030969,0.011031,0.061008,0.064357,0.035346,0.008506,0.000090,0.060673,0.000335,1.415859,0.000000,1.415859,1.415859,1.415859,0.707929,0.707929,0,0,1,0,0.000000,0.080000,0.008000,0.001000,5.500000,0.100000,22.000000,0.025000,0.000000
3.115000,0.500000,0.640000,-1.343358,0.000000,-1.343358,-0.442275,0.000000,0.442275,0.019905,-0.003345,0.030969,0.030969,0.011064,0.061187,0.064532,0.035382,0.008524,0.000089,0.060853,0.000334,1.419710,0.000875,1.420586,1.420586,1.420586,0.710293,0.710293,0,0,1,0,0.000000,0.080000,0.008000,0.001000,5.500000,0.100000,22.000000,0.025000,0.000000
3.120000,0.500000,0.640000,-1.345613,0.000000,-1.345613,-0.442721,0.000000,0.442721,0.019905,-0.003345,0.030969,0.030969,0.011064,0.061187,0.064532,0.035418,0.008542,0.000089,0.060853,0.000334,1.419710,0.000000,1.419710,1.419710,1.419710,0.709855,0.709855,0,0,1,0,0.000000,0.080000,0.008000,0.001000,5.500000,0.100000,22.000000,0.025000,0.000000
3.125000,0.500000,0.640000,-1.347870,0.000000,-1.347870,-0.443166,0.000000,0.443166,0.019871,-0.003356,0.030969,0.030969,0.011098,0.061373,0.064729,0.035453,0.008559,0.000089,0.061038,0.000336,1.424048,0.000986,1.425033,1.425033,1.425033,0.712517,0.712517,0,0,1,0,0.000000,0.080000,0.008000,0.001000,5.500000,0.100000,22.000000,0.025000,0.000000
3.130000,0.500000,0.640000,-1.350130,0.000000,-1.350130,-0.443611,0.000000,0.443611,0.019871,-0.003356,0.030969,0.030969,0.011098,0.061373,0.064729,0.035489,0.008577,0.000089,0.061038,0.000336,1.424048,0.000000,1.424048,1.424048,1.424048,0.712024,0.712024,0,0,1,0,0.000000,0.080000,0.008000,0.001000,5.500000,0.100000,22.000000,0.025000,0.000000
3.139000,0.500000,0.640000,-1.354656,0.000000,-1.354656,-0.444506,0.000000,0.444506,0.019837,-0.003356,0.030969,0.030969,0.011132,0.061560,0.064916,0.035560,0.008609,0.000099,0.061224,0.000336,1.428141,0.000517,1.428658,1.428658,1.428658,0.714329,0.714329,0,0,1,0,0.000000,0.080000,0.008000,0.001000,5.500000,0.100000,22.000000,0.025000,0.000000
3.144000,0.500000,0.640000,-1.356922,0.000000,-1.356922,-0.444953,0.000000,0.444953,0.019804,-0.003358,0.030969,0.030969,0.011165,0.061744,0.065102,0.035596,0.008627,0.000089,0.061408,0.000336,1.432248,0.000933,1.433181,1.433181,1.433181,0.716591,0.716591,0,0,1,0,0.000000,0.080000,0.008000,0.001000,5.500000,0.100000,22.000000,0.025000,0.000000
3.149000,0.500000,0.640000,-1.359191,0.000000,-1.359191,-0.445402,0.000000,0.445402,0.019804,-0.003358,0.030969,0.030969,0.011165,0.061744,0.065102,0.035632,0.008645,0.000090,0.061408,0.000336,1.432248,0.000000,1.432248,1.432248,1.432248,0.716124,0.716124,0,0,1,0,0.000000,0.080000,0.008000,0.001000,5.500000,0.100000,22.000000,0.025000,0.000000
3.154000,0.500000,0.640000,-1.361462,0.000000,-1.361462,-0.445854,0.000000,0.445854,0.019770,-0.003338,0.030969,0.030969,0.011198,0.061924,0.065262,0.035668,0.008663,0.000090,0.061591,0.000334,1.435764,0.000799,1.436564,1.436564,1.436564,0.718282,0.718282,0,0,1,0,0.000000,0.080000,0.008000,0.001000,5.500000,0.100000,22.000000,0.025000,0.000000
3.159000,0.500000,0.640000,-1.363735,0.000000,-1.363735,-0.446307,0.000000,0.446307,0.019770,-0.003338,0.030969,0.030969,0.011198,0.061924,0.065262,0.035705,0.008680,0.000091,0.061591,0.000334,1.435764,0.000000,1.435764,1.435764,1.435764,0.717882,0.717882,0,0,1,0,0.000000,0.080000,0.008000,0.001000,5.500000,0.100000,22.000000,0.025000,0.000000
3.164000,0.500000,0.640000,-1.366012,0.000000,-1.366012,-0.446763,0.000000,0.446763,0.019739,-0.003297,0.030969,0.030969,0.011230,0.062096,0.065393,0.035741,0.008698,0.000091,0.061766,0.000330,1.438653,0.000657,1.439310,1.439310,1.439310,0.719655,0.719655,0,0,1,0,0.000000,0.080000,0.008000,0.001000,5.500000,0.100000,22.000000,0.025000,0.000000
3.169000,0.500000,0.640000,-1.368290,0.000000,-1.368290,-0.447221,0.000000,0.447221,0.019739,-0.003297,0.030969,0.030969,0.011230,0.062096,0.065393,0.035778,0.008716,0.000092,0.061766,0.000330,1.438653,0.000000,1.438653,1.438653,1.438653,0.719327,0.719327,0,0,1,0,0.000000,0.080000,0.008000,0.001000,5.500000,0.100000,22.000000,0.025000,0.000000
3.174000,0.500000,0.640000,-1.370571,0.000000,-1.370571,-0.447681,0.000000,0.447681,0.019708,-0.003242,0.030969,0.030969,0.011261,0.062259,0.065501,0.035814,0.008734,0.000092,0.061935,0.000324,1.441012,0.000536,1.441548,1.441548,1.441548,0.720774,0.720774,0,0,1,0,0.000000,0.080000,0.008000,0.001000,5.500000,0.100000,22.000000,0.025000,0.000000
3.179000,0.500000,0.640000,-1.372855,0.000000,-1.372855,-0.448143,0.000000,0.448143,0.019708,-0.003242,0.030969,0.030969,0.011261,0.062259,0.065501,0.035851,0.008752,0.000092,0.061935,0.000324,1.441012,0.000000,1.441012,1.441012,1.441012,0.720506,0.720506,0,0,1,0,0.000000,0.080000,0.008000,0.001000,5.500000,0.100000,22.000000,0.025000,0.000000
3.188000,0.500000,0.640000,-1.377429,0.000000,-1.377429,-0.449070,0.000000,0.449070,0.019678,-0.003177,0.030969,0.030969,0.011290,0.062415,0.065592,0.035926,0.008784,0.000103,0.062097,0.000318,1.443023,0.000254,1.443277,1.443277,1.443277,0.721639,0.721639,0,0,1,0,0.000000,0.080000,0.008000,0.001000,5.500000,0.100000,22.000000,0.025000,0.000000
3.193000,0.500000,0.640000,-1.379720,0.000000,-1.379720,-0.449534,0.000000,0.449534,0.019650,-0.003120,0.030969,0.030969,0.011319,0.062567,0.065687,0.035963,0.008802,0.000093,0.062255,0.000312,1.445112,0.000475,1.445586,1.445586,1.445586,0.722793,0.722793,0,0,1,0,0.000000,0.080000,0.008000,0.001000,5.500000,0.100000,22.000000,0.025000,0.000000
3.198000,0.500000,0.640000,-1.382013,0.000000,-1.382013,-0.449998,0.000000,0.449998,0.019650,-0.003120,0.030969,0.030969,0.011319,0.062567,0.065687,0.036000,0.008820,0.000093,0.062255,0.000312,1.445112,0.000000,1.445112,1.445112,1.445112,0.722556,0.722556,0,0,1,0,0.000000,0.080000,0.008000,0.001000,5.500000,0.100000,22.000000,0.025000,0.000000
3.203000,0.500000,0.640000,-1.384309,0.000000,-1.384309,-0.450463,0.000000,0.450463,0.019621,-0.003065,0.030969,0.030969,0.011348,0.062719,0.065784,0.036037,0.008838,0.000093,0.062412,0.000306,1.447241,0.000484,1.447725,1.447725,1.447725,0.723863,0.723863,0,0,1,0,0.000000,0.080000,0.008000,0.001000,5.500000,0.100000,22.000000,0.025000,0.000000
3.208000,0.500000,0.640000,-1.386607,0.000000,-1.386607,-0.450928,0.000000,0.450928,0.019621,-0.003065,0.030969,0.030969,0.011348,0.062719,0.065784,0.036074,0.008856,0.000093,0.062412,0.000306,1.447241,0.000000,1.447241,1.447241,1.447241,0.723621,0.723621,0,0,1,0,0.000000,0.080000,0.008000,0.001000,5.500000,0.100000,22.000000,0.025000,0.000000
3.213000,0.500000,0.640000,-1.388907,0.000000,-1.388907,-0.451393,0.000000,0.451393,0.019593,-0.003019,0.030969,0.030969,0.011376,0.062870,0.065889,0.036111,0.008874,0.000093,0.062568,0.000302,1.449562,0.000527,1.450089,1.450089,1.450089,0.725045,0.725045,0,0,1,0,0.000000,0.080000,0.008000,0.001000,5.500000,0.100000,22.000000,0.025000,0.000000
3.218000,0.500000,0.640000,-1.391210,0.000000,-1.391210,-0.451857,0.000000,0.451857,0.019593,-0.003019,0.030969,0.030969,0.011376,0.062870,0.065889,0.036149,0.008893,0.000093,0.062568,0.000302,1.449562,0.000000,1.449562,1.449562,1.449562,0.724781,0.724781,0,0,1,0,0.000000,0.080000,0.008000,0.001000,5.500000,0.100000,22.000000,0.025000,0.000000
3.223000,0.500000,0.640000,-1.393514,0.000000,-1.393514,-0.452322,0.000000,0.452322,0.019564,-0.002985,0.030969,0.030969,0.011404,0.063023,0.066008,0.036186,0.008911,0.000093,0.062724,0.000299,1.452177,0.000594,1.452771,1.452771,1.452771,0.726386,0.726386,0,0,1,0,0.000000,0.080000,0.008000,0.001000,5.500000,0.100000,22.000000,0.025000,0.000000
3.228000,0.500000,0.640000,-1.395821,0.000000,-1.395821,-0.452785,0.000000,0.452785,0.019564,-0.002985,0.030969,0.030969,0.011404,0.063023,0.066008,0.036223,0.008929,0.000093,0.062724,0.000299,1.452177,0.000000,1.452177,1.452177,1.452177,0.726088,0.726088,0,0,1,0,0.000000,0.080000,0.008000,0.001000,5.500000,0.100000,22.000000,0.025000,0.000000
3.233000,0.500000,0.640000,-1.398131,0.000000,-1.398131,-0.453249,0.000000,0.453249,0.019536,-0.002964,0.030969,0.030969,0.011433,0.063178,0.066142,0.036260,0.008947,0.000093,0.062882,0.000296,1.455123,0.000670,1.455793,1.455793,1.455793,0.727896,0.727896,0,0,1,0,0.000000,0.080000,0.008000,0.001000,5.500000,0.100000,22.000000,0.025000,0.000000
3.242000,0.500000,0.640000,-1.402756,0.000000,-1.402756,-0.454174,0.000000,0.454174,0.019507,-0.002953,0.030969,0.030969,0.011462,0.063336,0.066290,0.036334,0.008980,0.000103,0.063041,0.000295,1.458373,0.000410,1.458783,1.458783,1.458783,0.729392,0.729392,0,0,1,0,0.000000,0.080000,0.008000,0.001000,5.500000,0.100000,22.000000,0.025000,0.000000
3.247000,0.500000,0.640000,-1.405073,0.000000,-1.405073,-0.454636,0.000000,0.454636,0.019507,-0.002953,0.030969,0.030969,0.011462,0.063336,0.066290,0.036371,0.008998,0.000092,0.063041,0.000295,1.458373,0.000000,1.458373,1.458373,1.458373,0.729186,0.729186,0,0,1,0,0.000000,0.080000,0.008000,0.001000,5.500000,0.100000,22.000000,0.025000,0.000000
3.252000,0.500000,0.640000,-1.407391,0.000000,-1.407391,-0.455099,0.000000,0.455099,0.019477,-0.002949,0.030969,0.030969,0.011491,0.063497,0.066446,0.036408,0.009016,0.000093,0.063202,0.000295,1.461813,0.000782,1.462595,1.462595,1.462595,0.731297,0.731297,0,0,1,0,0.000000,0.080000,0.008000,0.001000,5.500000,0.100000,22.000000,0.025000,0.000000
3.257000,0.500000,0.640000,-1.409712,0.000000,-1.409712,-0.455561,0.000000,0.455561,0.019477,-0.002949,0.030969,0.030969,0.011491,0.063497,0.066446,0.036445,0.009034,0.000092,0.063202,0.000295,1.461813,0.000000,1.461813,1.461813,1.461813,0.730906,0.730906,0,0,1,0,0.000000,0.080000,0.008000,0.001000,5.500000,0.100000,22.000000,0.025000,0.000000
3.262000,0.500000,0.640000,-1.412035,0.000000,-1.412035,-0.456023,0.000000,0.456023,0.019448,-0.002949,0.030969,0.030969,0.011521,0.063659,0.066608,0.036482,0.009052,0.000093,0.063364,0.000295,1.465378,0.000810,1.466188,1.466188,1.466188,0.733094,0.733094,0,0,1,0,0.000000,0.080000,0.008000,0.001000,5.500000,0.100000,22.000000,0.025000,0.000000
3.267000,0.500000,0.640000,-1.414360,0.000000,-1.414360,-0.456486,0.000000,0.456486,0.019448,-0.002949,0.030969,0.030969,0.011521,0.063659,0.066608,0.036519,0.009071,0.000092,0.063364,0.000295,1.465378,0.000000,1.465378,1.465378,1.465378,0.732689,0.732689,0,0,1,0,0.000000,0.080000,0.008000,0.001000,5.500000,0.100000,22.000000,0.025000,0.000000
3.272000,0.500000,0.640000,-1.416688,0.000000,-1.416688,-0.456949,0.000000,0.456949,0.019418,-0.002949,0.030969,0.030969,0.011550,0.063822,0.066771,0.036556,0.009089,0.000093,0.063527,0.000295,1.468952,0.000812,1.469764,1.469764,1.469764,0.734882,0.734882,0,0,1,0,0.000000,0.080000,0.008000,0.001000,5.500000,0.100000,22.000000,0.025000,0.000000
3.277000,0.500000,0.640000,-1.419018,0.000000,-1.419018,-0.457413,0.000000,0.457413,0.019418,-0.002949,0.030969,0.030969,0.011550,0.063822,0.066771,0.036593,0.009107,0.000093,0.063527,0.000295,1.468952,0.000000,1.468952,1.468952,1.468952,0.734476,0.734476,0,0,1,0,0.000000,0.080000,0.008000,0.001000,5.500000,0.100000,22.000000,0.025000,0.000000
3.282000,0.500000,0.640000,-1.421351,0.000000,-1.421351,-0.457877,0.000000,0.457877,0.019389,-0.002945,0.030969,0.030969,0.011580,0.063983,0.066929,0.036630,0.009126,0.000093,0.063689,0.000295,1.472435,0.000792,1.473226,1.473226,1.473226,0.736613,0.736613,0,0,1,0,0.000000,0.080000,0.008000,0.001000,5.500000,0.100000,22.000000,0.025000,0.000000
3.287000,0.500000,0.640000,-1.423686,0.000000,-1.423686,-0.458342,0.000000,0.458342,0.019389,-0.002945,0.030969,0.030969,0.011580,0.063983,0.066929,0.036667,0.009144,0.000093,0.063689,0.000295,1.472435,0.000000,1.472435,1.472435,1.472435,0.736217,0.736217,0,0,1,0,0.000000,0.080000,0.008000,0.001000,5.500000,0.100000,22.000000,0.025000,0.000000
3.296000,0.500000,0.640000,-1.428363,0.000000,-1.428363,-0.459276,0.000000,0.459276,0.019360,-0.002936,0.030969,0.030969,0.011609,0.064143,0.067080,0.036742,0.009177,0.000104,0.063850,0.000294,1.475756,0.000419,1.476175,1.476175,1.476175,0.738088,0.738088,0,0,1,0,0.000000,0.080000,0.008000,0.001000,5.500000,0.100000,22.000000,0.025000,0.000000
3.301000,0.500000,0.640000,-1.430705,0.000000,-1.430705,-0.459742,0.000000,0.459742,0.019331,-0.002934,0.030969,0.030969,0.011638,0.064303,0.067237,0.036779,0.009195,0.000093,0.064009,0.000293,1.479215,0.000786,1.480002,1.480002,1.480002,0.740001,0.740001,0,0,1,0,0.000000,0.080000,0.008000,0.001000,5.500000,0.100000,22.000000,0.025000,0.000000
3.306000,0.500000,0.640000,-1.433050,0.000000,-1.433050,-0.460209,0.000000,0.460209,0.019331,-0.002934,0.030969,0.030969,0.011638,0.064303,0.067237,0.036817,0.009214,0.000093,0.064009,0.000293,1.479215,0.000000,1.479215,1.479215,1.479215,0.739608,0.739608,0,0,1,0,0.000000,0.080000,0.008000,0.001000,5.500000,0.100000,22.000000,0.025000,0.000000
3.311000,0.500000,0.640000,-1.435397,0.000000,-1.435397,-0.460679,0.000000,0.460679,0.019302,-0.002921,0.030969,0.030969,0.011667,0.064461,0.067382,0.036854,0.009232,0.000094,0.064169,0.000292,1.482399,0.000724,1.483123,1.483123,1.483123,0.741562,0.741562,0,0,1,0,0.000000,0.080000,0.008000,0.001000,5.500000,0.100000,22.000000,0.025000,0.000000
3.316000,0.500000,0.640000,-1.437746,0.000000,-1.437746,-0.461148,0.000000,0.461148,0.019302,-0.002921,0.030969,0.030969,0.011667,0.064461,0.067382,0.036892,0.009251,0.000094,0.064169,0.000292,1.482399,0.000000,1.482399,1.482399,1.482399,0.741200,0.741200,0,0,1,0,0.000000,0.080000,0.008000,0.001000,5.500000,0.100000,22.000000,0.025000,0.000000
3.321000,0.500000,0.640000,-1.440098,0.000000,-1.440098,-0.461620,0.000000,0.461620,0.019273,-0.002899,0.030969,0.030969,0.011695,0.064615,0.067514,0.036930,0.009269,0.000094,0.064325,0.000290,1.485307,0.000661,1.485968,1.485968,1.485968,0.742984,0.742984,0,0,1,0,0.000000,0.080000,0.008000,0.001000,5.500000,0.100000,22.000000,0.025000,0.000000
3.330000,0.500000,0.640000,-1.442452,0.000000,-1.442452,-0.462092,0.000000,0.462092,0.019273,-0.002899,0.030969,0.030969,0.011695,0.064615,0.067514,0.036967,0.009302,0.000052,0.064325,0.000290,1.485307,0.000000,1.485307,1.485307,1.485307,0.742654,0.742654,0,0,1,0,0.000000,0.080000,0.008000,0.001000,5.500000,0.100000,22.000000,0.025000,0.000000
3.335000,0.500000,0.640000,-1.447168,0.000000,-1.447168,-0.463041,0.000000,0.463041,0.019245,-0.002871,0.030969,0.030969,0.011723,0.064765,0.067636,0.037043,0.009321,0.000190,0.064478,0.000287,1.488002,0.000613,1.488615,1.488615,1.488615,0.744307,0.744307,0,0,1,0,0.000000,0.080000,0.008000,0.001000,5.500000,0.100000,22.000000,0.025000,0.000000
3.340000,0.500000,0.640000,-1.447168,0.000000,-1.447168,-0.463041,0.000000,0.463041,0.019245,-0.002871,0.030969,0.030969,0.011723,0.064765,0.067636,0.037043,0.009339,0.000000,0.064478,0.000287,1.488002,0.000000,1.488002,1.488002,1.488002,0.744001,0.744001,0,0,1,0,0.000000,0.080000,0.008000,0.001000,5.500000,0.100000,22.000000,0.025000,0.000000
3.345000,0.500000,0.640000,-1.451894,0.000000,-1.451894,-0.463990,0.000000,0.463990,0.019218,-0.002849,0.030969,0.030969,0.011751,0.064914,0.067763,0.037119,0.009358,0.000190,0.064629,0.000285,1.490789,0.000633,1.491422,1.491422,1.491422,0.745711,0.745711,0,0,1,0,0.000000,0.080000,0.008000,0.001000,5.500000,0.100000,22.000000,0.025000,0.000000
3.350000,0.500000,0.640000,-1.451894,0.000000,-1.451894,-0.463990,0.000000,0.463990,0.019218,-0.002849,0.030969,0.030969,0.011751,0.064914,0.067763,0.037119,0.009377,0.000000,0.064629,0.000285,1.490789,0.000000,1.490789,1.490789,1.490789,0.745394,0.745394,0,0,1,0,0.000000,0.080000,0.008000,0.001000,5.500000,0.100000,22.000000,0.025000,0.000000
3.355000,0.500000,0.640000,-1.454261,0.000000,-1.454261,-0.464464,0.000000,0.464464,0.019190,-0.002834,0.030969,0.030969,0.011778,0.065064,0.067898,0.037157,0.009395,0.000095,0.064780,0.000283,1.493757,0.000675,1.494432,1.494432,1.494432,0.747216,0.747216,0,0,1,0,0.000000,0.080000,0.008000,0.001000,5.500000,0.100000,22.000000,0.025000,0.000000
3.360000,0.500000,0.640000,-1.456630,0.000000,-1.456630,-0.464939,0.000000,0.464939,0.019190,-0.002834,0.030969,0.030969,0.011778,0.065064,0.067898,0.037195,0.009414,0.000095,0.064780,0.000283,1.493757,0.000000,1.493757,1.493757,1.493757,0.746879,0.746879,0,0,1,0,0.000000,0.080000,0.008000,0.001000,5.500000,0.100000,22.000000,0.025000,0.000000
3.365000,0.500000,0.640000,-1.459001,0.000000,-1.459001,-0.465413,0.000000,0.465413,0.019163,-0.002826,0.030969,0.030969,0.011806,0.065215,0.068042,0.037233,0.009432,0.000095,0.064933,0.000283,1.496923,0.000719,1.497642,1.497642,1.497642,0.748821,0.748821,0,0,1,0,0.000000,0.080000,0.008000,0.001000,5.500000,0.100000,22.000000,0.025000,0.000000
3.370000,0.500000,0.640000,-1.461374,0.000000,-1.461374,-0.465888,0.000000,0.465888,0.019163,-0.002826,0.030969,0.030969,0.011806,0.065215,0.068042,0.037271,0.009451,0.000095,0.064933,0.000283,1.496923,0.000000,1.496923,1.496923,1.496923,0.748461,0.748461,0,0,1,0,0.000000,0.080000,0.008000,0.001000,5.500000,0.100000,22.000000,0.025000,0.000000
3.375000,0.500000,0.640000,-1.463750,0.000000,-1.463750,-0.466362,0.000000,0.466362,0.019135,-0.002825,0.030969,0.030969,0.011834,0.065369,0.068194,0.037309,0.009470,0.000095,0.065087,0.000282,1.500264,0.000759,1.501023,1.501023,1.501023,0.750512,0.750512,0,0,1,0,0.000000,0.080000,0.008000,0.001000,5.500000,0.100000,22.000000,0.025000,0.000000
3.380000,0.500000,0.640000,-1.466129,0.000000,-1.466129,-0.466836,0.000000,0.466836,0.019135,-0.002825,0.030969,0.030969,0.011834,0.065369,0.068194,0.037347,0.009488,0.000095,0.065087,0.000282,1.500264,0.000000,1.500264,1.500264,1.500264,0.750132,0.750132,0,0,1,0,0.000000,0.080000,0.008000,0.001000,5.500000,0.100000,22.000000,0.025000,0.000000
3.389000,0.500000,0.640000,-1.470893,0.000000,-1.470893,-0.467789,0.000000,0.467789,0.019107,-0.002816,0.030969,0.030969,0.011862,0.065523,0.068339,0.037423,0.009522,0.000106,0.065241,0.000282,1.503459,0.000403,1.503862,1.503862,1.503862,0.751931,0.751931,0,0,1,0,0.000000,0.080000,0.008000,0.001000,5.500000,0.100000,22.000000,0.025000,0.000000
3.394000,0.500000,0.640000,-1.473278,0.000000,-1.473278,-0.468265,0.000000,0.468265,0.019079,-0.002815,0.030969,0.030969,0.011890,0.065676,0.068490,0.037461,0.009541,0.000095,0.065394,0.000281,1.506784,0.000756,1.507539,1.507539,1.507539,0.753770,0.753770,0,0,1,0,0.000000,0.080000,0.008000,0.001000,5.500000,0.100000,22.000000,0.025000,0.000000
3.399000,0.500000,0.640000,-1.475666,0.000000,-1.475666,-0.468741,0.000000,0.468741,0.019079,-0.002815,0.030969,0.030969,0.011890,0.065676,0.068490,0.037499,0.009559,0.000095,0.065394,0.000281,1.506784,0.000000,1.506784,1.506784,1.506784,0.753392,0.753392,0,0,1,0,0.000000,0.080000,0.008000,0.001000,5.500000,0.100000,22.000000,0.025000,0.000000
3.404000,0.500000,0.640000,-1.478057,0.000000,-1.478057,-0.469220,0.000000,0.469220,0.019051,-0.002803,0.030969,0.030969,0.011918,0.065828,0.068630,0.037538,0.009578,0.000096,0.065547,0.000280,1.509870,0.000701,1.510572,1.510572,1.510572,0.755286,0.755286,0,0,1,0,0.000000,0.080000,0.008000,0.001000,5.500000,0.100000,22.000000,0.025000,0.000000
3.409000,0.500000,0.640000,-1.480450,0.000000,-1.480450,-0.469699,0.000000,0.469699,0.019051,-0.002803,0.030969,0.030969,0.011918,0.065828,0.068630,0.037576,0.009597,0.000096,0.065547,0.000280,1.509870,0.000000,1.509870,1.509870,1.509870,0.754935,0.754935,0,0,1,0,0.000000,0.080000,0.008000,0.001000,5.500000,0.100000,22.000000,0.025000,0.000000
3.414000,0.500000,0.640000,-1.482845,0.000000,-1.482845,-0.470180,0.000000,0.470180,0.019024,-0.002785,0.030969,0.030969,0.011945,0.065976,0.068761,0.037614,0.009616,0.000096,0.065698,0.000278,1.512740,0.000652,1.513393,1.513393,1.513393,0.756696,0.756696,0,0,1,0,0.000000,0.080000,0.008000,0.001000,5.500000,0.100000,22.000000,0.025000,0.000000
3.419000,0.500000,0.640000,-1.485243,0.000000,-1.485243,-0.470661,0.000000,0.470661,0.019024,-0.002785,0.030969,0.030969,0.011945,0.065976,0.068761,0.037653,0.009635,0.000096,0.065698,0.000278,1.512740,0.000000,1.512740,1.512740,1.512740,0.756370,0.756370,0,0,1,0,0.000000,0.080000,0.008000,0.001000,5.500000,0.100000,22.000000,0.025000,0.000000
3.424000,0.500000,0.640000,-1.487644,0.000000,-1.487644,-0.471144,0.000000,0.471144,0.018997,-0.002763,0.030969,0.030969,0.011972,0.066122,0.068885,0.037692,0.009653,0.000097,0.065846,0.000276,1.515465,0.000619,1.516085,1.516085,1.516085,0.758042,0.758042,0,0,1,0,0.000000,0.080000,0.008000,0.001000,5.500000,0.100000,22.000000,0.025000,0.000000
3.429000,0.500000,0.640000,-1.490047,0.000000,-1.490047,-0.471627,0.000000,0.471627,0.018997,-0.002763,0.030969,0.030969,0.011972,0.066122,0.068885,0.037730,0.009672,0.000097,0.065846,0.000276,1.515465,0.000000,1.515465,1.515465,1.515465,0.757733,0.757733,0,0,1,0,0.000000,0.080000,0.008000,0.001000,5.500000,0.100000,22.000000,0.025000,0.000000
3.434000,0.500000,0.640000,-1.492453,0.000000,-1.492453,-0.472111,0.000000,0.472111,0.018970,-0.002740,0.030969,0.030969,0.011999,0.066266,0.069006,0.037769,0.009691,0.000097,0.065992,0.000274,1.518134,0.000607,1.518741,1.518741,1.518741,0.759370,0.759370,0,0,1,0,0.000000,0.080000,0.008000,0.001000,5.500000,0.100000,22.000000,0.025000,0.000000
3.439000,0.500000,0.640000,-1.494861,0.000000,-1.494861,-0.472595,0.000000,0.472595,0.018970,-0.002740,0.030969,0.030969,0.011999,0.066266,0.069006,0.037808,0.009710,0.000097,0.065992,0.000274,1.518134,0.000000,1.518134,1.518134,1.518134,0.759067,0.759067,0,0,1,0,0.000000,0.080000,0.008000,0.001000,5.500000,0.100000,22.000000,0.025000,0.000000
3.448000,0.500000,0.640000,-1.499684,0.000000,-1.499684,-0.473564,0.000000,0.473564,0.018944,-0.002720,0.030969,0.030969,0.012025,0.066409,0.069129,0.037885,0.009744,0.000108,0.066137,0.000272,1.520836,0.000341,1.521177,1.521177,1.521177,0.760588,0.760588,0,0,1,0,0.000000,0.080000,0.008000,0.001000,5.500000,0.100000,22.000000,0.025000,0.000000
3.453000,0.500000,0.640000,-1.502099,0.000000,-1.502099,-0.474048,0.000000,0.474048,0.018917,-0.002714,0.030969,0.030969,0.012052,0.066555,0.069269,0.037924,0.009763,0.000097,0.066283,0.000271,1.523914,0.000700,1.524613,1.524613,1.524613,0.762307,0.762307,0,0,1,0,0.000000,0.080000,0.008000,0.001000,5.500000,0.100000,22.000000,0.025000,0.000000
3.458000,0.500000,0.640000,-1.504517,0.000000,-1.504517,-0.474532,0.000000,0.474532,0.018917,-0.002714,0.030969,0.030969,0.012052,0.066555,0.069269,0.037963,0.009782,0.000097,0.066283,0.000271,1.523914,0.000000,1.523914,1.523914,1.523914,0.761957,0.761957,0,0,1,0,0.000000,0.080000,0.008000,0.001000,5.500000,0.100000,22.000000,0.025000,0.000000
3.463000,0.500000,0.640000,-1.506937,0.000000,-1.506937,-0.475016,0.000000,0.475016,0.018890,-0.002710,0.030969,0.030969,0.012078,0.066703,0.069412,0.038001,0.009801,0.000097,0.066432,0.000271,1.527069,0.000717,1.527786,1.527786,1.527786,0.763893,0.763893,0,0,1,0,0.000000,0.080000,0.008000,0.001000,5.500000,0.100000,22.000000,0.025000,0.000000
3.468000,0.500000,0.640000,-1.509359,0.000000,-1.509359,-0.475500,0.000000,0.475500,0.018890,-0.002710,0.030969,0.030969,0.012078,0.066703,0.069412,0.038040,0.009820,0.000097,0.066432,0.000271,1.527069,0.000000,1.527069,1.527069,1.527069,0.763534,0.763534,0,0,1,0,0.000000,0.080000,0.008000,0.001000,5.500000,0.100000,22.000000,0.025000,0.000000
3.473000,0.500000,0.640000,-1.511784,0.000000,-1.511784,-0.475986,0.000000,0.475986,0.018863,-0.002707,0.030969,0.030969,0.012106,0.066851,0.069558,0.038079,0.009839,0.000097,0.066580,0.000271,1.530278,0.000729,1.531008,1.531008,1.531008,0.765504,0.765504,0,0,1,0,0.000000,0.080000,0.008000,0.001000,5.500000,0.100000,22.000000,0.025000,0.000000
3.478000,0.500000,0.640000,-1.514212,0.000000,-1.514212,-0.476470,0.000000,0.476470,0.018863,-0.002707,0.030969,0.030969,0.012106,0.066851,0.069558,0.038118,0.009858,0.000097,0.066580,0.000271,1.530278,0.000000,1.530278,1.530278,1.530278,0.765139,0.765139,0,0,1,0,0.000000,0.080000,0.008000,0.001000,5.500000,0.100000,22.000000,0.025000,0.000000
3.483000,0.500000,0.640000,-1.516642,0.000000,-1.516642,-0.476956,0.000000,0.476956,0.018836,-0.002706,0.030969,0.030969,0.012133,0.067000,0.069706,0.038157,0.009877,0.000097,0.066729,0.000271,1.533524,0.000738,1.534262,1.534262,1.534262,0.767131,0.767131,0,0,1,0,0.000000,0.080000,0.008000,0.001000,5.500000,0.100000,22.000000,0.025000,0.000000
3.488000,0.500000,0.640000,-1.519074,0.000000,-1.519074,-0.477442,0.000000,0.477442,0.018836,-0.002706,0.030969,0.030969,0.012133,0.067000,0.069706,0.038195,0.009896,0.000097,0.066729,0.000271,1.533524,0.000000,1.533524,1.533524,1.533524,0.766762,0.766762,0,0,1,0,0.000000,0.080000,0.008000,0.001000,5.500000,0.100000,22.000000,0.025000,0.000000
3.493000,0.500000,0.640000,-1.521509,0.000000,-1.521509,-0.477929,0.000000,0.477929,0.018809,-0.002705,0.030969,0.030969,0.012160,0.067149,0.069854,0.038234,0.009916,0.000097,0.066878,0.000271,1.536782,0.000741,1.537523,1.537523,1.537523,0.768761,0.768761,0,0,1,0,0.000000,0.080000,0.008000,0.001000,5.500000,0.100000,22.000000,0.025000,0.000000
3.498000,0.500000,0.640000,-1.523947,0.000000,-1.523947,-0.478416,0.000000,0.478416,0.018809,-0.002705,0.030969,0.030969,0.012160,0.067149,0.069854,0.038273,0.009935,0.000097,0.066878,0.000271,1.536782,0.000000,1.536782,1.536782,1.536782,0.768391,0.768391,0,0,1,0,0.000000,0.080000,0.008000,0.001000,5.500000,0.100000,22.000000,0.025000,0.000000
3.507000,0.500000,0.640000,-1.528829,0.000000,-1.528829,-0.479391,0.000000,0.479391,0.018782,-0.002704,0.030969,0.082969,0.064187,0.353298,0.356001,0.038351,0.009969,0.000108,0.353027,0.000270,7.832032,0.794855,8.626887,8.626887,8.626887,4.313443,4.313443,0,0,1,0,0.000000,0.080000,0.008000,0.001000,5.500000,0.100000,22.000000,0.025000,0.000000
3.512000,0.500000,0.640000,-1.531273,0.000000,-1.531273,-0.479878,0.000000,0.479878,0.018755,-0.002714,0.030969,0.082969,0.064214,0.353448,0.356163,0.038390,0.009988,0.000097,0.353177,0.000271,7.835581,0.000807,7.836387,7.836387,7.836387,3.918194,3.918194,0,0,1,0,0.000000,0.080000,0.008000,0.001000,5.500000,0.100000,22.000000,0.025000,0.000000
3.517000,0.500000,0.640000,-1.533943,0.000000,-1.533943,-0.484059,0.000000,0.484059,0.018755,-0.002714,0.030969,0.082969,0.064214,0.353448,0.356163,0.038725,0.010008,0.000836,0.353177,0.000271,7.835581,0.000000,7.835581,7.835581,7.835581,3.917790,3.917790,0,0,1,0,0.000000,0.080000,0.008000,0.001000,5.500000,0.100000,22.000000,0.025000,0.000000
3.522000,0.500000,0.640000,-1.536973,0.000000,-1.536973,-0.491222,0.000000,0.491222,0.019942,0.038282,0.030969,0.082969,0.063026,0.342816,0.304534,0.039298,0.010027,0.001433,0.346644,-0.003828,6.699752,-0.258143,6.441609,6.441609,6.441609,3.220804,3.220804,0,0,1,0,0.000000,0.080000,0.008000,0.001000,5.500000,0.100000,22.000000,0.025000,0.000000
3.527000,0.500000,0.640000,-1.540297,0.000000,-1.540297,-0.501134,0.000000,0.501134,0.019942,0.038282,0.030969,0.082969,0.063026,0.342816,0.304534,0.040091,0.010047,0.001982,0.346644,-0.003828,6.699752,0.000000,6.699752,6.699752,6.699752,3.349876,3.349876,0,0,1,0,0.000000,0.080000,0.008000,0.001000,5.500000,0.100000,22.000000,0.025000,0.000000
3.532000,0.500000,0.640000,-1.543882,0.000000,-1.543882,-0.512845,0.000000,0.512845,0.023066,0.103529,0.030969,0.082969,0.059903,0.319112,0.215583,0.041028,0.010068,0.002342,0.329465,-0.010353,4.742826,-0.444756,4.298070,4.298070,4.298070,2.149035,2.149035,0,0,1,0,0.000000,0.080000,0.008000,0.001000,5.500000,0.100000,22.000000,0.025000,0.000000
3.537000,0.500000,0.640000,-1.547702,0.000000,-1.547702,-0.526338,0.000000,0.526338,0.023066,0.103529,0.030969,0.082969,0.059903,0.319112,0.215583,0.042107,0.010089,0.002699,0.329465,-0.010353,4.742826,0.000000,4.742826,4.742826,4.742826,2.371413,2.371413,0,0,1,0,0.000000,0.080000,0.008000,0.001000,5.500000,0.100000,22.000000,0.025000,0.000000
3.542000,0.500000,0.640000,-1.551679,0.000000,-1.551679,-0.540213,0.000000,0.540213,0.027575,0.176696,0.030969,0.082969,0.055394,0.286997,0.110301,0.043217,0.010111,0.002775,0.304667,-0.017670,2.426619,-0.526411,1.900209,1.900209,1.900209,0.950104,0.950104,0,0,1,0,0.000000,0.080000,0.008000,0.001000,5.500000,0.100000,22.000000,0.025000,0.000000
3.547000,0.500000,0.640000,-1.555774,0.000000,-1.555774,-0.554659,0.000000,0.554659,0.027575,0.176696,0.030969,0.082969,0.055394,0.286997,0.110301,0.044373,0.010133,0.002889,0.304667,-0.017670,2.426619,0.000000,2.426619,2.426619,2.426619,1.213310,1.213310,0,0,1,0,0.000000,0.080000,0.008000,0.001000,5.500000,0.100000,22.000000,0.025000,0.000000
3.552000,0.500000,0.640000,-1.559905,0.000000,-1.559905,-0.568139,0.000000,0.568139,0.032755,0.242046,0.030969,0.082969,0.050213,0.251969,0.009923,0.045451,0.010156,0.002696,0.276174,-0.024205,0.218301,-0.501890,-0.283589,-0.283589,-0.283589,-0.141795,-0.141795,0,0,1,0,0.000000,0.080000,0.008000,0.001000,5.500000,0.100000,22.000000,0.025000,0.000000
3.561000,0.500000,0.640000,-1.568074,0.000000,-1.568074,-0.591853,0.000000,0.591853,0.037848,0.287278,0.030969,0.082969,0.045121,0.219437,-0.067841,0.047348,0.010156,0.002635,0.248165,-0.028728,-1.492503,-0.216011,-1.708514,-1.708514,-1.708514,-0.854257,-0.854257,0,0,1,0,0.000000,0.080000,0.008000,0.001000,5.500000,0.100000,22.000000,0.025000,0.000000
3.566000,0.500000,0.640000,-1.571986,0.000000,-1.571986,-0.600863,0.000000,0.600863,0.037848,0.287278,0.030969,0.082969,0.045121,0.219437,-0.067841,0.048069,0.010156,0.001802,0.248165,-0.028728,-1.492503,0.000000,-1.492503,-1.492503,-1.492503,-0.746252,-0.746252,0,0,1,0,0.000000,0.080000,0.008000,0.001000,5.500000,0.100000,22.000000,0.025000,0.000000
3.571000,0.500000,0.640000,-1.575726,0.000000,-1.575726,-0.607424,0.000000,0.607424,0.042136,0.304390,0.030969,0.082969,0.040832,0.194139,-0.110251,0.048594,0.010156,0.001312,0.224578,-0.030439,-2.425521,-0.212049,-2.637570,-2.637570,-2.637570,-1.318785,-1.318785,0,0,1,0,0.000000,0.080000,0.008000,0.001000,5.500000,0.100000,22.000000,0.025000,0.000000
3.576000,0.500000,0.640000,-1.579276,0.000000,-1.579276,-0.611837,0.000000,0.611837,0.042136,0.304390,0.030969,0.082969,0.040832,0.194139,-0.110251,0.048947,0.010180,0.000883,0.224578,-0.030439,-2.425521,0.000000,-2.425521,-2.425521,-2.425521,-1.212760,-1.212760,0,0,1,0,0.000000,0.080000,0.008000,0.001000,5.500000,0.100000,22.000000,0.025000,0.000000
3.581000,0.500000,0.640000,-1.582613,0.000000,-1.582613,-0.613675,0.000000,0.613675,0.045237,0.293615,0.030969,0.082969,0.037732,0.178164,-0.115450,0.049094,0.010205,0.000367,0.207526,-0.029361,-2.539906,-0.025997,-2.565903,-2.565903,-2.565903,-1.282951,-1.282951,0,0,1,0,0.000000,0.080000,0.008000,0.001000,5.500000,0.100000,22.000000,0.025000,0.000000
3.586000,0.500000,0.640000,-1.585725,0.000000,-1.585725,-0.613251,0.000000,0.613251,0.045237,0.293615,0.030969,0.082969,0.037732,0.178164,-0.115450,0.049060,0.010229,-0.000085,0.207526,-0.029361,-2.539906,0.000000,-2.539906,-2.539906,-2.539906,-1.269953,-1.269953,0,0,1,0,0.000000,0.080000,0.008000,0.001000,5.500000,0.100000,22.000000,0.025000,0.000000
3.591000,0.500000,0.640000,-1.588620,0.000000,-1.588620,-0.610674,0.000000,0.610674,0.046971,0.259305,0.030969,0.082969,0.035997,0.172055,-0.087250,0.048854,0.010254,-0.000515,0.197985,-0.025931,-1.919510,0.140999,-1.778511,-1.778511,-1.778511,-0.889256,-0.889256,0,0,1,0,0.000000,0.080000,0.008000,0.001000,5.500000,0.100000,22.000000,0.025000,0.000000
3.596000,0.500000,0.640000,-1.591303,0.000000,-1.591303,-0.606133,0.000000,0.606133,0.046971,0.259305,0.030969,0.082969,0.035997,0.172055,-0.087250,0.048491,0.010278,-0.000908,0.197985,-0.025931,-1.919510,0.000000,-1.919510,-1.919510,-1.919510,-0.959755,-0.959755,0,0,1,0,0.000000,0.080000,0.008000,0.001000,5.500000,0.100000,22.000000,0.025000,0.000000
3.601000,0.500000,0.640000,-1.593803,0.000000,-1.593803,-0.600186,0.000000,0.600186,0.047431,0.209647,0.030969,0.082969,0.035538,0.174492,-0.035154,0.048015,0.010302,-0.001189,0.195457,-0.020965,-0.773395,0.260481,-0.512914,-0.512914,-0.512914,-0.256457,-0.256457,0,0,1,0,0.000000,0.080000,0.008000,0.001000,5.500000,0.100000,22.000000,0.025000,0.000000
3.610000,0.500000,0.640000,-1.598357,0.000000,-1.598357,-0.585060,0.000000,0.585060,0.046921,0.154676,0.030969,0.082969,0.036047,0.182793,0.028117,0.046805,0.010344,-0.001681,0.198261,-0.015468,0.618581,0.175755,0.794336,0.794336,0.794336,0.397168,0.397168,0,0,1,0,0.000000,0.080000,0.008000,0.001000,5.500000,0.100000,22.000000,0.025000,0.000000
3.615000,0.500000,0.640000,-1.598357,0.000000,-1.598357,-0.585060,0.000000,0.585060,0.046921,0.154676,0.030969,0.082969,0.036047,0.182793,0.028117,0.046805,0.010367,0.000000,0.198261,-0.015468,0.618581,0.000000,0.618581,0.618581,0.618581,0.309291,0.309291,0,0,1,0,0.000000,0.080000,0.008000,0.001000,5.500000,0.100000,22.000000,0.025000,0.000000
3.620000,0.500000,0.640000,-1.600488,0.000000,-1.600488,-0.576779,0.000000,0.576779,0.046921,0.154676,0.030969,0.082969,0.036047,0.182793,0.028117,0.046142,0.010390,-0.001656,0.198261,-0.015468,0.618581,0.000000,0.618581,0.618581,0.618581,0.309291,0.309291,0,0,1,0,0.000000,0.080000,0.008000,0.001000,5.500000,0.100000,22.000000,0.025000,0.000000
3.625000,0.500000,0.640000,-1.602576,0.000000,-1.602576,-0.568765,0.000000,0.568765,0.045907,0.104553,0.030969,0.082969,0.037062,0.193384,0.088831,0.045501,0.010413,-0.001603,0.203839,-0.010455,1.954286,0.303569,2.257855,2.257855,2.257855,1.128927,1.128927,0,0,1,0,0.000000,0.080000,0.008000,0.001000,5.500000,0.100000,22.000000,0.025000,0.000000
3.630000,0.500000,0.640000,-1.604645,0.000000,-1.604645,-0.560914,0.000000,0.560914,0.045907,0.104553,0.030969,0.082969,0.037062,0.193384,0.088831,0.044873,0.010436,-0.001570,0.203839,-0.010455,1.954286,0.000000,1.954286,1.954286,1.954286,0.977143,0.977143,0,0,1,0,0.000000,0.080000,0.008000,0.001000,5.500000,0.100000,22.000000,0.025000,0.000000
3.635000,0.500000,0.640000,-1.606689,0.000000,-1.606689,-0.553223,0.000000,0.553223,0.044744,0.061499,0.030969,0.082969,0.038224,0.204084,0.142585,0.044258,0.010458,-0.001538,0.210234,-0.006150,3.136869,0.268769,3.405638,3.405638,3.405638,1.702819,1.702819,0,0,1,0,0.000000,0.080000,0.008000,0.001000,5.500000,0.100000,22.000000,0.025000,0.000000
3.640000,0.500000,0.640000,-1.608762,0.000000,-1.608762,-0.546543,0.000000,0.546543,0.044744,0.061499,0.030969,0.082969,0.038224,0.204084,0.142585,0.043723,0.010480,-0.001336,0.210234,-0.006150,3.136869,0.000000,3.136869,3.136869,3.136869,1.568435,1.568435,0,0,1,0,0.000000,0.080000,0.008000,0.001000,5.500000,0.100000,22.000000,0.025000,0.000000
3.645000,0.500000,0.640000,-1.610933,0.000000,-1.610933,-0.541400,0.000000,0.541400,0.043805,0.037887,0.030969,0.082969,0.039163,0.211610,0.173723,0.043312,0.010501,-0.001029,0.215399,-0.003789,3.821909,0.155691,3.977599,3.977599,3.977599,1.988800,1.988800,0,0,1,0,0.000000,0.080000,0.008000,0.001000,5.500000,0.100000,22.000000,0.025000,0.000000
3.654000,0.500000,0.640000,-1.615621,0.000000,-1.615621,-0.535308,0.000000,0.535308,0.043581,0.033773,0.030969,0.082969,0.039388,0.213255,0.179482,0.042825,0.010540,-0.000677,0.216632,-0.003377,3.948607,0.015997,3.964604,3.964604,3.964604,1.982302,1.982302,0,0,1,0,0.000000,0.080000,0.008000,0.001000,5.500000,0.100000,22.000000,0.025000,0.000000
3.659000,0.500000,0.640000,-1.618169,0.000000,-1.618169,-0.534578,0.000000,0.534578,0.043581,0.033773,0.030969,0.082969,0.039388,0.213255,0.179482,0.042766,0.010561,-0.000146,0.216632,-0.003377,3.948607,0.000000,3.948607,3.948607,3.948607,1.974304,1.974304,0,0,1,0,0.000000,0.080000,0.008000,0.001000,5.500000,0.100000,22.000000,0.025000,0.000000
3.664000,0.500000,0.640000,-1.620854,0.000000,-1.620854,-0.535228,0.000000,0.535228,0.044230,0.047101,0.030969,0.082969,0.038738,0.208351,0.161250,0.042818,0.010583,0.000130,0.213061,-0.004710,3.547503,-0.091160,3.456343,3.456343,3.456343,1.728171,1.728171,0,0,1,0,0.000000,0.080000,0.008000,0.001000,5.500000,0.100000,22.000000,0.025000,0.000000
3.669000,0.500000,0.640000,-1.623670,0.000000,-1.623670,-0.537144,0.000000,0.537144,0.044230,0.047101,0.030969,0.082969,0.038738,0.208351,0.161250,0.042972,0.010604,0.000383,0.213061,-0.004710,3.547503,0.000000,3.547503,3.547503,3.547503,1.773751,1.773751,0,0,1,0,0.000000,0.080000,0.008000,0.001000,5.500000,0.100000,22.000000,0.025000,0.000000
3.674000,0.500000,0.640000,-1.626598,0.000000,-1.626598,-0.539970,0.000000,0.539970,0.045701,0.072002,0.030969,0.082969,0.037267,0.197770,0.125767,0.043198,0.010626,0.000565,0.204970,-0.007200,2.766885,-0.177413,2.589472,2.589472,2.589472,1.294736,1.294736,0,0,1,0,0.000000,0.080000,0.008000,0.001000,5.500000,0.100000,22.000000,0.025000,0.000000
3.679000,0.500000,0.640000,-1.629628,0.000000,-1.629628,-0.543681,0.000000,0.543681,0.045701,0.072002,0.030969,0.082969,0.037267,0.197770,0.125767,0.043494,0.010647,0.000742,0.204970,-0.007200,2.766885,0.000000,2.766885,2.766885,2.766885,1.383442,1.383442,0,0,1,0,0.000000,0.080000,0.008000,0.001000,5.500000,0.100000,22.000000,0.025000,0.000000
3.684000,0.500000,0.640000,-1.632729,0.000000,-1.632729,-0.547708,0.000000,0.547708,0.047800,0.101686,0.030969,0.082969,0.035169,0.183259,0.081574,0.043817,0.010669,0.000805,0.193428,-0.010169,1.794617,-0.220970,1.573647,1.573647,1.573647,0.786824,0.786824,0,0,1,0,0.000000,0.080000,0.008000,0.001000,5.500000,0.100000,22.000000,0.025000,0.000000
3.689000,0.500000,0.640000,-1.635885,0.000000,-1.635885,-0.552116,0.000000,0.552116,0.047800,0.101686,0.030969,0.082969,0.035169,0.183259,0.081574,0.044169,0.010691,0.000882,0.193428,-0.010169,1.794617,0.000000,1.794617,1.794617,1.794617,0.897309,0.897309,0,0,1,0,0.000000,0.080000,0.008000,0.001000,5.500000,0.100000,22.000000,0.025000,0.000000
3.698000,0.500000,0.640000,-1.642240,0.000000,-1.642240,-0.560254,0.000000,0.560254,0.050237,0.129350,0.030969,0.082969,0.032732,0.167090,0.037740,0.044820,0.010732,0.000904,0.180025,-0.012935,0.830286,-0.121759,0.708527,0.708527,0.708527,0.354264,0.354264,0,0,1,0,0.000000,0.080000,0.008000,0.001000,5.500000,0.100000,22.000000,0.025000,0.000000
3.703000,0.500000,0.640000,-1.645426,0.000000,-1.645426,-0.564129,0.000000,0.564129,0.052749,0.153123,0.030969,0.082969,0.030220,0.150898,-0.002224,0.045130,0.010754,0.000775,0.166211,-0.015312,-0.048935,-0.199823,-0.248758,-0.248758,-0.248758,-0.124379,-0.124379,0,0,1,0,0.000000,0.080000,0.008000,0.001000,5.500000,0.100000,22.000000,0.025000,0.000000
3.708000,0.500000,0.640000,-1.648585,0.000000,-1.648585,-0.567321,0.000000,0.567321,0.052749,0.153123,0.030969,0.082969,0.030220,0.150898,-0.002224,0.045386,0.010777,0.000638,0.166211,-0.015312,-0.048935,0.000000,-0.048935,-0.048935,-0.048935,-0.024468,-0.024468,0,0,1,0,0.000000,0.080000,0.008000,0.001000,5.500000,0.100000,22.000000,0.025000,0.000000
3.713000,0.500000,0.640000,-1.651667,0.000000,-1.651667,-0.569385,0.000000,0.569385,0.055094,0.164233,0.030969,0.082969,0.027874,0.136886,-0.027347,0.045551,0.010800,0.000413,0.153310,-0.016423,-0.601631,-0.125613,-0.727243,-0.727243,-0.727243,-0.363622,-0.363622,0,0,1,0,0.000000,0.080000,0.008000,0.001000,5.500000,0.100000,22.000000,0.025000,0.000000
3.718000,0.500000,0.640000,-1.654660,0.000000,-1.654660,-0.570516,0.000000,0.570516,0.055094,0.164233,0.030969,0.082969,0.027874,0.136886,-0.027347,0.045641,0.010823,0.000226,0.153310,-0.016423,-0.601631,0.000000,-0.601631,-0.601631,-0.601631,-0.300815,-0.300815,0,0,1,0,0.000000,0.080000,0.008000,0.001000,5.500000,0.100000,22.000000,0.025000,0.000000
3.723000,0.500000,0.640000,-1.657550,0.000000,-1.657550,-0.570434,0.000000,0.570434,0.056909,0.161979,0.030969,0.082969,0.026060,0.127131,-0.034848,0.045635,0.010845,-0.000016,0.143329,-0.016198,-0.766647,-0.037504,-0.804151,-0.804151,-0.804151,-0.402076,-0.402076,0,0,1,0,0.000000,0.080000,0.008000,0.001000,5.500000,0.100000,22.000000,0.025000,0.000000
3.728000,0.500000,0.640000,-1.660331,0.000000,-1.660331,-0.569304,0.000000,0.569304,0.056909,0.161979,0.030969,0.082969,0.026060,0.127131,-0.034848,0.045544,0.010868,-0.000226,0.143329,-0.016198,-0.766647,0.000000,-0.766647,-0.766647,-0.766647,-0.383324,-0.383324,0,0,1,0,0.000000,0.080000,0.008000,0.001000,5.500000,0.100000,22.000000,0.025000,0.000000
3.733000,0.500000,0.640000,-1.662994,0.000000,-1.662994,-0.567110,0.000000,0.567110,0.058085,0.147817,0.030969,0.082969,0.024884,0.122078,-0.025739,0.045369,0.010891,-0.000439,0.136860,-0.014782,-0.566256,0.045543,-0.520713,-0.520713,-0.520713,-0.260356,-0.260356,0,0,1,0,0.000000,0.080000,0.008000,0.001000,5.500000,0.100000,22.000000,0.025000,0.000000
3.738000,0.500000,0.640000,-1.665557,0.000000,-1.665557,-0.563956,0.000000,0.563956,0.058085,0.147817,0.030969,0.082969,0.024884,0.122078,-0.025739,0.045117,0.010913,-0.000631,0.136860,-0.014782,-0.566256,0.000000,-0.566256,-0.566256,-0.566256,-0.283128,-0.283128,0,0,1,0,0.000000,0.080000,0.008000,0.001000,5.500000,0.100000,22.000000,0.025000,0.000000
3.747000,0.500000,0.640000,-1.670397,0.000000,-1.670397,-0.555439,0.000000,0.555439,0.058624,0.125205,0.030969,0.082969,0.024345,0.121378,-0.003827,0.044435,0.010953,-0.000946,0.133899,-0.012521,-0.084192,0.060867,-0.023325,-0.023325,-0.023325,-0.011663,-0.011663,0,0,1,0,0.000000,0.080000,0.008000,0.001000,5.500000,0.100000,22.000000,0.025000,0.000000
3.752000,0.500000,0.640000,-1.672684,0.000000,-1.672684,-0.550179,0.000000,0.550179,0.058620,0.096925,0.030969,0.082969,0.024348,0.124224,0.027299,0.044014,0.010975,-0.001052,0.133916,-0.009692,0.600576,0.155629,0.756205,0.756205,0.756205,0.378103,0.378103,0,0,1,0,0.000000,0.080000,0.008000,0.001000,5.500000,0.100000,22.000000,0.025000,0.000000
3.757000,0.500000,0.640000,-1.674901,0.000000,-1.674901,-0.544614,0.000000,0.544614,0.058620,0.096925,0.030969,0.082969,0.024348,0.124224,0.027299,0.043569,0.010997,-0.001113,0.133916,-0.009692,0.600576,0.000000,0.600576,0.600576,0.600576,0.300288,0.300288,0,0,1,0,0.000000,0.080000,0.008000,0.001000,5.500000,0.100000,22.000000,0.025000,0.000000
3.762000,0.500000,0.640000,-1.677086,0.000000,-1.677086,-0.539180,0.000000,0.539180,0.058246,0.070415,0.030969,0.082969,0.024722,0.128932,0.058517,0.043134,0.011019,-0.001087,0.135974,-0.007042,1.287370,0.156089,1.443459,1.443459,1.443459,0.721729,0.721729,0,0,1,0,0.000000,0.080000,0.008000,0.001000,5.500000,0.100000,22.000000,0.025000,0.000000
3.767000,0.500000,0.640000,-1.679252,0.000000,-1.679252,-0.533793,0.000000,0.533793,0.058246,0.070415,0.030969,0.082969,0.024722,0.128932,0.058517,0.042703,0.011040,-0.001077,0.135974,-0.007042,1.287370,0.000000,1.287370,1.287370,1.287370,0.643685,0.643685,0,0,1,0,0.000000,0.080000,0.008000,0.001000,5.500000,0.100000,22.000000,0.025000,0.000000
3.772000,0.500000,0.640000,-1.681423,0.000000,-1.681423,-0.528896,0.000000,0.528896,0.057804,0.049581,0.030969,0.082969,0.025165,0.133449,0.083868,0.042312,0.011061,-0.000979,0.138407,-0.004958,1.845089,0.126754,1.971844,1.971844,1.971844,0.985922,0.985922,0,0,1,0,0.000000,0.080000,0.008000,0.001000,5.500000,0.100000,22.000000,0.025000,0.000000
3.777000,0.500000,0.640000,-1.683610,0.000000,-1.683610,-0.524375,0.000000,0.524375,0.057804,0.049581,0.030969,0.082969,0.025165,0.133449,0.083868,0.041950,0.011082,-0.000904,0.138407,-0.004958,1.845089,0.000000,1.845089,1.845089,1.845089,0.922545,0.922545,0,0,1,0,0.000000,0.080000,0.008000,0.001000,5.500000,0.100000,22.000000,0.025000,0.000000
3.786000,0.500000,0.640000,-1.688096,0.000000,-1.688096,-0.517345,0.000000,0.517345,0.057509,0.037034,0.030969,0.082969,0.025459,0.136323,0.099289,0.041388,0.011119,-0.000781,0.140026,-0.003703,2.184360,0.042837,2.227197,2.227197,2.227197,1.113598,1.113598,0,0,1,0,0.000000,0.080000,0.008000,0.001000,5.500000,0.100000,22.000000,0.025000,0.000000
3.791000,0.500000,0.640000,-1.690401,0.000000,-1.690401,-0.514679,0.000000,0.514679,0.057502,0.032261,0.030969,0.082969,0.025467,0.136840,0.104579,0.041174,0.011140,-0.000533,0.140066,-0.003226,2.300741,0.026450,2.327191,2.327191,2.327191,1.163596,1.163596,0,0,1,0,0.000000,0.080000,0.008000,0.001000,5.500000,0.100000,22.000000,0.025000,0.000000
3.796000,0.500000,0.640000,-1.692756,0.000000,-1.692756,-0.512724,0.000000,0.512724,0.057502,0.032261,0.030969,0.082969,0.025467,0.136840,0.104579,0.041018,0.011161,-0.000391,0.140066,-0.003226,2.300741,0.000000,2.300741,2.300741,2.300741,1.150371,1.150371,0,0,1,0,0.000000,0.080000,0.008000,0.001000,5.500000,0.100000,22.000000,0.025000,0.000000
3.801000,0.500000,0.640000,-1.695171,0.000000,-1.695171,-0.511480,0.000000,0.511480,0.057844,0.036171,0.030969,0.082969,0.025125,0.134569,0.098398,0.040918,0.011181,-0.000249,0.138186,-0.003617,2.164758,-0.030905,2.133853,2.133853,2.133853,1.066926,1.066926,0,0,1,0,0.000000,0.080000,0.008000,0.001000,5.500000,0.100000,22.000000,0.025000,0.000000
3.806000,0.500000,0.640000,-1.697645,0.000000,-1.697645,-0.510882,0.000000,0.510882,0.057844,0.036171,0.030969,0.082969,0.025125,0.134569,0.098398,0.040871,0.011201,-0.000120,0.138186,-0.003617,2.164758,0.000000,2.164758,2.164758,2.164758,1.082379,1.082379,0,0,1,0,0.000000,0.080000,0.008000,0.001000,5.500000,0.100000,22.000000,0.025000,0.000000
3.811000,0.500000,0.640000,-1.700171,0.000000,-1.700171,-0.510793,0.000000,0.510793,0.058584,0.046354,0.030969,0.082969,0.024385,0.129481,0.083127,0.040863,0.011222,-0.000018,0.134117,-0.004635,1.828794,-0.076356,1.752438,1.752438,1.752438,0.876219,0.876219,0,0,1,0,0.000000,0.080000,0.008000,0.001000,5.500000,0.100000,22.000000,0.025000,0.000000
3.816000,0.500000,0.640000,-1.702746,0.000000,-1.702746,-0.511193,0.000000,0.511193,0.058584,0.046354,0.030969,0.082969,0.024385,0.129481,0.083127,0.040895,0.011242,0.000080,0.134117,-0.004635,1.828794,0.000000,1.828794,1.828794,1.828794,0.914397,0.914397,0,0,1,0,0.000000,0.080000,0.008000,0.001000,5.500000,0.100000,22.000000,0.025000,0.000000
3.821000,0.500000,0.640000,-1.705356,0.000000,-1.705356,-0.511829,0.000000,0.511829,0.059647,0.059714,0.030969,0.082969,0.023321,0.122296,0.062581,0.040946,0.011263,0.000127,0.128267,-0.005971,1.376789,-0.102728,1.274060,1.274060,1.274060,0.637030,0.637030,0,0,1,0,0.000000,0.080000,0.008000,0.001000,5.500000,0.100000,22.000000,0.025000,0.000000
3.830000,0.500000,0.640000,-1.707993,0.000000,-1.707993,-0.512725,0.000000,0.512725,0.060908,0.072970,0.030969,0.082969,0.022061,0.114039,0.041069,0.041018,0.011300,0.000100,0.121336,-0.007297,0.903518,-0.059756,0.843762,0.843762,0.843762,0.421881,0.421881,0,0,1,0,0.000000,0.080000,0.008000,0.001000,5.500000,0.100000,22.000000,0.025000,0.000000
3.835000,0.500000,0.640000,-1.710641,0.000000,-1.710641,-0.513572,0.000000,0.513572,0.060908,0.072970,0.030969,0.082969,0.022061,0.114039,0.041069,0.041086,0.011320,0.000169,0.121336,-0.007297,0.903518,0.000000,0.903518,0.903518,0.903518,0.451759,0.451759,0,0,1,0,0.000000,0.080000,0.008000,0.001000,5.500000,0.100000,22.000000,0.025000,0.000000
3.840000,0.500000,0.640000,-1.713289,0.000000,-1.713289,-0.514375,0.000000,0.514375,0.060908,0.072970,0.030969,0.082969,0.022061,0.114039,0.041069,0.041150,0.011341,0.000161,0.121336,-0.007297,0.903518,0.000000,0.903518,0.903518,0.903518,0.451759,0.451759,0,0,1,0,0.000000,0.080000,0.008000,0.001000,5.500000,0.100000,22.000000,0.025000,0.000000
3.845000,0.500000,0.640000,-1.715924,0.000000,-1.715924,-0.514917,0.000000,0.514917,0.062203,0.083121,0.030969,0.082969,0.020766,0.105901,0.022780,0.041193,0.011361,0.000108,0.114214,-0.008312,0.501170,-0.091443,0.409727,0.409727,0.409727,0.204864,0.204864,0,0,1,0,0.000000,0.080000,0.008000,0.001000,5.500000,0.100000,22.000000,0.025000,0.000000
3.850000,0.500000,0.640000,-1.718539,0.000000,-1.718539,-0.515249,0.000000,0.515249,0.062203,0.083121,0.030969,0.082969,0.020766,0.105901,0.022780,0.041220,0.011382,0.000066,0.114214,-0.008312,0.501170,0.000000,0.501170,0.501170,0.501170,0.250585,0.250585,0,0,1,0,0.000000,0.080000,0.008000,0.001000,5.500000,0.100000,22.000000,0.025000,0.000000
3.855000,0.500000,0.640000,-1.721136,0.000000,-1.721136,-0.515391,0.000000,0.515391,0.063427,0.089996,0.030969,0.082969,0.019542,0.098482,0.008486,0.041231,0.011403,0.000028,0.107482,-0.009000,0.186693,-0.071472,0.115221,0.115221,0.115221,0.057611,0.057611,0,0,1,0,0.000000,0.080000,0.008000,0.001000,5.500000,0.100000,22.000000,0.025000,0.000000
3.860000,0.500000,0.640000,-1.723701,0.000000,-1.723701,-0.515102,0.000000,0.515102,0.063427,0.089996,0.030969,0.082969,0.019542,0.098482,0.008486,0.041208,0.011423,-0.000058,0.107482,-0.009000,0.186693,0.000000,0.186693,0.186693,0.186693,0.093347,0.093347,0,0,1,0,0.000000,0.080000,0.008000,0.001000,5.500000,0.100000,22.000000,0.025000,0.000000
3.865000,0.500000,0.640000,-1.726228,0.000000,-1.726228,-0.514466,0.000000,0.514466,0.064502,0.091686,0.030969,0.082969,0.018467,0.092398,0.000712,0.041157,0.011444,-0.000127,0.101567,-0.009169,0.015663,-0.038870,-0.023207,-0.023207,-0.023207,-0.011604,-0.011604,0,0,1,0,0.000000,0.080000,0.008000,0.001000,5.500000,0.100000,22.000000,0.025000,0.000000
3.870000,0.500000,0.640000,-1.728707,0.000000,-1.728707,-0.513314,0.000000,0.513314,0.064502,0.091686,0.030969,0.082969,0.018467,0.092398,0.000712,0.041065,0.011464,-0.000231,0.101567,-0.009169,0.015663,0.000000,0.015663,0.015663,0.015663,0.007832,0.007832,0,0,1,0,0.000000,0.080000,0.008000,0.001000,5.500000,0.100000,22.000000,0.025000,0.000000
3.879000,0.500000,0.640000,-1.733490,0.000000,-1.733490,-0.509439,0.000000,0.509439,0.065319,0.087004,0.030969,0.082969,0.017649,0.088370,0.001366,0.040755,0.011501,-0.000431,0.097071,-0.008700,0.030053,0.001817,0.031870,0.031870,0.031870,0.015935,0.015935,0,0,1,0,0.000000,0.080000,0.008000,0.001000,5.500000,0.100000,22.000000,0.025000,0.000000
3.884000,0.500000,0.640000,-1.735798,0.000000,-1.735798,-0.506826,0.000000,0.506826,0.065821,0.077435,0.030969,0.082969,0.017148,0.086570,0.009136,0.040546,0.011521,-0.000523,0.094314,-0.007743,0.200985,0.038848,0.239833,0.239833,0.239833,0.119916,0.119916,0,0,1,0,0.000000,0.080000,0.008000,0.001000,5.500000,0.100000,22.000000,0.025000,0.000000
3.889000,0.500000,0.640000,-1.738052,0.000000,-1.738052,-0.503823,0.000000,0.503823,0.065821,0.077435,0.030969,0.082969,0.017148,0.086570,0.009136,0.040306,0.011542,-0.000601,0.094314,-0.007743,0.200985,0.000000,0.200985,0.200985,0.200985,0.100492,0.100492,0,0,1,0,0.000000,0.080000,0.008000,0.001000,5.500000,0.100000,22.000000,0.025000,0.000000
3.894000,0.500000,0.640000,-1.740262,0.000000,-1.740262,-0.500574,0.000000,0.500574,0.066043,0.065067,0.030969,0.082969,0.016925,0.086583,0.021516,0.040046,0.011562,-0.000650,0.093089,-0.006507,0.473357,0.061903,0.535259,0.535259,0.535259,0.267630,0.267630,0,0,1,0,0.000000,0.080000,0.008000,0.001000,5.500000,0.100000,22.000000,0.025000,0.000000
3.899000,0.500000,0.640000,-1.742432,0.000000,-1.742432,-0.497083,0.000000,0.497083,0.066043,0.065067,0.030969,0.082969,0.016925,0.086583,0.021516,0.039767,0.011581,-0.000698,0.093089,-0.006507,0.473357,0.000000,0.473357,0.473357,0.473357,0.236678,0.236678,0,0,1,0,0.000000,0.080000,0.008000,0.001000,5.500000,0.100000,22.000000,0.025000,0.000000
3.904000,0.500000,0.640000,-1.744573,0.000000,-1.744573,-0.493549,0.000000,0.493549,0.066069,0.052190,0.030969,0.082969,0.016900,0.087729,0.035538,0.039484,0.011601,-0.000707,0.092948,-0.005219,0.781845,0.070111,0.851956,0.851956,0.851956,0.425978,0.425978,0,0,1,0,0.000000,0.080000,0.008000,0.001000,5.500000,0.100000,22.000000,0.025000,0.000000
3.909000,0.500000,0.640000,-1.746690,0.000000,-1.746690,-0.489948,0.000000,0.489948,0.066069,0.052190,0.030969,0.082969,0.016900,0.087729,0.035538,0.039196,0.011621,-0.000720,0.092948,-0.005219,0.781845,0.000000,0.781845,0.781845,0.781845,0.390922,0.390922,0,0,1,0,0.000000,0.080000,0.008000,0.001000,5.500000,0.100000,22.000000,0.025000,0.000000
3.914000,0.500000,0.640000,-1.748795,0.000000,-1.748795,-0.486486,0.000000,0.486486,0.066002,0.040924,0.030969,0.082969,0.016967,0.089226,0.048302,0.038919,0.011640,-0.000692,0.093318,-0.004092,1.062649,0.063819,1.126468,1.126468,1.126468,0.563234,0.563234,0,0,1,0,0.000000,0.080000,0.008000,0.001000,5.500000,0.100000,22.000000,0.025000,0.000000
3.919000,0.500000,0.640000,-1.750894,0.000000,-1.750894,-0.483123,0.000000,0.483123,0.066002,0.040924,0.030969,0.082969,0.016967,0.089226,0.048302,0.038650,0.011660,-0.000673,0.093318,-0.004092,1.062649,0.000000,1.062649,1.062649,1.062649,0.531325,0.531325,0,0,1,0,0.000000,0.080000,0.008000,0.001000,5.500000,0.100000,22.000000,0.025000,0.000000
3.928000,0.500000,0.640000,-1.755108,0.000000,-1.755108,-0.477168,0.000000,0.477168,0.065947,0.032839,0.030969,0.082969,0.017022,0.090338,0.057499,0.038173,0.011694,-0.000662,0.093622,-0.003284,1.264972,0.025546,1.290517,1.290517,1.290517,0.645259,0.645259,0,0,1,0,0.000000,0.080000,0.008000,0.001000,5.500000,0.100000,22.000000,0.025000,0.000000
3.933000,0.500000,0.640000,-1.757225,0.000000,-1.757225,-0.474514,0.000000,0.474514,0.065979,0.027968,0.030969,0.082969,0.016990,0.090646,0.062678,0.037961,0.011713,-0.000531,0.093443,-0.002797,1.378911,0.025895,1.404806,1.404806,1.404806,0.702403,0.702403,0,0,1,0,0.000000,0.080000,0.008000,0.001000,5.500000,0.100000,22.000000,0.025000,0.000000
3.938000,0.500000,0.640000,-1.759357,0.000000,-1.759357,-0.472177,0.000000,0.472177,0.065979,0.027968,0.030969,0.082969,0.016990,0.090646,0.062678,0.037774,0.011732,-0.000467,0.093443,-0.002797,1.378911,0.000000,1.378911,1.378911,1.378911,0.689456,0.689456,0,0,1,0,0.000000,0.080000,0.008000,0.001000,5.500000,0.100000,22.000000,0.025000,0.000000
3.943000,0.500000,0.640000,-1.761510,0.000000,-1.761510,-0.470195,0.000000,0.470195,0.066145,0.027410,0.030969,0.082969,0.016824,0.089789,0.062380,0.037616,0.011751,-0.000396,0.092530,-0.002741,1.372355,-0.001490,1.370865,1.370865,1.370865,0.685433,0.685433,0,0,1,0,0.000000,0.080000,0.008000,0.001000,5.500000,0.100000,22.000000,0.025000,0.000000
3.948000,0.500000,0.640000,-1.763686,0.000000,-1.763686,-0.468531,0.000000,0.468531,0.066145,0.027410,0.030969,0.082969,0.016824,0.089789,0.062380,0.037482,0.011769,-0.000333,0.092530,-0.002741,1.372355,0.000000,1.372355,1.372355,1.372355,0.686178,0.686178,0,0,1,0,0.000000,0.080000,0.008000,0.001000,5.500000,0.100000,22.000000,0.025000,0.000000
3.953000,0.500000,0.640000,-1.765883,0.000000,-1.765883,-0.467159,0.000000,0.467159,0.066495,0.030374,0.030969,0.082969,0.016474,0.087567,0.057193,0.037373,0.011788,-0.000274,0.090605,-0.003037,1.258243,-0.025935,1.232308,1.232308,1.232308,0.616154,0.616154,0,0,1,0,0.000000,0.080000,0.008000,0.001000,5.500000,0.100000,22.000000,0.025000,0.000000
3.958000,0.500000,0.640000,-1.768101,0.000000,-1.768101,-0.466059,0.000000,0.466059,0.066495,0.030374,0.030969,0.082969,0.016474,0.087567,0.057193,0.037285,0.011807,-0.000220,0.090605,-0.003037,1.258243,0.000000,1.258243,1.258243,1.258243,0.629121,0.629121,0,0,1,0,0.000000,0.080000,0.008000,0.001000,5.500000,0.100000,22.000000,0.025000,0.000000
3.963000,0.500000,0.640000,-1.770334,0.000000,-1.770334,-0.465141,0.000000,0.465141,0.067014,0.035625,0.030969,0.082969,0.015955,0.084189,0.048565,0.037211,0.011825,-0.000184,0.087752,-0.003562,1.068421,-0.043141,1.025279,1.025279,1.025279,0.512640,0.512640,0,0,1,0,0.000000,0.080000,0.008000,0.001000,5.500000,0.100000,22.000000,0.025000,0.000000
3.968000,0.500000,0.640000,-1.772581,0.000000,-1.772581,-0.464406,0.000000,0.464406,0.067014,0.035625,0.030969,0.082969,0.015955,0.084189,0.048565,0.037152,0.011844,-0.000147,0.087752,-0.003562,1.068421,0.000000,1.068421,1.068421,1.068421,0.534210,0.534210,0,0,1,0,0.000000,0.080000,0.008000,0.001000,5.500000,0.100000,22.000000,0.025000,0.000000
3.973000,0.500000,0.640000,-1.774834,0.000000,-1.774834,-0.463720,0.000000,0.463720,0.067655,0.041664,0.030969,0.082969,0.015313,0.080057,0.038393,0.037098,0.011862,-0.000137,0.084223,-0.004166,0.844638,-0.050860,0.793778,0.793778,0.793778,0.396889,0.396889,0,0,1,0,0.000000,0.080000,0.008000,0.001000,5.500000,0.100000,22.000000,0.025000,0.000000
3.982000,0.500000,0.640000,-1.779340,0.000000,-1.779340,-0.462415,0.000000,0.462415,0.068355,0.047048,0.030969,0.082969,0.014614,0.075672,0.028624,0.036993,0.011896,-0.000145,0.080377,-0.004705,0.629721,-0.027136,0.602585,0.602585,0.602585,0.301292,0.301292,0,0,1,0,0.000000,0.080000,0.008000,0.001000,5.500000,0.100000,22.000000,0.025000,0.000000
3.987000,0.500000,0.640000,-1.781581,0.000000,-1.781581,-0.461658,0.000000,0.461658,0.068355,0.047048,0.030969,0.082969,0.014614,0.075672,0.028624,0.036933,0.011914,-0.000151,0.080377,-0.004705,0.629721,0.000000,0.629721,0.629721,0.629721,0.314860,0.314860,0,0,1,0,0.000000,0.080000,0.008000,0.001000,5.500000,0.100000,22.000000,0.025000,0.000000
3.992000,0.500000,0.640000,-1.783805,0.000000,-1.783805,-0.460743,0.000000,0.460743,0.069037,0.050553,0.030969,0.082969,0.013931,0.071568,0.021014,0.036859,0.011933,-0.000183,0.076623,-0.005055,0.462313,-0.038047,0.424266,0.424266,0.424266,0.212133,0.212133,0,0,1,0,0.000000,0.080000,0.008000,0.001000,5.500000,0.100000,22.000000,0.025000,0.000000
3.997000,0.500000,0.640000,-1.786011,0.000000,-1.786011,-0.459698,0.000000,0.459698,0.069037,0.050553,0.030969,0.082969,0.013931,0.071568,0.021014,0.036776,0.011951,-0.000209,0.076623,-0.005055,0.462313,0.000000,0.462313,0.462313,0.462313,0.231157,0.231157,0,0,1,0,0.000000,0.080000,0.008000,0.001000,5.500000,0.100000,22.000000,0.025000,0.000000
4.002000,0.500000,0.640000,-1.788194,0.000000,-1.788194,-0.458430,0.000000,0.458430,0.069649,0.051640,0.030969,0.082969,0.013320,0.068094,0.016453,0.036674,0.011969,-0.000254,0.073258,-0.005164,0.361973,-0.022805,0.339169,0.339169,0.339169,0.169584,0.169584,0,0,1,0,0.000000,0.080000,0.008000,0.001000,5.500000,0.100000,22.000000,0.025000,0.000000
4.007000,0.500000,0.640000,-1.790351,0.000000,-1.790351,-0.456979,0.000000,0.456979,0.069649,0.051640,0.030969,0.082969,0.013320,0.068094,0.016453,0.036558,0.011988,-0.000290,0.073258,-0.005164,0.361973,0.000000,0.361973,0.361973,0.361973,0.180987,0.180987,0,0,1,0,0.000000,0.080000,0.008000,0.001000,5.500000,0.100000,22.000000,0.025000,0.000000
4.012000,0.500000,0.640000,-1.792480,0.000000,-1.792480,-0.455298,0.000000,0.455298,0.070149,0.050198,0.030969,0.082969,0.012820,0.065490,0.015292,0.036424,0.012006,-0.000336,0.070510,-0.005020,0.336421,-0.005807,0.330613,0.330613,0.330613,0.165307,0.165307,0,0,1,0,0.000000,0.080000,0.008000,0.001000,5.500000,0.100000,22.000000,0.025000,0.000000
4.017000,0.500000,0.640000,-1.794580,0.000000,-1.794580,-0.453422,0.000000,0.453422,0.070149,0.050198,0.030969,0.082969,0.012820,0.065490,0.015292,0.036274,0.012024,-0.000375,0.070510,-0.005020,0.336421,0.000000,0.336421,0.336421,0.336421,0.168210,0.168210,0,0,1,0,0.000000,0.080000,0.008000,0.001000,5.500000,0.100000,22.000000,0.025000,0.000000
4.022000,0.500000,0.640000,-1.796651,0.000000,-1.796651,-0.451351,0.000000,0.451351,0.070519,0.046603,0.030969,0.082969,0.012449,0.063812,0.017209,0.036108,0.012042,-0.000414,0.068472,-0.004660,0.378599,0.009586,0.388185,0.388185,0.388185,0.194093,0.194093,0,0,1,0,0.000000,0.080000,0.008000,0.001000,5.500000,0.100000,22.000000,0.025000,0.000000
4.031000,0.500000,0.640000,-1.800713,0.000000,-1.800713,-0.446739,0.000000,0.446739,0.070768,0.041586,0.030969,0.082969,0.012201,0.062945,0.021359,0.035739,0.012074,-0.000512,0.067104,-0.004159,0.469893,0.011527,0.481420,0.481420,0.481420,0.240710,0.240710,0,0,1,0,0.000000,0.080000,0.008000,0.001000,5.500000,0.100000,22.000000,0.025000,0.000000
4.036000,0.500000,0.640000,-1.802707,0.000000,-1.802707,-0.444255,0.000000,0.444255,0.070768,0.041586,0.030969,0.082969,0.012201,0.062945,0.021359,0.035540,0.012092,-0.000497,0.067104,-0.004159,0.469893,0.000000,0.469893,0.469893,0.469893,0.234947,0.234947,0,0,1,0,0.000000,0.080000,0.008000,0.001000,5.500000,0.100000,22.000000,0.025000,0.000000
4.041000,0.500000,0.640000,-1.804682,0.000000,-1.804682,-0.441720,0.000000,0.441720,0.070923,0.036059,0.030969,0.082969,0.012046,0.062645,0.026585,0.035338,0.012110,-0.000507,0.066251,-0.003606,0.584879,0.026133,0.611012,0.611012,0.611012,0.305506,0.305506,0,0,1,0,0.000000,0.080000,0.008000,0.001000,5.500000,0.100000,22.000000,0.025000,0.000000
4.046000,0.500000,0.640000,-1.806639,0.000000,-1.806639,-0.439134,0.000000,0.439134,0.070923,0.036059,0.030969,0.082969,0.012046,0.062645,0.026585,0.035131,0.012127,-0.000517,0.066251,-0.003606,0.584879,0.000000,0.584879,0.584879,0.584879,0.292439,0.292439,0,0,1,0,0.000000,0.080000,0.008000,0.001000,5.500000,0.100000,22.000000,0.025000,0.000000
4.051000,0.500000,0.640000,-1.808583,0.000000,-1.808583,-0.436579,0.000000,0.436579,0.071023,0.030920,0.030969,0.082969,0.011946,0.062612,0.031692,0.034926,0.012145,-0.000511,0.065704,-0.003092,0.697215,0.025531,0.722746,0.722746,0.722746,0.361373,0.361373,0,0,1,0,0.000000,0.080000,0.008000,0.001000,5.500000,0.100000,22.000000,0.025000,0.000000
4.056000,0.500000,0.640000,-1.810517,0.000000,-1.810517,-0.434044,0.000000,0.434044,0.071023,0.030920,0.030969,0.082969,0.011946,0.062612,0.031692,0.034724,0.012162,-0.000507,0.065704,-0.003092,0.697215,0.000000,0.697215,0.697215,0.697215,0.348608,0.348608,0,0,1,0,0.000000,0.080000,0.008000,0.001000,5.500000,0.100000,22.000000,0.025000,0.000000
4.061000,0.500000,0.640000,-1.810517,0.000000,-1.810517,-0.434044,0.000000,0.434044,0.071111,0.026891,0.030969,0.082969,0.011858,0.062530,0.035640,0.034724,0.012179,0.000000,0.065220,-0.002689,0.784074,0.019741,0.803814,0.803814,0.803814,0.401907,0.401907,0,0,1,0,0.000000,0.080000,0.008000,0.001000,5.500000,0.100000,22.000000,0.025000,0.000000
4.066000,0.500000,0.640000,-1.814367,0.000000,-1.814367,-0.429236,0.000000,0.429236,0.071111,0.026891,0.030969,0.082969,0.011858,0.062530,0.035640,0.034339,0.012196,-0.000962,0.065220,-0.002689,0.784074,0.000000,0.784074,0.784074,0.784074,0.392037,0.392037,0,0,1,0,0.000000,0.080000,0.008000,0.001000,5.500000,0.100000,22.000000,0.025000,0.000000
4.071000,0.500000,0.640000,-1.816289,0.000000,-1.816289,-0.427000,0.000000,0.427000,0.071226,0.024408,0.030969,0.082969,0.011743,0.062145,0.037737,0.034160,0.012214,-0.000447,0.064586,-0.002441,0.830215,0.010487,0.840702,0.840702,0.840702,0.420351,0.420351,0,0,1,0,0.000000,0.080000,0.008000,0.001000,5.500000,0.100000,22.000000,0.025000,0.000000
4.080000,0.500000,0.640000,-1.820137,0.000000,-1.820137,-0.422891,0.000000,0.422891,0.071396,0.023576,0.030969,0.082969,0.011573,0.061293,0.037717,0.033831,0.012244,-0.000457,0.063651,-0.002358,0.829777,-0.000055,0.829722,0.829722,0.829722,0.414861,0.414861,0,0,1,0,0.000000,0.080000,0.008000,0.001000,5.500000,0.100000,22.000000,0.025000,0.000000
4.085000,0.500000,0.640000,-1.822064,0.000000,-1.822064,-0.421035,0.000000,0.421035,0.071396,0.023576,0.030969,0.082969,0.011573,0.061293,0.037717,0.033683,0.012261,-0.000371,0.063651,-0.002358,0.829777,0.000000,0.829777,0.829777,0.829777,0.414888,0.414888,0,0,1,0,0.000000,0.080000,0.008000,0.001000,5.500000,0.100000,22.000000,0.025000,0.000000
4.090000,0.500000,0.640000,-1.823995,0.000000,-1.823995,-0.419296,0.000000,0.419296,0.071635,0.024221,0.030969,0.082969,0.011334,0.059914,0.035693,0.033544,0.012278,-0.000348,0.062337,-0.002422,0.785254,-0.010119,0.775135,0.775135,0.775135,0.387568,0.387568,0,0,1,0,0.000000,0.080000,0.008000,0.001000,5.500000,0.100000,22.000000,0.025000,0.000000
4.095000,0.500000,0.640000,-1.825927,0.000000,-1.825927,-0.417668,0.000000,0.417668,0.071635,0.024221,0.030969,0.082969,0.011334,0.059914,0.035693,0.033413,0.012294,-0.000326,0.062337,-0.002422,0.785254,0.000000,0.785254,0.785254,0.785254,0.392627,0.392627,0,0,1,0,0.000000,0.080000,0.008000,0.001000,5.500000,0.100000,22.000000,0.025000,0.000000
4.100000,0.500000,0.640000,-1.827861,0.000000,-1.827861,-0.416116,0.000000,0.416116,0.071635,0.024221,0.030969,0.082969,0.011334,0.059914,0.035693,0.033289,0.012311,-0.000310,0.062337,-0.002422,0.785254,0.000000,0.785254,0.785254,0.785254,0.392627,0.392627,0,0,1,0,0.000000,0.080000,0.008000,0.001000,5.500000,0.100000,22.000000,0.025000,0.000000
4.105000,0.500000,0.640000,-1.827861,0.000000,-1.827861,-0.416116,0.000000,0.416116,0.071939,0.025860,0.030969,0.082969,0.011030,0.058077,0.032217,0.033289,0.012328,0.000000,0.060663,-0.002586,0.708766,-0.017384,0.691383,0.691383,0.691383,0.345691,0.345691,0,0,1,0,0.000000,0.080000,0.008000,0.001000,5.500000,0.100000,22.000000,0.025000,0.000000
4.110000,0.500000,0.640000,-1.829794,0.000000,-1.829794,-0.414644,0.000000,0.414644,0.071939,0.025860,0.030969,0.082969,0.011030,0.058077,0.032217,0.033172,0.012344,-0.000294,0.060663,-0.002586,0.708766,0.000000,0.708766,0.708766,0.708766,0.354383,0.354383,0,0,1,0,0.000000,0.080000,0.008000,0.001000,5.500000,0.100000,22.000000,0.025000,0.000000
4.115000,0.500000,0.640000,-1.831727,0.000000,-1.831727,-0.413248,0.000000,0.413248,0.072297,0.028219,0.030969,0.082969,0.010671,0.055871,0.027651,0.033060,0.012361,-0.000279,0.058693,-0.002822,0.608332,-0.022826,0.585506,0.585506,0.585506,0.292753,0.292753,0,0,1,0,0.000000,0.080000,0.008000,0.001000,5.500000,0.100000,22.000000,0.025000,0.000000
4.120000,0.500000,0.640000,-1.833658,0.000000,-1.833658,-0.411876,0.000000,0.411876,0.072297,0.028219,0.030969,0.082969,0.010671,0.055871,0.027651,0.032950,0.012377,-0.000274,0.058693,-0.002822,0.608332,0.000000,0.608332,0.608332,0.608332,0.304166,0.304166,0,0,1,0,0.000000,0.080000,0.008000,0.001000,5.500000,0.100000,22.000000,0.025000,0.000000
4.125000,0.500000,0.640000,-1.835581,0.000000,-1.835581,-0.410474,0.000000,0.410474,0.072689,0.030284,0.030969,0.082969,0.010280,0.053513,0.023228,0.032838,0.012394,-0.000280,0.056541,-0.003028,0.511026,-0.022115,0.488911,0.488911,0.488911,0.244456,0.244456,0,0,1,0,0.000000,0.080000,0.008000,0.001000,5.500000,0.100000,22.000000,0.025000,0.000000
4.134000,0.500000,0.640000,-1.839398,0.000000,-1.839398,-0.407573,0.000000,0.407573,0.073075,0.031639,0.030969,0.082969,0.009894,0.051253,0.019614,0.032606,0.012423,-0.000322,0.054417,-0.003164,0.431515,-0.010039,0.421476,0.421476,0.421476,0.210738,0.210738,0,0,1,0,0.000000,0.080000,0.008000,0.001000,5.500000,0.100000,22.000000,0.025000,0.000000
4.139000,0.500000,0.640000,-1.841286,0.000000,-1.841286,-0.406024,0.000000,0.406024,0.073075,0.031639,0.030969,0.082969,0.009894,0.051253,0.019614,0.032482,0.012439,-0.000310,0.054417,-0.003164,0.431515,0.000000,0.431515,0.431515,0.431515,0.215758,0.215758,0,0,1,0,0.000000,0.080000,0.008000,0.001000,5.500000,0.100000,22.000000,0.025000,0.000000
4.144000,0.500000,0.640000,-1.843159,0.000000,-1.843159,-0.404385,0.000000,0.404385,0.073428,0.031955,0.030969,0.082969,0.009540,0.049276,0.017321,0.032351,0.012455,-0.000328,0.052472,-0.003196,0.381051,-0.011469,0.369582,0.369582,0.369582,0.184791,0.184791,0,0,1,0,0.000000,0.080000,0.008000,0.001000,5.500000,0.100000,22.000000,0.025000,0.000000
4.149000,0.500000,0.640000,-1.845016,0.000000,-1.845016,-0.402672,0.000000,0.402672,0.073428,0.031955,0.030969,0.082969,0.009540,0.049276,0.017321,0.032214,0.012472,-0.000343,0.052472,-0.003196,0.381051,0.000000,0.381051,0.381051,0.381051,0.190526,0.190526,0,0,1,0,0.000000,0.080000,0.008000,0.001000,5.500000,0.100000,22.000000,0.025000,0.000000
4.154000,0.500000,0.640000,-1.846856,0.000000,-1.846856,-0.400862,0.000000,0.400862,0.073735,0.031228,0.030969,0.082969,0.009234,0.047663,0.016436,0.032069,0.012488,-0.000362,0.050786,-0.003123,0.361583,-0.004425,0.357158,0.357158,0.357158,0.178579,0.178579,0,0,1,0,0.000000,0.080000,0.008000,0.001000,5.500000,0.100000,22.000000,0.025000,0.000000
4.159000,0.500000,0.640000,-1.848678,0.000000,-1.848678,-0.398970,0.000000,0.398970,0.073735,0.031228,0.030969,0.082969,0.009234,0.047663,0.016436,0.031918,0.012504,-0.000378,0.050786,-0.003123,0.361583,0.000000,0.361583,0.361583,0.361583,0.180792,0.180792,0,0,1,0,0.000000,0.080000,0.008000,0.001000,5.500000,0.100000,22.000000,0.025000,0.000000
4.164000,0.500000,0.640000,-1.850482,0.000000,-1.850482,-0.396996,0.000000,0.396996,0.073987,0.029602,0.030969,0.082969,0.008982,0.046442,0.016840,0.031760,0.012519,-0.000395,0.049402,-0.002960,0.370473,0.002020,0.372493,0.372493,0.372493,0.186247,0.186247,0,0,1,0,0.000000,0.080000,0.008000,0.001000,5.500000,0.100000,22.000000,0.025000,0.000000
4.169000,0.500000,0.640000,-1.852269,0.000000,-1.852269,-0.394950,0.000000,0.394950,0.073987,0.029602,0.030969,0.082969,0.008982,0.046442,0.016840,0.031596,0.012535,-0.000409,0.049402,-0.002960,0.370473,0.000000,0.370473,0.370473,0.370473,0.185236,0.185236,0,0,1,0,0.000000,0.080000,0.008000,0.001000,5.500000,0.100000,22.000000,0.025000,0.000000
4.178000,0.500000,0.640000,-1.855795,0.000000,-1.855795,-0.390695,0.000000,0.390695,0.074186,0.027377,0.030969,0.082969,0.008783,0.045567,0.018190,0.031256,0.012563,-0.000473,0.048305,-0.002738,0.400184,0.003751,0.403936,0.403936,0.403936,0.201968,0.201968,0,0,1,0,0.000000,0.080000,0.008000,0.001000,5.500000,0.100000,22.000000,0.025000,0.000000
4.183000,0.500000,0.640000,-1.857535,0.000000,-1.857535,-0.388500,0.000000,0.388500,0.074342,0.024816,0.030969,0.082969,0.008626,0.044963,0.020148,0.031080,0.012579,-0.000439,0.047445,-0.002482,0.443252,0.009788,0.453040,0.453040,0.453040,0.226520,0.226520,0,0,1,0,0.000000,0.080000,0.008000,0.001000,5.500000,0.100000,22.000000,0.025000,0.000000
4.188000,0.500000,0.640000,-1.859261,0.000000,-1.859261,-0.386288,0.000000,0.386288,0.074342,0.024816,0.030969,0.082969,0.008626,0.044963,0.020148,0.030903,0.012594,-0.000443,0.047445,-0.002482,0.443252,0.000000,0.443252,0.443252,0.443252,0.221626,0.221626,0,0,1,0,0.000000,0.080000,0.008000,0.001000,5.500000,0.100000,22.000000,0.025000,0.000000
4.193000,0.500000,0.640000,-1.860977,0.000000,-1.860977,-0.384087,0.000000,0.384087,0.074471,0.022455,0.030969,0.082969,0.008498,0.044494,0.022039,0.030727,0.012610,-0.000440,0.046740,-0.002245,0.484864,0.009457,0.494321,0.494321,0.494321,0.247160,0.247160,0,0,1,0,0.000000,0.080000,0.008000,0.001000,5.500000,0.100000,22.000000,0.025000,0.000000
4.198000,0.500000,0.640000,-1.862682,0.000000,-1.862682,-0.381897,0.000000,0.381897,0.074471,0.022455,0.030969,0.082969,0.008498,0.044494,0.022039,0.030552,0.012625,-0.000438,0.046740,-0.002245,0.484864,0.000000,0.484864,0.484864,0.484864,0.242432,0.242432,0,0,1,0,0.000000,0.080000,0.008000,0.001000,5.500000,0.100000,22.000000,0.025000,0.000000
4.203000,0.500000,0.640000,-1.864379,0.000000,-1.864379,-0.379746,0.000000,0.379746,0.074594,0.020592,0.030969,0.082969,0.008375,0.044005,0.023413,0.030380,0.012640,-0.000430,0.046064,-0.002059,0.515084,0.006868,0.521953,0.521953,0.521953,0.260976,0.260976,0,0,1,0,0.000000,0.080000,0.008000,0.001000,5.500000,0.100000,22.000000,0.025000,0.000000
4.208000,0.500000,0.640000,-1.866069,0.000000,-1.866069,-0.377630,0.000000,0.377630,0.074594,0.020592,0.030969,0.082969,0.008375,0.044005,0.023413,0.030210,0.012655,-0.000423,0.046064,-0.002059,0.515084,0.000000,0.515084,0.515084,0.515084,0.257542,0.257542,0,0,1,0,0.000000,0.080000,0.008000,0.001000,5.500000,0.100000,22.000000,0.025000,0.000000
4.213000,0.500000,0.640000,-1.867753,0.000000,-1.867753,-0.375568,0.000000,0.375568,0.074728,0.019411,0.030969,0.082969,0.008241,0.043384,0.023973,0.030045,0.012670,-0.000412,0.045325,-0.001941,0.527411,0.002802,0.530213,0.530213,0.530213,0.265106,0.265106,0,0,1,0,0.000000,0.080000,0.008000,0.001000,5.500000,0.100000,22.000000,0.025000,0.000000
4.218000,0.500000,0.640000,-1.869432,0.000000,-1.869432,-0.373556,0.000000,0.373556,0.074728,0.019411,0.030969,0.082969,0.008241,0.043384,0.023973,0.029884,0.012685,-0.000402,0.045325,-0.001941,0.527411,0.000000,0.527411,0.527411,0.527411,0.263706,0.263706,0,0,1,0,0.000000,0.080000,0.008000,0.001000,5.500000,0.100000,22.000000,0.025000,0.000000
4.223000,0.500000,0.640000,-1.871106,0.000000,-1.871106,-0.371602,0.000000,0.371602,0.074885,0.018954,0.030969,0.082969,0.008084,0.042564,0.023610,0.029728,0.012700,-0.000391,0.044460,-0.001895,0.519423,-0.001816,0.517607,0.517607,0.517607,0.258803,0.258803,0,0,1,0,0.000000,0.080000,0.008000,0.001000,5.500000,0.100000,22.000000,0.025000,0.000000
4.228000,0.500000,0.640000,-1.872776,0.000000,-1.872776,-0.369702,0.000000,0.369702,0.074885,0.018954,0.030969,0.082969,0.008084,0.042564,0.023610,0.029576,0.012715,-0.000380,0.044460,-0.001895,0.519423,0.000000,0.519423,0.519423,0.519423,0.259711,0.259711,0,0,1,0,0.000000,0.080000,0.008000,0.001000,5.500000,0.100000,22.000000,0.025000,0.000000
4.233000,0.500000,0.640000,-1.874441,0.000000,-1.874441,-0.367851,0.000000,0.367851,0.075071,0.019127,0.030969,0.082969,0.007898,0.041524,0.022397,0.029428,0.012730,-0.000370,0.043437,-0.001913,0.492729,-0.006067,0.486663,0.486663,0.486663,0.243331,0.243331,0,0,1,0,0.000000,0.080000,0.008000,0.001000,5.500000,0.100000,22.000000,0.025000,0.000000
4.242000,0.500000,0.640000,-1.877757,0.000000,-1.877757,-0.364278,0.000000,0.364278,0.075284,0.019736,0.030969,0.082969,0.007684,0.040290,0.020554,0.029142,0.012756,-0.000397,0.042263,-0.001974,0.452178,-0.005120,0.447058,0.447058,0.447058,0.223529,0.223529,0,0,1,0,0.000000,0.080000,0.008000,0.001000,5.500000,0.100000,22.000000,0.025000,0.000000
4.247000,0.500000,0.640000,-1.879407,0.000000,-1.879407,-0.362538,0.000000,0.362538,0.075284,0.019736,0.030969,0.082969,0.007684,0.040290,0.020554,0.029003,0.012770,-0.000348,0.042263,-0.001974,0.452178,0.000000,0.452178,0.452178,0.452178,0.226089,0.226089,0,0,1,0,0.000000,0.080000,0.008000,0.001000,5.500000,0.100000,22.000000,0.025000,0.000000
4.252000,0.500000,0.640000,-1.881050,0.000000,-1.881050,-0.360810,0.000000,0.360810,0.075518,0.020529,0.030969,0.082969,0.007451,0.038927,0.018398,0.028865,0.012785,-0.000346,0.040980,-0.002053,0.404767,-0.010775,0.393991,0.393991,0.393991,0.196996,0.196996,0,0,1,0,0.000000,0.080000,0.008000,0.001000,5.500000,0.100000,22.000000,0.025000,0.000000
4.257000,0.500000,0.640000,-1.882686,0.000000,-1.882686,-0.359099,0.000000,0.359099,0.075518,0.020529,0.030969,0.082969,0.007451,0.038927,0.018398,0.028728,0.012799,-0.000342,0.040980,-0.002053,0.404767,0.000000,0.404767,0.404767,0.404767,0.202383,0.202383,0,0,1,0,0.000000,0.080000,0.008000,0.001000,5.500000,0.100000,22.000000,0.025000,0.000000
4.262000,0.500000,0.640000,-1.884313,0.000000,-1.884313,-0.357376,0.000000,0.357376,0.075762,0.021265,0.030969,0.082969,0.007207,0.037512,0.016248,0.028590,0.012813,-0.000345,0.039639,-0.002126,0.357448,-0.010754,0.346693,0.346693,0.346693,0.173347,0.173347,0,0,1,0,0.000000,0.080000,0.008000,0.001000,5.500000,0.100000,22.000000,0.025000,0.000000
4.271000,0.500000,0.640000,-1.887538,0.000000,-1.887538,-0.353896,0.000000,0.353896,0.076004,0.021741,0.030969,0.082969,0.006964,0.036130,0.014389,0.028312,0.012839,-0.000387,0.038304,-0.002174,0.316554,-0.005163,0.311391,0.311391,0.311391,0.155696,0.155696,0,0,1,0,0.000000,0.080000,0.008000,0.001000,5.500000,0.100000,22.000000,0.025000,0.000000
4.276000,0.500000,0.640000,-1.889134,0.000000,-1.889134,-0.352117,0.000000,0.352117,0.076004,0.021741,0.030969,0.082969,0.006964,0.036130,0.014389,0.028169,0.012853,-0.000356,0.038304,-0.002174,0.316554,0.000000,0.316554,0.316554,0.316554,0.158277,0.158277,0,0,1,0,0.000000,0.080000,0.008000,0.001000,5.500000,0.100000,22.000000,0.025000,0.000000
4.281000,0.500000,0.640000,-1.890718,0.000000,-1.890718,-0.350301,0.000000,0.350301,0.076234,0.021813,0.030969,0.082969,0.006735,0.034860,0.013048,0.028024,0.012867,-0.000363,0.037041,-0.002181,0.287046,-0.006706,0.280340,0.280340,0.280340,0.140170,0.140170,0,0,1,0,0.000000,0.080000,0.008000,0.001000,5.500000,0.100000,22.000000,0.025000,0.000000
4.286000,0.500000,0.640000,-1.892290,0.000000,-1.892290,-0.348456,0.000000,0.348456,0.076234,0.021813,0.030969,0.082969,0.006735,0.034860,0.013048,0.027876,0.012881,-0.000369,0.037041,-0.002181,0.287046,0.000000,0.287046,0.287046,0.287046,0.143523,0.143523,0,0,1,0,0.000000,0.080000,0.008000,0.001000,5.500000,0.100000,22.000000,0.025000,0.000000
4.291000,0.500000,0.640000,-1.893849,0.000000,-1.893849,-0.346570,0.000000,0.346570,0.076444,0.021467,0.030969,0.082969,0.006524,0.033737,0.012270,0.027726,0.012895,-0.000377,0.035884,-0.002147,0.269932,-0.003890,0.266043,0.266043,0.266043,0.133021,0.133021,0,0,1,0,0.000000,0.080000,0.008000,0.001000,5.500000,0.100000,22.000000,0.025000,0.000000
4.296000,0.500000,0.640000,-1.893849,0.000000,-1.893849,-0.346570,0.000000,0.346570,0.076444,0.021467,0.030969,0.082969,0.006524,0.033737,0.012270,0.027726,0.012909,0.000000,0.035884,-0.002147,0.269932,0.000000,0.269932,0.269932,0.269932,0.134966,0.134966,0,0,1,0,0.000000,0.080000,0.008000,0.001000,5.500000,0.100000,22.000000,0.025000,0.000000
4.301000,0.500000,0.640000,-1.895395,0.000000,-1.895395,-0.344651,0.000000,0.344651,0.076632,0.020754,0.030969,0.082969,0.006336,0.032775,0.012021,0.027572,0.012922,-0.000384,0.034851,-0.002075,0.264461,-0.001243,0.263218,0.263218,0.263218,0.131609,0.131609,0,0,1,0,0.000000,0.080000,0.008000,0.001000,5.500000,0.100000,22.000000,0.025000,0.000000
4.310000,0.500000,0.640000,-1.898448,0.000000,-1.898448,-0.340711,0.000000,0.340711,0.076632,0.020754,0.030969,0.082969,0.006336,0.032775,0.012021,0.027257,0.012947,-0.000438,0.034851,-0.002075,0.264461,0.000000,0.264461,0.264461,0.264461,0.132231,0.132231,0,0,1,0,0.000000,0.080000,0.008000,0.001000,5.500000,0.100000,22.000000,0.025000,0.000000
4.315000,0.500000,0.640000,-1.899955,0.000000,-1.899955,-0.338699,0.000000,0.338699,0.076798,0.019787,0.030969,0.082969,0.006171,0.031961,0.012174,0.027096,0.012960,-0.000402,0.033939,-0.001979,0.267825,0.000764,0.268589,0.268589,0.268589,0.134295,0.134295,0,0,1,0,0.000000,0.080000,0.008000,0.001000,5.500000,0.100000,22.000000,0.025000,0.000000
4.320000,0.500000,0.640000,-1.901450,0.000000,-1.901450,-0.336666,0.000000,0.336666,0.076798,0.019787,0.030969,0.082969,0.006171,0.031961,0.012174,0.026933,0.012974,-0.000407,0.033939,-0.001979,0.267825,0.000000,0.267825,0.267825,0.267825,0.133912,0.133912,0,0,1,0,0.000000,0.080000,0.008000,0.001000,5.500000,0.100000,22.000000,0.025000,0.000000
4.325000,0.500000,0.640000,-1.902933,0.000000,-1.902933,-0.334617,0.000000,0.334617,0.076945,0.018697,0.030969,0.082969,0.006024,0.031260,0.012563,0.026769,0.012987,-0.000410,0.033129,-0.001870,0.276386,0.001946,0.278332,0.278332,0.278332,0.139166,0.139166,0,0,1,0,0.000000,0.080000,0.008000,0.001000,5.500000,0.100000,22.000000,0.025000,0.000000
4.330000,0.500000,0.640000,-1.904405,0.000000,-1.904405,-0.332559,0.000000,0.332559,0.076945,0.018697,0.030969,0.082969,0.006024,0.031260,0.012563,0.026605,0.013001,-0.000412,0.033129,-0.001870,0.276386,0.000000,0.276386,0.276386,0.276386,0.138193,0.138193,0,0,1,0,0.000000,0.080000,0.008000,0.001000,5.500000,0.100000,22.000000,0.025000,0.000000
4.335000,0.500000,0.640000,-1.905866,0.000000,-1.905866,-0.330496,0.000000,0.330496,0.077080,0.017628,0.030969,0.082969,0.005889,0.030625,0.012998,0.026440,0.013014,-0.000413,0.032388,-0.001763,0.285951,0.002174,0.288125,0.288125,0.288125,0.144062,0.144062,0,0,1,0,0.000000,0.080000,0.008000,0.001000,5.500000,0.100000,22.000000,0.025000,0.000000
4.340000,0.500000,0.640000,-1.907316,0.000000,-1.907316,-0.328435,0.000000,0.328435,0.077080,0.017628,0.030969,0.082969,0.005889,0.030625,0.012998,0.026275,0.013027,-0.000412,0.032388,-0.001763,0.285951,0.000000,0.285951,0.285951,0.285951,0.142975,0.142975,0,0,1,0,0.000000,0.080000,0.008000,0.001000,5.500000,0.100000,22.000000,0.025000,0.000000
4.345000,0.500000,0.640000,-1.908757,0.000000,-1.908757,-0.326386,0.000000,0.326386,0.077209,0.016749,0.030969,0.082969,0.005759,0.030001,0.013252,0.026111,0.013040,-0.000410,0.031676,-0.001675,0.291554,0.001273,0.292827,0.292827,0.292827,0.146414,0.146414,0,0,1,0,0.000000,0.080000,0.008000,0.001000,5.500000,0.100000,22.000000,0.025000,0.000000
4.350000,0.500000,0.640000,-1.910189,0.000000,-1.910189,-0.324350,0.000000,0.324350,0.077209,0.016749,0.030969,0.082969,0.005759,0.030001,0.013252,0.025948,0.013053,-0.000407,0.031676,-0.001675,0.291554,0.000000,0.291554,0.291554,0.291554,0.145777,0.145777,0,0,1,0,0.000000,0.080000,0.008000,0.001000,5.500000,0.100000,22.000000,0.025000,0.000000
4.359000,0.500000,0.640000,-1.913028,0.000000,-1.913028,-0.320337,0.000000,0.320337,0.077342,0.016143,0.030969,0.082969,0.005627,0.029333,0.013190,0.025627,0.013076,-0.000446,0.030947,-0.001614,0.290170,-0.000175,0.289995,0.289995,0.289995,0.144998,0.144998,0,0,1,0,0.000000,0.080000,0.008000,0.001000,5.500000,0.100000,22.000000,0.025000,0.000000
4.364000,0.500000,0.640000,-1.914435,0.000000,-1.914435,-0.318363,0.000000,0.318363,0.077483,0.015842,0.030969,0.082969,0.005486,0.028588,0.012746,0.025469,0.013089,-0.000395,0.030173,-0.001584,0.280411,-0.002218,0.278192,0.278192,0.278192,0.139096,0.139096,0,0,1,0,0.000000,0.080000,0.008000,0.001000,5.500000,0.100000,22.000000,0.025000,0.000000
4.369000,0.500000,0.640000,-1.915835,0.000000,-1.915835,-0.316411,0.000000,0.316411,0.077483,0.015842,0.030969,0.082969,0.005486,0.028588,0.012746,0.025313,0.013101,-0.000390,0.030173,-0.001584,0.280411,0.000000,0.280411,0.280411,0.280411,0.140205,0.140205,0,0,1,0,0.000000,0.080000,0.008000,0.001000,5.500000,0.100000,22.000000,0.025000,0.000000
4.374000,0.500000,0.640000,-1.917226,0.000000,-1.917226,-0.314476,0.000000,0.314476,0.077635,0.015808,0.030969,0.082969,0.005334,0.027757,0.011948,0.025158,0.013114,-0.000387,0.029337,-0.001581,0.262865,-0.003988,0.258877,0.258877,0.258877,0.129439,0.129439,0,0,1,0,0.000000,0.080000,0.008000,0.001000,5.500000,0.100000,22.000000,0.025000,0.000000
4.379000,0.500000,0.640000,-1.918610,0.000000,-1.918610,-0.312563,0.000000,0.312563,0.077635,0.015808,0.030969,0.082969,0.005334,0.027757,0.011948,0.025005,0.013127,-0.000383,0.029337,-0.001581,0.262865,0.000000,0.262865,0.262865,0.262865,0.131433,0.131433,0,0,1,0,0.000000,0.080000,0.008000,0.001000,5.500000,0.100000,22.000000,0.025000,0.000000
4.384000,0.500000,0.640000,-1.919986,0.000000,-1.919986,-0.310660,0.000000,0.310660,0.077797,0.015967,0.030969,0.082969,0.005171,0.026846,0.010880,0.024853,0.013139,-0.000380,0.028443,-0.001597,0.239349,-0.005344,0.234005,0.234005,0.234005,0.117002,0.117002,0,0,1,0,0.000000,0.080000,0.008000,0.001000,5.500000,0.100000,22.000000,0.025000,0.000000
4.393000,0.500000,0.640000,-1.922713,0.000000,-1.922713,-0.306889,0.000000,0.306889,0.077968,0.016220,0.030969,0.082969,0.005001,0.025881,0.009661,0.024551,0.013161,-0.000419,0.027503,-0.001622,0.212543,-0.003385,0.209159,0.209159,0.209159,0.104579,0.104579,0,0,1,0,0.000000,0.080000,0.008000,0.001000,5.500000,0.100000,22.000000,0.025000,0.000000
4.398000,0.500000,0.640000,-1.924063,0.000000,-1.924063,-0.305010,0.000000,0.305010,0.077968,0.016220,0.030969,0.082969,0.005001,0.025881,0.009661,0.024401,0.013173,-0.000376,0.027503,-0.001622,0.212543,0.000000,0.212543,0.212543,0.212543,0.106272,0.106272,0,0,1,0,0.000000,0.080000,0.008000,0.001000,5.500000,0.100000,22.000000,0.025000,0.000000
4.403000,0.500000,0.640000,-1.925404,0.000000,-1.925404,-0.303126,0.000000,0.303126,0.078143,0.016458,0.030969,0.082969,0.004826,0.024897,0.008439,0.024250,0.013185,-0.000377,0.026543,-0.001646,0.185651,-0.006112,0.179540,0.179540,0.179540,0.089770,0.089770,0,0,1,0,0.000000,0.080000,0.008000,0.001000,5.500000,0.100000,22.000000,0.025000,0.000000
4.408000,0.500000,0.640000,-1.926735,0.000000,-1.926735,-0.301243,0.000000,0.301243,0.078143,0.016458,0.030969,0.082969,0.004826,0.024897,0.008439,0.024099,0.013197,-0.000377,0.026543,-0.001646,0.185651,0.000000,0.185651,0.185651,0.185651,0.092826,0.092826,0,0,1,0,0.000000,0.080000,0.008000,0.001000,5.500000,0.100000,22.000000,0.025000,0.000000
4.413000,0.500000,0.640000,-1.928056,0.000000,-1.928056,-0.299346,0.000000,0.299346,0.078317,0.016606,0.030969,0.082969,0.004652,0.023923,0.007317,0.023948,0.013209,-0.000379,0.025583,-0.001661,0.160975,-0.005608,0.155367,0.155367,0.155367,0.077683,0.077683,0,0,1,0,0.000000,0.080000,0.008000,0.001000,5.500000,0.100000,22.000000,0.025000,0.000000
4.418000,0.500000,0.640000,-1.929366,0.000000,-1.929366,-0.297443,0.000000,0.297443,0.078317,0.016606,0.030969,0.082969,0.004652,0.023923,0.007317,0.023795,0.013221,-0.000381,0.025583,-0.001661,0.160975,0.000000,0.160975,0.160975,0.160975,0.080488,0.080488,0,0,1,0,0.000000,0.080000,0.008000,0.001000,5.500000,0.100000,22.000000,0.025000,0.000000
4.423000,0.500000,0.640000,-1.930666,0.000000,-1.930666,-0.295522,0.000000,0.295522,0.078487,0.016607,0.030969,0.082969,0.004482,0.022989,0.006382,0.023642,0.013233,-0.000384,0.024649,-0.001661,0.140401,-0.004676,0.135725,0.135725,0.135725,0.067863,0.067863,0,0,1,0,0.000000,0.080000,0.008000,0.001000,5.500000,0.100000,22.000000,0.025000,0.000000
4.428000,0.500000,0.640000,-1.931954,0.000000,-1.931954,-0.293590,0.000000,0.293590,0.078487,0.016607,0.030969,0.082969,0.004482,0.022989,0.006382,0.023487,0.013245,-0.000386,0.024649,-0.001661,0.140401,0.000000,0.140401,0.140401,0.140401,0.070201,0.070201,0,0,1,0,0.000000,0.080000,0.008000,0.001000,5.500000,0.100000,22.000000,0.025000,0.000000
4.437000,0.500000,0.640000,-1.934498,0.000000,-1.934498,-0.289675,0.000000,0.289675,0.078649,0.016441,0.030969,0.082969,0.004320,0.022115,0.005673,0.023174,0.013266,-0.000435,0.023759,-0.001644,0.124815,-0.001968,0.122847,0.122847,0.122847,0.061423,0.061423,0,0,1,0,0.000000,0.080000,0.008000,0.001000,5.500000,0.100000,22.000000,0.025000,0.000000
4.442000,0.500000,0.640000,-1.935753,0.000000,-1.935753,-0.287702,0.000000,0.287702,0.078802,0.016182,0.030969,0.082969,0.004166,0.021297,0.005115,0.023016,0.013277,-0.000394,0.022915,-0.001618,0.112523,-0.002794,0.109729,0.109729,0.109729,0.054865,0.054865,0,0,1,0,0.000000,0.080000,0.008000,0.001000,5.500000,0.100000,22.000000,0.025000,0.000000
4.447000,0.500000,0.640000,-1.936998,0.000000,-1.936998,-0.285716,0.000000,0.285716,0.078802,0.016182,0.030969,0.082969,0.004166,0.021297,0.005115,0.022857,0.013289,-0.000397,0.022915,-0.001618,0.112523,0.000000,0.112523,0.112523,0.112523,0.056261,0.056261,0,0,1,0,0.000000,0.080000,0.008000,0.001000,5.500000,0.100000,22.000000,0.025000,0.000000
4.452000,0.500000,0.640000,-1.938231,0.000000,-1.938231,-0.283714,0.000000,0.283714,0.078948,0.015787,0.030969,0.082969,0.004021,0.020536,0.004750,0.022697,0.013300,-0.000400,0.022115,-0.001579,0.104489,-0.001826,0.102663,0.102663,0.102663,0.051332,0.051332,0,0,1,0,0.000000,0.080000,0.008000,0.001000,5.500000,0.100000,22.000000,0.025000,0.000000
4.457000,0.500000,0.640000,-1.939452,0.000000,-1.939452,-0.281702,0.000000,0.281702,0.078948,0.015787,0.030969,0.082969,0.004021,0.020536,0.004750,0.022536,0.013311,-0.000402,0.022115,-0.001579,0.104489,0.000000,0.104489,0.104489,0.104489,0.052245,0.052245,0,0,1,0,0.000000,0.080000,0.008000,0.001000,5.500000,0.100000,22.000000,0.025000,0.000000
4.462000,0.500000,0.640000,-1.940663,0.000000,-1.940663,-0.279678,0.000000,0.279678,0.079085,0.015317,0.030969,0.082969,0.003884,0.019831,0.004515,0.022374,0.013323,-0.000405,0.021363,-0.001532,0.099321,-0.001175,0.098147,0.098147,0.098147,0.049073,0.049073,0,0,1,0,0.000000,0.080000,0.008000,0.001000,5.500000,0.100000,22.000000,0.025000,0.000000
4.467000,0.500000,0.640000,-1.941863,0.000000,-1.941863,-0.277649,0.000000,0.277649,0.079085,0.015317,0.030969,0.082969,0.003884,0.019831,0.004515,0.022212,0.013334,-0.000406,0.021363,-0.001532,0.099321,0.000000,0.099321,0.099321,0.099321,0.049661,0.049661,0,0,1,0,0.000000,0.080000,0.008000,0.001000,5.500000,0.100000,22.000000,0.025000,0.000000
4.472000,0.500000,0.640000,-1.943052,0.000000,-1.943052,-0.275614,0.000000,0.275614,0.079215,0.014836,0.030969,0.082969,0.003754,0.019164,0.004328,0.022049,0.013345,-0.000407,0.020647,-0.001484,0.095215,-0.000933,0.094281,0.094281,0.094281,0.047141,0.047141,0,0,1,0,0.000000,0.080000,0.008000,0.001000,5.500000,0.100000,22.000000,0.025000,0.000000
4.481000,0.500000,0.640000,-1.945398,0.000000,-1.945398,-0.271540,0.000000,0.271540,0.079341,0.014403,0.030969,0.082969,0.003628,0.018512,0.004109,0.021723,0.013364,-0.000453,0.019952,-0.001440,0.090399,-0.000608,0.089790,0.089790,0.089790,0.044895,0.044895,0,0,1,0,0.000000,0.080000,0.008000,0.001000,5.500000,0.100000,22.000000,0.025000,0.000000
4.486000,0.500000,0.640000,-1.946557,0.000000,-1.946557,-0.269506,0.000000,0.269506,0.079341,0.014403,0.030969,0.082969,0.003628,0.018512,0.004109,0.021560,0.013375,-0.000407,0.019952,-0.001440,0.090399,0.000000,0.090399,0.090399,0.090399,0.045199,0.045199,0,0,1,0,0.000000,0.080000,0.008000,0.001000,5.500000,0.100000,22.000000,0.025000,0.000000
4.491000,0.500000,0.640000,-1.947705,0.000000,-1.947705,-0.267475,0.000000,0.267475,0.079467,0.014060,0.030969,0.082969,0.003502,0.017855,0.003795,0.021398,0.013386,-0.000406,0.019261,-0.001406,0.083493,-0.001570,0.081923,0.081923,0.081923,0.040962,0.040962,0,0,1,0,0.000000,0.080000,0.008000,0.001000,5.500000,0.100000,22.000000,0.025000,0.000000
4.496000,0.500000,0.640000,-1.948844,0.000000,-1.948844,-0.265451,0.000000,0.265451,0.079467,0.014060,0.030969,0.082969,0.003502,0.017855,0.003795,0.021236,0.013396,-0.000405,0.019261,-0.001406,0.083493,0.000000,0.083493,0.083493,0.083493,0.041746,0.041746,0,0,1,0,0.000000,0.080000,0.008000,0.001000,5.500000,0.100000,22.000000,0.025000,0.000000
4.501000,0.500000,0.640000,-1.949973,0.000000,-1.949973,-0.263433,0.000000,0.263433,0.079594,0.013832,0.030969,0.030969,-0.048625,-0.268823,-0.282655,0.021075,0.013407,-0.000404,-0.267440,-0.001383,-6.218420,-1.432253,-7.650673,-7.650673,-7.650673,-3.825337,-3.825337,0,0,1,0,0.000000,0.080000,0.008000,0.001000,5.500000,0.100000,22.000000,0.025000,0.000000
4.506000,0.500000,0.640000,-1.951093,0.000000,-1.951093,-0.261423,0.000000,0.261423,0.079594,0.013832,0.030969,0.030969,-0.048625,-0.268823,-0.282655,0.020914,0.013417,-0.000402,-0.267440,-0.001383,-6.218420,0.000000,-6.218420,-6.218420,-6.218420,-3.109210,-3.109210,0,0,1,0,0.000000,0.080000,0.008000,0.001000,5.500000,0.100000,22.000000,0.025000,0.000000
4.511000,0.500000,0.640000,-1.951962,0.000000,-1.951962,-0.255407,0.000000,0.255407,0.079345,-0.010236,0.030969,0.030969,-0.048377,-0.265048,-0.254812,0.020433,0.013427,-0.001203,-0.266071,0.001024,-5.605856,0.139219,-5.466636,-5.466636,-5.466636,-2.733318,-2.733318,0,0,1,0,0.000000,0.080000,0.008000,0.001000,5.500000,0.100000,22.000000,0.025000,0.000000
4.516000,0.500000,0.640000,-1.952450,0.000000,-1.952450,-0.246454,0.000000,0.246454,0.079345,-0.010236,0.030969,0.030969,-0.048377,-0.265048,-0.254812,0.019716,0.013437,-0.001790,-0.266071,0.001024,-5.605856,0.000000,-5.605856,-5.605856,-5.605856,-2.802928,-2.802928,0,0,1,0,0.000000,0.080000,0.008000,0.001000,5.500000,0.100000,22.000000,0.025000,0.000000
4.521000,0.500000,0.640000,-1.952665,0.000000,-1.952665,-0.235187,0.000000,0.235187,0.077190,-0.064391,0.030969,0.030969,-0.046221,-0.247776,-0.183386,0.018815,0.013447,-0.002253,-0.254215,0.006439,-4.034488,0.357129,-3.677358,-3.677358,-3.677358,-1.838679,-1.838679,0,0,1,0,0.000000,0.080000,0.008000,0.001000,5.500000,0.100000,22.000000,0.025000,0.000000
4.526000,0.500000,0.640000,-1.952605,0.000000,-1.952605,-0.221724,0.000000,0.221724,0.077190,-0.064391,0.030969,0.030969,-0.046221,-0.247776,-0.183386,0.017738,0.013456,-0.002693,-0.254215,0.006439,-4.034488,0.000000,-4.034488,-4.034488,-4.034488,-2.017244,-2.017244,0,0,1,0,0.000000,0.080000,0.008000,0.001000,5.500000,0.100000,22.000000,0.025000,0.000000
4.535000,0.500000,0.640000,-1.951884,0.000000,-1.951884,-0.191671,0.000000,0.191671,0.073415,-0.133700,0.030969,0.030969,-0.042446,-0.220084,-0.086384,0.015334,0.013469,-0.003339,-0.233454,0.013370,-1.900449,0.269449,-1.631000,-1.631000,-1.631000,-0.815500,-0.815500,0,0,1,0,0.000000,0.080000,0.008000,0.001000,5.500000,0.100000,22.000000,0.025000,0.000000
4.540000,0.500000,0.640000,-1.951884,0.000000,-1.951884,-0.191671,0.000000,0.191671,0.073415,-0.133700,0.030969,0.030969,-0.042446,-0.220084,-0.086384,0.015334,0.013477,0.000000,-0.233454,0.013370,-1.900449,0.000000,-1.900449,-1.900449,-1.900449,-0.950224,-0.950224,0,0,1,0,0.000000,0.080000,0.008000,0.001000,5.500000,0.100000,22.000000,0.025000,0.000000
4.545000,0.500000,0.640000,-1.951255,0.000000,-1.951255,-0.175085,0.000000,0.175085,0.068523,-0.210443,0.030969,0.030969,-0.037554,-0.185503,0.024940,0.014007,0.013484,-0.003317,-0.206547,0.021044,0.548689,0.556622,1.105312,1.105312,1.105312,0.552656,0.552656,0,0,1,0,0.000000,0.080000,0.008000,0.001000,5.500000,0.100000,22.000000,0.025000,0.000000
4.550000,0.500000,0.640000,-1.950525,0.000000,-1.950525,-0.158835,0.000000,0.158835,0.068523,-0.210443,0.030969,0.030969,-0.037554,-0.185503,0.024940,0.012707,0.013490,-0.003250,-0.206547,0.021044,0.548689,0.000000,0.548689,0.548689,0.548689,0.274345,0.274345,0,0,1,0,0.000000,0.080000,0.008000,0.001000,5.500000,0.100000,22.000000,0.025000,0.000000
4.555000,0.500000,0.640000,-1.949738,0.000000,-1.949738,-0.142766,0.000000,0.142766,0.062988,-0.278461,0.030969,0.030969,-0.032020,-0.148262,0.130199,0.011421,0.013496,-0.003214,-0.176108,0.027846,2.864371,0.526291,3.390662,3.390662,3.390662,1.695331,1.695331,0,0,1,0,0.000000,0.080000,0.008000,0.001000,5.500000,0.100000,22.000000,0.025000,0.000000
4.560000,0.500000,0.640000,-1.948982,0.000000,-1.948982,-0.128442,0.000000,0.128442,0.062988,-0.278461,0.030969,0.030969,-0.032020,-0.148262,0.130199,0.010275,0.013501,-0.002865,-0.176108,0.027846,2.864371,0.000000,2.864371,2.864371,2.864371,1.432185,1.432185,0,0,1,0,0.000000,0.080000,0.008000,0.001000,5.500000,0.100000,22.000000,0.025000,0.000000
4.565000,0.500000,0.640000,-1.948389,0.000000,-1.948389,-0.116927,0.000000,0.116927,0.057761,-0.314699,0.030969,0.030969,-0.026793,-0.115889,0.198810,0.009354,0.013506,-0.002303,-0.147359,0.031470,4.373822,0.343057,4.716879,4.716879,4.716879,2.358439,2.358439,0,0,1,0,0.000000,0.080000,0.008000,0.001000,5.500000,0.100000,22.000000,0.025000,0.000000
4.570000,0.500000,0.640000,-1.947985,0.000000,-1.947985,-0.107736,0.000000,0.107736,0.057761,-0.314699,0.030969,0.030969,-0.026793,-0.115889,0.198810,0.008619,0.013510,-0.001838,-0.147359,0.031470,4.373822,0.000000,4.373822,4.373822,4.373822,2.186911,2.186911,0,0,1,0,0.000000,0.080000,0.008000,0.001000,5.500000,0.100000,22.000000,0.025000,0.000000
4.575000,0.500000,0.640000,-1.947811,0.000000,-1.947811,-0.101658,0.000000,0.101658,0.053779,-0.317145,0.030969,0.030969,-0.022811,-0.093745,0.223400,0.008133,0.013514,-0.001216,-0.125459,0.031715,4.914810,0.122952,5.037762,5.037762,5.037762,2.518881,2.518881,0,0,1,0,0.000000,0.080000,0.008000,0.001000,5.500000,0.100000,22.000000,0.025000,0.000000
4.580000,0.500000,0.640000,-1.947886,0.000000,-1.947886,-0.098273,0.000000,0.098273,0.053779,-0.317145,0.030969,0.030969,-0.022811,-0.093745,0.223400,0.007862,0.013518,-0.000677,-0.125459,0.031715,4.914810,0.000000,4.914810,4.914810,4.914810,2.457405,2.457405,0,0,1,0,0.000000,0.080000,0.008000,0.001000,5.500000,0.100000,22.000000,0.025000,0.000000
4.589000,0.500000,0.640000,-1.948803,0.000000,-1.948803,-0.099701,0.000000,0.099701,0.051373,-0.288427,0.030969,0.030969,-0.020405,-0.083383,0.205044,0.007976,0.013525,0.000159,-0.112226,0.028843,4.510962,-0.050991,4.459971,4.459971,4.459971,2.229986,2.229986,0,0,1,0,0.000000,0.080000,0.008000,0.001000,5.500000,0.100000,22.000000,0.025000,0.000000
4.594000,0.500000,0.640000,-1.949637,0.000000,-1.949637,-0.104023,0.000000,0.104023,0.050592,-0.235099,0.030969,0.030969,-0.019623,-0.084417,0.150682,0.008322,0.013530,0.000864,-0.107927,0.023510,3.314995,-0.271811,3.043185,3.043185,3.043185,1.521592,1.521592,0,0,1,0,0.000000,0.080000,0.008000,0.001000,5.500000,0.100000,22.000000,0.025000,0.000000
4.599000,0.500000,0.640000,-1.950695,0.000000,-1.950695,-0.110256,0.000000,0.110256,0.050592,-0.235099,0.030969,0.030969,-0.019623,-0.084417,0.150682,0.008821,0.013534,0.001247,-0.107927,0.023510,3.314995,0.000000,3.314995,3.314995,3.314995,1.657498,1.657498,0,0,1,0,0.000000,0.080000,0.008000,0.001000,5.500000,0.100000,22.000000,0.025000,0.000000
4.604000,0.500000,0.640000,-1.951919,0.000000,-1.951919,-0.117505,0.000000,0.117505,0.051190,-0.170779,0.030969,0.030969,-0.020221,-0.094139,0.076640,0.009400,0.013539,0.001450,-0.111217,0.017078,1.686077,-0.370209,1.315868,1.315868,1.315868,0.657934,0.657934,0,0,1,0,0.000000,0.080000,0.008000,0.001000,5.500000,0.100000,22.000000,0.025000,0.000000
4.609000,0.500000,0.640000,-1.953281,0.000000,-1.953281,-0.125821,0.000000,0.125821,0.051190,-0.170779,0.030969,0.030969,-0.020221,-0.094139,0.076640,0.010066,0.013544,0.001663,-0.111217,0.017078,1.686077,0.000000,1.686077,1.686077,1.686077,0.843039,0.843039,0,0,1,0,0.000000,0.080000,0.008000,0.001000,5.500000,0.100000,22.000000,0.025000,0.000000
4.614000,0.500000,0.640000,-1.954721,0.000000,-1.954721,-0.134072,0.000000,0.134072,0.052633,-0.107528,0.030969,0.030969,-0.021664,-0.108398,-0.000870,0.010726,0.013549,0.001650,-0.119151,0.010753,-0.019141,-0.387549,-0.406690,-0.406690,-0.406690,-0.203345,-0.203345,0,0,1,0,0.000000,0.080000,0.008000,0.001000,5.500000,0.100000,22.000000,0.025000,0.000000
4.619000,0.500000,0.640000,-1.956208,0.000000,-1.956208,-0.142446,0.000000,0.142446,0.052633,-0.107528,0.030969,0.030969,-0.021664,-0.108398,-0.000870,0.011396,0.013555,0.001675,-0.119151,0.010753,-0.019141,0.000000,-0.019141,-0.019141,-0.019141,-0.009570,-0.009570,0,0,1,0,0.000000,0.080000,0.008000,0.001000,5.500000,0.100000,22.000000,0.025000,0.000000
4.624000,0.500000,0.640000,-1.957681,0.000000,-1.957681,-0.149834,0.000000,0.149834,0.054351,-0.055932,0.030969,0.030969,-0.023382,-0.123007,-0.067075,0.011987,0.013561,0.001478,-0.128600,0.005593,-1.475657,-0.331026,-1.806683,-1.806683,-1.806683,-0.903342,-0.903342,0,0,1,0,0.000000,0.080000,0.008000,0.001000,5.500000,0.100000,22.000000,0.025000,0.000000
4.629000,0.500000,0.640000,-1.959112,0.000000,-1.959112,-0.156507,0.000000,0.156507,0.054351,-0.055932,0.030969,0.030969,-0.023382,-0.123007,-0.067075,0.012521,0.013567,0.001335,-0.128600,0.005593,-1.475657,0.000000,-1.475657,-1.475657,-1.475657,-0.737828,-0.737828,0,0,1,0,0.000000,0.080000,0.008000,0.001000,5.500000,0.100000,22.000000,0.025000,0.000000
4.638000,0.500000,0.640000,-1.961679,0.000000,-1.961679,-0.165359,0.000000,0.165359,0.055801,-0.023151,0.030969,0.030969,-0.024833,-0.134264,-0.111113,0.013229,0.013579,0.000984,-0.136579,0.002315,-2.444491,-0.122328,-2.566818,-2.566818,-2.566818,-1.283409,-1.283409,0,0,1,0,0.000000,0.080000,0.008000,0.001000,5.500000,0.100000,22.000000,0.025000,0.000000
4.643000,0.500000,0.640000,-1.962803,0.000000,-1.962803,-0.167928,0.000000,0.167928,0.056624,-0.008328,0.030969,0.030969,-0.025656,-0.140273,-0.131945,0.013434,0.013586,0.000514,-0.141106,0.000833,-2.902790,-0.104159,-3.006948,-3.006948,-3.006948,-1.503474,-1.503474,0,0,1,0,0.000000,0.080000,0.008000,0.001000,5.500000,0.100000,22.000000,0.025000,0.000000
4.648000,0.500000,0.640000,-1.963793,0.000000,-1.963793,-0.168815,0.000000,0.168815,0.056624,-0.008328,0.030969,0.030969,-0.025656,-0.140273,-0.131945,0.013505,0.013592,0.000177,-0.141106,0.000833,-2.902790,0.000000,-2.902790,-2.902790,-2.902790,-1.451395,-1.451395,0,0,1,0,0.000000,0.080000,0.008000,0.001000,5.500000,0.100000,22.000000,0.025000,0.000000
4.653000,0.500000,0.640000,-1.964617,0.000000,-1.964617,-0.167920,0.000000,0.167920,0.056635,-0.015348,0.030969,0.030969,-0.025667,-0.139631,-0.124283,0.013434,0.013599,-0.000179,-0.141166,0.001535,-2.734222,0.038311,-2.695911,-2.695911,-2.695911,-1.347956,-1.347956,0,0,1,0,0.000000,0.080000,0.008000,0.001000,5.500000,0.100000,22.000000,0.025000,0.000000
4.658000,0.500000,0.640000,-1.965273,0.000000,-1.965273,-0.165439,0.000000,0.165439,0.056635,-0.015348,0.030969,0.030969,-0.025667,-0.139631,-0.124283,0.013235,0.013606,-0.000496,-0.141166,0.001535,-2.734222,0.000000,-2.734222,-2.734222,-2.734222,-1.367111,-1.367111,0,0,1,0,0.000000,0.080000,0.008000,0.001000,5.500000,0.100000,22.000000,0.025000,0.000000
4.663000,0.500000,0.640000,-1.965776,0.000000,-1.965776,-0.161605,0.000000,0.161605,0.055650,-0.038990,0.030969,0.030969,-0.024681,-0.131846,-0.092856,0.012928,0.013612,-0.000767,-0.135745,0.003899,-2.042827,0.157135,-1.885692,-1.885692,-1.885692,-0.942846,-0.942846,0,0,1,0,0.000000,0.080000,0.008000,0.001000,5.500000,0.100000,22.000000,0.025000,0.000000
4.668000,0.500000,0.640000,-1.966132,0.000000,-1.966132,-0.156506,0.000000,0.156506,0.055650,-0.038990,0.030969,0.030969,-0.024681,-0.131846,-0.092856,0.012520,0.013619,-0.001020,-0.135745,0.003899,-2.042827,0.000000,-2.042827,-2.042827,-2.042827,-1.021414,-1.021414,0,0,1,0,0.000000,0.080000,0.008000,0.001000,5.500000,0.100000,22.000000,0.025000,0.000000
4.673000,0.500000,0.640000,-1.966371,0.000000,-1.966371,-0.150687,0.000000,0.150687,0.053810,-0.072080,0.030969,0.030969,-0.022841,-0.118418,-0.046338,0.012055,0.013625,-0.001164,-0.125626,0.007208,-1.019438,0.232588,-0.786850,-0.786850,-0.786850,-0.393425,-0.393425,0,0,1,0,0.000000,0.080000,0.008000,0.001000,5.500000,0.100000,22.000000,0.025000,0.000000
4.678000,0.500000,0.640000,-1.966510,0.000000,-1.966510,-0.144127,0.000000,0.144127,0.053810,-0.072080,0.030969,0.030969,-0.022841,-0.118418,-0.046338,0.011530,0.013630,-0.001312,-0.125626,0.007208,-1.019438,0.000000,-1.019438,-1.019438,-1.019438,-0.509719,-0.509719,0,0,1,0,0.000000,0.080000,0.008000,0.001000,5.500000,0.100000,22.000000,0.025000,0.000000
4.683000,0.500000,0.640000,-1.966586,0.000000,-1.966586,-0.137543,0.000000,0.137543,0.051401,-0.106621,0.030969,0.030969,-0.020432,-0.101714,0.004907,0.011003,0.013636,-0.001317,-0.112376,0.010662,0.107953,0.256225,0.364179,0.364179,0.364179,0.182089,0.182089,0,0,1,0,0.000000,0.080000,0.008000,0.001000,5.500000,0.100000,22.000000,0.025000,0.000000
4.692000,0.500000,0.640000,-1.966651,0.000000,-1.966651,-0.124693,0.000000,0.124693,0.048783,-0.135364,0.030969,0.030969,-0.017814,-0.084441,0.050923,0.009975,0.013645,-0.001428,-0.097978,0.013536,1.120296,0.127821,1.248117,1.248117,1.248117,0.624058,0.624058,0,0,1,0,0.000000,0.080000,0.008000,0.001000,5.500000,0.100000,22.000000,0.025000,0.000000
4.697000,0.500000,0.640000,-1.966708,0.000000,-1.966708,-0.119122,0.000000,0.119122,0.048783,-0.135364,0.030969,0.030969,-0.017814,-0.084441,0.050923,0.009530,0.013650,-0.001114,-0.097978,0.013536,1.120296,0.000000,1.120296,1.120296,1.120296,0.560148,0.560148,0,0,1,0,0.000000,0.080000,0.008000,0.001000,5.500000,0.100000,22.000000,0.025000,0.000000
4.702000,0.500000,0.640000,-1.966816,0.000000,-1.966816,-0.114525,0.000000,0.114525,0.046345,-0.152591,0.030969,0.030969,-0.015376,-0.069308,0.083283,0.009162,0.013654,-0.000919,-0.084567,0.015259,1.832231,0.161804,1.994035,1.994035,1.994035,0.997017,0.997017,0,0,1,0,0.000000,0.080000,0.008000,0.001000,5.500000,0.100000,22.000000,0.025000,0.000000
4.707000,0.500000,0.640000,-1.966988,0.000000,-1.966988,-0.110763,0.000000,0.110763,0.046345,-0.152591,0.030969,0.030969,-0.015376,-0.069308,0.083283,0.008861,0.013659,-0.000752,-0.084567,0.015259,1.832231,0.000000,1.832231,1.832231,1.832231,0.916116,0.916116,0,0,1,0,0.000000,0.080000,0.008000,0.001000,5.500000,0.100000,22.000000,0.025000,0.000000
4.712000,0.500000,0.640000,-1.967253,0.000000,-1.967253,-0.108224,0.000000,0.108224,0.044340,-0.156389,0.030969,0.030969,-0.013371,-0.057902,0.098487,0.008658,0.013663,-0.000508,-0.073541,0.015639,2.166706,0.076017,2.242723,2.242723,2.242723,1.121362,1.121362,0,0,1,0,0.000000,0.080000,0.008000,0.001000,5.500000,0.100000,22.000000,0.025000,0.000000
4.717000,0.500000,0.640000,-1.967608,0.000000,-1.967608,-0.106732,0.000000,0.106732,0.044340,-0.156389,0.030969,0.030969,-0.013371,-0.057902,0.098487,0.008539,0.013667,-0.000298,-0.073541,0.015639,2.166706,0.000000,2.166706,2.166706,2.166706,1.083353,1.083353,0,0,1,0,0.000000,0.080000,0.008000,0.001000,5.500000,0.100000,22.000000,0.025000,0.000000
4.722000,0.500000,0.640000,-1.968067,0.000000,-1.968067,-0.106417,0.000000,0.106417,0.042959,-0.147071,0.030969,0.030969,-0.011991,-0.051241,0.095829,0.008513,0.013671,-0.000063,-0.065949,0.014707,2.108241,-0.013287,2.094954,2.094954,2.094954,1.047477,1.047477,0,0,1,0,0.000000,0.080000,0.008000,0.001000,5.500000,0.100000,22.000000,0.025000,0.000000
4.727000,0.500000,0.640000,-1.968631,0.000000,-1.968631,-0.107146,0.000000,0.107146,0.042959,-0.147071,0.030969,0.030969,-0.011991,-0.051241,0.095829,0.008572,0.013676,0.000146,-0.065949,0.014707,2.108241,0.000000,2.108241,2.108241,2.108241,1.054121,1.054121,0,0,1,0,0.000000,0.080000,0.008000,0.001000,5.500000,0.100000,22.000000,0.025000,0.000000
4.732000,0.500000,0.640000,-1.969294,0.000000,-1.969294,-0.108797,0.000000,0.108797,0.042244,-0.127364,0.030969,0.030969,-0.011275,-0.049279,0.078086,0.008704,0.013680,0.000330,-0.062015,0.012736,1.717885,-0.088717,1.629167,1.629167,1.629167,0.814584,0.814584,0,0,1,0,0.000000,0.080000,0.008000,0.001000,5.500000,0.100000,22.000000,0.025000,0.000000
4.737000,0.500000,0.640000,-1.970051,0.000000,-1.970051,-0.111302,0.000000,0.111302,0.042244,-0.127364,0.030969,0.030969,-0.011275,-0.049279,0.078086,0.008904,0.013685,0.000501,-0.062015,0.012736,1.717885,0.000000,1.717885,1.717885,1.717885,0.858942,0.858942,0,0,1,0,0.000000,0.080000,0.008000,0.001000,5.500000,0.100000,22.000000,0.025000,0.000000
4.746000,0.500000,0.640000,-1.971786,0.000000,-1.971786,-0.117910,0.000000,0.117910,0.042117,-0.101599,0.030969,0.030969,-0.011148,-0.051155,0.050444,0.009433,0.013693,0.000734,-0.061315,0.010160,1.109768,-0.076782,1.032986,1.032986,1.032986,0.516493,0.516493,0,0,1,0,0.000000,0.080000,0.008000,0.001000,5.500000,0.100000,22.000000,0.025000,0.000000
4.751000,0.500000,0.640000,-1.972755,0.000000,-1.972755,-0.121968,0.000000,0.121968,0.042443,-0.072382,0.030969,0.030969,-0.011474,-0.055870,0.016512,0.009757,0.013698,0.000812,-0.063108,0.007238,0.363270,-0.169659,0.193612,0.193612,0.193612,0.096806,0.096806,0,0,1,0,0.000000,0.080000,0.008000,0.001000,5.500000,0.100000,22.000000,0.025000,0.000000
4.756000,0.500000,0.640000,-1.973768,0.000000,-1.973768,-0.126112,0.000000,0.126112,0.042443,-0.072382,0.030969,0.030969,-0.011474,-0.055870,0.016512,0.010089,0.013703,0.000829,-0.063108,0.007238,0.363270,0.000000,0.363270,0.363270,0.363270,0.181635,0.181635,0,0,1,0,0.000000,0.080000,0.008000,0.001000,5.500000,0.100000,22.000000,0.025000,0.000000
4.761000,0.500000,0.640000,-1.974783,0.000000,-1.974783,-0.129894,0.000000,0.129894,0.043031,-0.047626,0.030969,0.030969,-0.012063,-0.061581,-0.013956,0.010392,0.013708,0.000756,-0.066344,0.004763,-0.307023,-0.152339,-0.459362,-0.459362,-0.459362,-0.229681,-0.229681,0,0,1,0,0.000000,0.080000,0.008000,0.001000,5.500000,0.100000,22.000000,0.025000,0.000000
4.766000,0.500000,0.640000,-1.975788,0.000000,-1.975788,-0.133426,0.000000,0.133426,0.043031,-0.047626,0.030969,0.030969,-0.012063,-0.061581,-0.013956,0.010674,0.013713,0.000706,-0.066344,0.004763,-0.307023,0.000000,-0.307023,-0.307023,-0.307023,-0.153511,-0.153511,0,0,1,0,0.000000,0.080000,0.008000,0.001000,5.500000,0.100000,22.000000,0.025000,0.000000
4.771000,0.500000,0.640000,-1.976761,0.000000,-1.976761,-0.136294,0.000000,0.136294,0.043558,-0.030544,0.030969,0.030969,-0.012589,-0.066184,-0.035641,0.010904,0.013719,0.000574,-0.069239,0.003054,-0.784094,-0.108425,-0.892519,-0.892519,-0.892519,-0.446260,-0.446260,0,0,1,0,0.000000,0.080000,0.008000,0.001000,5.500000,0.100000,22.000000,0.025000,0.000000
4.776000,0.500000,0.640000,-1.977692,0.000000,-1.977692,-0.138627,0.000000,0.138627,0.043558,-0.030544,0.030969,0.030969,-0.012589,-0.066184,-0.035641,0.011090,0.013724,0.000467,-0.069239,0.003054,-0.784094,0.000000,-0.784094,-0.784094,-0.784094,-0.392047,-0.392047,0,0,1,0,0.000000,0.080000,0.008000,0.001000,5.500000,0.100000,22.000000,0.025000,0.000000
4.781000,0.500000,0.640000,-1.978565,0.000000,-1.978565,-0.140159,0.000000,0.140159,0.043826,-0.022830,0.030969,0.030969,-0.012857,-0.068430,-0.045601,0.011213,0.013730,0.000306,-0.070713,0.002283,-1.003218,-0.049801,-1.053019,-1.053019,-1.053019,-0.526510,-0.526510,0,0,1,0,0.000000,0.080000,0.008000,0.001000,5.500000,0.100000,22.000000,0.025000,0.000000
4.786000,0.500000,0.640000,-1.979375,0.000000,-1.979375,-0.141006,0.000000,0.141006,0.043826,-0.022830,0.030969,0.030969,-0.012857,-0.068430,-0.045601,0.011280,0.013736,0.000169,-0.070713,0.002283,-1.003218,0.000000,-1.003218,-1.003218,-1.003218,-0.501609,-0.501609,0,0,1,0,0.000000,0.080000,0.008000,0.001000,5.500000,0.100000,22.000000,0.025000,0.000000
4.791000,0.500000,0.640000,-1.980116,0.000000,-1.980116,-0.141081,0.000000,0.141081,0.043713,-0.024260,0.030969,0.030969,-0.012744,-0.067668,-0.043408,0.011286,0.013741,0.000015,-0.070094,0.002426,-0.954980,0.010963,-0.944017,-0.944017,-0.944017,-0.472008,-0.472008,0,0,1,0,0.000000,0.080000,0.008000,0.001000,5.500000,0.100000,22.000000,0.025000,0.000000
4.800000,0.500000,0.640000,-1.981394,0.000000,-1.981394,-0.139255,0.000000,0.139255,0.043187,-0.032973,0.030969,0.030969,-0.012218,-0.063900,-0.030928,0.011140,0.013751,-0.000203,-0.067198,0.003297,-0.680406,0.034668,-0.645738,-0.645738,-0.645738,-0.322869,-0.322869,0,0,1,0,0.000000,0.080000,0.008000,0.001000,5.500000,0.100000,22.000000,0.025000,0.000000
4.805000,0.500000,0.640000,-1.981938,0.000000,-1.981938,-0.137486,0.000000,0.137486,0.043187,-0.032973,0.030969,0.030969,-0.012218,-0.063900,-0.030928,0.010999,0.013757,-0.000354,-0.067198,0.003297,-0.680406,0.000000,-0.680406,-0.680406,-0.680406,-0.340203,-0.340203,0,0,1,0,0.000000,0.080000,0.008000,0.001000,5.500000,0.100000,22.000000,0.025000,0.000000
4.810000,0.500000,0.640000,-1.981938,0.000000,-1.981938,-0.137486,0.000000,0.137486,0.043187,-0.032973,0.030969,0.030969,-0.012218,-0.063900,-0.030928,0.010999,0.013762,0.000000,-0.067198,0.003297,-0.680406,0.000000,-0.680406,-0.680406,-0.680406,-0.340203,-0.340203,0,0,1,0,0.000000,0.080000,0.008000,0.001000,5.500000,0.100000,22.000000,0.025000,0.000000
4.815000,0.500000,0.640000,-1.982431,0.000000,-1.982431,-0.135363,0.000000,0.135363,0.042297,-0.046067,0.030969,0.030969,-0.011328,-0.057698,-0.011631,0.010829,0.013768,-0.000425,-0.062304,0.004607,-0.255882,0.096483,-0.159399,-0.159399,-0.159399,-0.079700,-0.079700,0,0,1,0,0.000000,0.080000,0.008000,0.001000,5.500000,0.100000,22.000000,0.025000,0.000000
4.820000,0.500000,0.640000,-1.982879,0.000000,-1.982879,-0.132895,0.000000,0.132895,0.042297,-0.046067,0.030969,0.030969,-0.011328,-0.057698,-0.011631,0.010632,0.013773,-0.000494,-0.062304,0.004607,-0.255882,0.000000,-0.255882,-0.255882,-0.255882,-0.127941,-0.127941,0,0,1,0,0.000000,0.080000,0.008000,0.001000,5.500000,0.100000,22.000000,0.025000,0.000000
4.825000,0.500000,0.640000,-1.983282,0.000000,-1.983282,-0.130111,0.000000,0.130111,0.041131,-0.061724,0.030969,0.030969,-0.010162,-0.049718,0.012005,0.010409,0.013778,-0.000557,-0.055891,0.006172,0.264116,0.118181,0.382297,0.382297,0.382297,0.191149,0.191149,0,0,1,0,0.000000,0.080000,0.008000,0.001000,5.500000,0.100000,22.000000,0.025000,0.000000
4.830000,0.500000,0.640000,-1.983659,0.000000,-1.983659,-0.127309,0.000000,0.127309,0.041131,-0.061724,0.030969,0.030969,-0.010162,-0.049718,0.012005,0.010185,0.013783,-0.000560,-0.055891,0.006172,0.264116,0.000000,0.264116,0.264116,0.264116,0.132058,0.132058,0,0,1,0,0.000000,0.080000,0.008000,0.001000,5.500000,0.100000,22.000000,0.025000,0.000000
4.835000,0.500000,0.640000,-1.984017,0.000000,-1.984017,-0.124442,0.000000,0.124442,0.039794,-0.076340,0.030969,0.030969,-0.008825,-0.040904,0.035436,0.009955,0.013788,-0.000574,-0.048538,0.007634,0.779581,0.117151,0.896733,0.896733,0.896733,0.448366,0.448366,0,0,1,0,0.000000,0.080000,0.008000,0.001000,5.500000,0.100000,22.000000,0.025000,0.000000
4.840000,0.500000,0.640000,-1.984371,0.000000,-1.984371,-0.121786,0.000000,0.121786,0.039794,-0.076340,0.030969,0.030969,-0.008825,-0.040904,0.035436,0.009743,0.013793,-0.000531,-0.048538,0.007634,0.779581,0.000000,0.779581,0.779581,0.779581,0.389791,0.389791,0,0,1,0,0.000000,0.080000,0.008000,0.001000,5.500000,0.100000,22.000000,0.025000,0.000000
4.845000,0.500000,0.640000,-1.984751,0.000000,-1.984751,-0.119657,0.000000,0.119657,0.038468,-0.085214,0.030969,0.030969,-0.007499,-0.032725,0.052489,0.009573,0.013798,-0.000426,-0.041246,0.008521,1.154763,0.085269,1.240031,1.240031,1.240031,0.620016,0.620016,0,0,1,0,0.000000,0.080000,0.008000,0.001000,5.500000,0.100000,22.000000,0.025000,0.000000
4.854000,0.500000,0.640000,-1.985627,0.000000,-1.985627,-0.116880,0.000000,0.116880,0.037375,-0.087061,0.030969,0.030969,-0.006406,-0.026527,0.060534,0.009350,0.013806,-0.000309,-0.035233,0.008706,1.331758,0.022348,1.354106,1.354106,1.354106,0.677053,0.677053,0,0,1,0,0.000000,0.080000,0.008000,0.001000,5.500000,0.100000,22.000000,0.025000,0.000000
4.859000,0.500000,0.640000,-1.986141,0.000000,-1.986141,-0.116389,0.000000,0.116389,0.037375,-0.087061,0.030969,0.030969,-0.006406,-0.026527,0.060534,0.009311,0.013811,-0.000098,-0.035233,0.008706,1.331758,0.000000,1.331758,1.331758,1.331758,0.665879,0.665879,0,0,1,0,0.000000,0.080000,0.008000,0.001000,5.500000,0.100000,22.000000,0.025000,0.000000
4.864000,0.500000,0.640000,-1.986711,0.000000,-1.986711,-0.116494,0.000000,0.116494,0.036617,-0.081842,0.030969,0.030969,-0.005648,-0.022881,0.058961,0.009319,0.013816,0.000021,-0.031065,0.008184,1.297134,-0.007869,1.289264,1.289264,1.289264,0.644632,0.644632,0,0,1,0,0.000000,0.080000,0.008000,0.001000,5.500000,0.100000,22.000000,0.025000,0.000000
4.869000,0.500000,0.640000,-1.987336,0.000000,-1.987336,-0.117133,0.000000,0.117133,0.036617,-0.081842,0.030969,0.030969,-0.005648,-0.022881,0.058961,0.009371,0.013820,0.000128,-0.031065,0.008184,1.297134,0.000000,1.297134,1.297134,1.297134,0.648567,0.648567,0,0,1,0,0.000000,0.080000,0.008000,0.001000,5.500000,0.100000,22.000000,0.025000,0.000000
4.874000,0.500000,0.640000,-1.988013,0.000000,-1.988013,-0.118243,0.000000,0.118243,0.036209,-0.071252,0.030969,0.030969,-0.005240,-0.021695,0.049557,0.009459,0.013825,0.000222,-0.028820,0.007125,1.090243,-0.047021,1.043222,1.043222,1.043222,0.521611,0.521611,0,0,1,0,0.000000,0.080000,0.008000,0.001000,5.500000,0.100000,22.000000,0.025000,0.000000
4.879000,0.500000,0.640000,-1.988739,0.000000,-1.988739,-0.119787,0.000000,0.119787,0.036209,-0.071252,0.030969,0.030969,-0.005240,-0.021695,0.049557,0.009583,0.013830,0.000309,-0.028820,0.007125,1.090243,0.000000,1.090243,1.090243,1.090243,0.545122,0.545122,0,0,1,0,0.000000,0.080000,0.008000,0.001000,5.500000,0.100000,22.000000,0.025000,0.000000
4.884000,0.500000,0.640000,-1.989505,0.000000,-1.989505,-0.121597,0.000000,0.121597,0.036107,-0.057567,0.030969,0.030969,-0.005139,-0.022506,0.035060,0.009728,0.013835,0.000362,-0.028263,0.005757,0.771329,-0.072481,0.698848,0.698848,0.698848,0.349424,0.349424,0,0,1,0,0.000000,0.080000,0.008000,0.001000,5.500000,0.100000,22.000000,0.025000,0.000000
4.889000,0.500000,0.640000,-1.990307,0.000000,-1.990307,-0.123673,0.000000,0.123673,0.036107,-0.057567,0.030969,0.030969,-0.005139,-0.022506,0.035060,0.009894,0.013840,0.000415,-0.028263,0.005757,0.771329,0.000000,0.771329,0.771329,0.771329,0.385664,0.385664,0,0,1,0,0.000000,0.080000,0.008000,0.001000,5.500000,0.100000,22.000000,0.025000,0.000000
4.894000,0.500000,0.640000,-1.991131,0.000000,-1.991131,-0.125789,0.000000,0.125789,0.036222,-0.043365,0.030969,0.030969,-0.005254,-0.024559,0.018806,0.010063,0.013845,0.000423,-0.028896,0.004337,0.413732,-0.081272,0.332459,0.332459,0.332459,0.166230,0.166230,0,0,1,0,0.000000,0.080000,0.008000,0.001000,5.500000,0.100000,22.000000,0.025000,0.000000
4.899000,0.500000,0.640000,-1.991971,0.000000,-1.991971,-0.127975,0.000000,0.127975,0.036222,-0.043365,0.030969,0.030969,-0.005254,-0.024559,0.018806,0.010238,0.013850,0.000437,-0.028896,0.004337,0.413732,0.000000,0.413732,0.413732,0.413732,0.206866,0.206866,0,0,1,0,0.000000,0.080000,0.008000,0.001000,5.500000,0.100000,22.000000,0.025000,0.000000
4.904000,0.500000,0.640000,-1.992816,0.000000,-1.992816,-0.129996,0.000000,0.129996,0.036437,-0.031013,0.030969,0.030969,-0.005469,-0.026975,0.004037,0.010400,0.013855,0.000404,-0.030077,0.003101,0.088823,-0.073843,0.014980,0.014980,0.014980,0.007490,0.007490,0,0,1,0,0.000000,0.080000,0.008000,0.001000,5.500000,0.100000,22.000000,0.025000,0.000000
4.909000,0.500000,0.640000,-1.993657,0.000000,-1.993657,-0.131903,0.000000,0.131903,0.036437,-0.031013,0.030969,0.030969,-0.005469,-0.026975,0.004037,0.010552,0.013860,0.000381,-0.030077,0.003101,0.088823,0.000000,0.088823,0.088823,0.088823,0.044412,0.044412,0,0,1,0,0.000000,0.080000,0.008000,0.001000,5.500000,0.100000,22.000000,0.025000,0.000000
4.918000,0.500000,0.640000,-1.995292,0.000000,-1.995292,-0.134834,0.000000,0.134834,0.036634,-0.022255,0.030969,0.030969,-0.005665,-0.028932,-0.006677,0.010787,0.013870,0.000326,-0.031158,0.002225,-0.146903,-0.029763,-0.176666,-0.176666,-0.176666,-0.088333,-0.088333,0,0,1,0,0.000000,0.080000,0.008000,0.001000,5.500000,0.100000,22.000000,0.025000,0.000000
4.923000,0.500000,0.640000,-1.996084,0.000000,-1.996084,-0.135937,0.000000,0.135937,0.036729,-0.017067,0.030969,0.030969,-0.005760,-0.029974,-0.012906,0.010875,0.013876,0.000221,-0.031680,0.001707,-0.283937,-0.031144,-0.315081,-0.315081,-0.315081,-0.157541,-0.157541,0,0,1,0,0.000000,0.080000,0.008000,0.001000,5.500000,0.100000,22.000000,0.025000,0.000000
4.928000,0.500000,0.640000,-1.996850,0.000000,-1.996850,-0.136683,0.000000,0.136683,0.036729,-0.017067,0.030969,0.030969,-0.005760,-0.029974,-0.012906,0.010935,0.013881,0.000149,-0.031680,0.001707,-0.283937,0.000000,-0.283937,-0.283937,-0.283937,-0.141969,-0.141969,0,0,1,0,0.000000,0.080000,0.008000,0.001000,5.500000,0.100000,22.000000,0.025000,0.000000
4.933000,0.500000,0.640000,-1.997582,0.000000,-1.997582,-0.137026,0.000000,0.137026,0.036673,-0.016710,0.030969,0.030969,-0.005704,-0.029701,-0.012991,0.010962,0.013887,0.000069,-0.031372,0.001671,-0.285792,-0.000422,-0.286214,-0.286214,-0.286214,-0.143107,-0.143107,0,0,1,0,0.000000,0.080000,0.008000,0.001000,5.500000,0.100000,22.000000,0.025000,0.000000
4.938000,0.500000,0.640000,-1.998280,0.000000,-1.998280,-0.137015,0.000000,0.137015,0.036673,-0.016710,0.030969,0.030969,-0.005704,-0.029701,-0.012991,0.010961,0.013892,-0.000002,-0.031372,0.001671,-0.285792,0.000000,-0.285792,-0.285792,-0.285792,-0.142896,-0.142896,0,0,1,0,0.000000,0.080000,0.008000,0.001000,5.500000,0.100000,22.000000,0.025000,0.000000
4.943000,0.500000,0.640000,-1.998944,0.000000,-1.998944,-0.136673,0.000000,0.136673,0.036408,-0.020277,0.030969,0.030969,-0.005440,-0.027890,-0.007613,0.010934,0.013897,-0.000068,-0.029918,0.002028,-0.167493,0.026886,-0.140606,-0.140606,-0.140606,-0.070303,-0.070303,0,0,1,0,0.000000,0.080000,0.008000,0.001000,5.500000,0.100000,22.000000,0.025000,0.000000
4.948000,0.500000,0.640000,-1.999575,0.000000,-1.999575,-0.136028,0.000000,0.136028,0.036408,-0.020277,0.030969,0.030969,-0.005440,-0.027890,-0.007613,0.010882,0.013903,-0.000129,-0.029918,0.002028,-0.167493,0.000000,-0.167493,-0.167493,-0.167493,-0.083746,-0.083746,0,0,1,0,0.000000,0.080000,0.008000,0.001000,5.500000,0.100000,22.000000,0.025000,0.000000
4.953000,0.500000,0.640000,-2.000180,0.000000,-2.000180,-0.135179,0.000000,0.135179,0.035954,-0.026365,0.030969,0.030969,-0.004985,-0.024783,0.001582,0.010814,0.013908,-0.000170,-0.027420,0.002637,0.034800,0.045976,0.080776,0.080776,0.080776,0.040388,0.040388,0,0,1,0,0.000000,0.080000,0.008000,0.001000,5.500000,0.100000,22.000000,0.025000,0.000000
4.958000,0.500000,0.640000,-2.000760,0.000000,-2.000760,-0.134128,0.000000,0.134128,0.035954,-0.026365,0.030969,0.030969,-0.004985,-0.024783,0.001582,0.010730,0.013914,-0.000210,-0.027420,0.002637,0.034800,0.000000,0.034800,0.034800,0.034800,0.017400,0.017400,0,0,1,0,0.000000,0.080000,0.008000,0.001000,5.500000,0.100000,22.000000,0.025000,0.000000
4.967000,0.500000,0.640000,-2.001877,0.000000,-2.001877,-0.131838,0.000000,0.131838,0.035363,-0.033291,0.030969,0.030969,-0.004394,-0.020837,0.012455,0.010547,0.013923,-0.000254,-0.024166,0.003329,0.274002,0.030202,0.304204,0.304204,0.304204,0.152102,0.152102,0,0,1,0,0.000000,0.080000,0.008000,0.001000,5.500000,0.100000,22.000000,0.025000,0.000000
4.972000,0.500000,0.640000,-2.002416,0.000000,-2.002416,-0.130585,0.000000,0.130585,0.034692,-0.040350,0.030969,0.030969,-0.003723,-0.016444,0.023906,0.010447,0.013928,-0.000250,-0.020479,0.004035,0.525929,0.057256,0.583185,0.583185,0.583185,0.291592,0.291592,0,0,1,0,0.000000,0.080000,0.008000,0.001000,5.500000,0.100000,22.000000,0.025000,0.000000
4.977000,0.500000,0.640000,-2.002951,0.000000,-2.002951,-0.129410,0.000000,0.129410,0.034692,-0.040350,0.030969,0.030969,-0.003723,-0.016444,0.023906,0.010353,0.013934,-0.000235,-0.020479,0.004035,0.525929,0.000000,0.525929,0.525929,0.525929,0.262964,0.262964,0,0,1,0,0.000000,0.080000,0.008000,0.001000,5.500000,0.100000,22.000000,0.025000,0.000000
4.982000,0.500000,0.640000,-2.003496,0.000000,-2.003496,-0.128452,0.000000,0.128452,0.034009,-0.044952,0.030969,0.030969,-0.003040,-0.012226,0.032727,0.010276,0.013939,-0.000192,-0.016721,0.004495,0.719983,0.044103,0.764086,0.764086,0.764086,0.382043,0.382043,0,0,1,0,0.000000,0.080000,0.008000,0.001000,5.500000,0.100000,22.000000,0.025000,0.000000
4.987000,0.500000,0.640000,-2.004054,0.000000,-2.004054,-0.127663,0.000000,0.127663,0.034009,-0.044952,0.030969,0.030969,-0.003040,-0.012226,0.032727,0.010213,0.013944,-0.000158,-0.016721,0.004495,0.719983,0.000000,0.719983,0.719983,0.719983,0.359992,0.359992,0,0,1,0,0.000000,0.080000,0.008000,0.001000,5.500000,0.100000,22.000000,0.025000,0.000000
4.992000,0.500000,0.640000,-2.004632,0.000000,-2.004632,-0.127156,0.000000,0.127156,0.033419,-0.046439,0.030969,0.030969,-0.002450,-0.008832,0.037607,0.010172,0.013949,-0.000102,-0.013476,0.004644,0.827352,0.024402,0.851754,0.851754,0.851754,0.425877,0.425877,0,0,1,0,0.000000,0.080000,0.008000,0.001000,5.500000,0.100000,22.000000,0.025000,0.000000
4.997000,0.500000,0.640000,-2.005232,0.000000,-2.005232,-0.126883,0.000000,0.126883,0.033419,-0.046439,0.030969,0.030969,-0.002450,-0.008832,0.037607,0.010151,0.013954,-0.000054,-0.013476,0.004644,0.827352,0.000000,0.827352,0.827352,0.827352,0.413676,0.413676,0,0,1,0,0.000000,0.080000,0.008000,0.001000,5.500000,0.100000,22.000000,0.025000,0.000000
5.002000,0.500000,0.640000,-2.005857,0.000000,-2.005857,-0.126896,0.000000,0.126896,0.032972,-0.044708,0.030969,0.030969,-0.002003,-0.006545,0.038164,0.010152,0.013959,0.000003,-0.011016,0.004471,0.839601,0.002784,0.842384,0.842384,0.842384,0.421192,0.421192,0,0,1,0,0.000000,0.080000,0.008000,0.001000,5.500000,0.100000,22.000000,0.025000,0.000000
5.011000,0.500000,0.640000,-2.007184,0.000000,-2.007184,-0.127658,0.000000,0.127658,0.032686,-0.040272,0.030969,0.030969,-0.001718,-0.005420,0.034853,0.010213,0.013968,0.000085,-0.009447,0.004027,0.766755,-0.009198,0.757557,0.757557,0.757557,0.378779,0.378779,0,0,1,0,0.000000,0.080000,0.008000,0.001000,5.500000,0.100000,22.000000,0.025000,0.000000
5.016000,0.500000,0.640000,-2.007884,0.000000,-2.007884,-0.128374,0.000000,0.128374,0.032686,-0.040272,0.030969,0.030969,-0.001718,-0.005420,0.034853,0.010270,0.013973,0.000143,-0.009447,0.004027,0.766755,0.000000,0.766755,0.766755,0.766755,0.383378,0.383378,0,0,1,0,0.000000,0.080000,0.008000,0.001000,5.500000,0.100000,22.000000,0.025000,0.000000
5.021000,0.500000,0.640000,-2.008606,0.000000,-2.008606,-0.129245,0.000000,0.129245,0.032553,-0.034054,0.030969,0.030969,-0.001584,-0.005308,0.028746,0.010340,0.013979,0.000174,-0.008713,0.003405,0.632421,-0.030530,0.601891,0.601891,0.601891,0.300945,0.300945,0,0,1,0,0.000000,0.080000,0.008000,0.001000,5.500000,0.100000,22.000000,0.025000,0.000000
5.026000,0.500000,0.640000,-2.009346,0.000000,-2.009346,-0.130261,0.000000,0.130261,0.032553,-0.034054,0.030969,0.030969,-0.001584,-0.005308,0.028746,0.010421,0.013984,0.000203,-0.008713,0.003405,0.632421,0.000000,0.632421,0.632421,0.632421,0.316211,0.316211,0,0,1,0,0.000000,0.080000,0.008000,0.001000,5.500000,0.100000,22.000000,0.025000,0.000000
5.031000,0.500000,0.640000,-2.010100,0.000000,-2.010100,-0.131324,0.000000,0.131324,0.032536,-0.027264,0.030969,0.030969,-0.001567,-0.005891,0.021373,0.010506,0.013989,0.000213,-0.008618,0.002726,0.470198,-0.036869,0.433329,0.433329,0.433329,0.216665,0.216665,0,0,1,0,0.000000,0.080000,0.008000,0.001000,5.500000,0.100000,22.000000,0.025000,0.000000
5.036000,0.500000,0.640000,-2.010864,0.000000,-2.010864,-0.132445,0.000000,0.132445,0.032536,-0.027264,0.030969,0.030969,-0.001567,-0.005891,0.021373,0.010596,0.013994,0.000224,-0.008618,0.002726,0.470198,0.000000,0.470198,0.470198,0.470198,0.235099,0.235099,0,0,1,0,0.000000,0.080000,0.008000,0.001000,5.500000,0.100000,22.000000,0.025000,0.000000
5.041000,0.500000,0.640000,-2.011633,0.000000,-2.011633,-0.133513,0.000000,0.133513,0.032582,-0.021040,0.030969,0.030969,-0.001613,-0.006768,0.014273,0.010681,0.014000,0.000214,-0.008872,0.002104,0.313996,-0.035501,0.278495,0.278495,0.278495,0.139248,0.139248,0,0,1,0,0.000000,0.080000,0.008000,0.001000,5.500000,0.100000,22.000000,0.025000,0.000000
5.046000,0.500000,0.640000,-2.011633,0.000000,-2.011633,-0.133513,0.000000,0.133513,0.032582,-0.021040,0.030969,0.030969,-0.001613,-0.006768,0.014273,0.010681,0.014005,0.000000,-0.008872,0.002104,0.313996,0.000000,0.313996,0.313996,0.313996,0.156998,0.156998,0,0,1,0,0.000000,0.080000,0.008000,0.001000,5.500000,0.100000,22.000000,0.025000,0.000000
5.055000,0.500000,0.640000,-2.013170,0.000000,-2.013170,-0.135459,0.000000,0.135459,0.032636,-0.016285,0.030969,0.030969,-0.001668,-0.007543,0.008741,0.010837,0.014015,0.000216,-0.009172,0.001628,0.192313,-0.015364,0.176949,0.176949,0.176949,0.088474,0.088474,0,0,1,0,0.000000,0.080000,0.008000,0.001000,5.500000,0.100000,22.000000,0.025000,0.000000
5.060000,0.500000,0.640000,-2.013930,0.000000,-2.013930,-0.136265,0.000000,0.136265,0.032658,-0.013058,0.030969,0.030969,-0.001689,-0.007985,0.005073,0.010901,0.014020,0.000161,-0.009291,0.001306,0.111598,-0.018344,0.093253,0.093253,0.093253,0.046627,0.046627,0,0,1,0,0.000000,0.080000,0.008000,0.001000,5.500000,0.100000,22.000000,0.025000,0.000000
5.065000,0.500000,0.640000,-2.014685,0.000000,-2.014685,-0.136976,0.000000,0.136976,0.032658,-0.013058,0.030969,0.030969,-0.001689,-0.007985,0.005073,0.010958,0.014026,0.000142,-0.009291,0.001306,0.111598,0.000000,0.111598,0.111598,0.111598,0.055799,0.055799,0,0,1,0,0.000000,0.080000,0.008000,0.001000,5.500000,0.100000,22.000000,0.025000,0.000000
5.070000,0.500000,0.640000,-2.015430,0.000000,-2.015430,-0.137527,0.000000,0.137527,0.032619,-0.012131,0.030969,0.030969,-0.001650,-0.007864,0.004267,0.011002,0.014031,0.000110,-0.009077,0.001213,0.093872,-0.004028,0.089844,0.089844,0.089844,0.044922,0.044922,0,0,1,0,0.000000,0.080000,0.008000,0.001000,5.500000,0.100000,22.000000,0.025000,0.000000
5.075000,0.500000,0.640000,-2.016160,0.000000,-2.016160,-0.137885,0.000000,0.137885,0.032619,-0.012131,0.030969,0.030969,-0.001650,-0.007864,0.004267,0.011031,0.014037,0.000072,-0.009077,0.001213,0.093872,0.000000,0.093872,0.093872,0.093872,0.046936,0.046936,0,0,1,0,0.000000,0.080000,0.008000,0.001000,5.500000,0.100000,22.000000,0.025000,0.000000
5.080000,0.500000,0.640000,-2.016874,0.000000,-2.016874,-0.138075,0.000000,0.138075,0.032619,-0.012131,0.030969,0.030969,-0.001650,-0.007864,0.004267,0.011046,0.014042,0.000038,-0.009077,0.001213,0.093872,0.000000,0.093872,0.093872,0.093872,0.046936,0.046936,0,0,1,0,0.000000,0.080000,0.008000,0.001000,5.500000,0.100000,22.000000,0.025000,0.000000
5.085000,0.500000,0.640000,-2.017573,0.000000,-2.017573,-0.138098,0.000000,0.138098,0.032486,-0.013181,0.030969,0.030969,-0.001517,-0.007025,0.006156,0.011048,0.014048,0.000005,-0.008343,0.001318,0.135423,0.009443,0.144866,0.144866,0.144866,0.072433,0.072433,0,0,1,0,0.000000,0.080000,0.008000,0.001000,5.500000,0.100000,22.000000,0.025000,0.000000
5.090000,0.500000,0.640000,-2.018256,0.000000,-2.018256,-0.137969,0.000000,0.137969,0.032486,-0.013181,0.030969,0.030969,-0.001517,-0.007025,0.006156,0.011037,0.014053,-0.000026,-0.008343,0.001318,0.135423,0.000000,0.135423,0.135423,0.135423,0.067711,0.067711,0,0,1,0,0.000000,0.080000,0.008000,0.001000,5.500000,0.100000,22.000000,0.025000,0.000000
5.095000,0.500000,0.640000,-2.018925,0.000000,-2.018925,-0.137699,0.000000,0.137699,0.032258,-0.015777,0.030969,0.030969,-0.001289,-0.005514,0.010263,0.011016,0.014059,-0.000054,-0.007092,0.001578,0.225777,0.020535,0.246311,0.246311,0.246311,0.123156,0.123156,0,0,1,0,0.000000,0.080000,0.008000,0.001000,5.500000,0.100000,22.000000,0.025000,0.000000
5.100000,0.500000,0.640000,-2.019581,0.000000,-2.019581,-0.137326,0.000000,0.137326,0.032258,-0.015777,0.030969,0.030969,-0.001289,-0.005514,0.010263,0.010986,0.014064,-0.000075,-0.007092,0.001578,0.225777,0.000000,0.225777,0.225777,0.225777,0.112888,0.112888,0,0,1,0,0.000000,0.080000,0.008000,0.001000,5.500000,0.100000,22.000000,0.025000,0.000000
5.105000,0.500000,0.640000,-2.020225,0.000000,-2.020225,-0.136852,0.000000,0.136852,0.031950,-0.019257,0.030969,0.030969,-0.000981,-0.003471,0.015786,0.010948,0.014070,-0.000095,-0.005397,0.001926,0.347284,0.027615,0.374899,0.374899,0.374899,0.187450,0.187450,0,0,1,0,0.000000,0.080000,0.008000,0.001000,5.500000,0.100000,22.000000,0.025000,0.000000
5.110000,0.500000,0.640000,-2.020861,0.000000,-2.020861,-0.136345,0.000000,0.136345,0.031950,-0.019257,0.030969,0.030969,-0.000981,-0.003471,0.015786,0.010908,0.014075,-0.000102,-0.005397,0.001926,0.347284,0.000000,0.347284,0.347284,0.347284,0.173642,0.173642,0,0,1,0,0.000000,0.080000,0.008000,0.001000,5.500000,0.100000,22.000000,0.025000,0.000000
5.115000,0.500000,0.640000,-2.021495,0.000000,-2.021495,-0.135873,0.000000,0.135873,0.031596,-0.022342,0.030969,0.030969,-0.000627,-0.001216,0.021126,0.010870,0.014081,-0.000094,-0.003450,0.002234,0.464770,0.026701,0.491471,0.491471,0.491471,0.245736,0.245736,0,0,1,0,0.000000,0.080000,0.008000,0.001000,5.500000,0.100000,22.000000,0.025000,0.000000
5.120000,0.500000,0.640000,-2.022129,0.000000,-2.022129,-0.135418,0.000000,0.135418,0.031596,-0.022342,0.030969,0.030969,-0.000627,-0.001216,0.021126,0.010833,0.014086,-0.000091,-0.003450,0.002234,0.464770,0.000000,0.464770,0.464770,0.464770,0.232385,0.232385,0,0,1,0,0.000000,0.080000,0.008000,0.001000,5.500000,0.100000,22.000000,0.025000,0.000000
5.129000,0.500000,0.640000,-2.023411,0.000000,-2.023411,-0.134764,0.000000,0.134764,0.031247,-0.024448,0.030969,0.030969,-0.000278,0.000916,0.025364,0.010781,0.014096,-0.000073,-0.001529,0.002445,0.557999,0.011771,0.569770,0.569770,0.569770,0.284885,0.284885,0,0,1,0,0.000000,0.080000,0.008000,0.001000,5.500000,0.100000,22.000000,0.025000,0.000000
5.134000,0.500000,0.640000,-2.024060,0.000000,-2.024060,-0.134538,0.000000,0.134538,0.030931,-0.025535,0.030969,0.030969,0.000038,0.002763,0.028298,0.010763,0.014101,-0.000045,0.000210,0.002553,0.622556,0.014672,0.637228,0.637228,0.637228,0.318614,0.318614,0,0,1,0,0.000000,0.080000,0.008000,0.001000,5.500000,0.100000,22.000000,0.025000,0.000000
5.139000,0.500000,0.640000,-2.024718,0.000000,-2.024718,-0.134425,0.000000,0.134425,0.030931,-0.025535,0.030969,0.030969,0.000038,0.002763,0.028298,0.010754,0.014106,-0.000023,0.000210,0.002553,0.622556,0.000000,0.622556,0.622556,0.622556,0.311278,0.311278,0,0,1,0,0.000000,0.080000,0.008000,0.001000,5.500000,0.100000,22.000000,0.025000,0.000000
5.144000,0.500000,0.640000,-2.025387,0.000000,-2.025387,-0.134452,0.000000,0.134452,0.030668,-0.025000,0.030969,0.030969,0.000301,0.004156,0.029157,0.010756,0.014112,0.000005,0.001656,0.002500,0.641445,0.004293,0.645738,0.645738,0.645738,0.322869,0.322869,0,0,1,0,0.000000,0.080000,0.008000,0.001000,5.500000,0.100000,22.000000,0.025000,0.000000
5.149000,0.500000,0.640000,-2.026069,0.000000,-2.026069,-0.134601,0.000000,0.134601,0.030668,-0.025000,0.030969,0.030969,0.000301,0.004156,0.029157,0.010768,0.014117,0.000030,0.001656,0.002500,0.641445,0.000000,0.641445,0.641445,0.641445,0.320722,0.320722,0,0,1,0,0.000000,0.080000,0.008000,0.001000,5.500000,0.100000,22.000000,0.025000,0.000000
5.154000,0.500000,0.640000,-2.026764,0.000000,-2.026764,-0.134872,0.000000,0.134872,0.030483,-0.023065,0.030969,0.030969,0.000485,0.004976,0.028041,0.010790,0.014123,0.000054,0.002670,0.002307,0.616911,-0.005576,0.611335,0.611335,0.611335,0.305668,0.305668,0,0,1,0,0.000000,0.080000,0.008000,0.001000,5.500000,0.100000,22.000000,0.025000,0.000000
5.159000,0.500000,0.640000,-2.027472,0.000000,-2.027472,-0.135254,0.000000,0.135254,0.030483,-0.023065,0.030969,0.030969,0.000485,0.004976,0.028041,0.010820,0.014128,0.000076,0.002670,0.002307,0.616911,0.000000,0.616911,0.616911,0.616911,0.308456,0.308456,0,0,1,0,0.000000,0.080000,0.008000,0.001000,5.500000,0.100000,22.000000,0.025000,0.000000
5.164000,0.500000,0.640000,-2.028191,0.000000,-2.028191,-0.135720,0.000000,0.135720,0.030376,-0.020146,0.030969,0.030969,0.000593,0.005275,0.025420,0.010858,0.014133,0.000093,0.003260,0.002015,0.559249,-0.013105,0.546144,0.546144,0.546144,0.273072,0.273072,0,0,1,0,0.000000,0.080000,0.008000,0.001000,5.500000,0.100000,22.000000,0.025000,0.000000
5.173000,0.500000,0.640000,-2.029657,0.000000,-2.029657,-0.136852,0.000000,0.136852,0.030331,-0.016791,0.030969,0.030969,0.000638,0.005188,0.021979,0.010948,0.014143,0.000126,0.003508,0.001679,0.483537,-0.009560,0.473978,0.473978,0.473978,0.236989,0.236989,0,0,1,0,0.000000,0.080000,0.008000,0.001000,5.500000,0.100000,22.000000,0.025000,0.000000
5.178000,0.500000,0.640000,-2.030401,0.000000,-2.030401,-0.137469,0.000000,0.137469,0.030331,-0.016791,0.030969,0.030969,0.000638,0.005188,0.021979,0.010998,0.014149,0.000123,0.003508,0.001679,0.483537,0.000000,0.483537,0.483537,0.483537,0.241769,0.241769,0,0,1,0,0.000000,0.080000,0.008000,0.001000,5.500000,0.100000,22.000000,0.025000,0.000000
5.183000,0.500000,0.640000,-2.031148,0.000000,-2.031148,-0.138077,0.000000,0.138077,0.030323,-0.013585,0.030969,0.030969,0.000645,0.004909,0.018493,0.011046,0.014154,0.000122,0.003550,0.001358,0.406852,-0.017428,0.389424,0.389424,0.389424,0.194712,0.194712,0,0,1,0,0.000000,0.080000,0.008000,0.001000,5.500000,0.100000,22.000000,0.025000,0.000000
5.188000,0.500000,0.640000,-2.031898,0.000000,-2.031898,-0.138682,0.000000,0.138682,0.030323,-0.013585,0.030969,0.030969,0.000645,0.004909,0.018493,0.011095,0.014160,0.000121,0.003550,0.001358,0.406852,0.000000,0.406852,0.406852,0.406852,0.203426,0.203426,0,0,1,0,0.000000,0.080000,0.008000,0.001000,5.500000,0.100000,22.000000,0.025000,0.000000
5.193000,0.500000,0.640000,-2.032647,0.000000,-2.032647,-0.139233,0.000000,0.139233,0.030328,-0.010979,0.030969,0.030969,0.000640,0.004621,0.015600,0.011139,0.014165,0.000110,0.003523,0.001098,0.343201,-0.014466,0.328734,0.328734,0.328734,0.164367,0.164367,0,0,1,0,0.000000,0.080000,0.008000,0.001000,5.500000,0.100000,22.000000,0.025000,0.000000
5.198000,0.500000,0.640000,-2.033395,0.000000,-2.033395,-0.139744,0.000000,0.139744,0.030328,-0.010979,0.030969,0.030969,0.000640,0.004621,0.015600,0.011180,0.014171,0.000102,0.003523,0.001098,0.343201,0.000000,0.343201,0.343201,0.343201,0.171600,0.171600,0,0,1,0,0.000000,0.080000,0.008000,0.001000,5.500000,0.100000,22.000000,0.025000,0.000000
5.203000,0.500000,0.640000,-2.034139,0.000000,-2.034139,-0.140175,0.000000,0.140175,0.030321,-0.009284,0.030969,0.030969,0.000648,0.004493,0.013776,0.011214,0.014177,0.000086,0.003564,0.000928,0.303078,-0.009119,0.293959,0.293959,0.293959,0.146979,0.146979,0,0,1,0,0.000000,0.080000,0.008000,0.001000,5.500000,0.100000,22.000000,0.025000,0.000000
5.208000,0.500000,0.640000,-2.034878,0.000000,-2.034878,-0.140541,0.000000,0.140541,0.030321,-0.009284,0.030969,0.030969,0.000648,0.004493,0.013776,0.011243,0.014182,0.000073,0.003564,0.000928,0.303078,0.000000,0.303078,0.303078,0.303078,0.151539,0.151539,0,0,1,0,0.000000,0.080000,0.008000,0.001000,5.500000,0.100000,22.000000,0.025000,0.000000
5.213000,0.500000,0.640000,-2.035611,0.000000,-2.035611,-0.140819,0.000000,0.140819,0.030282,-0.008603,0.030969,0.030969,0.000687,0.004638,0.013241,0.011265,0.014188,0.000056,0.003777,0.000860,0.291293,-0.002678,0.288614,0.288614,0.288614,0.144307,0.144307,0,0,1,0,0.000000,0.080000,0.008000,0.001000,5.500000,0.100000,22.000000,0.025000,0.000000
5.218000,0.500000,0.640000,-2.036338,0.000000,-2.036338,-0.141021,0.000000,0.141021,0.030282,-0.008603,0.030969,0.030969,0.000687,0.004638,0.013241,0.011282,0.014194,0.000040,0.003777,0.000860,0.291293,0.000000,0.291293,0.291293,0.291293,0.145646,0.145646,0,0,1,0,0.000000,0.080000,0.008000,0.001000,5.500000,0.100000,22.000000,0.025000,0.000000
5.227000,0.500000,0.640000,-2.037772,0.000000,-2.037772,-0.141197,0.000000,0.141197,0.030202,-0.008847,0.030969,0.030969,0.000766,0.005100,0.013947,0.011296,0.014204,0.000020,0.004215,0.000885,0.306833,0.001962,0.308795,0.308795,0.308795,0.154398,0.154398,0,0,1,0,0.000000,0.080000,0.008000,0.001000,5.500000,0.100000,22.000000,0.025000,0.000000
5.232000,0.500000,0.640000,-2.038479,0.000000,-2.038479,-0.141184,0.000000,0.141184,0.030081,-0.009829,0.030969,0.030969,0.000888,0.005868,0.015696,0.011295,0.014209,-0.000003,0.004885,0.000983,0.345322,0.008748,0.354070,0.354070,0.354070,0.177035,0.177035,0,0,1,0,0.000000,0.080000,0.008000,0.001000,5.500000,0.100000,22.000000,0.025000,0.000000
5.237000,0.500000,0.640000,-2.039181,0.000000,-2.039181,-0.141119,0.000000,0.141119,0.030081,-0.009829,0.030969,0.030969,0.000888,0.005868,0.015696,0.011290,0.014215,-0.000013,0.004885,0.000983,0.345322,0.000000,0.345322,0.345322,0.345322,0.172661,0.172661,0,0,1,0,0.000000,0.080000,0.008000,0.001000,5.500000,0.100000,22.000000,0.025000,0.000000
5.242000,0.500000,0.640000,-2.039878,0.000000,-2.039878,-0.141029,0.000000,0.141029,0.029924,-0.011125,0.030969,0.030969,0.001045,0.006859,0.017983,0.011282,0.014221,-0.000018,0.005746,0.001112,0.395635,0.011435,0.407070,0.407070,0.407070,0.203535,0.203535,0,0,1,0,0.000000,0.080000,0.008000,0.001000,5.500000,0.100000,22.000000,0.025000,0.000000
5.247000,0.500000,0.640000,-2.040573,0.000000,-2.040573,-0.140913,0.000000,0.140913,0.029924,-0.011125,0.030969,0.030969,0.001045,0.006859,0.017983,0.011273,0.014226,-0.000023,0.005746,0.001112,0.395635,0.000000,0.395635,0.395635,0.395635,0.197817,0.197817,0,0,1,0,0.000000,0.080000,0.008000,0.001000,5.500000,0.100000,22.000000,0.025000,0.000000
5.252000,0.500000,0.640000,-2.041267,0.000000,-2.041267,-0.140803,0.000000,0.140803,0.029749,-0.012384,0.030969,0.030969,0.001220,0.007948,0.020332,0.011264,0.014232,-0.000022,0.006709,0.001238,0.447294,0.011741,0.459035,0.459035,0.459035,0.229517,0.229517,0,0,1,0,0.000000,0.080000,0.008000,0.001000,5.500000,0.100000,22.000000,0.025000,0.000000
5.257000,0.500000,0.640000,-2.041960,0.000000,-2.041960,-0.140694,0.000000,0.140694,0.029749,-0.012384,0.030969,0.030969,0.001220,0.007948,0.020332,0.011255,0.014238,-0.000022,0.006709,0.001238,0.447294,0.000000,0.447294,0.447294,0.447294,0.223647,0.223647,0,0,1,0,0.000000,0.080000,0.008000,0.001000,5.500000,0.100000,22.000000,0.025000,0.000000
5.262000,0.500000,0.640000,-2.042655,0.000000,-2.042655,-0.140617,0.000000,0.140617,0.029572,-0.013301,0.030969,0.030969,0.001397,0.009013,0.022315,0.011249,0.014243,-0.000015,0.007683,0.001330,0.490922,0.009916,0.500838,0.500838,0.500838,0.250419,0.250419,0,0,1,0,0.000000,0.080000,0.008000,0.001000,5.500000,0.100000,22.000000,0.025000,0.000000
5.267000,0.500000,0.640000,-2.043352,0.000000,-2.043352,-0.140565,0.000000,0.140565,0.029572,-0.013301,0.030969,0.030969,0.001397,0.009013,0.022315,0.011245,0.014249,-0.000010,0.007683,0.001330,0.490922,0.000000,0.490922,0.490922,0.490922,0.245461,0.245461,0,0,1,0,0.000000,0.080000,0.008000,0.001000,5.500000,0.100000,22.000000,0.025000,0.000000
5.272000,0.500000,0.640000,-2.044052,0.000000,-2.044052,-0.140562,0.000000,0.140562,0.029408,-0.013676,0.030969,0.030969,0.001560,0.009950,0.023626,0.011245,0.014254,-0.000001,0.008583,0.001368,0.519771,0.006557,0.526328,0.526328,0.526328,0.263164,0.263164,0,0,1,0,0.000000,0.080000,0.008000,0.001000,5.500000,0.100000,22.000000,0.025000,0.000000
5.277000,0.500000,0.640000,-2.044757,0.000000,-2.044757,-0.140600,0.000000,0.140600,0.029408,-0.013676,0.030969,0.030969,0.001560,0.009950,0.023626,0.011248,0.014260,0.000008,0.008583,0.001368,0.519771,0.000000,0.519771,0.519771,0.519771,0.259886,0.259886,0,0,1,0,0.000000,0.080000,0.008000,0.001000,5.500000,0.100000,22.000000,0.025000,0.000000
5.282000,0.500000,0.640000,-2.045468,0.000000,-2.045468,-0.140693,0.000000,0.140693,0.029270,-0.013434,0.030969,0.030969,0.001699,0.010686,0.024120,0.011255,0.014266,0.000019,0.009343,0.001343,0.530647,0.002472,0.533119,0.533119,0.533119,0.266559,0.266559,0,0,1,0,0.000000,0.080000,0.008000,0.001000,5.500000,0.100000,22.000000,0.025000,0.000000
5.291000,0.500000,0.640000,-2.046904,0.000000,-2.046904,-0.141025,0.000000,0.141025,0.029163,-0.012628,0.030969,0.030969,0.001805,0.011193,0.023821,0.011282,0.014276,0.000037,0.009930,0.001263,0.524058,-0.000832,0.523226,0.523226,0.523226,0.261613,0.261613,0,0,1,0,0.000000,0.080000,0.008000,0.001000,5.500000,0.100000,22.000000,0.025000,0.000000
5.296000,0.500000,0.640000,-2.047631,0.000000,-2.047631,-0.141261,0.000000,0.141261,0.029163,-0.012628,0.030969,0.030969,0.001805,0.011193,0.023821,0.011301,0.014281,0.000047,0.009930,0.001263,0.524058,0.000000,0.524058,0.524058,0.524058,0.262029,0.262029,0,0,1,0,0.000000,0.080000,0.008000,0.001000,5.500000,0.100000,22.000000,0.025000,0.000000
5.301000,0.500000,0.640000,-2.048362,0.000000,-2.048362,-0.141534,0.000000,0.141534,0.029089,-0.011401,0.030969,0.030969,0.001880,0.011481,0.022881,0.011323,0.014287,0.000055,0.010341,0.001140,0.503391,-0.004697,0.498693,0.498693,0.498693,0.249347,0.249347,0,0,1,0,0.000000,0.080000,0.008000,0.001000,5.500000,0.100000,22.000000,0.025000,0.000000
5.306000,0.500000,0.640000,-2.049099,0.000000,-2.049099,-0.141840,0.000000,0.141840,0.029089,-0.011401,0.030969,0.030969,0.001880,0.011481,0.022881,0.011347,0.014293,0.000061,0.010341,0.001140,0.503391,0.000000,0.503391,0.503391,0.503391,0.251695,0.251695,0,0,1,0,0.000000,0.080000,0.008000,0.001000,5.500000,0.100000,22.000000,0.025000,0.000000
5.311000,0.500000,0.640000,-2.049839,0.000000,-2.049839,-0.142163,0.000000,0.142163,0.029041,-0.009976,0.030969,0.030969,0.001928,0.011602,0.021579,0.011373,0.014299,0.000065,0.010605,0.000998,0.474732,-0.006513,0.468219,0.468219,0.468219,0.234110,0.234110,0,0,1,0,0.000000,0.080000,0.008000,0.001000,5.500000,0.100000,22.000000,0.025000,0.000000
5.316000,0.500000,0.640000,-2.050582,0.000000,-2.050582,-0.142504,0.000000,0.142504,0.029041,-0.009976,0.030969,0.030969,0.001928,0.011602,0.021579,0.011400,0.014304,0.000068,0.010605,0.000998,0.474732,0.000000,0.474732,0.474732,0.474732,0.237366,0.237366,0,0,1,0,0.000000,0.080000,0.008000,0.001000,5.500000,0.100000,22.000000,0.025000,0.000000
5.321000,0.500000,0.640000,-2.051328,0.000000,-2.051328,-0.142843,0.000000,0.142843,0.029010,-0.008581,0.030969,0.030969,0.001959,0.011631,0.020211,0.011427,0.014310,0.000068,0.010772,0.000858,0.444645,-0.006838,0.437807,0.437807,0.437807,0.218904,0.218904,0,0,1,0,0.000000,0.080000,0.008000,0.001000,5.500000,0.100000,22.000000,0.025000,0.000000
5.326000,0.500000,0.640000,-2.052076,0.000000,-2.052076,-0.143182,0.000000,0.143182,0.029010,-0.008581,0.030969,0.030969,0.001959,0.011631,0.020211,0.011455,0.014316,0.000068,0.010772,0.000858,0.444645,0.000000,0.444645,0.444645,0.444645,0.222323,0.222323,0,0,1,0,0.000000,0.080000,0.008000,0.001000,5.500000,0.100000,22.000000,0.025000,0.000000
5.331000,0.500000,0.640000,-2.052824,0.000000,-2.052824,-0.143501,0.000000,0.143501,0.028987,-0.007408,0.030969,0.030969,0.001982,0.011643,0.019051,0.011480,0.014321,0.000064,0.010902,0.000741,0.419122,-0.005801,0.413322,0.413322,0.413322,0.206661,0.206661,0,0,1,0,0.000000,0.080000,0.008000,0.001000,5.500000,0.100000,22.000000,0.025000,0.000000
5.336000,0.500000,0.640000,-2.053571,0.000000,-2.053571,-0.143805,0.000000,0.143805,0.028987,-0.007408,0.030969,0.030969,0.001982,0.011643,0.019051,0.011504,0.014327,0.000061,0.010902,0.000741,0.419122,0.000000,0.419122,0.419122,0.419122,0.209561,0.209561,0,0,1,0,0.000000,0.080000,0.008000,0.001000,5.500000,0.100000,22.000000,0.025000,0.000000
5.345000,0.500000,0.640000,-2.054319,0.000000,-2.054319,-0.144079,0.000000,0.144079,0.028960,-0.006591,0.030969,0.030969,0.002009,0.011708,0.018299,0.011526,0.014338,0.000030,0.011048,0.000659,0.402572,-0.002090,0.400482,0.400482,0.400482,0.200241,0.200241,0,0,1,0,0.000000,0.080000,0.008000,0.001000,5.500000,0.100000,22.000000,0.025000,0.000000
5.350000,0.500000,0.640000,-2.055064,0.000000,-2.055064,-0.144328,0.000000,0.144328,0.028923,-0.006118,0.030969,0.030969,0.002045,0.011861,0.017979,0.011546,0.014343,0.000050,0.011250,0.000612,0.395545,-0.001597,0.393948,0.393948,0.393948,0.196974,0.196974,0,0,1,0,0.000000,0.080000,0.008000,0.001000,5.500000,0.100000,22.000000,0.025000,0.000000
5.355000,0.500000,0.640000,-2.055809,0.000000,-2.055809,-0.144552,0.000000,0.144552,0.028923,-0.006118,0.030969,0.030969,0.002045,0.011861,0.017979,0.011564,0.014349,0.000045,0.011250,0.000612,0.395545,0.000000,0.395545,0.395545,0.395545,0.197773,0.197773,0,0,1,0,0.000000,0.080000,0.008000,0.001000,5.500000,0.100000,22.000000,0.025000,0.000000
5.360000,0.500000,0.640000,-2.056552,0.000000,-2.056552,-0.144744,0.000000,0.144744,0.028923,-0.006118,0.030969,0.030969,0.002045,0.011861,0.017979,0.011580,0.014355,0.000038,0.011250,0.000612,0.395545,0.000000,0.395545,0.395545,0.395545,0.197773,0.197773,0,0,1,0,0.000000,0.080000,0.008000,0.001000,5.500000,0.100000,22.000000,0.025000,0.000000
5.365000,0.500000,0.640000,-2.057292,0.000000,-2.057292,-0.144903,0.000000,0.144903,0.028873,-0.006053,0.030969,0.030969,0.002095,0.012130,0.018183,0.011592,0.014361,0.000032,0.011525,0.000605,0.400024,0.001018,0.401041,0.401041,0.401041,0.200521,0.200521,0,0,1,0,0.000000,0.080000,0.008000,0.001000,5.500000,0.100000,22.000000,0.025000,0.000000
5.370000,0.500000,0.640000,-2.058030,0.000000,-2.058030,-0.145031,0.000000,0.145031,0.028873,-0.006053,0.030969,0.030969,0.002095,0.012130,0.018183,0.011602,0.014366,0.000026,0.011525,0.000605,0.400024,0.000000,0.400024,0.400024,0.400024,0.200012,0.200012,0,0,1,0,0.000000,0.080000,0.008000,0.001000,5.500000,0.100000,22.000000,0.025000,0.000000
5.375000,0.500000,0.640000,-2.058766,0.000000,-2.058766,-0.145130,0.000000,0.145130,0.028806,-0.006317,0.030969,0.030969,0.002162,0.012525,0.018842,0.011610,0.014372,0.000020,0.011893,0.000632,0.414517,0.003294,0.417812,0.417812,0.417812,0.208906,0.208906,0,0,1,0,0.000000,0.080000,0.008000,0.001000,5.500000,0.100000,22.000000,0.025000,0.000000
5.380000,0.500000,0.640000,-2.059500,0.000000,-2.059500,-0.145206,0.000000,0.145206,0.028806,-0.006317,0.030969,0.030969,0.002162,0.012525,0.018842,0.011617,0.014378,0.000015,0.011893,0.000632,0.414517,0.000000,0.414517,0.414517,0.414517,0.207259,0.207259,0,0,1,0,0.000000,0.080000,0.008000,0.001000,5.500000,0.100000,22.000000,0.025000,0.000000
5.385000,0.500000,0.640000,-2.060233,0.000000,-2.060233,-0.145269,0.000000,0.145269,0.028725,-0.006751,0.030969,0.030969,0.002244,0.013016,0.019768,0.011622,0.014384,0.000013,0.012341,0.000675,0.434893,0.004631,0.439523,0.439523,0.439523,0.219762,0.219762,0,0,1,0,0.000000,0.080000,0.008000,0.001000,5.500000,0.100000,22.000000,0.025000,0.000000
5.394000,0.500000,0.640000,-2.061696,0.000000,-2.061696,-0.145366,0.000000,0.145366,0.028635,-0.007212,0.030969,0.030969,0.002334,0.013559,0.020770,0.011629,0.014394,0.000011,0.012837,0.000721,0.456945,0.002784,0.459730,0.459730,0.459730,0.229865,0.229865,0,0,1,0,0.000000,0.080000,0.008000,0.001000,5.500000,0.100000,22.000000,0.025000,0.000000
5.399000,0.500000,0.640000,-2.062427,0.000000,-2.062427,-0.145413,0.000000,0.145413,0.028635,-0.007212,0.030969,0.030969,0.002334,0.013559,0.020770,0.011633,0.014400,0.000010,0.012837,0.000721,0.456945,0.000000,0.456945,0.456945,0.456945,0.228473,0.228473,0,0,1,0,0.000000,0.080000,0.008000,0.001000,5.500000,0.100000,22.000000,0.025000,0.000000
5.404000,0.500000,0.640000,-2.063160,0.000000,-2.063160,-0.145471,0.000000,0.145471,0.028543,-0.007558,0.030969,0.030969,0.002426,0.014098,0.021656,0.011638,0.014406,0.000011,0.013342,0.000756,0.476428,0.004428,0.480856,0.480856,0.480856,0.240428,0.240428,0,0,1,0,0.000000,0.080000,0.008000,0.001000,5.500000,0.100000,22.000000,0.025000,0.000000
5.409000,0.500000,0.640000,-2.063893,0.000000,-2.063893,-0.145535,0.000000,0.145535,0.028543,-0.007558,0.030969,0.030969,0.002426,0.014098,0.021656,0.011643,0.014412,0.000013,0.013342,0.000756,0.476428,0.000000,0.476428,0.476428,0.476428,0.238214,0.238214,0,0,1,0,0.000000,0.080000,0.008000,0.001000,5.500000,0.100000,22.000000,0.025000,0.000000
5.414000,0.500000,0.640000,-2.064628,0.000000,-2.064628,-0.145619,0.000000,0.145619,0.028456,-0.007705,0.030969,0.030969,0.002513,0.014593,0.022298,0.011650,0.014418,0.000017,0.013823,0.000770,0.490558,0.003211,0.493769,0.493769,0.493769,0.246885,0.246885,0,0,1,0,0.000000,0.080000,0.008000,0.001000,5.500000,0.100000,22.000000,0.025000,0.000000
5.419000,0.500000,0.640000,-2.065366,0.000000,-2.065366,-0.145717,0.000000,0.145717,0.028456,-0.007705,0.030969,0.030969,0.002513,0.014593,0.022298,0.011657,0.014423,0.000020,0.013823,0.000770,0.490558,0.000000,0.490558,0.490558,0.490558,0.245279,0.245279,0,0,1,0,0.000000,0.080000,0.008000,0.001000,5.500000,0.100000,22.000000,0.025000,0.000000
5.424000,0.500000,0.640000,-2.066105,0.000000,-2.066105,-0.145838,0.000000,0.145838,0.028378,-0.007609,0.030969,0.030969,0.002591,0.015011,0.022620,0.011667,0.014429,0.000024,0.014250,0.000761,0.497629,0.001607,0.499236,0.499236,0.499236,0.249618,0.249618,0,0,1,0,0.000000,0.080000,0.008000,0.001000,5.500000,0.100000,22.000000,0.025000,0.000000
5.429000,0.500000,0.640000,-2.066847,0.000000,-2.066847,-0.145977,0.000000,0.145977,0.028378,-0.007609,0.030969,0.030969,0.002591,0.015011,0.022620,0.011678,0.014435,0.000028,0.014250,0.000761,0.497629,0.000000,0.497629,0.497629,0.497629,0.248815,0.248815,0,0,1,0,0.000000,0.080000,0.008000,0.001000,5.500000,0.100000,22.000000,0.025000,0.000000
5.434000,0.500000,0.640000,-2.067592,0.000000,-2.067592,-0.146138,0.000000,0.146138,0.028313,-0.007277,0.030969,0.030969,0.002656,0.015335,0.022612,0.011691,0.014441,0.000032,0.014607,0.000728,0.497457,-0.000039,0.497417,0.497417,0.497417,0.248709,0.248709,0,0,1,0,0.000000,0.080000,0.008000,0.001000,5.500000,0.100000,22.000000,0.025000,0.000000
5.439000,0.500000,0.640000,-2.068340,0.000000,-2.068340,-0.146317,0.000000,0.146317,0.028313,-0.007277,0.030969,0.030969,0.002656,0.015335,0.022612,0.011705,0.014447,0.000036,0.014607,0.000728,0.497457,0.000000,0.497457,0.497457,0.497457,0.248728,0.248728,0,0,1,0,0.000000,0.080000,0.008000,0.001000,5.500000,0.100000,22.000000,0.025000,0.000000
5.444000,0.500000,0.640000,-2.069090,0.000000,-2.069090,-0.146512,0.000000,0.146512,0.028262,-0.006762,0.030969,0.030969,0.002707,0.015566,0.022328,0.011721,0.014453,0.000039,0.014890,0.000676,0.491210,-0.001420,0.489791,0.489791,0.489791,0.244895,0.244895,0,0,1,0,0.000000,0.080000,0.008000,0.001000,5.500000,0.100000,22.000000,0.025000,0.000000
5.453000,0.500000,0.640000,-2.070597,0.000000,-2.070597,-0.146942,0.000000,0.146942,0.028222,-0.006144,0.030969,0.030969,0.002747,0.015721,0.021865,0.011755,0.014463,0.000048,0.015107,0.000614,0.481033,-0.001285,0.479747,0.479747,0.479747,0.239874,0.239874,0,0,1,0,0.000000,0.080000,0.008000,0.001000,5.500000,0.100000,22.000000,0.025000,0.000000
5.458000,0.500000,0.640000,-2.071354,0.000000,-2.071354,-0.147170,0.000000,0.147170,0.028222,-0.006144,0.030969,0.030969,0.002747,0.015721,0.021865,0.011774,0.014469,0.000046,0.015107,0.000614,0.481033,0.000000,0.481033,0.481033,0.481033,0.240516,0.240516,0,0,1,0,0.000000,0.080000,0.008000,0.001000,5.500000,0.100000,22.000000,0.025000,0.000000
5.463000,0.500000,0.640000,-2.072112,0.000000,-2.072112,-0.147400,0.000000,0.147400,0.028191,-0.005516,0.030969,0.030969,0.002778,0.015828,0.021344,0.011792,0.014475,0.000046,0.015277,0.000552,0.469566,-0.002606,0.466959,0.466959,0.466959,0.233480,0.233480,0,0,1,0,0.000000,0.080000,0.008000,0.001000,5.500000,0.100000,22.000000,0.025000,0.000000
5.468000,0.500000,0.640000,-2.072872,0.000000,-2.072872,-0.147632,0.000000,0.147632,0.028191,-0.005516,0.030969,0.030969,0.002778,0.015828,0.021344,0.011811,0.014481,0.000046,0.015277,0.000552,0.469566,0.000000,0.469566,0.469566,0.469566,0.234783,0.234783,0,0,1,0,0.000000,0.080000,0.008000,0.001000,5.500000,0.100000,22.000000,0.025000,0.000000
5.473000,0.500000,0.640000,-2.073632,0.000000,-2.073632,-0.147858,0.000000,0.147858,0.028165,-0.004958,0.030969,0.030969,0.002804,0.015917,0.020876,0.011829,0.014487,0.000045,0.015422,0.000496,0.459268,-0.002340,0.456928,0.456928,0.456928,0.228464,0.228464,0,0,1,0,0.000000,0.080000,0.008000,0.001000,5.500000,0.100000,22.000000,0.025000,0.000000
5.478000,0.500000,0.640000,-2.074394,0.000000,-2.074394,-0.148080,0.000000,0.148080,0.028165,-0.004958,0.030969,0.030969,0.002804,0.015917,0.020876,0.011846,0.014493,0.000044,0.015422,0.000496,0.459268,0.000000,0.459268,0.459268,0.459268,0.229634,0.229634,0,0,1,0,0.000000,0.080000,0.008000,0.001000,5.500000,0.100000,22.000000,0.025000,0.000000
5.483000,0.500000,0.640000,-2.075155,0.000000,-2.075155,-0.148291,0.000000,0.148291,0.028139,-0.004533,0.030969,0.030969,0.002830,0.016018,0.020552,0.011863,0.014499,0.000042,0.015565,0.000453,0.452133,-0.001621,0.450512,0.450512,0.450512,0.225256,0.225256,0,0,1,0,0.000000,0.080000,0.008000,0.001000,5.500000,0.100000,22.000000,0.025000,0.000000
5.488000,0.500000,0.640000,-2.075917,0.000000,-2.075917,-0.148492,0.000000,0.148492,0.028139,-0.004533,0.030969,0.030969,0.002830,0.016018,0.020552,0.011879,0.014505,0.000040,0.015565,0.000453,0.452133,0.000000,0.452133,0.452133,0.452133,0.226067,0.226067,0,0,1,0,0.000000,0.080000,0.008000,0.001000,5.500000,0.100000,22.000000,0.025000,0.000000
5.493000,0.500000,0.640000,-2.076678,0.000000,-2.076678,-0.148680,0.000000,0.148680,0.028110,-0.004271,0.030969,0.030969,0.002859,0.016153,0.020424,0.011894,0.014511,0.000038,0.015726,0.000427,0.449317,-0.000640,0.448677,0.448677,0.448677,0.224338,0.224338,0,0,1,0,0.000000,0.080000,0.008000,0.001000,5.500000,0.100000,22.000000,0.025000,0.000000
5.498000,0.500000,0.640000,-2.077439,0.000000,-2.077439,-0.148855,0.000000,0.148855,0.028110,-0.004271,0.030969,0.030969,0.002859,0.016153,0.020424,0.011908,0.014517,0.000035,0.015726,0.000427,0.449317,0.000000,0.449317,0.449317,0.449317,0.224659,0.224659,0,0,1,0,0.000000,0.080000,0.008000,0.001000,5.500000,0.100000,22.000000,0.025000,0.000000
5.507000,0.500000,0.640000,-2.078960,0.000000,-2.078960,-0.149169,0.000000,0.149169,0.028075,-0.004169,0.030969,0.030969,0.002894,0.016333,0.020502,0.011933,0.014527,0.000035,0.015916,0.000417,0.451034,0.000217,0.451250,0.451250,0.451250,0.225625,0.225625,0,0,1,0,0.000000,0.080000,0.008000,0.001000,5.500000,0.100000,22.000000,0.025000,0.000000
5.512000,0.500000,0.640000,-2.079720,0.000000,-2.079720,-0.149308,0.000000,0.149308,0.028034,-0.004204,0.030969,0.030969,0.002935,0.016560,0.020764,0.011945,0.014533,0.000028,0.016140,0.000420,0.456806,0.001312,0.458118,0.458118,0.458118,0.229059,0.229059,0,0,1,0,0.000000,0.080000,0.008000,0.001000,5.500000,0.100000,22.000000,0.025000,0.000000
5.517000,0.500000,0.640000,-2.080480,0.000000,-2.080480,-0.149437,0.000000,0.149437,0.028034,-0.004204,0.030969,0.030969,0.002935,0.016560,0.020764,0.011955,0.014539,0.000026,0.016140,0.000420,0.456806,0.000000,0.456806,0.456806,0.456806,0.228403,0.228403,0,0,1,0,0.000000,0.080000,0.008000,0.001000,5.500000,0.100000,22.000000,0.025000,0.000000
5.522000,0.500000,0.640000,-2.081239,0.000000,-2.081239,-0.149560,0.000000,0.149560,0.027988,-0.004316,0.030969,0.030969,0.002981,0.016826,0.021142,0.011965,0.014545,0.000025,0.016394,0.000432,0.465129,0.001892,0.467021,0.467021,0.467021,0.233510,0.233510,0,0,1,0,0.000000,0.080000,0.008000,0.001000,5.500000,0.100000,22.000000,0.025000,0.000000
5.527000,0.500000,0.640000,-2.081999,0.000000,-2.081999,-0.149677,0.000000,0.149677,0.027988,-0.004316,0.030969,0.030969,0.002981,0.016826,0.021142,0.011974,0.014551,0.000023,0.016394,0.000432,0.465129,0.000000,0.465129,0.465129,0.465129,0.232565,0.232565,0,0,1,0,0.000000,0.080000,0.008000,0.001000,5.500000,0.100000,22.000000,0.025000,0.000000
5.532000,0.500000,0.640000,-2.082758,0.000000,-2.082758,-0.149793,0.000000,0.149793,0.027938,-0.004450,0.030969,0.030969,0.003030,0.017112,0.021562,0.011983,0.014557,0.000023,0.016667,0.000445,0.474374,0.002101,0.476475,0.476475,0.476475,0.238238,0.238238,0,0,1,0,0.000000,0.080000,0.008000,0.001000,5.500000,0.100000,22.000000,0.025000,0.000000
5.537000,0.500000,0.640000,-2.083519,0.000000,-2.083519,-0.149908,0.000000,0.149908,0.027938,-0.004450,0.030969,0.030969,0.003030,0.017112,0.021562,0.011993,0.014563,0.000023,0.016667,0.000445,0.474374,0.000000,0.474374,0.474374,0.474374,0.237187,0.237187,0,0,1,0,0.000000,0.080000,0.008000,0.001000,5.500000,0.100000,22.000000,0.025000,0.000000
5.546000,0.500000,0.640000,-2.085041,0.000000,-2.085041,-0.150146,0.000000,0.150146,0.027888,-0.004552,0.030969,0.030969,0.003081,0.017400,0.021952,0.012012,0.014574,0.000026,0.016944,0.000455,0.482948,0.001083,0.484031,0.484031,0.484031,0.242015,0.242015,0,0,1,0,0.000000,0.080000,0.008000,0.001000,5.500000,0.100000,22.000000,0.025000,0.000000
5.551000,0.500000,0.640000,-2.085804,0.000000,-2.085804,-0.150268,0.000000,0.150268,0.027839,-0.004615,0.030969,0.030969,0.003130,0.017677,0.022292,0.012021,0.014580,0.000024,0.017215,0.000462,0.490433,0.001701,0.492135,0.492135,0.492135,0.246067,0.246067,0,0,1,0,0.000000,0.080000,0.008000,0.001000,5.500000,0.100000,22.000000,0.025000,0.000000
5.556000,0.500000,0.640000,-2.086568,0.000000,-2.086568,-0.150396,0.000000,0.150396,0.027839,-0.004615,0.030969,0.030969,0.003130,0.017677,0.022292,0.012032,0.014586,0.000026,0.017215,0.000462,0.490433,0.000000,0.490433,0.490433,0.490433,0.245217,0.245217,0,0,1,0,0.000000,0.080000,0.008000,0.001000,5.500000,0.100000,22.000000,0.025000,0.000000
5.561000,0.500000,0.640000,-2.087333,0.000000,-2.087333,-0.150534,0.000000,0.150534,0.027792,-0.004571,0.030969,0.030969,0.003176,0.017928,0.022499,0.012043,0.014592,0.000028,0.017470,0.000457,0.494977,0.001033,0.496010,0.496010,0.496010,0.248005,0.248005,0,0,1,0,0.000000,0.080000,0.008000,0.001000,5.500000,0.100000,22.000000,0.025000,0.000000
5.566000,0.500000,0.640000,-2.088099,0.000000,-2.088099,-0.150680,0.000000,0.150680,0.027792,-0.004571,0.030969,0.030969,0.003176,0.017928,0.022499,0.012054,0.014598,0.000029,0.017470,0.000457,0.494977,0.000000,0.494977,0.494977,0.494977,0.247489,0.247489,0,0,1,0,0.000000,0.080000,0.008000,0.001000,5.500000,0.100000,22.000000,0.025000,0.000000
5.571000,0.500000,0.640000,-2.088868,0.000000,-2.088868,-0.150836,0.000000,0.150836,0.027752,-0.004422,0.030969,0.030969,0.003217,0.018137,0.022559,0.012067,0.014604,0.000031,0.017694,0.000442,0.496300,0.000301,0.496600,0.496600,0.496600,0.248300,0.248300,0,0,1,0,0.000000,0.080000,0.008000,0.001000,5.500000,0.100000,22.000000,0.025000,0.000000
5.576000,0.500000,0.640000,-2.089638,0.000000,-2.089638,-0.150999,0.000000,0.150999,0.027752,-0.004422,0.030969,0.030969,0.003217,0.018137,0.022559,0.012080,0.014610,0.000033,0.017694,0.000442,0.496300,0.000000,0.496300,0.496300,0.496300,0.248150,0.248150,0,0,1,0,0.000000,0.080000,0.008000,0.001000,5.500000,0.100000,22.000000,0.025000,0.000000
5.581000,0.500000,0.640000,-2.090409,0.000000,-2.090409,-0.151171,0.000000,0.151171,0.027717,-0.004187,0.030969,0.030969,0.003252,0.018303,0.022490,0.012094,0.014616,0.000034,0.017884,0.000419,0.494778,-0.000346,0.494433,0.494433,0.494433,0.247216,0.247216,0,0,1,0,0.000000,0.080000,0.008000,0.001000,5.500000,0.100000,22.000000,0.025000,0.000000
5.586000,0.500000,0.640000,-2.091182,0.000000,-2.091182,-0.151350,0.000000,0.151350,0.027717,-0.004187,0.030969,0.030969,0.003252,0.018303,0.022490,0.012108,0.014622,0.000036,0.017884,0.000419,0.494778,0.000000,0.494778,0.494778,0.494778,0.247389,0.247389,0,0,1,0,0.000000,0.080000,0.008000,0.001000,5.500000,0.100000,22.000000,0.025000,0.000000
5.591000,0.500000,0.640000,-2.091957,0.000000,-2.091957,-0.151534,0.000000,0.151534,0.027688,-0.003897,0.030969,0.030969,0.003281,0.018433,0.022330,0.012123,0.014628,0.000037,0.018043,0.000390,0.491264,-0.000799,0.490465,0.490465,0.490465,0.245232,0.245232,0,0,1,0,0.000000,0.080000,0.008000,0.001000,5.500000,0.100000,22.000000,0.025000,0.000000
5.596000,0.500000,0.640000,-2.092733,0.000000,-2.092733,-0.151723,0.000000,0.151723,0.027688,-0.003897,0.030969,0.030969,0.003281,0.018433,0.022330,0.012138,0.014634,0.000038,0.018043,0.000390,0.491264,0.000000,0.491264,0.491264,0.491264,0.245632,0.245632,0,0,1,0,0.000000,0.080000,0.008000,0.001000,5.500000,0.100000,22.000000,0.025000,0.000000
5.605000,0.500000,0.640000,-2.093510,0.000000,-2.093510,-0.151913,0.000000,0.151913,0.027664,-0.003594,0.030969,0.030969,0.003305,0.018537,0.022130,0.012153,0.014645,0.000021,0.018177,0.000359,0.486867,-0.000555,0.486312,0.486312,0.486312,0.243156,0.243156,0,0,1,0,0.000000,0.080000,0.008000,0.001000,5.500000,0.100000,22.000000,0.025000,0.000000
5.610000,0.500000,0.640000,-2.094288,0.000000,-2.094288,-0.152105,0.000000,0.152105,0.027664,-0.003594,0.030969,0.030969,0.003305,0.018537,0.022130,0.012168,0.014651,0.000038,0.018177,0.000359,0.486867,0.000000,0.486867,0.486867,0.486867,0.243434,0.243434,0,0,1,0,0.000000,0.080000,0.008000,0.001000,5.500000,0.100000,22.000000,0.025000,0.000000
5.615000,0.500000,0.640000,-2.095068,0.000000,-2.095068,-0.152298,0.000000,0.152298,0.027642,-0.003297,0.030969,0.030969,0.003326,0.018625,0.021922,0.012184,0.014658,0.000039,0.018295,0.000330,0.482285,-0.001041,0.481244,0.481244,0.481244,0.240622,0.240622,0,0,1,0,0.000000,0.080000,0.008000,0.001000,5.500000,0.100000,22.000000,0.025000,0.000000
5.620000,0.500000,0.640000,-2.095848,0.000000,-2.095848,-0.152489,0.000000,0.152489,0.027642,-0.003297,0.030969,0.030969,0.003326,0.018625,0.021922,0.012199,0.014664,0.000038,0.018295,0.000330,0.482285,0.000000,0.482285,0.482285,0.482285,0.241142,0.241142,0,0,1,0,0.000000,0.080000,0.008000,0.001000,5.500000,0.100000,22.000000,0.025000,0.000000
5.625000,0.500000,0.640000,-2.096629,0.000000,-2.096629,-0.152679,0.000000,0.152679,0.027622,-0.003044,0.030969,0.030969,0.003346,0.018709,0.021753,0.012214,0.014670,0.000038,0.018405,0.000304,0.478568,-0.000845,0.477723,0.477723,0.477723,0.238861,0.238861,0,0,1,0,0.000000,0.080000,0.008000,0.001000,5.500000,0.100000,22.000000,0.025000,0.000000
5.634000,0.500000,0.640000,-2.098193,0.000000,-2.098193,-0.153042,0.000000,0.153042,0.027602,-0.002873,0.030969,0.030969,0.003367,0.018805,0.021678,0.012243,0.014681,0.000040,0.018517,0.000287,0.476914,-0.000209,0.476705,0.476705,0.476705,0.238353,0.238353,0,0,1,0,0.000000,0.080000,0.008000,0.001000,5.500000,0.100000,22.000000,0.025000,0.000000
5.639000,0.500000,0.640000,-2.098975,0.000000,-2.098975,-0.153214,0.000000,0.153214,0.027602,-0.002873,0.030969,0.030969,0.003367,0.018805,0.021678,0.012257,0.014687,0.000034,0.018517,0.000287,0.476914,0.000000,0.476914,0.476914,0.476914,0.238457,0.238457,0,0,1,0,0.000000,0.080000,0.008000,0.001000,5.500000,0.100000,22.000000,0.025000,0.000000
5.644000,0.500000,0.640000,-2.099758,0.000000,-2.099758,-0.153379,0.000000,0.153379,0.027579,-0.002791,0.030969,0.030969,0.003390,0.018923,0.021714,0.012270,0.014693,0.000033,0.018644,0.000279,0.477710,0.000181,0.477891,0.477891,0.477891,0.238945,0.238945,0,0,1,0,0.000000,0.080000,0.008000,0.001000,5.500000,0.100000,22.000000,0.025000,0.000000
5.649000,0.500000,0.640000,-2.100540,0.000000,-2.100540,-0.153538,0.000000,0.153538,0.027579,-0.002791,0.030969,0.030969,0.003390,0.018923,0.021714,0.012283,0.014699,0.000032,0.018644,0.000279,0.477710,0.000000,0.477710,0.477710,0.477710,0.238855,0.238855,0,0,1,0,0.000000,0.080000,0.008000,0.001000,5.500000,0.100000,22.000000,0.025000,0.000000
5.654000,0.500000,0.640000,-2.101323,0.000000,-2.101323,-0.153691,0.000000,0.153691,0.027553,-0.002782,0.030969,0.030969,0.003416,0.019066,0.021848,0.012295,0.014705,0.000031,0.018788,0.000278,0.480658,0.000670,0.481328,0.481328,0.481328,0.240664,0.240664,0,0,1,0,0.000000,0.080000,0.008000,0.001000,5.500000,0.100000,22.000000,0.025000,0.000000
5.659000,0.500000,0.640000,-2.102106,0.000000,-2.102106,-0.153838,0.000000,0.153838,0.027553,-0.002782,0.030969,0.030969,0.003416,0.019066,0.021848,0.012307,0.014711,0.000029,0.018788,0.000278,0.480658,0.000000,0.480658,0.480658,0.480658,0.240329,0.240329,0,0,1,0,0.000000,0.080000,0.008000,0.001000,5.500000,0.100000,22.000000,0.025000,0.000000
5.664000,0.500000,0.640000,-2.102890,0.000000,-2.102890,-0.153982,0.000000,0.153982,0.027524,-0.002823,0.030969,0.030969,0.003445,0.019229,0.022053,0.012319,0.014718,0.000029,0.018947,0.000282,0.485160,0.001023,0.486183,0.486183,0.486183,0.243091,0.243091,0,0,1,0,0.000000,0.080000,0.008000,0.001000,5.500000,0.100000,22.000000,0.025000,0.000000
5.669000,0.500000,0.640000,-2.103674,0.000000,-2.103674,-0.154121,0.000000,0.154121,0.027524,-0.002823,0.030969,0.030969,0.003445,0.019229,0.022053,0.012330,0.014724,0.000028,0.018947,0.000282,0.485160,0.000000,0.485160,0.485160,0.485160,0.242580,0.242580,0,0,1,0,0.000000,0.080000,0.008000,0.001000,5.500000,0.100000,22.000000,0.025000,0.000000
5.674000,0.500000,0.640000,-2.104458,0.000000,-2.104458,-0.154260,0.000000,0.154260,0.027493,-0.002885,0.030969,0.030969,0.003476,0.019406,0.022291,0.012341,0.014730,0.000028,0.019118,0.000289,0.490405,0.001192,0.491597,0.491597,0.491597,0.245799,0.245799,0,0,1,0,0.000000,0.080000,0.008000,0.001000,5.500000,0.100000,22.000000,0.025000,0.000000
5.679000,0.500000,0.640000,-2.105243,0.000000,-2.105243,-0.154397,0.000000,0.154397,0.027493,-0.002885,0.030969,0.030969,0.003476,0.019406,0.022291,0.012352,0.014736,0.000027,0.019118,0.000289,0.490405,0.000000,0.490405,0.490405,0.490405,0.245203,0.245203,0,0,1,0,0.000000,0.080000,0.008000,0.001000,5.500000,0.100000,22.000000,0.025000,0.000000
5.688000,0.500000,0.640000,-2.106814,0.000000,-2.106814,-0.154674,0.000000,0.154674,0.027461,-0.002938,0.030969,0.030969,0.003508,0.019586,0.022525,0.012374,0.014747,0.000031,0.019293,0.000294,0.495546,0.000649,0.496195,0.496195,0.496195,0.248098,0.248098,0,0,1,0,0.000000,0.080000,0.008000,0.001000,5.500000,0.100000,22.000000,0.025000,0.000000
5.693000,0.500000,0.640000,-2.107601,0.000000,-2.107601,-0.154814,0.000000,0.154814,0.027429,-0.002980,0.030969,0.030969,0.003539,0.019764,0.022744,0.012385,0.014753,0.000028,0.019466,0.000298,0.500372,0.001097,0.501469,0.501469,0.501469,0.250734,0.250734,0,0,1,0,0.000000,0.080000,0.008000,0.001000,5.500000,0.100000,22.000000,0.025000,0.000000
5.698000,0.500000,0.640000,-2.108389,0.000000,-2.108389,-0.154955,0.000000,0.154955,0.027429,-0.002980,0.030969,0.030969,0.003539,0.019764,0.022744,0.012396,0.014760,0.000028,0.019466,0.000298,0.500372,0.000000,0.500372,0.500372,0.500372,0.250186,0.250186,0,0,1,0,0.000000,0.080000,0.008000,0.001000,5.500000,0.100000,22.000000,0.025000,0.000000
5.703000,0.500000,0.640000,-2.109178,0.000000,-2.109178,-0.155103,0.000000,0.155103,0.027399,-0.002967,0.030969,0.030969,0.003570,0.019930,0.022897,0.012408,0.014766,0.000029,0.019633,0.000297,0.503744,0.000766,0.504510,0.504510,0.504510,0.252255,0.252255,0,0,1,0,0.000000,0.080000,0.008000,0.001000,5.500000,0.100000,22.000000,0.025000,0.000000
5.708000,0.500000,0.640000,-2.109968,0.000000,-2.109968,-0.155254,0.000000,0.155254,0.027399,-0.002967,0.030969,0.030969,0.003570,0.019930,0.022897,0.012420,0.014772,0.000030,0.019633,0.000297,0.503744,0.000000,0.503744,0.503744,0.503744,0.251872,0.251872,0,0,1,0,0.000000,0.080000,0.008000,0.001000,5.500000,0.100000,22.000000,0.025000,0.000000
5.713000,0.500000,0.640000,-2.110760,0.000000,-2.110760,-0.155410,0.000000,0.155410,0.027371,-0.002898,0.030969,0.030969,0.003597,0.020075,0.022973,0.012433,0.014778,0.000031,0.019785,0.000290,0.505414,0.000379,0.505793,0.505793,0.505793,0.252897,0.252897,0,0,1,0,0.000000,0.080000,0.008000,0.001000,5.500000,0.100000,22.000000,0.025000,0.000000
5.718000,0.500000,0.640000,-2.111553,0.000000,-2.111553,-0.155571,0.000000,0.155571,0.027371,-0.002898,0.030969,0.030969,0.003597,0.020075,0.022973,0.012446,0.014784,0.000032,0.019785,0.000290,0.505414,0.000000,0.505414,0.505414,0.505414,0.252707,0.252707,0,0,1,0,0.000000,0.080000,0.008000,0.001000,5.500000,0.100000,22.000000,0.025000,0.000000
5.723000,0.500000,0.640000,-2.112346,0.000000,-2.112346,-0.155736,0.000000,0.155736,0.027347,-0.002780,0.030969,0.030969,0.003622,0.020197,0.022977,0.012459,0.014791,0.000033,0.019919,0.000278,0.505495,0.000018,0.505513,0.505513,0.505513,0.252757,0.252757,0,0,1,0,0.000000,0.080000,0.008000,0.001000,5.500000,0.100000,22.000000,0.025000,0.000000
5.728000,0.500000,0.640000,-2.113142,0.000000,-2.113142,-0.155906,0.000000,0.155906,0.027347,-0.002780,0.030969,0.030969,0.003622,0.020197,0.022977,0.012472,0.014797,0.000034,0.019919,0.000278,0.505495,0.000000,0.505495,0.505495,0.505495,0.252747,0.252747,0,0,1,0,0.000000,0.080000,0.008000,0.001000,5.500000,0.100000,22.000000,0.025000,0.000000
5.737000,0.500000,0.640000,-2.114735,0.000000,-2.114735,-0.156254,0.000000,0.156254,0.027326,-0.002629,0.030969,0.030969,0.003643,0.020298,0.022926,0.012500,0.014808,0.000039,0.020035,0.000263,0.504377,-0.000141,0.504236,0.504236,0.504236,0.252118,0.252118,0,0,1,0,0.000000,0.080000,0.008000,0.001000,5.500000,0.100000,22.000000,0.025000,0.000000
5.742000,0.500000,0.640000,-2.115534,0.000000,-2.115534,-0.156432,0.000000,0.156432,0.027308,-0.002459,0.030969,0.030969,0.003661,0.020382,0.022841,0.012515,0.014814,0.000036,0.020136,0.000246,0.502510,-0.000424,0.502086,0.502086,0.502086,0.251043,0.251043,0,0,1,0,0.000000,0.080000,0.008000,0.001000,5.500000,0.100000,22.000000,0.025000,0.000000
5.747000,0.500000,0.640000,-2.116334,0.000000,-2.116334,-0.156611,0.000000,0.156611,0.027308,-0.002459,0.030969,0.030969,0.003661,0.020382,0.022841,0.012529,0.014821,0.000036,0.020136,0.000246,0.502510,0.000000,0.502510,0.502510,0.502510,0.251255,0.251255,0,0,1,0,0.000000,0.080000,0.008000,0.001000,5.500000,0.100000,22.000000,0.025000,0.000000
5.752000,0.500000,0.640000,-2.117134,0.000000,-2.117134,-0.156790,0.000000,0.156790,0.027291,-0.002299,0.030969,0.030969,0.003678,0.020457,0.022757,0.012543,0.014827,0.000036,0.020227,0.000230,0.500647,-0.000423,0.500223,0.500223,0.500223,0.250112,0.250112,0,0,1,0,0.000000,0.080000,0.008000,0.001000,5.500000,0.100000,22.000000,0.025000,0.000000
5.757000,0.500000,0.640000,-2.117936,0.000000,-2.117936,-0.156968,0.000000,0.156968,0.027291,-0.002299,0.030969,0.030969,0.003678,0.020457,0.022757,0.012557,0.014833,0.000036,0.020227,0.000230,0.500647,0.000000,0.500647,0.500647,0.500647,0.250323,0.250323,0,0,1,0,0.000000,0.080000,0.008000,0.001000,5.500000,0.100000,22.000000,0.025000,0.000000
5.762000,0.500000,0.640000,-2.118738,0.000000,-2.118738,-0.157144,0.000000,0.157144,0.027275,-0.002166,0.030969,0.030969,0.003694,0.020532,0.022697,0.012572,0.014840,0.000035,0.020315,0.000217,0.499340,-0.000297,0.499043,0.499043,0.499043,0.249522,0.249522,0,0,1,0,0.000000,0.080000,0.008000,0.001000,5.500000,0.100000,22.000000,0.025000,0.000000
5.767000,0.500000,0.640000,-2.119541,0.000000,-2.119541,-0.157319,0.000000,0.157319,0.027275,-0.002166,0.030969,0.030969,0.003694,0.020532,0.022697,0.012586,0.014846,0.000035,0.020315,0.000217,0.499340,0.000000,0.499340,0.499340,0.499340,0.249670,0.249670,0,0,1,0,0.000000,0.080000,0.008000,0.001000,5.500000,0.100000,22.000000,0.025000,0.000000
5.772000,0.500000,0.640000,-2.120344,0.000000,-2.120344,-0.157491,0.000000,0.157491,0.027259,-0.002069,0.030969,0.030969,0.003710,0.020611,0.022680,0.012599,0.014852,0.000034,0.020404,0.000207,0.498968,-0.000085,0.498883,0.498883,0.498883,0.249442,0.249442,0,0,1,0,0.000000,0.080000,0.008000,0.001000,5.500000,0.100000,22.000000,0.025000,0.000000
5.777000,0.500000,0.640000,-2.121148,0.000000,-2.121148,-0.157660,0.000000,0.157660,0.027259,-0.002069,0.030969,0.030969,0.003710,0.020611,0.022680,0.012613,0.014858,0.000034,0.020404,0.000207,0.498968,0.000000,0.498968,0.498968,0.498968,0.249484,0.249484,0,0,1,0,0.000000,0.080000,0.008000,0.001000,5.500000,0.100000,22.000000,0.025000,0.000000
5.786000,0.500000,0.640000,-2.122758,0.000000,-2.122758,-0.157989,0.000000,0.157989,0.027242,-0.002013,0.030969,0.030969,0.003727,0.020700,0.022713,0.012639,0.014870,0.000037,0.020499,0.000201,0.499689,0.000091,0.499780,0.499780,0.499780,0.249890,0.249890,0,0,1,0,0.000000,0.080000,0.008000,0.001000,5.500000,0.100000,22.000000,0.025000,0.000000
5.791000,0.500000,0.640000,-2.123564,0.000000,-2.123564,-0.158149,0.000000,0.158149,0.027223,-0.001996,0.030969,0.030969,0.003746,0.020800,0.022796,0.012652,0.014876,0.000032,0.020601,0.000200,0.501514,0.000415,0.501929,0.501929,0.501929,0.250964,0.250964,0,0,1,0,0.000000,0.080000,0.008000,0.001000,5.500000,0.100000,22.000000,0.025000,0.000000
5.796000,0.500000,0.640000,-2.124370,0.000000,-2.124370,-0.158306,0.000000,0.158306,0.027223,-0.001996,0.030969,0.030969,0.003746,0.020800,0.022796,0.012665,0.014883,0.000031,0.020601,0.000200,0.501514,0.000000,0.501514,0.501514,0.501514,0.250757,0.250757,0,0,1,0,0.000000,0.080000,0.008000,0.001000,5.500000,0.100000,22.000000,0.025000,0.000000
5.801000,0.500000,0.640000,-2.125177,0.000000,-2.125177,-0.158462,0.000000,0.158462,0.027203,-0.002003,0.030969,0.030969,0.003765,0.020910,0.022914,0.012677,0.014889,0.000031,0.020710,0.000200,0.504105,0.000589,0.504694,0.504694,0.504694,0.252347,0.252347,0,0,1,0,0.000000,0.080000,0.008000,0.001000,5.500000,0.100000,22.000000,0.025000,0.000000
5.806000,0.500000,0.640000,-2.125985,0.000000,-2.125985,-0.158616,0.000000,0.158616,0.027203,-0.002003,0.030969,0.030969,0.003765,0.020910,0.022914,0.012689,0.014895,0.000031,0.020710,0.000200,0.504105,0.000000,0.504105,0.504105,0.504105,0.252052,0.252052,0,0,1,0,0.000000,0.080000,0.008000,0.001000,5.500000,0.100000,22.000000,0.025000,0.000000
5.811000,0.500000,0.640000,-2.126793,0.000000,-2.126793,-0.158769,0.000000,0.158769,0.027182,-0.002023,0.030969,0.030969,0.003786,0.021027,0.023050,0.012702,0.014902,0.000031,0.020825,0.000202,0.507093,0.000679,0.507772,0.507772,0.507772,0.253886,0.253886,0,0,1,0,0.000000,0.080000,0.008000,0.001000,5.500000,0.100000,22.000000,0.025000,0.000000
5.816000,0.500000,0.640000,-2.127602,0.000000,-2.127602,-0.158921,0.000000,0.158921,0.027182,-0.002023,0.030969,0.030969,0.003786,0.021027,0.023050,0.012714,0.014908,0.000030,0.020825,0.000202,0.507093,0.000000,0.507093,0.507093,0.507093,0.253546,0.253546,0,0,1,0,0.000000,0.080000,0.008000,0.001000,5.500000,0.100000,22.000000,0.025000,0.000000
5.821000,0.500000,0.640000,-2.128411,0.000000,-2.128411,-0.159074,0.000000,0.159074,0.027161,-0.002040,0.030969,0.030969,0.003808,0.021145,0.023186,0.012726,0.014914,0.000031,0.020941,0.000204,0.510084,0.000680,0.510764,0.510764,0.510764,0.255382,0.255382,0,0,1,0,0.000000,0.080000,0.008000,0.001000,5.500000,0.100000,22.000000,0.025000,0.000000
5.826000,0.500000,0.640000,-2.129222,0.000000,-2.129222,-0.159227,0.000000,0.159227,0.027161,-0.002040,0.030969,0.030969,0.003808,0.021145,0.023186,0.012738,0.014921,0.000031,0.020941,0.000204,0.510084,0.000000,0.510084,0.510084,0.510084,0.255042,0.255042,0,0,1,0,0.000000,0.080000,0.008000,0.001000,5.500000,0.100000,22.000000,0.025000,0.000000
5.831000,0.500000,0.640000,-2.130033,0.000000,-2.130033,-0.159382,0.000000,0.159382,0.027140,-0.002045,0.030969,0.030969,0.003829,0.021261,0.023306,0.012751,0.014927,0.000031,0.021057,0.000204,0.512731,0.000602,0.513333,0.513333,0.513333,0.256666,0.256666,0,0,1,0,0.000000,0.080000,0.008000,0.001000,5.500000,0.100000,22.000000,0.025000,0.000000
5.836000,0.500000,0.640000,-2.130845,0.000000,-2.130845,-0.159537,0.000000,0.159537,0.027140,-0.002045,0.030969,0.030969,0.003829,0.021261,0.023306,0.012763,0.014933,0.000031,0.021057,0.000204,0.512731,0.000000,0.512731,0.512731,0.512731,0.256366,0.256366,0,0,1,0,0.000000,0.080000,0.008000,0.001000,5.500000,0.100000,22.000000,0.025000,0.000000
5.841000,0.500000,0.640000,-2.131658,0.000000,-2.131658,-0.159695,0.000000,0.159695,0.027120,-0.002029,0.030969,0.030969,0.003849,0.021371,0.023400,0.012776,0.014940,0.000032,0.021168,0.000203,0.514794,0.000469,0.515263,0.515263,0.515263,0.257632,0.257632,0,0,1,0,0.000000,0.080000,0.008000,0.001000,5.500000,0.100000,22.000000,0.025000,0.000000
5.846000,0.500000,0.640000,-2.132472,0.000000,-2.132472,-0.159855,0.000000,0.159855,0.027120,-0.002029,0.030969,0.030969,0.003849,0.021371,0.023400,0.012788,0.014946,0.000032,0.021168,0.000203,0.514794,0.000000,0.514794,0.514794,0.514794,0.257397,0.257397,0,0,1,0,0.000000,0.080000,0.008000,0.001000,5.500000,0.100000,22.000000,0.025000,0.000000
5.855000,0.500000,0.640000,-2.133287,0.000000,-2.133287,-0.160016,0.000000,0.160016,0.027101,-0.001991,0.030969,0.030969,0.003868,0.021471,0.023462,0.012801,0.014958,0.000018,0.021272,0.000199,0.516171,0.000174,0.516344,0.516344,0.516344,0.258172,0.258172,0,0,1,0,0.000000,0.080000,0.008000,0.001000,5.500000,0.100000,22.000000,0.025000,0.000000
5.860000,0.500000,0.640000,-2.134103,0.000000,-2.134103,-0.160180,0.000000,0.160180,0.027083,-0.001939,0.030969,0.030969,0.003885,0.021563,0.023501,0.012814,0.014964,0.000033,0.021369,0.000194,0.517033,0.000196,0.517229,0.517229,0.517229,0.258614,0.258614,0,0,1,0,0.000000,0.080000,0.008000,0.001000,5.500000,0.100000,22.000000,0.025000,0.000000
5.865000,0.500000,0.640000,-2.134920,0.000000,-2.134920,-0.160345,0.000000,0.160345,0.027083,-0.001939,0.030969,0.030969,0.003885,0.021563,0.023501,0.012828,0.014971,0.000033,0.021369,0.000194,0.517033,0.000000,0.517033,0.517033,0.517033,0.258516,0.258516,0,0,1,0,0.000000,0.080000,0.008000,0.001000,5.500000,0.100000,22.000000,0.025000,0.000000
5.870000,0.500000,0.640000,-2.135738,0.000000,-2.135738,-0.160511,0.000000,0.160511,0.027083,-0.001939,0.030969,0.030969,0.003885,0.021563,0.023501,0.012841,0.014977,0.000033,0.021369,0.000194,0.517033,0.000000,0.517033,0.517033,0.517033,0.258516,0.258516,0,0,1,0,0.000000,0.080000,0.008000,0.001000,5.500000,0.100000,22.000000,0.025000,0.000000
5.875000,0.500000,0.640000,-2.136557,0.000000,-2.136557,-0.160680,0.000000,0.160680,0.027067,-0.001870,0.030969,0.030969,0.003902,0.021646,0.023516,0.012854,0.014983,0.000034,0.021459,0.000187,0.517357,0.000074,0.517431,0.517431,0.517431,0.258716,0.258716,0,0,1,0,0.000000,0.080000,0.008000,0.001000,5.500000,0.100000,22.000000,0.025000,0.000000
5.880000,0.500000,0.640000,-2.137377,0.000000,-2.137377,-0.160849,0.000000,0.160849,0.027067,-0.001870,0.030969,0.030969,0.003902,0.021646,0.023516,0.012868,0.014990,0.000034,0.021459,0.000187,0.517357,0.000000,0.517357,0.517357,0.517357,0.258679,0.258679,0,0,1,0,0.000000,0.080000,0.008000,0.001000,5.500000,0.100000,22.000000,0.025000,0.000000
5.885000,0.500000,0.640000,-2.138198,0.000000,-2.138198,-0.161020,0.000000,0.161020,0.027052,-0.001795,0.030969,0.030969,0.003917,0.021722,0.023517,0.012882,0.014996,0.000034,0.021543,0.000180,0.517383,0.000006,0.517389,0.517389,0.517389,0.258695,0.258695,0,0,1,0,0.000000,0.080000,0.008000,0.001000,5.500000,0.100000,22.000000,0.025000,0.000000
5.890000,0.500000,0.640000,-2.139020,0.000000,-2.139020,-0.161191,0.000000,0.161191,0.027052,-0.001795,0.030969,0.030969,0.003917,0.021722,0.023517,0.012895,0.015003,0.000034,0.021543,0.000180,0.517383,0.000000,0.517383,0.517383,0.517383,0.258692,0.258692,0,0,1,0,0.000000,0.080000,0.008000,0.001000,5.500000,0.100000,22.000000,0.025000,0.000000
5.895000,0.500000,0.640000,-2.139843,0.000000,-2.139843,-0.161363,0.000000,0.161363,0.027038,-0.001721,0.030969,0.030969,0.003931,0.021794,0.023514,0.012909,0.015009,0.000034,0.021622,0.000172,0.517316,-0.000015,0.517301,0.517301,0.517301,0.258650,0.258650,0,0,1,0,0.000000,0.080000,0.008000,0.001000,5.500000,0.100000,22.000000,0.025000,0.000000
5.904000,0.500000,0.640000,-2.141491,0.000000,-2.141491,-0.161706,0.000000,0.161706,0.027024,-0.001654,0.030969,0.030969,0.003945,0.021863,0.023517,0.012936,0.015021,0.000038,0.021698,0.000165,0.517383,0.000008,0.517392,0.517392,0.517392,0.258696,0.258696,0,0,1,0,0.000000,0.080000,0.008000,0.001000,5.500000,0.100000,22.000000,0.025000,0.000000
5.909000,0.500000,0.640000,-2.142316,0.000000,-2.142316,-0.161876,0.000000,0.161876,0.027024,-0.001654,0.030969,0.030969,0.003945,0.021863,0.023517,0.012950,0.015027,0.000034,0.021698,0.000165,0.517383,0.000000,0.517383,0.517383,0.517383,0.258692,0.258692,0,0,1,0,0.000000,0.080000,0.008000,0.001000,5.500000,0.100000,22.000000,0.025000,0.000000
5.914000,0.500000,0.640000,-2.143142,0.000000,-2.143142,-0.162046,0.000000,0.162046,0.027010,-0.001601,0.030969,0.030969,0.003959,0.021933,0.023535,0.012964,0.015034,0.000034,0.021773,0.000160,0.517762,0.000086,0.517848,0.517848,0.517848,0.258924,0.258924,0,0,1,0,0.000000,0.080000,0.008000,0.001000,5.500000,0.100000,22.000000,0.025000,0.000000
5.919000,0.500000,0.640000,-2.143969,0.000000,-2.143969,-0.162215,0.000000,0.162215,0.027010,-0.001601,0.030969,0.030969,0.003959,0.021933,0.023535,0.012977,0.015040,0.000034,0.021773,0.000160,0.517762,0.000000,0.517762,0.517762,0.517762,0.258881,0.258881,0,0,1,0,0.000000,0.080000,0.008000,0.001000,5.500000,0.100000,22.000000,0.025000,0.000000
5.924000,0.500000,0.640000,-2.144796,0.000000,-2.144796,-0.162383,0.000000,0.162383,0.026996,-0.001564,0.030969,0.030969,0.003973,0.022006,0.023570,0.012991,0.015047,0.000034,0.021850,0.000156,0.518547,0.000178,0.518725,0.518725,0.518725,0.259362,0.259362,0,0,1,0,0.000000,0.080000,0.008000,0.001000,5.500000,0.100000,22.000000,0.025000,0.000000
5.929000,0.500000,0.640000,-2.145625,0.000000,-2.145625,-0.162550,0.000000,0.162550,0.026996,-0.001564,0.030969,0.030969,0.003973,0.022006,0.023570,0.013004,0.015053,0.000033,0.021850,0.000156,0.518547,0.000000,0.518547,0.518547,0.518547,0.259273,0.259273,0,0,1,0,0.000000,0.080000,0.008000,0.001000,5.500000,0.100000,22.000000,0.025000,0.000000
5.934000,0.500000,0.640000,-2.146454,0.000000,-2.146454,-0.162716,0.000000,0.162716,0.026982,-0.001542,0.030969,0.030969,0.003987,0.022082,0.023625,0.013017,0.015060,0.000033,0.021928,0.000154,0.519746,0.000273,0.520019,0.520019,0.520019,0.260009,0.260009,0,0,1,0,0.000000,0.080000,0.008000,0.001000,5.500000,0.100000,22.000000,0.025000,0.000000
5.939000,0.500000,0.640000,-2.147284,0.000000,-2.147284,-0.162881,0.000000,0.162881,0.026982,-0.001542,0.030969,0.030969,0.003987,0.022082,0.023625,0.013031,0.015066,0.000033,0.021928,0.000154,0.519746,0.000000,0.519746,0.519746,0.519746,0.259873,0.259873,0,0,1,0,0.000000,0.080000,0.008000,0.001000,5.500000,0.100000,22.000000,0.025000,0.000000
5.944000,0.500000,0.640000,-2.148114,0.000000,-2.148114,-0.163046,0.000000,0.163046,0.026967,-0.001533,0.030969,0.030969,0.004002,0.022163,0.023695,0.013044,0.015073,0.000033,0.022009,0.000153,0.521292,0.000351,0.521644,0.521644,0.521644,0.260822,0.260822,0,0,1,0,0.000000,0.080000,0.008000,0.001000,5.500000,0.100000,22.000000,0.025000,0.000000
5.953000,0.500000,0.640000,-2.149778,0.000000,-2.149778,-0.163372,0.000000,0.163372,0.026952,-0.001530,0.030969,0.030969,0.004017,0.022245,0.023776,0.013070,0.015085,0.000036,0.022092,0.000153,0.523062,0.000223,0.523286,0.523286,0.523286,0.261643,0.261643,0,0,1,0,0.000000,0.080000,0.008000,0.001000,5.500000,0.100000,22.000000,0.025000,0.000000
5.958000,0.500000,0.640000,-2.150610,0.000000,-2.150610,-0.163535,0.000000,0.163535,0.026952,-0.001530,0.030969,0.030969,0.004017,0.022245,0.023776,0.013083,0.015091,0.000033,0.022092,0.000153,0.523062,0.000000,0.523062,0.523062,0.523062,0.261531,0.261531,0,0,1,0,0.000000,0.080000,0.008000,0.001000,5.500000,0.100000,22.000000,0.025000,0.000000
5.963000,0.500000,0.640000,-2.151444,0.000000,-2.151444,-0.163698,0.000000,0.163698,0.026937,-0.001529,0.030969,0.030969,0.004032,0.022329,0.023859,0.013096,0.015098,0.000033,0.022176,0.000153,0.524889,0.000415,0.525305,0.525305,0.525305,0.262652,0.262652,0,0,1,0,0.000000,0.080000,0.008000,0.001000,5.500000,0.100000,22.000000,0.025000,0.000000
5.968000,0.500000,0.640000,-2.152278,0.000000,-2.152278,-0.163861,0.000000,0.163861,0.026937,-0.001529,0.030969,0.030969,0.004032,0.022329,0.023859,0.013109,0.015104,0.000033,0.022176,0.000153,0.524889,0.000000,0.524889,0.524889,0.524889,0.262445,0.262445,0,0,1,0,0.000000,0.080000,0.008000,0.001000,5.500000,0.100000,22.000000,0.025000,0.000000
5.973000,0.500000,0.640000,-2.153114,0.000000,-2.153114,-0.164024,0.000000,0.164024,0.026921,-0.001526,0.030969,0.030969,0.004047,0.022413,0.023939,0.013122,0.015111,0.000033,0.022260,0.000153,0.526652,0.000401,0.527053,0.527053,0.527053,0.263526,0.263526,0,0,1,0,0.000000,0.080000,0.008000,0.001000,5.500000,0.100000,22.000000,0.025000,0.000000
5.978000,0.500000,0.640000,-2.153950,0.000000,-2.153950,-0.164188,0.000000,0.164188,0.026921,-0.001526,0.030969,0.030969,0.004047,0.022413,0.023939,0.013135,0.015117,0.000033,0.022260,0.000153,0.526652,0.000000,0.526652,0.526652,0.526652,0.263326,0.263326,0,0,1,0,0.000000,0.080000,0.008000,0.001000,5.500000,0.100000,22.000000,0.025000,0.000000
5.983000,0.500000,0.640000,-2.154787,0.000000,-2.154787,-0.164353,0.000000,0.164353,0.026906,-0.001516,0.030969,0.030969,0.004062,0.022494,0.024011,0.013148,0.015124,0.000033,0.022343,0.000152,0.528237,0.000360,0.528597,0.528597,0.528597,0.264299,0.264299,0,0,1,0,0.000000,0.080000,0.008000,0.001000,5.500000,0.100000,22.000000,0.025000,0.000000
5.988000,0.500000,0.640000,-2.155625,0.000000,-2.155625,-0.164518,0.000000,0.164518,0.026906,-0.001516,0.030969,0.030969,0.004062,0.022494,0.024011,0.013161,0.015130,0.000033,0.022343,0.000152,0.528237,0.000000,0.528237,0.528237,0.528237,0.264118,0.264118,0,0,1,0,0.000000,0.080000,0.008000,0.001000,5.500000,0.100000,22.000000,0.025000,0.000000
5.993000,0.500000,0.640000,-2.156464,0.000000,-2.156464,-0.164684,0.000000,0.164684,0.026892,-0.001499,0.030969,0.030969,0.004077,0.022573,0.024072,0.013175,0.015137,0.000033,0.022423,0.000150,0.529579,0.000305,0.529884,0.529884,0.529884,0.264942,0.264942,0,0,1,0,0.000000,0.080000,0.008000,0.001000,5.500000,0.100000,22.000000,0.025000,0.000000
6.002000,0.500000,0.640000,-2.158144,0.000000,-2.158144,-0.165018,0.000000,0.165018,0.026878,-0.001474,0.030969,0.030969,0.004091,0.022647,0.024121,0.013201,0.015149,0.000037,0.022499,0.000147,0.530665,0.000137,0.530802,0.530802,0.530802,0.265401,0.265401,0,0,1,0,0.000000,0.080000,0.008000,0.001000,5.500000,0.100000,22.000000,0.025000,0.000000
6.007000,0.500000,0.640000,-2.158986,0.000000,-2.158986,-0.165187,0.000000,0.165187,0.026878,-0.001474,0.030969,0.030969,0.004091,0.022647,0.024121,0.013215,0.015156,0.000034,0.022499,0.000147,0.530665,0.000000,0.530665,0.530665,0.530665,0.265333,0.265333,0,0,1,0,0.000000,0.080000,0.008000,0.001000,5.500000,0.100000,22.000000,0.025000,0.000000
6.012000,0.500000,0.640000,-2.159828,0.000000,-2.159828,-0.165357,0.000000,0.165357,0.026865,-0.001443,0.030969,0.030969,0.004104,0.022717,0.024160,0.013229,0.015162,0.000034,0.022573,0.000144,0.531514,0.000193,0.531707,0.531707,0.531707,0.265853,0.265853,0,0,1,0,0.000000,0.080000,0.008000,0.001000,5.500000,0.100000,22.000000,0.025000,0.000000
6.017000,0.500000,0.640000,-2.160672,0.000000,-2.160672,-0.165527,0.000000,0.165527,0.026865,-0.001443,0.030969,0.030969,0.004104,0.022717,0.024160,0.013242,0.015169,0.000034,0.022573,0.000144,0.531514,0.000000,0.531514,0.531514,0.531514,0.265757,0.265757,0,0,1,0,0.000000,0.080000,0.008000,0.001000,5.500000,0.100000,22.000000,0.025000,0.000000
6.022000,0.500000,0.640000,-2.161516,0.000000,-2.161516,-0.165697,0.000000,0.165697,0.026852,-0.001408,0.030969,0.030969,0.004117,0.022784,0.024192,0.013256,0.015175,0.000034,0.022643,0.000141,0.532222,0.000161,0.532383,0.532383,0.532383,0.266191,0.266191,0,0,1,0,0.000000,0.080000,0.008000,0.001000,5.500000,0.100000,22.000000,0.025000,0.000000
6.027000,0.500000,0.640000,-2.162361,0.000000,-2.162361,-0.165868,0.000000,0.165868,0.026852,-0.001408,0.030969,0.030969,0.004117,0.022784,0.024192,0.013269,0.015182,0.000034,0.022643,0.000141,0.532222,0.000000,0.532222,0.532222,0.532222,0.266111,0.266111,0,0,1,0,0.000000,0.080000,0.008000,0.001000,5.500000,0.100000,22.000000,0.025000,0.000000
6.032000,0.500000,0.640000,-2.163207,0.000000,-2.163207,-0.166039,0.000000,0.166039,0.026839,-0.001373,0.030969,0.030969,0.004129,0.022849,0.024222,0.013283,0.015189,0.000034,0.022712,0.000137,0.532880,0.000150,0.533030,0.533030,0.533030,0.266515,0.266515,0,0,1,0,0.000000,0.080000,0.008000,0.001000,5.500000,0.100000,22.000000,0.025000,0.000000
6.037000,0.500000,0.640000,-2.164054,0.000000,-2.164054,-0.166211,0.000000,0.166211,0.026839,-0.001373,0.030969,0.030969,0.004129,0.022849,0.024222,0.013297,0.015195,0.000034,0.022712,0.000137,0.532880,0.000000,0.532880,0.532880,0.532880,0.266440,0.266440,0,0,1,0,0.000000,0.080000,0.008000,0.001000,5.500000,0.100000,22.000000,0.025000,0.000000
6.046000,0.500000,0.640000,-2.165751,0.000000,-2.165751,-0.166554,0.000000,0.166554,0.026827,-0.001341,0.030969,0.030969,0.004142,0.022913,0.024254,0.013324,0.015207,0.000038,0.022778,0.000134,0.533580,0.000088,0.533668,0.533668,0.533668,0.266834,0.266834,0,0,1,0,0.000000,0.080000,0.008000,0.001000,5.500000,0.100000,22.000000,0.025000,0.000000
6.051000,0.500000,0.640000,-2.166600,0.000000,-2.166600,-0.166725,0.000000,0.166725,0.026815,-0.001317,0.030969,0.030969,0.004154,0.022977,0.024294,0.013338,0.015214,0.000034,0.022845,0.000132,0.534461,0.000200,0.534662,0.534662,0.534662,0.267331,0.267331,0,0,1,0,0.000000,0.080000,0.008000,0.001000,5.500000,0.100000,22.000000,0.025000,0.000000
6.056000,0.500000,0.640000,-2.167451,0.000000,-2.167451,-0.166895,0.000000,0.166895,0.026815,-0.001317,0.030969,0.030969,0.004154,0.022977,0.024294,0.013352,0.015221,0.000034,0.022845,0.000132,0.534461,0.000000,0.534461,0.534461,0.534461,0.267231,0.267231,0,0,1,0,0.000000,0.080000,0.008000,0.001000,5.500000,0.100000,22.000000,0.025000,0.000000
6.061000,0.500000,0.640000,-2.168302,0.000000,-2.168302,-0.167066,0.000000,0.167066,0.026803,-0.001298,0.030969,0.030969,0.004166,0.023042,0.024340,0.013365,0.015227,0.000034,0.022912,0.000130,0.535478,0.000231,0.535709,0.535709,0.535709,0.267855,0.267855,0,0,1,0,0.000000,0.080000,0.008000,0.001000,5.500000,0.100000,22.000000,0.025000,0.000000
6.066000,0.500000,0.640000,-2.169154,0.000000,-2.169154,-0.167236,0.000000,0.167236,0.026803,-0.001298,0.030969,0.030969,0.004166,0.023042,0.024340,0.013379,0.015234,0.000034,0.022912,0.000130,0.535478,0.000000,0.535478,0.535478,0.535478,0.267739,0.267739,0,0,1,0,0.000000,0.080000,0.008000,0.001000,5.500000,0.100000,22.000000,0.025000,0.000000
6.071000,0.500000,0.640000,-2.170007,0.000000,-2.170007,-0.167406,0.000000,0.167406,0.026791,-0.001285,0.030969,0.030969,0.004178,0.023108,0.024392,0.013392,0.015241,0.000034,0.022979,0.000128,0.536629,0.000262,0.536891,0.536891,0.536891,0.268445,0.268445,0,0,1,0,0.000000,0.080000,0.008000,0.001000,5.500000,0.100000,22.000000,0.025000,0.000000
6.076000,0.500000,0.640000,-2.170861,0.000000,-2.170861,-0.167575,0.000000,0.167575,0.026791,-0.001285,0.030969,0.030969,0.004178,0.023108,0.024392,0.013406,0.015247,0.000034,0.022979,0.000128,0.536629,0.000000,0.536629,0.536629,0.536629,0.268315,0.268315,0,0,1,0,0.000000,0.080000,0.008000,0.001000,5.500000,0.100000,22.000000,0.025000,0.000000
6.081000,0.500000,0.640000,-2.171715,0.000000,-2.171715,-0.167745,0.000000,0.167745,0.026778,-0.001275,0.030969,0.030969,0.004190,0.023175,0.024450,0.013420,0.015254,0.000034,0.023047,0.000128,0.537893,0.000287,0.538180,0.538180,0.538180,0.269090,0.269090,0,0,1,0,0.000000,0.080000,0.008000,0.001000,5.500000,0.100000,22.000000,0.025000,0.000000
6.086000,0.500000,0.640000,-2.172570,0.000000,-2.172570,-0.167915,0.000000,0.167915,0.026778,-0.001275,0.030969,0.030969,0.004190,0.023175,0.024450,0.013433,0.015261,0.000034,0.023047,0.000128,0.537893,0.000000,0.537893,0.537893,0.537893,0.268946,0.268946,0,0,1,0,0.000000,0.080000,0.008000,0.001000,5.500000,0.100000,22.000000,0.025000,0.000000
6.091000,0.500000,0.640000,-2.173427,0.000000,-2.173427,-0.168084,0.000000,0.168084,0.026766,-0.001268,0.030969,0.030969,0.004203,0.023242,0.024510,0.013447,0.015268,0.000034,0.023115,0.000127,0.539228,0.000303,0.539531,0.539531,0.539531,0.269766,0.269766,0,0,1,0,0.000000,0.080000,0.008000,0.001000,5.500000,0.100000,22.000000,0.025000,0.000000
6.096000,0.500000,0.640000,-2.174284,0.000000,-2.174284,-0.168253,0.000000,0.168253,0.026766,-0.001268,0.030969,0.030969,0.004203,0.023242,0.024510,0.013460,0.015274,0.000034,0.023115,0.000127,0.539228,0.000000,0.539228,0.539228,0.539228,0.269614,0.269614,0,0,1,0,0.000000,0.080000,0.008000,0.001000,5.500000,0.100000,22.000000,0.025000,0.000000
6.105000,0.500000,0.640000,-2.175141,0.000000,-2.175141,-0.168423,0.000000,0.168423,0.026754,-0.001262,0.030969,0.030969,0.004215,0.023310,0.024572,0.013474,0.015286,0.000019,0.023184,0.000126,0.540586,0.000171,0.540757,0.540757,0.540757,0.270379,0.270379,0,0,1,0,0.000000,0.080000,0.008000,0.001000,5.500000,0.100000,22.000000,0.025000,0.000000
6.110000,0.500000,0.640000,-2.176000,0.000000,-2.176000,-0.168593,0.000000,0.168593,0.026741,-0.001261,0.030969,0.030969,0.004228,0.023378,0.024639,0.013487,0.015293,0.000034,0.023252,0.000126,0.542056,0.000334,0.542391,0.542391,0.542391,0.271195,0.271195,0,0,1,0,0.000000,0.080000,0.008000,0.001000,5.500000,0.100000,22.000000,0.025000,0.000000
6.115000,0.500000,0.640000,-2.176860,0.000000,-2.176860,-0.168762,0.000000,0.168762,0.026741,-0.001261,0.030969,0.030969,0.004228,0.023378,0.024639,0.013501,0.015300,0.000034,0.023252,0.000126,0.542056,0.000000,0.542056,0.542056,0.542056,0.271028,0.271028,0,0,1,0,0.000000,0.080000,0.008000,0.001000,5.500000,0.100000,22.000000,0.025000,0.000000
6.120000,0.500000,0.640000,-2.177720,0.000000,-2.177720,-0.168931,0.000000,0.168931,0.026741,-0.001261,0.030969,0.030969,0.004228,0.023378,0.024639,0.013515,0.015307,0.000034,0.023252,0.000126,0.542056,0.000000,0.542056,0.542056,0.542056,0.271028,0.271028,0,0,1,0,0.000000,0.080000,0.008000,0.001000,5.500000,0.100000,22.000000,0.025000,0.000000
6.125000,0.500000,0.640000,-2.178581,0.000000,-2.178581,-0.169102,0.000000,0.169102,0.026729,-0.001255,0.030969,0.030969,0.004240,0.023446,0.024701,0.013528,0.015313,0.000034,0.023320,0.000126,0.543430,0.000312,0.543742,0.543742,0.543742,0.271871,0.271871,0,0,1,0,0.000000,0.080000,0.008000,0.001000,5.500000,0.100000,22.000000,0.025000,0.000000
6.130000,0.500000,0.640000,-2.179444,0.000000,-2.179444,-0.169272,0.000000,0.169272,0.026729,-0.001255,0.030969,0.030969,0.004240,0.023446,0.024701,0.013542,0.015320,0.000034,0.023320,0.000126,0.543430,0.000000,0.543430,0.543430,0.543430,0.271715,0.271715,0,0,1,0,0.000000,0.080000,0.008000,0.001000,5.500000,0.100000,22.000000,0.025000,0.000000
6.135000,0.500000,0.640000,-2.180307,0.000000,-2.180307,-0.169442,0.000000,0.169442,0.026716,-0.001251,0.030969,0.030969,0.004252,0.023513,0.024764,0.013555,0.015327,0.000034,0.023388,0.000125,0.544805,0.000312,0.545117,0.545117,0.545117,0.272559,0.272559,0,0,1,0,0.000000,0.080000,0.008000,0.001000,5.500000,0.100000,22.000000,0.025000,0.000000
6.140000,0.500000,0.640000,-2.181171,0.000000,-2.181171,-0.169613,0.000000,0.169613,0.026716,-0.001251,0.030969,0.030969,0.004252,0.023513,0.024764,0.013569,0.015334,0.000034,0.023388,0.000125,0.544805,0.000000,0.544805,0.544805,0.544805,0.272402,0.272402,0,0,1,0,0.000000,0.080000,0.008000,0.001000,5.500000,0.100000,22.000000,0.025000,0.000000
6.149000,0.500000,0.640000,-2.182901,0.000000,-2.182901,-0.169957,0.000000,0.169957,0.026704,-0.001239,0.030969,0.030969,0.004264,0.023579,0.024818,0.013597,0.015346,0.000038,0.023455,0.000124,0.545990,0.000150,0.546140,0.546140,0.546140,0.273070,0.273070,0,0,1,0,0.000000,0.080000,0.008000,0.001000,5.500000,0.100000,22.000000,0.025000,0.000000
6.154000,0.500000,0.640000,-2.183768,0.000000,-2.183768,-0.170129,0.000000,0.170129,0.026692,-0.001227,0.030969,0.030969,0.004276,0.023642,0.024869,0.013610,0.015353,0.000034,0.023519,0.000123,0.547125,0.000258,0.547383,0.547383,0.547383,0.273692,0.273692,0,0,1,0,0.000000,0.080000,0.008000,0.001000,5.500000,0.100000,22.000000,0.025000,0.000000
6.159000,0.500000,0.640000,-2.184636,0.000000,-2.184636,-0.170302,0.000000,0.170302,0.026692,-0.001227,0.030969,0.030969,0.004276,0.023642,0.024869,0.013624,0.015360,0.000035,0.023519,0.000123,0.547125,0.000000,0.547125,0.547125,0.547125,0.273563,0.273563,0,0,1,0,0.000000,0.080000,0.008000,0.001000,5.500000,0.100000,22.000000,0.025000,0.000000
6.164000,0.500000,0.640000,-2.185504,0.000000,-2.185504,-0.170476,0.000000,0.170476,0.026681,-0.001210,0.030969,0.030969,0.004288,0.023704,0.024914,0.013638,0.015366,0.000035,0.023583,0.000121,0.548100,0.000222,0.548322,0.548322,0.548322,0.274161,0.274161,0,0,1,0,0.000000,0.080000,0.008000,0.001000,5.500000,0.100000,22.000000,0.025000,0.000000
6.169000,0.500000,0.640000,-2.186373,0.000000,-2.186373,-0.170650,0.000000,0.170650,0.026681,-0.001210,0.030969,0.030969,0.004288,0.023704,0.024914,0.013652,0.015373,0.000035,0.023583,0.000121,0.548100,0.000000,0.548100,0.548100,0.548100,0.274050,0.274050,0,0,1,0,0.000000,0.080000,0.008000,0.001000,5.500000,0.100000,22.000000,0.025000,0.000000
6.174000,0.500000,0.640000,-2.187244,0.000000,-2.187244,-0.170825,0.000000,0.170825,0.026670,-0.001189,0.030969,0.030969,0.004299,0.023763,0.024953,0.013666,0.015380,0.000035,0.023645,0.000119,0.548960,0.000195,0.549156,0.549156,0.549156,0.274578,0.274578,0,0,1,0,0.000000,0.080000,0.008000,0.001000,5.500000,0.100000,22.000000,0.025000,0.000000
6.179000,0.500000,0.640000,-2.188115,0.000000,-2.188115,-0.170999,0.000000,0.170999,0.026670,-0.001189,0.030969,0.030969,0.004299,0.023763,0.024953,0.013680,0.015387,0.000035,0.023645,0.000119,0.548960,0.000000,0.548960,0.548960,0.548960,0.274480,0.274480,0,0,1,0,0.000000,0.080000,0.008000,0.001000,5.500000,0.100000,22.000000,0.025000,0.000000
6.184000,0.500000,0.640000,-2.188987,0.000000,-2.188987,-0.171175,0.000000,0.171175,0.026659,-0.001168,0.030969,0.030969,0.004310,0.023821,0.024990,0.013694,0.015394,0.000035,0.023705,0.000117,0.549770,0.000184,0.549954,0.549954,0.549954,0.274977,0.274977,0,0,1,0,0.000000,0.080000,0.008000,0.001000,5.500000,0.100000,22.000000,0.025000,0.000000
6.189000,0.500000,0.640000,-2.189860,0.000000,-2.189860,-0.171350,0.000000,0.171350,0.026659,-0.001168,0.030969,0.030969,0.004310,0.023821,0.024990,0.013708,0.015401,0.000035,0.023705,0.000117,0.549770,0.000000,0.549770,0.549770,0.549770,0.274885,0.274885,0,0,1,0,0.000000,0.080000,0.008000,0.001000,5.500000,0.100000,22.000000,0.025000,0.000000
6.194000,0.500000,0.640000,-2.190734,0.000000,-2.190734,-0.171526,0.000000,0.171526,0.026648,-0.001149,0.030969,0.030969,0.004321,0.023878,0.025027,0.013722,0.015408,0.000035,0.023763,0.000115,0.550594,0.000187,0.550782,0.550782,0.550782,0.275391,0.275391,0,0,1,0,0.000000,0.080000,0.008000,0.001000,5.500000,0.100000,22.000000,0.025000,0.000000
6.202000,0.500000,0.640000,-2.192485,0.000000,-2.192485,-0.171877,0.000000,0.171877,0.026637,-0.001132,0.030969,0.030969,0.004331,0.023935,0.025068,0.013750,0.015419,0.000044,0.023822,0.000113,0.551489,0.000127,0.551616,0.551616,0.551616,0.275808,0.275808,0,0,1,0,0.000000,0.080000,0.008000,0.001000,5.500000,0.100000,22.000000,0.025000,0.000000
6.207000,0.500000,0.640000,-2.193361,0.000000,-2.193361,-0.172053,0.000000,0.172053,0.026637,-0.001132,0.030969,0.030969,0.004331,0.023935,0.025068,0.013764,0.015425,0.000035,0.023822,0.000113,0.551489,0.000000,0.551489,0.551489,0.551489,0.275745,0.275745,0,0,1,0,0.000000,0.080000,0.008000,0.001000,5.500000,0.100000,22.000000,0.025000,0.000000
6.212000,0.500000,0.640000,-2.194239,0.000000,-2.194239,-0.172228,0.000000,0.172228,0.026627,-0.001120,0.030969,0.030969,0.004342,0.023993,0.025113,0.013778,0.015432,0.000035,0.023881,0.000112,0.552479,0.000225,0.552704,0.552704,0.552704,0.276352,0.276352,0,0,1,0,0.000000,0.080000,0.008000,0.001000,5.500000,0.100000,22.000000,0.025000,0.000000
6.217000,0.500000,0.640000,-2.195117,0.000000,-2.195117,-0.172403,0.000000,0.172403,0.026627,-0.001120,0.030969,0.030969,0.004342,0.023993,0.025113,0.013792,0.015439,0.000035,0.023881,0.000112,0.552479,0.000000,0.552479,0.552479,0.552479,0.276240,0.276240,0,0,1,0,0.000000,0.080000,0.008000,0.001000,5.500000,0.100000,22.000000,0.025000,0.000000
6.222000,0.500000,0.640000,-2.195996,0.000000,-2.195996,-0.172578,0.000000,0.172578,0.026616,-0.001112,0.030969,0.030969,0.004353,0.024051,0.025163,0.013806,0.015446,0.000035,0.023940,0.000111,0.553591,0.000253,0.553843,0.553843,0.553843,0.276922,0.276922,0,0,1,0,0.000000,0.080000,0.008000,0.001000,5.500000,0.100000,22.000000,0.025000,0.000000
6.231000,0.500000,0.640000,-2.197757,0.000000,-2.197757,-0.172928,0.000000,0.172928,0.026605,-0.001108,0.030969,0.030969,0.004364,0.024111,0.025219,0.013834,0.015459,0.000039,0.024000,0.000111,0.554813,0.000154,0.554968,0.554968,0.554968,0.277484,0.277484,0,0,1,0,0.000000,0.080000,0.008000,0.001000,5.500000,0.100000,22.000000,0.025000,0.000000
6.236000,0.500000,0.640000,-2.198639,0.000000,-2.198639,-0.173103,0.000000,0.173103,0.026605,-0.001108,0.030969,0.030969,0.004364,0.024111,0.025219,0.013848,0.015465,0.000035,0.024000,0.000111,0.554813,0.000000,0.554813,0.554813,0.554813,0.277407,0.277407,0,0,1,0,0.000000,0.080000,0.008000,0.001000,5.500000,0.100000,22.000000,0.025000,0.000000
6.241000,0.500000,0.640000,-2.199522,0.000000,-2.199522,-0.173278,0.000000,0.173278,0.026594,-0.001107,0.030969,0.030969,0.004375,0.024171,0.025278,0.013862,0.015472,0.000035,0.024060,0.000111,0.556105,0.000294,0.556399,0.556399,0.556399,0.278200,0.278200,0,0,1,0,0.000000,0.080000,0.008000,0.001000,5.500000,0.100000,22.000000,0.025000,0.000000
6.246000,0.500000,0.640000,-2.200405,0.000000,-2.200405,-0.173452,0.000000,0.173452,0.026594,-0.001107,0.030969,0.030969,0.004375,0.024171,0.025278,0.013876,0.015479,0.000035,0.024060,0.000111,0.556105,0.000000,0.556105,0.556105,0.556105,0.278053,0.278053,0,0,1,0,0.000000,0.080000,0.008000,0.001000,5.500000,0.100000,22.000000,0.025000,0.000000
6.251000,0.500000,0.640000,-2.201290,0.000000,-2.201290,-0.173627,0.000000,0.173627,0.026583,-0.001107,0.030969,0.030969,0.004386,0.024232,0.025338,0.013890,0.015486,0.000035,0.024121,0.000111,0.557444,0.000304,0.557748,0.557748,0.557748,0.278874,0.278874,0,0,1,0,0.000000,0.080000,0.008000,0.001000,5.500000,0.100000,22.000000,0.025000,0.000000
6.256000,0.500000,0.640000,-2.202175,0.000000,-2.202175,-0.173802,0.000000,0.173802,0.026583,-0.001107,0.030969,0.030969,0.004386,0.024232,0.025338,0.013904,0.015493,0.000035,0.024121,0.000111,0.557444,0.000000,0.557444,0.557444,0.557444,0.278722,0.278722,0,0,1,0,0.000000,0.080000,0.008000,0.001000,5.500000,0.100000,22.000000,0.025000,0.000000
6.261000,0.500000,0.640000,-2.203061,0.000000,-2.203061,-0.173977,0.000000,0.173977,0.026572,-0.001107,0.030969,0.030969,0.004397,0.024293,0.025399,0.013918,0.015500,0.000035,0.024182,0.000111,0.558787,0.000305,0.559092,0.559092,0.559092,0.279546,0.279546,0,0,1,0,0.000000,0.080000,0.008000,0.001000,5.500000,0.100000,22.000000,0.025000,0.000000
6.270000,0.500000,0.640000,-2.204836,0.000000,-2.204836,-0.174328,0.000000,0.174328,0.026561,-0.001105,0.030969,0.030969,0.004408,0.024353,0.025459,0.013946,0.015513,0.000039,0.024243,0.000111,0.560097,0.000165,0.560262,0.560262,0.560262,0.280131,0.280131,0,0,1,0,0.000000,0.080000,0.008000,0.001000,5.500000,0.100000,22.000000,0.025000,0.000000
6.275000,0.500000,0.640000,-2.204836,0.000000,-2.204836,-0.174328,0.000000,0.174328,0.026561,-0.001105,0.030969,0.030969,0.004408,0.024353,0.025459,0.013946,0.015520,0.000000,0.024243,0.000111,0.560097,0.000000,0.560097,0.560097,0.560097,0.280048,0.280048,0,0,1,0,0.000000,0.080000,0.008000,0.001000,5.500000,0.100000,22.000000,0.025000,0.000000
6.280000,0.500000,0.640000,-2.205725,0.000000,-2.205725,-0.174504,0.000000,0.174504,0.026550,-0.001102,0.030969,0.030969,0.004419,0.024413,0.025515,0.013960,0.015527,0.000035,0.024303,0.000110,0.561331,0.000281,0.561612,0.561612,0.561612,0.280806,0.280806,0,0,1,0,0.000000,0.080000,0.008000,0.001000,5.500000,0.100000,22.000000,0.025000,0.000000
6.285000,0.500000,0.640000,-2.206615,0.000000,-2.206615,-0.174680,0.000000,0.174680,0.026550,-0.001102,0.030969,0.030969,0.004419,0.024413,0.025515,0.013974,0.015534,0.000035,0.024303,0.000110,0.561331,0.000000,0.561331,0.561331,0.561331,0.280666,0.280666,0,0,1,0,0.000000,0.080000,0.008000,0.001000,5.500000,0.100000,22.000000,0.025000,0.000000
6.290000,0.500000,0.640000,-2.207505,0.000000,-2.207505,-0.174856,0.000000,0.174856,0.026550,-0.001102,0.030969,0.030969,0.004419,0.024413,0.025515,0.013989,0.015541,0.000035,0.024303,0.000110,0.561331,0.000000,0.561331,0.561331,0.561331,0.280666,0.280666,0,0,1,0,0.000000,0.080000,0.008000,0.001000,5.500000,0.100000,22.000000,0.025000,0.000000
6.295000,0.500000,0.640000,-2.208397,0.000000,-2.208397,-0.175033,0.000000,0.175033,0.026539,-0.001096,0.030969,0.030969,0.004430,0.024472,0.025568,0.014003,0.015548,0.000035,0.024363,0.000110,0.562502,0.000266,0.562767,0.562767,0.562767,0.281384,0.281384,0,0,1,0,0.000000,0.080000,0.008000,0.001000,5.500000,0.100000,22.000000,0.025000,0.000000
6.300000,0.500000,0.640000,-2.209290,0.000000,-2.209290,-0.175211,0.000000,0.175211,0.026539,-0.001096,0.030969,0.030969,0.004430,0.024472,0.025568,0.014017,0.015555,0.000035,0.024363,0.000110,0.562502,0.000000,0.562502,0.562502,0.562502,0.281251,0.281251,0,0,1,0,0.000000,0.080000,0.008000,0.001000,5.500000,0.100000,22.000000,0.025000,0.000000
6.305000,0.500000,0.640000,-2.210183,0.000000,-2.210183,-0.175388,0.000000,0.175388,0.026528,-0.001093,0.030969,0.030969,0.004440,0.024531,0.025624,0.014031,0.015562,0.000035,0.024422,0.000109,0.563728,0.000279,0.564006,0.564006,0.564006,0.282003,0.282003,0,0,1,0,0.000000,0.080000,0.008000,0.001000,5.500000,0.100000,22.000000,0.025000,0.000000
6.314000,0.500000,0.640000,-2.211972,0.000000,-2.211972,-0.175743,0.000000,0.175743,0.026518,-0.001087,0.030969,0.030969,0.004451,0.024589,0.025677,0.014059,0.015574,0.000039,0.024481,0.000109,0.564889,0.000147,0.565036,0.565036,0.565036,0.282518,0.282518,0,0,1,0,0.000000,0.080000,0.008000,0.001000,5.500000,0.100000,22.000000,0.025000,0.000000
6.319000,0.500000,0.640000,-2.212869,0.000000,-2.212869,-0.175921,0.000000,0.175921,0.026518,-0.001087,0.030969,0.030969,0.004451,0.024589,0.025677,0.014074,0.015581,0.000036,0.024481,0.000109,0.564889,0.000000,0.564889,0.564889,0.564889,0.282445,0.282445,0,0,1,0,0.000000,0.080000,0.008000,0.001000,5.500000,0.100000,22.000000,0.025000,0.000000
6.324000,0.500000,0.640000,-2.213766,0.000000,-2.213766,-0.176099,0.000000,0.176099,0.026507,-0.001079,0.030969,0.030969,0.004462,0.024646,0.025726,0.014088,0.015588,0.000036,0.024539,0.000108,0.565961,0.000244,0.566205,0.566205,0.566205,0.283102,0.283102,0,0,1,0,0.000000,0.080000,0.008000,0.001000,5.500000,0.100000,22.000000,0.025000,0.000000
6.329000,0.500000,0.640000,-2.214664,0.000000,-2.214664,-0.176278,0.000000,0.176278,0.026507,-0.001079,0.030969,0.030969,0.004462,0.024646,0.025726,0.014102,0.015595,0.000036,0.024539,0.000108,0.565961,0.000000,0.565961,0.565961,0.565961,0.282981,0.282981,0,0,1,0,0.000000,0.080000,0.008000,0.001000,5.500000,0.100000,22.000000,0.025000,0.000000
6.334000,0.500000,0.640000,-2.215563,0.000000,-2.215563,-0.176458,0.000000,0.176458,0.026497,-0.001069,0.030969,0.030969,0.004472,0.024703,0.025772,0.014117,0.015603,0.000036,0.024596,0.000107,0.566986,0.000233,0.567219,0.567219,0.567219,0.283610,0.283610,0,0,1,0,0.000000,0.080000,0.008000,0.001000,5.500000,0.100000,22.000000,0.025000,0.000000
6.339000,0.500000,0.640000,-2.216463,0.000000,-2.216463,-0.176637,0.000000,0.176637,0.026497,-0.001069,0.030969,0.030969,0.004472,0.024703,0.025772,0.014131,0.015610,0.000036,0.024596,0.000107,0.566986,0.000000,0.566986,0.566986,0.566986,0.283493,0.283493,0,0,1,0,0.000000,0.080000,0.008000,0.001000,5.500000,0.100000,22.000000,0.025000,0.000000
6.344000,0.500000,0.640000,-2.217363,0.000000,-2.217363,-0.176817,0.000000,0.176817,0.026487,-0.001060,0.030969,0.030969,0.004482,0.024758,0.025818,0.014145,0.015617,0.000036,0.024652,0.000106,0.567994,0.000229,0.568223,0.568223,0.568223,0.284111,0.284111,0,0,1,0,0.000000,0.080000,0.008000,0.001000,5.500000,0.100000,22.000000,0.025000,0.000000
6.349000,0.500000,0.640000,-2.218265,0.000000,-2.218265,-0.176997,0.000000,0.176997,0.026487,-0.001060,0.030969,0.030969,0.004482,0.024758,0.025818,0.014160,0.015624,0.000036,0.024652,0.000106,0.567994,0.000000,0.567994,0.567994,0.567994,0.283997,0.283997,0,0,1,0,0.000000,0.080000,0.008000,0.001000,5.500000,0.100000,22.000000,0.025000,0.000000
6.354000,0.500000,0.640000,-2.219168,0.000000,-2.219168,-0.177177,0.000000,0.177177,0.026476,-0.001051,0.030969,0.030969,0.004492,0.024813,0.025864,0.014174,0.015631,0.000036,0.024708,0.000105,0.569015,0.000232,0.569247,0.569247,0.569247,0.284623,0.284623,0,0,1,0,0.000000,0.080000,0.008000,0.001000,5.500000,0.100000,22.000000,0.025000,0.000000
6.363000,0.500000,0.640000,-2.220976,0.000000,-2.220976,-0.177537,0.000000,0.177537,0.026466,-0.001044,0.030969,0.030969,0.004503,0.024868,0.025912,0.014203,0.015644,0.000040,0.024764,0.000104,0.570073,0.000134,0.570206,0.570206,0.570206,0.285103,0.285103,0,0,1,0,0.000000,0.080000,0.008000,0.001000,5.500000,0.100000,22.000000,0.025000,0.000000
6.368000,0.500000,0.640000,-2.221881,0.000000,-2.221881,-0.177717,0.000000,0.177717,0.026466,-0.001044,0.030969,0.030969,0.004503,0.024868,0.025912,0.014217,0.015651,0.000036,0.024764,0.000104,0.570073,0.000000,0.570073,0.570073,0.570073,0.285036,0.285036,0,0,1,0,0.000000,0.080000,0.008000,0.001000,5.500000,0.100000,22.000000,0.025000,0.000000
6.373000,0.500000,0.640000,-2.222787,0.000000,-2.222787,-0.177898,0.000000,0.177898,0.026456,-0.001039,0.030969,0.030969,0.004513,0.024924,0.025962,0.014232,0.015658,0.000036,0.024820,0.000104,0.571171,0.000250,0.571421,0.571421,0.571421,0.285711,0.285711,0,0,1,0,0.000000,0.080000,0.008000,0.001000,5.500000,0.100000,22.000000,0.025000,0.000000
6.378000,0.500000,0.640000,-2.223695,0.000000,-2.223695,-0.178078,0.000000,0.178078,0.026456,-0.001039,0.030969,0.030969,0.004513,0.024924,0.025962,0.014246,0.015665,0.000036,0.024820,0.000104,0.571171,0.000000,0.571171,0.571171,0.571171,0.285586,0.285586,0,0,1,0,0.000000,0.080000,0.008000,0.001000,5.500000,0.100000,22.000000,0.025000,0.000000
6.383000,0.500000,0.640000,-2.224603,0.000000,-2.224603,-0.178259,0.000000,0.178259,0.026446,-0.001035,0.030969,0.030969,0.004523,0.024980,0.026015,0.014261,0.015672,0.000036,0.024876,0.000104,0.572330,0.000263,0.572594,0.572594,0.572594,0.286297,0.286297,0,0,1,0,0.000000,0.080000,0.008000,0.001000,5.500000,0.100000,22.000000,0.025000,0.000000
6.388000,0.500000,0.640000,-2.225512,0.000000,-2.225512,-0.178439,0.000000,0.178439,0.026446,-0.001035,0.030969,0.030969,0.004523,0.024980,0.026015,0.014275,0.015679,0.000036,0.024876,0.000104,0.572330,0.000000,0.572330,0.572330,0.572330,0.286165,0.286165,0,0,1,0,0.000000,0.080000,0.008000,0.001000,5.500000,0.100000,22.000000,0.025000,0.000000
6.393000,0.500000,0.640000,-2.226421,0.000000,-2.226421,-0.178620,0.000000,0.178620,0.026436,-0.001034,0.030969,0.030969,0.004533,0.025036,0.026070,0.014290,0.015686,0.000036,0.024933,0.000103,0.573543,0.000276,0.573819,0.573819,0.573819,0.286909,0.286909,0,0,1,0,0.000000,0.080000,0.008000,0.001000,5.500000,0.100000,22.000000,0.025000,0.000000
6.398000,0.500000,0.640000,-2.227332,0.000000,-2.227332,-0.178800,0.000000,0.178800,0.026436,-0.001034,0.030969,0.030969,0.004533,0.025036,0.026070,0.014304,0.015694,0.000036,0.024933,0.000103,0.573543,0.000000,0.573543,0.573543,0.573543,0.286772,0.286772,0,0,1,0,0.000000,0.080000,0.008000,0.001000,5.500000,0.100000,22.000000,0.025000,0.000000
6.403000,0.500000,0.640000,-2.228244,0.000000,-2.228244,-0.178981,0.000000,0.178981,0.026425,-0.001034,0.030969,0.030969,0.004544,0.025093,0.026127,0.014318,0.015701,0.000036,0.024989,0.000103,0.574796,0.000285,0.575080,0.575080,0.575080,0.287540,0.287540,0,0,1,0,0.000000,0.080000,0.008000,0.001000,5.500000,0.100000,22.000000,0.025000,0.000000
6.408000,0.500000,0.640000,-2.229157,0.000000,-2.229157,-0.179161,0.000000,0.179161,0.026425,-0.001034,0.030969,0.030969,0.004544,0.025093,0.026127,0.014333,0.015708,0.000036,0.024989,0.000103,0.574796,0.000000,0.574796,0.574796,0.574796,0.287398,0.287398,0,0,1,0,0.000000,0.080000,0.008000,0.001000,5.500000,0.100000,22.000000,0.025000,0.000000
6.417000,0.500000,0.640000,-2.230985,0.000000,-2.230985,-0.179523,0.000000,0.179523,0.026415,-0.001035,0.030969,0.030969,0.004554,0.025150,0.026185,0.014362,0.015721,0.000040,0.025047,0.000103,0.576068,0.000161,0.576229,0.576229,0.576229,0.288114,0.288114,0,0,1,0,0.000000,0.080000,0.008000,0.001000,5.500000,0.100000,22.000000,0.025000,0.000000
6.422000,0.500000,0.640000,-2.231900,0.000000,-2.231900,-0.179704,0.000000,0.179704,0.026404,-0.001040,0.030969,0.030969,0.004564,0.025208,0.026248,0.014376,0.015728,0.000036,0.025104,0.000104,0.577467,0.000318,0.577784,0.577784,0.577784,0.288892,0.288892,0,0,1,0,0.000000,0.080000,0.008000,0.001000,5.500000,0.100000,22.000000,0.025000,0.000000
6.427000,0.500000,0.640000,-2.232816,0.000000,-2.232816,-0.179884,0.000000,0.179884,0.026404,-0.001040,0.030969,0.030969,0.004564,0.025208,0.026248,0.014391,0.015735,0.000036,0.025104,0.000104,0.577467,0.000000,0.577467,0.577467,0.577467,0.288733,0.288733,0,0,1,0,0.000000,0.080000,0.008000,0.001000,5.500000,0.100000,22.000000,0.025000,0.000000
6.432000,0.500000,0.640000,-2.233733,0.000000,-2.233733,-0.180066,0.000000,0.180066,0.026394,-0.001043,0.030969,0.030969,0.004575,0.025267,0.026310,0.014405,0.015742,0.000036,0.025163,0.000104,0.578812,0.000306,0.579118,0.579118,0.579118,0.289559,0.289559,0,0,1,0,0.000000,0.080000,0.008000,0.001000,5.500000,0.100000,22.000000,0.025000,0.000000
6.437000,0.500000,0.640000,-2.234651,0.000000,-2.234651,-0.180247,0.000000,0.180247,0.026394,-0.001043,0.030969,0.030969,0.004575,0.025267,0.026310,0.014420,0.015750,0.000036,0.025163,0.000104,0.578812,0.000000,0.578812,0.578812,0.578812,0.289406,0.289406,0,0,1,0,0.000000,0.080000,0.008000,0.001000,5.500000,0.100000,22.000000,0.025000,0.000000
6.442000,0.500000,0.640000,-2.235570,0.000000,-2.235570,-0.180429,0.000000,0.180429,0.026383,-0.001042,0.030969,0.030969,0.004586,0.025325,0.026367,0.014434,0.015757,0.000036,0.025220,0.000104,0.580076,0.000287,0.580363,0.580363,0.580363,0.290182,0.290182,0,0,1,0,0.000000,0.080000,0.008000,0.001000,5.500000,0.100000,22.000000,0.025000,0.000000
6.447000,0.500000,0.640000,-2.236490,0.000000,-2.236490,-0.180611,0.000000,0.180611,0.026383,-0.001042,0.030969,0.030969,0.004586,0.025325,0.026367,0.014449,0.015764,0.000036,0.025220,0.000104,0.580076,0.000000,0.580076,0.580076,0.580076,0.290038,0.290038,0,0,1,0,0.000000,0.080000,0.008000,0.001000,5.500000,0.100000,22.000000,0.025000,0.000000
6.452000,0.500000,0.640000,-2.237411,0.000000,-2.237411,-0.180794,0.000000,0.180794,0.026373,-0.001039,0.030969,0.030969,0.004596,0.025381,0.026421,0.014464,0.015771,0.000037,0.025277,0.000104,0.581253,0.000268,0.581521,0.581521,0.581521,0.290761,0.290761,0,0,1,0,0.000000,0.080000,0.008000,0.001000,5.500000,0.100000,22.000000,0.025000,0.000000
6.457000,0.500000,0.640000,-2.238333,0.000000,-2.238333,-0.180977,0.000000,0.180977,0.026373,-0.001039,0.030969,0.030969,0.004596,0.025381,0.026421,0.014478,0.015779,0.000037,0.025277,0.000104,0.581253,0.000000,0.581253,0.581253,0.581253,0.290627,0.290627,0,0,1,0,0.000000,0.080000,0.008000,0.001000,5.500000,0.100000,22.000000,0.025000,0.000000
6.462000,0.500000,0.640000,-2.239256,0.000000,-2.239256,-0.181161,0.000000,0.181161,0.026363,-0.001034,0.030969,0.030969,0.004606,0.025437,0.026471,0.014493,0.015786,0.000037,0.025333,0.000103,0.582357,0.000251,0.582607,0.582607,0.582607,0.291304,0.291304,0,0,1,0,0.000000,0.080000,0.008000,0.001000,5.500000,0.100000,22.000000,0.025000,0.000000
6.471000,0.500000,0.640000,-2.241105,0.000000,-2.241105,-0.181529,0.000000,0.181529,0.026353,-0.001027,0.030969,0.030969,0.004616,0.025492,0.026519,0.014522,0.015799,0.000041,0.025389,0.000103,0.583409,0.000133,0.583542,0.583542,0.583542,0.291771,0.291771,0,0,1,0,0.000000,0.080000,0.008000,0.001000,5.500000,0.100000,22.000000,0.025000,0.000000
6.476000,0.500000,0.640000,-2.242030,0.000000,-2.242030,-0.181713,0.000000,0.181713,0.026353,-0.001027,0.030969,0.030969,0.004616,0.025492,0.026519,0.014537,0.015806,0.000037,0.025389,0.000103,0.583409,0.000000,0.583409,0.583409,0.583409,0.291705,0.291705,0,0,1,0,0.000000,0.080000,0.008000,0.001000,5.500000,0.100000,22.000000,0.025000,0.000000
6.481000,0.500000,0.640000,-2.242957,0.000000,-2.242957,-0.181898,0.000000,0.181898,0.026343,-0.001020,0.030969,0.030969,0.004626,0.025545,0.026565,0.014552,0.015813,0.000037,0.025443,0.000102,0.584429,0.000232,0.584661,0.584661,0.584661,0.292331,0.292331,0,0,1,0,0.000000,0.080000,0.008000,0.001000,5.500000,0.100000,22.000000,0.025000,0.000000
6.486000,0.500000,0.640000,-2.243885,0.000000,-2.243885,-0.182083,0.000000,0.182083,0.026343,-0.001020,0.030969,0.030969,0.004626,0.025545,0.026565,0.014567,0.015821,0.000037,0.025443,0.000102,0.584429,0.000000,0.584429,0.584429,0.584429,0.292215,0.292215,0,0,1,0,0.000000,0.080000,0.008000,0.001000,5.500000,0.100000,22.000000,0.025000,0.000000
6.491000,0.500000,0.640000,-2.244813,0.000000,-2.244813,-0.182269,0.000000,0.182269,0.026333,-0.001013,0.030969,0.030969,0.004636,0.025599,0.026612,0.014581,0.015828,0.000037,0.025498,0.000101,0.585466,0.000236,0.585701,0.585701,0.585701,0.292851,0.292851,0,0,1,0,0.000000,0.080000,0.008000,0.001000,5.500000,0.100000,22.000000,0.025000,0.000000
6.496000,0.500000,0.640000,-2.245743,0.000000,-2.245743,-0.182454,0.000000,0.182454,0.026333,-0.001013,0.030969,0.030969,0.004636,0.025599,0.026612,0.014596,0.015835,0.000037,0.025498,0.000101,0.585466,0.000000,0.585466,0.585466,0.585466,0.292733,0.292733,0,0,1,0,0.000000,0.080000,0.008000,0.001000,5.500000,0.100000,22.000000,0.025000,0.000000
6.501000,0.500000,0.640000,-2.246673,0.000000,-2.246673,-0.182639,0.000000,0.182639,0.026323,-0.001008,0.030969,0.030969,0.004646,0.025653,0.026661,0.014611,0.015843,0.000037,0.025552,0.000101,0.586544,0.000245,0.586789,0.586789,0.586789,0.293395,0.293395,0,0,1,0,0.000000,0.080000,0.008000,0.001000,5.500000,0.100000,22.000000,0.025000,0.000000
6.506000,0.500000,0.640000,-2.247605,0.000000,-2.247605,-0.182824,0.000000,0.182824,0.026323,-0.001008,0.030969,0.030969,0.004646,0.025653,0.026661,0.014626,0.015850,0.000037,0.025552,0.000101,0.586544,0.000000,0.586544,0.586544,0.586544,0.293272,0.293272,0,0,1,0,0.000000,0.080000,0.008000,0.001000,5.500000,0.100000,22.000000,0.025000,0.000000
6.511000,0.500000,0.640000,-2.248537,0.000000,-2.248537,-0.183010,0.000000,0.183010,0.026313,-0.001005,0.030969,0.030969,0.004656,0.025707,0.026713,0.014641,0.015857,0.000037,0.025607,0.000101,0.587681,0.000258,0.587940,0.587940,0.587940,0.293970,0.293970,0,0,1,0,0.000000,0.080000,0.008000,0.001000,5.500000,0.100000,22.000000,0.025000,0.000000
6.516000,0.500000,0.640000,-2.249470,0.000000,-2.249470,-0.183195,0.000000,0.183195,0.026313,-0.001005,0.030969,0.030969,0.004656,0.025707,0.026713,0.014656,0.015865,0.000037,0.025607,0.000101,0.587681,0.000000,0.587681,0.587681,0.587681,0.293841,0.293841,0,0,1,0,0.000000,0.080000,0.008000,0.001000,5.500000,0.100000,22.000000,0.025000,0.000000
6.525000,0.500000,0.640000,-2.251339,0.000000,-2.251339,-0.183566,0.000000,0.183566,0.026303,-0.001005,0.030969,0.030969,0.004666,0.025762,0.026767,0.014685,0.015878,0.000041,0.025662,0.000100,0.588881,0.000151,0.589032,0.589032,0.589032,0.294516,0.294516,0,0,1,0,0.000000,0.080000,0.008000,0.001000,5.500000,0.100000,22.000000,0.025000,0.000000
6.530000,0.500000,0.640000,-2.251339,0.000000,-2.251339,-0.183566,0.000000,0.183566,0.026293,-0.001011,0.030969,0.030969,0.004676,0.025819,0.026830,0.014685,0.015885,0.000000,0.025718,0.000101,0.590254,0.000312,0.590566,0.590566,0.590566,0.295283,0.295283,0,0,1,0,0.000000,0.080000,0.008000,0.001000,5.500000,0.100000,22.000000,0.025000,0.000000
6.535000,0.500000,0.640000,-2.252275,0.000000,-2.252275,-0.183751,0.000000,0.183751,0.026293,-0.001011,0.030969,0.030969,0.004676,0.025819,0.026830,0.014700,0.015892,0.000037,0.025718,0.000101,0.590254,0.000000,0.590254,0.590254,0.590254,0.295127,0.295127,0,0,1,0,0.000000,0.080000,0.008000,0.001000,5.500000,0.100000,22.000000,0.025000,0.000000
6.540000,0.500000,0.640000,-2.253212,0.000000,-2.253212,-0.183936,0.000000,0.183936,0.026282,-0.001016,0.030969,0.030969,0.004686,0.025877,0.026892,0.014715,0.015900,0.000037,0.025775,0.000102,0.591631,0.000313,0.591945,0.591945,0.591945,0.295972,0.295972,0,0,1,0,0.000000,0.080000,0.008000,0.001000,5.500000,0.100000,22.000000,0.025000,0.000000
6.545000,0.500000,0.640000,-2.254150,0.000000,-2.254150,-0.184121,0.000000,0.184121,0.026282,-0.001016,0.030969,0.030969,0.004686,0.025877,0.026892,0.014730,0.015907,0.000037,0.025775,0.000102,0.591631,0.000000,0.591631,0.591631,0.591631,0.295816,0.295816,0,0,1,0,0.000000,0.080000,0.008000,0.001000,5.500000,0.100000,22.000000,0.025000,0.000000
6.550000,0.500000,0.640000,-2.255089,0.000000,-2.255089,-0.184307,0.000000,0.184307,0.026272,-0.001019,0.030969,0.030969,0.004697,0.025934,0.026954,0.014745,0.015915,0.000037,0.025832,0.000102,0.592977,0.000306,0.593283,0.593283,0.593283,0.296641,0.296641,0,0,1,0,0.000000,0.080000,0.008000,0.001000,5.500000,0.100000,22.000000,0.025000,0.000000
6.555000,0.500000,0.640000,-2.256028,0.000000,-2.256028,-0.184492,0.000000,0.184492,0.026272,-0.001019,0.030969,0.030969,0.004697,0.025934,0.026954,0.014759,0.015922,0.000037,0.025832,0.000102,0.592977,0.000000,0.592977,0.592977,0.592977,0.296489,0.296489,0,0,1,0,0.000000,0.080000,0.008000,0.001000,5.500000,0.100000,22.000000,0.025000,0.000000
6.560000,0.500000,0.640000,-2.256969,0.000000,-2.256969,-0.184678,0.000000,0.184678,0.026272,-0.001019,0.030969,0.030969,0.004697,0.025934,0.026954,0.014774,0.015929,0.000037,0.025832,0.000102,0.592977,0.000000,0.592977,0.592977,0.592977,0.296489,0.296489,0,0,1,0,0.000000,0.080000,0.008000,0.001000,5.500000,0.100000,22.000000,0.025000,0.000000
6.565000,0.500000,0.640000,-2.257911,0.000000,-2.257911,-0.184865,0.000000,0.184865,0.026262,-0.001021,0.030969,0.030969,0.004707,0.025991,0.027012,0.014789,0.015937,0.000037,0.025889,0.000102,0.594269,0.000294,0.594563,0.594563,0.594563,0.297281,0.297281,0,0,1,0,0.000000,0.080000,0.008000,0.001000,5.500000,0.100000,22.000000,0.025000,0.000000
6.570000,0.500000,0.640000,-2.258853,0.000000,-2.258853,-0.185051,0.000000,0.185051,0.026262,-0.001021,0.030969,0.030969,0.004707,0.025991,0.027012,0.014804,0.015944,0.000037,0.025889,0.000102,0.594269,0.000000,0.594269,0.594269,0.594269,0.297135,0.297135,0,0,1,0,0.000000,0.080000,0.008000,0.001000,5.500000,0.100000,22.000000,0.025000,0.000000
6.575000,0.500000,0.640000,-2.259797,0.000000,-2.259797,-0.185238,0.000000,0.185238,0.026251,-0.001025,0.030969,0.030969,0.004717,0.026048,0.027074,0.014819,0.015951,0.000037,0.025946,0.000103,0.595627,0.000309,0.595936,0.595936,0.595936,0.297968,0.297968,0,0,1,0,0.000000,0.080000,0.008000,0.001000,5.500000,0.100000,22.000000,0.025000,0.000000
6.580000,0.500000,0.640000,-2.260741,0.000000,-2.260741,-0.185424,0.000000,0.185424,0.026251,-0.001025,0.030969,0.030969,0.004717,0.026048,0.027074,0.014834,0.015959,0.000037,0.025946,0.000103,0.595627,0.000000,0.595627,0.595627,0.595627,0.297814,0.297814,0,0,1,0,0.000000,0.080000,0.008000,0.001000,5.500000,0.100000,22.000000,0.025000,0.000000
6.589000,0.500000,0.640000,-2.262633,0.000000,-2.262633,-0.185799,0.000000,0.185799,0.026241,-0.001026,0.030969,0.030969,0.004728,0.026106,0.027132,0.014864,0.015972,0.000042,0.026003,0.000103,0.596906,0.000161,0.597068,0.597068,0.597068,0.298534,0.298534,0,0,1,0,0.000000,0.080000,0.008000,0.001000,5.500000,0.100000,22.000000,0.025000,0.000000
6.594000,0.500000,0.640000,-2.263581,0.000000,-2.263581,-0.185987,0.000000,0.185987,0.026231,-0.001029,0.030969,0.030969,0.004738,0.026163,0.027191,0.014879,0.015980,0.000037,0.026060,0.000103,0.598212,0.000297,0.598509,0.598509,0.598509,0.299255,0.299255,0,0,1,0,0.000000,0.080000,0.008000,0.001000,5.500000,0.100000,22.000000,0.025000,0.000000
6.599000,0.500000,0.640000,-2.264529,0.000000,-2.264529,-0.186174,0.000000,0.186174,0.026231,-0.001029,0.030969,0.030969,0.004738,0.026163,0.027191,0.014894,0.015987,0.000038,0.026060,0.000103,0.598212,0.000000,0.598212,0.598212,0.598212,0.299106,0.299106,0,0,1,0,0.000000,0.080000,0.008000,0.001000,5.500000,0.100000,22.000000,0.025000,0.000000
6.604000,0.500000,0.640000,-2.265478,0.000000,-2.265478,-0.186363,0.000000,0.186363,0.026220,-0.001026,0.030969,0.030969,0.004748,0.026219,0.027246,0.014909,0.015995,0.000038,0.026116,0.000103,0.599402,0.000270,0.599672,0.599672,0.599672,0.299836,0.299836,0,0,1,0,0.000000,0.080000,0.008000,0.001000,5.500000,0.100000,22.000000,0.025000,0.000000
6.609000,0.500000,0.640000,-2.266429,0.000000,-2.266429,-0.186552,0.000000,0.186552,0.026220,-0.001026,0.030969,0.030969,0.004748,0.026219,0.027246,0.014924,0.016002,0.000038,0.026116,0.000103,0.599402,0.000000,0.599402,0.599402,0.599402,0.299701,0.299701,0,0,1,0,0.000000,0.080000,0.008000,0.001000,5.500000,0.100000,22.000000,0.025000,0.000000
6.614000,0.500000,0.640000,-2.267380,0.000000,-2.267380,-0.186741,0.000000,0.186741,0.026210,-0.001021,0.030969,0.030969,0.004759,0.026274,0.027295,0.014939,0.016010,0.000038,0.026172,0.000102,0.600490,0.000247,0.600738,0.600738,0.600738,0.300369,0.300369,0,0,1,0,0.000000,0.080000,0.008000,0.001000,5.500000,0.100000,22.000000,0.025000,0.000000
6.619000,0.500000,0.640000,-2.268332,0.000000,-2.268332,-0.186931,0.000000,0.186931,0.026210,-0.001021,0.030969,0.030969,0.004759,0.026274,0.027295,0.014954,0.016017,0.000038,0.026172,0.000102,0.600490,0.000000,0.600490,0.600490,0.600490,0.300245,0.300245,0,0,1,0,0.000000,0.080000,0.008000,0.001000,5.500000,0.100000,22.000000,0.025000,0.000000
6.624000,0.500000,0.640000,-2.269286,0.000000,-2.269286,-0.187121,0.000000,0.187121,0.026200,-0.001014,0.030969,0.030969,0.004768,0.026328,0.027342,0.014970,0.016025,0.000038,0.026227,0.000101,0.601514,0.000233,0.601747,0.601747,0.601747,0.300874,0.300874,0,0,1,0,0.000000,0.080000,0.008000,0.001000,5.500000,0.100000,22.000000,0.025000,0.000000
6.629000,0.500000,0.640000,-2.270240,0.000000,-2.270240,-0.187312,0.000000,0.187312,0.026200,-0.001014,0.030969,0.030969,0.004768,0.026328,0.027342,0.014985,0.016032,0.000038,0.026227,0.000101,0.601514,0.000000,0.601514,0.601514,0.601514,0.300757,0.300757,0,0,1,0,0.000000,0.080000,0.008000,0.001000,5.500000,0.100000,22.000000,0.025000,0.000000
6.638000,0.500000,0.640000,-2.272151,0.000000,-2.272151,-0.187694,0.000000,0.187694,0.026190,-0.001006,0.030969,0.030969,0.004778,0.026381,0.027387,0.015015,0.016046,0.000042,0.026280,0.000101,0.602518,0.000127,0.602645,0.602645,0.602645,0.301323,0.301323,0,0,1,0,0.000000,0.080000,0.008000,0.001000,5.500000,0.100000,22.000000,0.025000,0.000000
6.643000,0.500000,0.640000,-2.273108,0.000000,-2.273108,-0.187884,0.000000,0.187884,0.026181,-0.001004,0.030969,0.030969,0.004788,0.026435,0.027438,0.015031,0.016053,0.000038,0.026334,0.000100,0.603646,0.000256,0.603902,0.603902,0.603902,0.301951,0.301951,0,0,1,0,0.000000,0.080000,0.008000,0.001000,5.500000,0.100000,22.000000,0.025000,0.000000
6.648000,0.500000,0.640000,-2.274067,0.000000,-2.274067,-0.188075,0.000000,0.188075,0.026181,-0.001004,0.030969,0.030969,0.004788,0.026435,0.027438,0.015046,0.016061,0.000038,0.026334,0.000100,0.603646,0.000000,0.603646,0.603646,0.603646,0.301823,0.301823,0,0,1,0,0.000000,0.080000,0.008000,0.001000,5.500000,0.100000,22.000000,0.025000,0.000000
6.653000,0.500000,0.640000,-2.275026,0.000000,-2.275026,-0.188266,0.000000,0.188266,0.026171,-0.001002,0.030969,0.030969,0.004798,0.026489,0.027491,0.015061,0.016068,0.000038,0.026389,0.000100,0.604802,0.000263,0.605065,0.605065,0.605065,0.302532,0.302532,0,0,1,0,0.000000,0.080000,0.008000,0.001000,5.500000,0.100000,22.000000,0.025000,0.000000
6.658000,0.500000,0.640000,-2.275986,0.000000,-2.275986,-0.188457,0.000000,0.188457,0.026171,-0.001002,0.030969,0.030969,0.004798,0.026489,0.027491,0.015077,0.016076,0.000038,0.026389,0.000100,0.604802,0.000000,0.604802,0.604802,0.604802,0.302401,0.302401,0,0,1,0,0.000000,0.080000,0.008000,0.001000,5.500000,0.100000,22.000000,0.025000,0.000000
6.663000,0.500000,0.640000,-2.276947,0.000000,-2.276947,-0.188648,0.000000,0.188648,0.026161,-0.001001,0.030969,0.030969,0.004808,0.026544,0.027545,0.015092,0.016083,0.000038,0.026444,0.000100,0.605994,0.000271,0.606264,0.606264,0.606264,0.303132,0.303132,0,0,1,0,0.000000,0.080000,0.008000,0.001000,5.500000,0.100000,22.000000,0.025000,0.000000
6.668000,0.500000,0.640000,-2.277909,0.000000,-2.277909,-0.188839,0.000000,0.188839,0.026161,-0.001001,0.030969,0.030969,0.004808,0.026544,0.027545,0.015107,0.016091,0.000038,0.026444,0.000100,0.605994,0.000000,0.605994,0.605994,0.605994,0.302997,0.302997,0,0,1,0,0.000000,0.080000,0.008000,0.001000,5.500000,0.100000,22.000000,0.025000,0.000000
6.673000,0.500000,0.640000,-2.278872,0.000000,-2.278872,-0.189030,0.000000,0.189030,0.026151,-0.001002,0.030969,0.030969,0.004818,0.026599,0.027601,0.015122,0.016098,0.000038,0.026499,0.000100,0.607224,0.000280,0.607503,0.607503,0.607503,0.303752,0.303752,0,0,1,0,0.000000,0.080000,0.008000,0.001000,5.500000,0.100000,22.000000,0.025000,0.000000
6.678000,0.500000,0.640000,-2.279835,0.000000,-2.279835,-0.189221,0.000000,0.189221,0.026151,-0.001002,0.030969,0.030969,0.004818,0.026599,0.027601,0.015138,0.016106,0.000038,0.026499,0.000100,0.607224,0.000000,0.607224,0.607224,0.607224,0.303612,0.303612,0,0,1,0,0.000000,0.080000,0.008000,0.001000,5.500000,0.100000,22.000000,0.025000,0.000000
6.683000,0.500000,0.640000,-2.280800,0.000000,-2.280800,-0.189413,0.000000,0.189413,0.026141,-0.001003,0.030969,0.030969,0.004828,0.026655,0.027659,0.015153,0.016113,0.000038,0.026555,0.000100,0.608488,0.000287,0.608776,0.608776,0.608776,0.304388,0.304388,0,0,1,0,0.000000,0.080000,0.008000,0.001000,5.500000,0.100000,22.000000,0.025000,0.000000
6.692000,0.500000,0.640000,-2.282733,0.000000,-2.282733,-0.189796,0.000000,0.189796,0.026130,-0.001006,0.030969,0.030969,0.004838,0.026711,0.027717,0.015184,0.016127,0.000043,0.026611,0.000101,0.609778,0.000163,0.609941,0.609941,0.609941,0.304970,0.304970,0,0,1,0,0.000000,0.080000,0.008000,0.001000,5.500000,0.100000,22.000000,0.025000,0.000000
6.697000,0.500000,0.640000,-2.283701,0.000000,-2.283701,-0.189988,0.000000,0.189988,0.026130,-0.001006,0.030969,0.030969,0.004838,0.026711,0.027717,0.015199,0.016135,0.000038,0.026611,0.000101,0.609778,0.000000,0.609778,0.609778,0.609778,0.304889,0.304889,0,0,1,0,0.000000,0.080000,0.008000,0.001000,5.500000,0.100000,22.000000,0.025000,0.000000
6.702000,0.500000,0.640000,-2.284669,0.000000,-2.284669,-0.190180,0.000000,0.190180,0.026120,-0.001008,0.030969,0.030969,0.004849,0.026768,0.027776,0.015214,0.016142,0.000038,0.026667,0.000101,0.611064,0.000292,0.611357,0.611357,0.611357,0.305678,0.305678,0,0,1,0,0.000000,0.080000,0.008000,0.001000,5.500000,0.100000,22.000000,0.025000,0.000000
6.707000,0.500000,0.640000,-2.285639,0.000000,-2.285639,-0.190372,0.000000,0.190372,0.026120,-0.001008,0.030969,0.030969,0.004849,0.026768,0.027776,0.015230,0.016150,0.000038,0.026667,0.000101,0.611064,0.000000,0.611064,0.611064,0.611064,0.305532,0.305532,0,0,1,0,0.000000,0.080000,0.008000,0.001000,5.500000,0.100000,22.000000,0.025000,0.000000
6.712000,0.500000,0.640000,-2.286610,0.000000,-2.286610,-0.190564,0.000000,0.190564,0.026110,-0.001010,0.030969,0.030969,0.004859,0.026824,0.027834,0.015245,0.016158,0.000039,0.026723,0.000101,0.612355,0.000293,0.612649,0.612649,0.612649,0.306324,0.306324,0,0,1,0,0.000000,0.080000,0.008000,0.001000,5.500000,0.100000,22.000000,0.025000,0.000000
6.717000,0.500000,0.640000,-2.287582,0.000000,-2.287582,-0.190757,0.000000,0.190757,0.026110,-0.001010,0.030969,0.030969,0.004859,0.026824,0.027834,0.015261,0.016165,0.000038,0.026723,0.000101,0.612355,0.000000,0.612355,0.612355,0.612355,0.306178,0.306178,0,0,1,0,0.000000,0.080000,0.008000,0.001000,5.500000,0.100000,22.000000,0.025000,0.000000
6.726000,0.500000,0.640000,-2.289528,0.000000,-2.289528,-0.191143,0.000000,0.191143,0.026100,-0.001012,0.030969,0.030969,0.004869,0.026881,0.027893,0.015291,0.016179,0.000043,0.026779,0.000101,0.613641,0.000162,0.613803,0.613803,0.613803,0.306902,0.306902,0,0,1,0,0.000000,0.080000,0.008000,0.001000,5.500000,0.100000,22.000000,0.025000,0.000000
6.731000,0.500000,0.640000,-2.290502,0.000000,-2.290502,-0.191335,0.000000,0.191335,0.026089,-0.001019,0.030969,0.030969,0.004879,0.026938,0.027956,0.015307,0.016187,0.000039,0.026836,0.000102,0.615042,0.000319,0.615361,0.615361,0.615361,0.307680,0.307680,0,0,1,0,0.000000,0.080000,0.008000,0.001000,5.500000,0.100000,22.000000,0.025000,0.000000
6.736000,0.500000,0.640000,-2.291478,0.000000,-2.291478,-0.191528,0.000000,0.191528,0.026089,-0.001019,0.030969,0.030969,0.004879,0.026938,0.027956,0.015322,0.016194,0.000039,0.026836,0.000102,0.615042,0.000000,0.615042,0.615042,0.615042,0.307521,0.307521,0,0,1,0,0.000000,0.080000,0.008000,0.001000,5.500000,0.100000,22.000000,0.025000,0.000000
6.741000,0.500000,0.640000,-2.292455,0.000000,-2.292455,-0.191721,0.000000,0.191721,0.026079,-0.001022,0.030969,0.030969,0.004890,0.026996,0.028018,0.015338,0.016202,0.000039,0.026893,0.000102,0.616393,0.000307,0.616700,0.616700,0.616700,0.308350,0.308350,0,0,1,0,0.000000,0.080000,0.008000,0.001000,5.500000,0.100000,22.000000,0.025000,0.000000
6.746000,0.500000,0.640000,-2.293432,0.000000,-2.293432,-0.191915,0.000000,0.191915,0.026079,-0.001022,0.030969,0.030969,0.004890,0.026996,0.028018,0.015353,0.016210,0.000039,0.026893,0.000102,0.616393,0.000000,0.616393,0.616393,0.616393,0.308196,0.308196,0,0,1,0,0.000000,0.080000,0.008000,0.001000,5.500000,0.100000,22.000000,0.025000,0.000000
6.751000,0.500000,0.640000,-2.294411,0.000000,-2.294411,-0.192109,0.000000,0.192109,0.026069,-0.001023,0.030969,0.030969,0.004900,0.027053,0.028076,0.015369,0.016217,0.000039,0.026950,0.000102,0.617676,0.000292,0.617967,0.617967,0.617967,0.308984,0.308984,0,0,1,0,0.000000,0.080000,0.008000,0.001000,5.500000,0.100000,22.000000,0.025000,0.000000
6.756000,0.500000,0.640000,-2.295390,0.000000,-2.295390,-0.192303,0.000000,0.192303,0.026069,-0.001023,0.030969,0.030969,0.004900,0.027053,0.028076,0.015384,0.016225,0.000039,0.026950,0.000102,0.617676,0.000000,0.617676,0.617676,0.617676,0.308838,0.308838,0,0,1,0,0.000000,0.080000,0.008000,0.001000,5.500000,0.100000,22.000000,0.025000,0.000000
6.761000,0.500000,0.640000,-2.295390,0.000000,-2.295390,-0.192303,0.000000,0.192303,0.026058,-0.001022,0.030969,0.030969,0.004910,0.027109,0.028132,0.015384,0.016233,0.000000,0.027007,0.000102,0.618895,0.000277,0.619172,0.619172,0.619172,0.309586,0.309586,0,0,1,0,0.000000,0.080000,0.008000,0.001000,5.500000,0.100000,22.000000,0.025000,0.000000
6.766000,0.500000,0.640000,-2.296371,0.000000,-2.296371,-0.192498,0.000000,0.192498,0.026058,-0.001022,0.030969,0.030969,0.004910,0.027109,0.028132,0.015400,0.016240,0.000039,0.027007,0.000102,0.618895,0.000000,0.618895,0.618895,0.618895,0.309447,0.309447,0,0,1,0,0.000000,0.080000,0.008000,0.001000,5.500000,0.100000,22.000000,0.025000,0.000000
6.775000,0.500000,0.640000,-2.298335,0.000000,-2.298335,-0.192888,0.000000,0.192888,0.026048,-0.001020,0.030969,0.030969,0.004920,0.027165,0.028185,0.015431,0.016254,0.000043,0.027063,0.000102,0.620064,0.000148,0.620212,0.620212,0.620212,0.310106,0.310106,0,0,1,0,0.000000,0.080000,0.008000,0.001000,5.500000,0.100000,22.000000,0.025000,0.000000
6.780000,0.500000,0.640000,-2.299319,0.000000,-2.299319,-0.193084,0.000000,0.193084,0.026048,-0.001020,0.030969,0.030969,0.004920,0.027165,0.028185,0.015447,0.016262,0.000039,0.027063,0.000102,0.620064,0.000000,0.620064,0.620064,0.620064,0.310032,0.310032,0,0,1,0,0.000000,0.080000,0.008000,0.001000,5.500000,0.100000,22.000000,0.025000,0.000000
6.785000,0.500000,0.640000,-2.300303,0.000000,-2.300303,-0.193279,0.000000,0.193279,0.026038,-0.001021,0.030969,0.030969,0.004931,0.027221,0.028242,0.015462,0.016270,0.000039,0.027119,0.000102,0.621323,0.000286,0.621610,0.621610,0.621610,0.310805,0.310805,0,0,1,0,0.000000,0.080000,0.008000,0.001000,5.500000,0.100000,22.000000,0.025000,0.000000
6.790000,0.500000,0.640000,-2.301289,0.000000,-2.301289,-0.193475,0.000000,0.193475,0.026038,-0.001021,0.030969,0.030969,0.004931,0.027221,0.028242,0.015478,0.016277,0.000039,0.027119,0.000102,0.621323,0.000000,0.621323,0.621323,0.621323,0.310662,0.310662,0,0,1,0,0.000000,0.080000,0.008000,0.001000,5.500000,0.100000,22.000000,0.025000,0.000000
6.795000,0.500000,0.640000,-2.302275,0.000000,-2.302275,-0.193670,0.000000,0.193670,0.026028,-0.001025,0.030969,0.030969,0.004941,0.027278,0.028303,0.015494,0.016285,0.000039,0.027175,0.000103,0.622674,0.000307,0.622981,0.622981,0.622981,0.311490,0.311490,0,0,1,0,0.000000,0.080000,0.008000,0.001000,5.500000,0.100000,22.000000,0.025000,0.000000
6.800000,0.500000,0.640000,-2.303263,0.000000,-2.303263,-0.193866,0.000000,0.193866,0.026028,-0.001025,0.030969,0.030969,0.004941,0.027278,0.028303,0.015509,0.016293,0.000039,0.027175,0.000103,0.622674,0.000000,0.622674,0.622674,0.622674,0.311337,0.311337,0,0,1,0,0.000000,0.080000,0.008000,0.001000,5.500000,0.100000,22.000000,0.025000,0.000000
6.805000,0.500000,0.640000,-2.304251,0.000000,-2.304251,-0.194061,0.000000,0.194061,0.026017,-0.001031,0.030969,0.030969,0.004951,0.027336,0.028368,0.015525,0.016301,0.000039,0.027233,0.000103,0.624086,0.000321,0.624407,0.624407,0.624407,0.312203,0.312203,0,0,1,0,0.000000,0.080000,0.008000,0.001000,5.500000,0.100000,22.000000,0.025000,0.000000
6.810000,0.500000,0.640000,-2.305241,0.000000,-2.305241,-0.194257,0.000000,0.194257,0.026017,-0.001031,0.030969,0.030969,0.004951,0.027336,0.028368,0.015541,0.016308,0.000039,0.027233,0.000103,0.624086,0.000000,0.624086,0.624086,0.624086,0.312043,0.312043,0,0,1,0,0.000000,0.080000,0.008000,0.001000,5.500000,0.100000,22.000000,0.025000,0.000000
6.815000,0.500000,0.640000,-2.306231,0.000000,-2.306231,-0.194453,0.000000,0.194453,0.026007,-0.001038,0.030969,0.030969,0.004962,0.027395,0.028433,0.015556,0.016316,0.000039,0.027291,0.000104,0.625530,0.000328,0.625859,0.625859,0.625859,0.312929,0.312929,0,0,1,0,0.000000,0.080000,0.008000,0.001000,5.500000,0.100000,22.000000,0.025000,0.000000
6.820000,0.500000,0.640000,-2.307223,0.000000,-2.307223,-0.194648,0.000000,0.194648,0.026007,-0.001038,0.030969,0.030969,0.004962,0.027395,0.028433,0.015572,0.016324,0.000039,0.027291,0.000104,0.625530,0.000000,0.625530,0.625530,0.625530,0.312765,0.312765,0,0,1,0,0.000000,0.080000,0.008000,0.001000,5.500000,0.100000,22.000000,0.025000,0.000000
6.825000,0.500000,0.640000,-2.308215,0.000000,-2.308215,-0.194845,0.000000,0.194845,0.025996,-0.001040,0.030969,0.030969,0.004973,0.027453,0.028494,0.015588,0.016332,0.000039,0.027349,0.000104,0.626858,0.000302,0.627160,0.627160,0.627160,0.313580,0.313580,0,0,1,0,0.000000,0.080000,0.008000,0.001000,5.500000,0.100000,22.000000,0.025000,0.000000
6.834000,0.500000,0.640000,-2.310203,0.000000,-2.310203,-0.195240,0.000000,0.195240,0.025986,-0.001038,0.030969,0.030969,0.004983,0.027510,0.028548,0.015619,0.016346,0.000044,0.027407,0.000104,0.628054,0.000151,0.628205,0.628205,0.628205,0.314103,0.314103,0,0,1,0,0.000000,0.080000,0.008000,0.001000,5.500000,0.100000,22.000000,0.025000,0.000000
6.839000,0.500000,0.640000,-2.311199,0.000000,-2.311199,-0.195438,0.000000,0.195438,0.025986,-0.001038,0.030969,0.030969,0.004983,0.027510,0.028548,0.015635,0.016354,0.000040,0.027407,0.000104,0.628054,0.000000,0.628054,0.628054,0.628054,0.314027,0.314027,0,0,1,0,0.000000,0.080000,0.008000,0.001000,5.500000,0.100000,22.000000,0.025000,0.000000
6.844000,0.500000,0.640000,-2.312196,0.000000,-2.312196,-0.195637,0.000000,0.195637,0.025976,-0.001031,0.030969,0.030969,0.004993,0.027566,0.028597,0.015651,0.016362,0.000040,0.027462,0.000103,0.629132,0.000245,0.629377,0.629377,0.629377,0.314689,0.314689,0,0,1,0,0.000000,0.080000,0.008000,0.001000,5.500000,0.100000,22.000000,0.025000,0.000000
6.849000,0.500000,0.640000,-2.313193,0.000000,-2.313193,-0.195836,0.000000,0.195836,0.025976,-0.001031,0.030969,0.030969,0.004993,0.027566,0.028597,0.015667,0.016369,0.000040,0.027462,0.000103,0.629132,0.000000,0.629132,0.629132,0.629132,0.314566,0.314566,0,0,1,0,0.000000,0.080000,0.008000,0.001000,5.500000,0.100000,22.000000,0.025000,0.000000
6.854000,0.500000,0.640000,-2.314192,0.000000,-2.314192,-0.196036,0.000000,0.196036,0.025966,-0.001024,0.030969,0.030969,0.005003,0.027620,0.028644,0.015683,0.016377,0.000040,0.027517,0.000102,0.630160,0.000234,0.630394,0.630394,0.630394,0.315197,0.315197,0,0,1,0,0.000000,0.080000,0.008000,0.001000,5.500000,0.100000,22.000000,0.025000,0.000000
6.859000,0.500000,0.640000,-2.315192,0.000000,-2.315192,-0.196236,0.000000,0.196236,0.025966,-0.001024,0.030969,0.030969,0.005003,0.027620,0.028644,0.015699,0.016385,0.000040,0.027517,0.000102,0.630160,0.000000,0.630160,0.630160,0.630160,0.315080,0.315080,0,0,1,0,0.000000,0.080000,0.008000,0.001000,5.500000,0.100000,22.000000,0.025000,0.000000
6.864000,0.500000,0.640000,-2.316193,0.000000,-2.316193,-0.196436,0.000000,0.196436,0.025956,-0.001017,0.030969,0.030969,0.005013,0.027674,0.028690,0.015715,0.016393,0.000040,0.027572,0.000102,0.631190,0.000234,0.631424,0.631424,0.631424,0.315712,0.315712,0,0,1,0,0.000000,0.080000,0.008000,0.001000,5.500000,0.100000,22.000000,0.025000,0.000000
6.869000,0.500000,0.640000,-2.317194,0.000000,-2.317194,-0.196636,0.000000,0.196636,0.025956,-0.001017,0.030969,0.030969,0.005013,0.027674,0.028690,0.015731,0.016401,0.000040,0.027572,0.000102,0.631190,0.000000,0.631190,0.631190,0.631190,0.315595,0.315595,0,0,1,0,0.000000,0.080000,0.008000,0.001000,5.500000,0.100000,22.000000,0.025000,0.000000
6.874000,0.500000,0.640000,-2.318197,0.000000,-2.318197,-0.196837,0.000000,0.196837,0.025946,-0.001012,0.030969,0.030969,0.005023,0.027728,0.028739,0.015747,0.016409,0.000040,0.027626,0.000101,0.632267,0.000245,0.632512,0.632512,0.632512,0.316256,0.316256,0,0,1,0,0.000000,0.080000,0.008000,0.001000,5.500000,0.100000,22.000000,0.025000,0.000000
6.879000,0.500000,0.640000,-2.319201,0.000000,-2.319201,-0.197037,0.000000,0.197037,0.025946,-0.001012,0.030969,0.030969,0.005023,0.027728,0.028739,0.015763,0.016417,0.000040,0.027626,0.000101,0.632267,0.000000,0.632267,0.632267,0.632267,0.316134,0.316134,0,0,1,0,0.000000,0.080000,0.008000,0.001000,5.500000,0.100000,22.000000,0.025000,0.000000
6.888000,0.500000,0.640000,-2.321212,0.000000,-2.321212,-0.197437,0.000000,0.197437,0.025936,-0.001010,0.030969,0.030969,0.005033,0.027782,0.028792,0.015795,0.016431,0.000044,0.027681,0.000101,0.633425,0.000146,0.633571,0.633571,0.633571,0.316785,0.316785,0,0,1,0,0.000000,0.080000,0.008000,0.001000,5.500000,0.100000,22.000000,0.025000,0.000000
6.893000,0.500000,0.640000,-2.322218,0.000000,-2.322218,-0.197637,0.000000,0.197637,0.025926,-0.001015,0.030969,0.030969,0.005043,0.027839,0.028854,0.015811,0.016439,0.000040,0.027737,0.000102,0.634791,0.000310,0.635101,0.635101,0.635101,0.317551,0.317551,0,0,1,0,0.000000,0.080000,0.008000,0.001000,5.500000,0.100000,22.000000,0.025000,0.000000
6.898000,0.500000,0.640000,-2.323226,0.000000,-2.323226,-0.197836,0.000000,0.197836,0.025926,-0.001015,0.030969,0.030969,0.005043,0.027839,0.028854,0.015827,0.016447,0.000040,0.027737,0.000102,0.634791,0.000000,0.634791,0.634791,0.634791,0.317395,0.317395,0,0,1,0,0.000000,0.080000,0.008000,0.001000,5.500000,0.100000,22.000000,0.025000,0.000000
6.903000,0.500000,0.640000,-2.324235,0.000000,-2.324235,-0.198036,0.000000,0.198036,0.025915,-0.001022,0.030969,0.030969,0.005054,0.027897,0.028919,0.015843,0.016454,0.000040,0.027795,0.000102,0.636213,0.000323,0.636537,0.636537,0.636537,0.318268,0.318268,0,0,1,0,0.000000,0.080000,0.008000,0.001000,5.500000,0.100000,22.000000,0.025000,0.000000
6.908000,0.500000,0.640000,-2.325245,0.000000,-2.325245,-0.198235,0.000000,0.198235,0.025915,-0.001022,0.030969,0.030969,0.005054,0.027897,0.028919,0.015859,0.016462,0.000040,0.027795,0.000102,0.636213,0.000000,0.636213,0.636213,0.636213,0.318107,0.318107,0,0,1,0,0.000000,0.080000,0.008000,0.001000,5.500000,0.100000,22.000000,0.025000,0.000000
6.913000,0.500000,0.640000,-2.326255,0.000000,-2.326255,-0.198435,0.000000,0.198435,0.025905,-0.001029,0.030969,0.030969,0.005064,0.027956,0.028984,0.015875,0.016470,0.000040,0.027853,0.000103,0.637658,0.000328,0.637986,0.637986,0.637986,0.318993,0.318993,0,0,1,0,0.000000,0.080000,0.008000,0.001000,5.500000,0.100000,22.000000,0.025000,0.000000
6.918000,0.500000,0.640000,-2.327267,0.000000,-2.327267,-0.198635,0.000000,0.198635,0.025905,-0.001029,0.030969,0.030969,0.005064,0.027956,0.028984,0.015891,0.016478,0.000040,0.027853,0.000103,0.637658,0.000000,0.637658,0.637658,0.637658,0.318829,0.318829,0,0,1,0,0.000000,0.080000,0.008000,0.001000,5.500000,0.100000,22.000000,0.025000,0.000000
6.923000,0.500000,0.640000,-2.328280,0.000000,-2.328280,-0.198836,0.000000,0.198836,0.025894,-0.001035,0.030969,0.030969,0.005075,0.028015,0.029050,0.015907,0.016486,0.000040,0.027912,0.000103,0.639094,0.000326,0.639420,0.639420,0.639420,0.319710,0.319710,0,0,1,0,0.000000,0.080000,0.008000,0.001000,5.500000,0.100000,22.000000,0.025000,0.000000
6.932000,0.500000,0.640000,-2.330309,0.000000,-2.330309,-0.199237,0.000000,0.199237,0.025883,-0.001039,0.030969,0.030969,0.005085,0.028074,0.029113,0.015939,0.016501,0.000045,0.027970,0.000104,0.640497,0.000177,0.640674,0.640674,0.640674,0.320337,0.320337,0,0,1,0,0.000000,0.080000,0.008000,0.001000,5.500000,0.100000,22.000000,0.025000,0.000000
6.937000,0.500000,0.640000,-2.331325,0.000000,-2.331325,-0.199438,0.000000,0.199438,0.025883,-0.001039,0.030969,0.030969,0.005085,0.028074,0.029113,0.015955,0.016509,0.000040,0.027970,0.000104,0.640497,0.000000,0.640497,0.640497,0.640497,0.320248,0.320248,0,0,1,0,0.000000,0.080000,0.008000,0.001000,5.500000,0.100000,22.000000,0.025000,0.000000
6.942000,0.500000,0.640000,-2.332342,0.000000,-2.332342,-0.199640,0.000000,0.199640,0.025873,-0.001042,0.030969,0.030969,0.005096,0.028132,0.029174,0.015971,0.016517,0.000040,0.028028,0.000104,0.641833,0.000304,0.642137,0.642137,0.642137,0.321069,0.321069,0,0,1,0,0.000000,0.080000,0.008000,0.001000,5.500000,0.100000,22.000000,0.025000,0.000000
6.947000,0.500000,0.640000,-2.333359,0.000000,-2.333359,-0.199842,0.000000,0.199842,0.025873,-0.001042,0.030969,0.030969,0.005096,0.028132,0.029174,0.015987,0.016525,0.000040,0.028028,0.000104,0.641833,0.000000,0.641833,0.641833,0.641833,0.320917,0.320917,0,0,1,0,0.000000,0.080000,0.008000,0.001000,5.500000,0.100000,22.000000,0.025000,0.000000
6.956000,0.500000,0.640000,-2.335399,0.000000,-2.335399,-0.200247,0.000000,0.200247,0.025862,-0.001043,0.030969,0.030969,0.005107,0.028190,0.029233,0.016020,0.016539,0.000045,0.028086,0.000104,0.643124,0.000163,0.643287,0.643287,0.643287,0.321643,0.321643,0,0,1,0,0.000000,0.080000,0.008000,0.001000,5.500000,0.100000,22.000000,0.025000,0.000000
6.961000,0.500000,0.640000,-2.336420,0.000000,-2.336420,-0.200449,0.000000,0.200449,0.025852,-0.001047,0.030969,0.030969,0.005117,0.028249,0.029296,0.016036,0.016547,0.000040,0.028144,0.000105,0.644505,0.000314,0.644818,0.644818,0.644818,0.322409,0.322409,0,0,1,0,0.000000,0.080000,0.008000,0.001000,5.500000,0.100000,22.000000,0.025000,0.000000
6.966000,0.500000,0.640000,-2.337442,0.000000,-2.337442,-0.200652,0.000000,0.200652,0.025852,-0.001047,0.030969,0.030969,0.005117,0.028249,0.029296,0.016052,0.016555,0.000040,0.028144,0.000105,0.644505,0.000000,0.644505,0.644505,0.644505,0.322252,0.322252,0,0,1,0,0.000000,0.080000,0.008000,0.001000,5.500000,0.100000,22.000000,0.025000,0.000000
6.971000,0.500000,0.640000,-2.338465,0.000000,-2.338465,-0.200855,0.000000,0.200855,0.025841,-0.001048,0.030969,0.030969,0.005128,0.028307,0.029356,0.016068,0.016563,0.000041,0.028202,0.000105,0.645825,0.000300,0.646126,0.646126,0.646126,0.323063,0.323063,0,0,1,0,0.000000,0.080000,0.008000,0.001000,5.500000,0.100000,22.000000,0.025000,0.000000
6.976000,0.500000,0.640000,-2.339489,0.000000,-2.339489,-0.201058,0.000000,0.201058,0.025841,-0.001048,0.030969,0.030969,0.005128,0.028307,0.029356,0.016085,0.016571,0.000041,0.028202,0.000105,0.645825,0.000000,0.645825,0.645825,0.645825,0.322913,0.322913,0,0,1,0,0.000000,0.080000,0.008000,0.001000,5.500000,0.100000,22.000000,0.025000,0.000000
6.981000,0.500000,0.640000,-2.340514,0.000000,-2.340514,-0.201262,0.000000,0.201262,0.025830,-0.001048,0.030969,0.030969,0.005138,0.028365,0.029413,0.016101,0.016579,0.000041,0.028260,0.000105,0.647088,0.000287,0.647375,0.647375,0.647375,0.323687,0.323687,0,0,1,0,0.000000,0.080000,0.008000,0.001000,5.500000,0.100000,22.000000,0.025000,0.000000
6.990000,0.500000,0.640000,-2.342568,0.000000,-2.342568,-0.201670,0.000000,0.201670,0.025820,-0.001046,0.030969,0.030969,0.005149,0.028422,0.029469,0.016134,0.016594,0.000045,0.028318,0.000105,0.648308,0.000154,0.648462,0.648462,0.648462,0.324231,0.324231,0,0,1,0,0.000000,0.080000,0.008000,0.001000,5.500000,0.100000,22.000000,0.025000,0.000000
6.995000,0.500000,0.640000,-2.343596,0.000000,-2.343596,-0.201875,0.000000,0.201875,0.025820,-0.001046,0.030969,0.030969,0.005149,0.028422,0.029469,0.016150,0.016602,0.000041,0.028318,0.000105,0.648308,0.000000,0.648308,0.648308,0.648308,0.324154,0.324154,0,0,1,0,0.000000,0.080000,0.008000,0.001000,5.500000,0.100000,22.000000,0.025000,0.000000
7.000000,0.500000,0.640000,-2.344626,0.000000,-2.344626,-0.202080,0.000000,0.202080,0.025810,-0.001045,0.030969,0.030969,0.005159,0.028479,0.029524,0.016166,0.016610,0.000041,0.028375,0.000104,0.649526,0.000277,0.649803,0.649803,0.649803,0.324901,0.324901,0,0,1,0,0.000000,0.080000,0.008000,0.001000,5.500000,0.100000,22.000000,0.025000,0.000000
7.005000,0.500000,0.640000,-2.345656,0.000000,-2.345656,-0.202286,0.000000,0.202286,0.025810,-0.001043,0.030969,0.030969,0.005159,0.028479,0.029522,0.016183,0.016618,0.000041,0.028375,0.000104,0.649494,-0.000007,0.649487,0.649487,0.649487,0.324743,0.324743,0,0,1,0,0.000000,0.080000,0.008000,0.001000,5.500000,0.100000,22.000000,0.025000,0.000000
7.010000,0.500000,0.640000,-2.345656,0.000000,-2.345656,-0.202286,0.000000,0.202286,0.025810,-0.001043,0.030969,0.030969,0.005159,0.028479,0.029522,0.016183,0.016626,0.000000,0.028375,0.000104,0.649494,0.000000,0.649494,0.649494,0.649494,0.324747,0.324747,0,0,1,0,0.000000,0.080000,0.008000,0.001000,5.500000,0.100000,22.000000,0.025000,0.000000
7.015000,0.500000,0.640000,-2.346688,0.000000,-2.346688,-0.202491,0.000000,0.202491,0.025799,-0.001041,0.030969,0.030969,0.005169,0.028536,0.029577,0.016199,0.016634,0.000041,0.028432,0.000104,0.650686,0.000271,0.650957,0.650957,0.650957,0.325478,0.325478,0,0,1,0,0.000000,0.080000,0.008000,0.001000,5.500000,0.100000,22.000000,0.025000,0.000000
7.020000,0.500000,0.640000,-2.347721,0.000000,-2.347721,-0.202697,0.000000,0.202697,0.025799,-0.001041,0.030969,0.030969,0.005169,0.028536,0.029577,0.016216,0.016642,0.000041,0.028432,0.000104,0.650686,0.000000,0.650686,0.650686,0.650686,0.325343,0.325343,0,0,1,0,0.000000,0.080000,0.008000,0.001000,5.500000,0.100000,22.000000,0.025000,0.000000
7.025000,0.500000,0.640000,-2.348754,0.000000,-2.348754,-0.202902,0.000000,0.202902,0.025789,-0.001044,0.030969,0.030969,0.005180,0.028593,0.029638,0.016232,0.016650,0.000041,0.028489,0.000104,0.652029,0.000305,0.652334,0.652334,0.652334,0.326167,0.326167,0,0,1,0,0.000000,0.080000,0.008000,0.001000,5.500000,0.100000,22.000000,0.025000,0.000000
7.030000,0.500000,0.640000,-2.349789,0.000000,-2.349789,-0.203107,0.000000,0.203107,0.025789,-0.001044,0.030969,0.030969,0.005180,0.028593,0.029638,0.016249,0.016658,0.000041,0.028489,0.000104,0.652029,0.000000,0.652029,0.652029,0.652029,0.326015,0.326015,0,0,1,0,0.000000,0.080000,0.008000,0.001000,5.500000,0.100000,22.000000,0.025000,0.000000
7.035000,0.500000,0.640000,-2.350824,0.000000,-2.350824,-0.203313,0.000000,0.203313,0.025778,-0.001047,0.030969,0.030969,0.005190,0.028652,0.029699,0.016265,0.016667,0.000041,0.028547,0.000105,0.653374,0.000306,0.653680,0.653680,0.653680,0.326840,0.326840,0,0,1,0,0.000000,0.080000,0.008000,0.001000,5.500000,0.100000,22.000000,0.025000,0.000000
7.040000,0.500000,0.640000,-2.351861,0.000000,-2.351861,-0.203518,0.000000,0.203518,0.025778,-0.001047,0.030969,0.030969,0.005190,0.028652,0.029699,0.016281,0.016675,0.000041,0.028547,0.000105,0.653374,0.000000,0.653374,0.653374,0.653374,0.326687,0.326687,0,0,1,0,0.000000,0.080000,0.008000,0.001000,5.500000,0.100000,22.000000,0.025000,0.000000
7.049000,0.500000,0.640000,-2.353938,0.000000,-2.353938,-0.203930,0.000000,0.203930,0.025768,-0.001050,0.030969,0.030969,0.005201,0.028711,0.029760,0.016314,0.016689,0.000046,0.028606,0.000105,0.654724,0.000170,0.654894,0.654894,0.654894,0.327447,0.327447,0,0,1,0,0.000000,0.080000,0.008000,0.001000,5.500000,0.100000,22.000000,0.025000,0.000000
7.054000,0.500000,0.640000,-2.354978,0.000000,-2.354978,-0.204136,0.000000,0.204136,0.025757,-0.001057,0.030969,0.030969,0.005212,0.028770,0.029828,0.016331,0.016698,0.000041,0.028665,0.000106,0.656209,0.000338,0.656547,0.656547,0.656547,0.328274,0.328274,0,0,1,0,0.000000,0.080000,0.008000,0.001000,5.500000,0.100000,22.000000,0.025000,0.000000
7.059000,0.500000,0.640000,-2.356018,0.000000,-2.356018,-0.204342,0.000000,0.204342,0.025757,-0.001057,0.030969,0.030969,0.005212,0.028770,0.029828,0.016347,0.016706,0.000041,0.028665,0.000106,0.656209,0.000000,0.656209,0.656209,0.656209,0.328105,0.328105,0,0,1,0,0.000000,0.080000,0.008000,0.001000,5.500000,0.100000,22.000000,0.025000,0.000000
7.064000,0.500000,0.640000,-2.357060,0.000000,-2.357060,-0.204548,0.000000,0.204548,0.025746,-0.001062,0.030969,0.030969,0.005223,0.028831,0.029893,0.016364,0.016714,0.000041,0.028725,0.000106,0.657654,0.000328,0.657983,0.657983,0.657983,0.328991,0.328991,0,0,1,0,0.000000,0.080000,0.008000,0.001000,5.500000,0.100000,22.000000,0.025000,0.000000
7.069000,0.500000,0.640000,-2.358103,0.000000,-2.358103,-0.204754,0.000000,0.204754,0.025746,-0.001062,0.030969,0.030969,0.005223,0.028831,0.029893,0.016380,0.016722,0.000041,0.028725,0.000106,0.657654,0.000000,0.657654,0.657654,0.657654,0.328827,0.328827,0,0,1,0,0.000000,0.080000,0.008000,0.001000,5.500000,0.100000,22.000000,0.025000,0.000000
7.074000,0.500000,0.640000,-2.359147,0.000000,-2.359147,-0.204962,0.000000,0.204962,0.025735,-0.001065,0.030969,0.030969,0.005234,0.028891,0.029956,0.016397,0.016730,0.000041,0.028784,0.000107,0.659039,0.000315,0.659354,0.659354,0.659354,0.329677,0.329677,0,0,1,0,0.000000,0.080000,0.008000,0.001000,5.500000,0.100000,22.000000,0.025000,0.000000
7.079000,0.500000,0.640000,-2.360192,0.000000,-2.360192,-0.205169,0.000000,0.205169,0.025735,-0.001065,0.030969,0.030969,0.005234,0.028891,0.029956,0.016414,0.016739,0.000041,0.028784,0.000107,0.659039,0.000000,0.659039,0.659039,0.659039,0.329520,0.329520,0,0,1,0,0.000000,0.080000,0.008000,0.001000,5.500000,0.100000,22.000000,0.025000,0.000000
7.084000,0.500000,0.640000,-2.361239,0.000000,-2.361239,-0.205377,0.000000,0.205377,0.025724,-0.001066,0.030969,0.030969,0.005244,0.028950,0.030016,0.016430,0.016747,0.000042,0.028844,0.000107,0.660362,0.000301,0.660663,0.660663,0.660663,0.330332,0.330332,0,0,1,0,0.000000,0.080000,0.008000,0.001000,5.500000,0.100000,22.000000,0.025000,0.000000
7.089000,0.500000,0.640000,-2.362286,0.000000,-2.362286,-0.205585,0.000000,0.205585,0.025724,-0.001066,0.030969,0.030969,0.005244,0.028950,0.030016,0.016447,0.016755,0.000042,0.028844,0.000107,0.660362,0.000000,0.660362,0.660362,0.660362,0.330181,0.330181,0,0,1,0,0.000000,0.080000,0.008000,0.001000,5.500000,0.100000,22.000000,0.025000,0.000000
7.094000,0.500000,0.640000,-2.363334,0.000000,-2.363334,-0.205793,0.000000,0.205793,0.025714,-0.001065,0.030969,0.030969,0.005255,0.029009,0.030074,0.016463,0.016763,0.000042,0.028902,0.000107,0.661635,0.000289,0.661924,0.661924,0.661924,0.330962,0.330962,0,0,1,0,0.000000,0.080000,0.008000,0.001000,5.500000,0.100000,22.000000,0.025000,0.000000
7.099000,0.500000,0.640000,-2.364384,0.000000,-2.364384,-0.206002,0.000000,0.206002,0.025714,-0.001065,0.030969,0.030969,0.005255,0.029009,0.030074,0.016480,0.016771,0.000042,0.028902,0.000107,0.661635,0.000000,0.661635,0.661635,0.661635,0.330817,0.330817,0,0,1,0,0.000000,0.080000,0.008000,0.001000,5.500000,0.100000,22.000000,0.025000,0.000000
7.108000,0.500000,0.640000,-2.366486,0.000000,-2.366486,-0.206421,0.000000,0.206421,0.025703,-0.001064,0.030969,0.030969,0.005266,0.029067,0.030131,0.016514,0.016786,0.000047,0.028961,0.000106,0.662875,0.000157,0.663031,0.663031,0.663031,0.331516,0.331516,0,0,1,0,0.000000,0.080000,0.008000,0.001000,5.500000,0.100000,22.000000,0.025000,0.000000
7.113000,0.500000,0.640000,-2.367538,0.000000,-2.367538,-0.206630,0.000000,0.206630,0.025692,-0.001066,0.030969,0.030969,0.005276,0.029126,0.030192,0.016530,0.016795,0.000042,0.029019,0.000107,0.664230,0.000308,0.664538,0.664538,0.664538,0.332269,0.332269,0,0,1,0,0.000000,0.080000,0.008000,0.001000,5.500000,0.100000,22.000000,0.025000,0.000000
7.118000,0.500000,0.640000,-2.368592,0.000000,-2.368592,-0.206839,0.000000,0.206839,0.025692,-0.001066,0.030969,0.030969,0.005276,0.029126,0.030192,0.016547,0.016803,0.000042,0.029019,0.000107,0.664230,0.000000,0.664230,0.664230,0.664230,0.332115,0.332115,0,0,1,0,0.000000,0.080000,0.008000,0.001000,5.500000,0.100000,22.000000,0.025000,0.000000
7.123000,0.500000,0.640000,-2.369647,0.000000,-2.369647,-0.207048,0.000000,0.207048,0.025682,-0.001068,0.030969,0.030969,0.005287,0.029185,0.030253,0.016564,0.016811,0.000042,0.029079,0.000107,0.665564,0.000303,0.665867,0.665867,0.665867,0.332934,0.332934,0,0,1,0,0.000000,0.080000,0.008000,0.001000,5.500000,0.100000,22.000000,0.025000,0.000000
7.128000,0.500000,0.640000,-2.370702,0.000000,-2.370702,-0.207258,0.000000,0.207258,0.025682,-0.001068,0.030969,0.030969,0.005287,0.029185,0.030253,0.016581,0.016819,0.000042,0.029079,0.000107,0.665564,0.000000,0.665564,0.665564,0.665564,0.332782,0.332782,0,0,1,0,0.000000,0.080000,0.008000,0.001000,5.500000,0.100000,22.000000,0.025000,0.000000
7.133000,0.500000,0.640000,-2.371759,0.000000,-2.371759,-0.207468,0.000000,0.207468,0.025671,-0.001068,0.030969,0.030969,0.005298,0.029244,0.030313,0.016597,0.016828,0.000042,0.029138,0.000107,0.666879,0.000299,0.667178,0.667178,0.667178,0.333589,0.333589,0,0,1,0,0.000000,0.080000,0.008000,0.001000,5.500000,0.100000,22.000000,0.025000,0.000000
7.138000,0.500000,0.640000,-2.372817,0.000000,-2.372817,-0.207678,0.000000,0.207678,0.025671,-0.001068,0.030969,0.030969,0.005298,0.029244,0.030313,0.016614,0.016836,0.000042,0.029138,0.000107,0.666879,0.000000,0.666879,0.666879,0.666879,0.333439,0.333439,0,0,1,0,0.000000,0.080000,0.008000,0.001000,5.500000,0.100000,22.000000,0.025000,0.000000
7.147000,0.500000,0.640000,-2.374936,0.000000,-2.374936,-0.208100,0.000000,0.208100,0.025660,-0.001068,0.030969,0.030969,0.005308,0.029304,0.030372,0.016648,0.016851,0.000047,0.029197,0.000107,0.668184,0.000165,0.668348,0.668348,0.668348,0.334174,0.334174,0,0,1,0,0.000000,0.080000,0.008000,0.001000,5.500000,0.100000,22.000000,0.025000,0.000000
7.152000,0.500000,0.640000,-2.375998,0.000000,-2.375998,-0.208310,0.000000,0.208310,0.025649,-0.001074,0.030969,0.030969,0.005319,0.029364,0.030437,0.016665,0.016859,0.000042,0.029256,0.000107,0.669620,0.000326,0.669946,0.669946,0.669946,0.334973,0.334973,0,0,1,0,0.000000,0.080000,0.008000,0.001000,5.500000,0.100000,22.000000,0.025000,0.000000
7.157000,0.500000,0.640000,-2.377060,0.000000,-2.377060,-0.208520,0.000000,0.208520,0.025649,-0.001074,0.030969,0.030969,0.005319,0.029364,0.030437,0.016682,0.016868,0.000042,0.029256,0.000107,0.669620,0.000000,0.669620,0.669620,0.669620,0.334810,0.334810,0,0,1,0,0.000000,0.080000,0.008000,0.001000,5.500000,0.100000,22.000000,0.025000,0.000000
7.162000,0.500000,0.640000,-2.378123,0.000000,-2.378123,-0.208731,0.000000,0.208731,0.025638,-0.001077,0.030969,0.030969,0.005330,0.029424,0.030501,0.016699,0.016876,0.000042,0.029316,0.000108,0.671029,0.000320,0.671350,0.671350,0.671350,0.335675,0.335675,0,0,1,0,0.000000,0.080000,0.008000,0.001000,5.500000,0.100000,22.000000,0.025000,0.000000
7.167000,0.500000,0.640000,-2.379187,0.000000,-2.379187,-0.208943,0.000000,0.208943,0.025638,-0.001077,0.030969,0.030969,0.005330,0.029424,0.030501,0.016715,0.016884,0.000042,0.029316,0.000108,0.671029,0.000000,0.671029,0.671029,0.671029,0.335515,0.335515,0,0,1,0,0.000000,0.080000,0.008000,0.001000,5.500000,0.100000,22.000000,0.025000,0.000000
7.172000,0.500000,0.640000,-2.380253,0.000000,-2.380253,-0.209154,0.000000,0.209154,0.025628,-0.001079,0.030969,0.030969,0.005341,0.029485,0.030564,0.016732,0.016893,0.000042,0.029377,0.000108,0.672403,0.000312,0.672715,0.672715,0.672715,0.336358,0.336358,0,0,1,0,0.000000,0.080000,0.008000,0.001000,5.500000,0.100000,22.000000,0.025000,0.000000
7.177000,0.500000,0.640000,-2.381319,0.000000,-2.381319,-0.209366,0.000000,0.209366,0.025628,-0.001079,0.030969,0.030969,0.005341,0.029485,0.030564,0.016749,0.016901,0.000042,0.029377,0.000108,0.672403,0.000000,0.672403,0.672403,0.672403,0.336202,0.336202,0,0,1,0,0.000000,0.080000,0.008000,0.001000,5.500000,0.100000,22.000000,0.025000,0.000000
7.182000,0.500000,0.640000,-2.382387,0.000000,-2.382387,-0.209578,0.000000,0.209578,0.025617,-0.001080,0.030969,0.030969,0.005352,0.029545,0.030625,0.016766,0.016910,0.000042,0.029436,0.000108,0.673744,0.000305,0.674049,0.674049,0.674049,0.337024,0.337024,0,0,1,0,0.000000,0.080000,0.008000,0.001000,5.500000,0.100000,22.000000,0.025000,0.000000
7.187000,0.500000,0.640000,-2.383456,0.000000,-2.383456,-0.209790,0.000000,0.209790,0.025617,-0.001080,0.030969,0.030969,0.005352,0.029545,0.030625,0.016783,0.016918,0.000042,0.029436,0.000108,0.673744,0.000000,0.673744,0.673744,0.673744,0.336872,0.336872,0,0,1,0,0.000000,0.080000,0.008000,0.001000,5.500000,0.100000,22.000000,0.025000,0.000000
7.192000,0.500000,0.640000,-2.384525,0.000000,-2.384525,-0.210003,0.000000,0.210003,0.025606,-0.001080,0.030969,0.030969,0.005363,0.029604,0.030685,0.016800,0.016926,0.000043,0.029496,0.000108,0.675060,0.000299,0.675360,0.675360,0.675360,0.337680,0.337680,0,0,1,0,0.000000,0.080000,0.008000,0.001000,5.500000,0.100000,22.000000,0.025000,0.000000
7.201000,0.500000,0.640000,-2.386668,0.000000,-2.386668,-0.210430,0.000000,0.210430,0.025595,-0.001080,0.030969,0.030969,0.005374,0.029664,0.030744,0.016834,0.016941,0.000047,0.029556,0.000108,0.676365,0.000165,0.676530,0.676530,0.676530,0.338265,0.338265,0,0,1,0,0.000000,0.080000,0.008000,0.001000,5.500000,0.100000,22.000000,0.025000,0.000000
7.206000,0.500000,0.640000,-2.387741,0.000000,-2.387741,-0.210643,0.000000,0.210643,0.025595,-0.001080,0.030969,0.030969,0.005374,0.029664,0.030744,0.016851,0.016950,0.000043,0.029556,0.000108,0.676365,0.000000,0.676365,0.676365,0.676365,0.338183,0.338183,0,0,1,0,0.000000,0.080000,0.008000,0.001000,5.500000,0.100000,22.000000,0.025000,0.000000
7.211000,0.500000,0.640000,-2.388815,0.000000,-2.388815,-0.210857,0.000000,0.210857,0.025584,-0.001080,0.030969,0.030969,0.005385,0.029723,0.030803,0.016869,0.016958,0.000043,0.029615,0.000108,0.677656,0.000293,0.677949,0.677949,0.677949,0.338975,0.338975,0,0,1,0,0.000000,0.080000,0.008000,0.001000,5.500000,0.100000,22.000000,0.025000,0.000000
7.216000,0.500000,0.640000,-2.389891,0.000000,-2.389891,-0.211071,0.000000,0.211071,0.025584,-0.001080,0.030969,0.030969,0.005385,0.029723,0.030803,0.016886,0.016967,0.000043,0.029615,0.000108,0.677656,0.000000,0.677656,0.677656,0.677656,0.338828,0.338828,0,0,1,0,0.000000,0.080000,0.008000,0.001000,5.500000,0.100000,22.000000,0.025000,0.000000
7.221000,0.500000,0.640000,-2.390967,0.000000,-2.390967,-0.211285,0.000000,0.211285,0.025573,-0.001080,0.030969,0.030969,0.005395,0.029783,0.030862,0.016903,0.016975,0.000043,0.029675,0.000108,0.678966,0.000298,0.679264,0.679264,0.679264,0.339632,0.339632,0,0,1,0,0.000000,0.080000,0.008000,0.001000,5.500000,0.100000,22.000000,0.025000,0.000000
7.226000,0.500000,0.640000,-2.392044,0.000000,-2.392044,-0.211499,0.000000,0.211499,0.025573,-0.001080,0.030969,0.030969,0.005395,0.029783,0.030862,0.016920,0.016984,0.000043,0.029675,0.000108,0.678966,0.000000,0.678966,0.678966,0.678966,0.339483,0.339483,0,0,1,0,0.000000,0.080000,0.008000,0.001000,5.500000,0.100000,22.000000,0.025000,0.000000
7.231000,0.500000,0.640000,-2.393123,0.000000,-2.393123,-0.211714,0.000000,0.211714,0.025562,-0.001081,0.030969,0.030969,0.005406,0.029842,0.030923,0.016937,0.016992,0.000043,0.029734,0.000108,0.680305,0.000304,0.680610,0.680610,0.680610,0.340305,0.340305,0,0,1,0,0.000000,0.080000,0.008000,0.001000,5.500000,0.100000,22.000000,0.025000,0.000000
7.236000,0.500000,0.640000,-2.394203,0.000000,-2.394203,-0.211928,0.000000,0.211928,0.025562,-0.001081,0.030969,0.030969,0.005406,0.029842,0.030923,0.016954,0.017001,0.000043,0.029734,0.000108,0.680305,0.000000,0.680305,0.680305,0.680305,0.340153,0.340153,0,0,1,0,0.000000,0.080000,0.008000,0.001000,5.500000,0.100000,22.000000,0.025000,0.000000
7.241000,0.500000,0.640000,-2.395283,0.000000,-2.395283,-0.212143,0.000000,0.212143,0.025552,-0.001083,0.030969,0.030969,0.005417,0.029903,0.030985,0.016971,0.017009,0.000043,0.029794,0.000108,0.681677,0.000312,0.681989,0.681989,0.681989,0.340995,0.340995,0,0,1,0,0.000000,0.080000,0.008000,0.001000,5.500000,0.100000,22.000000,0.025000,0.000000
7.246000,0.500000,0.640000,-2.396365,0.000000,-2.396365,-0.212358,0.000000,0.212358,0.025552,-0.001083,0.030969,0.030969,0.005417,0.029903,0.030985,0.016989,0.017018,0.000043,0.029794,0.000108,0.681677,0.000000,0.681677,0.681677,0.681677,0.340839,0.340839,0,0,1,0,0.000000,0.080000,0.008000,0.001000,5.500000,0.100000,22.000000,0.025000,0.000000
7.255000,0.500000,0.640000,-2.397448,0.000000,-2.397448,-0.212573,0.000000,0.212573,0.025541,-0.001086,0.030969,0.030969,0.005428,0.029963,0.031049,0.017006,0.017033,0.000024,0.029855,0.000109,0.683080,0.000177,0.683257,0.683257,0.683257,0.341629,0.341629,0,0,1,0,0.000000,0.080000,0.008000,0.001000,5.500000,0.100000,22.000000,0.025000,0.000000
7.260000,0.500000,0.640000,-2.398532,0.000000,-2.398532,-0.212788,0.000000,0.212788,0.025529,-0.001095,0.030969,0.030969,0.005439,0.030026,0.031120,0.017023,0.017041,0.000043,0.029916,0.000109,0.684646,0.000356,0.685002,0.685002,0.685002,0.342501,0.342501,0,0,1,0,0.000000,0.080000,0.008000,0.001000,5.500000,0.100000,22.000000,0.025000,0.000000
7.265000,0.500000,0.640000,-2.399617,0.000000,-2.399617,-0.213003,0.000000,0.213003,0.025529,-0.001095,0.030969,0.030969,0.005439,0.030026,0.031120,0.017040,0.017050,0.000043,0.029916,0.000109,0.684646,0.000000,0.684646,0.684646,0.684646,0.342323,0.342323,0,0,1,0,0.000000,0.080000,0.008000,0.001000,5.500000,0.100000,22.000000,0.025000,0.000000
7.270000,0.500000,0.640000,-2.400703,0.000000,-2.400703,-0.213217,0.000000,0.213217,0.025529,-0.001095,0.030969,0.030969,0.005439,0.030026,0.031120,0.017057,0.017058,0.000043,0.029916,0.000109,0.684646,0.000000,0.684646,0.684646,0.684646,0.342323,0.342323,0,0,1,0,0.000000,0.080000,0.008000,0.001000,5.500000,0.100000,22.000000,0.025000,0.000000
7.275000,0.500000,0.640000,-2.401790,0.000000,-2.401790,-0.213433,0.000000,0.213433,0.025518,-0.001102,0.030969,0.030969,0.005451,0.030089,0.031190,0.017075,0.017067,0.000043,0.029978,0.000110,0.686188,0.000350,0.686538,0.686538,0.686538,0.343269,0.343269,0,0,1,0,0.000000,0.080000,0.008000,0.001000,5.500000,0.100000,22.000000,0.025000,0.000000
7.280000,0.500000,0.640000,-2.402878,0.000000,-2.402878,-0.213648,0.000000,0.213648,0.025518,-0.001102,0.030969,0.030969,0.005451,0.030089,0.031190,0.017092,0.017076,0.000043,0.029978,0.000110,0.686188,0.000000,0.686188,0.686188,0.686188,0.343094,0.343094,0,0,1,0,0.000000,0.080000,0.008000,0.001000,5.500000,0.100000,22.000000,0.025000,0.000000
7.285000,0.500000,0.640000,-2.403968,0.000000,-2.403968,-0.213863,0.000000,0.213863,0.025507,-0.001112,0.030969,0.030969,0.005462,0.030153,0.031265,0.017109,0.017084,0.000043,0.030041,0.000111,0.687829,0.000373,0.688202,0.688202,0.688202,0.344101,0.344101,0,0,1,0,0.000000,0.080000,0.008000,0.001000,5.500000,0.100000,22.000000,0.025000,0.000000
7.290000,0.500000,0.640000,-2.405058,0.000000,-2.405058,-0.214078,0.000000,0.214078,0.025507,-0.001112,0.030969,0.030969,0.005462,0.030153,0.031265,0.017126,0.017093,0.000043,0.030041,0.000111,0.687829,0.000000,0.687829,0.687829,0.687829,0.343914,0.343914,0,0,1,0,0.000000,0.080000,0.008000,0.001000,5.500000,0.100000,22.000000,0.025000,0.000000
7.295000,0.500000,0.640000,-2.406150,0.000000,-2.406150,-0.214293,0.000000,0.214293,0.025495,-0.001124,0.030969,0.030969,0.005474,0.030218,0.031342,0.017143,0.017101,0.000043,0.030105,0.000112,0.689513,0.000383,0.689896,0.689896,0.689896,0.344948,0.344948,0,0,1,0,0.000000,0.080000,0.008000,0.001000,5.500000,0.100000,22.000000,0.025000,0.000000
7.304000,0.500000,0.640000,-2.408336,0.000000,-2.408336,-0.214725,0.000000,0.214725,0.025483,-0.001129,0.030969,0.030969,0.005485,0.030282,0.031411,0.017178,0.017117,0.000048,0.030169,0.000113,0.691051,0.000194,0.691245,0.691245,0.691245,0.345622,0.345622,0,0,1,0,0.000000,0.080000,0.008000,0.001000,5.500000,0.100000,22.000000,0.025000,0.000000
7.309000,0.500000,0.640000,-2.409431,0.000000,-2.409431,-0.214942,0.000000,0.214942,0.025483,-0.001129,0.030969,0.030969,0.005485,0.030282,0.031411,0.017195,0.017125,0.000043,0.030169,0.000113,0.691051,0.000000,0.691051,0.691051,0.691051,0.345525,0.345525,0,0,1,0,0.000000,0.080000,0.008000,0.001000,5.500000,0.100000,22.000000,0.025000,0.000000
7.314000,0.500000,0.640000,-2.410527,0.000000,-2.410527,-0.215160,0.000000,0.215160,0.025472,-0.001128,0.030969,0.030969,0.005497,0.030345,0.031472,0.017213,0.017134,0.000044,0.030232,0.000113,0.692391,0.000305,0.692695,0.692695,0.692695,0.346348,0.346348,0,0,1,0,0.000000,0.080000,0.008000,0.001000,5.500000,0.100000,22.000000,0.025000,0.000000
7.319000,0.500000,0.640000,-2.411624,0.000000,-2.411624,-0.215379,0.000000,0.215379,0.025472,-0.001128,0.030969,0.030969,0.005497,0.030345,0.031472,0.017230,0.017143,0.000044,0.030232,0.000113,0.692391,0.000000,0.692391,0.692391,0.692391,0.346195,0.346195,0,0,1,0,0.000000,0.080000,0.008000,0.001000,5.500000,0.100000,22.000000,0.025000,0.000000
7.324000,0.500000,0.640000,-2.412722,0.000000,-2.412722,-0.215598,0.000000,0.215598,0.025461,-0.001122,0.030969,0.030969,0.005508,0.030405,0.031527,0.017248,0.017151,0.000044,0.030293,0.000112,0.693591,0.000273,0.693864,0.693864,0.693864,0.346932,0.346932,0,0,1,0,0.000000,0.080000,0.008000,0.001000,5.500000,0.100000,22.000000,0.025000,0.000000
7.329000,0.500000,0.640000,-2.413822,0.000000,-2.413822,-0.215818,0.000000,0.215818,0.025461,-0.001122,0.030969,0.030969,0.005508,0.030405,0.031527,0.017265,0.017160,0.000044,0.030293,0.000112,0.693591,0.000000,0.693591,0.693591,0.693591,0.346796,0.346796,0,0,1,0,0.000000,0.080000,0.008000,0.001000,5.500000,0.100000,22.000000,0.025000,0.000000
7.334000,0.500000,0.640000,-2.414922,0.000000,-2.414922,-0.216038,0.000000,0.216038,0.025450,-0.001113,0.030969,0.030969,0.005519,0.030464,0.031578,0.017283,0.017168,0.000044,0.030353,0.000111,0.694706,0.000253,0.694960,0.694960,0.694960,0.347480,0.347480,0,0,1,0,0.000000,0.080000,0.008000,0.001000,5.500000,0.100000,22.000000,0.025000,0.000000
7.339000,0.500000,0.640000,-2.416024,0.000000,-2.416024,-0.216259,0.000000,0.216259,0.025450,-0.001113,0.030969,0.030969,0.005519,0.030464,0.031578,0.017301,0.017177,0.000044,0.030353,0.000111,0.694706,0.000000,0.694706,0.694706,0.694706,0.347353,0.347353,0,0,1,0,0.000000,0.080000,0.008000,0.001000,5.500000,0.100000,22.000000,0.025000,0.000000
7.344000,0.500000,0.640000,-2.417127,0.000000,-2.417127,-0.216480,0.000000,0.216480,0.025439,-0.001105,0.030969,0.030969,0.005529,0.030522,0.031627,0.017318,0.017186,0.000044,0.030412,0.000110,0.695801,0.000249,0.696049,0.696049,0.696049,0.348025,0.348025,0,0,1,0,0.000000,0.080000,0.008000,0.001000,5.500000,0.100000,22.000000,0.025000,0.000000
7.353000,0.500000,0.640000,-2.419336,0.000000,-2.419336,-0.216922,0.000000,0.216922,0.025429,-0.001098,0.030969,0.030969,0.005540,0.030581,0.031679,0.017354,0.017201,0.000049,0.030471,0.000110,0.696936,0.000143,0.697079,0.697079,0.697079,0.348539,0.348539,0,0,1,0,0.000000,0.080000,0.008000,0.001000,5.500000,0.100000,22.000000,0.025000,0.000000
7.358000,0.500000,0.640000,-2.420443,0.000000,-2.420443,-0.217143,0.000000,0.217143,0.025429,-0.001098,0.030969,0.030969,0.005540,0.030581,0.031679,0.017371,0.017210,0.000044,0.030471,0.000110,0.696936,0.000000,0.696936,0.696936,0.696936,0.348468,0.348468,0,0,1,0,0.000000,0.080000,0.008000,0.001000,5.500000,0.100000,22.000000,0.025000,0.000000
7.363000,0.500000,0.640000,-2.421550,0.000000,-2.421550,-0.217364,0.000000,0.217364,0.025418,-0.001094,0.030969,0.030969,0.005551,0.030639,0.031734,0.017389,0.017219,0.000044,0.030530,0.000109,0.698144,0.000275,0.698419,0.698419,0.698419,0.349209,0.349209,0,0,1,0,0.000000,0.080000,0.008000,0.001000,5.500000,0.100000,22.000000,0.025000,0.000000
7.368000,0.500000,0.640000,-2.422659,0.000000,-2.422659,-0.217585,0.000000,0.217585,0.025418,-0.001094,0.030969,0.030969,0.005551,0.030639,0.031734,0.017407,0.017227,0.000044,0.030530,0.000109,0.698144,0.000000,0.698144,0.698144,0.698144,0.349072,0.349072,0,0,1,0,0.000000,0.080000,0.008000,0.001000,5.500000,0.100000,22.000000,0.025000,0.000000
7.373000,0.500000,0.640000,-2.423768,0.000000,-2.423768,-0.217807,0.000000,0.217807,0.025407,-0.001095,0.030969,0.030969,0.005562,0.030699,0.031794,0.017425,0.017236,0.000044,0.030590,0.000109,0.699469,0.000301,0.699770,0.699770,0.699770,0.349885,0.349885,0,0,1,0,0.000000,0.080000,0.008000,0.001000,5.500000,0.100000,22.000000,0.025000,0.000000
7.378000,0.500000,0.640000,-2.424879,0.000000,-2.424879,-0.218027,0.000000,0.218027,0.025407,-0.001095,0.030969,0.030969,0.005562,0.030699,0.031794,0.017442,0.017245,0.000044,0.030590,0.000109,0.699469,0.000000,0.699469,0.699469,0.699469,0.349735,0.349735,0,0,1,0,0.000000,0.080000,0.008000,0.001000,5.500000,0.100000,22.000000,0.025000,0.000000
7.383000,0.500000,0.640000,-2.425991,0.000000,-2.425991,-0.218249,0.000000,0.218249,0.025396,-0.001099,0.030969,0.030969,0.005573,0.030761,0.031860,0.017460,0.017254,0.000044,0.030651,0.000110,0.700913,0.000328,0.701241,0.701241,0.701241,0.350621,0.350621,0,0,1,0,0.000000,0.080000,0.008000,0.001000,5.500000,0.100000,22.000000,0.025000,0.000000
7.388000,0.500000,0.640000,-2.427104,0.000000,-2.427104,-0.218469,0.000000,0.218469,0.025396,-0.001099,0.030969,0.030969,0.005573,0.030761,0.031860,0.017478,0.017262,0.000044,0.030651,0.000110,0.700913,0.000000,0.700913,0.700913,0.700913,0.350457,0.350457,0,0,1,0,0.000000,0.080000,0.008000,0.001000,5.500000,0.100000,22.000000,0.025000,0.000000
7.393000,0.500000,0.640000,-2.428218,0.000000,-2.428218,-0.218690,0.000000,0.218690,0.025385,-0.001106,0.030969,0.030969,0.005584,0.030824,0.031930,0.017495,0.017271,0.000044,0.030713,0.000111,0.702457,0.000351,0.702808,0.702808,0.702808,0.351404,0.351404,0,0,1,0,0.000000,0.080000,0.008000,0.001000,5.500000,0.100000,22.000000,0.025000,0.000000
7.402000,0.500000,0.640000,-2.430449,0.000000,-2.430449,-0.219132,0.000000,0.219132,0.025373,-0.001115,0.030969,0.030969,0.005596,0.030888,0.032003,0.017531,0.017287,0.000049,0.030776,0.000112,0.704067,0.000203,0.704271,0.704271,0.704271,0.352135,0.352135,0,0,1,0,0.000000,0.080000,0.008000,0.001000,5.500000,0.100000,22.000000,0.025000,0.000000
7.407000,0.500000,0.640000,-2.431566,0.000000,-2.431566,-0.219353,0.000000,0.219353,0.025373,-0.001115,0.030969,0.030969,0.005596,0.030888,0.032003,0.017548,0.017296,0.000044,0.030776,0.000112,0.704067,0.000000,0.704067,0.704067,0.704067,0.352034,0.352034,0,0,1,0,0.000000,0.080000,0.008000,0.001000,5.500000,0.100000,22.000000,0.025000,0.000000
7.412000,0.500000,0.640000,-2.432685,0.000000,-2.432685,-0.219574,0.000000,0.219574,0.025361,-0.001124,0.030969,0.030969,0.005607,0.030953,0.032077,0.017566,0.017304,0.000044,0.030840,0.000112,0.705684,0.000367,0.706051,0.706051,0.706051,0.353026,0.353026,0,0,1,0,0.000000,0.080000,0.008000,0.001000,5.500000,0.100000,22.000000,0.025000,0.000000
7.417000,0.500000,0.640000,-2.433804,0.000000,-2.433804,-0.219795,0.000000,0.219795,0.025361,-0.001124,0.030969,0.030969,0.005607,0.030953,0.032077,0.017584,0.017313,0.000044,0.030840,0.000112,0.705684,0.000000,0.705684,0.705684,0.705684,0.352842,0.352842,0,0,1,0,0.000000,0.080000,0.008000,0.001000,5.500000,0.100000,22.000000,0.025000,0.000000
7.422000,0.500000,0.640000,-2.434925,0.000000,-2.434925,-0.220017,0.000000,0.220017,0.025350,-0.001132,0.030969,0.030969,0.005619,0.031018,0.032150,0.017601,0.017322,0.000044,0.030904,0.000113,0.707290,0.000365,0.707656,0.707656,0.707656,0.353828,0.353828,0,0,1,0,0.000000,0.080000,0.008000,0.001000,5.500000,0.100000,22.000000,0.025000,0.000000
7.427000,0.500000,0.640000,-2.436047,0.000000,-2.436047,-0.220239,0.000000,0.220239,0.025350,-0.001132,0.030969,0.030969,0.005619,0.031018,0.032150,0.017619,0.017331,0.000044,0.030904,0.000113,0.707290,0.000000,0.707290,0.707290,0.707290,0.353645,0.353645,0,0,1,0,0.000000,0.080000,0.008000,0.001000,5.500000,0.100000,22.000000,0.025000,0.000000
7.432000,0.500000,0.640000,-2.437170,0.000000,-2.437170,-0.220461,0.000000,0.220461,0.025338,-0.001138,0.030969,0.030969,0.005631,0.031083,0.032221,0.017637,0.017340,0.000044,0.030969,0.000114,0.708856,0.000356,0.709212,0.709212,0.709212,0.354606,0.354606,0,0,1,0,0.000000,0.080000,0.008000,0.001000,5.500000,0.100000,22.000000,0.025000,0.000000
7.437000,0.500000,0.640000,-2.438294,0.000000,-2.438294,-0.220684,0.000000,0.220684,0.025338,-0.001138,0.030969,0.030969,0.005631,0.031083,0.032221,0.017655,0.017348,0.000045,0.030969,0.000114,0.708856,0.000000,0.708856,0.708856,0.708856,0.354428,0.354428,0,0,1,0,0.000000,0.080000,0.008000,0.001000,5.500000,0.100000,22.000000,0.025000,0.000000
7.442000,0.500000,0.640000,-2.439419,0.000000,-2.439419,-0.220907,0.000000,0.220907,0.025326,-0.001142,0.030969,0.030969,0.005642,0.031147,0.032289,0.017673,0.017357,0.000045,0.031033,0.000114,0.710362,0.000342,0.710704,0.710704,0.710704,0.355352,0.355352,0,0,1,0,0.000000,0.080000,0.008000,0.001000,5.500000,0.100000,22.000000,0.025000,0.000000
7.447000,0.500000,0.640000,-2.440545,0.000000,-2.440545,-0.221131,0.000000,0.221131,0.025326,-0.001142,0.030969,0.030969,0.005642,0.031147,0.032289,0.017690,0.017366,0.000045,0.031033,0.000114,0.710362,0.000000,0.710362,0.710362,0.710362,0.355181,0.355181,0,0,1,0,0.000000,0.080000,0.008000,0.001000,5.500000,0.100000,22.000000,0.025000,0.000000
7.452000,0.500000,0.640000,-2.441673,0.000000,-2.441673,-0.221355,0.000000,0.221355,0.025315,-0.001144,0.030969,0.030969,0.005654,0.031211,0.032355,0.017708,0.017375,0.000045,0.031097,0.000114,0.711803,0.000328,0.712131,0.712131,0.712131,0.356065,0.356065,0,0,1,0,0.000000,0.080000,0.008000,0.001000,5.500000,0.100000,22.000000,0.025000,0.000000
7.457000,0.500000,0.640000,-2.442802,0.000000,-2.442802,-0.221579,0.000000,0.221579,0.025315,-0.001144,0.030969,0.030969,0.005654,0.031211,0.032355,0.017726,0.017384,0.000045,0.031097,0.000114,0.711803,0.000000,0.711803,0.711803,0.711803,0.355901,0.355901,0,0,1,0,0.000000,0.080000,0.008000,0.001000,5.500000,0.100000,22.000000,0.025000,0.000000
7.462000,0.500000,0.640000,-2.443932,0.000000,-2.443932,-0.221804,0.000000,0.221804,0.025303,-0.001143,0.030969,0.030969,0.005665,0.031274,0.032418,0.017744,0.017393,0.000045,0.031160,0.000114,0.713188,0.000315,0.713503,0.713503,0.713503,0.356752,0.356752,0,0,1,0,0.000000,0.080000,0.008000,0.001000,5.500000,0.100000,22.000000,0.025000,0.000000
7.471000,0.500000,0.640000,-2.446195,0.000000,-2.446195,-0.222254,0.000000,0.222254,0.025292,-0.001142,0.030969,0.030969,0.005677,0.031337,0.032479,0.017780,0.017409,0.000050,0.031223,0.000114,0.714536,0.000170,0.714706,0.714706,0.714706,0.357353,0.357353,0,0,1,0,0.000000,0.080000,0.008000,0.001000,5.500000,0.100000,22.000000,0.025000,0.000000
7.476000,0.500000,0.640000,-2.447328,0.000000,-2.447328,-0.222480,0.000000,0.222480,0.025292,-0.001142,0.030969,0.030969,0.005677,0.031337,0.032479,0.017798,0.017418,0.000045,0.031223,0.000114,0.714536,0.000000,0.714536,0.714536,0.714536,0.357268,0.357268,0,0,1,0,0.000000,0.080000,0.008000,0.001000,5.500000,0.100000,22.000000,0.025000,0.000000
7.481000,0.500000,0.640000,-2.448463,0.000000,-2.448463,-0.222706,0.000000,0.222706,0.025281,-0.001140,0.030969,0.030969,0.005688,0.031399,0.032539,0.017817,0.017427,0.000045,0.031285,0.000114,0.715852,0.000299,0.716151,0.716151,0.716151,0.358075,0.358075,0,0,1,0,0.000000,0.080000,0.008000,0.001000,5.500000,0.100000,22.000000,0.025000,0.000000
7.486000,0.500000,0.640000,-2.449599,0.000000,-2.449599,-0.222933,0.000000,0.222933,0.025281,-0.001140,0.030969,0.030969,0.005688,0.031399,0.032539,0.017835,0.017435,0.000045,0.031285,0.000114,0.715852,0.000000,0.715852,0.715852,0.715852,0.357926,0.357926,0,0,1,0,0.000000,0.080000,0.008000,0.001000,5.500000,0.100000,22.000000,0.025000,0.000000
7.491000,0.500000,0.640000,-2.450736,0.000000,-2.450736,-0.223159,0.000000,0.223159,0.025269,-0.001138,0.030969,0.030969,0.005700,0.031461,0.032599,0.017853,0.017444,0.000045,0.031347,0.000114,0.717182,0.000302,0.717485,0.717485,0.717485,0.358742,0.358742,0,0,1,0,0.000000,0.080000,0.008000,0.001000,5.500000,0.100000,22.000000,0.025000,0.000000
7.496000,0.500000,0.640000,-2.451874,0.000000,-2.451874,-0.223386,0.000000,0.223386,0.025269,-0.001138,0.030969,0.030969,0.005700,0.031461,0.032599,0.017871,0.017453,0.000045,0.031347,0.000114,0.717182,0.000000,0.717182,0.717182,0.717182,0.358591,0.358591,0,0,1,0,0.000000,0.080000,0.008000,0.001000,5.500000,0.100000,22.000000,0.025000,0.000000
7.501000,0.500000,0.640000,-2.453013,0.000000,-2.453013,-0.223613,0.000000,0.223613,0.025258,-0.001138,0.030969,0.030969,0.005711,0.031524,0.032661,0.017889,0.017462,0.000045,0.031410,0.000114,0.718549,0.000311,0.718859,0.718859,0.718859,0.359430,0.359430,0,0,1,0,0.000000,0.080000,0.008000,0.001000,5.500000,0.100000,22.000000,0.025000,0.000000
7.506000,0.500000,0.640000,-2.454153,0.000000,-2.454153,-0.223840,0.000000,0.223840,0.025258,-0.001138,0.030969,0.030969,0.005711,0.031524,0.032661,0.017907,0.017471,0.000045,0.031410,0.000114,0.718549,0.000000,0.718549,0.718549,0.718549,0.359274,0.359274,0,0,1,0,0.000000,0.080000,0.008000,0.001000,5.500000,0.100000,22.000000,0.025000,0.000000
7.515000,0.500000,0.640000,-2.456437,0.000000,-2.456437,-0.224294,0.000000,0.224294,0.025246,-0.001139,0.030969,0.030969,0.005722,0.031587,0.032726,0.017944,0.017487,0.000050,0.031473,0.000114,0.719963,0.000179,0.720142,0.720142,0.720142,0.360071,0.360071,0,0,1,0,0.000000,0.080000,0.008000,0.001000,5.500000,0.100000,22.000000,0.025000,0.000000
7.520000,0.500000,0.640000,-2.457581,0.000000,-2.457581,-0.224521,0.000000,0.224521,0.025235,-0.001147,0.030969,0.030969,0.005734,0.031651,0.032799,0.017962,0.017496,0.000045,0.031537,0.000115,0.721569,0.000365,0.721934,0.721934,0.721934,0.360967,0.360967,0,0,1,0,0.000000,0.080000,0.008000,0.001000,5.500000,0.100000,22.000000,0.025000,0.000000
7.525000,0.500000,0.640000,-2.457581,0.000000,-2.457581,-0.224521,0.000000,0.224521,0.025235,-0.001147,0.030969,0.030969,0.005734,0.031651,0.032799,0.017962,0.017505,0.000000,0.031537,0.000115,0.721569,0.000000,0.721569,0.721569,0.721569,0.360785,0.360785,0,0,1,0,0.000000,0.080000,0.008000,0.001000,5.500000,0.100000,22.000000,0.025000,0.000000
7.530000,0.500000,0.640000,-2.458726,0.000000,-2.458726,-0.224747,0.000000,0.224747,0.025223,-0.001154,0.030969,0.030969,0.005746,0.031717,0.032872,0.017980,0.017514,0.000045,0.031602,0.000115,0.723180,0.000366,0.723546,0.723546,0.723546,0.361773,0.361773,0,0,1,0,0.000000,0.080000,0.008000,0.001000,5.500000,0.100000,22.000000,0.025000,0.000000
7.535000,0.500000,0.640000,-2.459872,0.000000,-2.459872,-0.224974,0.000000,0.224974,0.025223,-0.001154,0.030969,0.030969,0.005746,0.031717,0.032872,0.017998,0.017523,0.000045,0.031602,0.000115,0.723180,0.000000,0.723180,0.723180,0.723180,0.361590,0.361590,0,0,1,0,0.000000,0.080000,0.008000,0.001000,5.500000,0.100000,22.000000,0.025000,0.000000
7.540000,0.500000,0.640000,-2.462167,0.000000,-2.462167,-0.225429,0.000000,0.225429,0.025223,-0.001154,0.030969,0.030969,0.005746,0.031717,0.032872,0.018034,0.017532,0.000091,0.031602,0.000115,0.723180,0.000000,0.723180,0.723180,0.723180,0.361590,0.361590,0,0,1,0,0.000000,0.080000,0.008000,0.001000,5.500000,0.100000,22.000000,0.025000,0.000000
7.545000,0.500000,0.640000,-2.462167,0.000000,-2.462167,-0.225429,0.000000,0.225429,0.025211,-0.001160,0.030969,0.030969,0.005758,0.031783,0.032944,0.018034,0.017541,0.000000,0.031667,0.000116,0.724765,0.000360,0.725125,0.725125,0.725125,0.362562,0.362562,0,0,1,0,0.000000,0.080000,0.008000,0.001000,5.500000,0.100000,22.000000,0.025000,0.000000
7.550000,0.500000,0.640000,-2.463316,0.000000,-2.463316,-0.225657,0.000000,0.225657,0.025211,-0.001160,0.030969,0.030969,0.005758,0.031783,0.032944,0.018053,0.017550,0.000046,0.031667,0.000116,0.724765,0.000000,0.724765,0.724765,0.724765,0.362382,0.362382,0,0,1,0,0.000000,0.080000,0.008000,0.001000,5.500000,0.100000,22.000000,0.025000,0.000000
7.555000,0.500000,0.640000,-2.464467,0.000000,-2.464467,-0.225884,0.000000,0.225884,0.025199,-0.001171,0.030969,0.030969,0.005770,0.031850,0.033021,0.018071,0.017559,0.000045,0.031733,0.000117,0.726463,0.000386,0.726849,0.726849,0.726849,0.363425,0.363425,0,0,1,0,0.000000,0.080000,0.008000,0.001000,5.500000,0.100000,22.000000,0.025000,0.000000
7.560000,0.500000,0.640000,-2.465619,0.000000,-2.465619,-0.226112,0.000000,0.226112,0.025199,-0.001171,0.030969,0.030969,0.005770,0.031850,0.033021,0.018089,0.017568,0.000046,0.031733,0.000117,0.726463,0.000000,0.726463,0.726463,0.726463,0.363232,0.363232,0,0,1,0,0.000000,0.080000,0.008000,0.001000,5.500000,0.100000,22.000000,0.025000,0.000000
7.565000,0.500000,0.640000,-2.466772,0.000000,-2.466772,-0.226341,0.000000,0.226341,0.025187,-0.001176,0.030969,0.030969,0.005782,0.031917,0.033093,0.018107,0.017577,0.000046,0.031800,0.000118,0.728053,0.000361,0.728415,0.728415,0.728415,0.364207,0.364207,0,0,1,0,0.000000,0.080000,0.008000,0.001000,5.500000,0.100000,22.000000,0.025000,0.000000
7.574000,0.500000,0.640000,-2.469081,0.000000,-2.469081,-0.226799,0.000000,0.226799,0.025175,-0.001178,0.030969,0.030969,0.005794,0.031983,0.033161,0.018144,0.017594,0.000051,0.031865,0.000118,0.729535,0.000187,0.729722,0.729722,0.729722,0.364861,0.364861,0,0,1,0,0.000000,0.080000,0.008000,0.001000,5.500000,0.100000,22.000000,0.025000,0.000000
7.579000,0.500000,0.640000,-2.470238,0.000000,-2.470238,-0.227029,0.000000,0.227029,0.025175,-0.001178,0.030969,0.030969,0.005794,0.031983,0.033161,0.018162,0.017603,0.000046,0.031865,0.000118,0.729535,0.000000,0.729535,0.729535,0.729535,0.364768,0.364768,0,0,1,0,0.000000,0.080000,0.008000,0.001000,5.500000,0.100000,22.000000,0.025000,0.000000
7.584000,0.500000,0.640000,-2.471395,0.000000,-2.471395,-0.227260,0.000000,0.227260,0.025163,-0.001175,0.030969,0.030969,0.005805,0.032048,0.033223,0.018181,0.017612,0.000046,0.031930,0.000118,0.730903,0.000311,0.731214,0.731214,0.731214,0.365607,0.365607,0,0,1,0,0.000000,0.080000,0.008000,0.001000,5.500000,0.100000,22.000000,0.025000,0.000000
7.589000,0.500000,0.640000,-2.472554,0.000000,-2.472554,-0.227491,0.000000,0.227491,0.025163,-0.001175,0.030969,0.030969,0.005805,0.032048,0.033223,0.018199,0.017621,0.000046,0.031930,0.000118,0.730903,0.000000,0.730903,0.730903,0.730903,0.365452,0.365452,0,0,1,0,0.000000,0.080000,0.008000,0.001000,5.500000,0.100000,22.000000,0.025000,0.000000
7.594000,0.500000,0.640000,-2.473714,0.000000,-2.473714,-0.227722,0.000000,0.227722,0.025152,-0.001171,0.030969,0.030969,0.005817,0.032111,0.033282,0.018218,0.017630,0.000046,0.031994,0.000117,0.732213,0.000298,0.732511,0.732511,0.732511,0.366255,0.366255,0,0,1,0,0.000000,0.080000,0.008000,0.001000,5.500000,0.100000,22.000000,0.025000,0.000000
7.599000,0.500000,0.640000,-2.474876,0.000000,-2.474876,-0.227954,0.000000,0.227954,0.025152,-0.001171,0.030969,0.030969,0.005817,0.032111,0.033282,0.018236,0.017639,0.000046,0.031994,0.000117,0.732213,0.000000,0.732213,0.732213,0.732213,0.366106,0.366106,0,0,1,0,0.000000,0.080000,0.008000,0.001000,5.500000,0.100000,22.000000,0.025000,0.000000
7.604000,0.500000,0.640000,-2.476038,0.000000,-2.476038,-0.228186,0.000000,0.228186,0.025140,-0.001167,0.030969,0.030969,0.005829,0.032174,0.033341,0.018255,0.017648,0.000046,0.032057,0.000117,0.733503,0.000293,0.733797,0.733797,0.733797,0.366898,0.366898,0,0,1,0,0.000000,0.080000,0.008000,0.001000,5.500000,0.100000,22.000000,0.025000,0.000000
7.609000,0.500000,0.640000,-2.477202,0.000000,-2.477202,-0.228418,0.000000,0.228418,0.025140,-0.001167,0.030969,0.030969,0.005829,0.032174,0.033341,0.018273,0.017658,0.000046,0.032057,0.000117,0.733503,0.000000,0.733503,0.733503,0.733503,0.366752,0.366752,0,0,1,0,0.000000,0.080000,0.008000,0.001000,5.500000,0.100000,22.000000,0.025000,0.000000
7.614000,0.500000,0.640000,-2.478367,0.000000,-2.478367,-0.228651,0.000000,0.228651,0.025129,-0.001164,0.030969,0.030969,0.005840,0.032237,0.033401,0.018292,0.017667,0.000047,0.032121,0.000116,0.734813,0.000298,0.735111,0.735111,0.735111,0.367555,0.367555,0,0,1,0,0.000000,0.080000,0.008000,0.001000,5.500000,0.100000,22.000000,0.025000,0.000000
7.623000,0.500000,0.640000,-2.480700,0.000000,-2.480700,-0.229117,0.000000,0.229117,0.025117,-0.001162,0.030969,0.030969,0.005852,0.032300,0.033462,0.018329,0.017683,0.000052,0.032184,0.000116,0.736173,0.000172,0.736345,0.736345,0.736345,0.368172,0.368172,0,0,1,0,0.000000,0.080000,0.008000,0.001000,5.500000,0.100000,22.000000,0.025000,0.000000
7.628000,0.500000,0.640000,-2.481869,0.000000,-2.481869,-0.229349,0.000000,0.229349,0.025117,-0.001162,0.030969,0.030969,0.005852,0.032300,0.033462,0.018348,0.017692,0.000047,0.032184,0.000116,0.736173,0.000000,0.736173,0.736173,0.736173,0.368087,0.368087,0,0,1,0,0.000000,0.080000,0.008000,0.001000,5.500000,0.100000,22.000000,0.025000,0.000000
7.633000,0.500000,0.640000,-2.483038,0.000000,-2.483038,-0.229583,0.000000,0.229583,0.025105,-0.001162,0.030969,0.030969,0.005863,0.032364,0.033527,0.018367,0.017702,0.000047,0.032248,0.000116,0.737587,0.000321,0.737908,0.737908,0.737908,0.368954,0.368954,0,0,1,0,0.000000,0.080000,0.008000,0.001000,5.500000,0.100000,22.000000,0.025000,0.000000
7.638000,0.500000,0.640000,-2.484209,0.000000,-2.484209,-0.229815,0.000000,0.229815,0.025105,-0.001162,0.030969,0.030969,0.005863,0.032364,0.033527,0.018385,0.017711,0.000047,0.032248,0.000116,0.737587,0.000000,0.737587,0.737587,0.737587,0.368793,0.368793,0,0,1,0,0.000000,0.080000,0.008000,0.001000,5.500000,0.100000,22.000000,0.025000,0.000000
7.643000,0.500000,0.640000,-2.485381,0.000000,-2.485381,-0.230049,0.000000,0.230049,0.025094,-0.001165,0.030969,0.030969,0.005875,0.032429,0.033594,0.018404,0.017720,0.000047,0.032313,0.000117,0.739079,0.000339,0.739418,0.739418,0.739418,0.369709,0.369709,0,0,1,0,0.000000,0.080000,0.008000,0.001000,5.500000,0.100000,22.000000,0.025000,0.000000
7.648000,0.500000,0.640000,-2.486554,0.000000,-2.486554,-0.230282,0.000000,0.230282,0.025094,-0.001165,0.030969,0.030969,0.005875,0.032429,0.033594,0.018423,0.017729,0.000047,0.032313,0.000117,0.739079,0.000000,0.739079,0.739079,0.739079,0.369539,0.369539,0,0,1,0,0.000000,0.080000,0.008000,0.001000,5.500000,0.100000,22.000000,0.025000,0.000000
7.653000,0.500000,0.640000,-2.487728,0.000000,-2.487728,-0.230515,0.000000,0.230515,0.025082,-0.001170,0.030969,0.030969,0.005887,0.032495,0.033665,0.018441,0.017738,0.000047,0.032378,0.000117,0.740640,0.000355,0.740995,0.740995,0.740995,0.370498,0.370498,0,0,1,0,0.000000,0.080000,0.008000,0.001000,5.500000,0.100000,22.000000,0.025000,0.000000
7.658000,0.500000,0.640000,-2.488904,0.000000,-2.488904,-0.230748,0.000000,0.230748,0.025082,-0.001170,0.030969,0.030969,0.005887,0.032495,0.033665,0.018460,0.017748,0.000047,0.032378,0.000117,0.740640,0.000000,0.740640,0.740640,0.740640,0.370320,0.370320,0,0,1,0,0.000000,0.080000,0.008000,0.001000,5.500000,0.100000,22.000000,0.025000,0.000000
7.663000,0.500000,0.640000,-2.490080,0.000000,-2.490080,-0.230981,0.000000,0.230981,0.025070,-0.001177,0.030969,0.030969,0.005899,0.032562,0.033739,0.018479,0.017757,0.000047,0.032444,0.000118,0.742252,0.000366,0.742618,0.742618,0.742618,0.371309,0.371309,0,0,1,0,0.000000,0.080000,0.008000,0.001000,5.500000,0.100000,22.000000,0.025000,0.000000
7.672000,0.500000,0.640000,-2.492437,0.000000,-2.492437,-0.231448,0.000000,0.231448,0.025058,-0.001184,0.030969,0.030969,0.005911,0.032629,0.033813,0.018516,0.017774,0.000052,0.032511,0.000118,0.743888,0.000207,0.744095,0.744095,0.744095,0.372047,0.372047,0,0,1,0,0.000000,0.080000,0.008000,0.001000,5.500000,0.100000,22.000000,0.025000,0.000000
7.677000,0.500000,0.640000,-2.493617,0.000000,-2.493617,-0.231682,0.000000,0.231682,0.025058,-0.001184,0.030969,0.030969,0.005911,0.032629,0.033813,0.018535,0.017783,0.000047,0.032511,0.000118,0.743888,0.000000,0.743888,0.743888,0.743888,0.371944,0.371944,0,0,1,0,0.000000,0.080000,0.008000,0.001000,5.500000,0.100000,22.000000,0.025000,0.000000
7.682000,0.500000,0.640000,-2.494798,0.000000,-2.494798,-0.231917,0.000000,0.231917,0.025045,-0.001190,0.030969,0.030969,0.005923,0.032697,0.033887,0.018553,0.017792,0.000047,0.032578,0.000119,0.745503,0.000367,0.745870,0.745870,0.745870,0.372935,0.372935,0,0,1,0,0.000000,0.080000,0.008000,0.001000,5.500000,0.100000,22.000000,0.025000,0.000000
7.687000,0.500000,0.640000,-2.495981,0.000000,-2.495981,-0.232151,0.000000,0.232151,0.025045,-0.001190,0.030969,0.030969,0.005923,0.032697,0.033887,0.018572,0.017801,0.000047,0.032578,0.000119,0.745503,0.000000,0.745503,0.745503,0.745503,0.372752,0.372752,0,0,1,0,0.000000,0.080000,0.008000,0.001000,5.500000,0.100000,22.000000,0.025000,0.000000
7.692000,0.500000,0.640000,-2.497165,0.000000,-2.497165,-0.232386,0.000000,0.232386,0.025033,-0.001195,0.030969,0.030969,0.005935,0.032764,0.033959,0.018591,0.017811,0.000047,0.032645,0.000119,0.747101,0.000363,0.747464,0.747464,0.747464,0.373732,0.373732,0,0,1,0,0.000000,0.080000,0.008000,0.001000,5.500000,0.100000,22.000000,0.025000,0.000000
7.697000,0.500000,0.640000,-2.498350,0.000000,-2.498350,-0.232621,0.000000,0.232621,0.025033,-0.001195,0.030969,0.030969,0.005935,0.032764,0.033959,0.018610,0.017820,0.000047,0.032645,0.000119,0.747101,0.000000,0.747101,0.747101,0.747101,0.373550,0.373550,0,0,1,0,0.000000,0.080000,0.008000,0.001000,5.500000,0.100000,22.000000,0.025000,0.000000
7.702000,0.500000,0.640000,-2.499536,0.000000,-2.499536,-0.232857,0.000000,0.232857,0.025021,-0.001198,0.030969,0.030969,0.005948,0.032832,0.034030,0.018629,0.017829,0.000047,0.032712,0.000120,0.748667,0.000356,0.749024,0.749024,0.749024,0.374512,0.374512,0,0,1,0,0.000000,0.080000,0.008000,0.001000,5.500000,0.100000,22.000000,0.025000,0.000000
7.707000,0.500000,0.640000,-2.500723,0.000000,-2.500723,-0.233092,0.000000,0.233092,0.025021,-0.001198,0.030969,0.030969,0.005948,0.032832,0.034030,0.018647,0.017839,0.000047,0.032712,0.000120,0.748667,0.000000,0.748667,0.748667,0.748667,0.374334,0.374334,0,0,1,0,0.000000,0.080000,0.008000,0.001000,5.500000,0.100000,22.000000,0.025000,0.000000
7.712000,0.500000,0.640000,-2.501912,0.000000,-2.501912,-0.233329,0.000000,0.233329,0.025009,-0.001201,0.030969,0.030969,0.005960,0.032899,0.034100,0.018666,0.017848,0.000047,0.032779,0.000120,0.750198,0.000348,0.750546,0.750546,0.750546,0.375273,0.375273,0,0,1,0,0.000000,0.080000,0.008000,0.001000,5.500000,0.100000,22.000000,0.025000,0.000000
7.717000,0.500000,0.640000,-2.503102,0.000000,-2.503102,-0.233565,0.000000,0.233565,0.025009,-0.001201,0.030969,0.030969,0.005960,0.032899,0.034100,0.018685,0.017857,0.000047,0.032779,0.000120,0.750198,0.000000,0.750198,0.750198,0.750198,0.375099,0.375099,0,0,1,0,0.000000,0.080000,0.008000,0.001000,5.500000,0.100000,22.000000,0.025000,0.000000
7.722000,0.500000,0.640000,-2.504293,0.000000,-2.504293,-0.233802,0.000000,0.233802,0.024997,-0.001202,0.030969,0.030969,0.005972,0.032966,0.034168,0.018704,0.017867,0.000047,0.032846,0.000120,0.751695,0.000340,0.752036,0.752036,0.752036,0.376018,0.376018,0,0,1,0,0.000000,0.080000,0.008000,0.001000,5.500000,0.100000,22.000000,0.025000,0.000000
7.731000,0.500000,0.640000,-2.506678,0.000000,-2.506678,-0.234277,0.000000,0.234277,0.024985,-0.001203,0.030969,0.030969,0.005984,0.033032,0.034235,0.018742,0.017884,0.000053,0.032912,0.000120,0.753169,0.000186,0.753355,0.753355,0.753355,0.376677,0.376677,0,0,1,0,0.000000,0.080000,0.008000,0.001000,5.500000,0.100000,22.000000,0.025000,0.000000
7.736000,0.500000,0.640000,-2.507873,0.000000,-2.507873,-0.234515,0.000000,0.234515,0.024985,-0.001203,0.030969,0.030969,0.005984,0.033032,0.034235,0.018761,0.017893,0.000048,0.032912,0.000120,0.753169,0.000000,0.753169,0.753169,0.753169,0.376584,0.376584,0,0,1,0,0.000000,0.080000,0.008000,0.001000,5.500000,0.100000,22.000000,0.025000,0.000000
7.741000,0.500000,0.640000,-2.509069,0.000000,-2.509069,-0.234753,0.000000,0.234753,0.024973,-0.001202,0.030969,0.030969,0.005996,0.033099,0.034301,0.018780,0.017902,0.000048,0.032978,0.000120,0.754613,0.000328,0.754941,0.754941,0.754941,0.377471,0.377471,0,0,1,0,0.000000,0.080000,0.008000,0.001000,5.500000,0.100000,22.000000,0.025000,0.000000
7.746000,0.500000,0.640000,-2.510266,0.000000,-2.510266,-0.234991,0.000000,0.234991,0.024973,-0.001202,0.030969,0.030969,0.005996,0.033099,0.034301,0.018799,0.017912,0.000048,0.032978,0.000120,0.754613,0.000000,0.754613,0.754613,0.754613,0.377307,0.377307,0,0,1,0,0.000000,0.080000,0.008000,0.001000,5.500000,0.100000,22.000000,0.025000,0.000000
7.751000,0.500000,0.640000,-2.511465,0.000000,-2.511465,-0.235230,0.000000,0.235230,0.024961,-0.001202,0.030969,0.030969,0.006008,0.033165,0.034367,0.018818,0.017921,0.000048,0.033045,0.000120,0.756067,0.000330,0.756397,0.756397,0.756397,0.378199,0.378199,0,0,1,0,0.000000,0.080000,0.008000,0.001000,5.500000,0.100000,22.000000,0.025000,0.000000
7.756000,0.500000,0.640000,-2.512664,0.000000,-2.512664,-0.235469,0.000000,0.235469,0.024961,-0.001202,0.030969,0.030969,0.006008,0.033165,0.034367,0.018837,0.017931,0.000048,0.033045,0.000120,0.756067,0.000000,0.756067,0.756067,0.756067,0.378033,0.378033,0,0,1,0,0.000000,0.080000,0.008000,0.001000,5.500000,0.100000,22.000000,0.025000,0.000000
7.761000,0.500000,0.640000,-2.513865,0.000000,-2.513865,-0.235708,0.000000,0.235708,0.024949,-0.001203,0.030969,0.030969,0.006020,0.033231,0.034434,0.018857,0.017940,0.000048,0.033111,0.000120,0.757543,0.000335,0.757878,0.757878,0.757878,0.378939,0.378939,0,0,1,0,0.000000,0.080000,0.008000,0.001000,5.500000,0.100000,22.000000,0.025000,0.000000
7.766000,0.500000,0.640000,-2.515067,0.000000,-2.515067,-0.235947,0.000000,0.235947,0.024949,-0.001203,0.030969,0.030969,0.006020,0.033231,0.034434,0.018876,0.017949,0.000048,0.033111,0.000120,0.757543,0.000000,0.757543,0.757543,0.757543,0.378771,0.378771,0,0,1,0,0.000000,0.080000,0.008000,0.001000,5.500000,0.100000,22.000000,0.025000,0.000000
7.771000,0.500000,0.640000,-2.516270,0.000000,-2.516270,-0.236186,0.000000,0.236186,0.024936,-0.001204,0.030969,0.030969,0.006032,0.033298,0.034502,0.018895,0.017959,0.000048,0.033178,0.000120,0.759050,0.000342,0.759392,0.759392,0.759392,0.379696,0.379696,0,0,1,0,0.000000,0.080000,0.008000,0.001000,5.500000,0.100000,22.000000,0.025000,0.000000
7.780000,0.500000,0.640000,-2.517474,0.000000,-2.517474,-0.236426,0.000000,0.236426,0.024924,-0.001206,0.030969,0.030969,0.006044,0.033365,0.034571,0.018914,0.017976,0.000027,0.033245,0.000121,0.760559,0.000191,0.760749,0.760749,0.760749,0.380375,0.380375,0,0,1,0,0.000000,0.080000,0.008000,0.001000,5.500000,0.100000,22.000000,0.025000,0.000000
7.785000,0.500000,0.640000,-2.519887,0.000000,-2.519887,-0.236906,0.000000,0.236906,0.024924,-0.001207,0.030969,0.030969,0.006044,0.033365,0.034572,0.018952,0.017985,0.000096,0.033245,0.000121,0.760590,0.000007,0.760597,0.760597,0.760597,0.380299,0.380299,0,0,1,0,0.000000,0.080000,0.008000,0.001000,5.500000,0.100000,22.000000,0.025000,0.000000
7.790000,0.500000,0.640000,-2.519887,0.000000,-2.519887,-0.236906,0.000000,0.236906,0.024924,-0.001207,0.030969,0.030969,0.006044,0.033365,0.034572,0.018952,0.017995,0.000000,0.033245,0.000121,0.760590,0.000000,0.760590,0.760590,0.760590,0.380295,0.380295,0,0,1,0,0.000000,0.080000,0.008000,0.001000,5.500000,0.100000,22.000000,0.025000,0.000000
7.795000,0.500000,0.640000,-2.521095,0.000000,-2.521095,-0.237146,0.000000,0.237146,0.024912,-0.001210,0.030969,0.030969,0.006057,0.033433,0.034643,0.018972,0.018004,0.000048,0.033312,0.000121,0.762145,0.000353,0.762499,0.762499,0.762499,0.381249,0.381249,0,0,1,0,0.000000,0.080000,0.008000,0.001000,5.500000,0.100000,22.000000,0.025000,0.000000
7.800000,0.500000,0.640000,-2.522304,0.000000,-2.522304,-0.237386,0.000000,0.237386,0.024912,-0.001210,0.030969,0.030969,0.006057,0.033433,0.034643,0.018991,0.018014,0.000048,0.033312,0.000121,0.762145,0.000000,0.762145,0.762145,0.762145,0.381073,0.381073,0,0,1,0,0.000000,0.080000,0.008000,0.001000,5.500000,0.100000,22.000000,0.025000,0.000000
7.805000,0.500000,0.640000,-2.523515,0.000000,-2.523515,-0.237626,0.000000,0.237626,0.024900,-0.001220,0.030969,0.030969,0.006069,0.033502,0.034722,0.019010,0.018023,0.000048,0.033380,0.000122,0.763883,0.000395,0.764278,0.764278,0.764278,0.382139,0.382139,0,0,1,0,0.000000,0.080000,0.008000,0.001000,5.500000,0.100000,22.000000,0.025000,0.000000
7.810000,0.500000,0.640000,-2.524726,0.000000,-2.524726,-0.237866,0.000000,0.237866,0.024900,-0.001220,0.030969,0.030969,0.006069,0.033502,0.034722,0.019029,0.018033,0.000048,0.033380,0.000122,0.763883,0.000000,0.763883,0.763883,0.763883,0.381941,0.381941,0,0,1,0,0.000000,0.080000,0.008000,0.001000,5.500000,0.100000,22.000000,0.025000,0.000000
7.815000,0.500000,0.640000,-2.525939,0.000000,-2.525939,-0.238105,0.000000,0.238105,0.024887,-0.001234,0.030969,0.030969,0.006082,0.033573,0.034807,0.019048,0.018042,0.000048,0.033450,0.000123,0.765754,0.000425,0.766179,0.766179,0.766179,0.383090,0.383090,0,0,1,0,0.000000,0.080000,0.008000,0.001000,5.500000,0.100000,22.000000,0.025000,0.000000
7.820000,0.500000,0.640000,-2.527153,0.000000,-2.527153,-0.238345,0.000000,0.238345,0.024887,-0.001234,0.030969,0.030969,0.006082,0.033573,0.034807,0.019068,0.018052,0.000048,0.033450,0.000123,0.765754,0.000000,0.765754,0.765754,0.765754,0.382877,0.382877,0,0,1,0,0.000000,0.080000,0.008000,0.001000,5.500000,0.100000,22.000000,0.025000,0.000000
7.829000,0.500000,0.640000,-2.529585,0.000000,-2.529585,-0.238826,0.000000,0.238826,0.024874,-0.001242,0.030969,0.030969,0.006095,0.033645,0.034887,0.019106,0.018069,0.000053,0.033521,0.000124,0.767509,0.000222,0.767730,0.767730,0.767730,0.383865,0.383865,0,0,1,0,0.000000,0.080000,0.008000,0.001000,5.500000,0.100000,22.000000,0.025000,0.000000
7.834000,0.500000,0.640000,-2.530803,0.000000,-2.530803,-0.239067,0.000000,0.239067,0.024861,-0.001252,0.030969,0.030969,0.006108,0.033717,0.034969,0.019125,0.018079,0.000048,0.033591,0.000125,0.769310,0.000409,0.769720,0.769720,0.769720,0.384860,0.384860,0,0,1,0,0.000000,0.080000,0.008000,0.001000,5.500000,0.100000,22.000000,0.025000,0.000000
7.839000,0.500000,0.640000,-2.532022,0.000000,-2.532022,-0.239308,0.000000,0.239308,0.024861,-0.001252,0.030969,0.030969,0.006108,0.033717,0.034969,0.019145,0.018088,0.000048,0.033591,0.000125,0.769310,0.000000,0.769310,0.769310,0.769310,0.384655,0.384655,0,0,1,0,0.000000,0.080000,0.008000,0.001000,5.500000,0.100000,22.000000,0.025000,0.000000
7.844000,0.500000,0.640000,-2.533242,0.000000,-2.533242,-0.239550,0.000000,0.239550,0.024848,-0.001255,0.030969,0.030969,0.006120,0.033788,0.035043,0.019164,0.018098,0.000048,0.033662,0.000126,0.770940,0.000370,0.771310,0.771310,0.771310,0.385655,0.385655,0,0,1,0,0.000000,0.080000,0.008000,0.001000,5.500000,0.100000,22.000000,0.025000,0.000000
7.849000,0.500000,0.640000,-2.534463,0.000000,-2.534463,-0.239793,0.000000,0.239793,0.024848,-0.001255,0.030969,0.030969,0.006120,0.033788,0.035043,0.019183,0.018107,0.000049,0.033662,0.000126,0.770940,0.000000,0.770940,0.770940,0.770940,0.385470,0.385470,0,0,1,0,0.000000,0.080000,0.008000,0.001000,5.500000,0.100000,22.000000,0.025000,0.000000
7.854000,0.500000,0.640000,-2.535686,0.000000,-2.535686,-0.240036,0.000000,0.240036,0.024836,-0.001253,0.030969,0.030969,0.006133,0.033857,0.035109,0.019203,0.018117,0.000049,0.033731,0.000125,0.772401,0.000332,0.772733,0.772733,0.772733,0.386367,0.386367,0,0,1,0,0.000000,0.080000,0.008000,0.001000,5.500000,0.100000,22.000000,0.025000,0.000000
7.859000,0.500000,0.640000,-2.536910,0.000000,-2.536910,-0.240281,0.000000,0.240281,0.024836,-0.001253,0.030969,0.030969,0.006133,0.033857,0.035109,0.019222,0.018127,0.000049,0.033731,0.000125,0.772401,0.000000,0.772401,0.772401,0.772401,0.386201,0.386201,0,0,1,0,0.000000,0.080000,0.008000,0.001000,5.500000,0.100000,22.000000,0.025000,0.000000
7.868000,0.500000,0.640000,-2.539362,0.000000,-2.539362,-0.240771,0.000000,0.240771,0.024823,-0.001246,0.030969,0.030969,0.006145,0.033924,0.035170,0.019262,0.018144,0.000054,0.033799,0.000125,0.773735,0.000168,0.773903,0.773903,0.773903,0.386952,0.386952,0,0,1,0,0.000000,0.080000,0.008000,0.001000,5.500000,0.100000,22.000000,0.025000,0.000000
7.873000,0.500000,0.640000,-2.540590,0.000000,-2.540590,-0.241016,0.000000,0.241016,0.024811,-0.001243,0.030969,0.030969,0.006157,0.033990,0.035233,0.019281,0.018154,0.000049,0.033866,0.000124,0.775133,0.000318,0.775451,0.775451,0.775451,0.387726,0.387726,0,0,1,0,0.000000,0.080000,0.008000,0.001000,5.500000,0.100000,22.000000,0.025000,0.000000
7.878000,0.500000,0.640000,-2.541819,0.000000,-2.541819,-0.241261,0.000000,0.241261,0.024811,-0.001243,0.030969,0.030969,0.006157,0.033990,0.035233,0.019301,0.018163,0.000049,0.033866,0.000124,0.775133,0.000000,0.775133,0.775133,0.775133,0.387567,0.387567,0,0,1,0,0.000000,0.080000,0.008000,0.001000,5.500000,0.100000,22.000000,0.025000,0.000000
7.883000,0.500000,0.640000,-2.543050,0.000000,-2.543050,-0.241507,0.000000,0.241507,0.024799,-0.001238,0.030969,0.030969,0.006170,0.034057,0.035295,0.019321,0.018173,0.000049,0.033933,0.000124,0.776492,0.000309,0.776800,0.776800,0.776800,0.388400,0.388400,0,0,1,0,0.000000,0.080000,0.008000,0.001000,5.500000,0.100000,22.000000,0.025000,0.000000
7.888000,0.500000,0.640000,-2.544281,0.000000,-2.544281,-0.241753,0.000000,0.241753,0.024799,-0.001238,0.030969,0.030969,0.006170,0.034057,0.035295,0.019340,0.018183,0.000049,0.033933,0.000124,0.776492,0.000000,0.776492,0.776492,0.776492,0.388246,0.388246,0,0,1,0,0.000000,0.080000,0.008000,0.001000,5.500000,0.100000,22.000000,0.025000,0.000000
7.893000,0.500000,0.640000,-2.545514,0.000000,-2.545514,-0.242000,0.000000,0.242000,0.024787,-0.001233,0.030969,0.030969,0.006182,0.034124,0.035357,0.019360,0.018192,0.000049,0.034000,0.000123,0.777851,0.000309,0.778159,0.778159,0.778159,0.389080,0.389080,0,0,1,0,0.000000,0.080000,0.008000,0.001000,5.500000,0.100000,22.000000,0.025000,0.000000
7.898000,0.500000,0.640000,-2.546748,0.000000,-2.546748,-0.242246,0.000000,0.242246,0.024787,-0.001233,0.030969,0.030969,0.006182,0.034124,0.035357,0.019380,0.018202,0.000049,0.034000,0.000123,0.777851,0.000000,0.777851,0.777851,0.777851,0.388925,0.388925,0,0,1,0,0.000000,0.080000,0.008000,0.001000,5.500000,0.100000,22.000000,0.025000,0.000000
7.903000,0.500000,0.640000,-2.547984,0.000000,-2.547984,-0.242493,0.000000,0.242493,0.024775,-0.001230,0.030969,0.030969,0.006194,0.034190,0.035421,0.019399,0.018212,0.000049,0.034067,0.000123,0.779251,0.000318,0.779569,0.779569,0.779569,0.389785,0.389785,0,0,1,0,0.000000,0.080000,0.008000,0.001000,5.500000,0.100000,22.000000,0.025000,0.000000
7.912000,0.500000,0.640000,-2.550458,0.000000,-2.550458,-0.242987,0.000000,0.242987,0.024762,-0.001230,0.030969,0.030969,0.006206,0.034258,0.035487,0.019439,0.018229,0.000055,0.034135,0.000123,0.780722,0.000186,0.780907,0.780907,0.780907,0.390454,0.390454,0,0,1,0,0.000000,0.080000,0.008000,0.001000,5.500000,0.100000,22.000000,0.025000,0.000000
7.917000,0.500000,0.640000,-2.551697,0.000000,-2.551697,-0.243234,0.000000,0.243234,0.024762,-0.001230,0.030969,0.030969,0.006206,0.034258,0.035487,0.019459,0.018239,0.000049,0.034135,0.000123,0.780722,0.000000,0.780722,0.780722,0.780722,0.390361,0.390361,0,0,1,0,0.000000,0.080000,0.008000,0.001000,5.500000,0.100000,22.000000,0.025000,0.000000
7.922000,0.500000,0.640000,-2.552938,0.000000,-2.552938,-0.243481,0.000000,0.243481,0.024750,-0.001231,0.030969,0.030969,0.006219,0.034326,0.035557,0.019478,0.018249,0.000049,0.034203,0.000123,0.782258,0.000349,0.782608,0.782608,0.782608,0.391304,0.391304,0,0,1,0,0.000000,0.080000,0.008000,0.001000,5.500000,0.100000,22.000000,0.025000,0.000000
7.927000,0.500000,0.640000,-2.554179,0.000000,-2.554179,-0.243728,0.000000,0.243728,0.024750,-0.001231,0.030969,0.030969,0.006219,0.034326,0.035557,0.019498,0.018258,0.000049,0.034203,0.000123,0.782258,0.000000,0.782258,0.782258,0.782258,0.391129,0.391129,0,0,1,0,0.000000,0.080000,0.008000,0.001000,5.500000,0.100000,22.000000,0.025000,0.000000
7.932000,0.500000,0.640000,-2.555422,0.000000,-2.555422,-0.243975,0.000000,0.243975,0.024738,-0.001236,0.030969,0.030969,0.006231,0.034395,0.035631,0.019518,0.018268,0.000049,0.034272,0.000124,0.783879,0.000368,0.784248,0.784248,0.784248,0.392124,0.392124,0,0,1,0,0.000000,0.080000,0.008000,0.001000,5.500000,0.100000,22.000000,0.025000,0.000000
7.937000,0.500000,0.640000,-2.556666,0.000000,-2.556666,-0.244222,0.000000,0.244222,0.024738,-0.001236,0.030969,0.030969,0.006231,0.034395,0.035631,0.019538,0.018278,0.000049,0.034272,0.000124,0.783879,0.000000,0.783879,0.783879,0.783879,0.391940,0.391940,0,0,1,0,0.000000,0.080000,0.008000,0.001000,5.500000,0.100000,22.000000,0.025000,0.000000
7.942000,0.500000,0.640000,-2.557912,0.000000,-2.557912,-0.244470,0.000000,0.244470,0.024725,-0.001242,0.030969,0.030969,0.006244,0.034465,0.035708,0.019558,0.018288,0.000049,0.034341,0.000124,0.785569,0.000384,0.785952,0.785952,0.785952,0.392976,0.392976,0,0,1,0,0.000000,0.080000,0.008000,0.001000,5.500000,0.100000,22.000000,0.025000,0.000000
7.947000,0.500000,0.640000,-2.559158,0.000000,-2.559158,-0.244717,0.000000,0.244717,0.024725,-0.001242,0.030969,0.030969,0.006244,0.034465,0.035708,0.019577,0.018297,0.000049,0.034341,0.000124,0.785569,0.000000,0.785569,0.785569,0.785569,0.392784,0.392784,0,0,1,0,0.000000,0.080000,0.008000,0.001000,5.500000,0.100000,22.000000,0.025000,0.000000
7.952000,0.500000,0.640000,-2.560406,0.000000,-2.560406,-0.244965,0.000000,0.244965,0.024712,-0.001250,0.030969,0.030969,0.006257,0.034537,0.035786,0.019597,0.018307,0.000050,0.034412,0.000125,0.787300,0.000393,0.787693,0.787693,0.787693,0.393847,0.393847,0,0,1,0,0.000000,0.080000,0.008000,0.001000,5.500000,0.100000,22.000000,0.025000,0.000000
7.957000,0.500000,0.640000,-2.561655,0.000000,-2.561655,-0.245212,0.000000,0.245212,0.024712,-0.001250,0.030969,0.030969,0.006257,0.034537,0.035786,0.019617,0.018317,0.000049,0.034412,0.000125,0.787300,0.000000,0.787300,0.787300,0.787300,0.393650,0.393650,0,0,1,0,0.000000,0.080000,0.008000,0.001000,5.500000,0.100000,22.000000,0.025000,0.000000
7.962000,0.500000,0.640000,-2.562906,0.000000,-2.562906,-0.245460,0.000000,0.245460,0.024699,-0.001257,0.030969,0.030969,0.006270,0.034608,0.035866,0.019637,0.018327,0.000050,0.034483,0.000126,0.789044,0.000396,0.789440,0.789440,0.789440,0.394720,0.394720,0,0,1,0,0.000000,0.080000,0.008000,0.001000,5.500000,0.100000,22.000000,0.025000,0.000000
7.967000,0.500000,0.640000,-2.564157,0.000000,-2.564157,-0.245708,0.000000,0.245708,0.024699,-0.001257,0.030969,0.030969,0.006270,0.034608,0.035866,0.019657,0.018337,0.000050,0.034483,0.000126,0.789044,0.000000,0.789044,0.789044,0.789044,0.394522,0.394522,0,0,1,0,0.000000,0.080000,0.008000,0.001000,5.500000,0.100000,22.000000,0.025000,0.000000
7.976000,0.500000,0.640000,-2.566664,0.000000,-2.566664,-0.246205,0.000000,0.246205,0.024686,-0.001264,0.030969,0.030969,0.006283,0.034680,0.035944,0.019696,0.018354,0.000055,0.034554,0.000126,0.790772,0.000218,0.790991,0.790991,0.790991,0.395495,0.395495,0,0,1,0,0.000000,0.080000,0.008000,0.001000,5.500000,0.100000,22.000000,0.025000,0.000000
7.981000,0.500000,0.640000,-2.567920,0.000000,-2.567920,-0.246454,0.000000,0.246454,0.024673,-0.001276,0.030969,0.030969,0.006296,0.034753,0.036029,0.019716,0.018364,0.000050,0.034626,0.000128,0.792638,0.000424,0.793062,0.793062,0.793062,0.396531,0.396531,0,0,1,0,0.000000,0.080000,0.008000,0.001000,5.500000,0.100000,22.000000,0.025000,0.000000
7.986000,0.500000,0.640000,-2.569176,0.000000,-2.569176,-0.246702,0.000000,0.246702,0.024673,-0.001276,0.030969,0.030969,0.006296,0.034753,0.036029,0.019736,0.018374,0.000050,0.034626,0.000128,0.792638,0.000000,0.792638,0.792638,0.792638,0.396319,0.396319,0,0,1,0,0.000000,0.080000,0.008000,0.001000,5.500000,0.100000,22.000000,0.025000,0.000000
7.991000,0.500000,0.640000,-2.570434,0.000000,-2.570434,-0.246952,0.000000,0.246952,0.024660,-0.001283,0.030969,0.030969,0.006309,0.034827,0.036109,0.019756,0.018384,0.000050,0.034698,0.000128,0.794408,0.000402,0.794810,0.794810,0.794810,0.397405,0.397405,0,0,1,0,0.000000,0.080000,0.008000,0.001000,5.500000,0.100000,22.000000,0.025000,0.000000
7.996000,0.500000,0.640000,-2.571693,0.000000,-2.571693,-0.247201,0.000000,0.247201,0.024660,-0.001283,0.030969,0.030969,0.006309,0.034827,0.036109,0.019776,0.018394,0.000050,0.034698,0.000128,0.794408,0.000000,0.794408,0.794408,0.794408,0.397204,0.397204,0,0,1,0,0.000000,0.080000,0.008000,0.001000,5.500000,0.100000,22.000000,0.025000,0.000000
8.001000,0.500000,0.640000,-2.572954,0.000000,-2.572954,-0.247452,0.000000,0.247452,0.024647,-0.001286,0.030969,0.030969,0.006322,0.034899,0.036185,0.019796,0.018404,0.000050,0.034770,0.000129,0.796060,0.000376,0.796436,0.796436,0.796436,0.398218,0.398218,0,0,1,0,0.000000,0.080000,0.008000,0.001000,5.500000,0.100000,22.000000,0.025000,0.000000
8.006000,0.500000,0.640000,-2.574216,0.000000,-2.574216,-0.247703,0.000000,0.247703,0.024647,-0.001286,0.030969,0.030969,0.006322,0.034899,0.036185,0.019816,0.018414,0.000050,0.034770,0.000129,0.796060,0.000000,0.796060,0.796060,0.796060,0.398030,0.398030,0,0,1,0,0.000000,0.080000,0.008000,0.001000,5.500000,0.100000,22.000000,0.025000,0.000000
8.011000,0.500000,0.640000,-2.575479,0.000000,-2.575479,-0.247954,0.000000,0.247954,0.024634,-0.001285,0.030969,0.030969,0.006335,0.034970,0.036255,0.019836,0.018424,0.000050,0.034842,0.000128,0.797603,0.000351,0.797953,0.797953,0.797953,0.398977,0.398977,0,0,1,0,0.000000,0.080000,0.008000,0.001000,5.500000,0.100000,22.000000,0.025000,0.000000
8.016000,0.500000,0.640000,-2.576743,0.000000,-2.576743,-0.248206,0.000000,0.248206,0.024634,-0.001285,0.030969,0.030969,0.006335,0.034970,0.036255,0.019856,0.018434,0.000050,0.034842,0.000128,0.797603,0.000000,0.797603,0.797603,0.797603,0.398801,0.398801,0,0,1,0,0.000000,0.080000,0.008000,0.001000,5.500000,0.100000,22.000000,0.025000,0.000000
8.021000,0.500000,0.640000,-2.578009,0.000000,-2.578009,-0.248459,0.000000,0.248459,0.024621,-0.001281,0.030969,0.030969,0.006348,0.035040,0.036321,0.019877,0.018443,0.000051,0.034912,0.000128,0.799064,0.000332,0.799396,0.799396,0.799396,0.399698,0.399698,0,0,1,0,0.000000,0.080000,0.008000,0.001000,5.500000,0.100000,22.000000,0.025000,0.000000
8.026000,0.500000,0.640000,-2.579276,0.000000,-2.579276,-0.248712,0.000000,0.248712,0.024621,-0.001281,0.030969,0.030969,0.006348,0.035040,0.036321,0.019897,0.018453,0.000051,0.034912,0.000128,0.799064,0.000000,0.799064,0.799064,0.799064,0.399532,0.399532,0,0,1,0,0.000000,0.080000,0.008000,0.001000,5.500000,0.100000,22.000000,0.025000,0.000000
8.031000,0.500000,0.640000,-2.580545,0.000000,-2.580545,-0.248965,0.000000,0.248965,0.024608,-0.001277,0.030969,0.030969,0.006360,0.035109,0.036386,0.019917,0.018463,0.000051,0.034981,0.000128,0.800482,0.000322,0.800804,0.800804,0.800804,0.400402,0.400402,0,0,1,0,0.000000,0.080000,0.008000,0.001000,5.500000,0.100000,22.000000,0.025000,0.000000
8.040000,0.500000,0.640000,-2.581814,0.000000,-2.581814,-0.249219,0.000000,0.249219,0.024608,-0.001277,0.030969,0.030969,0.006360,0.035109,0.036386,0.019938,0.018481,0.000028,0.034981,0.000128,0.800482,0.000000,0.800482,0.800482,0.800482,0.400241,0.400241,0,0,1,0,0.000000,0.080000,0.008000,0.001000,5.500000,0.100000,22.000000,0.025000,0.000000
8.045000,0.500000,0.640000,-2.583085,0.000000,-2.583085,-0.249473,0.000000,0.249473,0.024596,-0.001272,0.030969,0.030969,0.006373,0.035178,0.036450,0.019958,0.018491,0.000051,0.035050,0.000127,0.801901,0.000323,0.802224,0.802224,0.802224,0.401112,0.401112,0,0,1,0,0.000000,0.080000,0.008000,0.001000,5.500000,0.100000,22.000000,0.025000,0.000000
8.050000,0.500000,0.640000,-2.584358,0.000000,-2.584358,-0.249727,0.000000,0.249727,0.024596,-0.001272,0.030969,0.030969,0.006373,0.035178,0.036450,0.019978,0.018501,0.000051,0.035050,0.000127,0.801901,0.000000,0.801901,0.801901,0.801901,0.400951,0.400951,0,0,1,0,0.000000,0.080000,0.008000,0.001000,5.500000,0.100000,22.000000,0.025000,0.000000
8.055000,0.500000,0.640000,-2.585631,0.000000,-2.585631,-0.249981,0.000000,0.249981,0.024583,-0.001274,0.030969,0.030969,0.006385,0.035247,0.036522,0.019998,0.018511,0.000051,0.035120,0.000127,0.803473,0.000357,0.803831,0.803831,0.803831,0.401915,0.401915,0,0,1,0,0.000000,0.080000,0.008000,0.001000,5.500000,0.100000,22.000000,0.025000,0.000000
8.060000,0.500000,0.640000,-2.586906,0.000000,-2.586906,-0.250235,0.000000,0.250235,0.024583,-0.001274,0.030969,0.030969,0.006385,0.035247,0.036522,0.020019,0.018521,0.000051,0.035120,0.000127,0.803473,0.000000,0.803473,0.803473,0.803473,0.401737,0.401737,0,0,1,0,0.000000,0.080000,0.008000,0.001000,5.500000,0.100000,22.000000,0.025000,0.000000
8.065000,0.500000,0.640000,-2.588182,0.000000,-2.588182,-0.250488,0.000000,0.250488,0.024570,-0.001282,0.030969,0.030969,0.006398,0.035319,0.036601,0.020039,0.018531,0.000051,0.035191,0.000128,0.805224,0.000398,0.805622,0.805622,0.805622,0.402811,0.402811,0,0,1,0,0.000000,0.080000,0.008000,0.001000,5.500000,0.100000,22.000000,0.025000,0.000000
8.070000,0.500000,0.640000,-2.589459,0.000000,-2.589459,-0.250741,0.000000,0.250741,0.024570,-0.001282,0.030969,0.030969,0.006398,0.035319,0.036601,0.020059,0.018541,0.000051,0.035191,0.000128,0.805224,0.000000,0.805224,0.805224,0.805224,0.402612,0.402612,0,0,1,0,0.000000,0.080000,0.008000,0.001000,5.500000,0.100000,22.000000,0.025000,0.000000
8.075000,0.500000,0.640000,-2.590738,0.000000,-2.590738,-0.250994,0.000000,0.250994,0.024557,-0.001294,0.030969,0.030969,0.006412,0.035394,0.036688,0.020080,0.018551,0.000051,0.035264,0.000129,0.807128,0.000433,0.807560,0.807560,0.807560,0.403780,0.403780,0,0,1,0,0.000000,0.080000,0.008000,0.001000,5.500000,0.100000,22.000000,0.025000,0.000000
8.084000,0.500000,0.640000,-2.593299,0.000000,-2.593299,-0.251501,0.000000,0.251501,0.024544,-0.001303,0.030969,0.030969,0.006425,0.035469,0.036772,0.020120,0.018569,0.000056,0.035338,0.000130,0.808976,0.000233,0.809209,0.809209,0.809209,0.404605,0.404605,0,0,1,0,0.000000,0.080000,0.008000,0.001000,5.500000,0.100000,22.000000,0.025000,0.000000
8.089000,0.500000,0.640000,-2.594581,0.000000,-2.594581,-0.251755,0.000000,0.251755,0.024544,-0.001303,0.030969,0.030969,0.006425,0.035469,0.036772,0.020140,0.018580,0.000051,0.035338,0.000130,0.808976,0.000000,0.808976,0.808976,0.808976,0.404488,0.404488,0,0,1,0,0.000000,0.080000,0.008000,0.001000,5.500000,0.100000,22.000000,0.025000,0.000000
8.094000,0.500000,0.640000,-2.595865,0.000000,-2.595865,-0.252010,0.000000,0.252010,0.024530,-0.001307,0.030969,0.030969,0.006438,0.035542,0.036850,0.020161,0.018590,0.000051,0.035412,0.000131,0.810691,0.000390,0.811081,0.811081,0.811081,0.405540,0.405540,0,0,1,0,0.000000,0.080000,0.008000,0.001000,5.500000,0.100000,22.000000,0.025000,0.000000
8.099000,0.500000,0.640000,-2.597150,0.000000,-2.597150,-0.252266,0.000000,0.252266,0.024530,-0.001307,0.030969,0.030969,0.006438,0.035542,0.036850,0.020181,0.018600,0.000051,0.035412,0.000131,0.810691,0.000000,0.810691,0.810691,0.810691,0.405345,0.405345,0,0,1,0,0.000000,0.080000,0.008000,0.001000,5.500000,0.100000,22.000000,0.025000,0.000000
8.104000,0.500000,0.640000,-2.598436,0.000000,-2.598436,-0.252522,0.000000,0.252522,0.024517,-0.001308,0.030969,0.030969,0.006452,0.035615,0.036923,0.020202,0.018610,0.000051,0.035484,0.000131,0.812300,0.000366,0.812666,0.812666,0.812666,0.406333,0.406333,0,0,1,0,0.000000,0.080000,0.008000,0.001000,5.500000,0.100000,22.000000,0.025000,0.000000
8.109000,0.500000,0.640000,-2.599724,0.000000,-2.599724,-0.252778,0.000000,0.252778,0.024517,-0.001308,0.030969,0.030969,0.006452,0.035615,0.036923,0.020222,0.018620,0.000051,0.035484,0.000131,0.812300,0.000000,0.812300,0.812300,0.812300,0.406150,0.406150,0,0,1,0,0.000000,0.080000,0.008000,0.001000,5.500000,0.100000,22.000000,0.025000,0.000000
8.114000,0.500000,0.640000,-2.601013,0.000000,-2.601013,-0.253036,0.000000,0.253036,0.024504,-0.001305,0.030969,0.030969,0.006465,0.035687,0.036992,0.020243,0.018630,0.000051,0.035556,0.000131,0.813824,0.000346,0.814170,0.814170,0.814170,0.407085,0.407085,0,0,1,0,0.000000,0.080000,0.008000,0.001000,5.500000,0.100000,22.000000,0.025000,0.000000
8.119000,0.500000,0.640000,-2.602303,0.000000,-2.602303,-0.253293,0.000000,0.253293,0.024504,-0.001305,0.030969,0.030969,0.006465,0.035687,0.036992,0.020263,0.018640,0.000051,0.035556,0.000131,0.813824,0.000000,0.813824,0.813824,0.813824,0.406912,0.406912,0,0,1,0,0.000000,0.080000,0.008000,0.001000,5.500000,0.100000,22.000000,0.025000,0.000000
8.124000,0.500000,0.640000,-2.603595,0.000000,-2.603595,-0.253551,0.000000,0.253551,0.024491,-0.001302,0.030969,0.030969,0.006478,0.035757,0.037059,0.020284,0.018650,0.000052,0.035627,0.000130,0.815295,0.000334,0.815630,0.815630,0.815630,0.407815,0.407815,0,0,1,0,0.000000,0.080000,0.008000,0.001000,5.500000,0.100000,22.000000,0.025000,0.000000
8.129000,0.500000,0.640000,-2.604888,0.000000,-2.604888,-0.253809,0.000000,0.253809,0.024491,-0.001302,0.030969,0.030969,0.006478,0.035757,0.037059,0.020305,0.018661,0.000052,0.035627,0.000130,0.815295,0.000000,0.815295,0.815295,0.815295,0.407648,0.407648,0,0,1,0,0.000000,0.080000,0.008000,0.001000,5.500000,0.100000,22.000000,0.025000,0.000000
8.134000,0.500000,0.640000,-2.606183,0.000000,-2.606183,-0.254068,0.000000,0.254068,0.024478,-0.001298,0.030969,0.030969,0.006491,0.035828,0.037125,0.020325,0.018671,0.000052,0.035698,0.000130,0.816755,0.000332,0.817087,0.817087,0.817087,0.408543,0.408543,0,0,1,0,0.000000,0.080000,0.008000,0.001000,5.500000,0.100000,22.000000,0.025000,0.000000
8.143000,0.500000,0.640000,-2.608775,0.000000,-2.608775,-0.254586,0.000000,0.254586,0.024465,-0.001295,0.030969,0.030969,0.006503,0.035898,0.037193,0.020367,0.018689,0.000058,0.035769,0.000129,0.818241,0.000188,0.818429,0.818429,0.818429,0.409215,0.409215,0,0,1,0,0.000000,0.080000,0.008000,0.001000,5.500000,0.100000,22.000000,0.025000,0.000000
8.148000,0.500000,0.640000,-2.610074,0.000000,-2.610074,-0.254845,0.000000,0.254845,0.024465,-0.001295,0.030969,0.030969,0.006503,0.035898,0.037193,0.020388,0.018699,0.000052,0.035769,0.000129,0.818241,0.000000,0.818241,0.818241,0.818241,0.409121,0.409121,0,0,1,0,0.000000,0.080000,0.008000,0.001000,5.500000,0.100000,22.000000,0.025000,0.000000
8.153000,0.500000,0.640000,-2.611373,0.000000,-2.611373,-0.255105,0.000000,0.255105,0.024452,-0.001293,0.030969,0.030969,0.006516,0.035969,0.037262,0.020408,0.018709,0.000052,0.035839,0.000129,0.819766,0.000346,0.820112,0.820112,0.820112,0.410056,0.410056,0,0,1,0,0.000000,0.080000,0.008000,0.001000,5.500000,0.100000,22.000000,0.025000,0.000000
8.158000,0.500000,0.640000,-2.612674,0.000000,-2.612674,-0.255364,0.000000,0.255364,0.024452,-0.001293,0.030969,0.030969,0.006516,0.035969,0.037262,0.020429,0.018720,0.000052,0.035839,0.000129,0.819766,0.000000,0.819766,0.819766,0.819766,0.409883,0.409883,0,0,1,0,0.000000,0.080000,0.008000,0.001000,5.500000,0.100000,22.000000,0.025000,0.000000
8.163000,0.500000,0.640000,-2.613976,0.000000,-2.613976,-0.255624,0.000000,0.255624,0.024440,-0.001295,0.030969,0.030969,0.006529,0.036040,0.037335,0.020450,0.018730,0.000052,0.035911,0.000129,0.821368,0.000364,0.821732,0.821732,0.821732,0.410866,0.410866,0,0,1,0,0.000000,0.080000,0.008000,0.001000,5.500000,0.100000,22.000000,0.025000,0.000000
8.168000,0.500000,0.640000,-2.615280,0.000000,-2.615280,-0.255883,0.000000,0.255883,0.024440,-0.001295,0.030969,0.030969,0.006529,0.036040,0.037335,0.020471,0.018740,0.000052,0.035911,0.000129,0.821368,0.000000,0.821368,0.821368,0.821368,0.410684,0.410684,0,0,1,0,0.000000,0.080000,0.008000,0.001000,5.500000,0.100000,22.000000,0.025000,0.000000
8.173000,0.500000,0.640000,-2.616585,0.000000,-2.616585,-0.256143,0.000000,0.256143,0.024426,-0.001299,0.030969,0.030969,0.006542,0.036113,0.037411,0.020491,0.018750,0.000052,0.035983,0.000130,0.823049,0.000382,0.823431,0.823431,0.823431,0.411715,0.411715,0,0,1,0,0.000000,0.080000,0.008000,0.001000,5.500000,0.100000,22.000000,0.025000,0.000000
8.178000,0.500000,0.640000,-2.617891,0.000000,-2.617891,-0.256403,0.000000,0.256403,0.024426,-0.001299,0.030969,0.030969,0.006542,0.036113,0.037411,0.020512,0.018761,0.000052,0.035983,0.000130,0.823049,0.000000,0.823049,0.823049,0.823049,0.411524,0.411524,0,0,1,0,0.000000,0.080000,0.008000,0.001000,5.500000,0.100000,22.000000,0.025000,0.000000
8.183000,0.500000,0.640000,-2.619199,0.000000,-2.619199,-0.256663,0.000000,0.256663,0.024413,-0.001304,0.030969,0.030969,0.006556,0.036186,0.037491,0.020533,0.018771,0.000052,0.036056,0.000130,0.824798,0.000397,0.825195,0.825195,0.825195,0.412598,0.412598,0,0,1,0,0.000000,0.080000,0.008000,0.001000,5.500000,0.100000,22.000000,0.025000,0.000000
8.188000,0.500000,0.640000,-2.620507,0.000000,-2.620507,-0.256922,0.000000,0.256922,0.024413,-0.001304,0.030969,0.030969,0.006556,0.036186,0.037491,0.020554,0.018781,0.000052,0.036056,0.000130,0.824798,0.000000,0.824798,0.824798,0.824798,0.412399,0.412399,0,0,1,0,0.000000,0.080000,0.008000,0.001000,5.500000,0.100000,22.000000,0.025000,0.000000
8.197000,0.500000,0.640000,-2.623129,0.000000,-2.623129,-0.257443,0.000000,0.257443,0.024400,-0.001312,0.030969,0.030969,0.006569,0.036261,0.037572,0.020595,0.018800,0.000058,0.036130,0.000131,0.826593,0.000227,0.826819,0.826819,0.826819,0.413410,0.413410,0,0,1,0,0.000000,0.080000,0.008000,0.001000,5.500000,0.100000,22.000000,0.025000,0.000000
8.202000,0.500000,0.640000,-2.624441,0.000000,-2.624441,-0.257702,0.000000,0.257702,0.024386,-0.001326,0.030969,0.030969,0.006583,0.036337,0.037663,0.020616,0.018810,0.000052,0.036205,0.000133,0.828586,0.000453,0.829039,0.829039,0.829039,0.414519,0.414519,0,0,1,0,0.000000,0.080000,0.008000,0.001000,5.500000,0.100000,22.000000,0.025000,0.000000
8.207000,0.500000,0.640000,-2.625755,0.000000,-2.625755,-0.257962,0.000000,0.257962,0.024386,-0.001326,0.030969,0.030969,0.006583,0.036337,0.037663,0.020637,0.018820,0.000052,0.036205,0.000133,0.828586,0.000000,0.828586,0.828586,0.828586,0.414293,0.414293,0,0,1,0,0.000000,0.080000,0.008000,0.001000,5.500000,0.100000,22.000000,0.025000,0.000000
8.212000,0.500000,0.640000,-2.627071,0.000000,-2.627071,-0.258222,0.000000,0.258222,0.024372,-0.001336,0.030969,0.030969,0.006597,0.036415,0.037751,0.020658,0.018831,0.000052,0.036281,0.000134,0.830521,0.000440,0.830961,0.830961,0.830961,0.415481,0.415481,0,0,1,0,0.000000,0.080000,0.008000,0.001000,5.500000,0.100000,22.000000,0.025000,0.000000
8.217000,0.500000,0.640000,-2.628387,0.000000,-2.628387,-0.258483,0.000000,0.258483,0.024372,-0.001336,0.030969,0.030969,0.006597,0.036415,0.037751,0.020679,0.018841,0.000052,0.036281,0.000134,0.830521,0.000000,0.830521,0.830521,0.830521,0.415261,0.415261,0,0,1,0,0.000000,0.080000,0.008000,0.001000,5.500000,0.100000,22.000000,0.025000,0.000000
8.222000,0.500000,0.640000,-2.629705,0.000000,-2.629705,-0.258744,0.000000,0.258744,0.024358,-0.001343,0.030969,0.030969,0.006610,0.036491,0.037834,0.020700,0.018851,0.000052,0.036357,0.000134,0.832355,0.000417,0.832772,0.832772,0.832772,0.416386,0.416386,0,0,1,0,0.000000,0.080000,0.008000,0.001000,5.500000,0.100000,22.000000,0.025000,0.000000
8.227000,0.500000,0.640000,-2.631025,0.000000,-2.631025,-0.259006,0.000000,0.259006,0.024358,-0.001343,0.030969,0.030969,0.006610,0.036491,0.037834,0.020720,0.018862,0.000052,0.036357,0.000134,0.832355,0.000000,0.832355,0.832355,0.832355,0.416178,0.416178,0,0,1,0,0.000000,0.080000,0.008000,0.001000,5.500000,0.100000,22.000000,0.025000,0.000000
8.236000,0.500000,0.640000,-2.633668,0.000000,-2.633668,-0.259532,0.000000,0.259532,0.024345,-0.001346,0.030969,0.030969,0.006624,0.036567,0.037912,0.020763,0.018880,0.000058,0.036432,0.000135,0.834074,0.000217,0.834291,0.834291,0.834291,0.417145,0.417145,0,0,1,0,0.000000,0.080000,0.008000,0.001000,5.500000,0.100000,22.000000,0.025000,0.000000
8.241000,0.500000,0.640000,-2.634991,0.000000,-2.634991,-0.259795,0.000000,0.259795,0.024331,-0.001351,0.030969,0.030969,0.006638,0.036642,0.037994,0.020784,0.018891,0.000053,0.036507,0.000135,0.835858,0.000406,0.836264,0.836264,0.836264,0.418132,0.418132,0,0,1,0,0.000000,0.080000,0.008000,0.001000,5.500000,0.100000,22.000000,0.025000,0.000000
8.246000,0.500000,0.640000,-2.636316,0.000000,-2.636316,-0.260058,0.000000,0.260058,0.024331,-0.001351,0.030969,0.030969,0.006638,0.036642,0.037994,0.020805,0.018901,0.000053,0.036507,0.000135,0.835858,0.000000,0.835858,0.835858,0.835858,0.417929,0.417929,0,0,1,0,0.000000,0.080000,0.008000,0.001000,5.500000,0.100000,22.000000,0.025000,0.000000
8.251000,0.500000,0.640000,-2.637642,0.000000,-2.637642,-0.260322,0.000000,0.260322,0.024317,-0.001352,0.030969,0.030969,0.006651,0.036717,0.038069,0.020826,0.018912,0.000053,0.036582,0.000135,0.837518,0.000377,0.837895,0.837895,0.837895,0.418947,0.418947,0,0,1,0,0.000000,0.080000,0.008000,0.001000,5.500000,0.100000,22.000000,0.025000,0.000000
8.256000,0.500000,0.640000,-2.638969,0.000000,-2.638969,-0.260586,0.000000,0.260586,0.024317,-0.001352,0.030969,0.030969,0.006651,0.036717,0.038069,0.020847,0.018922,0.000053,0.036582,0.000135,0.837518,0.000000,0.837518,0.837518,0.837518,0.418759,0.418759,0,0,1,0,0.000000,0.080000,0.008000,0.001000,5.500000,0.100000,22.000000,0.025000,0.000000
8.261000,0.500000,0.640000,-2.640298,0.000000,-2.640298,-0.260852,0.000000,0.260852,0.024304,-0.001348,0.030969,0.030969,0.006665,0.036791,0.038140,0.020868,0.018932,0.000053,0.036656,0.000135,0.839070,0.000353,0.839422,0.839422,0.839422,0.419711,0.419711,0,0,1,0,0.000000,0.080000,0.008000,0.001000,5.500000,0.100000,22.000000,0.025000,0.000000
8.266000,0.500000,0.640000,-2.641629,0.000000,-2.641629,-0.261117,0.000000,0.261117,0.024304,-0.001348,0.030969,0.030969,0.006665,0.036791,0.038140,0.020889,0.018943,0.000053,0.036656,0.000135,0.839070,0.000000,0.839070,0.839070,0.839070,0.419535,0.419535,0,0,1,0,0.000000,0.080000,0.008000,0.001000,5.500000,0.100000,22.000000,0.025000,0.000000
8.271000,0.500000,0.640000,-2.642960,0.000000,-2.642960,-0.261384,0.000000,0.261384,0.024291,-0.001343,0.030969,0.030969,0.006678,0.036864,0.038207,0.020911,0.018953,0.000053,0.036729,0.000134,0.840556,0.000338,0.840894,0.840894,0.840894,0.420447,0.420447,0,0,1,0,0.000000,0.080000,0.008000,0.001000,5.500000,0.100000,22.000000,0.025000,0.000000
8.276000,0.500000,0.640000,-2.642960,0.000000,-2.642960,-0.261384,0.000000,0.261384,0.024291,-0.001343,0.030969,0.030969,0.006678,0.036864,0.038207,0.020911,0.018964,0.000000,0.036729,0.000134,0.840556,0.000000,0.840556,0.840556,0.840556,0.420278,0.420278,0,0,1,0,0.000000,0.080000,0.008000,0.001000,5.500000,0.100000,22.000000,0.025000,0.000000
8.281000,0.500000,0.640000,-2.644293,0.000000,-2.644293,-0.261650,0.000000,0.261650,0.024277,-0.001338,0.030969,0.030969,0.006691,0.036936,0.038274,0.020932,0.018974,0.000053,0.036802,0.000134,0.842026,0.000334,0.842360,0.842360,0.842360,0.421180,0.421180,0,0,1,0,0.000000,0.080000,0.008000,0.001000,5.500000,0.100000,22.000000,0.025000,0.000000
8.290000,0.500000,0.640000,-2.646963,0.000000,-2.646963,-0.262184,0.000000,0.262184,0.024264,-0.001334,0.030969,0.030969,0.006704,0.037008,0.038342,0.020975,0.018993,0.000059,0.036875,0.000133,0.843525,0.000189,0.843714,0.843714,0.843714,0.421857,0.421857,0,0,1,0,0.000000,0.080000,0.008000,0.001000,5.500000,0.100000,22.000000,0.025000,0.000000
8.295000,0.500000,0.640000,-2.648301,0.000000,-2.648301,-0.262451,0.000000,0.262451,0.024264,-0.001334,0.030969,0.030969,0.006704,0.037008,0.038342,0.020996,0.019004,0.000053,0.036875,0.000133,0.843525,0.000000,0.843525,0.843525,0.843525,0.421762,0.421762,0,0,1,0,0.000000,0.080000,0.008000,0.001000,5.500000,0.100000,22.000000,0.025000,0.000000
8.300000,0.500000,0.640000,-2.649639,0.000000,-2.649639,-0.262719,0.000000,0.262719,0.024251,-0.001332,0.030969,0.030969,0.006718,0.037081,0.038412,0.021018,0.019014,0.000053,0.036947,0.000133,0.845072,0.000352,0.845423,0.845423,0.845423,0.422712,0.422712,0,0,1,0,0.000000,0.080000,0.008000,0.001000,5.500000,0.100000,22.000000,0.025000,0.000000
8.305000,0.500000,0.640000,-2.650979,0.000000,-2.650979,-0.262987,0.000000,0.262987,0.024251,-0.001332,0.030969,0.030969,0.006718,0.037081,0.038412,0.021039,0.019025,0.000054,0.036947,0.000133,0.845072,0.000000,0.845072,0.845072,0.845072,0.422536,0.422536,0,0,1,0,0.000000,0.080000,0.008000,0.001000,5.500000,0.100000,22.000000,0.025000,0.000000
8.310000,0.500000,0.640000,-2.652320,0.000000,-2.652320,-0.263254,0.000000,0.263254,0.024238,-0.001332,0.030969,0.030969,0.006731,0.037154,0.038486,0.021060,0.019035,0.000054,0.037021,0.000133,0.846699,0.000370,0.847068,0.847068,0.847068,0.423534,0.423534,0,0,1,0,0.000000,0.080000,0.008000,0.001000,5.500000,0.100000,22.000000,0.025000,0.000000
8.315000,0.500000,0.640000,-2.653663,0.000000,-2.653663,-0.263522,0.000000,0.263522,0.024238,-0.001333,0.030969,0.030969,0.006731,0.037154,0.038487,0.021082,0.019046,0.000054,0.037021,0.000133,0.846710,0.000003,0.846713,0.846713,0.846713,0.423356,0.423356,0,0,1,0,0.000000,0.080000,0.008000,0.001000,5.500000,0.100000,22.000000,0.025000,0.000000
8.320000,0.500000,0.640000,-2.655006,0.000000,-2.655006,-0.263790,0.000000,0.263790,0.024238,-0.001333,0.030969,0.030969,0.006731,0.037154,0.038487,0.021103,0.019056,0.000054,0.037021,0.000133,0.846710,0.000000,0.846710,0.846710,0.846710,0.423355,0.423355,0,0,1,0,0.000000,0.080000,0.008000,0.001000,5.500000,0.100000,22.000000,0.025000,0.000000
8.325000,0.500000,0.640000,-2.656352,0.000000,-2.656352,-0.264058,0.000000,0.264058,0.024224,-0.001337,0.030969,0.030969,0.006745,0.037229,0.038566,0.021125,0.019067,0.000054,0.037095,0.000134,0.848444,0.000394,0.848838,0.848838,0.848838,0.424419,0.424419,0,0,1,0,0.000000,0.080000,0.008000,0.001000,5.500000,0.100000,22.000000,0.025000,0.000000
8.330000,0.500000,0.640000,-2.657698,0.000000,-2.657698,-0.264325,0.000000,0.264325,0.024224,-0.001337,0.030969,0.030969,0.006745,0.037229,0.038566,0.021146,0.019077,0.000054,0.037095,0.000134,0.848444,0.000000,0.848444,0.848444,0.848444,0.424222,0.424222,0,0,1,0,0.000000,0.080000,0.008000,0.001000,5.500000,0.100000,22.000000,0.025000,0.000000
8.335000,0.500000,0.640000,-2.659046,0.000000,-2.659046,-0.264593,0.000000,0.264593,0.024211,-0.001344,0.030969,0.030969,0.006758,0.037305,0.038648,0.021167,0.019088,0.000054,0.037170,0.000134,0.850259,0.000412,0.850672,0.850672,0.850672,0.425336,0.425336,0,0,1,0,0.000000,0.080000,0.008000,0.001000,5.500000,0.100000,22.000000,0.025000,0.000000
8.340000,0.500000,0.640000,-2.660395,0.000000,-2.660395,-0.264861,0.000000,0.264861,0.024211,-0.001344,0.030969,0.030969,0.006758,0.037305,0.038648,0.021189,0.019099,0.000054,0.037170,0.000134,0.850259,0.000000,0.850259,0.850259,0.850259,0.425130,0.425130,0,0,1,0,0.000000,0.080000,0.008000,0.001000,5.500000,0.100000,22.000000,0.025000,0.000000
8.349000,0.500000,0.640000,-2.663098,0.000000,-2.663098,-0.265397,0.000000,0.265397,0.024197,-0.001352,0.030969,0.030969,0.006772,0.037381,0.038733,0.021232,0.019118,0.000060,0.037246,0.000135,0.852129,0.000236,0.852365,0.852365,0.852365,0.426182,0.426182,0,0,1,0,0.000000,0.080000,0.008000,0.001000,5.500000,0.100000,22.000000,0.025000,0.000000
8.354000,0.500000,0.640000,-2.664451,0.000000,-2.664451,-0.265665,0.000000,0.265665,0.024183,-0.001367,0.030969,0.030969,0.006786,0.037460,0.038828,0.021253,0.019128,0.000053,0.037324,0.000137,0.854208,0.000472,0.854680,0.854680,0.854680,0.427340,0.427340,0,0,1,0,0.000000,0.080000,0.008000,0.001000,5.500000,0.100000,22.000000,0.025000,0.000000
8.359000,0.500000,0.640000,-2.665806,0.000000,-2.665806,-0.265932,0.000000,0.265932,0.024183,-0.001367,0.030969,0.030969,0.006786,0.037460,0.038828,0.021275,0.019139,0.000054,0.037324,0.000137,0.854208,0.000000,0.854208,0.854208,0.854208,0.427104,0.427104,0,0,1,0,0.000000,0.080000,0.008000,0.001000,5.500000,0.100000,22.000000,0.025000,0.000000
8.364000,0.500000,0.640000,-2.667161,0.000000,-2.667161,-0.266201,0.000000,0.266201,0.024168,-0.001379,0.030969,0.030969,0.006800,0.037541,0.038919,0.021296,0.019150,0.000054,0.037403,0.000138,0.856226,0.000459,0.856684,0.856684,0.856684,0.428342,0.428342,0,0,1,0,0.000000,0.080000,0.008000,0.001000,5.500000,0.100000,22.000000,0.025000,0.000000
8.369000,0.500000,0.640000,-2.668519,0.000000,-2.668519,-0.266470,0.000000,0.266470,0.024168,-0.001379,0.030969,0.030969,0.006800,0.037541,0.038919,0.021318,0.019160,0.000054,0.037403,0.000138,0.856226,0.000000,0.856226,0.856226,0.856226,0.428113,0.428113,0,0,1,0,0.000000,0.080000,0.008000,0.001000,5.500000,0.100000,22.000000,0.025000,0.000000
8.374000,0.500000,0.640000,-2.669878,0.000000,-2.669878,-0.266739,0.000000,0.266739,0.024154,-0.001386,0.030969,0.030969,0.006815,0.037620,0.039006,0.021339,0.019171,0.000054,0.037481,0.000139,0.858133,0.000433,0.858566,0.858566,0.858566,0.429283,0.429283,0,0,1,0,0.000000,0.080000,0.008000,0.001000,5.500000,0.100000,22.000000,0.025000,0.000000
8.379000,0.500000,0.640000,-2.671238,0.000000,-2.671238,-0.267009,0.000000,0.267009,0.024154,-0.001386,0.030969,0.030969,0.006815,0.037620,0.039006,0.021361,0.019182,0.000054,0.037481,0.000139,0.858133,0.000000,0.858133,0.858133,0.858133,0.429066,0.429066,0,0,1,0,0.000000,0.080000,0.008000,0.001000,5.500000,0.100000,22.000000,0.025000,0.000000
8.384000,0.500000,0.640000,-2.672599,0.000000,-2.672599,-0.267280,0.000000,0.267280,0.024140,-0.001389,0.030969,0.030969,0.006829,0.037698,0.039087,0.021382,0.019192,0.000054,0.037559,0.000139,0.859913,0.000405,0.860318,0.860318,0.860318,0.430159,0.430159,0,0,1,0,0.000000,0.080000,0.008000,0.001000,5.500000,0.100000,22.000000,0.025000,0.000000
8.389000,0.500000,0.640000,-2.673962,0.000000,-2.673962,-0.267551,0.000000,0.267551,0.024140,-0.001389,0.030969,0.030969,0.006829,0.037698,0.039087,0.021404,0.019203,0.000054,0.037559,0.000139,0.859913,0.000000,0.859913,0.859913,0.859913,0.429957,0.429957,0,0,1,0,0.000000,0.080000,0.008000,0.001000,5.500000,0.100000,22.000000,0.025000,0.000000
8.394000,0.500000,0.640000,-2.675327,0.000000,-2.675327,-0.267823,0.000000,0.267823,0.024126,-0.001388,0.030969,0.030969,0.006843,0.037775,0.039163,0.021426,0.019214,0.000054,0.037636,0.000139,0.861576,0.000378,0.861954,0.861954,0.861954,0.430977,0.430977,0,0,1,0,0.000000,0.080000,0.008000,0.001000,5.500000,0.100000,22.000000,0.025000,0.000000
8.399000,0.500000,0.640000,-2.676692,0.000000,-2.676692,-0.268095,0.000000,0.268095,0.024126,-0.001388,0.030969,0.030969,0.006843,0.037775,0.039163,0.021448,0.019224,0.000054,0.037636,0.000139,0.861576,0.000000,0.861576,0.861576,0.861576,0.430788,0.430788,0,0,1,0,0.000000,0.080000,0.008000,0.001000,5.500000,0.100000,22.000000,0.025000,0.000000
8.408000,0.500000,0.640000,-2.679428,0.000000,-2.679428,-0.268642,0.000000,0.268642,0.024112,-0.001384,0.030969,0.030969,0.006857,0.037850,0.039234,0.021491,0.019244,0.000061,0.037712,0.000138,0.863151,0.000199,0.863350,0.863350,0.863350,0.431675,0.431675,0,0,1,0,0.000000,0.080000,0.008000,0.001000,5.500000,0.100000,22.000000,0.025000,0.000000
8.413000,0.500000,0.640000,-2.680798,0.000000,-2.680798,-0.268915,0.000000,0.268915,0.024098,-0.001385,0.030969,0.030969,0.006870,0.037926,0.039311,0.021513,0.019255,0.000055,0.037787,0.000139,0.864841,0.000384,0.865225,0.865225,0.865225,0.432612,0.432612,0,0,1,0,0.000000,0.080000,0.008000,0.001000,5.500000,0.100000,22.000000,0.025000,0.000000
8.418000,0.500000,0.640000,-2.682170,0.000000,-2.682170,-0.269188,0.000000,0.269188,0.024098,-0.001385,0.030969,0.030969,0.006870,0.037926,0.039311,0.021535,0.019265,0.000055,0.037787,0.000139,0.864841,0.000000,0.864841,0.864841,0.864841,0.432420,0.432420,0,0,1,0,0.000000,0.080000,0.008000,0.001000,5.500000,0.100000,22.000000,0.025000,0.000000
8.423000,0.500000,0.640000,-2.683542,0.000000,-2.683542,-0.269462,0.000000,0.269462,0.024084,-0.001384,0.030969,0.030969,0.006884,0.038002,0.039386,0.021557,0.019276,0.000055,0.037863,0.000138,0.866489,0.000375,0.866864,0.866864,0.866864,0.433432,0.433432,0,0,1,0,0.000000,0.080000,0.008000,0.001000,5.500000,0.100000,22.000000,0.025000,0.000000
8.428000,0.500000,0.640000,-2.684916,0.000000,-2.684916,-0.269736,0.000000,0.269736,0.024084,-0.001384,0.030969,0.030969,0.006884,0.038002,0.039386,0.021579,0.019287,0.000055,0.037863,0.000138,0.866489,0.000000,0.866489,0.866489,0.866489,0.433245,0.433245,0,0,1,0,0.000000,0.080000,0.008000,0.001000,5.500000,0.100000,22.000000,0.025000,0.000000
8.433000,0.500000,0.640000,-2.686292,0.000000,-2.686292,-0.270011,0.000000,0.270011,0.024071,-0.001382,0.030969,0.030969,0.006898,0.038078,0.039460,0.021601,0.019298,0.000055,0.037939,0.000138,0.868118,0.000370,0.868488,0.868488,0.868488,0.434244,0.434244,0,0,1,0,0.000000,0.080000,0.008000,0.001000,5.500000,0.100000,22.000000,0.025000,0.000000
8.438000,0.500000,0.640000,-2.687669,0.000000,-2.687669,-0.270286,0.000000,0.270286,0.024071,-0.001382,0.030969,0.030969,0.006898,0.038078,0.039460,0.021623,0.019308,0.000055,0.037939,0.000138,0.868118,0.000000,0.868118,0.868118,0.868118,0.434059,0.434059,0,0,1,0,0.000000,0.080000,0.008000,0.001000,5.500000,0.100000,22.000000,0.025000,0.000000
8.443000,0.500000,0.640000,-2.689047,0.000000,-2.689047,-0.270561,0.000000,0.270561,0.024057,-0.001381,0.030969,0.030969,0.006912,0.038153,0.039534,0.021645,0.019319,0.000055,0.038015,0.000138,0.869755,0.000372,0.870127,0.870127,0.870127,0.435063,0.435063,0,0,1,0,0.000000,0.080000,0.008000,0.001000,5.500000,0.100000,22.000000,0.025000,0.000000
8.448000,0.500000,0.640000,-2.690427,0.000000,-2.690427,-0.270836,0.000000,0.270836,0.024057,-0.001381,0.030969,0.030969,0.006912,0.038153,0.039534,0.021667,0.019330,0.000055,0.038015,0.000138,0.869755,0.000000,0.869755,0.869755,0.869755,0.434877,0.434877,0,0,1,0,0.000000,0.080000,0.008000,0.001000,5.500000,0.100000,22.000000,0.025000,0.000000
8.457000,0.500000,0.640000,-2.693191,0.000000,-2.693191,-0.271387,0.000000,0.271387,0.024043,-0.001381,0.030969,0.030969,0.006926,0.038229,0.039610,0.021711,0.019350,0.000061,0.038091,0.000138,0.871422,0.000211,0.871633,0.871633,0.871633,0.435816,0.435816,0,0,1,0,0.000000,0.080000,0.008000,0.001000,5.500000,0.100000,22.000000,0.025000,0.000000
8.462000,0.500000,0.640000,-2.694575,0.000000,-2.694575,-0.271662,0.000000,0.271662,0.024029,-0.001389,0.030969,0.030969,0.006940,0.038307,0.039696,0.021733,0.019361,0.000055,0.038168,0.000139,0.873302,0.000427,0.873730,0.873730,0.873730,0.436865,0.436865,0,0,1,0,0.000000,0.080000,0.008000,0.001000,5.500000,0.100000,22.000000,0.025000,0.000000
8.467000,0.500000,0.640000,-2.695960,0.000000,-2.695960,-0.271937,0.000000,0.271937,0.024029,-0.001389,0.030969,0.030969,0.006940,0.038307,0.039696,0.021755,0.019371,0.000055,0.038168,0.000139,0.873302,0.000000,0.873302,0.873302,0.873302,0.436651,0.436651,0,0,1,0,0.000000,0.080000,0.008000,0.001000,5.500000,0.100000,22.000000,0.025000,0.000000
8.472000,0.500000,0.640000,-2.697347,0.000000,-2.697347,-0.272213,0.000000,0.272213,0.024015,-0.001395,0.030969,0.030969,0.006954,0.038386,0.039781,0.021777,0.019382,0.000055,0.038247,0.000140,0.875188,0.000429,0.875617,0.875617,0.875617,0.437808,0.437808,0,0,1,0,0.000000,0.080000,0.008000,0.001000,5.500000,0.100000,22.000000,0.025000,0.000000
8.477000,0.500000,0.640000,-2.698735,0.000000,-2.698735,-0.272489,0.000000,0.272489,0.024015,-0.001395,0.030969,0.030969,0.006954,0.038386,0.039781,0.021799,0.019393,0.000055,0.038247,0.000140,0.875188,0.000000,0.875188,0.875188,0.875188,0.437594,0.437594,0,0,1,0,0.000000,0.080000,0.008000,0.001000,5.500000,0.100000,22.000000,0.025000,0.000000
8.482000,0.500000,0.640000,-2.700124,0.000000,-2.700124,-0.272765,0.000000,0.272765,0.024001,-0.001401,0.030969,0.030969,0.006968,0.038465,0.039866,0.021821,0.019404,0.000055,0.038325,0.000140,0.877053,0.000424,0.877477,0.877477,0.877477,0.438739,0.438739,0,0,1,0,0.000000,0.080000,0.008000,0.001000,5.500000,0.100000,22.000000,0.025000,0.000000
8.487000,0.500000,0.640000,-2.701515,0.000000,-2.701515,-0.273041,0.000000,0.273041,0.024001,-0.001401,0.030969,0.030969,0.006968,0.038465,0.039866,0.021843,0.019415,0.000055,0.038325,0.000140,0.877053,0.000000,0.877053,0.877053,0.877053,0.438527,0.438527,0,0,1,0,0.000000,0.080000,0.008000,0.001000,5.500000,0.100000,22.000000,0.025000,0.000000
8.496000,0.500000,0.640000,-2.704301,0.000000,-2.704301,-0.273596,0.000000,0.273596,0.023986,-0.001405,0.030969,0.030969,0.006982,0.038544,0.039949,0.021888,0.019435,0.000062,0.038404,0.000141,0.878886,0.000231,0.879117,0.879117,0.879117,0.439559,0.439559,0,0,1,0,0.000000,0.080000,0.008000,0.001000,5.500000,0.100000,22.000000,0.025000,0.000000
8.501000,0.500000,0.640000,-2.705697,0.000000,-2.705697,-0.273872,0.000000,0.273872,0.023972,-0.001415,0.030969,0.030969,0.006997,0.038624,0.040039,0.021910,0.019446,0.000055,0.038483,0.000142,0.880864,0.000450,0.881314,0.881314,0.881314,0.440657,0.440657,0,0,1,0,0.000000,0.080000,0.008000,0.001000,5.500000,0.100000,22.000000,0.025000,0.000000
8.506000,0.500000,0.640000,-2.707093,0.000000,-2.707093,-0.274149,0.000000,0.274149,0.023972,-0.001415,0.030969,0.030969,0.006997,0.038624,0.040039,0.021932,0.019457,0.000055,0.038483,0.000142,0.880864,0.000000,0.880864,0.880864,0.880864,0.440432,0.440432,0,0,1,0,0.000000,0.080000,0.008000,0.001000,5.500000,0.100000,22.000000,0.025000,0.000000
8.511000,0.500000,0.640000,-2.708491,0.000000,-2.708491,-0.274427,0.000000,0.274427,0.023957,-0.001421,0.030969,0.030969,0.007011,0.038705,0.040125,0.021954,0.019468,0.000056,0.038563,0.000142,0.882758,0.000430,0.883188,0.883188,0.883188,0.441594,0.441594,0,0,1,0,0.000000,0.080000,0.008000,0.001000,5.500000,0.100000,22.000000,0.025000,0.000000
8.516000,0.500000,0.640000,-2.709890,0.000000,-2.709890,-0.274705,0.000000,0.274705,0.023957,-0.001421,0.030969,0.030969,0.007011,0.038705,0.040125,0.021976,0.019479,0.000056,0.038563,0.000142,0.882758,0.000000,0.882758,0.882758,0.882758,0.441379,0.441379,0,0,1,0,0.000000,0.080000,0.008000,0.001000,5.500000,0.100000,22.000000,0.025000,0.000000
8.521000,0.500000,0.640000,-2.711291,0.000000,-2.711291,-0.274984,0.000000,0.274984,0.023943,-0.001423,0.030969,0.030969,0.007026,0.038784,0.040207,0.021999,0.019490,0.000056,0.038642,0.000142,0.884553,0.000408,0.884961,0.884961,0.884961,0.442481,0.442481,0,0,1,0,0.000000,0.080000,0.008000,0.001000,5.500000,0.100000,22.000000,0.025000,0.000000
8.526000,0.500000,0.640000,-2.712693,0.000000,-2.712693,-0.275263,0.000000,0.275263,0.023943,-0.001423,0.030969,0.030969,0.007026,0.038784,0.040207,0.022021,0.019501,0.000056,0.038642,0.000142,0.884553,0.000000,0.884553,0.884553,0.884553,0.442277,0.442277,0,0,1,0,0.000000,0.080000,0.008000,0.001000,5.500000,0.100000,22.000000,0.025000,0.000000
8.531000,0.500000,0.640000,-2.714097,0.000000,-2.714097,-0.275543,0.000000,0.275543,0.023929,-0.001422,0.030969,0.030969,0.007040,0.038863,0.040285,0.022043,0.019512,0.000056,0.038721,0.000142,0.886263,0.000389,0.886651,0.886651,0.886651,0.443326,0.443326,0,0,1,0,0.000000,0.080000,0.008000,0.001000,5.500000,0.100000,22.000000,0.025000,0.000000
8.536000,0.500000,0.640000,-2.715502,0.000000,-2.715502,-0.275824,0.000000,0.275824,0.023929,-0.001422,0.030969,0.030969,0.007040,0.038863,0.040285,0.022066,0.019523,0.000056,0.038721,0.000142,0.886263,0.000000,0.886263,0.886263,0.886263,0.443131,0.443131,0,0,1,0,0.000000,0.080000,0.008000,0.001000,5.500000,0.100000,22.000000,0.025000,0.000000
8.541000,0.500000,0.640000,-2.716909,0.000000,-2.716909,-0.276105,0.000000,0.276105,0.023914,-0.001419,0.030969,0.030969,0.007054,0.038940,0.040360,0.022088,0.019534,0.000056,0.038799,0.000142,0.887914,0.000375,0.888290,0.888290,0.888290,0.444145,0.444145,0,0,1,0,0.000000,0.080000,0.008000,0.001000,5.500000,0.100000,22.000000,0.025000,0.000000
8.546000,0.500000,0.640000,-2.718317,0.000000,-2.718317,-0.276386,0.000000,0.276386,0.023914,-0.001419,0.030969,0.030969,0.007054,0.038940,0.040360,0.022111,0.019545,0.000056,0.038799,0.000142,0.887914,0.000000,0.887914,0.887914,0.887914,0.443957,0.443957,0,0,1,0,0.000000,0.080000,0.008000,0.001000,5.500000,0.100000,22.000000,0.025000,0.000000
8.551000,0.500000,0.640000,-2.718317,0.000000,-2.718317,-0.276386,0.000000,0.276386,0.023900,-0.001416,0.030969,0.030969,0.007068,0.039018,0.040434,0.022111,0.019556,0.000000,0.038876,0.000142,0.889543,0.000370,0.889913,0.889913,0.889913,0.444956,0.444956,0,0,1,0,0.000000,0.080000,0.008000,0.001000,5.500000,0.100000,22.000000,0.025000,0.000000
8.560000,0.500000,0.640000,-2.721138,0.000000,-2.721138,-0.276949,0.000000,0.276949,0.023886,-0.001414,0.030969,0.030969,0.007082,0.039095,0.040508,0.022156,0.019576,0.000063,0.038953,0.000141,0.891184,0.000207,0.891391,0.891391,0.891391,0.445696,0.445696,0,0,1,0,0.000000,0.080000,0.008000,0.001000,5.500000,0.100000,22.000000,0.025000,0.000000
8.565000,0.500000,0.640000,-2.722550,0.000000,-2.722550,-0.277232,0.000000,0.277232,0.023886,-0.001414,0.030969,0.030969,0.007082,0.039095,0.040508,0.022179,0.019587,0.000056,0.038953,0.000141,0.891184,0.000000,0.891184,0.891184,0.891184,0.445592,0.445592,0,0,1,0,0.000000,0.080000,0.008000,0.001000,5.500000,0.100000,22.000000,0.025000,0.000000
8.570000,0.500000,0.640000,-2.723964,0.000000,-2.723964,-0.277514,0.000000,0.277514,0.023872,-0.001412,0.030969,0.030969,0.007096,0.039172,0.040584,0.022201,0.019598,0.000056,0.039031,0.000141,0.892848,0.000378,0.893226,0.893226,0.893226,0.446613,0.446613,0,0,1,0,0.000000,0.080000,0.008000,0.001000,5.500000,0.100000,22.000000,0.025000,0.000000
8.575000,0.500000,0.640000,-2.725379,0.000000,-2.725379,-0.277797,0.000000,0.277797,0.023872,-0.001412,0.030969,0.030969,0.007096,0.039172,0.040584,0.022224,0.019609,0.000057,0.039031,0.000141,0.892848,0.000000,0.892848,0.892848,0.892848,0.446424,0.446424,0,0,1,0,0.000000,0.080000,0.008000,0.001000,5.500000,0.100000,22.000000,0.025000,0.000000
8.580000,0.500000,0.640000,-2.726796,0.000000,-2.726796,-0.278079,0.000000,0.278079,0.023872,-0.001412,0.030969,0.030969,0.007096,0.039172,0.040584,0.022246,0.019620,0.000057,0.039031,0.000141,0.892848,0.000000,0.892848,0.892848,0.892848,0.446424,0.446424,0,0,1,0,0.000000,0.080000,0.008000,0.001000,5.500000,0.100000,22.000000,0.025000,0.000000
8.585000,0.500000,0.640000,-2.728214,0.000000,-2.728214,-0.278363,0.000000,0.278363,0.023858,-0.001413,0.030969,0.030969,0.007111,0.039250,0.040663,0.022269,0.019631,0.000057,0.039109,0.000141,0.894580,0.000394,0.894974,0.894974,0.894974,0.447487,0.447487,0,0,1,0,0.000000,0.080000,0.008000,0.001000,5.500000,0.100000,22.000000,0.025000,0.000000
8.590000,0.500000,0.640000,-2.729633,0.000000,-2.729633,-0.278645,0.000000,0.278645,0.023858,-0.001413,0.030969,0.030969,0.007111,0.039250,0.040663,0.022292,0.019642,0.000057,0.039109,0.000141,0.894580,0.000000,0.894580,0.894580,0.894580,0.447290,0.447290,0,0,1,0,0.000000,0.080000,0.008000,0.001000,5.500000,0.100000,22.000000,0.025000,0.000000
8.595000,0.500000,0.640000,-2.731054,0.000000,-2.731054,-0.278927,0.000000,0.278927,0.023844,-0.001423,0.030969,0.030969,0.007125,0.039330,0.040753,0.022314,0.019654,0.000056,0.039188,0.000142,0.896560,0.000450,0.897010,0.897010,0.897010,0.448505,0.448505,0,0,1,0,0.000000,0.080000,0.008000,0.001000,5.500000,0.100000,22.000000,0.025000,0.000000
8.600000,0.500000,0.640000,-2.732477,0.000000,-2.732477,-0.279210,0.000000,0.279210,0.023844,-0.001423,0.030969,0.030969,0.007125,0.039330,0.040753,0.022337,0.019665,0.000056,0.039188,0.000142,0.896560,0.000000,0.896560,0.896560,0.896560,0.448280,0.448280,0,0,1,0,0.000000,0.080000,0.008000,0.001000,5.500000,0.100000,22.000000,0.025000,0.000000
8.605000,0.500000,0.640000,-2.733900,0.000000,-2.733900,-0.279491,0.000000,0.279491,0.023829,-0.001439,0.030969,0.030969,0.007140,0.039413,0.040852,0.022359,0.019676,0.000056,0.039269,0.000144,0.898743,0.000496,0.899239,0.899239,0.899239,0.449619,0.449619,0,0,1,0,0.000000,0.080000,0.008000,0.001000,5.500000,0.100000,22.000000,0.025000,0.000000
8.610000,0.500000,0.640000,-2.735325,0.000000,-2.735325,-0.279773,0.000000,0.279773,0.023829,-0.001439,0.030969,0.030969,0.007140,0.039413,0.040852,0.022382,0.019687,0.000056,0.039269,0.000144,0.898743,0.000000,0.898743,0.898743,0.898743,0.449371,0.449371,0,0,1,0,0.000000,0.080000,0.008000,0.001000,5.500000,0.100000,22.000000,0.025000,0.000000
8.615000,0.500000,0.640000,-2.736752,0.000000,-2.736752,-0.280056,0.000000,0.280056,0.023814,-0.001450,0.030969,0.030969,0.007155,0.039497,0.040947,0.022404,0.019698,0.000057,0.039352,0.000145,0.900837,0.000476,0.901313,0.901313,0.901313,0.450656,0.450656,0,0,1,0,0.000000,0.080000,0.008000,0.001000,5.500000,0.100000,22.000000,0.025000,0.000000
8.624000,0.500000,0.640000,-2.739609,0.000000,-2.739609,-0.280623,0.000000,0.280623,0.023799,-0.001457,0.030969,0.030969,0.007170,0.039580,0.041037,0.022450,0.019719,0.000063,0.039434,0.000146,0.902817,0.000250,0.903067,0.903067,0.903067,0.451533,0.451533,0,0,1,0,0.000000,0.080000,0.008000,0.001000,5.500000,0.100000,22.000000,0.025000,0.000000
8.629000,0.500000,0.640000,-2.741040,0.000000,-2.741040,-0.280907,0.000000,0.280907,0.023799,-0.001457,0.030969,0.030969,0.007170,0.039580,0.041037,0.022473,0.019730,0.000057,0.039434,0.000146,0.902817,0.000000,0.902817,0.902817,0.902817,0.451408,0.451408,0,0,1,0,0.000000,0.080000,0.008000,0.001000,5.500000,0.100000,22.000000,0.025000,0.000000
8.634000,0.500000,0.640000,-2.742473,0.000000,-2.742473,-0.281192,0.000000,0.281192,0.023784,-0.001459,0.030969,0.030969,0.007185,0.039661,0.041120,0.022495,0.019741,0.000057,0.039516,0.000146,0.904645,0.000416,0.905061,0.905061,0.905061,0.452530,0.452530,0,0,1,0,0.000000,0.080000,0.008000,0.001000,5.500000,0.100000,22.000000,0.025000,0.000000
8.639000,0.500000,0.640000,-2.743907,0.000000,-2.743907,-0.281478,0.000000,0.281478,0.023784,-0.001459,0.030969,0.030969,0.007185,0.039661,0.041120,0.022518,0.019752,0.000057,0.039516,0.000146,0.904645,0.000000,0.904645,0.904645,0.904645,0.452323,0.452323,0,0,1,0,0.000000,0.080000,0.008000,0.001000,5.500000,0.100000,22.000000,0.025000,0.000000
8.644000,0.500000,0.640000,-2.745342,0.000000,-2.745342,-0.281764,0.000000,0.281764,0.023769,-0.001457,0.030969,0.030969,0.007199,0.039742,0.041199,0.022541,0.019764,0.000057,0.039596,0.000146,0.906369,0.000392,0.906761,0.906761,0.906761,0.453381,0.453381,0,0,1,0,0.000000,0.080000,0.008000,0.001000,5.500000,0.100000,22.000000,0.025000,0.000000
8.649000,0.500000,0.640000,-2.746779,0.000000,-2.746779,-0.282051,0.000000,0.282051,0.023769,-0.001457,0.030969,0.030969,0.007199,0.039742,0.041199,0.022564,0.019775,0.000057,0.039596,0.000146,0.906369,0.000000,0.906369,0.906369,0.906369,0.453185,0.453185,0,0,1,0,0.000000,0.080000,0.008000,0.001000,5.500000,0.100000,22.000000,0.025000,0.000000
8.654000,0.500000,0.640000,-2.748218,0.000000,-2.748218,-0.282339,0.000000,0.282339,0.023755,-0.001453,0.030969,0.030969,0.007214,0.039821,0.041274,0.022587,0.019786,0.000058,0.039675,0.000145,0.908022,0.000376,0.908398,0.908398,0.908398,0.454199,0.454199,0,0,1,0,0.000000,0.080000,0.008000,0.001000,5.500000,0.100000,22.000000,0.025000,0.000000
8.659000,0.500000,0.640000,-2.749657,0.000000,-2.749657,-0.282626,0.000000,0.282626,0.023755,-0.001453,0.030969,0.030969,0.007214,0.039821,0.041274,0.022610,0.019797,0.000058,0.039675,0.000145,0.908022,0.000000,0.908022,0.908022,0.908022,0.454011,0.454011,0,0,1,0,0.000000,0.080000,0.008000,0.001000,5.500000,0.100000,22.000000,0.025000,0.000000
8.664000,0.500000,0.640000,-2.751099,0.000000,-2.751099,-0.282915,0.000000,0.282915,0.023741,-0.001448,0.030969,0.030969,0.007228,0.039899,0.041348,0.022633,0.019809,0.000058,0.039754,0.000145,0.909649,0.000370,0.910018,0.910018,0.910018,0.455009,0.455009,0,0,1,0,0.000000,0.080000,0.008000,0.001000,5.500000,0.100000,22.000000,0.025000,0.000000
8.669000,0.500000,0.640000,-2.752542,0.000000,-2.752542,-0.283203,0.000000,0.283203,0.023741,-0.001448,0.030969,0.030969,0.007228,0.039899,0.041348,0.022656,0.019820,0.000058,0.039754,0.000145,0.909649,0.000000,0.909649,0.909649,0.909649,0.454824,0.454824,0,0,1,0,0.000000,0.080000,0.008000,0.001000,5.500000,0.100000,22.000000,0.025000,0.000000
8.678000,0.500000,0.640000,-2.755432,0.000000,-2.755432,-0.283781,0.000000,0.283781,0.023726,-0.001445,0.030969,0.030969,0.007242,0.039978,0.041422,0.022702,0.019841,0.000064,0.039833,0.000144,0.911292,0.000208,0.911500,0.911500,0.911500,0.455750,0.455750,0,0,1,0,0.000000,0.080000,0.008000,0.001000,5.500000,0.100000,22.000000,0.025000,0.000000
8.683000,0.500000,0.640000,-2.756879,0.000000,-2.756879,-0.284069,0.000000,0.284069,0.023712,-0.001449,0.030969,0.030969,0.007257,0.040058,0.041507,0.022726,0.019852,0.000058,0.039913,0.000145,0.913154,0.000423,0.913577,0.913577,0.913577,0.456789,0.456789,0,0,1,0,0.000000,0.080000,0.008000,0.001000,5.500000,0.100000,22.000000,0.025000,0.000000
8.688000,0.500000,0.640000,-2.758327,0.000000,-2.758327,-0.284357,0.000000,0.284357,0.023712,-0.001449,0.030969,0.030969,0.007257,0.040058,0.041507,0.022749,0.019863,0.000058,0.039913,0.000145,0.913154,0.000000,0.913154,0.913154,0.913154,0.456577,0.456577,0,0,1,0,0.000000,0.080000,0.008000,0.001000,5.500000,0.100000,22.000000,0.025000,0.000000
8.693000,0.500000,0.640000,-2.759778,0.000000,-2.759778,-0.284646,0.000000,0.284646,0.023697,-0.001454,0.030969,0.030969,0.007272,0.040139,0.041593,0.022772,0.019875,0.000058,0.039994,0.000145,0.915046,0.000430,0.915477,0.915477,0.915477,0.457738,0.457738,0,0,1,0,0.000000,0.080000,0.008000,0.001000,5.500000,0.100000,22.000000,0.025000,0.000000
8.698000,0.500000,0.640000,-2.761229,0.000000,-2.761229,-0.284935,0.000000,0.284935,0.023697,-0.001454,0.030969,0.030969,0.007272,0.040139,0.041593,0.022795,0.019886,0.000058,0.039994,0.000145,0.915046,0.000000,0.915046,0.915046,0.915046,0.457523,0.457523,0,0,1,0,0.000000,0.080000,0.008000,0.001000,5.500000,0.100000,22.000000,0.025000,0.000000
8.703000,0.500000,0.640000,-2.762682,0.000000,-2.762682,-0.285224,0.000000,0.285224,0.023682,-0.001459,0.030969,0.030969,0.007286,0.040221,0.041680,0.022818,0.019897,0.000058,0.040075,0.000146,0.916955,0.000434,0.917388,0.917388,0.917388,0.458694,0.458694,0,0,1,0,0.000000,0.080000,0.008000,0.001000,5.500000,0.100000,22.000000,0.025000,0.000000
8.708000,0.500000,0.640000,-2.764137,0.000000,-2.764137,-0.285513,0.000000,0.285513,0.023682,-0.001459,0.030969,0.030969,0.007286,0.040221,0.041680,0.022841,0.019909,0.000058,0.040075,0.000146,0.916955,0.000000,0.916955,0.916955,0.916955,0.458477,0.458477,0,0,1,0,0.000000,0.080000,0.008000,0.001000,5.500000,0.100000,22.000000,0.025000,0.000000
8.713000,0.500000,0.640000,-2.765593,0.000000,-2.765593,-0.285803,0.000000,0.285803,0.023667,-0.001463,0.030969,0.030969,0.007301,0.040303,0.041767,0.022864,0.019920,0.000058,0.040157,0.000146,0.918869,0.000435,0.919304,0.919304,0.919304,0.459652,0.459652,0,0,1,0,0.000000,0.080000,0.008000,0.001000,5.500000,0.100000,22.000000,0.025000,0.000000
8.722000,0.500000,0.640000,-2.768509,0.000000,-2.768509,-0.286384,0.000000,0.286384,0.023653,-0.001468,0.030969,0.030969,0.007316,0.040386,0.041854,0.022911,0.019941,0.000064,0.040239,0.000147,0.920780,0.000241,0.921022,0.921022,0.921022,0.460511,0.460511,0,0,1,0,0.000000,0.080000,0.008000,0.001000,5.500000,0.100000,22.000000,0.025000,0.000000
8.727000,0.500000,0.640000,-2.769969,0.000000,-2.769969,-0.286674,0.000000,0.286674,0.023653,-0.001468,0.030969,0.030969,0.007316,0.040386,0.041854,0.022934,0.019952,0.000058,0.040239,0.000147,0.920780,0.000000,0.920780,0.920780,0.920780,0.460390,0.460390,0,0,1,0,0.000000,0.080000,0.008000,0.001000,5.500000,0.100000,22.000000,0.025000,0.000000
8.732000,0.500000,0.640000,-2.771431,0.000000,-2.771431,-0.286966,0.000000,0.286966,0.023638,-0.001471,0.030969,0.030969,0.007331,0.040468,0.041939,0.022957,0.019964,0.000058,0.040321,0.000147,0.922658,0.000427,0.923085,0.923085,0.923085,0.461543,0.461543,0,0,1,0,0.000000,0.080000,0.008000,0.001000,5.500000,0.100000,22.000000,0.025000,0.000000
8.737000,0.500000,0.640000,-2.772895,0.000000,-2.772895,-0.287257,0.000000,0.287257,0.023638,-0.001471,0.030969,0.030969,0.007331,0.040468,0.041939,0.022981,0.019975,0.000058,0.040321,0.000147,0.922658,0.000000,0.922658,0.922658,0.922658,0.461329,0.461329,0,0,1,0,0.000000,0.080000,0.008000,0.001000,5.500000,0.100000,22.000000,0.025000,0.000000
8.742000,0.500000,0.640000,-2.774359,0.000000,-2.774359,-0.287549,0.000000,0.287549,0.023623,-0.001474,0.030969,0.030969,0.007346,0.040550,0.042024,0.023004,0.019987,0.000058,0.040403,0.000147,0.924531,0.000425,0.924956,0.924956,0.924956,0.462478,0.462478,0,0,1,0,0.000000,0.080000,0.008000,0.001000,5.500000,0.100000,22.000000,0.025000,0.000000
8.747000,0.500000,0.640000,-2.775826,0.000000,-2.775826,-0.287841,0.000000,0.287841,0.023623,-0.001474,0.030969,0.030969,0.007346,0.040550,0.042024,0.023027,0.019998,0.000058,0.040403,0.000147,0.924531,0.000000,0.924531,0.924531,0.924531,0.462265,0.462265,0,0,1,0,0.000000,0.080000,0.008000,0.001000,5.500000,0.100000,22.000000,0.025000,0.000000
8.752000,0.500000,0.640000,-2.777294,0.000000,-2.777294,-0.288133,0.000000,0.288133,0.023608,-0.001477,0.030969,0.030969,0.007361,0.040632,0.042109,0.023051,0.020010,0.000059,0.040485,0.000148,0.926398,0.000424,0.926822,0.926822,0.926822,0.463411,0.463411,0,0,1,0,0.000000,0.080000,0.008000,0.001000,5.500000,0.100000,22.000000,0.025000,0.000000
8.757000,0.500000,0.640000,-2.778763,0.000000,-2.778763,-0.288426,0.000000,0.288426,0.023608,-0.001477,0.030969,0.030969,0.007361,0.040632,0.042109,0.023074,0.020021,0.000059,0.040485,0.000148,0.926398,0.000000,0.926398,0.926398,0.926398,0.463199,0.463199,0,0,1,0,0.000000,0.080000,0.008000,0.001000,5.500000,0.100000,22.000000,0.025000,0.000000
8.762000,0.500000,0.640000,-2.780234,0.000000,-2.780234,-0.288719,0.000000,0.288719,0.023593,-0.001479,0.030969,0.030969,0.007376,0.040715,0.042194,0.023098,0.020033,0.000059,0.040567,0.000148,0.928264,0.000424,0.928688,0.928688,0.928688,0.464344,0.464344,0,0,1,0,0.000000,0.080000,0.008000,0.001000,5.500000,0.100000,22.000000,0.025000,0.000000
8.767000,0.500000,0.640000,-2.781706,0.000000,-2.781706,-0.289012,0.000000,0.289012,0.023593,-0.001479,0.030969,0.030969,0.007376,0.040715,0.042194,0.023121,0.020045,0.000059,0.040567,0.000148,0.928264,0.000000,0.928264,0.928264,0.928264,0.464132,0.464132,0,0,1,0,0.000000,0.080000,0.008000,0.001000,5.500000,0.100000,22.000000,0.025000,0.000000
8.772000,0.500000,0.640000,-2.783180,0.000000,-2.783180,-0.289306,0.000000,0.289306,0.023578,-0.001481,0.030969,0.030969,0.007391,0.040797,0.042279,0.023144,0.020056,0.000059,0.040649,0.000148,0.930133,0.000425,0.930558,0.930558,0.930558,0.465279,0.465279,0,0,1,0,0.000000,0.080000,0.008000,0.001000,5.500000,0.100000,22.000000,0.025000,0.000000
8.777000,0.500000,0.640000,-2.784655,0.000000,-2.784655,-0.289600,0.000000,0.289600,0.023578,-0.001481,0.030969,0.030969,0.007391,0.040797,0.042279,0.023168,0.020068,0.000059,0.040649,0.000148,0.930133,0.000000,0.930133,0.930133,0.930133,0.465066,0.465066,0,0,1,0,0.000000,0.080000,0.008000,0.001000,5.500000,0.100000,22.000000,0.025000,0.000000
8.782000,0.500000,0.640000,-2.786132,0.000000,-2.786132,-0.289894,0.000000,0.289894,0.023563,-0.001484,0.030969,0.030969,0.007406,0.040880,0.042364,0.023192,0.020079,0.000059,0.040732,0.000148,0.932008,0.000426,0.932434,0.932434,0.932434,0.466217,0.466217,0,0,1,0,0.000000,0.080000,0.008000,0.001000,5.500000,0.100000,22.000000,0.025000,0.000000
8.787000,0.500000,0.640000,-2.787610,0.000000,-2.787610,-0.290188,0.000000,0.290188,0.023563,-0.001484,0.030969,0.030969,0.007406,0.040880,0.042364,0.023215,0.020091,0.000059,0.040732,0.000148,0.932008,0.000000,0.932008,0.932008,0.932008,0.466004,0.466004,0,0,1,0,0.000000,0.080000,0.008000,0.001000,5.500000,0.100000,22.000000,0.025000,0.000000
8.792000,0.500000,0.640000,-2.789090,0.000000,-2.789090,-0.290483,0.000000,0.290483,0.023548,-0.001487,0.030969,0.030969,0.007421,0.040963,0.042450,0.023239,0.020103,0.000059,0.040814,0.000149,0.933892,0.000428,0.934320,0.934320,0.934320,0.467160,0.467160,0,0,1,0,0.000000,0.080000,0.008000,0.001000,5.500000,0.100000,22.000000,0.025000,0.000000
8.801000,0.500000,0.640000,-2.792054,0.000000,-2.792054,-0.291074,0.000000,0.291074,0.023533,-0.001490,0.030969,0.030969,0.007436,0.041046,0.042536,0.023286,0.020124,0.000066,0.040897,0.000149,0.935787,0.000239,0.936026,0.936026,0.936026,0.468013,0.468013,0,0,1,0,0.000000,0.080000,0.008000,0.001000,5.500000,0.100000,22.000000,0.025000,0.000000
8.806000,0.500000,0.640000,-2.793539,0.000000,-2.793539,-0.291369,0.000000,0.291369,0.023533,-0.001490,0.030969,0.030969,0.007436,0.041046,0.042536,0.023310,0.020135,0.000059,0.040897,0.000149,0.935787,0.000000,0.935787,0.935787,0.935787,0.467893,0.467893,0,0,1,0,0.000000,0.080000,0.008000,0.001000,5.500000,0.100000,22.000000,0.025000,0.000000
8.811000,0.500000,0.640000,-2.795025,0.000000,-2.795025,-0.291666,0.000000,0.291666,0.023518,-0.001492,0.030969,0.030969,0.007451,0.041129,0.042621,0.023333,0.020147,0.000059,0.040980,0.000149,0.937670,0.000428,0.938098,0.938098,0.938098,0.469049,0.469049,0,0,1,0,0.000000,0.080000,0.008000,0.001000,5.500000,0.100000,22.000000,0.025000,0.000000
8.816000,0.500000,0.640000,-2.796512,0.000000,-2.796512,-0.291962,0.000000,0.291962,0.023518,-0.001492,0.030969,0.030969,0.007451,0.041129,0.042621,0.023357,0.020159,0.000059,0.040980,0.000149,0.937670,0.000000,0.937670,0.937670,0.937670,0.468835,0.468835,0,0,1,0,0.000000,0.080000,0.008000,0.001000,5.500000,0.100000,22.000000,0.025000,0.000000
8.821000,0.500000,0.640000,-2.798001,0.000000,-2.798001,-0.292259,0.000000,0.292259,0.023503,-0.001495,0.030969,0.030969,0.007466,0.041212,0.042708,0.023381,0.020170,0.000059,0.041063,0.000150,0.939570,0.000432,0.940002,0.940002,0.940002,0.470001,0.470001,0,0,1,0,0.000000,0.080000,0.008000,0.001000,5.500000,0.100000,22.000000,0.025000,0.000000
8.826000,0.500000,0.640000,-2.799491,0.000000,-2.799491,-0.292555,0.000000,0.292555,0.023503,-0.001495,0.030969,0.030969,0.007466,0.041212,0.042708,0.023404,0.020182,0.000059,0.041063,0.000150,0.939570,0.000000,0.939570,0.939570,0.939570,0.469785,0.469785,0,0,1,0,0.000000,0.080000,0.008000,0.001000,5.500000,0.100000,22.000000,0.025000,0.000000
8.831000,0.500000,0.640000,-2.800983,0.000000,-2.800983,-0.292853,0.000000,0.292853,0.023488,-0.001499,0.030969,0.030969,0.007481,0.041296,0.042795,0.023428,0.020194,0.000059,0.041146,0.000150,0.941486,0.000435,0.941921,0.941921,0.941921,0.470961,0.470961,0,0,1,0,0.000000,0.080000,0.008000,0.001000,5.500000,0.100000,22.000000,0.025000,0.000000
8.840000,0.500000,0.640000,-2.803971,0.000000,-2.803971,-0.293448,0.000000,0.293448,0.023472,-0.001503,0.030969,0.030969,0.007496,0.041380,0.042883,0.023476,0.020215,0.000066,0.041230,0.000150,0.943415,0.000244,0.943659,0.943659,0.943659,0.471830,0.471830,0,0,1,0,0.000000,0.080000,0.008000,0.001000,5.500000,0.100000,22.000000,0.025000,0.000000
8.845000,0.500000,0.640000,-2.803971,0.000000,-2.803971,-0.293448,0.000000,0.293448,0.023472,-0.001503,0.030969,0.030969,0.007496,0.041380,0.042883,0.023476,0.020226,0.000000,0.041230,0.000150,0.943415,0.000000,0.943415,0.943415,0.943415,0.471708,0.471708,0,0,1,0,0.000000,0.080000,0.008000,0.001000,5.500000,0.100000,22.000000,0.025000,0.000000
8.850000,0.500000,0.640000,-2.805468,0.000000,-2.805468,-0.293746,0.000000,0.293746,0.023457,-0.001506,0.030969,0.030969,0.007512,0.041464,0.042970,0.023500,0.020238,0.000060,0.041313,0.000151,0.945332,0.000436,0.945768,0.945768,0.945768,0.472884,0.472884,0,0,1,0,0.000000,0.080000,0.008000,0.001000,5.500000,0.100000,22.000000,0.025000,0.000000
8.855000,0.500000,0.640000,-2.806966,0.000000,-2.806966,-0.294044,0.000000,0.294044,0.023457,-0.001506,0.030969,0.030969,0.007512,0.041464,0.042970,0.023524,0.020250,0.000060,0.041313,0.000151,0.945332,0.000000,0.945332,0.945332,0.945332,0.472666,0.472666,0,0,1,0,0.000000,0.080000,0.008000,0.001000,5.500000,0.100000,22.000000,0.025000,0.000000
8.860000,0.500000,0.640000,-2.808465,0.000000,-2.808465,-0.294343,0.000000,0.294343,0.023442,-0.001507,0.030969,0.030969,0.007527,0.041548,0.043056,0.023547,0.020262,0.000060,0.041397,0.000151,0.947222,0.000430,0.947652,0.947652,0.947652,0.473826,0.473826,0,0,1,0,0.000000,0.080000,0.008000,0.001000,5.500000,0.100000,22.000000,0.025000,0.000000
8.865000,0.500000,0.640000,-2.809966,0.000000,-2.809966,-0.294642,0.000000,0.294642,0.023442,-0.001509,0.030969,0.030969,0.007527,0.041548,0.043057,0.023571,0.020274,0.000060,0.041397,0.000151,0.947262,0.000009,0.947271,0.947271,0.947271,0.473635,0.473635,0,0,1,0,0.000000,0.080000,0.008000,0.001000,5.500000,0.100000,22.000000,0.025000,0.000000
8.870000,0.500000,0.640000,-2.811469,0.000000,-2.811469,-0.294941,0.000000,0.294941,0.023442,-0.001509,0.030969,0.030969,0.007527,0.041548,0.043057,0.023595,0.020285,0.000060,0.041397,0.000151,0.947262,0.000000,0.947262,0.947262,0.947262,0.473631,0.473631,0,0,1,0,0.000000,0.080000,0.008000,0.001000,5.500000,0.100000,22.000000,0.025000,0.000000
8.875000,0.500000,0.640000,-2.812973,0.000000,-2.812973,-0.295240,0.000000,0.295240,0.023427,-0.001513,0.030969,0.030969,0.007542,0.041633,0.043146,0.023619,0.020297,0.000060,0.041482,0.000151,0.949205,0.000442,0.949647,0.949647,0.949647,0.474823,0.474823,0,0,1,0,0.000000,0.080000,0.008000,0.001000,5.500000,0.100000,22.000000,0.025000,0.000000
8.880000,0.500000,0.640000,-2.814478,0.000000,-2.814478,-0.295540,0.000000,0.295540,0.023427,-0.001513,0.030969,0.030969,0.007542,0.041633,0.043146,0.023643,0.020309,0.000060,0.041482,0.000151,0.949205,0.000000,0.949205,0.949205,0.949205,0.474603,0.474603,0,0,1,0,0.000000,0.080000,0.008000,0.001000,5.500000,0.100000,22.000000,0.025000,0.000000
8.885000,0.500000,0.640000,-2.815985,0.000000,-2.815985,-0.295839,0.000000,0.295839,0.023411,-0.001524,0.030969,0.030969,0.007558,0.041719,0.043243,0.023667,0.020321,0.000060,0.041567,0.000152,0.951348,0.000487,0.951835,0.951835,0.951835,0.475918,0.475918,0,0,1,0,0.000000,0.080000,0.008000,0.001000,5.500000,0.100000,22.000000,0.025000,0.000000
8.890000,0.500000,0.640000,-2.817494,0.000000,-2.817494,-0.296138,0.000000,0.296138,0.023411,-0.001524,0.030969,0.030969,0.007558,0.041719,0.043243,0.023691,0.020333,0.000060,0.041567,0.000152,0.951348,0.000000,0.951348,0.951348,0.951348,0.475674,0.475674,0,0,1,0,0.000000,0.080000,0.008000,0.001000,5.500000,0.100000,22.000000,0.025000,0.000000
8.895000,0.500000,0.640000,-2.819004,0.000000,-2.819004,-0.296439,0.000000,0.296439,0.023395,-0.001531,0.030969,0.030969,0.007573,0.041806,0.043337,0.023715,0.020345,0.000060,0.041653,0.000153,0.953422,0.000471,0.953893,0.953893,0.953893,0.476947,0.476947,0,0,1,0,0.000000,0.080000,0.008000,0.001000,5.500000,0.100000,22.000000,0.025000,0.000000
8.904000,0.500000,0.640000,-2.822029,0.000000,-2.822029,-0.297040,0.000000,0.297040,0.023380,-0.001536,0.030969,0.030969,0.007589,0.041893,0.043428,0.023763,0.020366,0.000067,0.041739,0.000154,0.955421,0.000252,0.955673,0.955673,0.955673,0.477837,0.477837,0,0,1,0,0.000000,0.080000,0.008000,0.001000,5.500000,0.100000,22.000000,0.025000,0.000000
8.909000,0.500000,0.640000,-2.823544,0.000000,-2.823544,-0.297342,0.000000,0.297342,0.023380,-0.001536,0.030969,0.030969,0.007589,0.041893,0.043428,0.023787,0.020378,0.000060,0.041739,0.000154,0.955421,0.000000,0.955421,0.955421,0.955421,0.477710,0.477710,0,0,1,0,0.000000,0.080000,0.008000,0.001000,5.500000,0.100000,22.000000,0.025000,0.000000
8.914000,0.500000,0.640000,-2.825060,0.000000,-2.825060,-0.297644,0.000000,0.297644,0.023364,-0.001537,0.030969,0.030969,0.007604,0.041978,0.043515,0.023812,0.020390,0.000060,0.041824,0.000154,0.957319,0.000431,0.957751,0.957751,0.957751,0.478875,0.478875,0,0,1,0,0.000000,0.080000,0.008000,0.001000,5.500000,0.100000,22.000000,0.025000,0.000000
8.919000,0.500000,0.640000,-2.826578,0.000000,-2.826578,-0.297946,0.000000,0.297946,0.023364,-0.001537,0.030969,0.030969,0.007604,0.041978,0.043515,0.023836,0.020402,0.000061,0.041824,0.000154,0.957319,0.000000,0.957319,0.957319,0.957319,0.478660,0.478660,0,0,1,0,0.000000,0.080000,0.008000,0.001000,5.500000,0.100000,22.000000,0.025000,0.000000
8.924000,0.500000,0.640000,-2.828097,0.000000,-2.828097,-0.298250,0.000000,0.298250,0.023349,-0.001536,0.030969,0.030969,0.007620,0.042062,0.043598,0.023860,0.020414,0.000061,0.041909,0.000154,0.959164,0.000419,0.959584,0.959584,0.959584,0.479792,0.479792,0,0,1,0,0.000000,0.080000,0.008000,0.001000,5.500000,0.100000,22.000000,0.025000,0.000000
8.929000,0.500000,0.640000,-2.829618,0.000000,-2.829618,-0.298553,0.000000,0.298553,0.023349,-0.001536,0.030969,0.030969,0.007620,0.042062,0.043598,0.023884,0.020425,0.000061,0.041909,0.000154,0.959164,0.000000,0.959164,0.959164,0.959164,0.479582,0.479582,0,0,1,0,0.000000,0.080000,0.008000,0.001000,5.500000,0.100000,22.000000,0.025000,0.000000
8.934000,0.500000,0.640000,-2.831141,0.000000,-2.831141,-0.298857,0.000000,0.298857,0.023334,-0.001534,0.030969,0.030969,0.007635,0.042147,0.043681,0.023909,0.020437,0.000061,0.041993,0.000153,0.960982,0.000413,0.961395,0.961395,0.961395,0.480697,0.480697,0,0,1,0,0.000000,0.080000,0.008000,0.001000,5.500000,0.100000,22.000000,0.025000,0.000000
8.939000,0.500000,0.640000,-2.832665,0.000000,-2.832665,-0.299162,0.000000,0.299162,0.023334,-0.001534,0.030969,0.030969,0.007635,0.042147,0.043681,0.023933,0.020449,0.000061,0.041993,0.000153,0.960982,0.000000,0.960982,0.960982,0.960982,0.480491,0.480491,0,0,1,0,0.000000,0.080000,0.008000,0.001000,5.500000,0.100000,22.000000,0.025000,0.000000
8.944000,0.500000,0.640000,-2.834191,0.000000,-2.834191,-0.299466,0.000000,0.299466,0.023318,-0.001533,0.030969,0.030969,0.007650,0.042231,0.043764,0.023957,0.020461,0.000061,0.042077,0.000153,0.962799,0.000413,0.963212,0.963212,0.963212,0.481606,0.481606,0,0,1,0,0.000000,0.080000,0.008000,0.001000,5.500000,0.100000,22.000000,0.025000,0.000000
8.949000,0.500000,0.640000,-2.835718,0.000000,-2.835718,-0.299771,0.000000,0.299771,0.023318,-0.001533,0.030969,0.030969,0.007650,0.042231,0.043764,0.023982,0.020473,0.000061,0.042077,0.000153,0.962799,0.000000,0.962799,0.962799,0.962799,0.481400,0.481400,0,0,1,0,0.000000,0.080000,0.008000,0.001000,5.500000,0.100000,22.000000,0.025000,0.000000
8.954000,0.500000,0.640000,-2.837247,0.000000,-2.837247,-0.300077,0.000000,0.300077,0.023303,-0.001532,0.030969,0.030969,0.007666,0.042315,0.043847,0.024006,0.020485,0.000061,0.042162,0.000153,0.964643,0.000419,0.965062,0.965062,0.965062,0.482531,0.482531,0,0,1,0,0.000000,0.080000,0.008000,0.001000,5.500000,0.100000,22.000000,0.025000,0.000000
8.963000,0.500000,0.640000,-2.840309,0.000000,-2.840309,-0.300688,0.000000,0.300688,0.023288,-0.001534,0.030969,0.030969,0.007681,0.042400,0.043933,0.024055,0.020507,0.000068,0.042246,0.000153,0.966532,0.000238,0.966770,0.966770,0.966770,0.483385,0.483385,0,0,1,0,0.000000,0.080000,0.008000,0.001000,5.500000,0.100000,22.000000,0.025000,0.000000
8.968000,0.500000,0.640000,-2.841842,0.000000,-2.841842,-0.300993,0.000000,0.300993,0.023288,-0.001534,0.030969,0.030969,0.007681,0.042400,0.043933,0.024079,0.020519,0.000061,0.042246,0.000153,0.966532,0.000000,0.966532,0.966532,0.966532,0.483266,0.483266,0,0,1,0,0.000000,0.080000,0.008000,0.001000,5.500000,0.100000,22.000000,0.025000,0.000000
8.973000,0.500000,0.640000,-2.843377,0.000000,-2.843377,-0.301300,0.000000,0.301300,0.023272,-0.001536,0.030969,0.030969,0.007697,0.042485,0.044021,0.024104,0.020531,0.000061,0.042331,0.000154,0.968452,0.000436,0.968888,0.968888,0.968888,0.484444,0.484444,0,0,1,0,0.000000,0.080000,0.008000,0.001000,5.500000,0.100000,22.000000,0.025000,0.000000
8.978000,0.500000,0.640000,-2.844914,0.000000,-2.844914,-0.301606,0.000000,0.301606,0.023272,-0.001536,0.030969,0.030969,0.007697,0.042485,0.044021,0.024128,0.020543,0.000061,0.042331,0.000154,0.968452,0.000000,0.968452,0.968452,0.968452,0.484226,0.484226,0,0,1,0,0.000000,0.080000,0.008000,0.001000,5.500000,0.100000,22.000000,0.025000,0.000000
8.983000,0.500000,0.640000,-2.846452,0.000000,-2.846452,-0.301912,0.000000,0.301912,0.023257,-0.001540,0.030969,0.030969,0.007712,0.042571,0.044110,0.024153,0.020555,0.000061,0.042417,0.000154,0.970431,0.000450,0.970881,0.970881,0.970881,0.485440,0.485440,0,0,1,0,0.000000,0.080000,0.008000,0.001000,5.500000,0.100000,22.000000,0.025000,0.000000
8.992000,0.500000,0.640000,-2.849532,0.000000,-2.849532,-0.302526,0.000000,0.302526,0.023241,-0.001545,0.030969,0.030969,0.007728,0.042658,0.044203,0.024202,0.020577,0.000068,0.042503,0.000155,0.972460,0.000256,0.972716,0.972716,0.972716,0.486358,0.486358,0,0,1,0,0.000000,0.080000,0.008000,0.001000,5.500000,0.100000,22.000000,0.025000,0.000000
8.997000,0.500000,0.640000,-2.851075,0.000000,-2.851075,-0.302833,0.000000,0.302833,0.023241,-0.001545,0.030969,0.030969,0.007728,0.042658,0.044203,0.024227,0.020589,0.000061,0.042503,0.000155,0.972460,0.000000,0.972460,0.972460,0.972460,0.486230,0.486230,0,0,1,0,0.000000,0.080000,0.008000,0.001000,5.500000,0.100000,22.000000,0.025000,0.000000
9.002000,0.500000,0.640000,-2.852619,0.000000,-2.852619,-0.303140,0.000000,0.303140,0.023225,-0.001551,0.030969,0.030969,0.007744,0.042745,0.044295,0.024251,0.020601,0.000062,0.042590,0.000155,0.974501,0.000464,0.974964,0.974964,0.974964,0.487482,0.487482,0,0,1,0,0.000000,0.080000,0.008000,0.001000,5.500000,0.100000,22.000000,0.025000,0.000000
9.007000,0.500000,0.640000,-2.854165,0.000000,-2.854165,-0.303448,0.000000,0.303448,0.023225,-0.001551,0.030969,0.030969,0.007744,0.042745,0.044295,0.024276,0.020613,0.000061,0.042590,0.000155,0.974501,0.000000,0.974501,0.974501,0.974501,0.487250,0.487250,0,0,1,0,0.000000,0.080000,0.008000,0.001000,5.500000,0.100000,22.000000,0.025000,0.000000
9.012000,0.500000,0.640000,-2.855713,0.000000,-2.855713,-0.303756,0.000000,0.303756,0.023209,-0.001557,0.030969,0.030969,0.007759,0.042832,0.044389,0.024300,0.020626,0.000062,0.042677,0.000156,0.976564,0.000469,0.977033,0.977033,0.977033,0.488516,0.488516,0,0,1,0,0.000000,0.080000,0.008000,0.001000,5.500000,0.100000,22.000000,0.025000,0.000000
9.017000,0.500000,0.640000,-2.857262,0.000000,-2.857262,-0.304064,0.000000,0.304064,0.023209,-0.001557,0.030969,0.030969,0.007759,0.042832,0.044389,0.024325,0.020638,0.000062,0.042677,0.000156,0.976564,0.000000,0.976564,0.976564,0.976564,0.488282,0.488282,0,0,1,0,0.000000,0.080000,0.008000,0.001000,5.500000,0.100000,22.000000,0.025000,0.000000
9.022000,0.500000,0.640000,-2.858812,0.000000,-2.858812,-0.304372,0.000000,0.304372,0.023193,-0.001563,0.030969,0.030969,0.007775,0.042921,0.044483,0.024350,0.020650,0.000062,0.042764,0.000156,0.978632,0.000470,0.979102,0.979102,0.979102,0.489551,0.489551,0,0,1,0,0.000000,0.080000,0.008000,0.001000,5.500000,0.100000,22.000000,0.025000,0.000000
9.027000,0.500000,0.640000,-2.860364,0.000000,-2.860364,-0.304681,0.000000,0.304681,0.023193,-0.001563,0.030969,0.030969,0.007775,0.042921,0.044483,0.024374,0.020662,0.000062,0.042764,0.000156,0.978632,0.000000,0.978632,0.978632,0.978632,0.489316,0.489316,0,0,1,0,0.000000,0.080000,0.008000,0.001000,5.500000,0.100000,22.000000,0.025000,0.000000
9.032000,0.500000,0.640000,-2.861918,0.000000,-2.861918,-0.304990,0.000000,0.304990,0.023177,-0.001568,0.030969,0.030969,0.007791,0.043009,0.044577,0.024399,0.020674,0.000062,0.042852,0.000157,0.980690,0.000468,0.981158,0.981158,0.981158,0.490579,0.490579,0,0,1,0,0.000000,0.080000,0.008000,0.001000,5.500000,0.100000,22.000000,0.025000,0.000000
9.037000,0.500000,0.640000,-2.863473,0.000000,-2.863473,-0.305299,0.000000,0.305299,0.023177,-0.001568,0.030969,0.030969,0.007791,0.043009,0.044577,0.024424,0.020687,0.000062,0.042852,0.000157,0.980690,0.000000,0.980690,0.980690,0.980690,0.490345,0.490345,0,0,1,0,0.000000,0.080000,0.008000,0.001000,5.500000,0.100000,22.000000,0.025000,0.000000
9.042000,0.500000,0.640000,-2.865030,0.000000,-2.865030,-0.305610,0.000000,0.305610,0.023162,-0.001572,0.030969,0.030969,0.007807,0.043097,0.044669,0.024449,0.020699,0.000062,0.042940,0.000157,0.982728,0.000463,0.983191,0.983191,0.983191,0.491595,0.491595,0,0,1,0,0.000000,0.080000,0.008000,0.001000,5.500000,0.100000,22.000000,0.025000,0.000000
9.051000,0.500000,0.640000,-2.868149,0.000000,-2.868149,-0.306231,0.000000,0.306231,0.023146,-0.001576,0.030969,0.030969,0.007823,0.043185,0.044761,0.024498,0.020721,0.000069,0.043028,0.000158,0.984740,0.000254,0.984994,0.984994,0.984994,0.492497,0.492497,0,0,1,0,0.000000,0.080000,0.008000,0.001000,5.500000,0.100000,22.000000,0.025000,0.000000
9.056000,0.500000,0.640000,-2.869710,0.000000,-2.869710,-0.306542,0.000000,0.306542,0.023146,-0.001576,0.030969,0.030969,0.007823,0.043185,0.044761,0.024523,0.020733,0.000062,0.043028,0.000158,0.984740,0.000000,0.984740,0.984740,0.984740,0.492370,0.492370,0,0,1,0,0.000000,0.080000,0.008000,0.001000,5.500000,0.100000,22.000000,0.025000,0.000000
9.061000,0.500000,0.640000,-2.871273,0.000000,-2.871273,-0.306854,0.000000,0.306854,0.023130,-0.001577,0.030969,0.030969,0.007839,0.043273,0.044850,0.024548,0.020745,0.000062,0.043115,0.000158,0.986703,0.000446,0.987149,0.987149,0.987149,0.493575,0.493575,0,0,1,0,0.000000,0.080000,0.008000,0.001000,5.500000,0.100000,22.000000,0.025000,0.000000
9.066000,0.500000,0.640000,-2.872838,0.000000,-2.872838,-0.307165,0.000000,0.307165,0.023130,-0.001577,0.030969,0.030969,0.007839,0.043273,0.044850,0.024573,0.020758,0.000062,0.043115,0.000158,0.986703,0.000000,0.986703,0.986703,0.986703,0.493352,0.493352,0,0,1,0,0.000000,0.080000,0.008000,0.001000,5.500000,0.100000,22.000000,0.025000,0.000000
9.071000,0.500000,0.640000,-2.874405,0.000000,-2.874405,-0.307478,0.000000,0.307478,0.023114,-0.001579,0.030969,0.030969,0.007855,0.043360,0.044939,0.024598,0.020770,0.000063,0.043202,0.000158,0.988657,0.000444,0.989101,0.989101,0.989101,0.494551,0.494551,0,0,1,0,0.000000,0.080000,0.008000,0.001000,5.500000,0.100000,22.000000,0.025000,0.000000
9.076000,0.500000,0.640000,-2.875973,0.000000,-2.875973,-0.307790,0.000000,0.307790,0.023114,-0.001579,0.030969,0.030969,0.007855,0.043360,0.044939,0.024623,0.020782,0.000063,0.043202,0.000158,0.988657,0.000000,0.988657,0.988657,0.988657,0.494329,0.494329,0,0,1,0,0.000000,0.080000,0.008000,0.001000,5.500000,0.100000,22.000000,0.025000,0.000000
9.081000,0.500000,0.640000,-2.877542,0.000000,-2.877542,-0.308104,0.000000,0.308104,0.023098,-0.001580,0.030969,0.030969,0.007871,0.043448,0.045028,0.024648,0.020795,0.000063,0.043290,0.000158,0.990612,0.000444,0.991057,0.991057,0.991057,0.495528,0.495528,0,0,1,0,0.000000,0.080000,0.008000,0.001000,5.500000,0.100000,22.000000,0.025000,0.000000
9.086000,0.500000,0.640000,-2.879114,0.000000,-2.879114,-0.308417,0.000000,0.308417,0.023098,-0.001580,0.030969,0.030969,0.007871,0.043448,0.045028,0.024673,0.020807,0.000063,0.043290,0.000158,0.990612,0.000000,0.990612,0.990612,0.990612,0.495306,0.495306,0,0,1,0,0.000000,0.080000,0.008000,0.001000,5.500000,0.100000,22.000000,0.025000,0.000000
9.091000,0.500000,0.640000,-2.880686,0.000000,-2.880686,-0.308731,0.000000,0.308731,0.023082,-0.001582,0.030969,0.030969,0.007887,0.043535,0.045117,0.024698,0.020819,0.000063,0.043377,0.000158,0.992580,0.000447,0.993027,0.993027,0.993027,0.496513,0.496513,0,0,1,0,0.000000,0.080000,0.008000,0.001000,5.500000,0.100000,22.000000,0.025000,0.000000
9.096000,0.500000,0.640000,-2.882261,0.000000,-2.882261,-0.309044,0.000000,0.309044,0.023082,-0.001582,0.030969,0.030969,0.007887,0.043535,0.045117,0.024724,0.020832,0.000063,0.043377,0.000158,0.992580,0.000000,0.992580,0.992580,0.992580,0.496290,0.496290,0,0,1,0,0.000000,0.080000,0.008000,0.001000,5.500000,0.100000,22.000000,0.025000,0.000000
9.101000,0.500000,0.640000,-2.883837,0.000000,-2.883837,-0.309359,0.000000,0.309359,0.023066,-0.001584,0.030969,0.030969,0.007903,0.043623,0.045208,0.024749,0.020844,0.000063,0.043465,0.000158,0.994567,0.000452,0.995019,0.995019,0.995019,0.497509,0.497509,0,0,1,0,0.000000,0.080000,0.008000,0.001000,5.500000,0.100000,22.000000,0.025000,0.000000
9.110000,0.500000,0.640000,-2.885414,0.000000,-2.885414,-0.309673,0.000000,0.309673,0.023066,-0.001584,0.030969,0.030969,0.007903,0.043623,0.045208,0.024774,0.020866,0.000035,0.043465,0.000158,0.994567,0.000000,0.994567,0.994567,0.994567,0.497283,0.497283,0,0,1,0,0.000000,0.080000,0.008000,0.001000,5.500000,0.100000,22.000000,0.025000,0.000000
9.115000,0.500000,0.640000,-2.886994,0.000000,-2.886994,-0.309988,0.000000,0.309988,0.023050,-0.001587,0.030969,0.030969,0.007919,0.043712,0.045299,0.024799,0.020879,0.000063,0.043553,0.000159,0.996578,0.000457,0.997035,0.997035,0.997035,0.498518,0.498518,0,0,1,0,0.000000,0.080000,0.008000,0.001000,5.500000,0.100000,22.000000,0.025000,0.000000
9.120000,0.500000,0.640000,-2.888574,0.000000,-2.888574,-0.310303,0.000000,0.310303,0.023050,-0.001587,0.030969,0.030969,0.007919,0.043712,0.045299,0.024824,0.020891,0.000063,0.043553,0.000159,0.996578,0.000000,0.996578,0.996578,0.996578,0.498289,0.498289,0,0,1,0,0.000000,0.080000,0.008000,0.001000,5.500000,0.100000,22.000000,0.025000,0.000000
9.125000,0.500000,0.640000,-2.890157,0.000000,-2.890157,-0.310617,0.000000,0.310617,0.023034,-0.001597,0.030969,0.030969,0.007935,0.043802,0.045399,0.024849,0.020904,0.000063,0.043642,0.000160,0.998774,0.000499,0.999273,0.999273,0.999273,0.499637,0.499637,0,0,1,0,0.000000,0.080000,0.008000,0.001000,5.500000,0.100000,22.000000,0.025000,0.000000
9.130000,0.500000,0.640000,-2.891741,0.000000,-2.891741,-0.310932,0.000000,0.310932,0.023034,-0.001597,0.030969,0.030969,0.007935,0.043802,0.045399,0.024875,0.020916,0.000063,0.043642,0.000160,0.998774,0.000000,0.998774,0.998774,0.998774,0.499387,0.499387,0,0,1,0,0.000000,0.080000,0.008000,0.001000,5.500000,0.100000,22.000000,0.025000,0.000000
9.135000,0.500000,0.640000,-2.893326,0.000000,-2.893326,-0.311246,0.000000,0.311246,0.023017,-0.001612,0.030969,0.030969,0.007951,0.043894,0.045507,0.024900,0.020928,0.000063,0.043733,0.000161,1.001147,0.000539,1.001686,1.001686,1.001686,0.500843,0.500843,0,0,1,0,0.000000,0.080000,0.008000,0.001000,5.500000,0.100000,22.000000,0.025000,0.000000
9.140000,0.500000,0.640000,-2.894913,0.000000,-2.894913,-0.311560,0.000000,0.311560,0.023017,-0.001612,0.030969,0.030969,0.007951,0.043894,0.045507,0.024925,0.020941,0.000063,0.043733,0.000161,1.001147,0.000000,1.001147,1.001147,1.001147,0.500573,0.500573,0,0,1,0,0.000000,0.080000,0.008000,0.001000,5.500000,0.100000,22.000000,0.025000,0.000000
9.145000,0.500000,0.640000,-2.896502,0.000000,-2.896502,-0.311874,0.000000,0.311874,0.023000,-0.001631,0.030969,0.030969,0.007968,0.043989,0.045619,0.024950,0.020953,0.000063,0.043826,0.000163,1.003629,0.000564,1.004193,1.004193,1.004193,0.502096,0.502096,0,0,1,0,0.000000,0.080000,0.008000,0.001000,5.500000,0.100000,22.000000,0.025000,0.000000
9.150000,0.500000,0.640000,-2.898092,0.000000,-2.898092,-0.312189,0.000000,0.312189,0.023000,-0.001631,0.030969,0.030969,0.007968,0.043989,0.045619,0.024975,0.020966,0.000063,0.043826,0.000163,1.003629,0.000000,1.003629,1.003629,1.003629,0.501814,0.501814,0,0,1,0,0.000000,0.080000,0.008000,0.001000,5.500000,0.100000,22.000000,0.025000,0.000000
9.159000,0.500000,0.640000,-2.901277,0.000000,-2.901277,-0.312822,0.000000,0.312822,0.022983,-0.001639,0.030969,0.030969,0.007985,0.044083,0.045722,0.025026,0.020988,0.000070,0.043919,0.000164,1.005888,0.000285,1.006173,1.006173,1.006173,0.503086,0.503086,0,0,1,0,0.000000,0.080000,0.008000,0.001000,5.500000,0.100000,22.000000,0.025000,0.000000
9.164000,0.500000,0.640000,-2.902872,0.000000,-2.902872,-0.313138,0.000000,0.313138,0.022967,-0.001649,0.030969,0.030969,0.008002,0.044176,0.045825,0.025051,0.021001,0.000063,0.044011,0.000165,1.008151,0.000514,1.008666,1.008666,1.008666,0.504333,0.504333,0,0,1,0,0.000000,0.080000,0.008000,0.001000,5.500000,0.100000,22.000000,0.025000,0.000000
9.169000,0.500000,0.640000,-2.904469,0.000000,-2.904469,-0.313455,0.000000,0.313455,0.022967,-0.001649,0.030969,0.030969,0.008002,0.044176,0.045825,0.025076,0.021013,0.000063,0.044011,0.000165,1.008151,0.000000,1.008151,1.008151,1.008151,0.504076,0.504076,0,0,1,0,0.000000,0.080000,0.008000,0.001000,5.500000,0.100000,22.000000,0.025000,0.000000
9.174000,0.500000,0.640000,-2.906068,0.000000,-2.906068,-0.313774,0.000000,0.313774,0.022950,-0.001649,0.030969,0.030969,0.008019,0.044268,0.045916,0.025102,0.021026,0.000064,0.044103,0.000165,1.010163,0.000457,1.010620,1.010620,1.010620,0.505310,0.505310,0,0,1,0,0.000000,0.080000,0.008000,0.001000,5.500000,0.100000,22.000000,0.025000,0.000000
9.179000,0.500000,0.640000,-2.907668,0.000000,-2.907668,-0.314094,0.000000,0.314094,0.022950,-0.001649,0.030969,0.030969,0.008019,0.044268,0.045916,0.025127,0.021039,0.000064,0.044103,0.000165,1.010163,0.000000,1.010163,1.010163,1.010163,0.505081,0.505081,0,0,1,0,0.000000,0.080000,0.008000,0.001000,5.500000,0.100000,22.000000,0.025000,0.000000
9.184000,0.500000,0.640000,-2.909270,0.000000,-2.909270,-0.314414,0.000000,0.314414,0.022934,-0.001641,0.030969,0.030969,0.008035,0.044357,0.045998,0.025153,0.021051,0.000064,0.044193,0.000164,1.011953,0.000407,1.012360,1.012360,1.012360,0.506180,0.506180,0,0,1,0,0.000000,0.080000,0.008000,0.001000,5.500000,0.100000,22.000000,0.025000,0.000000
9.189000,0.500000,0.640000,-2.910873,0.000000,-2.910873,-0.314735,0.000000,0.314735,0.022934,-0.001641,0.030969,0.030969,0.008035,0.044357,0.045998,0.025179,0.021064,0.000064,0.044193,0.000164,1.011953,0.000000,1.011953,1.011953,1.011953,0.505977,0.505977,0,0,1,0,0.000000,0.080000,0.008000,0.001000,5.500000,0.100000,22.000000,0.025000,0.000000
9.194000,0.500000,0.640000,-2.912478,0.000000,-2.912478,-0.315058,0.000000,0.315058,0.022918,-0.001629,0.030969,0.030969,0.008051,0.044443,0.046073,0.025205,0.021076,0.000064,0.044281,0.000163,1.013600,0.000374,1.013974,1.013974,1.013974,0.506987,0.506987,0,0,1,0,0.000000,0.080000,0.008000,0.001000,5.500000,0.100000,22.000000,0.025000,0.000000
9.199000,0.500000,0.640000,-2.914085,0.000000,-2.914085,-0.315380,0.000000,0.315380,0.022918,-0.001629,0.030969,0.030969,0.008051,0.044443,0.046073,0.025230,0.021089,0.000065,0.044281,0.000163,1.013600,0.000000,1.013600,1.013600,1.013600,0.506800,0.506800,0,0,1,0,0.000000,0.080000,0.008000,0.001000,5.500000,0.100000,22.000000,0.025000,0.000000
9.208000,0.500000,0.640000,-2.917304,0.000000,-2.917304,-0.316027,0.000000,0.316027,0.022902,-0.001617,0.030969,0.030969,0.008067,0.044529,0.046145,0.025282,0.021112,0.000072,0.044367,0.000162,1.015197,0.000202,1.015399,1.015399,1.015399,0.507699,0.507699,0,0,1,0,0.000000,0.080000,0.008000,0.001000,5.500000,0.100000,22.000000,0.025000,0.000000
9.213000,0.500000,0.640000,-2.918916,0.000000,-2.918916,-0.316350,0.000000,0.316350,0.022886,-0.001612,0.030969,0.030969,0.008082,0.044615,0.046227,0.025308,0.021124,0.000065,0.044454,0.000161,1.016996,0.000409,1.017405,1.017405,1.017405,0.508702,0.508702,0,0,1,0,0.000000,0.080000,0.008000,0.001000,5.500000,0.100000,22.000000,0.025000,0.000000
9.218000,0.500000,0.640000,-2.920529,0.000000,-2.920529,-0.316672,0.000000,0.316672,0.022886,-0.001612,0.030969,0.030969,0.008082,0.044615,0.046227,0.025334,0.021137,0.000065,0.044454,0.000161,1.016996,0.000000,1.016996,1.016996,1.016996,0.508498,0.508498,0,0,1,0,0.000000,0.080000,0.008000,0.001000,5.500000,0.100000,22.000000,0.025000,0.000000
9.223000,0.500000,0.640000,-2.922144,0.000000,-2.922144,-0.316996,0.000000,0.316996,0.022870,-0.001610,0.030969,0.030969,0.008098,0.044703,0.046312,0.025360,0.021150,0.000065,0.044542,0.000161,1.018867,0.000425,1.019292,1.019292,1.019292,0.509646,0.509646,0,0,1,0,0.000000,0.080000,0.008000,0.001000,5.500000,0.100000,22.000000,0.025000,0.000000
9.228000,0.500000,0.640000,-2.923761,0.000000,-2.923761,-0.317319,0.000000,0.317319,0.022870,-0.001610,0.030969,0.030969,0.008098,0.044703,0.046312,0.025386,0.021162,0.000065,0.044542,0.000161,1.018867,0.000000,1.018867,1.018867,1.018867,0.509434,0.509434,0,0,1,0,0.000000,0.080000,0.008000,0.001000,5.500000,0.100000,22.000000,0.025000,0.000000
9.233000,0.500000,0.640000,-2.925379,0.000000,-2.925379,-0.317642,0.000000,0.317642,0.022854,-0.001610,0.030969,0.030969,0.008115,0.044791,0.046402,0.025411,0.021175,0.000065,0.044630,0.000161,1.020834,0.000447,1.021280,1.021280,1.021280,0.510640,0.510640,0,0,1,0,0.000000,0.080000,0.008000,0.001000,5.500000,0.100000,22.000000,0.025000,0.000000
9.238000,0.500000,0.640000,-2.926999,0.000000,-2.926999,-0.317965,0.000000,0.317965,0.022854,-0.001610,0.030969,0.030969,0.008115,0.044791,0.046402,0.025437,0.021188,0.000065,0.044630,0.000161,1.020834,0.000000,1.020834,1.020834,1.020834,0.510417,0.510417,0,0,1,0,0.000000,0.080000,0.008000,0.001000,5.500000,0.100000,22.000000,0.025000,0.000000
9.243000,0.500000,0.640000,-2.928621,0.000000,-2.928621,-0.318289,0.000000,0.318289,0.022838,-0.001614,0.030969,0.030969,0.008131,0.044881,0.046496,0.025463,0.021201,0.000065,0.044720,0.000161,1.022905,0.000471,1.023375,1.023375,1.023375,0.511688,0.511688,0,0,1,0,0.000000,0.080000,0.008000,0.001000,5.500000,0.100000,22.000000,0.025000,0.000000
9.252000,0.500000,0.640000,-2.931869,0.000000,-2.931869,-0.318936,0.000000,0.318936,0.022821,-0.001622,0.030969,0.030969,0.008147,0.044973,0.046594,0.025515,0.021223,0.000072,0.044810,0.000162,1.025069,0.000273,1.025342,1.025342,1.025342,0.512671,0.512671,0,0,1,0,0.000000,0.080000,0.008000,0.001000,5.500000,0.100000,22.000000,0.025000,0.000000
9.257000,0.500000,0.640000,-2.933495,0.000000,-2.933495,-0.319260,0.000000,0.319260,0.022821,-0.001622,0.030969,0.030969,0.008147,0.044973,0.046594,0.025541,0.021236,0.000065,0.044810,0.000162,1.025069,0.000000,1.025069,1.025069,1.025069,0.512535,0.512535,0,0,1,0,0.000000,0.080000,0.008000,0.001000,5.500000,0.100000,22.000000,0.025000,0.000000
9.262000,0.500000,0.640000,-2.935123,0.000000,-2.935123,-0.319584,0.000000,0.319584,0.022805,-0.001630,0.030969,0.030969,0.008164,0.045065,0.046694,0.025567,0.021249,0.000065,0.044902,0.000163,1.027277,0.000502,1.027779,1.027779,1.027779,0.513889,0.513889,0,0,1,0,0.000000,0.080000,0.008000,0.001000,5.500000,0.100000,22.000000,0.025000,0.000000
9.267000,0.500000,0.640000,-2.936753,0.000000,-2.936753,-0.319908,0.000000,0.319908,0.022805,-0.001630,0.030969,0.030969,0.008164,0.045065,0.046694,0.025593,0.021262,0.000065,0.044902,0.000163,1.027277,0.000000,1.027277,1.027277,1.027277,0.513638,0.513638,0,0,1,0,0.000000,0.080000,0.008000,0.001000,5.500000,0.100000,22.000000,0.025000,0.000000
9.272000,0.500000,0.640000,-2.938384,0.000000,-2.938384,-0.320232,0.000000,0.320232,0.022788,-0.001639,0.030969,0.030969,0.008181,0.045158,0.046797,0.025619,0.021275,0.000065,0.044994,0.000164,1.029526,0.000511,1.030037,1.030037,1.030037,0.515019,0.515019,0,0,1,0,0.000000,0.080000,0.008000,0.001000,5.500000,0.100000,22.000000,0.025000,0.000000
9.277000,0.500000,0.640000,-2.940017,0.000000,-2.940017,-0.320556,0.000000,0.320556,0.022788,-0.001639,0.030969,0.030969,0.008181,0.045158,0.046797,0.025645,0.021287,0.000065,0.044994,0.000164,1.029526,0.000000,1.029526,1.029526,1.029526,0.514763,0.514763,0,0,1,0,0.000000,0.080000,0.008000,0.001000,5.500000,0.100000,22.000000,0.025000,0.000000
9.282000,0.500000,0.640000,-2.941652,0.000000,-2.941652,-0.320882,0.000000,0.320882,0.022771,-0.001648,0.030969,0.030969,0.008198,0.045252,0.046899,0.025671,0.021300,0.000065,0.045087,0.000165,1.031782,0.000513,1.032294,1.032294,1.032294,0.516147,0.516147,0,0,1,0,0.000000,0.080000,0.008000,0.001000,5.500000,0.100000,22.000000,0.025000,0.000000
9.287000,0.500000,0.640000,-2.943288,0.000000,-2.943288,-0.321207,0.000000,0.321207,0.022771,-0.001648,0.030969,0.030969,0.008198,0.045252,0.046899,0.025697,0.021313,0.000065,0.045087,0.000165,1.031782,0.000000,1.031782,1.031782,1.031782,0.515891,0.515891,0,0,1,0,0.000000,0.080000,0.008000,0.001000,5.500000,0.100000,22.000000,0.025000,0.000000
9.296000,0.500000,0.640000,-2.946565,0.000000,-2.946565,-0.321859,0.000000,0.321859,0.022754,-0.001655,0.030969,0.030969,0.008215,0.045345,0.047001,0.025749,0.021336,0.000072,0.045180,0.000166,1.034014,0.000282,1.034296,1.034296,1.034296,0.517148,0.517148,0,0,1,0,0.000000,0.080000,0.008000,0.001000,5.500000,0.100000,22.000000,0.025000,0.000000
9.301000,0.500000,0.640000,-2.948207,0.000000,-2.948207,-0.322184,0.000000,0.322184,0.022737,-0.001670,0.030969,0.030969,0.008232,0.045441,0.047110,0.025775,0.021349,0.000065,0.045274,0.000167,1.036425,0.000548,1.036973,1.036973,1.036973,0.518487,0.518487,0,0,1,0,0.000000,0.080000,0.008000,0.001000,5.500000,0.100000,22.000000,0.025000,0.000000
9.306000,0.500000,0.640000,-2.949849,0.000000,-2.949849,-0.322510,0.000000,0.322510,0.022737,-0.001670,0.030969,0.030969,0.008232,0.045441,0.047110,0.025801,0.021362,0.000065,0.045274,0.000167,1.036425,0.000000,1.036425,1.036425,1.036425,0.518213,0.518213,0,0,1,0,0.000000,0.080000,0.008000,0.001000,5.500000,0.100000,22.000000,0.025000,0.000000
9.311000,0.500000,0.640000,-2.951494,0.000000,-2.951494,-0.322837,0.000000,0.322837,0.022720,-0.001678,0.030969,0.030969,0.008249,0.045536,0.047215,0.025827,0.021375,0.000065,0.045369,0.000168,1.038721,0.000522,1.039243,1.039243,1.039243,0.519621,0.519621,0,0,1,0,0.000000,0.080000,0.008000,0.001000,5.500000,0.100000,22.000000,0.025000,0.000000
9.316000,0.500000,0.640000,-2.953140,0.000000,-2.953140,-0.323164,0.000000,0.323164,0.022720,-0.001678,0.030969,0.030969,0.008249,0.045536,0.047215,0.025853,0.021388,0.000065,0.045369,0.000168,1.038721,0.000000,1.038721,1.038721,1.038721,0.519360,0.519360,0,0,1,0,0.000000,0.080000,0.008000,0.001000,5.500000,0.100000,22.000000,0.025000,0.000000
9.321000,0.500000,0.640000,-2.954788,0.000000,-2.954788,-0.323492,0.000000,0.323492,0.022703,-0.001682,0.030969,0.030969,0.008266,0.045631,0.047312,0.025879,0.021401,0.000066,0.045463,0.000168,1.040874,0.000489,1.041364,1.041364,1.041364,0.520682,0.520682,0,0,1,0,0.000000,0.080000,0.008000,0.001000,5.500000,0.100000,22.000000,0.025000,0.000000
9.326000,0.500000,0.640000,-2.956438,0.000000,-2.956438,-0.323821,0.000000,0.323821,0.022703,-0.001682,0.030969,0.030969,0.008266,0.045631,0.047312,0.025906,0.021414,0.000066,0.045463,0.000168,1.040874,0.000000,1.040874,1.040874,1.040874,0.520437,0.520437,0,0,1,0,0.000000,0.080000,0.008000,0.001000,5.500000,0.100000,22.000000,0.025000,0.000000
9.331000,0.500000,0.640000,-2.958089,0.000000,-2.958089,-0.324151,0.000000,0.324151,0.022686,-0.001681,0.030969,0.030969,0.008283,0.045724,0.047404,0.025932,0.021427,0.000066,0.045556,0.000168,1.042897,0.000460,1.043357,1.043357,1.043357,0.521678,0.521678,0,0,1,0,0.000000,0.080000,0.008000,0.001000,5.500000,0.100000,22.000000,0.025000,0.000000
9.336000,0.500000,0.640000,-2.959742,0.000000,-2.959742,-0.324481,0.000000,0.324481,0.022686,-0.001681,0.030969,0.030969,0.008283,0.045724,0.047404,0.025958,0.021440,0.000066,0.045556,0.000168,1.042897,0.000000,1.042897,1.042897,1.042897,0.521449,0.521449,0,0,1,0,0.000000,0.080000,0.008000,0.001000,5.500000,0.100000,22.000000,0.025000,0.000000
9.341000,0.500000,0.640000,-2.961397,0.000000,-2.961397,-0.324812,0.000000,0.324812,0.022669,-0.001677,0.030969,0.030969,0.008300,0.045815,0.047492,0.025985,0.021453,0.000066,0.045648,0.000168,1.044823,0.000438,1.045261,1.045261,1.045261,0.522631,0.522631,0,0,1,0,0.000000,0.080000,0.008000,0.001000,5.500000,0.100000,22.000000,0.025000,0.000000
9.351000,0.500000,0.640000,-2.963054,0.000000,-2.963054,-0.325143,0.000000,0.325143,0.022653,-0.001674,0.030969,0.030969,0.008316,0.045906,0.047580,0.026011,0.021479,0.000033,0.045739,0.000167,1.046762,0.000220,1.046982,1.046982,1.046982,0.523491,0.523491,0,0,1,0,0.000000,0.080000,0.008000,0.001000,5.500000,0.100000,22.000000,0.025000,0.000000
9.360000,0.500000,0.640000,-2.966372,0.000000,-2.966372,-0.325807,0.000000,0.325807,0.022636,-0.001666,0.030969,0.030969,0.008333,0.045996,0.047662,0.026065,0.021502,0.000074,0.045829,0.000167,1.048557,0.000227,1.048783,1.048783,1.048783,0.524392,0.524392,0,0,1,0,0.000000,0.080000,0.008000,0.001000,5.500000,0.100000,22.000000,0.025000,0.000000
9.365000,0.500000,0.640000,-2.968033,0.000000,-2.968033,-0.326140,0.000000,0.326140,0.022636,-0.001666,0.030969,0.030969,0.008333,0.045996,0.047662,0.026091,0.021515,0.000067,0.045829,0.000167,1.048557,0.000000,1.048557,1.048557,1.048557,0.524278,0.524278,0,0,1,0,0.000000,0.080000,0.008000,0.001000,5.500000,0.100000,22.000000,0.025000,0.000000
9.370000,0.500000,0.640000,-2.969697,0.000000,-2.969697,-0.326473,0.000000,0.326473,0.022620,-0.001662,0.030969,0.030969,0.008349,0.046086,0.047748,0.026118,0.021528,0.000067,0.045920,0.000166,1.050461,0.000433,1.050894,1.050894,1.050894,0.525447,0.525447,0,0,1,0,0.000000,0.080000,0.008000,0.001000,5.500000,0.100000,22.000000,0.025000,0.000000
9.375000,0.500000,0.640000,-2.971362,0.000000,-2.971362,-0.326807,0.000000,0.326807,0.022620,-0.001662,0.030969,0.030969,0.008349,0.046086,0.047748,0.026145,0.021541,0.000067,0.045920,0.000166,1.050461,0.000000,1.050461,1.050461,1.050461,0.525231,0.525231,0,0,1,0,0.000000,0.080000,0.008000,0.001000,5.500000,0.100000,22.000000,0.025000,0.000000
9.380000,0.500000,0.640000,-2.973029,0.000000,-2.973029,-0.327140,0.000000,0.327140,0.022620,-0.001662,0.030969,0.030969,0.008349,0.046086,0.047748,0.026171,0.021554,0.000067,0.045920,0.000166,1.050461,0.000000,1.050461,1.050461,1.050461,0.525231,0.525231,0,0,1,0,0.000000,0.080000,0.008000,0.001000,5.500000,0.100000,22.000000,0.025000,0.000000
9.385000,0.500000,0.640000,-2.974697,0.000000,-2.974697,-0.327473,0.000000,0.327473,0.022603,-0.001662,0.030969,0.030969,0.008366,0.046177,0.047839,0.026198,0.021568,0.000067,0.046011,0.000166,1.052462,0.000455,1.052916,1.052916,1.052916,0.526458,0.526458,0,0,1,0,0.000000,0.080000,0.008000,0.001000,5.500000,0.100000,22.000000,0.025000,0.000000
9.390000,0.500000,0.640000,-2.976367,0.000000,-2.976367,-0.327807,0.000000,0.327807,0.022603,-0.001662,0.030969,0.030969,0.008366,0.046177,0.047839,0.026225,0.021581,0.000067,0.046011,0.000166,1.052462,0.000000,1.052462,1.052462,1.052462,0.526231,0.526231,0,0,1,0,0.000000,0.080000,0.008000,0.001000,5.500000,0.100000,22.000000,0.025000,0.000000
9.395000,0.500000,0.640000,-2.978039,0.000000,-2.978039,-0.328139,0.000000,0.328139,0.022586,-0.001673,0.030969,0.030969,0.008383,0.046271,0.047944,0.026251,0.021594,0.000066,0.046104,0.000167,1.054771,0.000525,1.055296,1.055296,1.055296,0.527648,0.527648,0,0,1,0,0.000000,0.080000,0.008000,0.001000,5.500000,0.100000,22.000000,0.025000,0.000000
9.400000,0.500000,0.640000,-2.979712,0.000000,-2.979712,-0.328471,0.000000,0.328471,0.022586,-0.001673,0.030969,0.030969,0.008383,0.046271,0.047944,0.026278,0.021607,0.000066,0.046104,0.000167,1.054771,0.000000,1.054771,1.054771,1.054771,0.527385,0.527385,0,0,1,0,0.000000,0.080000,0.008000,0.001000,5.500000,0.100000,22.000000,0.025000,0.000000
9.405000,0.500000,0.640000,-2.981387,0.000000,-2.981387,-0.328804,0.000000,0.328804,0.022569,-0.001684,0.030969,0.030969,0.008400,0.046368,0.048052,0.026304,0.021620,0.000067,0.046199,0.000168,1.057149,0.000541,1.057690,1.057690,1.057690,0.528845,0.528845,0,0,1,0,0.000000,0.080000,0.008000,0.001000,5.500000,0.100000,22.000000,0.025000,0.000000
9.410000,0.500000,0.640000,-2.983064,0.000000,-2.983064,-0.329137,0.000000,0.329137,0.022569,-0.001684,0.030969,0.030969,0.008400,0.046368,0.048052,0.026331,0.021633,0.000067,0.046199,0.000168,1.057149,0.000000,1.057149,1.057149,1.057149,0.528575,0.528575,0,0,1,0,0.000000,0.080000,0.008000,0.001000,5.500000,0.100000,22.000000,0.025000,0.000000
9.419000,0.500000,0.640000,-2.986422,0.000000,-2.986422,-0.329804,0.000000,0.329804,0.022551,-0.001695,0.030969,0.030969,0.008417,0.046465,0.048160,0.026384,0.021657,0.000074,0.046295,0.000170,1.059519,0.000299,1.059818,1.059818,1.059818,0.529909,0.529909,0,0,1,0,0.000000,0.080000,0.008000,0.001000,5.500000,0.100000,22.000000,0.025000,0.000000
9.424000,0.500000,0.640000,-2.988104,0.000000,-2.988104,-0.330137,0.000000,0.330137,0.022534,-0.001713,0.030969,0.030969,0.008435,0.046563,0.048276,0.026411,0.021670,0.000067,0.046392,0.000171,1.062077,0.000581,1.062659,1.062659,1.062659,0.531329,0.531329,0,0,1,0,0.000000,0.080000,0.008000,0.001000,5.500000,0.100000,22.000000,0.025000,0.000000
9.429000,0.500000,0.640000,-2.989787,0.000000,-2.989787,-0.330471,0.000000,0.330471,0.022534,-0.001713,0.030969,0.030969,0.008435,0.046563,0.048276,0.026438,0.021683,0.000067,0.046392,0.000171,1.062077,0.000000,1.062077,1.062077,1.062077,0.531039,0.531039,0,0,1,0,0.000000,0.080000,0.008000,0.001000,5.500000,0.100000,22.000000,0.025000,0.000000
9.434000,0.500000,0.640000,-2.991472,0.000000,-2.991472,-0.330805,0.000000,0.330805,0.022516,-0.001724,0.030969,0.030969,0.008453,0.046663,0.048386,0.026464,0.021697,0.000067,0.046490,0.000172,1.064499,0.000550,1.065049,1.065049,1.065049,0.532524,0.532524,0,0,1,0,0.000000,0.080000,0.008000,0.001000,5.500000,0.100000,22.000000,0.025000,0.000000
9.439000,0.500000,0.640000,-2.993159,0.000000,-2.993159,-0.331140,0.000000,0.331140,0.022516,-0.001724,0.030969,0.030969,0.008453,0.046663,0.048386,0.026491,0.021710,0.000067,0.046490,0.000172,1.064499,0.000000,1.064499,1.064499,1.064499,0.532249,0.532249,0,0,1,0,0.000000,0.080000,0.008000,0.001000,5.500000,0.100000,22.000000,0.025000,0.000000
9.444000,0.500000,0.640000,-2.994848,0.000000,-2.994848,-0.331477,0.000000,0.331477,0.022498,-0.001728,0.030969,0.030969,0.008470,0.046760,0.048488,0.026518,0.021723,0.000067,0.046587,0.000173,1.066745,0.000511,1.067256,1.067256,1.067256,0.533628,0.533628,0,0,1,0,0.000000,0.080000,0.008000,0.001000,5.500000,0.100000,22.000000,0.025000,0.000000
9.449000,0.500000,0.640000,-2.996538,0.000000,-2.996538,-0.331813,0.000000,0.331813,0.022498,-0.001728,0.030969,0.030969,0.008470,0.046760,0.048488,0.026545,0.021736,0.000067,0.046587,0.000173,1.066745,0.000000,1.066745,1.066745,1.066745,0.533373,0.533373,0,0,1,0,0.000000,0.080000,0.008000,0.001000,5.500000,0.100000,22.000000,0.025000,0.000000
9.454000,0.500000,0.640000,-2.998230,0.000000,-2.998230,-0.332151,0.000000,0.332151,0.022481,-0.001727,0.030969,0.030969,0.008488,0.046856,0.048583,0.026572,0.021750,0.000068,0.046683,0.000173,1.068825,0.000473,1.069297,1.069297,1.069297,0.534649,0.534649,0,0,1,0,0.000000,0.080000,0.008000,0.001000,5.500000,0.100000,22.000000,0.025000,0.000000
9.459000,0.500000,0.640000,-2.999924,0.000000,-2.999924,-0.332490,0.000000,0.332490,0.022481,-0.001727,0.030969,0.030969,0.008488,0.046856,0.048583,0.026599,0.021763,0.000068,0.046683,0.000173,1.068825,0.000000,1.068825,1.068825,1.068825,0.534412,0.534412,0,0,1,0,0.000000,0.080000,0.008000,0.001000,5.500000,0.100000,22.000000,0.025000,0.000000
9.468000,0.500000,0.640000,-3.003317,0.000000,-3.003317,-0.333169,0.000000,0.333169,0.022464,-0.001722,0.030969,0.030969,0.008505,0.046949,0.048672,0.026653,0.021787,0.000075,0.046777,0.000172,1.070775,0.000246,1.071021,1.071021,1.071021,0.535511,0.535511,0,0,1,0,0.000000,0.080000,0.008000,0.001000,5.500000,0.100000,22.000000,0.025000,0.000000
9.473000,0.500000,0.640000,-3.005016,0.000000,-3.005016,-0.333508,0.000000,0.333508,0.022447,-0.001722,0.030969,0.030969,0.008522,0.047043,0.048766,0.026681,0.021800,0.000068,0.046871,0.000172,1.072849,0.000471,1.073321,1.073321,1.073321,0.536660,0.536660,0,0,1,0,0.000000,0.080000,0.008000,0.001000,5.500000,0.100000,22.000000,0.025000,0.000000
9.478000,0.500000,0.640000,-3.006717,0.000000,-3.006717,-0.333848,0.000000,0.333848,0.022447,-0.001722,0.030969,0.030969,0.008522,0.047043,0.048766,0.026708,0.021814,0.000068,0.046871,0.000172,1.072849,0.000000,1.072849,1.072849,1.072849,0.536425,0.536425,0,0,1,0,0.000000,0.080000,0.008000,0.001000,5.500000,0.100000,22.000000,0.025000,0.000000
9.483000,0.500000,0.640000,-3.008420,0.000000,-3.008420,-0.334188,0.000000,0.334188,0.022430,-0.001720,0.030969,0.030969,0.008539,0.047138,0.048857,0.026735,0.021827,0.000068,0.046966,0.000172,1.074863,0.000458,1.075320,1.075320,1.075320,0.537660,0.537660,0,0,1,0,0.000000,0.080000,0.008000,0.001000,5.500000,0.100000,22.000000,0.025000,0.000000
9.488000,0.500000,0.640000,-3.010124,0.000000,-3.010124,-0.334529,0.000000,0.334529,0.022430,-0.001720,0.030969,0.030969,0.008539,0.047138,0.048857,0.026762,0.021840,0.000068,0.046966,0.000172,1.074863,0.000000,1.074863,1.074863,1.074863,0.537431,0.537431,0,0,1,0,0.000000,0.080000,0.008000,0.001000,5.500000,0.100000,22.000000,0.025000,0.000000
9.493000,0.500000,0.640000,-3.011830,0.000000,-3.011830,-0.334870,0.000000,0.334870,0.022412,-0.001716,0.030969,0.030969,0.008556,0.047231,0.048948,0.026790,0.021854,0.000068,0.047060,0.000172,1.076848,0.000451,1.077300,1.077300,1.077300,0.538650,0.538650,0,0,1,0,0.000000,0.080000,0.008000,0.001000,5.500000,0.100000,22.000000,0.025000,0.000000
9.498000,0.500000,0.640000,-3.013538,0.000000,-3.013538,-0.335212,0.000000,0.335212,0.022412,-0.001716,0.030969,0.030969,0.008556,0.047231,0.048948,0.026817,0.021867,0.000068,0.047060,0.000172,1.076848,0.000000,1.076848,1.076848,1.076848,0.538424,0.538424,0,0,1,0,0.000000,0.080000,0.008000,0.001000,5.500000,0.100000,22.000000,0.025000,0.000000
9.503000,0.500000,0.640000,-3.015247,0.000000,-3.015247,-0.335554,0.000000,0.335554,0.022395,-0.001714,0.030969,0.030969,0.008573,0.047325,0.049039,0.026844,0.021881,0.000068,0.047153,0.000171,1.078848,0.000455,1.079303,1.079303,1.079303,0.539652,0.539652,0,0,1,0,0.000000,0.080000,0.008000,0.001000,5.500000,0.100000,22.000000,0.025000,0.000000
9.508000,0.500000,0.640000,-3.016959,0.000000,-3.016959,-0.335896,0.000000,0.335896,0.022395,-0.001714,0.030969,0.030969,0.008573,0.047325,0.049039,0.026872,0.021894,0.000068,0.047153,0.000171,1.078848,0.000000,1.078848,1.078848,1.078848,0.539424,0.539424,0,0,1,0,0.000000,0.080000,0.008000,0.001000,5.500000,0.100000,22.000000,0.025000,0.000000
9.517000,0.500000,0.640000,-3.020386,0.000000,-3.020386,-0.336581,0.000000,0.336581,0.022378,-0.001713,0.030969,0.030969,0.008590,0.047419,0.049132,0.026926,0.021918,0.000076,0.047248,0.000171,1.080897,0.000259,1.081156,1.081156,1.081156,0.540578,0.540578,0,0,1,0,0.000000,0.080000,0.008000,0.001000,5.500000,0.100000,22.000000,0.025000,0.000000
9.522000,0.500000,0.640000,-3.022103,0.000000,-3.022103,-0.336923,0.000000,0.336923,0.022361,-0.001722,0.030969,0.030969,0.008608,0.047515,0.049237,0.026954,0.021932,0.000068,0.047343,0.000172,1.083221,0.000528,1.083749,1.083749,1.083749,0.541874,0.541874,0,0,1,0,0.000000,0.080000,0.008000,0.001000,5.500000,0.100000,22.000000,0.025000,0.000000
9.527000,0.500000,0.640000,-3.023821,0.000000,-3.023821,-0.337264,0.000000,0.337264,0.022361,-0.001722,0.030969,0.030969,0.008608,0.047515,0.049237,0.026981,0.021945,0.000068,0.047343,0.000172,1.083221,0.000000,1.083221,1.083221,1.083221,0.541610,0.541610,0,0,1,0,0.000000,0.080000,0.008000,0.001000,5.500000,0.100000,22.000000,0.025000,0.000000
9.532000,0.500000,0.640000,-3.025541,0.000000,-3.025541,-0.337607,0.000000,0.337607,0.022343,-0.001731,0.030969,0.030969,0.008625,0.047613,0.049344,0.027009,0.021959,0.000068,0.047440,0.000173,1.085565,0.000533,1.086098,1.086098,1.086098,0.543049,0.543049,0,0,1,0,0.000000,0.080000,0.008000,0.001000,5.500000,0.100000,22.000000,0.025000,0.000000
9.537000,0.500000,0.640000,-3.027262,0.000000,-3.027262,-0.337949,0.000000,0.337949,0.022343,-0.001731,0.030969,0.030969,0.008625,0.047613,0.049344,0.027036,0.021972,0.000068,0.047440,0.000173,1.085565,0.000000,1.085565,1.085565,1.085565,0.542782,0.542782,0,0,1,0,0.000000,0.080000,0.008000,0.001000,5.500000,0.100000,22.000000,0.025000,0.000000
9.542000,0.500000,0.640000,-3.028986,0.000000,-3.028986,-0.338292,0.000000,0.338292,0.022325,-0.001738,0.030969,0.030969,0.008643,0.047712,0.049450,0.027063,0.021986,0.000069,0.047538,0.000174,1.087896,0.000530,1.088425,1.088425,1.088425,0.544213,0.544213,0,0,1,0,0.000000,0.080000,0.008000,0.001000,5.500000,0.100000,22.000000,0.025000,0.000000
9.547000,0.500000,0.640000,-3.030711,0.000000,-3.030711,-0.338636,0.000000,0.338636,0.022325,-0.001738,0.030969,0.030969,0.008643,0.047712,0.049450,0.027091,0.021999,0.000069,0.047538,0.000174,1.087896,0.000000,1.087896,1.087896,1.087896,0.543948,0.543948,0,0,1,0,0.000000,0.080000,0.008000,0.001000,5.500000,0.100000,22.000000,0.025000,0.000000
9.552000,0.500000,0.640000,-3.032438,0.000000,-3.032438,-0.338980,0.000000,0.338980,0.022308,-0.001744,0.030969,0.030969,0.008661,0.047810,0.049554,0.027118,0.022013,0.000069,0.047635,0.000174,1.090194,0.000522,1.090716,1.090716,1.090716,0.545358,0.545358,0,0,1,0,0.000000,0.080000,0.008000,0.001000,5.500000,0.100000,22.000000,0.025000,0.000000
9.557000,0.500000,0.640000,-3.034166,0.000000,-3.034166,-0.339324,0.000000,0.339324,0.022308,-0.001744,0.030969,0.030969,0.008661,0.047810,0.049554,0.027146,0.022027,0.000069,0.047635,0.000174,1.090194,0.000000,1.090194,1.090194,1.090194,0.545097,0.545097,0,0,1,0,0.000000,0.080000,0.008000,0.001000,5.500000,0.100000,22.000000,0.025000,0.000000
9.566000,0.500000,0.640000,-3.037629,0.000000,-3.037629,-0.340014,0.000000,0.340014,0.022290,-0.001749,0.030969,0.030969,0.008679,0.047908,0.049657,0.027201,0.022051,0.000077,0.047733,0.000175,1.092449,0.000285,1.092733,1.092733,1.092733,0.546367,0.546367,0,0,1,0,0.000000,0.080000,0.008000,0.001000,5.500000,0.100000,22.000000,0.025000,0.000000
9.571000,0.500000,0.640000,-3.039363,0.000000,-3.039363,-0.340359,0.000000,0.340359,0.022272,-0.001760,0.030969,0.030969,0.008697,0.048007,0.049767,0.027229,0.022065,0.000069,0.047831,0.000176,1.094884,0.000554,1.095438,1.095438,1.095438,0.547719,0.547719,0,0,1,0,0.000000,0.080000,0.008000,0.001000,5.500000,0.100000,22.000000,0.025000,0.000000
9.576000,0.500000,0.640000,-3.041098,0.000000,-3.041098,-0.340703,0.000000,0.340703,0.022272,-0.001760,0.030969,0.030969,0.008697,0.048007,0.049767,0.027256,0.022078,0.000069,0.047831,0.000176,1.094884,0.000000,1.094884,1.094884,1.094884,0.547442,0.547442,0,0,1,0,0.000000,0.080000,0.008000,0.001000,5.500000,0.100000,22.000000,0.025000,0.000000
9.581000,0.500000,0.640000,-3.042836,0.000000,-3.042836,-0.341050,0.000000,0.341050,0.022254,-0.001767,0.030969,0.030969,0.008715,0.048107,0.049874,0.027284,0.022092,0.000069,0.047931,0.000177,1.097222,0.000531,1.097754,1.097754,1.097754,0.548877,0.548877,0,0,1,0,0.000000,0.080000,0.008000,0.001000,5.500000,0.100000,22.000000,0.025000,0.000000
9.586000,0.500000,0.640000,-3.044575,0.000000,-3.044575,-0.341396,0.000000,0.341396,0.022254,-0.001767,0.030969,0.030969,0.008715,0.048107,0.049874,0.027312,0.022106,0.000069,0.047931,0.000177,1.097222,0.000000,1.097222,1.097222,1.097222,0.548611,0.548611,0,0,1,0,0.000000,0.080000,0.008000,0.001000,5.500000,0.100000,22.000000,0.025000,0.000000
9.591000,0.500000,0.640000,-3.046316,0.000000,-3.046316,-0.341743,0.000000,0.341743,0.022236,-0.001769,0.030969,0.030969,0.008733,0.048206,0.049975,0.027339,0.022119,0.000069,0.048029,0.000177,1.099448,0.000506,1.099953,1.099953,1.099953,0.549977,0.549977,0,0,1,0,0.000000,0.080000,0.008000,0.001000,5.500000,0.100000,22.000000,0.025000,0.000000
9.596000,0.500000,0.640000,-3.048059,0.000000,-3.048059,-0.342091,0.000000,0.342091,0.022236,-0.001769,0.030969,0.030969,0.008733,0.048206,0.049975,0.027367,0.022133,0.000070,0.048029,0.000177,1.099448,0.000000,1.099448,1.099448,1.099448,0.549724,0.549724,0,0,1,0,0.000000,0.080000,0.008000,0.001000,5.500000,0.100000,22.000000,0.025000,0.000000
9.601000,0.500000,0.640000,-3.049803,0.000000,-3.049803,-0.342439,0.000000,0.342439,0.022218,-0.001768,0.030969,0.030969,0.008750,0.048304,0.050072,0.027395,0.022147,0.000070,0.048127,0.000177,1.101577,0.000484,1.102061,1.102061,1.102061,0.551030,0.551030,0,0,1,0,0.000000,0.080000,0.008000,0.001000,5.500000,0.100000,22.000000,0.025000,0.000000
9.610000,0.500000,0.640000,-3.053298,0.000000,-3.053298,-0.343138,0.000000,0.343138,0.022201,-0.001765,0.030969,0.030969,0.008768,0.048400,0.050166,0.027451,0.022171,0.000078,0.048224,0.000177,1.103643,0.000261,1.103904,1.103904,1.103904,0.551952,0.551952,0,0,1,0,0.000000,0.080000,0.008000,0.001000,5.500000,0.100000,22.000000,0.025000,0.000000
9.615000,0.500000,0.640000,-3.053298,0.000000,-3.053298,-0.343138,0.000000,0.343138,0.022201,-0.001765,0.030969,0.030969,0.008768,0.048400,0.050166,0.027451,0.022185,0.000000,0.048224,0.000177,1.103643,0.000000,1.103643,1.103643,1.103643,0.551821,0.551821,0,0,1,0,0.000000,0.080000,0.008000,0.001000,5.500000,0.100000,22.000000,0.025000,0.000000
9.620000,0.500000,0.640000,-3.055048,0.000000,-3.055048,-0.343488,0.000000,0.343488,0.022201,-0.001765,0.030969,0.030969,0.008768,0.048400,0.050166,0.027479,0.022199,0.000070,0.048224,0.000177,1.103643,0.000000,1.103643,1.103643,1.103643,0.551821,0.551821,0,0,1,0,0.000000,0.080000,0.008000,0.001000,5.500000,0.100000,22.000000,0.025000,0.000000
9.625000,0.500000,0.640000,-3.056800,0.000000,-3.056800,-0.343839,0.000000,0.343839,0.022183,-0.001761,0.030969,0.030969,0.008785,0.048496,0.050257,0.027507,0.022213,0.000070,0.048320,0.000176,1.105660,0.000458,1.106118,1.106118,1.106118,0.553059,0.553059,0,0,1,0,0.000000,0.080000,0.008000,0.001000,5.500000,0.100000,22.000000,0.025000,0.000000
9.630000,0.500000,0.640000,-3.058553,0.000000,-3.058553,-0.344190,0.000000,0.344190,0.022183,-0.001761,0.030969,0.030969,0.008785,0.048496,0.050257,0.027535,0.022226,0.000070,0.048320,0.000176,1.105660,0.000000,1.105660,1.105660,1.105660,0.552830,0.552830,0,0,1,0,0.000000,0.080000,0.008000,0.001000,5.500000,0.100000,22.000000,0.025000,0.000000
9.635000,0.500000,0.640000,-3.060308,0.000000,-3.060308,-0.344540,0.000000,0.344540,0.022166,-0.001766,0.030969,0.030969,0.008803,0.048593,0.050359,0.027563,0.022240,0.000070,0.048417,0.000177,1.107905,0.000510,1.108416,1.108416,1.108416,0.554208,0.554208,0,0,1,0,0.000000,0.080000,0.008000,0.001000,5.500000,0.100000,22.000000,0.025000,0.000000
9.640000,0.500000,0.640000,-3.062066,0.000000,-3.062066,-0.344890,0.000000,0.344890,0.022166,-0.001766,0.030969,0.030969,0.008803,0.048593,0.050359,0.027591,0.022254,0.000070,0.048417,0.000177,1.107905,0.000000,1.107905,1.107905,1.107905,0.553953,0.553953,0,0,1,0,0.000000,0.080000,0.008000,0.001000,5.500000,0.100000,22.000000,0.025000,0.000000
9.645000,0.500000,0.640000,-3.063824,0.000000,-3.063824,-0.345241,0.000000,0.345241,0.022148,-0.001769,0.030969,0.030969,0.008821,0.048692,0.050461,0.027619,0.022268,0.000070,0.048515,0.000177,1.110138,0.000508,1.110646,1.110646,1.110646,0.555323,0.555323,0,0,1,0,0.000000,0.080000,0.008000,0.001000,5.500000,0.100000,22.000000,0.025000,0.000000
9.654000,0.500000,0.640000,-3.067347,0.000000,-3.067347,-0.345944,0.000000,0.345944,0.022130,-0.001772,0.030969,0.030969,0.008839,0.048791,0.050563,0.027676,0.022293,0.000078,0.048613,0.000177,1.112376,0.000283,1.112659,1.112659,1.112659,0.556329,0.556329,0,0,1,0,0.000000,0.080000,0.008000,0.001000,5.500000,0.100000,22.000000,0.025000,0.000000
9.659000,0.500000,0.640000,-3.069112,0.000000,-3.069112,-0.346296,0.000000,0.346296,0.022130,-0.001772,0.030969,0.030969,0.008839,0.048791,0.050563,0.027704,0.022306,0.000070,0.048613,0.000177,1.112376,0.000000,1.112376,1.112376,1.112376,0.556188,0.556188,0,0,1,0,0.000000,0.080000,0.008000,0.001000,5.500000,0.100000,22.000000,0.025000,0.000000
9.664000,0.500000,0.640000,-3.070878,0.000000,-3.070878,-0.346649,0.000000,0.346649,0.022112,-0.001774,0.030969,0.030969,0.008857,0.048889,0.050664,0.027732,0.022320,0.000071,0.048712,0.000177,1.114598,0.000505,1.115103,1.115103,1.115103,0.557551,0.557551,0,0,1,0,0.000000,0.080000,0.008000,0.001000,5.500000,0.100000,22.000000,0.025000,0.000000
9.669000,0.500000,0.640000,-3.072645,0.000000,-3.072645,-0.347001,0.000000,0.347001,0.022112,-0.001774,0.030969,0.030969,0.008857,0.048889,0.050664,0.027760,0.022334,0.000071,0.048712,0.000177,1.114598,0.000000,1.114598,1.114598,1.114598,0.557299,0.557299,0,0,1,0,0.000000,0.080000,0.008000,0.001000,5.500000,0.100000,22.000000,0.025000,0.000000
9.674000,0.500000,0.640000,-3.074415,0.000000,-3.074415,-0.347354,0.000000,0.347354,0.022094,-0.001777,0.030969,0.030969,0.008875,0.048988,0.050766,0.027788,0.022348,0.000071,0.048810,0.000178,1.116841,0.000510,1.117351,1.117351,1.117351,0.558675,0.558675,0,0,1,0,0.000000,0.080000,0.008000,0.001000,5.500000,0.100000,22.000000,0.025000,0.000000
9.679000,0.500000,0.640000,-3.076186,0.000000,-3.076186,-0.347708,0.000000,0.347708,0.022094,-0.001777,0.030969,0.030969,0.008875,0.048988,0.050766,0.027817,0.022362,0.000071,0.048810,0.000178,1.116841,0.000000,1.116841,1.116841,1.116841,0.558421,0.558421,0,0,1,0,0.000000,0.080000,0.008000,0.001000,5.500000,0.100000,22.000000,0.025000,0.000000
9.684000,0.500000,0.640000,-3.077960,0.000000,-3.077960,-0.348062,0.000000,0.348062,0.022076,-0.001781,0.030969,0.030969,0.008893,0.049087,0.050869,0.027845,0.022376,0.000071,0.048909,0.000178,1.119108,0.000515,1.119623,1.119623,1.119623,0.559812,0.559812,0,0,1,0,0.000000,0.080000,0.008000,0.001000,5.500000,0.100000,22.000000,0.025000,0.000000
9.689000,0.500000,0.640000,-3.079735,0.000000,-3.079735,-0.348415,0.000000,0.348415,0.022076,-0.001781,0.030969,0.030969,0.008893,0.049087,0.050869,0.027873,0.022390,0.000071,0.048909,0.000178,1.119108,0.000000,1.119108,1.119108,1.119108,0.559554,0.559554,0,0,1,0,0.000000,0.080000,0.008000,0.001000,5.500000,0.100000,22.000000,0.025000,0.000000
9.694000,0.500000,0.640000,-3.081511,0.000000,-3.081511,-0.348770,0.000000,0.348770,0.022058,-0.001785,0.030969,0.030969,0.008911,0.049187,0.050973,0.027902,0.022404,0.000071,0.049009,0.000179,1.121398,0.000520,1.121918,1.121918,1.121918,0.560959,0.560959,0,0,1,0,0.000000,0.080000,0.008000,0.001000,5.500000,0.100000,22.000000,0.025000,0.000000
9.699000,0.500000,0.640000,-3.083290,0.000000,-3.083290,-0.349124,0.000000,0.349124,0.022058,-0.001785,0.030969,0.030969,0.008911,0.049187,0.050973,0.027930,0.022418,0.000071,0.049009,0.000179,1.121398,0.000000,1.121398,1.121398,1.121398,0.560699,0.560699,0,0,1,0,0.000000,0.080000,0.008000,0.001000,5.500000,0.100000,22.000000,0.025000,0.000000
9.704000,0.500000,0.640000,-3.085070,0.000000,-3.085070,-0.349479,0.000000,0.349479,0.022040,-0.001790,0.030969,0.030969,0.008929,0.049287,0.051078,0.027958,0.022432,0.000071,0.049108,0.000179,1.123706,0.000525,1.124230,1.124230,1.124230,0.562115,0.562115,0,0,1,0,0.000000,0.080000,0.008000,0.001000,5.500000,0.100000,22.000000,0.025000,0.000000
9.709000,0.500000,0.640000,-3.086853,0.000000,-3.086853,-0.349834,0.000000,0.349834,0.022040,-0.001790,0.030969,0.030969,0.008929,0.049287,0.051078,0.027987,0.022446,0.000071,0.049108,0.000179,1.123706,0.000000,1.123706,1.123706,1.123706,0.561853,0.561853,0,0,1,0,0.000000,0.080000,0.008000,0.001000,5.500000,0.100000,22.000000,0.025000,0.000000
9.718000,0.500000,0.640000,-3.090422,0.000000,-3.090422,-0.350546,0.000000,0.350546,0.022022,-0.001795,0.030969,0.030969,0.008947,0.049388,0.051183,0.028044,0.022471,0.000079,0.049208,0.000180,1.126026,0.000293,1.126319,1.126319,1.126319,0.563160,0.563160,0,0,1,0,0.000000,0.080000,0.008000,0.001000,5.500000,0.100000,22.000000,0.025000,0.000000
9.723000,0.500000,0.640000,-3.092210,0.000000,-3.092210,-0.350901,0.000000,0.350901,0.022003,-0.001809,0.030969,0.030969,0.008965,0.049490,0.051299,0.028072,0.022485,0.000071,0.049309,0.000181,1.128584,0.000581,1.129165,1.129165,1.129165,0.564582,0.564582,0,0,1,0,0.000000,0.080000,0.008000,0.001000,5.500000,0.100000,22.000000,0.025000,0.000000
9.728000,0.500000,0.640000,-3.093999,0.000000,-3.093999,-0.351256,0.000000,0.351256,0.022003,-0.001809,0.030969,0.030969,0.008965,0.049490,0.051299,0.028101,0.022499,0.000071,0.049309,0.000181,1.128584,0.000000,1.128584,1.128584,1.128584,0.564292,0.564292,0,0,1,0,0.000000,0.080000,0.008000,0.001000,5.500000,0.100000,22.000000,0.025000,0.000000
9.733000,0.500000,0.640000,-3.095790,0.000000,-3.095790,-0.351613,0.000000,0.351613,0.021985,-0.001818,0.030969,0.030969,0.008984,0.049594,0.051413,0.028129,0.022513,0.000071,0.049412,0.000182,1.131076,0.000566,1.131643,1.131643,1.131643,0.565821,0.565821,0,0,1,0,0.000000,0.080000,0.008000,0.001000,5.500000,0.100000,22.000000,0.025000,0.000000
9.738000,0.500000,0.640000,-3.097583,0.000000,-3.097583,-0.351969,0.000000,0.351969,0.021985,-0.001818,0.030969,0.030969,0.008984,0.049594,0.051413,0.028158,0.022527,0.000071,0.049412,0.000182,1.131076,0.000000,1.131076,1.131076,1.131076,0.565538,0.565538,0,0,1,0,0.000000,0.080000,0.008000,0.001000,5.500000,0.100000,22.000000,0.025000,0.000000
9.743000,0.500000,0.640000,-3.099378,0.000000,-3.099378,-0.352327,0.000000,0.352327,0.021966,-0.001824,0.030969,0.030969,0.009003,0.049697,0.051521,0.028186,0.022541,0.000072,0.049515,0.000182,1.133469,0.000544,1.134013,1.134013,1.134013,0.567007,0.567007,0,0,1,0,0.000000,0.080000,0.008000,0.001000,5.500000,0.100000,22.000000,0.025000,0.000000
9.748000,0.500000,0.640000,-3.101175,0.000000,-3.101175,-0.352685,0.000000,0.352685,0.021966,-0.001824,0.030969,0.030969,0.009003,0.049697,0.051521,0.028215,0.022555,0.000072,0.049515,0.000182,1.133469,0.000000,1.133469,1.133469,1.133469,0.566735,0.566735,0,0,1,0,0.000000,0.080000,0.008000,0.001000,5.500000,0.100000,22.000000,0.025000,0.000000
9.753000,0.500000,0.640000,-3.102974,0.000000,-3.102974,-0.353044,0.000000,0.353044,0.021948,-0.001827,0.030969,0.030969,0.009021,0.049799,0.051625,0.028243,0.022570,0.000072,0.049616,0.000183,1.135760,0.000521,1.136281,1.136281,1.136281,0.568140,0.568140,0,0,1,0,0.000000,0.080000,0.008000,0.001000,5.500000,0.100000,22.000000,0.025000,0.000000
9.758000,0.500000,0.640000,-3.104774,0.000000,-3.104774,-0.353403,0.000000,0.353403,0.021948,-0.001827,0.030969,0.030969,0.009021,0.049799,0.051625,0.028272,0.022584,0.000072,0.049616,0.000183,1.135760,0.000000,1.135760,1.135760,1.135760,0.567880,0.567880,0,0,1,0,0.000000,0.080000,0.008000,0.001000,5.500000,0.100000,22.000000,0.025000,0.000000
9.763000,0.500000,0.640000,-3.106576,0.000000,-3.106576,-0.353763,0.000000,0.353763,0.021929,-0.001826,0.030969,0.030969,0.009039,0.049900,0.051726,0.028301,0.022598,0.000072,0.049717,0.000183,1.137965,0.000501,1.138466,1.138466,1.138466,0.569233,0.569233,0,0,1,0,0.000000,0.080000,0.008000,0.001000,5.500000,0.100000,22.000000,0.025000,0.000000
9.772000,0.500000,0.640000,-3.110186,0.000000,-3.110186,-0.354485,0.000000,0.354485,0.021911,-0.001824,0.030969,0.030969,0.009058,0.050000,0.051823,0.028359,0.022623,0.000080,0.049817,0.000182,1.140114,0.000271,1.140386,1.140386,1.140386,0.570193,0.570193,0,0,1,0,0.000000,0.080000,0.008000,0.001000,5.500000,0.100000,22.000000,0.025000,0.000000
9.777000,0.500000,0.640000,-3.111994,0.000000,-3.111994,-0.354846,0.000000,0.354846,0.021911,-0.001824,0.030969,0.030969,0.009058,0.050000,0.051823,0.028388,0.022638,0.000072,0.049817,0.000182,1.140114,0.000000,1.140114,1.140114,1.140114,0.570057,0.570057,0,0,1,0,0.000000,0.080000,0.008000,0.001000,5.500000,0.100000,22.000000,0.025000,0.000000
9.782000,0.500000,0.640000,-3.113804,0.000000,-3.113804,-0.355209,0.000000,0.355209,0.021893,-0.001820,0.030969,0.030969,0.009076,0.050099,0.051919,0.028417,0.022652,0.000072,0.049917,0.000182,1.142220,0.000479,1.142698,1.142698,1.142698,0.571349,0.571349,0,0,1,0,0.000000,0.080000,0.008000,0.001000,5.500000,0.100000,22.000000,0.025000,0.000000
9.787000,0.500000,0.640000,-3.115616,0.000000,-3.115616,-0.355571,0.000000,0.355571,0.021893,-0.001820,0.030969,0.030969,0.009076,0.050099,0.051919,0.028446,0.022666,0.000072,0.049917,0.000182,1.142220,0.000000,1.142220,1.142220,1.142220,0.571110,0.571110,0,0,1,0,0.000000,0.080000,0.008000,0.001000,5.500000,0.100000,22.000000,0.025000,0.000000
9.792000,0.500000,0.640000,-3.117429,0.000000,-3.117429,-0.355934,0.000000,0.355934,0.021875,-0.001818,0.030969,0.030969,0.009094,0.050198,0.052016,0.028475,0.022680,0.000073,0.050017,0.000182,1.144355,0.000485,1.144841,1.144841,1.144841,0.572420,0.572420,0,0,1,0,0.000000,0.080000,0.008000,0.001000,5.500000,0.100000,22.000000,0.025000,0.000000
9.797000,0.500000,0.640000,-3.119244,0.000000,-3.119244,-0.356297,0.000000,0.356297,0.021875,-0.001818,0.030969,0.030969,0.009094,0.050198,0.052016,0.028504,0.022695,0.000073,0.050017,0.000182,1.144355,0.000000,1.144355,1.144355,1.144355,0.572178,0.572178,0,0,1,0,0.000000,0.080000,0.008000,0.001000,5.500000,0.100000,22.000000,0.025000,0.000000
9.802000,0.500000,0.640000,-3.121061,0.000000,-3.121061,-0.356660,0.000000,0.356660,0.021857,-0.001818,0.030969,0.030969,0.009112,0.050298,0.052116,0.028533,0.022709,0.000073,0.050117,0.000182,1.146551,0.000499,1.147051,1.147051,1.147051,0.573525,0.573525,0,0,1,0,0.000000,0.080000,0.008000,0.001000,5.500000,0.100000,22.000000,0.025000,0.000000
9.807000,0.500000,0.640000,-3.122880,0.000000,-3.122880,-0.357023,0.000000,0.357023,0.021857,-0.001818,0.030969,0.030969,0.009112,0.050298,0.052116,0.028562,0.022723,0.000073,0.050117,0.000182,1.146551,0.000000,1.146551,1.146551,1.146551,0.573276,0.573276,0,0,1,0,0.000000,0.080000,0.008000,0.001000,5.500000,0.100000,22.000000,0.025000,0.000000
9.812000,0.500000,0.640000,-3.124701,0.000000,-3.124701,-0.357387,0.000000,0.357387,0.021838,-0.001820,0.030969,0.030969,0.009130,0.050399,0.052219,0.028591,0.022737,0.000073,0.050217,0.000182,1.148826,0.000517,1.149343,1.149343,1.149343,0.574672,0.574672,0,0,1,0,0.000000,0.080000,0.008000,0.001000,5.500000,0.100000,22.000000,0.025000,0.000000
9.817000,0.500000,0.640000,-3.126523,0.000000,-3.126523,-0.357751,0.000000,0.357751,0.021838,-0.001820,0.030969,0.030969,0.009130,0.050399,0.052219,0.028620,0.022752,0.000073,0.050217,0.000182,1.148826,0.000000,1.148826,1.148826,1.148826,0.574413,0.574413,0,0,1,0,0.000000,0.080000,0.008000,0.001000,5.500000,0.100000,22.000000,0.025000,0.000000
9.822000,0.500000,0.640000,-3.128348,0.000000,-3.128348,-0.358115,0.000000,0.358115,0.021820,-0.001825,0.030969,0.030969,0.009149,0.050501,0.052326,0.028649,0.022766,0.000073,0.050319,0.000183,1.151182,0.000535,1.151717,1.151717,1.151717,0.575859,0.575859,0,0,1,0,0.000000,0.080000,0.008000,0.001000,5.500000,0.100000,22.000000,0.025000,0.000000
9.827000,0.500000,0.640000,-3.130174,0.000000,-3.130174,-0.358479,0.000000,0.358479,0.021820,-0.001825,0.030969,0.030969,0.009149,0.050501,0.052326,0.028678,0.022780,0.000073,0.050319,0.000183,1.151182,0.000000,1.151182,1.151182,1.151182,0.575591,0.575591,0,0,1,0,0.000000,0.080000,0.008000,0.001000,5.500000,0.100000,22.000000,0.025000,0.000000
9.836000,0.500000,0.640000,-3.133832,0.000000,-3.133832,-0.359207,0.000000,0.359207,0.021801,-0.001832,0.030969,0.030969,0.009167,0.050604,0.052437,0.028737,0.022806,0.000081,0.050421,0.000183,1.153606,0.000306,1.153912,1.153912,1.153912,0.576956,0.576956,0,0,1,0,0.000000,0.080000,0.008000,0.001000,5.500000,0.100000,22.000000,0.025000,0.000000
9.841000,0.500000,0.640000,-3.135664,0.000000,-3.135664,-0.359571,0.000000,0.359571,0.021782,-0.001850,0.030969,0.030969,0.009186,0.050710,0.052560,0.028766,0.022821,0.000073,0.050525,0.000185,1.156319,0.000616,1.156935,1.156935,1.156935,0.578468,0.578468,0,0,1,0,0.000000,0.080000,0.008000,0.001000,5.500000,0.100000,22.000000,0.025000,0.000000
9.846000,0.500000,0.640000,-3.137497,0.000000,-3.137497,-0.359934,0.000000,0.359934,0.021782,-0.001850,0.030969,0.030969,0.009186,0.050710,0.052560,0.028795,0.022835,0.000073,0.050525,0.000185,1.156319,0.000000,1.156319,1.156319,1.156319,0.578159,0.578159,0,0,1,0,0.000000,0.080000,0.008000,0.001000,5.500000,0.100000,22.000000,0.025000,0.000000
9.851000,0.500000,0.640000,-3.139333,0.000000,-3.139333,-0.360299,0.000000,0.360299,0.021763,-0.001864,0.030969,0.030969,0.009206,0.050817,0.052681,0.028824,0.022849,0.000073,0.050631,0.000186,1.158983,0.000606,1.159588,1.159588,1.159588,0.579794,0.579794,0,0,1,0,0.000000,0.080000,0.008000,0.001000,5.500000,0.100000,22.000000,0.025000,0.000000
9.856000,0.500000,0.640000,-3.141170,0.000000,-3.141170,-0.360664,0.000000,0.360664,0.021763,-0.001864,0.030969,0.030969,0.009206,0.050817,0.052681,0.028853,0.022864,0.000073,0.050631,0.000186,1.158983,0.000000,1.158983,1.158983,1.158983,0.579491,0.579491,0,0,1,0,0.000000,0.080000,0.008000,0.001000,5.500000,0.100000,22.000000,0.025000,0.000000
9.861000,0.500000,0.640000,-3.143009,0.000000,-3.143009,-0.361029,0.000000,0.361029,0.021744,-0.001873,0.030969,0.030969,0.009225,0.050924,0.052797,0.028882,0.022878,0.000073,0.050737,0.000187,1.161541,0.000581,1.162122,1.162122,1.162122,0.581061,0.581061,0,0,1,0,0.000000,0.080000,0.008000,0.001000,5.500000,0.100000,22.000000,0.025000,0.000000
9.870000,0.500000,0.640000,-3.144850,0.000000,-3.144850,-0.361396,0.000000,0.361396,0.021744,-0.001873,0.030969,0.030969,0.009225,0.050924,0.052797,0.028912,0.022904,0.000041,0.050737,0.000187,1.161541,0.000000,1.161541,1.161541,1.161541,0.580770,0.580770,0,0,1,0,0.000000,0.080000,0.008000,0.001000,5.500000,0.100000,22.000000,0.025000,0.000000
9.879000,0.500000,0.640000,-3.148538,0.000000,-3.148538,-0.362131,0.000000,0.362131,0.021725,-0.001878,0.030969,0.030969,0.009244,0.051030,0.052908,0.028970,0.022930,0.000082,0.050842,0.000188,1.163971,0.000307,1.164277,1.164277,1.164277,0.582139,0.582139,0,0,1,0,0.000000,0.080000,0.008000,0.001000,5.500000,0.100000,22.000000,0.025000,0.000000
9.884000,0.500000,0.640000,-3.150385,0.000000,-3.150385,-0.362498,0.000000,0.362498,0.021706,-0.001888,0.030969,0.030969,0.009263,0.051136,0.053024,0.029000,0.022945,0.000073,0.050947,0.000189,1.166519,0.000579,1.167099,1.167099,1.167099,0.583549,0.583549,0,0,1,0,0.000000,0.080000,0.008000,0.001000,5.500000,0.100000,22.000000,0.025000,0.000000
9.893000,0.500000,0.640000,-3.154084,0.000000,-3.154084,-0.363235,0.000000,0.363235,0.021686,-0.001890,0.030969,0.030969,0.009282,0.051242,0.053132,0.029059,0.022971,0.000082,0.051053,0.000189,1.168905,0.000301,1.169206,1.169206,1.169206,0.584603,0.584603,0,0,1,0,0.000000,0.080000,0.008000,0.001000,5.500000,0.100000,22.000000,0.025000,0.000000
9.898000,0.500000,0.640000,-3.155936,0.000000,-3.155936,-0.363605,0.000000,0.363605,0.021686,-0.001890,0.030969,0.030969,0.009282,0.051242,0.053132,0.029088,0.022986,0.000074,0.051053,0.000189,1.168905,0.000000,1.168905,1.168905,1.168905,0.584452,0.584452,0,0,1,0,0.000000,0.080000,0.008000,0.001000,5.500000,0.100000,22.000000,0.025000,0.000000
9.903000,0.500000,0.640000,-3.157790,0.000000,-3.157790,-0.363976,0.000000,0.363976,0.021668,-0.001887,0.030969,0.030969,0.009301,0.051345,0.053232,0.029118,0.023000,0.000074,0.051156,0.000189,1.171106,0.000500,1.171606,1.171606,1.171606,0.585803,0.585803,0,0,1,0,0.000000,0.080000,0.008000,0.001000,5.500000,0.100000,22.000000,0.025000,0.000000
9.908000,0.500000,0.640000,-3.159647,0.000000,-3.159647,-0.364347,0.000000,0.364347,0.021668,-0.001887,0.030969,0.030969,0.009301,0.051345,0.053232,0.029148,0.023015,0.000074,0.051156,0.000189,1.171106,0.000000,1.171106,1.171106,1.171106,0.585553,0.585553,0,0,1,0,0.000000,0.080000,0.008000,0.001000,5.500000,0.100000,22.000000,0.025000,0.000000
9.913000,0.500000,0.640000,-3.161505,0.000000,-3.161505,-0.364719,0.000000,0.364719,0.021649,-0.001881,0.030969,0.030969,0.009320,0.051447,0.053328,0.029178,0.023029,0.000074,0.051259,0.000188,1.173213,0.000479,1.173692,1.173692,1.173692,0.586846,0.586846,0,0,1,0,0.000000,0.080000,0.008000,0.001000,5.500000,0.100000,22.000000,0.025000,0.000000
9.918000,0.500000,0.640000,-3.163365,0.000000,-3.163365,-0.365092,0.000000,0.365092,0.021649,-0.001881,0.030969,0.030969,0.009320,0.051447,0.053328,0.029207,0.023044,0.000074,0.051259,0.000188,1.173213,0.000000,1.173213,1.173213,1.173213,0.586606,0.586606,0,0,1,0,0.000000,0.080000,0.008000,0.001000,5.500000,0.100000,22.000000,0.025000,0.000000
9.923000,0.500000,0.640000,-3.165227,0.000000,-3.165227,-0.365465,0.000000,0.365465,0.021630,-0.001874,0.030969,0.030969,0.009338,0.051548,0.053422,0.029237,0.023058,0.000075,0.051361,0.000187,1.175288,0.000472,1.175759,1.175759,1.175759,0.587880,0.587880,0,0,1,0,0.000000,0.080000,0.008000,0.001000,5.500000,0.100000,22.000000,0.025000,0.000000
9.932000,0.500000,0.640000,-3.168957,0.000000,-3.168957,-0.366213,0.000000,0.366213,0.021612,-0.001868,0.030969,0.030969,0.009357,0.051650,0.053518,0.029297,0.023085,0.000083,0.051463,0.000187,1.177393,0.000266,1.177659,1.177659,1.177659,0.588829,0.588829,0,0,1,0,0.000000,0.080000,0.008000,0.001000,5.500000,0.100000,22.000000,0.025000,0.000000
9.937000,0.500000,0.640000,-3.170824,0.000000,-3.170824,-0.366587,0.000000,0.366587,0.021612,-0.001868,0.030969,0.030969,0.009357,0.051650,0.053518,0.029327,0.023100,0.000075,0.051463,0.000187,1.177393,0.000000,1.177393,1.177393,1.177393,0.588697,0.588697,0,0,1,0,0.000000,0.080000,0.008000,0.001000,5.500000,0.100000,22.000000,0.025000,0.000000
9.942000,0.500000,0.640000,-3.172694,0.000000,-3.172694,-0.366961,0.000000,0.366961,0.021593,-0.001865,0.030969,0.030969,0.009375,0.051751,0.053616,0.029357,0.023114,0.000075,0.051564,0.000187,1.179554,0.000491,1.180045,1.180045,1.180045,0.590023,0.590023,0,0,1,0,0.000000,0.080000,0.008000,0.001000,5.500000,0.100000,22.000000,0.025000,0.000000
9.947000,0.500000,0.640000,-3.174565,0.000000,-3.174565,-0.367336,0.000000,0.367336,0.021593,-0.001865,0.030969,0.030969,0.009375,0.051751,0.053616,0.029387,0.023129,0.000075,0.051564,0.000187,1.179554,0.000000,1.179554,1.179554,1.179554,0.589777,0.589777,0,0,1,0,0.000000,0.080000,0.008000,0.001000,5.500000,0.100000,22.000000,0.025000,0.000000
9.952000,0.500000,0.640000,-3.176439,0.000000,-3.176439,-0.367710,0.000000,0.367710,0.021575,-0.001866,0.030969,0.030969,0.009394,0.051854,0.053720,0.029417,0.023144,0.000075,0.051667,0.000187,1.181834,0.000518,1.182352,1.182352,1.182352,0.591176,0.591176,0,0,1,0,0.000000,0.080000,0.008000,0.001000,5.500000,0.100000,22.000000,0.025000,0.000000
9.957000,0.500000,0.640000,-3.178314,0.000000,-3.178314,-0.368085,0.000000,0.368085,0.021575,-0.001866,0.030969,0.030969,0.009394,0.051854,0.053720,0.029447,0.023158,0.000075,0.051667,0.000187,1.181834,0.000000,1.181834,1.181834,1.181834,0.590917,0.590917,0,0,1,0,0.000000,0.080000,0.008000,0.001000,5.500000,0.100000,22.000000,0.025000,0.000000
9.962000,0.500000,0.640000,-3.180191,0.000000,-3.180191,-0.368460,0.000000,0.368460,0.021556,-0.001871,0.030969,0.030969,0.009413,0.051958,0.053829,0.029477,0.023173,0.000075,0.051771,0.000187,1.184240,0.000547,1.184787,1.184787,1.184787,0.592394,0.592394,0,0,1,0,0.000000,0.080000,0.008000,0.001000,5.500000,0.100000,22.000000,0.025000,0.000000
9.967000,0.500000,0.640000,-3.182070,0.000000,-3.182070,-0.368834,0.000000,0.368834,0.021556,-0.001871,0.030969,0.030969,0.009413,0.051958,0.053829,0.029507,0.023188,0.000075,0.051771,0.000187,1.184240,0.000000,1.184240,1.184240,1.184240,0.592120,0.592120,0,0,1,0,0.000000,0.080000,0.008000,0.001000,5.500000,0.100000,22.000000,0.025000,0.000000
9.972000,0.500000,0.640000,-3.183951,0.000000,-3.183951,-0.369209,0.000000,0.369209,0.021537,-0.001880,0.030969,0.030969,0.009432,0.052064,0.053944,0.029537,0.023203,0.000075,0.051876,0.000188,1.186758,0.000572,1.187331,1.187331,1.187331,0.593665,0.593665,0,0,1,0,0.000000,0.080000,0.008000,0.001000,5.500000,0.100000,22.000000,0.025000,0.000000
9.981000,0.500000,0.640000,-3.187719,0.000000,-3.187719,-0.369959,0.000000,0.369959,0.021517,-0.001890,0.030969,0.030969,0.009451,0.052171,0.054062,0.029597,0.023229,0.000083,0.051982,0.000189,1.189356,0.000328,1.189684,1.189684,1.189684,0.594842,0.594842,0,0,1,0,0.000000,0.080000,0.008000,0.001000,5.500000,0.100000,22.000000,0.025000,0.000000
9.986000,0.500000,0.640000,-3.189605,0.000000,-3.189605,-0.370334,0.000000,0.370334,0.021517,-0.001890,0.030969,0.030969,0.009451,0.052171,0.054062,0.029627,0.023244,0.000075,0.051982,0.000189,1.189356,0.000000,1.189356,1.189356,1.189356,0.594678,0.594678,0,0,1,0,0.000000,0.080000,0.008000,0.001000,5.500000,0.100000,22.000000,0.025000,0.000000
9.991000,0.500000,0.640000,-3.191494,0.000000,-3.191494,-0.370710,0.000000,0.370710,0.021498,-0.001901,0.030969,0.030969,0.009471,0.052279,0.054180,0.029657,0.023259,0.000075,0.052089,0.000190,1.191961,0.000592,1.192553,1.192553,1.192553,0.596277,0.596277,0,0,1,0,0.000000,0.080000,0.008000,0.001000,5.500000,0.100000,22.000000,0.025000,0.000000
9.996000,0.500000,0.640000,-3.193384,0.000000,-3.193384,-0.371086,0.000000,0.371086,0.021498,-0.001901,0.030969,0.030969,0.009471,0.052279,0.054180,0.029687,0.023274,0.000075,0.052089,0.000190,1.191961,0.000000,1.191961,1.191961,1.191961,0.595981,0.595981,0,0,1,0,0.000000,0.080000,0.008000,0.001000,5.500000,0.100000,22.000000,0.025000,0.000000
10.001000,0.500000,0.640000,-3.195276,0.000000,-3.195276,-0.371463,0.000000,0.371463,0.021478,-0.001911,0.030969,0.030969,0.009490,0.052388,0.054299,0.029717,0.023289,0.000075,0.052197,0.000191,1.194571,0.000593,1.195164,1.195164,1.195164,0.597582,0.597582,0,0,1,0,0.000000,0.080000,0.008000,0.001000,5.500000,0.100000,22.000000,0.025000,0.000000
10.006000,0.500000,0.640000,-3.197171,0.000000,-3.197171,-0.371840,0.000000,0.371840,0.021478,-0.001911,0.030969,0.030969,0.009490,0.052388,0.054299,0.029747,0.023303,0.000075,0.052197,0.000191,1.194571,0.000000,1.194571,1.194571,1.194571,0.597285,0.597285,0,0,1,0,0.000000,0.080000,0.008000,0.001000,5.500000,0.100000,22.000000,0.025000,0.000000
10.011000,0.500000,0.640000,-3.199067,0.000000,-3.199067,-0.372217,0.000000,0.372217,0.021459,-0.001919,0.030969,0.030969,0.009510,0.052497,0.054416,0.029777,0.023318,0.000076,0.052305,0.000192,1.197150,0.000586,1.197736,1.197736,1.197736,0.598868,0.598868,0,0,1,0,0.000000,0.080000,0.008000,0.001000,5.500000,0.100000,22.000000,0.025000,0.000000
10.016000,0.500000,0.640000,-3.200965,0.000000,-3.200965,-0.372595,0.000000,0.372595,0.021459,-0.001919,0.030969,0.030969,0.009510,0.052497,0.054416,0.029808,0.023333,0.000076,0.052305,0.000192,1.197150,0.000000,1.197150,1.197150,1.197150,0.598575,0.598575,0,0,1,0,0.000000,0.080000,0.008000,0.001000,5.500000,0.100000,22.000000,0.025000,0.000000
10.021000,0.500000,0.640000,-3.202865,0.000000,-3.202865,-0.372974,0.000000,0.372974,0.021439,-0.001926,0.030969,0.030969,0.009530,0.052605,0.054531,0.029838,0.023348,0.000076,0.052413,0.000193,1.199677,0.000574,1.200251,1.200251,1.200251,0.600125,0.600125,0,0,1,0,0.000000,0.080000,0.008000,0.001000,5.500000,0.100000,22.000000,0.025000,0.000000
10.030000,0.500000,0.640000,-3.206671,0.000000,-3.206671,-0.373732,0.000000,0.373732,0.021420,-0.001930,0.030969,0.030969,0.009549,0.052713,0.054643,0.029899,0.023375,0.000084,0.052520,0.000193,1.202142,0.000311,1.202453,1.202453,1.202453,0.601226,0.601226,0,0,1,0,0.000000,0.080000,0.008000,0.001000,5.500000,0.100000,22.000000,0.025000,0.000000
10.035000,0.500000,0.640000,-3.206671,0.000000,-3.206671,-0.373732,0.000000,0.373732,0.021420,-0.001930,0.030969,0.030969,0.009549,0.052713,0.054643,0.029899,0.023390,0.000000,0.052520,0.000193,1.202142,0.000000,1.202142,1.202142,1.202142,0.601071,0.601071,0,0,1,0,0.000000,0.080000,0.008000,0.001000,5.500000,0.100000,22.000000,0.025000,0.000000
10.040000,0.500000,0.640000,-3.208577,0.000000,-3.208577,-0.374113,0.000000,0.374113,0.021400,-0.001931,0.030969,0.030969,0.009569,0.052820,0.054751,0.029929,0.023405,0.000076,0.052627,0.000193,1.204518,0.000540,1.205058,1.205058,1.205058,0.602529,0.602529,0,0,1,0,0.000000,0.080000,0.008000,0.001000,5.500000,0.100000,22.000000,0.025000,0.000000
10.045000,0.500000,0.640000,-3.210485,0.000000,-3.210485,-0.374494,0.000000,0.374494,0.021400,-0.001931,0.030969,0.030969,0.009569,0.052820,0.054751,0.029960,0.023420,0.000076,0.052627,0.000193,1.204518,0.000000,1.204518,1.204518,1.204518,0.602259,0.602259,0,0,1,0,0.000000,0.080000,0.008000,0.001000,5.500000,0.100000,22.000000,0.025000,0.000000
10.050000,0.500000,0.640000,-3.212395,0.000000,-3.212395,-0.374875,0.000000,0.374875,0.021381,-0.001931,0.030969,0.030969,0.009588,0.052927,0.054857,0.029990,0.023435,0.000076,0.052734,0.000193,1.206863,0.000533,1.207396,1.207396,1.207396,0.603698,0.603698,0,0,1,0,0.000000,0.080000,0.008000,0.001000,5.500000,0.100000,22.000000,0.025000,0.000000
10.055000,0.500000,0.640000,-3.214306,0.000000,-3.214306,-0.375257,0.000000,0.375257,0.021381,-0.001931,0.030969,0.030969,0.009588,0.052927,0.054857,0.030021,0.023450,0.000076,0.052734,0.000193,1.206863,0.000000,1.206863,1.206863,1.206863,0.603431,0.603431,0,0,1,0,0.000000,0.080000,0.008000,0.001000,5.500000,0.100000,22.000000,0.025000,0.000000
10.060000,0.500000,0.640000,-3.216220,0.000000,-3.216220,-0.375639,0.000000,0.375639,0.021381,-0.001931,0.030969,0.030969,0.009588,0.052927,0.054857,0.030051,0.023465,0.000076,0.052734,0.000193,1.206863,0.000000,1.206863,1.206863,1.206863,0.603431,0.603431,0,0,1,0,0.000000,0.080000,0.008000,0.001000,5.500000,0.100000,22.000000,0.025000,0.000000
10.065000,0.500000,0.640000,-3.218136,0.000000,-3.218136,-0.376023,0.000000,0.376023,0.021361,-0.001931,0.030969,0.030969,0.009607,0.053033,0.054964,0.030082,0.023480,0.000077,0.052840,0.000193,1.209199,0.000531,1.209730,1.209730,1.209730,0.604865,0.604865,0,0,1,0,0.000000,0.080000,0.008000,0.001000,5.500000,0.100000,22.000000,0.025000,0.000000
10.070000,0.500000,0.640000,-3.220053,0.000000,-3.220053,-0.376406,0.000000,0.376406,0.021361,-0.001931,0.030969,0.030969,0.009607,0.053033,0.054964,0.030112,0.023495,0.000077,0.052840,0.000193,1.209199,0.000000,1.209199,1.209199,1.209199,0.604600,0.604600,0,0,1,0,0.000000,0.080000,0.008000,0.001000,5.500000,0.100000,22.000000,0.025000,0.000000
10.075000,0.500000,0.640000,-3.221973,0.000000,-3.221973,-0.376789,0.000000,0.376789,0.021342,-0.001931,0.030969,0.030969,0.009627,0.053140,0.055071,0.030143,0.023510,0.000077,0.052947,0.000193,1.211552,0.000535,1.212086,1.212086,1.212086,0.606043,0.606043,0,0,1,0,0.000000,0.080000,0.008000,0.001000,5.500000,0.100000,22.000000,0.025000,0.000000
10.084000,0.500000,0.640000,-3.225818,0.000000,-3.225818,-0.377558,0.000000,0.377558,0.021323,-0.001932,0.030969,0.030969,0.009646,0.053247,0.055179,0.030205,0.023537,0.000085,0.053053,0.000193,1.213939,0.000301,1.214240,1.214240,1.214240,0.607120,0.607120,0,0,1,0,0.000000,0.080000,0.008000,0.001000,5.500000,0.100000,22.000000,0.025000,0.000000
10.089000,0.500000,0.640000,-3.227744,0.000000,-3.227744,-0.377942,0.000000,0.377942,0.021323,-0.001932,0.030969,0.030969,0.009646,0.053247,0.055179,0.030235,0.023552,0.000077,0.053053,0.000193,1.213939,0.000000,1.213939,1.213939,1.213939,0.606969,0.606969,0,0,1,0,0.000000,0.080000,0.008000,0.001000,5.500000,0.100000,22.000000,0.025000,0.000000
10.094000,0.500000,0.640000,-3.229671,0.000000,-3.229671,-0.378327,0.000000,0.378327,0.021303,-0.001935,0.030969,0.030969,0.009665,0.053354,0.055288,0.030266,0.023568,0.000077,0.053160,0.000193,1.216344,0.000547,1.216891,1.216891,1.216891,0.608446,0.608446,0,0,1,0,0.000000,0.080000,0.008000,0.001000,5.500000,0.100000,22.000000,0.025000,0.000000
10.099000,0.500000,0.640000,-3.231600,0.000000,-3.231600,-0.378712,0.000000,0.378712,0.021303,-0.001935,0.030969,0.030969,0.009665,0.053354,0.055288,0.030297,0.023583,0.000077,0.053160,0.000193,1.216344,0.000000,1.216344,1.216344,1.216344,0.608172,0.608172,0,0,1,0,0.000000,0.080000,0.008000,0.001000,5.500000,0.100000,22.000000,0.025000,0.000000
10.104000,0.500000,0.640000,-3.233532,0.000000,-3.233532,-0.379098,0.000000,0.379098,0.021284,-0.001939,0.030969,0.030969,0.009685,0.053462,0.055400,0.030328,0.023598,0.000077,0.053268,0.000194,1.218808,0.000560,1.219368,1.219368,1.219368,0.609684,0.609684,0,0,1,0,0.000000,0.080000,0.008000,0.001000,5.500000,0.100000,22.000000,0.025000,0.000000
10.109000,0.500000,0.640000,-3.235465,0.000000,-3.235465,-0.379483,0.000000,0.379483,0.021284,-0.001939,0.030969,0.030969,0.009685,0.053462,0.055400,0.030359,0.023613,0.000077,0.053268,0.000194,1.218808,0.000000,1.218808,1.218808,1.218808,0.609404,0.609404,0,0,1,0,0.000000,0.080000,0.008000,0.001000,5.500000,0.100000,22.000000,0.025000,0.000000
10.114000,0.500000,0.640000,-3.237400,0.000000,-3.237400,-0.379870,0.000000,0.379870,0.021264,-0.001944,0.030969,0.030969,0.009705,0.053571,0.055515,0.030390,0.023628,0.000077,0.053376,0.000194,1.221325,0.000572,1.221897,1.221897,1.221897,0.610948,0.610948,0,0,1,0,0.000000,0.080000,0.008000,0.001000,5.500000,0.100000,22.000000,0.025000,0.000000
10.119000,0.500000,0.640000,-3.239338,0.000000,-3.239338,-0.380256,0.000000,0.380256,0.021264,-0.001944,0.030969,0.030969,0.009705,0.053571,0.055515,0.030420,0.023643,0.000077,0.053376,0.000194,1.221325,0.000000,1.221325,1.221325,1.221325,0.610662,0.610662,0,0,1,0,0.000000,0.080000,0.008000,0.001000,5.500000,0.100000,22.000000,0.025000,0.000000
10.124000,0.500000,0.640000,-3.241277,0.000000,-3.241277,-0.380642,0.000000,0.380642,0.021244,-0.001951,0.030969,0.030969,0.009725,0.053680,0.055631,0.030451,0.023659,0.000077,0.053485,0.000195,1.223883,0.000581,1.224464,1.224464,1.224464,0.612232,0.612232,0,0,1,0,0.000000,0.080000,0.008000,0.001000,5.500000,0.100000,22.000000,0.025000,0.000000
10.129000,0.500000,0.640000,-3.243218,0.000000,-3.243218,-0.381029,0.000000,0.381029,0.021244,-0.001951,0.030969,0.030969,0.009725,0.053680,0.055631,0.030482,0.023674,0.000077,0.053485,0.000195,1.223883,0.000000,1.223883,1.223883,1.223883,0.611941,0.611941,0,0,1,0,0.000000,0.080000,0.008000,0.001000,5.500000,0.100000,22.000000,0.025000,0.000000
10.134000,0.500000,0.640000,-3.245161,0.000000,-3.245161,-0.381416,0.000000,0.381416,0.021224,-0.001958,0.030969,0.030969,0.009744,0.053790,0.055748,0.030513,0.023689,0.000077,0.053594,0.000196,1.226465,0.000587,1.227052,1.227052,1.227052,0.613526,0.613526,0,0,1,0,0.000000,0.080000,0.008000,0.001000,5.500000,0.100000,22.000000,0.025000,0.000000
10.139000,0.500000,0.640000,-3.247106,0.000000,-3.247106,-0.381804,0.000000,0.381804,0.021224,-0.001958,0.030969,0.030969,0.009744,0.053790,0.055748,0.030544,0.023704,0.000077,0.053594,0.000196,1.226465,0.000000,1.226465,1.226465,1.226465,0.613232,0.613232,0,0,1,0,0.000000,0.080000,0.008000,0.001000,5.500000,0.100000,22.000000,0.025000,0.000000
10.144000,0.500000,0.640000,-3.249053,0.000000,-3.249053,-0.382192,0.000000,0.382192,0.021204,-0.001965,0.030969,0.030969,0.009764,0.053901,0.055866,0.030575,0.023720,0.000078,0.053704,0.000197,1.229052,0.000588,1.229640,1.229640,1.229640,0.614820,0.614820,0,0,1,0,0.000000,0.080000,0.008000,0.001000,5.500000,0.100000,22.000000,0.025000,0.000000
10.153000,0.500000,0.640000,-3.252953,0.000000,-3.252953,-0.382969,0.000000,0.382969,0.021184,-0.001971,0.030969,0.030969,0.009784,0.054012,0.055983,0.030638,0.023747,0.000086,0.053815,0.000197,1.231629,0.000325,1.231954,1.231954,1.231954,0.615977,0.615977,0,0,1,0,0.000000,0.080000,0.008000,0.001000,5.500000,0.100000,22.000000,0.025000,0.000000
10.158000,0.500000,0.640000,-3.254906,0.000000,-3.254906,-0.383359,0.000000,0.383359,0.021184,-0.001971,0.030969,0.030969,0.009784,0.054012,0.055983,0.030669,0.023763,0.000078,0.053815,0.000197,1.231629,0.000000,1.231629,1.231629,1.231629,0.615814,0.615814,0,0,1,0,0.000000,0.080000,0.008000,0.001000,5.500000,0.100000,22.000000,0.025000,0.000000
10.163000,0.500000,0.640000,-3.256861,0.000000,-3.256861,-0.383749,0.000000,0.383749,0.021164,-0.001976,0.030969,0.030969,0.009804,0.054122,0.056098,0.030700,0.023778,0.000078,0.053925,0.000198,1.234152,0.000573,1.234725,1.234725,1.234725,0.617363,0.617363,0,0,1,0,0.000000,0.080000,0.008000,0.001000,5.500000,0.100000,22.000000,0.025000,0.000000
10.168000,0.500000,0.640000,-3.258818,0.000000,-3.258818,-0.384139,0.000000,0.384139,0.021164,-0.001976,0.030969,0.030969,0.009804,0.054122,0.056098,0.030731,0.023793,0.000078,0.053925,0.000198,1.234152,0.000000,1.234152,1.234152,1.234152,0.617076,0.617076,0,0,1,0,0.000000,0.080000,0.008000,0.001000,5.500000,0.100000,22.000000,0.025000,0.000000
10.173000,0.500000,0.640000,-3.260777,0.000000,-3.260777,-0.384530,0.000000,0.384530,0.021144,-0.001979,0.030969,0.030969,0.009824,0.054232,0.056212,0.030762,0.023809,0.000078,0.054035,0.000198,1.236658,0.000570,1.237228,1.237228,1.237228,0.618614,0.618614,0,0,1,0,0.000000,0.080000,0.008000,0.001000,5.500000,0.100000,22.000000,0.025000,0.000000
10.178000,0.500000,0.640000,-3.262738,0.000000,-3.262738,-0.384921,0.000000,0.384921,0.021144,-0.001979,0.030969,0.030969,0.009824,0.054232,0.056212,0.030794,0.023824,0.000078,0.054035,0.000198,1.236658,0.000000,1.236658,1.236658,1.236658,0.618329,0.618329,0,0,1,0,0.000000,0.080000,0.008000,0.001000,5.500000,0.100000,22.000000,0.025000,0.000000
10.183000,0.500000,0.640000,-3.264701,0.000000,-3.264701,-0.385313,0.000000,0.385313,0.021124,-0.001982,0.030969,0.030969,0.009844,0.054343,0.056325,0.030825,0.023840,0.000078,0.054145,0.000198,1.239151,0.000567,1.239718,1.239718,1.239718,0.619859,0.619859,0,0,1,0,0.000000,0.080000,0.008000,0.001000,5.500000,0.100000,22.000000,0.025000,0.000000
10.188000,0.500000,0.640000,-3.266666,0.000000,-3.266666,-0.385705,0.000000,0.385705,0.021124,-0.001982,0.030969,0.030969,0.009844,0.054343,0.056325,0.030856,0.023855,0.000078,0.054145,0.000198,1.239151,0.000000,1.239151,1.239151,1.239151,0.619576,0.619576,0,0,1,0,0.000000,0.080000,0.008000,0.001000,5.500000,0.100000,22.000000,0.025000,0.000000
10.193000,0.500000,0.640000,-3.268633,0.000000,-3.268633,-0.386098,0.000000,0.386098,0.021104,-0.001985,0.030969,0.030969,0.009864,0.054453,0.056438,0.030888,0.023870,0.000079,0.054255,0.000198,1.241638,0.000565,1.242203,1.242203,1.242203,0.621102,0.621102,0,0,1,0,0.000000,0.080000,0.008000,0.001000,5.500000,0.100000,22.000000,0.025000,0.000000
10.198000,0.500000,0.640000,-3.270602,0.000000,-3.270602,-0.386491,0.000000,0.386491,0.021104,-0.001985,0.030969,0.030969,0.009864,0.054453,0.056438,0.030919,0.023886,0.000079,0.054255,0.000198,1.241638,0.000000,1.241638,1.241638,1.241638,0.620819,0.620819,0,0,1,0,0.000000,0.080000,0.008000,0.001000,5.500000,0.100000,22.000000,0.025000,0.000000
10.207000,0.500000,0.640000,-3.274546,0.000000,-3.274546,-0.387278,0.000000,0.387278,0.021084,-0.001988,0.030969,0.030969,0.009885,0.054564,0.056551,0.030982,0.023914,0.000087,0.054365,0.000199,1.244127,0.000314,1.244441,1.244441,1.244441,0.622221,0.622221,0,0,1,0,0.000000,0.080000,0.008000,0.001000,5.500000,0.100000,22.000000,0.025000,0.000000
10.212000,0.500000,0.640000,-3.276521,0.000000,-3.276521,-0.387671,0.000000,0.387671,0.021064,-0.002000,0.030969,0.030969,0.009905,0.054676,0.056676,0.031014,0.023929,0.000079,0.054476,0.000200,1.246874,0.000624,1.247499,1.247499,1.247499,0.623749,0.623749,0,0,1,0,0.000000,0.080000,0.008000,0.001000,5.500000,0.100000,22.000000,0.025000,0.000000
10.217000,0.500000,0.640000,-3.278498,0.000000,-3.278498,-0.388065,0.000000,0.388065,0.021064,-0.002000,0.030969,0.030969,0.009905,0.054676,0.056676,0.031045,0.023945,0.000079,0.054476,0.000200,1.246874,0.000000,1.246874,1.246874,1.246874,0.623437,0.623437,0,0,1,0,0.000000,0.080000,0.008000,0.001000,5.500000,0.100000,22.000000,0.025000,0.000000
10.222000,0.500000,0.640000,-3.280477,0.000000,-3.280477,-0.388459,0.000000,0.388459,0.021043,-0.002009,0.030969,0.030969,0.009925,0.054790,0.056799,0.031077,0.023960,0.000079,0.054589,0.000201,1.249569,0.000612,1.250181,1.250181,1.250181,0.625091,0.625091,0,0,1,0,0.000000,0.080000,0.008000,0.001000,5.500000,0.100000,22.000000,0.025000,0.000000
10.227000,0.500000,0.640000,-3.282458,0.000000,-3.282458,-0.388853,0.000000,0.388853,0.021043,-0.002009,0.030969,0.030969,0.009925,0.054790,0.056799,0.031108,0.023976,0.000079,0.054589,0.000201,1.249569,0.000000,1.249569,1.249569,1.249569,0.624784,0.624784,0,0,1,0,0.000000,0.080000,0.008000,0.001000,5.500000,0.100000,22.000000,0.025000,0.000000
10.232000,0.500000,0.640000,-3.284441,0.000000,-3.284441,-0.389249,0.000000,0.389249,0.021023,-0.002014,0.030969,0.030969,0.009946,0.054903,0.056917,0.031140,0.023991,0.000079,0.054702,0.000201,1.252182,0.000594,1.252775,1.252775,1.252775,0.626388,0.626388,0,0,1,0,0.000000,0.080000,0.008000,0.001000,5.500000,0.100000,22.000000,0.025000,0.000000
10.237000,0.500000,0.640000,-3.286426,0.000000,-3.286426,-0.389644,0.000000,0.389644,0.021023,-0.002014,0.030969,0.030969,0.009946,0.054903,0.056917,0.031172,0.024007,0.000079,0.054702,0.000201,1.252182,0.000000,1.252182,1.252182,1.252182,0.626091,0.626091,0,0,1,0,0.000000,0.080000,0.008000,0.001000,5.500000,0.100000,22.000000,0.025000,0.000000
10.242000,0.500000,0.640000,-3.288413,0.000000,-3.288413,-0.390041,0.000000,0.390041,0.021003,-0.002017,0.030969,0.030969,0.009966,0.055016,0.057032,0.031203,0.024023,0.000079,0.054814,0.000202,1.254712,0.000575,1.255287,1.255287,1.255287,0.627643,0.627643,0,0,1,0,0.000000,0.080000,0.008000,0.001000,5.500000,0.100000,22.000000,0.025000,0.000000
10.247000,0.500000,0.640000,-3.290402,0.000000,-3.290402,-0.390438,0.000000,0.390438,0.021003,-0.002017,0.030969,0.030969,0.009966,0.055016,0.057032,0.031235,0.024038,0.000079,0.054814,0.000202,1.254712,0.000000,1.254712,1.254712,1.254712,0.627356,0.627356,0,0,1,0,0.000000,0.080000,0.008000,0.001000,5.500000,0.100000,22.000000,0.025000,0.000000
10.256000,0.500000,0.640000,-3.294386,0.000000,-3.294386,-0.391234,0.000000,0.391234,0.020982,-0.002017,0.030969,0.030969,0.009986,0.055127,0.057144,0.031299,0.024066,0.000088,0.054925,0.000202,1.257174,0.000311,1.257485,1.257485,1.257485,0.628743,0.628743,0,0,1,0,0.000000,0.080000,0.008000,0.001000,5.500000,0.100000,22.000000,0.025000,0.000000
10.261000,0.500000,0.640000,-3.296381,0.000000,-3.296381,-0.391632,0.000000,0.391632,0.020962,-0.002026,0.030969,0.030969,0.010007,0.055240,0.057266,0.031331,0.024082,0.000080,0.055037,0.000203,1.259841,0.000606,1.260447,1.260447,1.260447,0.630224,0.630224,0,0,1,0,0.000000,0.080000,0.008000,0.001000,5.500000,0.100000,22.000000,0.025000,0.000000
10.266000,0.500000,0.640000,-3.298378,0.000000,-3.298378,-0.392030,0.000000,0.392030,0.020962,-0.002026,0.030969,0.030969,0.010007,0.055240,0.057266,0.031362,0.024098,0.000080,0.055037,0.000203,1.259841,0.000000,1.259841,1.259841,1.259841,0.629921,0.629921,0,0,1,0,0.000000,0.080000,0.008000,0.001000,5.500000,0.100000,22.000000,0.025000,0.000000
10.271000,0.500000,0.640000,-3.300378,0.000000,-3.300378,-0.392429,0.000000,0.392429,0.020941,-0.002030,0.030969,0.030969,0.010027,0.055354,0.057383,0.031394,0.024113,0.000080,0.055151,0.000203,1.262430,0.000588,1.263018,1.263018,1.263018,0.631509,0.631509,0,0,1,0,0.000000,0.080000,0.008000,0.001000,5.500000,0.100000,22.000000,0.025000,0.000000
10.276000,0.500000,0.640000,-3.302379,0.000000,-3.302379,-0.392828,0.000000,0.392828,0.020941,-0.002030,0.030969,0.030969,0.010027,0.055354,0.057383,0.031426,0.024129,0.000080,0.055151,0.000203,1.262430,0.000000,1.262430,1.262430,1.262430,0.631215,0.631215,0,0,1,0,0.000000,0.080000,0.008000,0.001000,5.500000,0.100000,22.000000,0.025000,0.000000
10.281000,0.500000,0.640000,-3.304382,0.000000,-3.304382,-0.393228,0.000000,0.393228,0.020921,-0.002031,0.030969,0.030969,0.010048,0.055466,0.057497,0.031458,0.024145,0.000080,0.055263,0.000203,1.264939,0.000570,1.265509,1.265509,1.265509,0.632754,0.632754,0,0,1,0,0.000000,0.080000,0.008000,0.001000,5.500000,0.100000,22.000000,0.025000,0.000000
10.286000,0.500000,0.640000,-3.306388,0.000000,-3.306388,-0.393629,0.000000,0.393629,0.020921,-0.002031,0.030969,0.030969,0.010048,0.055466,0.057497,0.031490,0.024161,0.000080,0.055263,0.000203,1.264939,0.000000,1.264939,1.264939,1.264939,0.632469,0.632469,0,0,1,0,0.000000,0.080000,0.008000,0.001000,5.500000,0.100000,22.000000,0.025000,0.000000
10.295000,0.500000,0.640000,-3.310405,0.000000,-3.310405,-0.394432,0.000000,0.394432,0.020901,-0.002030,0.030969,0.030969,0.010068,0.055578,0.057609,0.031555,0.024189,0.000089,0.055375,0.000203,1.267391,0.000310,1.267701,1.267701,1.267701,0.633850,0.633850,0,0,1,0,0.000000,0.080000,0.008000,0.001000,5.500000,0.100000,22.000000,0.025000,0.000000
10.300000,0.500000,0.640000,-3.312416,0.000000,-3.312416,-0.394833,0.000000,0.394833,0.020880,-0.002038,0.030969,0.030969,0.010089,0.055692,0.057730,0.031587,0.024205,0.000080,0.055488,0.000204,1.270062,0.000607,1.270669,1.270669,1.270669,0.635335,0.635335,0,0,1,0,0.000000,0.080000,0.008000,0.001000,5.500000,0.100000,22.000000,0.025000,0.000000
10.305000,0.500000,0.640000,-3.312416,0.000000,-3.312416,-0.394833,0.000000,0.394833,0.020880,-0.002038,0.030969,0.030969,0.010089,0.055692,0.057730,0.031587,0.024221,0.000000,0.055488,0.000204,1.270062,0.000000,1.270062,1.270062,1.270062,0.635031,0.635031,0,0,1,0,0.000000,0.080000,0.008000,0.001000,5.500000,0.100000,22.000000,0.025000,0.000000
10.310000,0.500000,0.640000,-3.314430,0.000000,-3.314430,-0.395234,0.000000,0.395234,0.020859,-0.002043,0.030969,0.030969,0.010109,0.055806,0.057849,0.031619,0.024236,0.000080,0.055602,0.000204,1.272672,0.000593,1.273265,1.273265,1.273265,0.636633,0.636633,0,0,1,0,0.000000,0.080000,0.008000,0.001000,5.500000,0.100000,22.000000,0.025000,0.000000
10.315000,0.500000,0.640000,-3.316445,0.000000,-3.316445,-0.395637,0.000000,0.395637,0.020859,-0.002043,0.030969,0.030969,0.010109,0.055806,0.057849,0.031651,0.024252,0.000080,0.055602,0.000204,1.272672,0.000000,1.272672,1.272672,1.272672,0.636336,0.636336,0,0,1,0,0.000000,0.080000,0.008000,0.001000,5.500000,0.100000,22.000000,0.025000,0.000000
10.320000,0.500000,0.640000,-3.318463,0.000000,-3.318463,-0.396039,0.000000,0.396039,0.020839,-0.002045,0.030969,0.030969,0.010130,0.055920,0.057964,0.031683,0.024268,0.000080,0.055715,0.000204,1.275217,0.000578,1.275795,1.275795,1.275795,0.637898,0.637898,0,0,1,0,0.000000,0.080000,0.008000,0.001000,5.500000,0.100000,22.000000,0.025000,0.000000
10.325000,0.500000,0.640000,-3.320483,0.000000,-3.320483,-0.396443,0.000000,0.396443,0.020839,-0.002045,0.030969,0.030969,0.010130,0.055920,0.057964,0.031715,0.024284,0.000081,0.055715,0.000204,1.275217,0.000000,1.275217,1.275217,1.275217,0.637608,0.637608,0,0,1,0,0.000000,0.080000,0.008000,0.001000,5.500000,0.100000,22.000000,0.025000,0.000000
10.330000,0.500000,0.640000,-3.322504,0.000000,-3.322504,-0.396846,0.000000,0.396846,0.020839,-0.002045,0.030969,0.030969,0.010130,0.055920,0.057964,0.031748,0.024300,0.000081,0.055715,0.000204,1.275217,0.000000,1.275217,1.275217,1.275217,0.637608,0.637608,0,0,1,0,0.000000,0.080000,0.008000,0.001000,5.500000,0.100000,22.000000,0.025000,0.000000
10.335000,0.500000,0.640000,-3.324528,0.000000,-3.324528,-0.397251,0.000000,0.397251,0.020818,-0.002045,0.030969,0.030969,0.010151,0.056033,0.058078,0.031780,0.024316,0.000081,0.055828,0.000205,1.277715,0.000568,1.278283,1.278283,1.278283,0.639142,0.639142,0,0,1,0,0.000000,0.080000,0.008000,0.001000,5.500000,0.100000,22.000000,0.025000,0.000000
10.340000,0.500000,0.640000,-3.326554,0.000000,-3.326554,-0.397656,0.000000,0.397656,0.020818,-0.002045,0.030969,0.030969,0.010151,0.056033,0.058078,0.031812,0.024332,0.000081,0.055828,0.000205,1.277715,0.000000,1.277715,1.277715,1.277715,0.638858,0.638858,0,0,1,0,0.000000,0.080000,0.008000,0.001000,5.500000,0.100000,22.000000,0.025000,0.000000
10.349000,0.500000,0.640000,-3.330612,0.000000,-3.330612,-0.398467,0.000000,0.398467,0.020798,-0.002045,0.030969,0.030969,0.010171,0.056146,0.058191,0.031877,0.024360,0.000090,0.055941,0.000205,1.280192,0.000313,1.280505,1.280505,1.280505,0.640252,0.640252,0,0,1,0,0.000000,0.080000,0.008000,0.001000,5.500000,0.100000,22.000000,0.025000,0.000000
10.354000,0.500000,0.640000,-3.332644,0.000000,-3.332644,-0.398872,0.000000,0.398872,0.020777,-0.002055,0.030969,0.030969,0.010192,0.056260,0.058315,0.031910,0.024376,0.000081,0.056055,0.000205,1.282921,0.000620,1.283541,1.283541,1.283541,0.641771,0.641771,0,0,1,0,0.000000,0.080000,0.008000,0.001000,5.500000,0.100000,22.000000,0.025000,0.000000
10.359000,0.500000,0.640000,-3.334678,0.000000,-3.334678,-0.399277,0.000000,0.399277,0.020777,-0.002055,0.030969,0.030969,0.010192,0.056260,0.058315,0.031942,0.024392,0.000081,0.056055,0.000205,1.282921,0.000000,1.282921,1.282921,1.282921,0.641461,0.641461,0,0,1,0,0.000000,0.080000,0.008000,0.001000,5.500000,0.100000,22.000000,0.025000,0.000000
10.364000,0.500000,0.640000,-3.336714,0.000000,-3.336714,-0.399684,0.000000,0.399684,0.020756,-0.002061,0.030969,0.030969,0.010213,0.056376,0.058437,0.031975,0.024408,0.000081,0.056170,0.000206,1.285610,0.000611,1.286221,1.286221,1.286221,0.643111,0.643111,0,0,1,0,0.000000,0.080000,0.008000,0.001000,5.500000,0.100000,22.000000,0.025000,0.000000
10.369000,0.500000,0.640000,-3.338753,0.000000,-3.338753,-0.400090,0.000000,0.400090,0.020756,-0.002061,0.030969,0.030969,0.010213,0.056376,0.058437,0.032007,0.024424,0.000081,0.056170,0.000206,1.285610,0.000000,1.285610,1.285610,1.285610,0.642805,0.642805,0,0,1,0,0.000000,0.080000,0.008000,0.001000,5.500000,0.100000,22.000000,0.025000,0.000000
10.374000,0.500000,0.640000,-3.340793,0.000000,-3.340793,-0.400497,0.000000,0.400497,0.020735,-0.002065,0.030969,0.030969,0.010234,0.056491,0.058556,0.032040,0.024440,0.000081,0.056285,0.000207,1.288243,0.000598,1.288841,1.288841,1.288841,0.644420,0.644420,0,0,1,0,0.000000,0.080000,0.008000,0.001000,5.500000,0.100000,22.000000,0.025000,0.000000
10.379000,0.500000,0.640000,-3.342835,0.000000,-3.342835,-0.400905,0.000000,0.400905,0.020735,-0.002065,0.030969,0.030969,0.010234,0.056491,0.058556,0.032072,0.024456,0.000081,0.056285,0.000207,1.288243,0.000000,1.288243,1.288243,1.288243,0.644121,0.644121,0,0,1,0,0.000000,0.080000,0.008000,0.001000,5.500000,0.100000,22.000000,0.025000,0.000000
10.384000,0.500000,0.640000,-3.344880,0.000000,-3.344880,-0.401314,0.000000,0.401314,0.020714,-0.002067,0.030969,0.030969,0.010254,0.056606,0.058674,0.032105,0.024472,0.000082,0.056400,0.000207,1.290825,0.000587,1.291412,1.291412,1.291412,0.645706,0.645706,0,0,1,0,0.000000,0.080000,0.008000,0.001000,5.500000,0.100000,22.000000,0.025000,0.000000
10.389000,0.500000,0.640000,-3.346927,0.000000,-3.346927,-0.401722,0.000000,0.401722,0.020714,-0.002067,0.030969,0.030969,0.010254,0.056606,0.058674,0.032138,0.024488,0.000082,0.056400,0.000207,1.290825,0.000000,1.290825,1.290825,1.290825,0.645413,0.645413,0,0,1,0,0.000000,0.080000,0.008000,0.001000,5.500000,0.100000,22.000000,0.025000,0.000000
10.398000,0.500000,0.640000,-3.351026,0.000000,-3.351026,-0.402541,0.000000,0.402541,0.020693,-0.002069,0.030969,0.030969,0.010275,0.056721,0.058790,0.032203,0.024517,0.000091,0.056514,0.000207,1.293373,0.000322,1.293694,1.293694,1.293694,0.646847,0.646847,0,0,1,0,0.000000,0.080000,0.008000,0.001000,5.500000,0.100000,22.000000,0.025000,0.000000
10.403000,0.500000,0.640000,-3.353079,0.000000,-3.353079,-0.402950,0.000000,0.402950,0.020672,-0.002079,0.030969,0.030969,0.010296,0.056837,0.058916,0.032236,0.024534,0.000082,0.056629,0.000208,1.296159,0.000633,1.296793,1.296793,1.296793,0.648396,0.648396,0,0,1,0,0.000000,0.080000,0.008000,0.001000,5.500000,0.100000,22.000000,0.025000,0.000000
10.408000,0.500000,0.640000,-3.355134,0.000000,-3.355134,-0.403360,0.000000,0.403360,0.020672,-0.002079,0.030969,0.030969,0.010296,0.056837,0.058916,0.032269,0.024550,0.000082,0.056629,0.000208,1.296159,0.000000,1.296159,1.296159,1.296159,0.648080,0.648080,0,0,1,0,0.000000,0.080000,0.008000,0.001000,5.500000,0.100000,22.000000,0.025000,0.000000
10.413000,0.500000,0.640000,-3.357191,0.000000,-3.357191,-0.403770,0.000000,0.403770,0.020651,-0.002085,0.030969,0.030969,0.010317,0.056955,0.059040,0.032302,0.024566,0.000082,0.056746,0.000209,1.298882,0.000619,1.299500,1.299500,1.299500,0.649750,0.649750,0,0,1,0,0.000000,0.080000,0.008000,0.001000,5.500000,0.100000,22.000000,0.025000,0.000000
10.418000,0.500000,0.640000,-3.359250,0.000000,-3.359250,-0.404181,0.000000,0.404181,0.020651,-0.002085,0.030969,0.030969,0.010317,0.056955,0.059040,0.032334,0.024582,0.000082,0.056746,0.000209,1.298882,0.000000,1.298882,1.298882,1.298882,0.649441,0.649441,0,0,1,0,0.000000,0.080000,0.008000,0.001000,5.500000,0.100000,22.000000,0.025000,0.000000
10.423000,0.500000,0.640000,-3.361311,0.000000,-3.361311,-0.404592,0.000000,0.404592,0.020630,-0.002089,0.030969,0.030969,0.010339,0.057071,0.059160,0.032367,0.024598,0.000082,0.056862,0.000209,1.301526,0.000601,1.302127,1.302127,1.302127,0.651063,0.651063,0,0,1,0,0.000000,0.080000,0.008000,0.001000,5.500000,0.100000,22.000000,0.025000,0.000000
10.428000,0.500000,0.640000,-3.363374,0.000000,-3.363374,-0.405004,0.000000,0.405004,0.020630,-0.002089,0.030969,0.030969,0.010339,0.057071,0.059160,0.032400,0.024614,0.000082,0.056862,0.000209,1.301526,0.000000,1.301526,1.301526,1.301526,0.650763,0.650763,0,0,1,0,0.000000,0.080000,0.008000,0.001000,5.500000,0.100000,22.000000,0.025000,0.000000
10.433000,0.500000,0.640000,-3.365440,0.000000,-3.365440,-0.405417,0.000000,0.405417,0.020609,-0.002090,0.030969,0.030969,0.010360,0.057187,0.059277,0.032433,0.024631,0.000083,0.056978,0.000209,1.304103,0.000586,1.304689,1.304689,1.304689,0.652344,0.652344,0,0,1,0,0.000000,0.080000,0.008000,0.001000,5.500000,0.100000,22.000000,0.025000,0.000000
10.438000,0.500000,0.640000,-3.367507,0.000000,-3.367507,-0.405830,0.000000,0.405830,0.020609,-0.002090,0.030969,0.030969,0.010360,0.057187,0.059277,0.032466,0.024647,0.000083,0.056978,0.000209,1.304103,0.000000,1.304103,1.304103,1.304103,0.652051,0.652051,0,0,1,0,0.000000,0.080000,0.008000,0.001000,5.500000,0.100000,22.000000,0.025000,0.000000
10.443000,0.500000,0.640000,-3.369577,0.000000,-3.369577,-0.406244,0.000000,0.406244,0.020588,-0.002090,0.030969,0.030969,0.010381,0.057303,0.059393,0.032500,0.024663,0.000083,0.057094,0.000209,1.306636,0.000576,1.307212,1.307212,1.307212,0.653606,0.653606,0,0,1,0,0.000000,0.080000,0.008000,0.001000,5.500000,0.100000,22.000000,0.025000,0.000000
10.452000,0.500000,0.640000,-3.373723,0.000000,-3.373723,-0.407073,0.000000,0.407073,0.020567,-0.002089,0.030969,0.030969,0.010402,0.057418,0.059507,0.032566,0.024692,0.000092,0.057209,0.000209,1.309154,0.000318,1.309472,1.309472,1.309472,0.654736,0.654736,0,0,1,0,0.000000,0.080000,0.008000,0.001000,5.500000,0.100000,22.000000,0.025000,0.000000
10.457000,0.500000,0.640000,-3.375799,0.000000,-3.375799,-0.407488,0.000000,0.407488,0.020567,-0.002089,0.030969,0.030969,0.010402,0.057418,0.059507,0.032599,0.024709,0.000083,0.057209,0.000209,1.309154,0.000000,1.309154,1.309154,1.309154,0.654577,0.654577,0,0,1,0,0.000000,0.080000,0.008000,0.001000,5.500000,0.100000,22.000000,0.025000,0.000000
10.462000,0.500000,0.640000,-3.377877,0.000000,-3.377877,-0.407904,0.000000,0.407904,0.020546,-0.002088,0.030969,0.030969,0.010422,0.057532,0.059621,0.032632,0.024725,0.000083,0.057324,0.000209,1.311656,0.000569,1.312224,1.312224,1.312224,0.656112,0.656112,0,0,1,0,0.000000,0.080000,0.008000,0.001000,5.500000,0.100000,22.000000,0.025000,0.000000
10.467000,0.500000,0.640000,-3.379957,0.000000,-3.379957,-0.408320,0.000000,0.408320,0.020546,-0.002088,0.030969,0.030969,0.010422,0.057532,0.059621,0.032666,0.024741,0.000083,0.057324,0.000209,1.311656,0.000000,1.311656,1.311656,1.311656,0.655828,0.655828,0,0,1,0,0.000000,0.080000,0.008000,0.001000,5.500000,0.100000,22.000000,0.025000,0.000000
10.472000,0.500000,0.640000,-3.382040,0.000000,-3.382040,-0.408737,0.000000,0.408737,0.020525,-0.002089,0.030969,0.030969,0.010443,0.057648,0.059737,0.032699,0.024758,0.000083,0.057439,0.000209,1.314206,0.000580,1.314785,1.314785,1.314785,0.657393,0.657393,0,0,1,0,0.000000,0.080000,0.008000,0.001000,5.500000,0.100000,22.000000,0.025000,0.000000
10.477000,0.500000,0.640000,-3.384124,0.000000,-3.384124,-0.409154,0.000000,0.409154,0.020525,-0.002089,0.030969,0.030969,0.010443,0.057648,0.059737,0.032732,0.024774,0.000083,0.057439,0.000209,1.314206,0.000000,1.314206,1.314206,1.314206,0.657103,0.657103,0,0,1,0,0.000000,0.080000,0.008000,0.001000,5.500000,0.100000,22.000000,0.025000,0.000000
10.482000,0.500000,0.640000,-3.386211,0.000000,-3.386211,-0.409571,0.000000,0.409571,0.020504,-0.002092,0.030969,0.030969,0.010464,0.057764,0.059855,0.032766,0.024790,0.000083,0.057554,0.000209,1.316820,0.000594,1.317415,1.317415,1.317415,0.658707,0.658707,0,0,1,0,0.000000,0.080000,0.008000,0.001000,5.500000,0.100000,22.000000,0.025000,0.000000
10.491000,0.500000,0.640000,-3.390391,0.000000,-3.390391,-0.410405,0.000000,0.410405,0.020483,-0.002097,0.030969,0.030969,0.010486,0.057881,0.059977,0.032832,0.024820,0.000093,0.057671,0.000210,1.319504,0.000339,1.319843,1.319843,1.319843,0.659922,0.659922,0,0,1,0,0.000000,0.080000,0.008000,0.001000,5.500000,0.100000,22.000000,0.025000,0.000000
10.496000,0.500000,0.640000,-3.392484,0.000000,-3.392484,-0.410823,0.000000,0.410823,0.020483,-0.002097,0.030969,0.030969,0.010486,0.057881,0.059977,0.032866,0.024836,0.000084,0.057671,0.000210,1.319504,0.000000,1.319504,1.319504,1.319504,0.659752,0.659752,0,0,1,0,0.000000,0.080000,0.008000,0.001000,5.500000,0.100000,22.000000,0.025000,0.000000
10.501000,0.500000,0.640000,-3.394579,0.000000,-3.394579,-0.411242,0.000000,0.411242,0.020462,-0.002103,0.030969,0.030969,0.010507,0.057998,0.060101,0.032899,0.024853,0.000084,0.057788,0.000210,1.322219,0.000617,1.322836,1.322836,1.322836,0.661418,0.661418,0,0,1,0,0.000000,0.080000,0.008000,0.001000,5.500000,0.100000,22.000000,0.025000,0.000000
10.506000,0.500000,0.640000,-3.396676,0.000000,-3.396676,-0.411660,0.000000,0.411660,0.020462,-0.002103,0.030969,0.030969,0.010507,0.057998,0.060101,0.032933,0.024869,0.000084,0.057788,0.000210,1.322219,0.000000,1.322219,1.322219,1.322219,0.661109,0.661109,0,0,1,0,0.000000,0.080000,0.008000,0.001000,5.500000,0.100000,22.000000,0.025000,0.000000
10.511000,0.500000,0.640000,-3.398775,0.000000,-3.398775,-0.412079,0.000000,0.412079,0.020440,-0.002110,0.030969,0.030969,0.010528,0.058117,0.060227,0.032966,0.024886,0.000084,0.057906,0.000211,1.324988,0.000629,1.325618,1.325618,1.325618,0.662809,0.662809,0,0,1,0,0.000000,0.080000,0.008000,0.001000,5.500000,0.100000,22.000000,0.025000,0.000000
10.516000,0.500000,0.640000,-3.400877,0.000000,-3.400877,-0.412497,0.000000,0.412497,0.020440,-0.002110,0.030969,0.030969,0.010528,0.058117,0.060227,0.033000,0.024902,0.000084,0.057906,0.000211,1.324988,0.000000,1.324988,1.324988,1.324988,0.662494,0.662494,0,0,1,0,0.000000,0.080000,0.008000,0.001000,5.500000,0.100000,22.000000,0.025000,0.000000
10.521000,0.500000,0.640000,-3.402980,0.000000,-3.402980,-0.412917,0.000000,0.412917,0.020419,-0.002118,0.030969,0.030969,0.010550,0.058236,0.060354,0.033033,0.024919,0.000084,0.058024,0.000212,1.327792,0.000637,1.328429,1.328429,1.328429,0.664214,0.664214,0,0,1,0,0.000000,0.080000,0.008000,0.001000,5.500000,0.100000,22.000000,0.025000,0.000000
10.526000,0.500000,0.640000,-3.405086,0.000000,-3.405086,-0.413337,0.000000,0.413337,0.020419,-0.002118,0.030969,0.030969,0.010550,0.058236,0.060354,0.033067,0.024935,0.000084,0.058024,0.000212,1.327792,0.000000,1.327792,1.327792,1.327792,0.663896,0.663896,0,0,1,0,0.000000,0.080000,0.008000,0.001000,5.500000,0.100000,22.000000,0.025000,0.000000
10.531000,0.500000,0.640000,-3.407194,0.000000,-3.407194,-0.413757,0.000000,0.413757,0.020397,-0.002126,0.030969,0.030969,0.010571,0.058356,0.060482,0.033101,0.024952,0.000084,0.058143,0.000213,1.330607,0.000640,1.331246,1.331246,1.331246,0.665623,0.665623,0,0,1,0,0.000000,0.080000,0.008000,0.001000,5.500000,0.100000,22.000000,0.025000,0.000000
10.536000,0.500000,0.640000,-3.409304,0.000000,-3.409304,-0.414177,0.000000,0.414177,0.020397,-0.002126,0.030969,0.030969,0.010571,0.058356,0.060482,0.033134,0.024968,0.000084,0.058143,0.000213,1.330607,0.000000,1.330607,1.330607,1.330607,0.665303,0.665303,0,0,1,0,0.000000,0.080000,0.008000,0.001000,5.500000,0.100000,22.000000,0.025000,0.000000
10.541000,0.500000,0.640000,-3.411416,0.000000,-3.411416,-0.414599,0.000000,0.414599,0.020376,-0.002134,0.030969,0.030969,0.010593,0.058476,0.060610,0.033168,0.024985,0.000084,0.058263,0.000213,1.333412,0.000638,1.334050,1.334050,1.334050,0.667025,0.667025,0,0,1,0,0.000000,0.080000,0.008000,0.001000,5.500000,0.100000,22.000000,0.025000,0.000000
10.546000,0.500000,0.640000,-3.413530,0.000000,-3.413530,-0.415020,0.000000,0.415020,0.020376,-0.002134,0.030969,0.030969,0.010593,0.058476,0.060610,0.033202,0.025002,0.000084,0.058263,0.000213,1.333412,0.000000,1.333412,1.333412,1.333412,0.666706,0.666706,0,0,1,0,0.000000,0.080000,0.008000,0.001000,5.500000,0.100000,22.000000,0.025000,0.000000
10.551000,0.500000,0.640000,-3.415647,0.000000,-3.415647,-0.415442,0.000000,0.415442,0.020354,-0.002140,0.030969,0.030969,0.010615,0.058596,0.060736,0.033235,0.025018,0.000084,0.058382,0.000214,1.336194,0.000632,1.336826,1.336826,1.336826,0.668413,0.668413,0,0,1,0,0.000000,0.080000,0.008000,0.001000,5.500000,0.100000,22.000000,0.025000,0.000000
10.560000,0.500000,0.640000,-3.419886,0.000000,-3.419886,-0.416288,0.000000,0.416288,0.020332,-0.002145,0.030969,0.030969,0.010637,0.058716,0.060861,0.033303,0.025048,0.000094,0.058502,0.000214,1.338942,0.000347,1.339289,1.339289,1.339289,0.669645,0.669645,0,0,1,0,0.000000,0.080000,0.008000,0.001000,5.500000,0.100000,22.000000,0.025000,0.000000
10.565000,0.500000,0.640000,-3.422009,0.000000,-3.422009,-0.416712,0.000000,0.416712,0.020332,-0.002145,0.030969,0.030969,0.010637,0.058716,0.060861,0.033337,0.025065,0.000085,0.058502,0.000214,1.338942,0.000000,1.338942,1.338942,1.338942,0.669471,0.669471,0,0,1,0,0.000000,0.080000,0.008000,0.001000,5.500000,0.100000,22.000000,0.025000,0.000000
10.570000,0.500000,0.640000,-3.424134,0.000000,-3.424134,-0.417137,0.000000,0.417137,0.020332,-0.002145,0.030969,0.030969,0.010637,0.058716,0.060861,0.033371,0.025082,0.000085,0.058502,0.000214,1.338942,0.000000,1.338942,1.338942,1.338942,0.669471,0.669471,0,0,1,0,0.000000,0.080000,0.008000,0.001000,5.500000,0.100000,22.000000,0.025000,0.000000
10.575000,0.500000,0.640000,-3.424134,0.000000,-3.424134,-0.417137,0.000000,0.417137,0.020310,-0.002148,0.030969,0.030969,0.010658,0.058835,0.060983,0.033371,0.025098,0.000000,0.058621,0.000215,1.341625,0.000610,1.342235,1.342235,1.342235,0.671117,0.671117,0,0,1,0,0.000000,0.080000,0.008000,0.001000,5.500000,0.100000,22.000000,0.025000,0.000000
10.580000,0.500000,0.640000,-3.426261,0.000000,-3.426261,-0.417561,0.000000,0.417561,0.020310,-0.002148,0.030969,0.030969,0.010658,0.058835,0.060983,0.033405,0.025115,0.000085,0.058621,0.000215,1.341625,0.000000,1.341625,1.341625,1.341625,0.670812,0.670812,0,0,1,0,0.000000,0.080000,0.008000,0.001000,5.500000,0.100000,22.000000,0.025000,0.000000
10.585000,0.500000,0.640000,-3.428391,0.000000,-3.428391,-0.417985,0.000000,0.417985,0.020289,-0.002160,0.030969,0.030969,0.010680,0.058957,0.061116,0.033439,0.025132,0.000085,0.058741,0.000216,1.344561,0.000667,1.345229,1.345229,1.345229,0.672614,0.672614,0,0,1,0,0.000000,0.080000,0.008000,0.001000,5.500000,0.100000,22.000000,0.025000,0.000000
10.590000,0.500000,0.640000,-3.430522,0.000000,-3.430522,-0.418410,0.000000,0.418410,0.020289,-0.002160,0.030969,0.030969,0.010680,0.058957,0.061116,0.033473,0.025148,0.000085,0.058741,0.000216,1.344561,0.000000,1.344561,1.344561,1.344561,0.672281,0.672281,0,0,1,0,0.000000,0.080000,0.008000,0.001000,5.500000,0.100000,22.000000,0.025000,0.000000
10.595000,0.500000,0.640000,-3.432656,0.000000,-3.432656,-0.418834,0.000000,0.418834,0.020266,-0.002178,0.030969,0.030969,0.010702,0.059081,0.061259,0.033507,0.025165,0.000085,0.058863,0.000218,1.347692,0.000711,1.348403,1.348403,1.348403,0.674202,0.674202,0,0,1,0,0.000000,0.080000,0.008000,0.001000,5.500000,0.100000,22.000000,0.025000,0.000000
10.604000,0.500000,0.640000,-3.436930,0.000000,-3.436930,-0.419683,0.000000,0.419683,0.020244,-0.002189,0.030969,0.030969,0.010725,0.059206,0.061395,0.033575,0.025195,0.000094,0.058987,0.000219,1.350685,0.000378,1.351062,1.351062,1.351062,0.675531,0.675531,0,0,1,0,0.000000,0.080000,0.008000,0.001000,5.500000,0.100000,22.000000,0.025000,0.000000
10.609000,0.500000,0.640000,-3.439070,0.000000,-3.439070,-0.420110,0.000000,0.420110,0.020244,-0.002189,0.030969,0.030969,0.010725,0.059206,0.061395,0.033609,0.025212,0.000085,0.058987,0.000219,1.350685,0.000000,1.350685,1.350685,1.350685,0.675342,0.675342,0,0,1,0,0.000000,0.080000,0.008000,0.001000,5.500000,0.100000,22.000000,0.025000,0.000000
10.614000,0.500000,0.640000,-3.441212,0.000000,-3.441212,-0.420537,0.000000,0.420537,0.020222,-0.002192,0.030969,0.030969,0.010747,0.059328,0.061520,0.033643,0.025229,0.000086,0.059109,0.000219,1.353434,0.000625,1.354059,1.354059,1.354059,0.677030,0.677030,0,0,1,0,0.000000,0.080000,0.008000,0.001000,5.500000,0.100000,22.000000,0.025000,0.000000
10.619000,0.500000,0.640000,-3.443357,0.000000,-3.443357,-0.420966,0.000000,0.420966,0.020222,-0.002192,0.030969,0.030969,0.010747,0.059328,0.061520,0.033677,0.025246,0.000086,0.059109,0.000219,1.353434,0.000000,1.353434,1.353434,1.353434,0.676717,0.676717,0,0,1,0,0.000000,0.080000,0.008000,0.001000,5.500000,0.100000,22.000000,0.025000,0.000000
10.624000,0.500000,0.640000,-3.445504,0.000000,-3.445504,-0.421395,0.000000,0.421395,0.020200,-0.002188,0.030969,0.030969,0.010769,0.059449,0.061637,0.033712,0.025263,0.000086,0.059230,0.000219,1.356011,0.000586,1.356597,1.356597,1.356597,0.678299,0.678299,0,0,1,0,0.000000,0.080000,0.008000,0.001000,5.500000,0.100000,22.000000,0.025000,0.000000
10.629000,0.500000,0.640000,-3.447653,0.000000,-3.447653,-0.421825,0.000000,0.421825,0.020200,-0.002188,0.030969,0.030969,0.010769,0.059449,0.061637,0.033746,0.025280,0.000086,0.059230,0.000219,1.356011,0.000000,1.356011,1.356011,1.356011,0.678006,0.678006,0,0,1,0,0.000000,0.080000,0.008000,0.001000,5.500000,0.100000,22.000000,0.025000,0.000000
10.634000,0.500000,0.640000,-3.449804,0.000000,-3.449804,-0.422257,0.000000,0.422257,0.020178,-0.002182,0.030969,0.030969,0.010791,0.059567,0.061749,0.033781,0.025297,0.000086,0.059349,0.000218,1.358470,0.000559,1.359029,1.359029,1.359029,0.679514,0.679514,0,0,1,0,0.000000,0.080000,0.008000,0.001000,5.500000,0.100000,22.000000,0.025000,0.000000
10.639000,0.500000,0.640000,-3.451958,0.000000,-3.451958,-0.422688,0.000000,0.422688,0.020178,-0.002182,0.030969,0.030969,0.010791,0.059567,0.061749,0.033815,0.025313,0.000086,0.059349,0.000218,1.358470,0.000000,1.358470,1.358470,1.358470,0.679235,0.679235,0,0,1,0,0.000000,0.080000,0.008000,0.001000,5.500000,0.100000,22.000000,0.025000,0.000000
10.644000,0.500000,0.640000,-3.454114,0.000000,-3.454114,-0.423121,0.000000,0.423121,0.020157,-0.002174,0.030969,0.030969,0.010812,0.059685,0.061858,0.033850,0.025330,0.000087,0.059467,0.000217,1.360882,0.000548,1.361430,1.361430,1.361430,0.680715,0.680715,0,0,1,0,0.000000,0.080000,0.008000,0.001000,5.500000,0.100000,22.000000,0.025000,0.000000
10.649000,0.500000,0.640000,-3.456272,0.000000,-3.456272,-0.423554,0.000000,0.423554,0.020157,-0.002174,0.030969,0.030969,0.010812,0.059685,0.061858,0.033884,0.025347,0.000087,0.059467,0.000217,1.360882,0.000000,1.360882,1.360882,1.360882,0.680441,0.680441,0,0,1,0,0.000000,0.080000,0.008000,0.001000,5.500000,0.100000,22.000000,0.025000,0.000000
10.658000,0.500000,0.640000,-3.460594,0.000000,-3.460594,-0.424420,0.000000,0.424420,0.020135,-0.002167,0.030969,0.030969,0.010834,0.059802,0.061969,0.033954,0.025378,0.000096,0.059585,0.000217,1.363318,0.000308,1.363626,1.363626,1.363626,0.681813,0.681813,0,0,1,0,0.000000,0.080000,0.008000,0.001000,5.500000,0.100000,22.000000,0.025000,0.000000
10.663000,0.500000,0.640000,-3.462759,0.000000,-3.462759,-0.424853,0.000000,0.424853,0.020113,-0.002173,0.030969,0.030969,0.010855,0.059922,0.062095,0.033988,0.025395,0.000086,0.059704,0.000217,1.366083,0.000628,1.366712,1.366712,1.366712,0.683356,0.683356,0,0,1,0,0.000000,0.080000,0.008000,0.001000,5.500000,0.100000,22.000000,0.025000,0.000000
10.668000,0.500000,0.640000,-3.464925,0.000000,-3.464925,-0.425285,0.000000,0.425285,0.020113,-0.002173,0.030969,0.030969,0.010855,0.059922,0.062095,0.034023,0.025412,0.000086,0.059704,0.000217,1.366083,0.000000,1.366083,1.366083,1.366083,0.683042,0.683042,0,0,1,0,0.000000,0.080000,0.008000,0.001000,5.500000,0.100000,22.000000,0.025000,0.000000
10.673000,0.500000,0.640000,-3.467094,0.000000,-3.467094,-0.425718,0.000000,0.425718,0.020091,-0.002179,0.030969,0.030969,0.010877,0.060044,0.062223,0.034057,0.025429,0.000087,0.059826,0.000218,1.368903,0.000641,1.369544,1.369544,1.369544,0.684772,0.684772,0,0,1,0,0.000000,0.080000,0.008000,0.001000,5.500000,0.100000,22.000000,0.025000,0.000000
10.678000,0.500000,0.640000,-3.469265,0.000000,-3.469265,-0.426151,0.000000,0.426151,0.020091,-0.002179,0.030969,0.030969,0.010877,0.060044,0.062223,0.034092,0.025446,0.000087,0.059826,0.000218,1.368903,0.000000,1.368903,1.368903,1.368903,0.684452,0.684452,0,0,1,0,0.000000,0.080000,0.008000,0.001000,5.500000,0.100000,22.000000,0.025000,0.000000
10.683000,0.500000,0.640000,-3.471439,0.000000,-3.471439,-0.426585,0.000000,0.426585,0.020069,-0.002186,0.030969,0.030969,0.010900,0.060166,0.062353,0.034127,0.025463,0.000087,0.059948,0.000219,1.371758,0.000649,1.372407,1.372407,1.372407,0.686203,0.686203,0,0,1,0,0.000000,0.080000,0.008000,0.001000,5.500000,0.100000,22.000000,0.025000,0.000000
10.688000,0.500000,0.640000,-3.473614,0.000000,-3.473614,-0.427019,0.000000,0.427019,0.020069,-0.002186,0.030969,0.030969,0.010900,0.060166,0.062353,0.034162,0.025480,0.000087,0.059948,0.000219,1.371758,0.000000,1.371758,1.371758,1.371758,0.685879,0.685879,0,0,1,0,0.000000,0.080000,0.008000,0.001000,5.500000,0.100000,22.000000,0.025000,0.000000
10.697000,0.500000,0.640000,-3.477972,0.000000,-3.477972,-0.427888,0.000000,0.427888,0.020047,-0.002194,0.030969,0.030969,0.010922,0.060290,0.062483,0.034231,0.025511,0.000097,0.060070,0.000219,1.374633,0.000363,1.374996,1.374996,1.374996,0.687498,0.687498,0,0,1,0,0.000000,0.080000,0.008000,0.001000,5.500000,0.100000,22.000000,0.025000,0.000000
10.702000,0.500000,0.640000,-3.480153,0.000000,-3.480153,-0.428322,0.000000,0.428322,0.020024,-0.002212,0.030969,0.030969,0.010944,0.060415,0.062627,0.034266,0.025528,0.000087,0.060194,0.000221,1.377800,0.000720,1.378520,1.378520,1.378520,0.689260,0.689260,0,0,1,0,0.000000,0.080000,0.008000,0.001000,5.500000,0.100000,22.000000,0.025000,0.000000
10.707000,0.500000,0.640000,-3.482338,0.000000,-3.482338,-0.428756,0.000000,0.428756,0.020024,-0.002212,0.030969,0.030969,0.010944,0.060415,0.062627,0.034300,0.025545,0.000087,0.060194,0.000221,1.377800,0.000000,1.377800,1.377800,1.377800,0.688900,0.688900,0,0,1,0,0.000000,0.080000,0.008000,0.001000,5.500000,0.100000,22.000000,0.025000,0.000000
10.712000,0.500000,0.640000,-3.484524,0.000000,-3.484524,-0.429191,0.000000,0.429191,0.020001,-0.002225,0.030969,0.030969,0.010967,0.060543,0.062767,0.034335,0.025562,0.000087,0.060320,0.000222,1.380877,0.000699,1.381576,1.381576,1.381576,0.690788,0.690788,0,0,1,0,0.000000,0.080000,0.008000,0.001000,5.500000,0.100000,22.000000,0.025000,0.000000
10.717000,0.500000,0.640000,-3.486713,0.000000,-3.486713,-0.429627,0.000000,0.429627,0.020001,-0.002225,0.030969,0.030969,0.010967,0.060543,0.062767,0.034370,0.025562,0.000087,0.060320,0.000222,1.380877,0.000000,1.380877,1.380877,1.380877,0.690438,0.690438,0,0,1,0,0.000000,0.080000,0.008000,0.001000,5.500000,0.100000,22.000000,0.025000,0.000000
10.722000,0.500000,0.640000,-3.488904,0.000000,-3.488904,-0.430064,0.000000,0.430064,0.019979,-0.002232,0.030969,0.030969,0.010990,0.060669,0.062901,0.034405,0.025562,0.000087,0.060445,0.000223,1.383818,0.000668,1.384486,1.384486,1.384486,0.692243,0.692243,0,0,1,0,0.000000,0.080000,0.008000,0.001000,5.500000,0.100000,22.000000,0.025000,0.000000
10.727000,0.500000,0.640000,-3.491097,0.000000,-3.491097,-0.430501,0.000000,0.430501,0.019979,-0.002232,0.030969,0.030969,0.010990,0.060669,0.062901,0.034440,0.025562,0.000087,0.060445,0.000223,1.383818,0.000000,1.383818,1.383818,1.383818,0.691909,0.691909,0,0,1,0,0.000000,0.080000,0.008000,0.001000,5.500000,0.100000,22.000000,0.025000,0.000000
10.732000,0.500000,0.640000,-3.493292,0.000000,-3.493292,-0.430940,0.000000,0.430940,0.019956,-0.002235,0.030969,0.030969,0.011013,0.060793,0.063028,0.034475,0.025562,0.000088,0.060570,0.000223,1.386618,0.000636,1.387254,1.387254,1.387254,0.693627,0.693627,0,0,1,0,0.000000,0.080000,0.008000,0.001000,5.500000,0.100000,22.000000,0.025000,0.000000
10.737000,0.500000,0.640000,-3.495490,0.000000,-3.495490,-0.431378,0.000000,0.431378,0.019956,-0.002235,0.030969,0.030969,0.011013,0.060793,0.063028,0.034510,0.025562,0.000088,0.060570,0.000223,1.386618,0.000000,1.386618,1.386618,1.386618,0.693309,0.693309,0,0,1,0,0.000000,0.080000,0.008000,0.001000,5.500000,0.100000,22.000000,0.025000,0.000000
10.742000,0.500000,0.640000,-3.497690,0.000000,-3.497690,-0.431819,0.000000,0.431819,0.019934,-0.002233,0.030969,0.030969,0.011035,0.060916,0.063150,0.034546,0.025562,0.000088,0.060693,0.000223,1.389298,0.000609,1.389908,1.389908,1.389908,0.694954,0.694954,0,0,1,0,0.000000,0.080000,0.008000,0.001000,5.500000,0.100000,22.000000,0.025000,0.000000
10.747000,0.500000,0.640000,-3.499892,0.000000,-3.499892,-0.432259,0.000000,0.432259,0.019934,-0.002233,0.030969,0.030969,0.011035,0.060916,0.063150,0.034581,0.025562,0.000088,0.060693,0.000223,1.389298,0.000000,1.389298,1.389298,1.389298,0.694649,0.694649,0,0,1,0,0.000000,0.080000,0.008000,0.001000,5.500000,0.100000,22.000000,0.025000,0.000000
10.752000,0.500000,0.640000,-3.502097,0.000000,-3.502097,-0.432701,0.000000,0.432701,0.019911,-0.002230,0.030969,0.030969,0.011057,0.061039,0.063268,0.034616,0.025562,0.000088,0.060816,0.000223,1.391902,0.000592,1.392494,1.392494,1.392494,0.696247,0.696247,0,0,1,0,0.000000,0.080000,0.008000,0.001000,5.500000,0.100000,22.000000,0.025000,0.000000
10.761000,0.500000,0.640000,-3.506513,0.000000,-3.506513,-0.433585,0.000000,0.433585,0.019889,-0.002226,0.030969,0.030969,0.011080,0.061160,0.063385,0.034687,0.025562,0.000098,0.060937,0.000223,1.394481,0.000326,1.394806,1.394806,1.394806,0.697403,0.697403,0,0,1,0,0.000000,0.080000,0.008000,0.001000,5.500000,0.100000,22.000000,0.025000,0.000000
10.766000,0.500000,0.640000,-3.508724,0.000000,-3.508724,-0.434029,0.000000,0.434029,0.019889,-0.002226,0.030969,0.030969,0.011080,0.061160,0.063385,0.034722,0.025562,0.000089,0.060937,0.000223,1.394481,0.000000,1.394481,1.394481,1.394481,0.697240,0.697240,0,0,1,0,0.000000,0.080000,0.008000,0.001000,5.500000,0.100000,22.000000,0.025000,0.000000
10.771000,0.500000,0.640000,-3.510938,0.000000,-3.510938,-0.434472,0.000000,0.434472,0.019867,-0.002221,0.030969,0.030969,0.011102,0.061281,0.063502,0.034758,0.025562,0.000089,0.061059,0.000222,1.397055,0.000585,1.397640,1.397640,1.397640,0.698820,0.698820,0,0,1,0,0.000000,0.080000,0.008000,0.001000,5.500000,0.100000,22.000000,0.025000,0.000000
10.776000,0.500000,0.640000,-3.513153,0.000000,-3.513153,-0.434916,0.000000,0.434916,0.019867,-0.002221,0.030969,0.030969,0.011102,0.061281,0.063502,0.034793,0.025562,0.000089,0.061059,0.000222,1.397055,0.000000,1.397055,1.397055,1.397055,0.698527,0.698527,0,0,1,0,0.000000,0.080000,0.008000,0.001000,5.500000,0.100000,22.000000,0.025000,0.000000
10.781000,0.500000,0.640000,-3.515371,0.000000,-3.515371,-0.435360,0.000000,0.435360,0.019845,-0.002220,0.030969,0.030969,0.011124,0.061403,0.063623,0.034829,0.025562,0.000089,0.061181,0.000222,1.399707,0.000603,1.400309,1.400309,1.400309,0.700155,0.700155,0,0,1,0,0.000000,0.080000,0.008000,0.001000,5.500000,0.100000,22.000000,0.025000,0.000000
10.786000,0.500000,0.640000,-3.517592,0.000000,-3.517592,-0.435804,0.000000,0.435804,0.019845,-0.002220,0.030969,0.030969,0.011124,0.061403,0.063623,0.034864,0.025562,0.000089,0.061181,0.000222,1.399707,0.000000,1.399707,1.399707,1.399707,0.699853,0.699853,0,0,1,0,0.000000,0.080000,0.008000,0.001000,5.500000,0.100000,22.000000,0.025000,0.000000
10.791000,0.500000,0.640000,-3.519814,0.000000,-3.519814,-0.436249,0.000000,0.436249,0.019823,-0.002223,0.030969,0.030969,0.011146,0.061526,0.063748,0.034900,0.025562,0.000089,0.061303,0.000222,1.402463,0.000626,1.403090,1.403090,1.403090,0.701545,0.701545,0,0,1,0,0.000000,0.080000,0.008000,0.001000,5.500000,0.100000,22.000000,0.025000,0.000000
10.796000,0.500000,0.640000,-3.522039,0.000000,-3.522039,-0.436693,0.000000,0.436693,0.019823,-0.002223,0.030969,0.030969,0.011146,0.061526,0.063748,0.034935,0.025562,0.000089,0.061303,0.000222,1.402463,0.000000,1.402463,1.402463,1.402463,0.701232,0.701232,0,0,1,0,0.000000,0.080000,0.008000,0.001000,5.500000,0.100000,22.000000,0.025000,0.000000
10.801000,0.500000,0.640000,-3.524266,0.000000,-3.524266,-0.437139,0.000000,0.437139,0.019800,-0.002229,0.030969,0.030969,0.011169,0.061650,0.063879,0.034971,0.025562,0.000089,0.061427,0.000223,1.405330,0.000652,1.405982,1.405982,1.405982,0.702991,0.702991,0,0,1,0,0.000000,0.080000,0.008000,0.001000,5.500000,0.100000,22.000000,0.025000,0.000000
10.806000,0.500000,0.640000,-3.524266,0.000000,-3.524266,-0.437139,0.000000,0.437139,0.019800,-0.002229,0.030969,0.030969,0.011169,0.061650,0.063879,0.034971,0.025562,0.000000,0.061427,0.000223,1.405330,0.000000,1.405330,1.405330,1.405330,0.702665,0.702665,0,0,1,0,0.000000,0.080000,0.008000,0.001000,5.500000,0.100000,22.000000,0.025000,0.000000
10.815000,0.500000,0.640000,-3.528727,0.000000,-3.528727,-0.438029,0.000000,0.438029,0.019777,-0.002237,0.030969,0.030969,0.011191,0.061776,0.064013,0.035042,0.025562,0.000099,0.061552,0.000224,1.408293,0.000374,1.408667,1.408667,1.408667,0.704334,0.704334,0,0,1,0,0.000000,0.080000,0.008000,0.001000,5.500000,0.100000,22.000000,0.025000,0.000000
10.820000,0.500000,0.640000,-3.530961,0.000000,-3.530961,-0.438474,0.000000,0.438474,0.019777,-0.002237,0.030969,0.030969,0.011191,0.061776,0.064013,0.035078,0.025562,0.000089,0.061552,0.000224,1.408293,0.000000,1.408293,1.408293,1.408293,0.704147,0.704147,0,0,1,0,0.000000,0.080000,0.008000,0.001000,5.500000,0.100000,22.000000,0.025000,0.000000
10.825000,0.500000,0.640000,-3.533197,0.000000,-3.533197,-0.438918,0.000000,0.438918,0.019754,-0.002259,0.030969,0.030969,0.011214,0.061905,0.064165,0.035113,0.025562,0.000089,0.061679,0.000226,1.411619,0.000756,1.412375,1.412375,1.412375,0.706187,0.706187,0,0,1,0,0.000000,0.080000,0.008000,0.001000,5.500000,0.100000,22.000000,0.025000,0.000000
10.830000,0.500000,0.640000,-3.535435,0.000000,-3.535435,-0.439362,0.000000,0.439362,0.019754,-0.002259,0.030969,0.030969,0.011214,0.061905,0.064165,0.035149,0.025562,0.000089,0.061679,0.000226,1.411619,0.000000,1.411619,1.411619,1.411619,0.705810,0.705810,0,0,1,0,0.000000,0.080000,0.008000,0.001000,5.500000,0.100000,22.000000,0.025000,0.000000
10.835000,0.500000,0.640000,-3.537675,0.000000,-3.537675,-0.439805,0.000000,0.439805,0.019731,-0.002289,0.030969,0.030969,0.011238,0.062039,0.064328,0.035184,0.025562,0.000089,0.061810,0.000229,1.415226,0.000820,1.416045,1.416045,1.416045,0.708023,0.708023,0,0,1,0,0.000000,0.080000,0.008000,0.001000,5.500000,0.100000,22.000000,0.025000,0.000000
10.840000,0.500000,0.640000,-3.539918,0.000000,-3.539918,-0.440249,0.000000,0.440249,0.019731,-0.002289,0.030969,0.030969,0.011238,0.062039,0.064328,0.035220,0.025562,0.000089,0.061810,0.000229,1.415226,0.000000,1.415226,1.415226,1.415226,0.707613,0.707613,0,0,1,0,0.000000,0.080000,0.008000,0.001000,5.500000,0.100000,22.000000,0.025000,0.000000
10.845000,0.500000,0.640000,-3.542162,0.000000,-3.542162,-0.440692,0.000000,0.440692,0.019706,-0.002324,0.030969,0.030969,0.011263,0.062177,0.064500,0.035255,0.025562,0.000089,0.061944,0.000232,1.419010,0.000860,1.419871,1.419871,1.419871,0.709935,0.709935,0,0,1,0,0.000000,0.080000,0.008000,0.001000,5.500000,0.100000,22.000000,0.025000,0.000000
10.850000,0.500000,0.640000,-3.544409,0.000000,-3.544409,-0.441136,0.000000,0.441136,0.019706,-0.002324,0.030969,0.030969,0.011263,0.062177,0.064500,0.035291,0.025562,0.000089,0.061944,0.000232,1.419010,0.000000,1.419010,1.419010,1.419010,0.709505,0.709505,0,0,1,0,0.000000,0.080000,0.008000,0.001000,5.500000,0.100000,22.000000,0.025000,0.000000
10.859000,0.500000,0.640000,-3.548910,0.000000,-3.548910,-0.442030,0.000000,0.442030,0.019682,-0.002343,0.030969,0.030969,0.011287,0.062314,0.064656,0.035362,0.025562,0.000099,0.062079,0.000234,1.422433,0.000432,1.422865,1.422865,1.422865,0.711432,0.711432,0,0,1,0,0.000000,0.080000,0.008000,0.001000,5.500000,0.100000,22.000000,0.025000,0.000000
10.864000,0.500000,0.640000,-3.551164,0.000000,-3.551164,-0.442477,0.000000,0.442477,0.019657,-0.002358,0.030969,0.030969,0.011311,0.062448,0.064806,0.035398,0.025562,0.000090,0.062212,0.000236,1.425732,0.000750,1.426481,1.426481,1.426481,0.713241,0.713241,0,0,1,0,0.000000,0.080000,0.008000,0.001000,5.500000,0.100000,22.000000,0.025000,0.000000
10.869000,0.500000,0.640000,-3.553421,0.000000,-3.553421,-0.442927,0.000000,0.442927,0.019657,-0.002358,0.030969,0.030969,0.011311,0.062448,0.064806,0.035434,0.025562,0.000090,0.062212,0.000236,1.425732,0.000000,1.425732,1.425732,1.425732,0.712866,0.712866,0,0,1,0,0.000000,0.080000,0.008000,0.001000,5.500000,0.100000,22.000000,0.025000,0.000000
10.874000,0.500000,0.640000,-3.555680,0.000000,-3.555680,-0.443378,0.000000,0.443378,0.019634,-0.002354,0.030969,0.030969,0.011335,0.062579,0.064933,0.035470,0.025562,0.000090,0.062343,0.000235,1.428517,0.000633,1.429150,1.429150,1.429150,0.714575,0.714575,0,0,1,0,0.000000,0.080000,0.008000,0.001000,5.500000,0.100000,22.000000,0.025000,0.000000
10.879000,0.500000,0.640000,-3.557941,0.000000,-3.557941,-0.443831,0.000000,0.443831,0.019634,-0.002354,0.030969,0.030969,0.011335,0.062579,0.064933,0.035506,0.025562,0.000091,0.062343,0.000235,1.428517,0.000000,1.428517,1.428517,1.428517,0.714259,0.714259,0,0,1,0,0.000000,0.080000,0.008000,0.001000,5.500000,0.100000,22.000000,0.025000,0.000000
10.884000,0.500000,0.640000,-3.560205,0.000000,-3.560205,-0.444286,0.000000,0.444286,0.019611,-0.002336,0.030969,0.030969,0.011358,0.062703,0.065039,0.035543,0.025562,0.000091,0.062470,0.000234,1.430864,0.000533,1.431398,1.431398,1.431398,0.715699,0.715699,0,0,1,0,0.000000,0.080000,0.008000,0.001000,5.500000,0.100000,22.000000,0.025000,0.000000
10.889000,0.500000,0.640000,-3.562471,0.000000,-3.562471,-0.444742,0.000000,0.444742,0.019611,-0.002336,0.030969,0.030969,0.011358,0.062703,0.065039,0.035579,0.025562,0.000091,0.062470,0.000234,1.430864,0.000000,1.430864,1.430864,1.430864,0.715432,0.715432,0,0,1,0,0.000000,0.080000,0.008000,0.001000,5.500000,0.100000,22.000000,0.025000,0.000000
10.894000,0.500000,0.640000,-3.564739,0.000000,-3.564739,-0.445200,0.000000,0.445200,0.019588,-0.002310,0.030969,0.030969,0.011380,0.062823,0.065133,0.035616,0.025562,0.000092,0.062592,0.000231,1.432933,0.000470,1.433403,1.433403,1.433403,0.716702,0.716702,0,0,1,0,0.000000,0.080000,0.008000,0.001000,5.500000,0.100000,22.000000,0.025000,0.000000
10.899000,0.500000,0.640000,-3.567010,0.000000,-3.567010,-0.445659,0.000000,0.445659,0.019588,-0.002310,0.030969,0.030969,0.011380,0.062823,0.065133,0.035653,0.025562,0.000092,0.062592,0.000231,1.432933,0.000000,1.432933,1.432933,1.432933,0.716466,0.716466,0,0,1,0,0.000000,0.080000,0.008000,0.001000,5.500000,0.100000,22.000000,0.025000,0.000000
10.904000,0.500000,0.640000,-3.569283,0.000000,-3.569283,-0.446118,0.000000,0.446118,0.019566,-0.002283,0.030969,0.030969,0.011402,0.062941,0.065223,0.035689,0.025562,0.000092,0.062712,0.000228,1.434913,0.000450,1.435364,1.435364,1.435364,0.717682,0.717682,0,0,1,0,0.000000,0.080000,0.008000,0.001000,5.500000,0.100000,22.000000,0.025000,0.000000
10.909000,0.500000,0.640000,-3.571559,0.000000,-3.571559,-0.446578,0.000000,0.446578,0.019566,-0.002283,0.030969,0.030969,0.011402,0.062941,0.065223,0.035726,0.025562,0.000092,0.062712,0.000228,1.434913,0.000000,1.434913,1.434913,1.434913,0.717457,0.717457,0,0,1,0,0.000000,0.080000,0.008000,0.001000,5.500000,0.100000,22.000000,0.025000,0.000000
10.918000,0.500000,0.640000,-3.576117,0.000000,-3.576117,-0.447497,0.000000,0.447497,0.019545,-0.002260,0.030969,0.030969,0.011424,0.063058,0.065318,0.035800,0.025562,0.000102,0.062832,0.000226,1.436991,0.000262,1.437253,1.437253,1.437253,0.718626,0.718626,0,0,1,0,0.000000,0.080000,0.008000,0.001000,5.500000,0.100000,22.000000,0.025000,0.000000
10.923000,0.500000,0.640000,-3.578400,0.000000,-3.578400,-0.447956,0.000000,0.447956,0.019523,-0.002255,0.030969,0.030969,0.011446,0.063178,0.065433,0.035836,0.025562,0.000092,0.062952,0.000225,1.439517,0.000574,1.440091,1.440091,1.440091,0.720045,0.720045,0,0,1,0,0.000000,0.080000,0.008000,0.001000,5.500000,0.100000,22.000000,0.025000,0.000000
10.928000,0.500000,0.640000,-3.580684,0.000000,-3.580684,-0.448414,0.000000,0.448414,0.019523,-0.002255,0.030969,0.030969,0.011446,0.063178,0.065433,0.035873,0.025562,0.000092,0.062952,0.000225,1.439517,0.000000,1.439517,1.439517,1.439517,0.719758,0.719758,0,0,1,0,0.000000,0.080000,0.008000,0.001000,5.500000,0.100000,22.000000,0.025000,0.000000
10.933000,0.500000,0.640000,-3.582971,0.000000,-3.582971,-0.448872,0.000000,0.448872,0.019500,-0.002257,0.030969,0.030969,0.011468,0.063302,0.065560,0.035910,0.025562,0.000092,0.063076,0.000226,1.442311,0.000635,1.442946,1.442946,1.442946,0.721473,0.721473,0,0,1,0,0.000000,0.080000,0.008000,0.001000,5.500000,0.100000,22.000000,0.025000,0.000000
10.938000,0.500000,0.640000,-3.585261,0.000000,-3.585261,-0.449330,0.000000,0.449330,0.019500,-0.002257,0.030969,0.030969,0.011468,0.063302,0.065560,0.035946,0.025562,0.000091,0.063076,0.000226,1.442311,0.000000,1.442311,1.442311,1.442311,0.721155,0.721155,0,0,1,0,0.000000,0.080000,0.008000,0.001000,5.500000,0.100000,22.000000,0.025000,0.000000
10.943000,0.500000,0.640000,-3.587552,0.000000,-3.587552,-0.449787,0.000000,0.449787,0.019477,-0.002268,0.030969,0.030969,0.011491,0.063430,0.065698,0.035983,0.025562,0.000092,0.063203,0.000227,1.445360,0.000693,1.446053,1.446053,1.446053,0.723027,0.723027,0,0,1,0,0.000000,0.080000,0.008000,0.001000,5.500000,0.100000,22.000000,0.025000,0.000000
10.948000,0.500000,0.640000,-3.589846,0.000000,-3.589846,-0.450244,0.000000,0.450244,0.019477,-0.002268,0.030969,0.030969,0.011491,0.063430,0.065698,0.036020,0.025562,0.000091,0.063203,0.000227,1.445360,0.000000,1.445360,1.445360,1.445360,0.722680,0.722680,0,0,1,0,0.000000,0.080000,0.008000,0.001000,5.500000,0.100000,22.000000,0.025000,0.000000
10.953000,0.500000,0.640000,-3.592142,0.000000,-3.592142,-0.450702,0.000000,0.450702,0.019454,-0.002286,0.030969,0.030969,0.011515,0.063561,0.065846,0.036056,0.025562,0.000092,0.063332,0.000229,1.448615,0.000740,1.449355,1.449355,1.449355,0.724677,0.724677,0,0,1,0,0.000000,0.080000,0.008000,0.001000,5.500000,0.100000,22.000000,0.025000,0.000000
10.958000,0.500000,0.640000,-3.594440,0.000000,-3.594440,-0.451159,0.000000,0.451159,0.019454,-0.002286,0.030969,0.030969,0.011515,0.063561,0.065846,0.036093,0.025562,0.000091,0.063332,0.000229,1.448615,0.000000,1.448615,1.448615,1.448615,0.724307,0.724307,0,0,1,0,0.000000,0.080000,0.008000,0.001000,5.500000,0.100000,22.000000,0.025000,0.000000
10.963000,0.500000,0.640000,-3.596741,0.000000,-3.596741,-0.451616,0.000000,0.451616,0.019430,-0.002306,0.030969,0.030969,0.011539,0.063694,0.066000,0.036129,0.025562,0.000092,0.063463,0.000231,1.451994,0.000768,1.452763,1.452763,1.452763,0.726381,0.726381,0,0,1,0,0.000000,0.080000,0.008000,0.001000,5.500000,0.100000,22.000000,0.025000,0.000000
10.968000,0.500000,0.640000,-3.599044,0.000000,-3.599044,-0.452074,0.000000,0.452074,0.019430,-0.002306,0.030969,0.030969,0.011539,0.063694,0.066000,0.036166,0.025562,0.000091,0.063463,0.000231,1.451994,0.000000,1.451994,1.451994,1.451994,0.725997,0.725997,0,0,1,0,0.000000,0.080000,0.008000,0.001000,5.500000,0.100000,22.000000,0.025000,0.000000
10.977000,0.500000,0.640000,-3.603657,0.000000,-3.603657,-0.452990,0.000000,0.452990,0.019406,-0.002326,0.030969,0.030969,0.011563,0.063829,0.066155,0.036239,0.025562,0.000102,0.063596,0.000233,1.455406,0.000431,1.455837,1.455837,1.455837,0.727918,0.727918,0,0,1,0,0.000000,0.080000,0.008000,0.001000,5.500000,0.100000,22.000000,0.025000,0.000000
10.982000,0.500000,0.640000,-3.605966,0.000000,-3.605966,-0.453448,0.000000,0.453448,0.019381,-0.002357,0.030969,0.030969,0.011587,0.063966,0.066323,0.036276,0.025562,0.000091,0.063730,0.000236,1.459104,0.000840,1.459944,1.459944,1.459944,0.729972,0.729972,0,0,1,0,0.000000,0.080000,0.008000,0.001000,5.500000,0.100000,22.000000,0.025000,0.000000
10.987000,0.500000,0.640000,-3.608278,0.000000,-3.608278,-0.453905,0.000000,0.453905,0.019381,-0.002357,0.030969,0.030969,0.011587,0.063966,0.066323,0.036312,0.025562,0.000092,0.063730,0.000236,1.459104,0.000000,1.459104,1.459104,1.459104,0.729552,0.729552,0,0,1,0,0.000000,0.080000,0.008000,0.001000,5.500000,0.100000,22.000000,0.025000,0.000000
10.992000,0.500000,0.640000,-3.610593,0.000000,-3.610593,-0.454365,0.000000,0.454365,0.019357,-0.002377,0.030969,0.030969,0.011612,0.064105,0.066481,0.036349,0.025562,0.000092,0.063867,0.000238,1.462588,0.000792,1.463380,1.463380,1.463380,0.731690,0.731690,0,0,1,0,0.000000,0.080000,0.008000,0.001000,5.500000,0.100000,22.000000,0.025000,0.000000
10.997000,0.500000,0.640000,-3.612910,0.000000,-3.612910,-0.454825,0.000000,0.454825,0.019357,-0.002377,0.030969,0.030969,0.011612,0.064105,0.066481,0.036386,0.025562,0.000092,0.063867,0.000238,1.462588,0.000000,1.462588,1.462588,1.462588,0.731294,0.731294,0,0,1,0,0.000000,0.080000,0.008000,0.001000,5.500000,0.100000,22.000000,0.025000,0.000000
11.002000,0.500000,0.640000,-3.615229,0.000000,-3.615229,-0.455287,0.000000,0.455287,0.019332,-0.002386,0.030969,0.030969,0.011637,0.064240,0.066626,0.036423,0.025562,0.000092,0.064002,0.000239,1.465782,0.000726,1.466508,1.466508,1.466508,0.733254,0.733254,0,0,1,0,0.000000,0.080000,0.008000,0.001000,5.500000,0.100000,22.000000,0.025000,0.000000
11.011000,0.500000,0.640000,-3.619875,0.000000,-3.619875,-0.456215,0.000000,0.456215,0.019308,-0.002385,0.030969,0.030969,0.011661,0.064373,0.066758,0.036497,0.025562,0.000103,0.064134,0.000239,1.468684,0.000366,1.469050,1.469050,1.469050,0.734525,0.734525,0,0,1,0,0.000000,0.080000,0.008000,0.001000,5.500000,0.100000,22.000000,0.025000,0.000000
11.016000,0.500000,0.640000,-3.622202,0.000000,-3.622202,-0.456681,0.000000,0.456681,0.019308,-0.002385,0.030969,0.030969,0.011661,0.064373,0.066758,0.036534,0.025562,0.000093,0.064134,0.000239,1.468684,0.000000,1.468684,1.468684,1.468684,0.734342,0.734342,0,0,1,0,0.000000,0.080000,0.008000,0.001000,5.500000,0.100000,22.000000,0.025000,0.000000
11.021000,0.500000,0.640000,-3.624531,0.000000,-3.624531,-0.457148,0.000000,0.457148,0.019284,-0.002376,0.030969,0.030969,0.011684,0.064502,0.066878,0.036572,0.025562,0.000093,0.064264,0.000238,1.471305,0.000596,1.471901,1.471901,1.471901,0.735951,0.735951,0,0,1,0,0.000000,0.080000,0.008000,0.001000,5.500000,0.100000,22.000000,0.025000,0.000000
11.026000,0.500000,0.640000,-3.626863,0.000000,-3.626863,-0.457616,0.000000,0.457616,0.019284,-0.002376,0.030969,0.030969,0.011684,0.064502,0.066878,0.036609,0.025562,0.000094,0.064264,0.000238,1.471305,0.000000,1.471305,1.471305,1.471305,0.735653,0.735653,0,0,1,0,0.000000,0.080000,0.008000,0.001000,5.500000,0.100000,22.000000,0.025000,0.000000
11.031000,0.500000,0.640000,-3.629197,0.000000,-3.629197,-0.458085,0.000000,0.458085,0.019261,-0.002362,0.030969,0.030969,0.011708,0.064628,0.066991,0.036647,0.025562,0.000094,0.064392,0.000236,1.473791,0.000565,1.474356,1.474356,1.474356,0.737178,0.737178,0,0,1,0,0.000000,0.080000,0.008000,0.001000,5.500000,0.100000,22.000000,0.025000,0.000000
11.036000,0.500000,0.640000,-3.631533,0.000000,-3.631533,-0.458554,0.000000,0.458554,0.019261,-0.002362,0.030969,0.030969,0.011708,0.064628,0.066991,0.036684,0.025562,0.000094,0.064392,0.000236,1.473791,0.000000,1.473791,1.473791,1.473791,0.736896,0.736896,0,0,1,0,0.000000,0.080000,0.008000,0.001000,5.500000,0.100000,22.000000,0.025000,0.000000
11.041000,0.500000,0.640000,-3.633872,0.000000,-3.633872,-0.459025,0.000000,0.459025,0.019238,-0.002349,0.030969,0.030969,0.011731,0.064753,0.067102,0.036722,0.025562,0.000094,0.064518,0.000235,1.476253,0.000559,1.476812,1.476812,1.476812,0.738406,0.738406,0,0,1,0,0.000000,0.080000,0.008000,0.001000,5.500000,0.100000,22.000000,0.025000,0.000000
11.046000,0.500000,0.640000,-3.636213,0.000000,-3.636213,-0.459495,0.000000,0.459495,0.019238,-0.002349,0.030969,0.030969,0.011731,0.064753,0.067102,0.036760,0.025562,0.000094,0.064518,0.000235,1.476253,0.000000,1.476253,1.476253,1.476253,0.738126,0.738126,0,0,1,0,0.000000,0.080000,0.008000,0.001000,5.500000,0.100000,22.000000,0.025000,0.000000
11.051000,0.500000,0.640000,-3.638557,0.000000,-3.638557,-0.459966,0.000000,0.459966,0.019215,-0.002339,0.030969,0.030969,0.011754,0.064879,0.067218,0.036797,0.025562,0.000094,0.064645,0.000234,1.478794,0.000577,1.479371,1.479371,1.479371,0.739686,0.739686,0,0,1,0,0.000000,0.080000,0.008000,0.001000,5.500000,0.100000,22.000000,0.025000,0.000000
11.056000,0.500000,0.640000,-3.640903,0.000000,-3.640903,-0.460437,0.000000,0.460437,0.019215,-0.002339,0.030969,0.030969,0.011754,0.064879,0.067218,0.036835,0.025562,0.000094,0.064645,0.000234,1.478794,0.000000,1.478794,1.478794,1.478794,0.739397,0.739397,0,0,1,0,0.000000,0.080000,0.008000,0.001000,5.500000,0.100000,22.000000,0.025000,0.000000
11.061000,0.500000,0.640000,-3.643251,0.000000,-3.643251,-0.460908,0.000000,0.460908,0.019192,-0.002335,0.030969,0.030969,0.011777,0.065006,0.067341,0.036873,0.025562,0.000094,0.064772,0.000233,1.481491,0.000613,1.482104,1.482104,1.482104,0.741052,0.741052,0,0,1,0,0.000000,0.080000,0.008000,0.001000,5.500000,0.100000,22.000000,0.025000,0.000000
11.066000,0.500000,0.640000,-3.645602,0.000000,-3.645602,-0.461379,0.000000,0.461379,0.019192,-0.002335,0.030969,0.030969,0.011777,0.065006,0.067341,0.036910,0.025562,0.000094,0.064772,0.000233,1.481491,0.000000,1.481491,1.481491,1.481491,0.740746,0.740746,0,0,1,0,0.000000,0.080000,0.008000,0.001000,5.500000,0.100000,22.000000,0.025000,0.000000
11.071000,0.500000,0.640000,-3.647955,0.000000,-3.647955,-0.461850,0.000000,0.461850,0.019169,-0.002338,0.030969,0.030969,0.011800,0.065135,0.067472,0.036948,0.025562,0.000094,0.064901,0.000234,1.484386,0.000658,1.485044,1.485044,1.485044,0.742522,0.742522,0,0,1,0,0.000000,0.080000,0.008000,0.001000,5.500000,0.100000,22.000000,0.025000,0.000000
11.076000,0.500000,0.640000,-3.650310,0.000000,-3.650310,-0.462321,0.000000,0.462321,0.019169,-0.002338,0.030969,0.030969,0.011800,0.065135,0.067472,0.036986,0.025562,0.000094,0.064901,0.000234,1.484386,0.000000,1.484386,1.484386,1.484386,0.742193,0.742193,0,0,1,0,0.000000,0.080000,0.008000,0.001000,5.500000,0.100000,22.000000,0.025000,0.000000
11.085000,0.500000,0.640000,-3.652668,0.000000,-3.652668,-0.462792,0.000000,0.462792,0.019145,-0.002347,0.030969,0.030969,0.011824,0.065266,0.067613,0.037023,0.025562,0.000052,0.065031,0.000235,1.487477,0.000390,1.487867,1.487867,1.487867,0.743934,0.743934,0,0,1,0,0.000000,0.080000,0.008000,0.001000,5.500000,0.100000,22.000000,0.025000,0.000000
11.090000,0.500000,0.640000,-3.655028,0.000000,-3.655028,-0.463263,0.000000,0.463263,0.019121,-0.002372,0.030969,0.030969,0.011848,0.065402,0.067774,0.037061,0.025562,0.000094,0.065165,0.000237,1.491039,0.000810,1.491849,1.491849,1.491849,0.745924,0.745924,0,0,1,0,0.000000,0.080000,0.008000,0.001000,5.500000,0.100000,22.000000,0.025000,0.000000
11.095000,0.500000,0.640000,-3.657390,0.000000,-3.657390,-0.463732,0.000000,0.463732,0.019121,-0.002372,0.030969,0.030969,0.011848,0.065402,0.067774,0.037099,0.025562,0.000094,0.065165,0.000237,1.491039,0.000000,1.491039,1.491039,1.491039,0.745519,0.745519,0,0,1,0,0.000000,0.080000,0.008000,0.001000,5.500000,0.100000,22.000000,0.025000,0.000000
11.100000,0.500000,0.640000,-3.659755,0.000000,-3.659755,-0.464201,0.000000,0.464201,0.019121,-0.002372,0.030969,0.030969,0.011848,0.065402,0.067774,0.037136,0.025562,0.000094,0.065165,0.000237,1.491039,0.000000,1.491039,1.491039,1.491039,0.745519,0.745519,0,0,1,0,0.000000,0.080000,0.008000,0.001000,5.500000,0.100000,22.000000,0.025000,0.000000
11.105000,0.500000,0.640000,-3.662122,0.000000,-3.662122,-0.464671,0.000000,0.464671,0.019096,-0.002395,0.030969,0.030969,0.011873,0.065542,0.067937,0.037174,0.025562,0.000094,0.065302,0.000240,1.494618,0.000813,1.495431,1.495431,1.495431,0.747715,0.747715,0,0,1,0,0.000000,0.080000,0.008000,0.001000,5.500000,0.100000,22.000000,0.025000,0.000000
11.110000,0.500000,0.640000,-3.664492,0.000000,-3.664492,-0.465141,0.000000,0.465141,0.019096,-0.002395,0.030969,0.030969,0.011873,0.065542,0.067937,0.037211,0.025562,0.000094,0.065302,0.000240,1.494618,0.000000,1.494618,1.494618,1.494618,0.747309,0.747309,0,0,1,0,0.000000,0.080000,0.008000,0.001000,5.500000,0.100000,22.000000,0.025000,0.000000
11.115000,0.500000,0.640000,-3.666863,0.000000,-3.666863,-0.465613,0.000000,0.465613,0.019071,-0.002414,0.030969,0.030969,0.011898,0.065682,0.068096,0.037249,0.025562,0.000094,0.065440,0.000241,1.498103,0.000792,1.498895,1.498895,1.498895,0.749448,0.749448,0,0,1,0,0.000000,0.080000,0.008000,0.001000,5.500000,0.100000,22.000000,0.025000,0.000000
11.120000,0.500000,0.640000,-3.669238,0.000000,-3.669238,-0.466085,0.000000,0.466085,0.019071,-0.002414,0.030969,0.030969,0.011898,0.065682,0.068096,0.037287,0.025562,0.000094,0.065440,0.000241,1.498103,0.000000,1.498103,1.498103,1.498103,0.749051,0.749051,0,0,1,0,0.000000,0.080000,0.008000,0.001000,5.500000,0.100000,22.000000,0.025000,0.000000
11.125000,0.500000,0.640000,-3.671614,0.000000,-3.671614,-0.466557,0.000000,0.466557,0.019045,-0.002438,0.030969,0.030969,0.011923,0.065822,0.068259,0.037325,0.025562,0.000094,0.065578,0.000244,1.501704,0.000818,1.502522,1.502522,1.502522,0.751261,0.751261,0,0,1,0,0.000000,0.080000,0.008000,0.001000,5.500000,0.100000,22.000000,0.025000,0.000000
11.130000,0.500000,0.640000,-3.673993,0.000000,-3.673993,-0.467029,0.000000,0.467029,0.019045,-0.002438,0.030969,0.030969,0.011923,0.065822,0.068259,0.037362,0.025562,0.000094,0.065578,0.000244,1.501704,0.000000,1.501704,1.501704,1.501704,0.750852,0.750852,0,0,1,0,0.000000,0.080000,0.008000,0.001000,5.500000,0.100000,22.000000,0.025000,0.000000
11.139000,0.500000,0.640000,-3.678759,0.000000,-3.678759,-0.467978,0.000000,0.467978,0.019020,-0.002450,0.030969,0.030969,0.011949,0.065962,0.068413,0.037438,0.025562,0.000105,0.065717,0.000245,1.505077,0.000426,1.505502,1.505502,1.505502,0.752751,0.752751,0,0,1,0,0.000000,0.080000,0.008000,0.001000,5.500000,0.100000,22.000000,0.025000,0.000000
11.144000,0.500000,0.640000,-3.681145,0.000000,-3.681145,-0.468452,0.000000,0.468452,0.018995,-0.002466,0.030969,0.030969,0.011974,0.066102,0.068567,0.037476,0.025562,0.000095,0.065855,0.000247,1.508484,0.000774,1.509258,1.509258,1.509258,0.754629,0.754629,0,0,1,0,0.000000,0.080000,0.008000,0.001000,5.500000,0.100000,22.000000,0.025000,0.000000
11.149000,0.500000,0.640000,-3.683534,0.000000,-3.683534,-0.468928,0.000000,0.468928,0.018995,-0.002466,0.030969,0.030969,0.011974,0.066102,0.068567,0.037514,0.025562,0.000095,0.065855,0.000247,1.508484,0.000000,1.508484,1.508484,1.508484,0.754242,0.754242,0,0,1,0,0.000000,0.080000,0.008000,0.001000,5.500000,0.100000,22.000000,0.025000,0.000000
11.154000,0.500000,0.640000,-3.685926,0.000000,-3.685926,-0.469406,0.000000,0.469406,0.018970,-0.002466,0.030969,0.030969,0.011999,0.066240,0.068706,0.037552,0.025562,0.000096,0.065993,0.000247,1.511533,0.000693,1.512226,1.512226,1.512226,0.756113,0.756113,0,0,1,0,0.000000,0.080000,0.008000,0.001000,5.500000,0.100000,22.000000,0.025000,0.000000
11.159000,0.500000,0.640000,-3.688320,0.000000,-3.688320,-0.469885,0.000000,0.469885,0.018970,-0.002466,0.030969,0.030969,0.011999,0.066240,0.068706,0.037591,0.025562,0.000096,0.065993,0.000247,1.511533,0.000000,1.511533,1.511533,1.511533,0.755766,0.755766,0,0,1,0,0.000000,0.080000,0.008000,0.001000,5.500000,0.100000,22.000000,0.025000,0.000000
11.164000,0.500000,0.640000,-3.690716,0.000000,-3.690716,-0.470365,0.000000,0.470365,0.018946,-0.002457,0.030969,0.030969,0.012023,0.066373,0.068830,0.037629,0.025562,0.000096,0.066128,0.000246,1.514262,0.000620,1.514883,1.514883,1.514883,0.757441,0.757441,0,0,1,0,0.000000,0.080000,0.008000,0.001000,5.500000,0.100000,22.000000,0.025000,0.000000
11.169000,0.500000,0.640000,-3.693115,0.000000,-3.693115,-0.470847,0.000000,0.470847,0.018946,-0.002457,0.030969,0.030969,0.012023,0.066373,0.068830,0.037668,0.025562,0.000096,0.066128,0.000246,1.514262,0.000000,1.514262,1.514262,1.514262,0.757131,0.757131,0,0,1,0,0.000000,0.080000,0.008000,0.001000,5.500000,0.100000,22.000000,0.025000,0.000000
11.174000,0.500000,0.640000,-3.695517,0.000000,-3.695517,-0.471330,0.000000,0.471330,0.018922,-0.002441,0.030969,0.030969,0.012047,0.066503,0.068944,0.037706,0.025562,0.000097,0.066259,0.000244,1.516778,0.000572,1.517350,1.517350,1.517350,0.758675,0.758675,0,0,1,0,0.000000,0.080000,0.008000,0.001000,5.500000,0.100000,22.000000,0.025000,0.000000
11.183000,0.500000,0.640000,-3.700327,0.000000,-3.700327,-0.472298,0.000000,0.472298,0.018898,-0.002423,0.030969,0.030969,0.012071,0.066632,0.069055,0.037784,0.025562,0.000108,0.066389,0.000242,1.519213,0.000307,1.519520,1.519520,1.519520,0.759760,0.759760,0,0,1,0,0.000000,0.080000,0.008000,0.001000,5.500000,0.100000,22.000000,0.025000,0.000000
11.188000,0.500000,0.640000,-3.702736,0.000000,-3.702736,-0.472783,0.000000,0.472783,0.018898,-0.002423,0.030969,0.030969,0.012071,0.066632,0.069055,0.037823,0.025562,0.000097,0.066389,0.000242,1.519213,0.000000,1.519213,1.519213,1.519213,0.759606,0.759606,0,0,1,0,0.000000,0.080000,0.008000,0.001000,5.500000,0.100000,22.000000,0.025000,0.000000
11.193000,0.500000,0.640000,-3.705148,0.000000,-3.705148,-0.473268,0.000000,0.473268,0.018874,-0.002408,0.030969,0.030969,0.012094,0.066759,0.069167,0.037861,0.025562,0.000097,0.066518,0.000241,1.521667,0.000558,1.522225,1.522225,1.522225,0.761112,0.761112,0,0,1,0,0.000000,0.080000,0.008000,0.001000,5.500000,0.100000,22.000000,0.025000,0.000000
11.198000,0.500000,0.640000,-3.707562,0.000000,-3.707562,-0.473754,0.000000,0.473754,0.018874,-0.002408,0.030969,0.030969,0.012094,0.066759,0.069167,0.037900,0.025562,0.000097,0.066518,0.000241,1.521667,0.000000,1.521667,1.521667,1.521667,0.760834,0.760834,0,0,1,0,0.000000,0.080000,0.008000,0.001000,5.500000,0.100000,22.000000,0.025000,0.000000
11.203000,0.500000,0.640000,-3.709978,0.000000,-3.709978,-0.474240,0.000000,0.474240,0.018851,-0.002398,0.030969,0.030969,0.012118,0.066888,0.069286,0.037939,0.025562,0.000097,0.066648,0.000240,1.524290,0.000596,1.524886,1.524886,1.524886,0.762443,0.762443,0,0,1,0,0.000000,0.080000,0.008000,0.001000,5.500000,0.100000,22.000000,0.025000,0.000000
11.208000,0.500000,0.640000,-3.712397,0.000000,-3.712397,-0.474725,0.000000,0.474725,0.018851,-0.002398,0.030969,0.030969,0.012118,0.066888,0.069286,0.037978,0.025562,0.000097,0.066648,0.000240,1.524290,0.000000,1.524290,1.524290,1.524290,0.762145,0.762145,0,0,1,0,0.000000,0.080000,0.008000,0.001000,5.500000,0.100000,22.000000,0.025000,0.000000
11.213000,0.500000,0.640000,-3.714818,0.000000,-3.714818,-0.475211,0.000000,0.475211,0.018827,-0.002397,0.030969,0.030969,0.012142,0.067019,0.069416,0.038017,0.025562,0.000097,0.066779,0.000240,1.527148,0.000650,1.527797,1.527797,1.527797,0.763899,0.763899,0,0,1,0,0.000000,0.080000,0.008000,0.001000,5.500000,0.100000,22.000000,0.025000,0.000000
11.218000,0.500000,0.640000,-3.717241,0.000000,-3.717241,-0.475695,0.000000,0.475695,0.018827,-0.002397,0.030969,0.030969,0.012142,0.067019,0.069416,0.038056,0.025562,0.000097,0.066779,0.000240,1.527148,0.000000,1.527148,1.527148,1.527148,0.763574,0.763574,0,0,1,0,0.000000,0.080000,0.008000,0.001000,5.500000,0.100000,22.000000,0.025000,0.000000
11.223000,0.500000,0.640000,-3.719668,0.000000,-3.719668,-0.476181,0.000000,0.476181,0.018803,-0.002405,0.030969,0.030969,0.012166,0.067153,0.069557,0.038094,0.025562,0.000097,0.066912,0.000240,1.530260,0.000707,1.530967,1.530967,1.530967,0.765484,0.765484,0,0,1,0,0.000000,0.080000,0.008000,0.001000,5.500000,0.100000,22.000000,0.025000,0.000000
11.228000,0.500000,0.640000,-3.722096,0.000000,-3.722096,-0.476665,0.000000,0.476665,0.018803,-0.002405,0.030969,0.030969,0.012166,0.067153,0.069557,0.038133,0.025562,0.000097,0.066912,0.000240,1.530260,0.000000,1.530260,1.530260,1.530260,0.765130,0.765130,0,0,1,0,0.000000,0.080000,0.008000,0.001000,5.500000,0.100000,22.000000,0.025000,0.000000
11.233000,0.500000,0.640000,-3.724527,0.000000,-3.724527,-0.477150,0.000000,0.477150,0.018778,-0.002419,0.030969,0.030969,0.012191,0.067290,0.069709,0.038172,0.025562,0.000097,0.067048,0.000242,1.533597,0.000758,1.534355,1.534355,1.534355,0.767177,0.767177,0,0,1,0,0.000000,0.080000,0.008000,0.001000,5.500000,0.100000,22.000000,0.025000,0.000000
11.238000,0.500000,0.640000,-3.726960,0.000000,-3.726960,-0.477635,0.000000,0.477635,0.018778,-0.002419,0.030969,0.030969,0.012191,0.067290,0.069709,0.038211,0.025562,0.000097,0.067048,0.000242,1.533597,0.000000,1.533597,1.533597,1.533597,0.766798,0.766798,0,0,1,0,0.000000,0.080000,0.008000,0.001000,5.500000,0.100000,22.000000,0.025000,0.000000
11.247000,0.500000,0.640000,-3.731834,0.000000,-3.731834,-0.478604,0.000000,0.478604,0.018753,-0.002438,0.030969,0.030969,0.012216,0.067430,0.069868,0.038288,0.025562,0.000108,0.067186,0.000244,1.537091,0.000441,1.537532,1.537532,1.537532,0.768766,0.768766,0,0,1,0,0.000000,0.080000,0.008000,0.001000,5.500000,0.100000,22.000000,0.025000,0.000000
11.252000,0.500000,0.640000,-3.734274,0.000000,-3.734274,-0.479088,0.000000,0.479088,0.018727,-0.002472,0.030969,0.030969,0.012241,0.067574,0.070046,0.038327,0.025562,0.000097,0.067327,0.000247,1.541007,0.000890,1.541896,1.541896,1.541896,0.770948,0.770948,0,0,1,0,0.000000,0.080000,0.008000,0.001000,5.500000,0.100000,22.000000,0.025000,0.000000
11.257000,0.500000,0.640000,-3.736717,0.000000,-3.736717,-0.479571,0.000000,0.479571,0.018727,-0.002472,0.030969,0.030969,0.012241,0.067574,0.070046,0.038366,0.025562,0.000097,0.067327,0.000247,1.541007,0.000000,1.541007,1.541007,1.541007,0.770503,0.770503,0,0,1,0,0.000000,0.080000,0.008000,0.001000,5.500000,0.100000,22.000000,0.025000,0.000000
11.262000,0.500000,0.640000,-3.739162,0.000000,-3.739162,-0.480056,0.000000,0.480056,0.018701,-0.002498,0.030969,0.030969,0.012267,0.067721,0.070219,0.038405,0.025562,0.000097,0.067471,0.000250,1.544810,0.000864,1.545674,1.545674,1.545674,0.772837,0.772837,0,0,1,0,0.000000,0.080000,0.008000,0.001000,5.500000,0.100000,22.000000,0.025000,0.000000
11.267000,0.500000,0.640000,-3.741610,0.000000,-3.741610,-0.480542,0.000000,0.480542,0.018701,-0.002498,0.030969,0.030969,0.012267,0.067721,0.070219,0.038443,0.025562,0.000097,0.067471,0.000250,1.544810,0.000000,1.544810,1.544810,1.544810,0.772405,0.772405,0,0,1,0,0.000000,0.080000,0.008000,0.001000,5.500000,0.100000,22.000000,0.025000,0.000000
11.272000,0.500000,0.640000,-3.744061,0.000000,-3.744061,-0.481029,0.000000,0.481029,0.018675,-0.002515,0.030969,0.030969,0.012294,0.067866,0.070381,0.038482,0.025562,0.000097,0.067615,0.000251,1.548383,0.000812,1.549195,1.549195,1.549195,0.774598,0.774598,0,0,1,0,0.000000,0.080000,0.008000,0.001000,5.500000,0.100000,22.000000,0.025000,0.000000
11.277000,0.500000,0.640000,-3.746514,0.000000,-3.746514,-0.481517,0.000000,0.481517,0.018675,-0.002515,0.030969,0.030969,0.012294,0.067866,0.070381,0.038521,0.025562,0.000098,0.067615,0.000251,1.548383,0.000000,1.548383,1.548383,1.548383,0.774191,0.774191,0,0,1,0,0.000000,0.080000,0.008000,0.001000,5.500000,0.100000,22.000000,0.025000,0.000000
11.282000,0.500000,0.640000,-3.748969,0.000000,-3.748969,-0.482007,0.000000,0.482007,0.018649,-0.002522,0.030969,0.030969,0.012319,0.068009,0.070531,0.038561,0.025562,0.000098,0.067756,0.000252,1.551678,0.000749,1.552427,1.552427,1.552427,0.776214,0.776214,0,0,1,0,0.000000,0.080000,0.008000,0.001000,5.500000,0.100000,22.000000,0.025000,0.000000
11.287000,0.500000,0.640000,-3.751427,0.000000,-3.751427,-0.482497,0.000000,0.482497,0.018649,-0.002522,0.030969,0.030969,0.012319,0.068009,0.070531,0.038600,0.025562,0.000098,0.067756,0.000252,1.551678,0.000000,1.551678,1.551678,1.551678,0.775839,0.775839,0,0,1,0,0.000000,0.080000,0.008000,0.001000,5.500000,0.100000,22.000000,0.025000,0.000000
11.292000,0.500000,0.640000,-3.753888,0.000000,-3.753888,-0.482990,0.000000,0.482990,0.018624,-0.002520,0.030969,0.030969,0.012345,0.068148,0.070668,0.038639,0.025562,0.000098,0.067896,0.000252,1.554706,0.000688,1.555394,1.555394,1.555394,0.777697,0.777697,0,0,1,0,0.000000,0.080000,0.008000,0.001000,5.500000,0.100000,22.000000,0.025000,0.000000
11.301000,0.500000,0.640000,-3.758817,0.000000,-3.758817,-0.483978,0.000000,0.483978,0.018599,-0.002512,0.030969,0.030969,0.012370,0.068285,0.070797,0.038718,0.025562,0.000110,0.068033,0.000251,1.557524,0.000356,1.557879,1.557879,1.557879,0.778940,0.778940,0,0,1,0,0.000000,0.080000,0.008000,0.001000,5.500000,0.100000,22.000000,0.025000,0.000000
11.306000,0.500000,0.640000,-3.761285,0.000000,-3.761285,-0.484473,0.000000,0.484473,0.018599,-0.002512,0.030969,0.030969,0.012370,0.068285,0.070797,0.038758,0.025562,0.000099,0.068033,0.000251,1.557524,0.000000,1.557524,1.557524,1.557524,0.778762,0.778762,0,0,1,0,0.000000,0.080000,0.008000,0.001000,5.500000,0.100000,22.000000,0.025000,0.000000
11.311000,0.500000,0.640000,-3.763756,0.000000,-3.763756,-0.484970,0.000000,0.484970,0.018574,-0.002499,0.030969,0.030969,0.012394,0.068419,0.070918,0.038798,0.025562,0.000099,0.068169,0.000250,1.560185,0.000605,1.560790,1.560790,1.560790,0.780395,0.780395,0,0,1,0,0.000000,0.080000,0.008000,0.001000,5.500000,0.100000,22.000000,0.025000,0.000000
11.316000,0.500000,0.640000,-3.766230,0.000000,-3.766230,-0.485467,0.000000,0.485467,0.018574,-0.002499,0.030969,0.030969,0.012394,0.068419,0.070918,0.038837,0.025562,0.000099,0.068169,0.000250,1.560185,0.000000,1.560185,1.560185,1.560185,0.780093,0.780093,0,0,1,0,0.000000,0.080000,0.008000,0.001000,5.500000,0.100000,22.000000,0.025000,0.000000
11.321000,0.500000,0.640000,-3.768706,0.000000,-3.768706,-0.485964,0.000000,0.485964,0.018550,-0.002487,0.030969,0.030969,0.012419,0.068552,0.071038,0.038877,0.025562,0.000100,0.068303,0.000249,1.562844,0.000604,1.563449,1.563449,1.563449,0.781724,0.781724,0,0,1,0,0.000000,0.080000,0.008000,0.001000,5.500000,0.100000,22.000000,0.025000,0.000000
11.326000,0.500000,0.640000,-3.771185,0.000000,-3.771185,-0.486462,0.000000,0.486462,0.018550,-0.002487,0.030969,0.030969,0.012419,0.068552,0.071038,0.038917,0.025562,0.000100,0.068303,0.000249,1.562844,0.000000,1.562844,1.562844,1.562844,0.781422,0.781422,0,0,1,0,0.000000,0.080000,0.008000,0.001000,5.500000,0.100000,22.000000,0.025000,0.000000
11.331000,0.500000,0.640000,-3.771185,0.000000,-3.771185,-0.486462,0.000000,0.486462,0.018526,-0.002478,0.030969,0.030969,0.012443,0.068685,0.071164,0.038917,0.025562,0.000000,0.068437,0.000248,1.565597,0.000626,1.566223,1.566223,1.566223,0.783111,0.783111,0,0,1,0,0.000000,0.080000,0.008000,0.001000,5.500000,0.100000,22.000000,0.025000,0.000000
11.336000,0.500000,0.640000,-3.773666,0.000000,-3.773666,-0.486961,0.000000,0.486961,0.018526,-0.002478,0.030969,0.030969,0.012443,0.068685,0.071164,0.038957,0.025562,0.000100,0.068437,0.000248,1.565597,0.000000,1.565597,1.565597,1.565597,0.782799,0.782799,0,0,1,0,0.000000,0.080000,0.008000,0.001000,5.500000,0.100000,22.000000,0.025000,0.000000
11.345000,0.500000,0.640000,-3.778636,0.000000,-3.778636,-0.487957,0.000000,0.487957,0.018501,-0.002476,0.030969,0.030969,0.012468,0.068820,0.071296,0.039037,0.025562,0.000111,0.068573,0.000248,1.568513,0.000368,1.568881,1.568881,1.568881,0.784441,0.784441,0,0,1,0,0.000000,0.080000,0.008000,0.001000,5.500000,0.100000,22.000000,0.025000,0.000000
11.350000,0.500000,0.640000,-3.781124,0.000000,-3.781124,-0.488456,0.000000,0.488456,0.018501,-0.002476,0.030969,0.030969,0.012468,0.068820,0.071296,0.039076,0.025562,0.000100,0.068573,0.000248,1.568513,0.000000,1.568513,1.568513,1.568513,0.784257,0.784257,0,0,1,0,0.000000,0.080000,0.008000,0.001000,5.500000,0.100000,22.000000,0.025000,0.000000
11.355000,0.500000,0.640000,-3.783615,0.000000,-3.783615,-0.488952,0.000000,0.488952,0.018476,-0.002491,0.030969,0.030969,0.012493,0.068960,0.071451,0.039116,0.025562,0.000099,0.068711,0.000249,1.571915,0.000773,1.572688,1.572688,1.572688,0.786344,0.786344,0,0,1,0,0.000000,0.080000,0.008000,0.001000,5.500000,0.100000,22.000000,0.025000,0.000000
11.360000,0.500000,0.640000,-3.786109,0.000000,-3.786109,-0.489449,0.000000,0.489449,0.018476,-0.002491,0.030969,0.030969,0.012493,0.068960,0.071451,0.039156,0.025562,0.000099,0.068711,0.000249,1.571915,0.000000,1.571915,1.571915,1.571915,0.785958,0.785958,0,0,1,0,0.000000,0.080000,0.008000,0.001000,5.500000,0.100000,22.000000,0.025000,0.000000
11.365000,0.500000,0.640000,-3.788605,0.000000,-3.788605,-0.489944,0.000000,0.489944,0.018450,-0.002521,0.030969,0.030969,0.012519,0.069106,0.071627,0.039196,0.025562,0.000099,0.068854,0.000252,1.575797,0.000882,1.576679,1.576679,1.576679,0.788340,0.788340,0,0,1,0,0.000000,0.080000,0.008000,0.001000,5.500000,0.100000,22.000000,0.025000,0.000000
11.370000,0.500000,0.640000,-3.791103,0.000000,-3.791103,-0.490439,0.000000,0.490439,0.018450,-0.002521,0.030969,0.030969,0.012519,0.069106,0.071627,0.039235,0.025562,0.000099,0.068854,0.000252,1.575797,0.000000,1.575797,1.575797,1.575797,0.787899,0.787899,0,0,1,0,0.000000,0.080000,0.008000,0.001000,5.500000,0.100000,22.000000,0.025000,0.000000
11.375000,0.500000,0.640000,-3.793604,0.000000,-3.793604,-0.490934,0.000000,0.490934,0.018423,-0.002560,0.030969,0.030969,0.012546,0.069257,0.071817,0.039275,0.025562,0.000099,0.069001,0.000256,1.579964,0.000947,1.580910,1.580910,1.580910,0.790455,0.790455,0,0,1,0,0.000000,0.080000,0.008000,0.001000,5.500000,0.100000,22.000000,0.025000,0.000000
11.384000,0.500000,0.640000,-3.798612,0.000000,-3.798612,-0.491926,0.000000,0.491926,0.018396,-0.002586,0.030969,0.030969,0.012573,0.069409,0.071995,0.039354,0.025562,0.000110,0.069151,0.000259,1.583891,0.000496,1.584387,1.584387,1.584387,0.792193,0.792193,0,0,1,0,0.000000,0.080000,0.008000,0.001000,5.500000,0.100000,22.000000,0.025000,0.000000
11.389000,0.500000,0.640000,-3.801121,0.000000,-3.801121,-0.492424,0.000000,0.492424,0.018396,-0.002586,0.030969,0.030969,0.012573,0.069409,0.071995,0.039394,0.025562,0.000100,0.069151,0.000259,1.583891,0.000000,1.583891,1.583891,1.583891,0.791945,0.791945,0,0,1,0,0.000000,0.080000,0.008000,0.001000,5.500000,0.100000,22.000000,0.025000,0.000000
11.394000,0.500000,0.640000,-3.803632,0.000000,-3.803632,-0.492924,0.000000,0.492924,0.018369,-0.002596,0.030969,0.030969,0.012600,0.069557,0.072153,0.039434,0.025562,0.000100,0.069298,0.000260,1.587376,0.000792,1.588168,1.588168,1.588168,0.794084,0.794084,0,0,1,0,0.000000,0.080000,0.008000,0.001000,5.500000,0.100000,22.000000,0.025000,0.000000
11.399000,0.500000,0.640000,-3.806146,0.000000,-3.806146,-0.493425,0.000000,0.493425,0.018369,-0.002596,0.030969,0.030969,0.012600,0.069557,0.072153,0.039474,0.025562,0.000100,0.069298,0.000260,1.587376,0.000000,1.587376,1.587376,1.587376,0.793688,0.793688,0,0,1,0,0.000000,0.080000,0.008000,0.001000,5.500000,0.100000,22.000000,0.025000,0.000000
11.404000,0.500000,0.640000,-3.808662,0.000000,-3.808662,-0.493929,0.000000,0.493929,0.018343,-0.002594,0.030969,0.030969,0.012626,0.069701,0.072295,0.039514,0.025562,0.000101,0.069442,0.000259,1.590480,0.000705,1.591185,1.591185,1.591185,0.795593,0.795593,0,0,1,0,0.000000,0.080000,0.008000,0.001000,5.500000,0.100000,22.000000,0.025000,0.000000
11.409000,0.500000,0.640000,-3.811181,0.000000,-3.811181,-0.494433,0.000000,0.494433,0.018343,-0.002594,0.030969,0.030969,0.012626,0.069701,0.072295,0.039555,0.025562,0.000101,0.069442,0.000259,1.590480,0.000000,1.590480,1.590480,1.590480,0.795240,0.795240,0,0,1,0,0.000000,0.080000,0.008000,0.001000,5.500000,0.100000,22.000000,0.025000,0.000000
11.414000,0.500000,0.640000,-3.813703,0.000000,-3.813703,-0.494940,0.000000,0.494940,0.018317,-0.002581,0.030969,0.030969,0.012651,0.069840,0.072422,0.039595,0.025562,0.000101,0.069582,0.000258,1.593273,0.000635,1.593908,1.593908,1.593908,0.796954,0.796954,0,0,1,0,0.000000,0.080000,0.008000,0.001000,5.500000,0.100000,22.000000,0.025000,0.000000
11.419000,0.500000,0.640000,-3.816227,0.000000,-3.816227,-0.495447,0.000000,0.495447,0.018317,-0.002581,0.030969,0.030969,0.012651,0.069840,0.072422,0.039636,0.025562,0.000101,0.069582,0.000258,1.593273,0.000000,1.593273,1.593273,1.593273,0.796637,0.796637,0,0,1,0,0.000000,0.080000,0.008000,0.001000,5.500000,0.100000,22.000000,0.025000,0.000000
11.424000,0.500000,0.640000,-3.818754,0.000000,-3.818754,-0.495955,0.000000,0.495955,0.018292,-0.002563,0.030969,0.030969,0.012676,0.069977,0.072540,0.039676,0.025562,0.000102,0.069720,0.000256,1.595877,0.000592,1.596469,1.596469,1.596469,0.798235,0.798235,0,0,1,0,0.000000,0.080000,0.008000,0.001000,5.500000,0.100000,22.000000,0.025000,0.000000
11.433000,0.500000,0.640000,-3.823816,0.000000,-3.823816,-0.496974,0.000000,0.496974,0.018267,-0.002545,0.030969,0.030969,0.012701,0.070111,0.072656,0.039758,0.025562,0.000113,0.069857,0.000254,1.598435,0.000323,1.598758,1.598758,1.598758,0.799379,0.799379,0,0,1,0,0.000000,0.080000,0.008000,0.001000,5.500000,0.100000,22.000000,0.025000,0.000000
11.438000,0.500000,0.640000,-3.826351,0.000000,-3.826351,-0.497485,0.000000,0.497485,0.018267,-0.002545,0.030969,0.030969,0.012701,0.070111,0.072656,0.039799,0.025562,0.000102,0.069857,0.000254,1.598435,0.000000,1.598435,1.598435,1.598435,0.799218,0.799218,0,0,1,0,0.000000,0.080000,0.008000,0.001000,5.500000,0.100000,22.000000,0.025000,0.000000
11.443000,0.500000,0.640000,-3.828888,0.000000,-3.828888,-0.497996,0.000000,0.497996,0.018243,-0.002530,0.030969,0.030969,0.012726,0.070245,0.072775,0.039840,0.025562,0.000102,0.069992,0.000253,1.601050,0.000594,1.601644,1.601644,1.601644,0.800822,0.800822,0,0,1,0,0.000000,0.080000,0.008000,0.001000,5.500000,0.100000,22.000000,0.025000,0.000000
11.448000,0.500000,0.640000,-3.831429,0.000000,-3.831429,-0.498506,0.000000,0.498506,0.018243,-0.002530,0.030969,0.030969,0.012726,0.070245,0.072775,0.039881,0.025562,0.000102,0.069992,0.000253,1.601050,0.000000,1.601050,1.601050,1.601050,0.800525,0.800525,0,0,1,0,0.000000,0.080000,0.008000,0.001000,5.500000,0.100000,22.000000,0.025000,0.000000
11.453000,0.500000,0.640000,-3.833971,0.000000,-3.833971,-0.499018,0.000000,0.499018,0.018218,-0.002522,0.030969,0.030969,0.012751,0.070381,0.072903,0.039921,0.025562,0.000102,0.070129,0.000252,1.603866,0.000640,1.604507,1.604507,1.604507,0.802253,0.802253,0,0,1,0,0.000000,0.080000,0.008000,0.001000,5.500000,0.100000,22.000000,0.025000,0.000000
11.458000,0.500000,0.640000,-3.836516,0.000000,-3.836516,-0.499528,0.000000,0.499528,0.018218,-0.002522,0.030969,0.030969,0.012751,0.070381,0.072903,0.039962,0.025562,0.000102,0.070129,0.000252,1.603866,0.000000,1.603866,1.603866,1.603866,0.801933,0.801933,0,0,1,0,0.000000,0.080000,0.008000,0.001000,5.500000,0.100000,22.000000,0.025000,0.000000
11.463000,0.500000,0.640000,-3.839064,0.000000,-3.839064,-0.500039,0.000000,0.500039,0.018193,-0.002523,0.030969,0.030969,0.012776,0.070520,0.073043,0.040003,0.025562,0.000102,0.070267,0.000252,1.606943,0.000699,1.607642,1.607642,1.607642,0.803821,0.803821,0,0,1,0,0.000000,0.080000,0.008000,0.001000,5.500000,0.100000,22.000000,0.025000,0.000000
11.468000,0.500000,0.640000,-3.841614,0.000000,-3.841614,-0.500549,0.000000,0.500549,0.018193,-0.002523,0.030969,0.030969,0.012776,0.070520,0.073043,0.040044,0.025562,0.000102,0.070267,0.000252,1.606943,0.000000,1.606943,1.606943,1.606943,0.803471,0.803471,0,0,1,0,0.000000,0.080000,0.008000,0.001000,5.500000,0.100000,22.000000,0.025000,0.000000
11.473000,0.500000,0.640000,-3.844167,0.000000,-3.844167,-0.501059,0.000000,0.501059,0.018167,-0.002533,0.030969,0.030969,0.012801,0.070662,0.073195,0.040085,0.025562,0.000102,0.070408,0.000253,1.610284,0.000759,1.611044,1.611044,1.611044,0.805522,0.805522,0,0,1,0,0.000000,0.080000,0.008000,0.001000,5.500000,0.100000,22.000000,0.025000,0.000000
11.478000,0.500000,0.640000,-3.846722,0.000000,-3.846722,-0.501569,0.000000,0.501569,0.018167,-0.002533,0.030969,0.030969,0.012801,0.070662,0.073195,0.040125,0.025562,0.000102,0.070408,0.000253,1.610284,0.000000,1.610284,1.610284,1.610284,0.805142,0.805142,0,0,1,0,0.000000,0.080000,0.008000,0.001000,5.500000,0.100000,22.000000,0.025000,0.000000
11.483000,0.500000,0.640000,-3.849280,0.000000,-3.849280,-0.502079,0.000000,0.502079,0.018141,-0.002550,0.030969,0.030969,0.012828,0.070807,0.073357,0.040166,0.025562,0.000102,0.070552,0.000255,1.613847,0.000810,1.614657,1.614657,1.614657,0.807329,0.807329,0,0,1,0,0.000000,0.080000,0.008000,0.001000,5.500000,0.100000,22.000000,0.025000,0.000000
11.488000,0.500000,0.640000,-3.851840,0.000000,-3.851840,-0.502588,0.000000,0.502588,0.018141,-0.002550,0.030969,0.030969,0.012828,0.070807,0.073357,0.040207,0.025562,0.000102,0.070552,0.000255,1.613847,0.000000,1.613847,1.613847,1.613847,0.806924,0.806924,0,0,1,0,0.000000,0.080000,0.008000,0.001000,5.500000,0.100000,22.000000,0.025000,0.000000
11.497000,0.500000,0.640000,-3.856969,0.000000,-3.856969,-0.503609,0.000000,0.503609,0.018115,-0.002571,0.030969,0.030969,0.012854,0.070955,0.073525,0.040289,0.025562,0.000113,0.070698,0.000257,1.617555,0.000468,1.618023,1.618023,1.618023,0.809011,0.809011,0,0,1,0,0.000000,0.080000,0.008000,0.001000,5.500000,0.100000,22.000000,0.025000,0.000000
11.502000,0.500000,0.640000,-3.859537,0.000000,-3.859537,-0.504117,0.000000,0.504117,0.018088,-0.002606,0.030969,0.030969,0.012881,0.071107,0.073713,0.040329,0.025562,0.000102,0.070846,0.000261,1.621683,0.000938,1.622622,1.622622,1.622622,0.811311,0.811311,0,0,1,0,0.000000,0.080000,0.008000,0.001000,5.500000,0.100000,22.000000,0.025000,0.000000
11.507000,0.500000,0.640000,-3.862107,0.000000,-3.862107,-0.504626,0.000000,0.504626,0.018088,-0.002606,0.030969,0.030969,0.012881,0.071107,0.073713,0.040370,0.025562,0.000102,0.070846,0.000261,1.621683,0.000000,1.621683,1.621683,1.621683,0.810842,0.810842,0,0,1,0,0.000000,0.080000,0.008000,0.001000,5.500000,0.100000,22.000000,0.025000,0.000000
11.512000,0.500000,0.640000,-3.864680,0.000000,-3.864680,-0.505137,0.000000,0.505137,0.018060,-0.002633,0.030969,0.030969,0.012909,0.071261,0.073894,0.040411,0.025562,0.000102,0.070998,0.000263,1.625671,0.000906,1.626577,1.626577,1.626577,0.813289,0.813289,0,0,1,0,0.000000,0.080000,0.008000,0.001000,5.500000,0.100000,22.000000,0.025000,0.000000
11.517000,0.500000,0.640000,-3.867256,0.000000,-3.867256,-0.505648,0.000000,0.505648,0.018060,-0.002633,0.030969,0.030969,0.012909,0.071261,0.073894,0.040452,0.025562,0.000102,0.070998,0.000263,1.625671,0.000000,1.625671,1.625671,1.625671,0.812835,0.812835,0,0,1,0,0.000000,0.080000,0.008000,0.001000,5.500000,0.100000,22.000000,0.025000,0.000000
11.522000,0.500000,0.640000,-3.869835,0.000000,-3.869835,-0.506161,0.000000,0.506161,0.018033,-0.002650,0.030969,0.030969,0.012936,0.071414,0.074064,0.040493,0.025562,0.000103,0.071149,0.000265,1.629398,0.000847,1.630246,1.630246,1.630246,0.815123,0.815123,0,0,1,0,0.000000,0.080000,0.008000,0.001000,5.500000,0.100000,22.000000,0.025000,0.000000
11.527000,0.500000,0.640000,-3.872416,0.000000,-3.872416,-0.506675,0.000000,0.506675,0.018033,-0.002650,0.030969,0.030969,0.012936,0.071414,0.074064,0.040534,0.025562,0.000103,0.071149,0.000265,1.629398,0.000000,1.629398,1.629398,1.629398,0.814699,0.814699,0,0,1,0,0.000000,0.080000,0.008000,0.001000,5.500000,0.100000,22.000000,0.025000,0.000000
11.536000,0.500000,0.640000,-3.877586,0.000000,-3.877586,-0.507707,0.000000,0.507707,0.018005,-0.002656,0.030969,0.030969,0.012963,0.071564,0.074219,0.040617,0.025562,0.000115,0.071298,0.000266,1.632824,0.000433,1.633257,1.633257,1.633257,0.816628,0.816628,0,0,1,0,0.000000,0.080000,0.008000,0.001000,5.500000,0.100000,22.000000,0.025000,0.000000
11.541000,0.500000,0.640000,-3.880175,0.000000,-3.880175,-0.508223,0.000000,0.508223,0.017979,-0.002665,0.030969,0.030969,0.012990,0.071712,0.074378,0.040658,0.025562,0.000103,0.071446,0.000267,1.636310,0.000792,1.637102,1.637102,1.637102,0.818551,0.818551,0,0,1,0,0.000000,0.080000,0.008000,0.001000,5.500000,0.100000,22.000000,0.025000,0.000000
11.546000,0.500000,0.640000,-3.882767,0.000000,-3.882767,-0.508741,0.000000,0.508741,0.017979,-0.002665,0.030969,0.030969,0.012990,0.071712,0.074378,0.040699,0.025562,0.000103,0.071446,0.000267,1.636310,0.000000,1.636310,1.636310,1.636310,0.818155,0.818155,0,0,1,0,0.000000,0.080000,0.008000,0.001000,5.500000,0.100000,22.000000,0.025000,0.000000
11.551000,0.500000,0.640000,-3.885362,0.000000,-3.885362,-0.509260,0.000000,0.509260,0.017952,-0.002663,0.030969,0.030969,0.013017,0.071860,0.074522,0.040741,0.025562,0.000104,0.071593,0.000266,1.639488,0.000722,1.640210,1.640210,1.640210,0.820105,0.820105,0,0,1,0,0.000000,0.080000,0.008000,0.001000,5.500000,0.100000,22.000000,0.025000,0.000000
11.556000,0.500000,0.640000,-3.887959,0.000000,-3.887959,-0.509780,0.000000,0.509780,0.017952,-0.002663,0.030969,0.030969,0.013017,0.071860,0.074522,0.040782,0.025562,0.000104,0.071593,0.000266,1.639488,0.000000,1.639488,1.639488,1.639488,0.819744,0.819744,0,0,1,0,0.000000,0.080000,0.008000,0.001000,5.500000,0.100000,22.000000,0.025000,0.000000
11.561000,0.500000,0.640000,-3.890559,0.000000,-3.890559,-0.510302,0.000000,0.510302,0.017925,-0.002652,0.030969,0.030969,0.013043,0.072003,0.074655,0.040824,0.025562,0.000104,0.071738,0.000265,1.642415,0.000665,1.643080,1.643080,1.643080,0.821540,0.821540,0,0,1,0,0.000000,0.080000,0.008000,0.001000,5.500000,0.100000,22.000000,0.025000,0.000000
11.566000,0.500000,0.640000,-3.893161,0.000000,-3.893161,-0.510825,0.000000,0.510825,0.017925,-0.002652,0.030969,0.030969,0.013043,0.072003,0.074655,0.040866,0.025562,0.000104,0.071738,0.000265,1.642415,0.000000,1.642415,1.642415,1.642415,0.821207,0.821207,0,0,1,0,0.000000,0.080000,0.008000,0.001000,5.500000,0.100000,22.000000,0.025000,0.000000
11.571000,0.500000,0.640000,-3.895767,0.000000,-3.895767,-0.511349,0.000000,0.511349,0.017899,-0.002637,0.030969,0.030969,0.013069,0.072145,0.074782,0.040908,0.025562,0.000105,0.071881,0.000264,1.645201,0.000633,1.645834,1.645834,1.645834,0.822917,0.822917,0,0,1,0,0.000000,0.080000,0.008000,0.001000,5.500000,0.100000,22.000000,0.025000,0.000000
11.576000,0.500000,0.640000,-3.898375,0.000000,-3.898375,-0.511873,0.000000,0.511873,0.017899,-0.002637,0.030969,0.030969,0.013069,0.072145,0.074782,0.040950,0.025562,0.000105,0.071881,0.000264,1.645201,0.000000,1.645201,1.645201,1.645201,0.822600,0.822600,0,0,1,0,0.000000,0.080000,0.008000,0.001000,5.500000,0.100000,22.000000,0.025000,0.000000
11.581000,0.500000,0.640000,-3.900986,0.000000,-3.900986,-0.512398,0.000000,0.512398,0.017874,-0.002623,0.030969,0.030969,0.013095,0.072285,0.074908,0.040992,0.025562,0.000105,0.072022,0.000262,1.647968,0.000629,1.648597,1.648597,1.648597,0.824298,0.824298,0,0,1,0,0.000000,0.080000,0.008000,0.001000,5.500000,0.100000,22.000000,0.025000,0.000000
11.590000,0.500000,0.640000,-3.903599,0.000000,-3.903599,-0.512923,0.000000,0.512923,0.017848,-0.002613,0.030969,0.030969,0.013121,0.072425,0.075038,0.041034,0.025562,0.000058,0.072164,0.000261,1.650827,0.000361,1.651188,1.651188,1.651188,0.825594,0.825594,0,0,1,0,0.000000,0.080000,0.008000,0.001000,5.500000,0.100000,22.000000,0.025000,0.000000
11.595000,0.500000,0.640000,-3.906215,0.000000,-3.906215,-0.513449,0.000000,0.513449,0.017848,-0.002613,0.030969,0.030969,0.013121,0.072425,0.075038,0.041076,0.025562,0.000105,0.072164,0.000261,1.650827,0.000000,1.650827,1.650827,1.650827,0.825414,0.825414,0,0,1,0,0.000000,0.080000,0.008000,0.001000,5.500000,0.100000,22.000000,0.025000,0.000000
11.600000,0.500000,0.640000,-3.908834,0.000000,-3.908834,-0.513975,0.000000,0.513975,0.017848,-0.002613,0.030969,0.030969,0.013121,0.072425,0.075038,0.041118,0.025562,0.000105,0.072164,0.000261,1.650827,0.000000,1.650827,1.650827,1.650827,0.825414,0.825414,0,0,1,0,0.000000,0.080000,0.008000,0.001000,5.500000,0.100000,22.000000,0.025000,0.000000
11.605000,0.500000,0.640000,-3.911456,0.000000,-3.911456,-0.514502,0.000000,0.514502,0.017822,-0.002608,0.030969,0.030969,0.013146,0.072566,0.075174,0.041160,0.025562,0.000105,0.072306,0.000261,1.653829,0.000682,1.654511,1.654511,1.654511,0.827255,0.827255,0,0,1,0,0.000000,0.080000,0.008000,0.001000,5.500000,0.100000,22.000000,0.025000,0.000000
11.610000,0.500000,0.640000,-3.914080,0.000000,-3.914080,-0.515028,0.000000,0.515028,0.017822,-0.002608,0.030969,0.030969,0.013146,0.072566,0.075174,0.041202,0.025562,0.000105,0.072306,0.000261,1.653829,0.000000,1.653829,1.653829,1.653829,0.826914,0.826914,0,0,1,0,0.000000,0.080000,0.008000,0.001000,5.500000,0.100000,22.000000,0.025000,0.000000
11.615000,0.500000,0.640000,-3.916706,0.000000,-3.916706,-0.515552,0.000000,0.515552,0.017796,-0.002622,0.030969,0.030969,0.013173,0.072713,0.075334,0.041244,0.025562,0.000105,0.072450,0.000262,1.657356,0.000802,1.658158,1.658158,1.658158,0.829079,0.829079,0,0,1,0,0.000000,0.080000,0.008000,0.001000,5.500000,0.100000,22.000000,0.025000,0.000000
11.620000,0.500000,0.640000,-3.919336,0.000000,-3.919336,-0.516076,0.000000,0.516076,0.017796,-0.002622,0.030969,0.030969,0.013173,0.072713,0.075334,0.041286,0.025562,0.000105,0.072450,0.000262,1.657356,0.000000,1.657356,1.657356,1.657356,0.828678,0.828678,0,0,1,0,0.000000,0.080000,0.008000,0.001000,5.500000,0.100000,22.000000,0.025000,0.000000
11.629000,0.500000,0.640000,-3.924602,0.000000,-3.924602,-0.517126,0.000000,0.517126,0.017769,-0.002637,0.030969,0.030969,0.013200,0.072863,0.075500,0.041370,0.025562,0.000117,0.072599,0.000264,1.660999,0.000460,1.661459,1.661459,1.661459,0.830730,0.830730,0,0,1,0,0.000000,0.080000,0.008000,0.001000,5.500000,0.100000,22.000000,0.025000,0.000000
11.634000,0.500000,0.640000,-3.927239,0.000000,-3.927239,-0.517649,0.000000,0.517649,0.017741,-0.002668,0.030969,0.030969,0.013227,0.073017,0.075685,0.041412,0.025562,0.000105,0.072750,0.000267,1.665076,0.000927,1.666003,1.666003,1.666003,0.833002,0.833002,0,0,1,0,0.000000,0.080000,0.008000,0.001000,5.500000,0.100000,22.000000,0.025000,0.000000
11.639000,0.500000,0.640000,-3.929878,0.000000,-3.929878,-0.518173,0.000000,0.518173,0.017741,-0.002668,0.030969,0.030969,0.013227,0.073017,0.075685,0.041454,0.025562,0.000105,0.072750,0.000267,1.665076,0.000000,1.665076,1.665076,1.665076,0.832538,0.832538,0,0,1,0,0.000000,0.080000,0.008000,0.001000,5.500000,0.100000,22.000000,0.025000,0.000000
11.644000,0.500000,0.640000,-3.932521,0.000000,-3.932521,-0.518698,0.000000,0.518698,0.017713,-0.002693,0.030969,0.030969,0.013255,0.073174,0.075866,0.041496,0.025562,0.000105,0.072904,0.000269,1.669058,0.000905,1.669963,1.669963,1.669963,0.834981,0.834981,0,0,1,0,0.000000,0.080000,0.008000,0.001000,5.500000,0.100000,22.000000,0.025000,0.000000
11.649000,0.500000,0.640000,-3.935166,0.000000,-3.935166,-0.519223,0.000000,0.519223,0.017713,-0.002693,0.030969,0.030969,0.013255,0.073174,0.075866,0.041538,0.025562,0.000105,0.072904,0.000269,1.669058,0.000000,1.669058,1.669058,1.669058,0.834529,0.834529,0,0,1,0,0.000000,0.080000,0.008000,0.001000,5.500000,0.100000,22.000000,0.025000,0.000000
11.654000,0.500000,0.640000,-3.937813,0.000000,-3.937813,-0.519751,0.000000,0.519751,0.017685,-0.002709,0.030969,0.030969,0.013283,0.073329,0.076038,0.041580,0.025562,0.000105,0.073058,0.000271,1.672837,0.000859,1.673696,1.673696,1.673696,0.836848,0.836848,0,0,1,0,0.000000,0.080000,0.008000,0.001000,5.500000,0.100000,22.000000,0.025000,0.000000
11.659000,0.500000,0.640000,-3.940464,0.000000,-3.940464,-0.520278,0.000000,0.520278,0.017685,-0.002709,0.030969,0.030969,0.013283,0.073329,0.076038,0.041622,0.025562,0.000106,0.073058,0.000271,1.672837,0.000000,1.672837,1.672837,1.672837,0.836418,0.836418,0,0,1,0,0.000000,0.080000,0.008000,0.001000,5.500000,0.100000,22.000000,0.025000,0.000000
11.664000,0.500000,0.640000,-3.943117,0.000000,-3.943117,-0.520808,0.000000,0.520808,0.017658,-0.002716,0.030969,0.030969,0.013311,0.073482,0.076199,0.041665,0.025562,0.000106,0.073211,0.000272,1.676372,0.000803,1.677175,1.677175,1.677175,0.838588,0.838588,0,0,1,0,0.000000,0.080000,0.008000,0.001000,5.500000,0.100000,22.000000,0.025000,0.000000
11.669000,0.500000,0.640000,-3.945773,0.000000,-3.945773,-0.521338,0.000000,0.521338,0.017658,-0.002716,0.030969,0.030969,0.013311,0.073482,0.076199,0.041707,0.025562,0.000106,0.073211,0.000272,1.676372,0.000000,1.676372,1.676372,1.676372,0.838186,0.838186,0,0,1,0,0.000000,0.080000,0.008000,0.001000,5.500000,0.100000,22.000000,0.025000,0.000000
11.678000,0.500000,0.640000,-3.951093,0.000000,-3.951093,-0.522403,0.000000,0.522403,0.017630,-0.002716,0.030969,0.030969,0.013338,0.073633,0.076349,0.041792,0.025562,0.000118,0.073361,0.000272,1.679671,0.000417,1.680087,1.680087,1.680087,0.840044,0.840044,0,0,1,0,0.000000,0.080000,0.008000,0.001000,5.500000,0.100000,22.000000,0.025000,0.000000
11.683000,0.500000,0.640000,-3.953757,0.000000,-3.953757,-0.522936,0.000000,0.522936,0.017603,-0.002722,0.030969,0.030969,0.013366,0.073783,0.076505,0.041835,0.025562,0.000106,0.073511,0.000272,1.683115,0.000783,1.683898,1.683898,1.683898,0.841949,0.841949,0,0,1,0,0.000000,0.080000,0.008000,0.001000,5.500000,0.100000,22.000000,0.025000,0.000000
11.688000,0.500000,0.640000,-3.956424,0.000000,-3.956424,-0.523469,0.000000,0.523469,0.017603,-0.002722,0.030969,0.030969,0.013366,0.073783,0.076505,0.041877,0.025562,0.000107,0.073511,0.000272,1.683115,0.000000,1.683115,1.683115,1.683115,0.841558,0.841558,0,0,1,0,0.000000,0.080000,0.008000,0.001000,5.500000,0.100000,22.000000,0.025000,0.000000
11.693000,0.500000,0.640000,-3.959094,0.000000,-3.959094,-0.524003,0.000000,0.524003,0.017576,-0.002720,0.030969,0.030969,0.013393,0.073933,0.076653,0.041920,0.025562,0.000107,0.073661,0.000272,1.686365,0.000739,1.687104,1.687104,1.687104,0.843552,0.843552,0,0,1,0,0.000000,0.080000,0.008000,0.001000,5.500000,0.100000,22.000000,0.025000,0.000000
11.698000,0.500000,0.640000,-3.961767,0.000000,-3.961767,-0.524539,0.000000,0.524539,0.017576,-0.002720,0.030969,0.030969,0.013393,0.073933,0.076653,0.041963,0.025562,0.000107,0.073661,0.000272,1.686365,0.000000,1.686365,1.686365,1.686365,0.843183,0.843183,0,0,1,0,0.000000,0.080000,0.008000,0.001000,5.500000,0.100000,22.000000,0.025000,0.000000
11.703000,0.500000,0.640000,-3.964442,0.000000,-3.964442,-0.525075,0.000000,0.525075,0.017549,-0.002713,0.030969,0.030969,0.013420,0.074081,0.076794,0.042006,0.025562,0.000107,0.073810,0.000271,1.689469,0.000705,1.690174,1.690174,1.690174,0.845087,0.845087,0,0,1,0,0.000000,0.080000,0.008000,0.001000,5.500000,0.100000,22.000000,0.025000,0.000000
11.708000,0.500000,0.640000,-3.967120,0.000000,-3.967120,-0.525612,0.000000,0.525612,0.017549,-0.002713,0.030969,0.030969,0.013420,0.074081,0.076794,0.042049,0.025562,0.000107,0.073810,0.000271,1.689469,0.000000,1.689469,1.689469,1.689469,0.844734,0.844734,0,0,1,0,0.000000,0.080000,0.008000,0.001000,5.500000,0.100000,22.000000,0.025000,0.000000
11.713000,0.500000,0.640000,-3.969801,0.000000,-3.969801,-0.526151,0.000000,0.526151,0.017522,-0.002704,0.030969,0.030969,0.013447,0.074228,0.076932,0.042092,0.025562,0.000108,0.073957,0.000270,1.692508,0.000691,1.693198,1.693198,1.693198,0.846599,0.846599,0,0,1,0,0.000000,0.080000,0.008000,0.001000,5.500000,0.100000,22.000000,0.025000,0.000000
11.722000,0.500000,0.640000,-3.975170,0.000000,-3.975170,-0.527229,0.000000,0.527229,0.017495,-0.002697,0.030969,0.030969,0.013474,0.074374,0.077071,0.042178,0.025562,0.000120,0.074104,0.000270,1.695566,0.000386,1.695952,1.695952,1.695952,0.847976,0.847976,0,0,1,0,0.000000,0.080000,0.008000,0.001000,5.500000,0.100000,22.000000,0.025000,0.000000
11.727000,0.500000,0.640000,-3.977859,0.000000,-3.977859,-0.527768,0.000000,0.527768,0.017495,-0.002697,0.030969,0.030969,0.013474,0.074374,0.077071,0.042221,0.025562,0.000108,0.074104,0.000270,1.695566,0.000000,1.695566,1.695566,1.695566,0.847783,0.847783,0,0,1,0,0.000000,0.080000,0.008000,0.001000,5.500000,0.100000,22.000000,0.025000,0.000000
11.732000,0.500000,0.640000,-3.980551,0.000000,-3.980551,-0.528309,0.000000,0.528309,0.017468,-0.002692,0.030969,0.030969,0.013500,0.074521,0.077213,0.042265,0.025562,0.000108,0.074251,0.000269,1.698678,0.000707,1.699385,1.699385,1.699385,0.849693,0.849693,0,0,1,0,0.000000,0.080000,0.008000,0.001000,5.500000,0.100000,22.000000,0.025000,0.000000
11.737000,0.500000,0.640000,-3.983246,0.000000,-3.983246,-0.528849,0.000000,0.528849,0.017468,-0.002692,0.030969,0.030969,0.013500,0.074521,0.077213,0.042308,0.025562,0.000108,0.074251,0.000269,1.698678,0.000000,1.698678,1.698678,1.698678,0.849339,0.849339,0,0,1,0,0.000000,0.080000,0.008000,0.001000,5.500000,0.100000,22.000000,0.025000,0.000000
11.742000,0.500000,0.640000,-3.985943,0.000000,-3.985943,-0.529389,0.000000,0.529389,0.017442,-0.002692,0.030969,0.030969,0.013527,0.074669,0.077361,0.042351,0.025562,0.000108,0.074399,0.000269,1.701940,0.000741,1.702682,1.702682,1.702682,0.851341,0.851341,0,0,1,0,0.000000,0.080000,0.008000,0.001000,5.500000,0.100000,22.000000,0.025000,0.000000
11.747000,0.500000,0.640000,-3.988643,0.000000,-3.988643,-0.529929,0.000000,0.529929,0.017442,-0.002692,0.030969,0.030969,0.013527,0.074669,0.077361,0.042394,0.025562,0.000108,0.074399,0.000269,1.701940,0.000000,1.701940,1.701940,1.701940,0.850970,0.850970,0,0,1,0,0.000000,0.080000,0.008000,0.001000,5.500000,0.100000,22.000000,0.025000,0.000000
11.752000,0.500000,0.640000,-3.991345,0.000000,-3.991345,-0.530470,0.000000,0.530470,0.017414,-0.002698,0.030969,0.030969,0.013554,0.074819,0.077517,0.042438,0.025562,0.000108,0.074549,0.000270,1.705371,0.000780,1.706151,1.706151,1.706151,0.853075,0.853075,0,0,1,0,0.000000,0.080000,0.008000,0.001000,5.500000,0.100000,22.000000,0.025000,0.000000
11.757000,0.500000,0.640000,-3.994051,0.000000,-3.994051,-0.531011,0.000000,0.531011,0.017414,-0.002698,0.030969,0.030969,0.013554,0.074819,0.077517,0.042481,0.025562,0.000108,0.074549,0.000270,1.705371,0.000000,1.705371,1.705371,1.705371,0.852686,0.852686,0,0,1,0,0.000000,0.080000,0.008000,0.001000,5.500000,0.100000,22.000000,0.025000,0.000000
11.766000,0.500000,0.640000,-3.999470,0.000000,-3.999470,-0.532093,0.000000,0.532093,0.017387,-0.002709,0.030969,0.030969,0.013582,0.074971,0.077680,0.042567,0.025562,0.000120,0.074700,0.000271,1.708958,0.000453,1.709411,1.709411,1.709411,0.854706,0.854706,0,0,1,0,0.000000,0.080000,0.008000,0.001000,5.500000,0.100000,22.000000,0.025000,0.000000
11.771000,0.500000,0.640000,-4.002183,0.000000,-4.002183,-0.532632,0.000000,0.532632,0.017359,-0.002737,0.030969,0.030969,0.013610,0.075128,0.077865,0.042611,0.025562,0.000108,0.074854,0.000274,1.713022,0.000924,1.713946,1.713946,1.713946,0.856973,0.856973,0,0,1,0,0.000000,0.080000,0.008000,0.001000,5.500000,0.100000,22.000000,0.025000,0.000000
11.776000,0.500000,0.640000,-4.004899,0.000000,-4.004899,-0.533171,0.000000,0.533171,0.017359,-0.002737,0.030969,0.030969,0.013610,0.075128,0.077865,0.042654,0.025562,0.000108,0.074854,0.000274,1.713022,0.000000,1.713022,1.713022,1.713022,0.856511,0.856511,0,0,1,0,0.000000,0.080000,0.008000,0.001000,5.500000,0.100000,22.000000,0.025000,0.000000
11.781000,0.500000,0.640000,-4.007618,0.000000,-4.007618,-0.533712,0.000000,0.533712,0.017330,-0.002760,0.030969,0.030969,0.013638,0.075288,0.078048,0.042697,0.025562,0.000108,0.075012,0.000276,1.717052,0.000916,1.717967,1.717967,1.717967,0.858984,0.858984,0,0,1,0,0.000000,0.080000,0.008000,0.001000,5.500000,0.100000,22.000000,0.025000,0.000000
11.786000,0.500000,0.640000,-4.010339,0.000000,-4.010339,-0.534253,0.000000,0.534253,0.017330,-0.002760,0.030969,0.030969,0.013638,0.075288,0.078048,0.042740,0.025562,0.000108,0.075012,0.000276,1.717052,0.000000,1.717052,1.717052,1.717052,0.858526,0.858526,0,0,1,0,0.000000,0.080000,0.008000,0.001000,5.500000,0.100000,22.000000,0.025000,0.000000
11.791000,0.500000,0.640000,-4.013064,0.000000,-4.013064,-0.534796,0.000000,0.534796,0.017302,-0.002778,0.030969,0.030969,0.013667,0.075447,0.078225,0.042784,0.025562,0.000109,0.075169,0.000278,1.720942,0.000884,1.721826,1.721826,1.721826,0.860913,0.860913,0,0,1,0,0.000000,0.080000,0.008000,0.001000,5.500000,0.100000,22.000000,0.025000,0.000000
11.796000,0.500000,0.640000,-4.015791,0.000000,-4.015791,-0.535339,0.000000,0.535339,0.017302,-0.002778,0.030969,0.030969,0.013667,0.075447,0.078225,0.042827,0.025562,0.000109,0.075169,0.000278,1.720942,0.000000,1.720942,1.720942,1.720942,0.860471,0.860471,0,0,1,0,0.000000,0.080000,0.008000,0.001000,5.500000,0.100000,22.000000,0.025000,0.000000
11.801000,0.500000,0.640000,-4.015791,0.000000,-4.015791,-0.535339,0.000000,0.535339,0.017273,-0.002788,0.030969,0.030969,0.013696,0.075605,0.078393,0.042827,0.025562,0.000000,0.075326,0.000279,1.724641,0.000841,1.725482,1.725482,1.725482,0.862741,0.862741,0,0,1,0,0.000000,0.080000,0.008000,0.001000,5.500000,0.100000,22.000000,0.025000,0.000000
11.806000,0.500000,0.640000,-4.018521,0.000000,-4.018521,-0.535884,0.000000,0.535884,0.017273,-0.002788,0.030969,0.030969,0.013696,0.075605,0.078393,0.042871,0.025562,0.000109,0.075326,0.000279,1.724641,0.000000,1.724641,1.724641,1.724641,0.862321,0.862321,0,0,1,0,0.000000,0.080000,0.008000,0.001000,5.500000,0.100000,22.000000,0.025000,0.000000
11.811000,0.500000,0.640000,-4.023990,0.000000,-4.023990,-0.536976,0.000000,0.536976,0.017245,-0.002791,0.030969,0.030969,0.013724,0.075761,0.078552,0.042958,0.025562,0.000218,0.075482,0.000279,1.728139,0.000795,1.728934,1.728934,1.728934,0.864467,0.864467,0,0,1,0,0.000000,0.080000,0.008000,0.001000,5.500000,0.100000,22.000000,0.025000,0.000000
11.820000,0.500000,0.640000,-4.026728,0.000000,-4.026728,-0.537523,0.000000,0.537523,0.017217,-0.002789,0.030969,0.030969,0.013752,0.075914,0.078703,0.043002,0.025562,0.000061,0.075635,0.000279,1.731465,0.000420,1.731885,1.731885,1.731885,0.865943,0.865943,0,0,1,0,0.000000,0.080000,0.008000,0.001000,5.500000,0.100000,22.000000,0.025000,0.000000
11.825000,0.500000,0.640000,-4.029469,0.000000,-4.029469,-0.538073,0.000000,0.538073,0.017217,-0.002789,0.030969,0.030969,0.013752,0.075914,0.078703,0.043046,0.025562,0.000110,0.075635,0.000279,1.731465,0.000000,1.731465,1.731465,1.731465,0.865733,0.865733,0,0,1,0,0.000000,0.080000,0.008000,0.001000,5.500000,0.100000,22.000000,0.025000,0.000000
11.830000,0.500000,0.640000,-4.032214,0.000000,-4.032214,-0.538623,0.000000,0.538623,0.017189,-0.002781,0.030969,0.030969,0.013780,0.076066,0.078847,0.043090,0.025562,0.000110,0.075788,0.000278,1.734635,0.000720,1.735355,1.735355,1.735355,0.867677,0.867677,0,0,1,0,0.000000,0.080000,0.008000,0.001000,5.500000,0.100000,22.000000,0.025000,0.000000
11.835000,0.500000,0.640000,-4.034961,0.000000,-4.034961,-0.539174,0.000000,0.539174,0.017189,-0.002781,0.030969,0.030969,0.013780,0.076066,0.078847,0.043134,0.025562,0.000110,0.075788,0.000278,1.734635,0.000000,1.734635,1.734635,1.734635,0.867317,0.867317,0,0,1,0,0.000000,0.080000,0.008000,0.001000,5.500000,0.100000,22.000000,0.025000,0.000000
11.840000,0.500000,0.640000,-4.037711,0.000000,-4.037711,-0.539725,0.000000,0.539725,0.017189,-0.002781,0.030969,0.030969,0.013780,0.076066,0.078847,0.043178,0.025562,0.000110,0.075788,0.000278,1.734635,0.000000,1.734635,1.734635,1.734635,0.867317,0.867317,0,0,1,0,0.000000,0.080000,0.008000,0.001000,5.500000,0.100000,22.000000,0.025000,0.000000
11.845000,0.500000,0.640000,-4.040463,0.000000,-4.040463,-0.540278,0.000000,0.540278,0.017162,-0.002774,0.030969,0.030969,0.013807,0.076216,0.078990,0.043222,0.025562,0.000111,0.075939,0.000277,1.737779,0.000715,1.738493,1.738493,1.738493,0.869247,0.869247,0,0,1,0,0.000000,0.080000,0.008000,0.001000,5.500000,0.100000,22.000000,0.025000,0.000000
11.850000,0.500000,0.640000,-4.043219,0.000000,-4.043219,-0.540831,0.000000,0.540831,0.017162,-0.002774,0.030969,0.030969,0.013807,0.076216,0.078990,0.043266,0.025562,0.000111,0.075939,0.000277,1.737779,0.000000,1.737779,1.737779,1.737779,0.868889,0.868889,0,0,1,0,0.000000,0.080000,0.008000,0.001000,5.500000,0.100000,22.000000,0.025000,0.000000
11.855000,0.500000,0.640000,-4.045977,0.000000,-4.045977,-0.541382,0.000000,0.541382,0.017134,-0.002780,0.030969,0.030969,0.013835,0.076369,0.079149,0.043311,0.025562,0.000110,0.076091,0.000278,1.741287,0.000797,1.742084,1.742084,1.742084,0.871042,0.871042,0,0,1,0,0.000000,0.080000,0.008000,0.001000,5.500000,0.100000,22.000000,0.025000,0.000000
11.860000,0.500000,0.640000,-4.048738,0.000000,-4.048738,-0.541934,0.000000,0.541934,0.017134,-0.002780,0.030969,0.030969,0.013835,0.076369,0.079149,0.043355,0.025562,0.000110,0.076091,0.000278,1.741287,0.000000,1.741287,1.741287,1.741287,0.870644,0.870644,0,0,1,0,0.000000,0.080000,0.008000,0.001000,5.500000,0.100000,22.000000,0.025000,0.000000
11.865000,0.500000,0.640000,-4.051502,0.000000,-4.051502,-0.542485,0.000000,0.542485,0.017106,-0.002798,0.030969,0.030969,0.013863,0.076527,0.079325,0.043399,0.025562,0.000110,0.076247,0.000280,1.745140,0.000876,1.746015,1.746015,1.746015,0.873008,0.873008,0,0,1,0,0.000000,0.080000,0.008000,0.001000,5.500000,0.100000,22.000000,0.025000,0.000000
11.870000,0.500000,0.640000,-4.054268,0.000000,-4.054268,-0.543036,0.000000,0.543036,0.017106,-0.002798,0.030969,0.030969,0.013863,0.076527,0.079325,0.043443,0.025562,0.000110,0.076247,0.000280,1.745140,0.000000,1.745140,1.745140,1.745140,0.872570,0.872570,0,0,1,0,0.000000,0.080000,0.008000,0.001000,5.500000,0.100000,22.000000,0.025000,0.000000
11.875000,0.500000,0.640000,-4.057038,0.000000,-4.057038,-0.543589,0.000000,0.543589,0.017077,-0.002812,0.030969,0.030969,0.013892,0.076687,0.079498,0.043487,0.025562,0.000111,0.076405,0.000281,1.748957,0.000868,1.749825,1.749825,1.749825,0.874913,0.874913,0,0,1,0,0.000000,0.080000,0.008000,0.001000,5.500000,0.100000,22.000000,0.025000,0.000000
11.884000,0.500000,0.640000,-4.062585,0.000000,-4.062585,-0.544696,0.000000,0.544696,0.017048,-0.002821,0.030969,0.030969,0.013921,0.076845,0.079666,0.043576,0.025562,0.000123,0.076563,0.000282,1.752651,0.000466,1.753117,1.753117,1.753117,0.876559,0.876559,0,0,1,0,0.000000,0.080000,0.008000,0.001000,5.500000,0.100000,22.000000,0.025000,0.000000
11.889000,0.500000,0.640000,-4.065363,0.000000,-4.065363,-0.545251,0.000000,0.545251,0.017048,-0.002821,0.030969,0.030969,0.013921,0.076845,0.079666,0.043620,0.025562,0.000111,0.076563,0.000282,1.752651,0.000000,1.752651,1.752651,1.752651,0.876325,0.876325,0,0,1,0,0.000000,0.080000,0.008000,0.001000,5.500000,0.100000,22.000000,0.025000,0.000000
11.894000,0.500000,0.640000,-4.068143,0.000000,-4.068143,-0.545807,0.000000,0.545807,0.017020,-0.002823,0.030969,0.030969,0.013949,0.077002,0.079826,0.043665,0.025562,0.000111,0.076720,0.000282,1.756167,0.000799,1.756966,1.756966,1.756966,0.878483,0.878483,0,0,1,0,0.000000,0.080000,0.008000,0.001000,5.500000,0.100000,22.000000,0.025000,0.000000
11.899000,0.500000,0.640000,-4.070927,0.000000,-4.070927,-0.546364,0.000000,0.546364,0.017020,-0.002823,0.030969,0.030969,0.013949,0.077002,0.079826,0.043709,0.025562,0.000111,0.076720,0.000282,1.756167,0.000000,1.756167,1.756167,1.756167,0.878083,0.878083,0,0,1,0,0.000000,0.080000,0.008000,0.001000,5.500000,0.100000,22.000000,0.025000,0.000000
11.904000,0.500000,0.640000,-4.073713,0.000000,-4.073713,-0.546922,0.000000,0.546922,0.016991,-0.002823,0.030969,0.030969,0.013977,0.077158,0.079981,0.043754,0.025562,0.000112,0.076876,0.000282,1.759587,0.000777,1.760364,1.760364,1.760364,0.880182,0.880182,0,0,1,0,0.000000,0.080000,0.008000,0.001000,5.500000,0.100000,22.000000,0.025000,0.000000
11.909000,0.500000,0.640000,-4.076503,0.000000,-4.076503,-0.547480,0.000000,0.547480,0.016991,-0.002823,0.030969,0.030969,0.013977,0.077158,0.079981,0.043798,0.025562,0.000112,0.076876,0.000282,1.759587,0.000000,1.759587,1.759587,1.759587,0.879793,0.879793,0,0,1,0,0.000000,0.080000,0.008000,0.001000,5.500000,0.100000,22.000000,0.025000,0.000000
11.914000,0.500000,0.640000,-4.079295,0.000000,-4.079295,-0.548040,0.000000,0.548040,0.016963,-0.002821,0.030969,0.030969,0.014006,0.077313,0.080134,0.043843,0.025562,0.000112,0.077031,0.000282,1.762952,0.000765,1.763717,1.763717,1.763717,0.881859,0.881859,0,0,1,0,0.000000,0.080000,0.008000,0.001000,5.500000,0.100000,22.000000,0.025000,0.000000
11.919000,0.500000,0.640000,-4.082090,0.000000,-4.082090,-0.548600,0.000000,0.548600,0.016963,-0.002821,0.030969,0.030969,0.014006,0.077313,0.080134,0.043888,0.025562,0.000112,0.077031,0.000282,1.762952,0.000000,1.762952,1.762952,1.762952,0.881476,0.881476,0,0,1,0,0.000000,0.080000,0.008000,0.001000,5.500000,0.100000,22.000000,0.025000,0.000000
11.928000,0.500000,0.640000,-4.087689,0.000000,-4.087689,-0.549721,0.000000,0.549721,0.016935,-0.002819,0.030969,0.030969,0.014034,0.077468,0.080287,0.043978,0.025562,0.000125,0.077186,0.000282,1.766312,0.000424,1.766736,1.766736,1.766736,0.883368,0.883368,0,0,1,0,0.000000,0.080000,0.008000,0.001000,5.500000,0.100000,22.000000,0.025000,0.000000
11.933000,0.500000,0.640000,-4.090492,0.000000,-4.090492,-0.550281,0.000000,0.550281,0.016906,-0.002831,0.030969,0.030969,0.014062,0.077626,0.080457,0.044023,0.025562,0.000112,0.077343,0.000283,1.770047,0.000849,1.770896,1.770896,1.770896,0.885448,0.885448,0,0,1,0,0.000000,0.080000,0.008000,0.001000,5.500000,0.100000,22.000000,0.025000,0.000000
11.938000,0.500000,0.640000,-4.093298,0.000000,-4.093298,-0.550841,0.000000,0.550841,0.016906,-0.002831,0.030969,0.030969,0.014062,0.077626,0.080457,0.044067,0.025562,0.000112,0.077343,0.000283,1.770047,0.000000,1.770047,1.770047,1.770047,0.885024,0.885024,0,0,1,0,0.000000,0.080000,0.008000,0.001000,5.500000,0.100000,22.000000,0.025000,0.000000
11.943000,0.500000,0.640000,-4.096108,0.000000,-4.096108,-0.551403,0.000000,0.551403,0.016878,-0.002840,0.030969,0.030969,0.014091,0.077785,0.080626,0.044112,0.025562,0.000112,0.077501,0.000284,1.773762,0.000844,1.774607,1.774607,1.774607,0.887303,0.887303,0,0,1,0,0.000000,0.080000,0.008000,0.001000,5.500000,0.100000,22.000000,0.025000,0.000000
11.948000,0.500000,0.640000,-4.098920,0.000000,-4.098920,-0.551964,0.000000,0.551964,0.016878,-0.002840,0.030969,0.030969,0.014091,0.077785,0.080626,0.044157,0.025562,0.000112,0.077501,0.000284,1.773762,0.000000,1.773762,1.773762,1.773762,0.886881,0.886881,0,0,1,0,0.000000,0.080000,0.008000,0.001000,5.500000,0.100000,22.000000,0.025000,0.000000
11.957000,0.500000,0.640000,-4.104552,0.000000,-4.104552,-0.553090,0.000000,0.553090,0.016849,-0.002847,0.030969,0.030969,0.014120,0.077945,0.080792,0.044247,0.025562,0.000125,0.077660,0.000285,1.777432,0.000463,1.777895,1.777895,1.777895,0.888948,0.888948,0,0,1,0,0.000000,0.080000,0.008000,0.001000,5.500000,0.100000,22.000000,0.025000,0.000000
11.962000,0.500000,0.640000,-4.107373,0.000000,-4.107373,-0.553652,0.000000,0.553652,0.016820,-0.002867,0.030969,0.030969,0.014149,0.078107,0.080974,0.044292,0.025562,0.000112,0.077820,0.000287,1.781421,0.000907,1.782327,1.782327,1.782327,0.891164,0.891164,0,0,1,0,0.000000,0.080000,0.008000,0.001000,5.500000,0.100000,22.000000,0.025000,0.000000
11.967000,0.500000,0.640000,-4.110196,0.000000,-4.110196,-0.554214,0.000000,0.554214,0.016820,-0.002867,0.030969,0.030969,0.014149,0.078107,0.080974,0.044337,0.025562,0.000112,0.077820,0.000287,1.781421,0.000000,1.781421,1.781421,1.781421,0.890710,0.890710,0,0,1,0,0.000000,0.080000,0.008000,0.001000,5.500000,0.100000,22.000000,0.025000,0.000000
11.972000,0.500000,0.640000,-4.113023,0.000000,-4.113023,-0.554778,0.000000,0.554778,0.016790,-0.002878,0.030969,0.030969,0.014179,0.078270,0.081149,0.044382,0.025562,0.000113,0.077982,0.000288,1.785268,0.000874,1.786142,1.786142,1.786142,0.893071,0.893071,0,0,1,0,0.000000,0.080000,0.008000,0.001000,5.500000,0.100000,22.000000,0.025000,0.000000
11.977000,0.500000,0.640000,-4.115852,0.000000,-4.115852,-0.555342,0.000000,0.555342,0.016790,-0.002878,0.030969,0.030969,0.014179,0.078270,0.081149,0.044427,0.025562,0.000113,0.077982,0.000288,1.785268,0.000000,1.785268,1.785268,1.785268,0.892634,0.892634,0,0,1,0,0.000000,0.080000,0.008000,0.001000,5.500000,0.100000,22.000000,0.025000,0.000000
11.982000,0.500000,0.640000,-4.118684,0.000000,-4.118684,-0.555909,0.000000,0.555909,0.016761,-0.002884,0.030969,0.030969,0.014208,0.078432,0.081316,0.044473,0.025562,0.000113,0.078143,0.000288,1.788942,0.000835,1.789777,1.789777,1.789777,0.894888,0.894888,0,0,1,0,0.000000,0.080000,0.008000,0.001000,5.500000,0.100000,22.000000,0.025000,0.000000
11.987000,0.500000,0.640000,-4.121519,0.000000,-4.121519,-0.556475,0.000000,0.556475,0.016761,-0.002884,0.030969,0.030969,0.014208,0.078432,0.081316,0.044518,0.025562,0.000113,0.078143,0.000288,1.788942,0.000000,1.788942,1.788942,1.788942,0.894471,0.894471,0,0,1,0,0.000000,0.080000,0.008000,0.001000,5.500000,0.100000,22.000000,0.025000,0.000000
11.992000,0.500000,0.640000,-4.124357,0.000000,-4.124357,-0.557044,0.000000,0.557044,0.016732,-0.002884,0.030969,0.030969,0.014237,0.078591,0.081475,0.044563,0.025562,0.000114,0.078303,0.000288,1.792460,0.000800,1.793260,1.793260,1.793260,0.896630,0.896630,0,0,1,0,0.000000,0.080000,0.008000,0.001000,5.500000,0.100000,22.000000,0.025000,0.000000
11.997000,0.500000,0.640000,-4.127198,0.000000,-4.127198,-0.557612,0.000000,0.557612,0.016732,-0.002884,0.030969,0.030969,0.014237,0.078591,0.081475,0.044609,0.025562,0.000114,0.078303,0.000288,1.792460,0.000000,1.792460,1.792460,1.792460,0.896230,0.896230,0,0,1,0,0.000000,0.080000,0.008000,0.001000,5.500000,0.100000,22.000000,0.025000,0.000000
12.002000,0.500000,0.640000,-4.130042,0.000000,-4.130042,-0.558182,0.000000,0.558182,0.016703,-0.002881,0.030969,0.030969,0.014266,0.078750,0.081630,0.044655,0.025562,0.000114,0.078461,0.000288,1.795867,0.000774,1.796641,1.796641,1.796641,0.898320,0.898320,0,0,1,0,0.000000,0.080000,0.008000,0.001000,5.500000,0.100000,22.000000,0.025000,0.000000
12.011000,0.500000,0.640000,-4.135738,0.000000,-4.135738,-0.559325,0.000000,0.559325,0.016674,-0.002876,0.030969,0.030969,0.014294,0.078907,0.081783,0.044746,0.025562,0.000127,0.078619,0.000288,1.799223,0.000424,1.799646,1.799646,1.799646,0.899823,0.899823,0,0,1,0,0.000000,0.080000,0.008000,0.001000,5.500000,0.100000,22.000000,0.025000,0.000000
12.016000,0.500000,0.640000,-4.138591,0.000000,-4.138591,-0.559897,0.000000,0.559897,0.016674,-0.002876,0.030969,0.030969,0.014294,0.078907,0.081783,0.044792,0.025562,0.000114,0.078619,0.000288,1.799223,0.000000,1.799223,1.799223,1.799223,0.899611,0.899611,0,0,1,0,0.000000,0.080000,0.008000,0.001000,5.500000,0.100000,22.000000,0.025000,0.000000
12.021000,0.500000,0.640000,-4.141447,0.000000,-4.141447,-0.560470,0.000000,0.560470,0.016646,-0.002871,0.030969,0.030969,0.014323,0.079063,0.081934,0.044838,0.025562,0.000115,0.078776,0.000287,1.802551,0.000756,1.803307,1.803307,1.803307,0.901654,0.901654,0,0,1,0,0.000000,0.080000,0.008000,0.001000,5.500000,0.100000,22.000000,0.025000,0.000000
12.026000,0.500000,0.640000,-4.144305,0.000000,-4.144305,-0.561043,0.000000,0.561043,0.016646,-0.002871,0.030969,0.030969,0.014323,0.079063,0.081934,0.044883,0.025562,0.000115,0.078776,0.000287,1.802551,0.000000,1.802551,1.802551,1.802551,0.901275,0.901275,0,0,1,0,0.000000,0.080000,0.008000,0.001000,5.500000,0.100000,22.000000,0.025000,0.000000
12.031000,0.500000,0.640000,-4.147167,0.000000,-4.147167,-0.561617,0.000000,0.561617,0.016617,-0.002869,0.030969,0.030969,0.014352,0.079220,0.082089,0.044929,0.025562,0.000115,0.078934,0.000287,1.805961,0.000775,1.806736,1.806736,1.806736,0.903368,0.903368,0,0,1,0,0.000000,0.080000,0.008000,0.001000,5.500000,0.100000,22.000000,0.025000,0.000000
12.036000,0.500000,0.640000,-4.150031,0.000000,-4.150031,-0.562190,0.000000,0.562190,0.016617,-0.002869,0.030969,0.030969,0.014352,0.079220,0.082089,0.044975,0.025562,0.000115,0.078934,0.000287,1.805961,0.000000,1.805961,1.805961,1.805961,0.902980,0.902980,0,0,1,0,0.000000,0.080000,0.008000,0.001000,5.500000,0.100000,22.000000,0.025000,0.000000
12.041000,0.500000,0.640000,-4.152898,0.000000,-4.152898,-0.562765,0.000000,0.562765,0.016588,-0.002871,0.030969,0.030969,0.014380,0.079379,0.082250,0.045021,0.025562,0.000115,0.079092,0.000287,1.809492,0.000803,1.810295,1.810295,1.810295,0.905147,0.905147,0,0,1,0,0.000000,0.080000,0.008000,0.001000,5.500000,0.100000,22.000000,0.025000,0.000000
12.046000,0.500000,0.640000,-4.155768,0.000000,-4.155768,-0.563339,0.000000,0.563339,0.016588,-0.002871,0.030969,0.030969,0.014380,0.079379,0.082250,0.045067,0.025562,0.000115,0.079092,0.000287,1.809492,0.000000,1.809492,1.809492,1.809492,0.904746,0.904746,0,0,1,0,0.000000,0.080000,0.008000,0.001000,5.500000,0.100000,22.000000,0.025000,0.000000
12.051000,0.500000,0.640000,-4.158641,0.000000,-4.158641,-0.563914,0.000000,0.563914,0.016559,-0.002877,0.030969,0.030969,0.014409,0.079539,0.082416,0.045113,0.025562,0.000115,0.079251,0.000288,1.813159,0.000833,1.813992,1.813992,1.813992,0.906996,0.906996,0,0,1,0,0.000000,0.080000,0.008000,0.001000,5.500000,0.100000,22.000000,0.025000,0.000000
12.060000,0.500000,0.640000,-4.161517,0.000000,-4.161517,-0.564489,0.000000,0.564489,0.016559,-0.002877,0.030969,0.030969,0.014409,0.079539,0.082416,0.045159,0.025562,0.000064,0.079251,0.000288,1.813159,0.000000,1.813159,1.813159,1.813159,0.906579,0.906579,0,0,1,0,0.000000,0.080000,0.008000,0.001000,5.500000,0.100000,22.000000,0.025000,0.000000
12.065000,0.500000,0.640000,-4.164396,0.000000,-4.164396,-0.565064,0.000000,0.565064,0.016530,-0.002887,0.030969,0.030969,0.014439,0.079701,0.082589,0.045205,0.025562,0.000115,0.079412,0.000289,1.816950,0.000862,1.817812,1.817812,1.817812,0.908906,0.908906,0,0,1,0,0.000000,0.080000,0.008000,0.001000,5.500000,0.100000,22.000000,0.025000,0.000000
12.070000,0.500000,0.640000,-4.167278,0.000000,-4.167278,-0.565640,0.000000,0.565640,0.016530,-0.002887,0.030969,0.030969,0.014439,0.079701,0.082589,0.045251,0.025562,0.000115,0.079412,0.000289,1.816950,0.000000,1.816950,1.816950,1.816950,0.908475,0.908475,0,0,1,0,0.000000,0.080000,0.008000,0.001000,5.500000,0.100000,22.000000,0.025000,0.000000
12.075000,0.500000,0.640000,-4.170162,0.000000,-4.170162,-0.566214,0.000000,0.566214,0.016500,-0.002912,0.030969,0.030969,0.014468,0.079867,0.082779,0.045297,0.025562,0.000115,0.079576,0.000291,1.821140,0.000952,1.822092,1.822092,1.822092,0.911046,0.911046,0,0,1,0,0.000000,0.080000,0.008000,0.001000,5.500000,0.100000,22.000000,0.025000,0.000000
12.080000,0.500000,0.640000,-4.173050,0.000000,-4.173050,-0.566788,0.000000,0.566788,0.016500,-0.002912,0.030969,0.030969,0.014468,0.079867,0.082779,0.045343,0.025562,0.000115,0.079576,0.000291,1.821140,0.000000,1.821140,1.821140,1.821140,0.910570,0.910570,0,0,1,0,0.000000,0.080000,0.008000,0.001000,5.500000,0.100000,22.000000,0.025000,0.000000
12.085000,0.500000,0.640000,-4.175940,0.000000,-4.175940,-0.567362,0.000000,0.567362,0.016470,-0.002947,0.030969,0.030969,0.014499,0.080038,0.082985,0.045389,0.025562,0.000115,0.079743,0.000295,1.825680,0.001032,1.826711,1.826711,1.826711,0.913356,0.913356,0,0,1,0,0.000000,0.080000,0.008000,0.001000,5.500000,0.100000,22.000000,0.025000,0.000000
12.090000,0.500000,0.640000,-4.178833,0.000000,-4.178833,-0.567936,0.000000,0.567936,0.016470,-0.002947,0.030969,0.030969,0.014499,0.080038,0.082985,0.045435,0.025562,0.000115,0.079743,0.000295,1.825680,0.000000,1.825680,1.825680,1.825680,0.912840,0.912840,0,0,1,0,0.000000,0.080000,0.008000,0.001000,5.500000,0.100000,22.000000,0.025000,0.000000
12.099000,0.500000,0.640000,-4.184628,0.000000,-4.184628,-0.569089,0.000000,0.569089,0.016439,-0.002970,0.030969,0.030969,0.014530,0.080210,0.083180,0.045527,0.025562,0.000128,0.079913,0.000297,1.829955,0.000540,1.830495,1.830495,1.830495,0.915248,0.915248,0,0,1,0,0.000000,0.080000,0.008000,0.001000,5.500000,0.100000,22.000000,0.025000,0.000000
12.104000,0.500000,0.640000,-4.187530,0.000000,-4.187530,-0.569665,0.000000,0.569665,0.016408,-0.002997,0.030969,0.030969,0.014560,0.080382,0.083380,0.045573,0.025562,0.000115,0.080083,0.000300,1.834352,0.000999,1.835351,1.835351,1.835351,0.917675,0.917675,0,0,1,0,0.000000,0.080000,0.008000,0.001000,5.500000,0.100000,22.000000,0.025000,0.000000
12.109000,0.500000,0.640000,-4.190435,0.000000,-4.190435,-0.570242,0.000000,0.570242,0.016408,-0.002997,0.030969,0.030969,0.014560,0.080382,0.083380,0.045619,0.025562,0.000115,0.080083,0.000300,1.834352,0.000000,1.834352,1.834352,1.834352,0.917176,0.917176,0,0,1,0,0.000000,0.080000,0.008000,0.001000,5.500000,0.100000,22.000000,0.025000,0.000000
12.114000,0.500000,0.640000,-4.193343,0.000000,-4.193343,-0.570823,0.000000,0.570823,0.016377,-0.003007,0.030969,0.030969,0.014591,0.080553,0.083560,0.045666,0.025562,0.000116,0.080252,0.000301,1.838321,0.000902,1.839224,1.839224,1.839224,0.919612,0.919612,0,0,1,0,0.000000,0.080000,0.008000,0.001000,5.500000,0.100000,22.000000,0.025000,0.000000
12.119000,0.500000,0.640000,-4.196254,0.000000,-4.196254,-0.571404,0.000000,0.571404,0.016377,-0.003007,0.030969,0.030969,0.014591,0.080553,0.083560,0.045712,0.025562,0.000116,0.080252,0.000301,1.838321,0.000000,1.838321,1.838321,1.838321,0.919161,0.919161,0,0,1,0,0.000000,0.080000,0.008000,0.001000,5.500000,0.100000,22.000000,0.025000,0.000000
12.124000,0.500000,0.640000,-4.199168,0.000000,-4.199168,-0.571988,0.000000,0.571988,0.016347,-0.003002,0.030969,0.030969,0.014622,0.080719,0.083721,0.045759,0.025562,0.000117,0.080419,0.000300,1.841863,0.000805,1.842668,1.842668,1.842668,0.921334,0.921334,0,0,1,0,0.000000,0.080000,0.008000,0.001000,5.500000,0.100000,22.000000,0.025000,0.000000
12.129000,0.500000,0.640000,-4.202085,0.000000,-4.202085,-0.572572,0.000000,0.572572,0.016347,-0.003002,0.030969,0.030969,0.014622,0.080719,0.083721,0.045806,0.025562,0.000117,0.080419,0.000300,1.841863,0.000000,1.841863,1.841863,1.841863,0.920931,0.920931,0,0,1,0,0.000000,0.080000,0.008000,0.001000,5.500000,0.100000,22.000000,0.025000,0.000000
12.134000,0.500000,0.640000,-4.205006,0.000000,-4.205006,-0.573159,0.000000,0.573159,0.016318,-0.002987,0.030969,0.030969,0.014651,0.080880,0.083867,0.045853,0.025562,0.000117,0.080581,0.000299,1.845069,0.000729,1.845798,1.845798,1.845798,0.922899,0.922899,0,0,1,0,0.000000,0.080000,0.008000,0.001000,5.500000,0.100000,22.000000,0.025000,0.000000
12.139000,0.500000,0.640000,-4.207929,0.000000,-4.207929,-0.573747,0.000000,0.573747,0.016318,-0.002987,0.030969,0.030969,0.014651,0.080880,0.083867,0.045900,0.025562,0.000118,0.080581,0.000299,1.845069,0.000000,1.845069,1.845069,1.845069,0.922535,0.922535,0,0,1,0,0.000000,0.080000,0.008000,0.001000,5.500000,0.100000,22.000000,0.025000,0.000000
12.144000,0.500000,0.640000,-4.210855,0.000000,-4.210855,-0.574336,0.000000,0.574336,0.016289,-0.002966,0.030969,0.030969,0.014680,0.081038,0.084004,0.045947,0.025562,0.000118,0.080741,0.000297,1.848084,0.000685,1.848770,1.848770,1.848770,0.924385,0.924385,0,0,1,0,0.000000,0.080000,0.008000,0.001000,5.500000,0.100000,22.000000,0.025000,0.000000
12.149000,0.500000,0.640000,-4.213785,0.000000,-4.213785,-0.574926,0.000000,0.574926,0.016289,-0.002966,0.030969,0.030969,0.014680,0.081038,0.084004,0.045994,0.025562,0.000118,0.080741,0.000297,1.848084,0.000000,1.848084,1.848084,1.848084,0.924042,0.924042,0,0,1,0,0.000000,0.080000,0.008000,0.001000,5.500000,0.100000,22.000000,0.025000,0.000000
12.154000,0.500000,0.640000,-4.216717,0.000000,-4.216717,-0.575517,0.000000,0.575517,0.016260,-0.002946,0.030969,0.030969,0.014709,0.081194,0.084140,0.046041,0.025562,0.000118,0.080899,0.000295,1.851071,0.000679,1.851749,1.851749,1.851749,0.925875,0.925875,0,0,1,0,0.000000,0.080000,0.008000,0.001000,5.500000,0.100000,22.000000,0.025000,0.000000
12.163000,0.500000,0.640000,-4.222591,0.000000,-4.222591,-0.576700,0.000000,0.576700,0.016231,-0.002931,0.030969,0.030969,0.014738,0.081350,0.084281,0.046136,0.025562,0.000131,0.081057,0.000293,1.854177,0.000392,1.854569,1.854569,1.854569,0.927284,0.927284,0,0,1,0,0.000000,0.080000,0.008000,0.001000,5.500000,0.100000,22.000000,0.025000,0.000000
12.168000,0.500000,0.640000,-4.225533,0.000000,-4.225533,-0.577291,0.000000,0.577291,0.016231,-0.002931,0.030969,0.030969,0.014738,0.081350,0.084281,0.046183,0.025562,0.000118,0.081057,0.000293,1.854177,0.000000,1.854177,1.854177,1.854177,0.927088,0.927088,0,0,1,0,0.000000,0.080000,0.008000,0.001000,5.500000,0.100000,22.000000,0.025000,0.000000
12.173000,0.500000,0.640000,-4.228477,0.000000,-4.228477,-0.577883,0.000000,0.577883,0.016202,-0.002923,0.030969,0.030969,0.014766,0.081507,0.084431,0.046231,0.025562,0.000118,0.081215,0.000292,1.857478,0.000750,1.858228,1.858228,1.858228,0.929114,0.929114,0,0,1,0,0.000000,0.080000,0.008000,0.001000,5.500000,0.100000,22.000000,0.025000,0.000000
12.178000,0.500000,0.640000,-4.231425,0.000000,-4.231425,-0.578475,0.000000,0.578475,0.016202,-0.002923,0.030969,0.030969,0.014766,0.081507,0.084431,0.046278,0.025562,0.000118,0.081215,0.000292,1.857478,0.000000,1.857478,1.857478,1.857478,0.928739,0.928739,0,0,1,0,0.000000,0.080000,0.008000,0.001000,5.500000,0.100000,22.000000,0.025000,0.000000
12.183000,0.500000,0.640000,-4.234375,0.000000,-4.234375,-0.579066,0.000000,0.579066,0.016173,-0.002926,0.030969,0.030969,0.014796,0.081668,0.084594,0.046325,0.025562,0.000118,0.081376,0.000293,1.861076,0.000818,1.861894,1.861894,1.861894,0.930947,0.930947,0,0,1,0,0.000000,0.080000,0.008000,0.001000,5.500000,0.100000,22.000000,0.025000,0.000000
12.188000,0.500000,0.640000,-4.237328,0.000000,-4.237328,-0.579657,0.000000,0.579657,0.016173,-0.002926,0.030969,0.030969,0.014796,0.081668,0.084594,0.046373,0.025562,0.000118,0.081376,0.000293,1.861076,0.000000,1.861076,1.861076,1.861076,0.930538,0.930538,0,0,1,0,0.000000,0.080000,0.008000,0.001000,5.500000,0.100000,22.000000,0.025000,0.000000
12.193000,0.500000,0.640000,-4.240285,0.000000,-4.240285,-0.580248,0.000000,0.580248,0.016143,-0.002938,0.030969,0.030969,0.014825,0.081833,0.084771,0.046420,0.025562,0.000118,0.081539,0.000294,1.864970,0.000885,1.865855,1.865855,1.865855,0.932928,0.932928,0,0,1,0,0.000000,0.080000,0.008000,0.001000,5.500000,0.100000,22.000000,0.025000,0.000000
12.198000,0.500000,0.640000,-4.243244,0.000000,-4.243244,-0.580839,0.000000,0.580839,0.016143,-0.002938,0.030969,0.030969,0.014825,0.081833,0.084771,0.046467,0.025562,0.000118,0.081539,0.000294,1.864970,0.000000,1.864970,1.864970,1.864970,0.932485,0.932485,0,0,1,0,0.000000,0.080000,0.008000,0.001000,5.500000,0.100000,22.000000,0.025000,0.000000
12.203000,0.500000,0.640000,-4.246206,0.000000,-4.246206,-0.581430,0.000000,0.581430,0.016113,-0.002958,0.030969,0.030969,0.014856,0.082002,0.084959,0.046514,0.025562,0.000118,0.081706,0.000296,1.869108,0.000940,1.870048,1.870048,1.870048,0.935024,0.935024,0,0,1,0,0.000000,0.080000,0.008000,0.001000,5.500000,0.100000,22.000000,0.025000,0.000000
12.208000,0.500000,0.640000,-4.249171,0.000000,-4.249171,-0.582020,0.000000,0.582020,0.016113,-0.002958,0.030969,0.030969,0.014856,0.082002,0.084959,0.046562,0.025562,0.000118,0.081706,0.000296,1.869108,0.000000,1.869108,1.869108,1.869108,0.934554,0.934554,0,0,1,0,0.000000,0.080000,0.008000,0.001000,5.500000,0.100000,22.000000,0.025000,0.000000
12.217000,0.500000,0.640000,-4.255110,0.000000,-4.255110,-0.583202,0.000000,0.583202,0.016082,-0.002981,0.030969,0.030969,0.014886,0.082173,0.085155,0.046656,0.025562,0.000131,0.081875,0.000298,1.873399,0.000542,1.873941,1.873941,1.873941,0.936970,0.936970,0,0,1,0,0.000000,0.080000,0.008000,0.001000,5.500000,0.100000,22.000000,0.025000,0.000000
12.222000,0.500000,0.640000,-4.258084,0.000000,-4.258084,-0.583792,0.000000,0.583792,0.016051,-0.003022,0.030969,0.030969,0.014918,0.082350,0.085371,0.046703,0.025562,0.000118,0.082047,0.000302,1.878167,0.001084,1.879251,1.879251,1.879251,0.939625,0.939625,0,0,1,0,0.000000,0.080000,0.008000,0.001000,5.500000,0.100000,22.000000,0.025000,0.000000
12.227000,0.500000,0.640000,-4.261060,0.000000,-4.261060,-0.584382,0.000000,0.584382,0.016051,-0.003022,0.030969,0.030969,0.014918,0.082350,0.085371,0.046751,0.025562,0.000118,0.082047,0.000302,1.878167,0.000000,1.878167,1.878167,1.878167,0.939084,0.939084,0,0,1,0,0.000000,0.080000,0.008000,0.001000,5.500000,0.100000,22.000000,0.025000,0.000000
12.232000,0.500000,0.640000,-4.264040,0.000000,-4.264040,-0.584974,0.000000,0.584974,0.016019,-0.003052,0.030969,0.030969,0.014950,0.082528,0.085580,0.046798,0.025562,0.000118,0.082223,0.000305,1.882765,0.001045,1.883810,1.883810,1.883810,0.941905,0.941905,0,0,1,0,0.000000,0.080000,0.008000,0.001000,5.500000,0.100000,22.000000,0.025000,0.000000
12.237000,0.500000,0.640000,-4.267023,0.000000,-4.267023,-0.585566,0.000000,0.585566,0.016019,-0.003052,0.030969,0.030969,0.014950,0.082528,0.085580,0.046845,0.025562,0.000118,0.082223,0.000305,1.882765,0.000000,1.882765,1.882765,1.882765,0.941382,0.941382,0,0,1,0,0.000000,0.080000,0.008000,0.001000,5.500000,0.100000,22.000000,0.025000,0.000000
12.242000,0.500000,0.640000,-4.270009,0.000000,-4.270009,-0.586161,0.000000,0.586161,0.015987,-0.003070,0.030969,0.030969,0.014981,0.082705,0.085775,0.046893,0.025562,0.000119,0.082398,0.000307,1.887060,0.000976,1.888036,1.888036,1.888036,0.944018,0.944018,0,0,1,0,0.000000,0.080000,0.008000,0.001000,5.500000,0.100000,22.000000,0.025000,0.000000
12.247000,0.500000,0.640000,-4.272998,0.000000,-4.272998,-0.586756,0.000000,0.586756,0.015987,-0.003070,0.030969,0.030969,0.014981,0.082705,0.085775,0.046940,0.025562,0.000119,0.082398,0.000307,1.887060,0.000000,1.887060,1.887060,1.887060,0.943530,0.943530,0,0,1,0,0.000000,0.080000,0.008000,0.001000,5.500000,0.100000,22.000000,0.025000,0.000000
12.252000,0.500000,0.640000,-4.275991,0.000000,-4.275991,-0.587354,0.000000,0.587354,0.015956,-0.003077,0.030969,0.030969,0.015013,0.082878,0.085955,0.046988,0.025562,0.000120,0.082570,0.000308,1.891009,0.000897,1.891906,1.891906,1.891906,0.945953,0.945953,0,0,1,0,0.000000,0.080000,0.008000,0.001000,5.500000,0.100000,22.000000,0.025000,0.000000
12.257000,0.500000,0.640000,-4.278986,0.000000,-4.278986,-0.587952,0.000000,0.587952,0.015956,-0.003077,0.030969,0.030969,0.015013,0.082878,0.085955,0.047036,0.025562,0.000120,0.082570,0.000308,1.891009,0.000000,1.891009,1.891009,1.891009,0.945504,0.945504,0,0,1,0,0.000000,0.080000,0.008000,0.001000,5.500000,0.100000,22.000000,0.025000,0.000000
12.262000,0.500000,0.640000,-4.281985,0.000000,-4.281985,-0.588553,0.000000,0.588553,0.015925,-0.003072,0.030969,0.030969,0.015044,0.083047,0.086120,0.047084,0.025562,0.000120,0.082740,0.000307,1.894637,0.000825,1.895461,1.895461,1.895461,0.947731,0.947731,0,0,1,0,0.000000,0.080000,0.008000,0.001000,5.500000,0.100000,22.000000,0.025000,0.000000
12.271000,0.500000,0.640000,-4.287991,0.000000,-4.287991,-0.589759,0.000000,0.589759,0.015895,-0.003061,0.030969,0.030969,0.015074,0.083213,0.086274,0.047181,0.025562,0.000134,0.082907,0.000306,1.898027,0.000428,1.898455,1.898455,1.898455,0.949227,0.949227,0,0,1,0,0.000000,0.080000,0.008000,0.001000,5.500000,0.100000,22.000000,0.025000,0.000000
12.276000,0.500000,0.640000,-4.290999,0.000000,-4.290999,-0.590363,0.000000,0.590363,0.015895,-0.003061,0.030969,0.030969,0.015074,0.083213,0.086274,0.047229,0.025562,0.000121,0.082907,0.000306,1.898027,0.000000,1.898027,1.898027,1.898027,0.949013,0.949013,0,0,1,0,0.000000,0.080000,0.008000,0.001000,5.500000,0.100000,22.000000,0.025000,0.000000
12.281000,0.500000,0.640000,-4.294010,0.000000,-4.294010,-0.590969,0.000000,0.590969,0.015865,-0.003044,0.030969,0.030969,0.015104,0.083376,0.086420,0.047278,0.025562,0.000121,0.083072,0.000304,1.901251,0.000733,1.901984,1.901984,1.901984,0.950992,0.950992,0,0,1,0,0.000000,0.080000,0.008000,0.001000,5.500000,0.100000,22.000000,0.025000,0.000000
12.286000,0.500000,0.640000,-4.297025,0.000000,-4.297025,-0.591575,0.000000,0.591575,0.015865,-0.003044,0.030969,0.030969,0.015104,0.083376,0.086420,0.047326,0.025562,0.000121,0.083072,0.000304,1.901251,0.000000,1.901251,1.901251,1.901251,0.950625,0.950625,0,0,1,0,0.000000,0.080000,0.008000,0.001000,5.500000,0.100000,22.000000,0.025000,0.000000
12.291000,0.500000,0.640000,-4.300042,0.000000,-4.300042,-0.592182,0.000000,0.592182,0.015835,-0.003030,0.030969,0.030969,0.015134,0.083538,0.086568,0.047375,0.025562,0.000121,0.083236,0.000303,1.904497,0.000738,1.905234,1.905234,1.905234,0.952617,0.952617,0,0,1,0,0.000000,0.080000,0.008000,0.001000,5.500000,0.100000,22.000000,0.025000,0.000000
12.296000,0.500000,0.640000,-4.303062,0.000000,-4.303062,-0.592789,0.000000,0.592789,0.015835,-0.003030,0.030969,0.030969,0.015134,0.083538,0.086568,0.047423,0.025562,0.000121,0.083236,0.000303,1.904497,0.000000,1.904497,1.904497,1.904497,0.952248,0.952248,0,0,1,0,0.000000,0.080000,0.008000,0.001000,5.500000,0.100000,22.000000,0.025000,0.000000
12.301000,0.500000,0.640000,-4.306086,0.000000,-4.306086,-0.593397,0.000000,0.593397,0.015805,-0.003020,0.030969,0.030969,0.015164,0.083701,0.086722,0.047472,0.025562,0.000122,0.083399,0.000302,1.907878,0.000769,1.908647,1.908647,1.908647,0.954323,0.954323,0,0,1,0,0.000000,0.080000,0.008000,0.001000,5.500000,0.100000,22.000000,0.025000,0.000000
12.306000,0.500000,0.640000,-4.309112,0.000000,-4.309112,-0.594004,0.000000,0.594004,0.015805,-0.003020,0.030969,0.030969,0.015164,0.083701,0.086722,0.047520,0.025562,0.000121,0.083399,0.000302,1.907878,0.000000,1.907878,1.907878,1.907878,0.953939,0.953939,0,0,1,0,0.000000,0.080000,0.008000,0.001000,5.500000,0.100000,22.000000,0.025000,0.000000
12.311000,0.500000,0.640000,-4.312142,0.000000,-4.312142,-0.594612,0.000000,0.594612,0.015775,-0.003019,0.030969,0.030969,0.015194,0.083867,0.086885,0.047569,0.025562,0.000122,0.083565,0.000302,1.911473,0.000817,1.912290,1.912290,1.912290,0.956145,0.956145,0,0,1,0,0.000000,0.080000,0.008000,0.001000,5.500000,0.100000,22.000000,0.025000,0.000000
12.316000,0.500000,0.640000,-4.315175,0.000000,-4.315175,-0.595220,0.000000,0.595220,0.015775,-0.003019,0.030969,0.030969,0.015194,0.083867,0.086885,0.047618,0.025562,0.000121,0.083565,0.000302,1.911473,0.000000,1.911473,1.911473,1.911473,0.955736,0.955736,0,0,1,0,0.000000,0.080000,0.008000,0.001000,5.500000,0.100000,22.000000,0.025000,0.000000
12.321000,0.500000,0.640000,-4.318210,0.000000,-4.318210,-0.595828,0.000000,0.595828,0.015745,-0.003025,0.030969,0.030969,0.015224,0.084034,0.087060,0.047666,0.025562,0.000122,0.083732,0.000303,1.915310,0.000872,1.916183,1.916183,1.916183,0.958091,0.958091,0,0,1,0,0.000000,0.080000,0.008000,0.001000,5.500000,0.100000,22.000000,0.025000,0.000000
12.330000,0.500000,0.640000,-4.321249,0.000000,-4.321249,-0.596435,0.000000,0.596435,0.015714,-0.003039,0.030969,0.030969,0.015255,0.084206,0.087244,0.047715,0.025562,0.000067,0.083902,0.000304,1.919375,0.000513,1.919888,1.919888,1.919888,0.959944,0.959944,0,0,1,0,0.000000,0.080000,0.008000,0.001000,5.500000,0.100000,22.000000,0.025000,0.000000
12.335000,0.500000,0.640000,-4.324291,0.000000,-4.324291,-0.597043,0.000000,0.597043,0.015714,-0.003039,0.030969,0.030969,0.015255,0.084206,0.087244,0.047763,0.025562,0.000122,0.083902,0.000304,1.919375,0.000000,1.919375,1.919375,1.919375,0.959687,0.959687,0,0,1,0,0.000000,0.080000,0.008000,0.001000,5.500000,0.100000,22.000000,0.025000,0.000000
12.340000,0.500000,0.640000,-4.327335,0.000000,-4.327335,-0.597651,0.000000,0.597651,0.015714,-0.003039,0.030969,0.030969,0.015255,0.084206,0.087244,0.047812,0.025562,0.000122,0.083902,0.000304,1.919375,0.000000,1.919375,1.919375,1.919375,0.959687,0.959687,0,0,1,0,0.000000,0.080000,0.008000,0.001000,5.500000,0.100000,22.000000,0.025000,0.000000
12.345000,0.500000,0.640000,-4.330383,0.000000,-4.330383,-0.598259,0.000000,0.598259,0.015683,-0.003058,0.030969,0.030969,0.015286,0.084379,0.087437,0.047861,0.025562,0.000122,0.084073,0.000306,1.923608,0.000962,1.924570,1.924570,1.924570,0.962285,0.962285,0,0,1,0,0.000000,0.080000,0.008000,0.001000,5.500000,0.100000,22.000000,0.025000,0.000000
12.350000,0.500000,0.640000,-4.333434,0.000000,-4.333434,-0.598867,0.000000,0.598867,0.015683,-0.003058,0.030969,0.030969,0.015286,0.084379,0.087437,0.047909,0.025562,0.000122,0.084073,0.000306,1.923608,0.000000,1.923608,1.923608,1.923608,0.961804,0.961804,0,0,1,0,0.000000,0.080000,0.008000,0.001000,5.500000,0.100000,22.000000,0.025000,0.000000
12.359000,0.500000,0.640000,-4.339545,0.000000,-4.339545,-0.600084,0.000000,0.600084,0.015651,-0.003078,0.030969,0.030969,0.015318,0.084555,0.087634,0.048007,0.025562,0.000135,0.084248,0.000308,1.927942,0.000547,1.928489,1.928489,1.928489,0.964245,0.964245,0,0,1,0,0.000000,0.080000,0.008000,0.001000,5.500000,0.100000,22.000000,0.025000,0.000000
12.364000,0.500000,0.640000,-4.342605,0.000000,-4.342605,-0.600692,0.000000,0.600692,0.015619,-0.003115,0.030969,0.030969,0.015350,0.084736,0.087851,0.048055,0.025562,0.000121,0.084424,0.000311,1.932717,0.001085,1.933802,1.933802,1.933802,0.966901,0.966901,0,0,1,0,0.000000,0.080000,0.008000,0.001000,5.500000,0.100000,22.000000,0.025000,0.000000
12.369000,0.500000,0.640000,-4.345668,0.000000,-4.345668,-0.601299,0.000000,0.601299,0.015619,-0.003115,0.030969,0.030969,0.015350,0.084736,0.087851,0.048104,0.025562,0.000122,0.084424,0.000311,1.932717,0.000000,1.932717,1.932717,1.932717,0.966358,0.966358,0,0,1,0,0.000000,0.080000,0.008000,0.001000,5.500000,0.100000,22.000000,0.025000,0.000000
12.374000,0.500000,0.640000,-4.348734,0.000000,-4.348734,-0.601909,0.000000,0.601909,0.015586,-0.003141,0.030969,0.030969,0.015383,0.084918,0.088059,0.048153,0.025562,0.000122,0.084604,0.000314,1.937304,0.001043,1.938346,1.938346,1.938346,0.969173,0.969173,0,0,1,0,0.000000,0.080000,0.008000,0.001000,5.500000,0.100000,22.000000,0.025000,0.000000
12.379000,0.500000,0.640000,-4.351804,0.000000,-4.351804,-0.602519,0.000000,0.602519,0.015586,-0.003141,0.030969,0.030969,0.015383,0.084918,0.088059,0.048202,0.025562,0.000122,0.084604,0.000314,1.937304,0.000000,1.937304,1.937304,1.937304,0.968652,0.968652,0,0,1,0,0.000000,0.080000,0.008000,0.001000,5.500000,0.100000,22.000000,0.025000,0.000000
12.384000,0.500000,0.640000,-4.354876,0.000000,-4.354876,-0.603132,0.000000,0.603132,0.015554,-0.003156,0.030969,0.030969,0.015415,0.085098,0.088254,0.048251,0.025562,0.000123,0.084783,0.000316,1.941596,0.000975,1.942571,1.942571,1.942571,0.971286,0.971286,0,0,1,0,0.000000,0.080000,0.008000,0.001000,5.500000,0.100000,22.000000,0.025000,0.000000
12.389000,0.500000,0.640000,-4.357952,0.000000,-4.357952,-0.603745,0.000000,0.603745,0.015554,-0.003156,0.030969,0.030969,0.015415,0.085098,0.088254,0.048300,0.025562,0.000123,0.084783,0.000316,1.941596,0.000000,1.941596,1.941596,1.941596,0.970798,0.970798,0,0,1,0,0.000000,0.080000,0.008000,0.001000,5.500000,0.100000,22.000000,0.025000,0.000000
12.394000,0.500000,0.640000,-4.361031,0.000000,-4.361031,-0.604361,0.000000,0.604361,0.015522,-0.003160,0.030969,0.030969,0.015447,0.085275,0.088435,0.048349,0.025562,0.000123,0.084959,0.000316,1.945569,0.000903,1.946473,1.946473,1.946473,0.973236,0.973236,0,0,1,0,0.000000,0.080000,0.008000,0.001000,5.500000,0.100000,22.000000,0.025000,0.000000
12.399000,0.500000,0.640000,-4.364113,0.000000,-4.364113,-0.604978,0.000000,0.604978,0.015522,-0.003160,0.030969,0.030969,0.015447,0.085275,0.088435,0.048398,0.025562,0.000123,0.084959,0.000316,1.945569,0.000000,1.945569,1.945569,1.945569,0.972785,0.972785,0,0,1,0,0.000000,0.080000,0.008000,0.001000,5.500000,0.100000,22.000000,0.025000,0.000000
12.408000,0.500000,0.640000,-4.370287,0.000000,-4.370287,-0.606215,0.000000,0.606215,0.015490,-0.003154,0.030969,0.030969,0.015479,0.085448,0.088603,0.048497,0.025562,0.000138,0.085133,0.000315,1.949263,0.000466,1.949729,1.949729,1.949729,0.974864,0.974864,0,0,1,0,0.000000,0.080000,0.008000,0.001000,5.500000,0.100000,22.000000,0.025000,0.000000
12.413000,0.500000,0.640000,-4.373379,0.000000,-4.373379,-0.606834,0.000000,0.606834,0.015459,-0.003157,0.030969,0.030969,0.015510,0.085621,0.088779,0.048547,0.025562,0.000124,0.085306,0.000316,1.953131,0.000879,1.954010,1.954010,1.954010,0.977005,0.977005,0,0,1,0,0.000000,0.080000,0.008000,0.001000,5.500000,0.100000,22.000000,0.025000,0.000000
12.418000,0.500000,0.640000,-4.376474,0.000000,-4.376474,-0.607454,0.000000,0.607454,0.015459,-0.003157,0.030969,0.030969,0.015510,0.085621,0.088779,0.048596,0.025562,0.000124,0.085306,0.000316,1.953131,0.000000,1.953131,1.953131,1.953131,0.976565,0.976565,0,0,1,0,0.000000,0.080000,0.008000,0.001000,5.500000,0.100000,22.000000,0.025000,0.000000
12.423000,0.500000,0.640000,-4.379572,0.000000,-4.379572,-0.608075,0.000000,0.608075,0.015427,-0.003152,0.030969,0.030969,0.015542,0.085794,0.088946,0.048646,0.025562,0.000124,0.085479,0.000315,1.956815,0.000837,1.957653,1.957653,1.957653,0.978826,0.978826,0,0,1,0,0.000000,0.080000,0.008000,0.001000,5.500000,0.100000,22.000000,0.025000,0.000000
12.428000,0.500000,0.640000,-4.382673,0.000000,-4.382673,-0.608697,0.000000,0.608697,0.015427,-0.003152,0.030969,0.030969,0.015542,0.085794,0.088946,0.048696,0.025562,0.000124,0.085479,0.000315,1.956815,0.000000,1.956815,1.956815,1.956815,0.978408,0.978408,0,0,1,0,0.000000,0.080000,0.008000,0.001000,5.500000,0.100000,22.000000,0.025000,0.000000
12.433000,0.500000,0.640000,-4.385778,0.000000,-4.385778,-0.609321,0.000000,0.609321,0.015396,-0.003143,0.030969,0.030969,0.015573,0.085965,0.089108,0.048746,0.025562,0.000125,0.085651,0.000314,1.960384,0.000811,1.961195,1.961195,1.961195,0.980598,0.980598,0,0,1,0,0.000000,0.080000,0.008000,0.001000,5.500000,0.100000,22.000000,0.025000,0.000000
12.438000,0.500000,0.640000,-4.388886,0.000000,-4.388886,-0.609944,0.000000,0.609944,0.015396,-0.003143,0.030969,0.030969,0.015573,0.085965,0.089108,0.048796,0.025562,0.000125,0.085651,0.000314,1.960384,0.000000,1.960384,1.960384,1.960384,0.980192,0.980192,0,0,1,0,0.000000,0.080000,0.008000,0.001000,5.500000,0.100000,22.000000,0.025000,0.000000
12.443000,0.500000,0.640000,-4.391997,0.000000,-4.391997,-0.610569,0.000000,0.610569,0.015365,-0.003134,0.030969,0.030969,0.015604,0.086135,0.089270,0.048846,0.025562,0.000125,0.085822,0.000313,1.963932,0.000806,1.964738,1.964738,1.964738,0.982369,0.982369,0,0,1,0,0.000000,0.080000,0.008000,0.001000,5.500000,0.100000,22.000000,0.025000,0.000000
12.448000,0.500000,0.640000,-4.395111,0.000000,-4.395111,-0.611194,0.000000,0.611194,0.015365,-0.003134,0.030969,0.030969,0.015604,0.086135,0.089270,0.048896,0.025562,0.000125,0.085822,0.000313,1.963932,0.000000,1.963932,1.963932,1.963932,0.981966,0.981966,0,0,1,0,0.000000,0.080000,0.008000,0.001000,5.500000,0.100000,22.000000,0.025000,0.000000
12.453000,0.500000,0.640000,-4.398228,0.000000,-4.398228,-0.611820,0.000000,0.611820,0.015334,-0.003128,0.030969,0.030969,0.015635,0.086306,0.089434,0.048946,0.025562,0.000125,0.085993,0.000313,1.967546,0.000821,1.968367,1.968367,1.968367,0.984184,0.984184,0,0,1,0,0.000000,0.080000,0.008000,0.001000,5.500000,0.100000,22.000000,0.025000,0.000000
12.462000,0.500000,0.640000,-4.404472,0.000000,-4.404472,-0.613073,0.000000,0.613073,0.015302,-0.003127,0.030969,0.030969,0.015666,0.086477,0.089604,0.049046,0.025562,0.000139,0.086164,0.000313,1.971292,0.000473,1.971765,1.971765,1.971765,0.985882,0.985882,0,0,1,0,0.000000,0.080000,0.008000,0.001000,5.500000,0.100000,22.000000,0.025000,0.000000
12.467000,0.500000,0.640000,-4.407599,0.000000,-4.407599,-0.613699,0.000000,0.613699,0.015302,-0.003127,0.030969,0.030969,0.015666,0.086477,0.089604,0.049096,0.025562,0.000125,0.086164,0.000313,1.971292,0.000000,1.971292,1.971292,1.971292,0.985646,0.985646,0,0,1,0,0.000000,0.080000,0.008000,0.001000,5.500000,0.100000,22.000000,0.025000,0.000000
12.472000,0.500000,0.640000,-4.410729,0.000000,-4.410729,-0.614327,0.000000,0.614327,0.015271,-0.003130,0.030969,0.030969,0.015698,0.086650,0.089780,0.049146,0.025562,0.000125,0.086337,0.000313,1.975162,0.000880,1.976042,1.976042,1.976042,0.988021,0.988021,0,0,1,0,0.000000,0.080000,0.008000,0.001000,5.500000,0.100000,22.000000,0.025000,0.000000
12.477000,0.500000,0.640000,-4.413862,0.000000,-4.413862,-0.614953,0.000000,0.614953,0.015271,-0.003130,0.030969,0.030969,0.015698,0.086650,0.089780,0.049196,0.025562,0.000125,0.086337,0.000313,1.975162,0.000000,1.975162,1.975162,1.975162,0.987581,0.987581,0,0,1,0,0.000000,0.080000,0.008000,0.001000,5.500000,0.100000,22.000000,0.025000,0.000000
12.482000,0.500000,0.640000,-4.416998,0.000000,-4.416998,-0.615581,0.000000,0.615581,0.015239,-0.003139,0.030969,0.030969,0.015729,0.086825,0.089964,0.049246,0.025562,0.000126,0.086511,0.000314,1.979215,0.000921,1.980136,1.980136,1.980136,0.990068,0.990068,0,0,1,0,0.000000,0.080000,0.008000,0.001000,5.500000,0.100000,22.000000,0.025000,0.000000
12.487000,0.500000,0.640000,-4.420137,0.000000,-4.420137,-0.616208,0.000000,0.616208,0.015239,-0.003139,0.030969,0.030969,0.015729,0.086825,0.089964,0.049297,0.025562,0.000125,0.086511,0.000314,1.979215,0.000000,1.979215,1.979215,1.979215,0.989607,0.989607,0,0,1,0,0.000000,0.080000,0.008000,0.001000,5.500000,0.100000,22.000000,0.025000,0.000000
12.492000,0.500000,0.640000,-4.423280,0.000000,-4.423280,-0.616836,0.000000,0.616836,0.015207,-0.003153,0.030969,0.030969,0.015761,0.087003,0.090156,0.049347,0.025562,0.000126,0.086688,0.000315,1.983423,0.000956,1.984379,1.984379,1.984379,0.992190,0.992190,0,0,1,0,0.000000,0.080000,0.008000,0.001000,5.500000,0.100000,22.000000,0.025000,0.000000
12.497000,0.500000,0.640000,-4.426426,0.000000,-4.426426,-0.617464,0.000000,0.617464,0.015207,-0.003153,0.030969,0.030969,0.015761,0.087003,0.090156,0.049397,0.025562,0.000126,0.086688,0.000315,1.983423,0.000000,1.983423,1.983423,1.983423,0.991711,0.991711,0,0,1,0,0.000000,0.080000,0.008000,0.001000,5.500000,0.100000,22.000000,0.025000,0.000000
12.506000,0.500000,0.640000,-4.432727,0.000000,-4.432727,-0.618721,0.000000,0.618721,0.015175,-0.003169,0.030969,0.030969,0.015794,0.087183,0.090352,0.049498,0.025562,0.000140,0.086866,0.000317,1.987738,0.000545,1.988283,1.988283,1.988283,0.994141,0.994141,0,0,1,0,0.000000,0.080000,0.008000,0.001000,5.500000,0.100000,22.000000,0.025000,0.000000
12.511000,0.500000,0.640000,-4.435882,0.000000,-4.435882,-0.619348,0.000000,0.619348,0.015142,-0.003203,0.030969,0.030969,0.015827,0.087367,0.090570,0.049548,0.025562,0.000125,0.087047,0.000320,1.992530,0.001089,1.993619,1.993619,1.993619,0.996810,0.996810,0,0,1,0,0.000000,0.080000,0.008000,0.001000,5.500000,0.100000,22.000000,0.025000,0.000000
12.516000,0.500000,0.640000,-4.439040,0.000000,-4.439040,-0.619976,0.000000,0.619976,0.015142,-0.003203,0.030969,0.030969,0.015827,0.087367,0.090570,0.049598,0.025562,0.000125,0.087047,0.000320,1.992530,0.000000,1.992530,1.992530,1.992530,0.996265,0.996265,0,0,1,0,0.000000,0.080000,0.008000,0.001000,5.500000,0.100000,22.000000,0.025000,0.000000
12.521000,0.500000,0.640000,-4.442202,0.000000,-4.442202,-0.620605,0.000000,0.620605,0.015109,-0.003228,0.030969,0.030969,0.015860,0.087554,0.090781,0.049648,0.025562,0.000126,0.087231,0.000323,1.997188,0.001059,1.998247,1.998247,1.998247,0.999123,0.999123,0,0,1,0,0.000000,0.080000,0.008000,0.001000,5.500000,0.100000,22.000000,0.025000,0.000000
12.526000,0.500000,0.640000,-4.445366,0.000000,-4.445366,-0.621235,0.000000,0.621235,0.015109,-0.003228,0.030969,0.030969,0.015860,0.087554,0.090781,0.049699,0.025562,0.000126,0.087231,0.000323,1.997188,0.000000,1.997188,1.997188,1.997188,0.998594,0.998594,0,0,1,0,0.000000,0.080000,0.008000,0.001000,5.500000,0.100000,22.000000,0.025000,0.000000
12.531000,0.500000,0.640000,-4.448534,0.000000,-4.448534,-0.621867,0.000000,0.621867,0.015075,-0.003244,0.030969,0.030969,0.015893,0.087739,0.090982,0.049749,0.025562,0.000126,0.087414,0.000324,2.001608,0.001004,2.002612,2.002612,2.002612,1.001306,1.001306,0,0,1,0,0.000000,0.080000,0.008000,0.001000,5.500000,0.100000,22.000000,0.025000,0.000000
